#-----------------------------------------------------------
# xsim v2025.2 (64-bit)
# SW Build 6299465 on Fri Nov 14 12:34:56 MST 2025
# IP Build 6300035 on Fri Nov 14 10:48:45 MST 2025
# SharedData Build 6298862 on Thu Nov 13 04:50:51 MST 2025
# Start of session at: Thu Sep 10 18:32:34 2026
# Process ID         : 3639162
# Current directory  : /home/nashita/Desktop/practice/axi_xbar/sim
# Command line       : xsim -log regress_results/BT_run286.log -mode tcl -source {xsim.dir/tb_top_snap/xsim_script.tcl}
# Log file           : /home/nashita/Desktop/practice/axi_xbar/sim/regress_results/BT_run286.log
# Journal file       : /home/nashita/Desktop/practice/axi_xbar/sim/xsim.jou
# Running On         : vlsi-vivado
# Platform           : Ubuntu
# Operating System   : Ubuntu 24.04.4 LTS
# Processor Detail   : Intel(R) Core(TM) i5-10400 CPU @ 2.90GHz
# CPU Frequency      : 4001.536 MHz
# CPU Physical cores : 6
# CPU Logical cores  : 12
# Host memory        : 41875 MB
# Swap memory        : 27648 MB
# Total Virtual      : 69524 MB
# Available Virtual  : 62783 MB
#-----------------------------------------------------------
source xsim.dir/tb_top_snap/xsim_script.tcl
# xsim {tb_top_snap} -testplusarg BT -autoloadwcfg -runall -sv_seed 287
Time resolution is 1 ps
run -all
[0] RUNNING BASE TEST
[0] INSIDE THE BASE TEST CONSTRUCTOR
[0] ENV: before agent
[0] SLAVE CONSTRUCTED
[0] MASTER MONITOR CONSTRUCTED
[0] MASTER MONITOR CONSTRUCTED
[0] SLAVE MONITOR CONSTRUCTED
[0] SLAVE MONITOR CONSTRUCTED
[0] ARB MONITOR CONSTRUCTED
GENERATOR CONSTRUCTED
[0] ENV: after agent
[0] ENV: before scoreboard
[0] ENV: after scoreboard
[15000] [SEQUENCER] mst_id=1 s_id=0 awaddr=b20c48 awid=1010 awlen=107 awsize=2 awburst=1 wdata=[31371d80f4704110 ef92b5c8c77a7859 b5219c91f4dd5850 e94d9960fb3dedb6 c2b8660fe658ba11 db361262d8e04f29 d41e3cdff7da02a0 de32bcb2c483abc2 9d63faeb16d6a2ee 8eb0a58e3968cf14 fdec7ad6f18237ca 8858dab8ece36240 a64c31541b5075c2 8cd2ad8c17098047 83ece2872438ac2b 3f8921ed152b8845 2c35088c2a3913dc ce71c007cc5bcf79 e18757beb021eb13 da5afeef0dfae1f4 da56b16d8dbc604a 3dde4b5ea8ccbef6 b6c7a0ea3bde092c c99a697698394a4d c1060944111e5258 ccfc5b848778b4d4 1fb1ff22f7cdaa2e 88ebfc869696c4fa 1e0f79cfe0b80866 d885b294d5e8580a ec7f1d053dc178f1 1e798157e171af1b b75a07250a8e96d4 c8500fc5f6ff33eb d870e306a3d9242a ae67bafee6c9911c ddc8c5070fcaea2c b3a40e56f6b7cac3 dd815bdf3639a80e c604923ae20bc955 d8c394183b4a20e7 f183c8f5f9a8a090 dbb469e53644eff8 f18f10df37885b2f b130fbbf3477fdfe eabcedf6e312d9d4 1a9b35030ce565a5 c15d63a3dc4bfed5 3f5ed8a9cbcc30c2 d8b196672c1a5199 866506ed9fa0dac a5c63e6e9a0efa0a c6294ba3c7c52917 21bf36c3fe77d4d6 9886cee0ce8f9c11 9654c528c7857531 c5fd4a07deb01a84 ad3fb695b813fbeb ff99711dde8418e8 3d34336cc3947bbe fba877a9c596bb24 a41ad40cea73ea01 ae0865bffb41e8c6 c0d8a3ebe14f0778 cbc2f17a29b0dd69 a4f2c62fe4f377f7 c6427f70f9cb5739 a37c34a2e5cb6a1a cabee212120570ea 8bd0c823c86efad2 ae3a64ec11016182 2306d26c2f4cfcc6 f7bbf798f8f946fe 89faa880aed79a8f de249755a5f65c84 1eefa383ad017aec dbd9157cd5e08eed fbd6eb72a8ea4c03 d5ebc6f0b9fdacd1 fde3bbf1ac68ef5 c3b0daf831c4dc6c ebc2893d0bb52731 267bb626999ca1e8 cb617e54fba0c4fc 8755ec2dea2c911e 3c9330737240792 b2c4cc8eadd1a253 17fe3372cf2ab15b 864eb8ed3a1ab8bc e7ec5b0f1bc76679 eaf217d43913857c f32e3e38ffea8e81 9bb1f4faf140d0c2 2a54563edb1a9947 db0527c906a40ccf f7e4dd911d829476 f89d2dbdf6b71cc3 fd5b2992223933cf 3fbbc845d3a25586 ca59724af5400723 97793af2b858f602 bfb4b89c7b49bdc 3cf4a300d7350337 f8df93ad654bdd3 9e0959afd46dddf2 2ba2e12a1b8944c3 f1de0296dafdfcaf 2f6bdaa23b30da64 ] wstrb=[45 27 cc f5 bd 30 97 2 57 63 f7 14 93 8e 16 ea f1 e fe 84 9c 14 6e 8e 22 6c 12 bf 81 81 4d a3 ed 5f 62 6e e0 af 12 ce f 74 3c ef 24 4e bd 33 c3 fa 22 e7 48 e0 1a b da 3c f2 22 1c c 2e f6 49 20 19 65 2d 47 5c 76 67 75 db 94 bc 37 a 23 ac e6 b8 68 1d c2 8c ca a8 44 32 c6 6 be 90 af 2 c2 75 9 81 5 b8 83 c7 2d 8c 48 ] bresp=0 bid=0
[15000] [SEQUENCER] READ mst_id=1 s_id=0 araddr=2d1ae50 arid=1 arlen=1 arsize=3 arburst=1 rid=[] rresp=[] rdata=[]
[15000] [SEQUENCER] READ mst_id=0 s_id=0 araddr=25e0e50 arid=0 arlen=1 arsize=3 arburst=1 rid=[] rresp=[] rdata=[]
[15000] [SEQUENCER] mst_id=0 s_id=0 awaddr=215c268 awid=1101 awlen=224 awsize=0 awburst=1 wdata=[e5fbfaa5d40ab65c c443b3abd84b7f11 f08e375ebccdd4da 90d88b360e1367da e65ee6ebd68a3203 135806ded51c3ee1 e32fa6bbd6ed1e4a ad77504da4309214 f94cd0f6c98e8da7 207babf1c0cf572b e4ffe940dc7c77b1 a60b0558cdf2fc3e ec2536ade4cba36 bac931e7c686b149 1479ad88f3c23caa d20ef6e0e0d43740 a75ae889233c00f2 16fe3d9c8cd828c7 edac6007bbd49611 df109703e90d347c f5e55d4315074891 d0dbdea2f60ed49f df1c091be391bd4b f89905dc2fec75a6 a5fb4a45d501665f 389323aac974e47e f9615a2405175361 da18b9c0312c2986 faa10e041f5ca46a 2473f7cb12abdd6a c3d806f0f4026829 135f0c93fe8cb18b 11388ef5be7914f4 b27b7d1d37d3045e 365fb5e9d51095e5 9389aad9c5da89b0 fdad8e0ec79844de 1ca8dac3c60527f7 8bdfb1a7b40d43f7 fba588d5b032859c f637ad93098d3fb6 bd9a83ad984e6398 c880e93502175f3b ba49ef139400c83 d18e701bbeb896c8 c0cff603c93f229e 827f2f219a0f5950 d8c7f019cc7494f4 15b3b793d40d9f3d ee1cf88d9997e61c e60c7b119832e6b4 ec4085f1c6e4e8a6 e07ccec3fbc032a4 93f31958da5d7e7f a1426725c68949d4 c2497c7800339f4a da911dc981bf35e8 c8487fbcd63c95d0 d670351afbd384ee fd92bad78a91fc34 e0ce9205b10152e3 2cd4d7d2c5db3a93 d06d36c8b73ec71f e8401a032a6792a9 f042cd3c313bc8cd e87a8fec1514f1d5 3f7c847ec0b00404 f1ebccd1d0baa9ef e5cf9bc4afbf51ba f06f55bfda665cbe ab2106ada54c2042 d50b71fde25b2290 bcc17f4e10f0a272 b63cc2b4c57ac7bc a7d5ea4ce7e285fc f8d3286e8b4834b1 d0c2fc6de497699b cc79ef97af0feb22 3a581fd4f898e6ba dd305055c54d1805 f45d03278b1b1c41 83b402fb29aa3fec eef757f1aeb522fb 39d03f3de0e45350 8a8e933ce3545b18 12097e14bd844238 1e689589f985eb2d dcda4646cbd9bd51 895dff89a8f728c5 227d13f3eee3c45a 3abd81aba7c69512 d0bdbdd8ff575a39 ee3b1e93c41b8134 ebe21647f33ad1cb f2922c0428f8a03e ed1421723c9fd41f 2fdaa5eae0cd4a97 9c5ead5d8f637b9 95960bd8226cd1ee 33a1c85f6da0c47 cfd04401c570b1c2 e7dd83b00d00075a 83da13a1e5664fd9 2ad7019ceb17a035 f817a78fd3aa57a2 3910a77c92b4854c fdcc2582fbf1bb31 cf9c12d3e3e7a918 f69c2e64f5e3cd11 f1d5884288acba4f ec946367f46853e6 ea4c20f8c1719b16 ca1e5565e33091cc d798e5b2dc21a93a 9d93445036b2b8cd 19e34a99c1e506aa 1e06afe5e7b199b6 1e645283f17c304b 336136f6bb99f435 a34b8deb38479d1c a9c3cd67d167e6db 8d01db10c1afe06e f9f77d8add25045d ae8ceb38304d68fc f1fd496a23bb4af2 80e04f4f3b8ec649 ebdc2f45ebf4c6f5 fb011e72f6d3a88 eafc00d1ddd978af c9ce3fa490906136 bffd9bbed6d83016 b4b1a8c5d97e518b ea0eb2c2aaf99c8f 81d1cca5fe7fe86a d7fe39f5aa0c4e80 d505eb103683756b 35035dd5c20cecb7 ec193b38d6d7b7b5 8d5b2d208d0197ca cf0e8482c11f2648 97f6ddfdc25e8af5 cf6022c03b27bfba fc46e60225520b1e e7b096131e6ea742 d99666fc943dc3ff b98fcf1db710b8d3 d57f6015d5dd4cfe ea1b10fd21406531 d8511e04af15c711 84f3140f23aae01b c4eb454c2dd07e1a dce6452bef0e250d 12b905289d3c6350 cb0ce16ae1d9593b d0e77e48d7a44a74 f4e0adc427f32696 9cc7fd1e3a08370 3b44cde43fed8f2f e7e0b5c5dab3fe19 3e548189b0257ba8 f0130ad7f1ad3596 cc6133aff9994f6d a9becb15d7f3c09c c9a0f6320ab5b538 44f04a519d1d5ed f1c59689960229e1 a0b7df19ae0dcfba c7dfa5a73b668cbc d168b69da506e3be d314b37939a53c31 f50bc8edf22095b7 972779759af45920 d4999551c6747f8a b8951541ea3c2cee 530860fc9a55e3e 1019ddc9cfbc8eb7 b9f8bba5d9ca1b60 236f799fc8aef30a 986b81c1bf2941b4 18f35d1533895768 fc384a72d2643d67 918d7f1b3c62d6b4 efec2e1c14a3cc34 e708099baa80dc30 e6e3b2e4ec24788e 80c844c2f89588b6 231664e7d6cfe100 c2f4598fe7d04e5d e065d71489fa17cb e0c9f8ccc3bc9e51 2b8cecaf037c3bfb 8d7653c623be525b e77af0ac0bf2c3c3 f6effbeee404c92 91fe9eed9307dd5b 9efaa11e9ce55384 b25a017f9798f9a 8c816cf5ae69a0dc cb4ef4619d243f04 969dce9e2b7c0e14 d9e5aef0d6749478 f398d37c231f3b94 ce9b49a8a534a351 fba937c90a36a21b 2d55ddafa880f898 cdb59beaef420b46 f978ad61fbf12757 a4721fefc95ed3b3 b8a0def926ce8b10 22bfb267f227bbd9 3b868f8db2198c5a d8e8176ac731d256 39598e30f4276e86 2640fae1fba7c9d1 c2d99c28f4e01dbd e9078c43ff29124b fad0dc1dfc332a58 f11348158f488724 e7199703daa7845 39dda29dda1ad458 e9635b7d0942758d c6ecedd22af0eab2 850bbf0af7d4f4ed 1176a7a00ca906f 2bbb7b21ee6f1a87 ] wstrb=[4c 74 2b bb ee b3 dc 3a 27 7 f5 16 ba d1 50 e2 d9 46 f8 93 17 48 75 f0 8e 6d 84 a6 b6 f9 96 44 67 1a ea 1d 14 81 61 7b 9b 4c 98 af cd f9 2a 68 45 c2 18 12 bc 42 7b 1 5 93 14 c1 d5 8f c2 da 22 d6 9b f7 65 5e d2 87 34 6d 7f 9a cb 51 21 0 be a0 9a 8a f1 bb 8a b0 5c 24 3a 4d df c4 fd 3b e8 37 89 c7 fb 86 3 e3 be 8c ab b9 12 ae 9d d0 3a 48 8a 4c f6 27 1d 30 6f a7 7c 65 ce 99 95 3d 40 11 a2 e ab 37 4b eb 48 ed fa f3 24 45 df 6d 33 d9 60 57 1e 3f c4 51 18 25 a9 37 64 6d 88 7d 92 31 b4 f7 9f 3c 74 31 6e 28 28 d 64 9c 3e d2 c4 67 df 29 3 1e fb c8 85 db f1 88 f9 ec 50 7e c7 41 6 c0 2e 57 3e f5 98 45 b6 c6 9c f4 bc 34 39 72 fb d5 66 b7 a a0 29 5 75 8f bc 7f 2f e5 84 ] bresp=0 bid=0
[15000] [SEQUENCER] READ mst_id=1 s_id=0 araddr=e43afa8 arid=2 arlen=1 arsize=3 arburst=1 rid=[] rresp=[] rdata=[]
[15000] MASTER_DRIVER1 received transaction, op=AXI_WRITE
[15000] MASTER_DRIVER0 received transaction, op=AXI_READ
[35000] MASTER 1 AW_VALID_RDY Handshake
[35000] MASTER_DRIVER0 received transaction, op=AXI_WRITE
[45000] ARB MONITOR: slave=0 m0_req=0 m1_req=1 winner=1
[45000] ARB MONITOR: slave=0 m0_req=1 m1_req=0 winner=0
[45000] AXI S0_ARVALID_RDY HANDSHAKE
[45000] MEMORY READ MISS beat=0 addr=25e0e50 -> default data id=0
[45000] AXI S0_AWVALID_RDY HANDSHAKE
[55000] MEMORY READ MISS beat=1 addr=25e0e58 -> default data id=0
[55000] SLAVE 0 R_VALID_RDY Handshake beat=0 rlast=0
[55000] MASTER 1 W_VALID_RDY Handshake beat=0 wlast=0
[55000] MASTER 0 AW_VALID_RDY Handshake
[65000] MASTER 1 W_VALID_RDY Handshake beat=1 wlast=0
[65000] SLAVE 0 R_VALID_RDY Handshake beat=1 rlast=1
[65000] [SLAVE MONITOR] READ mst_id=0 s_id=0 araddr=25e0e50 arid=0 arlen=1 arsize=3 arburst=1 rid=[00] rresp=[00] rdata=[baadf00d12345678baadf00d12345678]
[65000] AXI S0_WVALID_RDY HANDSHAKE
[65000] S0 MEMORY WRITE beat=0 addr=00b20c48 data=31371d80f4704110 id=1a
[75000] AXI S0_WVALID_RDY HANDSHAKE
[75000] S0 MEMORY WRITE beat=1 addr=00b20c4c data=ef92b5c8c77a7859 id=1a
[75000] MASTER 1 W_VALID_RDY Handshake beat=2 wlast=0
[75000] MASTER 0 R_VALID_RDY Handshake beat=0 rlast=0
[75000] MASTER 0 W_VALID_RDY Handshake beat=0 wlast=0
[85000] [MASTER DRIVER] READ mst_id=0 s_id=0 araddr=25e0e50 arid=0 arlen=1 arsize=3 arburst=1 rid=[00] rresp=[00] rdata=[baadf00d12345678baadf00d12345678]
[85000] MASTER 0 W_VALID_RDY Handshake beat=1 wlast=0
[85000] MASTER 0 R_VALID_RDY Handshake beat=1 rlast=1
[85000] [MASTER MONITOR] READ mst_id=0 s_id=0 araddr=25e0e50 arid=0 arlen=1 arsize=3 arburst=1 rid=[00] rresp=[00] rdata=[baadf00d12345678baadf00d12345678]
[85000] MASTER 1 W_VALID_RDY Handshake beat=3 wlast=0
[85000] AXI S0_WVALID_RDY HANDSHAKE
[85000] S0 MEMORY WRITE beat=2 addr=00b20c50 data=b5219c91f4dd5850 id=1a
[85000] SCOREBOARD MATCH: decode_err expected = 0, actual =0
[85000] SCOREBOARD MATCH: slave_id expected = 0, actual =0
[85000] SCOREBOARD MATCH: araddr passthrough expected = 25e0e50, actual =25e0e50
[85000] SCOREBOARD MATCH: arlen passthrough expected = 1, actual =1
[85000] SCOREBOARD MATCH: arsize passthrough expected = 3, actual =3
[85000] SCOREBOARD MATCH: arburst passthrough expected = 1, actual =1
[85000] SCOREBOARD MATCH: rdata size check expected = 2, actual =2
[85000] SCOREBOARD MATCH: rdata passthrough beat=0 expected = baadf00d12345678, actual =baadf00d12345678
[85000] SCOREBOARD MATCH: rdata passthrough beat=1 expected = baadf00d12345678, actual =baadf00d12345678
[85000] SCOREBOARD MATCH: rresp size check expected = 2, actual =2
[85000] SCOREBOARD MATCH: rresp passthrough beat=0 expected = 0, actual =0
[85000] SCOREBOARD MATCH: rresp passthrough beat=1 expected = 0, actual =0
[85000] SCOREBOARD MATCH: response routed to correct master (read beat 0) expected = 0, actual =0
[85000] SCOREBOARD MATCH: response routed to correct master (read beat 1) expected = 0, actual =0
[85000] [SCOREBOARD-M] READ mst_id=0 s_id=0 araddr=25e0e50 arid=0 arlen=1 arsize=3 arburst=1 rid=[00] rresp=[00] rdata=[baadf00d12345678baadf00d12345678]
[85000] [SCOREBOARD-S] READ mst_id=0 s_id=0 araddr=25e0e50 arid=0 arlen=1 arsize=3 arburst=1 rid=[00] rresp=[00] rdata=[baadf00d12345678baadf00d12345678]
[85000] SCOREBOARD: Transaction 1 received. pass=14 fail=0
[85000] ALL PASS. Total transactions: 1
[95000] AXI S0_WVALID_RDY HANDSHAKE
[95000] S0 MEMORY WRITE beat=3 addr=00b20c54 data=e94d9960fb3dedb6 id=1a
[95000] MASTER 1 W_VALID_RDY Handshake beat=4 wlast=0
[95000] MASTER 0 W_VALID_RDY Handshake beat=2 wlast=0
[105000] MASTER 0 W_VALID_RDY Handshake beat=3 wlast=0
[105000] MASTER 1 W_VALID_RDY Handshake beat=5 wlast=0
[105000] AXI S0_WVALID_RDY HANDSHAKE
[105000] S0 MEMORY WRITE beat=4 addr=00b20c58 data=c2b8660fe658ba11 id=1a
[115000] AXI S0_WVALID_RDY HANDSHAKE
[115000] S0 MEMORY WRITE beat=5 addr=00b20c5c data=db361262d8e04f29 id=1a
[115000] MASTER 1 W_VALID_RDY Handshake beat=6 wlast=0
[115000] MASTER 0 W_VALID_RDY Handshake beat=4 wlast=0
[125000] MASTER 0 W_VALID_RDY Handshake beat=5 wlast=0
[125000] MASTER 1 W_VALID_RDY Handshake beat=7 wlast=0
[125000] AXI S0_WVALID_RDY HANDSHAKE
[125000] S0 MEMORY WRITE beat=6 addr=00b20c60 data=d41e3cdff7da02a0 id=1a
[135000] AXI S0_WVALID_RDY HANDSHAKE
[135000] S0 MEMORY WRITE beat=7 addr=00b20c64 data=de32bcb2c483abc2 id=1a
[135000] MASTER 1 W_VALID_RDY Handshake beat=8 wlast=0
[135000] MASTER 0 W_VALID_RDY Handshake beat=6 wlast=0
[145000] MASTER 0 W_VALID_RDY Handshake beat=7 wlast=0
[145000] MASTER 1 W_VALID_RDY Handshake beat=9 wlast=0
[145000] AXI S0_WVALID_RDY HANDSHAKE
[145000] S0 MEMORY WRITE beat=8 addr=00b20c68 data=9d63faeb16d6a2ee id=1a
[155000] AXI S0_WVALID_RDY HANDSHAKE
[155000] S0 MEMORY WRITE beat=9 addr=00b20c6c data=8eb0a58e3968cf14 id=1a
[155000] MASTER 1 W_VALID_RDY Handshake beat=10 wlast=0
[165000] MASTER 1 W_VALID_RDY Handshake beat=11 wlast=0
[165000] AXI S0_WVALID_RDY HANDSHAKE
[165000] S0 MEMORY WRITE beat=10 addr=00b20c70 data=fdec7ad6f18237ca id=1a
[175000] AXI S0_WVALID_RDY HANDSHAKE
[175000] S0 MEMORY WRITE beat=11 addr=00b20c74 data=8858dab8ece36240 id=1a
[175000] MASTER 1 W_VALID_RDY Handshake beat=12 wlast=0
[185000] MASTER 1 W_VALID_RDY Handshake beat=13 wlast=0
[185000] AXI S0_WVALID_RDY HANDSHAKE
[185000] S0 MEMORY WRITE beat=12 addr=00b20c78 data=a64c31541b5075c2 id=1a
[195000] AXI S0_WVALID_RDY HANDSHAKE
[195000] S0 MEMORY WRITE beat=13 addr=00b20c7c data=8cd2ad8c17098047 id=1a
[195000] MASTER 1 W_VALID_RDY Handshake beat=14 wlast=0
[205000] MASTER 1 W_VALID_RDY Handshake beat=15 wlast=0
[205000] AXI S0_WVALID_RDY HANDSHAKE
[205000] S0 MEMORY WRITE beat=14 addr=00b20c80 data=83ece2872438ac2b id=1a
[215000] AXI S0_WVALID_RDY HANDSHAKE
[215000] S0 MEMORY WRITE beat=15 addr=00b20c84 data=3f8921ed152b8845 id=1a
[215000] MASTER 1 W_VALID_RDY Handshake beat=16 wlast=0
[225000] MASTER 1 W_VALID_RDY Handshake beat=17 wlast=0
[225000] AXI S0_WVALID_RDY HANDSHAKE
[225000] S0 MEMORY WRITE beat=16 addr=00b20c88 data=2c35088c2a3913dc id=1a
[235000] AXI S0_WVALID_RDY HANDSHAKE
[235000] S0 MEMORY WRITE beat=17 addr=00b20c8c data=ce71c007cc5bcf79 id=1a
[235000] MASTER 1 W_VALID_RDY Handshake beat=18 wlast=0
[245000] MASTER 1 W_VALID_RDY Handshake beat=19 wlast=0
[245000] AXI S0_WVALID_RDY HANDSHAKE
[245000] S0 MEMORY WRITE beat=18 addr=00b20c90 data=e18757beb021eb13 id=1a
[255000] AXI S0_WVALID_RDY HANDSHAKE
[255000] S0 MEMORY WRITE beat=19 addr=00b20c94 data=da5afeef0dfae1f4 id=1a
[255000] MASTER 1 W_VALID_RDY Handshake beat=20 wlast=0
[265000] MASTER 1 W_VALID_RDY Handshake beat=21 wlast=0
[265000] AXI S0_WVALID_RDY HANDSHAKE
[265000] S0 MEMORY WRITE beat=20 addr=00b20c98 data=da56b16d8dbc604a id=1a
[275000] AXI S0_WVALID_RDY HANDSHAKE
[275000] S0 MEMORY WRITE beat=21 addr=00b20c9c data=3dde4b5ea8ccbef6 id=1a
[275000] MASTER 1 W_VALID_RDY Handshake beat=22 wlast=0
[285000] MASTER 1 W_VALID_RDY Handshake beat=23 wlast=0
[285000] AXI S0_WVALID_RDY HANDSHAKE
[285000] S0 MEMORY WRITE beat=22 addr=00b20ca0 data=b6c7a0ea3bde092c id=1a
[295000] AXI S0_WVALID_RDY HANDSHAKE
[295000] S0 MEMORY WRITE beat=23 addr=00b20ca4 data=c99a697698394a4d id=1a
[295000] MASTER 1 W_VALID_RDY Handshake beat=24 wlast=0
[305000] MASTER 1 W_VALID_RDY Handshake beat=25 wlast=0
[305000] AXI S0_WVALID_RDY HANDSHAKE
[305000] S0 MEMORY WRITE beat=24 addr=00b20ca8 data=c1060944111e5258 id=1a
[315000] AXI S0_WVALID_RDY HANDSHAKE
[315000] S0 MEMORY WRITE beat=25 addr=00b20cac data=ccfc5b848778b4d4 id=1a
[315000] MASTER 1 W_VALID_RDY Handshake beat=26 wlast=0
[325000] MASTER 1 W_VALID_RDY Handshake beat=27 wlast=0
[325000] AXI S0_WVALID_RDY HANDSHAKE
[325000] S0 MEMORY WRITE beat=26 addr=00b20cb0 data=1fb1ff22f7cdaa2e id=1a
[335000] AXI S0_WVALID_RDY HANDSHAKE
[335000] S0 MEMORY WRITE beat=27 addr=00b20cb4 data=88ebfc869696c4fa id=1a
[335000] MASTER 1 W_VALID_RDY Handshake beat=28 wlast=0
[345000] MASTER 1 W_VALID_RDY Handshake beat=29 wlast=0
[345000] AXI S0_WVALID_RDY HANDSHAKE
[345000] S0 MEMORY WRITE beat=28 addr=00b20cb8 data=1e0f79cfe0b80866 id=1a
[355000] AXI S0_WVALID_RDY HANDSHAKE
[355000] S0 MEMORY WRITE beat=29 addr=00b20cbc data=d885b294d5e8580a id=1a
[355000] MASTER 1 W_VALID_RDY Handshake beat=30 wlast=0
[365000] MASTER 1 W_VALID_RDY Handshake beat=31 wlast=0
[365000] AXI S0_WVALID_RDY HANDSHAKE
[365000] S0 MEMORY WRITE beat=30 addr=00b20cc0 data=ec7f1d053dc178f1 id=1a
[375000] AXI S0_WVALID_RDY HANDSHAKE
[375000] S0 MEMORY WRITE beat=31 addr=00b20cc4 data=1e798157e171af1b id=1a
[375000] MASTER 1 W_VALID_RDY Handshake beat=32 wlast=0
[385000] MASTER 1 W_VALID_RDY Handshake beat=33 wlast=0
[385000] AXI S0_WVALID_RDY HANDSHAKE
[385000] S0 MEMORY WRITE beat=32 addr=00b20cc8 data=b75a07250a8e96d4 id=1a
[395000] AXI S0_WVALID_RDY HANDSHAKE
[395000] S0 MEMORY WRITE beat=33 addr=00b20ccc data=c8500fc5f6ff33eb id=1a
[395000] MASTER 1 W_VALID_RDY Handshake beat=34 wlast=0
[405000] MASTER 1 W_VALID_RDY Handshake beat=35 wlast=0
[405000] AXI S0_WVALID_RDY HANDSHAKE
[405000] S0 MEMORY WRITE beat=34 addr=00b20cd0 data=d870e306a3d9242a id=1a
[415000] AXI S0_WVALID_RDY HANDSHAKE
[415000] S0 MEMORY WRITE beat=35 addr=00b20cd4 data=ae67bafee6c9911c id=1a
[415000] MASTER 1 W_VALID_RDY Handshake beat=36 wlast=0
[425000] MASTER 1 W_VALID_RDY Handshake beat=37 wlast=0
[425000] AXI S0_WVALID_RDY HANDSHAKE
[425000] S0 MEMORY WRITE beat=36 addr=00b20cd8 data=ddc8c5070fcaea2c id=1a
[435000] AXI S0_WVALID_RDY HANDSHAKE
[435000] S0 MEMORY WRITE beat=37 addr=00b20cdc data=b3a40e56f6b7cac3 id=1a
[435000] MASTER 1 W_VALID_RDY Handshake beat=38 wlast=0
[445000] MASTER 1 W_VALID_RDY Handshake beat=39 wlast=0
[445000] AXI S0_WVALID_RDY HANDSHAKE
[445000] S0 MEMORY WRITE beat=38 addr=00b20ce0 data=dd815bdf3639a80e id=1a
[455000] AXI S0_WVALID_RDY HANDSHAKE
[455000] S0 MEMORY WRITE beat=39 addr=00b20ce4 data=c604923ae20bc955 id=1a
[455000] MASTER 1 W_VALID_RDY Handshake beat=40 wlast=0
[465000] MASTER 1 W_VALID_RDY Handshake beat=41 wlast=0
[465000] AXI S0_WVALID_RDY HANDSHAKE
[465000] S0 MEMORY WRITE beat=40 addr=00b20ce8 data=d8c394183b4a20e7 id=1a
[475000] AXI S0_WVALID_RDY HANDSHAKE
[475000] S0 MEMORY WRITE beat=41 addr=00b20cec data=f183c8f5f9a8a090 id=1a
[475000] MASTER 1 W_VALID_RDY Handshake beat=42 wlast=0
[485000] MASTER 1 W_VALID_RDY Handshake beat=43 wlast=0
[485000] AXI S0_WVALID_RDY HANDSHAKE
[485000] S0 MEMORY WRITE beat=42 addr=00b20cf0 data=dbb469e53644eff8 id=1a
[495000] AXI S0_WVALID_RDY HANDSHAKE
[495000] S0 MEMORY WRITE beat=43 addr=00b20cf4 data=f18f10df37885b2f id=1a
[495000] MASTER 1 W_VALID_RDY Handshake beat=44 wlast=0
[505000] MASTER 1 W_VALID_RDY Handshake beat=45 wlast=0
[505000] AXI S0_WVALID_RDY HANDSHAKE
[505000] S0 MEMORY WRITE beat=44 addr=00b20cf8 data=b130fbbf3477fdfe id=1a
[515000] AXI S0_WVALID_RDY HANDSHAKE
[515000] S0 MEMORY WRITE beat=45 addr=00b20cfc data=eabcedf6e312d9d4 id=1a
[515000] MASTER 1 W_VALID_RDY Handshake beat=46 wlast=0
[525000] MASTER 1 W_VALID_RDY Handshake beat=47 wlast=0
[525000] AXI S0_WVALID_RDY HANDSHAKE
[525000] S0 MEMORY WRITE beat=46 addr=00b20d00 data=1a9b35030ce565a5 id=1a
[535000] AXI S0_WVALID_RDY HANDSHAKE
[535000] S0 MEMORY WRITE beat=47 addr=00b20d04 data=c15d63a3dc4bfed5 id=1a
[535000] MASTER 1 W_VALID_RDY Handshake beat=48 wlast=0
[545000] MASTER 1 W_VALID_RDY Handshake beat=49 wlast=0
[545000] AXI S0_WVALID_RDY HANDSHAKE
[545000] S0 MEMORY WRITE beat=48 addr=00b20d08 data=3f5ed8a9cbcc30c2 id=1a
[555000] AXI S0_WVALID_RDY HANDSHAKE
[555000] S0 MEMORY WRITE beat=49 addr=00b20d0c data=d8b196672c1a5199 id=1a
[555000] MASTER 1 W_VALID_RDY Handshake beat=50 wlast=0
[565000] MASTER 1 W_VALID_RDY Handshake beat=51 wlast=0
[565000] AXI S0_WVALID_RDY HANDSHAKE
[565000] S0 MEMORY WRITE beat=50 addr=00b20d10 data=0866506ed9fa0dac id=1a
[575000] AXI S0_WVALID_RDY HANDSHAKE
[575000] S0 MEMORY WRITE beat=51 addr=00b20d14 data=a5c63e6e9a0efa0a id=1a
[575000] MASTER 1 W_VALID_RDY Handshake beat=52 wlast=0
[585000] MASTER 1 W_VALID_RDY Handshake beat=53 wlast=0
[585000] AXI S0_WVALID_RDY HANDSHAKE
[585000] S0 MEMORY WRITE beat=52 addr=00b20d18 data=c6294ba3c7c52917 id=1a
[595000] AXI S0_WVALID_RDY HANDSHAKE
[595000] S0 MEMORY WRITE beat=53 addr=00b20d1c data=21bf36c3fe77d4d6 id=1a
[595000] MASTER 1 W_VALID_RDY Handshake beat=54 wlast=0
[605000] MASTER 1 W_VALID_RDY Handshake beat=55 wlast=0
[605000] AXI S0_WVALID_RDY HANDSHAKE
[605000] S0 MEMORY WRITE beat=54 addr=00b20d20 data=9886cee0ce8f9c11 id=1a
[615000] AXI S0_WVALID_RDY HANDSHAKE
[615000] S0 MEMORY WRITE beat=55 addr=00b20d24 data=9654c528c7857531 id=1a
[615000] MASTER 1 W_VALID_RDY Handshake beat=56 wlast=0
[625000] MASTER 1 W_VALID_RDY Handshake beat=57 wlast=0
[625000] AXI S0_WVALID_RDY HANDSHAKE
[625000] S0 MEMORY WRITE beat=56 addr=00b20d28 data=c5fd4a07deb01a84 id=1a
[635000] AXI S0_WVALID_RDY HANDSHAKE
[635000] S0 MEMORY WRITE beat=57 addr=00b20d2c data=ad3fb695b813fbeb id=1a
[635000] MASTER 1 W_VALID_RDY Handshake beat=58 wlast=0
[645000] MASTER 1 W_VALID_RDY Handshake beat=59 wlast=0
[645000] AXI S0_WVALID_RDY HANDSHAKE
[645000] S0 MEMORY WRITE beat=58 addr=00b20d30 data=ff99711dde8418e8 id=1a
[655000] AXI S0_WVALID_RDY HANDSHAKE
[655000] S0 MEMORY WRITE beat=59 addr=00b20d34 data=3d34336cc3947bbe id=1a
[655000] MASTER 1 W_VALID_RDY Handshake beat=60 wlast=0
[665000] MASTER 1 W_VALID_RDY Handshake beat=61 wlast=0
[665000] AXI S0_WVALID_RDY HANDSHAKE
[665000] S0 MEMORY WRITE beat=60 addr=00b20d38 data=fba877a9c596bb24 id=1a
[675000] AXI S0_WVALID_RDY HANDSHAKE
[675000] S0 MEMORY WRITE beat=61 addr=00b20d3c data=a41ad40cea73ea01 id=1a
[675000] MASTER 1 W_VALID_RDY Handshake beat=62 wlast=0
[685000] MASTER 1 W_VALID_RDY Handshake beat=63 wlast=0
[685000] AXI S0_WVALID_RDY HANDSHAKE
[685000] S0 MEMORY WRITE beat=62 addr=00b20d40 data=ae0865bffb41e8c6 id=1a
[695000] AXI S0_WVALID_RDY HANDSHAKE
[695000] S0 MEMORY WRITE beat=63 addr=00b20d44 data=c0d8a3ebe14f0778 id=1a
[695000] MASTER 1 W_VALID_RDY Handshake beat=64 wlast=0
[705000] MASTER 1 W_VALID_RDY Handshake beat=65 wlast=0
[705000] AXI S0_WVALID_RDY HANDSHAKE
[705000] S0 MEMORY WRITE beat=64 addr=00b20d48 data=cbc2f17a29b0dd69 id=1a
[715000] AXI S0_WVALID_RDY HANDSHAKE
[715000] S0 MEMORY WRITE beat=65 addr=00b20d4c data=a4f2c62fe4f377f7 id=1a
[715000] MASTER 1 W_VALID_RDY Handshake beat=66 wlast=0
[725000] MASTER 1 W_VALID_RDY Handshake beat=67 wlast=0
[725000] AXI S0_WVALID_RDY HANDSHAKE
[725000] S0 MEMORY WRITE beat=66 addr=00b20d50 data=c6427f70f9cb5739 id=1a
[735000] AXI S0_WVALID_RDY HANDSHAKE
[735000] S0 MEMORY WRITE beat=67 addr=00b20d54 data=a37c34a2e5cb6a1a id=1a
[735000] MASTER 1 W_VALID_RDY Handshake beat=68 wlast=0
[745000] MASTER 1 W_VALID_RDY Handshake beat=69 wlast=0
[745000] AXI S0_WVALID_RDY HANDSHAKE
[745000] S0 MEMORY WRITE beat=68 addr=00b20d58 data=cabee212120570ea id=1a
[755000] AXI S0_WVALID_RDY HANDSHAKE
[755000] S0 MEMORY WRITE beat=69 addr=00b20d5c data=8bd0c823c86efad2 id=1a
[755000] MASTER 1 W_VALID_RDY Handshake beat=70 wlast=0
[765000] MASTER 1 W_VALID_RDY Handshake beat=71 wlast=0
[765000] AXI S0_WVALID_RDY HANDSHAKE
[765000] S0 MEMORY WRITE beat=70 addr=00b20d60 data=ae3a64ec11016182 id=1a
[775000] AXI S0_WVALID_RDY HANDSHAKE
[775000] S0 MEMORY WRITE beat=71 addr=00b20d64 data=2306d26c2f4cfcc6 id=1a
[775000] MASTER 1 W_VALID_RDY Handshake beat=72 wlast=0
[785000] MASTER 1 W_VALID_RDY Handshake beat=73 wlast=0
[785000] AXI S0_WVALID_RDY HANDSHAKE
[785000] S0 MEMORY WRITE beat=72 addr=00b20d68 data=f7bbf798f8f946fe id=1a
[795000] AXI S0_WVALID_RDY HANDSHAKE
[795000] S0 MEMORY WRITE beat=73 addr=00b20d6c data=89faa880aed79a8f id=1a
[795000] MASTER 1 W_VALID_RDY Handshake beat=74 wlast=0
[805000] MASTER 1 W_VALID_RDY Handshake beat=75 wlast=0
[805000] AXI S0_WVALID_RDY HANDSHAKE
[805000] S0 MEMORY WRITE beat=74 addr=00b20d70 data=de249755a5f65c84 id=1a
[815000] AXI S0_WVALID_RDY HANDSHAKE
[815000] S0 MEMORY WRITE beat=75 addr=00b20d74 data=1eefa383ad017aec id=1a
[815000] MASTER 1 W_VALID_RDY Handshake beat=76 wlast=0
[825000] MASTER 1 W_VALID_RDY Handshake beat=77 wlast=0
[825000] AXI S0_WVALID_RDY HANDSHAKE
[825000] S0 MEMORY WRITE beat=76 addr=00b20d78 data=dbd9157cd5e08eed id=1a
[835000] AXI S0_WVALID_RDY HANDSHAKE
[835000] S0 MEMORY WRITE beat=77 addr=00b20d7c data=fbd6eb72a8ea4c03 id=1a
[835000] MASTER 1 W_VALID_RDY Handshake beat=78 wlast=0
[845000] MASTER 1 W_VALID_RDY Handshake beat=79 wlast=0
[845000] AXI S0_WVALID_RDY HANDSHAKE
[845000] S0 MEMORY WRITE beat=78 addr=00b20d80 data=d5ebc6f0b9fdacd1 id=1a
[855000] AXI S0_WVALID_RDY HANDSHAKE
[855000] S0 MEMORY WRITE beat=79 addr=00b20d84 data=0fde3bbf1ac68ef5 id=1a
[855000] MASTER 1 W_VALID_RDY Handshake beat=80 wlast=0
[865000] MASTER 1 W_VALID_RDY Handshake beat=81 wlast=0
[865000] AXI S0_WVALID_RDY HANDSHAKE
[865000] S0 MEMORY WRITE beat=80 addr=00b20d88 data=c3b0daf831c4dc6c id=1a
[875000] AXI S0_WVALID_RDY HANDSHAKE
[875000] S0 MEMORY WRITE beat=81 addr=00b20d8c data=ebc2893d0bb52731 id=1a
[875000] MASTER 1 W_VALID_RDY Handshake beat=82 wlast=0
[885000] MASTER 1 W_VALID_RDY Handshake beat=83 wlast=0
[885000] AXI S0_WVALID_RDY HANDSHAKE
[885000] S0 MEMORY WRITE beat=82 addr=00b20d90 data=267bb626999ca1e8 id=1a
[895000] AXI S0_WVALID_RDY HANDSHAKE
[895000] S0 MEMORY WRITE beat=83 addr=00b20d94 data=cb617e54fba0c4fc id=1a
[895000] MASTER 1 W_VALID_RDY Handshake beat=84 wlast=0
[905000] MASTER 1 W_VALID_RDY Handshake beat=85 wlast=0
[905000] AXI S0_WVALID_RDY HANDSHAKE
[905000] S0 MEMORY WRITE beat=84 addr=00b20d98 data=8755ec2dea2c911e id=1a
[915000] AXI S0_WVALID_RDY HANDSHAKE
[915000] S0 MEMORY WRITE beat=85 addr=00b20d9c data=03c9330737240792 id=1a
[915000] MASTER 1 W_VALID_RDY Handshake beat=86 wlast=0
[925000] MASTER 1 W_VALID_RDY Handshake beat=87 wlast=0
[925000] AXI S0_WVALID_RDY HANDSHAKE
[925000] S0 MEMORY WRITE beat=86 addr=00b20da0 data=b2c4cc8eadd1a253 id=1a
[935000] AXI S0_WVALID_RDY HANDSHAKE
[935000] S0 MEMORY WRITE beat=87 addr=00b20da4 data=17fe3372cf2ab15b id=1a
[935000] MASTER 1 W_VALID_RDY Handshake beat=88 wlast=0
[945000] MASTER 1 W_VALID_RDY Handshake beat=89 wlast=0
[945000] AXI S0_WVALID_RDY HANDSHAKE
[945000] S0 MEMORY WRITE beat=88 addr=00b20da8 data=864eb8ed3a1ab8bc id=1a
[955000] AXI S0_WVALID_RDY HANDSHAKE
[955000] S0 MEMORY WRITE beat=89 addr=00b20dac data=e7ec5b0f1bc76679 id=1a
[955000] MASTER 1 W_VALID_RDY Handshake beat=90 wlast=0
[965000] MASTER 1 W_VALID_RDY Handshake beat=91 wlast=0
[965000] AXI S0_WVALID_RDY HANDSHAKE
[965000] S0 MEMORY WRITE beat=90 addr=00b20db0 data=eaf217d43913857c id=1a
[975000] AXI S0_WVALID_RDY HANDSHAKE
[975000] S0 MEMORY WRITE beat=91 addr=00b20db4 data=f32e3e38ffea8e81 id=1a
[975000] MASTER 1 W_VALID_RDY Handshake beat=92 wlast=0
[985000] MASTER 1 W_VALID_RDY Handshake beat=93 wlast=0
[985000] AXI S0_WVALID_RDY HANDSHAKE
[985000] S0 MEMORY WRITE beat=92 addr=00b20db8 data=9bb1f4faf140d0c2 id=1a
[995000] AXI S0_WVALID_RDY HANDSHAKE
[995000] S0 MEMORY WRITE beat=93 addr=00b20dbc data=2a54563edb1a9947 id=1a
[995000] MASTER 1 W_VALID_RDY Handshake beat=94 wlast=0
[1005000] MASTER 1 W_VALID_RDY Handshake beat=95 wlast=0
[1005000] AXI S0_WVALID_RDY HANDSHAKE
[1005000] S0 MEMORY WRITE beat=94 addr=00b20dc0 data=db0527c906a40ccf id=1a
[1015000] AXI S0_WVALID_RDY HANDSHAKE
[1015000] S0 MEMORY WRITE beat=95 addr=00b20dc4 data=f7e4dd911d829476 id=1a
[1015000] MASTER 1 W_VALID_RDY Handshake beat=96 wlast=0
[1025000] MASTER 1 W_VALID_RDY Handshake beat=97 wlast=0
[1025000] AXI S0_WVALID_RDY HANDSHAKE
[1025000] S0 MEMORY WRITE beat=96 addr=00b20dc8 data=f89d2dbdf6b71cc3 id=1a
[1035000] AXI S0_WVALID_RDY HANDSHAKE
[1035000] S0 MEMORY WRITE beat=97 addr=00b20dcc data=fd5b2992223933cf id=1a
[1035000] MASTER 1 W_VALID_RDY Handshake beat=98 wlast=0
[1045000] MASTER 1 W_VALID_RDY Handshake beat=99 wlast=0
[1045000] AXI S0_WVALID_RDY HANDSHAKE
[1045000] S0 MEMORY WRITE beat=98 addr=00b20dd0 data=3fbbc845d3a25586 id=1a
[1055000] AXI S0_WVALID_RDY HANDSHAKE
[1055000] S0 MEMORY WRITE beat=99 addr=00b20dd4 data=ca59724af5400723 id=1a
[1055000] MASTER 1 W_VALID_RDY Handshake beat=100 wlast=0
[1065000] MASTER 1 W_VALID_RDY Handshake beat=101 wlast=0
[1065000] AXI S0_WVALID_RDY HANDSHAKE
[1065000] S0 MEMORY WRITE beat=100 addr=00b20dd8 data=97793af2b858f602 id=1a
[1075000] AXI S0_WVALID_RDY HANDSHAKE
[1075000] S0 MEMORY WRITE beat=101 addr=00b20ddc data=0bfb4b89c7b49bdc id=1a
[1075000] MASTER 1 W_VALID_RDY Handshake beat=102 wlast=0
[1085000] MASTER 1 W_VALID_RDY Handshake beat=103 wlast=0
[1085000] AXI S0_WVALID_RDY HANDSHAKE
[1085000] S0 MEMORY WRITE beat=102 addr=00b20de0 data=3cf4a300d7350337 id=1a
[1095000] AXI S0_WVALID_RDY HANDSHAKE
[1095000] S0 MEMORY WRITE beat=103 addr=00b20de4 data=0f8df93ad654bdd3 id=1a
[1095000] MASTER 1 W_VALID_RDY Handshake beat=104 wlast=0
[1105000] MASTER 1 W_VALID_RDY Handshake beat=105 wlast=0
[1105000] AXI S0_WVALID_RDY HANDSHAKE
[1105000] S0 MEMORY WRITE beat=104 addr=00b20de8 data=9e0959afd46dddf2 id=1a
[1115000] AXI S0_WVALID_RDY HANDSHAKE
[1115000] S0 MEMORY WRITE beat=105 addr=00b20dec data=2ba2e12a1b8944c3 id=1a
[1115000] MASTER 1 W_VALID_RDY Handshake beat=106 wlast=0
[1125000] MASTER_DRIVER1 received transaction, op=AXI_READ
[1125000] MASTER 1 W_VALID_RDY Handshake beat=107 wlast=1
[1125000] AXI S0_WVALID_RDY HANDSHAKE
[1125000] S0 MEMORY WRITE beat=106 addr=00b20df0 data=f1de0296dafdfcaf id=1a
[1135000] AXI S0_WVALID_RDY HANDSHAKE
[1135000] S0 MEMORY WRITE beat=107 addr=00b20df4 data=2f6bdaa23b30da64 id=1a
[1145000] MASTER_DRIVER1 received transaction, op=AXI_READ
[1145000] SLAVE0 sent B resp, id=10
[1155000] AXI S0_AWVALID_RDY HANDSHAKE
[1155000] AXI S0_ARVALID_RDY HANDSHAKE
[1155000] MEMORY READ MISS beat=0 addr=2d1ae50 -> default data id=17
[1155000] [SLAVE MONITOR] mst_id=1 s_id=0 awaddr=b20c48 awid=1010 awlen=107 awsize=2 awburst=1 wdata=[31371d80f4704110 ef92b5c8c77a7859 b5219c91f4dd5850 e94d9960fb3dedb6 c2b8660fe658ba11 db361262d8e04f29 d41e3cdff7da02a0 de32bcb2c483abc2 9d63faeb16d6a2ee 8eb0a58e3968cf14 fdec7ad6f18237ca 8858dab8ece36240 a64c31541b5075c2 8cd2ad8c17098047 83ece2872438ac2b 3f8921ed152b8845 2c35088c2a3913dc ce71c007cc5bcf79 e18757beb021eb13 da5afeef0dfae1f4 da56b16d8dbc604a 3dde4b5ea8ccbef6 b6c7a0ea3bde092c c99a697698394a4d c1060944111e5258 ccfc5b848778b4d4 1fb1ff22f7cdaa2e 88ebfc869696c4fa 1e0f79cfe0b80866 d885b294d5e8580a ec7f1d053dc178f1 1e798157e171af1b b75a07250a8e96d4 c8500fc5f6ff33eb d870e306a3d9242a ae67bafee6c9911c ddc8c5070fcaea2c b3a40e56f6b7cac3 dd815bdf3639a80e c604923ae20bc955 d8c394183b4a20e7 f183c8f5f9a8a090 dbb469e53644eff8 f18f10df37885b2f b130fbbf3477fdfe eabcedf6e312d9d4 1a9b35030ce565a5 c15d63a3dc4bfed5 3f5ed8a9cbcc30c2 d8b196672c1a5199 866506ed9fa0dac a5c63e6e9a0efa0a c6294ba3c7c52917 21bf36c3fe77d4d6 9886cee0ce8f9c11 9654c528c7857531 c5fd4a07deb01a84 ad3fb695b813fbeb ff99711dde8418e8 3d34336cc3947bbe fba877a9c596bb24 a41ad40cea73ea01 ae0865bffb41e8c6 c0d8a3ebe14f0778 cbc2f17a29b0dd69 a4f2c62fe4f377f7 c6427f70f9cb5739 a37c34a2e5cb6a1a cabee212120570ea 8bd0c823c86efad2 ae3a64ec11016182 2306d26c2f4cfcc6 f7bbf798f8f946fe 89faa880aed79a8f de249755a5f65c84 1eefa383ad017aec dbd9157cd5e08eed fbd6eb72a8ea4c03 d5ebc6f0b9fdacd1 fde3bbf1ac68ef5 c3b0daf831c4dc6c ebc2893d0bb52731 267bb626999ca1e8 cb617e54fba0c4fc 8755ec2dea2c911e 3c9330737240792 b2c4cc8eadd1a253 17fe3372cf2ab15b 864eb8ed3a1ab8bc e7ec5b0f1bc76679 eaf217d43913857c f32e3e38ffea8e81 9bb1f4faf140d0c2 2a54563edb1a9947 db0527c906a40ccf f7e4dd911d829476 f89d2dbdf6b71cc3 fd5b2992223933cf 3fbbc845d3a25586 ca59724af5400723 97793af2b858f602 bfb4b89c7b49bdc 3cf4a300d7350337 f8df93ad654bdd3 9e0959afd46dddf2 2ba2e12a1b8944c3 f1de0296dafdfcaf 2f6bdaa23b30da64 ] wstrb=[45 27 cc f5 bd 30 97 2 57 63 f7 14 93 8e 16 ea f1 e fe 84 9c 14 6e 8e 22 6c 12 bf 81 81 4d a3 ed 5f 62 6e e0 af 12 ce f 74 3c ef 24 4e bd 33 c3 fa 22 e7 48 e0 1a b da 3c f2 22 1c c 2e f6 49 20 19 65 2d 47 5c 76 67 75 db 94 bc 37 a 23 ac e6 b8 68 1d c2 8c ca a8 44 32 c6 6 be 90 af 2 c2 75 9 81 5 b8 83 c7 2d 8c 48 ] bresp=0 bid=11010
[1155000] ARB MONITOR: slave=0 m0_req=1 m1_req=0 winner=0
[1155000] ARB MONITOR: slave=0 m0_req=0 m1_req=1 winner=1
[1165000] MASTER 1 RECEIVED BRESP. BRESP=0
[1165000] [MASTER DRIVER] mst_id=1 s_id=0 awaddr=b20c48 awid=1010 awlen=107 awsize=2 awburst=1 wdata=[31371d80f4704110 ef92b5c8c77a7859 b5219c91f4dd5850 e94d9960fb3dedb6 c2b8660fe658ba11 db361262d8e04f29 d41e3cdff7da02a0 de32bcb2c483abc2 9d63faeb16d6a2ee 8eb0a58e3968cf14 fdec7ad6f18237ca 8858dab8ece36240 a64c31541b5075c2 8cd2ad8c17098047 83ece2872438ac2b 3f8921ed152b8845 2c35088c2a3913dc ce71c007cc5bcf79 e18757beb021eb13 da5afeef0dfae1f4 da56b16d8dbc604a 3dde4b5ea8ccbef6 b6c7a0ea3bde092c c99a697698394a4d c1060944111e5258 ccfc5b848778b4d4 1fb1ff22f7cdaa2e 88ebfc869696c4fa 1e0f79cfe0b80866 d885b294d5e8580a ec7f1d053dc178f1 1e798157e171af1b b75a07250a8e96d4 c8500fc5f6ff33eb d870e306a3d9242a ae67bafee6c9911c ddc8c5070fcaea2c b3a40e56f6b7cac3 dd815bdf3639a80e c604923ae20bc955 d8c394183b4a20e7 f183c8f5f9a8a090 dbb469e53644eff8 f18f10df37885b2f b130fbbf3477fdfe eabcedf6e312d9d4 1a9b35030ce565a5 c15d63a3dc4bfed5 3f5ed8a9cbcc30c2 d8b196672c1a5199 866506ed9fa0dac a5c63e6e9a0efa0a c6294ba3c7c52917 21bf36c3fe77d4d6 9886cee0ce8f9c11 9654c528c7857531 c5fd4a07deb01a84 ad3fb695b813fbeb ff99711dde8418e8 3d34336cc3947bbe fba877a9c596bb24 a41ad40cea73ea01 ae0865bffb41e8c6 c0d8a3ebe14f0778 cbc2f17a29b0dd69 a4f2c62fe4f377f7 c6427f70f9cb5739 a37c34a2e5cb6a1a cabee212120570ea 8bd0c823c86efad2 ae3a64ec11016182 2306d26c2f4cfcc6 f7bbf798f8f946fe 89faa880aed79a8f de249755a5f65c84 1eefa383ad017aec dbd9157cd5e08eed fbd6eb72a8ea4c03 d5ebc6f0b9fdacd1 fde3bbf1ac68ef5 c3b0daf831c4dc6c ebc2893d0bb52731 267bb626999ca1e8 cb617e54fba0c4fc 8755ec2dea2c911e 3c9330737240792 b2c4cc8eadd1a253 17fe3372cf2ab15b 864eb8ed3a1ab8bc e7ec5b0f1bc76679 eaf217d43913857c f32e3e38ffea8e81 9bb1f4faf140d0c2 2a54563edb1a9947 db0527c906a40ccf f7e4dd911d829476 f89d2dbdf6b71cc3 fd5b2992223933cf 3fbbc845d3a25586 ca59724af5400723 97793af2b858f602 bfb4b89c7b49bdc 3cf4a300d7350337 f8df93ad654bdd3 9e0959afd46dddf2 2ba2e12a1b8944c3 f1de0296dafdfcaf 2f6bdaa23b30da64 ] wstrb=[45 27 cc f5 bd 30 97 2 57 63 f7 14 93 8e 16 ea f1 e fe 84 9c 14 6e 8e 22 6c 12 bf 81 81 4d a3 ed 5f 62 6e e0 af 12 ce f 74 3c ef 24 4e bd 33 c3 fa 22 e7 48 e0 1a b da 3c f2 22 1c c 2e f6 49 20 19 65 2d 47 5c 76 67 75 db 94 bc 37 a 23 ac e6 b8 68 1d c2 8c ca a8 44 32 c6 6 be 90 af 2 c2 75 9 81 5 b8 83 c7 2d 8c 48 ] bresp=0 bid=1010
[1165000] MASTER 1 B_VALID_RDY Handshake
[1165000] [MASTER MONITOR] mst_id=1 s_id=0 awaddr=b20c48 awid=1010 awlen=107 awsize=2 awburst=1 wdata=[31371d80f4704110 ef92b5c8c77a7859 b5219c91f4dd5850 e94d9960fb3dedb6 c2b8660fe658ba11 db361262d8e04f29 d41e3cdff7da02a0 de32bcb2c483abc2 9d63faeb16d6a2ee 8eb0a58e3968cf14 fdec7ad6f18237ca 8858dab8ece36240 a64c31541b5075c2 8cd2ad8c17098047 83ece2872438ac2b 3f8921ed152b8845 2c35088c2a3913dc ce71c007cc5bcf79 e18757beb021eb13 da5afeef0dfae1f4 da56b16d8dbc604a 3dde4b5ea8ccbef6 b6c7a0ea3bde092c c99a697698394a4d c1060944111e5258 ccfc5b848778b4d4 1fb1ff22f7cdaa2e 88ebfc869696c4fa 1e0f79cfe0b80866 d885b294d5e8580a ec7f1d053dc178f1 1e798157e171af1b b75a07250a8e96d4 c8500fc5f6ff33eb d870e306a3d9242a ae67bafee6c9911c ddc8c5070fcaea2c b3a40e56f6b7cac3 dd815bdf3639a80e c604923ae20bc955 d8c394183b4a20e7 f183c8f5f9a8a090 dbb469e53644eff8 f18f10df37885b2f b130fbbf3477fdfe eabcedf6e312d9d4 1a9b35030ce565a5 c15d63a3dc4bfed5 3f5ed8a9cbcc30c2 d8b196672c1a5199 866506ed9fa0dac a5c63e6e9a0efa0a c6294ba3c7c52917 21bf36c3fe77d4d6 9886cee0ce8f9c11 9654c528c7857531 c5fd4a07deb01a84 ad3fb695b813fbeb ff99711dde8418e8 3d34336cc3947bbe fba877a9c596bb24 a41ad40cea73ea01 ae0865bffb41e8c6 c0d8a3ebe14f0778 cbc2f17a29b0dd69 a4f2c62fe4f377f7 c6427f70f9cb5739 a37c34a2e5cb6a1a cabee212120570ea 8bd0c823c86efad2 ae3a64ec11016182 2306d26c2f4cfcc6 f7bbf798f8f946fe 89faa880aed79a8f de249755a5f65c84 1eefa383ad017aec dbd9157cd5e08eed fbd6eb72a8ea4c03 d5ebc6f0b9fdacd1 fde3bbf1ac68ef5 c3b0daf831c4dc6c ebc2893d0bb52731 267bb626999ca1e8 cb617e54fba0c4fc 8755ec2dea2c911e 3c9330737240792 b2c4cc8eadd1a253 17fe3372cf2ab15b 864eb8ed3a1ab8bc e7ec5b0f1bc76679 eaf217d43913857c f32e3e38ffea8e81 9bb1f4faf140d0c2 2a54563edb1a9947 db0527c906a40ccf f7e4dd911d829476 f89d2dbdf6b71cc3 fd5b2992223933cf 3fbbc845d3a25586 ca59724af5400723 97793af2b858f602 bfb4b89c7b49bdc 3cf4a300d7350337 f8df93ad654bdd3 9e0959afd46dddf2 2ba2e12a1b8944c3 f1de0296dafdfcaf 2f6bdaa23b30da64 ] wstrb=[45 27 cc f5 bd 30 97 2 57 63 f7 14 93 8e 16 ea f1 e fe 84 9c 14 6e 8e 22 6c 12 bf 81 81 4d a3 ed 5f 62 6e e0 af 12 ce f 74 3c ef 24 4e bd 33 c3 fa 22 e7 48 e0 1a b da 3c f2 22 1c c 2e f6 49 20 19 65 2d 47 5c 76 67 75 db 94 bc 37 a 23 ac e6 b8 68 1d c2 8c ca a8 44 32 c6 6 be 90 af 2 c2 75 9 81 5 b8 83 c7 2d 8c 48 ] bresp=0 bid=1010
[1165000] SLAVE 0 R_VALID_RDY Handshake beat=0 rlast=0
[1165000] MEMORY READ MISS beat=1 addr=2d1ae58 -> default data id=17
[1165000] AXI S0_WVALID_RDY HANDSHAKE
[1165000] S0 MEMORY WRITE beat=0 addr=0215c268 data=e5fbfaa5d40ab65c id=0d
[1165000] SCOREBOARD MATCH: decode_err expected = 0, actual =0
[1165000] SCOREBOARD MATCH: slave_id expected = 0, actual =0
[1165000] SCOREBOARD MATCH: awaddr passthrough expected = b20c48, actual =b20c48
[1165000] SCOREBOARD MATCH: awlen passthrough expected = 107, actual =107
[1165000] SCOREBOARD MATCH: awsize passthrough expected = 2, actual =2
[1165000] SCOREBOARD MATCH: awburst passthrough expected = 1, actual =1
[1165000] SCOREBOARD MATCH: wdata size check expected = 6c, actual =6c
[1165000] SCOREBOARD MATCH: wdata passthrough beat=0 expected = 31371d80f4704110, actual =31371d80f4704110
[1165000] SCOREBOARD MATCH: wdata passthrough beat=1 expected = ef92b5c8c77a7859, actual =ef92b5c8c77a7859
[1165000] SCOREBOARD MATCH: wdata passthrough beat=2 expected = b5219c91f4dd5850, actual =b5219c91f4dd5850
[1165000] SCOREBOARD MATCH: wdata passthrough beat=3 expected = e94d9960fb3dedb6, actual =e94d9960fb3dedb6
[1165000] SCOREBOARD MATCH: wdata passthrough beat=4 expected = c2b8660fe658ba11, actual =c2b8660fe658ba11
[1165000] SCOREBOARD MATCH: wdata passthrough beat=5 expected = db361262d8e04f29, actual =db361262d8e04f29
[1165000] SCOREBOARD MATCH: wdata passthrough beat=6 expected = d41e3cdff7da02a0, actual =d41e3cdff7da02a0
[1165000] SCOREBOARD MATCH: wdata passthrough beat=7 expected = de32bcb2c483abc2, actual =de32bcb2c483abc2
[1165000] SCOREBOARD MATCH: wdata passthrough beat=8 expected = 9d63faeb16d6a2ee, actual =9d63faeb16d6a2ee
[1165000] SCOREBOARD MATCH: wdata passthrough beat=9 expected = 8eb0a58e3968cf14, actual =8eb0a58e3968cf14
[1165000] SCOREBOARD MATCH: wdata passthrough beat=10 expected = fdec7ad6f18237ca, actual =fdec7ad6f18237ca
[1165000] SCOREBOARD MATCH: wdata passthrough beat=11 expected = 8858dab8ece36240, actual =8858dab8ece36240
[1165000] SCOREBOARD MATCH: wdata passthrough beat=12 expected = a64c31541b5075c2, actual =a64c31541b5075c2
[1165000] SCOREBOARD MATCH: wdata passthrough beat=13 expected = 8cd2ad8c17098047, actual =8cd2ad8c17098047
[1165000] SCOREBOARD MATCH: wdata passthrough beat=14 expected = 83ece2872438ac2b, actual =83ece2872438ac2b
[1165000] SCOREBOARD MATCH: wdata passthrough beat=15 expected = 3f8921ed152b8845, actual =3f8921ed152b8845
[1165000] SCOREBOARD MATCH: wdata passthrough beat=16 expected = 2c35088c2a3913dc, actual =2c35088c2a3913dc
[1165000] SCOREBOARD MATCH: wdata passthrough beat=17 expected = ce71c007cc5bcf79, actual =ce71c007cc5bcf79
[1165000] SCOREBOARD MATCH: wdata passthrough beat=18 expected = e18757beb021eb13, actual =e18757beb021eb13
[1165000] SCOREBOARD MATCH: wdata passthrough beat=19 expected = da5afeef0dfae1f4, actual =da5afeef0dfae1f4
[1165000] SCOREBOARD MATCH: wdata passthrough beat=20 expected = da56b16d8dbc604a, actual =da56b16d8dbc604a
[1165000] SCOREBOARD MATCH: wdata passthrough beat=21 expected = 3dde4b5ea8ccbef6, actual =3dde4b5ea8ccbef6
[1165000] SCOREBOARD MATCH: wdata passthrough beat=22 expected = b6c7a0ea3bde092c, actual =b6c7a0ea3bde092c
[1165000] SCOREBOARD MATCH: wdata passthrough beat=23 expected = c99a697698394a4d, actual =c99a697698394a4d
[1165000] SCOREBOARD MATCH: wdata passthrough beat=24 expected = c1060944111e5258, actual =c1060944111e5258
[1165000] SCOREBOARD MATCH: wdata passthrough beat=25 expected = ccfc5b848778b4d4, actual =ccfc5b848778b4d4
[1165000] SCOREBOARD MATCH: wdata passthrough beat=26 expected = 1fb1ff22f7cdaa2e, actual =1fb1ff22f7cdaa2e
[1165000] SCOREBOARD MATCH: wdata passthrough beat=27 expected = 88ebfc869696c4fa, actual =88ebfc869696c4fa
[1165000] SCOREBOARD MATCH: wdata passthrough beat=28 expected = 1e0f79cfe0b80866, actual =1e0f79cfe0b80866
[1165000] SCOREBOARD MATCH: wdata passthrough beat=29 expected = d885b294d5e8580a, actual =d885b294d5e8580a
[1165000] SCOREBOARD MATCH: wdata passthrough beat=30 expected = ec7f1d053dc178f1, actual =ec7f1d053dc178f1
[1165000] SCOREBOARD MATCH: wdata passthrough beat=31 expected = 1e798157e171af1b, actual =1e798157e171af1b
[1165000] SCOREBOARD MATCH: wdata passthrough beat=32 expected = b75a07250a8e96d4, actual =b75a07250a8e96d4
[1165000] SCOREBOARD MATCH: wdata passthrough beat=33 expected = c8500fc5f6ff33eb, actual =c8500fc5f6ff33eb
[1165000] SCOREBOARD MATCH: wdata passthrough beat=34 expected = d870e306a3d9242a, actual =d870e306a3d9242a
[1165000] SCOREBOARD MATCH: wdata passthrough beat=35 expected = ae67bafee6c9911c, actual =ae67bafee6c9911c
[1165000] SCOREBOARD MATCH: wdata passthrough beat=36 expected = ddc8c5070fcaea2c, actual =ddc8c5070fcaea2c
[1165000] SCOREBOARD MATCH: wdata passthrough beat=37 expected = b3a40e56f6b7cac3, actual =b3a40e56f6b7cac3
[1165000] SCOREBOARD MATCH: wdata passthrough beat=38 expected = dd815bdf3639a80e, actual =dd815bdf3639a80e
[1165000] SCOREBOARD MATCH: wdata passthrough beat=39 expected = c604923ae20bc955, actual =c604923ae20bc955
[1165000] SCOREBOARD MATCH: wdata passthrough beat=40 expected = d8c394183b4a20e7, actual =d8c394183b4a20e7
[1165000] SCOREBOARD MATCH: wdata passthrough beat=41 expected = f183c8f5f9a8a090, actual =f183c8f5f9a8a090
[1165000] SCOREBOARD MATCH: wdata passthrough beat=42 expected = dbb469e53644eff8, actual =dbb469e53644eff8
[1165000] SCOREBOARD MATCH: wdata passthrough beat=43 expected = f18f10df37885b2f, actual =f18f10df37885b2f
[1165000] SCOREBOARD MATCH: wdata passthrough beat=44 expected = b130fbbf3477fdfe, actual =b130fbbf3477fdfe
[1165000] SCOREBOARD MATCH: wdata passthrough beat=45 expected = eabcedf6e312d9d4, actual =eabcedf6e312d9d4
[1165000] SCOREBOARD MATCH: wdata passthrough beat=46 expected = 1a9b35030ce565a5, actual =1a9b35030ce565a5
[1165000] SCOREBOARD MATCH: wdata passthrough beat=47 expected = c15d63a3dc4bfed5, actual =c15d63a3dc4bfed5
[1165000] SCOREBOARD MATCH: wdata passthrough beat=48 expected = 3f5ed8a9cbcc30c2, actual =3f5ed8a9cbcc30c2
[1165000] SCOREBOARD MATCH: wdata passthrough beat=49 expected = d8b196672c1a5199, actual =d8b196672c1a5199
[1165000] SCOREBOARD MATCH: wdata passthrough beat=50 expected = 866506ed9fa0dac, actual =866506ed9fa0dac
[1165000] SCOREBOARD MATCH: wdata passthrough beat=51 expected = a5c63e6e9a0efa0a, actual =a5c63e6e9a0efa0a
[1165000] SCOREBOARD MATCH: wdata passthrough beat=52 expected = c6294ba3c7c52917, actual =c6294ba3c7c52917
[1165000] SCOREBOARD MATCH: wdata passthrough beat=53 expected = 21bf36c3fe77d4d6, actual =21bf36c3fe77d4d6
[1165000] SCOREBOARD MATCH: wdata passthrough beat=54 expected = 9886cee0ce8f9c11, actual =9886cee0ce8f9c11
[1165000] SCOREBOARD MATCH: wdata passthrough beat=55 expected = 9654c528c7857531, actual =9654c528c7857531
[1165000] SCOREBOARD MATCH: wdata passthrough beat=56 expected = c5fd4a07deb01a84, actual =c5fd4a07deb01a84
[1165000] SCOREBOARD MATCH: wdata passthrough beat=57 expected = ad3fb695b813fbeb, actual =ad3fb695b813fbeb
[1165000] SCOREBOARD MATCH: wdata passthrough beat=58 expected = ff99711dde8418e8, actual =ff99711dde8418e8
[1165000] SCOREBOARD MATCH: wdata passthrough beat=59 expected = 3d34336cc3947bbe, actual =3d34336cc3947bbe
[1165000] SCOREBOARD MATCH: wdata passthrough beat=60 expected = fba877a9c596bb24, actual =fba877a9c596bb24
[1165000] SCOREBOARD MATCH: wdata passthrough beat=61 expected = a41ad40cea73ea01, actual =a41ad40cea73ea01
[1165000] SCOREBOARD MATCH: wdata passthrough beat=62 expected = ae0865bffb41e8c6, actual =ae0865bffb41e8c6
[1165000] SCOREBOARD MATCH: wdata passthrough beat=63 expected = c0d8a3ebe14f0778, actual =c0d8a3ebe14f0778
[1165000] SCOREBOARD MATCH: wdata passthrough beat=64 expected = cbc2f17a29b0dd69, actual =cbc2f17a29b0dd69
[1165000] SCOREBOARD MATCH: wdata passthrough beat=65 expected = a4f2c62fe4f377f7, actual =a4f2c62fe4f377f7
[1165000] SCOREBOARD MATCH: wdata passthrough beat=66 expected = c6427f70f9cb5739, actual =c6427f70f9cb5739
[1165000] SCOREBOARD MATCH: wdata passthrough beat=67 expected = a37c34a2e5cb6a1a, actual =a37c34a2e5cb6a1a
[1165000] SCOREBOARD MATCH: wdata passthrough beat=68 expected = cabee212120570ea, actual =cabee212120570ea
[1165000] SCOREBOARD MATCH: wdata passthrough beat=69 expected = 8bd0c823c86efad2, actual =8bd0c823c86efad2
[1165000] SCOREBOARD MATCH: wdata passthrough beat=70 expected = ae3a64ec11016182, actual =ae3a64ec11016182
[1165000] SCOREBOARD MATCH: wdata passthrough beat=71 expected = 2306d26c2f4cfcc6, actual =2306d26c2f4cfcc6
[1165000] SCOREBOARD MATCH: wdata passthrough beat=72 expected = f7bbf798f8f946fe, actual =f7bbf798f8f946fe
[1165000] SCOREBOARD MATCH: wdata passthrough beat=73 expected = 89faa880aed79a8f, actual =89faa880aed79a8f
[1165000] SCOREBOARD MATCH: wdata passthrough beat=74 expected = de249755a5f65c84, actual =de249755a5f65c84
[1165000] SCOREBOARD MATCH: wdata passthrough beat=75 expected = 1eefa383ad017aec, actual =1eefa383ad017aec
[1165000] SCOREBOARD MATCH: wdata passthrough beat=76 expected = dbd9157cd5e08eed, actual =dbd9157cd5e08eed
[1165000] SCOREBOARD MATCH: wdata passthrough beat=77 expected = fbd6eb72a8ea4c03, actual =fbd6eb72a8ea4c03
[1165000] SCOREBOARD MATCH: wdata passthrough beat=78 expected = d5ebc6f0b9fdacd1, actual =d5ebc6f0b9fdacd1
[1165000] SCOREBOARD MATCH: wdata passthrough beat=79 expected = fde3bbf1ac68ef5, actual =fde3bbf1ac68ef5
[1165000] SCOREBOARD MATCH: wdata passthrough beat=80 expected = c3b0daf831c4dc6c, actual =c3b0daf831c4dc6c
[1165000] SCOREBOARD MATCH: wdata passthrough beat=81 expected = ebc2893d0bb52731, actual =ebc2893d0bb52731
[1165000] SCOREBOARD MATCH: wdata passthrough beat=82 expected = 267bb626999ca1e8, actual =267bb626999ca1e8
[1165000] SCOREBOARD MATCH: wdata passthrough beat=83 expected = cb617e54fba0c4fc, actual =cb617e54fba0c4fc
[1165000] SCOREBOARD MATCH: wdata passthrough beat=84 expected = 8755ec2dea2c911e, actual =8755ec2dea2c911e
[1165000] SCOREBOARD MATCH: wdata passthrough beat=85 expected = 3c9330737240792, actual =3c9330737240792
[1165000] SCOREBOARD MATCH: wdata passthrough beat=86 expected = b2c4cc8eadd1a253, actual =b2c4cc8eadd1a253
[1165000] SCOREBOARD MATCH: wdata passthrough beat=87 expected = 17fe3372cf2ab15b, actual =17fe3372cf2ab15b
[1165000] SCOREBOARD MATCH: wdata passthrough beat=88 expected = 864eb8ed3a1ab8bc, actual =864eb8ed3a1ab8bc
[1165000] SCOREBOARD MATCH: wdata passthrough beat=89 expected = e7ec5b0f1bc76679, actual =e7ec5b0f1bc76679
[1165000] SCOREBOARD MATCH: wdata passthrough beat=90 expected = eaf217d43913857c, actual =eaf217d43913857c
[1165000] SCOREBOARD MATCH: wdata passthrough beat=91 expected = f32e3e38ffea8e81, actual =f32e3e38ffea8e81
[1165000] SCOREBOARD MATCH: wdata passthrough beat=92 expected = 9bb1f4faf140d0c2, actual =9bb1f4faf140d0c2
[1165000] SCOREBOARD MATCH: wdata passthrough beat=93 expected = 2a54563edb1a9947, actual =2a54563edb1a9947
[1165000] SCOREBOARD MATCH: wdata passthrough beat=94 expected = db0527c906a40ccf, actual =db0527c906a40ccf
[1165000] SCOREBOARD MATCH: wdata passthrough beat=95 expected = f7e4dd911d829476, actual =f7e4dd911d829476
[1165000] SCOREBOARD MATCH: wdata passthrough beat=96 expected = f89d2dbdf6b71cc3, actual =f89d2dbdf6b71cc3
[1165000] SCOREBOARD MATCH: wdata passthrough beat=97 expected = fd5b2992223933cf, actual =fd5b2992223933cf
[1165000] SCOREBOARD MATCH: wdata passthrough beat=98 expected = 3fbbc845d3a25586, actual =3fbbc845d3a25586
[1165000] SCOREBOARD MATCH: wdata passthrough beat=99 expected = ca59724af5400723, actual =ca59724af5400723
[1165000] SCOREBOARD MATCH: wdata passthrough beat=100 expected = 97793af2b858f602, actual =97793af2b858f602
[1165000] SCOREBOARD MATCH: wdata passthrough beat=101 expected = bfb4b89c7b49bdc, actual =bfb4b89c7b49bdc
[1165000] SCOREBOARD MATCH: wdata passthrough beat=102 expected = 3cf4a300d7350337, actual =3cf4a300d7350337
[1165000] SCOREBOARD MATCH: wdata passthrough beat=103 expected = f8df93ad654bdd3, actual =f8df93ad654bdd3
[1165000] SCOREBOARD MATCH: wdata passthrough beat=104 expected = 9e0959afd46dddf2, actual =9e0959afd46dddf2
[1165000] SCOREBOARD MATCH: wdata passthrough beat=105 expected = 2ba2e12a1b8944c3, actual =2ba2e12a1b8944c3
[1165000] SCOREBOARD MATCH: wdata passthrough beat=106 expected = f1de0296dafdfcaf, actual =f1de0296dafdfcaf
[1165000] SCOREBOARD MATCH: wdata passthrough beat=107 expected = 2f6bdaa23b30da64, actual =2f6bdaa23b30da64
[1165000] SCOREBOARD MATCH: wstrb size check expected = 6c, actual =6c
[1165000] SCOREBOARD MATCH: wstrb passthrough beat=0 expected = 45, actual =45
[1165000] SCOREBOARD MATCH: wstrb passthrough beat=1 expected = 27, actual =27
[1165000] SCOREBOARD MATCH: wstrb passthrough beat=2 expected = cc, actual =cc
[1165000] SCOREBOARD MATCH: wstrb passthrough beat=3 expected = f5, actual =f5
[1165000] SCOREBOARD MATCH: wstrb passthrough beat=4 expected = bd, actual =bd
[1165000] SCOREBOARD MATCH: wstrb passthrough beat=5 expected = 30, actual =30
[1165000] SCOREBOARD MATCH: wstrb passthrough beat=6 expected = 97, actual =97
[1165000] SCOREBOARD MATCH: wstrb passthrough beat=7 expected = 2, actual =2
[1165000] SCOREBOARD MATCH: wstrb passthrough beat=8 expected = 57, actual =57
[1165000] SCOREBOARD MATCH: wstrb passthrough beat=9 expected = 63, actual =63
[1165000] SCOREBOARD MATCH: wstrb passthrough beat=10 expected = f7, actual =f7
[1165000] SCOREBOARD MATCH: wstrb passthrough beat=11 expected = 14, actual =14
[1165000] SCOREBOARD MATCH: wstrb passthrough beat=12 expected = 93, actual =93
[1165000] SCOREBOARD MATCH: wstrb passthrough beat=13 expected = 8e, actual =8e
[1165000] SCOREBOARD MATCH: wstrb passthrough beat=14 expected = 16, actual =16
[1165000] SCOREBOARD MATCH: wstrb passthrough beat=15 expected = ea, actual =ea
[1165000] SCOREBOARD MATCH: wstrb passthrough beat=16 expected = f1, actual =f1
[1165000] SCOREBOARD MATCH: wstrb passthrough beat=17 expected = e, actual =e
[1165000] SCOREBOARD MATCH: wstrb passthrough beat=18 expected = fe, actual =fe
[1165000] SCOREBOARD MATCH: wstrb passthrough beat=19 expected = 84, actual =84
[1165000] SCOREBOARD MATCH: wstrb passthrough beat=20 expected = 9c, actual =9c
[1165000] SCOREBOARD MATCH: wstrb passthrough beat=21 expected = 14, actual =14
[1165000] SCOREBOARD MATCH: wstrb passthrough beat=22 expected = 6e, actual =6e
[1165000] SCOREBOARD MATCH: wstrb passthrough beat=23 expected = 8e, actual =8e
[1165000] SCOREBOARD MATCH: wstrb passthrough beat=24 expected = 22, actual =22
[1165000] SCOREBOARD MATCH: wstrb passthrough beat=25 expected = 6c, actual =6c
[1165000] SCOREBOARD MATCH: wstrb passthrough beat=26 expected = 12, actual =12
[1165000] SCOREBOARD MATCH: wstrb passthrough beat=27 expected = bf, actual =bf
[1165000] SCOREBOARD MATCH: wstrb passthrough beat=28 expected = 81, actual =81
[1165000] SCOREBOARD MATCH: wstrb passthrough beat=29 expected = 81, actual =81
[1165000] SCOREBOARD MATCH: wstrb passthrough beat=30 expected = 4d, actual =4d
[1165000] SCOREBOARD MATCH: wstrb passthrough beat=31 expected = a3, actual =a3
[1165000] SCOREBOARD MATCH: wstrb passthrough beat=32 expected = ed, actual =ed
[1165000] SCOREBOARD MATCH: wstrb passthrough beat=33 expected = 5f, actual =5f
[1165000] SCOREBOARD MATCH: wstrb passthrough beat=34 expected = 62, actual =62
[1165000] SCOREBOARD MATCH: wstrb passthrough beat=35 expected = 6e, actual =6e
[1165000] SCOREBOARD MATCH: wstrb passthrough beat=36 expected = e0, actual =e0
[1165000] SCOREBOARD MATCH: wstrb passthrough beat=37 expected = af, actual =af
[1165000] SCOREBOARD MATCH: wstrb passthrough beat=38 expected = 12, actual =12
[1165000] SCOREBOARD MATCH: wstrb passthrough beat=39 expected = ce, actual =ce
[1165000] SCOREBOARD MATCH: wstrb passthrough beat=40 expected = f, actual =f
[1165000] SCOREBOARD MATCH: wstrb passthrough beat=41 expected = 74, actual =74
[1165000] SCOREBOARD MATCH: wstrb passthrough beat=42 expected = 3c, actual =3c
[1165000] SCOREBOARD MATCH: wstrb passthrough beat=43 expected = ef, actual =ef
[1165000] SCOREBOARD MATCH: wstrb passthrough beat=44 expected = 24, actual =24
[1165000] SCOREBOARD MATCH: wstrb passthrough beat=45 expected = 4e, actual =4e
[1165000] SCOREBOARD MATCH: wstrb passthrough beat=46 expected = bd, actual =bd
[1165000] SCOREBOARD MATCH: wstrb passthrough beat=47 expected = 33, actual =33
[1165000] SCOREBOARD MATCH: wstrb passthrough beat=48 expected = c3, actual =c3
[1165000] SCOREBOARD MATCH: wstrb passthrough beat=49 expected = fa, actual =fa
[1165000] SCOREBOARD MATCH: wstrb passthrough beat=50 expected = 22, actual =22
[1165000] SCOREBOARD MATCH: wstrb passthrough beat=51 expected = e7, actual =e7
[1165000] SCOREBOARD MATCH: wstrb passthrough beat=52 expected = 48, actual =48
[1165000] SCOREBOARD MATCH: wstrb passthrough beat=53 expected = e0, actual =e0
[1165000] SCOREBOARD MATCH: wstrb passthrough beat=54 expected = 1a, actual =1a
[1165000] SCOREBOARD MATCH: wstrb passthrough beat=55 expected = b, actual =b
[1165000] SCOREBOARD MATCH: wstrb passthrough beat=56 expected = da, actual =da
[1165000] SCOREBOARD MATCH: wstrb passthrough beat=57 expected = 3c, actual =3c
[1165000] SCOREBOARD MATCH: wstrb passthrough beat=58 expected = f2, actual =f2
[1165000] SCOREBOARD MATCH: wstrb passthrough beat=59 expected = 22, actual =22
[1165000] SCOREBOARD MATCH: wstrb passthrough beat=60 expected = 1c, actual =1c
[1165000] SCOREBOARD MATCH: wstrb passthrough beat=61 expected = c, actual =c
[1165000] SCOREBOARD MATCH: wstrb passthrough beat=62 expected = 2e, actual =2e
[1165000] SCOREBOARD MATCH: wstrb passthrough beat=63 expected = f6, actual =f6
[1165000] SCOREBOARD MATCH: wstrb passthrough beat=64 expected = 49, actual =49
[1165000] SCOREBOARD MATCH: wstrb passthrough beat=65 expected = 20, actual =20
[1165000] SCOREBOARD MATCH: wstrb passthrough beat=66 expected = 19, actual =19
[1165000] SCOREBOARD MATCH: wstrb passthrough beat=67 expected = 65, actual =65
[1165000] SCOREBOARD MATCH: wstrb passthrough beat=68 expected = 2d, actual =2d
[1165000] SCOREBOARD MATCH: wstrb passthrough beat=69 expected = 47, actual =47
[1165000] SCOREBOARD MATCH: wstrb passthrough beat=70 expected = 5c, actual =5c
[1165000] SCOREBOARD MATCH: wstrb passthrough beat=71 expected = 76, actual =76
[1165000] SCOREBOARD MATCH: wstrb passthrough beat=72 expected = 67, actual =67
[1165000] SCOREBOARD MATCH: wstrb passthrough beat=73 expected = 75, actual =75
[1165000] SCOREBOARD MATCH: wstrb passthrough beat=74 expected = db, actual =db
[1165000] SCOREBOARD MATCH: wstrb passthrough beat=75 expected = 94, actual =94
[1165000] SCOREBOARD MATCH: wstrb passthrough beat=76 expected = bc, actual =bc
[1165000] SCOREBOARD MATCH: wstrb passthrough beat=77 expected = 37, actual =37
[1165000] SCOREBOARD MATCH: wstrb passthrough beat=78 expected = a, actual =a
[1165000] SCOREBOARD MATCH: wstrb passthrough beat=79 expected = 23, actual =23
[1165000] SCOREBOARD MATCH: wstrb passthrough beat=80 expected = ac, actual =ac
[1165000] SCOREBOARD MATCH: wstrb passthrough beat=81 expected = e6, actual =e6
[1165000] SCOREBOARD MATCH: wstrb passthrough beat=82 expected = b8, actual =b8
[1165000] SCOREBOARD MATCH: wstrb passthrough beat=83 expected = 68, actual =68
[1165000] SCOREBOARD MATCH: wstrb passthrough beat=84 expected = 1d, actual =1d
[1165000] SCOREBOARD MATCH: wstrb passthrough beat=85 expected = c2, actual =c2
[1165000] SCOREBOARD MATCH: wstrb passthrough beat=86 expected = 8c, actual =8c
[1165000] SCOREBOARD MATCH: wstrb passthrough beat=87 expected = ca, actual =ca
[1165000] SCOREBOARD MATCH: wstrb passthrough beat=88 expected = a8, actual =a8
[1165000] SCOREBOARD MATCH: wstrb passthrough beat=89 expected = 44, actual =44
[1165000] SCOREBOARD MATCH: wstrb passthrough beat=90 expected = 32, actual =32
[1165000] SCOREBOARD MATCH: wstrb passthrough beat=91 expected = c6, actual =c6
[1165000] SCOREBOARD MATCH: wstrb passthrough beat=92 expected = 6, actual =6
[1165000] SCOREBOARD MATCH: wstrb passthrough beat=93 expected = be, actual =be
[1165000] SCOREBOARD MATCH: wstrb passthrough beat=94 expected = 90, actual =90
[1165000] SCOREBOARD MATCH: wstrb passthrough beat=95 expected = af, actual =af
[1165000] SCOREBOARD MATCH: wstrb passthrough beat=96 expected = 2, actual =2
[1165000] SCOREBOARD MATCH: wstrb passthrough beat=97 expected = c2, actual =c2
[1165000] SCOREBOARD MATCH: wstrb passthrough beat=98 expected = 75, actual =75
[1165000] SCOREBOARD MATCH: wstrb passthrough beat=99 expected = 9, actual =9
[1165000] SCOREBOARD MATCH: wstrb passthrough beat=100 expected = 81, actual =81
[1165000] SCOREBOARD MATCH: wstrb passthrough beat=101 expected = 5, actual =5
[1165000] SCOREBOARD MATCH: wstrb passthrough beat=102 expected = b8, actual =b8
[1165000] SCOREBOARD MATCH: wstrb passthrough beat=103 expected = 83, actual =83
[1165000] SCOREBOARD MATCH: wstrb passthrough beat=104 expected = c7, actual =c7
[1165000] SCOREBOARD MATCH: wstrb passthrough beat=105 expected = 2d, actual =2d
[1165000] SCOREBOARD MATCH: wstrb passthrough beat=106 expected = 8c, actual =8c
[1165000] SCOREBOARD MATCH: wstrb passthrough beat=107 expected = 48, actual =48
[1165000] SCOREBOARD MATCH: bresp passthrough expected = 0, actual =0
[1165000] SCOREBOARD MATCH: response routed to correct master (write) expected = 1, actual =1
[1165000] [SCOREBOARD-M] mst_id=1 s_id=0 awaddr=b20c48 awid=1010 awlen=107 awsize=2 awburst=1 wdata=[31371d80f4704110 ef92b5c8c77a7859 b5219c91f4dd5850 e94d9960fb3dedb6 c2b8660fe658ba11 db361262d8e04f29 d41e3cdff7da02a0 de32bcb2c483abc2 9d63faeb16d6a2ee 8eb0a58e3968cf14 fdec7ad6f18237ca 8858dab8ece36240 a64c31541b5075c2 8cd2ad8c17098047 83ece2872438ac2b 3f8921ed152b8845 2c35088c2a3913dc ce71c007cc5bcf79 e18757beb021eb13 da5afeef0dfae1f4 da56b16d8dbc604a 3dde4b5ea8ccbef6 b6c7a0ea3bde092c c99a697698394a4d c1060944111e5258 ccfc5b848778b4d4 1fb1ff22f7cdaa2e 88ebfc869696c4fa 1e0f79cfe0b80866 d885b294d5e8580a ec7f1d053dc178f1 1e798157e171af1b b75a07250a8e96d4 c8500fc5f6ff33eb d870e306a3d9242a ae67bafee6c9911c ddc8c5070fcaea2c b3a40e56f6b7cac3 dd815bdf3639a80e c604923ae20bc955 d8c394183b4a20e7 f183c8f5f9a8a090 dbb469e53644eff8 f18f10df37885b2f b130fbbf3477fdfe eabcedf6e312d9d4 1a9b35030ce565a5 c15d63a3dc4bfed5 3f5ed8a9cbcc30c2 d8b196672c1a5199 866506ed9fa0dac a5c63e6e9a0efa0a c6294ba3c7c52917 21bf36c3fe77d4d6 9886cee0ce8f9c11 9654c528c7857531 c5fd4a07deb01a84 ad3fb695b813fbeb ff99711dde8418e8 3d34336cc3947bbe fba877a9c596bb24 a41ad40cea73ea01 ae0865bffb41e8c6 c0d8a3ebe14f0778 cbc2f17a29b0dd69 a4f2c62fe4f377f7 c6427f70f9cb5739 a37c34a2e5cb6a1a cabee212120570ea 8bd0c823c86efad2 ae3a64ec11016182 2306d26c2f4cfcc6 f7bbf798f8f946fe 89faa880aed79a8f de249755a5f65c84 1eefa383ad017aec dbd9157cd5e08eed fbd6eb72a8ea4c03 d5ebc6f0b9fdacd1 fde3bbf1ac68ef5 c3b0daf831c4dc6c ebc2893d0bb52731 267bb626999ca1e8 cb617e54fba0c4fc 8755ec2dea2c911e 3c9330737240792 b2c4cc8eadd1a253 17fe3372cf2ab15b 864eb8ed3a1ab8bc e7ec5b0f1bc76679 eaf217d43913857c f32e3e38ffea8e81 9bb1f4faf140d0c2 2a54563edb1a9947 db0527c906a40ccf f7e4dd911d829476 f89d2dbdf6b71cc3 fd5b2992223933cf 3fbbc845d3a25586 ca59724af5400723 97793af2b858f602 bfb4b89c7b49bdc 3cf4a300d7350337 f8df93ad654bdd3 9e0959afd46dddf2 2ba2e12a1b8944c3 f1de0296dafdfcaf 2f6bdaa23b30da64 ] wstrb=[45 27 cc f5 bd 30 97 2 57 63 f7 14 93 8e 16 ea f1 e fe 84 9c 14 6e 8e 22 6c 12 bf 81 81 4d a3 ed 5f 62 6e e0 af 12 ce f 74 3c ef 24 4e bd 33 c3 fa 22 e7 48 e0 1a b da 3c f2 22 1c c 2e f6 49 20 19 65 2d 47 5c 76 67 75 db 94 bc 37 a 23 ac e6 b8 68 1d c2 8c ca a8 44 32 c6 6 be 90 af 2 c2 75 9 81 5 b8 83 c7 2d 8c 48 ] bresp=0 bid=1010
[1165000] [SCOREBOARD-S] mst_id=1 s_id=0 awaddr=b20c48 awid=1010 awlen=107 awsize=2 awburst=1 wdata=[31371d80f4704110 ef92b5c8c77a7859 b5219c91f4dd5850 e94d9960fb3dedb6 c2b8660fe658ba11 db361262d8e04f29 d41e3cdff7da02a0 de32bcb2c483abc2 9d63faeb16d6a2ee 8eb0a58e3968cf14 fdec7ad6f18237ca 8858dab8ece36240 a64c31541b5075c2 8cd2ad8c17098047 83ece2872438ac2b 3f8921ed152b8845 2c35088c2a3913dc ce71c007cc5bcf79 e18757beb021eb13 da5afeef0dfae1f4 da56b16d8dbc604a 3dde4b5ea8ccbef6 b6c7a0ea3bde092c c99a697698394a4d c1060944111e5258 ccfc5b848778b4d4 1fb1ff22f7cdaa2e 88ebfc869696c4fa 1e0f79cfe0b80866 d885b294d5e8580a ec7f1d053dc178f1 1e798157e171af1b b75a07250a8e96d4 c8500fc5f6ff33eb d870e306a3d9242a ae67bafee6c9911c ddc8c5070fcaea2c b3a40e56f6b7cac3 dd815bdf3639a80e c604923ae20bc955 d8c394183b4a20e7 f183c8f5f9a8a090 dbb469e53644eff8 f18f10df37885b2f b130fbbf3477fdfe eabcedf6e312d9d4 1a9b35030ce565a5 c15d63a3dc4bfed5 3f5ed8a9cbcc30c2 d8b196672c1a5199 866506ed9fa0dac a5c63e6e9a0efa0a c6294ba3c7c52917 21bf36c3fe77d4d6 9886cee0ce8f9c11 9654c528c7857531 c5fd4a07deb01a84 ad3fb695b813fbeb ff99711dde8418e8 3d34336cc3947bbe fba877a9c596bb24 a41ad40cea73ea01 ae0865bffb41e8c6 c0d8a3ebe14f0778 cbc2f17a29b0dd69 a4f2c62fe4f377f7 c6427f70f9cb5739 a37c34a2e5cb6a1a cabee212120570ea 8bd0c823c86efad2 ae3a64ec11016182 2306d26c2f4cfcc6 f7bbf798f8f946fe 89faa880aed79a8f de249755a5f65c84 1eefa383ad017aec dbd9157cd5e08eed fbd6eb72a8ea4c03 d5ebc6f0b9fdacd1 fde3bbf1ac68ef5 c3b0daf831c4dc6c ebc2893d0bb52731 267bb626999ca1e8 cb617e54fba0c4fc 8755ec2dea2c911e 3c9330737240792 b2c4cc8eadd1a253 17fe3372cf2ab15b 864eb8ed3a1ab8bc e7ec5b0f1bc76679 eaf217d43913857c f32e3e38ffea8e81 9bb1f4faf140d0c2 2a54563edb1a9947 db0527c906a40ccf f7e4dd911d829476 f89d2dbdf6b71cc3 fd5b2992223933cf 3fbbc845d3a25586 ca59724af5400723 97793af2b858f602 bfb4b89c7b49bdc 3cf4a300d7350337 f8df93ad654bdd3 9e0959afd46dddf2 2ba2e12a1b8944c3 f1de0296dafdfcaf 2f6bdaa23b30da64 ] wstrb=[45 27 cc f5 bd 30 97 2 57 63 f7 14 93 8e 16 ea f1 e fe 84 9c 14 6e 8e 22 6c 12 bf 81 81 4d a3 ed 5f 62 6e e0 af 12 ce f 74 3c ef 24 4e bd 33 c3 fa 22 e7 48 e0 1a b da 3c f2 22 1c c 2e f6 49 20 19 65 2d 47 5c 76 67 75 db 94 bc 37 a 23 ac e6 b8 68 1d c2 8c ca a8 44 32 c6 6 be 90 af 2 c2 75 9 81 5 b8 83 c7 2d 8c 48 ] bresp=0 bid=11010
[1165000] SCOREBOARD: Transaction 2 received. pass=240 fail=0
[1165000] ALL PASS. Total transactions: 2
[1175000] AXI S0_WVALID_RDY HANDSHAKE
[1175000] S0 MEMORY WRITE beat=1 addr=0215c269 data=c443b3abd84b7f11 id=0d
[1175000] SLAVE 0 R_VALID_RDY Handshake beat=1 rlast=1
[1175000] [SLAVE MONITOR] READ mst_id=1 s_id=0 araddr=2d1ae50 arid=1 arlen=1 arsize=3 arburst=1 rid=[1111] rresp=[00] rdata=[baadf00d12345678baadf00d12345678]
[1175000] MASTER 0 W_VALID_RDY Handshake beat=8 wlast=0
[1185000] MASTER 0 W_VALID_RDY Handshake beat=9 wlast=0
[1185000] MASTER 1 R_VALID_RDY Handshake beat=0 rlast=0
[1185000] ARB MONITOR: slave=0 m0_req=0 m1_req=1 winner=1
[1185000] AXI S0_ARVALID_RDY HANDSHAKE
[1185000] MEMORY READ MISS beat=0 addr=e43afa8 -> default data id=18
[1185000] AXI S0_WVALID_RDY HANDSHAKE
[1185000] S0 MEMORY WRITE beat=2 addr=0215c26a data=f08e375ebccdd4da id=0d
[1195000] AXI S0_WVALID_RDY HANDSHAKE
[1195000] S0 MEMORY WRITE beat=3 addr=0215c26b data=90d88b360e1367da id=0d
[1195000] MEMORY READ MISS beat=1 addr=e43afb0 -> default data id=18
[1195000] SLAVE 0 R_VALID_RDY Handshake beat=0 rlast=0
[1195000] MASTER 1 R_VALID_RDY Handshake beat=1 rlast=1
[1195000] [MASTER MONITOR] READ mst_id=1 s_id=0 araddr=2d1ae50 arid=1 arlen=1 arsize=3 arburst=1 rid=[11] rresp=[00] rdata=[baadf00d12345678baadf00d12345678]
[1195000] MASTER 0 W_VALID_RDY Handshake beat=10 wlast=0
[1195000] [MASTER DRIVER] READ mst_id=1 s_id=0 araddr=2d1ae50 arid=1 arlen=1 arsize=3 arburst=1 rid=[11] rresp=[00] rdata=[baadf00d12345678baadf00d12345678]
[1195000] SCOREBOARD MATCH: decode_err expected = 0, actual =0
[1195000] SCOREBOARD MATCH: slave_id expected = 0, actual =0
[1195000] SCOREBOARD MATCH: araddr passthrough expected = 2d1ae50, actual =2d1ae50
[1195000] SCOREBOARD MATCH: arlen passthrough expected = 1, actual =1
[1195000] SCOREBOARD MATCH: arsize passthrough expected = 3, actual =3
[1195000] SCOREBOARD MATCH: arburst passthrough expected = 1, actual =1
[1195000] SCOREBOARD MATCH: rdata size check expected = 2, actual =2
[1195000] SCOREBOARD MATCH: rdata passthrough beat=0 expected = baadf00d12345678, actual =baadf00d12345678
[1195000] SCOREBOARD MATCH: rdata passthrough beat=1 expected = baadf00d12345678, actual =baadf00d12345678
[1195000] SCOREBOARD MATCH: rresp size check expected = 2, actual =2
[1195000] SCOREBOARD MATCH: rresp passthrough beat=0 expected = 0, actual =0
[1195000] SCOREBOARD MATCH: rresp passthrough beat=1 expected = 0, actual =0
[1195000] SCOREBOARD MATCH: response routed to correct master (read beat 0) expected = 1, actual =1
[1195000] SCOREBOARD MATCH: response routed to correct master (read beat 1) expected = 1, actual =1
[1195000] [SCOREBOARD-M] READ mst_id=1 s_id=0 araddr=2d1ae50 arid=1 arlen=1 arsize=3 arburst=1 rid=[11] rresp=[00] rdata=[baadf00d12345678baadf00d12345678]
[1195000] [SCOREBOARD-S] READ mst_id=1 s_id=0 araddr=2d1ae50 arid=1 arlen=1 arsize=3 arburst=1 rid=[1111] rresp=[00] rdata=[baadf00d12345678baadf00d12345678]
[1195000] SCOREBOARD: Transaction 3 received. pass=254 fail=0
[1195000] ALL PASS. Total transactions: 3
[1205000] MASTER 0 W_VALID_RDY Handshake beat=11 wlast=0
[1205000] SLAVE 0 R_VALID_RDY Handshake beat=1 rlast=1
[1205000] [SLAVE MONITOR] READ mst_id=1 s_id=0 araddr=e43afa8 arid=2 arlen=1 arsize=3 arburst=1 rid=[1212] rresp=[00] rdata=[baadf00d12345678baadf00d12345678]
[1205000] AXI S0_WVALID_RDY HANDSHAKE
[1205000] S0 MEMORY WRITE beat=4 addr=0215c26c data=e65ee6ebd68a3203 id=0d
[1215000] AXI S0_WVALID_RDY HANDSHAKE
[1215000] S0 MEMORY WRITE beat=5 addr=0215c26d data=135806ded51c3ee1 id=0d
[1215000] MASTER 1 R_VALID_RDY Handshake beat=0 rlast=0
[1215000] MASTER 0 W_VALID_RDY Handshake beat=12 wlast=0
[1225000] [MASTER DRIVER] READ mst_id=1 s_id=0 araddr=e43afa8 arid=2 arlen=1 arsize=3 arburst=1 rid=[22] rresp=[00] rdata=[baadf00d12345678baadf00d12345678]
[1225000] MASTER 0 W_VALID_RDY Handshake beat=13 wlast=0
[1225000] MASTER 1 R_VALID_RDY Handshake beat=1 rlast=1
[1225000] [MASTER MONITOR] READ mst_id=1 s_id=0 araddr=e43afa8 arid=2 arlen=1 arsize=3 arburst=1 rid=[22] rresp=[00] rdata=[baadf00d12345678baadf00d12345678]
[1225000] AXI S0_WVALID_RDY HANDSHAKE
[1225000] S0 MEMORY WRITE beat=6 addr=0215c26e data=e32fa6bbd6ed1e4a id=0d
[1225000] SCOREBOARD MATCH: decode_err expected = 0, actual =0
[1225000] SCOREBOARD MATCH: slave_id expected = 0, actual =0
[1225000] SCOREBOARD MATCH: araddr passthrough expected = e43afa8, actual =e43afa8
[1225000] SCOREBOARD MATCH: arlen passthrough expected = 1, actual =1
[1225000] SCOREBOARD MATCH: arsize passthrough expected = 3, actual =3
[1225000] SCOREBOARD MATCH: arburst passthrough expected = 1, actual =1
[1225000] SCOREBOARD MATCH: rdata size check expected = 2, actual =2
[1225000] SCOREBOARD MATCH: rdata passthrough beat=0 expected = baadf00d12345678, actual =baadf00d12345678
[1225000] SCOREBOARD MATCH: rdata passthrough beat=1 expected = baadf00d12345678, actual =baadf00d12345678
[1225000] SCOREBOARD MATCH: rresp size check expected = 2, actual =2
[1225000] SCOREBOARD MATCH: rresp passthrough beat=0 expected = 0, actual =0
[1225000] SCOREBOARD MATCH: rresp passthrough beat=1 expected = 0, actual =0
[1225000] SCOREBOARD MATCH: response routed to correct master (read beat 0) expected = 1, actual =1
[1225000] SCOREBOARD MATCH: response routed to correct master (read beat 1) expected = 1, actual =1
[1225000] [SCOREBOARD-M] READ mst_id=1 s_id=0 araddr=e43afa8 arid=2 arlen=1 arsize=3 arburst=1 rid=[22] rresp=[00] rdata=[baadf00d12345678baadf00d12345678]
[1225000] [SCOREBOARD-S] READ mst_id=1 s_id=0 araddr=e43afa8 arid=2 arlen=1 arsize=3 arburst=1 rid=[1212] rresp=[00] rdata=[baadf00d12345678baadf00d12345678]
[1225000] SCOREBOARD: Transaction 4 received. pass=268 fail=0
[1225000] ALL PASS. Total transactions: 4
[1235000] AXI S0_WVALID_RDY HANDSHAKE
[1235000] S0 MEMORY WRITE beat=7 addr=0215c26f data=ad77504da4309214 id=0d
[1235000] MASTER 0 W_VALID_RDY Handshake beat=14 wlast=0
[1245000] MASTER 0 W_VALID_RDY Handshake beat=15 wlast=0
[1245000] AXI S0_WVALID_RDY HANDSHAKE
[1245000] S0 MEMORY WRITE beat=8 addr=0215c270 data=f94cd0f6c98e8da7 id=0d
[1255000] AXI S0_WVALID_RDY HANDSHAKE
[1255000] S0 MEMORY WRITE beat=9 addr=0215c271 data=207babf1c0cf572b id=0d
[1255000] MASTER 0 W_VALID_RDY Handshake beat=16 wlast=0
[1265000] MASTER 0 W_VALID_RDY Handshake beat=17 wlast=0
[1265000] AXI S0_WVALID_RDY HANDSHAKE
[1265000] S0 MEMORY WRITE beat=10 addr=0215c272 data=e4ffe940dc7c77b1 id=0d
[1275000] AXI S0_WVALID_RDY HANDSHAKE
[1275000] S0 MEMORY WRITE beat=11 addr=0215c273 data=a60b0558cdf2fc3e id=0d
[1275000] MASTER 0 W_VALID_RDY Handshake beat=18 wlast=0
[1285000] MASTER 0 W_VALID_RDY Handshake beat=19 wlast=0
[1285000] AXI S0_WVALID_RDY HANDSHAKE
[1285000] S0 MEMORY WRITE beat=12 addr=0215c274 data=0ec2536ade4cba36 id=0d
[1295000] AXI S0_WVALID_RDY HANDSHAKE
[1295000] S0 MEMORY WRITE beat=13 addr=0215c275 data=bac931e7c686b149 id=0d
[1295000] MASTER 0 W_VALID_RDY Handshake beat=20 wlast=0
[1305000] MASTER 0 W_VALID_RDY Handshake beat=21 wlast=0
[1305000] AXI S0_WVALID_RDY HANDSHAKE
[1305000] S0 MEMORY WRITE beat=14 addr=0215c276 data=1479ad88f3c23caa id=0d
[1315000] AXI S0_WVALID_RDY HANDSHAKE
[1315000] S0 MEMORY WRITE beat=15 addr=0215c277 data=d20ef6e0e0d43740 id=0d
[1315000] MASTER 0 W_VALID_RDY Handshake beat=22 wlast=0
[1325000] MASTER 0 W_VALID_RDY Handshake beat=23 wlast=0
[1325000] AXI S0_WVALID_RDY HANDSHAKE
[1325000] S0 MEMORY WRITE beat=16 addr=0215c278 data=a75ae889233c00f2 id=0d
[1335000] AXI S0_WVALID_RDY HANDSHAKE
[1335000] S0 MEMORY WRITE beat=17 addr=0215c279 data=16fe3d9c8cd828c7 id=0d
[1335000] MASTER 0 W_VALID_RDY Handshake beat=24 wlast=0
[1345000] MASTER 0 W_VALID_RDY Handshake beat=25 wlast=0
[1345000] AXI S0_WVALID_RDY HANDSHAKE
[1345000] S0 MEMORY WRITE beat=18 addr=0215c27a data=edac6007bbd49611 id=0d
[1355000] AXI S0_WVALID_RDY HANDSHAKE
[1355000] S0 MEMORY WRITE beat=19 addr=0215c27b data=df109703e90d347c id=0d
[1355000] MASTER 0 W_VALID_RDY Handshake beat=26 wlast=0
[1365000] MASTER 0 W_VALID_RDY Handshake beat=27 wlast=0
[1365000] AXI S0_WVALID_RDY HANDSHAKE
[1365000] S0 MEMORY WRITE beat=20 addr=0215c27c data=f5e55d4315074891 id=0d
[1375000] AXI S0_WVALID_RDY HANDSHAKE
[1375000] S0 MEMORY WRITE beat=21 addr=0215c27d data=d0dbdea2f60ed49f id=0d
[1375000] MASTER 0 W_VALID_RDY Handshake beat=28 wlast=0
[1385000] MASTER 0 W_VALID_RDY Handshake beat=29 wlast=0
[1385000] AXI S0_WVALID_RDY HANDSHAKE
[1385000] S0 MEMORY WRITE beat=22 addr=0215c27e data=df1c091be391bd4b id=0d
[1395000] AXI S0_WVALID_RDY HANDSHAKE
[1395000] S0 MEMORY WRITE beat=23 addr=0215c27f data=f89905dc2fec75a6 id=0d
[1395000] MASTER 0 W_VALID_RDY Handshake beat=30 wlast=0
[1405000] MASTER 0 W_VALID_RDY Handshake beat=31 wlast=0
[1405000] AXI S0_WVALID_RDY HANDSHAKE
[1405000] S0 MEMORY WRITE beat=24 addr=0215c280 data=a5fb4a45d501665f id=0d
[1415000] AXI S0_WVALID_RDY HANDSHAKE
[1415000] S0 MEMORY WRITE beat=25 addr=0215c281 data=389323aac974e47e id=0d
[1415000] MASTER 0 W_VALID_RDY Handshake beat=32 wlast=0
[1425000] MASTER 0 W_VALID_RDY Handshake beat=33 wlast=0
[1425000] AXI S0_WVALID_RDY HANDSHAKE
[1425000] S0 MEMORY WRITE beat=26 addr=0215c282 data=f9615a2405175361 id=0d
[1435000] AXI S0_WVALID_RDY HANDSHAKE
[1435000] S0 MEMORY WRITE beat=27 addr=0215c283 data=da18b9c0312c2986 id=0d
[1435000] MASTER 0 W_VALID_RDY Handshake beat=34 wlast=0
[1445000] MASTER 0 W_VALID_RDY Handshake beat=35 wlast=0
[1445000] AXI S0_WVALID_RDY HANDSHAKE
[1445000] S0 MEMORY WRITE beat=28 addr=0215c284 data=faa10e041f5ca46a id=0d
[1455000] AXI S0_WVALID_RDY HANDSHAKE
[1455000] S0 MEMORY WRITE beat=29 addr=0215c285 data=2473f7cb12abdd6a id=0d
[1455000] MASTER 0 W_VALID_RDY Handshake beat=36 wlast=0
[1465000] MASTER 0 W_VALID_RDY Handshake beat=37 wlast=0
[1465000] AXI S0_WVALID_RDY HANDSHAKE
[1465000] S0 MEMORY WRITE beat=30 addr=0215c286 data=c3d806f0f4026829 id=0d
[1475000] AXI S0_WVALID_RDY HANDSHAKE
[1475000] S0 MEMORY WRITE beat=31 addr=0215c287 data=135f0c93fe8cb18b id=0d
[1475000] MASTER 0 W_VALID_RDY Handshake beat=38 wlast=0
[1485000] MASTER 0 W_VALID_RDY Handshake beat=39 wlast=0
[1485000] AXI S0_WVALID_RDY HANDSHAKE
[1485000] S0 MEMORY WRITE beat=32 addr=0215c288 data=11388ef5be7914f4 id=0d
[1495000] AXI S0_WVALID_RDY HANDSHAKE
[1495000] S0 MEMORY WRITE beat=33 addr=0215c289 data=b27b7d1d37d3045e id=0d
[1495000] MASTER 0 W_VALID_RDY Handshake beat=40 wlast=0
[1505000] MASTER 0 W_VALID_RDY Handshake beat=41 wlast=0
[1505000] AXI S0_WVALID_RDY HANDSHAKE
[1505000] S0 MEMORY WRITE beat=34 addr=0215c28a data=365fb5e9d51095e5 id=0d
[1515000] AXI S0_WVALID_RDY HANDSHAKE
[1515000] S0 MEMORY WRITE beat=35 addr=0215c28b data=9389aad9c5da89b0 id=0d
[1515000] MASTER 0 W_VALID_RDY Handshake beat=42 wlast=0
[1525000] MASTER 0 W_VALID_RDY Handshake beat=43 wlast=0
[1525000] AXI S0_WVALID_RDY HANDSHAKE
[1525000] S0 MEMORY WRITE beat=36 addr=0215c28c data=fdad8e0ec79844de id=0d
[1535000] AXI S0_WVALID_RDY HANDSHAKE
[1535000] S0 MEMORY WRITE beat=37 addr=0215c28d data=1ca8dac3c60527f7 id=0d
[1535000] MASTER 0 W_VALID_RDY Handshake beat=44 wlast=0
[1545000] MASTER 0 W_VALID_RDY Handshake beat=45 wlast=0
[1545000] AXI S0_WVALID_RDY HANDSHAKE
[1545000] S0 MEMORY WRITE beat=38 addr=0215c28e data=8bdfb1a7b40d43f7 id=0d
[1555000] AXI S0_WVALID_RDY HANDSHAKE
[1555000] S0 MEMORY WRITE beat=39 addr=0215c28f data=fba588d5b032859c id=0d
[1555000] MASTER 0 W_VALID_RDY Handshake beat=46 wlast=0
[1565000] MASTER 0 W_VALID_RDY Handshake beat=47 wlast=0
[1565000] AXI S0_WVALID_RDY HANDSHAKE
[1565000] S0 MEMORY WRITE beat=40 addr=0215c290 data=f637ad93098d3fb6 id=0d
[1575000] AXI S0_WVALID_RDY HANDSHAKE
[1575000] S0 MEMORY WRITE beat=41 addr=0215c291 data=bd9a83ad984e6398 id=0d
[1575000] MASTER 0 W_VALID_RDY Handshake beat=48 wlast=0
[1585000] MASTER 0 W_VALID_RDY Handshake beat=49 wlast=0
[1585000] AXI S0_WVALID_RDY HANDSHAKE
[1585000] S0 MEMORY WRITE beat=42 addr=0215c292 data=c880e93502175f3b id=0d
[1595000] AXI S0_WVALID_RDY HANDSHAKE
[1595000] S0 MEMORY WRITE beat=43 addr=0215c293 data=0ba49ef139400c83 id=0d
[1595000] MASTER 0 W_VALID_RDY Handshake beat=50 wlast=0
[1605000] MASTER 0 W_VALID_RDY Handshake beat=51 wlast=0
[1605000] AXI S0_WVALID_RDY HANDSHAKE
[1605000] S0 MEMORY WRITE beat=44 addr=0215c294 data=d18e701bbeb896c8 id=0d
[1615000] AXI S0_WVALID_RDY HANDSHAKE
[1615000] S0 MEMORY WRITE beat=45 addr=0215c295 data=c0cff603c93f229e id=0d
[1615000] MASTER 0 W_VALID_RDY Handshake beat=52 wlast=0
[1625000] MASTER 0 W_VALID_RDY Handshake beat=53 wlast=0
[1625000] AXI S0_WVALID_RDY HANDSHAKE
[1625000] S0 MEMORY WRITE beat=46 addr=0215c296 data=827f2f219a0f5950 id=0d
[1635000] AXI S0_WVALID_RDY HANDSHAKE
[1635000] S0 MEMORY WRITE beat=47 addr=0215c297 data=d8c7f019cc7494f4 id=0d
[1635000] MASTER 0 W_VALID_RDY Handshake beat=54 wlast=0
[1645000] MASTER 0 W_VALID_RDY Handshake beat=55 wlast=0
[1645000] AXI S0_WVALID_RDY HANDSHAKE
[1645000] S0 MEMORY WRITE beat=48 addr=0215c298 data=15b3b793d40d9f3d id=0d
[1655000] AXI S0_WVALID_RDY HANDSHAKE
[1655000] S0 MEMORY WRITE beat=49 addr=0215c299 data=ee1cf88d9997e61c id=0d
[1655000] MASTER 0 W_VALID_RDY Handshake beat=56 wlast=0
[1665000] MASTER 0 W_VALID_RDY Handshake beat=57 wlast=0
[1665000] AXI S0_WVALID_RDY HANDSHAKE
[1665000] S0 MEMORY WRITE beat=50 addr=0215c29a data=e60c7b119832e6b4 id=0d
[1675000] AXI S0_WVALID_RDY HANDSHAKE
[1675000] S0 MEMORY WRITE beat=51 addr=0215c29b data=ec4085f1c6e4e8a6 id=0d
[1675000] MASTER 0 W_VALID_RDY Handshake beat=58 wlast=0
[1685000] MASTER 0 W_VALID_RDY Handshake beat=59 wlast=0
[1685000] AXI S0_WVALID_RDY HANDSHAKE
[1685000] S0 MEMORY WRITE beat=52 addr=0215c29c data=e07ccec3fbc032a4 id=0d
[1695000] AXI S0_WVALID_RDY HANDSHAKE
[1695000] S0 MEMORY WRITE beat=53 addr=0215c29d data=93f31958da5d7e7f id=0d
[1695000] MASTER 0 W_VALID_RDY Handshake beat=60 wlast=0
[1705000] MASTER 0 W_VALID_RDY Handshake beat=61 wlast=0
[1705000] AXI S0_WVALID_RDY HANDSHAKE
[1705000] S0 MEMORY WRITE beat=54 addr=0215c29e data=a1426725c68949d4 id=0d
[1715000] AXI S0_WVALID_RDY HANDSHAKE
[1715000] S0 MEMORY WRITE beat=55 addr=0215c29f data=c2497c7800339f4a id=0d
[1715000] MASTER 0 W_VALID_RDY Handshake beat=62 wlast=0
[1725000] MASTER 0 W_VALID_RDY Handshake beat=63 wlast=0
[1725000] AXI S0_WVALID_RDY HANDSHAKE
[1725000] S0 MEMORY WRITE beat=56 addr=0215c2a0 data=da911dc981bf35e8 id=0d
[1735000] AXI S0_WVALID_RDY HANDSHAKE
[1735000] S0 MEMORY WRITE beat=57 addr=0215c2a1 data=c8487fbcd63c95d0 id=0d
[1735000] MASTER 0 W_VALID_RDY Handshake beat=64 wlast=0
[1745000] MASTER 0 W_VALID_RDY Handshake beat=65 wlast=0
[1745000] AXI S0_WVALID_RDY HANDSHAKE
[1745000] S0 MEMORY WRITE beat=58 addr=0215c2a2 data=d670351afbd384ee id=0d
[1755000] AXI S0_WVALID_RDY HANDSHAKE
[1755000] S0 MEMORY WRITE beat=59 addr=0215c2a3 data=fd92bad78a91fc34 id=0d
[1755000] MASTER 0 W_VALID_RDY Handshake beat=66 wlast=0
[1765000] MASTER 0 W_VALID_RDY Handshake beat=67 wlast=0
[1765000] AXI S0_WVALID_RDY HANDSHAKE
[1765000] S0 MEMORY WRITE beat=60 addr=0215c2a4 data=e0ce9205b10152e3 id=0d
[1775000] AXI S0_WVALID_RDY HANDSHAKE
[1775000] S0 MEMORY WRITE beat=61 addr=0215c2a5 data=2cd4d7d2c5db3a93 id=0d
[1775000] MASTER 0 W_VALID_RDY Handshake beat=68 wlast=0
[1785000] MASTER 0 W_VALID_RDY Handshake beat=69 wlast=0
[1785000] AXI S0_WVALID_RDY HANDSHAKE
[1785000] S0 MEMORY WRITE beat=62 addr=0215c2a6 data=d06d36c8b73ec71f id=0d
[1795000] AXI S0_WVALID_RDY HANDSHAKE
[1795000] S0 MEMORY WRITE beat=63 addr=0215c2a7 data=e8401a032a6792a9 id=0d
[1795000] MASTER 0 W_VALID_RDY Handshake beat=70 wlast=0
[1805000] MASTER 0 W_VALID_RDY Handshake beat=71 wlast=0
[1805000] AXI S0_WVALID_RDY HANDSHAKE
[1805000] S0 MEMORY WRITE beat=64 addr=0215c2a8 data=f042cd3c313bc8cd id=0d
[1815000] AXI S0_WVALID_RDY HANDSHAKE
[1815000] S0 MEMORY WRITE beat=65 addr=0215c2a9 data=e87a8fec1514f1d5 id=0d
[1815000] MASTER 0 W_VALID_RDY Handshake beat=72 wlast=0
[1825000] MASTER 0 W_VALID_RDY Handshake beat=73 wlast=0
[1825000] AXI S0_WVALID_RDY HANDSHAKE
[1825000] S0 MEMORY WRITE beat=66 addr=0215c2aa data=3f7c847ec0b00404 id=0d
[1835000] AXI S0_WVALID_RDY HANDSHAKE
[1835000] S0 MEMORY WRITE beat=67 addr=0215c2ab data=f1ebccd1d0baa9ef id=0d
[1835000] MASTER 0 W_VALID_RDY Handshake beat=74 wlast=0
[1845000] MASTER 0 W_VALID_RDY Handshake beat=75 wlast=0
[1845000] AXI S0_WVALID_RDY HANDSHAKE
[1845000] S0 MEMORY WRITE beat=68 addr=0215c2ac data=e5cf9bc4afbf51ba id=0d
[1855000] AXI S0_WVALID_RDY HANDSHAKE
[1855000] S0 MEMORY WRITE beat=69 addr=0215c2ad data=f06f55bfda665cbe id=0d
[1855000] MASTER 0 W_VALID_RDY Handshake beat=76 wlast=0
[1865000] MASTER 0 W_VALID_RDY Handshake beat=77 wlast=0
[1865000] AXI S0_WVALID_RDY HANDSHAKE
[1865000] S0 MEMORY WRITE beat=70 addr=0215c2ae data=ab2106ada54c2042 id=0d
[1875000] AXI S0_WVALID_RDY HANDSHAKE
[1875000] S0 MEMORY WRITE beat=71 addr=0215c2af data=d50b71fde25b2290 id=0d
[1875000] MASTER 0 W_VALID_RDY Handshake beat=78 wlast=0
[1885000] MASTER 0 W_VALID_RDY Handshake beat=79 wlast=0
[1885000] AXI S0_WVALID_RDY HANDSHAKE
[1885000] S0 MEMORY WRITE beat=72 addr=0215c2b0 data=bcc17f4e10f0a272 id=0d
[1895000] AXI S0_WVALID_RDY HANDSHAKE
[1895000] S0 MEMORY WRITE beat=73 addr=0215c2b1 data=b63cc2b4c57ac7bc id=0d
[1895000] MASTER 0 W_VALID_RDY Handshake beat=80 wlast=0
[1905000] MASTER 0 W_VALID_RDY Handshake beat=81 wlast=0
[1905000] AXI S0_WVALID_RDY HANDSHAKE
[1905000] S0 MEMORY WRITE beat=74 addr=0215c2b2 data=a7d5ea4ce7e285fc id=0d
[1915000] AXI S0_WVALID_RDY HANDSHAKE
[1915000] S0 MEMORY WRITE beat=75 addr=0215c2b3 data=f8d3286e8b4834b1 id=0d
[1915000] MASTER 0 W_VALID_RDY Handshake beat=82 wlast=0
[1925000] MASTER 0 W_VALID_RDY Handshake beat=83 wlast=0
[1925000] AXI S0_WVALID_RDY HANDSHAKE
[1925000] S0 MEMORY WRITE beat=76 addr=0215c2b4 data=d0c2fc6de497699b id=0d
[1935000] AXI S0_WVALID_RDY HANDSHAKE
[1935000] S0 MEMORY WRITE beat=77 addr=0215c2b5 data=cc79ef97af0feb22 id=0d
[1935000] MASTER 0 W_VALID_RDY Handshake beat=84 wlast=0
[1945000] MASTER 0 W_VALID_RDY Handshake beat=85 wlast=0
[1945000] AXI S0_WVALID_RDY HANDSHAKE
[1945000] S0 MEMORY WRITE beat=78 addr=0215c2b6 data=3a581fd4f898e6ba id=0d
[1955000] AXI S0_WVALID_RDY HANDSHAKE
[1955000] S0 MEMORY WRITE beat=79 addr=0215c2b7 data=dd305055c54d1805 id=0d
[1955000] MASTER 0 W_VALID_RDY Handshake beat=86 wlast=0
[1965000] MASTER 0 W_VALID_RDY Handshake beat=87 wlast=0
[1965000] AXI S0_WVALID_RDY HANDSHAKE
[1965000] S0 MEMORY WRITE beat=80 addr=0215c2b8 data=f45d03278b1b1c41 id=0d
[1975000] AXI S0_WVALID_RDY HANDSHAKE
[1975000] S0 MEMORY WRITE beat=81 addr=0215c2b9 data=83b402fb29aa3fec id=0d
[1975000] MASTER 0 W_VALID_RDY Handshake beat=88 wlast=0
[1985000] MASTER 0 W_VALID_RDY Handshake beat=89 wlast=0
[1985000] AXI S0_WVALID_RDY HANDSHAKE
[1985000] S0 MEMORY WRITE beat=82 addr=0215c2ba data=eef757f1aeb522fb id=0d
[1995000] AXI S0_WVALID_RDY HANDSHAKE
[1995000] S0 MEMORY WRITE beat=83 addr=0215c2bb data=39d03f3de0e45350 id=0d
[1995000] MASTER 0 W_VALID_RDY Handshake beat=90 wlast=0
[2005000] MASTER 0 W_VALID_RDY Handshake beat=91 wlast=0
[2005000] AXI S0_WVALID_RDY HANDSHAKE
[2005000] S0 MEMORY WRITE beat=84 addr=0215c2bc data=8a8e933ce3545b18 id=0d
[2015000] AXI S0_WVALID_RDY HANDSHAKE
[2015000] S0 MEMORY WRITE beat=85 addr=0215c2bd data=12097e14bd844238 id=0d
[2015000] MASTER 0 W_VALID_RDY Handshake beat=92 wlast=0
[2025000] MASTER 0 W_VALID_RDY Handshake beat=93 wlast=0
[2025000] AXI S0_WVALID_RDY HANDSHAKE
[2025000] S0 MEMORY WRITE beat=86 addr=0215c2be data=1e689589f985eb2d id=0d
[2035000] AXI S0_WVALID_RDY HANDSHAKE
[2035000] S0 MEMORY WRITE beat=87 addr=0215c2bf data=dcda4646cbd9bd51 id=0d
[2035000] MASTER 0 W_VALID_RDY Handshake beat=94 wlast=0
[2045000] MASTER 0 W_VALID_RDY Handshake beat=95 wlast=0
[2045000] AXI S0_WVALID_RDY HANDSHAKE
[2045000] S0 MEMORY WRITE beat=88 addr=0215c2c0 data=895dff89a8f728c5 id=0d
[2055000] AXI S0_WVALID_RDY HANDSHAKE
[2055000] S0 MEMORY WRITE beat=89 addr=0215c2c1 data=227d13f3eee3c45a id=0d
[2055000] MASTER 0 W_VALID_RDY Handshake beat=96 wlast=0
[2065000] MASTER 0 W_VALID_RDY Handshake beat=97 wlast=0
[2065000] AXI S0_WVALID_RDY HANDSHAKE
[2065000] S0 MEMORY WRITE beat=90 addr=0215c2c2 data=3abd81aba7c69512 id=0d
[2075000] AXI S0_WVALID_RDY HANDSHAKE
[2075000] S0 MEMORY WRITE beat=91 addr=0215c2c3 data=d0bdbdd8ff575a39 id=0d
[2075000] MASTER 0 W_VALID_RDY Handshake beat=98 wlast=0
[2085000] MASTER 0 W_VALID_RDY Handshake beat=99 wlast=0
[2085000] AXI S0_WVALID_RDY HANDSHAKE
[2085000] S0 MEMORY WRITE beat=92 addr=0215c2c4 data=ee3b1e93c41b8134 id=0d
[2095000] AXI S0_WVALID_RDY HANDSHAKE
[2095000] S0 MEMORY WRITE beat=93 addr=0215c2c5 data=ebe21647f33ad1cb id=0d
[2095000] MASTER 0 W_VALID_RDY Handshake beat=100 wlast=0
[2105000] MASTER 0 W_VALID_RDY Handshake beat=101 wlast=0
[2105000] AXI S0_WVALID_RDY HANDSHAKE
[2105000] S0 MEMORY WRITE beat=94 addr=0215c2c6 data=f2922c0428f8a03e id=0d
[2115000] AXI S0_WVALID_RDY HANDSHAKE
[2115000] S0 MEMORY WRITE beat=95 addr=0215c2c7 data=ed1421723c9fd41f id=0d
[2115000] MASTER 0 W_VALID_RDY Handshake beat=102 wlast=0
[2125000] MASTER 0 W_VALID_RDY Handshake beat=103 wlast=0
[2125000] AXI S0_WVALID_RDY HANDSHAKE
[2125000] S0 MEMORY WRITE beat=96 addr=0215c2c8 data=2fdaa5eae0cd4a97 id=0d
[2135000] AXI S0_WVALID_RDY HANDSHAKE
[2135000] S0 MEMORY WRITE beat=97 addr=0215c2c9 data=09c5ead5d8f637b9 id=0d
[2135000] MASTER 0 W_VALID_RDY Handshake beat=104 wlast=0
[2145000] MASTER 0 W_VALID_RDY Handshake beat=105 wlast=0
[2145000] AXI S0_WVALID_RDY HANDSHAKE
[2145000] S0 MEMORY WRITE beat=98 addr=0215c2ca data=95960bd8226cd1ee id=0d
[2155000] AXI S0_WVALID_RDY HANDSHAKE
[2155000] S0 MEMORY WRITE beat=99 addr=0215c2cb data=033a1c85f6da0c47 id=0d
[2155000] MASTER 0 W_VALID_RDY Handshake beat=106 wlast=0
[2165000] MASTER 0 W_VALID_RDY Handshake beat=107 wlast=0
[2165000] AXI S0_WVALID_RDY HANDSHAKE
[2165000] S0 MEMORY WRITE beat=100 addr=0215c2cc data=cfd04401c570b1c2 id=0d
[2175000] AXI S0_WVALID_RDY HANDSHAKE
[2175000] S0 MEMORY WRITE beat=101 addr=0215c2cd data=e7dd83b00d00075a id=0d
[2175000] MASTER 0 W_VALID_RDY Handshake beat=108 wlast=0
[2185000] MASTER 0 W_VALID_RDY Handshake beat=109 wlast=0
[2185000] AXI S0_WVALID_RDY HANDSHAKE
[2185000] S0 MEMORY WRITE beat=102 addr=0215c2ce data=83da13a1e5664fd9 id=0d
[2195000] AXI S0_WVALID_RDY HANDSHAKE
[2195000] S0 MEMORY WRITE beat=103 addr=0215c2cf data=2ad7019ceb17a035 id=0d
[2195000] MASTER 0 W_VALID_RDY Handshake beat=110 wlast=0
[2205000] MASTER 0 W_VALID_RDY Handshake beat=111 wlast=0
[2205000] AXI S0_WVALID_RDY HANDSHAKE
[2205000] S0 MEMORY WRITE beat=104 addr=0215c2d0 data=f817a78fd3aa57a2 id=0d
[2215000] AXI S0_WVALID_RDY HANDSHAKE
[2215000] S0 MEMORY WRITE beat=105 addr=0215c2d1 data=3910a77c92b4854c id=0d
[2215000] MASTER 0 W_VALID_RDY Handshake beat=112 wlast=0
[2225000] MASTER 0 W_VALID_RDY Handshake beat=113 wlast=0
[2225000] AXI S0_WVALID_RDY HANDSHAKE
[2225000] S0 MEMORY WRITE beat=106 addr=0215c2d2 data=fdcc2582fbf1bb31 id=0d
[2235000] AXI S0_WVALID_RDY HANDSHAKE
[2235000] S0 MEMORY WRITE beat=107 addr=0215c2d3 data=cf9c12d3e3e7a918 id=0d
[2235000] MASTER 0 W_VALID_RDY Handshake beat=114 wlast=0
[2245000] MASTER 0 W_VALID_RDY Handshake beat=115 wlast=0
[2245000] AXI S0_WVALID_RDY HANDSHAKE
[2245000] S0 MEMORY WRITE beat=108 addr=0215c2d4 data=f69c2e64f5e3cd11 id=0d
[2255000] AXI S0_WVALID_RDY HANDSHAKE
[2255000] S0 MEMORY WRITE beat=109 addr=0215c2d5 data=f1d5884288acba4f id=0d
[2255000] MASTER 0 W_VALID_RDY Handshake beat=116 wlast=0
[2265000] MASTER 0 W_VALID_RDY Handshake beat=117 wlast=0
[2265000] AXI S0_WVALID_RDY HANDSHAKE
[2265000] S0 MEMORY WRITE beat=110 addr=0215c2d6 data=ec946367f46853e6 id=0d
[2275000] AXI S0_WVALID_RDY HANDSHAKE
[2275000] S0 MEMORY WRITE beat=111 addr=0215c2d7 data=ea4c20f8c1719b16 id=0d
[2275000] MASTER 0 W_VALID_RDY Handshake beat=118 wlast=0
[2285000] MASTER 0 W_VALID_RDY Handshake beat=119 wlast=0
[2285000] AXI S0_WVALID_RDY HANDSHAKE
[2285000] S0 MEMORY WRITE beat=112 addr=0215c2d8 data=ca1e5565e33091cc id=0d
[2295000] AXI S0_WVALID_RDY HANDSHAKE
[2295000] S0 MEMORY WRITE beat=113 addr=0215c2d9 data=d798e5b2dc21a93a id=0d
[2295000] MASTER 0 W_VALID_RDY Handshake beat=120 wlast=0
[2305000] MASTER 0 W_VALID_RDY Handshake beat=121 wlast=0
[2305000] AXI S0_WVALID_RDY HANDSHAKE
[2305000] S0 MEMORY WRITE beat=114 addr=0215c2da data=9d93445036b2b8cd id=0d
[2315000] AXI S0_WVALID_RDY HANDSHAKE
[2315000] S0 MEMORY WRITE beat=115 addr=0215c2db data=19e34a99c1e506aa id=0d
[2315000] MASTER 0 W_VALID_RDY Handshake beat=122 wlast=0
[2325000] MASTER 0 W_VALID_RDY Handshake beat=123 wlast=0
[2325000] AXI S0_WVALID_RDY HANDSHAKE
[2325000] S0 MEMORY WRITE beat=116 addr=0215c2dc data=1e06afe5e7b199b6 id=0d
[2335000] AXI S0_WVALID_RDY HANDSHAKE
[2335000] S0 MEMORY WRITE beat=117 addr=0215c2dd data=1e645283f17c304b id=0d
[2335000] MASTER 0 W_VALID_RDY Handshake beat=124 wlast=0
[2345000] MASTER 0 W_VALID_RDY Handshake beat=125 wlast=0
[2345000] AXI S0_WVALID_RDY HANDSHAKE
[2345000] S0 MEMORY WRITE beat=118 addr=0215c2de data=336136f6bb99f435 id=0d
[2355000] AXI S0_WVALID_RDY HANDSHAKE
[2355000] S0 MEMORY WRITE beat=119 addr=0215c2df data=a34b8deb38479d1c id=0d
[2355000] MASTER 0 W_VALID_RDY Handshake beat=126 wlast=0
[2365000] MASTER 0 W_VALID_RDY Handshake beat=127 wlast=0
[2365000] AXI S0_WVALID_RDY HANDSHAKE
[2365000] S0 MEMORY WRITE beat=120 addr=0215c2e0 data=a9c3cd67d167e6db id=0d
[2375000] AXI S0_WVALID_RDY HANDSHAKE
[2375000] S0 MEMORY WRITE beat=121 addr=0215c2e1 data=8d01db10c1afe06e id=0d
[2375000] MASTER 0 W_VALID_RDY Handshake beat=128 wlast=0
[2385000] MASTER 0 W_VALID_RDY Handshake beat=129 wlast=0
[2385000] AXI S0_WVALID_RDY HANDSHAKE
[2385000] S0 MEMORY WRITE beat=122 addr=0215c2e2 data=f9f77d8add25045d id=0d
[2395000] AXI S0_WVALID_RDY HANDSHAKE
[2395000] S0 MEMORY WRITE beat=123 addr=0215c2e3 data=ae8ceb38304d68fc id=0d
[2395000] MASTER 0 W_VALID_RDY Handshake beat=130 wlast=0
[2405000] MASTER 0 W_VALID_RDY Handshake beat=131 wlast=0
[2405000] AXI S0_WVALID_RDY HANDSHAKE
[2405000] S0 MEMORY WRITE beat=124 addr=0215c2e4 data=f1fd496a23bb4af2 id=0d
[2415000] AXI S0_WVALID_RDY HANDSHAKE
[2415000] S0 MEMORY WRITE beat=125 addr=0215c2e5 data=80e04f4f3b8ec649 id=0d
[2415000] MASTER 0 W_VALID_RDY Handshake beat=132 wlast=0
[2425000] MASTER 0 W_VALID_RDY Handshake beat=133 wlast=0
[2425000] AXI S0_WVALID_RDY HANDSHAKE
[2425000] S0 MEMORY WRITE beat=126 addr=0215c2e6 data=ebdc2f45ebf4c6f5 id=0d
[2435000] AXI S0_WVALID_RDY HANDSHAKE
[2435000] S0 MEMORY WRITE beat=127 addr=0215c2e7 data=0fb011e72f6d3a88 id=0d
[2435000] MASTER 0 W_VALID_RDY Handshake beat=134 wlast=0
[2445000] MASTER 0 W_VALID_RDY Handshake beat=135 wlast=0
[2445000] AXI S0_WVALID_RDY HANDSHAKE
[2445000] S0 MEMORY WRITE beat=128 addr=0215c2e8 data=eafc00d1ddd978af id=0d
[2455000] AXI S0_WVALID_RDY HANDSHAKE
[2455000] S0 MEMORY WRITE beat=129 addr=0215c2e9 data=c9ce3fa490906136 id=0d
[2455000] MASTER 0 W_VALID_RDY Handshake beat=136 wlast=0
[2465000] MASTER 0 W_VALID_RDY Handshake beat=137 wlast=0
[2465000] AXI S0_WVALID_RDY HANDSHAKE
[2465000] S0 MEMORY WRITE beat=130 addr=0215c2ea data=bffd9bbed6d83016 id=0d
[2475000] AXI S0_WVALID_RDY HANDSHAKE
[2475000] S0 MEMORY WRITE beat=131 addr=0215c2eb data=b4b1a8c5d97e518b id=0d
[2475000] MASTER 0 W_VALID_RDY Handshake beat=138 wlast=0
[2485000] MASTER 0 W_VALID_RDY Handshake beat=139 wlast=0
[2485000] AXI S0_WVALID_RDY HANDSHAKE
[2485000] S0 MEMORY WRITE beat=132 addr=0215c2ec data=ea0eb2c2aaf99c8f id=0d
[2495000] AXI S0_WVALID_RDY HANDSHAKE
[2495000] S0 MEMORY WRITE beat=133 addr=0215c2ed data=81d1cca5fe7fe86a id=0d
[2495000] MASTER 0 W_VALID_RDY Handshake beat=140 wlast=0
[2505000] MASTER 0 W_VALID_RDY Handshake beat=141 wlast=0
[2505000] AXI S0_WVALID_RDY HANDSHAKE
[2505000] S0 MEMORY WRITE beat=134 addr=0215c2ee data=d7fe39f5aa0c4e80 id=0d
[2515000] AXI S0_WVALID_RDY HANDSHAKE
[2515000] S0 MEMORY WRITE beat=135 addr=0215c2ef data=d505eb103683756b id=0d
[2515000] MASTER 0 W_VALID_RDY Handshake beat=142 wlast=0
[2525000] MASTER 0 W_VALID_RDY Handshake beat=143 wlast=0
[2525000] AXI S0_WVALID_RDY HANDSHAKE
[2525000] S0 MEMORY WRITE beat=136 addr=0215c2f0 data=35035dd5c20cecb7 id=0d
[2535000] AXI S0_WVALID_RDY HANDSHAKE
[2535000] S0 MEMORY WRITE beat=137 addr=0215c2f1 data=ec193b38d6d7b7b5 id=0d
[2535000] MASTER 0 W_VALID_RDY Handshake beat=144 wlast=0
[2545000] MASTER 0 W_VALID_RDY Handshake beat=145 wlast=0
[2545000] AXI S0_WVALID_RDY HANDSHAKE
[2545000] S0 MEMORY WRITE beat=138 addr=0215c2f2 data=8d5b2d208d0197ca id=0d
[2555000] AXI S0_WVALID_RDY HANDSHAKE
[2555000] S0 MEMORY WRITE beat=139 addr=0215c2f3 data=cf0e8482c11f2648 id=0d
[2555000] MASTER 0 W_VALID_RDY Handshake beat=146 wlast=0
[2565000] MASTER 0 W_VALID_RDY Handshake beat=147 wlast=0
[2565000] AXI S0_WVALID_RDY HANDSHAKE
[2565000] S0 MEMORY WRITE beat=140 addr=0215c2f4 data=97f6ddfdc25e8af5 id=0d
[2575000] AXI S0_WVALID_RDY HANDSHAKE
[2575000] S0 MEMORY WRITE beat=141 addr=0215c2f5 data=cf6022c03b27bfba id=0d
[2575000] MASTER 0 W_VALID_RDY Handshake beat=148 wlast=0
[2585000] MASTER 0 W_VALID_RDY Handshake beat=149 wlast=0
[2585000] AXI S0_WVALID_RDY HANDSHAKE
[2585000] S0 MEMORY WRITE beat=142 addr=0215c2f6 data=fc46e60225520b1e id=0d
[2595000] AXI S0_WVALID_RDY HANDSHAKE
[2595000] S0 MEMORY WRITE beat=143 addr=0215c2f7 data=e7b096131e6ea742 id=0d
[2595000] MASTER 0 W_VALID_RDY Handshake beat=150 wlast=0
[2605000] MASTER 0 W_VALID_RDY Handshake beat=151 wlast=0
[2605000] AXI S0_WVALID_RDY HANDSHAKE
[2605000] S0 MEMORY WRITE beat=144 addr=0215c2f8 data=d99666fc943dc3ff id=0d
[2615000] AXI S0_WVALID_RDY HANDSHAKE
[2615000] S0 MEMORY WRITE beat=145 addr=0215c2f9 data=b98fcf1db710b8d3 id=0d
[2615000] MASTER 0 W_VALID_RDY Handshake beat=152 wlast=0
[2625000] MASTER 0 W_VALID_RDY Handshake beat=153 wlast=0
[2625000] AXI S0_WVALID_RDY HANDSHAKE
[2625000] S0 MEMORY WRITE beat=146 addr=0215c2fa data=d57f6015d5dd4cfe id=0d
[2635000] AXI S0_WVALID_RDY HANDSHAKE
[2635000] S0 MEMORY WRITE beat=147 addr=0215c2fb data=ea1b10fd21406531 id=0d
[2635000] MASTER 0 W_VALID_RDY Handshake beat=154 wlast=0
[2645000] MASTER 0 W_VALID_RDY Handshake beat=155 wlast=0
[2645000] AXI S0_WVALID_RDY HANDSHAKE
[2645000] S0 MEMORY WRITE beat=148 addr=0215c2fc data=d8511e04af15c711 id=0d
[2655000] AXI S0_WVALID_RDY HANDSHAKE
[2655000] S0 MEMORY WRITE beat=149 addr=0215c2fd data=84f3140f23aae01b id=0d
[2655000] MASTER 0 W_VALID_RDY Handshake beat=156 wlast=0
[2665000] MASTER 0 W_VALID_RDY Handshake beat=157 wlast=0
[2665000] AXI S0_WVALID_RDY HANDSHAKE
[2665000] S0 MEMORY WRITE beat=150 addr=0215c2fe data=c4eb454c2dd07e1a id=0d
[2675000] AXI S0_WVALID_RDY HANDSHAKE
[2675000] S0 MEMORY WRITE beat=151 addr=0215c2ff data=dce6452bef0e250d id=0d
[2675000] MASTER 0 W_VALID_RDY Handshake beat=158 wlast=0
[2685000] MASTER 0 W_VALID_RDY Handshake beat=159 wlast=0
[2685000] AXI S0_WVALID_RDY HANDSHAKE
[2685000] S0 MEMORY WRITE beat=152 addr=0215c300 data=12b905289d3c6350 id=0d
[2695000] AXI S0_WVALID_RDY HANDSHAKE
[2695000] S0 MEMORY WRITE beat=153 addr=0215c301 data=cb0ce16ae1d9593b id=0d
[2695000] MASTER 0 W_VALID_RDY Handshake beat=160 wlast=0
[2705000] MASTER 0 W_VALID_RDY Handshake beat=161 wlast=0
[2705000] AXI S0_WVALID_RDY HANDSHAKE
[2705000] S0 MEMORY WRITE beat=154 addr=0215c302 data=d0e77e48d7a44a74 id=0d
[2715000] AXI S0_WVALID_RDY HANDSHAKE
[2715000] S0 MEMORY WRITE beat=155 addr=0215c303 data=f4e0adc427f32696 id=0d
[2715000] MASTER 0 W_VALID_RDY Handshake beat=162 wlast=0
[2725000] MASTER 0 W_VALID_RDY Handshake beat=163 wlast=0
[2725000] AXI S0_WVALID_RDY HANDSHAKE
[2725000] S0 MEMORY WRITE beat=156 addr=0215c304 data=09cc7fd1e3a08370 id=0d
[2735000] AXI S0_WVALID_RDY HANDSHAKE
[2735000] S0 MEMORY WRITE beat=157 addr=0215c305 data=3b44cde43fed8f2f id=0d
[2735000] MASTER 0 W_VALID_RDY Handshake beat=164 wlast=0
[2745000] MASTER 0 W_VALID_RDY Handshake beat=165 wlast=0
[2745000] AXI S0_WVALID_RDY HANDSHAKE
[2745000] S0 MEMORY WRITE beat=158 addr=0215c306 data=e7e0b5c5dab3fe19 id=0d
[2755000] AXI S0_WVALID_RDY HANDSHAKE
[2755000] S0 MEMORY WRITE beat=159 addr=0215c307 data=3e548189b0257ba8 id=0d
[2755000] MASTER 0 W_VALID_RDY Handshake beat=166 wlast=0
[2765000] MASTER 0 W_VALID_RDY Handshake beat=167 wlast=0
[2765000] AXI S0_WVALID_RDY HANDSHAKE
[2765000] S0 MEMORY WRITE beat=160 addr=0215c308 data=f0130ad7f1ad3596 id=0d
[2775000] AXI S0_WVALID_RDY HANDSHAKE
[2775000] S0 MEMORY WRITE beat=161 addr=0215c309 data=cc6133aff9994f6d id=0d
[2775000] MASTER 0 W_VALID_RDY Handshake beat=168 wlast=0
[2785000] MASTER 0 W_VALID_RDY Handshake beat=169 wlast=0
[2785000] AXI S0_WVALID_RDY HANDSHAKE
[2785000] S0 MEMORY WRITE beat=162 addr=0215c30a data=a9becb15d7f3c09c id=0d
[2795000] AXI S0_WVALID_RDY HANDSHAKE
[2795000] S0 MEMORY WRITE beat=163 addr=0215c30b data=c9a0f6320ab5b538 id=0d
[2795000] MASTER 0 W_VALID_RDY Handshake beat=170 wlast=0
[2805000] MASTER 0 W_VALID_RDY Handshake beat=171 wlast=0
[2805000] AXI S0_WVALID_RDY HANDSHAKE
[2805000] S0 MEMORY WRITE beat=164 addr=0215c30c data=044f04a519d1d5ed id=0d
[2815000] AXI S0_WVALID_RDY HANDSHAKE
[2815000] S0 MEMORY WRITE beat=165 addr=0215c30d data=f1c59689960229e1 id=0d
[2815000] MASTER 0 W_VALID_RDY Handshake beat=172 wlast=0
[2825000] MASTER 0 W_VALID_RDY Handshake beat=173 wlast=0
[2825000] AXI S0_WVALID_RDY HANDSHAKE
[2825000] S0 MEMORY WRITE beat=166 addr=0215c30e data=a0b7df19ae0dcfba id=0d
[2835000] AXI S0_WVALID_RDY HANDSHAKE
[2835000] S0 MEMORY WRITE beat=167 addr=0215c30f data=c7dfa5a73b668cbc id=0d
[2835000] MASTER 0 W_VALID_RDY Handshake beat=174 wlast=0
[2845000] MASTER 0 W_VALID_RDY Handshake beat=175 wlast=0
[2845000] AXI S0_WVALID_RDY HANDSHAKE
[2845000] S0 MEMORY WRITE beat=168 addr=0215c310 data=d168b69da506e3be id=0d
[2855000] AXI S0_WVALID_RDY HANDSHAKE
[2855000] S0 MEMORY WRITE beat=169 addr=0215c311 data=d314b37939a53c31 id=0d
[2855000] MASTER 0 W_VALID_RDY Handshake beat=176 wlast=0
[2865000] MASTER 0 W_VALID_RDY Handshake beat=177 wlast=0
[2865000] AXI S0_WVALID_RDY HANDSHAKE
[2865000] S0 MEMORY WRITE beat=170 addr=0215c312 data=f50bc8edf22095b7 id=0d
[2875000] AXI S0_WVALID_RDY HANDSHAKE
[2875000] S0 MEMORY WRITE beat=171 addr=0215c313 data=972779759af45920 id=0d
[2875000] MASTER 0 W_VALID_RDY Handshake beat=178 wlast=0
[2885000] MASTER 0 W_VALID_RDY Handshake beat=179 wlast=0
[2885000] AXI S0_WVALID_RDY HANDSHAKE
[2885000] S0 MEMORY WRITE beat=172 addr=0215c314 data=d4999551c6747f8a id=0d
[2895000] AXI S0_WVALID_RDY HANDSHAKE
[2895000] S0 MEMORY WRITE beat=173 addr=0215c315 data=b8951541ea3c2cee id=0d
[2895000] MASTER 0 W_VALID_RDY Handshake beat=180 wlast=0
[2905000] MASTER 0 W_VALID_RDY Handshake beat=181 wlast=0
[2905000] AXI S0_WVALID_RDY HANDSHAKE
[2905000] S0 MEMORY WRITE beat=174 addr=0215c316 data=0530860fc9a55e3e id=0d
[2915000] AXI S0_WVALID_RDY HANDSHAKE
[2915000] S0 MEMORY WRITE beat=175 addr=0215c317 data=1019ddc9cfbc8eb7 id=0d
[2915000] MASTER 0 W_VALID_RDY Handshake beat=182 wlast=0
[2925000] MASTER 0 W_VALID_RDY Handshake beat=183 wlast=0
[2925000] AXI S0_WVALID_RDY HANDSHAKE
[2925000] S0 MEMORY WRITE beat=176 addr=0215c318 data=b9f8bba5d9ca1b60 id=0d
[2935000] AXI S0_WVALID_RDY HANDSHAKE
[2935000] S0 MEMORY WRITE beat=177 addr=0215c319 data=236f799fc8aef30a id=0d
[2935000] MASTER 0 W_VALID_RDY Handshake beat=184 wlast=0
[2945000] MASTER 0 W_VALID_RDY Handshake beat=185 wlast=0
[2945000] AXI S0_WVALID_RDY HANDSHAKE
[2945000] S0 MEMORY WRITE beat=178 addr=0215c31a data=986b81c1bf2941b4 id=0d
[2955000] AXI S0_WVALID_RDY HANDSHAKE
[2955000] S0 MEMORY WRITE beat=179 addr=0215c31b data=18f35d1533895768 id=0d
[2955000] MASTER 0 W_VALID_RDY Handshake beat=186 wlast=0
[2965000] MASTER 0 W_VALID_RDY Handshake beat=187 wlast=0
[2965000] AXI S0_WVALID_RDY HANDSHAKE
[2965000] S0 MEMORY WRITE beat=180 addr=0215c31c data=fc384a72d2643d67 id=0d
[2975000] AXI S0_WVALID_RDY HANDSHAKE
[2975000] S0 MEMORY WRITE beat=181 addr=0215c31d data=918d7f1b3c62d6b4 id=0d
[2975000] MASTER 0 W_VALID_RDY Handshake beat=188 wlast=0
[2985000] MASTER 0 W_VALID_RDY Handshake beat=189 wlast=0
[2985000] AXI S0_WVALID_RDY HANDSHAKE
[2985000] S0 MEMORY WRITE beat=182 addr=0215c31e data=efec2e1c14a3cc34 id=0d
[2995000] AXI S0_WVALID_RDY HANDSHAKE
[2995000] S0 MEMORY WRITE beat=183 addr=0215c31f data=e708099baa80dc30 id=0d
[2995000] MASTER 0 W_VALID_RDY Handshake beat=190 wlast=0
[3005000] MASTER 0 W_VALID_RDY Handshake beat=191 wlast=0
[3005000] AXI S0_WVALID_RDY HANDSHAKE
[3005000] S0 MEMORY WRITE beat=184 addr=0215c320 data=e6e3b2e4ec24788e id=0d
[3015000] AXI S0_WVALID_RDY HANDSHAKE
[3015000] S0 MEMORY WRITE beat=185 addr=0215c321 data=80c844c2f89588b6 id=0d
[3015000] MASTER 0 W_VALID_RDY Handshake beat=192 wlast=0
[3025000] MASTER 0 W_VALID_RDY Handshake beat=193 wlast=0
[3025000] AXI S0_WVALID_RDY HANDSHAKE
[3025000] S0 MEMORY WRITE beat=186 addr=0215c322 data=231664e7d6cfe100 id=0d
[3035000] AXI S0_WVALID_RDY HANDSHAKE
[3035000] S0 MEMORY WRITE beat=187 addr=0215c323 data=c2f4598fe7d04e5d id=0d
[3035000] MASTER 0 W_VALID_RDY Handshake beat=194 wlast=0
[3045000] MASTER 0 W_VALID_RDY Handshake beat=195 wlast=0
[3045000] AXI S0_WVALID_RDY HANDSHAKE
[3045000] S0 MEMORY WRITE beat=188 addr=0215c324 data=e065d71489fa17cb id=0d
[3055000] AXI S0_WVALID_RDY HANDSHAKE
[3055000] S0 MEMORY WRITE beat=189 addr=0215c325 data=e0c9f8ccc3bc9e51 id=0d
[3055000] MASTER 0 W_VALID_RDY Handshake beat=196 wlast=0
[3065000] MASTER 0 W_VALID_RDY Handshake beat=197 wlast=0
[3065000] AXI S0_WVALID_RDY HANDSHAKE
[3065000] S0 MEMORY WRITE beat=190 addr=0215c326 data=2b8cecaf037c3bfb id=0d
[3075000] AXI S0_WVALID_RDY HANDSHAKE
[3075000] S0 MEMORY WRITE beat=191 addr=0215c327 data=8d7653c623be525b id=0d
[3075000] MASTER 0 W_VALID_RDY Handshake beat=198 wlast=0
[3085000] MASTER 0 W_VALID_RDY Handshake beat=199 wlast=0
[3085000] AXI S0_WVALID_RDY HANDSHAKE
[3085000] S0 MEMORY WRITE beat=192 addr=0215c328 data=e77af0ac0bf2c3c3 id=0d
[3095000] AXI S0_WVALID_RDY HANDSHAKE
[3095000] S0 MEMORY WRITE beat=193 addr=0215c329 data=0f6effbeee404c92 id=0d
[3095000] MASTER 0 W_VALID_RDY Handshake beat=200 wlast=0
[3105000] MASTER 0 W_VALID_RDY Handshake beat=201 wlast=0
[3105000] AXI S0_WVALID_RDY HANDSHAKE
[3105000] S0 MEMORY WRITE beat=194 addr=0215c32a data=91fe9eed9307dd5b id=0d
[3115000] AXI S0_WVALID_RDY HANDSHAKE
[3115000] S0 MEMORY WRITE beat=195 addr=0215c32b data=9efaa11e9ce55384 id=0d
[3115000] MASTER 0 W_VALID_RDY Handshake beat=202 wlast=0
[3125000] MASTER 0 W_VALID_RDY Handshake beat=203 wlast=0
[3125000] AXI S0_WVALID_RDY HANDSHAKE
[3125000] S0 MEMORY WRITE beat=196 addr=0215c32c data=0b25a017f9798f9a id=0d
[3135000] AXI S0_WVALID_RDY HANDSHAKE
[3135000] S0 MEMORY WRITE beat=197 addr=0215c32d data=8c816cf5ae69a0dc id=0d
[3135000] MASTER 0 W_VALID_RDY Handshake beat=204 wlast=0
[3145000] MASTER 0 W_VALID_RDY Handshake beat=205 wlast=0
[3145000] AXI S0_WVALID_RDY HANDSHAKE
[3145000] S0 MEMORY WRITE beat=198 addr=0215c32e data=cb4ef4619d243f04 id=0d
[3155000] AXI S0_WVALID_RDY HANDSHAKE
[3155000] S0 MEMORY WRITE beat=199 addr=0215c32f data=969dce9e2b7c0e14 id=0d
[3155000] MASTER 0 W_VALID_RDY Handshake beat=206 wlast=0
[3165000] MASTER 0 W_VALID_RDY Handshake beat=207 wlast=0
[3165000] AXI S0_WVALID_RDY HANDSHAKE
[3165000] S0 MEMORY WRITE beat=200 addr=0215c330 data=d9e5aef0d6749478 id=0d
[3175000] AXI S0_WVALID_RDY HANDSHAKE
[3175000] S0 MEMORY WRITE beat=201 addr=0215c331 data=f398d37c231f3b94 id=0d
[3175000] MASTER 0 W_VALID_RDY Handshake beat=208 wlast=0
[3185000] MASTER 0 W_VALID_RDY Handshake beat=209 wlast=0
[3185000] AXI S0_WVALID_RDY HANDSHAKE
[3185000] S0 MEMORY WRITE beat=202 addr=0215c332 data=ce9b49a8a534a351 id=0d
[3195000] AXI S0_WVALID_RDY HANDSHAKE
[3195000] S0 MEMORY WRITE beat=203 addr=0215c333 data=fba937c90a36a21b id=0d
[3195000] MASTER 0 W_VALID_RDY Handshake beat=210 wlast=0
[3205000] MASTER 0 W_VALID_RDY Handshake beat=211 wlast=0
[3205000] AXI S0_WVALID_RDY HANDSHAKE
[3205000] S0 MEMORY WRITE beat=204 addr=0215c334 data=2d55ddafa880f898 id=0d
[3215000] AXI S0_WVALID_RDY HANDSHAKE
[3215000] S0 MEMORY WRITE beat=205 addr=0215c335 data=cdb59beaef420b46 id=0d
[3215000] MASTER 0 W_VALID_RDY Handshake beat=212 wlast=0
[3225000] MASTER 0 W_VALID_RDY Handshake beat=213 wlast=0
[3225000] AXI S0_WVALID_RDY HANDSHAKE
[3225000] S0 MEMORY WRITE beat=206 addr=0215c336 data=f978ad61fbf12757 id=0d
[3235000] AXI S0_WVALID_RDY HANDSHAKE
[3235000] S0 MEMORY WRITE beat=207 addr=0215c337 data=a4721fefc95ed3b3 id=0d
[3235000] MASTER 0 W_VALID_RDY Handshake beat=214 wlast=0
[3245000] MASTER 0 W_VALID_RDY Handshake beat=215 wlast=0
[3245000] AXI S0_WVALID_RDY HANDSHAKE
[3245000] S0 MEMORY WRITE beat=208 addr=0215c338 data=b8a0def926ce8b10 id=0d
[3255000] AXI S0_WVALID_RDY HANDSHAKE
[3255000] S0 MEMORY WRITE beat=209 addr=0215c339 data=22bfb267f227bbd9 id=0d
[3255000] MASTER 0 W_VALID_RDY Handshake beat=216 wlast=0
[3265000] MASTER 0 W_VALID_RDY Handshake beat=217 wlast=0
[3265000] AXI S0_WVALID_RDY HANDSHAKE
[3265000] S0 MEMORY WRITE beat=210 addr=0215c33a data=3b868f8db2198c5a id=0d
[3275000] AXI S0_WVALID_RDY HANDSHAKE
[3275000] S0 MEMORY WRITE beat=211 addr=0215c33b data=d8e8176ac731d256 id=0d
[3275000] MASTER 0 W_VALID_RDY Handshake beat=218 wlast=0
[3285000] MASTER 0 W_VALID_RDY Handshake beat=219 wlast=0
[3285000] AXI S0_WVALID_RDY HANDSHAKE
[3285000] S0 MEMORY WRITE beat=212 addr=0215c33c data=39598e30f4276e86 id=0d
[3295000] AXI S0_WVALID_RDY HANDSHAKE
[3295000] S0 MEMORY WRITE beat=213 addr=0215c33d data=2640fae1fba7c9d1 id=0d
[3295000] MASTER 0 W_VALID_RDY Handshake beat=220 wlast=0
[3305000] MASTER 0 W_VALID_RDY Handshake beat=221 wlast=0
[3305000] AXI S0_WVALID_RDY HANDSHAKE
[3305000] S0 MEMORY WRITE beat=214 addr=0215c33e data=c2d99c28f4e01dbd id=0d
[3315000] AXI S0_WVALID_RDY HANDSHAKE
[3315000] S0 MEMORY WRITE beat=215 addr=0215c33f data=e9078c43ff29124b id=0d
[3315000] MASTER 0 W_VALID_RDY Handshake beat=222 wlast=0
[3325000] MASTER 0 W_VALID_RDY Handshake beat=223 wlast=0
[3325000] AXI S0_WVALID_RDY HANDSHAKE
[3325000] S0 MEMORY WRITE beat=216 addr=0215c340 data=fad0dc1dfc332a58 id=0d
[3335000] AXI S0_WVALID_RDY HANDSHAKE
[3335000] S0 MEMORY WRITE beat=217 addr=0215c341 data=f11348158f488724 id=0d
[3335000] MASTER 0 W_VALID_RDY Handshake beat=224 wlast=1
[3345000] AXI S0_WVALID_RDY HANDSHAKE
[3345000] S0 MEMORY WRITE beat=218 addr=0215c342 data=0e7199703daa7845 id=0d
[3355000] AXI S0_WVALID_RDY HANDSHAKE
[3355000] S0 MEMORY WRITE beat=219 addr=0215c343 data=39dda29dda1ad458 id=0d
[3365000] AXI S0_WVALID_RDY HANDSHAKE
[3365000] S0 MEMORY WRITE beat=220 addr=0215c344 data=e9635b7d0942758d id=0d
[3375000] AXI S0_WVALID_RDY HANDSHAKE
[3375000] S0 MEMORY WRITE beat=221 addr=0215c345 data=c6ecedd22af0eab2 id=0d
[3385000] AXI S0_WVALID_RDY HANDSHAKE
[3385000] S0 MEMORY WRITE beat=222 addr=0215c346 data=850bbf0af7d4f4ed id=0d
[3395000] AXI S0_WVALID_RDY HANDSHAKE
[3395000] S0 MEMORY WRITE beat=223 addr=0215c347 data=01176a7a00ca906f id=0d
[3405000] AXI S0_WVALID_RDY HANDSHAKE
[3405000] S0 MEMORY WRITE beat=224 addr=0215c348 data=2bbb7b21ee6f1a87 id=0d
[3415000] SLAVE0 sent B resp, id=13
[3415000] [SLAVE MONITOR] mst_id=0 s_id=0 awaddr=215c268 awid=1101 awlen=224 awsize=0 awburst=1 wdata=[e5fbfaa5d40ab65c c443b3abd84b7f11 f08e375ebccdd4da 90d88b360e1367da e65ee6ebd68a3203 135806ded51c3ee1 e32fa6bbd6ed1e4a ad77504da4309214 f94cd0f6c98e8da7 207babf1c0cf572b e4ffe940dc7c77b1 a60b0558cdf2fc3e ec2536ade4cba36 bac931e7c686b149 1479ad88f3c23caa d20ef6e0e0d43740 a75ae889233c00f2 16fe3d9c8cd828c7 edac6007bbd49611 df109703e90d347c f5e55d4315074891 d0dbdea2f60ed49f df1c091be391bd4b f89905dc2fec75a6 a5fb4a45d501665f 389323aac974e47e f9615a2405175361 da18b9c0312c2986 faa10e041f5ca46a 2473f7cb12abdd6a c3d806f0f4026829 135f0c93fe8cb18b 11388ef5be7914f4 b27b7d1d37d3045e 365fb5e9d51095e5 9389aad9c5da89b0 fdad8e0ec79844de 1ca8dac3c60527f7 8bdfb1a7b40d43f7 fba588d5b032859c f637ad93098d3fb6 bd9a83ad984e6398 c880e93502175f3b ba49ef139400c83 d18e701bbeb896c8 c0cff603c93f229e 827f2f219a0f5950 d8c7f019cc7494f4 15b3b793d40d9f3d ee1cf88d9997e61c e60c7b119832e6b4 ec4085f1c6e4e8a6 e07ccec3fbc032a4 93f31958da5d7e7f a1426725c68949d4 c2497c7800339f4a da911dc981bf35e8 c8487fbcd63c95d0 d670351afbd384ee fd92bad78a91fc34 e0ce9205b10152e3 2cd4d7d2c5db3a93 d06d36c8b73ec71f e8401a032a6792a9 f042cd3c313bc8cd e87a8fec1514f1d5 3f7c847ec0b00404 f1ebccd1d0baa9ef e5cf9bc4afbf51ba f06f55bfda665cbe ab2106ada54c2042 d50b71fde25b2290 bcc17f4e10f0a272 b63cc2b4c57ac7bc a7d5ea4ce7e285fc f8d3286e8b4834b1 d0c2fc6de497699b cc79ef97af0feb22 3a581fd4f898e6ba dd305055c54d1805 f45d03278b1b1c41 83b402fb29aa3fec eef757f1aeb522fb 39d03f3de0e45350 8a8e933ce3545b18 12097e14bd844238 1e689589f985eb2d dcda4646cbd9bd51 895dff89a8f728c5 227d13f3eee3c45a 3abd81aba7c69512 d0bdbdd8ff575a39 ee3b1e93c41b8134 ebe21647f33ad1cb f2922c0428f8a03e ed1421723c9fd41f 2fdaa5eae0cd4a97 9c5ead5d8f637b9 95960bd8226cd1ee 33a1c85f6da0c47 cfd04401c570b1c2 e7dd83b00d00075a 83da13a1e5664fd9 2ad7019ceb17a035 f817a78fd3aa57a2 3910a77c92b4854c fdcc2582fbf1bb31 cf9c12d3e3e7a918 f69c2e64f5e3cd11 f1d5884288acba4f ec946367f46853e6 ea4c20f8c1719b16 ca1e5565e33091cc d798e5b2dc21a93a 9d93445036b2b8cd 19e34a99c1e506aa 1e06afe5e7b199b6 1e645283f17c304b 336136f6bb99f435 a34b8deb38479d1c a9c3cd67d167e6db 8d01db10c1afe06e f9f77d8add25045d ae8ceb38304d68fc f1fd496a23bb4af2 80e04f4f3b8ec649 ebdc2f45ebf4c6f5 fb011e72f6d3a88 eafc00d1ddd978af c9ce3fa490906136 bffd9bbed6d83016 b4b1a8c5d97e518b ea0eb2c2aaf99c8f 81d1cca5fe7fe86a d7fe39f5aa0c4e80 d505eb103683756b 35035dd5c20cecb7 ec193b38d6d7b7b5 8d5b2d208d0197ca cf0e8482c11f2648 97f6ddfdc25e8af5 cf6022c03b27bfba fc46e60225520b1e e7b096131e6ea742 d99666fc943dc3ff b98fcf1db710b8d3 d57f6015d5dd4cfe ea1b10fd21406531 d8511e04af15c711 84f3140f23aae01b c4eb454c2dd07e1a dce6452bef0e250d 12b905289d3c6350 cb0ce16ae1d9593b d0e77e48d7a44a74 f4e0adc427f32696 9cc7fd1e3a08370 3b44cde43fed8f2f e7e0b5c5dab3fe19 3e548189b0257ba8 f0130ad7f1ad3596 cc6133aff9994f6d a9becb15d7f3c09c c9a0f6320ab5b538 44f04a519d1d5ed f1c59689960229e1 a0b7df19ae0dcfba c7dfa5a73b668cbc d168b69da506e3be d314b37939a53c31 f50bc8edf22095b7 972779759af45920 d4999551c6747f8a b8951541ea3c2cee 530860fc9a55e3e 1019ddc9cfbc8eb7 b9f8bba5d9ca1b60 236f799fc8aef30a 986b81c1bf2941b4 18f35d1533895768 fc384a72d2643d67 918d7f1b3c62d6b4 efec2e1c14a3cc34 e708099baa80dc30 e6e3b2e4ec24788e 80c844c2f89588b6 231664e7d6cfe100 c2f4598fe7d04e5d e065d71489fa17cb e0c9f8ccc3bc9e51 2b8cecaf037c3bfb 8d7653c623be525b e77af0ac0bf2c3c3 f6effbeee404c92 91fe9eed9307dd5b 9efaa11e9ce55384 b25a017f9798f9a 8c816cf5ae69a0dc cb4ef4619d243f04 969dce9e2b7c0e14 d9e5aef0d6749478 f398d37c231f3b94 ce9b49a8a534a351 fba937c90a36a21b 2d55ddafa880f898 cdb59beaef420b46 f978ad61fbf12757 a4721fefc95ed3b3 b8a0def926ce8b10 22bfb267f227bbd9 3b868f8db2198c5a d8e8176ac731d256 39598e30f4276e86 2640fae1fba7c9d1 c2d99c28f4e01dbd e9078c43ff29124b fad0dc1dfc332a58 f11348158f488724 e7199703daa7845 39dda29dda1ad458 e9635b7d0942758d c6ecedd22af0eab2 850bbf0af7d4f4ed 1176a7a00ca906f 2bbb7b21ee6f1a87 ] wstrb=[4c 74 2b bb ee b3 dc 3a 27 7 f5 16 ba d1 50 e2 d9 46 f8 93 17 48 75 f0 8e 6d 84 a6 b6 f9 96 44 67 1a ea 1d 14 81 61 7b 9b 4c 98 af cd f9 2a 68 45 c2 18 12 bc 42 7b 1 5 93 14 c1 d5 8f c2 da 22 d6 9b f7 65 5e d2 87 34 6d 7f 9a cb 51 21 0 be a0 9a 8a f1 bb 8a b0 5c 24 3a 4d df c4 fd 3b e8 37 89 c7 fb 86 3 e3 be 8c ab b9 12 ae 9d d0 3a 48 8a 4c f6 27 1d 30 6f a7 7c 65 ce 99 95 3d 40 11 a2 e ab 37 4b eb 48 ed fa f3 24 45 df 6d 33 d9 60 57 1e 3f c4 51 18 25 a9 37 64 6d 88 7d 92 31 b4 f7 9f 3c 74 31 6e 28 28 d 64 9c 3e d2 c4 67 df 29 3 1e fb c8 85 db f1 88 f9 ec 50 7e c7 41 6 c0 2e 57 3e f5 98 45 b6 c6 9c f4 bc 34 39 72 fb d5 66 b7 a a0 29 5 75 8f bc 7f 2f e5 84 ] bresp=0 bid=1101
[3435000] MASTER 0 B_VALID_RDY Handshake
[3435000] [MASTER MONITOR] mst_id=0 s_id=0 awaddr=215c268 awid=1101 awlen=224 awsize=0 awburst=1 wdata=[e5fbfaa5d40ab65c c443b3abd84b7f11 f08e375ebccdd4da 90d88b360e1367da e65ee6ebd68a3203 135806ded51c3ee1 e32fa6bbd6ed1e4a ad77504da4309214 f94cd0f6c98e8da7 207babf1c0cf572b e4ffe940dc7c77b1 a60b0558cdf2fc3e ec2536ade4cba36 bac931e7c686b149 1479ad88f3c23caa d20ef6e0e0d43740 a75ae889233c00f2 16fe3d9c8cd828c7 edac6007bbd49611 df109703e90d347c f5e55d4315074891 d0dbdea2f60ed49f df1c091be391bd4b f89905dc2fec75a6 a5fb4a45d501665f 389323aac974e47e f9615a2405175361 da18b9c0312c2986 faa10e041f5ca46a 2473f7cb12abdd6a c3d806f0f4026829 135f0c93fe8cb18b 11388ef5be7914f4 b27b7d1d37d3045e 365fb5e9d51095e5 9389aad9c5da89b0 fdad8e0ec79844de 1ca8dac3c60527f7 8bdfb1a7b40d43f7 fba588d5b032859c f637ad93098d3fb6 bd9a83ad984e6398 c880e93502175f3b ba49ef139400c83 d18e701bbeb896c8 c0cff603c93f229e 827f2f219a0f5950 d8c7f019cc7494f4 15b3b793d40d9f3d ee1cf88d9997e61c e60c7b119832e6b4 ec4085f1c6e4e8a6 e07ccec3fbc032a4 93f31958da5d7e7f a1426725c68949d4 c2497c7800339f4a da911dc981bf35e8 c8487fbcd63c95d0 d670351afbd384ee fd92bad78a91fc34 e0ce9205b10152e3 2cd4d7d2c5db3a93 d06d36c8b73ec71f e8401a032a6792a9 f042cd3c313bc8cd e87a8fec1514f1d5 3f7c847ec0b00404 f1ebccd1d0baa9ef e5cf9bc4afbf51ba f06f55bfda665cbe ab2106ada54c2042 d50b71fde25b2290 bcc17f4e10f0a272 b63cc2b4c57ac7bc a7d5ea4ce7e285fc f8d3286e8b4834b1 d0c2fc6de497699b cc79ef97af0feb22 3a581fd4f898e6ba dd305055c54d1805 f45d03278b1b1c41 83b402fb29aa3fec eef757f1aeb522fb 39d03f3de0e45350 8a8e933ce3545b18 12097e14bd844238 1e689589f985eb2d dcda4646cbd9bd51 895dff89a8f728c5 227d13f3eee3c45a 3abd81aba7c69512 d0bdbdd8ff575a39 ee3b1e93c41b8134 ebe21647f33ad1cb f2922c0428f8a03e ed1421723c9fd41f 2fdaa5eae0cd4a97 9c5ead5d8f637b9 95960bd8226cd1ee 33a1c85f6da0c47 cfd04401c570b1c2 e7dd83b00d00075a 83da13a1e5664fd9 2ad7019ceb17a035 f817a78fd3aa57a2 3910a77c92b4854c fdcc2582fbf1bb31 cf9c12d3e3e7a918 f69c2e64f5e3cd11 f1d5884288acba4f ec946367f46853e6 ea4c20f8c1719b16 ca1e5565e33091cc d798e5b2dc21a93a 9d93445036b2b8cd 19e34a99c1e506aa 1e06afe5e7b199b6 1e645283f17c304b 336136f6bb99f435 a34b8deb38479d1c a9c3cd67d167e6db 8d01db10c1afe06e f9f77d8add25045d ae8ceb38304d68fc f1fd496a23bb4af2 80e04f4f3b8ec649 ebdc2f45ebf4c6f5 fb011e72f6d3a88 eafc00d1ddd978af c9ce3fa490906136 bffd9bbed6d83016 b4b1a8c5d97e518b ea0eb2c2aaf99c8f 81d1cca5fe7fe86a d7fe39f5aa0c4e80 d505eb103683756b 35035dd5c20cecb7 ec193b38d6d7b7b5 8d5b2d208d0197ca cf0e8482c11f2648 97f6ddfdc25e8af5 cf6022c03b27bfba fc46e60225520b1e e7b096131e6ea742 d99666fc943dc3ff b98fcf1db710b8d3 d57f6015d5dd4cfe ea1b10fd21406531 d8511e04af15c711 84f3140f23aae01b c4eb454c2dd07e1a dce6452bef0e250d 12b905289d3c6350 cb0ce16ae1d9593b d0e77e48d7a44a74 f4e0adc427f32696 9cc7fd1e3a08370 3b44cde43fed8f2f e7e0b5c5dab3fe19 3e548189b0257ba8 f0130ad7f1ad3596 cc6133aff9994f6d a9becb15d7f3c09c c9a0f6320ab5b538 44f04a519d1d5ed f1c59689960229e1 a0b7df19ae0dcfba c7dfa5a73b668cbc d168b69da506e3be d314b37939a53c31 f50bc8edf22095b7 972779759af45920 d4999551c6747f8a b8951541ea3c2cee 530860fc9a55e3e 1019ddc9cfbc8eb7 b9f8bba5d9ca1b60 236f799fc8aef30a 986b81c1bf2941b4 18f35d1533895768 fc384a72d2643d67 918d7f1b3c62d6b4 efec2e1c14a3cc34 e708099baa80dc30 e6e3b2e4ec24788e 80c844c2f89588b6 231664e7d6cfe100 c2f4598fe7d04e5d e065d71489fa17cb e0c9f8ccc3bc9e51 2b8cecaf037c3bfb 8d7653c623be525b e77af0ac0bf2c3c3 f6effbeee404c92 91fe9eed9307dd5b 9efaa11e9ce55384 b25a017f9798f9a 8c816cf5ae69a0dc cb4ef4619d243f04 969dce9e2b7c0e14 d9e5aef0d6749478 f398d37c231f3b94 ce9b49a8a534a351 fba937c90a36a21b 2d55ddafa880f898 cdb59beaef420b46 f978ad61fbf12757 a4721fefc95ed3b3 b8a0def926ce8b10 22bfb267f227bbd9 3b868f8db2198c5a d8e8176ac731d256 39598e30f4276e86 2640fae1fba7c9d1 c2d99c28f4e01dbd e9078c43ff29124b fad0dc1dfc332a58 f11348158f488724 e7199703daa7845 39dda29dda1ad458 e9635b7d0942758d c6ecedd22af0eab2 850bbf0af7d4f4ed 1176a7a00ca906f 2bbb7b21ee6f1a87 ] wstrb=[4c 74 2b bb ee b3 dc 3a 27 7 f5 16 ba d1 50 e2 d9 46 f8 93 17 48 75 f0 8e 6d 84 a6 b6 f9 96 44 67 1a ea 1d 14 81 61 7b 9b 4c 98 af cd f9 2a 68 45 c2 18 12 bc 42 7b 1 5 93 14 c1 d5 8f c2 da 22 d6 9b f7 65 5e d2 87 34 6d 7f 9a cb 51 21 0 be a0 9a 8a f1 bb 8a b0 5c 24 3a 4d df c4 fd 3b e8 37 89 c7 fb 86 3 e3 be 8c ab b9 12 ae 9d d0 3a 48 8a 4c f6 27 1d 30 6f a7 7c 65 ce 99 95 3d 40 11 a2 e ab 37 4b eb 48 ed fa f3 24 45 df 6d 33 d9 60 57 1e 3f c4 51 18 25 a9 37 64 6d 88 7d 92 31 b4 f7 9f 3c 74 31 6e 28 28 d 64 9c 3e d2 c4 67 df 29 3 1e fb c8 85 db f1 88 f9 ec 50 7e c7 41 6 c0 2e 57 3e f5 98 45 b6 c6 9c f4 bc 34 39 72 fb d5 66 b7 a a0 29 5 75 8f bc 7f 2f e5 84 ] bresp=0 bid=1101
[3435000] MASTER 0 RECEIVED BRESP. BRESP=0
[3435000] [MASTER DRIVER] mst_id=0 s_id=0 awaddr=215c268 awid=1101 awlen=224 awsize=0 awburst=1 wdata=[e5fbfaa5d40ab65c c443b3abd84b7f11 f08e375ebccdd4da 90d88b360e1367da e65ee6ebd68a3203 135806ded51c3ee1 e32fa6bbd6ed1e4a ad77504da4309214 f94cd0f6c98e8da7 207babf1c0cf572b e4ffe940dc7c77b1 a60b0558cdf2fc3e ec2536ade4cba36 bac931e7c686b149 1479ad88f3c23caa d20ef6e0e0d43740 a75ae889233c00f2 16fe3d9c8cd828c7 edac6007bbd49611 df109703e90d347c f5e55d4315074891 d0dbdea2f60ed49f df1c091be391bd4b f89905dc2fec75a6 a5fb4a45d501665f 389323aac974e47e f9615a2405175361 da18b9c0312c2986 faa10e041f5ca46a 2473f7cb12abdd6a c3d806f0f4026829 135f0c93fe8cb18b 11388ef5be7914f4 b27b7d1d37d3045e 365fb5e9d51095e5 9389aad9c5da89b0 fdad8e0ec79844de 1ca8dac3c60527f7 8bdfb1a7b40d43f7 fba588d5b032859c f637ad93098d3fb6 bd9a83ad984e6398 c880e93502175f3b ba49ef139400c83 d18e701bbeb896c8 c0cff603c93f229e 827f2f219a0f5950 d8c7f019cc7494f4 15b3b793d40d9f3d ee1cf88d9997e61c e60c7b119832e6b4 ec4085f1c6e4e8a6 e07ccec3fbc032a4 93f31958da5d7e7f a1426725c68949d4 c2497c7800339f4a da911dc981bf35e8 c8487fbcd63c95d0 d670351afbd384ee fd92bad78a91fc34 e0ce9205b10152e3 2cd4d7d2c5db3a93 d06d36c8b73ec71f e8401a032a6792a9 f042cd3c313bc8cd e87a8fec1514f1d5 3f7c847ec0b00404 f1ebccd1d0baa9ef e5cf9bc4afbf51ba f06f55bfda665cbe ab2106ada54c2042 d50b71fde25b2290 bcc17f4e10f0a272 b63cc2b4c57ac7bc a7d5ea4ce7e285fc f8d3286e8b4834b1 d0c2fc6de497699b cc79ef97af0feb22 3a581fd4f898e6ba dd305055c54d1805 f45d03278b1b1c41 83b402fb29aa3fec eef757f1aeb522fb 39d03f3de0e45350 8a8e933ce3545b18 12097e14bd844238 1e689589f985eb2d dcda4646cbd9bd51 895dff89a8f728c5 227d13f3eee3c45a 3abd81aba7c69512 d0bdbdd8ff575a39 ee3b1e93c41b8134 ebe21647f33ad1cb f2922c0428f8a03e ed1421723c9fd41f 2fdaa5eae0cd4a97 9c5ead5d8f637b9 95960bd8226cd1ee 33a1c85f6da0c47 cfd04401c570b1c2 e7dd83b00d00075a 83da13a1e5664fd9 2ad7019ceb17a035 f817a78fd3aa57a2 3910a77c92b4854c fdcc2582fbf1bb31 cf9c12d3e3e7a918 f69c2e64f5e3cd11 f1d5884288acba4f ec946367f46853e6 ea4c20f8c1719b16 ca1e5565e33091cc d798e5b2dc21a93a 9d93445036b2b8cd 19e34a99c1e506aa 1e06afe5e7b199b6 1e645283f17c304b 336136f6bb99f435 a34b8deb38479d1c a9c3cd67d167e6db 8d01db10c1afe06e f9f77d8add25045d ae8ceb38304d68fc f1fd496a23bb4af2 80e04f4f3b8ec649 ebdc2f45ebf4c6f5 fb011e72f6d3a88 eafc00d1ddd978af c9ce3fa490906136 bffd9bbed6d83016 b4b1a8c5d97e518b ea0eb2c2aaf99c8f 81d1cca5fe7fe86a d7fe39f5aa0c4e80 d505eb103683756b 35035dd5c20cecb7 ec193b38d6d7b7b5 8d5b2d208d0197ca cf0e8482c11f2648 97f6ddfdc25e8af5 cf6022c03b27bfba fc46e60225520b1e e7b096131e6ea742 d99666fc943dc3ff b98fcf1db710b8d3 d57f6015d5dd4cfe ea1b10fd21406531 d8511e04af15c711 84f3140f23aae01b c4eb454c2dd07e1a dce6452bef0e250d 12b905289d3c6350 cb0ce16ae1d9593b d0e77e48d7a44a74 f4e0adc427f32696 9cc7fd1e3a08370 3b44cde43fed8f2f e7e0b5c5dab3fe19 3e548189b0257ba8 f0130ad7f1ad3596 cc6133aff9994f6d a9becb15d7f3c09c c9a0f6320ab5b538 44f04a519d1d5ed f1c59689960229e1 a0b7df19ae0dcfba c7dfa5a73b668cbc d168b69da506e3be d314b37939a53c31 f50bc8edf22095b7 972779759af45920 d4999551c6747f8a b8951541ea3c2cee 530860fc9a55e3e 1019ddc9cfbc8eb7 b9f8bba5d9ca1b60 236f799fc8aef30a 986b81c1bf2941b4 18f35d1533895768 fc384a72d2643d67 918d7f1b3c62d6b4 efec2e1c14a3cc34 e708099baa80dc30 e6e3b2e4ec24788e 80c844c2f89588b6 231664e7d6cfe100 c2f4598fe7d04e5d e065d71489fa17cb e0c9f8ccc3bc9e51 2b8cecaf037c3bfb 8d7653c623be525b e77af0ac0bf2c3c3 f6effbeee404c92 91fe9eed9307dd5b 9efaa11e9ce55384 b25a017f9798f9a 8c816cf5ae69a0dc cb4ef4619d243f04 969dce9e2b7c0e14 d9e5aef0d6749478 f398d37c231f3b94 ce9b49a8a534a351 fba937c90a36a21b 2d55ddafa880f898 cdb59beaef420b46 f978ad61fbf12757 a4721fefc95ed3b3 b8a0def926ce8b10 22bfb267f227bbd9 3b868f8db2198c5a d8e8176ac731d256 39598e30f4276e86 2640fae1fba7c9d1 c2d99c28f4e01dbd e9078c43ff29124b fad0dc1dfc332a58 f11348158f488724 e7199703daa7845 39dda29dda1ad458 e9635b7d0942758d c6ecedd22af0eab2 850bbf0af7d4f4ed 1176a7a00ca906f 2bbb7b21ee6f1a87 ] wstrb=[4c 74 2b bb ee b3 dc 3a 27 7 f5 16 ba d1 50 e2 d9 46 f8 93 17 48 75 f0 8e 6d 84 a6 b6 f9 96 44 67 1a ea 1d 14 81 61 7b 9b 4c 98 af cd f9 2a 68 45 c2 18 12 bc 42 7b 1 5 93 14 c1 d5 8f c2 da 22 d6 9b f7 65 5e d2 87 34 6d 7f 9a cb 51 21 0 be a0 9a 8a f1 bb 8a b0 5c 24 3a 4d df c4 fd 3b e8 37 89 c7 fb 86 3 e3 be 8c ab b9 12 ae 9d d0 3a 48 8a 4c f6 27 1d 30 6f a7 7c 65 ce 99 95 3d 40 11 a2 e ab 37 4b eb 48 ed fa f3 24 45 df 6d 33 d9 60 57 1e 3f c4 51 18 25 a9 37 64 6d 88 7d 92 31 b4 f7 9f 3c 74 31 6e 28 28 d 64 9c 3e d2 c4 67 df 29 3 1e fb c8 85 db f1 88 f9 ec 50 7e c7 41 6 c0 2e 57 3e f5 98 45 b6 c6 9c f4 bc 34 39 72 fb d5 66 b7 a a0 29 5 75 8f bc 7f 2f e5 84 ] bresp=0 bid=1101
[3435000] SCOREBOARD MATCH: decode_err expected = 0, actual =0
[3435000] SCOREBOARD MATCH: slave_id expected = 0, actual =0
[3435000] SCOREBOARD MATCH: awaddr passthrough expected = 215c268, actual =215c268
[3435000] SCOREBOARD MATCH: awlen passthrough expected = 224, actual =224
[3435000] SCOREBOARD MATCH: awsize passthrough expected = 0, actual =0
[3435000] SCOREBOARD MATCH: awburst passthrough expected = 1, actual =1
[3435000] SCOREBOARD MATCH: wdata size check expected = e1, actual =e1
[3435000] SCOREBOARD MATCH: wdata passthrough beat=0 expected = e5fbfaa5d40ab65c, actual =e5fbfaa5d40ab65c
[3435000] SCOREBOARD MATCH: wdata passthrough beat=1 expected = c443b3abd84b7f11, actual =c443b3abd84b7f11
[3435000] SCOREBOARD MATCH: wdata passthrough beat=2 expected = f08e375ebccdd4da, actual =f08e375ebccdd4da
[3435000] SCOREBOARD MATCH: wdata passthrough beat=3 expected = 90d88b360e1367da, actual =90d88b360e1367da
[3435000] SCOREBOARD MATCH: wdata passthrough beat=4 expected = e65ee6ebd68a3203, actual =e65ee6ebd68a3203
[3435000] SCOREBOARD MATCH: wdata passthrough beat=5 expected = 135806ded51c3ee1, actual =135806ded51c3ee1
[3435000] SCOREBOARD MATCH: wdata passthrough beat=6 expected = e32fa6bbd6ed1e4a, actual =e32fa6bbd6ed1e4a
[3435000] SCOREBOARD MATCH: wdata passthrough beat=7 expected = ad77504da4309214, actual =ad77504da4309214
[3435000] SCOREBOARD MATCH: wdata passthrough beat=8 expected = f94cd0f6c98e8da7, actual =f94cd0f6c98e8da7
[3435000] SCOREBOARD MATCH: wdata passthrough beat=9 expected = 207babf1c0cf572b, actual =207babf1c0cf572b
[3435000] SCOREBOARD MATCH: wdata passthrough beat=10 expected = e4ffe940dc7c77b1, actual =e4ffe940dc7c77b1
[3435000] SCOREBOARD MATCH: wdata passthrough beat=11 expected = a60b0558cdf2fc3e, actual =a60b0558cdf2fc3e
[3435000] SCOREBOARD MATCH: wdata passthrough beat=12 expected = ec2536ade4cba36, actual =ec2536ade4cba36
[3435000] SCOREBOARD MATCH: wdata passthrough beat=13 expected = bac931e7c686b149, actual =bac931e7c686b149
[3435000] SCOREBOARD MATCH: wdata passthrough beat=14 expected = 1479ad88f3c23caa, actual =1479ad88f3c23caa
[3435000] SCOREBOARD MATCH: wdata passthrough beat=15 expected = d20ef6e0e0d43740, actual =d20ef6e0e0d43740
[3435000] SCOREBOARD MATCH: wdata passthrough beat=16 expected = a75ae889233c00f2, actual =a75ae889233c00f2
[3435000] SCOREBOARD MATCH: wdata passthrough beat=17 expected = 16fe3d9c8cd828c7, actual =16fe3d9c8cd828c7
[3435000] SCOREBOARD MATCH: wdata passthrough beat=18 expected = edac6007bbd49611, actual =edac6007bbd49611
[3435000] SCOREBOARD MATCH: wdata passthrough beat=19 expected = df109703e90d347c, actual =df109703e90d347c
[3435000] SCOREBOARD MATCH: wdata passthrough beat=20 expected = f5e55d4315074891, actual =f5e55d4315074891
[3435000] SCOREBOARD MATCH: wdata passthrough beat=21 expected = d0dbdea2f60ed49f, actual =d0dbdea2f60ed49f
[3435000] SCOREBOARD MATCH: wdata passthrough beat=22 expected = df1c091be391bd4b, actual =df1c091be391bd4b
[3435000] SCOREBOARD MATCH: wdata passthrough beat=23 expected = f89905dc2fec75a6, actual =f89905dc2fec75a6
[3435000] SCOREBOARD MATCH: wdata passthrough beat=24 expected = a5fb4a45d501665f, actual =a5fb4a45d501665f
[3435000] SCOREBOARD MATCH: wdata passthrough beat=25 expected = 389323aac974e47e, actual =389323aac974e47e
[3435000] SCOREBOARD MATCH: wdata passthrough beat=26 expected = f9615a2405175361, actual =f9615a2405175361
[3435000] SCOREBOARD MATCH: wdata passthrough beat=27 expected = da18b9c0312c2986, actual =da18b9c0312c2986
[3435000] SCOREBOARD MATCH: wdata passthrough beat=28 expected = faa10e041f5ca46a, actual =faa10e041f5ca46a
[3435000] SCOREBOARD MATCH: wdata passthrough beat=29 expected = 2473f7cb12abdd6a, actual =2473f7cb12abdd6a
[3435000] SCOREBOARD MATCH: wdata passthrough beat=30 expected = c3d806f0f4026829, actual =c3d806f0f4026829
[3435000] SCOREBOARD MATCH: wdata passthrough beat=31 expected = 135f0c93fe8cb18b, actual =135f0c93fe8cb18b
[3435000] SCOREBOARD MATCH: wdata passthrough beat=32 expected = 11388ef5be7914f4, actual =11388ef5be7914f4
[3435000] SCOREBOARD MATCH: wdata passthrough beat=33 expected = b27b7d1d37d3045e, actual =b27b7d1d37d3045e
[3435000] SCOREBOARD MATCH: wdata passthrough beat=34 expected = 365fb5e9d51095e5, actual =365fb5e9d51095e5
[3435000] SCOREBOARD MATCH: wdata passthrough beat=35 expected = 9389aad9c5da89b0, actual =9389aad9c5da89b0
[3435000] SCOREBOARD MATCH: wdata passthrough beat=36 expected = fdad8e0ec79844de, actual =fdad8e0ec79844de
[3435000] SCOREBOARD MATCH: wdata passthrough beat=37 expected = 1ca8dac3c60527f7, actual =1ca8dac3c60527f7
[3435000] SCOREBOARD MATCH: wdata passthrough beat=38 expected = 8bdfb1a7b40d43f7, actual =8bdfb1a7b40d43f7
[3435000] SCOREBOARD MATCH: wdata passthrough beat=39 expected = fba588d5b032859c, actual =fba588d5b032859c
[3435000] SCOREBOARD MATCH: wdata passthrough beat=40 expected = f637ad93098d3fb6, actual =f637ad93098d3fb6
[3435000] SCOREBOARD MATCH: wdata passthrough beat=41 expected = bd9a83ad984e6398, actual =bd9a83ad984e6398
[3435000] SCOREBOARD MATCH: wdata passthrough beat=42 expected = c880e93502175f3b, actual =c880e93502175f3b
[3435000] SCOREBOARD MATCH: wdata passthrough beat=43 expected = ba49ef139400c83, actual =ba49ef139400c83
[3435000] SCOREBOARD MATCH: wdata passthrough beat=44 expected = d18e701bbeb896c8, actual =d18e701bbeb896c8
[3435000] SCOREBOARD MATCH: wdata passthrough beat=45 expected = c0cff603c93f229e, actual =c0cff603c93f229e
[3435000] SCOREBOARD MATCH: wdata passthrough beat=46 expected = 827f2f219a0f5950, actual =827f2f219a0f5950
[3435000] SCOREBOARD MATCH: wdata passthrough beat=47 expected = d8c7f019cc7494f4, actual =d8c7f019cc7494f4
[3435000] SCOREBOARD MATCH: wdata passthrough beat=48 expected = 15b3b793d40d9f3d, actual =15b3b793d40d9f3d
[3435000] SCOREBOARD MATCH: wdata passthrough beat=49 expected = ee1cf88d9997e61c, actual =ee1cf88d9997e61c
[3435000] SCOREBOARD MATCH: wdata passthrough beat=50 expected = e60c7b119832e6b4, actual =e60c7b119832e6b4
[3435000] SCOREBOARD MATCH: wdata passthrough beat=51 expected = ec4085f1c6e4e8a6, actual =ec4085f1c6e4e8a6
[3435000] SCOREBOARD MATCH: wdata passthrough beat=52 expected = e07ccec3fbc032a4, actual =e07ccec3fbc032a4
[3435000] SCOREBOARD MATCH: wdata passthrough beat=53 expected = 93f31958da5d7e7f, actual =93f31958da5d7e7f
[3435000] SCOREBOARD MATCH: wdata passthrough beat=54 expected = a1426725c68949d4, actual =a1426725c68949d4
[3435000] SCOREBOARD MATCH: wdata passthrough beat=55 expected = c2497c7800339f4a, actual =c2497c7800339f4a
[3435000] SCOREBOARD MATCH: wdata passthrough beat=56 expected = da911dc981bf35e8, actual =da911dc981bf35e8
[3435000] SCOREBOARD MATCH: wdata passthrough beat=57 expected = c8487fbcd63c95d0, actual =c8487fbcd63c95d0
[3435000] SCOREBOARD MATCH: wdata passthrough beat=58 expected = d670351afbd384ee, actual =d670351afbd384ee
[3435000] SCOREBOARD MATCH: wdata passthrough beat=59 expected = fd92bad78a91fc34, actual =fd92bad78a91fc34
[3435000] SCOREBOARD MATCH: wdata passthrough beat=60 expected = e0ce9205b10152e3, actual =e0ce9205b10152e3
[3435000] SCOREBOARD MATCH: wdata passthrough beat=61 expected = 2cd4d7d2c5db3a93, actual =2cd4d7d2c5db3a93
[3435000] SCOREBOARD MATCH: wdata passthrough beat=62 expected = d06d36c8b73ec71f, actual =d06d36c8b73ec71f
[3435000] SCOREBOARD MATCH: wdata passthrough beat=63 expected = e8401a032a6792a9, actual =e8401a032a6792a9
[3435000] SCOREBOARD MATCH: wdata passthrough beat=64 expected = f042cd3c313bc8cd, actual =f042cd3c313bc8cd
[3435000] SCOREBOARD MATCH: wdata passthrough beat=65 expected = e87a8fec1514f1d5, actual =e87a8fec1514f1d5
[3435000] SCOREBOARD MATCH: wdata passthrough beat=66 expected = 3f7c847ec0b00404, actual =3f7c847ec0b00404
[3435000] SCOREBOARD MATCH: wdata passthrough beat=67 expected = f1ebccd1d0baa9ef, actual =f1ebccd1d0baa9ef
[3435000] SCOREBOARD MATCH: wdata passthrough beat=68 expected = e5cf9bc4afbf51ba, actual =e5cf9bc4afbf51ba
[3435000] SCOREBOARD MATCH: wdata passthrough beat=69 expected = f06f55bfda665cbe, actual =f06f55bfda665cbe
[3435000] SCOREBOARD MATCH: wdata passthrough beat=70 expected = ab2106ada54c2042, actual =ab2106ada54c2042
[3435000] SCOREBOARD MATCH: wdata passthrough beat=71 expected = d50b71fde25b2290, actual =d50b71fde25b2290
[3435000] SCOREBOARD MATCH: wdata passthrough beat=72 expected = bcc17f4e10f0a272, actual =bcc17f4e10f0a272
[3435000] SCOREBOARD MATCH: wdata passthrough beat=73 expected = b63cc2b4c57ac7bc, actual =b63cc2b4c57ac7bc
[3435000] SCOREBOARD MATCH: wdata passthrough beat=74 expected = a7d5ea4ce7e285fc, actual =a7d5ea4ce7e285fc
[3435000] SCOREBOARD MATCH: wdata passthrough beat=75 expected = f8d3286e8b4834b1, actual =f8d3286e8b4834b1
[3435000] SCOREBOARD MATCH: wdata passthrough beat=76 expected = d0c2fc6de497699b, actual =d0c2fc6de497699b
[3435000] SCOREBOARD MATCH: wdata passthrough beat=77 expected = cc79ef97af0feb22, actual =cc79ef97af0feb22
[3435000] SCOREBOARD MATCH: wdata passthrough beat=78 expected = 3a581fd4f898e6ba, actual =3a581fd4f898e6ba
[3435000] SCOREBOARD MATCH: wdata passthrough beat=79 expected = dd305055c54d1805, actual =dd305055c54d1805
[3435000] SCOREBOARD MATCH: wdata passthrough beat=80 expected = f45d03278b1b1c41, actual =f45d03278b1b1c41
[3435000] SCOREBOARD MATCH: wdata passthrough beat=81 expected = 83b402fb29aa3fec, actual =83b402fb29aa3fec
[3435000] SCOREBOARD MATCH: wdata passthrough beat=82 expected = eef757f1aeb522fb, actual =eef757f1aeb522fb
[3435000] SCOREBOARD MATCH: wdata passthrough beat=83 expected = 39d03f3de0e45350, actual =39d03f3de0e45350
[3435000] SCOREBOARD MATCH: wdata passthrough beat=84 expected = 8a8e933ce3545b18, actual =8a8e933ce3545b18
[3435000] SCOREBOARD MATCH: wdata passthrough beat=85 expected = 12097e14bd844238, actual =12097e14bd844238
[3435000] SCOREBOARD MATCH: wdata passthrough beat=86 expected = 1e689589f985eb2d, actual =1e689589f985eb2d
[3435000] SCOREBOARD MATCH: wdata passthrough beat=87 expected = dcda4646cbd9bd51, actual =dcda4646cbd9bd51
[3435000] SCOREBOARD MATCH: wdata passthrough beat=88 expected = 895dff89a8f728c5, actual =895dff89a8f728c5
[3435000] SCOREBOARD MATCH: wdata passthrough beat=89 expected = 227d13f3eee3c45a, actual =227d13f3eee3c45a
[3435000] SCOREBOARD MATCH: wdata passthrough beat=90 expected = 3abd81aba7c69512, actual =3abd81aba7c69512
[3435000] SCOREBOARD MATCH: wdata passthrough beat=91 expected = d0bdbdd8ff575a39, actual =d0bdbdd8ff575a39
[3435000] SCOREBOARD MATCH: wdata passthrough beat=92 expected = ee3b1e93c41b8134, actual =ee3b1e93c41b8134
[3435000] SCOREBOARD MATCH: wdata passthrough beat=93 expected = ebe21647f33ad1cb, actual =ebe21647f33ad1cb
[3435000] SCOREBOARD MATCH: wdata passthrough beat=94 expected = f2922c0428f8a03e, actual =f2922c0428f8a03e
[3435000] SCOREBOARD MATCH: wdata passthrough beat=95 expected = ed1421723c9fd41f, actual =ed1421723c9fd41f
[3435000] SCOREBOARD MATCH: wdata passthrough beat=96 expected = 2fdaa5eae0cd4a97, actual =2fdaa5eae0cd4a97
[3435000] SCOREBOARD MATCH: wdata passthrough beat=97 expected = 9c5ead5d8f637b9, actual =9c5ead5d8f637b9
[3435000] SCOREBOARD MATCH: wdata passthrough beat=98 expected = 95960bd8226cd1ee, actual =95960bd8226cd1ee
[3435000] SCOREBOARD MATCH: wdata passthrough beat=99 expected = 33a1c85f6da0c47, actual =33a1c85f6da0c47
[3435000] SCOREBOARD MATCH: wdata passthrough beat=100 expected = cfd04401c570b1c2, actual =cfd04401c570b1c2
[3435000] SCOREBOARD MATCH: wdata passthrough beat=101 expected = e7dd83b00d00075a, actual =e7dd83b00d00075a
[3435000] SCOREBOARD MATCH: wdata passthrough beat=102 expected = 83da13a1e5664fd9, actual =83da13a1e5664fd9
[3435000] SCOREBOARD MATCH: wdata passthrough beat=103 expected = 2ad7019ceb17a035, actual =2ad7019ceb17a035
[3435000] SCOREBOARD MATCH: wdata passthrough beat=104 expected = f817a78fd3aa57a2, actual =f817a78fd3aa57a2
[3435000] SCOREBOARD MATCH: wdata passthrough beat=105 expected = 3910a77c92b4854c, actual =3910a77c92b4854c
[3435000] SCOREBOARD MATCH: wdata passthrough beat=106 expected = fdcc2582fbf1bb31, actual =fdcc2582fbf1bb31
[3435000] SCOREBOARD MATCH: wdata passthrough beat=107 expected = cf9c12d3e3e7a918, actual =cf9c12d3e3e7a918
[3435000] SCOREBOARD MATCH: wdata passthrough beat=108 expected = f69c2e64f5e3cd11, actual =f69c2e64f5e3cd11
[3435000] SCOREBOARD MATCH: wdata passthrough beat=109 expected = f1d5884288acba4f, actual =f1d5884288acba4f
[3435000] SCOREBOARD MATCH: wdata passthrough beat=110 expected = ec946367f46853e6, actual =ec946367f46853e6
[3435000] SCOREBOARD MATCH: wdata passthrough beat=111 expected = ea4c20f8c1719b16, actual =ea4c20f8c1719b16
[3435000] SCOREBOARD MATCH: wdata passthrough beat=112 expected = ca1e5565e33091cc, actual =ca1e5565e33091cc
[3435000] SCOREBOARD MATCH: wdata passthrough beat=113 expected = d798e5b2dc21a93a, actual =d798e5b2dc21a93a
[3435000] SCOREBOARD MATCH: wdata passthrough beat=114 expected = 9d93445036b2b8cd, actual =9d93445036b2b8cd
[3435000] SCOREBOARD MATCH: wdata passthrough beat=115 expected = 19e34a99c1e506aa, actual =19e34a99c1e506aa
[3435000] SCOREBOARD MATCH: wdata passthrough beat=116 expected = 1e06afe5e7b199b6, actual =1e06afe5e7b199b6
[3435000] SCOREBOARD MATCH: wdata passthrough beat=117 expected = 1e645283f17c304b, actual =1e645283f17c304b
[3435000] SCOREBOARD MATCH: wdata passthrough beat=118 expected = 336136f6bb99f435, actual =336136f6bb99f435
[3435000] SCOREBOARD MATCH: wdata passthrough beat=119 expected = a34b8deb38479d1c, actual =a34b8deb38479d1c
[3435000] SCOREBOARD MATCH: wdata passthrough beat=120 expected = a9c3cd67d167e6db, actual =a9c3cd67d167e6db
[3435000] SCOREBOARD MATCH: wdata passthrough beat=121 expected = 8d01db10c1afe06e, actual =8d01db10c1afe06e
[3435000] SCOREBOARD MATCH: wdata passthrough beat=122 expected = f9f77d8add25045d, actual =f9f77d8add25045d
[3435000] SCOREBOARD MATCH: wdata passthrough beat=123 expected = ae8ceb38304d68fc, actual =ae8ceb38304d68fc
[3435000] SCOREBOARD MATCH: wdata passthrough beat=124 expected = f1fd496a23bb4af2, actual =f1fd496a23bb4af2
[3435000] SCOREBOARD MATCH: wdata passthrough beat=125 expected = 80e04f4f3b8ec649, actual =80e04f4f3b8ec649
[3435000] SCOREBOARD MATCH: wdata passthrough beat=126 expected = ebdc2f45ebf4c6f5, actual =ebdc2f45ebf4c6f5
[3435000] SCOREBOARD MATCH: wdata passthrough beat=127 expected = fb011e72f6d3a88, actual =fb011e72f6d3a88
[3435000] SCOREBOARD MATCH: wdata passthrough beat=128 expected = eafc00d1ddd978af, actual =eafc00d1ddd978af
[3435000] SCOREBOARD MATCH: wdata passthrough beat=129 expected = c9ce3fa490906136, actual =c9ce3fa490906136
[3435000] SCOREBOARD MATCH: wdata passthrough beat=130 expected = bffd9bbed6d83016, actual =bffd9bbed6d83016
[3435000] SCOREBOARD MATCH: wdata passthrough beat=131 expected = b4b1a8c5d97e518b, actual =b4b1a8c5d97e518b
[3435000] SCOREBOARD MATCH: wdata passthrough beat=132 expected = ea0eb2c2aaf99c8f, actual =ea0eb2c2aaf99c8f
[3435000] SCOREBOARD MATCH: wdata passthrough beat=133 expected = 81d1cca5fe7fe86a, actual =81d1cca5fe7fe86a
[3435000] SCOREBOARD MATCH: wdata passthrough beat=134 expected = d7fe39f5aa0c4e80, actual =d7fe39f5aa0c4e80
[3435000] SCOREBOARD MATCH: wdata passthrough beat=135 expected = d505eb103683756b, actual =d505eb103683756b
[3435000] SCOREBOARD MATCH: wdata passthrough beat=136 expected = 35035dd5c20cecb7, actual =35035dd5c20cecb7
[3435000] SCOREBOARD MATCH: wdata passthrough beat=137 expected = ec193b38d6d7b7b5, actual =ec193b38d6d7b7b5
[3435000] SCOREBOARD MATCH: wdata passthrough beat=138 expected = 8d5b2d208d0197ca, actual =8d5b2d208d0197ca
[3435000] SCOREBOARD MATCH: wdata passthrough beat=139 expected = cf0e8482c11f2648, actual =cf0e8482c11f2648
[3435000] SCOREBOARD MATCH: wdata passthrough beat=140 expected = 97f6ddfdc25e8af5, actual =97f6ddfdc25e8af5
[3435000] SCOREBOARD MATCH: wdata passthrough beat=141 expected = cf6022c03b27bfba, actual =cf6022c03b27bfba
[3435000] SCOREBOARD MATCH: wdata passthrough beat=142 expected = fc46e60225520b1e, actual =fc46e60225520b1e
[3435000] SCOREBOARD MATCH: wdata passthrough beat=143 expected = e7b096131e6ea742, actual =e7b096131e6ea742
[3435000] SCOREBOARD MATCH: wdata passthrough beat=144 expected = d99666fc943dc3ff, actual =d99666fc943dc3ff
[3435000] SCOREBOARD MATCH: wdata passthrough beat=145 expected = b98fcf1db710b8d3, actual =b98fcf1db710b8d3
[3435000] SCOREBOARD MATCH: wdata passthrough beat=146 expected = d57f6015d5dd4cfe, actual =d57f6015d5dd4cfe
[3435000] SCOREBOARD MATCH: wdata passthrough beat=147 expected = ea1b10fd21406531, actual =ea1b10fd21406531
[3435000] SCOREBOARD MATCH: wdata passthrough beat=148 expected = d8511e04af15c711, actual =d8511e04af15c711
[3435000] SCOREBOARD MATCH: wdata passthrough beat=149 expected = 84f3140f23aae01b, actual =84f3140f23aae01b
[3435000] SCOREBOARD MATCH: wdata passthrough beat=150 expected = c4eb454c2dd07e1a, actual =c4eb454c2dd07e1a
[3435000] SCOREBOARD MATCH: wdata passthrough beat=151 expected = dce6452bef0e250d, actual =dce6452bef0e250d
[3435000] SCOREBOARD MATCH: wdata passthrough beat=152 expected = 12b905289d3c6350, actual =12b905289d3c6350
[3435000] SCOREBOARD MATCH: wdata passthrough beat=153 expected = cb0ce16ae1d9593b, actual =cb0ce16ae1d9593b
[3435000] SCOREBOARD MATCH: wdata passthrough beat=154 expected = d0e77e48d7a44a74, actual =d0e77e48d7a44a74
[3435000] SCOREBOARD MATCH: wdata passthrough beat=155 expected = f4e0adc427f32696, actual =f4e0adc427f32696
[3435000] SCOREBOARD MATCH: wdata passthrough beat=156 expected = 9cc7fd1e3a08370, actual =9cc7fd1e3a08370
[3435000] SCOREBOARD MATCH: wdata passthrough beat=157 expected = 3b44cde43fed8f2f, actual =3b44cde43fed8f2f
[3435000] SCOREBOARD MATCH: wdata passthrough beat=158 expected = e7e0b5c5dab3fe19, actual =e7e0b5c5dab3fe19
[3435000] SCOREBOARD MATCH: wdata passthrough beat=159 expected = 3e548189b0257ba8, actual =3e548189b0257ba8
[3435000] SCOREBOARD MATCH: wdata passthrough beat=160 expected = f0130ad7f1ad3596, actual =f0130ad7f1ad3596
[3435000] SCOREBOARD MATCH: wdata passthrough beat=161 expected = cc6133aff9994f6d, actual =cc6133aff9994f6d
[3435000] SCOREBOARD MATCH: wdata passthrough beat=162 expected = a9becb15d7f3c09c, actual =a9becb15d7f3c09c
[3435000] SCOREBOARD MATCH: wdata passthrough beat=163 expected = c9a0f6320ab5b538, actual =c9a0f6320ab5b538
[3435000] SCOREBOARD MATCH: wdata passthrough beat=164 expected = 44f04a519d1d5ed, actual =44f04a519d1d5ed
[3435000] SCOREBOARD MATCH: wdata passthrough beat=165 expected = f1c59689960229e1, actual =f1c59689960229e1
[3435000] SCOREBOARD MATCH: wdata passthrough beat=166 expected = a0b7df19ae0dcfba, actual =a0b7df19ae0dcfba
[3435000] SCOREBOARD MATCH: wdata passthrough beat=167 expected = c7dfa5a73b668cbc, actual =c7dfa5a73b668cbc
[3435000] SCOREBOARD MATCH: wdata passthrough beat=168 expected = d168b69da506e3be, actual =d168b69da506e3be
[3435000] SCOREBOARD MATCH: wdata passthrough beat=169 expected = d314b37939a53c31, actual =d314b37939a53c31
[3435000] SCOREBOARD MATCH: wdata passthrough beat=170 expected = f50bc8edf22095b7, actual =f50bc8edf22095b7
[3435000] SCOREBOARD MATCH: wdata passthrough beat=171 expected = 972779759af45920, actual =972779759af45920
[3435000] SCOREBOARD MATCH: wdata passthrough beat=172 expected = d4999551c6747f8a, actual =d4999551c6747f8a
[3435000] SCOREBOARD MATCH: wdata passthrough beat=173 expected = b8951541ea3c2cee, actual =b8951541ea3c2cee
[3435000] SCOREBOARD MATCH: wdata passthrough beat=174 expected = 530860fc9a55e3e, actual =530860fc9a55e3e
[3435000] SCOREBOARD MATCH: wdata passthrough beat=175 expected = 1019ddc9cfbc8eb7, actual =1019ddc9cfbc8eb7
[3435000] SCOREBOARD MATCH: wdata passthrough beat=176 expected = b9f8bba5d9ca1b60, actual =b9f8bba5d9ca1b60
[3435000] SCOREBOARD MATCH: wdata passthrough beat=177 expected = 236f799fc8aef30a, actual =236f799fc8aef30a
[3435000] SCOREBOARD MATCH: wdata passthrough beat=178 expected = 986b81c1bf2941b4, actual =986b81c1bf2941b4
[3435000] SCOREBOARD MATCH: wdata passthrough beat=179 expected = 18f35d1533895768, actual =18f35d1533895768
[3435000] SCOREBOARD MATCH: wdata passthrough beat=180 expected = fc384a72d2643d67, actual =fc384a72d2643d67
[3435000] SCOREBOARD MATCH: wdata passthrough beat=181 expected = 918d7f1b3c62d6b4, actual =918d7f1b3c62d6b4
[3435000] SCOREBOARD MATCH: wdata passthrough beat=182 expected = efec2e1c14a3cc34, actual =efec2e1c14a3cc34
[3435000] SCOREBOARD MATCH: wdata passthrough beat=183 expected = e708099baa80dc30, actual =e708099baa80dc30
[3435000] SCOREBOARD MATCH: wdata passthrough beat=184 expected = e6e3b2e4ec24788e, actual =e6e3b2e4ec24788e
[3435000] SCOREBOARD MATCH: wdata passthrough beat=185 expected = 80c844c2f89588b6, actual =80c844c2f89588b6
[3435000] SCOREBOARD MATCH: wdata passthrough beat=186 expected = 231664e7d6cfe100, actual =231664e7d6cfe100
[3435000] SCOREBOARD MATCH: wdata passthrough beat=187 expected = c2f4598fe7d04e5d, actual =c2f4598fe7d04e5d
[3435000] SCOREBOARD MATCH: wdata passthrough beat=188 expected = e065d71489fa17cb, actual =e065d71489fa17cb
[3435000] SCOREBOARD MATCH: wdata passthrough beat=189 expected = e0c9f8ccc3bc9e51, actual =e0c9f8ccc3bc9e51
[3435000] SCOREBOARD MATCH: wdata passthrough beat=190 expected = 2b8cecaf037c3bfb, actual =2b8cecaf037c3bfb
[3435000] SCOREBOARD MATCH: wdata passthrough beat=191 expected = 8d7653c623be525b, actual =8d7653c623be525b
[3435000] SCOREBOARD MATCH: wdata passthrough beat=192 expected = e77af0ac0bf2c3c3, actual =e77af0ac0bf2c3c3
[3435000] SCOREBOARD MATCH: wdata passthrough beat=193 expected = f6effbeee404c92, actual =f6effbeee404c92
[3435000] SCOREBOARD MATCH: wdata passthrough beat=194 expected = 91fe9eed9307dd5b, actual =91fe9eed9307dd5b
[3435000] SCOREBOARD MATCH: wdata passthrough beat=195 expected = 9efaa11e9ce55384, actual =9efaa11e9ce55384
[3435000] SCOREBOARD MATCH: wdata passthrough beat=196 expected = b25a017f9798f9a, actual =b25a017f9798f9a
[3435000] SCOREBOARD MATCH: wdata passthrough beat=197 expected = 8c816cf5ae69a0dc, actual =8c816cf5ae69a0dc
[3435000] SCOREBOARD MATCH: wdata passthrough beat=198 expected = cb4ef4619d243f04, actual =cb4ef4619d243f04
[3435000] SCOREBOARD MATCH: wdata passthrough beat=199 expected = 969dce9e2b7c0e14, actual =969dce9e2b7c0e14
[3435000] SCOREBOARD MATCH: wdata passthrough beat=200 expected = d9e5aef0d6749478, actual =d9e5aef0d6749478
[3435000] SCOREBOARD MATCH: wdata passthrough beat=201 expected = f398d37c231f3b94, actual =f398d37c231f3b94
[3435000] SCOREBOARD MATCH: wdata passthrough beat=202 expected = ce9b49a8a534a351, actual =ce9b49a8a534a351
[3435000] SCOREBOARD MATCH: wdata passthrough beat=203 expected = fba937c90a36a21b, actual =fba937c90a36a21b
[3435000] SCOREBOARD MATCH: wdata passthrough beat=204 expected = 2d55ddafa880f898, actual =2d55ddafa880f898
[3435000] SCOREBOARD MATCH: wdata passthrough beat=205 expected = cdb59beaef420b46, actual =cdb59beaef420b46
[3435000] SCOREBOARD MATCH: wdata passthrough beat=206 expected = f978ad61fbf12757, actual =f978ad61fbf12757
[3435000] SCOREBOARD MATCH: wdata passthrough beat=207 expected = a4721fefc95ed3b3, actual =a4721fefc95ed3b3
[3435000] SCOREBOARD MATCH: wdata passthrough beat=208 expected = b8a0def926ce8b10, actual =b8a0def926ce8b10
[3435000] SCOREBOARD MATCH: wdata passthrough beat=209 expected = 22bfb267f227bbd9, actual =22bfb267f227bbd9
[3435000] SCOREBOARD MATCH: wdata passthrough beat=210 expected = 3b868f8db2198c5a, actual =3b868f8db2198c5a
[3435000] SCOREBOARD MATCH: wdata passthrough beat=211 expected = d8e8176ac731d256, actual =d8e8176ac731d256
[3435000] SCOREBOARD MATCH: wdata passthrough beat=212 expected = 39598e30f4276e86, actual =39598e30f4276e86
[3435000] SCOREBOARD MATCH: wdata passthrough beat=213 expected = 2640fae1fba7c9d1, actual =2640fae1fba7c9d1
[3435000] SCOREBOARD MATCH: wdata passthrough beat=214 expected = c2d99c28f4e01dbd, actual =c2d99c28f4e01dbd
[3435000] SCOREBOARD MATCH: wdata passthrough beat=215 expected = e9078c43ff29124b, actual =e9078c43ff29124b
[3435000] SCOREBOARD MATCH: wdata passthrough beat=216 expected = fad0dc1dfc332a58, actual =fad0dc1dfc332a58
[3435000] SCOREBOARD MATCH: wdata passthrough beat=217 expected = f11348158f488724, actual =f11348158f488724
[3435000] SCOREBOARD MATCH: wdata passthrough beat=218 expected = e7199703daa7845, actual =e7199703daa7845
[3435000] SCOREBOARD MATCH: wdata passthrough beat=219 expected = 39dda29dda1ad458, actual =39dda29dda1ad458
[3435000] SCOREBOARD MATCH: wdata passthrough beat=220 expected = e9635b7d0942758d, actual =e9635b7d0942758d
[3435000] SCOREBOARD MATCH: wdata passthrough beat=221 expected = c6ecedd22af0eab2, actual =c6ecedd22af0eab2
[3435000] SCOREBOARD MATCH: wdata passthrough beat=222 expected = 850bbf0af7d4f4ed, actual =850bbf0af7d4f4ed
[3435000] SCOREBOARD MATCH: wdata passthrough beat=223 expected = 1176a7a00ca906f, actual =1176a7a00ca906f
[3435000] SCOREBOARD MATCH: wdata passthrough beat=224 expected = 2bbb7b21ee6f1a87, actual =2bbb7b21ee6f1a87
[3435000] SCOREBOARD MATCH: wstrb size check expected = e1, actual =e1
[3435000] SCOREBOARD MATCH: wstrb passthrough beat=0 expected = 4c, actual =4c
[3435000] SCOREBOARD MATCH: wstrb passthrough beat=1 expected = 74, actual =74
[3435000] SCOREBOARD MATCH: wstrb passthrough beat=2 expected = 2b, actual =2b
[3435000] SCOREBOARD MATCH: wstrb passthrough beat=3 expected = bb, actual =bb
[3435000] SCOREBOARD MATCH: wstrb passthrough beat=4 expected = ee, actual =ee
[3435000] SCOREBOARD MATCH: wstrb passthrough beat=5 expected = b3, actual =b3
[3435000] SCOREBOARD MATCH: wstrb passthrough beat=6 expected = dc, actual =dc
[3435000] SCOREBOARD MATCH: wstrb passthrough beat=7 expected = 3a, actual =3a
[3435000] SCOREBOARD MATCH: wstrb passthrough beat=8 expected = 27, actual =27
[3435000] SCOREBOARD MATCH: wstrb passthrough beat=9 expected = 7, actual =7
[3435000] SCOREBOARD MATCH: wstrb passthrough beat=10 expected = f5, actual =f5
[3435000] SCOREBOARD MATCH: wstrb passthrough beat=11 expected = 16, actual =16
[3435000] SCOREBOARD MATCH: wstrb passthrough beat=12 expected = ba, actual =ba
[3435000] SCOREBOARD MATCH: wstrb passthrough beat=13 expected = d1, actual =d1
[3435000] SCOREBOARD MATCH: wstrb passthrough beat=14 expected = 50, actual =50
[3435000] SCOREBOARD MATCH: wstrb passthrough beat=15 expected = e2, actual =e2
[3435000] SCOREBOARD MATCH: wstrb passthrough beat=16 expected = d9, actual =d9
[3435000] SCOREBOARD MATCH: wstrb passthrough beat=17 expected = 46, actual =46
[3435000] SCOREBOARD MATCH: wstrb passthrough beat=18 expected = f8, actual =f8
[3435000] SCOREBOARD MATCH: wstrb passthrough beat=19 expected = 93, actual =93
[3435000] SCOREBOARD MATCH: wstrb passthrough beat=20 expected = 17, actual =17
[3435000] SCOREBOARD MATCH: wstrb passthrough beat=21 expected = 48, actual =48
[3435000] SCOREBOARD MATCH: wstrb passthrough beat=22 expected = 75, actual =75
[3435000] SCOREBOARD MATCH: wstrb passthrough beat=23 expected = f0, actual =f0
[3435000] SCOREBOARD MATCH: wstrb passthrough beat=24 expected = 8e, actual =8e
[3435000] SCOREBOARD MATCH: wstrb passthrough beat=25 expected = 6d, actual =6d
[3435000] SCOREBOARD MATCH: wstrb passthrough beat=26 expected = 84, actual =84
[3435000] SCOREBOARD MATCH: wstrb passthrough beat=27 expected = a6, actual =a6
[3435000] SCOREBOARD MATCH: wstrb passthrough beat=28 expected = b6, actual =b6
[3435000] SCOREBOARD MATCH: wstrb passthrough beat=29 expected = f9, actual =f9
[3435000] SCOREBOARD MATCH: wstrb passthrough beat=30 expected = 96, actual =96
[3435000] SCOREBOARD MATCH: wstrb passthrough beat=31 expected = 44, actual =44
[3435000] SCOREBOARD MATCH: wstrb passthrough beat=32 expected = 67, actual =67
[3435000] SCOREBOARD MATCH: wstrb passthrough beat=33 expected = 1a, actual =1a
[3435000] SCOREBOARD MATCH: wstrb passthrough beat=34 expected = ea, actual =ea
[3435000] SCOREBOARD MATCH: wstrb passthrough beat=35 expected = 1d, actual =1d
[3435000] SCOREBOARD MATCH: wstrb passthrough beat=36 expected = 14, actual =14
[3435000] SCOREBOARD MATCH: wstrb passthrough beat=37 expected = 81, actual =81
[3435000] SCOREBOARD MATCH: wstrb passthrough beat=38 expected = 61, actual =61
[3435000] SCOREBOARD MATCH: wstrb passthrough beat=39 expected = 7b, actual =7b
[3435000] SCOREBOARD MATCH: wstrb passthrough beat=40 expected = 9b, actual =9b
[3435000] SCOREBOARD MATCH: wstrb passthrough beat=41 expected = 4c, actual =4c
[3435000] SCOREBOARD MATCH: wstrb passthrough beat=42 expected = 98, actual =98
[3435000] SCOREBOARD MATCH: wstrb passthrough beat=43 expected = af, actual =af
[3435000] SCOREBOARD MATCH: wstrb passthrough beat=44 expected = cd, actual =cd
[3435000] SCOREBOARD MATCH: wstrb passthrough beat=45 expected = f9, actual =f9
[3435000] SCOREBOARD MATCH: wstrb passthrough beat=46 expected = 2a, actual =2a
[3435000] SCOREBOARD MATCH: wstrb passthrough beat=47 expected = 68, actual =68
[3435000] SCOREBOARD MATCH: wstrb passthrough beat=48 expected = 45, actual =45
[3435000] SCOREBOARD MATCH: wstrb passthrough beat=49 expected = c2, actual =c2
[3435000] SCOREBOARD MATCH: wstrb passthrough beat=50 expected = 18, actual =18
[3435000] SCOREBOARD MATCH: wstrb passthrough beat=51 expected = 12, actual =12
[3435000] SCOREBOARD MATCH: wstrb passthrough beat=52 expected = bc, actual =bc
[3435000] SCOREBOARD MATCH: wstrb passthrough beat=53 expected = 42, actual =42
[3435000] SCOREBOARD MATCH: wstrb passthrough beat=54 expected = 7b, actual =7b
[3435000] SCOREBOARD MATCH: wstrb passthrough beat=55 expected = 1, actual =1
[3435000] SCOREBOARD MATCH: wstrb passthrough beat=56 expected = 5, actual =5
[3435000] SCOREBOARD MATCH: wstrb passthrough beat=57 expected = 93, actual =93
[3435000] SCOREBOARD MATCH: wstrb passthrough beat=58 expected = 14, actual =14
[3435000] SCOREBOARD MATCH: wstrb passthrough beat=59 expected = c1, actual =c1
[3435000] SCOREBOARD MATCH: wstrb passthrough beat=60 expected = d5, actual =d5
[3435000] SCOREBOARD MATCH: wstrb passthrough beat=61 expected = 8f, actual =8f
[3435000] SCOREBOARD MATCH: wstrb passthrough beat=62 expected = c2, actual =c2
[3435000] SCOREBOARD MATCH: wstrb passthrough beat=63 expected = da, actual =da
[3435000] SCOREBOARD MATCH: wstrb passthrough beat=64 expected = 22, actual =22
[3435000] SCOREBOARD MATCH: wstrb passthrough beat=65 expected = d6, actual =d6
[3435000] SCOREBOARD MATCH: wstrb passthrough beat=66 expected = 9b, actual =9b
[3435000] SCOREBOARD MATCH: wstrb passthrough beat=67 expected = f7, actual =f7
[3435000] SCOREBOARD MATCH: wstrb passthrough beat=68 expected = 65, actual =65
[3435000] SCOREBOARD MATCH: wstrb passthrough beat=69 expected = 5e, actual =5e
[3435000] SCOREBOARD MATCH: wstrb passthrough beat=70 expected = d2, actual =d2
[3435000] SCOREBOARD MATCH: wstrb passthrough beat=71 expected = 87, actual =87
[3435000] SCOREBOARD MATCH: wstrb passthrough beat=72 expected = 34, actual =34
[3435000] SCOREBOARD MATCH: wstrb passthrough beat=73 expected = 6d, actual =6d
[3435000] SCOREBOARD MATCH: wstrb passthrough beat=74 expected = 7f, actual =7f
[3435000] SCOREBOARD MATCH: wstrb passthrough beat=75 expected = 9a, actual =9a
[3435000] SCOREBOARD MATCH: wstrb passthrough beat=76 expected = cb, actual =cb
[3435000] SCOREBOARD MATCH: wstrb passthrough beat=77 expected = 51, actual =51
[3435000] SCOREBOARD MATCH: wstrb passthrough beat=78 expected = 21, actual =21
[3435000] SCOREBOARD MATCH: wstrb passthrough beat=79 expected = 0, actual =0
[3435000] SCOREBOARD MATCH: wstrb passthrough beat=80 expected = be, actual =be
[3435000] SCOREBOARD MATCH: wstrb passthrough beat=81 expected = a0, actual =a0
[3435000] SCOREBOARD MATCH: wstrb passthrough beat=82 expected = 9a, actual =9a
[3435000] SCOREBOARD MATCH: wstrb passthrough beat=83 expected = 8a, actual =8a
[3435000] SCOREBOARD MATCH: wstrb passthrough beat=84 expected = f1, actual =f1
[3435000] SCOREBOARD MATCH: wstrb passthrough beat=85 expected = bb, actual =bb
[3435000] SCOREBOARD MATCH: wstrb passthrough beat=86 expected = 8a, actual =8a
[3435000] SCOREBOARD MATCH: wstrb passthrough beat=87 expected = b0, actual =b0
[3435000] SCOREBOARD MATCH: wstrb passthrough beat=88 expected = 5c, actual =5c
[3435000] SCOREBOARD MATCH: wstrb passthrough beat=89 expected = 24, actual =24
[3435000] SCOREBOARD MATCH: wstrb passthrough beat=90 expected = 3a, actual =3a
[3435000] SCOREBOARD MATCH: wstrb passthrough beat=91 expected = 4d, actual =4d
[3435000] SCOREBOARD MATCH: wstrb passthrough beat=92 expected = df, actual =df
[3435000] SCOREBOARD MATCH: wstrb passthrough beat=93 expected = c4, actual =c4
[3435000] SCOREBOARD MATCH: wstrb passthrough beat=94 expected = fd, actual =fd
[3435000] SCOREBOARD MATCH: wstrb passthrough beat=95 expected = 3b, actual =3b
[3435000] SCOREBOARD MATCH: wstrb passthrough beat=96 expected = e8, actual =e8
[3435000] SCOREBOARD MATCH: wstrb passthrough beat=97 expected = 37, actual =37
[3435000] SCOREBOARD MATCH: wstrb passthrough beat=98 expected = 89, actual =89
[3435000] SCOREBOARD MATCH: wstrb passthrough beat=99 expected = c7, actual =c7
[3435000] SCOREBOARD MATCH: wstrb passthrough beat=100 expected = fb, actual =fb
[3435000] SCOREBOARD MATCH: wstrb passthrough beat=101 expected = 86, actual =86
[3435000] SCOREBOARD MATCH: wstrb passthrough beat=102 expected = 3, actual =3
[3435000] SCOREBOARD MATCH: wstrb passthrough beat=103 expected = e3, actual =e3
[3435000] SCOREBOARD MATCH: wstrb passthrough beat=104 expected = be, actual =be
[3435000] SCOREBOARD MATCH: wstrb passthrough beat=105 expected = 8c, actual =8c
[3435000] SCOREBOARD MATCH: wstrb passthrough beat=106 expected = ab, actual =ab
[3435000] SCOREBOARD MATCH: wstrb passthrough beat=107 expected = b9, actual =b9
[3435000] SCOREBOARD MATCH: wstrb passthrough beat=108 expected = 12, actual =12
[3435000] SCOREBOARD MATCH: wstrb passthrough beat=109 expected = ae, actual =ae
[3435000] SCOREBOARD MATCH: wstrb passthrough beat=110 expected = 9d, actual =9d
[3435000] SCOREBOARD MATCH: wstrb passthrough beat=111 expected = d0, actual =d0
[3435000] SCOREBOARD MATCH: wstrb passthrough beat=112 expected = 3a, actual =3a
[3435000] SCOREBOARD MATCH: wstrb passthrough beat=113 expected = 48, actual =48
[3435000] SCOREBOARD MATCH: wstrb passthrough beat=114 expected = 8a, actual =8a
[3435000] SCOREBOARD MATCH: wstrb passthrough beat=115 expected = 4c, actual =4c
[3435000] SCOREBOARD MATCH: wstrb passthrough beat=116 expected = f6, actual =f6
[3435000] SCOREBOARD MATCH: wstrb passthrough beat=117 expected = 27, actual =27
[3435000] SCOREBOARD MATCH: wstrb passthrough beat=118 expected = 1d, actual =1d
[3435000] SCOREBOARD MATCH: wstrb passthrough beat=119 expected = 30, actual =30
[3435000] SCOREBOARD MATCH: wstrb passthrough beat=120 expected = 6f, actual =6f
[3435000] SCOREBOARD MATCH: wstrb passthrough beat=121 expected = a7, actual =a7
[3435000] SCOREBOARD MATCH: wstrb passthrough beat=122 expected = 7c, actual =7c
[3435000] SCOREBOARD MATCH: wstrb passthrough beat=123 expected = 65, actual =65
[3435000] SCOREBOARD MATCH: wstrb passthrough beat=124 expected = ce, actual =ce
[3435000] SCOREBOARD MATCH: wstrb passthrough beat=125 expected = 99, actual =99
[3435000] SCOREBOARD MATCH: wstrb passthrough beat=126 expected = 95, actual =95
[3435000] SCOREBOARD MATCH: wstrb passthrough beat=127 expected = 3d, actual =3d
[3435000] SCOREBOARD MATCH: wstrb passthrough beat=128 expected = 40, actual =40
[3435000] SCOREBOARD MATCH: wstrb passthrough beat=129 expected = 11, actual =11
[3435000] SCOREBOARD MATCH: wstrb passthrough beat=130 expected = a2, actual =a2
[3435000] SCOREBOARD MATCH: wstrb passthrough beat=131 expected = e, actual =e
[3435000] SCOREBOARD MATCH: wstrb passthrough beat=132 expected = ab, actual =ab
[3435000] SCOREBOARD MATCH: wstrb passthrough beat=133 expected = 37, actual =37
[3435000] SCOREBOARD MATCH: wstrb passthrough beat=134 expected = 4b, actual =4b
[3435000] SCOREBOARD MATCH: wstrb passthrough beat=135 expected = eb, actual =eb
[3435000] SCOREBOARD MATCH: wstrb passthrough beat=136 expected = 48, actual =48
[3435000] SCOREBOARD MATCH: wstrb passthrough beat=137 expected = ed, actual =ed
[3435000] SCOREBOARD MATCH: wstrb passthrough beat=138 expected = fa, actual =fa
[3435000] SCOREBOARD MATCH: wstrb passthrough beat=139 expected = f3, actual =f3
[3435000] SCOREBOARD MATCH: wstrb passthrough beat=140 expected = 24, actual =24
[3435000] SCOREBOARD MATCH: wstrb passthrough beat=141 expected = 45, actual =45
[3435000] SCOREBOARD MATCH: wstrb passthrough beat=142 expected = df, actual =df
[3435000] SCOREBOARD MATCH: wstrb passthrough beat=143 expected = 6d, actual =6d
[3435000] SCOREBOARD MATCH: wstrb passthrough beat=144 expected = 33, actual =33
[3435000] SCOREBOARD MATCH: wstrb passthrough beat=145 expected = d9, actual =d9
[3435000] SCOREBOARD MATCH: wstrb passthrough beat=146 expected = 60, actual =60
[3435000] SCOREBOARD MATCH: wstrb passthrough beat=147 expected = 57, actual =57
[3435000] SCOREBOARD MATCH: wstrb passthrough beat=148 expected = 1e, actual =1e
[3435000] SCOREBOARD MATCH: wstrb passthrough beat=149 expected = 3f, actual =3f
[3435000] SCOREBOARD MATCH: wstrb passthrough beat=150 expected = c4, actual =c4
[3435000] SCOREBOARD MATCH: wstrb passthrough beat=151 expected = 51, actual =51
[3435000] SCOREBOARD MATCH: wstrb passthrough beat=152 expected = 18, actual =18
[3435000] SCOREBOARD MATCH: wstrb passthrough beat=153 expected = 25, actual =25
[3435000] SCOREBOARD MATCH: wstrb passthrough beat=154 expected = a9, actual =a9
[3435000] SCOREBOARD MATCH: wstrb passthrough beat=155 expected = 37, actual =37
[3435000] SCOREBOARD MATCH: wstrb passthrough beat=156 expected = 64, actual =64
[3435000] SCOREBOARD MATCH: wstrb passthrough beat=157 expected = 6d, actual =6d
[3435000] SCOREBOARD MATCH: wstrb passthrough beat=158 expected = 88, actual =88
[3435000] SCOREBOARD MATCH: wstrb passthrough beat=159 expected = 7d, actual =7d
[3435000] SCOREBOARD MATCH: wstrb passthrough beat=160 expected = 92, actual =92
[3435000] SCOREBOARD MATCH: wstrb passthrough beat=161 expected = 31, actual =31
[3435000] SCOREBOARD MATCH: wstrb passthrough beat=162 expected = b4, actual =b4
[3435000] SCOREBOARD MATCH: wstrb passthrough beat=163 expected = f7, actual =f7
[3435000] SCOREBOARD MATCH: wstrb passthrough beat=164 expected = 9f, actual =9f
[3435000] SCOREBOARD MATCH: wstrb passthrough beat=165 expected = 3c, actual =3c
[3435000] SCOREBOARD MATCH: wstrb passthrough beat=166 expected = 74, actual =74
[3435000] SCOREBOARD MATCH: wstrb passthrough beat=167 expected = 31, actual =31
[3435000] SCOREBOARD MATCH: wstrb passthrough beat=168 expected = 6e, actual =6e
[3435000] SCOREBOARD MATCH: wstrb passthrough beat=169 expected = 28, actual =28
[3435000] SCOREBOARD MATCH: wstrb passthrough beat=170 expected = 28, actual =28
[3435000] SCOREBOARD MATCH: wstrb passthrough beat=171 expected = d, actual =d
[3435000] SCOREBOARD MATCH: wstrb passthrough beat=172 expected = 64, actual =64
[3435000] SCOREBOARD MATCH: wstrb passthrough beat=173 expected = 9c, actual =9c
[3435000] SCOREBOARD MATCH: wstrb passthrough beat=174 expected = 3e, actual =3e
[3435000] SCOREBOARD MATCH: wstrb passthrough beat=175 expected = d2, actual =d2
[3435000] SCOREBOARD MATCH: wstrb passthrough beat=176 expected = c4, actual =c4
[3435000] SCOREBOARD MATCH: wstrb passthrough beat=177 expected = 67, actual =67
[3435000] SCOREBOARD MATCH: wstrb passthrough beat=178 expected = df, actual =df
[3435000] SCOREBOARD MATCH: wstrb passthrough beat=179 expected = 29, actual =29
[3435000] SCOREBOARD MATCH: wstrb passthrough beat=180 expected = 3, actual =3
[3435000] SCOREBOARD MATCH: wstrb passthrough beat=181 expected = 1e, actual =1e
[3435000] SCOREBOARD MATCH: wstrb passthrough beat=182 expected = fb, actual =fb
[3435000] SCOREBOARD MATCH: wstrb passthrough beat=183 expected = c8, actual =c8
[3435000] SCOREBOARD MATCH: wstrb passthrough beat=184 expected = 85, actual =85
[3435000] SCOREBOARD MATCH: wstrb passthrough beat=185 expected = db, actual =db
[3435000] SCOREBOARD MATCH: wstrb passthrough beat=186 expected = f1, actual =f1
[3435000] SCOREBOARD MATCH: wstrb passthrough beat=187 expected = 88, actual =88
[3435000] SCOREBOARD MATCH: wstrb passthrough beat=188 expected = f9, actual =f9
[3435000] SCOREBOARD MATCH: wstrb passthrough beat=189 expected = ec, actual =ec
[3435000] SCOREBOARD MATCH: wstrb passthrough beat=190 expected = 50, actual =50
[3435000] SCOREBOARD MATCH: wstrb passthrough beat=191 expected = 7e, actual =7e
[3435000] SCOREBOARD MATCH: wstrb passthrough beat=192 expected = c7, actual =c7
[3435000] SCOREBOARD MATCH: wstrb passthrough beat=193 expected = 41, actual =41
[3435000] SCOREBOARD MATCH: wstrb passthrough beat=194 expected = 6, actual =6
[3435000] SCOREBOARD MATCH: wstrb passthrough beat=195 expected = c0, actual =c0
[3435000] SCOREBOARD MATCH: wstrb passthrough beat=196 expected = 2e, actual =2e
[3435000] SCOREBOARD MATCH: wstrb passthrough beat=197 expected = 57, actual =57
[3435000] SCOREBOARD MATCH: wstrb passthrough beat=198 expected = 3e, actual =3e
[3435000] SCOREBOARD MATCH: wstrb passthrough beat=199 expected = f5, actual =f5
[3435000] SCOREBOARD MATCH: wstrb passthrough beat=200 expected = 98, actual =98
[3435000] SCOREBOARD MATCH: wstrb passthrough beat=201 expected = 45, actual =45
[3435000] SCOREBOARD MATCH: wstrb passthrough beat=202 expected = b6, actual =b6
[3435000] SCOREBOARD MATCH: wstrb passthrough beat=203 expected = c6, actual =c6
[3435000] SCOREBOARD MATCH: wstrb passthrough beat=204 expected = 9c, actual =9c
[3435000] SCOREBOARD MATCH: wstrb passthrough beat=205 expected = f4, actual =f4
[3435000] SCOREBOARD MATCH: wstrb passthrough beat=206 expected = bc, actual =bc
[3435000] SCOREBOARD MATCH: wstrb passthrough beat=207 expected = 34, actual =34
[3435000] SCOREBOARD MATCH: wstrb passthrough beat=208 expected = 39, actual =39
[3435000] SCOREBOARD MATCH: wstrb passthrough beat=209 expected = 72, actual =72
[3435000] SCOREBOARD MATCH: wstrb passthrough beat=210 expected = fb, actual =fb
[3435000] SCOREBOARD MATCH: wstrb passthrough beat=211 expected = d5, actual =d5
[3435000] SCOREBOARD MATCH: wstrb passthrough beat=212 expected = 66, actual =66
[3435000] SCOREBOARD MATCH: wstrb passthrough beat=213 expected = b7, actual =b7
[3435000] SCOREBOARD MATCH: wstrb passthrough beat=214 expected = a, actual =a
[3435000] SCOREBOARD MATCH: wstrb passthrough beat=215 expected = a0, actual =a0
[3435000] SCOREBOARD MATCH: wstrb passthrough beat=216 expected = 29, actual =29
[3435000] SCOREBOARD MATCH: wstrb passthrough beat=217 expected = 5, actual =5
[3435000] SCOREBOARD MATCH: wstrb passthrough beat=218 expected = 75, actual =75
[3435000] SCOREBOARD MATCH: wstrb passthrough beat=219 expected = 8f, actual =8f
[3435000] SCOREBOARD MATCH: wstrb passthrough beat=220 expected = bc, actual =bc
[3435000] SCOREBOARD MATCH: wstrb passthrough beat=221 expected = 7f, actual =7f
[3435000] SCOREBOARD MATCH: wstrb passthrough beat=222 expected = 2f, actual =2f
[3435000] SCOREBOARD MATCH: wstrb passthrough beat=223 expected = e5, actual =e5
[3435000] SCOREBOARD MATCH: wstrb passthrough beat=224 expected = 84, actual =84
[3435000] SCOREBOARD MATCH: bresp passthrough expected = 0, actual =0
[3435000] SCOREBOARD MATCH: response routed to correct master (write) expected = 0, actual =0
[3435000] [SCOREBOARD-M] mst_id=0 s_id=0 awaddr=215c268 awid=1101 awlen=224 awsize=0 awburst=1 wdata=[e5fbfaa5d40ab65c c443b3abd84b7f11 f08e375ebccdd4da 90d88b360e1367da e65ee6ebd68a3203 135806ded51c3ee1 e32fa6bbd6ed1e4a ad77504da4309214 f94cd0f6c98e8da7 207babf1c0cf572b e4ffe940dc7c77b1 a60b0558cdf2fc3e ec2536ade4cba36 bac931e7c686b149 1479ad88f3c23caa d20ef6e0e0d43740 a75ae889233c00f2 16fe3d9c8cd828c7 edac6007bbd49611 df109703e90d347c f5e55d4315074891 d0dbdea2f60ed49f df1c091be391bd4b f89905dc2fec75a6 a5fb4a45d501665f 389323aac974e47e f9615a2405175361 da18b9c0312c2986 faa10e041f5ca46a 2473f7cb12abdd6a c3d806f0f4026829 135f0c93fe8cb18b 11388ef5be7914f4 b27b7d1d37d3045e 365fb5e9d51095e5 9389aad9c5da89b0 fdad8e0ec79844de 1ca8dac3c60527f7 8bdfb1a7b40d43f7 fba588d5b032859c f637ad93098d3fb6 bd9a83ad984e6398 c880e93502175f3b ba49ef139400c83 d18e701bbeb896c8 c0cff603c93f229e 827f2f219a0f5950 d8c7f019cc7494f4 15b3b793d40d9f3d ee1cf88d9997e61c e60c7b119832e6b4 ec4085f1c6e4e8a6 e07ccec3fbc032a4 93f31958da5d7e7f a1426725c68949d4 c2497c7800339f4a da911dc981bf35e8 c8487fbcd63c95d0 d670351afbd384ee fd92bad78a91fc34 e0ce9205b10152e3 2cd4d7d2c5db3a93 d06d36c8b73ec71f e8401a032a6792a9 f042cd3c313bc8cd e87a8fec1514f1d5 3f7c847ec0b00404 f1ebccd1d0baa9ef e5cf9bc4afbf51ba f06f55bfda665cbe ab2106ada54c2042 d50b71fde25b2290 bcc17f4e10f0a272 b63cc2b4c57ac7bc a7d5ea4ce7e285fc f8d3286e8b4834b1 d0c2fc6de497699b cc79ef97af0feb22 3a581fd4f898e6ba dd305055c54d1805 f45d03278b1b1c41 83b402fb29aa3fec eef757f1aeb522fb 39d03f3de0e45350 8a8e933ce3545b18 12097e14bd844238 1e689589f985eb2d dcda4646cbd9bd51 895dff89a8f728c5 227d13f3eee3c45a 3abd81aba7c69512 d0bdbdd8ff575a39 ee3b1e93c41b8134 ebe21647f33ad1cb f2922c0428f8a03e ed1421723c9fd41f 2fdaa5eae0cd4a97 9c5ead5d8f637b9 95960bd8226cd1ee 33a1c85f6da0c47 cfd04401c570b1c2 e7dd83b00d00075a 83da13a1e5664fd9 2ad7019ceb17a035 f817a78fd3aa57a2 3910a77c92b4854c fdcc2582fbf1bb31 cf9c12d3e3e7a918 f69c2e64f5e3cd11 f1d5884288acba4f ec946367f46853e6 ea4c20f8c1719b16 ca1e5565e33091cc d798e5b2dc21a93a 9d93445036b2b8cd 19e34a99c1e506aa 1e06afe5e7b199b6 1e645283f17c304b 336136f6bb99f435 a34b8deb38479d1c a9c3cd67d167e6db 8d01db10c1afe06e f9f77d8add25045d ae8ceb38304d68fc f1fd496a23bb4af2 80e04f4f3b8ec649 ebdc2f45ebf4c6f5 fb011e72f6d3a88 eafc00d1ddd978af c9ce3fa490906136 bffd9bbed6d83016 b4b1a8c5d97e518b ea0eb2c2aaf99c8f 81d1cca5fe7fe86a d7fe39f5aa0c4e80 d505eb103683756b 35035dd5c20cecb7 ec193b38d6d7b7b5 8d5b2d208d0197ca cf0e8482c11f2648 97f6ddfdc25e8af5 cf6022c03b27bfba fc46e60225520b1e e7b096131e6ea742 d99666fc943dc3ff b98fcf1db710b8d3 d57f6015d5dd4cfe ea1b10fd21406531 d8511e04af15c711 84f3140f23aae01b c4eb454c2dd07e1a dce6452bef0e250d 12b905289d3c6350 cb0ce16ae1d9593b d0e77e48d7a44a74 f4e0adc427f32696 9cc7fd1e3a08370 3b44cde43fed8f2f e7e0b5c5dab3fe19 3e548189b0257ba8 f0130ad7f1ad3596 cc6133aff9994f6d a9becb15d7f3c09c c9a0f6320ab5b538 44f04a519d1d5ed f1c59689960229e1 a0b7df19ae0dcfba c7dfa5a73b668cbc d168b69da506e3be d314b37939a53c31 f50bc8edf22095b7 972779759af45920 d4999551c6747f8a b8951541ea3c2cee 530860fc9a55e3e 1019ddc9cfbc8eb7 b9f8bba5d9ca1b60 236f799fc8aef30a 986b81c1bf2941b4 18f35d1533895768 fc384a72d2643d67 918d7f1b3c62d6b4 efec2e1c14a3cc34 e708099baa80dc30 e6e3b2e4ec24788e 80c844c2f89588b6 231664e7d6cfe100 c2f4598fe7d04e5d e065d71489fa17cb e0c9f8ccc3bc9e51 2b8cecaf037c3bfb 8d7653c623be525b e77af0ac0bf2c3c3 f6effbeee404c92 91fe9eed9307dd5b 9efaa11e9ce55384 b25a017f9798f9a 8c816cf5ae69a0dc cb4ef4619d243f04 969dce9e2b7c0e14 d9e5aef0d6749478 f398d37c231f3b94 ce9b49a8a534a351 fba937c90a36a21b 2d55ddafa880f898 cdb59beaef420b46 f978ad61fbf12757 a4721fefc95ed3b3 b8a0def926ce8b10 22bfb267f227bbd9 3b868f8db2198c5a d8e8176ac731d256 39598e30f4276e86 2640fae1fba7c9d1 c2d99c28f4e01dbd e9078c43ff29124b fad0dc1dfc332a58 f11348158f488724 e7199703daa7845 39dda29dda1ad458 e9635b7d0942758d c6ecedd22af0eab2 850bbf0af7d4f4ed 1176a7a00ca906f 2bbb7b21ee6f1a87 ] wstrb=[4c 74 2b bb ee b3 dc 3a 27 7 f5 16 ba d1 50 e2 d9 46 f8 93 17 48 75 f0 8e 6d 84 a6 b6 f9 96 44 67 1a ea 1d 14 81 61 7b 9b 4c 98 af cd f9 2a 68 45 c2 18 12 bc 42 7b 1 5 93 14 c1 d5 8f c2 da 22 d6 9b f7 65 5e d2 87 34 6d 7f 9a cb 51 21 0 be a0 9a 8a f1 bb 8a b0 5c 24 3a 4d df c4 fd 3b e8 37 89 c7 fb 86 3 e3 be 8c ab b9 12 ae 9d d0 3a 48 8a 4c f6 27 1d 30 6f a7 7c 65 ce 99 95 3d 40 11 a2 e ab 37 4b eb 48 ed fa f3 24 45 df 6d 33 d9 60 57 1e 3f c4 51 18 25 a9 37 64 6d 88 7d 92 31 b4 f7 9f 3c 74 31 6e 28 28 d 64 9c 3e d2 c4 67 df 29 3 1e fb c8 85 db f1 88 f9 ec 50 7e c7 41 6 c0 2e 57 3e f5 98 45 b6 c6 9c f4 bc 34 39 72 fb d5 66 b7 a a0 29 5 75 8f bc 7f 2f e5 84 ] bresp=0 bid=1101
[3435000] [SCOREBOARD-S] mst_id=0 s_id=0 awaddr=215c268 awid=1101 awlen=224 awsize=0 awburst=1 wdata=[e5fbfaa5d40ab65c c443b3abd84b7f11 f08e375ebccdd4da 90d88b360e1367da e65ee6ebd68a3203 135806ded51c3ee1 e32fa6bbd6ed1e4a ad77504da4309214 f94cd0f6c98e8da7 207babf1c0cf572b e4ffe940dc7c77b1 a60b0558cdf2fc3e ec2536ade4cba36 bac931e7c686b149 1479ad88f3c23caa d20ef6e0e0d43740 a75ae889233c00f2 16fe3d9c8cd828c7 edac6007bbd49611 df109703e90d347c f5e55d4315074891 d0dbdea2f60ed49f df1c091be391bd4b f89905dc2fec75a6 a5fb4a45d501665f 389323aac974e47e f9615a2405175361 da18b9c0312c2986 faa10e041f5ca46a 2473f7cb12abdd6a c3d806f0f4026829 135f0c93fe8cb18b 11388ef5be7914f4 b27b7d1d37d3045e 365fb5e9d51095e5 9389aad9c5da89b0 fdad8e0ec79844de 1ca8dac3c60527f7 8bdfb1a7b40d43f7 fba588d5b032859c f637ad93098d3fb6 bd9a83ad984e6398 c880e93502175f3b ba49ef139400c83 d18e701bbeb896c8 c0cff603c93f229e 827f2f219a0f5950 d8c7f019cc7494f4 15b3b793d40d9f3d ee1cf88d9997e61c e60c7b119832e6b4 ec4085f1c6e4e8a6 e07ccec3fbc032a4 93f31958da5d7e7f a1426725c68949d4 c2497c7800339f4a da911dc981bf35e8 c8487fbcd63c95d0 d670351afbd384ee fd92bad78a91fc34 e0ce9205b10152e3 2cd4d7d2c5db3a93 d06d36c8b73ec71f e8401a032a6792a9 f042cd3c313bc8cd e87a8fec1514f1d5 3f7c847ec0b00404 f1ebccd1d0baa9ef e5cf9bc4afbf51ba f06f55bfda665cbe ab2106ada54c2042 d50b71fde25b2290 bcc17f4e10f0a272 b63cc2b4c57ac7bc a7d5ea4ce7e285fc f8d3286e8b4834b1 d0c2fc6de497699b cc79ef97af0feb22 3a581fd4f898e6ba dd305055c54d1805 f45d03278b1b1c41 83b402fb29aa3fec eef757f1aeb522fb 39d03f3de0e45350 8a8e933ce3545b18 12097e14bd844238 1e689589f985eb2d dcda4646cbd9bd51 895dff89a8f728c5 227d13f3eee3c45a 3abd81aba7c69512 d0bdbdd8ff575a39 ee3b1e93c41b8134 ebe21647f33ad1cb f2922c0428f8a03e ed1421723c9fd41f 2fdaa5eae0cd4a97 9c5ead5d8f637b9 95960bd8226cd1ee 33a1c85f6da0c47 cfd04401c570b1c2 e7dd83b00d00075a 83da13a1e5664fd9 2ad7019ceb17a035 f817a78fd3aa57a2 3910a77c92b4854c fdcc2582fbf1bb31 cf9c12d3e3e7a918 f69c2e64f5e3cd11 f1d5884288acba4f ec946367f46853e6 ea4c20f8c1719b16 ca1e5565e33091cc d798e5b2dc21a93a 9d93445036b2b8cd 19e34a99c1e506aa 1e06afe5e7b199b6 1e645283f17c304b 336136f6bb99f435 a34b8deb38479d1c a9c3cd67d167e6db 8d01db10c1afe06e f9f77d8add25045d ae8ceb38304d68fc f1fd496a23bb4af2 80e04f4f3b8ec649 ebdc2f45ebf4c6f5 fb011e72f6d3a88 eafc00d1ddd978af c9ce3fa490906136 bffd9bbed6d83016 b4b1a8c5d97e518b ea0eb2c2aaf99c8f 81d1cca5fe7fe86a d7fe39f5aa0c4e80 d505eb103683756b 35035dd5c20cecb7 ec193b38d6d7b7b5 8d5b2d208d0197ca cf0e8482c11f2648 97f6ddfdc25e8af5 cf6022c03b27bfba fc46e60225520b1e e7b096131e6ea742 d99666fc943dc3ff b98fcf1db710b8d3 d57f6015d5dd4cfe ea1b10fd21406531 d8511e04af15c711 84f3140f23aae01b c4eb454c2dd07e1a dce6452bef0e250d 12b905289d3c6350 cb0ce16ae1d9593b d0e77e48d7a44a74 f4e0adc427f32696 9cc7fd1e3a08370 3b44cde43fed8f2f e7e0b5c5dab3fe19 3e548189b0257ba8 f0130ad7f1ad3596 cc6133aff9994f6d a9becb15d7f3c09c c9a0f6320ab5b538 44f04a519d1d5ed f1c59689960229e1 a0b7df19ae0dcfba c7dfa5a73b668cbc d168b69da506e3be d314b37939a53c31 f50bc8edf22095b7 972779759af45920 d4999551c6747f8a b8951541ea3c2cee 530860fc9a55e3e 1019ddc9cfbc8eb7 b9f8bba5d9ca1b60 236f799fc8aef30a 986b81c1bf2941b4 18f35d1533895768 fc384a72d2643d67 918d7f1b3c62d6b4 efec2e1c14a3cc34 e708099baa80dc30 e6e3b2e4ec24788e 80c844c2f89588b6 231664e7d6cfe100 c2f4598fe7d04e5d e065d71489fa17cb e0c9f8ccc3bc9e51 2b8cecaf037c3bfb 8d7653c623be525b e77af0ac0bf2c3c3 f6effbeee404c92 91fe9eed9307dd5b 9efaa11e9ce55384 b25a017f9798f9a 8c816cf5ae69a0dc cb4ef4619d243f04 969dce9e2b7c0e14 d9e5aef0d6749478 f398d37c231f3b94 ce9b49a8a534a351 fba937c90a36a21b 2d55ddafa880f898 cdb59beaef420b46 f978ad61fbf12757 a4721fefc95ed3b3 b8a0def926ce8b10 22bfb267f227bbd9 3b868f8db2198c5a d8e8176ac731d256 39598e30f4276e86 2640fae1fba7c9d1 c2d99c28f4e01dbd e9078c43ff29124b fad0dc1dfc332a58 f11348158f488724 e7199703daa7845 39dda29dda1ad458 e9635b7d0942758d c6ecedd22af0eab2 850bbf0af7d4f4ed 1176a7a00ca906f 2bbb7b21ee6f1a87 ] wstrb=[4c 74 2b bb ee b3 dc 3a 27 7 f5 16 ba d1 50 e2 d9 46 f8 93 17 48 75 f0 8e 6d 84 a6 b6 f9 96 44 67 1a ea 1d 14 81 61 7b 9b 4c 98 af cd f9 2a 68 45 c2 18 12 bc 42 7b 1 5 93 14 c1 d5 8f c2 da 22 d6 9b f7 65 5e d2 87 34 6d 7f 9a cb 51 21 0 be a0 9a 8a f1 bb 8a b0 5c 24 3a 4d df c4 fd 3b e8 37 89 c7 fb 86 3 e3 be 8c ab b9 12 ae 9d d0 3a 48 8a 4c f6 27 1d 30 6f a7 7c 65 ce 99 95 3d 40 11 a2 e ab 37 4b eb 48 ed fa f3 24 45 df 6d 33 d9 60 57 1e 3f c4 51 18 25 a9 37 64 6d 88 7d 92 31 b4 f7 9f 3c 74 31 6e 28 28 d 64 9c 3e d2 c4 67 df 29 3 1e fb c8 85 db f1 88 f9 ec 50 7e c7 41 6 c0 2e 57 3e f5 98 45 b6 c6 9c f4 bc 34 39 72 fb d5 66 b7 a a0 29 5 75 8f bc 7f 2f e5 84 ] bresp=0 bid=1101
[3435000] SCOREBOARD: Transaction 5 received. pass=728 fail=0
[3435000] SCOREBOARD: Expected 5 transactions completed, PASS=728 FAIL=0
[3435000] ALL PASS. Total transactions: 5
[3435000] ALL TRANSACTIONS MONITORED
$finish called at time : 3455 ns : File "/home/nashita/Desktop/practice/axi_xbar/tb/top/axi_tb_top.sv" Line 220
exit
INFO: xsimkernel Simulation Memory Usage: 289464 KB (Peak: 337864 KB), Simulation CPU Usage: 1180 ms
INFO: [Common 17-206] Exiting xsim at Thu Sep 10 18:32:37 2026...
