#-----------------------------------------------------------
# xsim v2025.2 (64-bit)
# SW Build 6299465 on Fri Nov 14 12:34:56 MST 2025
# IP Build 6300035 on Fri Nov 14 10:48:45 MST 2025
# SharedData Build 6298862 on Thu Nov 13 04:50:51 MST 2025
# Start of session at: Thu Sep 10 18:43:27 2026
# Process ID         : 3668524
# Current directory  : /home/nashita/Desktop/practice/axi_xbar/sim
# Command line       : xsim -log regress_results/BT_run426.log -mode tcl -source {xsim.dir/tb_top_snap/xsim_script.tcl}
# Log file           : /home/nashita/Desktop/practice/axi_xbar/sim/regress_results/BT_run426.log
# Journal file       : /home/nashita/Desktop/practice/axi_xbar/sim/xsim.jou
# Running On         : vlsi-vivado
# Platform           : Ubuntu
# Operating System   : Ubuntu 24.04.4 LTS
# Processor Detail   : Intel(R) Core(TM) i5-10400 CPU @ 2.90GHz
# CPU Frequency      : 800.000 MHz
# CPU Physical cores : 6
# CPU Logical cores  : 12
# Host memory        : 41875 MB
# Swap memory        : 27648 MB
# Total Virtual      : 69524 MB
# Available Virtual  : 62771 MB
#-----------------------------------------------------------
source xsim.dir/tb_top_snap/xsim_script.tcl
# xsim {tb_top_snap} -testplusarg BT -autoloadwcfg -runall -sv_seed 427
Time resolution is 1 ps
run -all
[0] RUNNING BASE TEST
[0] INSIDE THE BASE TEST CONSTRUCTOR
[0] ENV: before agent
[0] SLAVE CONSTRUCTED
[0] MASTER MONITOR CONSTRUCTED
[0] MASTER MONITOR CONSTRUCTED
[0] SLAVE MONITOR CONSTRUCTED
[0] SLAVE MONITOR CONSTRUCTED
[0] ARB MONITOR CONSTRUCTED
GENERATOR CONSTRUCTED
[0] ENV: after agent
[0] ENV: before scoreboard
[0] ENV: after scoreboard
[15000] [SEQUENCER] mst_id=0 s_id=0 awaddr=e6a2990 awid=1011 awlen=61 awsize=0 awburst=1 wdata=[efd65069fbae3ec3 897b83f5b0862a5c c86bc6cda1ff554c 9dad940feebfbc65 9f45e6c138421737 da416c8327291805 15e8d46ae7b1ad8f 1ff3c4c6f7ef0093 1f181898b52ebb2b 9ce068bafa353149 f22431dc3500ed02 ea2fa82dbcd42d80 37095eca913c4a74 c63d3776071010e8 c3e43e68a92d90a6 3a69db1b306cdfa4 377cf08cfaed9d32 241b2dd980a71291 b113f235fb612ef4 f64ecc27de8508f4 df2c1b85e890e2c1 e3f211b61a69fa00 f8ef02f410400dbb f8d0f07cda40dddd f4aad7ddd81b1e79 e85b2c34dcc30232 b703e00fed99dad1 c5b4f94ae12c1cb1 bdef1ee3abaeb7ec 994892bd2e10257f f3c4230f4f2fef3 a0a1b6dfdefd8c08 d0db187cd2b6113 c21e600639ea499d 18e7d5a51c49f3b7 e97554cae2c016e6 1caa608325f5872c c23f7ae32b93b4d1 e53cbb735923628 db87bd54abb4cfad d748847e2afe2c3a e09062621dc73837 c97c07e4e59c5035 909a7c6f3c181fb6 d9df57ed20c48c63 8660dc98f12aded1 ad42fe87a35b5fd1 c41fec3416fb5908 882637d987225674 2a7db646ca80c8cd e17c21d535693661 bc8b8cd5ee9da27a b91e6b47e9a259ae 9f0b900fe709431b d5a6e5969a9a8d1c 43ce6cbdb971ce5 c2a060008ec550dd 295fddfaa34876da fedf93bf98474596 270c96742d9cc4c5 d0e53b9fc17ff3c0 d9c73956d06c746e ] wstrb=[5f 33 ca 1f d2 38 75 31 6b 40 50 3e 78 c6 6f e4 6 c0 22 7e 86 91 62 8c 51 84 a d7 16 6d 63 67 f1 6e 3f 7 db a2 6f cc 10 ae d4 eb 50 43 b8 61 f1 8c 4c 41 cf 4 a2 c0 90 ef 1 5f f3 a4 ] bresp=0 bid=0
[15000] [SEQUENCER] READ mst_id=1 s_id=0 araddr=12e04ce0 arid=0 arlen=1 arsize=3 arburst=1 rid=[] rresp=[] rdata=[]
[15000] [SEQUENCER] mst_id=1 s_id=0 awaddr=1bf7d588 awid=111 awlen=16 awsize=6 awburst=0 wdata=[d3c36a7321ac49d6 e54ddc8ae1df8142 d74cbb77dd989562 ff44df38deb6e8c4 c0966a06ab1025ea 88a8bb4ce492bbc2 c349a48697e3257d c2f34b6887ed9a84 ec80564783e00e8c 1bc3340acb9c06b4 d389a139afc9facd 33aa095adeb67f72 aa528626c009f780 efd3f24dcf6d3d64 2e23bcd6fddc275f bde61edfa37dfba7 f2eb390bd87642fc ] wstrb=[2d 5c e1 d4 3b de e0 68 3a c1 3d 75 9f 1d de d9 de ] bresp=0 bid=0
[15000] [SEQUENCER] mst_id=1 s_id=0 awaddr=4c467b8 awid=1011 awlen=245 awsize=4 awburst=1 wdata=[f6e95b3dad92da55 32c6dc5612eb4e90 213c1cd6bef06975 ec8343cb18814d4c 2b6c9bdc98257813 d715e1891f4a2021 37cb6d6dcca8b8b2 e4ce30c5c3992554 e2e34575e3380949 2fe0c1fbbbe4124e ff7d37a21aaeb2e2 fde6bc2b94aef2c0 d093050fe2607d17 fd0f2ff92dc77e26 c27670e6d0103cb1 3270b9c9faf5ec24 a8bd6a4a930975f5 e319b2a7af7fe9c2 2a75d5e7eb33db31 fe3d5126158a6c70 c50a5632d3334031 be671b62e15703cd f6e1703def802c19 c2b36c4b3ca46c89 9dfb70563bebc670 ab6bf289811a87ad bdbef43614dce094 d0c8a704ee1f5ed4 ef39e682dbba648d f0974521fc34998d ea53f862acf8dab8 88b33f45c15fec25 bd9485b2d98ddee4 8686b99cf94a8466 baaa708ba7e87e14 81765cf80f39f8e2 88847d48f83ef63e a027745207fd1695 17370f77c32eedd4 3b6de412219dd14b 299ae7e09fbb8cbf e2ea7a93db955864 fd3329afc0d1f757 e08d84169e585ea5 f9edb70aa6ce118f e7a008e6c377feaa e1d05d4ff720e0b9 1deef249c82d8cfd ba58ba7dbbe1459 d2def513858efb2f cdbc882ced75e8f6 c933fd50f0cde75c f65ce28bd96213d3 c6d7fcca1c12f263 ce0d9bfc4196ab8 9d7b7e8b100bfa1a 2c1eec7d833dbc4a c7572702e4537b55 f45f756f38ffc63c bc3d8286e4d2a58e c92620e3a07e61ec d97e28280394a989 e8674f173d859653 de03f83f15bbaaaf 19505438b18d6ffa ef13064d37822068 cd3dcb1701b7a34f b3451349cd16fe8d 4991ef5e68e1f4f e845c29e22581997 ef6f1824d1d6ea0c 3865095b9b8ad5e7 bde2ef7ef4083719 c5df212520aacbf9 bc35a1e0ad5207a2 a15a3ebbfe442a80 1eeef679fa18915f a76a9901e7395fe0 e57d8a60db249859 d53d29b8c8c4d7bd affe379d846c80d9 df911933fca7c2ba c56c9a77157bc1fe 99e842d7b4ce42eb b17605a5f56ad214 8ae69412f9795c0a 2e479ef6f6e2a01c ec4d723124ced6ea 9e4832f4dfbda49b d6a044b8f7340643 9c02dd2dcc8fd1ea 2c4d7686c2edb6e9 ba21bd2c3a4b1022 86dae20c02edbb3e c5db7227d6249a5a 106faa7cb3285892 b61613d0fffd2f53 d621c9ad974a8c88 ca72e51bfbf185f7 fbeeb54be6917429 fddc00b28088f8eb fc7a7ee3d2107ef8 38a1f322c84ee5cd c8d7deb8f869342e ca79b326367df3d4 feccd9a1c5525d9b bdbb91c9831ba648 b9999a1cc7a4b859 cf715f5083544f0 8b50eb38b86673bd b2c17cab2a7be d2e7ecaec4ea8555 fd50f9120d02420c d7b4e9cade38d7e7 23235d3cfd5c2529 8a5e67352a9cd679 8d5ae60a074564e 1dd07b78e2135100 cb027792bf90b9c cc6d61eaa82ee2ad 8a4233ad1585d5d9 c17ee175ea3ddd62 126cc01096f25b26 ac7830ff8dec435f f82a20c29caef3bd 33a14ee4edf71274 fbe355d40a96e0d2 a745d48fe0197fe3 ce109258f40d7696 fea45768dae72373 3b00a357c9f3e82c 3e015ec2a5ea2bf7 d14f6b091135af d3051ddb3ca5b62a e28fe2213bd1f2c2 c4e3287111067c9d cdac32c7e361318c 9f33244e17e8464c 28eec2e9b03c14e8 139d4675e4164cbf fbfe930bf69af5b0 a6d70a98b2d06ac3 16e6b783a4ed55f4 9b884ba4ba74510d ed44bbd192e54a8e 37d2a083c25f563d fcd3a74a042b7354 9710bde2d35aec27 95ba4264ea18631b ee43d66fcee35e65 223e4a8d128de9af fca64cca05549452 d437f2b7b7f88cf1 ca8676a0eaea233a f03eb78cf6763d44 2e6eca36c72cc36b 3216e6a5c476aa43 3aece788f8f540d6 c022044122559e31 e6cc4874e95bb1be e250f294f238eae6 948e8917a1b92ffc 8b14e1ba2272f6d6 94abe1bcfb5ad18c 9d140188ed65d44f fd8cb25293a6ad4 24953c602828e343 158eb792a484ace1 cdbf17b5c1a93de8 e9d2212b256782b7 c9ec2f98f2545415 33fd91feff60d8bd a4c85b7417ab474e 89ff9b639dcfb329 1d308be7eeb48b0d 65fd25bbdfd2d61 dbcce08bc1f8e75b b0ad7268905f6dbe ce5c9b20f8fd6c72 baf653cdb70d44c3 c76cb2822a297bab 2326e81deba3c636 a2b10af915c94da2 3ff2c94dde1d3bea c9c10220ea1dbd7b ffe70b1de319b16a c136ed54ec720d1a d68fca95bfd9d46a a2f385d40af7ef75 f769fc8fd676d5b3 9650aa1de42a7329 ef22629ecdf9c724 a4709cd739442ff2 1d6ea31be68c5f2d b48626513ac146f5 f40576e70c9105b9 f31d64e6d8f6c329 13b80a1e11741a02 1e051fbba7a38b37 809a4e6007bd8105 19319b07112284a1 b8c60fd89452587e 9c0fd9833736bac2 c8593f6339605e39 cdb2b6b7b541748a ec782f4c811f4f3b ba7fad74e9c2903b 9f0404c5b4d16eaf 35f0bdeb0832642c f1f4f4670b7c3412 c04da2c1f0706b5f f8a2cf8b90f8f92c 9c752d3ef63e60ac e6aecc0cea97c3f2 fb90bd1fdcc2d000 d30130acdf519b97 c9e95f8a9805ea5d f4c8ba5db9affcb8 19019850c57a1ca9 dd800706c7c9eb0a 8179e7c2e2eaf7da 28651483d248c164 1a12ac6e9a7b8012 fd6677ec85e51b89 d82ddced9b8c9430 36081443a5cb8c6f 2bb0a7f9f240895b dcd1d8cb36e8c2f d93a189f83de84e6 f61f0e42c3d531cf f743bdfe04eac098 88c9457e03ec2bce c7c15d9dd07dd69d d5689735fee853c0 82d47f8ebf051b9b f82f239de31dcb4 dd1a3074ca95dd2b 99af8c7e4eb896e c31d6622dfeeb003 aa848d2e191deb00 fe09746e20379697 26469ab41f85f5 cd3d70f5c126da91 e15e7128aaaad3c8 deca59becb46e564 c6dbff5e184b7c2 ] wstrb=[b3 8a 1d 17 48 df c fc 69 29 13 b2 8 20 ae 72 49 c1 24 52 e1 d2 c4 2b 93 e8 7d 75 ba 41 a0 4d 29 1d c2 e3 5e 62 30 87 7f f3 6a dd 55 9a 64 d5 8d ce b2 e3 69 17 b8 f6 e5 6a d9 4e 81 91 45 67 fc 1e b5 7d b0 fa e4 ac 19 9a 29 c9 94 e 75 ad a8 9e 76 3c ac eb ea 54 8a 60 91 36 4c 7b 8b d6 db 1c c 27 97 97 fd 72 b3 a 9a 4a a1 97 bd 55 a1 57 9f 43 ee 5c 98 90 b3 37 d3 a2 94 6b 32 47 a2 5 e9 36 70 1b 7e 12 20 67 49 90 83 c7 a3 a3 2e ec 34 b1 b3 d7 55 e1 c3 89 93 76 60 e8 57 23 71 ea 99 d1 d2 f0 f4 43 db 8d 14 ad 7d 8 f1 58 95 5 6 13 e f7 6b a3 fc 71 b6 a 68 22 ae 65 93 64 6f fc 86 1d 61 1a 82 d0 16 8 ee 77 22 70 47 38 78 35 af 9b a5 f7 d3 1e 2c 83 b9 d2 7a 8c f0 a6 f a9 78 89 35 68 30 45 11 a8 ce 47 11 fe 8c 22 a7 5a 69 b8 ] bresp=0 bid=0
[15000] [SEQUENCER] mst_id=0 s_id=0 awaddr=149ccd18 awid=1001 awlen=244 awsize=5 awburst=1 wdata=[cafe344059e8e4a 9d45c5dae985ec80 d2e0f7bbfc67a638 2063482eb80970e d506838edf90daff dbf881379f4bfa5c 8acc916aa7e77b49 87785648ddfeb5b9 fd4ab015dfd314f9 87ba9042e370d77f c16f8d3808174180 e7ea56790f32e68b f2a3be0a3eba3d4e c6d17eceefa4e6bb fed7cd4634134b43 f2cd88912ebbd547 9e60bc02f17b8b51 258ed694399f075f e85adca61d388949 eb4149a185c5f25 d1fb668486bb98a8 a3f421f13442eb2e cc9f4a533a56432a c111dbd2b2a8368b e6eb21b91e9ab0d7 d8f0f401e505fdc4 97ae344fb38a6c0c d2251ce39a02cfd3 ff08cd97fe995609 b223c215ab1610e4 c518e0b816b701e7 155057f00448def9 af5eefddc421ae4f dad8b036c7741a05 cbbcf8fef477d095 38997ee5f0290826 379d222cfb1be8dc ef93b97193722f1b 39b3742835a1b2a fe760406a82d3856 3b9f67723b38596e be927498ee09bd78 9636f5ce3f3a9eb4 fa72f8223d08789f 2b123617d1d65d40 9110fbf4b9056cba f60de559c1492be5 131f89268b83f416 c48960d1a1201b70 e2694756a430851a 2fb47931ba97462a dbb7619bf588d07c 99b95596f43dda02 aed5202c3e20a8f1 33a9796dc96dcec7 bdaba8c98a8c81c7 c8ad2ab8cd62cf03 16d09dcbec80c8f6 f70d4abdfc56a425 c9b97329d47c4694 c0fd0f8a3fba7576 bc11199be08a10f4 b5065788380a5a48 f7c4cfbe85ca8cc4 e6549db8f6036713 2e0dc15bb3d5e959 39a0761e1b5af541 115e5c5425d29119 d9a87a729ff513d6 bb5009173f6c1daf e53eaec89348f090 333e0467ccae656b 8c1a831abee7293a d23019cbee8e0d7e 3b3c72eaf15931e2 30405b1d056e1e32 f3fc2bb0c756f604 38b027e7027074e8 7de931aaf389e9a f68f949fe8f08304 eb60f7ecfbdabeca 2b135d652f3fbc86 18303f8af33f8b06 ef1a49d021a2f204 d0e2ae8a03913776 f6d0c27c9a2da735 bbd09939e912ee14 eca4258ae5eb0c4c 18b3828cb347c3 f5c635d7e374e806 c95ff452bbe94cbb c89c947fe26a5b61 c5df4367c978a7d4 561f490be62ca56 20cd25b80f3f37ba d8b7df8ecdfe890f 8c615365e6ac691f f5eba0d9de19d41e ac185d2dad2e791d 13dae23dcea38068 acbd54863879b093 e5a829b089c68316 d86a037ed8d5b1b4 114f6247f9830bed 3498f0405275805 ddfd09b9f6f78bf7 f07a97e5dbb39282 e0daea87ef4c6c00 e643f7f7f3c426e9 cf77b96bbed7f440 ae246040d6be8fdc ca82b6c53052a3f3 ef2a983314685838 eb26e81419fa7031 ca4d14241d4ef874 31b750ac35a99eda cfa40f0bb977ac57 d6c6a4cb9cde38c0 d287d79a19f1232f d368cf86887df577 255c2e38a22be6a5 bc1d09d42a2f7452 b2ad69c9f7e405d2 1a0fec780f85d95b 39b54dadd8099801 cfed9dd4d62cf64c e5b2cfa7ec62b776 c46c4f78e9fd8a4c c02a80989f681d54 bcad4cb1459ed4c fe57779825dd5040 c5456d94d0372443 e491118fbe81f830 e45f4870d110425f a14766a2e2e88927 a16a815729a4b605 fab4f86485d87831 e8c1015805c9c9c8 2f6e7fcd1bfc5f07 a1d4d7380a2b82b0 ff54c78aa237831 c61fd7380a95d891 14c15b413f63cc45 e9874476e7f4ae71 f28a870224b6a7b9 e41a73fe2fa71baf 179bca20074be243 2c0289fccda1b874 fd48d4230a265122 11723365101cfdfa ddbeb66e94e49e43 9f0aef653d74bd61 cd91bb5bdb078a92 efec28d5b07d22ca edf1e02bab5071c9 8657fc5b0ef7183b bf743b05bb839b86 e6d40d50f6442531 53b3d6c2d661b31 e8e9b6b7ed2c09ab e3702edcc4af7871 f21593a2cfbdc407 3ce9cdb3e8ab6c48 2d5ae4badaff4a5a aabd0e61a059fc8f 90568d89f70785c fa6fc2b6e7a6dc14 800d8a436604d92 d5d0c5ee252cd118 8cd3ad2c1106417c c7668f0ed04088a5 f56d59bd94d485d0 a5dac74c9d3754fc ed77dda1824106e9 17158cbaed41565a a78ab57e2e5375e e5263e48bcf05406 2a31aa61f7f088f8 dad5c057fc3bcb02 b92c1f0834aa55b8 ac9adeb03ffbfe9f 3c37c9a1e35dc969 98081f2187709f07 c76c9da6f563e8a9 d8c1b213c4a2fdd2 cc139cd983a46747 f9084ff1f0c9d134 b56ccf0613803a80 9724a1c7d1ca0204 c293d33801806be0 1500a660902cf1b8 e1f6f3bcf800a23f f9810e1fac254827 3c5239e0248ac6f5 1c8b69340e81b47f baa6fca69e492d9c c2d3f491160c7753 248e2bd2f6f93686 15426423df5f5dc5 f56bd518df352878 d62e5effd81658b4 3775b67a99fa00ea f92f2963eb70c322 c3871bd6ace18b92 c6db8c7dcf5d8862 3ace4b84fafcd250 27de5de3c00ab5e0 f683e42fe55675a f95239abeeb9ea60 2ec4a040ca3689c6 c88bf1202130978e fea81ee3e2cde82 8636848c1de2acb e30ec2593eaf222e fcdc00b0d0ef5968 12cd8434f2f94447 b1a86675053f68f8 d62ec260f5dc468d e8d58ad5ae846725 b3c3d01de8fc4694 ded88d229a7df14a c902587009f2927e f2eed912c7ae17f7 e22c0941fcc6288d 86b8bb0bd1c76634 99757e2bab2e61b1 27f48a3ff9a7941e cb6efa52fba1876d a6cfe91eaead454a a854d968e4e4787e e085ffebcec4735d fd71b8a8f3c3d3bb d8a84c398755e909 d61a5c67a5c69210 998a65cb392e4c24 c084352dd38c150f f952a71ff232b204 ab60fe28969e9194 ea2aa6a312dd0ceb 850fbeefebe53356 8283c4eae37d4dc3 f65a5aae3070bd18 1c55f06eecae6b8e d02bb951fb6a199d abdad6b59ed9b558 ] wstrb=[ff e6 23 9c 37 7c 52 36 62 75 d3 9a f1 25 d0 54 9a a3 ee 8c c8 be e0 63 62 ce ef 2a 8c cf 8d ee 9d 7c 19 29 4b a6 18 e8 23 31 12 6e d7 2a 57 fa 5b 69 69 32 93 c0 2d ee 29 96 20 bc 56 4d aa 7f e3 ca 3b 39 18 e5 b8 fb af f3 35 c7 d8 ed c3 88 e1 f8 4f b9 e5 12 41 c6 a 91 80 f0 a3 c1 b6 ae 52 36 9e f6 f8 54 a4 4a 8b 42 40 83 96 e4 cd 21 26 e a4 bd f2 72 de 19 80 83 d6 72 f5 b4 8b 75 37 61 e7 2c 16 73 a1 4d d4 89 7a ea fc 1b 38 d0 a4 b2 bb a0 cd f3 71 72 a5 2c 12 72 1f 83 e4 c4 af f7 36 ce 7a 1b 92 2a 12 c9 f8 8c e4 8b b6 f6 54 af 82 38 3a 39 2e 8e e8 b0 c6 22 e9 f4 b0 d1 a4 76 f3 8e 6a a3 5f e 19 53 9c 83 f6 fc 92 10 4f 2e 93 45 2a 25 55 79 54 e9 bf 7e e 14 f8 62 fd b7 e1 c cb d9 6e c9 90 4f d5 5b 28 43 24 b8 93 f9 14 bb 3d ] bresp=0 bid=0
[15000] MASTER_DRIVER0 received transaction, op=AXI_WRITE
[15000] MASTER_DRIVER1 received transaction, op=AXI_READ
[35000] MASTER 0 AW_VALID_RDY Handshake
[35000] MASTER_DRIVER1 received transaction, op=AXI_WRITE
[45000] ARB MONITOR: slave=0 m0_req=1 m1_req=0 winner=0
[45000] ARB MONITOR: slave=1 m0_req=0 m1_req=1 winner=1
[45000] AXI S0_ARVALID_RDY HANDSHAKE
[45000] MEMORY READ MISS beat=0 addr=12e04ce0 -> default data id=16
[45000] AXI S0_AWVALID_RDY HANDSHAKE
[55000] MEMORY READ MISS beat=1 addr=12e04ce8 -> default data id=16
[55000] SLAVE 1 R_VALID_RDY Handshake beat=0 rlast=0
[55000] MASTER 1 AW_VALID_RDY Handshake
[55000] MASTER 0 W_VALID_RDY Handshake beat=0 wlast=0
[65000] MASTER 0 W_VALID_RDY Handshake beat=1 wlast=0
[65000] ARB MONITOR: slave=1 m0_req=0 m1_req=1 winner=1
[65000] SLAVE 1 R_VALID_RDY Handshake beat=1 rlast=1
[65000] [SLAVE MONITOR] READ mst_id=1 s_id=1 araddr=12e04ce0 arid=0 arlen=1 arsize=3 arburst=1 rid=[1010] rresp=[00] rdata=[baadf00d12345678baadf00d12345678]
[65000] AXI S1_AWVALID_RDY HANDSHAKE
[65000] AXI S0_WVALID_RDY HANDSHAKE
[65000] S0 MEMORY WRITE beat=0 addr=0e6a2990 data=efd65069fbae3ec3 id=0b
[75000] AXI S0_WVALID_RDY HANDSHAKE
[75000] S0 MEMORY WRITE beat=1 addr=0e6a2991 data=897b83f5b0862a5c id=0b
[75000] MASTER 1 R_VALID_RDY Handshake beat=0 rlast=0
[75000] MASTER 1 W_VALID_RDY Handshake beat=0 wlast=0
[75000] MASTER 0 W_VALID_RDY Handshake beat=2 wlast=0
[85000] [MASTER DRIVER] READ mst_id=1 s_id=0 araddr=12e04ce0 arid=0 arlen=1 arsize=3 arburst=1 rid=[00] rresp=[00] rdata=[baadf00d12345678baadf00d12345678]
[85000] MASTER 0 W_VALID_RDY Handshake beat=3 wlast=0
[85000] MASTER 1 W_VALID_RDY Handshake beat=1 wlast=0
[85000] MASTER 1 R_VALID_RDY Handshake beat=1 rlast=1
[85000] [MASTER MONITOR] READ mst_id=1 s_id=1 araddr=12e04ce0 arid=0 arlen=1 arsize=3 arburst=1 rid=[00] rresp=[00] rdata=[baadf00d12345678baadf00d12345678]
[85000] S1 MEMORY WRITE beat=0 addr=1bf7d588 data=d3c36a7321ac49d6 id=17
[85000] AXI S0_WVALID_RDY HANDSHAKE
[85000] S0 MEMORY WRITE beat=2 addr=0e6a2992 data=c86bc6cda1ff554c id=0b
[85000] SCOREBOARD MATCH: decode_err expected = 0, actual =0
[85000] SCOREBOARD MATCH: slave_id expected = 1, actual =1
[85000] SCOREBOARD MATCH: araddr passthrough expected = 12e04ce0, actual =12e04ce0
[85000] SCOREBOARD MATCH: arlen passthrough expected = 1, actual =1
[85000] SCOREBOARD MATCH: arsize passthrough expected = 3, actual =3
[85000] SCOREBOARD MATCH: arburst passthrough expected = 1, actual =1
[85000] SCOREBOARD MATCH: rdata size check expected = 2, actual =2
[85000] SCOREBOARD MATCH: rdata passthrough beat=0 expected = baadf00d12345678, actual =baadf00d12345678
[85000] SCOREBOARD MATCH: rdata passthrough beat=1 expected = baadf00d12345678, actual =baadf00d12345678
[85000] SCOREBOARD MATCH: rresp size check expected = 2, actual =2
[85000] SCOREBOARD MATCH: rresp passthrough beat=0 expected = 0, actual =0
[85000] SCOREBOARD MATCH: rresp passthrough beat=1 expected = 0, actual =0
[85000] SCOREBOARD MATCH: response routed to correct master (read beat 0) expected = 1, actual =1
[85000] SCOREBOARD MATCH: response routed to correct master (read beat 1) expected = 1, actual =1
[85000] [SCOREBOARD-M] READ mst_id=1 s_id=1 araddr=12e04ce0 arid=0 arlen=1 arsize=3 arburst=1 rid=[00] rresp=[00] rdata=[baadf00d12345678baadf00d12345678]
[85000] [SCOREBOARD-S] READ mst_id=1 s_id=1 araddr=12e04ce0 arid=0 arlen=1 arsize=3 arburst=1 rid=[1010] rresp=[00] rdata=[baadf00d12345678baadf00d12345678]
[85000] SCOREBOARD: Transaction 1 received. pass=14 fail=0
[85000] ALL PASS. Total transactions: 1
[95000] AXI S0_WVALID_RDY HANDSHAKE
[95000] S0 MEMORY WRITE beat=3 addr=0e6a2993 data=9dad940feebfbc65 id=0b
[95000] S1 MEMORY WRITE beat=1 addr=1bf7d588 data=e54ddc8ae1df8142 id=17
[95000] MASTER 1 W_VALID_RDY Handshake beat=2 wlast=0
[95000] MASTER 0 W_VALID_RDY Handshake beat=4 wlast=0
[105000] MASTER 0 W_VALID_RDY Handshake beat=5 wlast=0
[105000] MASTER 1 W_VALID_RDY Handshake beat=3 wlast=0
[105000] S1 MEMORY WRITE beat=2 addr=1bf7d588 data=d74cbb77dd989562 id=17
[105000] AXI S0_WVALID_RDY HANDSHAKE
[105000] S0 MEMORY WRITE beat=4 addr=0e6a2994 data=9f45e6c138421737 id=0b
[115000] AXI S0_WVALID_RDY HANDSHAKE
[115000] S0 MEMORY WRITE beat=5 addr=0e6a2995 data=da416c8327291805 id=0b
[115000] S1 MEMORY WRITE beat=3 addr=1bf7d588 data=ff44df38deb6e8c4 id=17
[115000] MASTER 1 W_VALID_RDY Handshake beat=4 wlast=0
[115000] MASTER 0 W_VALID_RDY Handshake beat=6 wlast=0
[125000] MASTER 0 W_VALID_RDY Handshake beat=7 wlast=0
[125000] MASTER 1 W_VALID_RDY Handshake beat=5 wlast=0
[125000] S1 MEMORY WRITE beat=4 addr=1bf7d588 data=c0966a06ab1025ea id=17
[125000] AXI S0_WVALID_RDY HANDSHAKE
[125000] S0 MEMORY WRITE beat=6 addr=0e6a2996 data=15e8d46ae7b1ad8f id=0b
[135000] AXI S0_WVALID_RDY HANDSHAKE
[135000] S0 MEMORY WRITE beat=7 addr=0e6a2997 data=1ff3c4c6f7ef0093 id=0b
[135000] S1 MEMORY WRITE beat=5 addr=1bf7d588 data=88a8bb4ce492bbc2 id=17
[135000] MASTER 1 W_VALID_RDY Handshake beat=6 wlast=0
[135000] MASTER 0 W_VALID_RDY Handshake beat=8 wlast=0
[145000] MASTER 0 W_VALID_RDY Handshake beat=9 wlast=0
[145000] MASTER 1 W_VALID_RDY Handshake beat=7 wlast=0
[145000] S1 MEMORY WRITE beat=6 addr=1bf7d588 data=c349a48697e3257d id=17
[145000] AXI S0_WVALID_RDY HANDSHAKE
[145000] S0 MEMORY WRITE beat=8 addr=0e6a2998 data=1f181898b52ebb2b id=0b
[155000] AXI S0_WVALID_RDY HANDSHAKE
[155000] S0 MEMORY WRITE beat=9 addr=0e6a2999 data=9ce068bafa353149 id=0b
[155000] S1 MEMORY WRITE beat=7 addr=1bf7d588 data=c2f34b6887ed9a84 id=17
[155000] MASTER 1 W_VALID_RDY Handshake beat=8 wlast=0
[155000] MASTER 0 W_VALID_RDY Handshake beat=10 wlast=0
[165000] MASTER 0 W_VALID_RDY Handshake beat=11 wlast=0
[165000] MASTER 1 W_VALID_RDY Handshake beat=9 wlast=0
[165000] S1 MEMORY WRITE beat=8 addr=1bf7d588 data=ec80564783e00e8c id=17
[165000] AXI S0_WVALID_RDY HANDSHAKE
[165000] S0 MEMORY WRITE beat=10 addr=0e6a299a data=f22431dc3500ed02 id=0b
[175000] AXI S0_WVALID_RDY HANDSHAKE
[175000] S0 MEMORY WRITE beat=11 addr=0e6a299b data=ea2fa82dbcd42d80 id=0b
[175000] S1 MEMORY WRITE beat=9 addr=1bf7d588 data=1bc3340acb9c06b4 id=17
[175000] MASTER 1 W_VALID_RDY Handshake beat=10 wlast=0
[175000] MASTER 0 W_VALID_RDY Handshake beat=12 wlast=0
[185000] MASTER 0 W_VALID_RDY Handshake beat=13 wlast=0
[185000] MASTER 1 W_VALID_RDY Handshake beat=11 wlast=0
[185000] S1 MEMORY WRITE beat=10 addr=1bf7d588 data=d389a139afc9facd id=17
[185000] AXI S0_WVALID_RDY HANDSHAKE
[185000] S0 MEMORY WRITE beat=12 addr=0e6a299c data=37095eca913c4a74 id=0b
[195000] AXI S0_WVALID_RDY HANDSHAKE
[195000] S0 MEMORY WRITE beat=13 addr=0e6a299d data=c63d3776071010e8 id=0b
[195000] S1 MEMORY WRITE beat=11 addr=1bf7d588 data=33aa095adeb67f72 id=17
[195000] MASTER 1 W_VALID_RDY Handshake beat=12 wlast=0
[195000] MASTER 0 W_VALID_RDY Handshake beat=14 wlast=0
[205000] MASTER 0 W_VALID_RDY Handshake beat=15 wlast=0
[205000] MASTER 1 W_VALID_RDY Handshake beat=13 wlast=0
[205000] S1 MEMORY WRITE beat=12 addr=1bf7d588 data=aa528626c009f780 id=17
[205000] AXI S0_WVALID_RDY HANDSHAKE
[205000] S0 MEMORY WRITE beat=14 addr=0e6a299e data=c3e43e68a92d90a6 id=0b
[215000] AXI S0_WVALID_RDY HANDSHAKE
[215000] S0 MEMORY WRITE beat=15 addr=0e6a299f data=3a69db1b306cdfa4 id=0b
[215000] S1 MEMORY WRITE beat=13 addr=1bf7d588 data=efd3f24dcf6d3d64 id=17
[215000] MASTER 1 W_VALID_RDY Handshake beat=14 wlast=0
[215000] MASTER 0 W_VALID_RDY Handshake beat=16 wlast=0
[225000] MASTER 0 W_VALID_RDY Handshake beat=17 wlast=0
[225000] MASTER 1 W_VALID_RDY Handshake beat=15 wlast=0
[225000] S1 MEMORY WRITE beat=14 addr=1bf7d588 data=2e23bcd6fddc275f id=17
[225000] AXI S0_WVALID_RDY HANDSHAKE
[225000] S0 MEMORY WRITE beat=16 addr=0e6a29a0 data=377cf08cfaed9d32 id=0b
[235000] AXI S0_WVALID_RDY HANDSHAKE
[235000] S0 MEMORY WRITE beat=17 addr=0e6a29a1 data=241b2dd980a71291 id=0b
[235000] S1 MEMORY WRITE beat=15 addr=1bf7d588 data=bde61edfa37dfba7 id=17
[235000] MASTER 1 W_VALID_RDY Handshake beat=16 wlast=1
[235000] MASTER 0 W_VALID_RDY Handshake beat=18 wlast=0
[235000] MASTER_DRIVER1 received transaction, op=AXI_WRITE
[245000] MASTER 0 W_VALID_RDY Handshake beat=19 wlast=0
[245000] S1 MEMORY WRITE beat=16 addr=1bf7d588 data=f2eb390bd87642fc id=17
[245000] AXI S0_WVALID_RDY HANDSHAKE
[245000] S0 MEMORY WRITE beat=18 addr=0e6a29a2 data=b113f235fb612ef4 id=0b
[255000] AXI S0_WVALID_RDY HANDSHAKE
[255000] S0 MEMORY WRITE beat=19 addr=0e6a29a3 data=f64ecc27de8508f4 id=0b
[255000] SLAVE1 sent B resp, id=7
[255000] [SLAVE MONITOR] mst_id=1 s_id=1 awaddr=1bf7d588 awid=111 awlen=16 awsize=6 awburst=0 wdata=[d3c36a7321ac49d6 e54ddc8ae1df8142 d74cbb77dd989562 ff44df38deb6e8c4 c0966a06ab1025ea 88a8bb4ce492bbc2 c349a48697e3257d c2f34b6887ed9a84 ec80564783e00e8c 1bc3340acb9c06b4 d389a139afc9facd 33aa095adeb67f72 aa528626c009f780 efd3f24dcf6d3d64 2e23bcd6fddc275f bde61edfa37dfba7 f2eb390bd87642fc ] wstrb=[2d 5c e1 d4 3b de e0 68 3a c1 3d 75 9f 1d de d9 de ] bresp=0 bid=10111
[255000] MASTER 1 AW_VALID_RDY Handshake
[255000] MASTER 0 W_VALID_RDY Handshake beat=20 wlast=0
[265000] MASTER 0 W_VALID_RDY Handshake beat=21 wlast=0
[265000] AXI S0_WVALID_RDY HANDSHAKE
[265000] S0 MEMORY WRITE beat=20 addr=0e6a29a4 data=df2c1b85e890e2c1 id=0b
[275000] AXI S0_WVALID_RDY HANDSHAKE
[275000] S0 MEMORY WRITE beat=21 addr=0e6a29a5 data=e3f211b61a69fa00 id=0b
[275000] MASTER 1 W_VALID_RDY Handshake beat=0 wlast=0
[275000] MASTER 1 B_VALID_RDY Handshake
[275000] [MASTER MONITOR] mst_id=1 s_id=1 awaddr=1bf7d588 awid=111 awlen=16 awsize=6 awburst=0 wdata=[d3c36a7321ac49d6 e54ddc8ae1df8142 d74cbb77dd989562 ff44df38deb6e8c4 c0966a06ab1025ea 88a8bb4ce492bbc2 c349a48697e3257d c2f34b6887ed9a84 ec80564783e00e8c 1bc3340acb9c06b4 d389a139afc9facd 33aa095adeb67f72 aa528626c009f780 efd3f24dcf6d3d64 2e23bcd6fddc275f bde61edfa37dfba7 f2eb390bd87642fc ] wstrb=[2d 5c e1 d4 3b de e0 68 3a c1 3d 75 9f 1d de d9 de ] bresp=0 bid=111
[275000] MASTER 0 W_VALID_RDY Handshake beat=22 wlast=0
[275000] MASTER 1 RECEIVED BRESP. BRESP=0
[275000] [MASTER DRIVER] mst_id=1 s_id=0 awaddr=1bf7d588 awid=111 awlen=16 awsize=6 awburst=0 wdata=[d3c36a7321ac49d6 e54ddc8ae1df8142 d74cbb77dd989562 ff44df38deb6e8c4 c0966a06ab1025ea 88a8bb4ce492bbc2 c349a48697e3257d c2f34b6887ed9a84 ec80564783e00e8c 1bc3340acb9c06b4 d389a139afc9facd 33aa095adeb67f72 aa528626c009f780 efd3f24dcf6d3d64 2e23bcd6fddc275f bde61edfa37dfba7 f2eb390bd87642fc ] wstrb=[2d 5c e1 d4 3b de e0 68 3a c1 3d 75 9f 1d de d9 de ] bresp=0 bid=111
[275000] SCOREBOARD MATCH: decode_err expected = 0, actual =0
[275000] SCOREBOARD MATCH: slave_id expected = 1, actual =1
[275000] SCOREBOARD MATCH: awaddr passthrough expected = 1bf7d588, actual =1bf7d588
[275000] SCOREBOARD MATCH: awlen passthrough expected = 16, actual =16
[275000] SCOREBOARD MATCH: awsize passthrough expected = 6, actual =6
[275000] SCOREBOARD MATCH: awburst passthrough expected = 0, actual =0
[275000] SCOREBOARD MATCH: wdata size check expected = 11, actual =11
[275000] SCOREBOARD MATCH: wdata passthrough beat=0 expected = d3c36a7321ac49d6, actual =d3c36a7321ac49d6
[275000] SCOREBOARD MATCH: wdata passthrough beat=1 expected = e54ddc8ae1df8142, actual =e54ddc8ae1df8142
[275000] SCOREBOARD MATCH: wdata passthrough beat=2 expected = d74cbb77dd989562, actual =d74cbb77dd989562
[275000] SCOREBOARD MATCH: wdata passthrough beat=3 expected = ff44df38deb6e8c4, actual =ff44df38deb6e8c4
[275000] SCOREBOARD MATCH: wdata passthrough beat=4 expected = c0966a06ab1025ea, actual =c0966a06ab1025ea
[275000] SCOREBOARD MATCH: wdata passthrough beat=5 expected = 88a8bb4ce492bbc2, actual =88a8bb4ce492bbc2
[275000] SCOREBOARD MATCH: wdata passthrough beat=6 expected = c349a48697e3257d, actual =c349a48697e3257d
[275000] SCOREBOARD MATCH: wdata passthrough beat=7 expected = c2f34b6887ed9a84, actual =c2f34b6887ed9a84
[275000] SCOREBOARD MATCH: wdata passthrough beat=8 expected = ec80564783e00e8c, actual =ec80564783e00e8c
[275000] SCOREBOARD MATCH: wdata passthrough beat=9 expected = 1bc3340acb9c06b4, actual =1bc3340acb9c06b4
[275000] SCOREBOARD MATCH: wdata passthrough beat=10 expected = d389a139afc9facd, actual =d389a139afc9facd
[275000] SCOREBOARD MATCH: wdata passthrough beat=11 expected = 33aa095adeb67f72, actual =33aa095adeb67f72
[275000] SCOREBOARD MATCH: wdata passthrough beat=12 expected = aa528626c009f780, actual =aa528626c009f780
[275000] SCOREBOARD MATCH: wdata passthrough beat=13 expected = efd3f24dcf6d3d64, actual =efd3f24dcf6d3d64
[275000] SCOREBOARD MATCH: wdata passthrough beat=14 expected = 2e23bcd6fddc275f, actual =2e23bcd6fddc275f
[275000] SCOREBOARD MATCH: wdata passthrough beat=15 expected = bde61edfa37dfba7, actual =bde61edfa37dfba7
[275000] SCOREBOARD MATCH: wdata passthrough beat=16 expected = f2eb390bd87642fc, actual =f2eb390bd87642fc
[275000] SCOREBOARD MATCH: wstrb size check expected = 11, actual =11
[275000] SCOREBOARD MATCH: wstrb passthrough beat=0 expected = 2d, actual =2d
[275000] SCOREBOARD MATCH: wstrb passthrough beat=1 expected = 5c, actual =5c
[275000] SCOREBOARD MATCH: wstrb passthrough beat=2 expected = e1, actual =e1
[275000] SCOREBOARD MATCH: wstrb passthrough beat=3 expected = d4, actual =d4
[275000] SCOREBOARD MATCH: wstrb passthrough beat=4 expected = 3b, actual =3b
[275000] SCOREBOARD MATCH: wstrb passthrough beat=5 expected = de, actual =de
[275000] SCOREBOARD MATCH: wstrb passthrough beat=6 expected = e0, actual =e0
[275000] SCOREBOARD MATCH: wstrb passthrough beat=7 expected = 68, actual =68
[275000] SCOREBOARD MATCH: wstrb passthrough beat=8 expected = 3a, actual =3a
[275000] SCOREBOARD MATCH: wstrb passthrough beat=9 expected = c1, actual =c1
[275000] SCOREBOARD MATCH: wstrb passthrough beat=10 expected = 3d, actual =3d
[275000] SCOREBOARD MATCH: wstrb passthrough beat=11 expected = 75, actual =75
[275000] SCOREBOARD MATCH: wstrb passthrough beat=12 expected = 9f, actual =9f
[275000] SCOREBOARD MATCH: wstrb passthrough beat=13 expected = 1d, actual =1d
[275000] SCOREBOARD MATCH: wstrb passthrough beat=14 expected = de, actual =de
[275000] SCOREBOARD MATCH: wstrb passthrough beat=15 expected = d9, actual =d9
[275000] SCOREBOARD MATCH: wstrb passthrough beat=16 expected = de, actual =de
[275000] SCOREBOARD MATCH: bresp passthrough expected = 0, actual =0
[275000] SCOREBOARD MATCH: response routed to correct master (write) expected = 1, actual =1
[275000] [SCOREBOARD-M] mst_id=1 s_id=1 awaddr=1bf7d588 awid=111 awlen=16 awsize=6 awburst=0 wdata=[d3c36a7321ac49d6 e54ddc8ae1df8142 d74cbb77dd989562 ff44df38deb6e8c4 c0966a06ab1025ea 88a8bb4ce492bbc2 c349a48697e3257d c2f34b6887ed9a84 ec80564783e00e8c 1bc3340acb9c06b4 d389a139afc9facd 33aa095adeb67f72 aa528626c009f780 efd3f24dcf6d3d64 2e23bcd6fddc275f bde61edfa37dfba7 f2eb390bd87642fc ] wstrb=[2d 5c e1 d4 3b de e0 68 3a c1 3d 75 9f 1d de d9 de ] bresp=0 bid=111
[275000] [SCOREBOARD-S] mst_id=1 s_id=1 awaddr=1bf7d588 awid=111 awlen=16 awsize=6 awburst=0 wdata=[d3c36a7321ac49d6 e54ddc8ae1df8142 d74cbb77dd989562 ff44df38deb6e8c4 c0966a06ab1025ea 88a8bb4ce492bbc2 c349a48697e3257d c2f34b6887ed9a84 ec80564783e00e8c 1bc3340acb9c06b4 d389a139afc9facd 33aa095adeb67f72 aa528626c009f780 efd3f24dcf6d3d64 2e23bcd6fddc275f bde61edfa37dfba7 f2eb390bd87642fc ] wstrb=[2d 5c e1 d4 3b de e0 68 3a c1 3d 75 9f 1d de d9 de ] bresp=0 bid=10111
[275000] SCOREBOARD: Transaction 2 received. pass=58 fail=0
[275000] ALL PASS. Total transactions: 2
[285000] MASTER 0 W_VALID_RDY Handshake beat=23 wlast=0
[285000] MASTER 1 W_VALID_RDY Handshake beat=1 wlast=0
[285000] AXI S0_WVALID_RDY HANDSHAKE
[285000] S0 MEMORY WRITE beat=22 addr=0e6a29a6 data=f8ef02f410400dbb id=0b
[295000] AXI S0_WVALID_RDY HANDSHAKE
[295000] S0 MEMORY WRITE beat=23 addr=0e6a29a7 data=f8d0f07cda40dddd id=0b
[295000] MASTER 1 W_VALID_RDY Handshake beat=2 wlast=0
[295000] MASTER 0 W_VALID_RDY Handshake beat=24 wlast=0
[305000] MASTER 0 W_VALID_RDY Handshake beat=25 wlast=0
[305000] MASTER 1 W_VALID_RDY Handshake beat=3 wlast=0
[305000] AXI S0_WVALID_RDY HANDSHAKE
[305000] S0 MEMORY WRITE beat=24 addr=0e6a29a8 data=f4aad7ddd81b1e79 id=0b
[315000] AXI S0_WVALID_RDY HANDSHAKE
[315000] S0 MEMORY WRITE beat=25 addr=0e6a29a9 data=e85b2c34dcc30232 id=0b
[315000] MASTER 1 W_VALID_RDY Handshake beat=4 wlast=0
[315000] MASTER 0 W_VALID_RDY Handshake beat=26 wlast=0
[325000] MASTER 0 W_VALID_RDY Handshake beat=27 wlast=0
[325000] MASTER 1 W_VALID_RDY Handshake beat=5 wlast=0
[325000] AXI S0_WVALID_RDY HANDSHAKE
[325000] S0 MEMORY WRITE beat=26 addr=0e6a29aa data=b703e00fed99dad1 id=0b
[335000] AXI S0_WVALID_RDY HANDSHAKE
[335000] S0 MEMORY WRITE beat=27 addr=0e6a29ab data=c5b4f94ae12c1cb1 id=0b
[335000] MASTER 1 W_VALID_RDY Handshake beat=6 wlast=0
[335000] MASTER 0 W_VALID_RDY Handshake beat=28 wlast=0
[345000] MASTER 0 W_VALID_RDY Handshake beat=29 wlast=0
[345000] MASTER 1 W_VALID_RDY Handshake beat=7 wlast=0
[345000] AXI S0_WVALID_RDY HANDSHAKE
[345000] S0 MEMORY WRITE beat=28 addr=0e6a29ac data=bdef1ee3abaeb7ec id=0b
[355000] AXI S0_WVALID_RDY HANDSHAKE
[355000] S0 MEMORY WRITE beat=29 addr=0e6a29ad data=994892bd2e10257f id=0b
[355000] MASTER 0 W_VALID_RDY Handshake beat=30 wlast=0
[365000] MASTER 0 W_VALID_RDY Handshake beat=31 wlast=0
[365000] AXI S0_WVALID_RDY HANDSHAKE
[365000] S0 MEMORY WRITE beat=30 addr=0e6a29ae data=0f3c4230f4f2fef3 id=0b
[375000] AXI S0_WVALID_RDY HANDSHAKE
[375000] S0 MEMORY WRITE beat=31 addr=0e6a29af data=a0a1b6dfdefd8c08 id=0b
[375000] MASTER 0 W_VALID_RDY Handshake beat=32 wlast=0
[385000] MASTER 0 W_VALID_RDY Handshake beat=33 wlast=0
[385000] AXI S0_WVALID_RDY HANDSHAKE
[385000] S0 MEMORY WRITE beat=32 addr=0e6a29b0 data=0d0db187cd2b6113 id=0b
[395000] AXI S0_WVALID_RDY HANDSHAKE
[395000] S0 MEMORY WRITE beat=33 addr=0e6a29b1 data=c21e600639ea499d id=0b
[395000] MASTER 0 W_VALID_RDY Handshake beat=34 wlast=0
[405000] MASTER 0 W_VALID_RDY Handshake beat=35 wlast=0
[405000] AXI S0_WVALID_RDY HANDSHAKE
[405000] S0 MEMORY WRITE beat=34 addr=0e6a29b2 data=18e7d5a51c49f3b7 id=0b
[415000] AXI S0_WVALID_RDY HANDSHAKE
[415000] S0 MEMORY WRITE beat=35 addr=0e6a29b3 data=e97554cae2c016e6 id=0b
[415000] MASTER 0 W_VALID_RDY Handshake beat=36 wlast=0
[425000] MASTER 0 W_VALID_RDY Handshake beat=37 wlast=0
[425000] AXI S0_WVALID_RDY HANDSHAKE
[425000] S0 MEMORY WRITE beat=36 addr=0e6a29b4 data=1caa608325f5872c id=0b
[435000] AXI S0_WVALID_RDY HANDSHAKE
[435000] S0 MEMORY WRITE beat=37 addr=0e6a29b5 data=c23f7ae32b93b4d1 id=0b
[435000] MASTER 0 W_VALID_RDY Handshake beat=38 wlast=0
[445000] MASTER 0 W_VALID_RDY Handshake beat=39 wlast=0
[445000] AXI S0_WVALID_RDY HANDSHAKE
[445000] S0 MEMORY WRITE beat=38 addr=0e6a29b6 data=0e53cbb735923628 id=0b
[455000] AXI S0_WVALID_RDY HANDSHAKE
[455000] S0 MEMORY WRITE beat=39 addr=0e6a29b7 data=db87bd54abb4cfad id=0b
[455000] MASTER 0 W_VALID_RDY Handshake beat=40 wlast=0
[465000] MASTER 0 W_VALID_RDY Handshake beat=41 wlast=0
[465000] AXI S0_WVALID_RDY HANDSHAKE
[465000] S0 MEMORY WRITE beat=40 addr=0e6a29b8 data=d748847e2afe2c3a id=0b
[475000] AXI S0_WVALID_RDY HANDSHAKE
[475000] S0 MEMORY WRITE beat=41 addr=0e6a29b9 data=e09062621dc73837 id=0b
[475000] MASTER 0 W_VALID_RDY Handshake beat=42 wlast=0
[485000] MASTER 0 W_VALID_RDY Handshake beat=43 wlast=0
[485000] AXI S0_WVALID_RDY HANDSHAKE
[485000] S0 MEMORY WRITE beat=42 addr=0e6a29ba data=c97c07e4e59c5035 id=0b
[495000] AXI S0_WVALID_RDY HANDSHAKE
[495000] S0 MEMORY WRITE beat=43 addr=0e6a29bb data=909a7c6f3c181fb6 id=0b
[495000] MASTER 0 W_VALID_RDY Handshake beat=44 wlast=0
[505000] MASTER 0 W_VALID_RDY Handshake beat=45 wlast=0
[505000] AXI S0_WVALID_RDY HANDSHAKE
[505000] S0 MEMORY WRITE beat=44 addr=0e6a29bc data=d9df57ed20c48c63 id=0b
[515000] AXI S0_WVALID_RDY HANDSHAKE
[515000] S0 MEMORY WRITE beat=45 addr=0e6a29bd data=8660dc98f12aded1 id=0b
[515000] MASTER 0 W_VALID_RDY Handshake beat=46 wlast=0
[525000] MASTER 0 W_VALID_RDY Handshake beat=47 wlast=0
[525000] AXI S0_WVALID_RDY HANDSHAKE
[525000] S0 MEMORY WRITE beat=46 addr=0e6a29be data=ad42fe87a35b5fd1 id=0b
[535000] AXI S0_WVALID_RDY HANDSHAKE
[535000] S0 MEMORY WRITE beat=47 addr=0e6a29bf data=c41fec3416fb5908 id=0b
[535000] MASTER 0 W_VALID_RDY Handshake beat=48 wlast=0
[545000] MASTER 0 W_VALID_RDY Handshake beat=49 wlast=0
[545000] AXI S0_WVALID_RDY HANDSHAKE
[545000] S0 MEMORY WRITE beat=48 addr=0e6a29c0 data=882637d987225674 id=0b
[555000] AXI S0_WVALID_RDY HANDSHAKE
[555000] S0 MEMORY WRITE beat=49 addr=0e6a29c1 data=2a7db646ca80c8cd id=0b
[555000] MASTER 0 W_VALID_RDY Handshake beat=50 wlast=0
[565000] MASTER 0 W_VALID_RDY Handshake beat=51 wlast=0
[565000] AXI S0_WVALID_RDY HANDSHAKE
[565000] S0 MEMORY WRITE beat=50 addr=0e6a29c2 data=e17c21d535693661 id=0b
[575000] AXI S0_WVALID_RDY HANDSHAKE
[575000] S0 MEMORY WRITE beat=51 addr=0e6a29c3 data=bc8b8cd5ee9da27a id=0b
[575000] MASTER 0 W_VALID_RDY Handshake beat=52 wlast=0
[585000] MASTER 0 W_VALID_RDY Handshake beat=53 wlast=0
[585000] AXI S0_WVALID_RDY HANDSHAKE
[585000] S0 MEMORY WRITE beat=52 addr=0e6a29c4 data=b91e6b47e9a259ae id=0b
[595000] AXI S0_WVALID_RDY HANDSHAKE
[595000] S0 MEMORY WRITE beat=53 addr=0e6a29c5 data=9f0b900fe709431b id=0b
[595000] MASTER 0 W_VALID_RDY Handshake beat=54 wlast=0
[605000] MASTER 0 W_VALID_RDY Handshake beat=55 wlast=0
[605000] AXI S0_WVALID_RDY HANDSHAKE
[605000] S0 MEMORY WRITE beat=54 addr=0e6a29c6 data=d5a6e5969a9a8d1c id=0b
[615000] AXI S0_WVALID_RDY HANDSHAKE
[615000] S0 MEMORY WRITE beat=55 addr=0e6a29c7 data=043ce6cbdb971ce5 id=0b
[615000] MASTER 0 W_VALID_RDY Handshake beat=56 wlast=0
[625000] MASTER 0 W_VALID_RDY Handshake beat=57 wlast=0
[625000] AXI S0_WVALID_RDY HANDSHAKE
[625000] S0 MEMORY WRITE beat=56 addr=0e6a29c8 data=c2a060008ec550dd id=0b
[635000] AXI S0_WVALID_RDY HANDSHAKE
[635000] S0 MEMORY WRITE beat=57 addr=0e6a29c9 data=295fddfaa34876da id=0b
[635000] MASTER 0 W_VALID_RDY Handshake beat=58 wlast=0
[645000] MASTER 0 W_VALID_RDY Handshake beat=59 wlast=0
[645000] AXI S0_WVALID_RDY HANDSHAKE
[645000] S0 MEMORY WRITE beat=58 addr=0e6a29ca data=fedf93bf98474596 id=0b
[655000] AXI S0_WVALID_RDY HANDSHAKE
[655000] S0 MEMORY WRITE beat=59 addr=0e6a29cb data=270c96742d9cc4c5 id=0b
[655000] MASTER 0 W_VALID_RDY Handshake beat=60 wlast=0
[665000] MASTER_DRIVER0 received transaction, op=AXI_WRITE
[665000] MASTER 0 W_VALID_RDY Handshake beat=61 wlast=1
[665000] AXI S0_WVALID_RDY HANDSHAKE
[665000] S0 MEMORY WRITE beat=60 addr=0e6a29cc data=d0e53b9fc17ff3c0 id=0b
[675000] AXI S0_WVALID_RDY HANDSHAKE
[675000] S0 MEMORY WRITE beat=61 addr=0e6a29cd data=d9c73956d06c746e id=0b
[685000] MASTER 0 AW_VALID_RDY Handshake
[685000] SLAVE0 sent B resp, id=11
[695000] AXI S0_AWVALID_RDY HANDSHAKE
[695000] AXI S1_AWVALID_RDY HANDSHAKE
[695000] [SLAVE MONITOR] mst_id=0 s_id=0 awaddr=e6a2990 awid=1011 awlen=61 awsize=0 awburst=1 wdata=[efd65069fbae3ec3 897b83f5b0862a5c c86bc6cda1ff554c 9dad940feebfbc65 9f45e6c138421737 da416c8327291805 15e8d46ae7b1ad8f 1ff3c4c6f7ef0093 1f181898b52ebb2b 9ce068bafa353149 f22431dc3500ed02 ea2fa82dbcd42d80 37095eca913c4a74 c63d3776071010e8 c3e43e68a92d90a6 3a69db1b306cdfa4 377cf08cfaed9d32 241b2dd980a71291 b113f235fb612ef4 f64ecc27de8508f4 df2c1b85e890e2c1 e3f211b61a69fa00 f8ef02f410400dbb f8d0f07cda40dddd f4aad7ddd81b1e79 e85b2c34dcc30232 b703e00fed99dad1 c5b4f94ae12c1cb1 bdef1ee3abaeb7ec 994892bd2e10257f f3c4230f4f2fef3 a0a1b6dfdefd8c08 d0db187cd2b6113 c21e600639ea499d 18e7d5a51c49f3b7 e97554cae2c016e6 1caa608325f5872c c23f7ae32b93b4d1 e53cbb735923628 db87bd54abb4cfad d748847e2afe2c3a e09062621dc73837 c97c07e4e59c5035 909a7c6f3c181fb6 d9df57ed20c48c63 8660dc98f12aded1 ad42fe87a35b5fd1 c41fec3416fb5908 882637d987225674 2a7db646ca80c8cd e17c21d535693661 bc8b8cd5ee9da27a b91e6b47e9a259ae 9f0b900fe709431b d5a6e5969a9a8d1c 43ce6cbdb971ce5 c2a060008ec550dd 295fddfaa34876da fedf93bf98474596 270c96742d9cc4c5 d0e53b9fc17ff3c0 d9c73956d06c746e ] wstrb=[5f 33 ca 1f d2 38 75 31 6b 40 50 3e 78 c6 6f e4 6 c0 22 7e 86 91 62 8c 51 84 a d7 16 6d 63 67 f1 6e 3f 7 db a2 6f cc 10 ae d4 eb 50 43 b8 61 f1 8c 4c 41 cf 4 a2 c0 90 ef 1 5f f3 a4 ] bresp=0 bid=1011
[695000] ARB MONITOR: slave=0 m0_req=0 m1_req=1 winner=1
[695000] ARB MONITOR: slave=1 m0_req=1 m1_req=0 winner=0
[705000] MASTER 0 RECEIVED BRESP. BRESP=0
[705000] [MASTER DRIVER] mst_id=0 s_id=0 awaddr=e6a2990 awid=1011 awlen=61 awsize=0 awburst=1 wdata=[efd65069fbae3ec3 897b83f5b0862a5c c86bc6cda1ff554c 9dad940feebfbc65 9f45e6c138421737 da416c8327291805 15e8d46ae7b1ad8f 1ff3c4c6f7ef0093 1f181898b52ebb2b 9ce068bafa353149 f22431dc3500ed02 ea2fa82dbcd42d80 37095eca913c4a74 c63d3776071010e8 c3e43e68a92d90a6 3a69db1b306cdfa4 377cf08cfaed9d32 241b2dd980a71291 b113f235fb612ef4 f64ecc27de8508f4 df2c1b85e890e2c1 e3f211b61a69fa00 f8ef02f410400dbb f8d0f07cda40dddd f4aad7ddd81b1e79 e85b2c34dcc30232 b703e00fed99dad1 c5b4f94ae12c1cb1 bdef1ee3abaeb7ec 994892bd2e10257f f3c4230f4f2fef3 a0a1b6dfdefd8c08 d0db187cd2b6113 c21e600639ea499d 18e7d5a51c49f3b7 e97554cae2c016e6 1caa608325f5872c c23f7ae32b93b4d1 e53cbb735923628 db87bd54abb4cfad d748847e2afe2c3a e09062621dc73837 c97c07e4e59c5035 909a7c6f3c181fb6 d9df57ed20c48c63 8660dc98f12aded1 ad42fe87a35b5fd1 c41fec3416fb5908 882637d987225674 2a7db646ca80c8cd e17c21d535693661 bc8b8cd5ee9da27a b91e6b47e9a259ae 9f0b900fe709431b d5a6e5969a9a8d1c 43ce6cbdb971ce5 c2a060008ec550dd 295fddfaa34876da fedf93bf98474596 270c96742d9cc4c5 d0e53b9fc17ff3c0 d9c73956d06c746e ] wstrb=[5f 33 ca 1f d2 38 75 31 6b 40 50 3e 78 c6 6f e4 6 c0 22 7e 86 91 62 8c 51 84 a d7 16 6d 63 67 f1 6e 3f 7 db a2 6f cc 10 ae d4 eb 50 43 b8 61 f1 8c 4c 41 cf 4 a2 c0 90 ef 1 5f f3 a4 ] bresp=0 bid=1011
[705000] MASTER 0 W_VALID_RDY Handshake beat=0 wlast=0
[705000] MASTER 0 B_VALID_RDY Handshake
[705000] [MASTER MONITOR] mst_id=0 s_id=0 awaddr=e6a2990 awid=1011 awlen=61 awsize=0 awburst=1 wdata=[efd65069fbae3ec3 897b83f5b0862a5c c86bc6cda1ff554c 9dad940feebfbc65 9f45e6c138421737 da416c8327291805 15e8d46ae7b1ad8f 1ff3c4c6f7ef0093 1f181898b52ebb2b 9ce068bafa353149 f22431dc3500ed02 ea2fa82dbcd42d80 37095eca913c4a74 c63d3776071010e8 c3e43e68a92d90a6 3a69db1b306cdfa4 377cf08cfaed9d32 241b2dd980a71291 b113f235fb612ef4 f64ecc27de8508f4 df2c1b85e890e2c1 e3f211b61a69fa00 f8ef02f410400dbb f8d0f07cda40dddd f4aad7ddd81b1e79 e85b2c34dcc30232 b703e00fed99dad1 c5b4f94ae12c1cb1 bdef1ee3abaeb7ec 994892bd2e10257f f3c4230f4f2fef3 a0a1b6dfdefd8c08 d0db187cd2b6113 c21e600639ea499d 18e7d5a51c49f3b7 e97554cae2c016e6 1caa608325f5872c c23f7ae32b93b4d1 e53cbb735923628 db87bd54abb4cfad d748847e2afe2c3a e09062621dc73837 c97c07e4e59c5035 909a7c6f3c181fb6 d9df57ed20c48c63 8660dc98f12aded1 ad42fe87a35b5fd1 c41fec3416fb5908 882637d987225674 2a7db646ca80c8cd e17c21d535693661 bc8b8cd5ee9da27a b91e6b47e9a259ae 9f0b900fe709431b d5a6e5969a9a8d1c 43ce6cbdb971ce5 c2a060008ec550dd 295fddfaa34876da fedf93bf98474596 270c96742d9cc4c5 d0e53b9fc17ff3c0 d9c73956d06c746e ] wstrb=[5f 33 ca 1f d2 38 75 31 6b 40 50 3e 78 c6 6f e4 6 c0 22 7e 86 91 62 8c 51 84 a d7 16 6d 63 67 f1 6e 3f 7 db a2 6f cc 10 ae d4 eb 50 43 b8 61 f1 8c 4c 41 cf 4 a2 c0 90 ef 1 5f f3 a4 ] bresp=0 bid=1011
[705000] AXI S0_WVALID_RDY HANDSHAKE
[705000] S0 MEMORY WRITE beat=0 addr=04c467b8 data=f6e95b3dad92da55 id=1b
[705000] SCOREBOARD MATCH: decode_err expected = 0, actual =0
[705000] SCOREBOARD MATCH: slave_id expected = 0, actual =0
[705000] SCOREBOARD MATCH: awaddr passthrough expected = e6a2990, actual =e6a2990
[705000] SCOREBOARD MATCH: awlen passthrough expected = 61, actual =61
[705000] SCOREBOARD MATCH: awsize passthrough expected = 0, actual =0
[705000] SCOREBOARD MATCH: awburst passthrough expected = 1, actual =1
[705000] SCOREBOARD MATCH: wdata size check expected = 3e, actual =3e
[705000] SCOREBOARD MATCH: wdata passthrough beat=0 expected = efd65069fbae3ec3, actual =efd65069fbae3ec3
[705000] SCOREBOARD MATCH: wdata passthrough beat=1 expected = 897b83f5b0862a5c, actual =897b83f5b0862a5c
[705000] SCOREBOARD MATCH: wdata passthrough beat=2 expected = c86bc6cda1ff554c, actual =c86bc6cda1ff554c
[705000] SCOREBOARD MATCH: wdata passthrough beat=3 expected = 9dad940feebfbc65, actual =9dad940feebfbc65
[705000] SCOREBOARD MATCH: wdata passthrough beat=4 expected = 9f45e6c138421737, actual =9f45e6c138421737
[705000] SCOREBOARD MATCH: wdata passthrough beat=5 expected = da416c8327291805, actual =da416c8327291805
[705000] SCOREBOARD MATCH: wdata passthrough beat=6 expected = 15e8d46ae7b1ad8f, actual =15e8d46ae7b1ad8f
[705000] SCOREBOARD MATCH: wdata passthrough beat=7 expected = 1ff3c4c6f7ef0093, actual =1ff3c4c6f7ef0093
[705000] SCOREBOARD MATCH: wdata passthrough beat=8 expected = 1f181898b52ebb2b, actual =1f181898b52ebb2b
[705000] SCOREBOARD MATCH: wdata passthrough beat=9 expected = 9ce068bafa353149, actual =9ce068bafa353149
[705000] SCOREBOARD MATCH: wdata passthrough beat=10 expected = f22431dc3500ed02, actual =f22431dc3500ed02
[705000] SCOREBOARD MATCH: wdata passthrough beat=11 expected = ea2fa82dbcd42d80, actual =ea2fa82dbcd42d80
[705000] SCOREBOARD MATCH: wdata passthrough beat=12 expected = 37095eca913c4a74, actual =37095eca913c4a74
[705000] SCOREBOARD MATCH: wdata passthrough beat=13 expected = c63d3776071010e8, actual =c63d3776071010e8
[705000] SCOREBOARD MATCH: wdata passthrough beat=14 expected = c3e43e68a92d90a6, actual =c3e43e68a92d90a6
[705000] SCOREBOARD MATCH: wdata passthrough beat=15 expected = 3a69db1b306cdfa4, actual =3a69db1b306cdfa4
[705000] SCOREBOARD MATCH: wdata passthrough beat=16 expected = 377cf08cfaed9d32, actual =377cf08cfaed9d32
[705000] SCOREBOARD MATCH: wdata passthrough beat=17 expected = 241b2dd980a71291, actual =241b2dd980a71291
[705000] SCOREBOARD MATCH: wdata passthrough beat=18 expected = b113f235fb612ef4, actual =b113f235fb612ef4
[705000] SCOREBOARD MATCH: wdata passthrough beat=19 expected = f64ecc27de8508f4, actual =f64ecc27de8508f4
[705000] SCOREBOARD MATCH: wdata passthrough beat=20 expected = df2c1b85e890e2c1, actual =df2c1b85e890e2c1
[705000] SCOREBOARD MATCH: wdata passthrough beat=21 expected = e3f211b61a69fa00, actual =e3f211b61a69fa00
[705000] SCOREBOARD MATCH: wdata passthrough beat=22 expected = f8ef02f410400dbb, actual =f8ef02f410400dbb
[705000] SCOREBOARD MATCH: wdata passthrough beat=23 expected = f8d0f07cda40dddd, actual =f8d0f07cda40dddd
[705000] SCOREBOARD MATCH: wdata passthrough beat=24 expected = f4aad7ddd81b1e79, actual =f4aad7ddd81b1e79
[705000] SCOREBOARD MATCH: wdata passthrough beat=25 expected = e85b2c34dcc30232, actual =e85b2c34dcc30232
[705000] SCOREBOARD MATCH: wdata passthrough beat=26 expected = b703e00fed99dad1, actual =b703e00fed99dad1
[705000] SCOREBOARD MATCH: wdata passthrough beat=27 expected = c5b4f94ae12c1cb1, actual =c5b4f94ae12c1cb1
[705000] SCOREBOARD MATCH: wdata passthrough beat=28 expected = bdef1ee3abaeb7ec, actual =bdef1ee3abaeb7ec
[705000] SCOREBOARD MATCH: wdata passthrough beat=29 expected = 994892bd2e10257f, actual =994892bd2e10257f
[705000] SCOREBOARD MATCH: wdata passthrough beat=30 expected = f3c4230f4f2fef3, actual =f3c4230f4f2fef3
[705000] SCOREBOARD MATCH: wdata passthrough beat=31 expected = a0a1b6dfdefd8c08, actual =a0a1b6dfdefd8c08
[705000] SCOREBOARD MATCH: wdata passthrough beat=32 expected = d0db187cd2b6113, actual =d0db187cd2b6113
[705000] SCOREBOARD MATCH: wdata passthrough beat=33 expected = c21e600639ea499d, actual =c21e600639ea499d
[705000] SCOREBOARD MATCH: wdata passthrough beat=34 expected = 18e7d5a51c49f3b7, actual =18e7d5a51c49f3b7
[705000] SCOREBOARD MATCH: wdata passthrough beat=35 expected = e97554cae2c016e6, actual =e97554cae2c016e6
[705000] SCOREBOARD MATCH: wdata passthrough beat=36 expected = 1caa608325f5872c, actual =1caa608325f5872c
[705000] SCOREBOARD MATCH: wdata passthrough beat=37 expected = c23f7ae32b93b4d1, actual =c23f7ae32b93b4d1
[705000] SCOREBOARD MATCH: wdata passthrough beat=38 expected = e53cbb735923628, actual =e53cbb735923628
[705000] SCOREBOARD MATCH: wdata passthrough beat=39 expected = db87bd54abb4cfad, actual =db87bd54abb4cfad
[705000] SCOREBOARD MATCH: wdata passthrough beat=40 expected = d748847e2afe2c3a, actual =d748847e2afe2c3a
[705000] SCOREBOARD MATCH: wdata passthrough beat=41 expected = e09062621dc73837, actual =e09062621dc73837
[705000] SCOREBOARD MATCH: wdata passthrough beat=42 expected = c97c07e4e59c5035, actual =c97c07e4e59c5035
[705000] SCOREBOARD MATCH: wdata passthrough beat=43 expected = 909a7c6f3c181fb6, actual =909a7c6f3c181fb6
[705000] SCOREBOARD MATCH: wdata passthrough beat=44 expected = d9df57ed20c48c63, actual =d9df57ed20c48c63
[705000] SCOREBOARD MATCH: wdata passthrough beat=45 expected = 8660dc98f12aded1, actual =8660dc98f12aded1
[705000] SCOREBOARD MATCH: wdata passthrough beat=46 expected = ad42fe87a35b5fd1, actual =ad42fe87a35b5fd1
[705000] SCOREBOARD MATCH: wdata passthrough beat=47 expected = c41fec3416fb5908, actual =c41fec3416fb5908
[705000] SCOREBOARD MATCH: wdata passthrough beat=48 expected = 882637d987225674, actual =882637d987225674
[705000] SCOREBOARD MATCH: wdata passthrough beat=49 expected = 2a7db646ca80c8cd, actual =2a7db646ca80c8cd
[705000] SCOREBOARD MATCH: wdata passthrough beat=50 expected = e17c21d535693661, actual =e17c21d535693661
[705000] SCOREBOARD MATCH: wdata passthrough beat=51 expected = bc8b8cd5ee9da27a, actual =bc8b8cd5ee9da27a
[705000] SCOREBOARD MATCH: wdata passthrough beat=52 expected = b91e6b47e9a259ae, actual =b91e6b47e9a259ae
[705000] SCOREBOARD MATCH: wdata passthrough beat=53 expected = 9f0b900fe709431b, actual =9f0b900fe709431b
[705000] SCOREBOARD MATCH: wdata passthrough beat=54 expected = d5a6e5969a9a8d1c, actual =d5a6e5969a9a8d1c
[705000] SCOREBOARD MATCH: wdata passthrough beat=55 expected = 43ce6cbdb971ce5, actual =43ce6cbdb971ce5
[705000] SCOREBOARD MATCH: wdata passthrough beat=56 expected = c2a060008ec550dd, actual =c2a060008ec550dd
[705000] SCOREBOARD MATCH: wdata passthrough beat=57 expected = 295fddfaa34876da, actual =295fddfaa34876da
[705000] SCOREBOARD MATCH: wdata passthrough beat=58 expected = fedf93bf98474596, actual =fedf93bf98474596
[705000] SCOREBOARD MATCH: wdata passthrough beat=59 expected = 270c96742d9cc4c5, actual =270c96742d9cc4c5
[705000] SCOREBOARD MATCH: wdata passthrough beat=60 expected = d0e53b9fc17ff3c0, actual =d0e53b9fc17ff3c0
[705000] SCOREBOARD MATCH: wdata passthrough beat=61 expected = d9c73956d06c746e, actual =d9c73956d06c746e
[705000] SCOREBOARD MATCH: wstrb size check expected = 3e, actual =3e
[705000] SCOREBOARD MATCH: wstrb passthrough beat=0 expected = 5f, actual =5f
[705000] SCOREBOARD MATCH: wstrb passthrough beat=1 expected = 33, actual =33
[705000] SCOREBOARD MATCH: wstrb passthrough beat=2 expected = ca, actual =ca
[705000] SCOREBOARD MATCH: wstrb passthrough beat=3 expected = 1f, actual =1f
[705000] SCOREBOARD MATCH: wstrb passthrough beat=4 expected = d2, actual =d2
[705000] SCOREBOARD MATCH: wstrb passthrough beat=5 expected = 38, actual =38
[705000] SCOREBOARD MATCH: wstrb passthrough beat=6 expected = 75, actual =75
[705000] SCOREBOARD MATCH: wstrb passthrough beat=7 expected = 31, actual =31
[705000] SCOREBOARD MATCH: wstrb passthrough beat=8 expected = 6b, actual =6b
[705000] SCOREBOARD MATCH: wstrb passthrough beat=9 expected = 40, actual =40
[705000] SCOREBOARD MATCH: wstrb passthrough beat=10 expected = 50, actual =50
[705000] SCOREBOARD MATCH: wstrb passthrough beat=11 expected = 3e, actual =3e
[705000] SCOREBOARD MATCH: wstrb passthrough beat=12 expected = 78, actual =78
[705000] SCOREBOARD MATCH: wstrb passthrough beat=13 expected = c6, actual =c6
[705000] SCOREBOARD MATCH: wstrb passthrough beat=14 expected = 6f, actual =6f
[705000] SCOREBOARD MATCH: wstrb passthrough beat=15 expected = e4, actual =e4
[705000] SCOREBOARD MATCH: wstrb passthrough beat=16 expected = 6, actual =6
[705000] SCOREBOARD MATCH: wstrb passthrough beat=17 expected = c0, actual =c0
[705000] SCOREBOARD MATCH: wstrb passthrough beat=18 expected = 22, actual =22
[705000] SCOREBOARD MATCH: wstrb passthrough beat=19 expected = 7e, actual =7e
[705000] SCOREBOARD MATCH: wstrb passthrough beat=20 expected = 86, actual =86
[705000] SCOREBOARD MATCH: wstrb passthrough beat=21 expected = 91, actual =91
[705000] SCOREBOARD MATCH: wstrb passthrough beat=22 expected = 62, actual =62
[705000] SCOREBOARD MATCH: wstrb passthrough beat=23 expected = 8c, actual =8c
[705000] SCOREBOARD MATCH: wstrb passthrough beat=24 expected = 51, actual =51
[705000] SCOREBOARD MATCH: wstrb passthrough beat=25 expected = 84, actual =84
[705000] SCOREBOARD MATCH: wstrb passthrough beat=26 expected = a, actual =a
[705000] SCOREBOARD MATCH: wstrb passthrough beat=27 expected = d7, actual =d7
[705000] SCOREBOARD MATCH: wstrb passthrough beat=28 expected = 16, actual =16
[705000] SCOREBOARD MATCH: wstrb passthrough beat=29 expected = 6d, actual =6d
[705000] SCOREBOARD MATCH: wstrb passthrough beat=30 expected = 63, actual =63
[705000] SCOREBOARD MATCH: wstrb passthrough beat=31 expected = 67, actual =67
[705000] SCOREBOARD MATCH: wstrb passthrough beat=32 expected = f1, actual =f1
[705000] SCOREBOARD MATCH: wstrb passthrough beat=33 expected = 6e, actual =6e
[705000] SCOREBOARD MATCH: wstrb passthrough beat=34 expected = 3f, actual =3f
[705000] SCOREBOARD MATCH: wstrb passthrough beat=35 expected = 7, actual =7
[705000] SCOREBOARD MATCH: wstrb passthrough beat=36 expected = db, actual =db
[705000] SCOREBOARD MATCH: wstrb passthrough beat=37 expected = a2, actual =a2
[705000] SCOREBOARD MATCH: wstrb passthrough beat=38 expected = 6f, actual =6f
[705000] SCOREBOARD MATCH: wstrb passthrough beat=39 expected = cc, actual =cc
[705000] SCOREBOARD MATCH: wstrb passthrough beat=40 expected = 10, actual =10
[705000] SCOREBOARD MATCH: wstrb passthrough beat=41 expected = ae, actual =ae
[705000] SCOREBOARD MATCH: wstrb passthrough beat=42 expected = d4, actual =d4
[705000] SCOREBOARD MATCH: wstrb passthrough beat=43 expected = eb, actual =eb
[705000] SCOREBOARD MATCH: wstrb passthrough beat=44 expected = 50, actual =50
[705000] SCOREBOARD MATCH: wstrb passthrough beat=45 expected = 43, actual =43
[705000] SCOREBOARD MATCH: wstrb passthrough beat=46 expected = b8, actual =b8
[705000] SCOREBOARD MATCH: wstrb passthrough beat=47 expected = 61, actual =61
[705000] SCOREBOARD MATCH: wstrb passthrough beat=48 expected = f1, actual =f1
[705000] SCOREBOARD MATCH: wstrb passthrough beat=49 expected = 8c, actual =8c
[705000] SCOREBOARD MATCH: wstrb passthrough beat=50 expected = 4c, actual =4c
[705000] SCOREBOARD MATCH: wstrb passthrough beat=51 expected = 41, actual =41
[705000] SCOREBOARD MATCH: wstrb passthrough beat=52 expected = cf, actual =cf
[705000] SCOREBOARD MATCH: wstrb passthrough beat=53 expected = 4, actual =4
[705000] SCOREBOARD MATCH: wstrb passthrough beat=54 expected = a2, actual =a2
[705000] SCOREBOARD MATCH: wstrb passthrough beat=55 expected = c0, actual =c0
[705000] SCOREBOARD MATCH: wstrb passthrough beat=56 expected = 90, actual =90
[705000] SCOREBOARD MATCH: wstrb passthrough beat=57 expected = ef, actual =ef
[705000] SCOREBOARD MATCH: wstrb passthrough beat=58 expected = 1, actual =1
[705000] SCOREBOARD MATCH: wstrb passthrough beat=59 expected = 5f, actual =5f
[705000] SCOREBOARD MATCH: wstrb passthrough beat=60 expected = f3, actual =f3
[705000] SCOREBOARD MATCH: wstrb passthrough beat=61 expected = a4, actual =a4
[705000] SCOREBOARD MATCH: bresp passthrough expected = 0, actual =0
[705000] SCOREBOARD MATCH: response routed to correct master (write) expected = 0, actual =0
[705000] [SCOREBOARD-M] mst_id=0 s_id=0 awaddr=e6a2990 awid=1011 awlen=61 awsize=0 awburst=1 wdata=[efd65069fbae3ec3 897b83f5b0862a5c c86bc6cda1ff554c 9dad940feebfbc65 9f45e6c138421737 da416c8327291805 15e8d46ae7b1ad8f 1ff3c4c6f7ef0093 1f181898b52ebb2b 9ce068bafa353149 f22431dc3500ed02 ea2fa82dbcd42d80 37095eca913c4a74 c63d3776071010e8 c3e43e68a92d90a6 3a69db1b306cdfa4 377cf08cfaed9d32 241b2dd980a71291 b113f235fb612ef4 f64ecc27de8508f4 df2c1b85e890e2c1 e3f211b61a69fa00 f8ef02f410400dbb f8d0f07cda40dddd f4aad7ddd81b1e79 e85b2c34dcc30232 b703e00fed99dad1 c5b4f94ae12c1cb1 bdef1ee3abaeb7ec 994892bd2e10257f f3c4230f4f2fef3 a0a1b6dfdefd8c08 d0db187cd2b6113 c21e600639ea499d 18e7d5a51c49f3b7 e97554cae2c016e6 1caa608325f5872c c23f7ae32b93b4d1 e53cbb735923628 db87bd54abb4cfad d748847e2afe2c3a e09062621dc73837 c97c07e4e59c5035 909a7c6f3c181fb6 d9df57ed20c48c63 8660dc98f12aded1 ad42fe87a35b5fd1 c41fec3416fb5908 882637d987225674 2a7db646ca80c8cd e17c21d535693661 bc8b8cd5ee9da27a b91e6b47e9a259ae 9f0b900fe709431b d5a6e5969a9a8d1c 43ce6cbdb971ce5 c2a060008ec550dd 295fddfaa34876da fedf93bf98474596 270c96742d9cc4c5 d0e53b9fc17ff3c0 d9c73956d06c746e ] wstrb=[5f 33 ca 1f d2 38 75 31 6b 40 50 3e 78 c6 6f e4 6 c0 22 7e 86 91 62 8c 51 84 a d7 16 6d 63 67 f1 6e 3f 7 db a2 6f cc 10 ae d4 eb 50 43 b8 61 f1 8c 4c 41 cf 4 a2 c0 90 ef 1 5f f3 a4 ] bresp=0 bid=1011
[705000] [SCOREBOARD-S] mst_id=0 s_id=0 awaddr=e6a2990 awid=1011 awlen=61 awsize=0 awburst=1 wdata=[efd65069fbae3ec3 897b83f5b0862a5c c86bc6cda1ff554c 9dad940feebfbc65 9f45e6c138421737 da416c8327291805 15e8d46ae7b1ad8f 1ff3c4c6f7ef0093 1f181898b52ebb2b 9ce068bafa353149 f22431dc3500ed02 ea2fa82dbcd42d80 37095eca913c4a74 c63d3776071010e8 c3e43e68a92d90a6 3a69db1b306cdfa4 377cf08cfaed9d32 241b2dd980a71291 b113f235fb612ef4 f64ecc27de8508f4 df2c1b85e890e2c1 e3f211b61a69fa00 f8ef02f410400dbb f8d0f07cda40dddd f4aad7ddd81b1e79 e85b2c34dcc30232 b703e00fed99dad1 c5b4f94ae12c1cb1 bdef1ee3abaeb7ec 994892bd2e10257f f3c4230f4f2fef3 a0a1b6dfdefd8c08 d0db187cd2b6113 c21e600639ea499d 18e7d5a51c49f3b7 e97554cae2c016e6 1caa608325f5872c c23f7ae32b93b4d1 e53cbb735923628 db87bd54abb4cfad d748847e2afe2c3a e09062621dc73837 c97c07e4e59c5035 909a7c6f3c181fb6 d9df57ed20c48c63 8660dc98f12aded1 ad42fe87a35b5fd1 c41fec3416fb5908 882637d987225674 2a7db646ca80c8cd e17c21d535693661 bc8b8cd5ee9da27a b91e6b47e9a259ae 9f0b900fe709431b d5a6e5969a9a8d1c 43ce6cbdb971ce5 c2a060008ec550dd 295fddfaa34876da fedf93bf98474596 270c96742d9cc4c5 d0e53b9fc17ff3c0 d9c73956d06c746e ] wstrb=[5f 33 ca 1f d2 38 75 31 6b 40 50 3e 78 c6 6f e4 6 c0 22 7e 86 91 62 8c 51 84 a d7 16 6d 63 67 f1 6e 3f 7 db a2 6f cc 10 ae d4 eb 50 43 b8 61 f1 8c 4c 41 cf 4 a2 c0 90 ef 1 5f f3 a4 ] bresp=0 bid=1011
[705000] SCOREBOARD: Transaction 3 received. pass=192 fail=0
[705000] ALL PASS. Total transactions: 3
[715000] AXI S0_WVALID_RDY HANDSHAKE
[715000] S0 MEMORY WRITE beat=1 addr=04c467c8 data=32c6dc5612eb4e90 id=1b
[715000] S1 MEMORY WRITE beat=0 addr=149ccd18 data=0cafe344059e8e4a id=09
[715000] MASTER 1 W_VALID_RDY Handshake beat=8 wlast=0
[715000] MASTER 0 W_VALID_RDY Handshake beat=1 wlast=0
[725000] MASTER 0 W_VALID_RDY Handshake beat=2 wlast=0
[725000] MASTER 1 W_VALID_RDY Handshake beat=9 wlast=0
[725000] S1 MEMORY WRITE beat=1 addr=149ccd38 data=9d45c5dae985ec80 id=09
[725000] AXI S0_WVALID_RDY HANDSHAKE
[725000] S0 MEMORY WRITE beat=2 addr=04c467d8 data=213c1cd6bef06975 id=1b
[735000] AXI S0_WVALID_RDY HANDSHAKE
[735000] S0 MEMORY WRITE beat=3 addr=04c467e8 data=ec8343cb18814d4c id=1b
[735000] S1 MEMORY WRITE beat=2 addr=149ccd58 data=d2e0f7bbfc67a638 id=09
[735000] MASTER 1 W_VALID_RDY Handshake beat=10 wlast=0
[735000] MASTER 0 W_VALID_RDY Handshake beat=3 wlast=0
[745000] MASTER 0 W_VALID_RDY Handshake beat=4 wlast=0
[745000] MASTER 1 W_VALID_RDY Handshake beat=11 wlast=0
[745000] S1 MEMORY WRITE beat=3 addr=149ccd78 data=02063482eb80970e id=09
[745000] AXI S0_WVALID_RDY HANDSHAKE
[745000] S0 MEMORY WRITE beat=4 addr=04c467f8 data=2b6c9bdc98257813 id=1b
[755000] AXI S0_WVALID_RDY HANDSHAKE
[755000] S0 MEMORY WRITE beat=5 addr=04c46808 data=d715e1891f4a2021 id=1b
[755000] S1 MEMORY WRITE beat=4 addr=149ccd98 data=d506838edf90daff id=09
[755000] MASTER 1 W_VALID_RDY Handshake beat=12 wlast=0
[755000] MASTER 0 W_VALID_RDY Handshake beat=5 wlast=0
[765000] MASTER 0 W_VALID_RDY Handshake beat=6 wlast=0
[765000] MASTER 1 W_VALID_RDY Handshake beat=13 wlast=0
[765000] S1 MEMORY WRITE beat=5 addr=149ccdb8 data=dbf881379f4bfa5c id=09
[765000] AXI S0_WVALID_RDY HANDSHAKE
[765000] S0 MEMORY WRITE beat=6 addr=04c46818 data=37cb6d6dcca8b8b2 id=1b
[775000] AXI S0_WVALID_RDY HANDSHAKE
[775000] S0 MEMORY WRITE beat=7 addr=04c46828 data=e4ce30c5c3992554 id=1b
[775000] S1 MEMORY WRITE beat=6 addr=149ccdd8 data=8acc916aa7e77b49 id=09
[775000] MASTER 1 W_VALID_RDY Handshake beat=14 wlast=0
[775000] MASTER 0 W_VALID_RDY Handshake beat=7 wlast=0
[785000] MASTER 0 W_VALID_RDY Handshake beat=8 wlast=0
[785000] MASTER 1 W_VALID_RDY Handshake beat=15 wlast=0
[785000] S1 MEMORY WRITE beat=7 addr=149ccdf8 data=87785648ddfeb5b9 id=09
[785000] AXI S0_WVALID_RDY HANDSHAKE
[785000] S0 MEMORY WRITE beat=8 addr=04c46838 data=e2e34575e3380949 id=1b
[795000] AXI S0_WVALID_RDY HANDSHAKE
[795000] S0 MEMORY WRITE beat=9 addr=04c46848 data=2fe0c1fbbbe4124e id=1b
[795000] S1 MEMORY WRITE beat=8 addr=149cce18 data=fd4ab015dfd314f9 id=09
[795000] MASTER 1 W_VALID_RDY Handshake beat=16 wlast=0
[795000] MASTER 0 W_VALID_RDY Handshake beat=9 wlast=0
[805000] MASTER 0 W_VALID_RDY Handshake beat=10 wlast=0
[805000] MASTER 1 W_VALID_RDY Handshake beat=17 wlast=0
[805000] S1 MEMORY WRITE beat=9 addr=149cce38 data=87ba9042e370d77f id=09
[805000] AXI S0_WVALID_RDY HANDSHAKE
[805000] S0 MEMORY WRITE beat=10 addr=04c46858 data=ff7d37a21aaeb2e2 id=1b
[815000] AXI S0_WVALID_RDY HANDSHAKE
[815000] S0 MEMORY WRITE beat=11 addr=04c46868 data=fde6bc2b94aef2c0 id=1b
[815000] S1 MEMORY WRITE beat=10 addr=149cce58 data=c16f8d3808174180 id=09
[815000] MASTER 1 W_VALID_RDY Handshake beat=18 wlast=0
[815000] MASTER 0 W_VALID_RDY Handshake beat=11 wlast=0
[825000] MASTER 0 W_VALID_RDY Handshake beat=12 wlast=0
[825000] MASTER 1 W_VALID_RDY Handshake beat=19 wlast=0
[825000] S1 MEMORY WRITE beat=11 addr=149cce78 data=e7ea56790f32e68b id=09
[825000] AXI S0_WVALID_RDY HANDSHAKE
[825000] S0 MEMORY WRITE beat=12 addr=04c46878 data=d093050fe2607d17 id=1b
[835000] AXI S0_WVALID_RDY HANDSHAKE
[835000] S0 MEMORY WRITE beat=13 addr=04c46888 data=fd0f2ff92dc77e26 id=1b
[835000] S1 MEMORY WRITE beat=12 addr=149cce98 data=f2a3be0a3eba3d4e id=09
[835000] MASTER 1 W_VALID_RDY Handshake beat=20 wlast=0
[835000] MASTER 0 W_VALID_RDY Handshake beat=13 wlast=0
[845000] MASTER 0 W_VALID_RDY Handshake beat=14 wlast=0
[845000] MASTER 1 W_VALID_RDY Handshake beat=21 wlast=0
[845000] S1 MEMORY WRITE beat=13 addr=149cceb8 data=c6d17eceefa4e6bb id=09
[845000] AXI S0_WVALID_RDY HANDSHAKE
[845000] S0 MEMORY WRITE beat=14 addr=04c46898 data=c27670e6d0103cb1 id=1b
[855000] AXI S0_WVALID_RDY HANDSHAKE
[855000] S0 MEMORY WRITE beat=15 addr=04c468a8 data=3270b9c9faf5ec24 id=1b
[855000] S1 MEMORY WRITE beat=14 addr=149cced8 data=fed7cd4634134b43 id=09
[855000] MASTER 1 W_VALID_RDY Handshake beat=22 wlast=0
[855000] MASTER 0 W_VALID_RDY Handshake beat=15 wlast=0
[865000] MASTER 0 W_VALID_RDY Handshake beat=16 wlast=0
[865000] MASTER 1 W_VALID_RDY Handshake beat=23 wlast=0
[865000] S1 MEMORY WRITE beat=15 addr=149ccef8 data=f2cd88912ebbd547 id=09
[865000] AXI S0_WVALID_RDY HANDSHAKE
[865000] S0 MEMORY WRITE beat=16 addr=04c468b8 data=a8bd6a4a930975f5 id=1b
[875000] AXI S0_WVALID_RDY HANDSHAKE
[875000] S0 MEMORY WRITE beat=17 addr=04c468c8 data=e319b2a7af7fe9c2 id=1b
[875000] S1 MEMORY WRITE beat=16 addr=149ccf18 data=9e60bc02f17b8b51 id=09
[875000] MASTER 1 W_VALID_RDY Handshake beat=24 wlast=0
[875000] MASTER 0 W_VALID_RDY Handshake beat=17 wlast=0
[885000] MASTER 0 W_VALID_RDY Handshake beat=18 wlast=0
[885000] MASTER 1 W_VALID_RDY Handshake beat=25 wlast=0
[885000] S1 MEMORY WRITE beat=17 addr=149ccf38 data=258ed694399f075f id=09
[885000] AXI S0_WVALID_RDY HANDSHAKE
[885000] S0 MEMORY WRITE beat=18 addr=04c468d8 data=2a75d5e7eb33db31 id=1b
[895000] AXI S0_WVALID_RDY HANDSHAKE
[895000] S0 MEMORY WRITE beat=19 addr=04c468e8 data=fe3d5126158a6c70 id=1b
[895000] S1 MEMORY WRITE beat=18 addr=149ccf58 data=e85adca61d388949 id=09
[895000] MASTER 1 W_VALID_RDY Handshake beat=26 wlast=0
[895000] MASTER 0 W_VALID_RDY Handshake beat=19 wlast=0
[905000] MASTER 0 W_VALID_RDY Handshake beat=20 wlast=0
[905000] MASTER 1 W_VALID_RDY Handshake beat=27 wlast=0
[905000] S1 MEMORY WRITE beat=19 addr=149ccf78 data=0eb4149a185c5f25 id=09
[905000] AXI S0_WVALID_RDY HANDSHAKE
[905000] S0 MEMORY WRITE beat=20 addr=04c468f8 data=c50a5632d3334031 id=1b
[915000] AXI S0_WVALID_RDY HANDSHAKE
[915000] S0 MEMORY WRITE beat=21 addr=04c46908 data=be671b62e15703cd id=1b
[915000] S1 MEMORY WRITE beat=20 addr=149ccf98 data=d1fb668486bb98a8 id=09
[915000] MASTER 1 W_VALID_RDY Handshake beat=28 wlast=0
[915000] MASTER 0 W_VALID_RDY Handshake beat=21 wlast=0
[925000] MASTER 0 W_VALID_RDY Handshake beat=22 wlast=0
[925000] MASTER 1 W_VALID_RDY Handshake beat=29 wlast=0
[925000] S1 MEMORY WRITE beat=21 addr=149ccfb8 data=a3f421f13442eb2e id=09
[925000] AXI S0_WVALID_RDY HANDSHAKE
[925000] S0 MEMORY WRITE beat=22 addr=04c46918 data=f6e1703def802c19 id=1b
[935000] AXI S0_WVALID_RDY HANDSHAKE
[935000] S0 MEMORY WRITE beat=23 addr=04c46928 data=c2b36c4b3ca46c89 id=1b
[935000] S1 MEMORY WRITE beat=22 addr=149ccfd8 data=cc9f4a533a56432a id=09
[935000] MASTER 1 W_VALID_RDY Handshake beat=30 wlast=0
[935000] MASTER 0 W_VALID_RDY Handshake beat=23 wlast=0
[945000] MASTER 0 W_VALID_RDY Handshake beat=24 wlast=0
[945000] MASTER 1 W_VALID_RDY Handshake beat=31 wlast=0
[945000] S1 MEMORY WRITE beat=23 addr=149ccff8 data=c111dbd2b2a8368b id=09
[945000] AXI S0_WVALID_RDY HANDSHAKE
[945000] S0 MEMORY WRITE beat=24 addr=04c46938 data=9dfb70563bebc670 id=1b
[955000] AXI S0_WVALID_RDY HANDSHAKE
[955000] S0 MEMORY WRITE beat=25 addr=04c46948 data=ab6bf289811a87ad id=1b
[955000] S1 MEMORY WRITE beat=24 addr=149cd018 data=e6eb21b91e9ab0d7 id=09
[955000] MASTER 1 W_VALID_RDY Handshake beat=32 wlast=0
[955000] MASTER 0 W_VALID_RDY Handshake beat=25 wlast=0
[965000] MASTER 0 W_VALID_RDY Handshake beat=26 wlast=0
[965000] MASTER 1 W_VALID_RDY Handshake beat=33 wlast=0
[965000] S1 MEMORY WRITE beat=25 addr=149cd038 data=d8f0f401e505fdc4 id=09
[965000] AXI S0_WVALID_RDY HANDSHAKE
[965000] S0 MEMORY WRITE beat=26 addr=04c46958 data=bdbef43614dce094 id=1b
[975000] AXI S0_WVALID_RDY HANDSHAKE
[975000] S0 MEMORY WRITE beat=27 addr=04c46968 data=d0c8a704ee1f5ed4 id=1b
[975000] S1 MEMORY WRITE beat=26 addr=149cd058 data=97ae344fb38a6c0c id=09
[975000] MASTER 1 W_VALID_RDY Handshake beat=34 wlast=0
[975000] MASTER 0 W_VALID_RDY Handshake beat=27 wlast=0
[985000] MASTER 0 W_VALID_RDY Handshake beat=28 wlast=0
[985000] MASTER 1 W_VALID_RDY Handshake beat=35 wlast=0
[985000] S1 MEMORY WRITE beat=27 addr=149cd078 data=d2251ce39a02cfd3 id=09
[985000] AXI S0_WVALID_RDY HANDSHAKE
[985000] S0 MEMORY WRITE beat=28 addr=04c46978 data=ef39e682dbba648d id=1b
[995000] AXI S0_WVALID_RDY HANDSHAKE
[995000] S0 MEMORY WRITE beat=29 addr=04c46988 data=f0974521fc34998d id=1b
[995000] S1 MEMORY WRITE beat=28 addr=149cd098 data=ff08cd97fe995609 id=09
[995000] MASTER 1 W_VALID_RDY Handshake beat=36 wlast=0
[995000] MASTER 0 W_VALID_RDY Handshake beat=29 wlast=0
[1005000] MASTER 0 W_VALID_RDY Handshake beat=30 wlast=0
[1005000] MASTER 1 W_VALID_RDY Handshake beat=37 wlast=0
[1005000] S1 MEMORY WRITE beat=29 addr=149cd0b8 data=b223c215ab1610e4 id=09
[1005000] AXI S0_WVALID_RDY HANDSHAKE
[1005000] S0 MEMORY WRITE beat=30 addr=04c46998 data=ea53f862acf8dab8 id=1b
[1015000] AXI S0_WVALID_RDY HANDSHAKE
[1015000] S0 MEMORY WRITE beat=31 addr=04c469a8 data=88b33f45c15fec25 id=1b
[1015000] S1 MEMORY WRITE beat=30 addr=149cd0d8 data=c518e0b816b701e7 id=09
[1015000] MASTER 1 W_VALID_RDY Handshake beat=38 wlast=0
[1015000] MASTER 0 W_VALID_RDY Handshake beat=31 wlast=0
[1025000] MASTER 0 W_VALID_RDY Handshake beat=32 wlast=0
[1025000] MASTER 1 W_VALID_RDY Handshake beat=39 wlast=0
[1025000] S1 MEMORY WRITE beat=31 addr=149cd0f8 data=155057f00448def9 id=09
[1025000] AXI S0_WVALID_RDY HANDSHAKE
[1025000] S0 MEMORY WRITE beat=32 addr=04c469b8 data=bd9485b2d98ddee4 id=1b
[1035000] AXI S0_WVALID_RDY HANDSHAKE
[1035000] S0 MEMORY WRITE beat=33 addr=04c469c8 data=8686b99cf94a8466 id=1b
[1035000] S1 MEMORY WRITE beat=32 addr=149cd118 data=af5eefddc421ae4f id=09
[1035000] MASTER 1 W_VALID_RDY Handshake beat=40 wlast=0
[1035000] MASTER 0 W_VALID_RDY Handshake beat=33 wlast=0
[1045000] MASTER 0 W_VALID_RDY Handshake beat=34 wlast=0
[1045000] MASTER 1 W_VALID_RDY Handshake beat=41 wlast=0
[1045000] S1 MEMORY WRITE beat=33 addr=149cd138 data=dad8b036c7741a05 id=09
[1045000] AXI S0_WVALID_RDY HANDSHAKE
[1045000] S0 MEMORY WRITE beat=34 addr=04c469d8 data=baaa708ba7e87e14 id=1b
[1055000] AXI S0_WVALID_RDY HANDSHAKE
[1055000] S0 MEMORY WRITE beat=35 addr=04c469e8 data=81765cf80f39f8e2 id=1b
[1055000] S1 MEMORY WRITE beat=34 addr=149cd158 data=cbbcf8fef477d095 id=09
[1055000] MASTER 1 W_VALID_RDY Handshake beat=42 wlast=0
[1055000] MASTER 0 W_VALID_RDY Handshake beat=35 wlast=0
[1065000] MASTER 0 W_VALID_RDY Handshake beat=36 wlast=0
[1065000] MASTER 1 W_VALID_RDY Handshake beat=43 wlast=0
[1065000] S1 MEMORY WRITE beat=35 addr=149cd178 data=38997ee5f0290826 id=09
[1065000] AXI S0_WVALID_RDY HANDSHAKE
[1065000] S0 MEMORY WRITE beat=36 addr=04c469f8 data=88847d48f83ef63e id=1b
[1075000] AXI S0_WVALID_RDY HANDSHAKE
[1075000] S0 MEMORY WRITE beat=37 addr=04c46a08 data=a027745207fd1695 id=1b
[1075000] S1 MEMORY WRITE beat=36 addr=149cd198 data=379d222cfb1be8dc id=09
[1075000] MASTER 1 W_VALID_RDY Handshake beat=44 wlast=0
[1075000] MASTER 0 W_VALID_RDY Handshake beat=37 wlast=0
[1085000] MASTER 0 W_VALID_RDY Handshake beat=38 wlast=0
[1085000] MASTER 1 W_VALID_RDY Handshake beat=45 wlast=0
[1085000] S1 MEMORY WRITE beat=37 addr=149cd1b8 data=ef93b97193722f1b id=09
[1085000] AXI S0_WVALID_RDY HANDSHAKE
[1085000] S0 MEMORY WRITE beat=38 addr=04c46a18 data=17370f77c32eedd4 id=1b
[1095000] AXI S0_WVALID_RDY HANDSHAKE
[1095000] S0 MEMORY WRITE beat=39 addr=04c46a28 data=3b6de412219dd14b id=1b
[1095000] S1 MEMORY WRITE beat=38 addr=149cd1d8 data=039b3742835a1b2a id=09
[1095000] MASTER 1 W_VALID_RDY Handshake beat=46 wlast=0
[1095000] MASTER 0 W_VALID_RDY Handshake beat=39 wlast=0
[1105000] MASTER 0 W_VALID_RDY Handshake beat=40 wlast=0
[1105000] MASTER 1 W_VALID_RDY Handshake beat=47 wlast=0
[1105000] S1 MEMORY WRITE beat=39 addr=149cd1f8 data=fe760406a82d3856 id=09
[1105000] AXI S0_WVALID_RDY HANDSHAKE
[1105000] S0 MEMORY WRITE beat=40 addr=04c46a38 data=299ae7e09fbb8cbf id=1b
[1115000] AXI S0_WVALID_RDY HANDSHAKE
[1115000] S0 MEMORY WRITE beat=41 addr=04c46a48 data=e2ea7a93db955864 id=1b
[1115000] S1 MEMORY WRITE beat=40 addr=149cd218 data=3b9f67723b38596e id=09
[1115000] MASTER 1 W_VALID_RDY Handshake beat=48 wlast=0
[1115000] MASTER 0 W_VALID_RDY Handshake beat=41 wlast=0
[1125000] MASTER 0 W_VALID_RDY Handshake beat=42 wlast=0
[1125000] MASTER 1 W_VALID_RDY Handshake beat=49 wlast=0
[1125000] S1 MEMORY WRITE beat=41 addr=149cd238 data=be927498ee09bd78 id=09
[1125000] AXI S0_WVALID_RDY HANDSHAKE
[1125000] S0 MEMORY WRITE beat=42 addr=04c46a58 data=fd3329afc0d1f757 id=1b
[1135000] AXI S0_WVALID_RDY HANDSHAKE
[1135000] S0 MEMORY WRITE beat=43 addr=04c46a68 data=e08d84169e585ea5 id=1b
[1135000] S1 MEMORY WRITE beat=42 addr=149cd258 data=9636f5ce3f3a9eb4 id=09
[1135000] MASTER 1 W_VALID_RDY Handshake beat=50 wlast=0
[1135000] MASTER 0 W_VALID_RDY Handshake beat=43 wlast=0
[1145000] MASTER 0 W_VALID_RDY Handshake beat=44 wlast=0
[1145000] MASTER 1 W_VALID_RDY Handshake beat=51 wlast=0
[1145000] S1 MEMORY WRITE beat=43 addr=149cd278 data=fa72f8223d08789f id=09
[1145000] AXI S0_WVALID_RDY HANDSHAKE
[1145000] S0 MEMORY WRITE beat=44 addr=04c46a78 data=f9edb70aa6ce118f id=1b
[1155000] AXI S0_WVALID_RDY HANDSHAKE
[1155000] S0 MEMORY WRITE beat=45 addr=04c46a88 data=e7a008e6c377feaa id=1b
[1155000] S1 MEMORY WRITE beat=44 addr=149cd298 data=2b123617d1d65d40 id=09
[1155000] MASTER 1 W_VALID_RDY Handshake beat=52 wlast=0
[1155000] MASTER 0 W_VALID_RDY Handshake beat=45 wlast=0
[1165000] MASTER 0 W_VALID_RDY Handshake beat=46 wlast=0
[1165000] MASTER 1 W_VALID_RDY Handshake beat=53 wlast=0
[1165000] S1 MEMORY WRITE beat=45 addr=149cd2b8 data=9110fbf4b9056cba id=09
[1165000] AXI S0_WVALID_RDY HANDSHAKE
[1165000] S0 MEMORY WRITE beat=46 addr=04c46a98 data=e1d05d4ff720e0b9 id=1b
[1175000] AXI S0_WVALID_RDY HANDSHAKE
[1175000] S0 MEMORY WRITE beat=47 addr=04c46aa8 data=1deef249c82d8cfd id=1b
[1175000] S1 MEMORY WRITE beat=46 addr=149cd2d8 data=f60de559c1492be5 id=09
[1175000] MASTER 1 W_VALID_RDY Handshake beat=54 wlast=0
[1175000] MASTER 0 W_VALID_RDY Handshake beat=47 wlast=0
[1185000] MASTER 0 W_VALID_RDY Handshake beat=48 wlast=0
[1185000] MASTER 1 W_VALID_RDY Handshake beat=55 wlast=0
[1185000] S1 MEMORY WRITE beat=47 addr=149cd2f8 data=131f89268b83f416 id=09
[1185000] AXI S0_WVALID_RDY HANDSHAKE
[1185000] S0 MEMORY WRITE beat=48 addr=04c46ab8 data=0ba58ba7dbbe1459 id=1b
[1195000] AXI S0_WVALID_RDY HANDSHAKE
[1195000] S0 MEMORY WRITE beat=49 addr=04c46ac8 data=d2def513858efb2f id=1b
[1195000] S1 MEMORY WRITE beat=48 addr=149cd318 data=c48960d1a1201b70 id=09
[1195000] MASTER 1 W_VALID_RDY Handshake beat=56 wlast=0
[1195000] MASTER 0 W_VALID_RDY Handshake beat=49 wlast=0
[1205000] MASTER 0 W_VALID_RDY Handshake beat=50 wlast=0
[1205000] MASTER 1 W_VALID_RDY Handshake beat=57 wlast=0
[1205000] S1 MEMORY WRITE beat=49 addr=149cd338 data=e2694756a430851a id=09
[1205000] AXI S0_WVALID_RDY HANDSHAKE
[1205000] S0 MEMORY WRITE beat=50 addr=04c46ad8 data=cdbc882ced75e8f6 id=1b
[1215000] AXI S0_WVALID_RDY HANDSHAKE
[1215000] S0 MEMORY WRITE beat=51 addr=04c46ae8 data=c933fd50f0cde75c id=1b
[1215000] S1 MEMORY WRITE beat=50 addr=149cd358 data=2fb47931ba97462a id=09
[1215000] MASTER 1 W_VALID_RDY Handshake beat=58 wlast=0
[1215000] MASTER 0 W_VALID_RDY Handshake beat=51 wlast=0
[1225000] MASTER 0 W_VALID_RDY Handshake beat=52 wlast=0
[1225000] MASTER 1 W_VALID_RDY Handshake beat=59 wlast=0
[1225000] S1 MEMORY WRITE beat=51 addr=149cd378 data=dbb7619bf588d07c id=09
[1225000] AXI S0_WVALID_RDY HANDSHAKE
[1225000] S0 MEMORY WRITE beat=52 addr=04c46af8 data=f65ce28bd96213d3 id=1b
[1235000] AXI S0_WVALID_RDY HANDSHAKE
[1235000] S0 MEMORY WRITE beat=53 addr=04c46b08 data=c6d7fcca1c12f263 id=1b
[1235000] S1 MEMORY WRITE beat=52 addr=149cd398 data=99b95596f43dda02 id=09
[1235000] MASTER 1 W_VALID_RDY Handshake beat=60 wlast=0
[1235000] MASTER 0 W_VALID_RDY Handshake beat=53 wlast=0
[1245000] MASTER 0 W_VALID_RDY Handshake beat=54 wlast=0
[1245000] MASTER 1 W_VALID_RDY Handshake beat=61 wlast=0
[1245000] S1 MEMORY WRITE beat=53 addr=149cd3b8 data=aed5202c3e20a8f1 id=09
[1245000] AXI S0_WVALID_RDY HANDSHAKE
[1245000] S0 MEMORY WRITE beat=54 addr=04c46b18 data=0ce0d9bfc4196ab8 id=1b
[1255000] AXI S0_WVALID_RDY HANDSHAKE
[1255000] S0 MEMORY WRITE beat=55 addr=04c46b28 data=9d7b7e8b100bfa1a id=1b
[1255000] S1 MEMORY WRITE beat=54 addr=149cd3d8 data=33a9796dc96dcec7 id=09
[1255000] MASTER 1 W_VALID_RDY Handshake beat=62 wlast=0
[1255000] MASTER 0 W_VALID_RDY Handshake beat=55 wlast=0
[1265000] MASTER 0 W_VALID_RDY Handshake beat=56 wlast=0
[1265000] MASTER 1 W_VALID_RDY Handshake beat=63 wlast=0
[1265000] S1 MEMORY WRITE beat=55 addr=149cd3f8 data=bdaba8c98a8c81c7 id=09
[1265000] AXI S0_WVALID_RDY HANDSHAKE
[1265000] S0 MEMORY WRITE beat=56 addr=04c46b38 data=2c1eec7d833dbc4a id=1b
[1275000] AXI S0_WVALID_RDY HANDSHAKE
[1275000] S0 MEMORY WRITE beat=57 addr=04c46b48 data=c7572702e4537b55 id=1b
[1275000] S1 MEMORY WRITE beat=56 addr=149cd418 data=c8ad2ab8cd62cf03 id=09
[1275000] MASTER 1 W_VALID_RDY Handshake beat=64 wlast=0
[1275000] MASTER 0 W_VALID_RDY Handshake beat=57 wlast=0
[1285000] MASTER 0 W_VALID_RDY Handshake beat=58 wlast=0
[1285000] MASTER 1 W_VALID_RDY Handshake beat=65 wlast=0
[1285000] S1 MEMORY WRITE beat=57 addr=149cd438 data=16d09dcbec80c8f6 id=09
[1285000] AXI S0_WVALID_RDY HANDSHAKE
[1285000] S0 MEMORY WRITE beat=58 addr=04c46b58 data=f45f756f38ffc63c id=1b
[1295000] AXI S0_WVALID_RDY HANDSHAKE
[1295000] S0 MEMORY WRITE beat=59 addr=04c46b68 data=bc3d8286e4d2a58e id=1b
[1295000] S1 MEMORY WRITE beat=58 addr=149cd458 data=f70d4abdfc56a425 id=09
[1295000] MASTER 1 W_VALID_RDY Handshake beat=66 wlast=0
[1295000] MASTER 0 W_VALID_RDY Handshake beat=59 wlast=0
[1305000] MASTER 0 W_VALID_RDY Handshake beat=60 wlast=0
[1305000] MASTER 1 W_VALID_RDY Handshake beat=67 wlast=0
[1305000] S1 MEMORY WRITE beat=59 addr=149cd478 data=c9b97329d47c4694 id=09
[1305000] AXI S0_WVALID_RDY HANDSHAKE
[1305000] S0 MEMORY WRITE beat=60 addr=04c46b78 data=c92620e3a07e61ec id=1b
[1315000] AXI S0_WVALID_RDY HANDSHAKE
[1315000] S0 MEMORY WRITE beat=61 addr=04c46b88 data=d97e28280394a989 id=1b
[1315000] S1 MEMORY WRITE beat=60 addr=149cd498 data=c0fd0f8a3fba7576 id=09
[1315000] MASTER 1 W_VALID_RDY Handshake beat=68 wlast=0
[1315000] MASTER 0 W_VALID_RDY Handshake beat=61 wlast=0
[1325000] MASTER 0 W_VALID_RDY Handshake beat=62 wlast=0
[1325000] MASTER 1 W_VALID_RDY Handshake beat=69 wlast=0
[1325000] S1 MEMORY WRITE beat=61 addr=149cd4b8 data=bc11199be08a10f4 id=09
[1325000] AXI S0_WVALID_RDY HANDSHAKE
[1325000] S0 MEMORY WRITE beat=62 addr=04c46b98 data=e8674f173d859653 id=1b
[1335000] AXI S0_WVALID_RDY HANDSHAKE
[1335000] S0 MEMORY WRITE beat=63 addr=04c46ba8 data=de03f83f15bbaaaf id=1b
[1335000] S1 MEMORY WRITE beat=62 addr=149cd4d8 data=b5065788380a5a48 id=09
[1335000] MASTER 1 W_VALID_RDY Handshake beat=70 wlast=0
[1335000] MASTER 0 W_VALID_RDY Handshake beat=63 wlast=0
[1345000] MASTER 0 W_VALID_RDY Handshake beat=64 wlast=0
[1345000] MASTER 1 W_VALID_RDY Handshake beat=71 wlast=0
[1345000] S1 MEMORY WRITE beat=63 addr=149cd4f8 data=f7c4cfbe85ca8cc4 id=09
[1345000] AXI S0_WVALID_RDY HANDSHAKE
[1345000] S0 MEMORY WRITE beat=64 addr=04c46bb8 data=19505438b18d6ffa id=1b
[1355000] AXI S0_WVALID_RDY HANDSHAKE
[1355000] S0 MEMORY WRITE beat=65 addr=04c46bc8 data=ef13064d37822068 id=1b
[1355000] S1 MEMORY WRITE beat=64 addr=149cd518 data=e6549db8f6036713 id=09
[1355000] MASTER 1 W_VALID_RDY Handshake beat=72 wlast=0
[1355000] MASTER 0 W_VALID_RDY Handshake beat=65 wlast=0
[1365000] MASTER 0 W_VALID_RDY Handshake beat=66 wlast=0
[1365000] MASTER 1 W_VALID_RDY Handshake beat=73 wlast=0
[1365000] S1 MEMORY WRITE beat=65 addr=149cd538 data=2e0dc15bb3d5e959 id=09
[1365000] AXI S0_WVALID_RDY HANDSHAKE
[1365000] S0 MEMORY WRITE beat=66 addr=04c46bd8 data=cd3dcb1701b7a34f id=1b
[1375000] AXI S0_WVALID_RDY HANDSHAKE
[1375000] S0 MEMORY WRITE beat=67 addr=04c46be8 data=b3451349cd16fe8d id=1b
[1375000] S1 MEMORY WRITE beat=66 addr=149cd558 data=39a0761e1b5af541 id=09
[1375000] MASTER 1 W_VALID_RDY Handshake beat=74 wlast=0
[1375000] MASTER 0 W_VALID_RDY Handshake beat=67 wlast=0
[1385000] MASTER 0 W_VALID_RDY Handshake beat=68 wlast=0
[1385000] MASTER 1 W_VALID_RDY Handshake beat=75 wlast=0
[1385000] S1 MEMORY WRITE beat=67 addr=149cd578 data=115e5c5425d29119 id=09
[1385000] AXI S0_WVALID_RDY HANDSHAKE
[1385000] S0 MEMORY WRITE beat=68 addr=04c46bf8 data=04991ef5e68e1f4f id=1b
[1395000] AXI S0_WVALID_RDY HANDSHAKE
[1395000] S0 MEMORY WRITE beat=69 addr=04c46c08 data=e845c29e22581997 id=1b
[1395000] S1 MEMORY WRITE beat=68 addr=149cd598 data=d9a87a729ff513d6 id=09
[1395000] MASTER 1 W_VALID_RDY Handshake beat=76 wlast=0
[1395000] MASTER 0 W_VALID_RDY Handshake beat=69 wlast=0
[1405000] MASTER 0 W_VALID_RDY Handshake beat=70 wlast=0
[1405000] MASTER 1 W_VALID_RDY Handshake beat=77 wlast=0
[1405000] S1 MEMORY WRITE beat=69 addr=149cd5b8 data=bb5009173f6c1daf id=09
[1405000] AXI S0_WVALID_RDY HANDSHAKE
[1405000] S0 MEMORY WRITE beat=70 addr=04c46c18 data=ef6f1824d1d6ea0c id=1b
[1415000] AXI S0_WVALID_RDY HANDSHAKE
[1415000] S0 MEMORY WRITE beat=71 addr=04c46c28 data=3865095b9b8ad5e7 id=1b
[1415000] S1 MEMORY WRITE beat=70 addr=149cd5d8 data=e53eaec89348f090 id=09
[1415000] MASTER 1 W_VALID_RDY Handshake beat=78 wlast=0
[1415000] MASTER 0 W_VALID_RDY Handshake beat=71 wlast=0
[1425000] MASTER 0 W_VALID_RDY Handshake beat=72 wlast=0
[1425000] MASTER 1 W_VALID_RDY Handshake beat=79 wlast=0
[1425000] S1 MEMORY WRITE beat=71 addr=149cd5f8 data=333e0467ccae656b id=09
[1425000] AXI S0_WVALID_RDY HANDSHAKE
[1425000] S0 MEMORY WRITE beat=72 addr=04c46c38 data=bde2ef7ef4083719 id=1b
[1435000] AXI S0_WVALID_RDY HANDSHAKE
[1435000] S0 MEMORY WRITE beat=73 addr=04c46c48 data=c5df212520aacbf9 id=1b
[1435000] S1 MEMORY WRITE beat=72 addr=149cd618 data=8c1a831abee7293a id=09
[1435000] MASTER 1 W_VALID_RDY Handshake beat=80 wlast=0
[1435000] MASTER 0 W_VALID_RDY Handshake beat=73 wlast=0
[1445000] MASTER 0 W_VALID_RDY Handshake beat=74 wlast=0
[1445000] MASTER 1 W_VALID_RDY Handshake beat=81 wlast=0
[1445000] S1 MEMORY WRITE beat=73 addr=149cd638 data=d23019cbee8e0d7e id=09
[1445000] AXI S0_WVALID_RDY HANDSHAKE
[1445000] S0 MEMORY WRITE beat=74 addr=04c46c58 data=bc35a1e0ad5207a2 id=1b
[1455000] AXI S0_WVALID_RDY HANDSHAKE
[1455000] S0 MEMORY WRITE beat=75 addr=04c46c68 data=a15a3ebbfe442a80 id=1b
[1455000] S1 MEMORY WRITE beat=74 addr=149cd658 data=3b3c72eaf15931e2 id=09
[1455000] MASTER 1 W_VALID_RDY Handshake beat=82 wlast=0
[1455000] MASTER 0 W_VALID_RDY Handshake beat=75 wlast=0
[1465000] MASTER 0 W_VALID_RDY Handshake beat=76 wlast=0
[1465000] MASTER 1 W_VALID_RDY Handshake beat=83 wlast=0
[1465000] S1 MEMORY WRITE beat=75 addr=149cd678 data=30405b1d056e1e32 id=09
[1465000] AXI S0_WVALID_RDY HANDSHAKE
[1465000] S0 MEMORY WRITE beat=76 addr=04c46c78 data=1eeef679fa18915f id=1b
[1475000] AXI S0_WVALID_RDY HANDSHAKE
[1475000] S0 MEMORY WRITE beat=77 addr=04c46c88 data=a76a9901e7395fe0 id=1b
[1475000] S1 MEMORY WRITE beat=76 addr=149cd698 data=f3fc2bb0c756f604 id=09
[1475000] MASTER 1 W_VALID_RDY Handshake beat=84 wlast=0
[1475000] MASTER 0 W_VALID_RDY Handshake beat=77 wlast=0
[1485000] MASTER 0 W_VALID_RDY Handshake beat=78 wlast=0
[1485000] MASTER 1 W_VALID_RDY Handshake beat=85 wlast=0
[1485000] S1 MEMORY WRITE beat=77 addr=149cd6b8 data=38b027e7027074e8 id=09
[1485000] AXI S0_WVALID_RDY HANDSHAKE
[1485000] S0 MEMORY WRITE beat=78 addr=04c46c98 data=e57d8a60db249859 id=1b
[1495000] AXI S0_WVALID_RDY HANDSHAKE
[1495000] S0 MEMORY WRITE beat=79 addr=04c46ca8 data=d53d29b8c8c4d7bd id=1b
[1495000] S1 MEMORY WRITE beat=78 addr=149cd6d8 data=07de931aaf389e9a id=09
[1495000] MASTER 1 W_VALID_RDY Handshake beat=86 wlast=0
[1495000] MASTER 0 W_VALID_RDY Handshake beat=79 wlast=0
[1505000] MASTER 0 W_VALID_RDY Handshake beat=80 wlast=0
[1505000] MASTER 1 W_VALID_RDY Handshake beat=87 wlast=0
[1505000] S1 MEMORY WRITE beat=79 addr=149cd6f8 data=f68f949fe8f08304 id=09
[1505000] AXI S0_WVALID_RDY HANDSHAKE
[1505000] S0 MEMORY WRITE beat=80 addr=04c46cb8 data=affe379d846c80d9 id=1b
[1515000] AXI S0_WVALID_RDY HANDSHAKE
[1515000] S0 MEMORY WRITE beat=81 addr=04c46cc8 data=df911933fca7c2ba id=1b
[1515000] S1 MEMORY WRITE beat=80 addr=149cd718 data=eb60f7ecfbdabeca id=09
[1515000] MASTER 1 W_VALID_RDY Handshake beat=88 wlast=0
[1515000] MASTER 0 W_VALID_RDY Handshake beat=81 wlast=0
[1525000] MASTER 0 W_VALID_RDY Handshake beat=82 wlast=0
[1525000] MASTER 1 W_VALID_RDY Handshake beat=89 wlast=0
[1525000] S1 MEMORY WRITE beat=81 addr=149cd738 data=2b135d652f3fbc86 id=09
[1525000] AXI S0_WVALID_RDY HANDSHAKE
[1525000] S0 MEMORY WRITE beat=82 addr=04c46cd8 data=c56c9a77157bc1fe id=1b
[1535000] AXI S0_WVALID_RDY HANDSHAKE
[1535000] S0 MEMORY WRITE beat=83 addr=04c46ce8 data=99e842d7b4ce42eb id=1b
[1535000] S1 MEMORY WRITE beat=82 addr=149cd758 data=18303f8af33f8b06 id=09
[1535000] MASTER 1 W_VALID_RDY Handshake beat=90 wlast=0
[1535000] MASTER 0 W_VALID_RDY Handshake beat=83 wlast=0
[1545000] MASTER 0 W_VALID_RDY Handshake beat=84 wlast=0
[1545000] MASTER 1 W_VALID_RDY Handshake beat=91 wlast=0
[1545000] S1 MEMORY WRITE beat=83 addr=149cd778 data=ef1a49d021a2f204 id=09
[1545000] AXI S0_WVALID_RDY HANDSHAKE
[1545000] S0 MEMORY WRITE beat=84 addr=04c46cf8 data=b17605a5f56ad214 id=1b
[1555000] AXI S0_WVALID_RDY HANDSHAKE
[1555000] S0 MEMORY WRITE beat=85 addr=04c46d08 data=8ae69412f9795c0a id=1b
[1555000] S1 MEMORY WRITE beat=84 addr=149cd798 data=d0e2ae8a03913776 id=09
[1555000] MASTER 1 W_VALID_RDY Handshake beat=92 wlast=0
[1555000] MASTER 0 W_VALID_RDY Handshake beat=85 wlast=0
[1565000] MASTER 0 W_VALID_RDY Handshake beat=86 wlast=0
[1565000] MASTER 1 W_VALID_RDY Handshake beat=93 wlast=0
[1565000] S1 MEMORY WRITE beat=85 addr=149cd7b8 data=f6d0c27c9a2da735 id=09
[1565000] AXI S0_WVALID_RDY HANDSHAKE
[1565000] S0 MEMORY WRITE beat=86 addr=04c46d18 data=2e479ef6f6e2a01c id=1b
[1575000] AXI S0_WVALID_RDY HANDSHAKE
[1575000] S0 MEMORY WRITE beat=87 addr=04c46d28 data=ec4d723124ced6ea id=1b
[1575000] S1 MEMORY WRITE beat=86 addr=149cd7d8 data=bbd09939e912ee14 id=09
[1575000] MASTER 1 W_VALID_RDY Handshake beat=94 wlast=0
[1575000] MASTER 0 W_VALID_RDY Handshake beat=87 wlast=0
[1585000] MASTER 0 W_VALID_RDY Handshake beat=88 wlast=0
[1585000] MASTER 1 W_VALID_RDY Handshake beat=95 wlast=0
[1585000] S1 MEMORY WRITE beat=87 addr=149cd7f8 data=eca4258ae5eb0c4c id=09
[1585000] AXI S0_WVALID_RDY HANDSHAKE
[1585000] S0 MEMORY WRITE beat=88 addr=04c46d38 data=9e4832f4dfbda49b id=1b
[1595000] AXI S0_WVALID_RDY HANDSHAKE
[1595000] S0 MEMORY WRITE beat=89 addr=04c46d48 data=d6a044b8f7340643 id=1b
[1595000] S1 MEMORY WRITE beat=88 addr=149cd818 data=0018b3828cb347c3 id=09
[1595000] MASTER 1 W_VALID_RDY Handshake beat=96 wlast=0
[1595000] MASTER 0 W_VALID_RDY Handshake beat=89 wlast=0
[1605000] MASTER 0 W_VALID_RDY Handshake beat=90 wlast=0
[1605000] MASTER 1 W_VALID_RDY Handshake beat=97 wlast=0
[1605000] S1 MEMORY WRITE beat=89 addr=149cd838 data=f5c635d7e374e806 id=09
[1605000] AXI S0_WVALID_RDY HANDSHAKE
[1605000] S0 MEMORY WRITE beat=90 addr=04c46d58 data=9c02dd2dcc8fd1ea id=1b
[1615000] AXI S0_WVALID_RDY HANDSHAKE
[1615000] S0 MEMORY WRITE beat=91 addr=04c46d68 data=2c4d7686c2edb6e9 id=1b
[1615000] S1 MEMORY WRITE beat=90 addr=149cd858 data=c95ff452bbe94cbb id=09
[1615000] MASTER 1 W_VALID_RDY Handshake beat=98 wlast=0
[1615000] MASTER 0 W_VALID_RDY Handshake beat=91 wlast=0
[1625000] MASTER 0 W_VALID_RDY Handshake beat=92 wlast=0
[1625000] MASTER 1 W_VALID_RDY Handshake beat=99 wlast=0
[1625000] S1 MEMORY WRITE beat=91 addr=149cd878 data=c89c947fe26a5b61 id=09
[1625000] AXI S0_WVALID_RDY HANDSHAKE
[1625000] S0 MEMORY WRITE beat=92 addr=04c46d78 data=ba21bd2c3a4b1022 id=1b
[1635000] AXI S0_WVALID_RDY HANDSHAKE
[1635000] S0 MEMORY WRITE beat=93 addr=04c46d88 data=86dae20c02edbb3e id=1b
[1635000] S1 MEMORY WRITE beat=92 addr=149cd898 data=c5df4367c978a7d4 id=09
[1635000] MASTER 1 W_VALID_RDY Handshake beat=100 wlast=0
[1635000] MASTER 0 W_VALID_RDY Handshake beat=93 wlast=0
[1645000] MASTER 0 W_VALID_RDY Handshake beat=94 wlast=0
[1645000] MASTER 1 W_VALID_RDY Handshake beat=101 wlast=0
[1645000] S1 MEMORY WRITE beat=93 addr=149cd8b8 data=0561f490be62ca56 id=09
[1645000] AXI S0_WVALID_RDY HANDSHAKE
[1645000] S0 MEMORY WRITE beat=94 addr=04c46d98 data=c5db7227d6249a5a id=1b
[1655000] AXI S0_WVALID_RDY HANDSHAKE
[1655000] S0 MEMORY WRITE beat=95 addr=04c46da8 data=106faa7cb3285892 id=1b
[1655000] S1 MEMORY WRITE beat=94 addr=149cd8d8 data=20cd25b80f3f37ba id=09
[1655000] MASTER 1 W_VALID_RDY Handshake beat=102 wlast=0
[1655000] MASTER 0 W_VALID_RDY Handshake beat=95 wlast=0
[1665000] MASTER 0 W_VALID_RDY Handshake beat=96 wlast=0
[1665000] MASTER 1 W_VALID_RDY Handshake beat=103 wlast=0
[1665000] S1 MEMORY WRITE beat=95 addr=149cd8f8 data=d8b7df8ecdfe890f id=09
[1665000] AXI S0_WVALID_RDY HANDSHAKE
[1665000] S0 MEMORY WRITE beat=96 addr=04c46db8 data=b61613d0fffd2f53 id=1b
[1675000] AXI S0_WVALID_RDY HANDSHAKE
[1675000] S0 MEMORY WRITE beat=97 addr=04c46dc8 data=d621c9ad974a8c88 id=1b
[1675000] S1 MEMORY WRITE beat=96 addr=149cd918 data=8c615365e6ac691f id=09
[1675000] MASTER 1 W_VALID_RDY Handshake beat=104 wlast=0
[1675000] MASTER 0 W_VALID_RDY Handshake beat=97 wlast=0
[1685000] MASTER 0 W_VALID_RDY Handshake beat=98 wlast=0
[1685000] MASTER 1 W_VALID_RDY Handshake beat=105 wlast=0
[1685000] S1 MEMORY WRITE beat=97 addr=149cd938 data=f5eba0d9de19d41e id=09
[1685000] AXI S0_WVALID_RDY HANDSHAKE
[1685000] S0 MEMORY WRITE beat=98 addr=04c46dd8 data=ca72e51bfbf185f7 id=1b
[1695000] AXI S0_WVALID_RDY HANDSHAKE
[1695000] S0 MEMORY WRITE beat=99 addr=04c46de8 data=fbeeb54be6917429 id=1b
[1695000] S1 MEMORY WRITE beat=98 addr=149cd958 data=ac185d2dad2e791d id=09
[1695000] MASTER 1 W_VALID_RDY Handshake beat=106 wlast=0
[1695000] MASTER 0 W_VALID_RDY Handshake beat=99 wlast=0
[1705000] MASTER 0 W_VALID_RDY Handshake beat=100 wlast=0
[1705000] MASTER 1 W_VALID_RDY Handshake beat=107 wlast=0
[1705000] S1 MEMORY WRITE beat=99 addr=149cd978 data=13dae23dcea38068 id=09
[1705000] AXI S0_WVALID_RDY HANDSHAKE
[1705000] S0 MEMORY WRITE beat=100 addr=04c46df8 data=fddc00b28088f8eb id=1b
[1715000] AXI S0_WVALID_RDY HANDSHAKE
[1715000] S0 MEMORY WRITE beat=101 addr=04c46e08 data=fc7a7ee3d2107ef8 id=1b
[1715000] S1 MEMORY WRITE beat=100 addr=149cd998 data=acbd54863879b093 id=09
[1715000] MASTER 1 W_VALID_RDY Handshake beat=108 wlast=0
[1715000] MASTER 0 W_VALID_RDY Handshake beat=101 wlast=0
[1725000] MASTER 0 W_VALID_RDY Handshake beat=102 wlast=0
[1725000] MASTER 1 W_VALID_RDY Handshake beat=109 wlast=0
[1725000] S1 MEMORY WRITE beat=101 addr=149cd9b8 data=e5a829b089c68316 id=09
[1725000] AXI S0_WVALID_RDY HANDSHAKE
[1725000] S0 MEMORY WRITE beat=102 addr=04c46e18 data=38a1f322c84ee5cd id=1b
[1735000] AXI S0_WVALID_RDY HANDSHAKE
[1735000] S0 MEMORY WRITE beat=103 addr=04c46e28 data=c8d7deb8f869342e id=1b
[1735000] S1 MEMORY WRITE beat=102 addr=149cd9d8 data=d86a037ed8d5b1b4 id=09
[1735000] MASTER 1 W_VALID_RDY Handshake beat=110 wlast=0
[1735000] MASTER 0 W_VALID_RDY Handshake beat=103 wlast=0
[1745000] MASTER 0 W_VALID_RDY Handshake beat=104 wlast=0
[1745000] MASTER 1 W_VALID_RDY Handshake beat=111 wlast=0
[1745000] S1 MEMORY WRITE beat=103 addr=149cd9f8 data=114f6247f9830bed id=09
[1745000] AXI S0_WVALID_RDY HANDSHAKE
[1745000] S0 MEMORY WRITE beat=104 addr=04c46e38 data=ca79b326367df3d4 id=1b
[1755000] AXI S0_WVALID_RDY HANDSHAKE
[1755000] S0 MEMORY WRITE beat=105 addr=04c46e48 data=feccd9a1c5525d9b id=1b
[1755000] S1 MEMORY WRITE beat=104 addr=149cda18 data=03498f0405275805 id=09
[1755000] MASTER 1 W_VALID_RDY Handshake beat=112 wlast=0
[1755000] MASTER 0 W_VALID_RDY Handshake beat=105 wlast=0
[1765000] MASTER 0 W_VALID_RDY Handshake beat=106 wlast=0
[1765000] MASTER 1 W_VALID_RDY Handshake beat=113 wlast=0
[1765000] S1 MEMORY WRITE beat=105 addr=149cda38 data=ddfd09b9f6f78bf7 id=09
[1765000] AXI S0_WVALID_RDY HANDSHAKE
[1765000] S0 MEMORY WRITE beat=106 addr=04c46e58 data=bdbb91c9831ba648 id=1b
[1775000] AXI S0_WVALID_RDY HANDSHAKE
[1775000] S0 MEMORY WRITE beat=107 addr=04c46e68 data=b9999a1cc7a4b859 id=1b
[1775000] S1 MEMORY WRITE beat=106 addr=149cda58 data=f07a97e5dbb39282 id=09
[1775000] MASTER 1 W_VALID_RDY Handshake beat=114 wlast=0
[1775000] MASTER 0 W_VALID_RDY Handshake beat=107 wlast=0
[1785000] MASTER 0 W_VALID_RDY Handshake beat=108 wlast=0
[1785000] MASTER 1 W_VALID_RDY Handshake beat=115 wlast=0
[1785000] S1 MEMORY WRITE beat=107 addr=149cda78 data=e0daea87ef4c6c00 id=09
[1785000] AXI S0_WVALID_RDY HANDSHAKE
[1785000] S0 MEMORY WRITE beat=108 addr=04c46e78 data=0cf715f5083544f0 id=1b
[1795000] AXI S0_WVALID_RDY HANDSHAKE
[1795000] S0 MEMORY WRITE beat=109 addr=04c46e88 data=8b50eb38b86673bd id=1b
[1795000] S1 MEMORY WRITE beat=108 addr=149cda98 data=e643f7f7f3c426e9 id=09
[1795000] MASTER 1 W_VALID_RDY Handshake beat=116 wlast=0
[1795000] MASTER 0 W_VALID_RDY Handshake beat=109 wlast=0
[1805000] MASTER 0 W_VALID_RDY Handshake beat=110 wlast=0
[1805000] MASTER 1 W_VALID_RDY Handshake beat=117 wlast=0
[1805000] S1 MEMORY WRITE beat=109 addr=149cdab8 data=cf77b96bbed7f440 id=09
[1805000] AXI S0_WVALID_RDY HANDSHAKE
[1805000] S0 MEMORY WRITE beat=110 addr=04c46e98 data=000b2c17cab2a7be id=1b
[1815000] AXI S0_WVALID_RDY HANDSHAKE
[1815000] S0 MEMORY WRITE beat=111 addr=04c46ea8 data=d2e7ecaec4ea8555 id=1b
[1815000] S1 MEMORY WRITE beat=110 addr=149cdad8 data=ae246040d6be8fdc id=09
[1815000] MASTER 1 W_VALID_RDY Handshake beat=118 wlast=0
[1815000] MASTER 0 W_VALID_RDY Handshake beat=111 wlast=0
[1825000] MASTER 0 W_VALID_RDY Handshake beat=112 wlast=0
[1825000] MASTER 1 W_VALID_RDY Handshake beat=119 wlast=0
[1825000] S1 MEMORY WRITE beat=111 addr=149cdaf8 data=ca82b6c53052a3f3 id=09
[1825000] AXI S0_WVALID_RDY HANDSHAKE
[1825000] S0 MEMORY WRITE beat=112 addr=04c46eb8 data=fd50f9120d02420c id=1b
[1835000] AXI S0_WVALID_RDY HANDSHAKE
[1835000] S0 MEMORY WRITE beat=113 addr=04c46ec8 data=d7b4e9cade38d7e7 id=1b
[1835000] S1 MEMORY WRITE beat=112 addr=149cdb18 data=ef2a983314685838 id=09
[1835000] MASTER 1 W_VALID_RDY Handshake beat=120 wlast=0
[1835000] MASTER 0 W_VALID_RDY Handshake beat=113 wlast=0
[1845000] MASTER 0 W_VALID_RDY Handshake beat=114 wlast=0
[1845000] MASTER 1 W_VALID_RDY Handshake beat=121 wlast=0
[1845000] S1 MEMORY WRITE beat=113 addr=149cdb38 data=eb26e81419fa7031 id=09
[1845000] AXI S0_WVALID_RDY HANDSHAKE
[1845000] S0 MEMORY WRITE beat=114 addr=04c46ed8 data=23235d3cfd5c2529 id=1b
[1855000] AXI S0_WVALID_RDY HANDSHAKE
[1855000] S0 MEMORY WRITE beat=115 addr=04c46ee8 data=8a5e67352a9cd679 id=1b
[1855000] S1 MEMORY WRITE beat=114 addr=149cdb58 data=ca4d14241d4ef874 id=09
[1855000] MASTER 1 W_VALID_RDY Handshake beat=122 wlast=0
[1855000] MASTER 0 W_VALID_RDY Handshake beat=115 wlast=0
[1865000] MASTER 0 W_VALID_RDY Handshake beat=116 wlast=0
[1865000] MASTER 1 W_VALID_RDY Handshake beat=123 wlast=0
[1865000] S1 MEMORY WRITE beat=115 addr=149cdb78 data=31b750ac35a99eda id=09
[1865000] AXI S0_WVALID_RDY HANDSHAKE
[1865000] S0 MEMORY WRITE beat=116 addr=04c46ef8 data=08d5ae60a074564e id=1b
[1875000] AXI S0_WVALID_RDY HANDSHAKE
[1875000] S0 MEMORY WRITE beat=117 addr=04c46f08 data=1dd07b78e2135100 id=1b
[1875000] S1 MEMORY WRITE beat=116 addr=149cdb98 data=cfa40f0bb977ac57 id=09
[1875000] MASTER 1 W_VALID_RDY Handshake beat=124 wlast=0
[1875000] MASTER 0 W_VALID_RDY Handshake beat=117 wlast=0
[1885000] MASTER 0 W_VALID_RDY Handshake beat=118 wlast=0
[1885000] MASTER 1 W_VALID_RDY Handshake beat=125 wlast=0
[1885000] S1 MEMORY WRITE beat=117 addr=149cdbb8 data=d6c6a4cb9cde38c0 id=09
[1885000] AXI S0_WVALID_RDY HANDSHAKE
[1885000] S0 MEMORY WRITE beat=118 addr=04c46f18 data=0cb027792bf90b9c id=1b
[1895000] AXI S0_WVALID_RDY HANDSHAKE
[1895000] S0 MEMORY WRITE beat=119 addr=04c46f28 data=cc6d61eaa82ee2ad id=1b
[1895000] S1 MEMORY WRITE beat=118 addr=149cdbd8 data=d287d79a19f1232f id=09
[1895000] MASTER 1 W_VALID_RDY Handshake beat=126 wlast=0
[1895000] MASTER 0 W_VALID_RDY Handshake beat=119 wlast=0
[1905000] MASTER 0 W_VALID_RDY Handshake beat=120 wlast=0
[1905000] MASTER 1 W_VALID_RDY Handshake beat=127 wlast=0
[1905000] S1 MEMORY WRITE beat=119 addr=149cdbf8 data=d368cf86887df577 id=09
[1905000] AXI S0_WVALID_RDY HANDSHAKE
[1905000] S0 MEMORY WRITE beat=120 addr=04c46f38 data=8a4233ad1585d5d9 id=1b
[1915000] AXI S0_WVALID_RDY HANDSHAKE
[1915000] S0 MEMORY WRITE beat=121 addr=04c46f48 data=c17ee175ea3ddd62 id=1b
[1915000] S1 MEMORY WRITE beat=120 addr=149cdc18 data=255c2e38a22be6a5 id=09
[1915000] MASTER 1 W_VALID_RDY Handshake beat=128 wlast=0
[1915000] MASTER 0 W_VALID_RDY Handshake beat=121 wlast=0
[1925000] MASTER 0 W_VALID_RDY Handshake beat=122 wlast=0
[1925000] MASTER 1 W_VALID_RDY Handshake beat=129 wlast=0
[1925000] S1 MEMORY WRITE beat=121 addr=149cdc38 data=bc1d09d42a2f7452 id=09
[1925000] AXI S0_WVALID_RDY HANDSHAKE
[1925000] S0 MEMORY WRITE beat=122 addr=04c46f58 data=126cc01096f25b26 id=1b
[1935000] AXI S0_WVALID_RDY HANDSHAKE
[1935000] S0 MEMORY WRITE beat=123 addr=04c46f68 data=ac7830ff8dec435f id=1b
[1935000] S1 MEMORY WRITE beat=122 addr=149cdc58 data=b2ad69c9f7e405d2 id=09
[1935000] MASTER 1 W_VALID_RDY Handshake beat=130 wlast=0
[1935000] MASTER 0 W_VALID_RDY Handshake beat=123 wlast=0
[1945000] MASTER 0 W_VALID_RDY Handshake beat=124 wlast=0
[1945000] MASTER 1 W_VALID_RDY Handshake beat=131 wlast=0
[1945000] S1 MEMORY WRITE beat=123 addr=149cdc78 data=1a0fec780f85d95b id=09
[1945000] AXI S0_WVALID_RDY HANDSHAKE
[1945000] S0 MEMORY WRITE beat=124 addr=04c46f78 data=f82a20c29caef3bd id=1b
[1955000] AXI S0_WVALID_RDY HANDSHAKE
[1955000] S0 MEMORY WRITE beat=125 addr=04c46f88 data=33a14ee4edf71274 id=1b
[1955000] S1 MEMORY WRITE beat=124 addr=149cdc98 data=39b54dadd8099801 id=09
[1955000] MASTER 1 W_VALID_RDY Handshake beat=132 wlast=0
[1955000] MASTER 0 W_VALID_RDY Handshake beat=125 wlast=0
[1965000] MASTER 0 W_VALID_RDY Handshake beat=126 wlast=0
[1965000] MASTER 1 W_VALID_RDY Handshake beat=133 wlast=0
[1965000] S1 MEMORY WRITE beat=125 addr=149cdcb8 data=cfed9dd4d62cf64c id=09
[1965000] AXI S0_WVALID_RDY HANDSHAKE
[1965000] S0 MEMORY WRITE beat=126 addr=04c46f98 data=fbe355d40a96e0d2 id=1b
[1975000] AXI S0_WVALID_RDY HANDSHAKE
[1975000] S0 MEMORY WRITE beat=127 addr=04c46fa8 data=a745d48fe0197fe3 id=1b
[1975000] S1 MEMORY WRITE beat=126 addr=149cdcd8 data=e5b2cfa7ec62b776 id=09
[1975000] MASTER 1 W_VALID_RDY Handshake beat=134 wlast=0
[1975000] MASTER 0 W_VALID_RDY Handshake beat=127 wlast=0
[1985000] MASTER 0 W_VALID_RDY Handshake beat=128 wlast=0
[1985000] MASTER 1 W_VALID_RDY Handshake beat=135 wlast=0
[1985000] S1 MEMORY WRITE beat=127 addr=149cdcf8 data=c46c4f78e9fd8a4c id=09
[1985000] AXI S0_WVALID_RDY HANDSHAKE
[1985000] S0 MEMORY WRITE beat=128 addr=04c46fb8 data=ce109258f40d7696 id=1b
[1995000] AXI S0_WVALID_RDY HANDSHAKE
[1995000] S0 MEMORY WRITE beat=129 addr=04c46fc8 data=fea45768dae72373 id=1b
[1995000] S1 MEMORY WRITE beat=128 addr=149cdd18 data=c02a80989f681d54 id=09
[1995000] MASTER 1 W_VALID_RDY Handshake beat=136 wlast=0
[1995000] MASTER 0 W_VALID_RDY Handshake beat=129 wlast=0
[2005000] MASTER 0 W_VALID_RDY Handshake beat=130 wlast=0
[2005000] MASTER 1 W_VALID_RDY Handshake beat=137 wlast=0
[2005000] S1 MEMORY WRITE beat=129 addr=149cdd38 data=0bcad4cb1459ed4c id=09
[2005000] AXI S0_WVALID_RDY HANDSHAKE
[2005000] S0 MEMORY WRITE beat=130 addr=04c46fd8 data=3b00a357c9f3e82c id=1b
[2015000] AXI S0_WVALID_RDY HANDSHAKE
[2015000] S0 MEMORY WRITE beat=131 addr=04c46fe8 data=3e015ec2a5ea2bf7 id=1b
[2015000] S1 MEMORY WRITE beat=130 addr=149cdd58 data=fe57779825dd5040 id=09
[2015000] MASTER 1 W_VALID_RDY Handshake beat=138 wlast=0
[2015000] MASTER 0 W_VALID_RDY Handshake beat=131 wlast=0
[2025000] MASTER 0 W_VALID_RDY Handshake beat=132 wlast=0
[2025000] MASTER 1 W_VALID_RDY Handshake beat=139 wlast=0
[2025000] S1 MEMORY WRITE beat=131 addr=149cdd78 data=c5456d94d0372443 id=09
[2025000] AXI S0_WVALID_RDY HANDSHAKE
[2025000] S0 MEMORY WRITE beat=132 addr=04c46ff8 data=00d14f6b091135af id=1b
[2035000] AXI S0_WVALID_RDY HANDSHAKE
[2035000] S0 MEMORY WRITE beat=133 addr=04c47008 data=d3051ddb3ca5b62a id=1b
[2035000] S1 MEMORY WRITE beat=132 addr=149cdd98 data=e491118fbe81f830 id=09
[2035000] MASTER 1 W_VALID_RDY Handshake beat=140 wlast=0
[2035000] MASTER 0 W_VALID_RDY Handshake beat=133 wlast=0
[2045000] MASTER 0 W_VALID_RDY Handshake beat=134 wlast=0
[2045000] MASTER 1 W_VALID_RDY Handshake beat=141 wlast=0
[2045000] S1 MEMORY WRITE beat=133 addr=149cddb8 data=e45f4870d110425f id=09
[2045000] AXI S0_WVALID_RDY HANDSHAKE
[2045000] S0 MEMORY WRITE beat=134 addr=04c47018 data=e28fe2213bd1f2c2 id=1b
[2055000] AXI S0_WVALID_RDY HANDSHAKE
[2055000] S0 MEMORY WRITE beat=135 addr=04c47028 data=c4e3287111067c9d id=1b
[2055000] S1 MEMORY WRITE beat=134 addr=149cddd8 data=a14766a2e2e88927 id=09
[2055000] MASTER 1 W_VALID_RDY Handshake beat=142 wlast=0
[2055000] MASTER 0 W_VALID_RDY Handshake beat=135 wlast=0
[2065000] MASTER 0 W_VALID_RDY Handshake beat=136 wlast=0
[2065000] MASTER 1 W_VALID_RDY Handshake beat=143 wlast=0
[2065000] S1 MEMORY WRITE beat=135 addr=149cddf8 data=a16a815729a4b605 id=09
[2065000] AXI S0_WVALID_RDY HANDSHAKE
[2065000] S0 MEMORY WRITE beat=136 addr=04c47038 data=cdac32c7e361318c id=1b
[2075000] AXI S0_WVALID_RDY HANDSHAKE
[2075000] S0 MEMORY WRITE beat=137 addr=04c47048 data=9f33244e17e8464c id=1b
[2075000] S1 MEMORY WRITE beat=136 addr=149cde18 data=fab4f86485d87831 id=09
[2075000] MASTER 1 W_VALID_RDY Handshake beat=144 wlast=0
[2075000] MASTER 0 W_VALID_RDY Handshake beat=137 wlast=0
[2085000] MASTER 0 W_VALID_RDY Handshake beat=138 wlast=0
[2085000] MASTER 1 W_VALID_RDY Handshake beat=145 wlast=0
[2085000] S1 MEMORY WRITE beat=137 addr=149cde38 data=e8c1015805c9c9c8 id=09
[2085000] AXI S0_WVALID_RDY HANDSHAKE
[2085000] S0 MEMORY WRITE beat=138 addr=04c47058 data=28eec2e9b03c14e8 id=1b
[2095000] AXI S0_WVALID_RDY HANDSHAKE
[2095000] S0 MEMORY WRITE beat=139 addr=04c47068 data=139d4675e4164cbf id=1b
[2095000] S1 MEMORY WRITE beat=138 addr=149cde58 data=2f6e7fcd1bfc5f07 id=09
[2095000] MASTER 1 W_VALID_RDY Handshake beat=146 wlast=0
[2095000] MASTER 0 W_VALID_RDY Handshake beat=139 wlast=0
[2105000] MASTER 0 W_VALID_RDY Handshake beat=140 wlast=0
[2105000] MASTER 1 W_VALID_RDY Handshake beat=147 wlast=0
[2105000] S1 MEMORY WRITE beat=139 addr=149cde78 data=a1d4d7380a2b82b0 id=09
[2105000] AXI S0_WVALID_RDY HANDSHAKE
[2105000] S0 MEMORY WRITE beat=140 addr=04c47078 data=fbfe930bf69af5b0 id=1b
[2115000] AXI S0_WVALID_RDY HANDSHAKE
[2115000] S0 MEMORY WRITE beat=141 addr=04c47088 data=a6d70a98b2d06ac3 id=1b
[2115000] S1 MEMORY WRITE beat=140 addr=149cde98 data=0ff54c78aa237831 id=09
[2115000] MASTER 1 W_VALID_RDY Handshake beat=148 wlast=0
[2115000] MASTER 0 W_VALID_RDY Handshake beat=141 wlast=0
[2125000] MASTER 0 W_VALID_RDY Handshake beat=142 wlast=0
[2125000] MASTER 1 W_VALID_RDY Handshake beat=149 wlast=0
[2125000] S1 MEMORY WRITE beat=141 addr=149cdeb8 data=c61fd7380a95d891 id=09
[2125000] AXI S0_WVALID_RDY HANDSHAKE
[2125000] S0 MEMORY WRITE beat=142 addr=04c47098 data=16e6b783a4ed55f4 id=1b
[2135000] AXI S0_WVALID_RDY HANDSHAKE
[2135000] S0 MEMORY WRITE beat=143 addr=04c470a8 data=9b884ba4ba74510d id=1b
[2135000] S1 MEMORY WRITE beat=142 addr=149cded8 data=14c15b413f63cc45 id=09
[2135000] MASTER 1 W_VALID_RDY Handshake beat=150 wlast=0
[2135000] MASTER 0 W_VALID_RDY Handshake beat=143 wlast=0
[2145000] MASTER 0 W_VALID_RDY Handshake beat=144 wlast=0
[2145000] MASTER 1 W_VALID_RDY Handshake beat=151 wlast=0
[2145000] S1 MEMORY WRITE beat=143 addr=149cdef8 data=e9874476e7f4ae71 id=09
[2145000] AXI S0_WVALID_RDY HANDSHAKE
[2145000] S0 MEMORY WRITE beat=144 addr=04c470b8 data=ed44bbd192e54a8e id=1b
[2155000] AXI S0_WVALID_RDY HANDSHAKE
[2155000] S0 MEMORY WRITE beat=145 addr=04c470c8 data=37d2a083c25f563d id=1b
[2155000] S1 MEMORY WRITE beat=144 addr=149cdf18 data=f28a870224b6a7b9 id=09
[2155000] MASTER 1 W_VALID_RDY Handshake beat=152 wlast=0
[2155000] MASTER 0 W_VALID_RDY Handshake beat=145 wlast=0
[2165000] MASTER 0 W_VALID_RDY Handshake beat=146 wlast=0
[2165000] MASTER 1 W_VALID_RDY Handshake beat=153 wlast=0
[2165000] S1 MEMORY WRITE beat=145 addr=149cdf38 data=e41a73fe2fa71baf id=09
[2165000] AXI S0_WVALID_RDY HANDSHAKE
[2165000] S0 MEMORY WRITE beat=146 addr=04c470d8 data=fcd3a74a042b7354 id=1b
[2175000] AXI S0_WVALID_RDY HANDSHAKE
[2175000] S0 MEMORY WRITE beat=147 addr=04c470e8 data=9710bde2d35aec27 id=1b
[2175000] S1 MEMORY WRITE beat=146 addr=149cdf58 data=179bca20074be243 id=09
[2175000] MASTER 1 W_VALID_RDY Handshake beat=154 wlast=0
[2175000] MASTER 0 W_VALID_RDY Handshake beat=147 wlast=0
[2185000] MASTER 0 W_VALID_RDY Handshake beat=148 wlast=0
[2185000] MASTER 1 W_VALID_RDY Handshake beat=155 wlast=0
[2185000] S1 MEMORY WRITE beat=147 addr=149cdf78 data=2c0289fccda1b874 id=09
[2185000] AXI S0_WVALID_RDY HANDSHAKE
[2185000] S0 MEMORY WRITE beat=148 addr=04c470f8 data=95ba4264ea18631b id=1b
[2195000] AXI S0_WVALID_RDY HANDSHAKE
[2195000] S0 MEMORY WRITE beat=149 addr=04c47108 data=ee43d66fcee35e65 id=1b
[2195000] S1 MEMORY WRITE beat=148 addr=149cdf98 data=fd48d4230a265122 id=09
[2195000] MASTER 1 W_VALID_RDY Handshake beat=156 wlast=0
[2195000] MASTER 0 W_VALID_RDY Handshake beat=149 wlast=0
[2205000] MASTER 0 W_VALID_RDY Handshake beat=150 wlast=0
[2205000] MASTER 1 W_VALID_RDY Handshake beat=157 wlast=0
[2205000] S1 MEMORY WRITE beat=149 addr=149cdfb8 data=11723365101cfdfa id=09
[2205000] AXI S0_WVALID_RDY HANDSHAKE
[2205000] S0 MEMORY WRITE beat=150 addr=04c47118 data=223e4a8d128de9af id=1b
[2215000] AXI S0_WVALID_RDY HANDSHAKE
[2215000] S0 MEMORY WRITE beat=151 addr=04c47128 data=fca64cca05549452 id=1b
[2215000] S1 MEMORY WRITE beat=150 addr=149cdfd8 data=ddbeb66e94e49e43 id=09
[2215000] MASTER 1 W_VALID_RDY Handshake beat=158 wlast=0
[2215000] MASTER 0 W_VALID_RDY Handshake beat=151 wlast=0
[2225000] MASTER 0 W_VALID_RDY Handshake beat=152 wlast=0
[2225000] MASTER 1 W_VALID_RDY Handshake beat=159 wlast=0
[2225000] S1 MEMORY WRITE beat=151 addr=149cdff8 data=9f0aef653d74bd61 id=09
[2225000] AXI S0_WVALID_RDY HANDSHAKE
[2225000] S0 MEMORY WRITE beat=152 addr=04c47138 data=d437f2b7b7f88cf1 id=1b
[2235000] AXI S0_WVALID_RDY HANDSHAKE
[2235000] S0 MEMORY WRITE beat=153 addr=04c47148 data=ca8676a0eaea233a id=1b
[2235000] S1 MEMORY WRITE beat=152 addr=149ce018 data=cd91bb5bdb078a92 id=09
[2235000] MASTER 1 W_VALID_RDY Handshake beat=160 wlast=0
[2235000] MASTER 0 W_VALID_RDY Handshake beat=153 wlast=0
[2245000] MASTER 0 W_VALID_RDY Handshake beat=154 wlast=0
[2245000] MASTER 1 W_VALID_RDY Handshake beat=161 wlast=0
[2245000] S1 MEMORY WRITE beat=153 addr=149ce038 data=efec28d5b07d22ca id=09
[2245000] AXI S0_WVALID_RDY HANDSHAKE
[2245000] S0 MEMORY WRITE beat=154 addr=04c47158 data=f03eb78cf6763d44 id=1b
[2255000] AXI S0_WVALID_RDY HANDSHAKE
[2255000] S0 MEMORY WRITE beat=155 addr=04c47168 data=2e6eca36c72cc36b id=1b
[2255000] S1 MEMORY WRITE beat=154 addr=149ce058 data=edf1e02bab5071c9 id=09
[2255000] MASTER 1 W_VALID_RDY Handshake beat=162 wlast=0
[2255000] MASTER 0 W_VALID_RDY Handshake beat=155 wlast=0
[2265000] MASTER 0 W_VALID_RDY Handshake beat=156 wlast=0
[2265000] MASTER 1 W_VALID_RDY Handshake beat=163 wlast=0
[2265000] S1 MEMORY WRITE beat=155 addr=149ce078 data=8657fc5b0ef7183b id=09
[2265000] AXI S0_WVALID_RDY HANDSHAKE
[2265000] S0 MEMORY WRITE beat=156 addr=04c47178 data=3216e6a5c476aa43 id=1b
[2275000] AXI S0_WVALID_RDY HANDSHAKE
[2275000] S0 MEMORY WRITE beat=157 addr=04c47188 data=3aece788f8f540d6 id=1b
[2275000] S1 MEMORY WRITE beat=156 addr=149ce098 data=bf743b05bb839b86 id=09
[2275000] MASTER 1 W_VALID_RDY Handshake beat=164 wlast=0
[2275000] MASTER 0 W_VALID_RDY Handshake beat=157 wlast=0
[2285000] MASTER 0 W_VALID_RDY Handshake beat=158 wlast=0
[2285000] MASTER 1 W_VALID_RDY Handshake beat=165 wlast=0
[2285000] S1 MEMORY WRITE beat=157 addr=149ce0b8 data=e6d40d50f6442531 id=09
[2285000] AXI S0_WVALID_RDY HANDSHAKE
[2285000] S0 MEMORY WRITE beat=158 addr=04c47198 data=c022044122559e31 id=1b
[2295000] AXI S0_WVALID_RDY HANDSHAKE
[2295000] S0 MEMORY WRITE beat=159 addr=04c471a8 data=e6cc4874e95bb1be id=1b
[2295000] S1 MEMORY WRITE beat=158 addr=149ce0d8 data=053b3d6c2d661b31 id=09
[2295000] MASTER 1 W_VALID_RDY Handshake beat=166 wlast=0
[2295000] MASTER 0 W_VALID_RDY Handshake beat=159 wlast=0
[2305000] MASTER 0 W_VALID_RDY Handshake beat=160 wlast=0
[2305000] MASTER 1 W_VALID_RDY Handshake beat=167 wlast=0
[2305000] S1 MEMORY WRITE beat=159 addr=149ce0f8 data=e8e9b6b7ed2c09ab id=09
[2305000] AXI S0_WVALID_RDY HANDSHAKE
[2305000] S0 MEMORY WRITE beat=160 addr=04c471b8 data=e250f294f238eae6 id=1b
[2315000] AXI S0_WVALID_RDY HANDSHAKE
[2315000] S0 MEMORY WRITE beat=161 addr=04c471c8 data=948e8917a1b92ffc id=1b
[2315000] S1 MEMORY WRITE beat=160 addr=149ce118 data=e3702edcc4af7871 id=09
[2315000] MASTER 1 W_VALID_RDY Handshake beat=168 wlast=0
[2315000] MASTER 0 W_VALID_RDY Handshake beat=161 wlast=0
[2325000] MASTER 0 W_VALID_RDY Handshake beat=162 wlast=0
[2325000] MASTER 1 W_VALID_RDY Handshake beat=169 wlast=0
[2325000] S1 MEMORY WRITE beat=161 addr=149ce138 data=f21593a2cfbdc407 id=09
[2325000] AXI S0_WVALID_RDY HANDSHAKE
[2325000] S0 MEMORY WRITE beat=162 addr=04c471d8 data=8b14e1ba2272f6d6 id=1b
[2335000] AXI S0_WVALID_RDY HANDSHAKE
[2335000] S0 MEMORY WRITE beat=163 addr=04c471e8 data=94abe1bcfb5ad18c id=1b
[2335000] S1 MEMORY WRITE beat=162 addr=149ce158 data=3ce9cdb3e8ab6c48 id=09
[2335000] MASTER 1 W_VALID_RDY Handshake beat=170 wlast=0
[2335000] MASTER 0 W_VALID_RDY Handshake beat=163 wlast=0
[2345000] MASTER 0 W_VALID_RDY Handshake beat=164 wlast=0
[2345000] MASTER 1 W_VALID_RDY Handshake beat=171 wlast=0
[2345000] S1 MEMORY WRITE beat=163 addr=149ce178 data=2d5ae4badaff4a5a id=09
[2345000] AXI S0_WVALID_RDY HANDSHAKE
[2345000] S0 MEMORY WRITE beat=164 addr=04c471f8 data=9d140188ed65d44f id=1b
[2355000] AXI S0_WVALID_RDY HANDSHAKE
[2355000] S0 MEMORY WRITE beat=165 addr=04c47208 data=0fd8cb25293a6ad4 id=1b
[2355000] S1 MEMORY WRITE beat=164 addr=149ce198 data=aabd0e61a059fc8f id=09
[2355000] MASTER 1 W_VALID_RDY Handshake beat=172 wlast=0
[2355000] MASTER 0 W_VALID_RDY Handshake beat=165 wlast=0
[2365000] MASTER 0 W_VALID_RDY Handshake beat=166 wlast=0
[2365000] MASTER 1 W_VALID_RDY Handshake beat=173 wlast=0
[2365000] S1 MEMORY WRITE beat=165 addr=149ce1b8 data=090568d89f70785c id=09
[2365000] AXI S0_WVALID_RDY HANDSHAKE
[2365000] S0 MEMORY WRITE beat=166 addr=04c47218 data=24953c602828e343 id=1b
[2375000] AXI S0_WVALID_RDY HANDSHAKE
[2375000] S0 MEMORY WRITE beat=167 addr=04c47228 data=158eb792a484ace1 id=1b
[2375000] S1 MEMORY WRITE beat=166 addr=149ce1d8 data=fa6fc2b6e7a6dc14 id=09
[2375000] MASTER 1 W_VALID_RDY Handshake beat=174 wlast=0
[2375000] MASTER 0 W_VALID_RDY Handshake beat=167 wlast=0
[2385000] MASTER 0 W_VALID_RDY Handshake beat=168 wlast=0
[2385000] MASTER 1 W_VALID_RDY Handshake beat=175 wlast=0
[2385000] S1 MEMORY WRITE beat=167 addr=149ce1f8 data=0800d8a436604d92 id=09
[2385000] AXI S0_WVALID_RDY HANDSHAKE
[2385000] S0 MEMORY WRITE beat=168 addr=04c47238 data=cdbf17b5c1a93de8 id=1b
[2395000] AXI S0_WVALID_RDY HANDSHAKE
[2395000] S0 MEMORY WRITE beat=169 addr=04c47248 data=e9d2212b256782b7 id=1b
[2395000] S1 MEMORY WRITE beat=168 addr=149ce218 data=d5d0c5ee252cd118 id=09
[2395000] MASTER 1 W_VALID_RDY Handshake beat=176 wlast=0
[2395000] MASTER 0 W_VALID_RDY Handshake beat=169 wlast=0
[2405000] MASTER 0 W_VALID_RDY Handshake beat=170 wlast=0
[2405000] MASTER 1 W_VALID_RDY Handshake beat=177 wlast=0
[2405000] S1 MEMORY WRITE beat=169 addr=149ce238 data=8cd3ad2c1106417c id=09
[2405000] AXI S0_WVALID_RDY HANDSHAKE
[2405000] S0 MEMORY WRITE beat=170 addr=04c47258 data=c9ec2f98f2545415 id=1b
[2415000] AXI S0_WVALID_RDY HANDSHAKE
[2415000] S0 MEMORY WRITE beat=171 addr=04c47268 data=33fd91feff60d8bd id=1b
[2415000] S1 MEMORY WRITE beat=170 addr=149ce258 data=c7668f0ed04088a5 id=09
[2415000] MASTER 1 W_VALID_RDY Handshake beat=178 wlast=0
[2415000] MASTER 0 W_VALID_RDY Handshake beat=171 wlast=0
[2425000] MASTER 0 W_VALID_RDY Handshake beat=172 wlast=0
[2425000] MASTER 1 W_VALID_RDY Handshake beat=179 wlast=0
[2425000] S1 MEMORY WRITE beat=171 addr=149ce278 data=f56d59bd94d485d0 id=09
[2425000] AXI S0_WVALID_RDY HANDSHAKE
[2425000] S0 MEMORY WRITE beat=172 addr=04c47278 data=a4c85b7417ab474e id=1b
[2435000] AXI S0_WVALID_RDY HANDSHAKE
[2435000] S0 MEMORY WRITE beat=173 addr=04c47288 data=89ff9b639dcfb329 id=1b
[2435000] S1 MEMORY WRITE beat=172 addr=149ce298 data=a5dac74c9d3754fc id=09
[2435000] MASTER 1 W_VALID_RDY Handshake beat=180 wlast=0
[2435000] MASTER 0 W_VALID_RDY Handshake beat=173 wlast=0
[2445000] MASTER 0 W_VALID_RDY Handshake beat=174 wlast=0
[2445000] MASTER 1 W_VALID_RDY Handshake beat=181 wlast=0
[2445000] S1 MEMORY WRITE beat=173 addr=149ce2b8 data=ed77dda1824106e9 id=09
[2445000] AXI S0_WVALID_RDY HANDSHAKE
[2445000] S0 MEMORY WRITE beat=174 addr=04c47298 data=1d308be7eeb48b0d id=1b
[2455000] AXI S0_WVALID_RDY HANDSHAKE
[2455000] S0 MEMORY WRITE beat=175 addr=04c472a8 data=065fd25bbdfd2d61 id=1b
[2455000] S1 MEMORY WRITE beat=174 addr=149ce2d8 data=17158cbaed41565a id=09
[2455000] MASTER 1 W_VALID_RDY Handshake beat=182 wlast=0
[2455000] MASTER 0 W_VALID_RDY Handshake beat=175 wlast=0
[2465000] MASTER 0 W_VALID_RDY Handshake beat=176 wlast=0
[2465000] MASTER 1 W_VALID_RDY Handshake beat=183 wlast=0
[2465000] S1 MEMORY WRITE beat=175 addr=149ce2f8 data=0a78ab57e2e5375e id=09
[2465000] AXI S0_WVALID_RDY HANDSHAKE
[2465000] S0 MEMORY WRITE beat=176 addr=04c472b8 data=dbcce08bc1f8e75b id=1b
[2475000] AXI S0_WVALID_RDY HANDSHAKE
[2475000] S0 MEMORY WRITE beat=177 addr=04c472c8 data=b0ad7268905f6dbe id=1b
[2475000] S1 MEMORY WRITE beat=176 addr=149ce318 data=e5263e48bcf05406 id=09
[2475000] MASTER 1 W_VALID_RDY Handshake beat=184 wlast=0
[2475000] MASTER 0 W_VALID_RDY Handshake beat=177 wlast=0
[2485000] MASTER 0 W_VALID_RDY Handshake beat=178 wlast=0
[2485000] MASTER 1 W_VALID_RDY Handshake beat=185 wlast=0
[2485000] S1 MEMORY WRITE beat=177 addr=149ce338 data=2a31aa61f7f088f8 id=09
[2485000] AXI S0_WVALID_RDY HANDSHAKE
[2485000] S0 MEMORY WRITE beat=178 addr=04c472d8 data=ce5c9b20f8fd6c72 id=1b
[2495000] AXI S0_WVALID_RDY HANDSHAKE
[2495000] S0 MEMORY WRITE beat=179 addr=04c472e8 data=baf653cdb70d44c3 id=1b
[2495000] S1 MEMORY WRITE beat=178 addr=149ce358 data=dad5c057fc3bcb02 id=09
[2495000] MASTER 1 W_VALID_RDY Handshake beat=186 wlast=0
[2495000] MASTER 0 W_VALID_RDY Handshake beat=179 wlast=0
[2505000] MASTER 0 W_VALID_RDY Handshake beat=180 wlast=0
[2505000] MASTER 1 W_VALID_RDY Handshake beat=187 wlast=0
[2505000] S1 MEMORY WRITE beat=179 addr=149ce378 data=b92c1f0834aa55b8 id=09
[2505000] AXI S0_WVALID_RDY HANDSHAKE
[2505000] S0 MEMORY WRITE beat=180 addr=04c472f8 data=c76cb2822a297bab id=1b
[2515000] AXI S0_WVALID_RDY HANDSHAKE
[2515000] S0 MEMORY WRITE beat=181 addr=04c47308 data=2326e81deba3c636 id=1b
[2515000] S1 MEMORY WRITE beat=180 addr=149ce398 data=ac9adeb03ffbfe9f id=09
[2515000] MASTER 1 W_VALID_RDY Handshake beat=188 wlast=0
[2515000] MASTER 0 W_VALID_RDY Handshake beat=181 wlast=0
[2525000] MASTER 0 W_VALID_RDY Handshake beat=182 wlast=0
[2525000] MASTER 1 W_VALID_RDY Handshake beat=189 wlast=0
[2525000] S1 MEMORY WRITE beat=181 addr=149ce3b8 data=3c37c9a1e35dc969 id=09
[2525000] AXI S0_WVALID_RDY HANDSHAKE
[2525000] S0 MEMORY WRITE beat=182 addr=04c47318 data=a2b10af915c94da2 id=1b
[2535000] AXI S0_WVALID_RDY HANDSHAKE
[2535000] S0 MEMORY WRITE beat=183 addr=04c47328 data=3ff2c94dde1d3bea id=1b
[2535000] S1 MEMORY WRITE beat=182 addr=149ce3d8 data=98081f2187709f07 id=09
[2535000] MASTER 1 W_VALID_RDY Handshake beat=190 wlast=0
[2535000] MASTER 0 W_VALID_RDY Handshake beat=183 wlast=0
[2545000] MASTER 0 W_VALID_RDY Handshake beat=184 wlast=0
[2545000] MASTER 1 W_VALID_RDY Handshake beat=191 wlast=0
[2545000] S1 MEMORY WRITE beat=183 addr=149ce3f8 data=c76c9da6f563e8a9 id=09
[2545000] AXI S0_WVALID_RDY HANDSHAKE
[2545000] S0 MEMORY WRITE beat=184 addr=04c47338 data=c9c10220ea1dbd7b id=1b
[2555000] AXI S0_WVALID_RDY HANDSHAKE
[2555000] S0 MEMORY WRITE beat=185 addr=04c47348 data=ffe70b1de319b16a id=1b
[2555000] S1 MEMORY WRITE beat=184 addr=149ce418 data=d8c1b213c4a2fdd2 id=09
[2555000] MASTER 1 W_VALID_RDY Handshake beat=192 wlast=0
[2555000] MASTER 0 W_VALID_RDY Handshake beat=185 wlast=0
[2565000] MASTER 0 W_VALID_RDY Handshake beat=186 wlast=0
[2565000] MASTER 1 W_VALID_RDY Handshake beat=193 wlast=0
[2565000] S1 MEMORY WRITE beat=185 addr=149ce438 data=cc139cd983a46747 id=09
[2565000] AXI S0_WVALID_RDY HANDSHAKE
[2565000] S0 MEMORY WRITE beat=186 addr=04c47358 data=c136ed54ec720d1a id=1b
[2575000] AXI S0_WVALID_RDY HANDSHAKE
[2575000] S0 MEMORY WRITE beat=187 addr=04c47368 data=d68fca95bfd9d46a id=1b
[2575000] S1 MEMORY WRITE beat=186 addr=149ce458 data=f9084ff1f0c9d134 id=09
[2575000] MASTER 1 W_VALID_RDY Handshake beat=194 wlast=0
[2575000] MASTER 0 W_VALID_RDY Handshake beat=187 wlast=0
[2585000] MASTER 0 W_VALID_RDY Handshake beat=188 wlast=0
[2585000] MASTER 1 W_VALID_RDY Handshake beat=195 wlast=0
[2585000] S1 MEMORY WRITE beat=187 addr=149ce478 data=b56ccf0613803a80 id=09
[2585000] AXI S0_WVALID_RDY HANDSHAKE
[2585000] S0 MEMORY WRITE beat=188 addr=04c47378 data=a2f385d40af7ef75 id=1b
[2595000] AXI S0_WVALID_RDY HANDSHAKE
[2595000] S0 MEMORY WRITE beat=189 addr=04c47388 data=f769fc8fd676d5b3 id=1b
[2595000] S1 MEMORY WRITE beat=188 addr=149ce498 data=9724a1c7d1ca0204 id=09
[2595000] MASTER 1 W_VALID_RDY Handshake beat=196 wlast=0
[2595000] MASTER 0 W_VALID_RDY Handshake beat=189 wlast=0
[2605000] MASTER 0 W_VALID_RDY Handshake beat=190 wlast=0
[2605000] MASTER 1 W_VALID_RDY Handshake beat=197 wlast=0
[2605000] S1 MEMORY WRITE beat=189 addr=149ce4b8 data=c293d33801806be0 id=09
[2605000] AXI S0_WVALID_RDY HANDSHAKE
[2605000] S0 MEMORY WRITE beat=190 addr=04c47398 data=9650aa1de42a7329 id=1b
[2615000] AXI S0_WVALID_RDY HANDSHAKE
[2615000] S0 MEMORY WRITE beat=191 addr=04c473a8 data=ef22629ecdf9c724 id=1b
[2615000] S1 MEMORY WRITE beat=190 addr=149ce4d8 data=1500a660902cf1b8 id=09
[2615000] MASTER 1 W_VALID_RDY Handshake beat=198 wlast=0
[2615000] MASTER 0 W_VALID_RDY Handshake beat=191 wlast=0
[2625000] MASTER 0 W_VALID_RDY Handshake beat=192 wlast=0
[2625000] MASTER 1 W_VALID_RDY Handshake beat=199 wlast=0
[2625000] S1 MEMORY WRITE beat=191 addr=149ce4f8 data=e1f6f3bcf800a23f id=09
[2625000] AXI S0_WVALID_RDY HANDSHAKE
[2625000] S0 MEMORY WRITE beat=192 addr=04c473b8 data=a4709cd739442ff2 id=1b
[2635000] AXI S0_WVALID_RDY HANDSHAKE
[2635000] S0 MEMORY WRITE beat=193 addr=04c473c8 data=1d6ea31be68c5f2d id=1b
[2635000] S1 MEMORY WRITE beat=192 addr=149ce518 data=f9810e1fac254827 id=09
[2635000] MASTER 1 W_VALID_RDY Handshake beat=200 wlast=0
[2635000] MASTER 0 W_VALID_RDY Handshake beat=193 wlast=0
[2645000] MASTER 0 W_VALID_RDY Handshake beat=194 wlast=0
[2645000] MASTER 1 W_VALID_RDY Handshake beat=201 wlast=0
[2645000] S1 MEMORY WRITE beat=193 addr=149ce538 data=3c5239e0248ac6f5 id=09
[2645000] AXI S0_WVALID_RDY HANDSHAKE
[2645000] S0 MEMORY WRITE beat=194 addr=04c473d8 data=b48626513ac146f5 id=1b
[2655000] AXI S0_WVALID_RDY HANDSHAKE
[2655000] S0 MEMORY WRITE beat=195 addr=04c473e8 data=f40576e70c9105b9 id=1b
[2655000] S1 MEMORY WRITE beat=194 addr=149ce558 data=1c8b69340e81b47f id=09
[2655000] MASTER 1 W_VALID_RDY Handshake beat=202 wlast=0
[2655000] MASTER 0 W_VALID_RDY Handshake beat=195 wlast=0
[2665000] MASTER 0 W_VALID_RDY Handshake beat=196 wlast=0
[2665000] MASTER 1 W_VALID_RDY Handshake beat=203 wlast=0
[2665000] S1 MEMORY WRITE beat=195 addr=149ce578 data=baa6fca69e492d9c id=09
[2665000] AXI S0_WVALID_RDY HANDSHAKE
[2665000] S0 MEMORY WRITE beat=196 addr=04c473f8 data=f31d64e6d8f6c329 id=1b
[2675000] AXI S0_WVALID_RDY HANDSHAKE
[2675000] S0 MEMORY WRITE beat=197 addr=04c47408 data=13b80a1e11741a02 id=1b
[2675000] S1 MEMORY WRITE beat=196 addr=149ce598 data=c2d3f491160c7753 id=09
[2675000] MASTER 1 W_VALID_RDY Handshake beat=204 wlast=0
[2675000] MASTER 0 W_VALID_RDY Handshake beat=197 wlast=0
[2685000] MASTER 0 W_VALID_RDY Handshake beat=198 wlast=0
[2685000] MASTER 1 W_VALID_RDY Handshake beat=205 wlast=0
[2685000] S1 MEMORY WRITE beat=197 addr=149ce5b8 data=248e2bd2f6f93686 id=09
[2685000] AXI S0_WVALID_RDY HANDSHAKE
[2685000] S0 MEMORY WRITE beat=198 addr=04c47418 data=1e051fbba7a38b37 id=1b
[2695000] AXI S0_WVALID_RDY HANDSHAKE
[2695000] S0 MEMORY WRITE beat=199 addr=04c47428 data=809a4e6007bd8105 id=1b
[2695000] S1 MEMORY WRITE beat=198 addr=149ce5d8 data=15426423df5f5dc5 id=09
[2695000] MASTER 1 W_VALID_RDY Handshake beat=206 wlast=0
[2695000] MASTER 0 W_VALID_RDY Handshake beat=199 wlast=0
[2705000] MASTER 0 W_VALID_RDY Handshake beat=200 wlast=0
[2705000] MASTER 1 W_VALID_RDY Handshake beat=207 wlast=0
[2705000] S1 MEMORY WRITE beat=199 addr=149ce5f8 data=f56bd518df352878 id=09
[2705000] AXI S0_WVALID_RDY HANDSHAKE
[2705000] S0 MEMORY WRITE beat=200 addr=04c47438 data=19319b07112284a1 id=1b
[2715000] AXI S0_WVALID_RDY HANDSHAKE
[2715000] S0 MEMORY WRITE beat=201 addr=04c47448 data=b8c60fd89452587e id=1b
[2715000] S1 MEMORY WRITE beat=200 addr=149ce618 data=d62e5effd81658b4 id=09
[2715000] MASTER 1 W_VALID_RDY Handshake beat=208 wlast=0
[2715000] MASTER 0 W_VALID_RDY Handshake beat=201 wlast=0
[2725000] MASTER 0 W_VALID_RDY Handshake beat=202 wlast=0
[2725000] MASTER 1 W_VALID_RDY Handshake beat=209 wlast=0
[2725000] S1 MEMORY WRITE beat=201 addr=149ce638 data=3775b67a99fa00ea id=09
[2725000] AXI S0_WVALID_RDY HANDSHAKE
[2725000] S0 MEMORY WRITE beat=202 addr=04c47458 data=9c0fd9833736bac2 id=1b
[2735000] AXI S0_WVALID_RDY HANDSHAKE
[2735000] S0 MEMORY WRITE beat=203 addr=04c47468 data=c8593f6339605e39 id=1b
[2735000] S1 MEMORY WRITE beat=202 addr=149ce658 data=f92f2963eb70c322 id=09
[2735000] MASTER 1 W_VALID_RDY Handshake beat=210 wlast=0
[2735000] MASTER 0 W_VALID_RDY Handshake beat=203 wlast=0
[2745000] MASTER 0 W_VALID_RDY Handshake beat=204 wlast=0
[2745000] MASTER 1 W_VALID_RDY Handshake beat=211 wlast=0
[2745000] S1 MEMORY WRITE beat=203 addr=149ce678 data=c3871bd6ace18b92 id=09
[2745000] AXI S0_WVALID_RDY HANDSHAKE
[2745000] S0 MEMORY WRITE beat=204 addr=04c47478 data=cdb2b6b7b541748a id=1b
[2755000] AXI S0_WVALID_RDY HANDSHAKE
[2755000] S0 MEMORY WRITE beat=205 addr=04c47488 data=ec782f4c811f4f3b id=1b
[2755000] S1 MEMORY WRITE beat=204 addr=149ce698 data=c6db8c7dcf5d8862 id=09
[2755000] MASTER 1 W_VALID_RDY Handshake beat=212 wlast=0
[2755000] MASTER 0 W_VALID_RDY Handshake beat=205 wlast=0
[2765000] MASTER 0 W_VALID_RDY Handshake beat=206 wlast=0
[2765000] MASTER 1 W_VALID_RDY Handshake beat=213 wlast=0
[2765000] S1 MEMORY WRITE beat=205 addr=149ce6b8 data=3ace4b84fafcd250 id=09
[2765000] AXI S0_WVALID_RDY HANDSHAKE
[2765000] S0 MEMORY WRITE beat=206 addr=04c47498 data=ba7fad74e9c2903b id=1b
[2775000] AXI S0_WVALID_RDY HANDSHAKE
[2775000] S0 MEMORY WRITE beat=207 addr=04c474a8 data=9f0404c5b4d16eaf id=1b
[2775000] S1 MEMORY WRITE beat=206 addr=149ce6d8 data=27de5de3c00ab5e0 id=09
[2775000] MASTER 1 W_VALID_RDY Handshake beat=214 wlast=0
[2775000] MASTER 0 W_VALID_RDY Handshake beat=207 wlast=0
[2785000] MASTER 0 W_VALID_RDY Handshake beat=208 wlast=0
[2785000] MASTER 1 W_VALID_RDY Handshake beat=215 wlast=0
[2785000] S1 MEMORY WRITE beat=207 addr=149ce6f8 data=0f683e42fe55675a id=09
[2785000] AXI S0_WVALID_RDY HANDSHAKE
[2785000] S0 MEMORY WRITE beat=208 addr=04c474b8 data=35f0bdeb0832642c id=1b
[2795000] AXI S0_WVALID_RDY HANDSHAKE
[2795000] S0 MEMORY WRITE beat=209 addr=04c474c8 data=f1f4f4670b7c3412 id=1b
[2795000] S1 MEMORY WRITE beat=208 addr=149ce718 data=f95239abeeb9ea60 id=09
[2795000] MASTER 1 W_VALID_RDY Handshake beat=216 wlast=0
[2795000] MASTER 0 W_VALID_RDY Handshake beat=209 wlast=0
[2805000] MASTER 0 W_VALID_RDY Handshake beat=210 wlast=0
[2805000] MASTER 1 W_VALID_RDY Handshake beat=217 wlast=0
[2805000] S1 MEMORY WRITE beat=209 addr=149ce738 data=2ec4a040ca3689c6 id=09
[2805000] AXI S0_WVALID_RDY HANDSHAKE
[2805000] S0 MEMORY WRITE beat=210 addr=04c474d8 data=c04da2c1f0706b5f id=1b
[2815000] AXI S0_WVALID_RDY HANDSHAKE
[2815000] S0 MEMORY WRITE beat=211 addr=04c474e8 data=f8a2cf8b90f8f92c id=1b
[2815000] S1 MEMORY WRITE beat=210 addr=149ce758 data=c88bf1202130978e id=09
[2815000] MASTER 1 W_VALID_RDY Handshake beat=218 wlast=0
[2815000] MASTER 0 W_VALID_RDY Handshake beat=211 wlast=0
[2825000] MASTER 0 W_VALID_RDY Handshake beat=212 wlast=0
[2825000] MASTER 1 W_VALID_RDY Handshake beat=219 wlast=0
[2825000] S1 MEMORY WRITE beat=211 addr=149ce778 data=0fea81ee3e2cde82 id=09
[2825000] AXI S0_WVALID_RDY HANDSHAKE
[2825000] S0 MEMORY WRITE beat=212 addr=04c474f8 data=9c752d3ef63e60ac id=1b
[2835000] AXI S0_WVALID_RDY HANDSHAKE
[2835000] S0 MEMORY WRITE beat=213 addr=04c47508 data=e6aecc0cea97c3f2 id=1b
[2835000] S1 MEMORY WRITE beat=212 addr=149ce798 data=08636848c1de2acb id=09
[2835000] MASTER 1 W_VALID_RDY Handshake beat=220 wlast=0
[2835000] MASTER 0 W_VALID_RDY Handshake beat=213 wlast=0
[2845000] MASTER 0 W_VALID_RDY Handshake beat=214 wlast=0
[2845000] MASTER 1 W_VALID_RDY Handshake beat=221 wlast=0
[2845000] S1 MEMORY WRITE beat=213 addr=149ce7b8 data=e30ec2593eaf222e id=09
[2845000] AXI S0_WVALID_RDY HANDSHAKE
[2845000] S0 MEMORY WRITE beat=214 addr=04c47518 data=fb90bd1fdcc2d000 id=1b
[2855000] AXI S0_WVALID_RDY HANDSHAKE
[2855000] S0 MEMORY WRITE beat=215 addr=04c47528 data=d30130acdf519b97 id=1b
[2855000] S1 MEMORY WRITE beat=214 addr=149ce7d8 data=fcdc00b0d0ef5968 id=09
[2855000] MASTER 1 W_VALID_RDY Handshake beat=222 wlast=0
[2855000] MASTER 0 W_VALID_RDY Handshake beat=215 wlast=0
[2865000] MASTER 0 W_VALID_RDY Handshake beat=216 wlast=0
[2865000] MASTER 1 W_VALID_RDY Handshake beat=223 wlast=0
[2865000] S1 MEMORY WRITE beat=215 addr=149ce7f8 data=12cd8434f2f94447 id=09
[2865000] AXI S0_WVALID_RDY HANDSHAKE
[2865000] S0 MEMORY WRITE beat=216 addr=04c47538 data=c9e95f8a9805ea5d id=1b
[2875000] AXI S0_WVALID_RDY HANDSHAKE
[2875000] S0 MEMORY WRITE beat=217 addr=04c47548 data=f4c8ba5db9affcb8 id=1b
[2875000] S1 MEMORY WRITE beat=216 addr=149ce818 data=b1a86675053f68f8 id=09
[2875000] MASTER 1 W_VALID_RDY Handshake beat=224 wlast=0
[2875000] MASTER 0 W_VALID_RDY Handshake beat=217 wlast=0
[2885000] MASTER 0 W_VALID_RDY Handshake beat=218 wlast=0
[2885000] MASTER 1 W_VALID_RDY Handshake beat=225 wlast=0
[2885000] S1 MEMORY WRITE beat=217 addr=149ce838 data=d62ec260f5dc468d id=09
[2885000] AXI S0_WVALID_RDY HANDSHAKE
[2885000] S0 MEMORY WRITE beat=218 addr=04c47558 data=19019850c57a1ca9 id=1b
[2895000] AXI S0_WVALID_RDY HANDSHAKE
[2895000] S0 MEMORY WRITE beat=219 addr=04c47568 data=dd800706c7c9eb0a id=1b
[2895000] S1 MEMORY WRITE beat=218 addr=149ce858 data=e8d58ad5ae846725 id=09
[2895000] MASTER 1 W_VALID_RDY Handshake beat=226 wlast=0
[2895000] MASTER 0 W_VALID_RDY Handshake beat=219 wlast=0
[2905000] MASTER 0 W_VALID_RDY Handshake beat=220 wlast=0
[2905000] MASTER 1 W_VALID_RDY Handshake beat=227 wlast=0
[2905000] S1 MEMORY WRITE beat=219 addr=149ce878 data=b3c3d01de8fc4694 id=09
[2905000] AXI S0_WVALID_RDY HANDSHAKE
[2905000] S0 MEMORY WRITE beat=220 addr=04c47578 data=8179e7c2e2eaf7da id=1b
[2915000] AXI S0_WVALID_RDY HANDSHAKE
[2915000] S0 MEMORY WRITE beat=221 addr=04c47588 data=28651483d248c164 id=1b
[2915000] S1 MEMORY WRITE beat=220 addr=149ce898 data=ded88d229a7df14a id=09
[2915000] MASTER 1 W_VALID_RDY Handshake beat=228 wlast=0
[2915000] MASTER 0 W_VALID_RDY Handshake beat=221 wlast=0
[2925000] MASTER 0 W_VALID_RDY Handshake beat=222 wlast=0
[2925000] MASTER 1 W_VALID_RDY Handshake beat=229 wlast=0
[2925000] S1 MEMORY WRITE beat=221 addr=149ce8b8 data=c902587009f2927e id=09
[2925000] AXI S0_WVALID_RDY HANDSHAKE
[2925000] S0 MEMORY WRITE beat=222 addr=04c47598 data=1a12ac6e9a7b8012 id=1b
[2935000] AXI S0_WVALID_RDY HANDSHAKE
[2935000] S0 MEMORY WRITE beat=223 addr=04c475a8 data=fd6677ec85e51b89 id=1b
[2935000] S1 MEMORY WRITE beat=222 addr=149ce8d8 data=f2eed912c7ae17f7 id=09
[2935000] MASTER 1 W_VALID_RDY Handshake beat=230 wlast=0
[2935000] MASTER 0 W_VALID_RDY Handshake beat=223 wlast=0
[2945000] MASTER 0 W_VALID_RDY Handshake beat=224 wlast=0
[2945000] MASTER 1 W_VALID_RDY Handshake beat=231 wlast=0
[2945000] S1 MEMORY WRITE beat=223 addr=149ce8f8 data=e22c0941fcc6288d id=09
[2945000] AXI S0_WVALID_RDY HANDSHAKE
[2945000] S0 MEMORY WRITE beat=224 addr=04c475b8 data=d82ddced9b8c9430 id=1b
[2955000] AXI S0_WVALID_RDY HANDSHAKE
[2955000] S0 MEMORY WRITE beat=225 addr=04c475c8 data=36081443a5cb8c6f id=1b
[2955000] S1 MEMORY WRITE beat=224 addr=149ce918 data=86b8bb0bd1c76634 id=09
[2955000] MASTER 1 W_VALID_RDY Handshake beat=232 wlast=0
[2955000] MASTER 0 W_VALID_RDY Handshake beat=225 wlast=0
[2965000] MASTER 0 W_VALID_RDY Handshake beat=226 wlast=0
[2965000] MASTER 1 W_VALID_RDY Handshake beat=233 wlast=0
[2965000] S1 MEMORY WRITE beat=225 addr=149ce938 data=99757e2bab2e61b1 id=09
[2965000] AXI S0_WVALID_RDY HANDSHAKE
[2965000] S0 MEMORY WRITE beat=226 addr=04c475d8 data=2bb0a7f9f240895b id=1b
[2975000] AXI S0_WVALID_RDY HANDSHAKE
[2975000] S0 MEMORY WRITE beat=227 addr=04c475e8 data=0dcd1d8cb36e8c2f id=1b
[2975000] S1 MEMORY WRITE beat=226 addr=149ce958 data=27f48a3ff9a7941e id=09
[2975000] MASTER 1 W_VALID_RDY Handshake beat=234 wlast=0
[2975000] MASTER 0 W_VALID_RDY Handshake beat=227 wlast=0
[2985000] MASTER 0 W_VALID_RDY Handshake beat=228 wlast=0
[2985000] MASTER 1 W_VALID_RDY Handshake beat=235 wlast=0
[2985000] S1 MEMORY WRITE beat=227 addr=149ce978 data=cb6efa52fba1876d id=09
[2985000] AXI S0_WVALID_RDY HANDSHAKE
[2985000] S0 MEMORY WRITE beat=228 addr=04c475f8 data=d93a189f83de84e6 id=1b
[2995000] AXI S0_WVALID_RDY HANDSHAKE
[2995000] S0 MEMORY WRITE beat=229 addr=04c47608 data=f61f0e42c3d531cf id=1b
[2995000] S1 MEMORY WRITE beat=228 addr=149ce998 data=a6cfe91eaead454a id=09
[2995000] MASTER 1 W_VALID_RDY Handshake beat=236 wlast=0
[2995000] MASTER 0 W_VALID_RDY Handshake beat=229 wlast=0
[3005000] MASTER 0 W_VALID_RDY Handshake beat=230 wlast=0
[3005000] MASTER 1 W_VALID_RDY Handshake beat=237 wlast=0
[3005000] S1 MEMORY WRITE beat=229 addr=149ce9b8 data=a854d968e4e4787e id=09
[3005000] AXI S0_WVALID_RDY HANDSHAKE
[3005000] S0 MEMORY WRITE beat=230 addr=04c47618 data=f743bdfe04eac098 id=1b
[3015000] AXI S0_WVALID_RDY HANDSHAKE
[3015000] S0 MEMORY WRITE beat=231 addr=04c47628 data=88c9457e03ec2bce id=1b
[3015000] S1 MEMORY WRITE beat=230 addr=149ce9d8 data=e085ffebcec4735d id=09
[3015000] MASTER 1 W_VALID_RDY Handshake beat=238 wlast=0
[3015000] MASTER 0 W_VALID_RDY Handshake beat=231 wlast=0
[3025000] MASTER 0 W_VALID_RDY Handshake beat=232 wlast=0
[3025000] MASTER 1 W_VALID_RDY Handshake beat=239 wlast=0
[3025000] S1 MEMORY WRITE beat=231 addr=149ce9f8 data=fd71b8a8f3c3d3bb id=09
[3025000] AXI S0_WVALID_RDY HANDSHAKE
[3025000] S0 MEMORY WRITE beat=232 addr=04c47638 data=c7c15d9dd07dd69d id=1b
[3035000] AXI S0_WVALID_RDY HANDSHAKE
[3035000] S0 MEMORY WRITE beat=233 addr=04c47648 data=d5689735fee853c0 id=1b
[3035000] S1 MEMORY WRITE beat=232 addr=149cea18 data=d8a84c398755e909 id=09
[3035000] MASTER 1 W_VALID_RDY Handshake beat=240 wlast=0
[3035000] MASTER 0 W_VALID_RDY Handshake beat=233 wlast=0
[3045000] MASTER 0 W_VALID_RDY Handshake beat=234 wlast=0
[3045000] MASTER 1 W_VALID_RDY Handshake beat=241 wlast=0
[3045000] S1 MEMORY WRITE beat=233 addr=149cea38 data=d61a5c67a5c69210 id=09
[3045000] AXI S0_WVALID_RDY HANDSHAKE
[3045000] S0 MEMORY WRITE beat=234 addr=04c47658 data=82d47f8ebf051b9b id=1b
[3055000] AXI S0_WVALID_RDY HANDSHAKE
[3055000] S0 MEMORY WRITE beat=235 addr=04c47668 data=0f82f239de31dcb4 id=1b
[3055000] S1 MEMORY WRITE beat=234 addr=149cea58 data=998a65cb392e4c24 id=09
[3055000] MASTER 1 W_VALID_RDY Handshake beat=242 wlast=0
[3055000] MASTER 0 W_VALID_RDY Handshake beat=235 wlast=0
[3065000] MASTER 0 W_VALID_RDY Handshake beat=236 wlast=0
[3065000] MASTER 1 W_VALID_RDY Handshake beat=243 wlast=0
[3065000] S1 MEMORY WRITE beat=235 addr=149cea78 data=c084352dd38c150f id=09
[3065000] AXI S0_WVALID_RDY HANDSHAKE
[3065000] S0 MEMORY WRITE beat=236 addr=04c47678 data=dd1a3074ca95dd2b id=1b
[3075000] AXI S0_WVALID_RDY HANDSHAKE
[3075000] S0 MEMORY WRITE beat=237 addr=04c47688 data=099af8c7e4eb896e id=1b
[3075000] S1 MEMORY WRITE beat=236 addr=149cea98 data=f952a71ff232b204 id=09
[3075000] MASTER 1 W_VALID_RDY Handshake beat=244 wlast=0
[3075000] MASTER 0 W_VALID_RDY Handshake beat=237 wlast=0
[3085000] MASTER 0 W_VALID_RDY Handshake beat=238 wlast=0
[3085000] MASTER 1 W_VALID_RDY Handshake beat=245 wlast=1
[3085000] S1 MEMORY WRITE beat=237 addr=149ceab8 data=ab60fe28969e9194 id=09
[3085000] AXI S0_WVALID_RDY HANDSHAKE
[3085000] S0 MEMORY WRITE beat=238 addr=04c47698 data=c31d6622dfeeb003 id=1b
[3095000] AXI S0_WVALID_RDY HANDSHAKE
[3095000] S0 MEMORY WRITE beat=239 addr=04c476a8 data=aa848d2e191deb00 id=1b
[3095000] S1 MEMORY WRITE beat=238 addr=149cead8 data=ea2aa6a312dd0ceb id=09
[3095000] MASTER 0 W_VALID_RDY Handshake beat=239 wlast=0
[3105000] MASTER 0 W_VALID_RDY Handshake beat=240 wlast=0
[3105000] S1 MEMORY WRITE beat=239 addr=149ceaf8 data=850fbeefebe53356 id=09
[3105000] AXI S0_WVALID_RDY HANDSHAKE
[3105000] S0 MEMORY WRITE beat=240 addr=04c476b8 data=fe09746e20379697 id=1b
[3115000] AXI S0_WVALID_RDY HANDSHAKE
[3115000] S0 MEMORY WRITE beat=241 addr=04c476c8 data=0026469ab41f85f5 id=1b
[3115000] S1 MEMORY WRITE beat=240 addr=149ceb18 data=8283c4eae37d4dc3 id=09
[3115000] MASTER 0 W_VALID_RDY Handshake beat=241 wlast=0
[3125000] MASTER 0 W_VALID_RDY Handshake beat=242 wlast=0
[3125000] S1 MEMORY WRITE beat=241 addr=149ceb38 data=f65a5aae3070bd18 id=09
[3125000] AXI S0_WVALID_RDY HANDSHAKE
[3125000] S0 MEMORY WRITE beat=242 addr=04c476d8 data=cd3d70f5c126da91 id=1b
[3135000] AXI S0_WVALID_RDY HANDSHAKE
[3135000] S0 MEMORY WRITE beat=243 addr=04c476e8 data=e15e7128aaaad3c8 id=1b
[3135000] S1 MEMORY WRITE beat=242 addr=149ceb58 data=1c55f06eecae6b8e id=09
[3135000] MASTER 0 W_VALID_RDY Handshake beat=243 wlast=0
[3145000] MASTER 0 W_VALID_RDY Handshake beat=244 wlast=1
[3145000] S1 MEMORY WRITE beat=243 addr=149ceb78 data=d02bb951fb6a199d id=09
[3145000] AXI S0_WVALID_RDY HANDSHAKE
[3145000] S0 MEMORY WRITE beat=244 addr=04c476f8 data=deca59becb46e564 id=1b
[3155000] AXI S0_WVALID_RDY HANDSHAKE
[3155000] S0 MEMORY WRITE beat=245 addr=04c47708 data=0c6dbff5e184b7c2 id=1b
[3155000] S1 MEMORY WRITE beat=244 addr=149ceb98 data=abdad6b59ed9b558 id=09
[3165000] SLAVE1 sent B resp, id=9
[3165000] SLAVE0 sent B resp, id=11
[3175000] [SLAVE MONITOR] mst_id=1 s_id=0 awaddr=4c467b8 awid=1011 awlen=245 awsize=4 awburst=1 wdata=[f6e95b3dad92da55 32c6dc5612eb4e90 213c1cd6bef06975 ec8343cb18814d4c 2b6c9bdc98257813 d715e1891f4a2021 37cb6d6dcca8b8b2 e4ce30c5c3992554 e2e34575e3380949 2fe0c1fbbbe4124e ff7d37a21aaeb2e2 fde6bc2b94aef2c0 d093050fe2607d17 fd0f2ff92dc77e26 c27670e6d0103cb1 3270b9c9faf5ec24 a8bd6a4a930975f5 e319b2a7af7fe9c2 2a75d5e7eb33db31 fe3d5126158a6c70 c50a5632d3334031 be671b62e15703cd f6e1703def802c19 c2b36c4b3ca46c89 9dfb70563bebc670 ab6bf289811a87ad bdbef43614dce094 d0c8a704ee1f5ed4 ef39e682dbba648d f0974521fc34998d ea53f862acf8dab8 88b33f45c15fec25 bd9485b2d98ddee4 8686b99cf94a8466 baaa708ba7e87e14 81765cf80f39f8e2 88847d48f83ef63e a027745207fd1695 17370f77c32eedd4 3b6de412219dd14b 299ae7e09fbb8cbf e2ea7a93db955864 fd3329afc0d1f757 e08d84169e585ea5 f9edb70aa6ce118f e7a008e6c377feaa e1d05d4ff720e0b9 1deef249c82d8cfd ba58ba7dbbe1459 d2def513858efb2f cdbc882ced75e8f6 c933fd50f0cde75c f65ce28bd96213d3 c6d7fcca1c12f263 ce0d9bfc4196ab8 9d7b7e8b100bfa1a 2c1eec7d833dbc4a c7572702e4537b55 f45f756f38ffc63c bc3d8286e4d2a58e c92620e3a07e61ec d97e28280394a989 e8674f173d859653 de03f83f15bbaaaf 19505438b18d6ffa ef13064d37822068 cd3dcb1701b7a34f b3451349cd16fe8d 4991ef5e68e1f4f e845c29e22581997 ef6f1824d1d6ea0c 3865095b9b8ad5e7 bde2ef7ef4083719 c5df212520aacbf9 bc35a1e0ad5207a2 a15a3ebbfe442a80 1eeef679fa18915f a76a9901e7395fe0 e57d8a60db249859 d53d29b8c8c4d7bd affe379d846c80d9 df911933fca7c2ba c56c9a77157bc1fe 99e842d7b4ce42eb b17605a5f56ad214 8ae69412f9795c0a 2e479ef6f6e2a01c ec4d723124ced6ea 9e4832f4dfbda49b d6a044b8f7340643 9c02dd2dcc8fd1ea 2c4d7686c2edb6e9 ba21bd2c3a4b1022 86dae20c02edbb3e c5db7227d6249a5a 106faa7cb3285892 b61613d0fffd2f53 d621c9ad974a8c88 ca72e51bfbf185f7 fbeeb54be6917429 fddc00b28088f8eb fc7a7ee3d2107ef8 38a1f322c84ee5cd c8d7deb8f869342e ca79b326367df3d4 feccd9a1c5525d9b bdbb91c9831ba648 b9999a1cc7a4b859 cf715f5083544f0 8b50eb38b86673bd b2c17cab2a7be d2e7ecaec4ea8555 fd50f9120d02420c d7b4e9cade38d7e7 23235d3cfd5c2529 8a5e67352a9cd679 8d5ae60a074564e 1dd07b78e2135100 cb027792bf90b9c cc6d61eaa82ee2ad 8a4233ad1585d5d9 c17ee175ea3ddd62 126cc01096f25b26 ac7830ff8dec435f f82a20c29caef3bd 33a14ee4edf71274 fbe355d40a96e0d2 a745d48fe0197fe3 ce109258f40d7696 fea45768dae72373 3b00a357c9f3e82c 3e015ec2a5ea2bf7 d14f6b091135af d3051ddb3ca5b62a e28fe2213bd1f2c2 c4e3287111067c9d cdac32c7e361318c 9f33244e17e8464c 28eec2e9b03c14e8 139d4675e4164cbf fbfe930bf69af5b0 a6d70a98b2d06ac3 16e6b783a4ed55f4 9b884ba4ba74510d ed44bbd192e54a8e 37d2a083c25f563d fcd3a74a042b7354 9710bde2d35aec27 95ba4264ea18631b ee43d66fcee35e65 223e4a8d128de9af fca64cca05549452 d437f2b7b7f88cf1 ca8676a0eaea233a f03eb78cf6763d44 2e6eca36c72cc36b 3216e6a5c476aa43 3aece788f8f540d6 c022044122559e31 e6cc4874e95bb1be e250f294f238eae6 948e8917a1b92ffc 8b14e1ba2272f6d6 94abe1bcfb5ad18c 9d140188ed65d44f fd8cb25293a6ad4 24953c602828e343 158eb792a484ace1 cdbf17b5c1a93de8 e9d2212b256782b7 c9ec2f98f2545415 33fd91feff60d8bd a4c85b7417ab474e 89ff9b639dcfb329 1d308be7eeb48b0d 65fd25bbdfd2d61 dbcce08bc1f8e75b b0ad7268905f6dbe ce5c9b20f8fd6c72 baf653cdb70d44c3 c76cb2822a297bab 2326e81deba3c636 a2b10af915c94da2 3ff2c94dde1d3bea c9c10220ea1dbd7b ffe70b1de319b16a c136ed54ec720d1a d68fca95bfd9d46a a2f385d40af7ef75 f769fc8fd676d5b3 9650aa1de42a7329 ef22629ecdf9c724 a4709cd739442ff2 1d6ea31be68c5f2d b48626513ac146f5 f40576e70c9105b9 f31d64e6d8f6c329 13b80a1e11741a02 1e051fbba7a38b37 809a4e6007bd8105 19319b07112284a1 b8c60fd89452587e 9c0fd9833736bac2 c8593f6339605e39 cdb2b6b7b541748a ec782f4c811f4f3b ba7fad74e9c2903b 9f0404c5b4d16eaf 35f0bdeb0832642c f1f4f4670b7c3412 c04da2c1f0706b5f f8a2cf8b90f8f92c 9c752d3ef63e60ac e6aecc0cea97c3f2 fb90bd1fdcc2d000 d30130acdf519b97 c9e95f8a9805ea5d f4c8ba5db9affcb8 19019850c57a1ca9 dd800706c7c9eb0a 8179e7c2e2eaf7da 28651483d248c164 1a12ac6e9a7b8012 fd6677ec85e51b89 d82ddced9b8c9430 36081443a5cb8c6f 2bb0a7f9f240895b dcd1d8cb36e8c2f d93a189f83de84e6 f61f0e42c3d531cf f743bdfe04eac098 88c9457e03ec2bce c7c15d9dd07dd69d d5689735fee853c0 82d47f8ebf051b9b f82f239de31dcb4 dd1a3074ca95dd2b 99af8c7e4eb896e c31d6622dfeeb003 aa848d2e191deb00 fe09746e20379697 26469ab41f85f5 cd3d70f5c126da91 e15e7128aaaad3c8 deca59becb46e564 c6dbff5e184b7c2 ] wstrb=[b3 8a 1d 17 48 df c fc 69 29 13 b2 8 20 ae 72 49 c1 24 52 e1 d2 c4 2b 93 e8 7d 75 ba 41 a0 4d 29 1d c2 e3 5e 62 30 87 7f f3 6a dd 55 9a 64 d5 8d ce b2 e3 69 17 b8 f6 e5 6a d9 4e 81 91 45 67 fc 1e b5 7d b0 fa e4 ac 19 9a 29 c9 94 e 75 ad a8 9e 76 3c ac eb ea 54 8a 60 91 36 4c 7b 8b d6 db 1c c 27 97 97 fd 72 b3 a 9a 4a a1 97 bd 55 a1 57 9f 43 ee 5c 98 90 b3 37 d3 a2 94 6b 32 47 a2 5 e9 36 70 1b 7e 12 20 67 49 90 83 c7 a3 a3 2e ec 34 b1 b3 d7 55 e1 c3 89 93 76 60 e8 57 23 71 ea 99 d1 d2 f0 f4 43 db 8d 14 ad 7d 8 f1 58 95 5 6 13 e f7 6b a3 fc 71 b6 a 68 22 ae 65 93 64 6f fc 86 1d 61 1a 82 d0 16 8 ee 77 22 70 47 38 78 35 af 9b a5 f7 d3 1e 2c 83 b9 d2 7a 8c f0 a6 f a9 78 89 35 68 30 45 11 a8 ce 47 11 fe 8c 22 a7 5a 69 b8 ] bresp=0 bid=11011
[3175000] [SLAVE MONITOR] mst_id=0 s_id=1 awaddr=149ccd18 awid=1001 awlen=244 awsize=5 awburst=1 wdata=[cafe344059e8e4a 9d45c5dae985ec80 d2e0f7bbfc67a638 2063482eb80970e d506838edf90daff dbf881379f4bfa5c 8acc916aa7e77b49 87785648ddfeb5b9 fd4ab015dfd314f9 87ba9042e370d77f c16f8d3808174180 e7ea56790f32e68b f2a3be0a3eba3d4e c6d17eceefa4e6bb fed7cd4634134b43 f2cd88912ebbd547 9e60bc02f17b8b51 258ed694399f075f e85adca61d388949 eb4149a185c5f25 d1fb668486bb98a8 a3f421f13442eb2e cc9f4a533a56432a c111dbd2b2a8368b e6eb21b91e9ab0d7 d8f0f401e505fdc4 97ae344fb38a6c0c d2251ce39a02cfd3 ff08cd97fe995609 b223c215ab1610e4 c518e0b816b701e7 155057f00448def9 af5eefddc421ae4f dad8b036c7741a05 cbbcf8fef477d095 38997ee5f0290826 379d222cfb1be8dc ef93b97193722f1b 39b3742835a1b2a fe760406a82d3856 3b9f67723b38596e be927498ee09bd78 9636f5ce3f3a9eb4 fa72f8223d08789f 2b123617d1d65d40 9110fbf4b9056cba f60de559c1492be5 131f89268b83f416 c48960d1a1201b70 e2694756a430851a 2fb47931ba97462a dbb7619bf588d07c 99b95596f43dda02 aed5202c3e20a8f1 33a9796dc96dcec7 bdaba8c98a8c81c7 c8ad2ab8cd62cf03 16d09dcbec80c8f6 f70d4abdfc56a425 c9b97329d47c4694 c0fd0f8a3fba7576 bc11199be08a10f4 b5065788380a5a48 f7c4cfbe85ca8cc4 e6549db8f6036713 2e0dc15bb3d5e959 39a0761e1b5af541 115e5c5425d29119 d9a87a729ff513d6 bb5009173f6c1daf e53eaec89348f090 333e0467ccae656b 8c1a831abee7293a d23019cbee8e0d7e 3b3c72eaf15931e2 30405b1d056e1e32 f3fc2bb0c756f604 38b027e7027074e8 7de931aaf389e9a f68f949fe8f08304 eb60f7ecfbdabeca 2b135d652f3fbc86 18303f8af33f8b06 ef1a49d021a2f204 d0e2ae8a03913776 f6d0c27c9a2da735 bbd09939e912ee14 eca4258ae5eb0c4c 18b3828cb347c3 f5c635d7e374e806 c95ff452bbe94cbb c89c947fe26a5b61 c5df4367c978a7d4 561f490be62ca56 20cd25b80f3f37ba d8b7df8ecdfe890f 8c615365e6ac691f f5eba0d9de19d41e ac185d2dad2e791d 13dae23dcea38068 acbd54863879b093 e5a829b089c68316 d86a037ed8d5b1b4 114f6247f9830bed 3498f0405275805 ddfd09b9f6f78bf7 f07a97e5dbb39282 e0daea87ef4c6c00 e643f7f7f3c426e9 cf77b96bbed7f440 ae246040d6be8fdc ca82b6c53052a3f3 ef2a983314685838 eb26e81419fa7031 ca4d14241d4ef874 31b750ac35a99eda cfa40f0bb977ac57 d6c6a4cb9cde38c0 d287d79a19f1232f d368cf86887df577 255c2e38a22be6a5 bc1d09d42a2f7452 b2ad69c9f7e405d2 1a0fec780f85d95b 39b54dadd8099801 cfed9dd4d62cf64c e5b2cfa7ec62b776 c46c4f78e9fd8a4c c02a80989f681d54 bcad4cb1459ed4c fe57779825dd5040 c5456d94d0372443 e491118fbe81f830 e45f4870d110425f a14766a2e2e88927 a16a815729a4b605 fab4f86485d87831 e8c1015805c9c9c8 2f6e7fcd1bfc5f07 a1d4d7380a2b82b0 ff54c78aa237831 c61fd7380a95d891 14c15b413f63cc45 e9874476e7f4ae71 f28a870224b6a7b9 e41a73fe2fa71baf 179bca20074be243 2c0289fccda1b874 fd48d4230a265122 11723365101cfdfa ddbeb66e94e49e43 9f0aef653d74bd61 cd91bb5bdb078a92 efec28d5b07d22ca edf1e02bab5071c9 8657fc5b0ef7183b bf743b05bb839b86 e6d40d50f6442531 53b3d6c2d661b31 e8e9b6b7ed2c09ab e3702edcc4af7871 f21593a2cfbdc407 3ce9cdb3e8ab6c48 2d5ae4badaff4a5a aabd0e61a059fc8f 90568d89f70785c fa6fc2b6e7a6dc14 800d8a436604d92 d5d0c5ee252cd118 8cd3ad2c1106417c c7668f0ed04088a5 f56d59bd94d485d0 a5dac74c9d3754fc ed77dda1824106e9 17158cbaed41565a a78ab57e2e5375e e5263e48bcf05406 2a31aa61f7f088f8 dad5c057fc3bcb02 b92c1f0834aa55b8 ac9adeb03ffbfe9f 3c37c9a1e35dc969 98081f2187709f07 c76c9da6f563e8a9 d8c1b213c4a2fdd2 cc139cd983a46747 f9084ff1f0c9d134 b56ccf0613803a80 9724a1c7d1ca0204 c293d33801806be0 1500a660902cf1b8 e1f6f3bcf800a23f f9810e1fac254827 3c5239e0248ac6f5 1c8b69340e81b47f baa6fca69e492d9c c2d3f491160c7753 248e2bd2f6f93686 15426423df5f5dc5 f56bd518df352878 d62e5effd81658b4 3775b67a99fa00ea f92f2963eb70c322 c3871bd6ace18b92 c6db8c7dcf5d8862 3ace4b84fafcd250 27de5de3c00ab5e0 f683e42fe55675a f95239abeeb9ea60 2ec4a040ca3689c6 c88bf1202130978e fea81ee3e2cde82 8636848c1de2acb e30ec2593eaf222e fcdc00b0d0ef5968 12cd8434f2f94447 b1a86675053f68f8 d62ec260f5dc468d e8d58ad5ae846725 b3c3d01de8fc4694 ded88d229a7df14a c902587009f2927e f2eed912c7ae17f7 e22c0941fcc6288d 86b8bb0bd1c76634 99757e2bab2e61b1 27f48a3ff9a7941e cb6efa52fba1876d a6cfe91eaead454a a854d968e4e4787e e085ffebcec4735d fd71b8a8f3c3d3bb d8a84c398755e909 d61a5c67a5c69210 998a65cb392e4c24 c084352dd38c150f f952a71ff232b204 ab60fe28969e9194 ea2aa6a312dd0ceb 850fbeefebe53356 8283c4eae37d4dc3 f65a5aae3070bd18 1c55f06eecae6b8e d02bb951fb6a199d abdad6b59ed9b558 ] wstrb=[ff e6 23 9c 37 7c 52 36 62 75 d3 9a f1 25 d0 54 9a a3 ee 8c c8 be e0 63 62 ce ef 2a 8c cf 8d ee 9d 7c 19 29 4b a6 18 e8 23 31 12 6e d7 2a 57 fa 5b 69 69 32 93 c0 2d ee 29 96 20 bc 56 4d aa 7f e3 ca 3b 39 18 e5 b8 fb af f3 35 c7 d8 ed c3 88 e1 f8 4f b9 e5 12 41 c6 a 91 80 f0 a3 c1 b6 ae 52 36 9e f6 f8 54 a4 4a 8b 42 40 83 96 e4 cd 21 26 e a4 bd f2 72 de 19 80 83 d6 72 f5 b4 8b 75 37 61 e7 2c 16 73 a1 4d d4 89 7a ea fc 1b 38 d0 a4 b2 bb a0 cd f3 71 72 a5 2c 12 72 1f 83 e4 c4 af f7 36 ce 7a 1b 92 2a 12 c9 f8 8c e4 8b b6 f6 54 af 82 38 3a 39 2e 8e e8 b0 c6 22 e9 f4 b0 d1 a4 76 f3 8e 6a a3 5f e 19 53 9c 83 f6 fc 92 10 4f 2e 93 45 2a 25 55 79 54 e9 bf 7e e 14 f8 62 fd b7 e1 c cb d9 6e c9 90 4f d5 5b 28 43 24 b8 93 f9 14 bb 3d ] bresp=0 bid=1001
[3185000] MASTER 1 RECEIVED BRESP. BRESP=0
[3185000] [MASTER DRIVER] mst_id=1 s_id=0 awaddr=4c467b8 awid=1011 awlen=245 awsize=4 awburst=1 wdata=[f6e95b3dad92da55 32c6dc5612eb4e90 213c1cd6bef06975 ec8343cb18814d4c 2b6c9bdc98257813 d715e1891f4a2021 37cb6d6dcca8b8b2 e4ce30c5c3992554 e2e34575e3380949 2fe0c1fbbbe4124e ff7d37a21aaeb2e2 fde6bc2b94aef2c0 d093050fe2607d17 fd0f2ff92dc77e26 c27670e6d0103cb1 3270b9c9faf5ec24 a8bd6a4a930975f5 e319b2a7af7fe9c2 2a75d5e7eb33db31 fe3d5126158a6c70 c50a5632d3334031 be671b62e15703cd f6e1703def802c19 c2b36c4b3ca46c89 9dfb70563bebc670 ab6bf289811a87ad bdbef43614dce094 d0c8a704ee1f5ed4 ef39e682dbba648d f0974521fc34998d ea53f862acf8dab8 88b33f45c15fec25 bd9485b2d98ddee4 8686b99cf94a8466 baaa708ba7e87e14 81765cf80f39f8e2 88847d48f83ef63e a027745207fd1695 17370f77c32eedd4 3b6de412219dd14b 299ae7e09fbb8cbf e2ea7a93db955864 fd3329afc0d1f757 e08d84169e585ea5 f9edb70aa6ce118f e7a008e6c377feaa e1d05d4ff720e0b9 1deef249c82d8cfd ba58ba7dbbe1459 d2def513858efb2f cdbc882ced75e8f6 c933fd50f0cde75c f65ce28bd96213d3 c6d7fcca1c12f263 ce0d9bfc4196ab8 9d7b7e8b100bfa1a 2c1eec7d833dbc4a c7572702e4537b55 f45f756f38ffc63c bc3d8286e4d2a58e c92620e3a07e61ec d97e28280394a989 e8674f173d859653 de03f83f15bbaaaf 19505438b18d6ffa ef13064d37822068 cd3dcb1701b7a34f b3451349cd16fe8d 4991ef5e68e1f4f e845c29e22581997 ef6f1824d1d6ea0c 3865095b9b8ad5e7 bde2ef7ef4083719 c5df212520aacbf9 bc35a1e0ad5207a2 a15a3ebbfe442a80 1eeef679fa18915f a76a9901e7395fe0 e57d8a60db249859 d53d29b8c8c4d7bd affe379d846c80d9 df911933fca7c2ba c56c9a77157bc1fe 99e842d7b4ce42eb b17605a5f56ad214 8ae69412f9795c0a 2e479ef6f6e2a01c ec4d723124ced6ea 9e4832f4dfbda49b d6a044b8f7340643 9c02dd2dcc8fd1ea 2c4d7686c2edb6e9 ba21bd2c3a4b1022 86dae20c02edbb3e c5db7227d6249a5a 106faa7cb3285892 b61613d0fffd2f53 d621c9ad974a8c88 ca72e51bfbf185f7 fbeeb54be6917429 fddc00b28088f8eb fc7a7ee3d2107ef8 38a1f322c84ee5cd c8d7deb8f869342e ca79b326367df3d4 feccd9a1c5525d9b bdbb91c9831ba648 b9999a1cc7a4b859 cf715f5083544f0 8b50eb38b86673bd b2c17cab2a7be d2e7ecaec4ea8555 fd50f9120d02420c d7b4e9cade38d7e7 23235d3cfd5c2529 8a5e67352a9cd679 8d5ae60a074564e 1dd07b78e2135100 cb027792bf90b9c cc6d61eaa82ee2ad 8a4233ad1585d5d9 c17ee175ea3ddd62 126cc01096f25b26 ac7830ff8dec435f f82a20c29caef3bd 33a14ee4edf71274 fbe355d40a96e0d2 a745d48fe0197fe3 ce109258f40d7696 fea45768dae72373 3b00a357c9f3e82c 3e015ec2a5ea2bf7 d14f6b091135af d3051ddb3ca5b62a e28fe2213bd1f2c2 c4e3287111067c9d cdac32c7e361318c 9f33244e17e8464c 28eec2e9b03c14e8 139d4675e4164cbf fbfe930bf69af5b0 a6d70a98b2d06ac3 16e6b783a4ed55f4 9b884ba4ba74510d ed44bbd192e54a8e 37d2a083c25f563d fcd3a74a042b7354 9710bde2d35aec27 95ba4264ea18631b ee43d66fcee35e65 223e4a8d128de9af fca64cca05549452 d437f2b7b7f88cf1 ca8676a0eaea233a f03eb78cf6763d44 2e6eca36c72cc36b 3216e6a5c476aa43 3aece788f8f540d6 c022044122559e31 e6cc4874e95bb1be e250f294f238eae6 948e8917a1b92ffc 8b14e1ba2272f6d6 94abe1bcfb5ad18c 9d140188ed65d44f fd8cb25293a6ad4 24953c602828e343 158eb792a484ace1 cdbf17b5c1a93de8 e9d2212b256782b7 c9ec2f98f2545415 33fd91feff60d8bd a4c85b7417ab474e 89ff9b639dcfb329 1d308be7eeb48b0d 65fd25bbdfd2d61 dbcce08bc1f8e75b b0ad7268905f6dbe ce5c9b20f8fd6c72 baf653cdb70d44c3 c76cb2822a297bab 2326e81deba3c636 a2b10af915c94da2 3ff2c94dde1d3bea c9c10220ea1dbd7b ffe70b1de319b16a c136ed54ec720d1a d68fca95bfd9d46a a2f385d40af7ef75 f769fc8fd676d5b3 9650aa1de42a7329 ef22629ecdf9c724 a4709cd739442ff2 1d6ea31be68c5f2d b48626513ac146f5 f40576e70c9105b9 f31d64e6d8f6c329 13b80a1e11741a02 1e051fbba7a38b37 809a4e6007bd8105 19319b07112284a1 b8c60fd89452587e 9c0fd9833736bac2 c8593f6339605e39 cdb2b6b7b541748a ec782f4c811f4f3b ba7fad74e9c2903b 9f0404c5b4d16eaf 35f0bdeb0832642c f1f4f4670b7c3412 c04da2c1f0706b5f f8a2cf8b90f8f92c 9c752d3ef63e60ac e6aecc0cea97c3f2 fb90bd1fdcc2d000 d30130acdf519b97 c9e95f8a9805ea5d f4c8ba5db9affcb8 19019850c57a1ca9 dd800706c7c9eb0a 8179e7c2e2eaf7da 28651483d248c164 1a12ac6e9a7b8012 fd6677ec85e51b89 d82ddced9b8c9430 36081443a5cb8c6f 2bb0a7f9f240895b dcd1d8cb36e8c2f d93a189f83de84e6 f61f0e42c3d531cf f743bdfe04eac098 88c9457e03ec2bce c7c15d9dd07dd69d d5689735fee853c0 82d47f8ebf051b9b f82f239de31dcb4 dd1a3074ca95dd2b 99af8c7e4eb896e c31d6622dfeeb003 aa848d2e191deb00 fe09746e20379697 26469ab41f85f5 cd3d70f5c126da91 e15e7128aaaad3c8 deca59becb46e564 c6dbff5e184b7c2 ] wstrb=[b3 8a 1d 17 48 df c fc 69 29 13 b2 8 20 ae 72 49 c1 24 52 e1 d2 c4 2b 93 e8 7d 75 ba 41 a0 4d 29 1d c2 e3 5e 62 30 87 7f f3 6a dd 55 9a 64 d5 8d ce b2 e3 69 17 b8 f6 e5 6a d9 4e 81 91 45 67 fc 1e b5 7d b0 fa e4 ac 19 9a 29 c9 94 e 75 ad a8 9e 76 3c ac eb ea 54 8a 60 91 36 4c 7b 8b d6 db 1c c 27 97 97 fd 72 b3 a 9a 4a a1 97 bd 55 a1 57 9f 43 ee 5c 98 90 b3 37 d3 a2 94 6b 32 47 a2 5 e9 36 70 1b 7e 12 20 67 49 90 83 c7 a3 a3 2e ec 34 b1 b3 d7 55 e1 c3 89 93 76 60 e8 57 23 71 ea 99 d1 d2 f0 f4 43 db 8d 14 ad 7d 8 f1 58 95 5 6 13 e f7 6b a3 fc 71 b6 a 68 22 ae 65 93 64 6f fc 86 1d 61 1a 82 d0 16 8 ee 77 22 70 47 38 78 35 af 9b a5 f7 d3 1e 2c 83 b9 d2 7a 8c f0 a6 f a9 78 89 35 68 30 45 11 a8 ce 47 11 fe 8c 22 a7 5a 69 b8 ] bresp=0 bid=1011
[3185000] MASTER 0 RECEIVED BRESP. BRESP=0
[3185000] [MASTER DRIVER] mst_id=0 s_id=0 awaddr=149ccd18 awid=1001 awlen=244 awsize=5 awburst=1 wdata=[cafe344059e8e4a 9d45c5dae985ec80 d2e0f7bbfc67a638 2063482eb80970e d506838edf90daff dbf881379f4bfa5c 8acc916aa7e77b49 87785648ddfeb5b9 fd4ab015dfd314f9 87ba9042e370d77f c16f8d3808174180 e7ea56790f32e68b f2a3be0a3eba3d4e c6d17eceefa4e6bb fed7cd4634134b43 f2cd88912ebbd547 9e60bc02f17b8b51 258ed694399f075f e85adca61d388949 eb4149a185c5f25 d1fb668486bb98a8 a3f421f13442eb2e cc9f4a533a56432a c111dbd2b2a8368b e6eb21b91e9ab0d7 d8f0f401e505fdc4 97ae344fb38a6c0c d2251ce39a02cfd3 ff08cd97fe995609 b223c215ab1610e4 c518e0b816b701e7 155057f00448def9 af5eefddc421ae4f dad8b036c7741a05 cbbcf8fef477d095 38997ee5f0290826 379d222cfb1be8dc ef93b97193722f1b 39b3742835a1b2a fe760406a82d3856 3b9f67723b38596e be927498ee09bd78 9636f5ce3f3a9eb4 fa72f8223d08789f 2b123617d1d65d40 9110fbf4b9056cba f60de559c1492be5 131f89268b83f416 c48960d1a1201b70 e2694756a430851a 2fb47931ba97462a dbb7619bf588d07c 99b95596f43dda02 aed5202c3e20a8f1 33a9796dc96dcec7 bdaba8c98a8c81c7 c8ad2ab8cd62cf03 16d09dcbec80c8f6 f70d4abdfc56a425 c9b97329d47c4694 c0fd0f8a3fba7576 bc11199be08a10f4 b5065788380a5a48 f7c4cfbe85ca8cc4 e6549db8f6036713 2e0dc15bb3d5e959 39a0761e1b5af541 115e5c5425d29119 d9a87a729ff513d6 bb5009173f6c1daf e53eaec89348f090 333e0467ccae656b 8c1a831abee7293a d23019cbee8e0d7e 3b3c72eaf15931e2 30405b1d056e1e32 f3fc2bb0c756f604 38b027e7027074e8 7de931aaf389e9a f68f949fe8f08304 eb60f7ecfbdabeca 2b135d652f3fbc86 18303f8af33f8b06 ef1a49d021a2f204 d0e2ae8a03913776 f6d0c27c9a2da735 bbd09939e912ee14 eca4258ae5eb0c4c 18b3828cb347c3 f5c635d7e374e806 c95ff452bbe94cbb c89c947fe26a5b61 c5df4367c978a7d4 561f490be62ca56 20cd25b80f3f37ba d8b7df8ecdfe890f 8c615365e6ac691f f5eba0d9de19d41e ac185d2dad2e791d 13dae23dcea38068 acbd54863879b093 e5a829b089c68316 d86a037ed8d5b1b4 114f6247f9830bed 3498f0405275805 ddfd09b9f6f78bf7 f07a97e5dbb39282 e0daea87ef4c6c00 e643f7f7f3c426e9 cf77b96bbed7f440 ae246040d6be8fdc ca82b6c53052a3f3 ef2a983314685838 eb26e81419fa7031 ca4d14241d4ef874 31b750ac35a99eda cfa40f0bb977ac57 d6c6a4cb9cde38c0 d287d79a19f1232f d368cf86887df577 255c2e38a22be6a5 bc1d09d42a2f7452 b2ad69c9f7e405d2 1a0fec780f85d95b 39b54dadd8099801 cfed9dd4d62cf64c e5b2cfa7ec62b776 c46c4f78e9fd8a4c c02a80989f681d54 bcad4cb1459ed4c fe57779825dd5040 c5456d94d0372443 e491118fbe81f830 e45f4870d110425f a14766a2e2e88927 a16a815729a4b605 fab4f86485d87831 e8c1015805c9c9c8 2f6e7fcd1bfc5f07 a1d4d7380a2b82b0 ff54c78aa237831 c61fd7380a95d891 14c15b413f63cc45 e9874476e7f4ae71 f28a870224b6a7b9 e41a73fe2fa71baf 179bca20074be243 2c0289fccda1b874 fd48d4230a265122 11723365101cfdfa ddbeb66e94e49e43 9f0aef653d74bd61 cd91bb5bdb078a92 efec28d5b07d22ca edf1e02bab5071c9 8657fc5b0ef7183b bf743b05bb839b86 e6d40d50f6442531 53b3d6c2d661b31 e8e9b6b7ed2c09ab e3702edcc4af7871 f21593a2cfbdc407 3ce9cdb3e8ab6c48 2d5ae4badaff4a5a aabd0e61a059fc8f 90568d89f70785c fa6fc2b6e7a6dc14 800d8a436604d92 d5d0c5ee252cd118 8cd3ad2c1106417c c7668f0ed04088a5 f56d59bd94d485d0 a5dac74c9d3754fc ed77dda1824106e9 17158cbaed41565a a78ab57e2e5375e e5263e48bcf05406 2a31aa61f7f088f8 dad5c057fc3bcb02 b92c1f0834aa55b8 ac9adeb03ffbfe9f 3c37c9a1e35dc969 98081f2187709f07 c76c9da6f563e8a9 d8c1b213c4a2fdd2 cc139cd983a46747 f9084ff1f0c9d134 b56ccf0613803a80 9724a1c7d1ca0204 c293d33801806be0 1500a660902cf1b8 e1f6f3bcf800a23f f9810e1fac254827 3c5239e0248ac6f5 1c8b69340e81b47f baa6fca69e492d9c c2d3f491160c7753 248e2bd2f6f93686 15426423df5f5dc5 f56bd518df352878 d62e5effd81658b4 3775b67a99fa00ea f92f2963eb70c322 c3871bd6ace18b92 c6db8c7dcf5d8862 3ace4b84fafcd250 27de5de3c00ab5e0 f683e42fe55675a f95239abeeb9ea60 2ec4a040ca3689c6 c88bf1202130978e fea81ee3e2cde82 8636848c1de2acb e30ec2593eaf222e fcdc00b0d0ef5968 12cd8434f2f94447 b1a86675053f68f8 d62ec260f5dc468d e8d58ad5ae846725 b3c3d01de8fc4694 ded88d229a7df14a c902587009f2927e f2eed912c7ae17f7 e22c0941fcc6288d 86b8bb0bd1c76634 99757e2bab2e61b1 27f48a3ff9a7941e cb6efa52fba1876d a6cfe91eaead454a a854d968e4e4787e e085ffebcec4735d fd71b8a8f3c3d3bb d8a84c398755e909 d61a5c67a5c69210 998a65cb392e4c24 c084352dd38c150f f952a71ff232b204 ab60fe28969e9194 ea2aa6a312dd0ceb 850fbeefebe53356 8283c4eae37d4dc3 f65a5aae3070bd18 1c55f06eecae6b8e d02bb951fb6a199d abdad6b59ed9b558 ] wstrb=[ff e6 23 9c 37 7c 52 36 62 75 d3 9a f1 25 d0 54 9a a3 ee 8c c8 be e0 63 62 ce ef 2a 8c cf 8d ee 9d 7c 19 29 4b a6 18 e8 23 31 12 6e d7 2a 57 fa 5b 69 69 32 93 c0 2d ee 29 96 20 bc 56 4d aa 7f e3 ca 3b 39 18 e5 b8 fb af f3 35 c7 d8 ed c3 88 e1 f8 4f b9 e5 12 41 c6 a 91 80 f0 a3 c1 b6 ae 52 36 9e f6 f8 54 a4 4a 8b 42 40 83 96 e4 cd 21 26 e a4 bd f2 72 de 19 80 83 d6 72 f5 b4 8b 75 37 61 e7 2c 16 73 a1 4d d4 89 7a ea fc 1b 38 d0 a4 b2 bb a0 cd f3 71 72 a5 2c 12 72 1f 83 e4 c4 af f7 36 ce 7a 1b 92 2a 12 c9 f8 8c e4 8b b6 f6 54 af 82 38 3a 39 2e 8e e8 b0 c6 22 e9 f4 b0 d1 a4 76 f3 8e 6a a3 5f e 19 53 9c 83 f6 fc 92 10 4f 2e 93 45 2a 25 55 79 54 e9 bf 7e e 14 f8 62 fd b7 e1 c cb d9 6e c9 90 4f d5 5b 28 43 24 b8 93 f9 14 bb 3d ] bresp=0 bid=1001
[3185000] MASTER 0 B_VALID_RDY Handshake
[3185000] [MASTER MONITOR] mst_id=0 s_id=1 awaddr=149ccd18 awid=1001 awlen=244 awsize=5 awburst=1 wdata=[cafe344059e8e4a 9d45c5dae985ec80 d2e0f7bbfc67a638 2063482eb80970e d506838edf90daff dbf881379f4bfa5c 8acc916aa7e77b49 87785648ddfeb5b9 fd4ab015dfd314f9 87ba9042e370d77f c16f8d3808174180 e7ea56790f32e68b f2a3be0a3eba3d4e c6d17eceefa4e6bb fed7cd4634134b43 f2cd88912ebbd547 9e60bc02f17b8b51 258ed694399f075f e85adca61d388949 eb4149a185c5f25 d1fb668486bb98a8 a3f421f13442eb2e cc9f4a533a56432a c111dbd2b2a8368b e6eb21b91e9ab0d7 d8f0f401e505fdc4 97ae344fb38a6c0c d2251ce39a02cfd3 ff08cd97fe995609 b223c215ab1610e4 c518e0b816b701e7 155057f00448def9 af5eefddc421ae4f dad8b036c7741a05 cbbcf8fef477d095 38997ee5f0290826 379d222cfb1be8dc ef93b97193722f1b 39b3742835a1b2a fe760406a82d3856 3b9f67723b38596e be927498ee09bd78 9636f5ce3f3a9eb4 fa72f8223d08789f 2b123617d1d65d40 9110fbf4b9056cba f60de559c1492be5 131f89268b83f416 c48960d1a1201b70 e2694756a430851a 2fb47931ba97462a dbb7619bf588d07c 99b95596f43dda02 aed5202c3e20a8f1 33a9796dc96dcec7 bdaba8c98a8c81c7 c8ad2ab8cd62cf03 16d09dcbec80c8f6 f70d4abdfc56a425 c9b97329d47c4694 c0fd0f8a3fba7576 bc11199be08a10f4 b5065788380a5a48 f7c4cfbe85ca8cc4 e6549db8f6036713 2e0dc15bb3d5e959 39a0761e1b5af541 115e5c5425d29119 d9a87a729ff513d6 bb5009173f6c1daf e53eaec89348f090 333e0467ccae656b 8c1a831abee7293a d23019cbee8e0d7e 3b3c72eaf15931e2 30405b1d056e1e32 f3fc2bb0c756f604 38b027e7027074e8 7de931aaf389e9a f68f949fe8f08304 eb60f7ecfbdabeca 2b135d652f3fbc86 18303f8af33f8b06 ef1a49d021a2f204 d0e2ae8a03913776 f6d0c27c9a2da735 bbd09939e912ee14 eca4258ae5eb0c4c 18b3828cb347c3 f5c635d7e374e806 c95ff452bbe94cbb c89c947fe26a5b61 c5df4367c978a7d4 561f490be62ca56 20cd25b80f3f37ba d8b7df8ecdfe890f 8c615365e6ac691f f5eba0d9de19d41e ac185d2dad2e791d 13dae23dcea38068 acbd54863879b093 e5a829b089c68316 d86a037ed8d5b1b4 114f6247f9830bed 3498f0405275805 ddfd09b9f6f78bf7 f07a97e5dbb39282 e0daea87ef4c6c00 e643f7f7f3c426e9 cf77b96bbed7f440 ae246040d6be8fdc ca82b6c53052a3f3 ef2a983314685838 eb26e81419fa7031 ca4d14241d4ef874 31b750ac35a99eda cfa40f0bb977ac57 d6c6a4cb9cde38c0 d287d79a19f1232f d368cf86887df577 255c2e38a22be6a5 bc1d09d42a2f7452 b2ad69c9f7e405d2 1a0fec780f85d95b 39b54dadd8099801 cfed9dd4d62cf64c e5b2cfa7ec62b776 c46c4f78e9fd8a4c c02a80989f681d54 bcad4cb1459ed4c fe57779825dd5040 c5456d94d0372443 e491118fbe81f830 e45f4870d110425f a14766a2e2e88927 a16a815729a4b605 fab4f86485d87831 e8c1015805c9c9c8 2f6e7fcd1bfc5f07 a1d4d7380a2b82b0 ff54c78aa237831 c61fd7380a95d891 14c15b413f63cc45 e9874476e7f4ae71 f28a870224b6a7b9 e41a73fe2fa71baf 179bca20074be243 2c0289fccda1b874 fd48d4230a265122 11723365101cfdfa ddbeb66e94e49e43 9f0aef653d74bd61 cd91bb5bdb078a92 efec28d5b07d22ca edf1e02bab5071c9 8657fc5b0ef7183b bf743b05bb839b86 e6d40d50f6442531 53b3d6c2d661b31 e8e9b6b7ed2c09ab e3702edcc4af7871 f21593a2cfbdc407 3ce9cdb3e8ab6c48 2d5ae4badaff4a5a aabd0e61a059fc8f 90568d89f70785c fa6fc2b6e7a6dc14 800d8a436604d92 d5d0c5ee252cd118 8cd3ad2c1106417c c7668f0ed04088a5 f56d59bd94d485d0 a5dac74c9d3754fc ed77dda1824106e9 17158cbaed41565a a78ab57e2e5375e e5263e48bcf05406 2a31aa61f7f088f8 dad5c057fc3bcb02 b92c1f0834aa55b8 ac9adeb03ffbfe9f 3c37c9a1e35dc969 98081f2187709f07 c76c9da6f563e8a9 d8c1b213c4a2fdd2 cc139cd983a46747 f9084ff1f0c9d134 b56ccf0613803a80 9724a1c7d1ca0204 c293d33801806be0 1500a660902cf1b8 e1f6f3bcf800a23f f9810e1fac254827 3c5239e0248ac6f5 1c8b69340e81b47f baa6fca69e492d9c c2d3f491160c7753 248e2bd2f6f93686 15426423df5f5dc5 f56bd518df352878 d62e5effd81658b4 3775b67a99fa00ea f92f2963eb70c322 c3871bd6ace18b92 c6db8c7dcf5d8862 3ace4b84fafcd250 27de5de3c00ab5e0 f683e42fe55675a f95239abeeb9ea60 2ec4a040ca3689c6 c88bf1202130978e fea81ee3e2cde82 8636848c1de2acb e30ec2593eaf222e fcdc00b0d0ef5968 12cd8434f2f94447 b1a86675053f68f8 d62ec260f5dc468d e8d58ad5ae846725 b3c3d01de8fc4694 ded88d229a7df14a c902587009f2927e f2eed912c7ae17f7 e22c0941fcc6288d 86b8bb0bd1c76634 99757e2bab2e61b1 27f48a3ff9a7941e cb6efa52fba1876d a6cfe91eaead454a a854d968e4e4787e e085ffebcec4735d fd71b8a8f3c3d3bb d8a84c398755e909 d61a5c67a5c69210 998a65cb392e4c24 c084352dd38c150f f952a71ff232b204 ab60fe28969e9194 ea2aa6a312dd0ceb 850fbeefebe53356 8283c4eae37d4dc3 f65a5aae3070bd18 1c55f06eecae6b8e d02bb951fb6a199d abdad6b59ed9b558 ] wstrb=[ff e6 23 9c 37 7c 52 36 62 75 d3 9a f1 25 d0 54 9a a3 ee 8c c8 be e0 63 62 ce ef 2a 8c cf 8d ee 9d 7c 19 29 4b a6 18 e8 23 31 12 6e d7 2a 57 fa 5b 69 69 32 93 c0 2d ee 29 96 20 bc 56 4d aa 7f e3 ca 3b 39 18 e5 b8 fb af f3 35 c7 d8 ed c3 88 e1 f8 4f b9 e5 12 41 c6 a 91 80 f0 a3 c1 b6 ae 52 36 9e f6 f8 54 a4 4a 8b 42 40 83 96 e4 cd 21 26 e a4 bd f2 72 de 19 80 83 d6 72 f5 b4 8b 75 37 61 e7 2c 16 73 a1 4d d4 89 7a ea fc 1b 38 d0 a4 b2 bb a0 cd f3 71 72 a5 2c 12 72 1f 83 e4 c4 af f7 36 ce 7a 1b 92 2a 12 c9 f8 8c e4 8b b6 f6 54 af 82 38 3a 39 2e 8e e8 b0 c6 22 e9 f4 b0 d1 a4 76 f3 8e 6a a3 5f e 19 53 9c 83 f6 fc 92 10 4f 2e 93 45 2a 25 55 79 54 e9 bf 7e e 14 f8 62 fd b7 e1 c cb d9 6e c9 90 4f d5 5b 28 43 24 b8 93 f9 14 bb 3d ] bresp=0 bid=1001
[3185000] MASTER 1 B_VALID_RDY Handshake
[3185000] [MASTER MONITOR] mst_id=1 s_id=0 awaddr=4c467b8 awid=1011 awlen=245 awsize=4 awburst=1 wdata=[f6e95b3dad92da55 32c6dc5612eb4e90 213c1cd6bef06975 ec8343cb18814d4c 2b6c9bdc98257813 d715e1891f4a2021 37cb6d6dcca8b8b2 e4ce30c5c3992554 e2e34575e3380949 2fe0c1fbbbe4124e ff7d37a21aaeb2e2 fde6bc2b94aef2c0 d093050fe2607d17 fd0f2ff92dc77e26 c27670e6d0103cb1 3270b9c9faf5ec24 a8bd6a4a930975f5 e319b2a7af7fe9c2 2a75d5e7eb33db31 fe3d5126158a6c70 c50a5632d3334031 be671b62e15703cd f6e1703def802c19 c2b36c4b3ca46c89 9dfb70563bebc670 ab6bf289811a87ad bdbef43614dce094 d0c8a704ee1f5ed4 ef39e682dbba648d f0974521fc34998d ea53f862acf8dab8 88b33f45c15fec25 bd9485b2d98ddee4 8686b99cf94a8466 baaa708ba7e87e14 81765cf80f39f8e2 88847d48f83ef63e a027745207fd1695 17370f77c32eedd4 3b6de412219dd14b 299ae7e09fbb8cbf e2ea7a93db955864 fd3329afc0d1f757 e08d84169e585ea5 f9edb70aa6ce118f e7a008e6c377feaa e1d05d4ff720e0b9 1deef249c82d8cfd ba58ba7dbbe1459 d2def513858efb2f cdbc882ced75e8f6 c933fd50f0cde75c f65ce28bd96213d3 c6d7fcca1c12f263 ce0d9bfc4196ab8 9d7b7e8b100bfa1a 2c1eec7d833dbc4a c7572702e4537b55 f45f756f38ffc63c bc3d8286e4d2a58e c92620e3a07e61ec d97e28280394a989 e8674f173d859653 de03f83f15bbaaaf 19505438b18d6ffa ef13064d37822068 cd3dcb1701b7a34f b3451349cd16fe8d 4991ef5e68e1f4f e845c29e22581997 ef6f1824d1d6ea0c 3865095b9b8ad5e7 bde2ef7ef4083719 c5df212520aacbf9 bc35a1e0ad5207a2 a15a3ebbfe442a80 1eeef679fa18915f a76a9901e7395fe0 e57d8a60db249859 d53d29b8c8c4d7bd affe379d846c80d9 df911933fca7c2ba c56c9a77157bc1fe 99e842d7b4ce42eb b17605a5f56ad214 8ae69412f9795c0a 2e479ef6f6e2a01c ec4d723124ced6ea 9e4832f4dfbda49b d6a044b8f7340643 9c02dd2dcc8fd1ea 2c4d7686c2edb6e9 ba21bd2c3a4b1022 86dae20c02edbb3e c5db7227d6249a5a 106faa7cb3285892 b61613d0fffd2f53 d621c9ad974a8c88 ca72e51bfbf185f7 fbeeb54be6917429 fddc00b28088f8eb fc7a7ee3d2107ef8 38a1f322c84ee5cd c8d7deb8f869342e ca79b326367df3d4 feccd9a1c5525d9b bdbb91c9831ba648 b9999a1cc7a4b859 cf715f5083544f0 8b50eb38b86673bd b2c17cab2a7be d2e7ecaec4ea8555 fd50f9120d02420c d7b4e9cade38d7e7 23235d3cfd5c2529 8a5e67352a9cd679 8d5ae60a074564e 1dd07b78e2135100 cb027792bf90b9c cc6d61eaa82ee2ad 8a4233ad1585d5d9 c17ee175ea3ddd62 126cc01096f25b26 ac7830ff8dec435f f82a20c29caef3bd 33a14ee4edf71274 fbe355d40a96e0d2 a745d48fe0197fe3 ce109258f40d7696 fea45768dae72373 3b00a357c9f3e82c 3e015ec2a5ea2bf7 d14f6b091135af d3051ddb3ca5b62a e28fe2213bd1f2c2 c4e3287111067c9d cdac32c7e361318c 9f33244e17e8464c 28eec2e9b03c14e8 139d4675e4164cbf fbfe930bf69af5b0 a6d70a98b2d06ac3 16e6b783a4ed55f4 9b884ba4ba74510d ed44bbd192e54a8e 37d2a083c25f563d fcd3a74a042b7354 9710bde2d35aec27 95ba4264ea18631b ee43d66fcee35e65 223e4a8d128de9af fca64cca05549452 d437f2b7b7f88cf1 ca8676a0eaea233a f03eb78cf6763d44 2e6eca36c72cc36b 3216e6a5c476aa43 3aece788f8f540d6 c022044122559e31 e6cc4874e95bb1be e250f294f238eae6 948e8917a1b92ffc 8b14e1ba2272f6d6 94abe1bcfb5ad18c 9d140188ed65d44f fd8cb25293a6ad4 24953c602828e343 158eb792a484ace1 cdbf17b5c1a93de8 e9d2212b256782b7 c9ec2f98f2545415 33fd91feff60d8bd a4c85b7417ab474e 89ff9b639dcfb329 1d308be7eeb48b0d 65fd25bbdfd2d61 dbcce08bc1f8e75b b0ad7268905f6dbe ce5c9b20f8fd6c72 baf653cdb70d44c3 c76cb2822a297bab 2326e81deba3c636 a2b10af915c94da2 3ff2c94dde1d3bea c9c10220ea1dbd7b ffe70b1de319b16a c136ed54ec720d1a d68fca95bfd9d46a a2f385d40af7ef75 f769fc8fd676d5b3 9650aa1de42a7329 ef22629ecdf9c724 a4709cd739442ff2 1d6ea31be68c5f2d b48626513ac146f5 f40576e70c9105b9 f31d64e6d8f6c329 13b80a1e11741a02 1e051fbba7a38b37 809a4e6007bd8105 19319b07112284a1 b8c60fd89452587e 9c0fd9833736bac2 c8593f6339605e39 cdb2b6b7b541748a ec782f4c811f4f3b ba7fad74e9c2903b 9f0404c5b4d16eaf 35f0bdeb0832642c f1f4f4670b7c3412 c04da2c1f0706b5f f8a2cf8b90f8f92c 9c752d3ef63e60ac e6aecc0cea97c3f2 fb90bd1fdcc2d000 d30130acdf519b97 c9e95f8a9805ea5d f4c8ba5db9affcb8 19019850c57a1ca9 dd800706c7c9eb0a 8179e7c2e2eaf7da 28651483d248c164 1a12ac6e9a7b8012 fd6677ec85e51b89 d82ddced9b8c9430 36081443a5cb8c6f 2bb0a7f9f240895b dcd1d8cb36e8c2f d93a189f83de84e6 f61f0e42c3d531cf f743bdfe04eac098 88c9457e03ec2bce c7c15d9dd07dd69d d5689735fee853c0 82d47f8ebf051b9b f82f239de31dcb4 dd1a3074ca95dd2b 99af8c7e4eb896e c31d6622dfeeb003 aa848d2e191deb00 fe09746e20379697 26469ab41f85f5 cd3d70f5c126da91 e15e7128aaaad3c8 deca59becb46e564 c6dbff5e184b7c2 ] wstrb=[b3 8a 1d 17 48 df c fc 69 29 13 b2 8 20 ae 72 49 c1 24 52 e1 d2 c4 2b 93 e8 7d 75 ba 41 a0 4d 29 1d c2 e3 5e 62 30 87 7f f3 6a dd 55 9a 64 d5 8d ce b2 e3 69 17 b8 f6 e5 6a d9 4e 81 91 45 67 fc 1e b5 7d b0 fa e4 ac 19 9a 29 c9 94 e 75 ad a8 9e 76 3c ac eb ea 54 8a 60 91 36 4c 7b 8b d6 db 1c c 27 97 97 fd 72 b3 a 9a 4a a1 97 bd 55 a1 57 9f 43 ee 5c 98 90 b3 37 d3 a2 94 6b 32 47 a2 5 e9 36 70 1b 7e 12 20 67 49 90 83 c7 a3 a3 2e ec 34 b1 b3 d7 55 e1 c3 89 93 76 60 e8 57 23 71 ea 99 d1 d2 f0 f4 43 db 8d 14 ad 7d 8 f1 58 95 5 6 13 e f7 6b a3 fc 71 b6 a 68 22 ae 65 93 64 6f fc 86 1d 61 1a 82 d0 16 8 ee 77 22 70 47 38 78 35 af 9b a5 f7 d3 1e 2c 83 b9 d2 7a 8c f0 a6 f a9 78 89 35 68 30 45 11 a8 ce 47 11 fe 8c 22 a7 5a 69 b8 ] bresp=0 bid=1011
[3185000] SCOREBOARD MATCH: decode_err expected = 0, actual =0
[3185000] SCOREBOARD MATCH: slave_id expected = 1, actual =1
[3185000] SCOREBOARD MATCH: awaddr passthrough expected = 149ccd18, actual =149ccd18
[3185000] SCOREBOARD MATCH: awlen passthrough expected = 244, actual =244
[3185000] SCOREBOARD MATCH: awsize passthrough expected = 5, actual =5
[3185000] SCOREBOARD MATCH: awburst passthrough expected = 1, actual =1
[3185000] SCOREBOARD MATCH: wdata size check expected = f5, actual =f5
[3185000] SCOREBOARD MATCH: wdata passthrough beat=0 expected = cafe344059e8e4a, actual =cafe344059e8e4a
[3185000] SCOREBOARD MATCH: wdata passthrough beat=1 expected = 9d45c5dae985ec80, actual =9d45c5dae985ec80
[3185000] SCOREBOARD MATCH: wdata passthrough beat=2 expected = d2e0f7bbfc67a638, actual =d2e0f7bbfc67a638
[3185000] SCOREBOARD MATCH: wdata passthrough beat=3 expected = 2063482eb80970e, actual =2063482eb80970e
[3185000] SCOREBOARD MATCH: wdata passthrough beat=4 expected = d506838edf90daff, actual =d506838edf90daff
[3185000] SCOREBOARD MATCH: wdata passthrough beat=5 expected = dbf881379f4bfa5c, actual =dbf881379f4bfa5c
[3185000] SCOREBOARD MATCH: wdata passthrough beat=6 expected = 8acc916aa7e77b49, actual =8acc916aa7e77b49
[3185000] SCOREBOARD MATCH: wdata passthrough beat=7 expected = 87785648ddfeb5b9, actual =87785648ddfeb5b9
[3185000] SCOREBOARD MATCH: wdata passthrough beat=8 expected = fd4ab015dfd314f9, actual =fd4ab015dfd314f9
[3185000] SCOREBOARD MATCH: wdata passthrough beat=9 expected = 87ba9042e370d77f, actual =87ba9042e370d77f
[3185000] SCOREBOARD MATCH: wdata passthrough beat=10 expected = c16f8d3808174180, actual =c16f8d3808174180
[3185000] SCOREBOARD MATCH: wdata passthrough beat=11 expected = e7ea56790f32e68b, actual =e7ea56790f32e68b
[3185000] SCOREBOARD MATCH: wdata passthrough beat=12 expected = f2a3be0a3eba3d4e, actual =f2a3be0a3eba3d4e
[3185000] SCOREBOARD MATCH: wdata passthrough beat=13 expected = c6d17eceefa4e6bb, actual =c6d17eceefa4e6bb
[3185000] SCOREBOARD MATCH: wdata passthrough beat=14 expected = fed7cd4634134b43, actual =fed7cd4634134b43
[3185000] SCOREBOARD MATCH: wdata passthrough beat=15 expected = f2cd88912ebbd547, actual =f2cd88912ebbd547
[3185000] SCOREBOARD MATCH: wdata passthrough beat=16 expected = 9e60bc02f17b8b51, actual =9e60bc02f17b8b51
[3185000] SCOREBOARD MATCH: wdata passthrough beat=17 expected = 258ed694399f075f, actual =258ed694399f075f
[3185000] SCOREBOARD MATCH: wdata passthrough beat=18 expected = e85adca61d388949, actual =e85adca61d388949
[3185000] SCOREBOARD MATCH: wdata passthrough beat=19 expected = eb4149a185c5f25, actual =eb4149a185c5f25
[3185000] SCOREBOARD MATCH: wdata passthrough beat=20 expected = d1fb668486bb98a8, actual =d1fb668486bb98a8
[3185000] SCOREBOARD MATCH: wdata passthrough beat=21 expected = a3f421f13442eb2e, actual =a3f421f13442eb2e
[3185000] SCOREBOARD MATCH: wdata passthrough beat=22 expected = cc9f4a533a56432a, actual =cc9f4a533a56432a
[3185000] SCOREBOARD MATCH: wdata passthrough beat=23 expected = c111dbd2b2a8368b, actual =c111dbd2b2a8368b
[3185000] SCOREBOARD MATCH: wdata passthrough beat=24 expected = e6eb21b91e9ab0d7, actual =e6eb21b91e9ab0d7
[3185000] SCOREBOARD MATCH: wdata passthrough beat=25 expected = d8f0f401e505fdc4, actual =d8f0f401e505fdc4
[3185000] SCOREBOARD MATCH: wdata passthrough beat=26 expected = 97ae344fb38a6c0c, actual =97ae344fb38a6c0c
[3185000] SCOREBOARD MATCH: wdata passthrough beat=27 expected = d2251ce39a02cfd3, actual =d2251ce39a02cfd3
[3185000] SCOREBOARD MATCH: wdata passthrough beat=28 expected = ff08cd97fe995609, actual =ff08cd97fe995609
[3185000] SCOREBOARD MATCH: wdata passthrough beat=29 expected = b223c215ab1610e4, actual =b223c215ab1610e4
[3185000] SCOREBOARD MATCH: wdata passthrough beat=30 expected = c518e0b816b701e7, actual =c518e0b816b701e7
[3185000] SCOREBOARD MATCH: wdata passthrough beat=31 expected = 155057f00448def9, actual =155057f00448def9
[3185000] SCOREBOARD MATCH: wdata passthrough beat=32 expected = af5eefddc421ae4f, actual =af5eefddc421ae4f
[3185000] SCOREBOARD MATCH: wdata passthrough beat=33 expected = dad8b036c7741a05, actual =dad8b036c7741a05
[3185000] SCOREBOARD MATCH: wdata passthrough beat=34 expected = cbbcf8fef477d095, actual =cbbcf8fef477d095
[3185000] SCOREBOARD MATCH: wdata passthrough beat=35 expected = 38997ee5f0290826, actual =38997ee5f0290826
[3185000] SCOREBOARD MATCH: wdata passthrough beat=36 expected = 379d222cfb1be8dc, actual =379d222cfb1be8dc
[3185000] SCOREBOARD MATCH: wdata passthrough beat=37 expected = ef93b97193722f1b, actual =ef93b97193722f1b
[3185000] SCOREBOARD MATCH: wdata passthrough beat=38 expected = 39b3742835a1b2a, actual =39b3742835a1b2a
[3185000] SCOREBOARD MATCH: wdata passthrough beat=39 expected = fe760406a82d3856, actual =fe760406a82d3856
[3185000] SCOREBOARD MATCH: wdata passthrough beat=40 expected = 3b9f67723b38596e, actual =3b9f67723b38596e
[3185000] SCOREBOARD MATCH: wdata passthrough beat=41 expected = be927498ee09bd78, actual =be927498ee09bd78
[3185000] SCOREBOARD MATCH: wdata passthrough beat=42 expected = 9636f5ce3f3a9eb4, actual =9636f5ce3f3a9eb4
[3185000] SCOREBOARD MATCH: wdata passthrough beat=43 expected = fa72f8223d08789f, actual =fa72f8223d08789f
[3185000] SCOREBOARD MATCH: wdata passthrough beat=44 expected = 2b123617d1d65d40, actual =2b123617d1d65d40
[3185000] SCOREBOARD MATCH: wdata passthrough beat=45 expected = 9110fbf4b9056cba, actual =9110fbf4b9056cba
[3185000] SCOREBOARD MATCH: wdata passthrough beat=46 expected = f60de559c1492be5, actual =f60de559c1492be5
[3185000] SCOREBOARD MATCH: wdata passthrough beat=47 expected = 131f89268b83f416, actual =131f89268b83f416
[3185000] SCOREBOARD MATCH: wdata passthrough beat=48 expected = c48960d1a1201b70, actual =c48960d1a1201b70
[3185000] SCOREBOARD MATCH: wdata passthrough beat=49 expected = e2694756a430851a, actual =e2694756a430851a
[3185000] SCOREBOARD MATCH: wdata passthrough beat=50 expected = 2fb47931ba97462a, actual =2fb47931ba97462a
[3185000] SCOREBOARD MATCH: wdata passthrough beat=51 expected = dbb7619bf588d07c, actual =dbb7619bf588d07c
[3185000] SCOREBOARD MATCH: wdata passthrough beat=52 expected = 99b95596f43dda02, actual =99b95596f43dda02
[3185000] SCOREBOARD MATCH: wdata passthrough beat=53 expected = aed5202c3e20a8f1, actual =aed5202c3e20a8f1
[3185000] SCOREBOARD MATCH: wdata passthrough beat=54 expected = 33a9796dc96dcec7, actual =33a9796dc96dcec7
[3185000] SCOREBOARD MATCH: wdata passthrough beat=55 expected = bdaba8c98a8c81c7, actual =bdaba8c98a8c81c7
[3185000] SCOREBOARD MATCH: wdata passthrough beat=56 expected = c8ad2ab8cd62cf03, actual =c8ad2ab8cd62cf03
[3185000] SCOREBOARD MATCH: wdata passthrough beat=57 expected = 16d09dcbec80c8f6, actual =16d09dcbec80c8f6
[3185000] SCOREBOARD MATCH: wdata passthrough beat=58 expected = f70d4abdfc56a425, actual =f70d4abdfc56a425
[3185000] SCOREBOARD MATCH: wdata passthrough beat=59 expected = c9b97329d47c4694, actual =c9b97329d47c4694
[3185000] SCOREBOARD MATCH: wdata passthrough beat=60 expected = c0fd0f8a3fba7576, actual =c0fd0f8a3fba7576
[3185000] SCOREBOARD MATCH: wdata passthrough beat=61 expected = bc11199be08a10f4, actual =bc11199be08a10f4
[3185000] SCOREBOARD MATCH: wdata passthrough beat=62 expected = b5065788380a5a48, actual =b5065788380a5a48
[3185000] SCOREBOARD MATCH: wdata passthrough beat=63 expected = f7c4cfbe85ca8cc4, actual =f7c4cfbe85ca8cc4
[3185000] SCOREBOARD MATCH: wdata passthrough beat=64 expected = e6549db8f6036713, actual =e6549db8f6036713
[3185000] SCOREBOARD MATCH: wdata passthrough beat=65 expected = 2e0dc15bb3d5e959, actual =2e0dc15bb3d5e959
[3185000] SCOREBOARD MATCH: wdata passthrough beat=66 expected = 39a0761e1b5af541, actual =39a0761e1b5af541
[3185000] SCOREBOARD MATCH: wdata passthrough beat=67 expected = 115e5c5425d29119, actual =115e5c5425d29119
[3185000] SCOREBOARD MATCH: wdata passthrough beat=68 expected = d9a87a729ff513d6, actual =d9a87a729ff513d6
[3185000] SCOREBOARD MATCH: wdata passthrough beat=69 expected = bb5009173f6c1daf, actual =bb5009173f6c1daf
[3185000] SCOREBOARD MATCH: wdata passthrough beat=70 expected = e53eaec89348f090, actual =e53eaec89348f090
[3185000] SCOREBOARD MATCH: wdata passthrough beat=71 expected = 333e0467ccae656b, actual =333e0467ccae656b
[3185000] SCOREBOARD MATCH: wdata passthrough beat=72 expected = 8c1a831abee7293a, actual =8c1a831abee7293a
[3185000] SCOREBOARD MATCH: wdata passthrough beat=73 expected = d23019cbee8e0d7e, actual =d23019cbee8e0d7e
[3185000] SCOREBOARD MATCH: wdata passthrough beat=74 expected = 3b3c72eaf15931e2, actual =3b3c72eaf15931e2
[3185000] SCOREBOARD MATCH: wdata passthrough beat=75 expected = 30405b1d056e1e32, actual =30405b1d056e1e32
[3185000] SCOREBOARD MATCH: wdata passthrough beat=76 expected = f3fc2bb0c756f604, actual =f3fc2bb0c756f604
[3185000] SCOREBOARD MATCH: wdata passthrough beat=77 expected = 38b027e7027074e8, actual =38b027e7027074e8
[3185000] SCOREBOARD MATCH: wdata passthrough beat=78 expected = 7de931aaf389e9a, actual =7de931aaf389e9a
[3185000] SCOREBOARD MATCH: wdata passthrough beat=79 expected = f68f949fe8f08304, actual =f68f949fe8f08304
[3185000] SCOREBOARD MATCH: wdata passthrough beat=80 expected = eb60f7ecfbdabeca, actual =eb60f7ecfbdabeca
[3185000] SCOREBOARD MATCH: wdata passthrough beat=81 expected = 2b135d652f3fbc86, actual =2b135d652f3fbc86
[3185000] SCOREBOARD MATCH: wdata passthrough beat=82 expected = 18303f8af33f8b06, actual =18303f8af33f8b06
[3185000] SCOREBOARD MATCH: wdata passthrough beat=83 expected = ef1a49d021a2f204, actual =ef1a49d021a2f204
[3185000] SCOREBOARD MATCH: wdata passthrough beat=84 expected = d0e2ae8a03913776, actual =d0e2ae8a03913776
[3185000] SCOREBOARD MATCH: wdata passthrough beat=85 expected = f6d0c27c9a2da735, actual =f6d0c27c9a2da735
[3185000] SCOREBOARD MATCH: wdata passthrough beat=86 expected = bbd09939e912ee14, actual =bbd09939e912ee14
[3185000] SCOREBOARD MATCH: wdata passthrough beat=87 expected = eca4258ae5eb0c4c, actual =eca4258ae5eb0c4c
[3185000] SCOREBOARD MATCH: wdata passthrough beat=88 expected = 18b3828cb347c3, actual =18b3828cb347c3
[3185000] SCOREBOARD MATCH: wdata passthrough beat=89 expected = f5c635d7e374e806, actual =f5c635d7e374e806
[3185000] SCOREBOARD MATCH: wdata passthrough beat=90 expected = c95ff452bbe94cbb, actual =c95ff452bbe94cbb
[3185000] SCOREBOARD MATCH: wdata passthrough beat=91 expected = c89c947fe26a5b61, actual =c89c947fe26a5b61
[3185000] SCOREBOARD MATCH: wdata passthrough beat=92 expected = c5df4367c978a7d4, actual =c5df4367c978a7d4
[3185000] SCOREBOARD MATCH: wdata passthrough beat=93 expected = 561f490be62ca56, actual =561f490be62ca56
[3185000] SCOREBOARD MATCH: wdata passthrough beat=94 expected = 20cd25b80f3f37ba, actual =20cd25b80f3f37ba
[3185000] SCOREBOARD MATCH: wdata passthrough beat=95 expected = d8b7df8ecdfe890f, actual =d8b7df8ecdfe890f
[3185000] SCOREBOARD MATCH: wdata passthrough beat=96 expected = 8c615365e6ac691f, actual =8c615365e6ac691f
[3185000] SCOREBOARD MATCH: wdata passthrough beat=97 expected = f5eba0d9de19d41e, actual =f5eba0d9de19d41e
[3185000] SCOREBOARD MATCH: wdata passthrough beat=98 expected = ac185d2dad2e791d, actual =ac185d2dad2e791d
[3185000] SCOREBOARD MATCH: wdata passthrough beat=99 expected = 13dae23dcea38068, actual =13dae23dcea38068
[3185000] SCOREBOARD MATCH: wdata passthrough beat=100 expected = acbd54863879b093, actual =acbd54863879b093
[3185000] SCOREBOARD MATCH: wdata passthrough beat=101 expected = e5a829b089c68316, actual =e5a829b089c68316
[3185000] SCOREBOARD MATCH: wdata passthrough beat=102 expected = d86a037ed8d5b1b4, actual =d86a037ed8d5b1b4
[3185000] SCOREBOARD MATCH: wdata passthrough beat=103 expected = 114f6247f9830bed, actual =114f6247f9830bed
[3185000] SCOREBOARD MATCH: wdata passthrough beat=104 expected = 3498f0405275805, actual =3498f0405275805
[3185000] SCOREBOARD MATCH: wdata passthrough beat=105 expected = ddfd09b9f6f78bf7, actual =ddfd09b9f6f78bf7
[3185000] SCOREBOARD MATCH: wdata passthrough beat=106 expected = f07a97e5dbb39282, actual =f07a97e5dbb39282
[3185000] SCOREBOARD MATCH: wdata passthrough beat=107 expected = e0daea87ef4c6c00, actual =e0daea87ef4c6c00
[3185000] SCOREBOARD MATCH: wdata passthrough beat=108 expected = e643f7f7f3c426e9, actual =e643f7f7f3c426e9
[3185000] SCOREBOARD MATCH: wdata passthrough beat=109 expected = cf77b96bbed7f440, actual =cf77b96bbed7f440
[3185000] SCOREBOARD MATCH: wdata passthrough beat=110 expected = ae246040d6be8fdc, actual =ae246040d6be8fdc
[3185000] SCOREBOARD MATCH: wdata passthrough beat=111 expected = ca82b6c53052a3f3, actual =ca82b6c53052a3f3
[3185000] SCOREBOARD MATCH: wdata passthrough beat=112 expected = ef2a983314685838, actual =ef2a983314685838
[3185000] SCOREBOARD MATCH: wdata passthrough beat=113 expected = eb26e81419fa7031, actual =eb26e81419fa7031
[3185000] SCOREBOARD MATCH: wdata passthrough beat=114 expected = ca4d14241d4ef874, actual =ca4d14241d4ef874
[3185000] SCOREBOARD MATCH: wdata passthrough beat=115 expected = 31b750ac35a99eda, actual =31b750ac35a99eda
[3185000] SCOREBOARD MATCH: wdata passthrough beat=116 expected = cfa40f0bb977ac57, actual =cfa40f0bb977ac57
[3185000] SCOREBOARD MATCH: wdata passthrough beat=117 expected = d6c6a4cb9cde38c0, actual =d6c6a4cb9cde38c0
[3185000] SCOREBOARD MATCH: wdata passthrough beat=118 expected = d287d79a19f1232f, actual =d287d79a19f1232f
[3185000] SCOREBOARD MATCH: wdata passthrough beat=119 expected = d368cf86887df577, actual =d368cf86887df577
[3185000] SCOREBOARD MATCH: wdata passthrough beat=120 expected = 255c2e38a22be6a5, actual =255c2e38a22be6a5
[3185000] SCOREBOARD MATCH: wdata passthrough beat=121 expected = bc1d09d42a2f7452, actual =bc1d09d42a2f7452
[3185000] SCOREBOARD MATCH: wdata passthrough beat=122 expected = b2ad69c9f7e405d2, actual =b2ad69c9f7e405d2
[3185000] SCOREBOARD MATCH: wdata passthrough beat=123 expected = 1a0fec780f85d95b, actual =1a0fec780f85d95b
[3185000] SCOREBOARD MATCH: wdata passthrough beat=124 expected = 39b54dadd8099801, actual =39b54dadd8099801
[3185000] SCOREBOARD MATCH: wdata passthrough beat=125 expected = cfed9dd4d62cf64c, actual =cfed9dd4d62cf64c
[3185000] SCOREBOARD MATCH: wdata passthrough beat=126 expected = e5b2cfa7ec62b776, actual =e5b2cfa7ec62b776
[3185000] SCOREBOARD MATCH: wdata passthrough beat=127 expected = c46c4f78e9fd8a4c, actual =c46c4f78e9fd8a4c
[3185000] SCOREBOARD MATCH: wdata passthrough beat=128 expected = c02a80989f681d54, actual =c02a80989f681d54
[3185000] SCOREBOARD MATCH: wdata passthrough beat=129 expected = bcad4cb1459ed4c, actual =bcad4cb1459ed4c
[3185000] SCOREBOARD MATCH: wdata passthrough beat=130 expected = fe57779825dd5040, actual =fe57779825dd5040
[3185000] SCOREBOARD MATCH: wdata passthrough beat=131 expected = c5456d94d0372443, actual =c5456d94d0372443
[3185000] SCOREBOARD MATCH: wdata passthrough beat=132 expected = e491118fbe81f830, actual =e491118fbe81f830
[3185000] SCOREBOARD MATCH: wdata passthrough beat=133 expected = e45f4870d110425f, actual =e45f4870d110425f
[3185000] SCOREBOARD MATCH: wdata passthrough beat=134 expected = a14766a2e2e88927, actual =a14766a2e2e88927
[3185000] SCOREBOARD MATCH: wdata passthrough beat=135 expected = a16a815729a4b605, actual =a16a815729a4b605
[3185000] SCOREBOARD MATCH: wdata passthrough beat=136 expected = fab4f86485d87831, actual =fab4f86485d87831
[3185000] SCOREBOARD MATCH: wdata passthrough beat=137 expected = e8c1015805c9c9c8, actual =e8c1015805c9c9c8
[3185000] SCOREBOARD MATCH: wdata passthrough beat=138 expected = 2f6e7fcd1bfc5f07, actual =2f6e7fcd1bfc5f07
[3185000] SCOREBOARD MATCH: wdata passthrough beat=139 expected = a1d4d7380a2b82b0, actual =a1d4d7380a2b82b0
[3185000] SCOREBOARD MATCH: wdata passthrough beat=140 expected = ff54c78aa237831, actual =ff54c78aa237831
[3185000] SCOREBOARD MATCH: wdata passthrough beat=141 expected = c61fd7380a95d891, actual =c61fd7380a95d891
[3185000] SCOREBOARD MATCH: wdata passthrough beat=142 expected = 14c15b413f63cc45, actual =14c15b413f63cc45
[3185000] SCOREBOARD MATCH: wdata passthrough beat=143 expected = e9874476e7f4ae71, actual =e9874476e7f4ae71
[3185000] SCOREBOARD MATCH: wdata passthrough beat=144 expected = f28a870224b6a7b9, actual =f28a870224b6a7b9
[3185000] SCOREBOARD MATCH: wdata passthrough beat=145 expected = e41a73fe2fa71baf, actual =e41a73fe2fa71baf
[3185000] SCOREBOARD MATCH: wdata passthrough beat=146 expected = 179bca20074be243, actual =179bca20074be243
[3185000] SCOREBOARD MATCH: wdata passthrough beat=147 expected = 2c0289fccda1b874, actual =2c0289fccda1b874
[3185000] SCOREBOARD MATCH: wdata passthrough beat=148 expected = fd48d4230a265122, actual =fd48d4230a265122
[3185000] SCOREBOARD MATCH: wdata passthrough beat=149 expected = 11723365101cfdfa, actual =11723365101cfdfa
[3185000] SCOREBOARD MATCH: wdata passthrough beat=150 expected = ddbeb66e94e49e43, actual =ddbeb66e94e49e43
[3185000] SCOREBOARD MATCH: wdata passthrough beat=151 expected = 9f0aef653d74bd61, actual =9f0aef653d74bd61
[3185000] SCOREBOARD MATCH: wdata passthrough beat=152 expected = cd91bb5bdb078a92, actual =cd91bb5bdb078a92
[3185000] SCOREBOARD MATCH: wdata passthrough beat=153 expected = efec28d5b07d22ca, actual =efec28d5b07d22ca
[3185000] SCOREBOARD MATCH: wdata passthrough beat=154 expected = edf1e02bab5071c9, actual =edf1e02bab5071c9
[3185000] SCOREBOARD MATCH: wdata passthrough beat=155 expected = 8657fc5b0ef7183b, actual =8657fc5b0ef7183b
[3185000] SCOREBOARD MATCH: wdata passthrough beat=156 expected = bf743b05bb839b86, actual =bf743b05bb839b86
[3185000] SCOREBOARD MATCH: wdata passthrough beat=157 expected = e6d40d50f6442531, actual =e6d40d50f6442531
[3185000] SCOREBOARD MATCH: wdata passthrough beat=158 expected = 53b3d6c2d661b31, actual =53b3d6c2d661b31
[3185000] SCOREBOARD MATCH: wdata passthrough beat=159 expected = e8e9b6b7ed2c09ab, actual =e8e9b6b7ed2c09ab
[3185000] SCOREBOARD MATCH: wdata passthrough beat=160 expected = e3702edcc4af7871, actual =e3702edcc4af7871
[3185000] SCOREBOARD MATCH: wdata passthrough beat=161 expected = f21593a2cfbdc407, actual =f21593a2cfbdc407
[3185000] SCOREBOARD MATCH: wdata passthrough beat=162 expected = 3ce9cdb3e8ab6c48, actual =3ce9cdb3e8ab6c48
[3185000] SCOREBOARD MATCH: wdata passthrough beat=163 expected = 2d5ae4badaff4a5a, actual =2d5ae4badaff4a5a
[3185000] SCOREBOARD MATCH: wdata passthrough beat=164 expected = aabd0e61a059fc8f, actual =aabd0e61a059fc8f
[3185000] SCOREBOARD MATCH: wdata passthrough beat=165 expected = 90568d89f70785c, actual =90568d89f70785c
[3185000] SCOREBOARD MATCH: wdata passthrough beat=166 expected = fa6fc2b6e7a6dc14, actual =fa6fc2b6e7a6dc14
[3185000] SCOREBOARD MATCH: wdata passthrough beat=167 expected = 800d8a436604d92, actual =800d8a436604d92
[3185000] SCOREBOARD MATCH: wdata passthrough beat=168 expected = d5d0c5ee252cd118, actual =d5d0c5ee252cd118
[3185000] SCOREBOARD MATCH: wdata passthrough beat=169 expected = 8cd3ad2c1106417c, actual =8cd3ad2c1106417c
[3185000] SCOREBOARD MATCH: wdata passthrough beat=170 expected = c7668f0ed04088a5, actual =c7668f0ed04088a5
[3185000] SCOREBOARD MATCH: wdata passthrough beat=171 expected = f56d59bd94d485d0, actual =f56d59bd94d485d0
[3185000] SCOREBOARD MATCH: wdata passthrough beat=172 expected = a5dac74c9d3754fc, actual =a5dac74c9d3754fc
[3185000] SCOREBOARD MATCH: wdata passthrough beat=173 expected = ed77dda1824106e9, actual =ed77dda1824106e9
[3185000] SCOREBOARD MATCH: wdata passthrough beat=174 expected = 17158cbaed41565a, actual =17158cbaed41565a
[3185000] SCOREBOARD MATCH: wdata passthrough beat=175 expected = a78ab57e2e5375e, actual =a78ab57e2e5375e
[3185000] SCOREBOARD MATCH: wdata passthrough beat=176 expected = e5263e48bcf05406, actual =e5263e48bcf05406
[3185000] SCOREBOARD MATCH: wdata passthrough beat=177 expected = 2a31aa61f7f088f8, actual =2a31aa61f7f088f8
[3185000] SCOREBOARD MATCH: wdata passthrough beat=178 expected = dad5c057fc3bcb02, actual =dad5c057fc3bcb02
[3185000] SCOREBOARD MATCH: wdata passthrough beat=179 expected = b92c1f0834aa55b8, actual =b92c1f0834aa55b8
[3185000] SCOREBOARD MATCH: wdata passthrough beat=180 expected = ac9adeb03ffbfe9f, actual =ac9adeb03ffbfe9f
[3185000] SCOREBOARD MATCH: wdata passthrough beat=181 expected = 3c37c9a1e35dc969, actual =3c37c9a1e35dc969
[3185000] SCOREBOARD MATCH: wdata passthrough beat=182 expected = 98081f2187709f07, actual =98081f2187709f07
[3185000] SCOREBOARD MATCH: wdata passthrough beat=183 expected = c76c9da6f563e8a9, actual =c76c9da6f563e8a9
[3185000] SCOREBOARD MATCH: wdata passthrough beat=184 expected = d8c1b213c4a2fdd2, actual =d8c1b213c4a2fdd2
[3185000] SCOREBOARD MATCH: wdata passthrough beat=185 expected = cc139cd983a46747, actual =cc139cd983a46747
[3185000] SCOREBOARD MATCH: wdata passthrough beat=186 expected = f9084ff1f0c9d134, actual =f9084ff1f0c9d134
[3185000] SCOREBOARD MATCH: wdata passthrough beat=187 expected = b56ccf0613803a80, actual =b56ccf0613803a80
[3185000] SCOREBOARD MATCH: wdata passthrough beat=188 expected = 9724a1c7d1ca0204, actual =9724a1c7d1ca0204
[3185000] SCOREBOARD MATCH: wdata passthrough beat=189 expected = c293d33801806be0, actual =c293d33801806be0
[3185000] SCOREBOARD MATCH: wdata passthrough beat=190 expected = 1500a660902cf1b8, actual =1500a660902cf1b8
[3185000] SCOREBOARD MATCH: wdata passthrough beat=191 expected = e1f6f3bcf800a23f, actual =e1f6f3bcf800a23f
[3185000] SCOREBOARD MATCH: wdata passthrough beat=192 expected = f9810e1fac254827, actual =f9810e1fac254827
[3185000] SCOREBOARD MATCH: wdata passthrough beat=193 expected = 3c5239e0248ac6f5, actual =3c5239e0248ac6f5
[3185000] SCOREBOARD MATCH: wdata passthrough beat=194 expected = 1c8b69340e81b47f, actual =1c8b69340e81b47f
[3185000] SCOREBOARD MATCH: wdata passthrough beat=195 expected = baa6fca69e492d9c, actual =baa6fca69e492d9c
[3185000] SCOREBOARD MATCH: wdata passthrough beat=196 expected = c2d3f491160c7753, actual =c2d3f491160c7753
[3185000] SCOREBOARD MATCH: wdata passthrough beat=197 expected = 248e2bd2f6f93686, actual =248e2bd2f6f93686
[3185000] SCOREBOARD MATCH: wdata passthrough beat=198 expected = 15426423df5f5dc5, actual =15426423df5f5dc5
[3185000] SCOREBOARD MATCH: wdata passthrough beat=199 expected = f56bd518df352878, actual =f56bd518df352878
[3185000] SCOREBOARD MATCH: wdata passthrough beat=200 expected = d62e5effd81658b4, actual =d62e5effd81658b4
[3185000] SCOREBOARD MATCH: wdata passthrough beat=201 expected = 3775b67a99fa00ea, actual =3775b67a99fa00ea
[3185000] SCOREBOARD MATCH: wdata passthrough beat=202 expected = f92f2963eb70c322, actual =f92f2963eb70c322
[3185000] SCOREBOARD MATCH: wdata passthrough beat=203 expected = c3871bd6ace18b92, actual =c3871bd6ace18b92
[3185000] SCOREBOARD MATCH: wdata passthrough beat=204 expected = c6db8c7dcf5d8862, actual =c6db8c7dcf5d8862
[3185000] SCOREBOARD MATCH: wdata passthrough beat=205 expected = 3ace4b84fafcd250, actual =3ace4b84fafcd250
[3185000] SCOREBOARD MATCH: wdata passthrough beat=206 expected = 27de5de3c00ab5e0, actual =27de5de3c00ab5e0
[3185000] SCOREBOARD MATCH: wdata passthrough beat=207 expected = f683e42fe55675a, actual =f683e42fe55675a
[3185000] SCOREBOARD MATCH: wdata passthrough beat=208 expected = f95239abeeb9ea60, actual =f95239abeeb9ea60
[3185000] SCOREBOARD MATCH: wdata passthrough beat=209 expected = 2ec4a040ca3689c6, actual =2ec4a040ca3689c6
[3185000] SCOREBOARD MATCH: wdata passthrough beat=210 expected = c88bf1202130978e, actual =c88bf1202130978e
[3185000] SCOREBOARD MATCH: wdata passthrough beat=211 expected = fea81ee3e2cde82, actual =fea81ee3e2cde82
[3185000] SCOREBOARD MATCH: wdata passthrough beat=212 expected = 8636848c1de2acb, actual =8636848c1de2acb
[3185000] SCOREBOARD MATCH: wdata passthrough beat=213 expected = e30ec2593eaf222e, actual =e30ec2593eaf222e
[3185000] SCOREBOARD MATCH: wdata passthrough beat=214 expected = fcdc00b0d0ef5968, actual =fcdc00b0d0ef5968
[3185000] SCOREBOARD MATCH: wdata passthrough beat=215 expected = 12cd8434f2f94447, actual =12cd8434f2f94447
[3185000] SCOREBOARD MATCH: wdata passthrough beat=216 expected = b1a86675053f68f8, actual =b1a86675053f68f8
[3185000] SCOREBOARD MATCH: wdata passthrough beat=217 expected = d62ec260f5dc468d, actual =d62ec260f5dc468d
[3185000] SCOREBOARD MATCH: wdata passthrough beat=218 expected = e8d58ad5ae846725, actual =e8d58ad5ae846725
[3185000] SCOREBOARD MATCH: wdata passthrough beat=219 expected = b3c3d01de8fc4694, actual =b3c3d01de8fc4694
[3185000] SCOREBOARD MATCH: wdata passthrough beat=220 expected = ded88d229a7df14a, actual =ded88d229a7df14a
[3185000] SCOREBOARD MATCH: wdata passthrough beat=221 expected = c902587009f2927e, actual =c902587009f2927e
[3185000] SCOREBOARD MATCH: wdata passthrough beat=222 expected = f2eed912c7ae17f7, actual =f2eed912c7ae17f7
[3185000] SCOREBOARD MATCH: wdata passthrough beat=223 expected = e22c0941fcc6288d, actual =e22c0941fcc6288d
[3185000] SCOREBOARD MATCH: wdata passthrough beat=224 expected = 86b8bb0bd1c76634, actual =86b8bb0bd1c76634
[3185000] SCOREBOARD MATCH: wdata passthrough beat=225 expected = 99757e2bab2e61b1, actual =99757e2bab2e61b1
[3185000] SCOREBOARD MATCH: wdata passthrough beat=226 expected = 27f48a3ff9a7941e, actual =27f48a3ff9a7941e
[3185000] SCOREBOARD MATCH: wdata passthrough beat=227 expected = cb6efa52fba1876d, actual =cb6efa52fba1876d
[3185000] SCOREBOARD MATCH: wdata passthrough beat=228 expected = a6cfe91eaead454a, actual =a6cfe91eaead454a
[3185000] SCOREBOARD MATCH: wdata passthrough beat=229 expected = a854d968e4e4787e, actual =a854d968e4e4787e
[3185000] SCOREBOARD MATCH: wdata passthrough beat=230 expected = e085ffebcec4735d, actual =e085ffebcec4735d
[3185000] SCOREBOARD MATCH: wdata passthrough beat=231 expected = fd71b8a8f3c3d3bb, actual =fd71b8a8f3c3d3bb
[3185000] SCOREBOARD MATCH: wdata passthrough beat=232 expected = d8a84c398755e909, actual =d8a84c398755e909
[3185000] SCOREBOARD MATCH: wdata passthrough beat=233 expected = d61a5c67a5c69210, actual =d61a5c67a5c69210
[3185000] SCOREBOARD MATCH: wdata passthrough beat=234 expected = 998a65cb392e4c24, actual =998a65cb392e4c24
[3185000] SCOREBOARD MATCH: wdata passthrough beat=235 expected = c084352dd38c150f, actual =c084352dd38c150f
[3185000] SCOREBOARD MATCH: wdata passthrough beat=236 expected = f952a71ff232b204, actual =f952a71ff232b204
[3185000] SCOREBOARD MATCH: wdata passthrough beat=237 expected = ab60fe28969e9194, actual =ab60fe28969e9194
[3185000] SCOREBOARD MATCH: wdata passthrough beat=238 expected = ea2aa6a312dd0ceb, actual =ea2aa6a312dd0ceb
[3185000] SCOREBOARD MATCH: wdata passthrough beat=239 expected = 850fbeefebe53356, actual =850fbeefebe53356
[3185000] SCOREBOARD MATCH: wdata passthrough beat=240 expected = 8283c4eae37d4dc3, actual =8283c4eae37d4dc3
[3185000] SCOREBOARD MATCH: wdata passthrough beat=241 expected = f65a5aae3070bd18, actual =f65a5aae3070bd18
[3185000] SCOREBOARD MATCH: wdata passthrough beat=242 expected = 1c55f06eecae6b8e, actual =1c55f06eecae6b8e
[3185000] SCOREBOARD MATCH: wdata passthrough beat=243 expected = d02bb951fb6a199d, actual =d02bb951fb6a199d
[3185000] SCOREBOARD MATCH: wdata passthrough beat=244 expected = abdad6b59ed9b558, actual =abdad6b59ed9b558
[3185000] SCOREBOARD MATCH: wstrb size check expected = f5, actual =f5
[3185000] SCOREBOARD MATCH: wstrb passthrough beat=0 expected = ff, actual =ff
[3185000] SCOREBOARD MATCH: wstrb passthrough beat=1 expected = e6, actual =e6
[3185000] SCOREBOARD MATCH: wstrb passthrough beat=2 expected = 23, actual =23
[3185000] SCOREBOARD MATCH: wstrb passthrough beat=3 expected = 9c, actual =9c
[3185000] SCOREBOARD MATCH: wstrb passthrough beat=4 expected = 37, actual =37
[3185000] SCOREBOARD MATCH: wstrb passthrough beat=5 expected = 7c, actual =7c
[3185000] SCOREBOARD MATCH: wstrb passthrough beat=6 expected = 52, actual =52
[3185000] SCOREBOARD MATCH: wstrb passthrough beat=7 expected = 36, actual =36
[3185000] SCOREBOARD MATCH: wstrb passthrough beat=8 expected = 62, actual =62
[3185000] SCOREBOARD MATCH: wstrb passthrough beat=9 expected = 75, actual =75
[3185000] SCOREBOARD MATCH: wstrb passthrough beat=10 expected = d3, actual =d3
[3185000] SCOREBOARD MATCH: wstrb passthrough beat=11 expected = 9a, actual =9a
[3185000] SCOREBOARD MATCH: wstrb passthrough beat=12 expected = f1, actual =f1
[3185000] SCOREBOARD MATCH: wstrb passthrough beat=13 expected = 25, actual =25
[3185000] SCOREBOARD MATCH: wstrb passthrough beat=14 expected = d0, actual =d0
[3185000] SCOREBOARD MATCH: wstrb passthrough beat=15 expected = 54, actual =54
[3185000] SCOREBOARD MATCH: wstrb passthrough beat=16 expected = 9a, actual =9a
[3185000] SCOREBOARD MATCH: wstrb passthrough beat=17 expected = a3, actual =a3
[3185000] SCOREBOARD MATCH: wstrb passthrough beat=18 expected = ee, actual =ee
[3185000] SCOREBOARD MATCH: wstrb passthrough beat=19 expected = 8c, actual =8c
[3185000] SCOREBOARD MATCH: wstrb passthrough beat=20 expected = c8, actual =c8
[3185000] SCOREBOARD MATCH: wstrb passthrough beat=21 expected = be, actual =be
[3185000] SCOREBOARD MATCH: wstrb passthrough beat=22 expected = e0, actual =e0
[3185000] SCOREBOARD MATCH: wstrb passthrough beat=23 expected = 63, actual =63
[3185000] SCOREBOARD MATCH: wstrb passthrough beat=24 expected = 62, actual =62
[3185000] SCOREBOARD MATCH: wstrb passthrough beat=25 expected = ce, actual =ce
[3185000] SCOREBOARD MATCH: wstrb passthrough beat=26 expected = ef, actual =ef
[3185000] SCOREBOARD MATCH: wstrb passthrough beat=27 expected = 2a, actual =2a
[3185000] SCOREBOARD MATCH: wstrb passthrough beat=28 expected = 8c, actual =8c
[3185000] SCOREBOARD MATCH: wstrb passthrough beat=29 expected = cf, actual =cf
[3185000] SCOREBOARD MATCH: wstrb passthrough beat=30 expected = 8d, actual =8d
[3185000] SCOREBOARD MATCH: wstrb passthrough beat=31 expected = ee, actual =ee
[3185000] SCOREBOARD MATCH: wstrb passthrough beat=32 expected = 9d, actual =9d
[3185000] SCOREBOARD MATCH: wstrb passthrough beat=33 expected = 7c, actual =7c
[3185000] SCOREBOARD MATCH: wstrb passthrough beat=34 expected = 19, actual =19
[3185000] SCOREBOARD MATCH: wstrb passthrough beat=35 expected = 29, actual =29
[3185000] SCOREBOARD MATCH: wstrb passthrough beat=36 expected = 4b, actual =4b
[3185000] SCOREBOARD MATCH: wstrb passthrough beat=37 expected = a6, actual =a6
[3185000] SCOREBOARD MATCH: wstrb passthrough beat=38 expected = 18, actual =18
[3185000] SCOREBOARD MATCH: wstrb passthrough beat=39 expected = e8, actual =e8
[3185000] SCOREBOARD MATCH: wstrb passthrough beat=40 expected = 23, actual =23
[3185000] SCOREBOARD MATCH: wstrb passthrough beat=41 expected = 31, actual =31
[3185000] SCOREBOARD MATCH: wstrb passthrough beat=42 expected = 12, actual =12
[3185000] SCOREBOARD MATCH: wstrb passthrough beat=43 expected = 6e, actual =6e
[3185000] SCOREBOARD MATCH: wstrb passthrough beat=44 expected = d7, actual =d7
[3185000] SCOREBOARD MATCH: wstrb passthrough beat=45 expected = 2a, actual =2a
[3185000] SCOREBOARD MATCH: wstrb passthrough beat=46 expected = 57, actual =57
[3185000] SCOREBOARD MATCH: wstrb passthrough beat=47 expected = fa, actual =fa
[3185000] SCOREBOARD MATCH: wstrb passthrough beat=48 expected = 5b, actual =5b
[3185000] SCOREBOARD MATCH: wstrb passthrough beat=49 expected = 69, actual =69
[3185000] SCOREBOARD MATCH: wstrb passthrough beat=50 expected = 69, actual =69
[3185000] SCOREBOARD MATCH: wstrb passthrough beat=51 expected = 32, actual =32
[3185000] SCOREBOARD MATCH: wstrb passthrough beat=52 expected = 93, actual =93
[3185000] SCOREBOARD MATCH: wstrb passthrough beat=53 expected = c0, actual =c0
[3185000] SCOREBOARD MATCH: wstrb passthrough beat=54 expected = 2d, actual =2d
[3185000] SCOREBOARD MATCH: wstrb passthrough beat=55 expected = ee, actual =ee
[3185000] SCOREBOARD MATCH: wstrb passthrough beat=56 expected = 29, actual =29
[3185000] SCOREBOARD MATCH: wstrb passthrough beat=57 expected = 96, actual =96
[3185000] SCOREBOARD MATCH: wstrb passthrough beat=58 expected = 20, actual =20
[3185000] SCOREBOARD MATCH: wstrb passthrough beat=59 expected = bc, actual =bc
[3185000] SCOREBOARD MATCH: wstrb passthrough beat=60 expected = 56, actual =56
[3185000] SCOREBOARD MATCH: wstrb passthrough beat=61 expected = 4d, actual =4d
[3185000] SCOREBOARD MATCH: wstrb passthrough beat=62 expected = aa, actual =aa
[3185000] SCOREBOARD MATCH: wstrb passthrough beat=63 expected = 7f, actual =7f
[3185000] SCOREBOARD MATCH: wstrb passthrough beat=64 expected = e3, actual =e3
[3185000] SCOREBOARD MATCH: wstrb passthrough beat=65 expected = ca, actual =ca
[3185000] SCOREBOARD MATCH: wstrb passthrough beat=66 expected = 3b, actual =3b
[3185000] SCOREBOARD MATCH: wstrb passthrough beat=67 expected = 39, actual =39
[3185000] SCOREBOARD MATCH: wstrb passthrough beat=68 expected = 18, actual =18
[3185000] SCOREBOARD MATCH: wstrb passthrough beat=69 expected = e5, actual =e5
[3185000] SCOREBOARD MATCH: wstrb passthrough beat=70 expected = b8, actual =b8
[3185000] SCOREBOARD MATCH: wstrb passthrough beat=71 expected = fb, actual =fb
[3185000] SCOREBOARD MATCH: wstrb passthrough beat=72 expected = af, actual =af
[3185000] SCOREBOARD MATCH: wstrb passthrough beat=73 expected = f3, actual =f3
[3185000] SCOREBOARD MATCH: wstrb passthrough beat=74 expected = 35, actual =35
[3185000] SCOREBOARD MATCH: wstrb passthrough beat=75 expected = c7, actual =c7
[3185000] SCOREBOARD MATCH: wstrb passthrough beat=76 expected = d8, actual =d8
[3185000] SCOREBOARD MATCH: wstrb passthrough beat=77 expected = ed, actual =ed
[3185000] SCOREBOARD MATCH: wstrb passthrough beat=78 expected = c3, actual =c3
[3185000] SCOREBOARD MATCH: wstrb passthrough beat=79 expected = 88, actual =88
[3185000] SCOREBOARD MATCH: wstrb passthrough beat=80 expected = e1, actual =e1
[3185000] SCOREBOARD MATCH: wstrb passthrough beat=81 expected = f8, actual =f8
[3185000] SCOREBOARD MATCH: wstrb passthrough beat=82 expected = 4f, actual =4f
[3185000] SCOREBOARD MATCH: wstrb passthrough beat=83 expected = b9, actual =b9
[3185000] SCOREBOARD MATCH: wstrb passthrough beat=84 expected = e5, actual =e5
[3185000] SCOREBOARD MATCH: wstrb passthrough beat=85 expected = 12, actual =12
[3185000] SCOREBOARD MATCH: wstrb passthrough beat=86 expected = 41, actual =41
[3185000] SCOREBOARD MATCH: wstrb passthrough beat=87 expected = c6, actual =c6
[3185000] SCOREBOARD MATCH: wstrb passthrough beat=88 expected = a, actual =a
[3185000] SCOREBOARD MATCH: wstrb passthrough beat=89 expected = 91, actual =91
[3185000] SCOREBOARD MATCH: wstrb passthrough beat=90 expected = 80, actual =80
[3185000] SCOREBOARD MATCH: wstrb passthrough beat=91 expected = f0, actual =f0
[3185000] SCOREBOARD MATCH: wstrb passthrough beat=92 expected = a3, actual =a3
[3185000] SCOREBOARD MATCH: wstrb passthrough beat=93 expected = c1, actual =c1
[3185000] SCOREBOARD MATCH: wstrb passthrough beat=94 expected = b6, actual =b6
[3185000] SCOREBOARD MATCH: wstrb passthrough beat=95 expected = ae, actual =ae
[3185000] SCOREBOARD MATCH: wstrb passthrough beat=96 expected = 52, actual =52
[3185000] SCOREBOARD MATCH: wstrb passthrough beat=97 expected = 36, actual =36
[3185000] SCOREBOARD MATCH: wstrb passthrough beat=98 expected = 9e, actual =9e
[3185000] SCOREBOARD MATCH: wstrb passthrough beat=99 expected = f6, actual =f6
[3185000] SCOREBOARD MATCH: wstrb passthrough beat=100 expected = f8, actual =f8
[3185000] SCOREBOARD MATCH: wstrb passthrough beat=101 expected = 54, actual =54
[3185000] SCOREBOARD MATCH: wstrb passthrough beat=102 expected = a4, actual =a4
[3185000] SCOREBOARD MATCH: wstrb passthrough beat=103 expected = 4a, actual =4a
[3185000] SCOREBOARD MATCH: wstrb passthrough beat=104 expected = 8b, actual =8b
[3185000] SCOREBOARD MATCH: wstrb passthrough beat=105 expected = 42, actual =42
[3185000] SCOREBOARD MATCH: wstrb passthrough beat=106 expected = 40, actual =40
[3185000] SCOREBOARD MATCH: wstrb passthrough beat=107 expected = 83, actual =83
[3185000] SCOREBOARD MATCH: wstrb passthrough beat=108 expected = 96, actual =96
[3185000] SCOREBOARD MATCH: wstrb passthrough beat=109 expected = e4, actual =e4
[3185000] SCOREBOARD MATCH: wstrb passthrough beat=110 expected = cd, actual =cd
[3185000] SCOREBOARD MATCH: wstrb passthrough beat=111 expected = 21, actual =21
[3185000] SCOREBOARD MATCH: wstrb passthrough beat=112 expected = 26, actual =26
[3185000] SCOREBOARD MATCH: wstrb passthrough beat=113 expected = e, actual =e
[3185000] SCOREBOARD MATCH: wstrb passthrough beat=114 expected = a4, actual =a4
[3185000] SCOREBOARD MATCH: wstrb passthrough beat=115 expected = bd, actual =bd
[3185000] SCOREBOARD MATCH: wstrb passthrough beat=116 expected = f2, actual =f2
[3185000] SCOREBOARD MATCH: wstrb passthrough beat=117 expected = 72, actual =72
[3185000] SCOREBOARD MATCH: wstrb passthrough beat=118 expected = de, actual =de
[3185000] SCOREBOARD MATCH: wstrb passthrough beat=119 expected = 19, actual =19
[3185000] SCOREBOARD MATCH: wstrb passthrough beat=120 expected = 80, actual =80
[3185000] SCOREBOARD MATCH: wstrb passthrough beat=121 expected = 83, actual =83
[3185000] SCOREBOARD MATCH: wstrb passthrough beat=122 expected = d6, actual =d6
[3185000] SCOREBOARD MATCH: wstrb passthrough beat=123 expected = 72, actual =72
[3185000] SCOREBOARD MATCH: wstrb passthrough beat=124 expected = f5, actual =f5
[3185000] SCOREBOARD MATCH: wstrb passthrough beat=125 expected = b4, actual =b4
[3185000] SCOREBOARD MATCH: wstrb passthrough beat=126 expected = 8b, actual =8b
[3185000] SCOREBOARD MATCH: wstrb passthrough beat=127 expected = 75, actual =75
[3185000] SCOREBOARD MATCH: wstrb passthrough beat=128 expected = 37, actual =37
[3185000] SCOREBOARD MATCH: wstrb passthrough beat=129 expected = 61, actual =61
[3185000] SCOREBOARD MATCH: wstrb passthrough beat=130 expected = e7, actual =e7
[3185000] SCOREBOARD MATCH: wstrb passthrough beat=131 expected = 2c, actual =2c
[3185000] SCOREBOARD MATCH: wstrb passthrough beat=132 expected = 16, actual =16
[3185000] SCOREBOARD MATCH: wstrb passthrough beat=133 expected = 73, actual =73
[3185000] SCOREBOARD MATCH: wstrb passthrough beat=134 expected = a1, actual =a1
[3185000] SCOREBOARD MATCH: wstrb passthrough beat=135 expected = 4d, actual =4d
[3185000] SCOREBOARD MATCH: wstrb passthrough beat=136 expected = d4, actual =d4
[3185000] SCOREBOARD MATCH: wstrb passthrough beat=137 expected = 89, actual =89
[3185000] SCOREBOARD MATCH: wstrb passthrough beat=138 expected = 7a, actual =7a
[3185000] SCOREBOARD MATCH: wstrb passthrough beat=139 expected = ea, actual =ea
[3185000] SCOREBOARD MATCH: wstrb passthrough beat=140 expected = fc, actual =fc
[3185000] SCOREBOARD MATCH: wstrb passthrough beat=141 expected = 1b, actual =1b
[3185000] SCOREBOARD MATCH: wstrb passthrough beat=142 expected = 38, actual =38
[3185000] SCOREBOARD MATCH: wstrb passthrough beat=143 expected = d0, actual =d0
[3185000] SCOREBOARD MATCH: wstrb passthrough beat=144 expected = a4, actual =a4
[3185000] SCOREBOARD MATCH: wstrb passthrough beat=145 expected = b2, actual =b2
[3185000] SCOREBOARD MATCH: wstrb passthrough beat=146 expected = bb, actual =bb
[3185000] SCOREBOARD MATCH: wstrb passthrough beat=147 expected = a0, actual =a0
[3185000] SCOREBOARD MATCH: wstrb passthrough beat=148 expected = cd, actual =cd
[3185000] SCOREBOARD MATCH: wstrb passthrough beat=149 expected = f3, actual =f3
[3185000] SCOREBOARD MATCH: wstrb passthrough beat=150 expected = 71, actual =71
[3185000] SCOREBOARD MATCH: wstrb passthrough beat=151 expected = 72, actual =72
[3185000] SCOREBOARD MATCH: wstrb passthrough beat=152 expected = a5, actual =a5
[3185000] SCOREBOARD MATCH: wstrb passthrough beat=153 expected = 2c, actual =2c
[3185000] SCOREBOARD MATCH: wstrb passthrough beat=154 expected = 12, actual =12
[3185000] SCOREBOARD MATCH: wstrb passthrough beat=155 expected = 72, actual =72
[3185000] SCOREBOARD MATCH: wstrb passthrough beat=156 expected = 1f, actual =1f
[3185000] SCOREBOARD MATCH: wstrb passthrough beat=157 expected = 83, actual =83
[3185000] SCOREBOARD MATCH: wstrb passthrough beat=158 expected = e4, actual =e4
[3185000] SCOREBOARD MATCH: wstrb passthrough beat=159 expected = c4, actual =c4
[3185000] SCOREBOARD MATCH: wstrb passthrough beat=160 expected = af, actual =af
[3185000] SCOREBOARD MATCH: wstrb passthrough beat=161 expected = f7, actual =f7
[3185000] SCOREBOARD MATCH: wstrb passthrough beat=162 expected = 36, actual =36
[3185000] SCOREBOARD MATCH: wstrb passthrough beat=163 expected = ce, actual =ce
[3185000] SCOREBOARD MATCH: wstrb passthrough beat=164 expected = 7a, actual =7a
[3185000] SCOREBOARD MATCH: wstrb passthrough beat=165 expected = 1b, actual =1b
[3185000] SCOREBOARD MATCH: wstrb passthrough beat=166 expected = 92, actual =92
[3185000] SCOREBOARD MATCH: wstrb passthrough beat=167 expected = 2a, actual =2a
[3185000] SCOREBOARD MATCH: wstrb passthrough beat=168 expected = 12, actual =12
[3185000] SCOREBOARD MATCH: wstrb passthrough beat=169 expected = c9, actual =c9
[3185000] SCOREBOARD MATCH: wstrb passthrough beat=170 expected = f8, actual =f8
[3185000] SCOREBOARD MATCH: wstrb passthrough beat=171 expected = 8c, actual =8c
[3185000] SCOREBOARD MATCH: wstrb passthrough beat=172 expected = e4, actual =e4
[3185000] SCOREBOARD MATCH: wstrb passthrough beat=173 expected = 8b, actual =8b
[3185000] SCOREBOARD MATCH: wstrb passthrough beat=174 expected = b6, actual =b6
[3185000] SCOREBOARD MATCH: wstrb passthrough beat=175 expected = f6, actual =f6
[3185000] SCOREBOARD MATCH: wstrb passthrough beat=176 expected = 54, actual =54
[3185000] SCOREBOARD MATCH: wstrb passthrough beat=177 expected = af, actual =af
[3185000] SCOREBOARD MATCH: wstrb passthrough beat=178 expected = 82, actual =82
[3185000] SCOREBOARD MATCH: wstrb passthrough beat=179 expected = 38, actual =38
[3185000] SCOREBOARD MATCH: wstrb passthrough beat=180 expected = 3a, actual =3a
[3185000] SCOREBOARD MATCH: wstrb passthrough beat=181 expected = 39, actual =39
[3185000] SCOREBOARD MATCH: wstrb passthrough beat=182 expected = 2e, actual =2e
[3185000] SCOREBOARD MATCH: wstrb passthrough beat=183 expected = 8e, actual =8e
[3185000] SCOREBOARD MATCH: wstrb passthrough beat=184 expected = e8, actual =e8
[3185000] SCOREBOARD MATCH: wstrb passthrough beat=185 expected = b0, actual =b0
[3185000] SCOREBOARD MATCH: wstrb passthrough beat=186 expected = c6, actual =c6
[3185000] SCOREBOARD MATCH: wstrb passthrough beat=187 expected = 22, actual =22
[3185000] SCOREBOARD MATCH: wstrb passthrough beat=188 expected = e9, actual =e9
[3185000] SCOREBOARD MATCH: wstrb passthrough beat=189 expected = f4, actual =f4
[3185000] SCOREBOARD MATCH: wstrb passthrough beat=190 expected = b0, actual =b0
[3185000] SCOREBOARD MATCH: wstrb passthrough beat=191 expected = d1, actual =d1
[3185000] SCOREBOARD MATCH: wstrb passthrough beat=192 expected = a4, actual =a4
[3185000] SCOREBOARD MATCH: wstrb passthrough beat=193 expected = 76, actual =76
[3185000] SCOREBOARD MATCH: wstrb passthrough beat=194 expected = f3, actual =f3
[3185000] SCOREBOARD MATCH: wstrb passthrough beat=195 expected = 8e, actual =8e
[3185000] SCOREBOARD MATCH: wstrb passthrough beat=196 expected = 6a, actual =6a
[3185000] SCOREBOARD MATCH: wstrb passthrough beat=197 expected = a3, actual =a3
[3185000] SCOREBOARD MATCH: wstrb passthrough beat=198 expected = 5f, actual =5f
[3185000] SCOREBOARD MATCH: wstrb passthrough beat=199 expected = e, actual =e
[3185000] SCOREBOARD MATCH: wstrb passthrough beat=200 expected = 19, actual =19
[3185000] SCOREBOARD MATCH: wstrb passthrough beat=201 expected = 53, actual =53
[3185000] SCOREBOARD MATCH: wstrb passthrough beat=202 expected = 9c, actual =9c
[3185000] SCOREBOARD MATCH: wstrb passthrough beat=203 expected = 83, actual =83
[3185000] SCOREBOARD MATCH: wstrb passthrough beat=204 expected = f6, actual =f6
[3185000] SCOREBOARD MATCH: wstrb passthrough beat=205 expected = fc, actual =fc
[3185000] SCOREBOARD MATCH: wstrb passthrough beat=206 expected = 92, actual =92
[3185000] SCOREBOARD MATCH: wstrb passthrough beat=207 expected = 10, actual =10
[3185000] SCOREBOARD MATCH: wstrb passthrough beat=208 expected = 4f, actual =4f
[3185000] SCOREBOARD MATCH: wstrb passthrough beat=209 expected = 2e, actual =2e
[3185000] SCOREBOARD MATCH: wstrb passthrough beat=210 expected = 93, actual =93
[3185000] SCOREBOARD MATCH: wstrb passthrough beat=211 expected = 45, actual =45
[3185000] SCOREBOARD MATCH: wstrb passthrough beat=212 expected = 2a, actual =2a
[3185000] SCOREBOARD MATCH: wstrb passthrough beat=213 expected = 25, actual =25
[3185000] SCOREBOARD MATCH: wstrb passthrough beat=214 expected = 55, actual =55
[3185000] SCOREBOARD MATCH: wstrb passthrough beat=215 expected = 79, actual =79
[3185000] SCOREBOARD MATCH: wstrb passthrough beat=216 expected = 54, actual =54
[3185000] SCOREBOARD MATCH: wstrb passthrough beat=217 expected = e9, actual =e9
[3185000] SCOREBOARD MATCH: wstrb passthrough beat=218 expected = bf, actual =bf
[3185000] SCOREBOARD MATCH: wstrb passthrough beat=219 expected = 7e, actual =7e
[3185000] SCOREBOARD MATCH: wstrb passthrough beat=220 expected = e, actual =e
[3185000] SCOREBOARD MATCH: wstrb passthrough beat=221 expected = 14, actual =14
[3185000] SCOREBOARD MATCH: wstrb passthrough beat=222 expected = f8, actual =f8
[3185000] SCOREBOARD MATCH: wstrb passthrough beat=223 expected = 62, actual =62
[3185000] SCOREBOARD MATCH: wstrb passthrough beat=224 expected = fd, actual =fd
[3185000] SCOREBOARD MATCH: wstrb passthrough beat=225 expected = b7, actual =b7
[3185000] SCOREBOARD MATCH: wstrb passthrough beat=226 expected = e1, actual =e1
[3185000] SCOREBOARD MATCH: wstrb passthrough beat=227 expected = c, actual =c
[3185000] SCOREBOARD MATCH: wstrb passthrough beat=228 expected = cb, actual =cb
[3185000] SCOREBOARD MATCH: wstrb passthrough beat=229 expected = d9, actual =d9
[3185000] SCOREBOARD MATCH: wstrb passthrough beat=230 expected = 6e, actual =6e
[3185000] SCOREBOARD MATCH: wstrb passthrough beat=231 expected = c9, actual =c9
[3185000] SCOREBOARD MATCH: wstrb passthrough beat=232 expected = 90, actual =90
[3185000] SCOREBOARD MATCH: wstrb passthrough beat=233 expected = 4f, actual =4f
[3185000] SCOREBOARD MATCH: wstrb passthrough beat=234 expected = d5, actual =d5
[3185000] SCOREBOARD MATCH: wstrb passthrough beat=235 expected = 5b, actual =5b
[3185000] SCOREBOARD MATCH: wstrb passthrough beat=236 expected = 28, actual =28
[3185000] SCOREBOARD MATCH: wstrb passthrough beat=237 expected = 43, actual =43
[3185000] SCOREBOARD MATCH: wstrb passthrough beat=238 expected = 24, actual =24
[3185000] SCOREBOARD MATCH: wstrb passthrough beat=239 expected = b8, actual =b8
[3185000] SCOREBOARD MATCH: wstrb passthrough beat=240 expected = 93, actual =93
[3185000] SCOREBOARD MATCH: wstrb passthrough beat=241 expected = f9, actual =f9
[3185000] SCOREBOARD MATCH: wstrb passthrough beat=242 expected = 14, actual =14
[3185000] SCOREBOARD MATCH: wstrb passthrough beat=243 expected = bb, actual =bb
[3185000] SCOREBOARD MATCH: wstrb passthrough beat=244 expected = 3d, actual =3d
[3185000] SCOREBOARD MATCH: bresp passthrough expected = 0, actual =0
[3185000] SCOREBOARD MATCH: response routed to correct master (write) expected = 0, actual =0
[3185000] [SCOREBOARD-M] mst_id=0 s_id=1 awaddr=149ccd18 awid=1001 awlen=244 awsize=5 awburst=1 wdata=[cafe344059e8e4a 9d45c5dae985ec80 d2e0f7bbfc67a638 2063482eb80970e d506838edf90daff dbf881379f4bfa5c 8acc916aa7e77b49 87785648ddfeb5b9 fd4ab015dfd314f9 87ba9042e370d77f c16f8d3808174180 e7ea56790f32e68b f2a3be0a3eba3d4e c6d17eceefa4e6bb fed7cd4634134b43 f2cd88912ebbd547 9e60bc02f17b8b51 258ed694399f075f e85adca61d388949 eb4149a185c5f25 d1fb668486bb98a8 a3f421f13442eb2e cc9f4a533a56432a c111dbd2b2a8368b e6eb21b91e9ab0d7 d8f0f401e505fdc4 97ae344fb38a6c0c d2251ce39a02cfd3 ff08cd97fe995609 b223c215ab1610e4 c518e0b816b701e7 155057f00448def9 af5eefddc421ae4f dad8b036c7741a05 cbbcf8fef477d095 38997ee5f0290826 379d222cfb1be8dc ef93b97193722f1b 39b3742835a1b2a fe760406a82d3856 3b9f67723b38596e be927498ee09bd78 9636f5ce3f3a9eb4 fa72f8223d08789f 2b123617d1d65d40 9110fbf4b9056cba f60de559c1492be5 131f89268b83f416 c48960d1a1201b70 e2694756a430851a 2fb47931ba97462a dbb7619bf588d07c 99b95596f43dda02 aed5202c3e20a8f1 33a9796dc96dcec7 bdaba8c98a8c81c7 c8ad2ab8cd62cf03 16d09dcbec80c8f6 f70d4abdfc56a425 c9b97329d47c4694 c0fd0f8a3fba7576 bc11199be08a10f4 b5065788380a5a48 f7c4cfbe85ca8cc4 e6549db8f6036713 2e0dc15bb3d5e959 39a0761e1b5af541 115e5c5425d29119 d9a87a729ff513d6 bb5009173f6c1daf e53eaec89348f090 333e0467ccae656b 8c1a831abee7293a d23019cbee8e0d7e 3b3c72eaf15931e2 30405b1d056e1e32 f3fc2bb0c756f604 38b027e7027074e8 7de931aaf389e9a f68f949fe8f08304 eb60f7ecfbdabeca 2b135d652f3fbc86 18303f8af33f8b06 ef1a49d021a2f204 d0e2ae8a03913776 f6d0c27c9a2da735 bbd09939e912ee14 eca4258ae5eb0c4c 18b3828cb347c3 f5c635d7e374e806 c95ff452bbe94cbb c89c947fe26a5b61 c5df4367c978a7d4 561f490be62ca56 20cd25b80f3f37ba d8b7df8ecdfe890f 8c615365e6ac691f f5eba0d9de19d41e ac185d2dad2e791d 13dae23dcea38068 acbd54863879b093 e5a829b089c68316 d86a037ed8d5b1b4 114f6247f9830bed 3498f0405275805 ddfd09b9f6f78bf7 f07a97e5dbb39282 e0daea87ef4c6c00 e643f7f7f3c426e9 cf77b96bbed7f440 ae246040d6be8fdc ca82b6c53052a3f3 ef2a983314685838 eb26e81419fa7031 ca4d14241d4ef874 31b750ac35a99eda cfa40f0bb977ac57 d6c6a4cb9cde38c0 d287d79a19f1232f d368cf86887df577 255c2e38a22be6a5 bc1d09d42a2f7452 b2ad69c9f7e405d2 1a0fec780f85d95b 39b54dadd8099801 cfed9dd4d62cf64c e5b2cfa7ec62b776 c46c4f78e9fd8a4c c02a80989f681d54 bcad4cb1459ed4c fe57779825dd5040 c5456d94d0372443 e491118fbe81f830 e45f4870d110425f a14766a2e2e88927 a16a815729a4b605 fab4f86485d87831 e8c1015805c9c9c8 2f6e7fcd1bfc5f07 a1d4d7380a2b82b0 ff54c78aa237831 c61fd7380a95d891 14c15b413f63cc45 e9874476e7f4ae71 f28a870224b6a7b9 e41a73fe2fa71baf 179bca20074be243 2c0289fccda1b874 fd48d4230a265122 11723365101cfdfa ddbeb66e94e49e43 9f0aef653d74bd61 cd91bb5bdb078a92 efec28d5b07d22ca edf1e02bab5071c9 8657fc5b0ef7183b bf743b05bb839b86 e6d40d50f6442531 53b3d6c2d661b31 e8e9b6b7ed2c09ab e3702edcc4af7871 f21593a2cfbdc407 3ce9cdb3e8ab6c48 2d5ae4badaff4a5a aabd0e61a059fc8f 90568d89f70785c fa6fc2b6e7a6dc14 800d8a436604d92 d5d0c5ee252cd118 8cd3ad2c1106417c c7668f0ed04088a5 f56d59bd94d485d0 a5dac74c9d3754fc ed77dda1824106e9 17158cbaed41565a a78ab57e2e5375e e5263e48bcf05406 2a31aa61f7f088f8 dad5c057fc3bcb02 b92c1f0834aa55b8 ac9adeb03ffbfe9f 3c37c9a1e35dc969 98081f2187709f07 c76c9da6f563e8a9 d8c1b213c4a2fdd2 cc139cd983a46747 f9084ff1f0c9d134 b56ccf0613803a80 9724a1c7d1ca0204 c293d33801806be0 1500a660902cf1b8 e1f6f3bcf800a23f f9810e1fac254827 3c5239e0248ac6f5 1c8b69340e81b47f baa6fca69e492d9c c2d3f491160c7753 248e2bd2f6f93686 15426423df5f5dc5 f56bd518df352878 d62e5effd81658b4 3775b67a99fa00ea f92f2963eb70c322 c3871bd6ace18b92 c6db8c7dcf5d8862 3ace4b84fafcd250 27de5de3c00ab5e0 f683e42fe55675a f95239abeeb9ea60 2ec4a040ca3689c6 c88bf1202130978e fea81ee3e2cde82 8636848c1de2acb e30ec2593eaf222e fcdc00b0d0ef5968 12cd8434f2f94447 b1a86675053f68f8 d62ec260f5dc468d e8d58ad5ae846725 b3c3d01de8fc4694 ded88d229a7df14a c902587009f2927e f2eed912c7ae17f7 e22c0941fcc6288d 86b8bb0bd1c76634 99757e2bab2e61b1 27f48a3ff9a7941e cb6efa52fba1876d a6cfe91eaead454a a854d968e4e4787e e085ffebcec4735d fd71b8a8f3c3d3bb d8a84c398755e909 d61a5c67a5c69210 998a65cb392e4c24 c084352dd38c150f f952a71ff232b204 ab60fe28969e9194 ea2aa6a312dd0ceb 850fbeefebe53356 8283c4eae37d4dc3 f65a5aae3070bd18 1c55f06eecae6b8e d02bb951fb6a199d abdad6b59ed9b558 ] wstrb=[ff e6 23 9c 37 7c 52 36 62 75 d3 9a f1 25 d0 54 9a a3 ee 8c c8 be e0 63 62 ce ef 2a 8c cf 8d ee 9d 7c 19 29 4b a6 18 e8 23 31 12 6e d7 2a 57 fa 5b 69 69 32 93 c0 2d ee 29 96 20 bc 56 4d aa 7f e3 ca 3b 39 18 e5 b8 fb af f3 35 c7 d8 ed c3 88 e1 f8 4f b9 e5 12 41 c6 a 91 80 f0 a3 c1 b6 ae 52 36 9e f6 f8 54 a4 4a 8b 42 40 83 96 e4 cd 21 26 e a4 bd f2 72 de 19 80 83 d6 72 f5 b4 8b 75 37 61 e7 2c 16 73 a1 4d d4 89 7a ea fc 1b 38 d0 a4 b2 bb a0 cd f3 71 72 a5 2c 12 72 1f 83 e4 c4 af f7 36 ce 7a 1b 92 2a 12 c9 f8 8c e4 8b b6 f6 54 af 82 38 3a 39 2e 8e e8 b0 c6 22 e9 f4 b0 d1 a4 76 f3 8e 6a a3 5f e 19 53 9c 83 f6 fc 92 10 4f 2e 93 45 2a 25 55 79 54 e9 bf 7e e 14 f8 62 fd b7 e1 c cb d9 6e c9 90 4f d5 5b 28 43 24 b8 93 f9 14 bb 3d ] bresp=0 bid=1001
[3185000] [SCOREBOARD-S] mst_id=0 s_id=1 awaddr=149ccd18 awid=1001 awlen=244 awsize=5 awburst=1 wdata=[cafe344059e8e4a 9d45c5dae985ec80 d2e0f7bbfc67a638 2063482eb80970e d506838edf90daff dbf881379f4bfa5c 8acc916aa7e77b49 87785648ddfeb5b9 fd4ab015dfd314f9 87ba9042e370d77f c16f8d3808174180 e7ea56790f32e68b f2a3be0a3eba3d4e c6d17eceefa4e6bb fed7cd4634134b43 f2cd88912ebbd547 9e60bc02f17b8b51 258ed694399f075f e85adca61d388949 eb4149a185c5f25 d1fb668486bb98a8 a3f421f13442eb2e cc9f4a533a56432a c111dbd2b2a8368b e6eb21b91e9ab0d7 d8f0f401e505fdc4 97ae344fb38a6c0c d2251ce39a02cfd3 ff08cd97fe995609 b223c215ab1610e4 c518e0b816b701e7 155057f00448def9 af5eefddc421ae4f dad8b036c7741a05 cbbcf8fef477d095 38997ee5f0290826 379d222cfb1be8dc ef93b97193722f1b 39b3742835a1b2a fe760406a82d3856 3b9f67723b38596e be927498ee09bd78 9636f5ce3f3a9eb4 fa72f8223d08789f 2b123617d1d65d40 9110fbf4b9056cba f60de559c1492be5 131f89268b83f416 c48960d1a1201b70 e2694756a430851a 2fb47931ba97462a dbb7619bf588d07c 99b95596f43dda02 aed5202c3e20a8f1 33a9796dc96dcec7 bdaba8c98a8c81c7 c8ad2ab8cd62cf03 16d09dcbec80c8f6 f70d4abdfc56a425 c9b97329d47c4694 c0fd0f8a3fba7576 bc11199be08a10f4 b5065788380a5a48 f7c4cfbe85ca8cc4 e6549db8f6036713 2e0dc15bb3d5e959 39a0761e1b5af541 115e5c5425d29119 d9a87a729ff513d6 bb5009173f6c1daf e53eaec89348f090 333e0467ccae656b 8c1a831abee7293a d23019cbee8e0d7e 3b3c72eaf15931e2 30405b1d056e1e32 f3fc2bb0c756f604 38b027e7027074e8 7de931aaf389e9a f68f949fe8f08304 eb60f7ecfbdabeca 2b135d652f3fbc86 18303f8af33f8b06 ef1a49d021a2f204 d0e2ae8a03913776 f6d0c27c9a2da735 bbd09939e912ee14 eca4258ae5eb0c4c 18b3828cb347c3 f5c635d7e374e806 c95ff452bbe94cbb c89c947fe26a5b61 c5df4367c978a7d4 561f490be62ca56 20cd25b80f3f37ba d8b7df8ecdfe890f 8c615365e6ac691f f5eba0d9de19d41e ac185d2dad2e791d 13dae23dcea38068 acbd54863879b093 e5a829b089c68316 d86a037ed8d5b1b4 114f6247f9830bed 3498f0405275805 ddfd09b9f6f78bf7 f07a97e5dbb39282 e0daea87ef4c6c00 e643f7f7f3c426e9 cf77b96bbed7f440 ae246040d6be8fdc ca82b6c53052a3f3 ef2a983314685838 eb26e81419fa7031 ca4d14241d4ef874 31b750ac35a99eda cfa40f0bb977ac57 d6c6a4cb9cde38c0 d287d79a19f1232f d368cf86887df577 255c2e38a22be6a5 bc1d09d42a2f7452 b2ad69c9f7e405d2 1a0fec780f85d95b 39b54dadd8099801 cfed9dd4d62cf64c e5b2cfa7ec62b776 c46c4f78e9fd8a4c c02a80989f681d54 bcad4cb1459ed4c fe57779825dd5040 c5456d94d0372443 e491118fbe81f830 e45f4870d110425f a14766a2e2e88927 a16a815729a4b605 fab4f86485d87831 e8c1015805c9c9c8 2f6e7fcd1bfc5f07 a1d4d7380a2b82b0 ff54c78aa237831 c61fd7380a95d891 14c15b413f63cc45 e9874476e7f4ae71 f28a870224b6a7b9 e41a73fe2fa71baf 179bca20074be243 2c0289fccda1b874 fd48d4230a265122 11723365101cfdfa ddbeb66e94e49e43 9f0aef653d74bd61 cd91bb5bdb078a92 efec28d5b07d22ca edf1e02bab5071c9 8657fc5b0ef7183b bf743b05bb839b86 e6d40d50f6442531 53b3d6c2d661b31 e8e9b6b7ed2c09ab e3702edcc4af7871 f21593a2cfbdc407 3ce9cdb3e8ab6c48 2d5ae4badaff4a5a aabd0e61a059fc8f 90568d89f70785c fa6fc2b6e7a6dc14 800d8a436604d92 d5d0c5ee252cd118 8cd3ad2c1106417c c7668f0ed04088a5 f56d59bd94d485d0 a5dac74c9d3754fc ed77dda1824106e9 17158cbaed41565a a78ab57e2e5375e e5263e48bcf05406 2a31aa61f7f088f8 dad5c057fc3bcb02 b92c1f0834aa55b8 ac9adeb03ffbfe9f 3c37c9a1e35dc969 98081f2187709f07 c76c9da6f563e8a9 d8c1b213c4a2fdd2 cc139cd983a46747 f9084ff1f0c9d134 b56ccf0613803a80 9724a1c7d1ca0204 c293d33801806be0 1500a660902cf1b8 e1f6f3bcf800a23f f9810e1fac254827 3c5239e0248ac6f5 1c8b69340e81b47f baa6fca69e492d9c c2d3f491160c7753 248e2bd2f6f93686 15426423df5f5dc5 f56bd518df352878 d62e5effd81658b4 3775b67a99fa00ea f92f2963eb70c322 c3871bd6ace18b92 c6db8c7dcf5d8862 3ace4b84fafcd250 27de5de3c00ab5e0 f683e42fe55675a f95239abeeb9ea60 2ec4a040ca3689c6 c88bf1202130978e fea81ee3e2cde82 8636848c1de2acb e30ec2593eaf222e fcdc00b0d0ef5968 12cd8434f2f94447 b1a86675053f68f8 d62ec260f5dc468d e8d58ad5ae846725 b3c3d01de8fc4694 ded88d229a7df14a c902587009f2927e f2eed912c7ae17f7 e22c0941fcc6288d 86b8bb0bd1c76634 99757e2bab2e61b1 27f48a3ff9a7941e cb6efa52fba1876d a6cfe91eaead454a a854d968e4e4787e e085ffebcec4735d fd71b8a8f3c3d3bb d8a84c398755e909 d61a5c67a5c69210 998a65cb392e4c24 c084352dd38c150f f952a71ff232b204 ab60fe28969e9194 ea2aa6a312dd0ceb 850fbeefebe53356 8283c4eae37d4dc3 f65a5aae3070bd18 1c55f06eecae6b8e d02bb951fb6a199d abdad6b59ed9b558 ] wstrb=[ff e6 23 9c 37 7c 52 36 62 75 d3 9a f1 25 d0 54 9a a3 ee 8c c8 be e0 63 62 ce ef 2a 8c cf 8d ee 9d 7c 19 29 4b a6 18 e8 23 31 12 6e d7 2a 57 fa 5b 69 69 32 93 c0 2d ee 29 96 20 bc 56 4d aa 7f e3 ca 3b 39 18 e5 b8 fb af f3 35 c7 d8 ed c3 88 e1 f8 4f b9 e5 12 41 c6 a 91 80 f0 a3 c1 b6 ae 52 36 9e f6 f8 54 a4 4a 8b 42 40 83 96 e4 cd 21 26 e a4 bd f2 72 de 19 80 83 d6 72 f5 b4 8b 75 37 61 e7 2c 16 73 a1 4d d4 89 7a ea fc 1b 38 d0 a4 b2 bb a0 cd f3 71 72 a5 2c 12 72 1f 83 e4 c4 af f7 36 ce 7a 1b 92 2a 12 c9 f8 8c e4 8b b6 f6 54 af 82 38 3a 39 2e 8e e8 b0 c6 22 e9 f4 b0 d1 a4 76 f3 8e 6a a3 5f e 19 53 9c 83 f6 fc 92 10 4f 2e 93 45 2a 25 55 79 54 e9 bf 7e e 14 f8 62 fd b7 e1 c cb d9 6e c9 90 4f d5 5b 28 43 24 b8 93 f9 14 bb 3d ] bresp=0 bid=1001
[3185000] SCOREBOARD: Transaction 4 received. pass=692 fail=0
[3185000] ALL PASS. Total transactions: 4
[3185000] SCOREBOARD MATCH: decode_err expected = 0, actual =0
[3185000] SCOREBOARD MATCH: slave_id expected = 0, actual =0
[3185000] SCOREBOARD MATCH: awaddr passthrough expected = 4c467b8, actual =4c467b8
[3185000] SCOREBOARD MATCH: awlen passthrough expected = 245, actual =245
[3185000] SCOREBOARD MATCH: awsize passthrough expected = 4, actual =4
[3185000] SCOREBOARD MATCH: awburst passthrough expected = 1, actual =1
[3185000] SCOREBOARD MATCH: wdata size check expected = f6, actual =f6
[3185000] SCOREBOARD MATCH: wdata passthrough beat=0 expected = f6e95b3dad92da55, actual =f6e95b3dad92da55
[3185000] SCOREBOARD MATCH: wdata passthrough beat=1 expected = 32c6dc5612eb4e90, actual =32c6dc5612eb4e90
[3185000] SCOREBOARD MATCH: wdata passthrough beat=2 expected = 213c1cd6bef06975, actual =213c1cd6bef06975
[3185000] SCOREBOARD MATCH: wdata passthrough beat=3 expected = ec8343cb18814d4c, actual =ec8343cb18814d4c
[3185000] SCOREBOARD MATCH: wdata passthrough beat=4 expected = 2b6c9bdc98257813, actual =2b6c9bdc98257813
[3185000] SCOREBOARD MATCH: wdata passthrough beat=5 expected = d715e1891f4a2021, actual =d715e1891f4a2021
[3185000] SCOREBOARD MATCH: wdata passthrough beat=6 expected = 37cb6d6dcca8b8b2, actual =37cb6d6dcca8b8b2
[3185000] SCOREBOARD MATCH: wdata passthrough beat=7 expected = e4ce30c5c3992554, actual =e4ce30c5c3992554
[3185000] SCOREBOARD MATCH: wdata passthrough beat=8 expected = e2e34575e3380949, actual =e2e34575e3380949
[3185000] SCOREBOARD MATCH: wdata passthrough beat=9 expected = 2fe0c1fbbbe4124e, actual =2fe0c1fbbbe4124e
[3185000] SCOREBOARD MATCH: wdata passthrough beat=10 expected = ff7d37a21aaeb2e2, actual =ff7d37a21aaeb2e2
[3185000] SCOREBOARD MATCH: wdata passthrough beat=11 expected = fde6bc2b94aef2c0, actual =fde6bc2b94aef2c0
[3185000] SCOREBOARD MATCH: wdata passthrough beat=12 expected = d093050fe2607d17, actual =d093050fe2607d17
[3185000] SCOREBOARD MATCH: wdata passthrough beat=13 expected = fd0f2ff92dc77e26, actual =fd0f2ff92dc77e26
[3185000] SCOREBOARD MATCH: wdata passthrough beat=14 expected = c27670e6d0103cb1, actual =c27670e6d0103cb1
[3185000] SCOREBOARD MATCH: wdata passthrough beat=15 expected = 3270b9c9faf5ec24, actual =3270b9c9faf5ec24
[3185000] SCOREBOARD MATCH: wdata passthrough beat=16 expected = a8bd6a4a930975f5, actual =a8bd6a4a930975f5
[3185000] SCOREBOARD MATCH: wdata passthrough beat=17 expected = e319b2a7af7fe9c2, actual =e319b2a7af7fe9c2
[3185000] SCOREBOARD MATCH: wdata passthrough beat=18 expected = 2a75d5e7eb33db31, actual =2a75d5e7eb33db31
[3185000] SCOREBOARD MATCH: wdata passthrough beat=19 expected = fe3d5126158a6c70, actual =fe3d5126158a6c70
[3185000] SCOREBOARD MATCH: wdata passthrough beat=20 expected = c50a5632d3334031, actual =c50a5632d3334031
[3185000] SCOREBOARD MATCH: wdata passthrough beat=21 expected = be671b62e15703cd, actual =be671b62e15703cd
[3185000] SCOREBOARD MATCH: wdata passthrough beat=22 expected = f6e1703def802c19, actual =f6e1703def802c19
[3185000] SCOREBOARD MATCH: wdata passthrough beat=23 expected = c2b36c4b3ca46c89, actual =c2b36c4b3ca46c89
[3185000] SCOREBOARD MATCH: wdata passthrough beat=24 expected = 9dfb70563bebc670, actual =9dfb70563bebc670
[3185000] SCOREBOARD MATCH: wdata passthrough beat=25 expected = ab6bf289811a87ad, actual =ab6bf289811a87ad
[3185000] SCOREBOARD MATCH: wdata passthrough beat=26 expected = bdbef43614dce094, actual =bdbef43614dce094
[3185000] SCOREBOARD MATCH: wdata passthrough beat=27 expected = d0c8a704ee1f5ed4, actual =d0c8a704ee1f5ed4
[3185000] SCOREBOARD MATCH: wdata passthrough beat=28 expected = ef39e682dbba648d, actual =ef39e682dbba648d
[3185000] SCOREBOARD MATCH: wdata passthrough beat=29 expected = f0974521fc34998d, actual =f0974521fc34998d
[3185000] SCOREBOARD MATCH: wdata passthrough beat=30 expected = ea53f862acf8dab8, actual =ea53f862acf8dab8
[3185000] SCOREBOARD MATCH: wdata passthrough beat=31 expected = 88b33f45c15fec25, actual =88b33f45c15fec25
[3185000] SCOREBOARD MATCH: wdata passthrough beat=32 expected = bd9485b2d98ddee4, actual =bd9485b2d98ddee4
[3185000] SCOREBOARD MATCH: wdata passthrough beat=33 expected = 8686b99cf94a8466, actual =8686b99cf94a8466
[3185000] SCOREBOARD MATCH: wdata passthrough beat=34 expected = baaa708ba7e87e14, actual =baaa708ba7e87e14
[3185000] SCOREBOARD MATCH: wdata passthrough beat=35 expected = 81765cf80f39f8e2, actual =81765cf80f39f8e2
[3185000] SCOREBOARD MATCH: wdata passthrough beat=36 expected = 88847d48f83ef63e, actual =88847d48f83ef63e
[3185000] SCOREBOARD MATCH: wdata passthrough beat=37 expected = a027745207fd1695, actual =a027745207fd1695
[3185000] SCOREBOARD MATCH: wdata passthrough beat=38 expected = 17370f77c32eedd4, actual =17370f77c32eedd4
[3185000] SCOREBOARD MATCH: wdata passthrough beat=39 expected = 3b6de412219dd14b, actual =3b6de412219dd14b
[3185000] SCOREBOARD MATCH: wdata passthrough beat=40 expected = 299ae7e09fbb8cbf, actual =299ae7e09fbb8cbf
[3185000] SCOREBOARD MATCH: wdata passthrough beat=41 expected = e2ea7a93db955864, actual =e2ea7a93db955864
[3185000] SCOREBOARD MATCH: wdata passthrough beat=42 expected = fd3329afc0d1f757, actual =fd3329afc0d1f757
[3185000] SCOREBOARD MATCH: wdata passthrough beat=43 expected = e08d84169e585ea5, actual =e08d84169e585ea5
[3185000] SCOREBOARD MATCH: wdata passthrough beat=44 expected = f9edb70aa6ce118f, actual =f9edb70aa6ce118f
[3185000] SCOREBOARD MATCH: wdata passthrough beat=45 expected = e7a008e6c377feaa, actual =e7a008e6c377feaa
[3185000] SCOREBOARD MATCH: wdata passthrough beat=46 expected = e1d05d4ff720e0b9, actual =e1d05d4ff720e0b9
[3185000] SCOREBOARD MATCH: wdata passthrough beat=47 expected = 1deef249c82d8cfd, actual =1deef249c82d8cfd
[3185000] SCOREBOARD MATCH: wdata passthrough beat=48 expected = ba58ba7dbbe1459, actual =ba58ba7dbbe1459
[3185000] SCOREBOARD MATCH: wdata passthrough beat=49 expected = d2def513858efb2f, actual =d2def513858efb2f
[3185000] SCOREBOARD MATCH: wdata passthrough beat=50 expected = cdbc882ced75e8f6, actual =cdbc882ced75e8f6
[3185000] SCOREBOARD MATCH: wdata passthrough beat=51 expected = c933fd50f0cde75c, actual =c933fd50f0cde75c
[3185000] SCOREBOARD MATCH: wdata passthrough beat=52 expected = f65ce28bd96213d3, actual =f65ce28bd96213d3
[3185000] SCOREBOARD MATCH: wdata passthrough beat=53 expected = c6d7fcca1c12f263, actual =c6d7fcca1c12f263
[3185000] SCOREBOARD MATCH: wdata passthrough beat=54 expected = ce0d9bfc4196ab8, actual =ce0d9bfc4196ab8
[3185000] SCOREBOARD MATCH: wdata passthrough beat=55 expected = 9d7b7e8b100bfa1a, actual =9d7b7e8b100bfa1a
[3185000] SCOREBOARD MATCH: wdata passthrough beat=56 expected = 2c1eec7d833dbc4a, actual =2c1eec7d833dbc4a
[3185000] SCOREBOARD MATCH: wdata passthrough beat=57 expected = c7572702e4537b55, actual =c7572702e4537b55
[3185000] SCOREBOARD MATCH: wdata passthrough beat=58 expected = f45f756f38ffc63c, actual =f45f756f38ffc63c
[3185000] SCOREBOARD MATCH: wdata passthrough beat=59 expected = bc3d8286e4d2a58e, actual =bc3d8286e4d2a58e
[3185000] SCOREBOARD MATCH: wdata passthrough beat=60 expected = c92620e3a07e61ec, actual =c92620e3a07e61ec
[3185000] SCOREBOARD MATCH: wdata passthrough beat=61 expected = d97e28280394a989, actual =d97e28280394a989
[3185000] SCOREBOARD MATCH: wdata passthrough beat=62 expected = e8674f173d859653, actual =e8674f173d859653
[3185000] SCOREBOARD MATCH: wdata passthrough beat=63 expected = de03f83f15bbaaaf, actual =de03f83f15bbaaaf
[3185000] SCOREBOARD MATCH: wdata passthrough beat=64 expected = 19505438b18d6ffa, actual =19505438b18d6ffa
[3185000] SCOREBOARD MATCH: wdata passthrough beat=65 expected = ef13064d37822068, actual =ef13064d37822068
[3185000] SCOREBOARD MATCH: wdata passthrough beat=66 expected = cd3dcb1701b7a34f, actual =cd3dcb1701b7a34f
[3185000] SCOREBOARD MATCH: wdata passthrough beat=67 expected = b3451349cd16fe8d, actual =b3451349cd16fe8d
[3185000] SCOREBOARD MATCH: wdata passthrough beat=68 expected = 4991ef5e68e1f4f, actual =4991ef5e68e1f4f
[3185000] SCOREBOARD MATCH: wdata passthrough beat=69 expected = e845c29e22581997, actual =e845c29e22581997
[3185000] SCOREBOARD MATCH: wdata passthrough beat=70 expected = ef6f1824d1d6ea0c, actual =ef6f1824d1d6ea0c
[3185000] SCOREBOARD MATCH: wdata passthrough beat=71 expected = 3865095b9b8ad5e7, actual =3865095b9b8ad5e7
[3185000] SCOREBOARD MATCH: wdata passthrough beat=72 expected = bde2ef7ef4083719, actual =bde2ef7ef4083719
[3185000] SCOREBOARD MATCH: wdata passthrough beat=73 expected = c5df212520aacbf9, actual =c5df212520aacbf9
[3185000] SCOREBOARD MATCH: wdata passthrough beat=74 expected = bc35a1e0ad5207a2, actual =bc35a1e0ad5207a2
[3185000] SCOREBOARD MATCH: wdata passthrough beat=75 expected = a15a3ebbfe442a80, actual =a15a3ebbfe442a80
[3185000] SCOREBOARD MATCH: wdata passthrough beat=76 expected = 1eeef679fa18915f, actual =1eeef679fa18915f
[3185000] SCOREBOARD MATCH: wdata passthrough beat=77 expected = a76a9901e7395fe0, actual =a76a9901e7395fe0
[3185000] SCOREBOARD MATCH: wdata passthrough beat=78 expected = e57d8a60db249859, actual =e57d8a60db249859
[3185000] SCOREBOARD MATCH: wdata passthrough beat=79 expected = d53d29b8c8c4d7bd, actual =d53d29b8c8c4d7bd
[3185000] SCOREBOARD MATCH: wdata passthrough beat=80 expected = affe379d846c80d9, actual =affe379d846c80d9
[3185000] SCOREBOARD MATCH: wdata passthrough beat=81 expected = df911933fca7c2ba, actual =df911933fca7c2ba
[3185000] SCOREBOARD MATCH: wdata passthrough beat=82 expected = c56c9a77157bc1fe, actual =c56c9a77157bc1fe
[3185000] SCOREBOARD MATCH: wdata passthrough beat=83 expected = 99e842d7b4ce42eb, actual =99e842d7b4ce42eb
[3185000] SCOREBOARD MATCH: wdata passthrough beat=84 expected = b17605a5f56ad214, actual =b17605a5f56ad214
[3185000] SCOREBOARD MATCH: wdata passthrough beat=85 expected = 8ae69412f9795c0a, actual =8ae69412f9795c0a
[3185000] SCOREBOARD MATCH: wdata passthrough beat=86 expected = 2e479ef6f6e2a01c, actual =2e479ef6f6e2a01c
[3185000] SCOREBOARD MATCH: wdata passthrough beat=87 expected = ec4d723124ced6ea, actual =ec4d723124ced6ea
[3185000] SCOREBOARD MATCH: wdata passthrough beat=88 expected = 9e4832f4dfbda49b, actual =9e4832f4dfbda49b
[3185000] SCOREBOARD MATCH: wdata passthrough beat=89 expected = d6a044b8f7340643, actual =d6a044b8f7340643
[3185000] SCOREBOARD MATCH: wdata passthrough beat=90 expected = 9c02dd2dcc8fd1ea, actual =9c02dd2dcc8fd1ea
[3185000] SCOREBOARD MATCH: wdata passthrough beat=91 expected = 2c4d7686c2edb6e9, actual =2c4d7686c2edb6e9
[3185000] SCOREBOARD MATCH: wdata passthrough beat=92 expected = ba21bd2c3a4b1022, actual =ba21bd2c3a4b1022
[3185000] SCOREBOARD MATCH: wdata passthrough beat=93 expected = 86dae20c02edbb3e, actual =86dae20c02edbb3e
[3185000] SCOREBOARD MATCH: wdata passthrough beat=94 expected = c5db7227d6249a5a, actual =c5db7227d6249a5a
[3185000] SCOREBOARD MATCH: wdata passthrough beat=95 expected = 106faa7cb3285892, actual =106faa7cb3285892
[3185000] SCOREBOARD MATCH: wdata passthrough beat=96 expected = b61613d0fffd2f53, actual =b61613d0fffd2f53
[3185000] SCOREBOARD MATCH: wdata passthrough beat=97 expected = d621c9ad974a8c88, actual =d621c9ad974a8c88
[3185000] SCOREBOARD MATCH: wdata passthrough beat=98 expected = ca72e51bfbf185f7, actual =ca72e51bfbf185f7
[3185000] SCOREBOARD MATCH: wdata passthrough beat=99 expected = fbeeb54be6917429, actual =fbeeb54be6917429
[3185000] SCOREBOARD MATCH: wdata passthrough beat=100 expected = fddc00b28088f8eb, actual =fddc00b28088f8eb
[3185000] SCOREBOARD MATCH: wdata passthrough beat=101 expected = fc7a7ee3d2107ef8, actual =fc7a7ee3d2107ef8
[3185000] SCOREBOARD MATCH: wdata passthrough beat=102 expected = 38a1f322c84ee5cd, actual =38a1f322c84ee5cd
[3185000] SCOREBOARD MATCH: wdata passthrough beat=103 expected = c8d7deb8f869342e, actual =c8d7deb8f869342e
[3185000] SCOREBOARD MATCH: wdata passthrough beat=104 expected = ca79b326367df3d4, actual =ca79b326367df3d4
[3185000] SCOREBOARD MATCH: wdata passthrough beat=105 expected = feccd9a1c5525d9b, actual =feccd9a1c5525d9b
[3185000] SCOREBOARD MATCH: wdata passthrough beat=106 expected = bdbb91c9831ba648, actual =bdbb91c9831ba648
[3185000] SCOREBOARD MATCH: wdata passthrough beat=107 expected = b9999a1cc7a4b859, actual =b9999a1cc7a4b859
[3185000] SCOREBOARD MATCH: wdata passthrough beat=108 expected = cf715f5083544f0, actual =cf715f5083544f0
[3185000] SCOREBOARD MATCH: wdata passthrough beat=109 expected = 8b50eb38b86673bd, actual =8b50eb38b86673bd
[3185000] SCOREBOARD MATCH: wdata passthrough beat=110 expected = b2c17cab2a7be, actual =b2c17cab2a7be
[3185000] SCOREBOARD MATCH: wdata passthrough beat=111 expected = d2e7ecaec4ea8555, actual =d2e7ecaec4ea8555
[3185000] SCOREBOARD MATCH: wdata passthrough beat=112 expected = fd50f9120d02420c, actual =fd50f9120d02420c
[3185000] SCOREBOARD MATCH: wdata passthrough beat=113 expected = d7b4e9cade38d7e7, actual =d7b4e9cade38d7e7
[3185000] SCOREBOARD MATCH: wdata passthrough beat=114 expected = 23235d3cfd5c2529, actual =23235d3cfd5c2529
[3185000] SCOREBOARD MATCH: wdata passthrough beat=115 expected = 8a5e67352a9cd679, actual =8a5e67352a9cd679
[3185000] SCOREBOARD MATCH: wdata passthrough beat=116 expected = 8d5ae60a074564e, actual =8d5ae60a074564e
[3185000] SCOREBOARD MATCH: wdata passthrough beat=117 expected = 1dd07b78e2135100, actual =1dd07b78e2135100
[3185000] SCOREBOARD MATCH: wdata passthrough beat=118 expected = cb027792bf90b9c, actual =cb027792bf90b9c
[3185000] SCOREBOARD MATCH: wdata passthrough beat=119 expected = cc6d61eaa82ee2ad, actual =cc6d61eaa82ee2ad
[3185000] SCOREBOARD MATCH: wdata passthrough beat=120 expected = 8a4233ad1585d5d9, actual =8a4233ad1585d5d9
[3185000] SCOREBOARD MATCH: wdata passthrough beat=121 expected = c17ee175ea3ddd62, actual =c17ee175ea3ddd62
[3185000] SCOREBOARD MATCH: wdata passthrough beat=122 expected = 126cc01096f25b26, actual =126cc01096f25b26
[3185000] SCOREBOARD MATCH: wdata passthrough beat=123 expected = ac7830ff8dec435f, actual =ac7830ff8dec435f
[3185000] SCOREBOARD MATCH: wdata passthrough beat=124 expected = f82a20c29caef3bd, actual =f82a20c29caef3bd
[3185000] SCOREBOARD MATCH: wdata passthrough beat=125 expected = 33a14ee4edf71274, actual =33a14ee4edf71274
[3185000] SCOREBOARD MATCH: wdata passthrough beat=126 expected = fbe355d40a96e0d2, actual =fbe355d40a96e0d2
[3185000] SCOREBOARD MATCH: wdata passthrough beat=127 expected = a745d48fe0197fe3, actual =a745d48fe0197fe3
[3185000] SCOREBOARD MATCH: wdata passthrough beat=128 expected = ce109258f40d7696, actual =ce109258f40d7696
[3185000] SCOREBOARD MATCH: wdata passthrough beat=129 expected = fea45768dae72373, actual =fea45768dae72373
[3185000] SCOREBOARD MATCH: wdata passthrough beat=130 expected = 3b00a357c9f3e82c, actual =3b00a357c9f3e82c
[3185000] SCOREBOARD MATCH: wdata passthrough beat=131 expected = 3e015ec2a5ea2bf7, actual =3e015ec2a5ea2bf7
[3185000] SCOREBOARD MATCH: wdata passthrough beat=132 expected = d14f6b091135af, actual =d14f6b091135af
[3185000] SCOREBOARD MATCH: wdata passthrough beat=133 expected = d3051ddb3ca5b62a, actual =d3051ddb3ca5b62a
[3185000] SCOREBOARD MATCH: wdata passthrough beat=134 expected = e28fe2213bd1f2c2, actual =e28fe2213bd1f2c2
[3185000] SCOREBOARD MATCH: wdata passthrough beat=135 expected = c4e3287111067c9d, actual =c4e3287111067c9d
[3185000] SCOREBOARD MATCH: wdata passthrough beat=136 expected = cdac32c7e361318c, actual =cdac32c7e361318c
[3185000] SCOREBOARD MATCH: wdata passthrough beat=137 expected = 9f33244e17e8464c, actual =9f33244e17e8464c
[3185000] SCOREBOARD MATCH: wdata passthrough beat=138 expected = 28eec2e9b03c14e8, actual =28eec2e9b03c14e8
[3185000] SCOREBOARD MATCH: wdata passthrough beat=139 expected = 139d4675e4164cbf, actual =139d4675e4164cbf
[3185000] SCOREBOARD MATCH: wdata passthrough beat=140 expected = fbfe930bf69af5b0, actual =fbfe930bf69af5b0
[3185000] SCOREBOARD MATCH: wdata passthrough beat=141 expected = a6d70a98b2d06ac3, actual =a6d70a98b2d06ac3
[3185000] SCOREBOARD MATCH: wdata passthrough beat=142 expected = 16e6b783a4ed55f4, actual =16e6b783a4ed55f4
[3185000] SCOREBOARD MATCH: wdata passthrough beat=143 expected = 9b884ba4ba74510d, actual =9b884ba4ba74510d
[3185000] SCOREBOARD MATCH: wdata passthrough beat=144 expected = ed44bbd192e54a8e, actual =ed44bbd192e54a8e
[3185000] SCOREBOARD MATCH: wdata passthrough beat=145 expected = 37d2a083c25f563d, actual =37d2a083c25f563d
[3185000] SCOREBOARD MATCH: wdata passthrough beat=146 expected = fcd3a74a042b7354, actual =fcd3a74a042b7354
[3185000] SCOREBOARD MATCH: wdata passthrough beat=147 expected = 9710bde2d35aec27, actual =9710bde2d35aec27
[3185000] SCOREBOARD MATCH: wdata passthrough beat=148 expected = 95ba4264ea18631b, actual =95ba4264ea18631b
[3185000] SCOREBOARD MATCH: wdata passthrough beat=149 expected = ee43d66fcee35e65, actual =ee43d66fcee35e65
[3185000] SCOREBOARD MATCH: wdata passthrough beat=150 expected = 223e4a8d128de9af, actual =223e4a8d128de9af
[3185000] SCOREBOARD MATCH: wdata passthrough beat=151 expected = fca64cca05549452, actual =fca64cca05549452
[3185000] SCOREBOARD MATCH: wdata passthrough beat=152 expected = d437f2b7b7f88cf1, actual =d437f2b7b7f88cf1
[3185000] SCOREBOARD MATCH: wdata passthrough beat=153 expected = ca8676a0eaea233a, actual =ca8676a0eaea233a
[3185000] SCOREBOARD MATCH: wdata passthrough beat=154 expected = f03eb78cf6763d44, actual =f03eb78cf6763d44
[3185000] SCOREBOARD MATCH: wdata passthrough beat=155 expected = 2e6eca36c72cc36b, actual =2e6eca36c72cc36b
[3185000] SCOREBOARD MATCH: wdata passthrough beat=156 expected = 3216e6a5c476aa43, actual =3216e6a5c476aa43
[3185000] SCOREBOARD MATCH: wdata passthrough beat=157 expected = 3aece788f8f540d6, actual =3aece788f8f540d6
[3185000] SCOREBOARD MATCH: wdata passthrough beat=158 expected = c022044122559e31, actual =c022044122559e31
[3185000] SCOREBOARD MATCH: wdata passthrough beat=159 expected = e6cc4874e95bb1be, actual =e6cc4874e95bb1be
[3185000] SCOREBOARD MATCH: wdata passthrough beat=160 expected = e250f294f238eae6, actual =e250f294f238eae6
[3185000] SCOREBOARD MATCH: wdata passthrough beat=161 expected = 948e8917a1b92ffc, actual =948e8917a1b92ffc
[3185000] SCOREBOARD MATCH: wdata passthrough beat=162 expected = 8b14e1ba2272f6d6, actual =8b14e1ba2272f6d6
[3185000] SCOREBOARD MATCH: wdata passthrough beat=163 expected = 94abe1bcfb5ad18c, actual =94abe1bcfb5ad18c
[3185000] SCOREBOARD MATCH: wdata passthrough beat=164 expected = 9d140188ed65d44f, actual =9d140188ed65d44f
[3185000] SCOREBOARD MATCH: wdata passthrough beat=165 expected = fd8cb25293a6ad4, actual =fd8cb25293a6ad4
[3185000] SCOREBOARD MATCH: wdata passthrough beat=166 expected = 24953c602828e343, actual =24953c602828e343
[3185000] SCOREBOARD MATCH: wdata passthrough beat=167 expected = 158eb792a484ace1, actual =158eb792a484ace1
[3185000] SCOREBOARD MATCH: wdata passthrough beat=168 expected = cdbf17b5c1a93de8, actual =cdbf17b5c1a93de8
[3185000] SCOREBOARD MATCH: wdata passthrough beat=169 expected = e9d2212b256782b7, actual =e9d2212b256782b7
[3185000] SCOREBOARD MATCH: wdata passthrough beat=170 expected = c9ec2f98f2545415, actual =c9ec2f98f2545415
[3185000] SCOREBOARD MATCH: wdata passthrough beat=171 expected = 33fd91feff60d8bd, actual =33fd91feff60d8bd
[3185000] SCOREBOARD MATCH: wdata passthrough beat=172 expected = a4c85b7417ab474e, actual =a4c85b7417ab474e
[3185000] SCOREBOARD MATCH: wdata passthrough beat=173 expected = 89ff9b639dcfb329, actual =89ff9b639dcfb329
[3185000] SCOREBOARD MATCH: wdata passthrough beat=174 expected = 1d308be7eeb48b0d, actual =1d308be7eeb48b0d
[3185000] SCOREBOARD MATCH: wdata passthrough beat=175 expected = 65fd25bbdfd2d61, actual =65fd25bbdfd2d61
[3185000] SCOREBOARD MATCH: wdata passthrough beat=176 expected = dbcce08bc1f8e75b, actual =dbcce08bc1f8e75b
[3185000] SCOREBOARD MATCH: wdata passthrough beat=177 expected = b0ad7268905f6dbe, actual =b0ad7268905f6dbe
[3185000] SCOREBOARD MATCH: wdata passthrough beat=178 expected = ce5c9b20f8fd6c72, actual =ce5c9b20f8fd6c72
[3185000] SCOREBOARD MATCH: wdata passthrough beat=179 expected = baf653cdb70d44c3, actual =baf653cdb70d44c3
[3185000] SCOREBOARD MATCH: wdata passthrough beat=180 expected = c76cb2822a297bab, actual =c76cb2822a297bab
[3185000] SCOREBOARD MATCH: wdata passthrough beat=181 expected = 2326e81deba3c636, actual =2326e81deba3c636
[3185000] SCOREBOARD MATCH: wdata passthrough beat=182 expected = a2b10af915c94da2, actual =a2b10af915c94da2
[3185000] SCOREBOARD MATCH: wdata passthrough beat=183 expected = 3ff2c94dde1d3bea, actual =3ff2c94dde1d3bea
[3185000] SCOREBOARD MATCH: wdata passthrough beat=184 expected = c9c10220ea1dbd7b, actual =c9c10220ea1dbd7b
[3185000] SCOREBOARD MATCH: wdata passthrough beat=185 expected = ffe70b1de319b16a, actual =ffe70b1de319b16a
[3185000] SCOREBOARD MATCH: wdata passthrough beat=186 expected = c136ed54ec720d1a, actual =c136ed54ec720d1a
[3185000] SCOREBOARD MATCH: wdata passthrough beat=187 expected = d68fca95bfd9d46a, actual =d68fca95bfd9d46a
[3185000] SCOREBOARD MATCH: wdata passthrough beat=188 expected = a2f385d40af7ef75, actual =a2f385d40af7ef75
[3185000] SCOREBOARD MATCH: wdata passthrough beat=189 expected = f769fc8fd676d5b3, actual =f769fc8fd676d5b3
[3185000] SCOREBOARD MATCH: wdata passthrough beat=190 expected = 9650aa1de42a7329, actual =9650aa1de42a7329
[3185000] SCOREBOARD MATCH: wdata passthrough beat=191 expected = ef22629ecdf9c724, actual =ef22629ecdf9c724
[3185000] SCOREBOARD MATCH: wdata passthrough beat=192 expected = a4709cd739442ff2, actual =a4709cd739442ff2
[3185000] SCOREBOARD MATCH: wdata passthrough beat=193 expected = 1d6ea31be68c5f2d, actual =1d6ea31be68c5f2d
[3185000] SCOREBOARD MATCH: wdata passthrough beat=194 expected = b48626513ac146f5, actual =b48626513ac146f5
[3185000] SCOREBOARD MATCH: wdata passthrough beat=195 expected = f40576e70c9105b9, actual =f40576e70c9105b9
[3185000] SCOREBOARD MATCH: wdata passthrough beat=196 expected = f31d64e6d8f6c329, actual =f31d64e6d8f6c329
[3185000] SCOREBOARD MATCH: wdata passthrough beat=197 expected = 13b80a1e11741a02, actual =13b80a1e11741a02
[3185000] SCOREBOARD MATCH: wdata passthrough beat=198 expected = 1e051fbba7a38b37, actual =1e051fbba7a38b37
[3185000] SCOREBOARD MATCH: wdata passthrough beat=199 expected = 809a4e6007bd8105, actual =809a4e6007bd8105
[3185000] SCOREBOARD MATCH: wdata passthrough beat=200 expected = 19319b07112284a1, actual =19319b07112284a1
[3185000] SCOREBOARD MATCH: wdata passthrough beat=201 expected = b8c60fd89452587e, actual =b8c60fd89452587e
[3185000] SCOREBOARD MATCH: wdata passthrough beat=202 expected = 9c0fd9833736bac2, actual =9c0fd9833736bac2
[3185000] SCOREBOARD MATCH: wdata passthrough beat=203 expected = c8593f6339605e39, actual =c8593f6339605e39
[3185000] SCOREBOARD MATCH: wdata passthrough beat=204 expected = cdb2b6b7b541748a, actual =cdb2b6b7b541748a
[3185000] SCOREBOARD MATCH: wdata passthrough beat=205 expected = ec782f4c811f4f3b, actual =ec782f4c811f4f3b
[3185000] SCOREBOARD MATCH: wdata passthrough beat=206 expected = ba7fad74e9c2903b, actual =ba7fad74e9c2903b
[3185000] SCOREBOARD MATCH: wdata passthrough beat=207 expected = 9f0404c5b4d16eaf, actual =9f0404c5b4d16eaf
[3185000] SCOREBOARD MATCH: wdata passthrough beat=208 expected = 35f0bdeb0832642c, actual =35f0bdeb0832642c
[3185000] SCOREBOARD MATCH: wdata passthrough beat=209 expected = f1f4f4670b7c3412, actual =f1f4f4670b7c3412
[3185000] SCOREBOARD MATCH: wdata passthrough beat=210 expected = c04da2c1f0706b5f, actual =c04da2c1f0706b5f
[3185000] SCOREBOARD MATCH: wdata passthrough beat=211 expected = f8a2cf8b90f8f92c, actual =f8a2cf8b90f8f92c
[3185000] SCOREBOARD MATCH: wdata passthrough beat=212 expected = 9c752d3ef63e60ac, actual =9c752d3ef63e60ac
[3185000] SCOREBOARD MATCH: wdata passthrough beat=213 expected = e6aecc0cea97c3f2, actual =e6aecc0cea97c3f2
[3185000] SCOREBOARD MATCH: wdata passthrough beat=214 expected = fb90bd1fdcc2d000, actual =fb90bd1fdcc2d000
[3185000] SCOREBOARD MATCH: wdata passthrough beat=215 expected = d30130acdf519b97, actual =d30130acdf519b97
[3185000] SCOREBOARD MATCH: wdata passthrough beat=216 expected = c9e95f8a9805ea5d, actual =c9e95f8a9805ea5d
[3185000] SCOREBOARD MATCH: wdata passthrough beat=217 expected = f4c8ba5db9affcb8, actual =f4c8ba5db9affcb8
[3185000] SCOREBOARD MATCH: wdata passthrough beat=218 expected = 19019850c57a1ca9, actual =19019850c57a1ca9
[3185000] SCOREBOARD MATCH: wdata passthrough beat=219 expected = dd800706c7c9eb0a, actual =dd800706c7c9eb0a
[3185000] SCOREBOARD MATCH: wdata passthrough beat=220 expected = 8179e7c2e2eaf7da, actual =8179e7c2e2eaf7da
[3185000] SCOREBOARD MATCH: wdata passthrough beat=221 expected = 28651483d248c164, actual =28651483d248c164
[3185000] SCOREBOARD MATCH: wdata passthrough beat=222 expected = 1a12ac6e9a7b8012, actual =1a12ac6e9a7b8012
[3185000] SCOREBOARD MATCH: wdata passthrough beat=223 expected = fd6677ec85e51b89, actual =fd6677ec85e51b89
[3185000] SCOREBOARD MATCH: wdata passthrough beat=224 expected = d82ddced9b8c9430, actual =d82ddced9b8c9430
[3185000] SCOREBOARD MATCH: wdata passthrough beat=225 expected = 36081443a5cb8c6f, actual =36081443a5cb8c6f
[3185000] SCOREBOARD MATCH: wdata passthrough beat=226 expected = 2bb0a7f9f240895b, actual =2bb0a7f9f240895b
[3185000] SCOREBOARD MATCH: wdata passthrough beat=227 expected = dcd1d8cb36e8c2f, actual =dcd1d8cb36e8c2f
[3185000] SCOREBOARD MATCH: wdata passthrough beat=228 expected = d93a189f83de84e6, actual =d93a189f83de84e6
[3185000] SCOREBOARD MATCH: wdata passthrough beat=229 expected = f61f0e42c3d531cf, actual =f61f0e42c3d531cf
[3185000] SCOREBOARD MATCH: wdata passthrough beat=230 expected = f743bdfe04eac098, actual =f743bdfe04eac098
[3185000] SCOREBOARD MATCH: wdata passthrough beat=231 expected = 88c9457e03ec2bce, actual =88c9457e03ec2bce
[3185000] SCOREBOARD MATCH: wdata passthrough beat=232 expected = c7c15d9dd07dd69d, actual =c7c15d9dd07dd69d
[3185000] SCOREBOARD MATCH: wdata passthrough beat=233 expected = d5689735fee853c0, actual =d5689735fee853c0
[3185000] SCOREBOARD MATCH: wdata passthrough beat=234 expected = 82d47f8ebf051b9b, actual =82d47f8ebf051b9b
[3185000] SCOREBOARD MATCH: wdata passthrough beat=235 expected = f82f239de31dcb4, actual =f82f239de31dcb4
[3185000] SCOREBOARD MATCH: wdata passthrough beat=236 expected = dd1a3074ca95dd2b, actual =dd1a3074ca95dd2b
[3185000] SCOREBOARD MATCH: wdata passthrough beat=237 expected = 99af8c7e4eb896e, actual =99af8c7e4eb896e
[3185000] SCOREBOARD MATCH: wdata passthrough beat=238 expected = c31d6622dfeeb003, actual =c31d6622dfeeb003
[3185000] SCOREBOARD MATCH: wdata passthrough beat=239 expected = aa848d2e191deb00, actual =aa848d2e191deb00
[3185000] SCOREBOARD MATCH: wdata passthrough beat=240 expected = fe09746e20379697, actual =fe09746e20379697
[3185000] SCOREBOARD MATCH: wdata passthrough beat=241 expected = 26469ab41f85f5, actual =26469ab41f85f5
[3185000] SCOREBOARD MATCH: wdata passthrough beat=242 expected = cd3d70f5c126da91, actual =cd3d70f5c126da91
[3185000] SCOREBOARD MATCH: wdata passthrough beat=243 expected = e15e7128aaaad3c8, actual =e15e7128aaaad3c8
[3185000] SCOREBOARD MATCH: wdata passthrough beat=244 expected = deca59becb46e564, actual =deca59becb46e564
[3185000] SCOREBOARD MATCH: wdata passthrough beat=245 expected = c6dbff5e184b7c2, actual =c6dbff5e184b7c2
[3185000] SCOREBOARD MATCH: wstrb size check expected = f6, actual =f6
[3185000] SCOREBOARD MATCH: wstrb passthrough beat=0 expected = b3, actual =b3
[3185000] SCOREBOARD MATCH: wstrb passthrough beat=1 expected = 8a, actual =8a
[3185000] SCOREBOARD MATCH: wstrb passthrough beat=2 expected = 1d, actual =1d
[3185000] SCOREBOARD MATCH: wstrb passthrough beat=3 expected = 17, actual =17
[3185000] SCOREBOARD MATCH: wstrb passthrough beat=4 expected = 48, actual =48
[3185000] SCOREBOARD MATCH: wstrb passthrough beat=5 expected = df, actual =df
[3185000] SCOREBOARD MATCH: wstrb passthrough beat=6 expected = c, actual =c
[3185000] SCOREBOARD MATCH: wstrb passthrough beat=7 expected = fc, actual =fc
[3185000] SCOREBOARD MATCH: wstrb passthrough beat=8 expected = 69, actual =69
[3185000] SCOREBOARD MATCH: wstrb passthrough beat=9 expected = 29, actual =29
[3185000] SCOREBOARD MATCH: wstrb passthrough beat=10 expected = 13, actual =13
[3185000] SCOREBOARD MATCH: wstrb passthrough beat=11 expected = b2, actual =b2
[3185000] SCOREBOARD MATCH: wstrb passthrough beat=12 expected = 8, actual =8
[3185000] SCOREBOARD MATCH: wstrb passthrough beat=13 expected = 20, actual =20
[3185000] SCOREBOARD MATCH: wstrb passthrough beat=14 expected = ae, actual =ae
[3185000] SCOREBOARD MATCH: wstrb passthrough beat=15 expected = 72, actual =72
[3185000] SCOREBOARD MATCH: wstrb passthrough beat=16 expected = 49, actual =49
[3185000] SCOREBOARD MATCH: wstrb passthrough beat=17 expected = c1, actual =c1
[3185000] SCOREBOARD MATCH: wstrb passthrough beat=18 expected = 24, actual =24
[3185000] SCOREBOARD MATCH: wstrb passthrough beat=19 expected = 52, actual =52
[3185000] SCOREBOARD MATCH: wstrb passthrough beat=20 expected = e1, actual =e1
[3185000] SCOREBOARD MATCH: wstrb passthrough beat=21 expected = d2, actual =d2
[3185000] SCOREBOARD MATCH: wstrb passthrough beat=22 expected = c4, actual =c4
[3185000] SCOREBOARD MATCH: wstrb passthrough beat=23 expected = 2b, actual =2b
[3185000] SCOREBOARD MATCH: wstrb passthrough beat=24 expected = 93, actual =93
[3185000] SCOREBOARD MATCH: wstrb passthrough beat=25 expected = e8, actual =e8
[3185000] SCOREBOARD MATCH: wstrb passthrough beat=26 expected = 7d, actual =7d
[3185000] SCOREBOARD MATCH: wstrb passthrough beat=27 expected = 75, actual =75
[3185000] SCOREBOARD MATCH: wstrb passthrough beat=28 expected = ba, actual =ba
[3185000] SCOREBOARD MATCH: wstrb passthrough beat=29 expected = 41, actual =41
[3185000] SCOREBOARD MATCH: wstrb passthrough beat=30 expected = a0, actual =a0
[3185000] SCOREBOARD MATCH: wstrb passthrough beat=31 expected = 4d, actual =4d
[3185000] SCOREBOARD MATCH: wstrb passthrough beat=32 expected = 29, actual =29
[3185000] SCOREBOARD MATCH: wstrb passthrough beat=33 expected = 1d, actual =1d
[3185000] SCOREBOARD MATCH: wstrb passthrough beat=34 expected = c2, actual =c2
[3185000] SCOREBOARD MATCH: wstrb passthrough beat=35 expected = e3, actual =e3
[3185000] SCOREBOARD MATCH: wstrb passthrough beat=36 expected = 5e, actual =5e
[3185000] SCOREBOARD MATCH: wstrb passthrough beat=37 expected = 62, actual =62
[3185000] SCOREBOARD MATCH: wstrb passthrough beat=38 expected = 30, actual =30
[3185000] SCOREBOARD MATCH: wstrb passthrough beat=39 expected = 87, actual =87
[3185000] SCOREBOARD MATCH: wstrb passthrough beat=40 expected = 7f, actual =7f
[3185000] SCOREBOARD MATCH: wstrb passthrough beat=41 expected = f3, actual =f3
[3185000] SCOREBOARD MATCH: wstrb passthrough beat=42 expected = 6a, actual =6a
[3185000] SCOREBOARD MATCH: wstrb passthrough beat=43 expected = dd, actual =dd
[3185000] SCOREBOARD MATCH: wstrb passthrough beat=44 expected = 55, actual =55
[3185000] SCOREBOARD MATCH: wstrb passthrough beat=45 expected = 9a, actual =9a
[3185000] SCOREBOARD MATCH: wstrb passthrough beat=46 expected = 64, actual =64
[3185000] SCOREBOARD MATCH: wstrb passthrough beat=47 expected = d5, actual =d5
[3185000] SCOREBOARD MATCH: wstrb passthrough beat=48 expected = 8d, actual =8d
[3185000] SCOREBOARD MATCH: wstrb passthrough beat=49 expected = ce, actual =ce
[3185000] SCOREBOARD MATCH: wstrb passthrough beat=50 expected = b2, actual =b2
[3185000] SCOREBOARD MATCH: wstrb passthrough beat=51 expected = e3, actual =e3
[3185000] SCOREBOARD MATCH: wstrb passthrough beat=52 expected = 69, actual =69
[3185000] SCOREBOARD MATCH: wstrb passthrough beat=53 expected = 17, actual =17
[3185000] SCOREBOARD MATCH: wstrb passthrough beat=54 expected = b8, actual =b8
[3185000] SCOREBOARD MATCH: wstrb passthrough beat=55 expected = f6, actual =f6
[3185000] SCOREBOARD MATCH: wstrb passthrough beat=56 expected = e5, actual =e5
[3185000] SCOREBOARD MATCH: wstrb passthrough beat=57 expected = 6a, actual =6a
[3185000] SCOREBOARD MATCH: wstrb passthrough beat=58 expected = d9, actual =d9
[3185000] SCOREBOARD MATCH: wstrb passthrough beat=59 expected = 4e, actual =4e
[3185000] SCOREBOARD MATCH: wstrb passthrough beat=60 expected = 81, actual =81
[3185000] SCOREBOARD MATCH: wstrb passthrough beat=61 expected = 91, actual =91
[3185000] SCOREBOARD MATCH: wstrb passthrough beat=62 expected = 45, actual =45
[3185000] SCOREBOARD MATCH: wstrb passthrough beat=63 expected = 67, actual =67
[3185000] SCOREBOARD MATCH: wstrb passthrough beat=64 expected = fc, actual =fc
[3185000] SCOREBOARD MATCH: wstrb passthrough beat=65 expected = 1e, actual =1e
[3185000] SCOREBOARD MATCH: wstrb passthrough beat=66 expected = b5, actual =b5
[3185000] SCOREBOARD MATCH: wstrb passthrough beat=67 expected = 7d, actual =7d
[3185000] SCOREBOARD MATCH: wstrb passthrough beat=68 expected = b0, actual =b0
[3185000] SCOREBOARD MATCH: wstrb passthrough beat=69 expected = fa, actual =fa
[3185000] SCOREBOARD MATCH: wstrb passthrough beat=70 expected = e4, actual =e4
[3185000] SCOREBOARD MATCH: wstrb passthrough beat=71 expected = ac, actual =ac
[3185000] SCOREBOARD MATCH: wstrb passthrough beat=72 expected = 19, actual =19
[3185000] SCOREBOARD MATCH: wstrb passthrough beat=73 expected = 9a, actual =9a
[3185000] SCOREBOARD MATCH: wstrb passthrough beat=74 expected = 29, actual =29
[3185000] SCOREBOARD MATCH: wstrb passthrough beat=75 expected = c9, actual =c9
[3185000] SCOREBOARD MATCH: wstrb passthrough beat=76 expected = 94, actual =94
[3185000] SCOREBOARD MATCH: wstrb passthrough beat=77 expected = e, actual =e
[3185000] SCOREBOARD MATCH: wstrb passthrough beat=78 expected = 75, actual =75
[3185000] SCOREBOARD MATCH: wstrb passthrough beat=79 expected = ad, actual =ad
[3185000] SCOREBOARD MATCH: wstrb passthrough beat=80 expected = a8, actual =a8
[3185000] SCOREBOARD MATCH: wstrb passthrough beat=81 expected = 9e, actual =9e
[3185000] SCOREBOARD MATCH: wstrb passthrough beat=82 expected = 76, actual =76
[3185000] SCOREBOARD MATCH: wstrb passthrough beat=83 expected = 3c, actual =3c
[3185000] SCOREBOARD MATCH: wstrb passthrough beat=84 expected = ac, actual =ac
[3185000] SCOREBOARD MATCH: wstrb passthrough beat=85 expected = eb, actual =eb
[3185000] SCOREBOARD MATCH: wstrb passthrough beat=86 expected = ea, actual =ea
[3185000] SCOREBOARD MATCH: wstrb passthrough beat=87 expected = 54, actual =54
[3185000] SCOREBOARD MATCH: wstrb passthrough beat=88 expected = 8a, actual =8a
[3185000] SCOREBOARD MATCH: wstrb passthrough beat=89 expected = 60, actual =60
[3185000] SCOREBOARD MATCH: wstrb passthrough beat=90 expected = 91, actual =91
[3185000] SCOREBOARD MATCH: wstrb passthrough beat=91 expected = 36, actual =36
[3185000] SCOREBOARD MATCH: wstrb passthrough beat=92 expected = 4c, actual =4c
[3185000] SCOREBOARD MATCH: wstrb passthrough beat=93 expected = 7b, actual =7b
[3185000] SCOREBOARD MATCH: wstrb passthrough beat=94 expected = 8b, actual =8b
[3185000] SCOREBOARD MATCH: wstrb passthrough beat=95 expected = d6, actual =d6
[3185000] SCOREBOARD MATCH: wstrb passthrough beat=96 expected = db, actual =db
[3185000] SCOREBOARD MATCH: wstrb passthrough beat=97 expected = 1c, actual =1c
[3185000] SCOREBOARD MATCH: wstrb passthrough beat=98 expected = c, actual =c
[3185000] SCOREBOARD MATCH: wstrb passthrough beat=99 expected = 27, actual =27
[3185000] SCOREBOARD MATCH: wstrb passthrough beat=100 expected = 97, actual =97
[3185000] SCOREBOARD MATCH: wstrb passthrough beat=101 expected = 97, actual =97
[3185000] SCOREBOARD MATCH: wstrb passthrough beat=102 expected = fd, actual =fd
[3185000] SCOREBOARD MATCH: wstrb passthrough beat=103 expected = 72, actual =72
[3185000] SCOREBOARD MATCH: wstrb passthrough beat=104 expected = b3, actual =b3
[3185000] SCOREBOARD MATCH: wstrb passthrough beat=105 expected = a, actual =a
[3185000] SCOREBOARD MATCH: wstrb passthrough beat=106 expected = 9a, actual =9a
[3185000] SCOREBOARD MATCH: wstrb passthrough beat=107 expected = 4a, actual =4a
[3185000] SCOREBOARD MATCH: wstrb passthrough beat=108 expected = a1, actual =a1
[3185000] SCOREBOARD MATCH: wstrb passthrough beat=109 expected = 97, actual =97
[3185000] SCOREBOARD MATCH: wstrb passthrough beat=110 expected = bd, actual =bd
[3185000] SCOREBOARD MATCH: wstrb passthrough beat=111 expected = 55, actual =55
[3185000] SCOREBOARD MATCH: wstrb passthrough beat=112 expected = a1, actual =a1
[3185000] SCOREBOARD MATCH: wstrb passthrough beat=113 expected = 57, actual =57
[3185000] SCOREBOARD MATCH: wstrb passthrough beat=114 expected = 9f, actual =9f
[3185000] SCOREBOARD MATCH: wstrb passthrough beat=115 expected = 43, actual =43
[3185000] SCOREBOARD MATCH: wstrb passthrough beat=116 expected = ee, actual =ee
[3185000] SCOREBOARD MATCH: wstrb passthrough beat=117 expected = 5c, actual =5c
[3185000] SCOREBOARD MATCH: wstrb passthrough beat=118 expected = 98, actual =98
[3185000] SCOREBOARD MATCH: wstrb passthrough beat=119 expected = 90, actual =90
[3185000] SCOREBOARD MATCH: wstrb passthrough beat=120 expected = b3, actual =b3
[3185000] SCOREBOARD MATCH: wstrb passthrough beat=121 expected = 37, actual =37
[3185000] SCOREBOARD MATCH: wstrb passthrough beat=122 expected = d3, actual =d3
[3185000] SCOREBOARD MATCH: wstrb passthrough beat=123 expected = a2, actual =a2
[3185000] SCOREBOARD MATCH: wstrb passthrough beat=124 expected = 94, actual =94
[3185000] SCOREBOARD MATCH: wstrb passthrough beat=125 expected = 6b, actual =6b
[3185000] SCOREBOARD MATCH: wstrb passthrough beat=126 expected = 32, actual =32
[3185000] SCOREBOARD MATCH: wstrb passthrough beat=127 expected = 47, actual =47
[3185000] SCOREBOARD MATCH: wstrb passthrough beat=128 expected = a2, actual =a2
[3185000] SCOREBOARD MATCH: wstrb passthrough beat=129 expected = 5, actual =5
[3185000] SCOREBOARD MATCH: wstrb passthrough beat=130 expected = e9, actual =e9
[3185000] SCOREBOARD MATCH: wstrb passthrough beat=131 expected = 36, actual =36
[3185000] SCOREBOARD MATCH: wstrb passthrough beat=132 expected = 70, actual =70
[3185000] SCOREBOARD MATCH: wstrb passthrough beat=133 expected = 1b, actual =1b
[3185000] SCOREBOARD MATCH: wstrb passthrough beat=134 expected = 7e, actual =7e
[3185000] SCOREBOARD MATCH: wstrb passthrough beat=135 expected = 12, actual =12
[3185000] SCOREBOARD MATCH: wstrb passthrough beat=136 expected = 20, actual =20
[3185000] SCOREBOARD MATCH: wstrb passthrough beat=137 expected = 67, actual =67
[3185000] SCOREBOARD MATCH: wstrb passthrough beat=138 expected = 49, actual =49
[3185000] SCOREBOARD MATCH: wstrb passthrough beat=139 expected = 90, actual =90
[3185000] SCOREBOARD MATCH: wstrb passthrough beat=140 expected = 83, actual =83
[3185000] SCOREBOARD MATCH: wstrb passthrough beat=141 expected = c7, actual =c7
[3185000] SCOREBOARD MATCH: wstrb passthrough beat=142 expected = a3, actual =a3
[3185000] SCOREBOARD MATCH: wstrb passthrough beat=143 expected = a3, actual =a3
[3185000] SCOREBOARD MATCH: wstrb passthrough beat=144 expected = 2e, actual =2e
[3185000] SCOREBOARD MATCH: wstrb passthrough beat=145 expected = ec, actual =ec
[3185000] SCOREBOARD MATCH: wstrb passthrough beat=146 expected = 34, actual =34
[3185000] SCOREBOARD MATCH: wstrb passthrough beat=147 expected = b1, actual =b1
[3185000] SCOREBOARD MATCH: wstrb passthrough beat=148 expected = b3, actual =b3
[3185000] SCOREBOARD MATCH: wstrb passthrough beat=149 expected = d7, actual =d7
[3185000] SCOREBOARD MATCH: wstrb passthrough beat=150 expected = 55, actual =55
[3185000] SCOREBOARD MATCH: wstrb passthrough beat=151 expected = e1, actual =e1
[3185000] SCOREBOARD MATCH: wstrb passthrough beat=152 expected = c3, actual =c3
[3185000] SCOREBOARD MATCH: wstrb passthrough beat=153 expected = 89, actual =89
[3185000] SCOREBOARD MATCH: wstrb passthrough beat=154 expected = 93, actual =93
[3185000] SCOREBOARD MATCH: wstrb passthrough beat=155 expected = 76, actual =76
[3185000] SCOREBOARD MATCH: wstrb passthrough beat=156 expected = 60, actual =60
[3185000] SCOREBOARD MATCH: wstrb passthrough beat=157 expected = e8, actual =e8
[3185000] SCOREBOARD MATCH: wstrb passthrough beat=158 expected = 57, actual =57
[3185000] SCOREBOARD MATCH: wstrb passthrough beat=159 expected = 23, actual =23
[3185000] SCOREBOARD MATCH: wstrb passthrough beat=160 expected = 71, actual =71
[3185000] SCOREBOARD MATCH: wstrb passthrough beat=161 expected = ea, actual =ea
[3185000] SCOREBOARD MATCH: wstrb passthrough beat=162 expected = 99, actual =99
[3185000] SCOREBOARD MATCH: wstrb passthrough beat=163 expected = d1, actual =d1
[3185000] SCOREBOARD MATCH: wstrb passthrough beat=164 expected = d2, actual =d2
[3185000] SCOREBOARD MATCH: wstrb passthrough beat=165 expected = f0, actual =f0
[3185000] SCOREBOARD MATCH: wstrb passthrough beat=166 expected = f4, actual =f4
[3185000] SCOREBOARD MATCH: wstrb passthrough beat=167 expected = 43, actual =43
[3185000] SCOREBOARD MATCH: wstrb passthrough beat=168 expected = db, actual =db
[3185000] SCOREBOARD MATCH: wstrb passthrough beat=169 expected = 8d, actual =8d
[3185000] SCOREBOARD MATCH: wstrb passthrough beat=170 expected = 14, actual =14
[3185000] SCOREBOARD MATCH: wstrb passthrough beat=171 expected = ad, actual =ad
[3185000] SCOREBOARD MATCH: wstrb passthrough beat=172 expected = 7d, actual =7d
[3185000] SCOREBOARD MATCH: wstrb passthrough beat=173 expected = 8, actual =8
[3185000] SCOREBOARD MATCH: wstrb passthrough beat=174 expected = f1, actual =f1
[3185000] SCOREBOARD MATCH: wstrb passthrough beat=175 expected = 58, actual =58
[3185000] SCOREBOARD MATCH: wstrb passthrough beat=176 expected = 95, actual =95
[3185000] SCOREBOARD MATCH: wstrb passthrough beat=177 expected = 5, actual =5
[3185000] SCOREBOARD MATCH: wstrb passthrough beat=178 expected = 6, actual =6
[3185000] SCOREBOARD MATCH: wstrb passthrough beat=179 expected = 13, actual =13
[3185000] SCOREBOARD MATCH: wstrb passthrough beat=180 expected = e, actual =e
[3185000] SCOREBOARD MATCH: wstrb passthrough beat=181 expected = f7, actual =f7
[3185000] SCOREBOARD MATCH: wstrb passthrough beat=182 expected = 6b, actual =6b
[3185000] SCOREBOARD MATCH: wstrb passthrough beat=183 expected = a3, actual =a3
[3185000] SCOREBOARD MATCH: wstrb passthrough beat=184 expected = fc, actual =fc
[3185000] SCOREBOARD MATCH: wstrb passthrough beat=185 expected = 71, actual =71
[3185000] SCOREBOARD MATCH: wstrb passthrough beat=186 expected = b6, actual =b6
[3185000] SCOREBOARD MATCH: wstrb passthrough beat=187 expected = a, actual =a
[3185000] SCOREBOARD MATCH: wstrb passthrough beat=188 expected = 68, actual =68
[3185000] SCOREBOARD MATCH: wstrb passthrough beat=189 expected = 22, actual =22
[3185000] SCOREBOARD MATCH: wstrb passthrough beat=190 expected = ae, actual =ae
[3185000] SCOREBOARD MATCH: wstrb passthrough beat=191 expected = 65, actual =65
[3185000] SCOREBOARD MATCH: wstrb passthrough beat=192 expected = 93, actual =93
[3185000] SCOREBOARD MATCH: wstrb passthrough beat=193 expected = 64, actual =64
[3185000] SCOREBOARD MATCH: wstrb passthrough beat=194 expected = 6f, actual =6f
[3185000] SCOREBOARD MATCH: wstrb passthrough beat=195 expected = fc, actual =fc
[3185000] SCOREBOARD MATCH: wstrb passthrough beat=196 expected = 86, actual =86
[3185000] SCOREBOARD MATCH: wstrb passthrough beat=197 expected = 1d, actual =1d
[3185000] SCOREBOARD MATCH: wstrb passthrough beat=198 expected = 61, actual =61
[3185000] SCOREBOARD MATCH: wstrb passthrough beat=199 expected = 1a, actual =1a
[3185000] SCOREBOARD MATCH: wstrb passthrough beat=200 expected = 82, actual =82
[3185000] SCOREBOARD MATCH: wstrb passthrough beat=201 expected = d0, actual =d0
[3185000] SCOREBOARD MATCH: wstrb passthrough beat=202 expected = 16, actual =16
[3185000] SCOREBOARD MATCH: wstrb passthrough beat=203 expected = 8, actual =8
[3185000] SCOREBOARD MATCH: wstrb passthrough beat=204 expected = ee, actual =ee
[3185000] SCOREBOARD MATCH: wstrb passthrough beat=205 expected = 77, actual =77
[3185000] SCOREBOARD MATCH: wstrb passthrough beat=206 expected = 22, actual =22
[3185000] SCOREBOARD MATCH: wstrb passthrough beat=207 expected = 70, actual =70
[3185000] SCOREBOARD MATCH: wstrb passthrough beat=208 expected = 47, actual =47
[3185000] SCOREBOARD MATCH: wstrb passthrough beat=209 expected = 38, actual =38
[3185000] SCOREBOARD MATCH: wstrb passthrough beat=210 expected = 78, actual =78
[3185000] SCOREBOARD MATCH: wstrb passthrough beat=211 expected = 35, actual =35
[3185000] SCOREBOARD MATCH: wstrb passthrough beat=212 expected = af, actual =af
[3185000] SCOREBOARD MATCH: wstrb passthrough beat=213 expected = 9b, actual =9b
[3185000] SCOREBOARD MATCH: wstrb passthrough beat=214 expected = a5, actual =a5
[3185000] SCOREBOARD MATCH: wstrb passthrough beat=215 expected = f7, actual =f7
[3185000] SCOREBOARD MATCH: wstrb passthrough beat=216 expected = d3, actual =d3
[3185000] SCOREBOARD MATCH: wstrb passthrough beat=217 expected = 1e, actual =1e
[3185000] SCOREBOARD MATCH: wstrb passthrough beat=218 expected = 2c, actual =2c
[3185000] SCOREBOARD MATCH: wstrb passthrough beat=219 expected = 83, actual =83
[3185000] SCOREBOARD MATCH: wstrb passthrough beat=220 expected = b9, actual =b9
[3185000] SCOREBOARD MATCH: wstrb passthrough beat=221 expected = d2, actual =d2
[3185000] SCOREBOARD MATCH: wstrb passthrough beat=222 expected = 7a, actual =7a
[3185000] SCOREBOARD MATCH: wstrb passthrough beat=223 expected = 8c, actual =8c
[3185000] SCOREBOARD MATCH: wstrb passthrough beat=224 expected = f0, actual =f0
[3185000] SCOREBOARD MATCH: wstrb passthrough beat=225 expected = a6, actual =a6
[3185000] SCOREBOARD MATCH: wstrb passthrough beat=226 expected = f, actual =f
[3185000] SCOREBOARD MATCH: wstrb passthrough beat=227 expected = a9, actual =a9
[3185000] SCOREBOARD MATCH: wstrb passthrough beat=228 expected = 78, actual =78
[3185000] SCOREBOARD MATCH: wstrb passthrough beat=229 expected = 89, actual =89
[3185000] SCOREBOARD MATCH: wstrb passthrough beat=230 expected = 35, actual =35
[3185000] SCOREBOARD MATCH: wstrb passthrough beat=231 expected = 68, actual =68
[3185000] SCOREBOARD MATCH: wstrb passthrough beat=232 expected = 30, actual =30
[3185000] SCOREBOARD MATCH: wstrb passthrough beat=233 expected = 45, actual =45
[3185000] SCOREBOARD MATCH: wstrb passthrough beat=234 expected = 11, actual =11
[3185000] SCOREBOARD MATCH: wstrb passthrough beat=235 expected = a8, actual =a8
[3185000] SCOREBOARD MATCH: wstrb passthrough beat=236 expected = ce, actual =ce
[3185000] SCOREBOARD MATCH: wstrb passthrough beat=237 expected = 47, actual =47
[3185000] SCOREBOARD MATCH: wstrb passthrough beat=238 expected = 11, actual =11
[3185000] SCOREBOARD MATCH: wstrb passthrough beat=239 expected = fe, actual =fe
[3185000] SCOREBOARD MATCH: wstrb passthrough beat=240 expected = 8c, actual =8c
[3185000] SCOREBOARD MATCH: wstrb passthrough beat=241 expected = 22, actual =22
[3185000] SCOREBOARD MATCH: wstrb passthrough beat=242 expected = a7, actual =a7
[3185000] SCOREBOARD MATCH: wstrb passthrough beat=243 expected = 5a, actual =5a
[3185000] SCOREBOARD MATCH: wstrb passthrough beat=244 expected = 69, actual =69
[3185000] SCOREBOARD MATCH: wstrb passthrough beat=245 expected = b8, actual =b8
[3185000] SCOREBOARD MATCH: bresp passthrough expected = 0, actual =0
[3185000] SCOREBOARD MATCH: response routed to correct master (write) expected = 1, actual =1
[3185000] [SCOREBOARD-M] mst_id=1 s_id=0 awaddr=4c467b8 awid=1011 awlen=245 awsize=4 awburst=1 wdata=[f6e95b3dad92da55 32c6dc5612eb4e90 213c1cd6bef06975 ec8343cb18814d4c 2b6c9bdc98257813 d715e1891f4a2021 37cb6d6dcca8b8b2 e4ce30c5c3992554 e2e34575e3380949 2fe0c1fbbbe4124e ff7d37a21aaeb2e2 fde6bc2b94aef2c0 d093050fe2607d17 fd0f2ff92dc77e26 c27670e6d0103cb1 3270b9c9faf5ec24 a8bd6a4a930975f5 e319b2a7af7fe9c2 2a75d5e7eb33db31 fe3d5126158a6c70 c50a5632d3334031 be671b62e15703cd f6e1703def802c19 c2b36c4b3ca46c89 9dfb70563bebc670 ab6bf289811a87ad bdbef43614dce094 d0c8a704ee1f5ed4 ef39e682dbba648d f0974521fc34998d ea53f862acf8dab8 88b33f45c15fec25 bd9485b2d98ddee4 8686b99cf94a8466 baaa708ba7e87e14 81765cf80f39f8e2 88847d48f83ef63e a027745207fd1695 17370f77c32eedd4 3b6de412219dd14b 299ae7e09fbb8cbf e2ea7a93db955864 fd3329afc0d1f757 e08d84169e585ea5 f9edb70aa6ce118f e7a008e6c377feaa e1d05d4ff720e0b9 1deef249c82d8cfd ba58ba7dbbe1459 d2def513858efb2f cdbc882ced75e8f6 c933fd50f0cde75c f65ce28bd96213d3 c6d7fcca1c12f263 ce0d9bfc4196ab8 9d7b7e8b100bfa1a 2c1eec7d833dbc4a c7572702e4537b55 f45f756f38ffc63c bc3d8286e4d2a58e c92620e3a07e61ec d97e28280394a989 e8674f173d859653 de03f83f15bbaaaf 19505438b18d6ffa ef13064d37822068 cd3dcb1701b7a34f b3451349cd16fe8d 4991ef5e68e1f4f e845c29e22581997 ef6f1824d1d6ea0c 3865095b9b8ad5e7 bde2ef7ef4083719 c5df212520aacbf9 bc35a1e0ad5207a2 a15a3ebbfe442a80 1eeef679fa18915f a76a9901e7395fe0 e57d8a60db249859 d53d29b8c8c4d7bd affe379d846c80d9 df911933fca7c2ba c56c9a77157bc1fe 99e842d7b4ce42eb b17605a5f56ad214 8ae69412f9795c0a 2e479ef6f6e2a01c ec4d723124ced6ea 9e4832f4dfbda49b d6a044b8f7340643 9c02dd2dcc8fd1ea 2c4d7686c2edb6e9 ba21bd2c3a4b1022 86dae20c02edbb3e c5db7227d6249a5a 106faa7cb3285892 b61613d0fffd2f53 d621c9ad974a8c88 ca72e51bfbf185f7 fbeeb54be6917429 fddc00b28088f8eb fc7a7ee3d2107ef8 38a1f322c84ee5cd c8d7deb8f869342e ca79b326367df3d4 feccd9a1c5525d9b bdbb91c9831ba648 b9999a1cc7a4b859 cf715f5083544f0 8b50eb38b86673bd b2c17cab2a7be d2e7ecaec4ea8555 fd50f9120d02420c d7b4e9cade38d7e7 23235d3cfd5c2529 8a5e67352a9cd679 8d5ae60a074564e 1dd07b78e2135100 cb027792bf90b9c cc6d61eaa82ee2ad 8a4233ad1585d5d9 c17ee175ea3ddd62 126cc01096f25b26 ac7830ff8dec435f f82a20c29caef3bd 33a14ee4edf71274 fbe355d40a96e0d2 a745d48fe0197fe3 ce109258f40d7696 fea45768dae72373 3b00a357c9f3e82c 3e015ec2a5ea2bf7 d14f6b091135af d3051ddb3ca5b62a e28fe2213bd1f2c2 c4e3287111067c9d cdac32c7e361318c 9f33244e17e8464c 28eec2e9b03c14e8 139d4675e4164cbf fbfe930bf69af5b0 a6d70a98b2d06ac3 16e6b783a4ed55f4 9b884ba4ba74510d ed44bbd192e54a8e 37d2a083c25f563d fcd3a74a042b7354 9710bde2d35aec27 95ba4264ea18631b ee43d66fcee35e65 223e4a8d128de9af fca64cca05549452 d437f2b7b7f88cf1 ca8676a0eaea233a f03eb78cf6763d44 2e6eca36c72cc36b 3216e6a5c476aa43 3aece788f8f540d6 c022044122559e31 e6cc4874e95bb1be e250f294f238eae6 948e8917a1b92ffc 8b14e1ba2272f6d6 94abe1bcfb5ad18c 9d140188ed65d44f fd8cb25293a6ad4 24953c602828e343 158eb792a484ace1 cdbf17b5c1a93de8 e9d2212b256782b7 c9ec2f98f2545415 33fd91feff60d8bd a4c85b7417ab474e 89ff9b639dcfb329 1d308be7eeb48b0d 65fd25bbdfd2d61 dbcce08bc1f8e75b b0ad7268905f6dbe ce5c9b20f8fd6c72 baf653cdb70d44c3 c76cb2822a297bab 2326e81deba3c636 a2b10af915c94da2 3ff2c94dde1d3bea c9c10220ea1dbd7b ffe70b1de319b16a c136ed54ec720d1a d68fca95bfd9d46a a2f385d40af7ef75 f769fc8fd676d5b3 9650aa1de42a7329 ef22629ecdf9c724 a4709cd739442ff2 1d6ea31be68c5f2d b48626513ac146f5 f40576e70c9105b9 f31d64e6d8f6c329 13b80a1e11741a02 1e051fbba7a38b37 809a4e6007bd8105 19319b07112284a1 b8c60fd89452587e 9c0fd9833736bac2 c8593f6339605e39 cdb2b6b7b541748a ec782f4c811f4f3b ba7fad74e9c2903b 9f0404c5b4d16eaf 35f0bdeb0832642c f1f4f4670b7c3412 c04da2c1f0706b5f f8a2cf8b90f8f92c 9c752d3ef63e60ac e6aecc0cea97c3f2 fb90bd1fdcc2d000 d30130acdf519b97 c9e95f8a9805ea5d f4c8ba5db9affcb8 19019850c57a1ca9 dd800706c7c9eb0a 8179e7c2e2eaf7da 28651483d248c164 1a12ac6e9a7b8012 fd6677ec85e51b89 d82ddced9b8c9430 36081443a5cb8c6f 2bb0a7f9f240895b dcd1d8cb36e8c2f d93a189f83de84e6 f61f0e42c3d531cf f743bdfe04eac098 88c9457e03ec2bce c7c15d9dd07dd69d d5689735fee853c0 82d47f8ebf051b9b f82f239de31dcb4 dd1a3074ca95dd2b 99af8c7e4eb896e c31d6622dfeeb003 aa848d2e191deb00 fe09746e20379697 26469ab41f85f5 cd3d70f5c126da91 e15e7128aaaad3c8 deca59becb46e564 c6dbff5e184b7c2 ] wstrb=[b3 8a 1d 17 48 df c fc 69 29 13 b2 8 20 ae 72 49 c1 24 52 e1 d2 c4 2b 93 e8 7d 75 ba 41 a0 4d 29 1d c2 e3 5e 62 30 87 7f f3 6a dd 55 9a 64 d5 8d ce b2 e3 69 17 b8 f6 e5 6a d9 4e 81 91 45 67 fc 1e b5 7d b0 fa e4 ac 19 9a 29 c9 94 e 75 ad a8 9e 76 3c ac eb ea 54 8a 60 91 36 4c 7b 8b d6 db 1c c 27 97 97 fd 72 b3 a 9a 4a a1 97 bd 55 a1 57 9f 43 ee 5c 98 90 b3 37 d3 a2 94 6b 32 47 a2 5 e9 36 70 1b 7e 12 20 67 49 90 83 c7 a3 a3 2e ec 34 b1 b3 d7 55 e1 c3 89 93 76 60 e8 57 23 71 ea 99 d1 d2 f0 f4 43 db 8d 14 ad 7d 8 f1 58 95 5 6 13 e f7 6b a3 fc 71 b6 a 68 22 ae 65 93 64 6f fc 86 1d 61 1a 82 d0 16 8 ee 77 22 70 47 38 78 35 af 9b a5 f7 d3 1e 2c 83 b9 d2 7a 8c f0 a6 f a9 78 89 35 68 30 45 11 a8 ce 47 11 fe 8c 22 a7 5a 69 b8 ] bresp=0 bid=1011
[3185000] [SCOREBOARD-S] mst_id=1 s_id=0 awaddr=4c467b8 awid=1011 awlen=245 awsize=4 awburst=1 wdata=[f6e95b3dad92da55 32c6dc5612eb4e90 213c1cd6bef06975 ec8343cb18814d4c 2b6c9bdc98257813 d715e1891f4a2021 37cb6d6dcca8b8b2 e4ce30c5c3992554 e2e34575e3380949 2fe0c1fbbbe4124e ff7d37a21aaeb2e2 fde6bc2b94aef2c0 d093050fe2607d17 fd0f2ff92dc77e26 c27670e6d0103cb1 3270b9c9faf5ec24 a8bd6a4a930975f5 e319b2a7af7fe9c2 2a75d5e7eb33db31 fe3d5126158a6c70 c50a5632d3334031 be671b62e15703cd f6e1703def802c19 c2b36c4b3ca46c89 9dfb70563bebc670 ab6bf289811a87ad bdbef43614dce094 d0c8a704ee1f5ed4 ef39e682dbba648d f0974521fc34998d ea53f862acf8dab8 88b33f45c15fec25 bd9485b2d98ddee4 8686b99cf94a8466 baaa708ba7e87e14 81765cf80f39f8e2 88847d48f83ef63e a027745207fd1695 17370f77c32eedd4 3b6de412219dd14b 299ae7e09fbb8cbf e2ea7a93db955864 fd3329afc0d1f757 e08d84169e585ea5 f9edb70aa6ce118f e7a008e6c377feaa e1d05d4ff720e0b9 1deef249c82d8cfd ba58ba7dbbe1459 d2def513858efb2f cdbc882ced75e8f6 c933fd50f0cde75c f65ce28bd96213d3 c6d7fcca1c12f263 ce0d9bfc4196ab8 9d7b7e8b100bfa1a 2c1eec7d833dbc4a c7572702e4537b55 f45f756f38ffc63c bc3d8286e4d2a58e c92620e3a07e61ec d97e28280394a989 e8674f173d859653 de03f83f15bbaaaf 19505438b18d6ffa ef13064d37822068 cd3dcb1701b7a34f b3451349cd16fe8d 4991ef5e68e1f4f e845c29e22581997 ef6f1824d1d6ea0c 3865095b9b8ad5e7 bde2ef7ef4083719 c5df212520aacbf9 bc35a1e0ad5207a2 a15a3ebbfe442a80 1eeef679fa18915f a76a9901e7395fe0 e57d8a60db249859 d53d29b8c8c4d7bd affe379d846c80d9 df911933fca7c2ba c56c9a77157bc1fe 99e842d7b4ce42eb b17605a5f56ad214 8ae69412f9795c0a 2e479ef6f6e2a01c ec4d723124ced6ea 9e4832f4dfbda49b d6a044b8f7340643 9c02dd2dcc8fd1ea 2c4d7686c2edb6e9 ba21bd2c3a4b1022 86dae20c02edbb3e c5db7227d6249a5a 106faa7cb3285892 b61613d0fffd2f53 d621c9ad974a8c88 ca72e51bfbf185f7 fbeeb54be6917429 fddc00b28088f8eb fc7a7ee3d2107ef8 38a1f322c84ee5cd c8d7deb8f869342e ca79b326367df3d4 feccd9a1c5525d9b bdbb91c9831ba648 b9999a1cc7a4b859 cf715f5083544f0 8b50eb38b86673bd b2c17cab2a7be d2e7ecaec4ea8555 fd50f9120d02420c d7b4e9cade38d7e7 23235d3cfd5c2529 8a5e67352a9cd679 8d5ae60a074564e 1dd07b78e2135100 cb027792bf90b9c cc6d61eaa82ee2ad 8a4233ad1585d5d9 c17ee175ea3ddd62 126cc01096f25b26 ac7830ff8dec435f f82a20c29caef3bd 33a14ee4edf71274 fbe355d40a96e0d2 a745d48fe0197fe3 ce109258f40d7696 fea45768dae72373 3b00a357c9f3e82c 3e015ec2a5ea2bf7 d14f6b091135af d3051ddb3ca5b62a e28fe2213bd1f2c2 c4e3287111067c9d cdac32c7e361318c 9f33244e17e8464c 28eec2e9b03c14e8 139d4675e4164cbf fbfe930bf69af5b0 a6d70a98b2d06ac3 16e6b783a4ed55f4 9b884ba4ba74510d ed44bbd192e54a8e 37d2a083c25f563d fcd3a74a042b7354 9710bde2d35aec27 95ba4264ea18631b ee43d66fcee35e65 223e4a8d128de9af fca64cca05549452 d437f2b7b7f88cf1 ca8676a0eaea233a f03eb78cf6763d44 2e6eca36c72cc36b 3216e6a5c476aa43 3aece788f8f540d6 c022044122559e31 e6cc4874e95bb1be e250f294f238eae6 948e8917a1b92ffc 8b14e1ba2272f6d6 94abe1bcfb5ad18c 9d140188ed65d44f fd8cb25293a6ad4 24953c602828e343 158eb792a484ace1 cdbf17b5c1a93de8 e9d2212b256782b7 c9ec2f98f2545415 33fd91feff60d8bd a4c85b7417ab474e 89ff9b639dcfb329 1d308be7eeb48b0d 65fd25bbdfd2d61 dbcce08bc1f8e75b b0ad7268905f6dbe ce5c9b20f8fd6c72 baf653cdb70d44c3 c76cb2822a297bab 2326e81deba3c636 a2b10af915c94da2 3ff2c94dde1d3bea c9c10220ea1dbd7b ffe70b1de319b16a c136ed54ec720d1a d68fca95bfd9d46a a2f385d40af7ef75 f769fc8fd676d5b3 9650aa1de42a7329 ef22629ecdf9c724 a4709cd739442ff2 1d6ea31be68c5f2d b48626513ac146f5 f40576e70c9105b9 f31d64e6d8f6c329 13b80a1e11741a02 1e051fbba7a38b37 809a4e6007bd8105 19319b07112284a1 b8c60fd89452587e 9c0fd9833736bac2 c8593f6339605e39 cdb2b6b7b541748a ec782f4c811f4f3b ba7fad74e9c2903b 9f0404c5b4d16eaf 35f0bdeb0832642c f1f4f4670b7c3412 c04da2c1f0706b5f f8a2cf8b90f8f92c 9c752d3ef63e60ac e6aecc0cea97c3f2 fb90bd1fdcc2d000 d30130acdf519b97 c9e95f8a9805ea5d f4c8ba5db9affcb8 19019850c57a1ca9 dd800706c7c9eb0a 8179e7c2e2eaf7da 28651483d248c164 1a12ac6e9a7b8012 fd6677ec85e51b89 d82ddced9b8c9430 36081443a5cb8c6f 2bb0a7f9f240895b dcd1d8cb36e8c2f d93a189f83de84e6 f61f0e42c3d531cf f743bdfe04eac098 88c9457e03ec2bce c7c15d9dd07dd69d d5689735fee853c0 82d47f8ebf051b9b f82f239de31dcb4 dd1a3074ca95dd2b 99af8c7e4eb896e c31d6622dfeeb003 aa848d2e191deb00 fe09746e20379697 26469ab41f85f5 cd3d70f5c126da91 e15e7128aaaad3c8 deca59becb46e564 c6dbff5e184b7c2 ] wstrb=[b3 8a 1d 17 48 df c fc 69 29 13 b2 8 20 ae 72 49 c1 24 52 e1 d2 c4 2b 93 e8 7d 75 ba 41 a0 4d 29 1d c2 e3 5e 62 30 87 7f f3 6a dd 55 9a 64 d5 8d ce b2 e3 69 17 b8 f6 e5 6a d9 4e 81 91 45 67 fc 1e b5 7d b0 fa e4 ac 19 9a 29 c9 94 e 75 ad a8 9e 76 3c ac eb ea 54 8a 60 91 36 4c 7b 8b d6 db 1c c 27 97 97 fd 72 b3 a 9a 4a a1 97 bd 55 a1 57 9f 43 ee 5c 98 90 b3 37 d3 a2 94 6b 32 47 a2 5 e9 36 70 1b 7e 12 20 67 49 90 83 c7 a3 a3 2e ec 34 b1 b3 d7 55 e1 c3 89 93 76 60 e8 57 23 71 ea 99 d1 d2 f0 f4 43 db 8d 14 ad 7d 8 f1 58 95 5 6 13 e f7 6b a3 fc 71 b6 a 68 22 ae 65 93 64 6f fc 86 1d 61 1a 82 d0 16 8 ee 77 22 70 47 38 78 35 af 9b a5 f7 d3 1e 2c 83 b9 d2 7a 8c f0 a6 f a9 78 89 35 68 30 45 11 a8 ce 47 11 fe 8c 22 a7 5a 69 b8 ] bresp=0 bid=11011
[3185000] SCOREBOARD: Transaction 5 received. pass=1194 fail=0
[3185000] SCOREBOARD: Expected 5 transactions completed, PASS=1194 FAIL=0
[3185000] ALL PASS. Total transactions: 5
[3185000] ALL TRANSACTIONS MONITORED
$finish called at time : 3205 ns : File "/home/nashita/Desktop/practice/axi_xbar/tb/top/axi_tb_top.sv" Line 220
exit
INFO: xsimkernel Simulation Memory Usage: 289464 KB (Peak: 337864 KB), Simulation CPU Usage: 1200 ms
INFO: [Common 17-206] Exiting xsim at Thu Sep 10 18:43:30 2026...
