#-----------------------------------------------------------
# xsim v2025.2 (64-bit)
# SW Build 6299465 on Fri Nov 14 12:34:56 MST 2025
# IP Build 6300035 on Fri Nov 14 10:48:45 MST 2025
# SharedData Build 6298862 on Thu Nov 13 04:50:51 MST 2025
# Start of session at: Thu Sep 10 18:27:02 2026
# Process ID         : 3624291
# Current directory  : /home/nashita/Desktop/practice/axi_xbar/sim
# Command line       : xsim -log regress_results/BT_run215.log -mode tcl -source {xsim.dir/tb_top_snap/xsim_script.tcl}
# Log file           : /home/nashita/Desktop/practice/axi_xbar/sim/regress_results/BT_run215.log
# Journal file       : /home/nashita/Desktop/practice/axi_xbar/sim/xsim.jou
# Running On         : vlsi-vivado
# Platform           : Ubuntu
# Operating System   : Ubuntu 24.04.4 LTS
# Processor Detail   : Intel(R) Core(TM) i5-10400 CPU @ 2.90GHz
# CPU Frequency      : 4000.312 MHz
# CPU Physical cores : 6
# CPU Logical cores  : 12
# Host memory        : 41875 MB
# Swap memory        : 27648 MB
# Total Virtual      : 69524 MB
# Available Virtual  : 62774 MB
#-----------------------------------------------------------
source xsim.dir/tb_top_snap/xsim_script.tcl
# xsim {tb_top_snap} -testplusarg BT -autoloadwcfg -runall -sv_seed 216
Time resolution is 1 ps
run -all
[0] RUNNING BASE TEST
[0] INSIDE THE BASE TEST CONSTRUCTOR
[0] ENV: before agent
[0] SLAVE CONSTRUCTED
[0] MASTER MONITOR CONSTRUCTED
[0] MASTER MONITOR CONSTRUCTED
[0] SLAVE MONITOR CONSTRUCTED
[0] SLAVE MONITOR CONSTRUCTED
[0] ARB MONITOR CONSTRUCTED
GENERATOR CONSTRUCTED
[0] ENV: after agent
[0] ENV: before scoreboard
[0] ENV: after scoreboard
[15000] [SEQUENCER] mst_id=1 s_id=0 awaddr=18e4e150 awid=1001 awlen=139 awsize=5 awburst=1 wdata=[9de689ce3c45fadc acdd1960ddf18f2 d0a90696c4455217 8b4cf3d683b2db e462cbcdee8f9065 32d4e27c0b591e89 e1dcd164b50bd263 a39b62c833602f6f 3eb94df8c63f9d31 fb4b6f94d6704544 89d074b320961f5c e6d5bc8d1ee6d25d f55717a1c889c2ab e91fe207e2212c21 8107fe7eff278c55 c7b14f00cff59e94 3216cab6f65f1620 f586a27530d13108 80c6cf9cb31ec934 a97ddf54bd37f175 ee09227db2dd9a52 e5fc63879f0481c9 dc3c733feecff21a a1ad8c6c8f7a42db 2e7ec4a5ca4595bc b91587d687a9eff3 172432cf0abb37e4 d500cda0dac31443 e26d0436c5a2f774 d05e2f580e165577 e8d969baf9913705 bf342e79a55efcf8 b375526fcb466df0 c4d7a4f68f925dd1 34f15aca9c4ebc29 e7952a1a840bd36f 139e3141e866ad39 4b569632c6ccf10 b078a27fc88f8c0b b0f63944ec4a937d 18b7628dc416d3c0 8ca65fcbb5aba2a7 a1f63624c930050c d46d8cd3d9c9910 f3483bb7baad98b1 3dd9dbe99ed3898 d789d1a8153e71dc cfec0a8d1124768b ab11af23cad20d60 e0107f3cd3c9a84b e4ee1ed6029b80cc cd6d8e2caffc89c9 3c632150fffcdfa 129b4ec62d7e0d68 dd7a9731e8b450eb f8b41ee5e008dcf2 d86ea5ae140c946 c9f51a328b4f6dab eb584a9deb01818b cc424ad2c2a93917 cdf8a6c3f8df34f7 e3e0b68316376504 d8e09e1bb950f160 3230265830230155 c65a6659a6d944de e02a363f1610dcdb c633de309f3b0474 c6144953125a5c97 286b39720c8e4489 abc948fd263e7f92 3898dc29ee9f17a2 fb2d5c2bf1dd9250 981c11e2e104159b cfa32d3da6f6a528 18d43779d0b4ee0b b1b903a6cad08968 f1c72e90b0f0495b 1a53767815c30e3 cc2cba4b8a9b6609 3b8baf65b35e3b0d 34ba6bf13df3e8dc c88f4ee53d30e6cc f08f21d980e7263c bedb0f18841afe4a c14be516a5498dca 2630b407076a5dfe 8b855c4831db06f0 d72494bae50bc31f ec76211dccd1415f feac484ffd5548c1 e2610be1f7fb7d66 c4ccbec5d5d0dd09 d32625cbced72cfe c6d2aa64c3790714 9949e41d358731ac 845e5eaa8b9f6929 cf18703dec7009e8 a1f73b94cb31090f d6d07238e862545b d4d25e4326559a3f f186a34e25e8e276 e4b36d1f6c999d8 1d1f3417c8571586 ee3ff7fce31d9514 d9e72eec0ea5d765 d6fcecebfc8b2ecd dfa8c3e2f7066303 85ac3a68c53ce4e8 c1c813b5b98ff2ce 309655d2dca92754 21e60c3ca170d797 db00ca66b642903a 92ebb78ee3ae1ff1 51ef7890b972038 c1d9b072b4d1c3ca 187fe3bce01fc1ef ebb6e227d4c56801 89972bcb1d9edb45 fdbe9d34ad909299 8255fa9aa2170f87 bfb5eacce9757f5b 970611f40bed2666 ae0435edbd748800 a6ea075b195c0c8f 254932f5edba20ba ab2ea8ba3df01950 d74c25dfd34d68e2 c107899cd218b016 1008c966fc9558d4 cfe2c1b6ec363257 3e4ee26de754ef45 e3ea481910ea4b53 fd207daace57abd3 35ac9b18b3cd09cf c4b755223b6f6017 9c70bea1996e331 cd63ed00c1d7d2cc fd4732e33f73a702 d90a8a33121b4223 d3f314ef870e3ecd ] wstrb=[33 cf d3 56 2 a0 46 36 70 19 8c 72 b9 d2 a8 29 eb 35 9c a5 7 44 ce f3 79 6a 98 81 af 66 74 28 d1 c a9 80 72 1d a8 43 29 52 c3 9c 6f 6c df 99 be a3 35 2d f 14 c6 cd b7 fb fa c6 10 c1 93 c7 bc 8e 8e cc 4f 21 94 b af 22 d8 fe 43 6c a f3 8e e2 f1 d1 4e fb c4 dc dd b6 ad 2b b1 72 7 8f 28 b5 ba d9 27 c2 68 4f 77 23 28 9e e5 91 ed 5c b4 15 fa 99 a6 e7 f5 5a fc ef f3 a3 d6 e8 fd d2 d7 f1 75 ad d9 73 80 b1 64 f5 5e 3d ] bresp=0 bid=0
[15000] [SEQUENCER] mst_id=1 s_id=0 awaddr=4e57090 awid=1001 awlen=8 awsize=6 awburst=0 wdata=[92bcc0b5e46ba960 985b532dc5c7b1c4 e14fa4cfcf596ec8 33c51828106665dc d62e17a0f40c6585 c365d44dcc206b55 dc86d131b77dbc6f ab8a21f4f72aec75 c34b57cab2b4e8d1 ] wstrb=[41 41 fc b6 35 cd 81 77 e ] bresp=0 bid=0
[15000] [SEQUENCER] READ mst_id=1 s_id=0 araddr=1a257a88 arid=2 arlen=1 arsize=3 arburst=1 rid=[] rresp=[] rdata=[]
[15000] [SEQUENCER] mst_id=0 s_id=0 awaddr=1277c4b8 awid=101 awlen=11 awsize=0 awburst=0 wdata=[e829c5f124690ebf cde00392b898971a 1e7364753582b63d d9ebc4fcdcda936c 95732a86869d2a66 bc1fe0a3a7cbc88e 84a65bfab3e68efb 3a83b962960ba59f 3dd76e2e1a198681 ce00157cf6a39a05 caf3fa5c27dca28 dc9750a98883cede ] wstrb=[d3 e4 26 fb 89 4 a5 5c e8 cb 57 71 ] bresp=0 bid=0
[15000] [SEQUENCER] mst_id=0 s_id=0 awaddr=19600098 awid=1111 awlen=247 awsize=3 awburst=1 wdata=[b6799a68835f52a9 f89c6151b54125b2 fd208a071e4dea19 a1ad3cc2ceb186f0 83f2aca2b39a246f d1e80e889a499e13 e8fb2503811336a9 34ad5b19f3954b4b 8ddee95eecedd1a6 ee01084f869569a1 fa2ab4ecf6da0e62 e3c7e008a2ae6368 2943cd0a08099e4b fee3acadd1c8e857 f4774bc0a36e81f6 ab782041e2ab8cb5 b474750c1dbb18ca c1299ac0aa5bccee 8d0759a3a8ebc0cc c6a6d996eca1bb02 96fd87f0c17bceb0 ea678f7c07d07457 f4722f592404e194 e580b044310e6913 38dedd6a8b6fb749 af7498ddcfe83fc0 80f6a8d32d510cc3 b8c0c40c94f54921 e4dd88e2b9d5863d e7269300e8355cea fd2aa60be5d431b5 1fa9b7f31fe7570d 81cb3f7e2082eed c7dc60a386d04af3 a6b7a20085475a02 e74f88f0e7861896 ee566389aed455f7 341baffa2f2be993 16b20229150e058a c3e25b811b6b38ea ca97227d850865b2 9a166b3cf7fe0b7b 93694465e14924a6 e6518a58ddf8c6be d5f6d239de0066e2 bf498b880067f595 de60bc53e960169f c7607d81259b15e1 26030b76b4578e8c 9db7a52b06aa090a 2c451eeb0463c7c9 b8bb5655e51822ad ebc22bb7d2482a61 d6abf22ad672fb81 3b8b1e2e18074aa2 ea4f75038f67487f e5da4400274d49e5 3f549487c0fb672d d062afaca165622e c8b2ac1329a4098a ea9f70b7363cf3ad d7a255db8807409a b1ab4a24bb022063 f13f1410205501ef a85c42899c4abadb d74cdb3fc8e169ec e9366bdbda078cae f6524789c88bef4f 916d593b9192ae64 eb9a3b12cd9f22c8 162b1218faa3c516 c36737be1ec829c af8ba564a7986b53 223c306af7d0ae8d d9bd3129c5b6b77c ed4f22d02e72a3e5 a64352720948d68e ceff8e0a0f8b533a 3dfdf71f0000839c 9495a2abc4eb0da cbda0414e4414991 e441cd2dd848e834 1497990f89d7fb33 ee1944c5ed8b2757 c5d40f8ce0719d23 ea499857d25b11f2 3fe6394ada6ba89b badd45bed862dd1c aabdef0e05ba48d6 e025f171a526de15 fd89bb31eaa42858 f05e712e9b03372f c02a15452847aa40 92ebd298d084629f eb8799cfbdb3d076 e5fb7ab6034a43c7 d3cea6662bb1af14 e9657f8af8e74d4f fc319116bf564035 eb07ef49cf60fa41 c8484790d000377c f5677b2d46d6ed4 23ce6915c479d8a6 947a1022fa5e66fb cecbd5cfec16b0a5 3090894ba3d087d4 1e2eeed0f29a3ee4 deb0ef89c50a996d e8db2142ecfac49f df9503848f4178d4 d44c1242070a1012 f404d4b1be45f30d cd876be23d273384 c4314396d399d835 11dfcb4321d37e24 defab1a8b8361847 bcff07ddf673725 13ab549232bf53e db620d851dafbbc0 fd16f2e5e03566f1 3615c2fe731fe02 84e1b9c2fe51a82e de870f1fdec369b4 c5f567b781f8aca7 804a54d5e1e86b4e c0abd502cad72179 cccfce21ded163f4 c0b9cf4286a13cb9 d1785e33cd1a22f6 2beb86eb0165a445 8806e0fe1e482c54 eb624f4aeca5562d ee0afa72d97f3f31 f7c76b85974dd635 3f32c63f611db71 cf911aa2e329bad0 fa779105f1fe26d5 e8100246c7588628 2a8240f8fe6abd68 f068e43e37a11ce9 fef9a311a4f9d1fd 23648f66d878e684 901a036d297be409 ce75b60613cd73a4 ec465a288f13a67e b88f8a87f1da456c 85a7b910fc605d96 8b7404140705408e f8df85faf1ee1339 ee4e70cfc4038e9c cb08cf2afe873f0b f0755244f9c274e3 bdc6037fc3e85524 c26f942fdec3c313 d88637f688ced2a9 ccb727ceb2e4e673 91a8a986164c3b76 9f1b0e1f8f26bbfd c20ba271ea2ee17d 7b1cf3ebd235ed faf8f1ebd3b44bf7 bde32d749f962b12 b6861003d04945c 90b8e053be5e4a67 ddf4757a066152eb c365e747ce9c0dc8 8cfa582fe95cd67a efbe2965d41ec79a a2bad562eaeecda9 d44ba423332410ac 8742d8462fb52d92 9aa3fb3bc409cd88 f72dde3429fdada9 d9b2db3beeef9f5f b2f96ce7fe70b67b 286e6424f456d676 e34675d52a274b1c 2898019702213f5f f67815d5163fe2bd c0672dd9d10665bb d327a51ad9be8bab effe6e68e8ff2f70 3a05952bc99fbaef a35e469a30659c41 1964cbb10d2d3a45 d6ccf534935cb502 c3c25143d36a60dc e0979b21fa2b3bcf 8d87f0d1dd271cf4 b0917dd0b7649055 b18fcc24d14a4215 ae715f09912918f1 c88da9473f17bcf6 1061ff0bdf02dcda f02bf5cbfa1d756b b9353261bed35e14 9dd63aeeb8b99f12 32d7147ec997316c 86a8f810e0230ba c6bbcfccec0c46df 35a3784ca640ca6f b442fb29f992e44a e59f2b2a3e0e07cd e44ed23cfafecaf6 f491af401b42a376 d950ab431891cd66 1390985cda30da6a f5737de0bd9f7d7f d6314ae58822479c e2532207cec42923 c63a6a3e9c1e341 f1e42aded7c69fe7 268ac90be294f188 cc56d4cad4374ce5 abfdeccc32ee6fae 958361363e3affa8 12724c8dd288b5d7 85772585e1da3600 a01535a8be703959 10f8ef311afa86bc fcd4bcbcb2878235 f0f7bb8f967014b6 b16a9b721ce9f265 cf71749a01f0aac0 9860bf762e3f582f cb294a94c0693029 c259dae9c9cb5ae9 f80ab3189a9abf2e db03ef58daba9a60 2485f549c333fdac ddcebcda9d5dca41 f81864a11c90a861 dfc4a60db8d2ac32 d63076749c9e59ea b92f024bbd9362e7 f6660f1ace48db15 eae7350098f3a858 d6870b40cc96858e 9adf60a3a416374b 3d09dfa4cced1a5a 19839fe885c695a3 29dcccef1390eae4 e07e053eb463008b 3a29962fe6e6ac93 fa779777fa01a526 ae64a5b1e406631e caed0fb1daf59cb5 d4f741dbe88e3be0 ] wstrb=[28 fe 8c dd af 6d b8 d7 6b 44 b4 1b b1 6c f2 1d b1 a7 38 62 13 2a 7f c4 d1 b7 27 e5 e2 a6 a9 b3 5e d0 98 40 77 42 f3 d5 12 8c 15 89 ce 8 5e e0 94 73 6a 62 7c c8 43 10 3c ad 73 b8 75 b6 c8 b1 63 3b 69 d8 f1 32 8a 54 6d f3 2d 5f 25 b7 b3 93 aa e0 f2 d0 97 a5 63 42 86 55 12 1d fa 75 5f 80 ca 71 9e c4 e6 fd 45 b0 6f e3 75 55 e0 ba 6 4f 9d 7b a5 7d 35 ab cd d2 26 72 4f 5b 1d 1c 2d 43 8e 7c 9e ab 99 cb ee 27 47 8c d3 e0 57 c1 8 9f 4e db 7f a5 9c 87 44 ea 62 c4 90 ff 4b d4 e9 ae 98 79 ad e4 4e 96 92 e6 10 3f ca 5e d5 5c 44 e5 9b f 43 71 6b 88 56 7 97 9a 78 2 22 ce 9 b9 68 81 bb 8a 50 c5 43 b8 46 ff 43 96 c4 86 4f a 85 92 a1 49 18 f0 54 9e 82 f5 e7 9a e5 3b 38 67 30 20 1 15 5b 3a 7c 8c 5a 7e a1 b5 b8 1e 41 12 9c e3 c7 54 1 9 66 9d ] bresp=0 bid=0
[15000] MASTER_DRIVER1 received transaction, op=AXI_WRITE
[15000] MASTER_DRIVER0 received transaction, op=AXI_WRITE
[35000] MASTER 1 AW_VALID_RDY Handshake
[35000] MASTER 0 AW_VALID_RDY Handshake
[45000] ARB MONITOR: slave=1 m0_req=1 m1_req=1 winner=0
[45000] AXI S1_AWVALID_RDY HANDSHAKE
[45000] SCOREBOARD MATCH: arbitration winner (slave 1) expected = 0, actual =0
[55000] MASTER 1 W_VALID_RDY Handshake beat=0 wlast=0
[55000] MASTER 0 W_VALID_RDY Handshake beat=0 wlast=0
[65000] MASTER 0 W_VALID_RDY Handshake beat=1 wlast=0
[65000] MASTER 1 W_VALID_RDY Handshake beat=1 wlast=0
[65000] S1 MEMORY WRITE beat=0 addr=1277c4b8 data=e829c5f124690ebf id=05
[75000] S1 MEMORY WRITE beat=1 addr=1277c4b8 data=cde00392b898971a id=05
[75000] MASTER 1 W_VALID_RDY Handshake beat=2 wlast=0
[75000] MASTER 0 W_VALID_RDY Handshake beat=2 wlast=0
[85000] MASTER 0 W_VALID_RDY Handshake beat=3 wlast=0
[85000] MASTER 1 W_VALID_RDY Handshake beat=3 wlast=0
[85000] S1 MEMORY WRITE beat=2 addr=1277c4b8 data=1e7364753582b63d id=05
[95000] S1 MEMORY WRITE beat=3 addr=1277c4b8 data=d9ebc4fcdcda936c id=05
[95000] MASTER 1 W_VALID_RDY Handshake beat=4 wlast=0
[95000] MASTER 0 W_VALID_RDY Handshake beat=4 wlast=0
[105000] MASTER 0 W_VALID_RDY Handshake beat=5 wlast=0
[105000] MASTER 1 W_VALID_RDY Handshake beat=5 wlast=0
[105000] S1 MEMORY WRITE beat=4 addr=1277c4b8 data=95732a86869d2a66 id=05
[115000] S1 MEMORY WRITE beat=5 addr=1277c4b8 data=bc1fe0a3a7cbc88e id=05
[115000] MASTER 1 W_VALID_RDY Handshake beat=6 wlast=0
[115000] MASTER 0 W_VALID_RDY Handshake beat=6 wlast=0
[125000] MASTER 0 W_VALID_RDY Handshake beat=7 wlast=0
[125000] MASTER 1 W_VALID_RDY Handshake beat=7 wlast=0
[125000] S1 MEMORY WRITE beat=6 addr=1277c4b8 data=84a65bfab3e68efb id=05
[135000] S1 MEMORY WRITE beat=7 addr=1277c4b8 data=3a83b962960ba59f id=05
[135000] MASTER 0 W_VALID_RDY Handshake beat=8 wlast=0
[145000] MASTER 0 W_VALID_RDY Handshake beat=9 wlast=0
[145000] S1 MEMORY WRITE beat=8 addr=1277c4b8 data=3dd76e2e1a198681 id=05
[155000] S1 MEMORY WRITE beat=9 addr=1277c4b8 data=ce00157cf6a39a05 id=05
[155000] MASTER 0 W_VALID_RDY Handshake beat=10 wlast=0
[165000] MASTER_DRIVER0 received transaction, op=AXI_WRITE
[165000] MASTER 0 W_VALID_RDY Handshake beat=11 wlast=1
[165000] S1 MEMORY WRITE beat=10 addr=1277c4b8 data=0caf3fa5c27dca28 id=05
[175000] S1 MEMORY WRITE beat=11 addr=1277c4b8 data=dc9750a98883cede id=05
[185000] MASTER 0 AW_VALID_RDY Handshake
[185000] SLAVE1 sent B resp, id=5
[195000] AXI S1_AWVALID_RDY HANDSHAKE
[195000] [SLAVE MONITOR] mst_id=0 s_id=1 awaddr=1277c4b8 awid=101 awlen=11 awsize=0 awburst=0 wdata=[e829c5f124690ebf cde00392b898971a 1e7364753582b63d d9ebc4fcdcda936c 95732a86869d2a66 bc1fe0a3a7cbc88e 84a65bfab3e68efb 3a83b962960ba59f 3dd76e2e1a198681 ce00157cf6a39a05 caf3fa5c27dca28 dc9750a98883cede ] wstrb=[d3 e4 26 fb 89 4 a5 5c e8 cb 57 71 ] bresp=0 bid=101
[195000] ARB MONITOR: slave=1 m0_req=1 m1_req=1 winner=1
[195000] SCOREBOARD MATCH: arbitration winner (slave 1) expected = 1, actual =1
[205000] MASTER 0 RECEIVED BRESP. BRESP=0
[205000] [MASTER DRIVER] mst_id=0 s_id=0 awaddr=1277c4b8 awid=101 awlen=11 awsize=0 awburst=0 wdata=[e829c5f124690ebf cde00392b898971a 1e7364753582b63d d9ebc4fcdcda936c 95732a86869d2a66 bc1fe0a3a7cbc88e 84a65bfab3e68efb 3a83b962960ba59f 3dd76e2e1a198681 ce00157cf6a39a05 caf3fa5c27dca28 dc9750a98883cede ] wstrb=[d3 e4 26 fb 89 4 a5 5c e8 cb 57 71 ] bresp=0 bid=101
[205000] MASTER 0 W_VALID_RDY Handshake beat=0 wlast=0
[205000] MASTER 0 B_VALID_RDY Handshake
[205000] [MASTER MONITOR] mst_id=0 s_id=1 awaddr=1277c4b8 awid=101 awlen=11 awsize=0 awburst=0 wdata=[e829c5f124690ebf cde00392b898971a 1e7364753582b63d d9ebc4fcdcda936c 95732a86869d2a66 bc1fe0a3a7cbc88e 84a65bfab3e68efb 3a83b962960ba59f 3dd76e2e1a198681 ce00157cf6a39a05 caf3fa5c27dca28 dc9750a98883cede ] wstrb=[d3 e4 26 fb 89 4 a5 5c e8 cb 57 71 ] bresp=0 bid=101
[205000] S1 MEMORY WRITE beat=0 addr=18e4e150 data=9de689ce3c45fadc id=19
[205000] SCOREBOARD MATCH: decode_err expected = 0, actual =0
[205000] SCOREBOARD MATCH: slave_id expected = 1, actual =1
[205000] SCOREBOARD MATCH: awaddr passthrough expected = 1277c4b8, actual =1277c4b8
[205000] SCOREBOARD MATCH: awlen passthrough expected = 11, actual =11
[205000] SCOREBOARD MATCH: awsize passthrough expected = 0, actual =0
[205000] SCOREBOARD MATCH: awburst passthrough expected = 0, actual =0
[205000] SCOREBOARD MATCH: wdata size check expected = c, actual =c
[205000] SCOREBOARD MATCH: wdata passthrough beat=0 expected = e829c5f124690ebf, actual =e829c5f124690ebf
[205000] SCOREBOARD MATCH: wdata passthrough beat=1 expected = cde00392b898971a, actual =cde00392b898971a
[205000] SCOREBOARD MATCH: wdata passthrough beat=2 expected = 1e7364753582b63d, actual =1e7364753582b63d
[205000] SCOREBOARD MATCH: wdata passthrough beat=3 expected = d9ebc4fcdcda936c, actual =d9ebc4fcdcda936c
[205000] SCOREBOARD MATCH: wdata passthrough beat=4 expected = 95732a86869d2a66, actual =95732a86869d2a66
[205000] SCOREBOARD MATCH: wdata passthrough beat=5 expected = bc1fe0a3a7cbc88e, actual =bc1fe0a3a7cbc88e
[205000] SCOREBOARD MATCH: wdata passthrough beat=6 expected = 84a65bfab3e68efb, actual =84a65bfab3e68efb
[205000] SCOREBOARD MATCH: wdata passthrough beat=7 expected = 3a83b962960ba59f, actual =3a83b962960ba59f
[205000] SCOREBOARD MATCH: wdata passthrough beat=8 expected = 3dd76e2e1a198681, actual =3dd76e2e1a198681
[205000] SCOREBOARD MATCH: wdata passthrough beat=9 expected = ce00157cf6a39a05, actual =ce00157cf6a39a05
[205000] SCOREBOARD MATCH: wdata passthrough beat=10 expected = caf3fa5c27dca28, actual =caf3fa5c27dca28
[205000] SCOREBOARD MATCH: wdata passthrough beat=11 expected = dc9750a98883cede, actual =dc9750a98883cede
[205000] SCOREBOARD MATCH: wstrb size check expected = c, actual =c
[205000] SCOREBOARD MATCH: wstrb passthrough beat=0 expected = d3, actual =d3
[205000] SCOREBOARD MATCH: wstrb passthrough beat=1 expected = e4, actual =e4
[205000] SCOREBOARD MATCH: wstrb passthrough beat=2 expected = 26, actual =26
[205000] SCOREBOARD MATCH: wstrb passthrough beat=3 expected = fb, actual =fb
[205000] SCOREBOARD MATCH: wstrb passthrough beat=4 expected = 89, actual =89
[205000] SCOREBOARD MATCH: wstrb passthrough beat=5 expected = 4, actual =4
[205000] SCOREBOARD MATCH: wstrb passthrough beat=6 expected = a5, actual =a5
[205000] SCOREBOARD MATCH: wstrb passthrough beat=7 expected = 5c, actual =5c
[205000] SCOREBOARD MATCH: wstrb passthrough beat=8 expected = e8, actual =e8
[205000] SCOREBOARD MATCH: wstrb passthrough beat=9 expected = cb, actual =cb
[205000] SCOREBOARD MATCH: wstrb passthrough beat=10 expected = 57, actual =57
[205000] SCOREBOARD MATCH: wstrb passthrough beat=11 expected = 71, actual =71
[205000] SCOREBOARD MATCH: bresp passthrough expected = 0, actual =0
[205000] SCOREBOARD MATCH: response routed to correct master (write) expected = 0, actual =0
[205000] [SCOREBOARD-M] mst_id=0 s_id=1 awaddr=1277c4b8 awid=101 awlen=11 awsize=0 awburst=0 wdata=[e829c5f124690ebf cde00392b898971a 1e7364753582b63d d9ebc4fcdcda936c 95732a86869d2a66 bc1fe0a3a7cbc88e 84a65bfab3e68efb 3a83b962960ba59f 3dd76e2e1a198681 ce00157cf6a39a05 caf3fa5c27dca28 dc9750a98883cede ] wstrb=[d3 e4 26 fb 89 4 a5 5c e8 cb 57 71 ] bresp=0 bid=101
[205000] [SCOREBOARD-S] mst_id=0 s_id=1 awaddr=1277c4b8 awid=101 awlen=11 awsize=0 awburst=0 wdata=[e829c5f124690ebf cde00392b898971a 1e7364753582b63d d9ebc4fcdcda936c 95732a86869d2a66 bc1fe0a3a7cbc88e 84a65bfab3e68efb 3a83b962960ba59f 3dd76e2e1a198681 ce00157cf6a39a05 caf3fa5c27dca28 dc9750a98883cede ] wstrb=[d3 e4 26 fb 89 4 a5 5c e8 cb 57 71 ] bresp=0 bid=101
[205000] SCOREBOARD: Transaction 1 received. pass=36 fail=0
[205000] ALL PASS. Total transactions: 1
[215000] S1 MEMORY WRITE beat=1 addr=18e4e170 data=0acdd1960ddf18f2 id=19
[215000] MASTER 1 W_VALID_RDY Handshake beat=8 wlast=0
[215000] MASTER 0 W_VALID_RDY Handshake beat=1 wlast=0
[225000] MASTER 0 W_VALID_RDY Handshake beat=2 wlast=0
[225000] MASTER 1 W_VALID_RDY Handshake beat=9 wlast=0
[225000] S1 MEMORY WRITE beat=2 addr=18e4e190 data=d0a90696c4455217 id=19
[235000] S1 MEMORY WRITE beat=3 addr=18e4e1b0 data=008b4cf3d683b2db id=19
[235000] MASTER 1 W_VALID_RDY Handshake beat=10 wlast=0
[235000] MASTER 0 W_VALID_RDY Handshake beat=3 wlast=0
[245000] MASTER 0 W_VALID_RDY Handshake beat=4 wlast=0
[245000] MASTER 1 W_VALID_RDY Handshake beat=11 wlast=0
[245000] S1 MEMORY WRITE beat=4 addr=18e4e1d0 data=e462cbcdee8f9065 id=19
[255000] S1 MEMORY WRITE beat=5 addr=18e4e1f0 data=32d4e27c0b591e89 id=19
[255000] MASTER 1 W_VALID_RDY Handshake beat=12 wlast=0
[255000] MASTER 0 W_VALID_RDY Handshake beat=5 wlast=0
[265000] MASTER 0 W_VALID_RDY Handshake beat=6 wlast=0
[265000] MASTER 1 W_VALID_RDY Handshake beat=13 wlast=0
[265000] S1 MEMORY WRITE beat=6 addr=18e4e210 data=e1dcd164b50bd263 id=19
[275000] S1 MEMORY WRITE beat=7 addr=18e4e230 data=a39b62c833602f6f id=19
[275000] MASTER 1 W_VALID_RDY Handshake beat=14 wlast=0
[275000] MASTER 0 W_VALID_RDY Handshake beat=7 wlast=0
[285000] MASTER 1 W_VALID_RDY Handshake beat=15 wlast=0
[285000] S1 MEMORY WRITE beat=8 addr=18e4e250 data=3eb94df8c63f9d31 id=19
[295000] S1 MEMORY WRITE beat=9 addr=18e4e270 data=fb4b6f94d6704544 id=19
[295000] MASTER 1 W_VALID_RDY Handshake beat=16 wlast=0
[305000] MASTER 1 W_VALID_RDY Handshake beat=17 wlast=0
[305000] S1 MEMORY WRITE beat=10 addr=18e4e290 data=89d074b320961f5c id=19
[315000] S1 MEMORY WRITE beat=11 addr=18e4e2b0 data=e6d5bc8d1ee6d25d id=19
[315000] MASTER 1 W_VALID_RDY Handshake beat=18 wlast=0
[325000] MASTER 1 W_VALID_RDY Handshake beat=19 wlast=0
[325000] S1 MEMORY WRITE beat=12 addr=18e4e2d0 data=f55717a1c889c2ab id=19
[335000] S1 MEMORY WRITE beat=13 addr=18e4e2f0 data=e91fe207e2212c21 id=19
[335000] MASTER 1 W_VALID_RDY Handshake beat=20 wlast=0
[345000] MASTER 1 W_VALID_RDY Handshake beat=21 wlast=0
[345000] S1 MEMORY WRITE beat=14 addr=18e4e310 data=8107fe7eff278c55 id=19
[355000] S1 MEMORY WRITE beat=15 addr=18e4e330 data=c7b14f00cff59e94 id=19
[355000] MASTER 1 W_VALID_RDY Handshake beat=22 wlast=0
[365000] MASTER 1 W_VALID_RDY Handshake beat=23 wlast=0
[365000] S1 MEMORY WRITE beat=16 addr=18e4e350 data=3216cab6f65f1620 id=19
[375000] S1 MEMORY WRITE beat=17 addr=18e4e370 data=f586a27530d13108 id=19
[375000] MASTER 1 W_VALID_RDY Handshake beat=24 wlast=0
[385000] MASTER 1 W_VALID_RDY Handshake beat=25 wlast=0
[385000] S1 MEMORY WRITE beat=18 addr=18e4e390 data=80c6cf9cb31ec934 id=19
[395000] S1 MEMORY WRITE beat=19 addr=18e4e3b0 data=a97ddf54bd37f175 id=19
[395000] MASTER 1 W_VALID_RDY Handshake beat=26 wlast=0
[405000] MASTER 1 W_VALID_RDY Handshake beat=27 wlast=0
[405000] S1 MEMORY WRITE beat=20 addr=18e4e3d0 data=ee09227db2dd9a52 id=19
[415000] S1 MEMORY WRITE beat=21 addr=18e4e3f0 data=e5fc63879f0481c9 id=19
[415000] MASTER 1 W_VALID_RDY Handshake beat=28 wlast=0
[425000] MASTER 1 W_VALID_RDY Handshake beat=29 wlast=0
[425000] S1 MEMORY WRITE beat=22 addr=18e4e410 data=dc3c733feecff21a id=19
[435000] S1 MEMORY WRITE beat=23 addr=18e4e430 data=a1ad8c6c8f7a42db id=19
[435000] MASTER 1 W_VALID_RDY Handshake beat=30 wlast=0
[445000] MASTER 1 W_VALID_RDY Handshake beat=31 wlast=0
[445000] S1 MEMORY WRITE beat=24 addr=18e4e450 data=2e7ec4a5ca4595bc id=19
[455000] S1 MEMORY WRITE beat=25 addr=18e4e470 data=b91587d687a9eff3 id=19
[455000] MASTER 1 W_VALID_RDY Handshake beat=32 wlast=0
[465000] MASTER 1 W_VALID_RDY Handshake beat=33 wlast=0
[465000] S1 MEMORY WRITE beat=26 addr=18e4e490 data=172432cf0abb37e4 id=19
[475000] S1 MEMORY WRITE beat=27 addr=18e4e4b0 data=d500cda0dac31443 id=19
[475000] MASTER 1 W_VALID_RDY Handshake beat=34 wlast=0
[485000] MASTER 1 W_VALID_RDY Handshake beat=35 wlast=0
[485000] S1 MEMORY WRITE beat=28 addr=18e4e4d0 data=e26d0436c5a2f774 id=19
[495000] S1 MEMORY WRITE beat=29 addr=18e4e4f0 data=d05e2f580e165577 id=19
[495000] MASTER 1 W_VALID_RDY Handshake beat=36 wlast=0
[505000] MASTER 1 W_VALID_RDY Handshake beat=37 wlast=0
[505000] S1 MEMORY WRITE beat=30 addr=18e4e510 data=e8d969baf9913705 id=19
[515000] S1 MEMORY WRITE beat=31 addr=18e4e530 data=bf342e79a55efcf8 id=19
[515000] MASTER 1 W_VALID_RDY Handshake beat=38 wlast=0
[525000] MASTER 1 W_VALID_RDY Handshake beat=39 wlast=0
[525000] S1 MEMORY WRITE beat=32 addr=18e4e550 data=b375526fcb466df0 id=19
[535000] S1 MEMORY WRITE beat=33 addr=18e4e570 data=c4d7a4f68f925dd1 id=19
[535000] MASTER 1 W_VALID_RDY Handshake beat=40 wlast=0
[545000] MASTER 1 W_VALID_RDY Handshake beat=41 wlast=0
[545000] S1 MEMORY WRITE beat=34 addr=18e4e590 data=34f15aca9c4ebc29 id=19
[555000] S1 MEMORY WRITE beat=35 addr=18e4e5b0 data=e7952a1a840bd36f id=19
[555000] MASTER 1 W_VALID_RDY Handshake beat=42 wlast=0
[565000] MASTER 1 W_VALID_RDY Handshake beat=43 wlast=0
[565000] S1 MEMORY WRITE beat=36 addr=18e4e5d0 data=139e3141e866ad39 id=19
[575000] S1 MEMORY WRITE beat=37 addr=18e4e5f0 data=04b569632c6ccf10 id=19
[575000] MASTER 1 W_VALID_RDY Handshake beat=44 wlast=0
[585000] MASTER 1 W_VALID_RDY Handshake beat=45 wlast=0
[585000] S1 MEMORY WRITE beat=38 addr=18e4e610 data=b078a27fc88f8c0b id=19
[595000] S1 MEMORY WRITE beat=39 addr=18e4e630 data=b0f63944ec4a937d id=19
[595000] MASTER 1 W_VALID_RDY Handshake beat=46 wlast=0
[605000] MASTER 1 W_VALID_RDY Handshake beat=47 wlast=0
[605000] S1 MEMORY WRITE beat=40 addr=18e4e650 data=18b7628dc416d3c0 id=19
[615000] S1 MEMORY WRITE beat=41 addr=18e4e670 data=8ca65fcbb5aba2a7 id=19
[615000] MASTER 1 W_VALID_RDY Handshake beat=48 wlast=0
[625000] MASTER 1 W_VALID_RDY Handshake beat=49 wlast=0
[625000] S1 MEMORY WRITE beat=42 addr=18e4e690 data=a1f63624c930050c id=19
[635000] S1 MEMORY WRITE beat=43 addr=18e4e6b0 data=0d46d8cd3d9c9910 id=19
[635000] MASTER 1 W_VALID_RDY Handshake beat=50 wlast=0
[645000] MASTER 1 W_VALID_RDY Handshake beat=51 wlast=0
[645000] S1 MEMORY WRITE beat=44 addr=18e4e6d0 data=f3483bb7baad98b1 id=19
[655000] S1 MEMORY WRITE beat=45 addr=18e4e6f0 data=03dd9dbe99ed3898 id=19
[655000] MASTER 1 W_VALID_RDY Handshake beat=52 wlast=0
[665000] MASTER 1 W_VALID_RDY Handshake beat=53 wlast=0
[665000] S1 MEMORY WRITE beat=46 addr=18e4e710 data=d789d1a8153e71dc id=19
[675000] S1 MEMORY WRITE beat=47 addr=18e4e730 data=cfec0a8d1124768b id=19
[675000] MASTER 1 W_VALID_RDY Handshake beat=54 wlast=0
[685000] MASTER 1 W_VALID_RDY Handshake beat=55 wlast=0
[685000] S1 MEMORY WRITE beat=48 addr=18e4e750 data=ab11af23cad20d60 id=19
[695000] S1 MEMORY WRITE beat=49 addr=18e4e770 data=e0107f3cd3c9a84b id=19
[695000] MASTER 1 W_VALID_RDY Handshake beat=56 wlast=0
[705000] MASTER 1 W_VALID_RDY Handshake beat=57 wlast=0
[705000] S1 MEMORY WRITE beat=50 addr=18e4e790 data=e4ee1ed6029b80cc id=19
[715000] S1 MEMORY WRITE beat=51 addr=18e4e7b0 data=cd6d8e2caffc89c9 id=19
[715000] MASTER 1 W_VALID_RDY Handshake beat=58 wlast=0
[725000] MASTER 1 W_VALID_RDY Handshake beat=59 wlast=0
[725000] S1 MEMORY WRITE beat=52 addr=18e4e7d0 data=03c632150fffcdfa id=19
[735000] S1 MEMORY WRITE beat=53 addr=18e4e7f0 data=129b4ec62d7e0d68 id=19
[735000] MASTER 1 W_VALID_RDY Handshake beat=60 wlast=0
[745000] MASTER 1 W_VALID_RDY Handshake beat=61 wlast=0
[745000] S1 MEMORY WRITE beat=54 addr=18e4e810 data=dd7a9731e8b450eb id=19
[755000] S1 MEMORY WRITE beat=55 addr=18e4e830 data=f8b41ee5e008dcf2 id=19
[755000] MASTER 1 W_VALID_RDY Handshake beat=62 wlast=0
[765000] MASTER 1 W_VALID_RDY Handshake beat=63 wlast=0
[765000] S1 MEMORY WRITE beat=56 addr=18e4e850 data=0d86ea5ae140c946 id=19
[775000] S1 MEMORY WRITE beat=57 addr=18e4e870 data=c9f51a328b4f6dab id=19
[775000] MASTER 1 W_VALID_RDY Handshake beat=64 wlast=0
[785000] MASTER 1 W_VALID_RDY Handshake beat=65 wlast=0
[785000] S1 MEMORY WRITE beat=58 addr=18e4e890 data=eb584a9deb01818b id=19
[795000] S1 MEMORY WRITE beat=59 addr=18e4e8b0 data=cc424ad2c2a93917 id=19
[795000] MASTER 1 W_VALID_RDY Handshake beat=66 wlast=0
[805000] MASTER 1 W_VALID_RDY Handshake beat=67 wlast=0
[805000] S1 MEMORY WRITE beat=60 addr=18e4e8d0 data=cdf8a6c3f8df34f7 id=19
[815000] S1 MEMORY WRITE beat=61 addr=18e4e8f0 data=e3e0b68316376504 id=19
[815000] MASTER 1 W_VALID_RDY Handshake beat=68 wlast=0
[825000] MASTER 1 W_VALID_RDY Handshake beat=69 wlast=0
[825000] S1 MEMORY WRITE beat=62 addr=18e4e910 data=d8e09e1bb950f160 id=19
[835000] S1 MEMORY WRITE beat=63 addr=18e4e930 data=3230265830230155 id=19
[835000] MASTER 1 W_VALID_RDY Handshake beat=70 wlast=0
[845000] MASTER 1 W_VALID_RDY Handshake beat=71 wlast=0
[845000] S1 MEMORY WRITE beat=64 addr=18e4e950 data=c65a6659a6d944de id=19
[855000] S1 MEMORY WRITE beat=65 addr=18e4e970 data=e02a363f1610dcdb id=19
[855000] MASTER 1 W_VALID_RDY Handshake beat=72 wlast=0
[865000] MASTER 1 W_VALID_RDY Handshake beat=73 wlast=0
[865000] S1 MEMORY WRITE beat=66 addr=18e4e990 data=c633de309f3b0474 id=19
[875000] S1 MEMORY WRITE beat=67 addr=18e4e9b0 data=c6144953125a5c97 id=19
[875000] MASTER 1 W_VALID_RDY Handshake beat=74 wlast=0
[885000] MASTER 1 W_VALID_RDY Handshake beat=75 wlast=0
[885000] S1 MEMORY WRITE beat=68 addr=18e4e9d0 data=286b39720c8e4489 id=19
[895000] S1 MEMORY WRITE beat=69 addr=18e4e9f0 data=abc948fd263e7f92 id=19
[895000] MASTER 1 W_VALID_RDY Handshake beat=76 wlast=0
[905000] MASTER 1 W_VALID_RDY Handshake beat=77 wlast=0
[905000] S1 MEMORY WRITE beat=70 addr=18e4ea10 data=3898dc29ee9f17a2 id=19
[915000] S1 MEMORY WRITE beat=71 addr=18e4ea30 data=fb2d5c2bf1dd9250 id=19
[915000] MASTER 1 W_VALID_RDY Handshake beat=78 wlast=0
[925000] MASTER 1 W_VALID_RDY Handshake beat=79 wlast=0
[925000] S1 MEMORY WRITE beat=72 addr=18e4ea50 data=981c11e2e104159b id=19
[935000] S1 MEMORY WRITE beat=73 addr=18e4ea70 data=cfa32d3da6f6a528 id=19
[935000] MASTER 1 W_VALID_RDY Handshake beat=80 wlast=0
[945000] MASTER 1 W_VALID_RDY Handshake beat=81 wlast=0
[945000] S1 MEMORY WRITE beat=74 addr=18e4ea90 data=18d43779d0b4ee0b id=19
[955000] S1 MEMORY WRITE beat=75 addr=18e4eab0 data=b1b903a6cad08968 id=19
[955000] MASTER 1 W_VALID_RDY Handshake beat=82 wlast=0
[965000] MASTER 1 W_VALID_RDY Handshake beat=83 wlast=0
[965000] S1 MEMORY WRITE beat=76 addr=18e4ead0 data=f1c72e90b0f0495b id=19
[975000] S1 MEMORY WRITE beat=77 addr=18e4eaf0 data=01a53767815c30e3 id=19
[975000] MASTER 1 W_VALID_RDY Handshake beat=84 wlast=0
[985000] MASTER 1 W_VALID_RDY Handshake beat=85 wlast=0
[985000] S1 MEMORY WRITE beat=78 addr=18e4eb10 data=cc2cba4b8a9b6609 id=19
[995000] S1 MEMORY WRITE beat=79 addr=18e4eb30 data=3b8baf65b35e3b0d id=19
[995000] MASTER 1 W_VALID_RDY Handshake beat=86 wlast=0
[1005000] MASTER 1 W_VALID_RDY Handshake beat=87 wlast=0
[1005000] S1 MEMORY WRITE beat=80 addr=18e4eb50 data=34ba6bf13df3e8dc id=19
[1015000] S1 MEMORY WRITE beat=81 addr=18e4eb70 data=c88f4ee53d30e6cc id=19
[1015000] MASTER 1 W_VALID_RDY Handshake beat=88 wlast=0
[1025000] MASTER 1 W_VALID_RDY Handshake beat=89 wlast=0
[1025000] S1 MEMORY WRITE beat=82 addr=18e4eb90 data=f08f21d980e7263c id=19
[1035000] S1 MEMORY WRITE beat=83 addr=18e4ebb0 data=bedb0f18841afe4a id=19
[1035000] MASTER 1 W_VALID_RDY Handshake beat=90 wlast=0
[1045000] MASTER 1 W_VALID_RDY Handshake beat=91 wlast=0
[1045000] S1 MEMORY WRITE beat=84 addr=18e4ebd0 data=c14be516a5498dca id=19
[1055000] S1 MEMORY WRITE beat=85 addr=18e4ebf0 data=2630b407076a5dfe id=19
[1055000] MASTER 1 W_VALID_RDY Handshake beat=92 wlast=0
[1065000] MASTER 1 W_VALID_RDY Handshake beat=93 wlast=0
[1065000] S1 MEMORY WRITE beat=86 addr=18e4ec10 data=8b855c4831db06f0 id=19
[1075000] S1 MEMORY WRITE beat=87 addr=18e4ec30 data=d72494bae50bc31f id=19
[1075000] MASTER 1 W_VALID_RDY Handshake beat=94 wlast=0
[1085000] MASTER 1 W_VALID_RDY Handshake beat=95 wlast=0
[1085000] S1 MEMORY WRITE beat=88 addr=18e4ec50 data=ec76211dccd1415f id=19
[1095000] S1 MEMORY WRITE beat=89 addr=18e4ec70 data=feac484ffd5548c1 id=19
[1095000] MASTER 1 W_VALID_RDY Handshake beat=96 wlast=0
[1105000] MASTER 1 W_VALID_RDY Handshake beat=97 wlast=0
[1105000] S1 MEMORY WRITE beat=90 addr=18e4ec90 data=e2610be1f7fb7d66 id=19
[1115000] S1 MEMORY WRITE beat=91 addr=18e4ecb0 data=c4ccbec5d5d0dd09 id=19
[1115000] MASTER 1 W_VALID_RDY Handshake beat=98 wlast=0
[1125000] MASTER 1 W_VALID_RDY Handshake beat=99 wlast=0
[1125000] S1 MEMORY WRITE beat=92 addr=18e4ecd0 data=d32625cbced72cfe id=19
[1135000] S1 MEMORY WRITE beat=93 addr=18e4ecf0 data=c6d2aa64c3790714 id=19
[1135000] MASTER 1 W_VALID_RDY Handshake beat=100 wlast=0
[1145000] MASTER 1 W_VALID_RDY Handshake beat=101 wlast=0
[1145000] S1 MEMORY WRITE beat=94 addr=18e4ed10 data=9949e41d358731ac id=19
[1155000] S1 MEMORY WRITE beat=95 addr=18e4ed30 data=845e5eaa8b9f6929 id=19
[1155000] MASTER 1 W_VALID_RDY Handshake beat=102 wlast=0
[1165000] MASTER 1 W_VALID_RDY Handshake beat=103 wlast=0
[1165000] S1 MEMORY WRITE beat=96 addr=18e4ed50 data=cf18703dec7009e8 id=19
[1175000] S1 MEMORY WRITE beat=97 addr=18e4ed70 data=a1f73b94cb31090f id=19
[1175000] MASTER 1 W_VALID_RDY Handshake beat=104 wlast=0
[1185000] MASTER 1 W_VALID_RDY Handshake beat=105 wlast=0
[1185000] S1 MEMORY WRITE beat=98 addr=18e4ed90 data=d6d07238e862545b id=19
[1195000] S1 MEMORY WRITE beat=99 addr=18e4edb0 data=d4d25e4326559a3f id=19
[1195000] MASTER 1 W_VALID_RDY Handshake beat=106 wlast=0
[1205000] MASTER 1 W_VALID_RDY Handshake beat=107 wlast=0
[1205000] S1 MEMORY WRITE beat=100 addr=18e4edd0 data=f186a34e25e8e276 id=19
[1215000] S1 MEMORY WRITE beat=101 addr=18e4edf0 data=0e4b36d1f6c999d8 id=19
[1215000] MASTER 1 W_VALID_RDY Handshake beat=108 wlast=0
[1225000] MASTER 1 W_VALID_RDY Handshake beat=109 wlast=0
[1225000] S1 MEMORY WRITE beat=102 addr=18e4ee10 data=1d1f3417c8571586 id=19
[1235000] S1 MEMORY WRITE beat=103 addr=18e4ee30 data=ee3ff7fce31d9514 id=19
[1235000] MASTER 1 W_VALID_RDY Handshake beat=110 wlast=0
[1245000] MASTER 1 W_VALID_RDY Handshake beat=111 wlast=0
[1245000] S1 MEMORY WRITE beat=104 addr=18e4ee50 data=d9e72eec0ea5d765 id=19
[1255000] S1 MEMORY WRITE beat=105 addr=18e4ee70 data=d6fcecebfc8b2ecd id=19
[1255000] MASTER 1 W_VALID_RDY Handshake beat=112 wlast=0
[1265000] MASTER 1 W_VALID_RDY Handshake beat=113 wlast=0
[1265000] S1 MEMORY WRITE beat=106 addr=18e4ee90 data=dfa8c3e2f7066303 id=19
[1275000] S1 MEMORY WRITE beat=107 addr=18e4eeb0 data=85ac3a68c53ce4e8 id=19
[1275000] MASTER 1 W_VALID_RDY Handshake beat=114 wlast=0
[1285000] MASTER 1 W_VALID_RDY Handshake beat=115 wlast=0
[1285000] S1 MEMORY WRITE beat=108 addr=18e4eed0 data=c1c813b5b98ff2ce id=19
[1295000] S1 MEMORY WRITE beat=109 addr=18e4eef0 data=309655d2dca92754 id=19
[1295000] MASTER 1 W_VALID_RDY Handshake beat=116 wlast=0
[1305000] MASTER 1 W_VALID_RDY Handshake beat=117 wlast=0
[1305000] S1 MEMORY WRITE beat=110 addr=18e4ef10 data=21e60c3ca170d797 id=19
[1315000] S1 MEMORY WRITE beat=111 addr=18e4ef30 data=db00ca66b642903a id=19
[1315000] MASTER 1 W_VALID_RDY Handshake beat=118 wlast=0
[1325000] MASTER 1 W_VALID_RDY Handshake beat=119 wlast=0
[1325000] S1 MEMORY WRITE beat=112 addr=18e4ef50 data=92ebb78ee3ae1ff1 id=19
[1335000] S1 MEMORY WRITE beat=113 addr=18e4ef70 data=051ef7890b972038 id=19
[1335000] MASTER 1 W_VALID_RDY Handshake beat=120 wlast=0
[1345000] MASTER 1 W_VALID_RDY Handshake beat=121 wlast=0
[1345000] S1 MEMORY WRITE beat=114 addr=18e4ef90 data=c1d9b072b4d1c3ca id=19
[1355000] S1 MEMORY WRITE beat=115 addr=18e4efb0 data=187fe3bce01fc1ef id=19
[1355000] MASTER 1 W_VALID_RDY Handshake beat=122 wlast=0
[1365000] MASTER 1 W_VALID_RDY Handshake beat=123 wlast=0
[1365000] S1 MEMORY WRITE beat=116 addr=18e4efd0 data=ebb6e227d4c56801 id=19
[1375000] S1 MEMORY WRITE beat=117 addr=18e4eff0 data=89972bcb1d9edb45 id=19
[1375000] MASTER 1 W_VALID_RDY Handshake beat=124 wlast=0
[1385000] MASTER 1 W_VALID_RDY Handshake beat=125 wlast=0
[1385000] S1 MEMORY WRITE beat=118 addr=18e4f010 data=fdbe9d34ad909299 id=19
[1395000] S1 MEMORY WRITE beat=119 addr=18e4f030 data=8255fa9aa2170f87 id=19
[1395000] MASTER 1 W_VALID_RDY Handshake beat=126 wlast=0
[1405000] MASTER 1 W_VALID_RDY Handshake beat=127 wlast=0
[1405000] S1 MEMORY WRITE beat=120 addr=18e4f050 data=bfb5eacce9757f5b id=19
[1415000] S1 MEMORY WRITE beat=121 addr=18e4f070 data=970611f40bed2666 id=19
[1415000] MASTER 1 W_VALID_RDY Handshake beat=128 wlast=0
[1425000] MASTER 1 W_VALID_RDY Handshake beat=129 wlast=0
[1425000] S1 MEMORY WRITE beat=122 addr=18e4f090 data=ae0435edbd748800 id=19
[1435000] S1 MEMORY WRITE beat=123 addr=18e4f0b0 data=a6ea075b195c0c8f id=19
[1435000] MASTER 1 W_VALID_RDY Handshake beat=130 wlast=0
[1445000] MASTER 1 W_VALID_RDY Handshake beat=131 wlast=0
[1445000] S1 MEMORY WRITE beat=124 addr=18e4f0d0 data=254932f5edba20ba id=19
[1455000] S1 MEMORY WRITE beat=125 addr=18e4f0f0 data=ab2ea8ba3df01950 id=19
[1455000] MASTER 1 W_VALID_RDY Handshake beat=132 wlast=0
[1465000] MASTER 1 W_VALID_RDY Handshake beat=133 wlast=0
[1465000] S1 MEMORY WRITE beat=126 addr=18e4f110 data=d74c25dfd34d68e2 id=19
[1475000] S1 MEMORY WRITE beat=127 addr=18e4f130 data=c107899cd218b016 id=19
[1475000] MASTER 1 W_VALID_RDY Handshake beat=134 wlast=0
[1485000] MASTER 1 W_VALID_RDY Handshake beat=135 wlast=0
[1485000] S1 MEMORY WRITE beat=128 addr=18e4f150 data=1008c966fc9558d4 id=19
[1495000] S1 MEMORY WRITE beat=129 addr=18e4f170 data=cfe2c1b6ec363257 id=19
[1495000] MASTER 1 W_VALID_RDY Handshake beat=136 wlast=0
[1505000] MASTER 1 W_VALID_RDY Handshake beat=137 wlast=0
[1505000] S1 MEMORY WRITE beat=130 addr=18e4f190 data=3e4ee26de754ef45 id=19
[1515000] S1 MEMORY WRITE beat=131 addr=18e4f1b0 data=e3ea481910ea4b53 id=19
[1515000] MASTER 1 W_VALID_RDY Handshake beat=138 wlast=0
[1525000] MASTER_DRIVER1 received transaction, op=AXI_WRITE
[1525000] MASTER 1 W_VALID_RDY Handshake beat=139 wlast=1
[1525000] S1 MEMORY WRITE beat=132 addr=18e4f1d0 data=fd207daace57abd3 id=19
[1535000] S1 MEMORY WRITE beat=133 addr=18e4f1f0 data=35ac9b18b3cd09cf id=19
[1545000] MASTER 1 AW_VALID_RDY Handshake
[1545000] S1 MEMORY WRITE beat=134 addr=18e4f210 data=c4b755223b6f6017 id=19
[1555000] S1 MEMORY WRITE beat=135 addr=18e4f230 data=09c70bea1996e331 id=19
[1565000] MASTER 1 W_VALID_RDY Handshake beat=0 wlast=0
[1565000] S1 MEMORY WRITE beat=136 addr=18e4f250 data=cd63ed00c1d7d2cc id=19
[1575000] S1 MEMORY WRITE beat=137 addr=18e4f270 data=fd4732e33f73a702 id=19
[1575000] MASTER 1 W_VALID_RDY Handshake beat=1 wlast=0
[1585000] MASTER 1 W_VALID_RDY Handshake beat=2 wlast=0
[1585000] S1 MEMORY WRITE beat=138 addr=18e4f290 data=d90a8a33121b4223 id=19
[1595000] S1 MEMORY WRITE beat=139 addr=18e4f2b0 data=d3f314ef870e3ecd id=19
[1595000] MASTER 1 W_VALID_RDY Handshake beat=3 wlast=0
[1605000] MASTER 1 W_VALID_RDY Handshake beat=4 wlast=0
[1605000] ARB MONITOR: slave=0 m0_req=0 m1_req=1 winner=1
[1605000] SLAVE1 sent B resp, id=9
[1605000] AXI S0_AWVALID_RDY HANDSHAKE
[1615000] AXI S0_WVALID_RDY HANDSHAKE
[1615000] S0 MEMORY WRITE beat=0 addr=04e57090 data=92bcc0b5e46ba960 id=19
[1615000] AXI S1_AWVALID_RDY HANDSHAKE
[1615000] [SLAVE MONITOR] mst_id=1 s_id=1 awaddr=18e4e150 awid=1001 awlen=139 awsize=5 awburst=1 wdata=[9de689ce3c45fadc acdd1960ddf18f2 d0a90696c4455217 8b4cf3d683b2db e462cbcdee8f9065 32d4e27c0b591e89 e1dcd164b50bd263 a39b62c833602f6f 3eb94df8c63f9d31 fb4b6f94d6704544 89d074b320961f5c e6d5bc8d1ee6d25d f55717a1c889c2ab e91fe207e2212c21 8107fe7eff278c55 c7b14f00cff59e94 3216cab6f65f1620 f586a27530d13108 80c6cf9cb31ec934 a97ddf54bd37f175 ee09227db2dd9a52 e5fc63879f0481c9 dc3c733feecff21a a1ad8c6c8f7a42db 2e7ec4a5ca4595bc b91587d687a9eff3 172432cf0abb37e4 d500cda0dac31443 e26d0436c5a2f774 d05e2f580e165577 e8d969baf9913705 bf342e79a55efcf8 b375526fcb466df0 c4d7a4f68f925dd1 34f15aca9c4ebc29 e7952a1a840bd36f 139e3141e866ad39 4b569632c6ccf10 b078a27fc88f8c0b b0f63944ec4a937d 18b7628dc416d3c0 8ca65fcbb5aba2a7 a1f63624c930050c d46d8cd3d9c9910 f3483bb7baad98b1 3dd9dbe99ed3898 d789d1a8153e71dc cfec0a8d1124768b ab11af23cad20d60 e0107f3cd3c9a84b e4ee1ed6029b80cc cd6d8e2caffc89c9 3c632150fffcdfa 129b4ec62d7e0d68 dd7a9731e8b450eb f8b41ee5e008dcf2 d86ea5ae140c946 c9f51a328b4f6dab eb584a9deb01818b cc424ad2c2a93917 cdf8a6c3f8df34f7 e3e0b68316376504 d8e09e1bb950f160 3230265830230155 c65a6659a6d944de e02a363f1610dcdb c633de309f3b0474 c6144953125a5c97 286b39720c8e4489 abc948fd263e7f92 3898dc29ee9f17a2 fb2d5c2bf1dd9250 981c11e2e104159b cfa32d3da6f6a528 18d43779d0b4ee0b b1b903a6cad08968 f1c72e90b0f0495b 1a53767815c30e3 cc2cba4b8a9b6609 3b8baf65b35e3b0d 34ba6bf13df3e8dc c88f4ee53d30e6cc f08f21d980e7263c bedb0f18841afe4a c14be516a5498dca 2630b407076a5dfe 8b855c4831db06f0 d72494bae50bc31f ec76211dccd1415f feac484ffd5548c1 e2610be1f7fb7d66 c4ccbec5d5d0dd09 d32625cbced72cfe c6d2aa64c3790714 9949e41d358731ac 845e5eaa8b9f6929 cf18703dec7009e8 a1f73b94cb31090f d6d07238e862545b d4d25e4326559a3f f186a34e25e8e276 e4b36d1f6c999d8 1d1f3417c8571586 ee3ff7fce31d9514 d9e72eec0ea5d765 d6fcecebfc8b2ecd dfa8c3e2f7066303 85ac3a68c53ce4e8 c1c813b5b98ff2ce 309655d2dca92754 21e60c3ca170d797 db00ca66b642903a 92ebb78ee3ae1ff1 51ef7890b972038 c1d9b072b4d1c3ca 187fe3bce01fc1ef ebb6e227d4c56801 89972bcb1d9edb45 fdbe9d34ad909299 8255fa9aa2170f87 bfb5eacce9757f5b 970611f40bed2666 ae0435edbd748800 a6ea075b195c0c8f 254932f5edba20ba ab2ea8ba3df01950 d74c25dfd34d68e2 c107899cd218b016 1008c966fc9558d4 cfe2c1b6ec363257 3e4ee26de754ef45 e3ea481910ea4b53 fd207daace57abd3 35ac9b18b3cd09cf c4b755223b6f6017 9c70bea1996e331 cd63ed00c1d7d2cc fd4732e33f73a702 d90a8a33121b4223 d3f314ef870e3ecd ] wstrb=[33 cf d3 56 2 a0 46 36 70 19 8c 72 b9 d2 a8 29 eb 35 9c a5 7 44 ce f3 79 6a 98 81 af 66 74 28 d1 c a9 80 72 1d a8 43 29 52 c3 9c 6f 6c df 99 be a3 35 2d f 14 c6 cd b7 fb fa c6 10 c1 93 c7 bc 8e 8e cc 4f 21 94 b af 22 d8 fe 43 6c a f3 8e e2 f1 d1 4e fb c4 dc dd b6 ad 2b b1 72 7 8f 28 b5 ba d9 27 c2 68 4f 77 23 28 9e e5 91 ed 5c b4 15 fa 99 a6 e7 f5 5a fc ef f3 a3 d6 e8 fd d2 d7 f1 75 ad d9 73 80 b1 64 f5 5e 3d ] bresp=0 bid=11001
[1615000] ARB MONITOR: slave=1 m0_req=1 m1_req=0 winner=0
[1615000] MASTER 1 W_VALID_RDY Handshake beat=5 wlast=0
[1625000] MASTER 1 RECEIVED BRESP. BRESP=0
[1625000] [MASTER DRIVER] mst_id=1 s_id=0 awaddr=18e4e150 awid=1001 awlen=139 awsize=5 awburst=1 wdata=[9de689ce3c45fadc acdd1960ddf18f2 d0a90696c4455217 8b4cf3d683b2db e462cbcdee8f9065 32d4e27c0b591e89 e1dcd164b50bd263 a39b62c833602f6f 3eb94df8c63f9d31 fb4b6f94d6704544 89d074b320961f5c e6d5bc8d1ee6d25d f55717a1c889c2ab e91fe207e2212c21 8107fe7eff278c55 c7b14f00cff59e94 3216cab6f65f1620 f586a27530d13108 80c6cf9cb31ec934 a97ddf54bd37f175 ee09227db2dd9a52 e5fc63879f0481c9 dc3c733feecff21a a1ad8c6c8f7a42db 2e7ec4a5ca4595bc b91587d687a9eff3 172432cf0abb37e4 d500cda0dac31443 e26d0436c5a2f774 d05e2f580e165577 e8d969baf9913705 bf342e79a55efcf8 b375526fcb466df0 c4d7a4f68f925dd1 34f15aca9c4ebc29 e7952a1a840bd36f 139e3141e866ad39 4b569632c6ccf10 b078a27fc88f8c0b b0f63944ec4a937d 18b7628dc416d3c0 8ca65fcbb5aba2a7 a1f63624c930050c d46d8cd3d9c9910 f3483bb7baad98b1 3dd9dbe99ed3898 d789d1a8153e71dc cfec0a8d1124768b ab11af23cad20d60 e0107f3cd3c9a84b e4ee1ed6029b80cc cd6d8e2caffc89c9 3c632150fffcdfa 129b4ec62d7e0d68 dd7a9731e8b450eb f8b41ee5e008dcf2 d86ea5ae140c946 c9f51a328b4f6dab eb584a9deb01818b cc424ad2c2a93917 cdf8a6c3f8df34f7 e3e0b68316376504 d8e09e1bb950f160 3230265830230155 c65a6659a6d944de e02a363f1610dcdb c633de309f3b0474 c6144953125a5c97 286b39720c8e4489 abc948fd263e7f92 3898dc29ee9f17a2 fb2d5c2bf1dd9250 981c11e2e104159b cfa32d3da6f6a528 18d43779d0b4ee0b b1b903a6cad08968 f1c72e90b0f0495b 1a53767815c30e3 cc2cba4b8a9b6609 3b8baf65b35e3b0d 34ba6bf13df3e8dc c88f4ee53d30e6cc f08f21d980e7263c bedb0f18841afe4a c14be516a5498dca 2630b407076a5dfe 8b855c4831db06f0 d72494bae50bc31f ec76211dccd1415f feac484ffd5548c1 e2610be1f7fb7d66 c4ccbec5d5d0dd09 d32625cbced72cfe c6d2aa64c3790714 9949e41d358731ac 845e5eaa8b9f6929 cf18703dec7009e8 a1f73b94cb31090f d6d07238e862545b d4d25e4326559a3f f186a34e25e8e276 e4b36d1f6c999d8 1d1f3417c8571586 ee3ff7fce31d9514 d9e72eec0ea5d765 d6fcecebfc8b2ecd dfa8c3e2f7066303 85ac3a68c53ce4e8 c1c813b5b98ff2ce 309655d2dca92754 21e60c3ca170d797 db00ca66b642903a 92ebb78ee3ae1ff1 51ef7890b972038 c1d9b072b4d1c3ca 187fe3bce01fc1ef ebb6e227d4c56801 89972bcb1d9edb45 fdbe9d34ad909299 8255fa9aa2170f87 bfb5eacce9757f5b 970611f40bed2666 ae0435edbd748800 a6ea075b195c0c8f 254932f5edba20ba ab2ea8ba3df01950 d74c25dfd34d68e2 c107899cd218b016 1008c966fc9558d4 cfe2c1b6ec363257 3e4ee26de754ef45 e3ea481910ea4b53 fd207daace57abd3 35ac9b18b3cd09cf c4b755223b6f6017 9c70bea1996e331 cd63ed00c1d7d2cc fd4732e33f73a702 d90a8a33121b4223 d3f314ef870e3ecd ] wstrb=[33 cf d3 56 2 a0 46 36 70 19 8c 72 b9 d2 a8 29 eb 35 9c a5 7 44 ce f3 79 6a 98 81 af 66 74 28 d1 c a9 80 72 1d a8 43 29 52 c3 9c 6f 6c df 99 be a3 35 2d f 14 c6 cd b7 fb fa c6 10 c1 93 c7 bc 8e 8e cc 4f 21 94 b af 22 d8 fe 43 6c a f3 8e e2 f1 d1 4e fb c4 dc dd b6 ad 2b b1 72 7 8f 28 b5 ba d9 27 c2 68 4f 77 23 28 9e e5 91 ed 5c b4 15 fa 99 a6 e7 f5 5a fc ef f3 a3 d6 e8 fd d2 d7 f1 75 ad d9 73 80 b1 64 f5 5e 3d ] bresp=0 bid=1001
[1625000] MASTER 1 W_VALID_RDY Handshake beat=6 wlast=0
[1625000] MASTER 1 B_VALID_RDY Handshake
[1625000] [MASTER MONITOR] mst_id=1 s_id=1 awaddr=18e4e150 awid=1001 awlen=139 awsize=5 awburst=1 wdata=[9de689ce3c45fadc acdd1960ddf18f2 d0a90696c4455217 8b4cf3d683b2db e462cbcdee8f9065 32d4e27c0b591e89 e1dcd164b50bd263 a39b62c833602f6f 3eb94df8c63f9d31 fb4b6f94d6704544 89d074b320961f5c e6d5bc8d1ee6d25d f55717a1c889c2ab e91fe207e2212c21 8107fe7eff278c55 c7b14f00cff59e94 3216cab6f65f1620 f586a27530d13108 80c6cf9cb31ec934 a97ddf54bd37f175 ee09227db2dd9a52 e5fc63879f0481c9 dc3c733feecff21a a1ad8c6c8f7a42db 2e7ec4a5ca4595bc b91587d687a9eff3 172432cf0abb37e4 d500cda0dac31443 e26d0436c5a2f774 d05e2f580e165577 e8d969baf9913705 bf342e79a55efcf8 b375526fcb466df0 c4d7a4f68f925dd1 34f15aca9c4ebc29 e7952a1a840bd36f 139e3141e866ad39 4b569632c6ccf10 b078a27fc88f8c0b b0f63944ec4a937d 18b7628dc416d3c0 8ca65fcbb5aba2a7 a1f63624c930050c d46d8cd3d9c9910 f3483bb7baad98b1 3dd9dbe99ed3898 d789d1a8153e71dc cfec0a8d1124768b ab11af23cad20d60 e0107f3cd3c9a84b e4ee1ed6029b80cc cd6d8e2caffc89c9 3c632150fffcdfa 129b4ec62d7e0d68 dd7a9731e8b450eb f8b41ee5e008dcf2 d86ea5ae140c946 c9f51a328b4f6dab eb584a9deb01818b cc424ad2c2a93917 cdf8a6c3f8df34f7 e3e0b68316376504 d8e09e1bb950f160 3230265830230155 c65a6659a6d944de e02a363f1610dcdb c633de309f3b0474 c6144953125a5c97 286b39720c8e4489 abc948fd263e7f92 3898dc29ee9f17a2 fb2d5c2bf1dd9250 981c11e2e104159b cfa32d3da6f6a528 18d43779d0b4ee0b b1b903a6cad08968 f1c72e90b0f0495b 1a53767815c30e3 cc2cba4b8a9b6609 3b8baf65b35e3b0d 34ba6bf13df3e8dc c88f4ee53d30e6cc f08f21d980e7263c bedb0f18841afe4a c14be516a5498dca 2630b407076a5dfe 8b855c4831db06f0 d72494bae50bc31f ec76211dccd1415f feac484ffd5548c1 e2610be1f7fb7d66 c4ccbec5d5d0dd09 d32625cbced72cfe c6d2aa64c3790714 9949e41d358731ac 845e5eaa8b9f6929 cf18703dec7009e8 a1f73b94cb31090f d6d07238e862545b d4d25e4326559a3f f186a34e25e8e276 e4b36d1f6c999d8 1d1f3417c8571586 ee3ff7fce31d9514 d9e72eec0ea5d765 d6fcecebfc8b2ecd dfa8c3e2f7066303 85ac3a68c53ce4e8 c1c813b5b98ff2ce 309655d2dca92754 21e60c3ca170d797 db00ca66b642903a 92ebb78ee3ae1ff1 51ef7890b972038 c1d9b072b4d1c3ca 187fe3bce01fc1ef ebb6e227d4c56801 89972bcb1d9edb45 fdbe9d34ad909299 8255fa9aa2170f87 bfb5eacce9757f5b 970611f40bed2666 ae0435edbd748800 a6ea075b195c0c8f 254932f5edba20ba ab2ea8ba3df01950 d74c25dfd34d68e2 c107899cd218b016 1008c966fc9558d4 cfe2c1b6ec363257 3e4ee26de754ef45 e3ea481910ea4b53 fd207daace57abd3 35ac9b18b3cd09cf c4b755223b6f6017 9c70bea1996e331 cd63ed00c1d7d2cc fd4732e33f73a702 d90a8a33121b4223 d3f314ef870e3ecd ] wstrb=[33 cf d3 56 2 a0 46 36 70 19 8c 72 b9 d2 a8 29 eb 35 9c a5 7 44 ce f3 79 6a 98 81 af 66 74 28 d1 c a9 80 72 1d a8 43 29 52 c3 9c 6f 6c df 99 be a3 35 2d f 14 c6 cd b7 fb fa c6 10 c1 93 c7 bc 8e 8e cc 4f 21 94 b af 22 d8 fe 43 6c a f3 8e e2 f1 d1 4e fb c4 dc dd b6 ad 2b b1 72 7 8f 28 b5 ba d9 27 c2 68 4f 77 23 28 9e e5 91 ed 5c b4 15 fa 99 a6 e7 f5 5a fc ef f3 a3 d6 e8 fd d2 d7 f1 75 ad d9 73 80 b1 64 f5 5e 3d ] bresp=0 bid=1001
[1625000] S1 MEMORY WRITE beat=0 addr=19600098 data=b6799a68835f52a9 id=0f
[1625000] AXI S0_WVALID_RDY HANDSHAKE
[1625000] S0 MEMORY WRITE beat=1 addr=04e57090 data=985b532dc5c7b1c4 id=19
[1625000] SCOREBOARD MATCH: decode_err expected = 0, actual =0
[1625000] SCOREBOARD MATCH: slave_id expected = 1, actual =1
[1625000] SCOREBOARD MATCH: awaddr passthrough expected = 18e4e150, actual =18e4e150
[1625000] SCOREBOARD MATCH: awlen passthrough expected = 139, actual =139
[1625000] SCOREBOARD MATCH: awsize passthrough expected = 5, actual =5
[1625000] SCOREBOARD MATCH: awburst passthrough expected = 1, actual =1
[1625000] SCOREBOARD MATCH: wdata size check expected = 8c, actual =8c
[1625000] SCOREBOARD MATCH: wdata passthrough beat=0 expected = 9de689ce3c45fadc, actual =9de689ce3c45fadc
[1625000] SCOREBOARD MATCH: wdata passthrough beat=1 expected = acdd1960ddf18f2, actual =acdd1960ddf18f2
[1625000] SCOREBOARD MATCH: wdata passthrough beat=2 expected = d0a90696c4455217, actual =d0a90696c4455217
[1625000] SCOREBOARD MATCH: wdata passthrough beat=3 expected = 8b4cf3d683b2db, actual =8b4cf3d683b2db
[1625000] SCOREBOARD MATCH: wdata passthrough beat=4 expected = e462cbcdee8f9065, actual =e462cbcdee8f9065
[1625000] SCOREBOARD MATCH: wdata passthrough beat=5 expected = 32d4e27c0b591e89, actual =32d4e27c0b591e89
[1625000] SCOREBOARD MATCH: wdata passthrough beat=6 expected = e1dcd164b50bd263, actual =e1dcd164b50bd263
[1625000] SCOREBOARD MATCH: wdata passthrough beat=7 expected = a39b62c833602f6f, actual =a39b62c833602f6f
[1625000] SCOREBOARD MATCH: wdata passthrough beat=8 expected = 3eb94df8c63f9d31, actual =3eb94df8c63f9d31
[1625000] SCOREBOARD MATCH: wdata passthrough beat=9 expected = fb4b6f94d6704544, actual =fb4b6f94d6704544
[1625000] SCOREBOARD MATCH: wdata passthrough beat=10 expected = 89d074b320961f5c, actual =89d074b320961f5c
[1625000] SCOREBOARD MATCH: wdata passthrough beat=11 expected = e6d5bc8d1ee6d25d, actual =e6d5bc8d1ee6d25d
[1625000] SCOREBOARD MATCH: wdata passthrough beat=12 expected = f55717a1c889c2ab, actual =f55717a1c889c2ab
[1625000] SCOREBOARD MATCH: wdata passthrough beat=13 expected = e91fe207e2212c21, actual =e91fe207e2212c21
[1625000] SCOREBOARD MATCH: wdata passthrough beat=14 expected = 8107fe7eff278c55, actual =8107fe7eff278c55
[1625000] SCOREBOARD MATCH: wdata passthrough beat=15 expected = c7b14f00cff59e94, actual =c7b14f00cff59e94
[1625000] SCOREBOARD MATCH: wdata passthrough beat=16 expected = 3216cab6f65f1620, actual =3216cab6f65f1620
[1625000] SCOREBOARD MATCH: wdata passthrough beat=17 expected = f586a27530d13108, actual =f586a27530d13108
[1625000] SCOREBOARD MATCH: wdata passthrough beat=18 expected = 80c6cf9cb31ec934, actual =80c6cf9cb31ec934
[1625000] SCOREBOARD MATCH: wdata passthrough beat=19 expected = a97ddf54bd37f175, actual =a97ddf54bd37f175
[1625000] SCOREBOARD MATCH: wdata passthrough beat=20 expected = ee09227db2dd9a52, actual =ee09227db2dd9a52
[1625000] SCOREBOARD MATCH: wdata passthrough beat=21 expected = e5fc63879f0481c9, actual =e5fc63879f0481c9
[1625000] SCOREBOARD MATCH: wdata passthrough beat=22 expected = dc3c733feecff21a, actual =dc3c733feecff21a
[1625000] SCOREBOARD MATCH: wdata passthrough beat=23 expected = a1ad8c6c8f7a42db, actual =a1ad8c6c8f7a42db
[1625000] SCOREBOARD MATCH: wdata passthrough beat=24 expected = 2e7ec4a5ca4595bc, actual =2e7ec4a5ca4595bc
[1625000] SCOREBOARD MATCH: wdata passthrough beat=25 expected = b91587d687a9eff3, actual =b91587d687a9eff3
[1625000] SCOREBOARD MATCH: wdata passthrough beat=26 expected = 172432cf0abb37e4, actual =172432cf0abb37e4
[1625000] SCOREBOARD MATCH: wdata passthrough beat=27 expected = d500cda0dac31443, actual =d500cda0dac31443
[1625000] SCOREBOARD MATCH: wdata passthrough beat=28 expected = e26d0436c5a2f774, actual =e26d0436c5a2f774
[1625000] SCOREBOARD MATCH: wdata passthrough beat=29 expected = d05e2f580e165577, actual =d05e2f580e165577
[1625000] SCOREBOARD MATCH: wdata passthrough beat=30 expected = e8d969baf9913705, actual =e8d969baf9913705
[1625000] SCOREBOARD MATCH: wdata passthrough beat=31 expected = bf342e79a55efcf8, actual =bf342e79a55efcf8
[1625000] SCOREBOARD MATCH: wdata passthrough beat=32 expected = b375526fcb466df0, actual =b375526fcb466df0
[1625000] SCOREBOARD MATCH: wdata passthrough beat=33 expected = c4d7a4f68f925dd1, actual =c4d7a4f68f925dd1
[1625000] SCOREBOARD MATCH: wdata passthrough beat=34 expected = 34f15aca9c4ebc29, actual =34f15aca9c4ebc29
[1625000] SCOREBOARD MATCH: wdata passthrough beat=35 expected = e7952a1a840bd36f, actual =e7952a1a840bd36f
[1625000] SCOREBOARD MATCH: wdata passthrough beat=36 expected = 139e3141e866ad39, actual =139e3141e866ad39
[1625000] SCOREBOARD MATCH: wdata passthrough beat=37 expected = 4b569632c6ccf10, actual =4b569632c6ccf10
[1625000] SCOREBOARD MATCH: wdata passthrough beat=38 expected = b078a27fc88f8c0b, actual =b078a27fc88f8c0b
[1625000] SCOREBOARD MATCH: wdata passthrough beat=39 expected = b0f63944ec4a937d, actual =b0f63944ec4a937d
[1625000] SCOREBOARD MATCH: wdata passthrough beat=40 expected = 18b7628dc416d3c0, actual =18b7628dc416d3c0
[1625000] SCOREBOARD MATCH: wdata passthrough beat=41 expected = 8ca65fcbb5aba2a7, actual =8ca65fcbb5aba2a7
[1625000] SCOREBOARD MATCH: wdata passthrough beat=42 expected = a1f63624c930050c, actual =a1f63624c930050c
[1625000] SCOREBOARD MATCH: wdata passthrough beat=43 expected = d46d8cd3d9c9910, actual =d46d8cd3d9c9910
[1625000] SCOREBOARD MATCH: wdata passthrough beat=44 expected = f3483bb7baad98b1, actual =f3483bb7baad98b1
[1625000] SCOREBOARD MATCH: wdata passthrough beat=45 expected = 3dd9dbe99ed3898, actual =3dd9dbe99ed3898
[1625000] SCOREBOARD MATCH: wdata passthrough beat=46 expected = d789d1a8153e71dc, actual =d789d1a8153e71dc
[1625000] SCOREBOARD MATCH: wdata passthrough beat=47 expected = cfec0a8d1124768b, actual =cfec0a8d1124768b
[1625000] SCOREBOARD MATCH: wdata passthrough beat=48 expected = ab11af23cad20d60, actual =ab11af23cad20d60
[1625000] SCOREBOARD MATCH: wdata passthrough beat=49 expected = e0107f3cd3c9a84b, actual =e0107f3cd3c9a84b
[1625000] SCOREBOARD MATCH: wdata passthrough beat=50 expected = e4ee1ed6029b80cc, actual =e4ee1ed6029b80cc
[1625000] SCOREBOARD MATCH: wdata passthrough beat=51 expected = cd6d8e2caffc89c9, actual =cd6d8e2caffc89c9
[1625000] SCOREBOARD MATCH: wdata passthrough beat=52 expected = 3c632150fffcdfa, actual =3c632150fffcdfa
[1625000] SCOREBOARD MATCH: wdata passthrough beat=53 expected = 129b4ec62d7e0d68, actual =129b4ec62d7e0d68
[1625000] SCOREBOARD MATCH: wdata passthrough beat=54 expected = dd7a9731e8b450eb, actual =dd7a9731e8b450eb
[1625000] SCOREBOARD MATCH: wdata passthrough beat=55 expected = f8b41ee5e008dcf2, actual =f8b41ee5e008dcf2
[1625000] SCOREBOARD MATCH: wdata passthrough beat=56 expected = d86ea5ae140c946, actual =d86ea5ae140c946
[1625000] SCOREBOARD MATCH: wdata passthrough beat=57 expected = c9f51a328b4f6dab, actual =c9f51a328b4f6dab
[1625000] SCOREBOARD MATCH: wdata passthrough beat=58 expected = eb584a9deb01818b, actual =eb584a9deb01818b
[1625000] SCOREBOARD MATCH: wdata passthrough beat=59 expected = cc424ad2c2a93917, actual =cc424ad2c2a93917
[1625000] SCOREBOARD MATCH: wdata passthrough beat=60 expected = cdf8a6c3f8df34f7, actual =cdf8a6c3f8df34f7
[1625000] SCOREBOARD MATCH: wdata passthrough beat=61 expected = e3e0b68316376504, actual =e3e0b68316376504
[1625000] SCOREBOARD MATCH: wdata passthrough beat=62 expected = d8e09e1bb950f160, actual =d8e09e1bb950f160
[1625000] SCOREBOARD MATCH: wdata passthrough beat=63 expected = 3230265830230155, actual =3230265830230155
[1625000] SCOREBOARD MATCH: wdata passthrough beat=64 expected = c65a6659a6d944de, actual =c65a6659a6d944de
[1625000] SCOREBOARD MATCH: wdata passthrough beat=65 expected = e02a363f1610dcdb, actual =e02a363f1610dcdb
[1625000] SCOREBOARD MATCH: wdata passthrough beat=66 expected = c633de309f3b0474, actual =c633de309f3b0474
[1625000] SCOREBOARD MATCH: wdata passthrough beat=67 expected = c6144953125a5c97, actual =c6144953125a5c97
[1625000] SCOREBOARD MATCH: wdata passthrough beat=68 expected = 286b39720c8e4489, actual =286b39720c8e4489
[1625000] SCOREBOARD MATCH: wdata passthrough beat=69 expected = abc948fd263e7f92, actual =abc948fd263e7f92
[1625000] SCOREBOARD MATCH: wdata passthrough beat=70 expected = 3898dc29ee9f17a2, actual =3898dc29ee9f17a2
[1625000] SCOREBOARD MATCH: wdata passthrough beat=71 expected = fb2d5c2bf1dd9250, actual =fb2d5c2bf1dd9250
[1625000] SCOREBOARD MATCH: wdata passthrough beat=72 expected = 981c11e2e104159b, actual =981c11e2e104159b
[1625000] SCOREBOARD MATCH: wdata passthrough beat=73 expected = cfa32d3da6f6a528, actual =cfa32d3da6f6a528
[1625000] SCOREBOARD MATCH: wdata passthrough beat=74 expected = 18d43779d0b4ee0b, actual =18d43779d0b4ee0b
[1625000] SCOREBOARD MATCH: wdata passthrough beat=75 expected = b1b903a6cad08968, actual =b1b903a6cad08968
[1625000] SCOREBOARD MATCH: wdata passthrough beat=76 expected = f1c72e90b0f0495b, actual =f1c72e90b0f0495b
[1625000] SCOREBOARD MATCH: wdata passthrough beat=77 expected = 1a53767815c30e3, actual =1a53767815c30e3
[1625000] SCOREBOARD MATCH: wdata passthrough beat=78 expected = cc2cba4b8a9b6609, actual =cc2cba4b8a9b6609
[1625000] SCOREBOARD MATCH: wdata passthrough beat=79 expected = 3b8baf65b35e3b0d, actual =3b8baf65b35e3b0d
[1625000] SCOREBOARD MATCH: wdata passthrough beat=80 expected = 34ba6bf13df3e8dc, actual =34ba6bf13df3e8dc
[1625000] SCOREBOARD MATCH: wdata passthrough beat=81 expected = c88f4ee53d30e6cc, actual =c88f4ee53d30e6cc
[1625000] SCOREBOARD MATCH: wdata passthrough beat=82 expected = f08f21d980e7263c, actual =f08f21d980e7263c
[1625000] SCOREBOARD MATCH: wdata passthrough beat=83 expected = bedb0f18841afe4a, actual =bedb0f18841afe4a
[1625000] SCOREBOARD MATCH: wdata passthrough beat=84 expected = c14be516a5498dca, actual =c14be516a5498dca
[1625000] SCOREBOARD MATCH: wdata passthrough beat=85 expected = 2630b407076a5dfe, actual =2630b407076a5dfe
[1625000] SCOREBOARD MATCH: wdata passthrough beat=86 expected = 8b855c4831db06f0, actual =8b855c4831db06f0
[1625000] SCOREBOARD MATCH: wdata passthrough beat=87 expected = d72494bae50bc31f, actual =d72494bae50bc31f
[1625000] SCOREBOARD MATCH: wdata passthrough beat=88 expected = ec76211dccd1415f, actual =ec76211dccd1415f
[1625000] SCOREBOARD MATCH: wdata passthrough beat=89 expected = feac484ffd5548c1, actual =feac484ffd5548c1
[1625000] SCOREBOARD MATCH: wdata passthrough beat=90 expected = e2610be1f7fb7d66, actual =e2610be1f7fb7d66
[1625000] SCOREBOARD MATCH: wdata passthrough beat=91 expected = c4ccbec5d5d0dd09, actual =c4ccbec5d5d0dd09
[1625000] SCOREBOARD MATCH: wdata passthrough beat=92 expected = d32625cbced72cfe, actual =d32625cbced72cfe
[1625000] SCOREBOARD MATCH: wdata passthrough beat=93 expected = c6d2aa64c3790714, actual =c6d2aa64c3790714
[1625000] SCOREBOARD MATCH: wdata passthrough beat=94 expected = 9949e41d358731ac, actual =9949e41d358731ac
[1625000] SCOREBOARD MATCH: wdata passthrough beat=95 expected = 845e5eaa8b9f6929, actual =845e5eaa8b9f6929
[1625000] SCOREBOARD MATCH: wdata passthrough beat=96 expected = cf18703dec7009e8, actual =cf18703dec7009e8
[1625000] SCOREBOARD MATCH: wdata passthrough beat=97 expected = a1f73b94cb31090f, actual =a1f73b94cb31090f
[1625000] SCOREBOARD MATCH: wdata passthrough beat=98 expected = d6d07238e862545b, actual =d6d07238e862545b
[1625000] SCOREBOARD MATCH: wdata passthrough beat=99 expected = d4d25e4326559a3f, actual =d4d25e4326559a3f
[1625000] SCOREBOARD MATCH: wdata passthrough beat=100 expected = f186a34e25e8e276, actual =f186a34e25e8e276
[1625000] SCOREBOARD MATCH: wdata passthrough beat=101 expected = e4b36d1f6c999d8, actual =e4b36d1f6c999d8
[1625000] SCOREBOARD MATCH: wdata passthrough beat=102 expected = 1d1f3417c8571586, actual =1d1f3417c8571586
[1625000] SCOREBOARD MATCH: wdata passthrough beat=103 expected = ee3ff7fce31d9514, actual =ee3ff7fce31d9514
[1625000] SCOREBOARD MATCH: wdata passthrough beat=104 expected = d9e72eec0ea5d765, actual =d9e72eec0ea5d765
[1625000] SCOREBOARD MATCH: wdata passthrough beat=105 expected = d6fcecebfc8b2ecd, actual =d6fcecebfc8b2ecd
[1625000] SCOREBOARD MATCH: wdata passthrough beat=106 expected = dfa8c3e2f7066303, actual =dfa8c3e2f7066303
[1625000] SCOREBOARD MATCH: wdata passthrough beat=107 expected = 85ac3a68c53ce4e8, actual =85ac3a68c53ce4e8
[1625000] SCOREBOARD MATCH: wdata passthrough beat=108 expected = c1c813b5b98ff2ce, actual =c1c813b5b98ff2ce
[1625000] SCOREBOARD MATCH: wdata passthrough beat=109 expected = 309655d2dca92754, actual =309655d2dca92754
[1625000] SCOREBOARD MATCH: wdata passthrough beat=110 expected = 21e60c3ca170d797, actual =21e60c3ca170d797
[1625000] SCOREBOARD MATCH: wdata passthrough beat=111 expected = db00ca66b642903a, actual =db00ca66b642903a
[1625000] SCOREBOARD MATCH: wdata passthrough beat=112 expected = 92ebb78ee3ae1ff1, actual =92ebb78ee3ae1ff1
[1625000] SCOREBOARD MATCH: wdata passthrough beat=113 expected = 51ef7890b972038, actual =51ef7890b972038
[1625000] SCOREBOARD MATCH: wdata passthrough beat=114 expected = c1d9b072b4d1c3ca, actual =c1d9b072b4d1c3ca
[1625000] SCOREBOARD MATCH: wdata passthrough beat=115 expected = 187fe3bce01fc1ef, actual =187fe3bce01fc1ef
[1625000] SCOREBOARD MATCH: wdata passthrough beat=116 expected = ebb6e227d4c56801, actual =ebb6e227d4c56801
[1625000] SCOREBOARD MATCH: wdata passthrough beat=117 expected = 89972bcb1d9edb45, actual =89972bcb1d9edb45
[1625000] SCOREBOARD MATCH: wdata passthrough beat=118 expected = fdbe9d34ad909299, actual =fdbe9d34ad909299
[1625000] SCOREBOARD MATCH: wdata passthrough beat=119 expected = 8255fa9aa2170f87, actual =8255fa9aa2170f87
[1625000] SCOREBOARD MATCH: wdata passthrough beat=120 expected = bfb5eacce9757f5b, actual =bfb5eacce9757f5b
[1625000] SCOREBOARD MATCH: wdata passthrough beat=121 expected = 970611f40bed2666, actual =970611f40bed2666
[1625000] SCOREBOARD MATCH: wdata passthrough beat=122 expected = ae0435edbd748800, actual =ae0435edbd748800
[1625000] SCOREBOARD MATCH: wdata passthrough beat=123 expected = a6ea075b195c0c8f, actual =a6ea075b195c0c8f
[1625000] SCOREBOARD MATCH: wdata passthrough beat=124 expected = 254932f5edba20ba, actual =254932f5edba20ba
[1625000] SCOREBOARD MATCH: wdata passthrough beat=125 expected = ab2ea8ba3df01950, actual =ab2ea8ba3df01950
[1625000] SCOREBOARD MATCH: wdata passthrough beat=126 expected = d74c25dfd34d68e2, actual =d74c25dfd34d68e2
[1625000] SCOREBOARD MATCH: wdata passthrough beat=127 expected = c107899cd218b016, actual =c107899cd218b016
[1625000] SCOREBOARD MATCH: wdata passthrough beat=128 expected = 1008c966fc9558d4, actual =1008c966fc9558d4
[1625000] SCOREBOARD MATCH: wdata passthrough beat=129 expected = cfe2c1b6ec363257, actual =cfe2c1b6ec363257
[1625000] SCOREBOARD MATCH: wdata passthrough beat=130 expected = 3e4ee26de754ef45, actual =3e4ee26de754ef45
[1625000] SCOREBOARD MATCH: wdata passthrough beat=131 expected = e3ea481910ea4b53, actual =e3ea481910ea4b53
[1625000] SCOREBOARD MATCH: wdata passthrough beat=132 expected = fd207daace57abd3, actual =fd207daace57abd3
[1625000] SCOREBOARD MATCH: wdata passthrough beat=133 expected = 35ac9b18b3cd09cf, actual =35ac9b18b3cd09cf
[1625000] SCOREBOARD MATCH: wdata passthrough beat=134 expected = c4b755223b6f6017, actual =c4b755223b6f6017
[1625000] SCOREBOARD MATCH: wdata passthrough beat=135 expected = 9c70bea1996e331, actual =9c70bea1996e331
[1625000] SCOREBOARD MATCH: wdata passthrough beat=136 expected = cd63ed00c1d7d2cc, actual =cd63ed00c1d7d2cc
[1625000] SCOREBOARD MATCH: wdata passthrough beat=137 expected = fd4732e33f73a702, actual =fd4732e33f73a702
[1625000] SCOREBOARD MATCH: wdata passthrough beat=138 expected = d90a8a33121b4223, actual =d90a8a33121b4223
[1625000] SCOREBOARD MATCH: wdata passthrough beat=139 expected = d3f314ef870e3ecd, actual =d3f314ef870e3ecd
[1625000] SCOREBOARD MATCH: wstrb size check expected = 8c, actual =8c
[1625000] SCOREBOARD MATCH: wstrb passthrough beat=0 expected = 33, actual =33
[1625000] SCOREBOARD MATCH: wstrb passthrough beat=1 expected = cf, actual =cf
[1625000] SCOREBOARD MATCH: wstrb passthrough beat=2 expected = d3, actual =d3
[1625000] SCOREBOARD MATCH: wstrb passthrough beat=3 expected = 56, actual =56
[1625000] SCOREBOARD MATCH: wstrb passthrough beat=4 expected = 2, actual =2
[1625000] SCOREBOARD MATCH: wstrb passthrough beat=5 expected = a0, actual =a0
[1625000] SCOREBOARD MATCH: wstrb passthrough beat=6 expected = 46, actual =46
[1625000] SCOREBOARD MATCH: wstrb passthrough beat=7 expected = 36, actual =36
[1625000] SCOREBOARD MATCH: wstrb passthrough beat=8 expected = 70, actual =70
[1625000] SCOREBOARD MATCH: wstrb passthrough beat=9 expected = 19, actual =19
[1625000] SCOREBOARD MATCH: wstrb passthrough beat=10 expected = 8c, actual =8c
[1625000] SCOREBOARD MATCH: wstrb passthrough beat=11 expected = 72, actual =72
[1625000] SCOREBOARD MATCH: wstrb passthrough beat=12 expected = b9, actual =b9
[1625000] SCOREBOARD MATCH: wstrb passthrough beat=13 expected = d2, actual =d2
[1625000] SCOREBOARD MATCH: wstrb passthrough beat=14 expected = a8, actual =a8
[1625000] SCOREBOARD MATCH: wstrb passthrough beat=15 expected = 29, actual =29
[1625000] SCOREBOARD MATCH: wstrb passthrough beat=16 expected = eb, actual =eb
[1625000] SCOREBOARD MATCH: wstrb passthrough beat=17 expected = 35, actual =35
[1625000] SCOREBOARD MATCH: wstrb passthrough beat=18 expected = 9c, actual =9c
[1625000] SCOREBOARD MATCH: wstrb passthrough beat=19 expected = a5, actual =a5
[1625000] SCOREBOARD MATCH: wstrb passthrough beat=20 expected = 7, actual =7
[1625000] SCOREBOARD MATCH: wstrb passthrough beat=21 expected = 44, actual =44
[1625000] SCOREBOARD MATCH: wstrb passthrough beat=22 expected = ce, actual =ce
[1625000] SCOREBOARD MATCH: wstrb passthrough beat=23 expected = f3, actual =f3
[1625000] SCOREBOARD MATCH: wstrb passthrough beat=24 expected = 79, actual =79
[1625000] SCOREBOARD MATCH: wstrb passthrough beat=25 expected = 6a, actual =6a
[1625000] SCOREBOARD MATCH: wstrb passthrough beat=26 expected = 98, actual =98
[1625000] SCOREBOARD MATCH: wstrb passthrough beat=27 expected = 81, actual =81
[1625000] SCOREBOARD MATCH: wstrb passthrough beat=28 expected = af, actual =af
[1625000] SCOREBOARD MATCH: wstrb passthrough beat=29 expected = 66, actual =66
[1625000] SCOREBOARD MATCH: wstrb passthrough beat=30 expected = 74, actual =74
[1625000] SCOREBOARD MATCH: wstrb passthrough beat=31 expected = 28, actual =28
[1625000] SCOREBOARD MATCH: wstrb passthrough beat=32 expected = d1, actual =d1
[1625000] SCOREBOARD MATCH: wstrb passthrough beat=33 expected = c, actual =c
[1625000] SCOREBOARD MATCH: wstrb passthrough beat=34 expected = a9, actual =a9
[1625000] SCOREBOARD MATCH: wstrb passthrough beat=35 expected = 80, actual =80
[1625000] SCOREBOARD MATCH: wstrb passthrough beat=36 expected = 72, actual =72
[1625000] SCOREBOARD MATCH: wstrb passthrough beat=37 expected = 1d, actual =1d
[1625000] SCOREBOARD MATCH: wstrb passthrough beat=38 expected = a8, actual =a8
[1625000] SCOREBOARD MATCH: wstrb passthrough beat=39 expected = 43, actual =43
[1625000] SCOREBOARD MATCH: wstrb passthrough beat=40 expected = 29, actual =29
[1625000] SCOREBOARD MATCH: wstrb passthrough beat=41 expected = 52, actual =52
[1625000] SCOREBOARD MATCH: wstrb passthrough beat=42 expected = c3, actual =c3
[1625000] SCOREBOARD MATCH: wstrb passthrough beat=43 expected = 9c, actual =9c
[1625000] SCOREBOARD MATCH: wstrb passthrough beat=44 expected = 6f, actual =6f
[1625000] SCOREBOARD MATCH: wstrb passthrough beat=45 expected = 6c, actual =6c
[1625000] SCOREBOARD MATCH: wstrb passthrough beat=46 expected = df, actual =df
[1625000] SCOREBOARD MATCH: wstrb passthrough beat=47 expected = 99, actual =99
[1625000] SCOREBOARD MATCH: wstrb passthrough beat=48 expected = be, actual =be
[1625000] SCOREBOARD MATCH: wstrb passthrough beat=49 expected = a3, actual =a3
[1625000] SCOREBOARD MATCH: wstrb passthrough beat=50 expected = 35, actual =35
[1625000] SCOREBOARD MATCH: wstrb passthrough beat=51 expected = 2d, actual =2d
[1625000] SCOREBOARD MATCH: wstrb passthrough beat=52 expected = f, actual =f
[1625000] SCOREBOARD MATCH: wstrb passthrough beat=53 expected = 14, actual =14
[1625000] SCOREBOARD MATCH: wstrb passthrough beat=54 expected = c6, actual =c6
[1625000] SCOREBOARD MATCH: wstrb passthrough beat=55 expected = cd, actual =cd
[1625000] SCOREBOARD MATCH: wstrb passthrough beat=56 expected = b7, actual =b7
[1625000] SCOREBOARD MATCH: wstrb passthrough beat=57 expected = fb, actual =fb
[1625000] SCOREBOARD MATCH: wstrb passthrough beat=58 expected = fa, actual =fa
[1625000] SCOREBOARD MATCH: wstrb passthrough beat=59 expected = c6, actual =c6
[1625000] SCOREBOARD MATCH: wstrb passthrough beat=60 expected = 10, actual =10
[1625000] SCOREBOARD MATCH: wstrb passthrough beat=61 expected = c1, actual =c1
[1625000] SCOREBOARD MATCH: wstrb passthrough beat=62 expected = 93, actual =93
[1625000] SCOREBOARD MATCH: wstrb passthrough beat=63 expected = c7, actual =c7
[1625000] SCOREBOARD MATCH: wstrb passthrough beat=64 expected = bc, actual =bc
[1625000] SCOREBOARD MATCH: wstrb passthrough beat=65 expected = 8e, actual =8e
[1625000] SCOREBOARD MATCH: wstrb passthrough beat=66 expected = 8e, actual =8e
[1625000] SCOREBOARD MATCH: wstrb passthrough beat=67 expected = cc, actual =cc
[1625000] SCOREBOARD MATCH: wstrb passthrough beat=68 expected = 4f, actual =4f
[1625000] SCOREBOARD MATCH: wstrb passthrough beat=69 expected = 21, actual =21
[1625000] SCOREBOARD MATCH: wstrb passthrough beat=70 expected = 94, actual =94
[1625000] SCOREBOARD MATCH: wstrb passthrough beat=71 expected = b, actual =b
[1625000] SCOREBOARD MATCH: wstrb passthrough beat=72 expected = af, actual =af
[1625000] SCOREBOARD MATCH: wstrb passthrough beat=73 expected = 22, actual =22
[1625000] SCOREBOARD MATCH: wstrb passthrough beat=74 expected = d8, actual =d8
[1625000] SCOREBOARD MATCH: wstrb passthrough beat=75 expected = fe, actual =fe
[1625000] SCOREBOARD MATCH: wstrb passthrough beat=76 expected = 43, actual =43
[1625000] SCOREBOARD MATCH: wstrb passthrough beat=77 expected = 6c, actual =6c
[1625000] SCOREBOARD MATCH: wstrb passthrough beat=78 expected = a, actual =a
[1625000] SCOREBOARD MATCH: wstrb passthrough beat=79 expected = f3, actual =f3
[1625000] SCOREBOARD MATCH: wstrb passthrough beat=80 expected = 8e, actual =8e
[1625000] SCOREBOARD MATCH: wstrb passthrough beat=81 expected = e2, actual =e2
[1625000] SCOREBOARD MATCH: wstrb passthrough beat=82 expected = f1, actual =f1
[1625000] SCOREBOARD MATCH: wstrb passthrough beat=83 expected = d1, actual =d1
[1625000] SCOREBOARD MATCH: wstrb passthrough beat=84 expected = 4e, actual =4e
[1625000] SCOREBOARD MATCH: wstrb passthrough beat=85 expected = fb, actual =fb
[1625000] SCOREBOARD MATCH: wstrb passthrough beat=86 expected = c4, actual =c4
[1625000] SCOREBOARD MATCH: wstrb passthrough beat=87 expected = dc, actual =dc
[1625000] SCOREBOARD MATCH: wstrb passthrough beat=88 expected = dd, actual =dd
[1625000] SCOREBOARD MATCH: wstrb passthrough beat=89 expected = b6, actual =b6
[1625000] SCOREBOARD MATCH: wstrb passthrough beat=90 expected = ad, actual =ad
[1625000] SCOREBOARD MATCH: wstrb passthrough beat=91 expected = 2b, actual =2b
[1625000] SCOREBOARD MATCH: wstrb passthrough beat=92 expected = b1, actual =b1
[1625000] SCOREBOARD MATCH: wstrb passthrough beat=93 expected = 72, actual =72
[1625000] SCOREBOARD MATCH: wstrb passthrough beat=94 expected = 7, actual =7
[1625000] SCOREBOARD MATCH: wstrb passthrough beat=95 expected = 8f, actual =8f
[1625000] SCOREBOARD MATCH: wstrb passthrough beat=96 expected = 28, actual =28
[1625000] SCOREBOARD MATCH: wstrb passthrough beat=97 expected = b5, actual =b5
[1625000] SCOREBOARD MATCH: wstrb passthrough beat=98 expected = ba, actual =ba
[1625000] SCOREBOARD MATCH: wstrb passthrough beat=99 expected = d9, actual =d9
[1625000] SCOREBOARD MATCH: wstrb passthrough beat=100 expected = 27, actual =27
[1625000] SCOREBOARD MATCH: wstrb passthrough beat=101 expected = c2, actual =c2
[1625000] SCOREBOARD MATCH: wstrb passthrough beat=102 expected = 68, actual =68
[1625000] SCOREBOARD MATCH: wstrb passthrough beat=103 expected = 4f, actual =4f
[1625000] SCOREBOARD MATCH: wstrb passthrough beat=104 expected = 77, actual =77
[1625000] SCOREBOARD MATCH: wstrb passthrough beat=105 expected = 23, actual =23
[1625000] SCOREBOARD MATCH: wstrb passthrough beat=106 expected = 28, actual =28
[1625000] SCOREBOARD MATCH: wstrb passthrough beat=107 expected = 9e, actual =9e
[1625000] SCOREBOARD MATCH: wstrb passthrough beat=108 expected = e5, actual =e5
[1625000] SCOREBOARD MATCH: wstrb passthrough beat=109 expected = 91, actual =91
[1625000] SCOREBOARD MATCH: wstrb passthrough beat=110 expected = ed, actual =ed
[1625000] SCOREBOARD MATCH: wstrb passthrough beat=111 expected = 5c, actual =5c
[1625000] SCOREBOARD MATCH: wstrb passthrough beat=112 expected = b4, actual =b4
[1625000] SCOREBOARD MATCH: wstrb passthrough beat=113 expected = 15, actual =15
[1625000] SCOREBOARD MATCH: wstrb passthrough beat=114 expected = fa, actual =fa
[1625000] SCOREBOARD MATCH: wstrb passthrough beat=115 expected = 99, actual =99
[1625000] SCOREBOARD MATCH: wstrb passthrough beat=116 expected = a6, actual =a6
[1625000] SCOREBOARD MATCH: wstrb passthrough beat=117 expected = e7, actual =e7
[1625000] SCOREBOARD MATCH: wstrb passthrough beat=118 expected = f5, actual =f5
[1625000] SCOREBOARD MATCH: wstrb passthrough beat=119 expected = 5a, actual =5a
[1625000] SCOREBOARD MATCH: wstrb passthrough beat=120 expected = fc, actual =fc
[1625000] SCOREBOARD MATCH: wstrb passthrough beat=121 expected = ef, actual =ef
[1625000] SCOREBOARD MATCH: wstrb passthrough beat=122 expected = f3, actual =f3
[1625000] SCOREBOARD MATCH: wstrb passthrough beat=123 expected = a3, actual =a3
[1625000] SCOREBOARD MATCH: wstrb passthrough beat=124 expected = d6, actual =d6
[1625000] SCOREBOARD MATCH: wstrb passthrough beat=125 expected = e8, actual =e8
[1625000] SCOREBOARD MATCH: wstrb passthrough beat=126 expected = fd, actual =fd
[1625000] SCOREBOARD MATCH: wstrb passthrough beat=127 expected = d2, actual =d2
[1625000] SCOREBOARD MATCH: wstrb passthrough beat=128 expected = d7, actual =d7
[1625000] SCOREBOARD MATCH: wstrb passthrough beat=129 expected = f1, actual =f1
[1625000] SCOREBOARD MATCH: wstrb passthrough beat=130 expected = 75, actual =75
[1625000] SCOREBOARD MATCH: wstrb passthrough beat=131 expected = ad, actual =ad
[1625000] SCOREBOARD MATCH: wstrb passthrough beat=132 expected = d9, actual =d9
[1625000] SCOREBOARD MATCH: wstrb passthrough beat=133 expected = 73, actual =73
[1625000] SCOREBOARD MATCH: wstrb passthrough beat=134 expected = 80, actual =80
[1625000] SCOREBOARD MATCH: wstrb passthrough beat=135 expected = b1, actual =b1
[1625000] SCOREBOARD MATCH: wstrb passthrough beat=136 expected = 64, actual =64
[1625000] SCOREBOARD MATCH: wstrb passthrough beat=137 expected = f5, actual =f5
[1625000] SCOREBOARD MATCH: wstrb passthrough beat=138 expected = 5e, actual =5e
[1625000] SCOREBOARD MATCH: wstrb passthrough beat=139 expected = 3d, actual =3d
[1625000] SCOREBOARD MATCH: bresp passthrough expected = 0, actual =0
[1625000] SCOREBOARD MATCH: response routed to correct master (write) expected = 1, actual =1
[1625000] [SCOREBOARD-M] mst_id=1 s_id=1 awaddr=18e4e150 awid=1001 awlen=139 awsize=5 awburst=1 wdata=[9de689ce3c45fadc acdd1960ddf18f2 d0a90696c4455217 8b4cf3d683b2db e462cbcdee8f9065 32d4e27c0b591e89 e1dcd164b50bd263 a39b62c833602f6f 3eb94df8c63f9d31 fb4b6f94d6704544 89d074b320961f5c e6d5bc8d1ee6d25d f55717a1c889c2ab e91fe207e2212c21 8107fe7eff278c55 c7b14f00cff59e94 3216cab6f65f1620 f586a27530d13108 80c6cf9cb31ec934 a97ddf54bd37f175 ee09227db2dd9a52 e5fc63879f0481c9 dc3c733feecff21a a1ad8c6c8f7a42db 2e7ec4a5ca4595bc b91587d687a9eff3 172432cf0abb37e4 d500cda0dac31443 e26d0436c5a2f774 d05e2f580e165577 e8d969baf9913705 bf342e79a55efcf8 b375526fcb466df0 c4d7a4f68f925dd1 34f15aca9c4ebc29 e7952a1a840bd36f 139e3141e866ad39 4b569632c6ccf10 b078a27fc88f8c0b b0f63944ec4a937d 18b7628dc416d3c0 8ca65fcbb5aba2a7 a1f63624c930050c d46d8cd3d9c9910 f3483bb7baad98b1 3dd9dbe99ed3898 d789d1a8153e71dc cfec0a8d1124768b ab11af23cad20d60 e0107f3cd3c9a84b e4ee1ed6029b80cc cd6d8e2caffc89c9 3c632150fffcdfa 129b4ec62d7e0d68 dd7a9731e8b450eb f8b41ee5e008dcf2 d86ea5ae140c946 c9f51a328b4f6dab eb584a9deb01818b cc424ad2c2a93917 cdf8a6c3f8df34f7 e3e0b68316376504 d8e09e1bb950f160 3230265830230155 c65a6659a6d944de e02a363f1610dcdb c633de309f3b0474 c6144953125a5c97 286b39720c8e4489 abc948fd263e7f92 3898dc29ee9f17a2 fb2d5c2bf1dd9250 981c11e2e104159b cfa32d3da6f6a528 18d43779d0b4ee0b b1b903a6cad08968 f1c72e90b0f0495b 1a53767815c30e3 cc2cba4b8a9b6609 3b8baf65b35e3b0d 34ba6bf13df3e8dc c88f4ee53d30e6cc f08f21d980e7263c bedb0f18841afe4a c14be516a5498dca 2630b407076a5dfe 8b855c4831db06f0 d72494bae50bc31f ec76211dccd1415f feac484ffd5548c1 e2610be1f7fb7d66 c4ccbec5d5d0dd09 d32625cbced72cfe c6d2aa64c3790714 9949e41d358731ac 845e5eaa8b9f6929 cf18703dec7009e8 a1f73b94cb31090f d6d07238e862545b d4d25e4326559a3f f186a34e25e8e276 e4b36d1f6c999d8 1d1f3417c8571586 ee3ff7fce31d9514 d9e72eec0ea5d765 d6fcecebfc8b2ecd dfa8c3e2f7066303 85ac3a68c53ce4e8 c1c813b5b98ff2ce 309655d2dca92754 21e60c3ca170d797 db00ca66b642903a 92ebb78ee3ae1ff1 51ef7890b972038 c1d9b072b4d1c3ca 187fe3bce01fc1ef ebb6e227d4c56801 89972bcb1d9edb45 fdbe9d34ad909299 8255fa9aa2170f87 bfb5eacce9757f5b 970611f40bed2666 ae0435edbd748800 a6ea075b195c0c8f 254932f5edba20ba ab2ea8ba3df01950 d74c25dfd34d68e2 c107899cd218b016 1008c966fc9558d4 cfe2c1b6ec363257 3e4ee26de754ef45 e3ea481910ea4b53 fd207daace57abd3 35ac9b18b3cd09cf c4b755223b6f6017 9c70bea1996e331 cd63ed00c1d7d2cc fd4732e33f73a702 d90a8a33121b4223 d3f314ef870e3ecd ] wstrb=[33 cf d3 56 2 a0 46 36 70 19 8c 72 b9 d2 a8 29 eb 35 9c a5 7 44 ce f3 79 6a 98 81 af 66 74 28 d1 c a9 80 72 1d a8 43 29 52 c3 9c 6f 6c df 99 be a3 35 2d f 14 c6 cd b7 fb fa c6 10 c1 93 c7 bc 8e 8e cc 4f 21 94 b af 22 d8 fe 43 6c a f3 8e e2 f1 d1 4e fb c4 dc dd b6 ad 2b b1 72 7 8f 28 b5 ba d9 27 c2 68 4f 77 23 28 9e e5 91 ed 5c b4 15 fa 99 a6 e7 f5 5a fc ef f3 a3 d6 e8 fd d2 d7 f1 75 ad d9 73 80 b1 64 f5 5e 3d ] bresp=0 bid=1001
[1625000] [SCOREBOARD-S] mst_id=1 s_id=1 awaddr=18e4e150 awid=1001 awlen=139 awsize=5 awburst=1 wdata=[9de689ce3c45fadc acdd1960ddf18f2 d0a90696c4455217 8b4cf3d683b2db e462cbcdee8f9065 32d4e27c0b591e89 e1dcd164b50bd263 a39b62c833602f6f 3eb94df8c63f9d31 fb4b6f94d6704544 89d074b320961f5c e6d5bc8d1ee6d25d f55717a1c889c2ab e91fe207e2212c21 8107fe7eff278c55 c7b14f00cff59e94 3216cab6f65f1620 f586a27530d13108 80c6cf9cb31ec934 a97ddf54bd37f175 ee09227db2dd9a52 e5fc63879f0481c9 dc3c733feecff21a a1ad8c6c8f7a42db 2e7ec4a5ca4595bc b91587d687a9eff3 172432cf0abb37e4 d500cda0dac31443 e26d0436c5a2f774 d05e2f580e165577 e8d969baf9913705 bf342e79a55efcf8 b375526fcb466df0 c4d7a4f68f925dd1 34f15aca9c4ebc29 e7952a1a840bd36f 139e3141e866ad39 4b569632c6ccf10 b078a27fc88f8c0b b0f63944ec4a937d 18b7628dc416d3c0 8ca65fcbb5aba2a7 a1f63624c930050c d46d8cd3d9c9910 f3483bb7baad98b1 3dd9dbe99ed3898 d789d1a8153e71dc cfec0a8d1124768b ab11af23cad20d60 e0107f3cd3c9a84b e4ee1ed6029b80cc cd6d8e2caffc89c9 3c632150fffcdfa 129b4ec62d7e0d68 dd7a9731e8b450eb f8b41ee5e008dcf2 d86ea5ae140c946 c9f51a328b4f6dab eb584a9deb01818b cc424ad2c2a93917 cdf8a6c3f8df34f7 e3e0b68316376504 d8e09e1bb950f160 3230265830230155 c65a6659a6d944de e02a363f1610dcdb c633de309f3b0474 c6144953125a5c97 286b39720c8e4489 abc948fd263e7f92 3898dc29ee9f17a2 fb2d5c2bf1dd9250 981c11e2e104159b cfa32d3da6f6a528 18d43779d0b4ee0b b1b903a6cad08968 f1c72e90b0f0495b 1a53767815c30e3 cc2cba4b8a9b6609 3b8baf65b35e3b0d 34ba6bf13df3e8dc c88f4ee53d30e6cc f08f21d980e7263c bedb0f18841afe4a c14be516a5498dca 2630b407076a5dfe 8b855c4831db06f0 d72494bae50bc31f ec76211dccd1415f feac484ffd5548c1 e2610be1f7fb7d66 c4ccbec5d5d0dd09 d32625cbced72cfe c6d2aa64c3790714 9949e41d358731ac 845e5eaa8b9f6929 cf18703dec7009e8 a1f73b94cb31090f d6d07238e862545b d4d25e4326559a3f f186a34e25e8e276 e4b36d1f6c999d8 1d1f3417c8571586 ee3ff7fce31d9514 d9e72eec0ea5d765 d6fcecebfc8b2ecd dfa8c3e2f7066303 85ac3a68c53ce4e8 c1c813b5b98ff2ce 309655d2dca92754 21e60c3ca170d797 db00ca66b642903a 92ebb78ee3ae1ff1 51ef7890b972038 c1d9b072b4d1c3ca 187fe3bce01fc1ef ebb6e227d4c56801 89972bcb1d9edb45 fdbe9d34ad909299 8255fa9aa2170f87 bfb5eacce9757f5b 970611f40bed2666 ae0435edbd748800 a6ea075b195c0c8f 254932f5edba20ba ab2ea8ba3df01950 d74c25dfd34d68e2 c107899cd218b016 1008c966fc9558d4 cfe2c1b6ec363257 3e4ee26de754ef45 e3ea481910ea4b53 fd207daace57abd3 35ac9b18b3cd09cf c4b755223b6f6017 9c70bea1996e331 cd63ed00c1d7d2cc fd4732e33f73a702 d90a8a33121b4223 d3f314ef870e3ecd ] wstrb=[33 cf d3 56 2 a0 46 36 70 19 8c 72 b9 d2 a8 29 eb 35 9c a5 7 44 ce f3 79 6a 98 81 af 66 74 28 d1 c a9 80 72 1d a8 43 29 52 c3 9c 6f 6c df 99 be a3 35 2d f 14 c6 cd b7 fb fa c6 10 c1 93 c7 bc 8e 8e cc 4f 21 94 b af 22 d8 fe 43 6c a f3 8e e2 f1 d1 4e fb c4 dc dd b6 ad 2b b1 72 7 8f 28 b5 ba d9 27 c2 68 4f 77 23 28 9e e5 91 ed 5c b4 15 fa 99 a6 e7 f5 5a fc ef f3 a3 d6 e8 fd d2 d7 f1 75 ad d9 73 80 b1 64 f5 5e 3d ] bresp=0 bid=11001
[1625000] SCOREBOARD: Transaction 2 received. pass=326 fail=0
[1625000] ALL PASS. Total transactions: 2
[1635000] AXI S0_WVALID_RDY HANDSHAKE
[1635000] S0 MEMORY WRITE beat=2 addr=04e57090 data=e14fa4cfcf596ec8 id=19
[1635000] S1 MEMORY WRITE beat=1 addr=196000a0 data=f89c6151b54125b2 id=0f
[1635000] MASTER 1 W_VALID_RDY Handshake beat=7 wlast=0
[1635000] MASTER 0 W_VALID_RDY Handshake beat=8 wlast=0
[1645000] MASTER_DRIVER1 received transaction, op=AXI_READ
[1645000] MASTER 0 W_VALID_RDY Handshake beat=9 wlast=0
[1645000] MASTER 1 W_VALID_RDY Handshake beat=8 wlast=1
[1645000] S1 MEMORY WRITE beat=2 addr=196000a8 data=fd208a071e4dea19 id=0f
[1645000] AXI S0_WVALID_RDY HANDSHAKE
[1645000] S0 MEMORY WRITE beat=3 addr=04e57090 data=33c51828106665dc id=19
[1655000] AXI S0_WVALID_RDY HANDSHAKE
[1655000] S0 MEMORY WRITE beat=4 addr=04e57090 data=d62e17a0f40c6585 id=19
[1655000] S1 MEMORY WRITE beat=3 addr=196000b0 data=a1ad3cc2ceb186f0 id=0f
[1655000] MASTER 0 W_VALID_RDY Handshake beat=10 wlast=0
[1665000] MASTER 0 W_VALID_RDY Handshake beat=11 wlast=0
[1665000] S1 MEMORY WRITE beat=4 addr=196000b8 data=83f2aca2b39a246f id=0f
[1665000] AXI S0_WVALID_RDY HANDSHAKE
[1665000] S0 MEMORY WRITE beat=5 addr=04e57090 data=c365d44dcc206b55 id=19
[1675000] AXI S0_WVALID_RDY HANDSHAKE
[1675000] S0 MEMORY WRITE beat=6 addr=04e57090 data=dc86d131b77dbc6f id=19
[1675000] S1 MEMORY WRITE beat=5 addr=196000c0 data=d1e80e889a499e13 id=0f
[1675000] AXI S0_ARVALID_RDY HANDSHAKE
[1675000] MEMORY READ MISS beat=0 addr=1a257a88 -> default data id=18
[1675000] ARB MONITOR: slave=1 m0_req=0 m1_req=1 winner=1
[1675000] MASTER 0 W_VALID_RDY Handshake beat=12 wlast=0
[1685000] MASTER 0 W_VALID_RDY Handshake beat=13 wlast=0
[1685000] SLAVE 1 R_VALID_RDY Handshake beat=0 rlast=0
[1685000] MEMORY READ MISS beat=1 addr=1a257a90 -> default data id=18
[1685000] S1 MEMORY WRITE beat=6 addr=196000c8 data=e8fb2503811336a9 id=0f
[1685000] AXI S0_WVALID_RDY HANDSHAKE
[1685000] S0 MEMORY WRITE beat=7 addr=04e57090 data=ab8a21f4f72aec75 id=19
[1695000] AXI S0_WVALID_RDY HANDSHAKE
[1695000] S0 MEMORY WRITE beat=8 addr=04e57090 data=c34b57cab2b4e8d1 id=19
[1695000] S1 MEMORY WRITE beat=7 addr=196000d0 data=34ad5b19f3954b4b id=0f
[1695000] SLAVE 1 R_VALID_RDY Handshake beat=1 rlast=1
[1695000] [SLAVE MONITOR] READ mst_id=1 s_id=1 araddr=1a257a88 arid=2 arlen=1 arsize=3 arburst=1 rid=[1212] rresp=[00] rdata=[baadf00d12345678baadf00d12345678]
[1695000] MASTER 0 W_VALID_RDY Handshake beat=14 wlast=0
[1705000] MASTER 0 W_VALID_RDY Handshake beat=15 wlast=0
[1705000] MASTER 1 R_VALID_RDY Handshake beat=0 rlast=0
[1705000] S1 MEMORY WRITE beat=8 addr=196000d8 data=8ddee95eecedd1a6 id=0f
[1705000] SLAVE0 sent B resp, id=9
[1715000] S1 MEMORY WRITE beat=9 addr=196000e0 data=ee01084f869569a1 id=0f
[1715000] [SLAVE MONITOR] mst_id=1 s_id=0 awaddr=4e57090 awid=1001 awlen=8 awsize=6 awburst=0 wdata=[92bcc0b5e46ba960 985b532dc5c7b1c4 e14fa4cfcf596ec8 33c51828106665dc d62e17a0f40c6585 c365d44dcc206b55 dc86d131b77dbc6f ab8a21f4f72aec75 c34b57cab2b4e8d1 ] wstrb=[41 41 fc b6 35 cd 81 77 e ] bresp=0 bid=11001
[1715000] MASTER 1 R_VALID_RDY Handshake beat=1 rlast=1
[1715000] [MASTER MONITOR] READ mst_id=1 s_id=1 araddr=1a257a88 arid=2 arlen=1 arsize=3 arburst=1 rid=[22] rresp=[00] rdata=[baadf00d12345678baadf00d12345678]
[1715000] MASTER 0 W_VALID_RDY Handshake beat=16 wlast=0
[1715000] [MASTER DRIVER] READ mst_id=1 s_id=0 araddr=1a257a88 arid=2 arlen=1 arsize=3 arburst=1 rid=[22] rresp=[00] rdata=[baadf00d12345678baadf00d12345678]
[1715000] SCOREBOARD MATCH: decode_err expected = 0, actual =0
[1715000] SCOREBOARD MATCH: slave_id expected = 1, actual =1
[1715000] SCOREBOARD MATCH: araddr passthrough expected = 1a257a88, actual =1a257a88
[1715000] SCOREBOARD MATCH: arlen passthrough expected = 1, actual =1
[1715000] SCOREBOARD MATCH: arsize passthrough expected = 3, actual =3
[1715000] SCOREBOARD MATCH: arburst passthrough expected = 1, actual =1
[1715000] SCOREBOARD MATCH: rdata size check expected = 2, actual =2
[1715000] SCOREBOARD MATCH: rdata passthrough beat=0 expected = baadf00d12345678, actual =baadf00d12345678
[1715000] SCOREBOARD MATCH: rdata passthrough beat=1 expected = baadf00d12345678, actual =baadf00d12345678
[1715000] SCOREBOARD MATCH: rresp size check expected = 2, actual =2
[1715000] SCOREBOARD MATCH: rresp passthrough beat=0 expected = 0, actual =0
[1715000] SCOREBOARD MATCH: rresp passthrough beat=1 expected = 0, actual =0
[1715000] SCOREBOARD MATCH: response routed to correct master (read beat 0) expected = 1, actual =1
[1715000] SCOREBOARD MATCH: response routed to correct master (read beat 1) expected = 1, actual =1
[1715000] [SCOREBOARD-M] READ mst_id=1 s_id=1 araddr=1a257a88 arid=2 arlen=1 arsize=3 arburst=1 rid=[22] rresp=[00] rdata=[baadf00d12345678baadf00d12345678]
[1715000] [SCOREBOARD-S] READ mst_id=1 s_id=1 araddr=1a257a88 arid=2 arlen=1 arsize=3 arburst=1 rid=[1212] rresp=[00] rdata=[baadf00d12345678baadf00d12345678]
[1715000] SCOREBOARD: Transaction 3 received. pass=340 fail=0
[1715000] ALL PASS. Total transactions: 3
[1725000] MASTER 1 RECEIVED BRESP. BRESP=0
[1725000] [MASTER DRIVER] mst_id=1 s_id=0 awaddr=4e57090 awid=1001 awlen=8 awsize=6 awburst=0 wdata=[92bcc0b5e46ba960 985b532dc5c7b1c4 e14fa4cfcf596ec8 33c51828106665dc d62e17a0f40c6585 c365d44dcc206b55 dc86d131b77dbc6f ab8a21f4f72aec75 c34b57cab2b4e8d1 ] wstrb=[41 41 fc b6 35 cd 81 77 e ] bresp=0 bid=1001
[1725000] MASTER 0 W_VALID_RDY Handshake beat=17 wlast=0
[1725000] MASTER 1 B_VALID_RDY Handshake
[1725000] [MASTER MONITOR] mst_id=1 s_id=0 awaddr=4e57090 awid=1001 awlen=8 awsize=6 awburst=0 wdata=[92bcc0b5e46ba960 985b532dc5c7b1c4 e14fa4cfcf596ec8 33c51828106665dc d62e17a0f40c6585 c365d44dcc206b55 dc86d131b77dbc6f ab8a21f4f72aec75 c34b57cab2b4e8d1 ] wstrb=[41 41 fc b6 35 cd 81 77 e ] bresp=0 bid=1001
[1725000] S1 MEMORY WRITE beat=10 addr=196000e8 data=fa2ab4ecf6da0e62 id=0f
[1725000] SCOREBOARD MATCH: decode_err expected = 0, actual =0
[1725000] SCOREBOARD MATCH: slave_id expected = 0, actual =0
[1725000] SCOREBOARD MATCH: awaddr passthrough expected = 4e57090, actual =4e57090
[1725000] SCOREBOARD MATCH: awlen passthrough expected = 8, actual =8
[1725000] SCOREBOARD MATCH: awsize passthrough expected = 6, actual =6
[1725000] SCOREBOARD MATCH: awburst passthrough expected = 0, actual =0
[1725000] SCOREBOARD MATCH: wdata size check expected = 9, actual =9
[1725000] SCOREBOARD MATCH: wdata passthrough beat=0 expected = 92bcc0b5e46ba960, actual =92bcc0b5e46ba960
[1725000] SCOREBOARD MATCH: wdata passthrough beat=1 expected = 985b532dc5c7b1c4, actual =985b532dc5c7b1c4
[1725000] SCOREBOARD MATCH: wdata passthrough beat=2 expected = e14fa4cfcf596ec8, actual =e14fa4cfcf596ec8
[1725000] SCOREBOARD MATCH: wdata passthrough beat=3 expected = 33c51828106665dc, actual =33c51828106665dc
[1725000] SCOREBOARD MATCH: wdata passthrough beat=4 expected = d62e17a0f40c6585, actual =d62e17a0f40c6585
[1725000] SCOREBOARD MATCH: wdata passthrough beat=5 expected = c365d44dcc206b55, actual =c365d44dcc206b55
[1725000] SCOREBOARD MATCH: wdata passthrough beat=6 expected = dc86d131b77dbc6f, actual =dc86d131b77dbc6f
[1725000] SCOREBOARD MATCH: wdata passthrough beat=7 expected = ab8a21f4f72aec75, actual =ab8a21f4f72aec75
[1725000] SCOREBOARD MATCH: wdata passthrough beat=8 expected = c34b57cab2b4e8d1, actual =c34b57cab2b4e8d1
[1725000] SCOREBOARD MATCH: wstrb size check expected = 9, actual =9
[1725000] SCOREBOARD MATCH: wstrb passthrough beat=0 expected = 41, actual =41
[1725000] SCOREBOARD MATCH: wstrb passthrough beat=1 expected = 41, actual =41
[1725000] SCOREBOARD MATCH: wstrb passthrough beat=2 expected = fc, actual =fc
[1725000] SCOREBOARD MATCH: wstrb passthrough beat=3 expected = b6, actual =b6
[1725000] SCOREBOARD MATCH: wstrb passthrough beat=4 expected = 35, actual =35
[1725000] SCOREBOARD MATCH: wstrb passthrough beat=5 expected = cd, actual =cd
[1725000] SCOREBOARD MATCH: wstrb passthrough beat=6 expected = 81, actual =81
[1725000] SCOREBOARD MATCH: wstrb passthrough beat=7 expected = 77, actual =77
[1725000] SCOREBOARD MATCH: wstrb passthrough beat=8 expected = e, actual =e
[1725000] SCOREBOARD MATCH: bresp passthrough expected = 0, actual =0
[1725000] SCOREBOARD MATCH: response routed to correct master (write) expected = 1, actual =1
[1725000] [SCOREBOARD-M] mst_id=1 s_id=0 awaddr=4e57090 awid=1001 awlen=8 awsize=6 awburst=0 wdata=[92bcc0b5e46ba960 985b532dc5c7b1c4 e14fa4cfcf596ec8 33c51828106665dc d62e17a0f40c6585 c365d44dcc206b55 dc86d131b77dbc6f ab8a21f4f72aec75 c34b57cab2b4e8d1 ] wstrb=[41 41 fc b6 35 cd 81 77 e ] bresp=0 bid=1001
[1725000] [SCOREBOARD-S] mst_id=1 s_id=0 awaddr=4e57090 awid=1001 awlen=8 awsize=6 awburst=0 wdata=[92bcc0b5e46ba960 985b532dc5c7b1c4 e14fa4cfcf596ec8 33c51828106665dc d62e17a0f40c6585 c365d44dcc206b55 dc86d131b77dbc6f ab8a21f4f72aec75 c34b57cab2b4e8d1 ] wstrb=[41 41 fc b6 35 cd 81 77 e ] bresp=0 bid=11001
[1725000] SCOREBOARD: Transaction 4 received. pass=368 fail=0
[1725000] ALL PASS. Total transactions: 4
[1735000] S1 MEMORY WRITE beat=11 addr=196000f0 data=e3c7e008a2ae6368 id=0f
[1735000] MASTER 0 W_VALID_RDY Handshake beat=18 wlast=0
[1745000] MASTER 0 W_VALID_RDY Handshake beat=19 wlast=0
[1745000] S1 MEMORY WRITE beat=12 addr=196000f8 data=2943cd0a08099e4b id=0f
[1755000] S1 MEMORY WRITE beat=13 addr=19600100 data=fee3acadd1c8e857 id=0f
[1755000] MASTER 0 W_VALID_RDY Handshake beat=20 wlast=0
[1765000] MASTER 0 W_VALID_RDY Handshake beat=21 wlast=0
[1765000] S1 MEMORY WRITE beat=14 addr=19600108 data=f4774bc0a36e81f6 id=0f
[1775000] S1 MEMORY WRITE beat=15 addr=19600110 data=ab782041e2ab8cb5 id=0f
[1775000] MASTER 0 W_VALID_RDY Handshake beat=22 wlast=0
[1785000] MASTER 0 W_VALID_RDY Handshake beat=23 wlast=0
[1785000] S1 MEMORY WRITE beat=16 addr=19600118 data=b474750c1dbb18ca id=0f
[1795000] S1 MEMORY WRITE beat=17 addr=19600120 data=c1299ac0aa5bccee id=0f
[1795000] MASTER 0 W_VALID_RDY Handshake beat=24 wlast=0
[1805000] MASTER 0 W_VALID_RDY Handshake beat=25 wlast=0
[1805000] S1 MEMORY WRITE beat=18 addr=19600128 data=8d0759a3a8ebc0cc id=0f
[1815000] S1 MEMORY WRITE beat=19 addr=19600130 data=c6a6d996eca1bb02 id=0f
[1815000] MASTER 0 W_VALID_RDY Handshake beat=26 wlast=0
[1825000] MASTER 0 W_VALID_RDY Handshake beat=27 wlast=0
[1825000] S1 MEMORY WRITE beat=20 addr=19600138 data=96fd87f0c17bceb0 id=0f
[1835000] S1 MEMORY WRITE beat=21 addr=19600140 data=ea678f7c07d07457 id=0f
[1835000] MASTER 0 W_VALID_RDY Handshake beat=28 wlast=0
[1845000] MASTER 0 W_VALID_RDY Handshake beat=29 wlast=0
[1845000] S1 MEMORY WRITE beat=22 addr=19600148 data=f4722f592404e194 id=0f
[1855000] S1 MEMORY WRITE beat=23 addr=19600150 data=e580b044310e6913 id=0f
[1855000] MASTER 0 W_VALID_RDY Handshake beat=30 wlast=0
[1865000] MASTER 0 W_VALID_RDY Handshake beat=31 wlast=0
[1865000] S1 MEMORY WRITE beat=24 addr=19600158 data=38dedd6a8b6fb749 id=0f
[1875000] S1 MEMORY WRITE beat=25 addr=19600160 data=af7498ddcfe83fc0 id=0f
[1875000] MASTER 0 W_VALID_RDY Handshake beat=32 wlast=0
[1885000] MASTER 0 W_VALID_RDY Handshake beat=33 wlast=0
[1885000] S1 MEMORY WRITE beat=26 addr=19600168 data=80f6a8d32d510cc3 id=0f
[1895000] S1 MEMORY WRITE beat=27 addr=19600170 data=b8c0c40c94f54921 id=0f
[1895000] MASTER 0 W_VALID_RDY Handshake beat=34 wlast=0
[1905000] MASTER 0 W_VALID_RDY Handshake beat=35 wlast=0
[1905000] S1 MEMORY WRITE beat=28 addr=19600178 data=e4dd88e2b9d5863d id=0f
[1915000] S1 MEMORY WRITE beat=29 addr=19600180 data=e7269300e8355cea id=0f
[1915000] MASTER 0 W_VALID_RDY Handshake beat=36 wlast=0
[1925000] MASTER 0 W_VALID_RDY Handshake beat=37 wlast=0
[1925000] S1 MEMORY WRITE beat=30 addr=19600188 data=fd2aa60be5d431b5 id=0f
[1935000] S1 MEMORY WRITE beat=31 addr=19600190 data=1fa9b7f31fe7570d id=0f
[1935000] MASTER 0 W_VALID_RDY Handshake beat=38 wlast=0
[1945000] MASTER 0 W_VALID_RDY Handshake beat=39 wlast=0
[1945000] S1 MEMORY WRITE beat=32 addr=19600198 data=081cb3f7e2082eed id=0f
[1955000] S1 MEMORY WRITE beat=33 addr=196001a0 data=c7dc60a386d04af3 id=0f
[1955000] MASTER 0 W_VALID_RDY Handshake beat=40 wlast=0
[1965000] MASTER 0 W_VALID_RDY Handshake beat=41 wlast=0
[1965000] S1 MEMORY WRITE beat=34 addr=196001a8 data=a6b7a20085475a02 id=0f
[1975000] S1 MEMORY WRITE beat=35 addr=196001b0 data=e74f88f0e7861896 id=0f
[1975000] MASTER 0 W_VALID_RDY Handshake beat=42 wlast=0
[1985000] MASTER 0 W_VALID_RDY Handshake beat=43 wlast=0
[1985000] S1 MEMORY WRITE beat=36 addr=196001b8 data=ee566389aed455f7 id=0f
[1995000] S1 MEMORY WRITE beat=37 addr=196001c0 data=341baffa2f2be993 id=0f
[1995000] MASTER 0 W_VALID_RDY Handshake beat=44 wlast=0
[2005000] MASTER 0 W_VALID_RDY Handshake beat=45 wlast=0
[2005000] S1 MEMORY WRITE beat=38 addr=196001c8 data=16b20229150e058a id=0f
[2015000] S1 MEMORY WRITE beat=39 addr=196001d0 data=c3e25b811b6b38ea id=0f
[2015000] MASTER 0 W_VALID_RDY Handshake beat=46 wlast=0
[2025000] MASTER 0 W_VALID_RDY Handshake beat=47 wlast=0
[2025000] S1 MEMORY WRITE beat=40 addr=196001d8 data=ca97227d850865b2 id=0f
[2035000] S1 MEMORY WRITE beat=41 addr=196001e0 data=9a166b3cf7fe0b7b id=0f
[2035000] MASTER 0 W_VALID_RDY Handshake beat=48 wlast=0
[2045000] MASTER 0 W_VALID_RDY Handshake beat=49 wlast=0
[2045000] S1 MEMORY WRITE beat=42 addr=196001e8 data=93694465e14924a6 id=0f
[2055000] S1 MEMORY WRITE beat=43 addr=196001f0 data=e6518a58ddf8c6be id=0f
[2055000] MASTER 0 W_VALID_RDY Handshake beat=50 wlast=0
[2065000] MASTER 0 W_VALID_RDY Handshake beat=51 wlast=0
[2065000] S1 MEMORY WRITE beat=44 addr=196001f8 data=d5f6d239de0066e2 id=0f
[2075000] S1 MEMORY WRITE beat=45 addr=19600200 data=bf498b880067f595 id=0f
[2075000] MASTER 0 W_VALID_RDY Handshake beat=52 wlast=0
[2085000] MASTER 0 W_VALID_RDY Handshake beat=53 wlast=0
[2085000] S1 MEMORY WRITE beat=46 addr=19600208 data=de60bc53e960169f id=0f
[2095000] S1 MEMORY WRITE beat=47 addr=19600210 data=c7607d81259b15e1 id=0f
[2095000] MASTER 0 W_VALID_RDY Handshake beat=54 wlast=0
[2105000] MASTER 0 W_VALID_RDY Handshake beat=55 wlast=0
[2105000] S1 MEMORY WRITE beat=48 addr=19600218 data=26030b76b4578e8c id=0f
[2115000] S1 MEMORY WRITE beat=49 addr=19600220 data=9db7a52b06aa090a id=0f
[2115000] MASTER 0 W_VALID_RDY Handshake beat=56 wlast=0
[2125000] MASTER 0 W_VALID_RDY Handshake beat=57 wlast=0
[2125000] S1 MEMORY WRITE beat=50 addr=19600228 data=2c451eeb0463c7c9 id=0f
[2135000] S1 MEMORY WRITE beat=51 addr=19600230 data=b8bb5655e51822ad id=0f
[2135000] MASTER 0 W_VALID_RDY Handshake beat=58 wlast=0
[2145000] MASTER 0 W_VALID_RDY Handshake beat=59 wlast=0
[2145000] S1 MEMORY WRITE beat=52 addr=19600238 data=ebc22bb7d2482a61 id=0f
[2155000] S1 MEMORY WRITE beat=53 addr=19600240 data=d6abf22ad672fb81 id=0f
[2155000] MASTER 0 W_VALID_RDY Handshake beat=60 wlast=0
[2165000] MASTER 0 W_VALID_RDY Handshake beat=61 wlast=0
[2165000] S1 MEMORY WRITE beat=54 addr=19600248 data=3b8b1e2e18074aa2 id=0f
[2175000] S1 MEMORY WRITE beat=55 addr=19600250 data=ea4f75038f67487f id=0f
[2175000] MASTER 0 W_VALID_RDY Handshake beat=62 wlast=0
[2185000] MASTER 0 W_VALID_RDY Handshake beat=63 wlast=0
[2185000] S1 MEMORY WRITE beat=56 addr=19600258 data=e5da4400274d49e5 id=0f
[2195000] S1 MEMORY WRITE beat=57 addr=19600260 data=3f549487c0fb672d id=0f
[2195000] MASTER 0 W_VALID_RDY Handshake beat=64 wlast=0
[2205000] MASTER 0 W_VALID_RDY Handshake beat=65 wlast=0
[2205000] S1 MEMORY WRITE beat=58 addr=19600268 data=d062afaca165622e id=0f
[2215000] S1 MEMORY WRITE beat=59 addr=19600270 data=c8b2ac1329a4098a id=0f
[2215000] MASTER 0 W_VALID_RDY Handshake beat=66 wlast=0
[2225000] MASTER 0 W_VALID_RDY Handshake beat=67 wlast=0
[2225000] S1 MEMORY WRITE beat=60 addr=19600278 data=ea9f70b7363cf3ad id=0f
[2235000] S1 MEMORY WRITE beat=61 addr=19600280 data=d7a255db8807409a id=0f
[2235000] MASTER 0 W_VALID_RDY Handshake beat=68 wlast=0
[2245000] MASTER 0 W_VALID_RDY Handshake beat=69 wlast=0
[2245000] S1 MEMORY WRITE beat=62 addr=19600288 data=b1ab4a24bb022063 id=0f
[2255000] S1 MEMORY WRITE beat=63 addr=19600290 data=f13f1410205501ef id=0f
[2255000] MASTER 0 W_VALID_RDY Handshake beat=70 wlast=0
[2265000] MASTER 0 W_VALID_RDY Handshake beat=71 wlast=0
[2265000] S1 MEMORY WRITE beat=64 addr=19600298 data=a85c42899c4abadb id=0f
[2275000] S1 MEMORY WRITE beat=65 addr=196002a0 data=d74cdb3fc8e169ec id=0f
[2275000] MASTER 0 W_VALID_RDY Handshake beat=72 wlast=0
[2285000] MASTER 0 W_VALID_RDY Handshake beat=73 wlast=0
[2285000] S1 MEMORY WRITE beat=66 addr=196002a8 data=e9366bdbda078cae id=0f
[2295000] S1 MEMORY WRITE beat=67 addr=196002b0 data=f6524789c88bef4f id=0f
[2295000] MASTER 0 W_VALID_RDY Handshake beat=74 wlast=0
[2305000] MASTER 0 W_VALID_RDY Handshake beat=75 wlast=0
[2305000] S1 MEMORY WRITE beat=68 addr=196002b8 data=916d593b9192ae64 id=0f
[2315000] S1 MEMORY WRITE beat=69 addr=196002c0 data=eb9a3b12cd9f22c8 id=0f
[2315000] MASTER 0 W_VALID_RDY Handshake beat=76 wlast=0
[2325000] MASTER 0 W_VALID_RDY Handshake beat=77 wlast=0
[2325000] S1 MEMORY WRITE beat=70 addr=196002c8 data=162b1218faa3c516 id=0f
[2335000] S1 MEMORY WRITE beat=71 addr=196002d0 data=0c36737be1ec829c id=0f
[2335000] MASTER 0 W_VALID_RDY Handshake beat=78 wlast=0
[2345000] MASTER 0 W_VALID_RDY Handshake beat=79 wlast=0
[2345000] S1 MEMORY WRITE beat=72 addr=196002d8 data=af8ba564a7986b53 id=0f
[2355000] S1 MEMORY WRITE beat=73 addr=196002e0 data=223c306af7d0ae8d id=0f
[2355000] MASTER 0 W_VALID_RDY Handshake beat=80 wlast=0
[2365000] MASTER 0 W_VALID_RDY Handshake beat=81 wlast=0
[2365000] S1 MEMORY WRITE beat=74 addr=196002e8 data=d9bd3129c5b6b77c id=0f
[2375000] S1 MEMORY WRITE beat=75 addr=196002f0 data=ed4f22d02e72a3e5 id=0f
[2375000] MASTER 0 W_VALID_RDY Handshake beat=82 wlast=0
[2385000] MASTER 0 W_VALID_RDY Handshake beat=83 wlast=0
[2385000] S1 MEMORY WRITE beat=76 addr=196002f8 data=a64352720948d68e id=0f
[2395000] S1 MEMORY WRITE beat=77 addr=19600300 data=ceff8e0a0f8b533a id=0f
[2395000] MASTER 0 W_VALID_RDY Handshake beat=84 wlast=0
[2405000] MASTER 0 W_VALID_RDY Handshake beat=85 wlast=0
[2405000] S1 MEMORY WRITE beat=78 addr=19600308 data=3dfdf71f0000839c id=0f
[2415000] S1 MEMORY WRITE beat=79 addr=19600310 data=09495a2abc4eb0da id=0f
[2415000] MASTER 0 W_VALID_RDY Handshake beat=86 wlast=0
[2425000] MASTER 0 W_VALID_RDY Handshake beat=87 wlast=0
[2425000] S1 MEMORY WRITE beat=80 addr=19600318 data=cbda0414e4414991 id=0f
[2435000] S1 MEMORY WRITE beat=81 addr=19600320 data=e441cd2dd848e834 id=0f
[2435000] MASTER 0 W_VALID_RDY Handshake beat=88 wlast=0
[2445000] MASTER 0 W_VALID_RDY Handshake beat=89 wlast=0
[2445000] S1 MEMORY WRITE beat=82 addr=19600328 data=1497990f89d7fb33 id=0f
[2455000] S1 MEMORY WRITE beat=83 addr=19600330 data=ee1944c5ed8b2757 id=0f
[2455000] MASTER 0 W_VALID_RDY Handshake beat=90 wlast=0
[2465000] MASTER 0 W_VALID_RDY Handshake beat=91 wlast=0
[2465000] S1 MEMORY WRITE beat=84 addr=19600338 data=c5d40f8ce0719d23 id=0f
[2475000] S1 MEMORY WRITE beat=85 addr=19600340 data=ea499857d25b11f2 id=0f
[2475000] MASTER 0 W_VALID_RDY Handshake beat=92 wlast=0
[2485000] MASTER 0 W_VALID_RDY Handshake beat=93 wlast=0
[2485000] S1 MEMORY WRITE beat=86 addr=19600348 data=3fe6394ada6ba89b id=0f
[2495000] S1 MEMORY WRITE beat=87 addr=19600350 data=badd45bed862dd1c id=0f
[2495000] MASTER 0 W_VALID_RDY Handshake beat=94 wlast=0
[2505000] MASTER 0 W_VALID_RDY Handshake beat=95 wlast=0
[2505000] S1 MEMORY WRITE beat=88 addr=19600358 data=aabdef0e05ba48d6 id=0f
[2515000] S1 MEMORY WRITE beat=89 addr=19600360 data=e025f171a526de15 id=0f
[2515000] MASTER 0 W_VALID_RDY Handshake beat=96 wlast=0
[2525000] MASTER 0 W_VALID_RDY Handshake beat=97 wlast=0
[2525000] S1 MEMORY WRITE beat=90 addr=19600368 data=fd89bb31eaa42858 id=0f
[2535000] S1 MEMORY WRITE beat=91 addr=19600370 data=f05e712e9b03372f id=0f
[2535000] MASTER 0 W_VALID_RDY Handshake beat=98 wlast=0
[2545000] MASTER 0 W_VALID_RDY Handshake beat=99 wlast=0
[2545000] S1 MEMORY WRITE beat=92 addr=19600378 data=c02a15452847aa40 id=0f
[2555000] S1 MEMORY WRITE beat=93 addr=19600380 data=92ebd298d084629f id=0f
[2555000] MASTER 0 W_VALID_RDY Handshake beat=100 wlast=0
[2565000] MASTER 0 W_VALID_RDY Handshake beat=101 wlast=0
[2565000] S1 MEMORY WRITE beat=94 addr=19600388 data=eb8799cfbdb3d076 id=0f
[2575000] S1 MEMORY WRITE beat=95 addr=19600390 data=e5fb7ab6034a43c7 id=0f
[2575000] MASTER 0 W_VALID_RDY Handshake beat=102 wlast=0
[2585000] MASTER 0 W_VALID_RDY Handshake beat=103 wlast=0
[2585000] S1 MEMORY WRITE beat=96 addr=19600398 data=d3cea6662bb1af14 id=0f
[2595000] S1 MEMORY WRITE beat=97 addr=196003a0 data=e9657f8af8e74d4f id=0f
[2595000] MASTER 0 W_VALID_RDY Handshake beat=104 wlast=0
[2605000] MASTER 0 W_VALID_RDY Handshake beat=105 wlast=0
[2605000] S1 MEMORY WRITE beat=98 addr=196003a8 data=fc319116bf564035 id=0f
[2615000] S1 MEMORY WRITE beat=99 addr=196003b0 data=eb07ef49cf60fa41 id=0f
[2615000] MASTER 0 W_VALID_RDY Handshake beat=106 wlast=0
[2625000] MASTER 0 W_VALID_RDY Handshake beat=107 wlast=0
[2625000] S1 MEMORY WRITE beat=100 addr=196003b8 data=c8484790d000377c id=0f
[2635000] S1 MEMORY WRITE beat=101 addr=196003c0 data=0f5677b2d46d6ed4 id=0f
[2635000] MASTER 0 W_VALID_RDY Handshake beat=108 wlast=0
[2645000] MASTER 0 W_VALID_RDY Handshake beat=109 wlast=0
[2645000] S1 MEMORY WRITE beat=102 addr=196003c8 data=23ce6915c479d8a6 id=0f
[2655000] S1 MEMORY WRITE beat=103 addr=196003d0 data=947a1022fa5e66fb id=0f
[2655000] MASTER 0 W_VALID_RDY Handshake beat=110 wlast=0
[2665000] MASTER 0 W_VALID_RDY Handshake beat=111 wlast=0
[2665000] S1 MEMORY WRITE beat=104 addr=196003d8 data=cecbd5cfec16b0a5 id=0f
[2675000] S1 MEMORY WRITE beat=105 addr=196003e0 data=3090894ba3d087d4 id=0f
[2675000] MASTER 0 W_VALID_RDY Handshake beat=112 wlast=0
[2685000] MASTER 0 W_VALID_RDY Handshake beat=113 wlast=0
[2685000] S1 MEMORY WRITE beat=106 addr=196003e8 data=1e2eeed0f29a3ee4 id=0f
[2695000] S1 MEMORY WRITE beat=107 addr=196003f0 data=deb0ef89c50a996d id=0f
[2695000] MASTER 0 W_VALID_RDY Handshake beat=114 wlast=0
[2705000] MASTER 0 W_VALID_RDY Handshake beat=115 wlast=0
[2705000] S1 MEMORY WRITE beat=108 addr=196003f8 data=e8db2142ecfac49f id=0f
[2715000] S1 MEMORY WRITE beat=109 addr=19600400 data=df9503848f4178d4 id=0f
[2715000] MASTER 0 W_VALID_RDY Handshake beat=116 wlast=0
[2725000] MASTER 0 W_VALID_RDY Handshake beat=117 wlast=0
[2725000] S1 MEMORY WRITE beat=110 addr=19600408 data=d44c1242070a1012 id=0f
[2735000] S1 MEMORY WRITE beat=111 addr=19600410 data=f404d4b1be45f30d id=0f
[2735000] MASTER 0 W_VALID_RDY Handshake beat=118 wlast=0
[2745000] MASTER 0 W_VALID_RDY Handshake beat=119 wlast=0
[2745000] S1 MEMORY WRITE beat=112 addr=19600418 data=cd876be23d273384 id=0f
[2755000] S1 MEMORY WRITE beat=113 addr=19600420 data=c4314396d399d835 id=0f
[2755000] MASTER 0 W_VALID_RDY Handshake beat=120 wlast=0
[2765000] MASTER 0 W_VALID_RDY Handshake beat=121 wlast=0
[2765000] S1 MEMORY WRITE beat=114 addr=19600428 data=11dfcb4321d37e24 id=0f
[2775000] S1 MEMORY WRITE beat=115 addr=19600430 data=defab1a8b8361847 id=0f
[2775000] MASTER 0 W_VALID_RDY Handshake beat=122 wlast=0
[2785000] MASTER 0 W_VALID_RDY Handshake beat=123 wlast=0
[2785000] S1 MEMORY WRITE beat=116 addr=19600438 data=0bcff07ddf673725 id=0f
[2795000] S1 MEMORY WRITE beat=117 addr=19600440 data=013ab549232bf53e id=0f
[2795000] MASTER 0 W_VALID_RDY Handshake beat=124 wlast=0
[2805000] MASTER 0 W_VALID_RDY Handshake beat=125 wlast=0
[2805000] S1 MEMORY WRITE beat=118 addr=19600448 data=db620d851dafbbc0 id=0f
[2815000] S1 MEMORY WRITE beat=119 addr=19600450 data=fd16f2e5e03566f1 id=0f
[2815000] MASTER 0 W_VALID_RDY Handshake beat=126 wlast=0
[2825000] MASTER 0 W_VALID_RDY Handshake beat=127 wlast=0
[2825000] S1 MEMORY WRITE beat=120 addr=19600458 data=03615c2fe731fe02 id=0f
[2835000] S1 MEMORY WRITE beat=121 addr=19600460 data=84e1b9c2fe51a82e id=0f
[2835000] MASTER 0 W_VALID_RDY Handshake beat=128 wlast=0
[2845000] MASTER 0 W_VALID_RDY Handshake beat=129 wlast=0
[2845000] S1 MEMORY WRITE beat=122 addr=19600468 data=de870f1fdec369b4 id=0f
[2855000] S1 MEMORY WRITE beat=123 addr=19600470 data=c5f567b781f8aca7 id=0f
[2855000] MASTER 0 W_VALID_RDY Handshake beat=130 wlast=0
[2865000] MASTER 0 W_VALID_RDY Handshake beat=131 wlast=0
[2865000] S1 MEMORY WRITE beat=124 addr=19600478 data=804a54d5e1e86b4e id=0f
[2875000] S1 MEMORY WRITE beat=125 addr=19600480 data=c0abd502cad72179 id=0f
[2875000] MASTER 0 W_VALID_RDY Handshake beat=132 wlast=0
[2885000] MASTER 0 W_VALID_RDY Handshake beat=133 wlast=0
[2885000] S1 MEMORY WRITE beat=126 addr=19600488 data=cccfce21ded163f4 id=0f
[2895000] S1 MEMORY WRITE beat=127 addr=19600490 data=c0b9cf4286a13cb9 id=0f
[2895000] MASTER 0 W_VALID_RDY Handshake beat=134 wlast=0
[2905000] MASTER 0 W_VALID_RDY Handshake beat=135 wlast=0
[2905000] S1 MEMORY WRITE beat=128 addr=19600498 data=d1785e33cd1a22f6 id=0f
[2915000] S1 MEMORY WRITE beat=129 addr=196004a0 data=2beb86eb0165a445 id=0f
[2915000] MASTER 0 W_VALID_RDY Handshake beat=136 wlast=0
[2925000] MASTER 0 W_VALID_RDY Handshake beat=137 wlast=0
[2925000] S1 MEMORY WRITE beat=130 addr=196004a8 data=8806e0fe1e482c54 id=0f
[2935000] S1 MEMORY WRITE beat=131 addr=196004b0 data=eb624f4aeca5562d id=0f
[2935000] MASTER 0 W_VALID_RDY Handshake beat=138 wlast=0
[2945000] MASTER 0 W_VALID_RDY Handshake beat=139 wlast=0
[2945000] S1 MEMORY WRITE beat=132 addr=196004b8 data=ee0afa72d97f3f31 id=0f
[2955000] S1 MEMORY WRITE beat=133 addr=196004c0 data=f7c76b85974dd635 id=0f
[2955000] MASTER 0 W_VALID_RDY Handshake beat=140 wlast=0
[2965000] MASTER 0 W_VALID_RDY Handshake beat=141 wlast=0
[2965000] S1 MEMORY WRITE beat=134 addr=196004c8 data=03f32c63f611db71 id=0f
[2975000] S1 MEMORY WRITE beat=135 addr=196004d0 data=cf911aa2e329bad0 id=0f
[2975000] MASTER 0 W_VALID_RDY Handshake beat=142 wlast=0
[2985000] MASTER 0 W_VALID_RDY Handshake beat=143 wlast=0
[2985000] S1 MEMORY WRITE beat=136 addr=196004d8 data=fa779105f1fe26d5 id=0f
[2995000] S1 MEMORY WRITE beat=137 addr=196004e0 data=e8100246c7588628 id=0f
[2995000] MASTER 0 W_VALID_RDY Handshake beat=144 wlast=0
[3005000] MASTER 0 W_VALID_RDY Handshake beat=145 wlast=0
[3005000] S1 MEMORY WRITE beat=138 addr=196004e8 data=2a8240f8fe6abd68 id=0f
[3015000] S1 MEMORY WRITE beat=139 addr=196004f0 data=f068e43e37a11ce9 id=0f
[3015000] MASTER 0 W_VALID_RDY Handshake beat=146 wlast=0
[3025000] MASTER 0 W_VALID_RDY Handshake beat=147 wlast=0
[3025000] S1 MEMORY WRITE beat=140 addr=196004f8 data=fef9a311a4f9d1fd id=0f
[3035000] S1 MEMORY WRITE beat=141 addr=19600500 data=23648f66d878e684 id=0f
[3035000] MASTER 0 W_VALID_RDY Handshake beat=148 wlast=0
[3045000] MASTER 0 W_VALID_RDY Handshake beat=149 wlast=0
[3045000] S1 MEMORY WRITE beat=142 addr=19600508 data=901a036d297be409 id=0f
[3055000] S1 MEMORY WRITE beat=143 addr=19600510 data=ce75b60613cd73a4 id=0f
[3055000] MASTER 0 W_VALID_RDY Handshake beat=150 wlast=0
[3065000] MASTER 0 W_VALID_RDY Handshake beat=151 wlast=0
[3065000] S1 MEMORY WRITE beat=144 addr=19600518 data=ec465a288f13a67e id=0f
[3075000] S1 MEMORY WRITE beat=145 addr=19600520 data=b88f8a87f1da456c id=0f
[3075000] MASTER 0 W_VALID_RDY Handshake beat=152 wlast=0
[3085000] MASTER 0 W_VALID_RDY Handshake beat=153 wlast=0
[3085000] S1 MEMORY WRITE beat=146 addr=19600528 data=85a7b910fc605d96 id=0f
[3095000] S1 MEMORY WRITE beat=147 addr=19600530 data=8b7404140705408e id=0f
[3095000] MASTER 0 W_VALID_RDY Handshake beat=154 wlast=0
[3105000] MASTER 0 W_VALID_RDY Handshake beat=155 wlast=0
[3105000] S1 MEMORY WRITE beat=148 addr=19600538 data=f8df85faf1ee1339 id=0f
[3115000] S1 MEMORY WRITE beat=149 addr=19600540 data=ee4e70cfc4038e9c id=0f
[3115000] MASTER 0 W_VALID_RDY Handshake beat=156 wlast=0
[3125000] MASTER 0 W_VALID_RDY Handshake beat=157 wlast=0
[3125000] S1 MEMORY WRITE beat=150 addr=19600548 data=cb08cf2afe873f0b id=0f
[3135000] S1 MEMORY WRITE beat=151 addr=19600550 data=f0755244f9c274e3 id=0f
[3135000] MASTER 0 W_VALID_RDY Handshake beat=158 wlast=0
[3145000] MASTER 0 W_VALID_RDY Handshake beat=159 wlast=0
[3145000] S1 MEMORY WRITE beat=152 addr=19600558 data=bdc6037fc3e85524 id=0f
[3155000] S1 MEMORY WRITE beat=153 addr=19600560 data=c26f942fdec3c313 id=0f
[3155000] MASTER 0 W_VALID_RDY Handshake beat=160 wlast=0
[3165000] MASTER 0 W_VALID_RDY Handshake beat=161 wlast=0
[3165000] S1 MEMORY WRITE beat=154 addr=19600568 data=d88637f688ced2a9 id=0f
[3175000] S1 MEMORY WRITE beat=155 addr=19600570 data=ccb727ceb2e4e673 id=0f
[3175000] MASTER 0 W_VALID_RDY Handshake beat=162 wlast=0
[3185000] MASTER 0 W_VALID_RDY Handshake beat=163 wlast=0
[3185000] S1 MEMORY WRITE beat=156 addr=19600578 data=91a8a986164c3b76 id=0f
[3195000] S1 MEMORY WRITE beat=157 addr=19600580 data=9f1b0e1f8f26bbfd id=0f
[3195000] MASTER 0 W_VALID_RDY Handshake beat=164 wlast=0
[3205000] MASTER 0 W_VALID_RDY Handshake beat=165 wlast=0
[3205000] S1 MEMORY WRITE beat=158 addr=19600588 data=c20ba271ea2ee17d id=0f
[3215000] S1 MEMORY WRITE beat=159 addr=19600590 data=007b1cf3ebd235ed id=0f
[3215000] MASTER 0 W_VALID_RDY Handshake beat=166 wlast=0
[3225000] MASTER 0 W_VALID_RDY Handshake beat=167 wlast=0
[3225000] S1 MEMORY WRITE beat=160 addr=19600598 data=faf8f1ebd3b44bf7 id=0f
[3235000] S1 MEMORY WRITE beat=161 addr=196005a0 data=bde32d749f962b12 id=0f
[3235000] MASTER 0 W_VALID_RDY Handshake beat=168 wlast=0
[3245000] MASTER 0 W_VALID_RDY Handshake beat=169 wlast=0
[3245000] S1 MEMORY WRITE beat=162 addr=196005a8 data=0b6861003d04945c id=0f
[3255000] S1 MEMORY WRITE beat=163 addr=196005b0 data=90b8e053be5e4a67 id=0f
[3255000] MASTER 0 W_VALID_RDY Handshake beat=170 wlast=0
[3265000] MASTER 0 W_VALID_RDY Handshake beat=171 wlast=0
[3265000] S1 MEMORY WRITE beat=164 addr=196005b8 data=ddf4757a066152eb id=0f
[3275000] S1 MEMORY WRITE beat=165 addr=196005c0 data=c365e747ce9c0dc8 id=0f
[3275000] MASTER 0 W_VALID_RDY Handshake beat=172 wlast=0
[3285000] MASTER 0 W_VALID_RDY Handshake beat=173 wlast=0
[3285000] S1 MEMORY WRITE beat=166 addr=196005c8 data=8cfa582fe95cd67a id=0f
[3295000] S1 MEMORY WRITE beat=167 addr=196005d0 data=efbe2965d41ec79a id=0f
[3295000] MASTER 0 W_VALID_RDY Handshake beat=174 wlast=0
[3305000] MASTER 0 W_VALID_RDY Handshake beat=175 wlast=0
[3305000] S1 MEMORY WRITE beat=168 addr=196005d8 data=a2bad562eaeecda9 id=0f
[3315000] S1 MEMORY WRITE beat=169 addr=196005e0 data=d44ba423332410ac id=0f
[3315000] MASTER 0 W_VALID_RDY Handshake beat=176 wlast=0
[3325000] MASTER 0 W_VALID_RDY Handshake beat=177 wlast=0
[3325000] S1 MEMORY WRITE beat=170 addr=196005e8 data=8742d8462fb52d92 id=0f
[3335000] S1 MEMORY WRITE beat=171 addr=196005f0 data=9aa3fb3bc409cd88 id=0f
[3335000] MASTER 0 W_VALID_RDY Handshake beat=178 wlast=0
[3345000] MASTER 0 W_VALID_RDY Handshake beat=179 wlast=0
[3345000] S1 MEMORY WRITE beat=172 addr=196005f8 data=f72dde3429fdada9 id=0f
[3355000] S1 MEMORY WRITE beat=173 addr=19600600 data=d9b2db3beeef9f5f id=0f
[3355000] MASTER 0 W_VALID_RDY Handshake beat=180 wlast=0
[3365000] MASTER 0 W_VALID_RDY Handshake beat=181 wlast=0
[3365000] S1 MEMORY WRITE beat=174 addr=19600608 data=b2f96ce7fe70b67b id=0f
[3375000] S1 MEMORY WRITE beat=175 addr=19600610 data=286e6424f456d676 id=0f
[3375000] MASTER 0 W_VALID_RDY Handshake beat=182 wlast=0
[3385000] MASTER 0 W_VALID_RDY Handshake beat=183 wlast=0
[3385000] S1 MEMORY WRITE beat=176 addr=19600618 data=e34675d52a274b1c id=0f
[3395000] S1 MEMORY WRITE beat=177 addr=19600620 data=2898019702213f5f id=0f
[3395000] MASTER 0 W_VALID_RDY Handshake beat=184 wlast=0
[3405000] MASTER 0 W_VALID_RDY Handshake beat=185 wlast=0
[3405000] S1 MEMORY WRITE beat=178 addr=19600628 data=f67815d5163fe2bd id=0f
[3415000] S1 MEMORY WRITE beat=179 addr=19600630 data=c0672dd9d10665bb id=0f
[3415000] MASTER 0 W_VALID_RDY Handshake beat=186 wlast=0
[3425000] MASTER 0 W_VALID_RDY Handshake beat=187 wlast=0
[3425000] S1 MEMORY WRITE beat=180 addr=19600638 data=d327a51ad9be8bab id=0f
[3435000] S1 MEMORY WRITE beat=181 addr=19600640 data=effe6e68e8ff2f70 id=0f
[3435000] MASTER 0 W_VALID_RDY Handshake beat=188 wlast=0
[3445000] MASTER 0 W_VALID_RDY Handshake beat=189 wlast=0
[3445000] S1 MEMORY WRITE beat=182 addr=19600648 data=3a05952bc99fbaef id=0f
[3455000] S1 MEMORY WRITE beat=183 addr=19600650 data=a35e469a30659c41 id=0f
[3455000] MASTER 0 W_VALID_RDY Handshake beat=190 wlast=0
[3465000] MASTER 0 W_VALID_RDY Handshake beat=191 wlast=0
[3465000] S1 MEMORY WRITE beat=184 addr=19600658 data=1964cbb10d2d3a45 id=0f
[3475000] S1 MEMORY WRITE beat=185 addr=19600660 data=d6ccf534935cb502 id=0f
[3475000] MASTER 0 W_VALID_RDY Handshake beat=192 wlast=0
[3485000] MASTER 0 W_VALID_RDY Handshake beat=193 wlast=0
[3485000] S1 MEMORY WRITE beat=186 addr=19600668 data=c3c25143d36a60dc id=0f
[3495000] S1 MEMORY WRITE beat=187 addr=19600670 data=e0979b21fa2b3bcf id=0f
[3495000] MASTER 0 W_VALID_RDY Handshake beat=194 wlast=0
[3505000] MASTER 0 W_VALID_RDY Handshake beat=195 wlast=0
[3505000] S1 MEMORY WRITE beat=188 addr=19600678 data=8d87f0d1dd271cf4 id=0f
[3515000] S1 MEMORY WRITE beat=189 addr=19600680 data=b0917dd0b7649055 id=0f
[3515000] MASTER 0 W_VALID_RDY Handshake beat=196 wlast=0
[3525000] MASTER 0 W_VALID_RDY Handshake beat=197 wlast=0
[3525000] S1 MEMORY WRITE beat=190 addr=19600688 data=b18fcc24d14a4215 id=0f
[3535000] S1 MEMORY WRITE beat=191 addr=19600690 data=ae715f09912918f1 id=0f
[3535000] MASTER 0 W_VALID_RDY Handshake beat=198 wlast=0
[3545000] MASTER 0 W_VALID_RDY Handshake beat=199 wlast=0
[3545000] S1 MEMORY WRITE beat=192 addr=19600698 data=c88da9473f17bcf6 id=0f
[3555000] S1 MEMORY WRITE beat=193 addr=196006a0 data=1061ff0bdf02dcda id=0f
[3555000] MASTER 0 W_VALID_RDY Handshake beat=200 wlast=0
[3565000] MASTER 0 W_VALID_RDY Handshake beat=201 wlast=0
[3565000] S1 MEMORY WRITE beat=194 addr=196006a8 data=f02bf5cbfa1d756b id=0f
[3575000] S1 MEMORY WRITE beat=195 addr=196006b0 data=b9353261bed35e14 id=0f
[3575000] MASTER 0 W_VALID_RDY Handshake beat=202 wlast=0
[3585000] MASTER 0 W_VALID_RDY Handshake beat=203 wlast=0
[3585000] S1 MEMORY WRITE beat=196 addr=196006b8 data=9dd63aeeb8b99f12 id=0f
[3595000] S1 MEMORY WRITE beat=197 addr=196006c0 data=32d7147ec997316c id=0f
[3595000] MASTER 0 W_VALID_RDY Handshake beat=204 wlast=0
[3605000] MASTER 0 W_VALID_RDY Handshake beat=205 wlast=0
[3605000] S1 MEMORY WRITE beat=198 addr=196006c8 data=086a8f810e0230ba id=0f
[3615000] S1 MEMORY WRITE beat=199 addr=196006d0 data=c6bbcfccec0c46df id=0f
[3615000] MASTER 0 W_VALID_RDY Handshake beat=206 wlast=0
[3625000] MASTER 0 W_VALID_RDY Handshake beat=207 wlast=0
[3625000] S1 MEMORY WRITE beat=200 addr=196006d8 data=35a3784ca640ca6f id=0f
[3635000] S1 MEMORY WRITE beat=201 addr=196006e0 data=b442fb29f992e44a id=0f
[3635000] MASTER 0 W_VALID_RDY Handshake beat=208 wlast=0
[3645000] MASTER 0 W_VALID_RDY Handshake beat=209 wlast=0
[3645000] S1 MEMORY WRITE beat=202 addr=196006e8 data=e59f2b2a3e0e07cd id=0f
[3655000] S1 MEMORY WRITE beat=203 addr=196006f0 data=e44ed23cfafecaf6 id=0f
[3655000] MASTER 0 W_VALID_RDY Handshake beat=210 wlast=0
[3665000] MASTER 0 W_VALID_RDY Handshake beat=211 wlast=0
[3665000] S1 MEMORY WRITE beat=204 addr=196006f8 data=f491af401b42a376 id=0f
[3675000] S1 MEMORY WRITE beat=205 addr=19600700 data=d950ab431891cd66 id=0f
[3675000] MASTER 0 W_VALID_RDY Handshake beat=212 wlast=0
[3685000] MASTER 0 W_VALID_RDY Handshake beat=213 wlast=0
[3685000] S1 MEMORY WRITE beat=206 addr=19600708 data=1390985cda30da6a id=0f
[3695000] S1 MEMORY WRITE beat=207 addr=19600710 data=f5737de0bd9f7d7f id=0f
[3695000] MASTER 0 W_VALID_RDY Handshake beat=214 wlast=0
[3705000] MASTER 0 W_VALID_RDY Handshake beat=215 wlast=0
[3705000] S1 MEMORY WRITE beat=208 addr=19600718 data=d6314ae58822479c id=0f
[3715000] S1 MEMORY WRITE beat=209 addr=19600720 data=e2532207cec42923 id=0f
[3715000] MASTER 0 W_VALID_RDY Handshake beat=216 wlast=0
[3725000] MASTER 0 W_VALID_RDY Handshake beat=217 wlast=0
[3725000] S1 MEMORY WRITE beat=210 addr=19600728 data=0c63a6a3e9c1e341 id=0f
[3735000] S1 MEMORY WRITE beat=211 addr=19600730 data=f1e42aded7c69fe7 id=0f
[3735000] MASTER 0 W_VALID_RDY Handshake beat=218 wlast=0
[3745000] MASTER 0 W_VALID_RDY Handshake beat=219 wlast=0
[3745000] S1 MEMORY WRITE beat=212 addr=19600738 data=268ac90be294f188 id=0f
[3755000] S1 MEMORY WRITE beat=213 addr=19600740 data=cc56d4cad4374ce5 id=0f
[3755000] MASTER 0 W_VALID_RDY Handshake beat=220 wlast=0
[3765000] MASTER 0 W_VALID_RDY Handshake beat=221 wlast=0
[3765000] S1 MEMORY WRITE beat=214 addr=19600748 data=abfdeccc32ee6fae id=0f
[3775000] S1 MEMORY WRITE beat=215 addr=19600750 data=958361363e3affa8 id=0f
[3775000] MASTER 0 W_VALID_RDY Handshake beat=222 wlast=0
[3785000] MASTER 0 W_VALID_RDY Handshake beat=223 wlast=0
[3785000] S1 MEMORY WRITE beat=216 addr=19600758 data=12724c8dd288b5d7 id=0f
[3795000] S1 MEMORY WRITE beat=217 addr=19600760 data=85772585e1da3600 id=0f
[3795000] MASTER 0 W_VALID_RDY Handshake beat=224 wlast=0
[3805000] MASTER 0 W_VALID_RDY Handshake beat=225 wlast=0
[3805000] S1 MEMORY WRITE beat=218 addr=19600768 data=a01535a8be703959 id=0f
[3815000] S1 MEMORY WRITE beat=219 addr=19600770 data=10f8ef311afa86bc id=0f
[3815000] MASTER 0 W_VALID_RDY Handshake beat=226 wlast=0
[3825000] MASTER 0 W_VALID_RDY Handshake beat=227 wlast=0
[3825000] S1 MEMORY WRITE beat=220 addr=19600778 data=fcd4bcbcb2878235 id=0f
[3835000] S1 MEMORY WRITE beat=221 addr=19600780 data=f0f7bb8f967014b6 id=0f
[3835000] MASTER 0 W_VALID_RDY Handshake beat=228 wlast=0
[3845000] MASTER 0 W_VALID_RDY Handshake beat=229 wlast=0
[3845000] S1 MEMORY WRITE beat=222 addr=19600788 data=b16a9b721ce9f265 id=0f
[3855000] S1 MEMORY WRITE beat=223 addr=19600790 data=cf71749a01f0aac0 id=0f
[3855000] MASTER 0 W_VALID_RDY Handshake beat=230 wlast=0
[3865000] MASTER 0 W_VALID_RDY Handshake beat=231 wlast=0
[3865000] S1 MEMORY WRITE beat=224 addr=19600798 data=9860bf762e3f582f id=0f
[3875000] S1 MEMORY WRITE beat=225 addr=196007a0 data=cb294a94c0693029 id=0f
[3875000] MASTER 0 W_VALID_RDY Handshake beat=232 wlast=0
[3885000] MASTER 0 W_VALID_RDY Handshake beat=233 wlast=0
[3885000] S1 MEMORY WRITE beat=226 addr=196007a8 data=c259dae9c9cb5ae9 id=0f
[3895000] S1 MEMORY WRITE beat=227 addr=196007b0 data=f80ab3189a9abf2e id=0f
[3895000] MASTER 0 W_VALID_RDY Handshake beat=234 wlast=0
[3905000] MASTER 0 W_VALID_RDY Handshake beat=235 wlast=0
[3905000] S1 MEMORY WRITE beat=228 addr=196007b8 data=db03ef58daba9a60 id=0f
[3915000] S1 MEMORY WRITE beat=229 addr=196007c0 data=2485f549c333fdac id=0f
[3915000] MASTER 0 W_VALID_RDY Handshake beat=236 wlast=0
[3925000] MASTER 0 W_VALID_RDY Handshake beat=237 wlast=0
[3925000] S1 MEMORY WRITE beat=230 addr=196007c8 data=ddcebcda9d5dca41 id=0f
[3935000] S1 MEMORY WRITE beat=231 addr=196007d0 data=f81864a11c90a861 id=0f
[3935000] MASTER 0 W_VALID_RDY Handshake beat=238 wlast=0
[3945000] MASTER 0 W_VALID_RDY Handshake beat=239 wlast=0
[3945000] S1 MEMORY WRITE beat=232 addr=196007d8 data=dfc4a60db8d2ac32 id=0f
[3955000] S1 MEMORY WRITE beat=233 addr=196007e0 data=d63076749c9e59ea id=0f
[3955000] MASTER 0 W_VALID_RDY Handshake beat=240 wlast=0
[3965000] MASTER 0 W_VALID_RDY Handshake beat=241 wlast=0
[3965000] S1 MEMORY WRITE beat=234 addr=196007e8 data=b92f024bbd9362e7 id=0f
[3975000] S1 MEMORY WRITE beat=235 addr=196007f0 data=f6660f1ace48db15 id=0f
[3975000] MASTER 0 W_VALID_RDY Handshake beat=242 wlast=0
[3985000] MASTER 0 W_VALID_RDY Handshake beat=243 wlast=0
[3985000] S1 MEMORY WRITE beat=236 addr=196007f8 data=eae7350098f3a858 id=0f
[3995000] S1 MEMORY WRITE beat=237 addr=19600800 data=d6870b40cc96858e id=0f
[3995000] MASTER 0 W_VALID_RDY Handshake beat=244 wlast=0
[4005000] MASTER 0 W_VALID_RDY Handshake beat=245 wlast=0
[4005000] S1 MEMORY WRITE beat=238 addr=19600808 data=9adf60a3a416374b id=0f
[4015000] S1 MEMORY WRITE beat=239 addr=19600810 data=3d09dfa4cced1a5a id=0f
[4015000] MASTER 0 W_VALID_RDY Handshake beat=246 wlast=0
[4025000] MASTER 0 W_VALID_RDY Handshake beat=247 wlast=1
[4025000] S1 MEMORY WRITE beat=240 addr=19600818 data=19839fe885c695a3 id=0f
[4035000] S1 MEMORY WRITE beat=241 addr=19600820 data=29dcccef1390eae4 id=0f
[4045000] S1 MEMORY WRITE beat=242 addr=19600828 data=e07e053eb463008b id=0f
[4055000] S1 MEMORY WRITE beat=243 addr=19600830 data=3a29962fe6e6ac93 id=0f
[4065000] S1 MEMORY WRITE beat=244 addr=19600838 data=fa779777fa01a526 id=0f
[4075000] S1 MEMORY WRITE beat=245 addr=19600840 data=ae64a5b1e406631e id=0f
[4085000] S1 MEMORY WRITE beat=246 addr=19600848 data=caed0fb1daf59cb5 id=0f
[4095000] S1 MEMORY WRITE beat=247 addr=19600850 data=d4f741dbe88e3be0 id=0f
[4105000] SLAVE1 sent B resp, id=15
[4115000] [SLAVE MONITOR] mst_id=0 s_id=1 awaddr=19600098 awid=1111 awlen=247 awsize=3 awburst=1 wdata=[b6799a68835f52a9 f89c6151b54125b2 fd208a071e4dea19 a1ad3cc2ceb186f0 83f2aca2b39a246f d1e80e889a499e13 e8fb2503811336a9 34ad5b19f3954b4b 8ddee95eecedd1a6 ee01084f869569a1 fa2ab4ecf6da0e62 e3c7e008a2ae6368 2943cd0a08099e4b fee3acadd1c8e857 f4774bc0a36e81f6 ab782041e2ab8cb5 b474750c1dbb18ca c1299ac0aa5bccee 8d0759a3a8ebc0cc c6a6d996eca1bb02 96fd87f0c17bceb0 ea678f7c07d07457 f4722f592404e194 e580b044310e6913 38dedd6a8b6fb749 af7498ddcfe83fc0 80f6a8d32d510cc3 b8c0c40c94f54921 e4dd88e2b9d5863d e7269300e8355cea fd2aa60be5d431b5 1fa9b7f31fe7570d 81cb3f7e2082eed c7dc60a386d04af3 a6b7a20085475a02 e74f88f0e7861896 ee566389aed455f7 341baffa2f2be993 16b20229150e058a c3e25b811b6b38ea ca97227d850865b2 9a166b3cf7fe0b7b 93694465e14924a6 e6518a58ddf8c6be d5f6d239de0066e2 bf498b880067f595 de60bc53e960169f c7607d81259b15e1 26030b76b4578e8c 9db7a52b06aa090a 2c451eeb0463c7c9 b8bb5655e51822ad ebc22bb7d2482a61 d6abf22ad672fb81 3b8b1e2e18074aa2 ea4f75038f67487f e5da4400274d49e5 3f549487c0fb672d d062afaca165622e c8b2ac1329a4098a ea9f70b7363cf3ad d7a255db8807409a b1ab4a24bb022063 f13f1410205501ef a85c42899c4abadb d74cdb3fc8e169ec e9366bdbda078cae f6524789c88bef4f 916d593b9192ae64 eb9a3b12cd9f22c8 162b1218faa3c516 c36737be1ec829c af8ba564a7986b53 223c306af7d0ae8d d9bd3129c5b6b77c ed4f22d02e72a3e5 a64352720948d68e ceff8e0a0f8b533a 3dfdf71f0000839c 9495a2abc4eb0da cbda0414e4414991 e441cd2dd848e834 1497990f89d7fb33 ee1944c5ed8b2757 c5d40f8ce0719d23 ea499857d25b11f2 3fe6394ada6ba89b badd45bed862dd1c aabdef0e05ba48d6 e025f171a526de15 fd89bb31eaa42858 f05e712e9b03372f c02a15452847aa40 92ebd298d084629f eb8799cfbdb3d076 e5fb7ab6034a43c7 d3cea6662bb1af14 e9657f8af8e74d4f fc319116bf564035 eb07ef49cf60fa41 c8484790d000377c f5677b2d46d6ed4 23ce6915c479d8a6 947a1022fa5e66fb cecbd5cfec16b0a5 3090894ba3d087d4 1e2eeed0f29a3ee4 deb0ef89c50a996d e8db2142ecfac49f df9503848f4178d4 d44c1242070a1012 f404d4b1be45f30d cd876be23d273384 c4314396d399d835 11dfcb4321d37e24 defab1a8b8361847 bcff07ddf673725 13ab549232bf53e db620d851dafbbc0 fd16f2e5e03566f1 3615c2fe731fe02 84e1b9c2fe51a82e de870f1fdec369b4 c5f567b781f8aca7 804a54d5e1e86b4e c0abd502cad72179 cccfce21ded163f4 c0b9cf4286a13cb9 d1785e33cd1a22f6 2beb86eb0165a445 8806e0fe1e482c54 eb624f4aeca5562d ee0afa72d97f3f31 f7c76b85974dd635 3f32c63f611db71 cf911aa2e329bad0 fa779105f1fe26d5 e8100246c7588628 2a8240f8fe6abd68 f068e43e37a11ce9 fef9a311a4f9d1fd 23648f66d878e684 901a036d297be409 ce75b60613cd73a4 ec465a288f13a67e b88f8a87f1da456c 85a7b910fc605d96 8b7404140705408e f8df85faf1ee1339 ee4e70cfc4038e9c cb08cf2afe873f0b f0755244f9c274e3 bdc6037fc3e85524 c26f942fdec3c313 d88637f688ced2a9 ccb727ceb2e4e673 91a8a986164c3b76 9f1b0e1f8f26bbfd c20ba271ea2ee17d 7b1cf3ebd235ed faf8f1ebd3b44bf7 bde32d749f962b12 b6861003d04945c 90b8e053be5e4a67 ddf4757a066152eb c365e747ce9c0dc8 8cfa582fe95cd67a efbe2965d41ec79a a2bad562eaeecda9 d44ba423332410ac 8742d8462fb52d92 9aa3fb3bc409cd88 f72dde3429fdada9 d9b2db3beeef9f5f b2f96ce7fe70b67b 286e6424f456d676 e34675d52a274b1c 2898019702213f5f f67815d5163fe2bd c0672dd9d10665bb d327a51ad9be8bab effe6e68e8ff2f70 3a05952bc99fbaef a35e469a30659c41 1964cbb10d2d3a45 d6ccf534935cb502 c3c25143d36a60dc e0979b21fa2b3bcf 8d87f0d1dd271cf4 b0917dd0b7649055 b18fcc24d14a4215 ae715f09912918f1 c88da9473f17bcf6 1061ff0bdf02dcda f02bf5cbfa1d756b b9353261bed35e14 9dd63aeeb8b99f12 32d7147ec997316c 86a8f810e0230ba c6bbcfccec0c46df 35a3784ca640ca6f b442fb29f992e44a e59f2b2a3e0e07cd e44ed23cfafecaf6 f491af401b42a376 d950ab431891cd66 1390985cda30da6a f5737de0bd9f7d7f d6314ae58822479c e2532207cec42923 c63a6a3e9c1e341 f1e42aded7c69fe7 268ac90be294f188 cc56d4cad4374ce5 abfdeccc32ee6fae 958361363e3affa8 12724c8dd288b5d7 85772585e1da3600 a01535a8be703959 10f8ef311afa86bc fcd4bcbcb2878235 f0f7bb8f967014b6 b16a9b721ce9f265 cf71749a01f0aac0 9860bf762e3f582f cb294a94c0693029 c259dae9c9cb5ae9 f80ab3189a9abf2e db03ef58daba9a60 2485f549c333fdac ddcebcda9d5dca41 f81864a11c90a861 dfc4a60db8d2ac32 d63076749c9e59ea b92f024bbd9362e7 f6660f1ace48db15 eae7350098f3a858 d6870b40cc96858e 9adf60a3a416374b 3d09dfa4cced1a5a 19839fe885c695a3 29dcccef1390eae4 e07e053eb463008b 3a29962fe6e6ac93 fa779777fa01a526 ae64a5b1e406631e caed0fb1daf59cb5 d4f741dbe88e3be0 ] wstrb=[28 fe 8c dd af 6d b8 d7 6b 44 b4 1b b1 6c f2 1d b1 a7 38 62 13 2a 7f c4 d1 b7 27 e5 e2 a6 a9 b3 5e d0 98 40 77 42 f3 d5 12 8c 15 89 ce 8 5e e0 94 73 6a 62 7c c8 43 10 3c ad 73 b8 75 b6 c8 b1 63 3b 69 d8 f1 32 8a 54 6d f3 2d 5f 25 b7 b3 93 aa e0 f2 d0 97 a5 63 42 86 55 12 1d fa 75 5f 80 ca 71 9e c4 e6 fd 45 b0 6f e3 75 55 e0 ba 6 4f 9d 7b a5 7d 35 ab cd d2 26 72 4f 5b 1d 1c 2d 43 8e 7c 9e ab 99 cb ee 27 47 8c d3 e0 57 c1 8 9f 4e db 7f a5 9c 87 44 ea 62 c4 90 ff 4b d4 e9 ae 98 79 ad e4 4e 96 92 e6 10 3f ca 5e d5 5c 44 e5 9b f 43 71 6b 88 56 7 97 9a 78 2 22 ce 9 b9 68 81 bb 8a 50 c5 43 b8 46 ff 43 96 c4 86 4f a 85 92 a1 49 18 f0 54 9e 82 f5 e7 9a e5 3b 38 67 30 20 1 15 5b 3a 7c 8c 5a 7e a1 b5 b8 1e 41 12 9c e3 c7 54 1 9 66 9d ] bresp=0 bid=1111
[4125000] MASTER 0 RECEIVED BRESP. BRESP=0
[4125000] [MASTER DRIVER] mst_id=0 s_id=0 awaddr=19600098 awid=1111 awlen=247 awsize=3 awburst=1 wdata=[b6799a68835f52a9 f89c6151b54125b2 fd208a071e4dea19 a1ad3cc2ceb186f0 83f2aca2b39a246f d1e80e889a499e13 e8fb2503811336a9 34ad5b19f3954b4b 8ddee95eecedd1a6 ee01084f869569a1 fa2ab4ecf6da0e62 e3c7e008a2ae6368 2943cd0a08099e4b fee3acadd1c8e857 f4774bc0a36e81f6 ab782041e2ab8cb5 b474750c1dbb18ca c1299ac0aa5bccee 8d0759a3a8ebc0cc c6a6d996eca1bb02 96fd87f0c17bceb0 ea678f7c07d07457 f4722f592404e194 e580b044310e6913 38dedd6a8b6fb749 af7498ddcfe83fc0 80f6a8d32d510cc3 b8c0c40c94f54921 e4dd88e2b9d5863d e7269300e8355cea fd2aa60be5d431b5 1fa9b7f31fe7570d 81cb3f7e2082eed c7dc60a386d04af3 a6b7a20085475a02 e74f88f0e7861896 ee566389aed455f7 341baffa2f2be993 16b20229150e058a c3e25b811b6b38ea ca97227d850865b2 9a166b3cf7fe0b7b 93694465e14924a6 e6518a58ddf8c6be d5f6d239de0066e2 bf498b880067f595 de60bc53e960169f c7607d81259b15e1 26030b76b4578e8c 9db7a52b06aa090a 2c451eeb0463c7c9 b8bb5655e51822ad ebc22bb7d2482a61 d6abf22ad672fb81 3b8b1e2e18074aa2 ea4f75038f67487f e5da4400274d49e5 3f549487c0fb672d d062afaca165622e c8b2ac1329a4098a ea9f70b7363cf3ad d7a255db8807409a b1ab4a24bb022063 f13f1410205501ef a85c42899c4abadb d74cdb3fc8e169ec e9366bdbda078cae f6524789c88bef4f 916d593b9192ae64 eb9a3b12cd9f22c8 162b1218faa3c516 c36737be1ec829c af8ba564a7986b53 223c306af7d0ae8d d9bd3129c5b6b77c ed4f22d02e72a3e5 a64352720948d68e ceff8e0a0f8b533a 3dfdf71f0000839c 9495a2abc4eb0da cbda0414e4414991 e441cd2dd848e834 1497990f89d7fb33 ee1944c5ed8b2757 c5d40f8ce0719d23 ea499857d25b11f2 3fe6394ada6ba89b badd45bed862dd1c aabdef0e05ba48d6 e025f171a526de15 fd89bb31eaa42858 f05e712e9b03372f c02a15452847aa40 92ebd298d084629f eb8799cfbdb3d076 e5fb7ab6034a43c7 d3cea6662bb1af14 e9657f8af8e74d4f fc319116bf564035 eb07ef49cf60fa41 c8484790d000377c f5677b2d46d6ed4 23ce6915c479d8a6 947a1022fa5e66fb cecbd5cfec16b0a5 3090894ba3d087d4 1e2eeed0f29a3ee4 deb0ef89c50a996d e8db2142ecfac49f df9503848f4178d4 d44c1242070a1012 f404d4b1be45f30d cd876be23d273384 c4314396d399d835 11dfcb4321d37e24 defab1a8b8361847 bcff07ddf673725 13ab549232bf53e db620d851dafbbc0 fd16f2e5e03566f1 3615c2fe731fe02 84e1b9c2fe51a82e de870f1fdec369b4 c5f567b781f8aca7 804a54d5e1e86b4e c0abd502cad72179 cccfce21ded163f4 c0b9cf4286a13cb9 d1785e33cd1a22f6 2beb86eb0165a445 8806e0fe1e482c54 eb624f4aeca5562d ee0afa72d97f3f31 f7c76b85974dd635 3f32c63f611db71 cf911aa2e329bad0 fa779105f1fe26d5 e8100246c7588628 2a8240f8fe6abd68 f068e43e37a11ce9 fef9a311a4f9d1fd 23648f66d878e684 901a036d297be409 ce75b60613cd73a4 ec465a288f13a67e b88f8a87f1da456c 85a7b910fc605d96 8b7404140705408e f8df85faf1ee1339 ee4e70cfc4038e9c cb08cf2afe873f0b f0755244f9c274e3 bdc6037fc3e85524 c26f942fdec3c313 d88637f688ced2a9 ccb727ceb2e4e673 91a8a986164c3b76 9f1b0e1f8f26bbfd c20ba271ea2ee17d 7b1cf3ebd235ed faf8f1ebd3b44bf7 bde32d749f962b12 b6861003d04945c 90b8e053be5e4a67 ddf4757a066152eb c365e747ce9c0dc8 8cfa582fe95cd67a efbe2965d41ec79a a2bad562eaeecda9 d44ba423332410ac 8742d8462fb52d92 9aa3fb3bc409cd88 f72dde3429fdada9 d9b2db3beeef9f5f b2f96ce7fe70b67b 286e6424f456d676 e34675d52a274b1c 2898019702213f5f f67815d5163fe2bd c0672dd9d10665bb d327a51ad9be8bab effe6e68e8ff2f70 3a05952bc99fbaef a35e469a30659c41 1964cbb10d2d3a45 d6ccf534935cb502 c3c25143d36a60dc e0979b21fa2b3bcf 8d87f0d1dd271cf4 b0917dd0b7649055 b18fcc24d14a4215 ae715f09912918f1 c88da9473f17bcf6 1061ff0bdf02dcda f02bf5cbfa1d756b b9353261bed35e14 9dd63aeeb8b99f12 32d7147ec997316c 86a8f810e0230ba c6bbcfccec0c46df 35a3784ca640ca6f b442fb29f992e44a e59f2b2a3e0e07cd e44ed23cfafecaf6 f491af401b42a376 d950ab431891cd66 1390985cda30da6a f5737de0bd9f7d7f d6314ae58822479c e2532207cec42923 c63a6a3e9c1e341 f1e42aded7c69fe7 268ac90be294f188 cc56d4cad4374ce5 abfdeccc32ee6fae 958361363e3affa8 12724c8dd288b5d7 85772585e1da3600 a01535a8be703959 10f8ef311afa86bc fcd4bcbcb2878235 f0f7bb8f967014b6 b16a9b721ce9f265 cf71749a01f0aac0 9860bf762e3f582f cb294a94c0693029 c259dae9c9cb5ae9 f80ab3189a9abf2e db03ef58daba9a60 2485f549c333fdac ddcebcda9d5dca41 f81864a11c90a861 dfc4a60db8d2ac32 d63076749c9e59ea b92f024bbd9362e7 f6660f1ace48db15 eae7350098f3a858 d6870b40cc96858e 9adf60a3a416374b 3d09dfa4cced1a5a 19839fe885c695a3 29dcccef1390eae4 e07e053eb463008b 3a29962fe6e6ac93 fa779777fa01a526 ae64a5b1e406631e caed0fb1daf59cb5 d4f741dbe88e3be0 ] wstrb=[28 fe 8c dd af 6d b8 d7 6b 44 b4 1b b1 6c f2 1d b1 a7 38 62 13 2a 7f c4 d1 b7 27 e5 e2 a6 a9 b3 5e d0 98 40 77 42 f3 d5 12 8c 15 89 ce 8 5e e0 94 73 6a 62 7c c8 43 10 3c ad 73 b8 75 b6 c8 b1 63 3b 69 d8 f1 32 8a 54 6d f3 2d 5f 25 b7 b3 93 aa e0 f2 d0 97 a5 63 42 86 55 12 1d fa 75 5f 80 ca 71 9e c4 e6 fd 45 b0 6f e3 75 55 e0 ba 6 4f 9d 7b a5 7d 35 ab cd d2 26 72 4f 5b 1d 1c 2d 43 8e 7c 9e ab 99 cb ee 27 47 8c d3 e0 57 c1 8 9f 4e db 7f a5 9c 87 44 ea 62 c4 90 ff 4b d4 e9 ae 98 79 ad e4 4e 96 92 e6 10 3f ca 5e d5 5c 44 e5 9b f 43 71 6b 88 56 7 97 9a 78 2 22 ce 9 b9 68 81 bb 8a 50 c5 43 b8 46 ff 43 96 c4 86 4f a 85 92 a1 49 18 f0 54 9e 82 f5 e7 9a e5 3b 38 67 30 20 1 15 5b 3a 7c 8c 5a 7e a1 b5 b8 1e 41 12 9c e3 c7 54 1 9 66 9d ] bresp=0 bid=1111
[4125000] MASTER 0 B_VALID_RDY Handshake
[4125000] [MASTER MONITOR] mst_id=0 s_id=1 awaddr=19600098 awid=1111 awlen=247 awsize=3 awburst=1 wdata=[b6799a68835f52a9 f89c6151b54125b2 fd208a071e4dea19 a1ad3cc2ceb186f0 83f2aca2b39a246f d1e80e889a499e13 e8fb2503811336a9 34ad5b19f3954b4b 8ddee95eecedd1a6 ee01084f869569a1 fa2ab4ecf6da0e62 e3c7e008a2ae6368 2943cd0a08099e4b fee3acadd1c8e857 f4774bc0a36e81f6 ab782041e2ab8cb5 b474750c1dbb18ca c1299ac0aa5bccee 8d0759a3a8ebc0cc c6a6d996eca1bb02 96fd87f0c17bceb0 ea678f7c07d07457 f4722f592404e194 e580b044310e6913 38dedd6a8b6fb749 af7498ddcfe83fc0 80f6a8d32d510cc3 b8c0c40c94f54921 e4dd88e2b9d5863d e7269300e8355cea fd2aa60be5d431b5 1fa9b7f31fe7570d 81cb3f7e2082eed c7dc60a386d04af3 a6b7a20085475a02 e74f88f0e7861896 ee566389aed455f7 341baffa2f2be993 16b20229150e058a c3e25b811b6b38ea ca97227d850865b2 9a166b3cf7fe0b7b 93694465e14924a6 e6518a58ddf8c6be d5f6d239de0066e2 bf498b880067f595 de60bc53e960169f c7607d81259b15e1 26030b76b4578e8c 9db7a52b06aa090a 2c451eeb0463c7c9 b8bb5655e51822ad ebc22bb7d2482a61 d6abf22ad672fb81 3b8b1e2e18074aa2 ea4f75038f67487f e5da4400274d49e5 3f549487c0fb672d d062afaca165622e c8b2ac1329a4098a ea9f70b7363cf3ad d7a255db8807409a b1ab4a24bb022063 f13f1410205501ef a85c42899c4abadb d74cdb3fc8e169ec e9366bdbda078cae f6524789c88bef4f 916d593b9192ae64 eb9a3b12cd9f22c8 162b1218faa3c516 c36737be1ec829c af8ba564a7986b53 223c306af7d0ae8d d9bd3129c5b6b77c ed4f22d02e72a3e5 a64352720948d68e ceff8e0a0f8b533a 3dfdf71f0000839c 9495a2abc4eb0da cbda0414e4414991 e441cd2dd848e834 1497990f89d7fb33 ee1944c5ed8b2757 c5d40f8ce0719d23 ea499857d25b11f2 3fe6394ada6ba89b badd45bed862dd1c aabdef0e05ba48d6 e025f171a526de15 fd89bb31eaa42858 f05e712e9b03372f c02a15452847aa40 92ebd298d084629f eb8799cfbdb3d076 e5fb7ab6034a43c7 d3cea6662bb1af14 e9657f8af8e74d4f fc319116bf564035 eb07ef49cf60fa41 c8484790d000377c f5677b2d46d6ed4 23ce6915c479d8a6 947a1022fa5e66fb cecbd5cfec16b0a5 3090894ba3d087d4 1e2eeed0f29a3ee4 deb0ef89c50a996d e8db2142ecfac49f df9503848f4178d4 d44c1242070a1012 f404d4b1be45f30d cd876be23d273384 c4314396d399d835 11dfcb4321d37e24 defab1a8b8361847 bcff07ddf673725 13ab549232bf53e db620d851dafbbc0 fd16f2e5e03566f1 3615c2fe731fe02 84e1b9c2fe51a82e de870f1fdec369b4 c5f567b781f8aca7 804a54d5e1e86b4e c0abd502cad72179 cccfce21ded163f4 c0b9cf4286a13cb9 d1785e33cd1a22f6 2beb86eb0165a445 8806e0fe1e482c54 eb624f4aeca5562d ee0afa72d97f3f31 f7c76b85974dd635 3f32c63f611db71 cf911aa2e329bad0 fa779105f1fe26d5 e8100246c7588628 2a8240f8fe6abd68 f068e43e37a11ce9 fef9a311a4f9d1fd 23648f66d878e684 901a036d297be409 ce75b60613cd73a4 ec465a288f13a67e b88f8a87f1da456c 85a7b910fc605d96 8b7404140705408e f8df85faf1ee1339 ee4e70cfc4038e9c cb08cf2afe873f0b f0755244f9c274e3 bdc6037fc3e85524 c26f942fdec3c313 d88637f688ced2a9 ccb727ceb2e4e673 91a8a986164c3b76 9f1b0e1f8f26bbfd c20ba271ea2ee17d 7b1cf3ebd235ed faf8f1ebd3b44bf7 bde32d749f962b12 b6861003d04945c 90b8e053be5e4a67 ddf4757a066152eb c365e747ce9c0dc8 8cfa582fe95cd67a efbe2965d41ec79a a2bad562eaeecda9 d44ba423332410ac 8742d8462fb52d92 9aa3fb3bc409cd88 f72dde3429fdada9 d9b2db3beeef9f5f b2f96ce7fe70b67b 286e6424f456d676 e34675d52a274b1c 2898019702213f5f f67815d5163fe2bd c0672dd9d10665bb d327a51ad9be8bab effe6e68e8ff2f70 3a05952bc99fbaef a35e469a30659c41 1964cbb10d2d3a45 d6ccf534935cb502 c3c25143d36a60dc e0979b21fa2b3bcf 8d87f0d1dd271cf4 b0917dd0b7649055 b18fcc24d14a4215 ae715f09912918f1 c88da9473f17bcf6 1061ff0bdf02dcda f02bf5cbfa1d756b b9353261bed35e14 9dd63aeeb8b99f12 32d7147ec997316c 86a8f810e0230ba c6bbcfccec0c46df 35a3784ca640ca6f b442fb29f992e44a e59f2b2a3e0e07cd e44ed23cfafecaf6 f491af401b42a376 d950ab431891cd66 1390985cda30da6a f5737de0bd9f7d7f d6314ae58822479c e2532207cec42923 c63a6a3e9c1e341 f1e42aded7c69fe7 268ac90be294f188 cc56d4cad4374ce5 abfdeccc32ee6fae 958361363e3affa8 12724c8dd288b5d7 85772585e1da3600 a01535a8be703959 10f8ef311afa86bc fcd4bcbcb2878235 f0f7bb8f967014b6 b16a9b721ce9f265 cf71749a01f0aac0 9860bf762e3f582f cb294a94c0693029 c259dae9c9cb5ae9 f80ab3189a9abf2e db03ef58daba9a60 2485f549c333fdac ddcebcda9d5dca41 f81864a11c90a861 dfc4a60db8d2ac32 d63076749c9e59ea b92f024bbd9362e7 f6660f1ace48db15 eae7350098f3a858 d6870b40cc96858e 9adf60a3a416374b 3d09dfa4cced1a5a 19839fe885c695a3 29dcccef1390eae4 e07e053eb463008b 3a29962fe6e6ac93 fa779777fa01a526 ae64a5b1e406631e caed0fb1daf59cb5 d4f741dbe88e3be0 ] wstrb=[28 fe 8c dd af 6d b8 d7 6b 44 b4 1b b1 6c f2 1d b1 a7 38 62 13 2a 7f c4 d1 b7 27 e5 e2 a6 a9 b3 5e d0 98 40 77 42 f3 d5 12 8c 15 89 ce 8 5e e0 94 73 6a 62 7c c8 43 10 3c ad 73 b8 75 b6 c8 b1 63 3b 69 d8 f1 32 8a 54 6d f3 2d 5f 25 b7 b3 93 aa e0 f2 d0 97 a5 63 42 86 55 12 1d fa 75 5f 80 ca 71 9e c4 e6 fd 45 b0 6f e3 75 55 e0 ba 6 4f 9d 7b a5 7d 35 ab cd d2 26 72 4f 5b 1d 1c 2d 43 8e 7c 9e ab 99 cb ee 27 47 8c d3 e0 57 c1 8 9f 4e db 7f a5 9c 87 44 ea 62 c4 90 ff 4b d4 e9 ae 98 79 ad e4 4e 96 92 e6 10 3f ca 5e d5 5c 44 e5 9b f 43 71 6b 88 56 7 97 9a 78 2 22 ce 9 b9 68 81 bb 8a 50 c5 43 b8 46 ff 43 96 c4 86 4f a 85 92 a1 49 18 f0 54 9e 82 f5 e7 9a e5 3b 38 67 30 20 1 15 5b 3a 7c 8c 5a 7e a1 b5 b8 1e 41 12 9c e3 c7 54 1 9 66 9d ] bresp=0 bid=1111
[4125000] SCOREBOARD MATCH: decode_err expected = 0, actual =0
[4125000] SCOREBOARD MATCH: slave_id expected = 1, actual =1
[4125000] SCOREBOARD MATCH: awaddr passthrough expected = 19600098, actual =19600098
[4125000] SCOREBOARD MATCH: awlen passthrough expected = 247, actual =247
[4125000] SCOREBOARD MATCH: awsize passthrough expected = 3, actual =3
[4125000] SCOREBOARD MATCH: awburst passthrough expected = 1, actual =1
[4125000] SCOREBOARD MATCH: wdata size check expected = f8, actual =f8
[4125000] SCOREBOARD MATCH: wdata passthrough beat=0 expected = b6799a68835f52a9, actual =b6799a68835f52a9
[4125000] SCOREBOARD MATCH: wdata passthrough beat=1 expected = f89c6151b54125b2, actual =f89c6151b54125b2
[4125000] SCOREBOARD MATCH: wdata passthrough beat=2 expected = fd208a071e4dea19, actual =fd208a071e4dea19
[4125000] SCOREBOARD MATCH: wdata passthrough beat=3 expected = a1ad3cc2ceb186f0, actual =a1ad3cc2ceb186f0
[4125000] SCOREBOARD MATCH: wdata passthrough beat=4 expected = 83f2aca2b39a246f, actual =83f2aca2b39a246f
[4125000] SCOREBOARD MATCH: wdata passthrough beat=5 expected = d1e80e889a499e13, actual =d1e80e889a499e13
[4125000] SCOREBOARD MATCH: wdata passthrough beat=6 expected = e8fb2503811336a9, actual =e8fb2503811336a9
[4125000] SCOREBOARD MATCH: wdata passthrough beat=7 expected = 34ad5b19f3954b4b, actual =34ad5b19f3954b4b
[4125000] SCOREBOARD MATCH: wdata passthrough beat=8 expected = 8ddee95eecedd1a6, actual =8ddee95eecedd1a6
[4125000] SCOREBOARD MATCH: wdata passthrough beat=9 expected = ee01084f869569a1, actual =ee01084f869569a1
[4125000] SCOREBOARD MATCH: wdata passthrough beat=10 expected = fa2ab4ecf6da0e62, actual =fa2ab4ecf6da0e62
[4125000] SCOREBOARD MATCH: wdata passthrough beat=11 expected = e3c7e008a2ae6368, actual =e3c7e008a2ae6368
[4125000] SCOREBOARD MATCH: wdata passthrough beat=12 expected = 2943cd0a08099e4b, actual =2943cd0a08099e4b
[4125000] SCOREBOARD MATCH: wdata passthrough beat=13 expected = fee3acadd1c8e857, actual =fee3acadd1c8e857
[4125000] SCOREBOARD MATCH: wdata passthrough beat=14 expected = f4774bc0a36e81f6, actual =f4774bc0a36e81f6
[4125000] SCOREBOARD MATCH: wdata passthrough beat=15 expected = ab782041e2ab8cb5, actual =ab782041e2ab8cb5
[4125000] SCOREBOARD MATCH: wdata passthrough beat=16 expected = b474750c1dbb18ca, actual =b474750c1dbb18ca
[4125000] SCOREBOARD MATCH: wdata passthrough beat=17 expected = c1299ac0aa5bccee, actual =c1299ac0aa5bccee
[4125000] SCOREBOARD MATCH: wdata passthrough beat=18 expected = 8d0759a3a8ebc0cc, actual =8d0759a3a8ebc0cc
[4125000] SCOREBOARD MATCH: wdata passthrough beat=19 expected = c6a6d996eca1bb02, actual =c6a6d996eca1bb02
[4125000] SCOREBOARD MATCH: wdata passthrough beat=20 expected = 96fd87f0c17bceb0, actual =96fd87f0c17bceb0
[4125000] SCOREBOARD MATCH: wdata passthrough beat=21 expected = ea678f7c07d07457, actual =ea678f7c07d07457
[4125000] SCOREBOARD MATCH: wdata passthrough beat=22 expected = f4722f592404e194, actual =f4722f592404e194
[4125000] SCOREBOARD MATCH: wdata passthrough beat=23 expected = e580b044310e6913, actual =e580b044310e6913
[4125000] SCOREBOARD MATCH: wdata passthrough beat=24 expected = 38dedd6a8b6fb749, actual =38dedd6a8b6fb749
[4125000] SCOREBOARD MATCH: wdata passthrough beat=25 expected = af7498ddcfe83fc0, actual =af7498ddcfe83fc0
[4125000] SCOREBOARD MATCH: wdata passthrough beat=26 expected = 80f6a8d32d510cc3, actual =80f6a8d32d510cc3
[4125000] SCOREBOARD MATCH: wdata passthrough beat=27 expected = b8c0c40c94f54921, actual =b8c0c40c94f54921
[4125000] SCOREBOARD MATCH: wdata passthrough beat=28 expected = e4dd88e2b9d5863d, actual =e4dd88e2b9d5863d
[4125000] SCOREBOARD MATCH: wdata passthrough beat=29 expected = e7269300e8355cea, actual =e7269300e8355cea
[4125000] SCOREBOARD MATCH: wdata passthrough beat=30 expected = fd2aa60be5d431b5, actual =fd2aa60be5d431b5
[4125000] SCOREBOARD MATCH: wdata passthrough beat=31 expected = 1fa9b7f31fe7570d, actual =1fa9b7f31fe7570d
[4125000] SCOREBOARD MATCH: wdata passthrough beat=32 expected = 81cb3f7e2082eed, actual =81cb3f7e2082eed
[4125000] SCOREBOARD MATCH: wdata passthrough beat=33 expected = c7dc60a386d04af3, actual =c7dc60a386d04af3
[4125000] SCOREBOARD MATCH: wdata passthrough beat=34 expected = a6b7a20085475a02, actual =a6b7a20085475a02
[4125000] SCOREBOARD MATCH: wdata passthrough beat=35 expected = e74f88f0e7861896, actual =e74f88f0e7861896
[4125000] SCOREBOARD MATCH: wdata passthrough beat=36 expected = ee566389aed455f7, actual =ee566389aed455f7
[4125000] SCOREBOARD MATCH: wdata passthrough beat=37 expected = 341baffa2f2be993, actual =341baffa2f2be993
[4125000] SCOREBOARD MATCH: wdata passthrough beat=38 expected = 16b20229150e058a, actual =16b20229150e058a
[4125000] SCOREBOARD MATCH: wdata passthrough beat=39 expected = c3e25b811b6b38ea, actual =c3e25b811b6b38ea
[4125000] SCOREBOARD MATCH: wdata passthrough beat=40 expected = ca97227d850865b2, actual =ca97227d850865b2
[4125000] SCOREBOARD MATCH: wdata passthrough beat=41 expected = 9a166b3cf7fe0b7b, actual =9a166b3cf7fe0b7b
[4125000] SCOREBOARD MATCH: wdata passthrough beat=42 expected = 93694465e14924a6, actual =93694465e14924a6
[4125000] SCOREBOARD MATCH: wdata passthrough beat=43 expected = e6518a58ddf8c6be, actual =e6518a58ddf8c6be
[4125000] SCOREBOARD MATCH: wdata passthrough beat=44 expected = d5f6d239de0066e2, actual =d5f6d239de0066e2
[4125000] SCOREBOARD MATCH: wdata passthrough beat=45 expected = bf498b880067f595, actual =bf498b880067f595
[4125000] SCOREBOARD MATCH: wdata passthrough beat=46 expected = de60bc53e960169f, actual =de60bc53e960169f
[4125000] SCOREBOARD MATCH: wdata passthrough beat=47 expected = c7607d81259b15e1, actual =c7607d81259b15e1
[4125000] SCOREBOARD MATCH: wdata passthrough beat=48 expected = 26030b76b4578e8c, actual =26030b76b4578e8c
[4125000] SCOREBOARD MATCH: wdata passthrough beat=49 expected = 9db7a52b06aa090a, actual =9db7a52b06aa090a
[4125000] SCOREBOARD MATCH: wdata passthrough beat=50 expected = 2c451eeb0463c7c9, actual =2c451eeb0463c7c9
[4125000] SCOREBOARD MATCH: wdata passthrough beat=51 expected = b8bb5655e51822ad, actual =b8bb5655e51822ad
[4125000] SCOREBOARD MATCH: wdata passthrough beat=52 expected = ebc22bb7d2482a61, actual =ebc22bb7d2482a61
[4125000] SCOREBOARD MATCH: wdata passthrough beat=53 expected = d6abf22ad672fb81, actual =d6abf22ad672fb81
[4125000] SCOREBOARD MATCH: wdata passthrough beat=54 expected = 3b8b1e2e18074aa2, actual =3b8b1e2e18074aa2
[4125000] SCOREBOARD MATCH: wdata passthrough beat=55 expected = ea4f75038f67487f, actual =ea4f75038f67487f
[4125000] SCOREBOARD MATCH: wdata passthrough beat=56 expected = e5da4400274d49e5, actual =e5da4400274d49e5
[4125000] SCOREBOARD MATCH: wdata passthrough beat=57 expected = 3f549487c0fb672d, actual =3f549487c0fb672d
[4125000] SCOREBOARD MATCH: wdata passthrough beat=58 expected = d062afaca165622e, actual =d062afaca165622e
[4125000] SCOREBOARD MATCH: wdata passthrough beat=59 expected = c8b2ac1329a4098a, actual =c8b2ac1329a4098a
[4125000] SCOREBOARD MATCH: wdata passthrough beat=60 expected = ea9f70b7363cf3ad, actual =ea9f70b7363cf3ad
[4125000] SCOREBOARD MATCH: wdata passthrough beat=61 expected = d7a255db8807409a, actual =d7a255db8807409a
[4125000] SCOREBOARD MATCH: wdata passthrough beat=62 expected = b1ab4a24bb022063, actual =b1ab4a24bb022063
[4125000] SCOREBOARD MATCH: wdata passthrough beat=63 expected = f13f1410205501ef, actual =f13f1410205501ef
[4125000] SCOREBOARD MATCH: wdata passthrough beat=64 expected = a85c42899c4abadb, actual =a85c42899c4abadb
[4125000] SCOREBOARD MATCH: wdata passthrough beat=65 expected = d74cdb3fc8e169ec, actual =d74cdb3fc8e169ec
[4125000] SCOREBOARD MATCH: wdata passthrough beat=66 expected = e9366bdbda078cae, actual =e9366bdbda078cae
[4125000] SCOREBOARD MATCH: wdata passthrough beat=67 expected = f6524789c88bef4f, actual =f6524789c88bef4f
[4125000] SCOREBOARD MATCH: wdata passthrough beat=68 expected = 916d593b9192ae64, actual =916d593b9192ae64
[4125000] SCOREBOARD MATCH: wdata passthrough beat=69 expected = eb9a3b12cd9f22c8, actual =eb9a3b12cd9f22c8
[4125000] SCOREBOARD MATCH: wdata passthrough beat=70 expected = 162b1218faa3c516, actual =162b1218faa3c516
[4125000] SCOREBOARD MATCH: wdata passthrough beat=71 expected = c36737be1ec829c, actual =c36737be1ec829c
[4125000] SCOREBOARD MATCH: wdata passthrough beat=72 expected = af8ba564a7986b53, actual =af8ba564a7986b53
[4125000] SCOREBOARD MATCH: wdata passthrough beat=73 expected = 223c306af7d0ae8d, actual =223c306af7d0ae8d
[4125000] SCOREBOARD MATCH: wdata passthrough beat=74 expected = d9bd3129c5b6b77c, actual =d9bd3129c5b6b77c
[4125000] SCOREBOARD MATCH: wdata passthrough beat=75 expected = ed4f22d02e72a3e5, actual =ed4f22d02e72a3e5
[4125000] SCOREBOARD MATCH: wdata passthrough beat=76 expected = a64352720948d68e, actual =a64352720948d68e
[4125000] SCOREBOARD MATCH: wdata passthrough beat=77 expected = ceff8e0a0f8b533a, actual =ceff8e0a0f8b533a
[4125000] SCOREBOARD MATCH: wdata passthrough beat=78 expected = 3dfdf71f0000839c, actual =3dfdf71f0000839c
[4125000] SCOREBOARD MATCH: wdata passthrough beat=79 expected = 9495a2abc4eb0da, actual =9495a2abc4eb0da
[4125000] SCOREBOARD MATCH: wdata passthrough beat=80 expected = cbda0414e4414991, actual =cbda0414e4414991
[4125000] SCOREBOARD MATCH: wdata passthrough beat=81 expected = e441cd2dd848e834, actual =e441cd2dd848e834
[4125000] SCOREBOARD MATCH: wdata passthrough beat=82 expected = 1497990f89d7fb33, actual =1497990f89d7fb33
[4125000] SCOREBOARD MATCH: wdata passthrough beat=83 expected = ee1944c5ed8b2757, actual =ee1944c5ed8b2757
[4125000] SCOREBOARD MATCH: wdata passthrough beat=84 expected = c5d40f8ce0719d23, actual =c5d40f8ce0719d23
[4125000] SCOREBOARD MATCH: wdata passthrough beat=85 expected = ea499857d25b11f2, actual =ea499857d25b11f2
[4125000] SCOREBOARD MATCH: wdata passthrough beat=86 expected = 3fe6394ada6ba89b, actual =3fe6394ada6ba89b
[4125000] SCOREBOARD MATCH: wdata passthrough beat=87 expected = badd45bed862dd1c, actual =badd45bed862dd1c
[4125000] SCOREBOARD MATCH: wdata passthrough beat=88 expected = aabdef0e05ba48d6, actual =aabdef0e05ba48d6
[4125000] SCOREBOARD MATCH: wdata passthrough beat=89 expected = e025f171a526de15, actual =e025f171a526de15
[4125000] SCOREBOARD MATCH: wdata passthrough beat=90 expected = fd89bb31eaa42858, actual =fd89bb31eaa42858
[4125000] SCOREBOARD MATCH: wdata passthrough beat=91 expected = f05e712e9b03372f, actual =f05e712e9b03372f
[4125000] SCOREBOARD MATCH: wdata passthrough beat=92 expected = c02a15452847aa40, actual =c02a15452847aa40
[4125000] SCOREBOARD MATCH: wdata passthrough beat=93 expected = 92ebd298d084629f, actual =92ebd298d084629f
[4125000] SCOREBOARD MATCH: wdata passthrough beat=94 expected = eb8799cfbdb3d076, actual =eb8799cfbdb3d076
[4125000] SCOREBOARD MATCH: wdata passthrough beat=95 expected = e5fb7ab6034a43c7, actual =e5fb7ab6034a43c7
[4125000] SCOREBOARD MATCH: wdata passthrough beat=96 expected = d3cea6662bb1af14, actual =d3cea6662bb1af14
[4125000] SCOREBOARD MATCH: wdata passthrough beat=97 expected = e9657f8af8e74d4f, actual =e9657f8af8e74d4f
[4125000] SCOREBOARD MATCH: wdata passthrough beat=98 expected = fc319116bf564035, actual =fc319116bf564035
[4125000] SCOREBOARD MATCH: wdata passthrough beat=99 expected = eb07ef49cf60fa41, actual =eb07ef49cf60fa41
[4125000] SCOREBOARD MATCH: wdata passthrough beat=100 expected = c8484790d000377c, actual =c8484790d000377c
[4125000] SCOREBOARD MATCH: wdata passthrough beat=101 expected = f5677b2d46d6ed4, actual =f5677b2d46d6ed4
[4125000] SCOREBOARD MATCH: wdata passthrough beat=102 expected = 23ce6915c479d8a6, actual =23ce6915c479d8a6
[4125000] SCOREBOARD MATCH: wdata passthrough beat=103 expected = 947a1022fa5e66fb, actual =947a1022fa5e66fb
[4125000] SCOREBOARD MATCH: wdata passthrough beat=104 expected = cecbd5cfec16b0a5, actual =cecbd5cfec16b0a5
[4125000] SCOREBOARD MATCH: wdata passthrough beat=105 expected = 3090894ba3d087d4, actual =3090894ba3d087d4
[4125000] SCOREBOARD MATCH: wdata passthrough beat=106 expected = 1e2eeed0f29a3ee4, actual =1e2eeed0f29a3ee4
[4125000] SCOREBOARD MATCH: wdata passthrough beat=107 expected = deb0ef89c50a996d, actual =deb0ef89c50a996d
[4125000] SCOREBOARD MATCH: wdata passthrough beat=108 expected = e8db2142ecfac49f, actual =e8db2142ecfac49f
[4125000] SCOREBOARD MATCH: wdata passthrough beat=109 expected = df9503848f4178d4, actual =df9503848f4178d4
[4125000] SCOREBOARD MATCH: wdata passthrough beat=110 expected = d44c1242070a1012, actual =d44c1242070a1012
[4125000] SCOREBOARD MATCH: wdata passthrough beat=111 expected = f404d4b1be45f30d, actual =f404d4b1be45f30d
[4125000] SCOREBOARD MATCH: wdata passthrough beat=112 expected = cd876be23d273384, actual =cd876be23d273384
[4125000] SCOREBOARD MATCH: wdata passthrough beat=113 expected = c4314396d399d835, actual =c4314396d399d835
[4125000] SCOREBOARD MATCH: wdata passthrough beat=114 expected = 11dfcb4321d37e24, actual =11dfcb4321d37e24
[4125000] SCOREBOARD MATCH: wdata passthrough beat=115 expected = defab1a8b8361847, actual =defab1a8b8361847
[4125000] SCOREBOARD MATCH: wdata passthrough beat=116 expected = bcff07ddf673725, actual =bcff07ddf673725
[4125000] SCOREBOARD MATCH: wdata passthrough beat=117 expected = 13ab549232bf53e, actual =13ab549232bf53e
[4125000] SCOREBOARD MATCH: wdata passthrough beat=118 expected = db620d851dafbbc0, actual =db620d851dafbbc0
[4125000] SCOREBOARD MATCH: wdata passthrough beat=119 expected = fd16f2e5e03566f1, actual =fd16f2e5e03566f1
[4125000] SCOREBOARD MATCH: wdata passthrough beat=120 expected = 3615c2fe731fe02, actual =3615c2fe731fe02
[4125000] SCOREBOARD MATCH: wdata passthrough beat=121 expected = 84e1b9c2fe51a82e, actual =84e1b9c2fe51a82e
[4125000] SCOREBOARD MATCH: wdata passthrough beat=122 expected = de870f1fdec369b4, actual =de870f1fdec369b4
[4125000] SCOREBOARD MATCH: wdata passthrough beat=123 expected = c5f567b781f8aca7, actual =c5f567b781f8aca7
[4125000] SCOREBOARD MATCH: wdata passthrough beat=124 expected = 804a54d5e1e86b4e, actual =804a54d5e1e86b4e
[4125000] SCOREBOARD MATCH: wdata passthrough beat=125 expected = c0abd502cad72179, actual =c0abd502cad72179
[4125000] SCOREBOARD MATCH: wdata passthrough beat=126 expected = cccfce21ded163f4, actual =cccfce21ded163f4
[4125000] SCOREBOARD MATCH: wdata passthrough beat=127 expected = c0b9cf4286a13cb9, actual =c0b9cf4286a13cb9
[4125000] SCOREBOARD MATCH: wdata passthrough beat=128 expected = d1785e33cd1a22f6, actual =d1785e33cd1a22f6
[4125000] SCOREBOARD MATCH: wdata passthrough beat=129 expected = 2beb86eb0165a445, actual =2beb86eb0165a445
[4125000] SCOREBOARD MATCH: wdata passthrough beat=130 expected = 8806e0fe1e482c54, actual =8806e0fe1e482c54
[4125000] SCOREBOARD MATCH: wdata passthrough beat=131 expected = eb624f4aeca5562d, actual =eb624f4aeca5562d
[4125000] SCOREBOARD MATCH: wdata passthrough beat=132 expected = ee0afa72d97f3f31, actual =ee0afa72d97f3f31
[4125000] SCOREBOARD MATCH: wdata passthrough beat=133 expected = f7c76b85974dd635, actual =f7c76b85974dd635
[4125000] SCOREBOARD MATCH: wdata passthrough beat=134 expected = 3f32c63f611db71, actual =3f32c63f611db71
[4125000] SCOREBOARD MATCH: wdata passthrough beat=135 expected = cf911aa2e329bad0, actual =cf911aa2e329bad0
[4125000] SCOREBOARD MATCH: wdata passthrough beat=136 expected = fa779105f1fe26d5, actual =fa779105f1fe26d5
[4125000] SCOREBOARD MATCH: wdata passthrough beat=137 expected = e8100246c7588628, actual =e8100246c7588628
[4125000] SCOREBOARD MATCH: wdata passthrough beat=138 expected = 2a8240f8fe6abd68, actual =2a8240f8fe6abd68
[4125000] SCOREBOARD MATCH: wdata passthrough beat=139 expected = f068e43e37a11ce9, actual =f068e43e37a11ce9
[4125000] SCOREBOARD MATCH: wdata passthrough beat=140 expected = fef9a311a4f9d1fd, actual =fef9a311a4f9d1fd
[4125000] SCOREBOARD MATCH: wdata passthrough beat=141 expected = 23648f66d878e684, actual =23648f66d878e684
[4125000] SCOREBOARD MATCH: wdata passthrough beat=142 expected = 901a036d297be409, actual =901a036d297be409
[4125000] SCOREBOARD MATCH: wdata passthrough beat=143 expected = ce75b60613cd73a4, actual =ce75b60613cd73a4
[4125000] SCOREBOARD MATCH: wdata passthrough beat=144 expected = ec465a288f13a67e, actual =ec465a288f13a67e
[4125000] SCOREBOARD MATCH: wdata passthrough beat=145 expected = b88f8a87f1da456c, actual =b88f8a87f1da456c
[4125000] SCOREBOARD MATCH: wdata passthrough beat=146 expected = 85a7b910fc605d96, actual =85a7b910fc605d96
[4125000] SCOREBOARD MATCH: wdata passthrough beat=147 expected = 8b7404140705408e, actual =8b7404140705408e
[4125000] SCOREBOARD MATCH: wdata passthrough beat=148 expected = f8df85faf1ee1339, actual =f8df85faf1ee1339
[4125000] SCOREBOARD MATCH: wdata passthrough beat=149 expected = ee4e70cfc4038e9c, actual =ee4e70cfc4038e9c
[4125000] SCOREBOARD MATCH: wdata passthrough beat=150 expected = cb08cf2afe873f0b, actual =cb08cf2afe873f0b
[4125000] SCOREBOARD MATCH: wdata passthrough beat=151 expected = f0755244f9c274e3, actual =f0755244f9c274e3
[4125000] SCOREBOARD MATCH: wdata passthrough beat=152 expected = bdc6037fc3e85524, actual =bdc6037fc3e85524
[4125000] SCOREBOARD MATCH: wdata passthrough beat=153 expected = c26f942fdec3c313, actual =c26f942fdec3c313
[4125000] SCOREBOARD MATCH: wdata passthrough beat=154 expected = d88637f688ced2a9, actual =d88637f688ced2a9
[4125000] SCOREBOARD MATCH: wdata passthrough beat=155 expected = ccb727ceb2e4e673, actual =ccb727ceb2e4e673
[4125000] SCOREBOARD MATCH: wdata passthrough beat=156 expected = 91a8a986164c3b76, actual =91a8a986164c3b76
[4125000] SCOREBOARD MATCH: wdata passthrough beat=157 expected = 9f1b0e1f8f26bbfd, actual =9f1b0e1f8f26bbfd
[4125000] SCOREBOARD MATCH: wdata passthrough beat=158 expected = c20ba271ea2ee17d, actual =c20ba271ea2ee17d
[4125000] SCOREBOARD MATCH: wdata passthrough beat=159 expected = 7b1cf3ebd235ed, actual =7b1cf3ebd235ed
[4125000] SCOREBOARD MATCH: wdata passthrough beat=160 expected = faf8f1ebd3b44bf7, actual =faf8f1ebd3b44bf7
[4125000] SCOREBOARD MATCH: wdata passthrough beat=161 expected = bde32d749f962b12, actual =bde32d749f962b12
[4125000] SCOREBOARD MATCH: wdata passthrough beat=162 expected = b6861003d04945c, actual =b6861003d04945c
[4125000] SCOREBOARD MATCH: wdata passthrough beat=163 expected = 90b8e053be5e4a67, actual =90b8e053be5e4a67
[4125000] SCOREBOARD MATCH: wdata passthrough beat=164 expected = ddf4757a066152eb, actual =ddf4757a066152eb
[4125000] SCOREBOARD MATCH: wdata passthrough beat=165 expected = c365e747ce9c0dc8, actual =c365e747ce9c0dc8
[4125000] SCOREBOARD MATCH: wdata passthrough beat=166 expected = 8cfa582fe95cd67a, actual =8cfa582fe95cd67a
[4125000] SCOREBOARD MATCH: wdata passthrough beat=167 expected = efbe2965d41ec79a, actual =efbe2965d41ec79a
[4125000] SCOREBOARD MATCH: wdata passthrough beat=168 expected = a2bad562eaeecda9, actual =a2bad562eaeecda9
[4125000] SCOREBOARD MATCH: wdata passthrough beat=169 expected = d44ba423332410ac, actual =d44ba423332410ac
[4125000] SCOREBOARD MATCH: wdata passthrough beat=170 expected = 8742d8462fb52d92, actual =8742d8462fb52d92
[4125000] SCOREBOARD MATCH: wdata passthrough beat=171 expected = 9aa3fb3bc409cd88, actual =9aa3fb3bc409cd88
[4125000] SCOREBOARD MATCH: wdata passthrough beat=172 expected = f72dde3429fdada9, actual =f72dde3429fdada9
[4125000] SCOREBOARD MATCH: wdata passthrough beat=173 expected = d9b2db3beeef9f5f, actual =d9b2db3beeef9f5f
[4125000] SCOREBOARD MATCH: wdata passthrough beat=174 expected = b2f96ce7fe70b67b, actual =b2f96ce7fe70b67b
[4125000] SCOREBOARD MATCH: wdata passthrough beat=175 expected = 286e6424f456d676, actual =286e6424f456d676
[4125000] SCOREBOARD MATCH: wdata passthrough beat=176 expected = e34675d52a274b1c, actual =e34675d52a274b1c
[4125000] SCOREBOARD MATCH: wdata passthrough beat=177 expected = 2898019702213f5f, actual =2898019702213f5f
[4125000] SCOREBOARD MATCH: wdata passthrough beat=178 expected = f67815d5163fe2bd, actual =f67815d5163fe2bd
[4125000] SCOREBOARD MATCH: wdata passthrough beat=179 expected = c0672dd9d10665bb, actual =c0672dd9d10665bb
[4125000] SCOREBOARD MATCH: wdata passthrough beat=180 expected = d327a51ad9be8bab, actual =d327a51ad9be8bab
[4125000] SCOREBOARD MATCH: wdata passthrough beat=181 expected = effe6e68e8ff2f70, actual =effe6e68e8ff2f70
[4125000] SCOREBOARD MATCH: wdata passthrough beat=182 expected = 3a05952bc99fbaef, actual =3a05952bc99fbaef
[4125000] SCOREBOARD MATCH: wdata passthrough beat=183 expected = a35e469a30659c41, actual =a35e469a30659c41
[4125000] SCOREBOARD MATCH: wdata passthrough beat=184 expected = 1964cbb10d2d3a45, actual =1964cbb10d2d3a45
[4125000] SCOREBOARD MATCH: wdata passthrough beat=185 expected = d6ccf534935cb502, actual =d6ccf534935cb502
[4125000] SCOREBOARD MATCH: wdata passthrough beat=186 expected = c3c25143d36a60dc, actual =c3c25143d36a60dc
[4125000] SCOREBOARD MATCH: wdata passthrough beat=187 expected = e0979b21fa2b3bcf, actual =e0979b21fa2b3bcf
[4125000] SCOREBOARD MATCH: wdata passthrough beat=188 expected = 8d87f0d1dd271cf4, actual =8d87f0d1dd271cf4
[4125000] SCOREBOARD MATCH: wdata passthrough beat=189 expected = b0917dd0b7649055, actual =b0917dd0b7649055
[4125000] SCOREBOARD MATCH: wdata passthrough beat=190 expected = b18fcc24d14a4215, actual =b18fcc24d14a4215
[4125000] SCOREBOARD MATCH: wdata passthrough beat=191 expected = ae715f09912918f1, actual =ae715f09912918f1
[4125000] SCOREBOARD MATCH: wdata passthrough beat=192 expected = c88da9473f17bcf6, actual =c88da9473f17bcf6
[4125000] SCOREBOARD MATCH: wdata passthrough beat=193 expected = 1061ff0bdf02dcda, actual =1061ff0bdf02dcda
[4125000] SCOREBOARD MATCH: wdata passthrough beat=194 expected = f02bf5cbfa1d756b, actual =f02bf5cbfa1d756b
[4125000] SCOREBOARD MATCH: wdata passthrough beat=195 expected = b9353261bed35e14, actual =b9353261bed35e14
[4125000] SCOREBOARD MATCH: wdata passthrough beat=196 expected = 9dd63aeeb8b99f12, actual =9dd63aeeb8b99f12
[4125000] SCOREBOARD MATCH: wdata passthrough beat=197 expected = 32d7147ec997316c, actual =32d7147ec997316c
[4125000] SCOREBOARD MATCH: wdata passthrough beat=198 expected = 86a8f810e0230ba, actual =86a8f810e0230ba
[4125000] SCOREBOARD MATCH: wdata passthrough beat=199 expected = c6bbcfccec0c46df, actual =c6bbcfccec0c46df
[4125000] SCOREBOARD MATCH: wdata passthrough beat=200 expected = 35a3784ca640ca6f, actual =35a3784ca640ca6f
[4125000] SCOREBOARD MATCH: wdata passthrough beat=201 expected = b442fb29f992e44a, actual =b442fb29f992e44a
[4125000] SCOREBOARD MATCH: wdata passthrough beat=202 expected = e59f2b2a3e0e07cd, actual =e59f2b2a3e0e07cd
[4125000] SCOREBOARD MATCH: wdata passthrough beat=203 expected = e44ed23cfafecaf6, actual =e44ed23cfafecaf6
[4125000] SCOREBOARD MATCH: wdata passthrough beat=204 expected = f491af401b42a376, actual =f491af401b42a376
[4125000] SCOREBOARD MATCH: wdata passthrough beat=205 expected = d950ab431891cd66, actual =d950ab431891cd66
[4125000] SCOREBOARD MATCH: wdata passthrough beat=206 expected = 1390985cda30da6a, actual =1390985cda30da6a
[4125000] SCOREBOARD MATCH: wdata passthrough beat=207 expected = f5737de0bd9f7d7f, actual =f5737de0bd9f7d7f
[4125000] SCOREBOARD MATCH: wdata passthrough beat=208 expected = d6314ae58822479c, actual =d6314ae58822479c
[4125000] SCOREBOARD MATCH: wdata passthrough beat=209 expected = e2532207cec42923, actual =e2532207cec42923
[4125000] SCOREBOARD MATCH: wdata passthrough beat=210 expected = c63a6a3e9c1e341, actual =c63a6a3e9c1e341
[4125000] SCOREBOARD MATCH: wdata passthrough beat=211 expected = f1e42aded7c69fe7, actual =f1e42aded7c69fe7
[4125000] SCOREBOARD MATCH: wdata passthrough beat=212 expected = 268ac90be294f188, actual =268ac90be294f188
[4125000] SCOREBOARD MATCH: wdata passthrough beat=213 expected = cc56d4cad4374ce5, actual =cc56d4cad4374ce5
[4125000] SCOREBOARD MATCH: wdata passthrough beat=214 expected = abfdeccc32ee6fae, actual =abfdeccc32ee6fae
[4125000] SCOREBOARD MATCH: wdata passthrough beat=215 expected = 958361363e3affa8, actual =958361363e3affa8
[4125000] SCOREBOARD MATCH: wdata passthrough beat=216 expected = 12724c8dd288b5d7, actual =12724c8dd288b5d7
[4125000] SCOREBOARD MATCH: wdata passthrough beat=217 expected = 85772585e1da3600, actual =85772585e1da3600
[4125000] SCOREBOARD MATCH: wdata passthrough beat=218 expected = a01535a8be703959, actual =a01535a8be703959
[4125000] SCOREBOARD MATCH: wdata passthrough beat=219 expected = 10f8ef311afa86bc, actual =10f8ef311afa86bc
[4125000] SCOREBOARD MATCH: wdata passthrough beat=220 expected = fcd4bcbcb2878235, actual =fcd4bcbcb2878235
[4125000] SCOREBOARD MATCH: wdata passthrough beat=221 expected = f0f7bb8f967014b6, actual =f0f7bb8f967014b6
[4125000] SCOREBOARD MATCH: wdata passthrough beat=222 expected = b16a9b721ce9f265, actual =b16a9b721ce9f265
[4125000] SCOREBOARD MATCH: wdata passthrough beat=223 expected = cf71749a01f0aac0, actual =cf71749a01f0aac0
[4125000] SCOREBOARD MATCH: wdata passthrough beat=224 expected = 9860bf762e3f582f, actual =9860bf762e3f582f
[4125000] SCOREBOARD MATCH: wdata passthrough beat=225 expected = cb294a94c0693029, actual =cb294a94c0693029
[4125000] SCOREBOARD MATCH: wdata passthrough beat=226 expected = c259dae9c9cb5ae9, actual =c259dae9c9cb5ae9
[4125000] SCOREBOARD MATCH: wdata passthrough beat=227 expected = f80ab3189a9abf2e, actual =f80ab3189a9abf2e
[4125000] SCOREBOARD MATCH: wdata passthrough beat=228 expected = db03ef58daba9a60, actual =db03ef58daba9a60
[4125000] SCOREBOARD MATCH: wdata passthrough beat=229 expected = 2485f549c333fdac, actual =2485f549c333fdac
[4125000] SCOREBOARD MATCH: wdata passthrough beat=230 expected = ddcebcda9d5dca41, actual =ddcebcda9d5dca41
[4125000] SCOREBOARD MATCH: wdata passthrough beat=231 expected = f81864a11c90a861, actual =f81864a11c90a861
[4125000] SCOREBOARD MATCH: wdata passthrough beat=232 expected = dfc4a60db8d2ac32, actual =dfc4a60db8d2ac32
[4125000] SCOREBOARD MATCH: wdata passthrough beat=233 expected = d63076749c9e59ea, actual =d63076749c9e59ea
[4125000] SCOREBOARD MATCH: wdata passthrough beat=234 expected = b92f024bbd9362e7, actual =b92f024bbd9362e7
[4125000] SCOREBOARD MATCH: wdata passthrough beat=235 expected = f6660f1ace48db15, actual =f6660f1ace48db15
[4125000] SCOREBOARD MATCH: wdata passthrough beat=236 expected = eae7350098f3a858, actual =eae7350098f3a858
[4125000] SCOREBOARD MATCH: wdata passthrough beat=237 expected = d6870b40cc96858e, actual =d6870b40cc96858e
[4125000] SCOREBOARD MATCH: wdata passthrough beat=238 expected = 9adf60a3a416374b, actual =9adf60a3a416374b
[4125000] SCOREBOARD MATCH: wdata passthrough beat=239 expected = 3d09dfa4cced1a5a, actual =3d09dfa4cced1a5a
[4125000] SCOREBOARD MATCH: wdata passthrough beat=240 expected = 19839fe885c695a3, actual =19839fe885c695a3
[4125000] SCOREBOARD MATCH: wdata passthrough beat=241 expected = 29dcccef1390eae4, actual =29dcccef1390eae4
[4125000] SCOREBOARD MATCH: wdata passthrough beat=242 expected = e07e053eb463008b, actual =e07e053eb463008b
[4125000] SCOREBOARD MATCH: wdata passthrough beat=243 expected = 3a29962fe6e6ac93, actual =3a29962fe6e6ac93
[4125000] SCOREBOARD MATCH: wdata passthrough beat=244 expected = fa779777fa01a526, actual =fa779777fa01a526
[4125000] SCOREBOARD MATCH: wdata passthrough beat=245 expected = ae64a5b1e406631e, actual =ae64a5b1e406631e
[4125000] SCOREBOARD MATCH: wdata passthrough beat=246 expected = caed0fb1daf59cb5, actual =caed0fb1daf59cb5
[4125000] SCOREBOARD MATCH: wdata passthrough beat=247 expected = d4f741dbe88e3be0, actual =d4f741dbe88e3be0
[4125000] SCOREBOARD MATCH: wstrb size check expected = f8, actual =f8
[4125000] SCOREBOARD MATCH: wstrb passthrough beat=0 expected = 28, actual =28
[4125000] SCOREBOARD MATCH: wstrb passthrough beat=1 expected = fe, actual =fe
[4125000] SCOREBOARD MATCH: wstrb passthrough beat=2 expected = 8c, actual =8c
[4125000] SCOREBOARD MATCH: wstrb passthrough beat=3 expected = dd, actual =dd
[4125000] SCOREBOARD MATCH: wstrb passthrough beat=4 expected = af, actual =af
[4125000] SCOREBOARD MATCH: wstrb passthrough beat=5 expected = 6d, actual =6d
[4125000] SCOREBOARD MATCH: wstrb passthrough beat=6 expected = b8, actual =b8
[4125000] SCOREBOARD MATCH: wstrb passthrough beat=7 expected = d7, actual =d7
[4125000] SCOREBOARD MATCH: wstrb passthrough beat=8 expected = 6b, actual =6b
[4125000] SCOREBOARD MATCH: wstrb passthrough beat=9 expected = 44, actual =44
[4125000] SCOREBOARD MATCH: wstrb passthrough beat=10 expected = b4, actual =b4
[4125000] SCOREBOARD MATCH: wstrb passthrough beat=11 expected = 1b, actual =1b
[4125000] SCOREBOARD MATCH: wstrb passthrough beat=12 expected = b1, actual =b1
[4125000] SCOREBOARD MATCH: wstrb passthrough beat=13 expected = 6c, actual =6c
[4125000] SCOREBOARD MATCH: wstrb passthrough beat=14 expected = f2, actual =f2
[4125000] SCOREBOARD MATCH: wstrb passthrough beat=15 expected = 1d, actual =1d
[4125000] SCOREBOARD MATCH: wstrb passthrough beat=16 expected = b1, actual =b1
[4125000] SCOREBOARD MATCH: wstrb passthrough beat=17 expected = a7, actual =a7
[4125000] SCOREBOARD MATCH: wstrb passthrough beat=18 expected = 38, actual =38
[4125000] SCOREBOARD MATCH: wstrb passthrough beat=19 expected = 62, actual =62
[4125000] SCOREBOARD MATCH: wstrb passthrough beat=20 expected = 13, actual =13
[4125000] SCOREBOARD MATCH: wstrb passthrough beat=21 expected = 2a, actual =2a
[4125000] SCOREBOARD MATCH: wstrb passthrough beat=22 expected = 7f, actual =7f
[4125000] SCOREBOARD MATCH: wstrb passthrough beat=23 expected = c4, actual =c4
[4125000] SCOREBOARD MATCH: wstrb passthrough beat=24 expected = d1, actual =d1
[4125000] SCOREBOARD MATCH: wstrb passthrough beat=25 expected = b7, actual =b7
[4125000] SCOREBOARD MATCH: wstrb passthrough beat=26 expected = 27, actual =27
[4125000] SCOREBOARD MATCH: wstrb passthrough beat=27 expected = e5, actual =e5
[4125000] SCOREBOARD MATCH: wstrb passthrough beat=28 expected = e2, actual =e2
[4125000] SCOREBOARD MATCH: wstrb passthrough beat=29 expected = a6, actual =a6
[4125000] SCOREBOARD MATCH: wstrb passthrough beat=30 expected = a9, actual =a9
[4125000] SCOREBOARD MATCH: wstrb passthrough beat=31 expected = b3, actual =b3
[4125000] SCOREBOARD MATCH: wstrb passthrough beat=32 expected = 5e, actual =5e
[4125000] SCOREBOARD MATCH: wstrb passthrough beat=33 expected = d0, actual =d0
[4125000] SCOREBOARD MATCH: wstrb passthrough beat=34 expected = 98, actual =98
[4125000] SCOREBOARD MATCH: wstrb passthrough beat=35 expected = 40, actual =40
[4125000] SCOREBOARD MATCH: wstrb passthrough beat=36 expected = 77, actual =77
[4125000] SCOREBOARD MATCH: wstrb passthrough beat=37 expected = 42, actual =42
[4125000] SCOREBOARD MATCH: wstrb passthrough beat=38 expected = f3, actual =f3
[4125000] SCOREBOARD MATCH: wstrb passthrough beat=39 expected = d5, actual =d5
[4125000] SCOREBOARD MATCH: wstrb passthrough beat=40 expected = 12, actual =12
[4125000] SCOREBOARD MATCH: wstrb passthrough beat=41 expected = 8c, actual =8c
[4125000] SCOREBOARD MATCH: wstrb passthrough beat=42 expected = 15, actual =15
[4125000] SCOREBOARD MATCH: wstrb passthrough beat=43 expected = 89, actual =89
[4125000] SCOREBOARD MATCH: wstrb passthrough beat=44 expected = ce, actual =ce
[4125000] SCOREBOARD MATCH: wstrb passthrough beat=45 expected = 8, actual =8
[4125000] SCOREBOARD MATCH: wstrb passthrough beat=46 expected = 5e, actual =5e
[4125000] SCOREBOARD MATCH: wstrb passthrough beat=47 expected = e0, actual =e0
[4125000] SCOREBOARD MATCH: wstrb passthrough beat=48 expected = 94, actual =94
[4125000] SCOREBOARD MATCH: wstrb passthrough beat=49 expected = 73, actual =73
[4125000] SCOREBOARD MATCH: wstrb passthrough beat=50 expected = 6a, actual =6a
[4125000] SCOREBOARD MATCH: wstrb passthrough beat=51 expected = 62, actual =62
[4125000] SCOREBOARD MATCH: wstrb passthrough beat=52 expected = 7c, actual =7c
[4125000] SCOREBOARD MATCH: wstrb passthrough beat=53 expected = c8, actual =c8
[4125000] SCOREBOARD MATCH: wstrb passthrough beat=54 expected = 43, actual =43
[4125000] SCOREBOARD MATCH: wstrb passthrough beat=55 expected = 10, actual =10
[4125000] SCOREBOARD MATCH: wstrb passthrough beat=56 expected = 3c, actual =3c
[4125000] SCOREBOARD MATCH: wstrb passthrough beat=57 expected = ad, actual =ad
[4125000] SCOREBOARD MATCH: wstrb passthrough beat=58 expected = 73, actual =73
[4125000] SCOREBOARD MATCH: wstrb passthrough beat=59 expected = b8, actual =b8
[4125000] SCOREBOARD MATCH: wstrb passthrough beat=60 expected = 75, actual =75
[4125000] SCOREBOARD MATCH: wstrb passthrough beat=61 expected = b6, actual =b6
[4125000] SCOREBOARD MATCH: wstrb passthrough beat=62 expected = c8, actual =c8
[4125000] SCOREBOARD MATCH: wstrb passthrough beat=63 expected = b1, actual =b1
[4125000] SCOREBOARD MATCH: wstrb passthrough beat=64 expected = 63, actual =63
[4125000] SCOREBOARD MATCH: wstrb passthrough beat=65 expected = 3b, actual =3b
[4125000] SCOREBOARD MATCH: wstrb passthrough beat=66 expected = 69, actual =69
[4125000] SCOREBOARD MATCH: wstrb passthrough beat=67 expected = d8, actual =d8
[4125000] SCOREBOARD MATCH: wstrb passthrough beat=68 expected = f1, actual =f1
[4125000] SCOREBOARD MATCH: wstrb passthrough beat=69 expected = 32, actual =32
[4125000] SCOREBOARD MATCH: wstrb passthrough beat=70 expected = 8a, actual =8a
[4125000] SCOREBOARD MATCH: wstrb passthrough beat=71 expected = 54, actual =54
[4125000] SCOREBOARD MATCH: wstrb passthrough beat=72 expected = 6d, actual =6d
[4125000] SCOREBOARD MATCH: wstrb passthrough beat=73 expected = f3, actual =f3
[4125000] SCOREBOARD MATCH: wstrb passthrough beat=74 expected = 2d, actual =2d
[4125000] SCOREBOARD MATCH: wstrb passthrough beat=75 expected = 5f, actual =5f
[4125000] SCOREBOARD MATCH: wstrb passthrough beat=76 expected = 25, actual =25
[4125000] SCOREBOARD MATCH: wstrb passthrough beat=77 expected = b7, actual =b7
[4125000] SCOREBOARD MATCH: wstrb passthrough beat=78 expected = b3, actual =b3
[4125000] SCOREBOARD MATCH: wstrb passthrough beat=79 expected = 93, actual =93
[4125000] SCOREBOARD MATCH: wstrb passthrough beat=80 expected = aa, actual =aa
[4125000] SCOREBOARD MATCH: wstrb passthrough beat=81 expected = e0, actual =e0
[4125000] SCOREBOARD MATCH: wstrb passthrough beat=82 expected = f2, actual =f2
[4125000] SCOREBOARD MATCH: wstrb passthrough beat=83 expected = d0, actual =d0
[4125000] SCOREBOARD MATCH: wstrb passthrough beat=84 expected = 97, actual =97
[4125000] SCOREBOARD MATCH: wstrb passthrough beat=85 expected = a5, actual =a5
[4125000] SCOREBOARD MATCH: wstrb passthrough beat=86 expected = 63, actual =63
[4125000] SCOREBOARD MATCH: wstrb passthrough beat=87 expected = 42, actual =42
[4125000] SCOREBOARD MATCH: wstrb passthrough beat=88 expected = 86, actual =86
[4125000] SCOREBOARD MATCH: wstrb passthrough beat=89 expected = 55, actual =55
[4125000] SCOREBOARD MATCH: wstrb passthrough beat=90 expected = 12, actual =12
[4125000] SCOREBOARD MATCH: wstrb passthrough beat=91 expected = 1d, actual =1d
[4125000] SCOREBOARD MATCH: wstrb passthrough beat=92 expected = fa, actual =fa
[4125000] SCOREBOARD MATCH: wstrb passthrough beat=93 expected = 75, actual =75
[4125000] SCOREBOARD MATCH: wstrb passthrough beat=94 expected = 5f, actual =5f
[4125000] SCOREBOARD MATCH: wstrb passthrough beat=95 expected = 80, actual =80
[4125000] SCOREBOARD MATCH: wstrb passthrough beat=96 expected = ca, actual =ca
[4125000] SCOREBOARD MATCH: wstrb passthrough beat=97 expected = 71, actual =71
[4125000] SCOREBOARD MATCH: wstrb passthrough beat=98 expected = 9e, actual =9e
[4125000] SCOREBOARD MATCH: wstrb passthrough beat=99 expected = c4, actual =c4
[4125000] SCOREBOARD MATCH: wstrb passthrough beat=100 expected = e6, actual =e6
[4125000] SCOREBOARD MATCH: wstrb passthrough beat=101 expected = fd, actual =fd
[4125000] SCOREBOARD MATCH: wstrb passthrough beat=102 expected = 45, actual =45
[4125000] SCOREBOARD MATCH: wstrb passthrough beat=103 expected = b0, actual =b0
[4125000] SCOREBOARD MATCH: wstrb passthrough beat=104 expected = 6f, actual =6f
[4125000] SCOREBOARD MATCH: wstrb passthrough beat=105 expected = e3, actual =e3
[4125000] SCOREBOARD MATCH: wstrb passthrough beat=106 expected = 75, actual =75
[4125000] SCOREBOARD MATCH: wstrb passthrough beat=107 expected = 55, actual =55
[4125000] SCOREBOARD MATCH: wstrb passthrough beat=108 expected = e0, actual =e0
[4125000] SCOREBOARD MATCH: wstrb passthrough beat=109 expected = ba, actual =ba
[4125000] SCOREBOARD MATCH: wstrb passthrough beat=110 expected = 6, actual =6
[4125000] SCOREBOARD MATCH: wstrb passthrough beat=111 expected = 4f, actual =4f
[4125000] SCOREBOARD MATCH: wstrb passthrough beat=112 expected = 9d, actual =9d
[4125000] SCOREBOARD MATCH: wstrb passthrough beat=113 expected = 7b, actual =7b
[4125000] SCOREBOARD MATCH: wstrb passthrough beat=114 expected = a5, actual =a5
[4125000] SCOREBOARD MATCH: wstrb passthrough beat=115 expected = 7d, actual =7d
[4125000] SCOREBOARD MATCH: wstrb passthrough beat=116 expected = 35, actual =35
[4125000] SCOREBOARD MATCH: wstrb passthrough beat=117 expected = ab, actual =ab
[4125000] SCOREBOARD MATCH: wstrb passthrough beat=118 expected = cd, actual =cd
[4125000] SCOREBOARD MATCH: wstrb passthrough beat=119 expected = d2, actual =d2
[4125000] SCOREBOARD MATCH: wstrb passthrough beat=120 expected = 26, actual =26
[4125000] SCOREBOARD MATCH: wstrb passthrough beat=121 expected = 72, actual =72
[4125000] SCOREBOARD MATCH: wstrb passthrough beat=122 expected = 4f, actual =4f
[4125000] SCOREBOARD MATCH: wstrb passthrough beat=123 expected = 5b, actual =5b
[4125000] SCOREBOARD MATCH: wstrb passthrough beat=124 expected = 1d, actual =1d
[4125000] SCOREBOARD MATCH: wstrb passthrough beat=125 expected = 1c, actual =1c
[4125000] SCOREBOARD MATCH: wstrb passthrough beat=126 expected = 2d, actual =2d
[4125000] SCOREBOARD MATCH: wstrb passthrough beat=127 expected = 43, actual =43
[4125000] SCOREBOARD MATCH: wstrb passthrough beat=128 expected = 8e, actual =8e
[4125000] SCOREBOARD MATCH: wstrb passthrough beat=129 expected = 7c, actual =7c
[4125000] SCOREBOARD MATCH: wstrb passthrough beat=130 expected = 9e, actual =9e
[4125000] SCOREBOARD MATCH: wstrb passthrough beat=131 expected = ab, actual =ab
[4125000] SCOREBOARD MATCH: wstrb passthrough beat=132 expected = 99, actual =99
[4125000] SCOREBOARD MATCH: wstrb passthrough beat=133 expected = cb, actual =cb
[4125000] SCOREBOARD MATCH: wstrb passthrough beat=134 expected = ee, actual =ee
[4125000] SCOREBOARD MATCH: wstrb passthrough beat=135 expected = 27, actual =27
[4125000] SCOREBOARD MATCH: wstrb passthrough beat=136 expected = 47, actual =47
[4125000] SCOREBOARD MATCH: wstrb passthrough beat=137 expected = 8c, actual =8c
[4125000] SCOREBOARD MATCH: wstrb passthrough beat=138 expected = d3, actual =d3
[4125000] SCOREBOARD MATCH: wstrb passthrough beat=139 expected = e0, actual =e0
[4125000] SCOREBOARD MATCH: wstrb passthrough beat=140 expected = 57, actual =57
[4125000] SCOREBOARD MATCH: wstrb passthrough beat=141 expected = c1, actual =c1
[4125000] SCOREBOARD MATCH: wstrb passthrough beat=142 expected = 8, actual =8
[4125000] SCOREBOARD MATCH: wstrb passthrough beat=143 expected = 9f, actual =9f
[4125000] SCOREBOARD MATCH: wstrb passthrough beat=144 expected = 4e, actual =4e
[4125000] SCOREBOARD MATCH: wstrb passthrough beat=145 expected = db, actual =db
[4125000] SCOREBOARD MATCH: wstrb passthrough beat=146 expected = 7f, actual =7f
[4125000] SCOREBOARD MATCH: wstrb passthrough beat=147 expected = a5, actual =a5
[4125000] SCOREBOARD MATCH: wstrb passthrough beat=148 expected = 9c, actual =9c
[4125000] SCOREBOARD MATCH: wstrb passthrough beat=149 expected = 87, actual =87
[4125000] SCOREBOARD MATCH: wstrb passthrough beat=150 expected = 44, actual =44
[4125000] SCOREBOARD MATCH: wstrb passthrough beat=151 expected = ea, actual =ea
[4125000] SCOREBOARD MATCH: wstrb passthrough beat=152 expected = 62, actual =62
[4125000] SCOREBOARD MATCH: wstrb passthrough beat=153 expected = c4, actual =c4
[4125000] SCOREBOARD MATCH: wstrb passthrough beat=154 expected = 90, actual =90
[4125000] SCOREBOARD MATCH: wstrb passthrough beat=155 expected = ff, actual =ff
[4125000] SCOREBOARD MATCH: wstrb passthrough beat=156 expected = 4b, actual =4b
[4125000] SCOREBOARD MATCH: wstrb passthrough beat=157 expected = d4, actual =d4
[4125000] SCOREBOARD MATCH: wstrb passthrough beat=158 expected = e9, actual =e9
[4125000] SCOREBOARD MATCH: wstrb passthrough beat=159 expected = ae, actual =ae
[4125000] SCOREBOARD MATCH: wstrb passthrough beat=160 expected = 98, actual =98
[4125000] SCOREBOARD MATCH: wstrb passthrough beat=161 expected = 79, actual =79
[4125000] SCOREBOARD MATCH: wstrb passthrough beat=162 expected = ad, actual =ad
[4125000] SCOREBOARD MATCH: wstrb passthrough beat=163 expected = e4, actual =e4
[4125000] SCOREBOARD MATCH: wstrb passthrough beat=164 expected = 4e, actual =4e
[4125000] SCOREBOARD MATCH: wstrb passthrough beat=165 expected = 96, actual =96
[4125000] SCOREBOARD MATCH: wstrb passthrough beat=166 expected = 92, actual =92
[4125000] SCOREBOARD MATCH: wstrb passthrough beat=167 expected = e6, actual =e6
[4125000] SCOREBOARD MATCH: wstrb passthrough beat=168 expected = 10, actual =10
[4125000] SCOREBOARD MATCH: wstrb passthrough beat=169 expected = 3f, actual =3f
[4125000] SCOREBOARD MATCH: wstrb passthrough beat=170 expected = ca, actual =ca
[4125000] SCOREBOARD MATCH: wstrb passthrough beat=171 expected = 5e, actual =5e
[4125000] SCOREBOARD MATCH: wstrb passthrough beat=172 expected = d5, actual =d5
[4125000] SCOREBOARD MATCH: wstrb passthrough beat=173 expected = 5c, actual =5c
[4125000] SCOREBOARD MATCH: wstrb passthrough beat=174 expected = 44, actual =44
[4125000] SCOREBOARD MATCH: wstrb passthrough beat=175 expected = e5, actual =e5
[4125000] SCOREBOARD MATCH: wstrb passthrough beat=176 expected = 9b, actual =9b
[4125000] SCOREBOARD MATCH: wstrb passthrough beat=177 expected = f, actual =f
[4125000] SCOREBOARD MATCH: wstrb passthrough beat=178 expected = 43, actual =43
[4125000] SCOREBOARD MATCH: wstrb passthrough beat=179 expected = 71, actual =71
[4125000] SCOREBOARD MATCH: wstrb passthrough beat=180 expected = 6b, actual =6b
[4125000] SCOREBOARD MATCH: wstrb passthrough beat=181 expected = 88, actual =88
[4125000] SCOREBOARD MATCH: wstrb passthrough beat=182 expected = 56, actual =56
[4125000] SCOREBOARD MATCH: wstrb passthrough beat=183 expected = 7, actual =7
[4125000] SCOREBOARD MATCH: wstrb passthrough beat=184 expected = 97, actual =97
[4125000] SCOREBOARD MATCH: wstrb passthrough beat=185 expected = 9a, actual =9a
[4125000] SCOREBOARD MATCH: wstrb passthrough beat=186 expected = 78, actual =78
[4125000] SCOREBOARD MATCH: wstrb passthrough beat=187 expected = 2, actual =2
[4125000] SCOREBOARD MATCH: wstrb passthrough beat=188 expected = 22, actual =22
[4125000] SCOREBOARD MATCH: wstrb passthrough beat=189 expected = ce, actual =ce
[4125000] SCOREBOARD MATCH: wstrb passthrough beat=190 expected = 9, actual =9
[4125000] SCOREBOARD MATCH: wstrb passthrough beat=191 expected = b9, actual =b9
[4125000] SCOREBOARD MATCH: wstrb passthrough beat=192 expected = 68, actual =68
[4125000] SCOREBOARD MATCH: wstrb passthrough beat=193 expected = 81, actual =81
[4125000] SCOREBOARD MATCH: wstrb passthrough beat=194 expected = bb, actual =bb
[4125000] SCOREBOARD MATCH: wstrb passthrough beat=195 expected = 8a, actual =8a
[4125000] SCOREBOARD MATCH: wstrb passthrough beat=196 expected = 50, actual =50
[4125000] SCOREBOARD MATCH: wstrb passthrough beat=197 expected = c5, actual =c5
[4125000] SCOREBOARD MATCH: wstrb passthrough beat=198 expected = 43, actual =43
[4125000] SCOREBOARD MATCH: wstrb passthrough beat=199 expected = b8, actual =b8
[4125000] SCOREBOARD MATCH: wstrb passthrough beat=200 expected = 46, actual =46
[4125000] SCOREBOARD MATCH: wstrb passthrough beat=201 expected = ff, actual =ff
[4125000] SCOREBOARD MATCH: wstrb passthrough beat=202 expected = 43, actual =43
[4125000] SCOREBOARD MATCH: wstrb passthrough beat=203 expected = 96, actual =96
[4125000] SCOREBOARD MATCH: wstrb passthrough beat=204 expected = c4, actual =c4
[4125000] SCOREBOARD MATCH: wstrb passthrough beat=205 expected = 86, actual =86
[4125000] SCOREBOARD MATCH: wstrb passthrough beat=206 expected = 4f, actual =4f
[4125000] SCOREBOARD MATCH: wstrb passthrough beat=207 expected = a, actual =a
[4125000] SCOREBOARD MATCH: wstrb passthrough beat=208 expected = 85, actual =85
[4125000] SCOREBOARD MATCH: wstrb passthrough beat=209 expected = 92, actual =92
[4125000] SCOREBOARD MATCH: wstrb passthrough beat=210 expected = a1, actual =a1
[4125000] SCOREBOARD MATCH: wstrb passthrough beat=211 expected = 49, actual =49
[4125000] SCOREBOARD MATCH: wstrb passthrough beat=212 expected = 18, actual =18
[4125000] SCOREBOARD MATCH: wstrb passthrough beat=213 expected = f0, actual =f0
[4125000] SCOREBOARD MATCH: wstrb passthrough beat=214 expected = 54, actual =54
[4125000] SCOREBOARD MATCH: wstrb passthrough beat=215 expected = 9e, actual =9e
[4125000] SCOREBOARD MATCH: wstrb passthrough beat=216 expected = 82, actual =82
[4125000] SCOREBOARD MATCH: wstrb passthrough beat=217 expected = f5, actual =f5
[4125000] SCOREBOARD MATCH: wstrb passthrough beat=218 expected = e7, actual =e7
[4125000] SCOREBOARD MATCH: wstrb passthrough beat=219 expected = 9a, actual =9a
[4125000] SCOREBOARD MATCH: wstrb passthrough beat=220 expected = e5, actual =e5
[4125000] SCOREBOARD MATCH: wstrb passthrough beat=221 expected = 3b, actual =3b
[4125000] SCOREBOARD MATCH: wstrb passthrough beat=222 expected = 38, actual =38
[4125000] SCOREBOARD MATCH: wstrb passthrough beat=223 expected = 67, actual =67
[4125000] SCOREBOARD MATCH: wstrb passthrough beat=224 expected = 30, actual =30
[4125000] SCOREBOARD MATCH: wstrb passthrough beat=225 expected = 20, actual =20
[4125000] SCOREBOARD MATCH: wstrb passthrough beat=226 expected = 1, actual =1
[4125000] SCOREBOARD MATCH: wstrb passthrough beat=227 expected = 15, actual =15
[4125000] SCOREBOARD MATCH: wstrb passthrough beat=228 expected = 5b, actual =5b
[4125000] SCOREBOARD MATCH: wstrb passthrough beat=229 expected = 3a, actual =3a
[4125000] SCOREBOARD MATCH: wstrb passthrough beat=230 expected = 7c, actual =7c
[4125000] SCOREBOARD MATCH: wstrb passthrough beat=231 expected = 8c, actual =8c
[4125000] SCOREBOARD MATCH: wstrb passthrough beat=232 expected = 5a, actual =5a
[4125000] SCOREBOARD MATCH: wstrb passthrough beat=233 expected = 7e, actual =7e
[4125000] SCOREBOARD MATCH: wstrb passthrough beat=234 expected = a1, actual =a1
[4125000] SCOREBOARD MATCH: wstrb passthrough beat=235 expected = b5, actual =b5
[4125000] SCOREBOARD MATCH: wstrb passthrough beat=236 expected = b8, actual =b8
[4125000] SCOREBOARD MATCH: wstrb passthrough beat=237 expected = 1e, actual =1e
[4125000] SCOREBOARD MATCH: wstrb passthrough beat=238 expected = 41, actual =41
[4125000] SCOREBOARD MATCH: wstrb passthrough beat=239 expected = 12, actual =12
[4125000] SCOREBOARD MATCH: wstrb passthrough beat=240 expected = 9c, actual =9c
[4125000] SCOREBOARD MATCH: wstrb passthrough beat=241 expected = e3, actual =e3
[4125000] SCOREBOARD MATCH: wstrb passthrough beat=242 expected = c7, actual =c7
[4125000] SCOREBOARD MATCH: wstrb passthrough beat=243 expected = 54, actual =54
[4125000] SCOREBOARD MATCH: wstrb passthrough beat=244 expected = 1, actual =1
[4125000] SCOREBOARD MATCH: wstrb passthrough beat=245 expected = 9, actual =9
[4125000] SCOREBOARD MATCH: wstrb passthrough beat=246 expected = 66, actual =66
[4125000] SCOREBOARD MATCH: wstrb passthrough beat=247 expected = 9d, actual =9d
[4125000] SCOREBOARD MATCH: bresp passthrough expected = 0, actual =0
[4125000] SCOREBOARD MATCH: response routed to correct master (write) expected = 0, actual =0
[4125000] [SCOREBOARD-M] mst_id=0 s_id=1 awaddr=19600098 awid=1111 awlen=247 awsize=3 awburst=1 wdata=[b6799a68835f52a9 f89c6151b54125b2 fd208a071e4dea19 a1ad3cc2ceb186f0 83f2aca2b39a246f d1e80e889a499e13 e8fb2503811336a9 34ad5b19f3954b4b 8ddee95eecedd1a6 ee01084f869569a1 fa2ab4ecf6da0e62 e3c7e008a2ae6368 2943cd0a08099e4b fee3acadd1c8e857 f4774bc0a36e81f6 ab782041e2ab8cb5 b474750c1dbb18ca c1299ac0aa5bccee 8d0759a3a8ebc0cc c6a6d996eca1bb02 96fd87f0c17bceb0 ea678f7c07d07457 f4722f592404e194 e580b044310e6913 38dedd6a8b6fb749 af7498ddcfe83fc0 80f6a8d32d510cc3 b8c0c40c94f54921 e4dd88e2b9d5863d e7269300e8355cea fd2aa60be5d431b5 1fa9b7f31fe7570d 81cb3f7e2082eed c7dc60a386d04af3 a6b7a20085475a02 e74f88f0e7861896 ee566389aed455f7 341baffa2f2be993 16b20229150e058a c3e25b811b6b38ea ca97227d850865b2 9a166b3cf7fe0b7b 93694465e14924a6 e6518a58ddf8c6be d5f6d239de0066e2 bf498b880067f595 de60bc53e960169f c7607d81259b15e1 26030b76b4578e8c 9db7a52b06aa090a 2c451eeb0463c7c9 b8bb5655e51822ad ebc22bb7d2482a61 d6abf22ad672fb81 3b8b1e2e18074aa2 ea4f75038f67487f e5da4400274d49e5 3f549487c0fb672d d062afaca165622e c8b2ac1329a4098a ea9f70b7363cf3ad d7a255db8807409a b1ab4a24bb022063 f13f1410205501ef a85c42899c4abadb d74cdb3fc8e169ec e9366bdbda078cae f6524789c88bef4f 916d593b9192ae64 eb9a3b12cd9f22c8 162b1218faa3c516 c36737be1ec829c af8ba564a7986b53 223c306af7d0ae8d d9bd3129c5b6b77c ed4f22d02e72a3e5 a64352720948d68e ceff8e0a0f8b533a 3dfdf71f0000839c 9495a2abc4eb0da cbda0414e4414991 e441cd2dd848e834 1497990f89d7fb33 ee1944c5ed8b2757 c5d40f8ce0719d23 ea499857d25b11f2 3fe6394ada6ba89b badd45bed862dd1c aabdef0e05ba48d6 e025f171a526de15 fd89bb31eaa42858 f05e712e9b03372f c02a15452847aa40 92ebd298d084629f eb8799cfbdb3d076 e5fb7ab6034a43c7 d3cea6662bb1af14 e9657f8af8e74d4f fc319116bf564035 eb07ef49cf60fa41 c8484790d000377c f5677b2d46d6ed4 23ce6915c479d8a6 947a1022fa5e66fb cecbd5cfec16b0a5 3090894ba3d087d4 1e2eeed0f29a3ee4 deb0ef89c50a996d e8db2142ecfac49f df9503848f4178d4 d44c1242070a1012 f404d4b1be45f30d cd876be23d273384 c4314396d399d835 11dfcb4321d37e24 defab1a8b8361847 bcff07ddf673725 13ab549232bf53e db620d851dafbbc0 fd16f2e5e03566f1 3615c2fe731fe02 84e1b9c2fe51a82e de870f1fdec369b4 c5f567b781f8aca7 804a54d5e1e86b4e c0abd502cad72179 cccfce21ded163f4 c0b9cf4286a13cb9 d1785e33cd1a22f6 2beb86eb0165a445 8806e0fe1e482c54 eb624f4aeca5562d ee0afa72d97f3f31 f7c76b85974dd635 3f32c63f611db71 cf911aa2e329bad0 fa779105f1fe26d5 e8100246c7588628 2a8240f8fe6abd68 f068e43e37a11ce9 fef9a311a4f9d1fd 23648f66d878e684 901a036d297be409 ce75b60613cd73a4 ec465a288f13a67e b88f8a87f1da456c 85a7b910fc605d96 8b7404140705408e f8df85faf1ee1339 ee4e70cfc4038e9c cb08cf2afe873f0b f0755244f9c274e3 bdc6037fc3e85524 c26f942fdec3c313 d88637f688ced2a9 ccb727ceb2e4e673 91a8a986164c3b76 9f1b0e1f8f26bbfd c20ba271ea2ee17d 7b1cf3ebd235ed faf8f1ebd3b44bf7 bde32d749f962b12 b6861003d04945c 90b8e053be5e4a67 ddf4757a066152eb c365e747ce9c0dc8 8cfa582fe95cd67a efbe2965d41ec79a a2bad562eaeecda9 d44ba423332410ac 8742d8462fb52d92 9aa3fb3bc409cd88 f72dde3429fdada9 d9b2db3beeef9f5f b2f96ce7fe70b67b 286e6424f456d676 e34675d52a274b1c 2898019702213f5f f67815d5163fe2bd c0672dd9d10665bb d327a51ad9be8bab effe6e68e8ff2f70 3a05952bc99fbaef a35e469a30659c41 1964cbb10d2d3a45 d6ccf534935cb502 c3c25143d36a60dc e0979b21fa2b3bcf 8d87f0d1dd271cf4 b0917dd0b7649055 b18fcc24d14a4215 ae715f09912918f1 c88da9473f17bcf6 1061ff0bdf02dcda f02bf5cbfa1d756b b9353261bed35e14 9dd63aeeb8b99f12 32d7147ec997316c 86a8f810e0230ba c6bbcfccec0c46df 35a3784ca640ca6f b442fb29f992e44a e59f2b2a3e0e07cd e44ed23cfafecaf6 f491af401b42a376 d950ab431891cd66 1390985cda30da6a f5737de0bd9f7d7f d6314ae58822479c e2532207cec42923 c63a6a3e9c1e341 f1e42aded7c69fe7 268ac90be294f188 cc56d4cad4374ce5 abfdeccc32ee6fae 958361363e3affa8 12724c8dd288b5d7 85772585e1da3600 a01535a8be703959 10f8ef311afa86bc fcd4bcbcb2878235 f0f7bb8f967014b6 b16a9b721ce9f265 cf71749a01f0aac0 9860bf762e3f582f cb294a94c0693029 c259dae9c9cb5ae9 f80ab3189a9abf2e db03ef58daba9a60 2485f549c333fdac ddcebcda9d5dca41 f81864a11c90a861 dfc4a60db8d2ac32 d63076749c9e59ea b92f024bbd9362e7 f6660f1ace48db15 eae7350098f3a858 d6870b40cc96858e 9adf60a3a416374b 3d09dfa4cced1a5a 19839fe885c695a3 29dcccef1390eae4 e07e053eb463008b 3a29962fe6e6ac93 fa779777fa01a526 ae64a5b1e406631e caed0fb1daf59cb5 d4f741dbe88e3be0 ] wstrb=[28 fe 8c dd af 6d b8 d7 6b 44 b4 1b b1 6c f2 1d b1 a7 38 62 13 2a 7f c4 d1 b7 27 e5 e2 a6 a9 b3 5e d0 98 40 77 42 f3 d5 12 8c 15 89 ce 8 5e e0 94 73 6a 62 7c c8 43 10 3c ad 73 b8 75 b6 c8 b1 63 3b 69 d8 f1 32 8a 54 6d f3 2d 5f 25 b7 b3 93 aa e0 f2 d0 97 a5 63 42 86 55 12 1d fa 75 5f 80 ca 71 9e c4 e6 fd 45 b0 6f e3 75 55 e0 ba 6 4f 9d 7b a5 7d 35 ab cd d2 26 72 4f 5b 1d 1c 2d 43 8e 7c 9e ab 99 cb ee 27 47 8c d3 e0 57 c1 8 9f 4e db 7f a5 9c 87 44 ea 62 c4 90 ff 4b d4 e9 ae 98 79 ad e4 4e 96 92 e6 10 3f ca 5e d5 5c 44 e5 9b f 43 71 6b 88 56 7 97 9a 78 2 22 ce 9 b9 68 81 bb 8a 50 c5 43 b8 46 ff 43 96 c4 86 4f a 85 92 a1 49 18 f0 54 9e 82 f5 e7 9a e5 3b 38 67 30 20 1 15 5b 3a 7c 8c 5a 7e a1 b5 b8 1e 41 12 9c e3 c7 54 1 9 66 9d ] bresp=0 bid=1111
[4125000] [SCOREBOARD-S] mst_id=0 s_id=1 awaddr=19600098 awid=1111 awlen=247 awsize=3 awburst=1 wdata=[b6799a68835f52a9 f89c6151b54125b2 fd208a071e4dea19 a1ad3cc2ceb186f0 83f2aca2b39a246f d1e80e889a499e13 e8fb2503811336a9 34ad5b19f3954b4b 8ddee95eecedd1a6 ee01084f869569a1 fa2ab4ecf6da0e62 e3c7e008a2ae6368 2943cd0a08099e4b fee3acadd1c8e857 f4774bc0a36e81f6 ab782041e2ab8cb5 b474750c1dbb18ca c1299ac0aa5bccee 8d0759a3a8ebc0cc c6a6d996eca1bb02 96fd87f0c17bceb0 ea678f7c07d07457 f4722f592404e194 e580b044310e6913 38dedd6a8b6fb749 af7498ddcfe83fc0 80f6a8d32d510cc3 b8c0c40c94f54921 e4dd88e2b9d5863d e7269300e8355cea fd2aa60be5d431b5 1fa9b7f31fe7570d 81cb3f7e2082eed c7dc60a386d04af3 a6b7a20085475a02 e74f88f0e7861896 ee566389aed455f7 341baffa2f2be993 16b20229150e058a c3e25b811b6b38ea ca97227d850865b2 9a166b3cf7fe0b7b 93694465e14924a6 e6518a58ddf8c6be d5f6d239de0066e2 bf498b880067f595 de60bc53e960169f c7607d81259b15e1 26030b76b4578e8c 9db7a52b06aa090a 2c451eeb0463c7c9 b8bb5655e51822ad ebc22bb7d2482a61 d6abf22ad672fb81 3b8b1e2e18074aa2 ea4f75038f67487f e5da4400274d49e5 3f549487c0fb672d d062afaca165622e c8b2ac1329a4098a ea9f70b7363cf3ad d7a255db8807409a b1ab4a24bb022063 f13f1410205501ef a85c42899c4abadb d74cdb3fc8e169ec e9366bdbda078cae f6524789c88bef4f 916d593b9192ae64 eb9a3b12cd9f22c8 162b1218faa3c516 c36737be1ec829c af8ba564a7986b53 223c306af7d0ae8d d9bd3129c5b6b77c ed4f22d02e72a3e5 a64352720948d68e ceff8e0a0f8b533a 3dfdf71f0000839c 9495a2abc4eb0da cbda0414e4414991 e441cd2dd848e834 1497990f89d7fb33 ee1944c5ed8b2757 c5d40f8ce0719d23 ea499857d25b11f2 3fe6394ada6ba89b badd45bed862dd1c aabdef0e05ba48d6 e025f171a526de15 fd89bb31eaa42858 f05e712e9b03372f c02a15452847aa40 92ebd298d084629f eb8799cfbdb3d076 e5fb7ab6034a43c7 d3cea6662bb1af14 e9657f8af8e74d4f fc319116bf564035 eb07ef49cf60fa41 c8484790d000377c f5677b2d46d6ed4 23ce6915c479d8a6 947a1022fa5e66fb cecbd5cfec16b0a5 3090894ba3d087d4 1e2eeed0f29a3ee4 deb0ef89c50a996d e8db2142ecfac49f df9503848f4178d4 d44c1242070a1012 f404d4b1be45f30d cd876be23d273384 c4314396d399d835 11dfcb4321d37e24 defab1a8b8361847 bcff07ddf673725 13ab549232bf53e db620d851dafbbc0 fd16f2e5e03566f1 3615c2fe731fe02 84e1b9c2fe51a82e de870f1fdec369b4 c5f567b781f8aca7 804a54d5e1e86b4e c0abd502cad72179 cccfce21ded163f4 c0b9cf4286a13cb9 d1785e33cd1a22f6 2beb86eb0165a445 8806e0fe1e482c54 eb624f4aeca5562d ee0afa72d97f3f31 f7c76b85974dd635 3f32c63f611db71 cf911aa2e329bad0 fa779105f1fe26d5 e8100246c7588628 2a8240f8fe6abd68 f068e43e37a11ce9 fef9a311a4f9d1fd 23648f66d878e684 901a036d297be409 ce75b60613cd73a4 ec465a288f13a67e b88f8a87f1da456c 85a7b910fc605d96 8b7404140705408e f8df85faf1ee1339 ee4e70cfc4038e9c cb08cf2afe873f0b f0755244f9c274e3 bdc6037fc3e85524 c26f942fdec3c313 d88637f688ced2a9 ccb727ceb2e4e673 91a8a986164c3b76 9f1b0e1f8f26bbfd c20ba271ea2ee17d 7b1cf3ebd235ed faf8f1ebd3b44bf7 bde32d749f962b12 b6861003d04945c 90b8e053be5e4a67 ddf4757a066152eb c365e747ce9c0dc8 8cfa582fe95cd67a efbe2965d41ec79a a2bad562eaeecda9 d44ba423332410ac 8742d8462fb52d92 9aa3fb3bc409cd88 f72dde3429fdada9 d9b2db3beeef9f5f b2f96ce7fe70b67b 286e6424f456d676 e34675d52a274b1c 2898019702213f5f f67815d5163fe2bd c0672dd9d10665bb d327a51ad9be8bab effe6e68e8ff2f70 3a05952bc99fbaef a35e469a30659c41 1964cbb10d2d3a45 d6ccf534935cb502 c3c25143d36a60dc e0979b21fa2b3bcf 8d87f0d1dd271cf4 b0917dd0b7649055 b18fcc24d14a4215 ae715f09912918f1 c88da9473f17bcf6 1061ff0bdf02dcda f02bf5cbfa1d756b b9353261bed35e14 9dd63aeeb8b99f12 32d7147ec997316c 86a8f810e0230ba c6bbcfccec0c46df 35a3784ca640ca6f b442fb29f992e44a e59f2b2a3e0e07cd e44ed23cfafecaf6 f491af401b42a376 d950ab431891cd66 1390985cda30da6a f5737de0bd9f7d7f d6314ae58822479c e2532207cec42923 c63a6a3e9c1e341 f1e42aded7c69fe7 268ac90be294f188 cc56d4cad4374ce5 abfdeccc32ee6fae 958361363e3affa8 12724c8dd288b5d7 85772585e1da3600 a01535a8be703959 10f8ef311afa86bc fcd4bcbcb2878235 f0f7bb8f967014b6 b16a9b721ce9f265 cf71749a01f0aac0 9860bf762e3f582f cb294a94c0693029 c259dae9c9cb5ae9 f80ab3189a9abf2e db03ef58daba9a60 2485f549c333fdac ddcebcda9d5dca41 f81864a11c90a861 dfc4a60db8d2ac32 d63076749c9e59ea b92f024bbd9362e7 f6660f1ace48db15 eae7350098f3a858 d6870b40cc96858e 9adf60a3a416374b 3d09dfa4cced1a5a 19839fe885c695a3 29dcccef1390eae4 e07e053eb463008b 3a29962fe6e6ac93 fa779777fa01a526 ae64a5b1e406631e caed0fb1daf59cb5 d4f741dbe88e3be0 ] wstrb=[28 fe 8c dd af 6d b8 d7 6b 44 b4 1b b1 6c f2 1d b1 a7 38 62 13 2a 7f c4 d1 b7 27 e5 e2 a6 a9 b3 5e d0 98 40 77 42 f3 d5 12 8c 15 89 ce 8 5e e0 94 73 6a 62 7c c8 43 10 3c ad 73 b8 75 b6 c8 b1 63 3b 69 d8 f1 32 8a 54 6d f3 2d 5f 25 b7 b3 93 aa e0 f2 d0 97 a5 63 42 86 55 12 1d fa 75 5f 80 ca 71 9e c4 e6 fd 45 b0 6f e3 75 55 e0 ba 6 4f 9d 7b a5 7d 35 ab cd d2 26 72 4f 5b 1d 1c 2d 43 8e 7c 9e ab 99 cb ee 27 47 8c d3 e0 57 c1 8 9f 4e db 7f a5 9c 87 44 ea 62 c4 90 ff 4b d4 e9 ae 98 79 ad e4 4e 96 92 e6 10 3f ca 5e d5 5c 44 e5 9b f 43 71 6b 88 56 7 97 9a 78 2 22 ce 9 b9 68 81 bb 8a 50 c5 43 b8 46 ff 43 96 c4 86 4f a 85 92 a1 49 18 f0 54 9e 82 f5 e7 9a e5 3b 38 67 30 20 1 15 5b 3a 7c 8c 5a 7e a1 b5 b8 1e 41 12 9c e3 c7 54 1 9 66 9d ] bresp=0 bid=1111
[4125000] SCOREBOARD: Transaction 5 received. pass=874 fail=0
[4125000] SCOREBOARD: Expected 5 transactions completed, PASS=874 FAIL=0
[4125000] ALL PASS. Total transactions: 5
[4125000] ALL TRANSACTIONS MONITORED
$finish called at time : 4145 ns : File "/home/nashita/Desktop/practice/axi_xbar/tb/top/axi_tb_top.sv" Line 220
exit
INFO: xsimkernel Simulation Memory Usage: 289464 KB (Peak: 337864 KB), Simulation CPU Usage: 1190 ms
INFO: [Common 17-206] Exiting xsim at Thu Sep 10 18:27:06 2026...
