#-----------------------------------------------------------
# xsim v2025.2 (64-bit)
# SW Build 6299465 on Fri Nov 14 12:34:56 MST 2025
# IP Build 6300035 on Fri Nov 14 10:48:45 MST 2025
# SharedData Build 6298862 on Thu Nov 13 04:50:51 MST 2025
# Start of session at: Thu Sep 10 18:37:46 2026
# Process ID         : 3653284
# Current directory  : /home/nashita/Desktop/practice/axi_xbar/sim
# Command line       : xsim -log regress_results/BT_run353.log -mode tcl -source {xsim.dir/tb_top_snap/xsim_script.tcl}
# Log file           : /home/nashita/Desktop/practice/axi_xbar/sim/regress_results/BT_run353.log
# Journal file       : /home/nashita/Desktop/practice/axi_xbar/sim/xsim.jou
# Running On         : vlsi-vivado
# Platform           : Ubuntu
# Operating System   : Ubuntu 24.04.4 LTS
# Processor Detail   : Intel(R) Core(TM) i5-10400 CPU @ 2.90GHz
# CPU Frequency      : 4000.003 MHz
# CPU Physical cores : 6
# CPU Logical cores  : 12
# Host memory        : 41875 MB
# Swap memory        : 27648 MB
# Total Virtual      : 69524 MB
# Available Virtual  : 62744 MB
#-----------------------------------------------------------
source xsim.dir/tb_top_snap/xsim_script.tcl
# xsim {tb_top_snap} -testplusarg BT -autoloadwcfg -runall -sv_seed 354
Time resolution is 1 ps
run -all
[0] RUNNING BASE TEST
[0] INSIDE THE BASE TEST CONSTRUCTOR
[0] ENV: before agent
[0] SLAVE CONSTRUCTED
[0] MASTER MONITOR CONSTRUCTED
[0] MASTER MONITOR CONSTRUCTED
[0] SLAVE MONITOR CONSTRUCTED
[0] SLAVE MONITOR CONSTRUCTED
[0] ARB MONITOR CONSTRUCTED
GENERATOR CONSTRUCTED
[0] ENV: after agent
[0] ENV: before scoreboard
[0] ENV: after scoreboard
[15000] [SEQUENCER] mst_id=1 s_id=0 awaddr=a084428 awid=1110 awlen=113 awsize=1 awburst=1 wdata=[fd29a31fae4c2a97 d4b8d38db1de1988 94ab62f98acd6153 39198bebc10aac29 f2e8c5b211d50619 9ca2676c0dd25f78 cedd0ba1879428ab 99692ec4d5bbf357 e38e52cfc1c5d153 c959f9ff360b9631 8bc78988326b5e71 f4312fc4e2c328c3 98cebef4ef55dc58 21c13ac9bd8b29c3 204e52872496487d 13ec24d595f26a8d d37d9451b91d117b ddb359f835ad5f9e cb9fca2bf3cbe6d8 ace8f853f19f7ecd a74cde6b9f1d5e7c 92e945540a9c524c fc3bd119f2eca897 920a07133fd23da8 ca6e8ff42388af85 1675581c24f34c68 e4c58a10c6aa610d ea331092a87f5f2f cd72ab972f341a04 f5de7b1180a868ae 2927c7deb23835a7 e16c4fabe0118ba4 e0b9f452f69a7375 28d2a91dd74acabd 375c566189e1bc30 7c2fa68a3ef8c8 e189c38598164ab3 21f806e4294ed8c3 b38dd18b98e619e6 30fc649a2274368a cbc30f4d15179511 adfdaef7d2f46b7e f568a208ff50e0d8 946875e9defa1391 b1ee7f0fc12bb155 c07c922dc26624e1 a1603872a7572117 e882d26cd4e50817 174b2cf8d34eb782 faa5d89928ff649a fde46cb1b8ab656a 8bfa1cece328ab06 c280fa0152f99a9 cddaff13069ff586 e9c8a08c0a0c7c51 1f3c15fad9d51c00 e0751186f5f0b02c fffd2c7ded17150d c6ec310dca3db212 c02e623e1f394277 8c505784a7614293 f19ef4a5c02b8ebb df64d132d33c8892 fa9dcb25b1cd56e3 f1f8e59eebb528b6 bef1b148ec3cbfcb 9e0a16aed15db6d0 3d12df87398f7c6e 25cc3c391002fc4d e160b31dfc0490cf b5940d3dc3d652e7 d3d94f349e7392a4 1a782374db604976 1f369c5e353a0252 d3ad94f6d00c30b1 2b6c7a28f30feb92 a849ede4ee25b86a 3e31e91ccaa31686 bdb30218fbf782db ea1d3b45e99e6344 344179cae5fceffd e1f472d8a84f2461 91ed87a5f1f47be2 d7f16bdfcc11ae1d f460d27fc62f016f 38237d52b9e5deb7 5f78cd5864e5a24 cc7d5b949014e931 c9fac7e9fa585f54 80a6b97804a0d8e6 94b5c217cff254be ca4ab412cd24150c d1c4edf2deb08a00 aea2debecaf16d8a 18158297e67ab00a c52b3a0af8ed92d0 c3df005be9da7089 d0552093f3ce18c9 ecbbab99dbf482f2 c5cef37b15805a9e 94e7367b09aabf4 8c8f2ee61624140f 2ba46eadf60a1f00 26a4caf5d25e2262 e882367134f2e214 aafd0114b333f9db 85921c3d1426a51e c9198732d1a1cc09 4d5c5e5ee1452ae 823af7ccf4168846 c5b854508a67e222 f87c34d1cb547efe 3f6b0745ca8e1a35 d4f5fc57fab72c9d ] wstrb=[95 9c 28 ca e1 c6 21 76 62 4a 40 43 10 61 b9 72 ab f9 b5 bb 5a 6e 2d 6 67 e2 c1 c1 50 ef c7 b7 d1 89 79 22 78 40 d9 49 c9 52 6b 41 93 45 8b 5c 97 f6 9e 2a 3b 29 87 d3 1f 25 fd 5b 4e 84 2e 6d a9 2b c8 f7 b0 f6 65 59 22 2d 51 d2 24 b6 2b 46 e3 7c 18 7 32 43 4d 16 c0 65 1d f2 a9 6b 8 69 d0 26 5b 79 91 64 e2 61 8a 3e db 1b a2 bd 7c 2c fb 57 ] bresp=0 bid=0
[15000] [SEQUENCER] mst_id=0 s_id=0 awaddr=9bef828 awid=1101 awlen=176 awsize=7 awburst=1 wdata=[c2fdf4e3e3ec2dee 10587df4fe729fc4 82948f7f7cb19eb dbb747d9cdfcacff cc6f4cc3cb273dda c2f257c5ec0fc5cd ba0c72ccd49895ba 9fbfd3941ea99f9f 8ab9656c067bbf90 db14554ae2b22b5a 15bcaf9c4c5d839 cb4197c9fad428df dd8654398c153065 d0db089ea655ed13 a12a15f2dee21f32 eaf74f979c1ca067 c2728d7bfeb06a2b dd92895d3bd25836 d7eef89de39ca36d e24d0d99c889d8f5 45c312b9a618618 fdfe2986bfdf96f6 88696febdc4b29c8 f6acafe1e04b371f a02ace158cc5a116 e910cadff4aad967 d4f6108628943e01 b559df17dfbd7ac0 d4685427f520de9b 9db51c9c9e6aa9f6 fe2824b6295e64ad 9e7f4348d30efbb4 f179a5aad29078dd fbeedd8a3c345fe5 f435b99efa1ca61 c232433e1a6e20d3 d6a280b880bd0143 f05ecba43e2120c9 d88f419ce5e5dc51 e6a2dd9432910ee3 f0b22fac2f31c254 15179ea5d701a939 992b81cc9417148 f873339cfbba7c39 d2bc2572fa44e7c8 c38659100d8ad241 89454e7adc4edd8e d693c5563bf98cac c9845eeddc0173ed b850517b9a1a1e66 d613ab12d2c9ad67 aecb21540ee416d2 a8fe35389f9809ff f261b767e71b72d0 f5ff89a2ff11e04b 9ea9ea4aa12cd8bb 88484b8b9efdbeda 9e0f9f25910ba1b1 32387a6dfe47d52d 1d4594083cb98970 cdc52b21ba80c5f8 38c89b26bb55332d f80ebc9dfffda58e 3a7e6b87d60e2f2e 9163625bc5d3e7bf c5d18d4df34706ad c95535db09721ef9 cf4606b8804ff8d4 f396ff81dab89836 e42ab72f95179405 15678cdabcec355c 17a4cd93b370bde7 c88851ed88fe8c5b c5eac1b8fbcf84c2 2f4042aaddefdec7 e6ee6b22dd8f8f4b d95f140df7c89497 d5b8735eacd92cda 8a68bc25889f56b7 8067eb4ebca6de80 e9800b5be3c7d033 ec6726ead6205eac 12c73d2df3e8c780 d7b097b3eccf1239 c2ef70e5fc474888 f0301008c417be9e 30e6d0d7d5b6ae12 d1fdf69ac7e0a7bc bf8665af3d641bc c98cefcfc22e06a3 a0eae5f3cdf3731 b0b578ed9b8ae669 ddb8ed0c160714b9 d2e64beafa4268bc 15cd4f26e7c79b6b fdceb024839bc4d7 fdde2d94f3863c32 db4dd79ed0b4fc0e d450c0e613ab7cba 8731b8ecd91c87c2 29d183d1d22eee7a e5da6b34e27f908a 3b9c184dfe2244b7 d0513331ed0c2420 cf8bb4abe56d9c1e e38fe0d5362b9e65 a337c2850b27ccf8 f095691633e11406 ea0cb26bf2c37730 fdeb4428d42549eb 8065df18d4474f0 7ec21ee80ad3e c2a5f729f213105c ff57854cfdf33049 ec73dd88caac551a bcbf6576ff5f716d fd52a1b7af19d4b1 f9c629cc3c16eac3 bb765c30e9c67f3f 98e053f0b6858f42 f29c7a05b8c8fde7 a28f7d2692a67dbc c92c0cff2e12d636 e6dbd41d3b6fd117 ce164ed3bbc88704 e9db5d3a096b5144 c4db225b97425bd2 d30ae2d7d0b73158 da22829c92f1712e 2a33cd01bce64011 8d9d71691efda4f7 b1ef1625fd3eafd8 ba24efe9e7bff405 86bd98fcdc22e326 d96192fec7c26153 af82555838acaf22 94cf9248138682e8 db48e43b363fee55 eeec9d77ee312547 1b7a82f8acb3993 c10b27e883bc2fbf f1ed5506dd008c6a e7cbc5fdaff7c55f 33b3f51ff3a4fd35 d0a5899f28d6ede6 d8ceb345a5a14a25 1946475b38714f9d e1483d838c82a864 3223f28ae9ebd0fa a25d2097ba16f0c8 c699992dcb6a39e5 b5560adf83a55e1a 3dbc4ee3f8bd8bb7 c427c59cd7b32b77 db5889910455e810 fd1373c7f97dd07b d130fbf29914d874 9d6ac084c13b3963 bab909de2c898584 c59e5df89a7e344b dbb96dae0bea05d1 38738b55e3091e7d fd8752c81672778d 225c7d5efe11e94d e11b07cad940c077 efb33804dad008b3 d8e1f200dea25a93 37e31b0a120fb562 ecdfbe1539fcf9cb 189f545e2796530e 39a60870c5c1b015 ffbea9e0d0826f68 f818c2762685c685 ec47769a985dfe3e e8e06da631becae6 d844916bec06207b 84641eb9e0f9301c ] wstrb=[5 2 60 80 6d 7c 3a 73 7f 9a f3 ec 16 2d 5f 95 c7 53 82 de 80 e1 73 48 34 f5 26 b5 d7 99 fd b 8f 23 c0 66 bc bd 71 4b e0 32 b1 9d ef 23 e8 d0 55 9a 6d 44 bd 55 14 12 ef 81 56 ac d7 6b be c6 ec 15 73 c3 80 31 8a 6c 46 fd 30 c6 2e ba 33 75 b7 63 3b e5 1d 6e 5a d4 d1 96 b9 ee 4 14 c2 d6 aa 7c c4 ae 90 87 84 3a 3 49 e8 93 d0 6d cd d3 b6 b5 66 86 22 33 59 d8 e8 bf 5e b f2 b7 e3 da 76 42 e5 68 f9 c9 43 70 b 28 d8 4 f1 1b 74 fc 44 4d 1 35 68 75 32 ac c2 33 e2 2b a8 14 d7 6b 47 b9 96 ef cd 6d 5a 14 27 f0 4 f4 5e 5e 9 85 4f ] bresp=0 bid=0
[15000] [SEQUENCER] mst_id=0 s_id=0 awaddr=1487aa98 awid=1 awlen=139 awsize=2 awburst=1 wdata=[8793212cc5d155a8 cc624afbe0f282a3 b2258783d194762f 9765cbd738f158da 99e3db7d39b8a8b0 8b4d1edfe3c816d3 1cb96fadcc096301 5c20bb122b2eab7 67b018ab69d4b2a 82a6ae2b910f2a90 b3c2154723347137 d9d1bc618868b9dc 1977e46dba3d16d1 dd718808dc786a8d e4e12469cd39f9b4 77710863743446a 13bbaef7fe5908d6 cb93028be4e8988e 9c2bdcf8f89cd360 f6f5dc37d30a1311 b7f2ab9fafe78bef 28845f50c288dec2 1592f1d3d41e8898 840614871f7a3b87 e2031a49cd859d72 a1a4260aac8a73d7 cc04af5ef7960c1c c51ba98e25aa3a92 d234ae69ae07c9a7 a59dd5c3e6bfcf99 c6a0a2b1e395dc8 cc41276feab97f52 d1794eebde9eb894 fcd8165cf1defd33 dc987c85dde35916 bc8211aac9193dcc 3af83aff2e11cb70 bf52486395a2807 27365d31790b784 c5a282f4c8773630 81d15e373d6ba0d2 d4fc5856d197a77a 9a0eddaa8444c40a c1b064dc1a9edb4a ec3682c41be03be2 a024ffec96acbd32 b14b987c8645606e a2259c50e1d564c9 f88221fb9d821b40 23c77bafc24a9c3d 2420010629cdba78 c74fd5b8c5ed17ff 8837b43c9ca22301 c66fdd79eb175167 31046967ac57b542 c8f9d8440dbfb332 f8d70499b93c1da3 e593d2e68f69b5bd 9d2968efa9db6e00 e3178ba42e8dab2a bdf760e716006d89 bfdbdb89c8ab5e8a f73909b4db20c9d7 f1213760a2f3672d eb9ec5b7b5306a9b 90513472b0fd12e9 d3f07a17e2d7cf6b 18083a0781726bd2 326f7ebcbf8f3fce 22670f3aa8596e79 29cbda4c065ff8d3 c5ef38a13a6f4941 e2c8b7badc3b5908 e29b51dbe85647db a2c5911c8c949206 e8cfeb0ea88a8a7c 10e0d258058e48d7 9222daddcb6b3ce9 f3f5c766b3a66374 b934ac4bfaf2c5ec c65e02d504d699be b87cfd32cb578729 c64a4d15ba53ca3b bf2a63f9f1b1a97e 3d0930a78ca84fea c6fc1a26f7a7612c e9590aaa03537dbc 8ffbcda686267e1f fdcddf4b26623b51 29b5b90dd6f7e7cc dd1e65ece726e9f5 8d892546b9b186b3 10a96e80daec4537 c2132f2db73ede53 f0f06507edc7d46c c8b419a3cf9c5473 6db32c70199d387 ef61a7f38ac748d0 da639d44f7cb97ce f9656b55b815c196 c2dd0a67e13ed00b d90a67d9e8c71348 a0dcd4de1d40a7ab fe7f77b6d26fd32e 3b36e676e3b9df45 80fa86f0d789df8f 29f9b2bddc13bb54 3fcd9a9aff79fea6 d703de35e5309933 c1445487c0c8218a c042203180fd90f2 e62e2a258111ef21 c1da10ac9745fe66 18438f5927727ead a8846dce021c30dd 99622f43fe71b97e a5e4382bea5e7e7a ec7aaf57b1a5be9c 3017781bce68a5fa b8c7247405dcde9b b7829d37d5fbb046 a46456402541d3cc 2b1eb267e79a1552 3d95c599dd2b7ab5 26d4e81e2a14f9e ca3b64f1e1fa1bd9 bf25968e2d8c00e8 902d508607d12a8a e9cb4663c192e50f ef1ee5f7da68b577 e239e00128f0dcf2 ea83c201ff4c367e d9b4ebf5cc052665 f4f60357d9a2a7f9 d8eede773beecbf7 7f3f25cdf79c558 b91c6d51b2a3ca6c ee929663fce9f5b3 dc63bb0b920b4bc8 c4af1635f68688bf ] wstrb=[5d 72 98 25 7e 58 5a db ca f3 0 48 4b 5b 23 15 4e 24 5e 99 7f 81 ae cd a5 c 66 24 8e 14 f1 33 21 57 58 af 6c 49 e2 8d a1 3a 3c d 84 1e 9a 25 59 d6 32 dd f4 cc 2 4d a2 34 2a 96 0 2c e4 a2 60 e 38 60 3b 1c 2 9b 2b 3b fc 66 57 fe 1 82 39 fd e8 91 fc ea 13 35 e7 fc c6 e3 e6 da 19 cd d6 df b1 bc b9 ca 89 8f a9 3a 4b 63 4 d5 f2 ae f 3e 11 14 13 3 c2 22 41 d3 36 54 d6 f8 77 18 cb ad 6c a2 a6 e3 ba 71 91 26 13 37 ] bresp=0 bid=0
[15000] [SEQUENCER] READ mst_id=0 s_id=0 araddr=1166cda0 arid=2 arlen=1 arsize=3 arburst=1 rid=[] rresp=[] rdata=[]
[15000] [SEQUENCER] mst_id=0 s_id=0 awaddr=d214568 awid=1110 awlen=10 awsize=2 awburst=0 wdata=[16171a0fe68e079f ce662982892df350 b25aa72dc6712878 2cff30173207b573 bb35a8c3c871c13c 8ee2e9b4fb655999 2d6d0f0ced904ff1 b602112dbbe219cb b7477364e8a2b7cf d63307c0c4e4fae2 80c714ade4b48270 ] wstrb=[ee 40 12 d0 0 82 7d ee c2 8f be ] bresp=0 bid=0
[15000] MASTER_DRIVER1 received transaction, op=AXI_WRITE
[15000] MASTER_DRIVER0 received transaction, op=AXI_WRITE
[35000] MASTER 1 AW_VALID_RDY Handshake
[35000] MASTER 0 AW_VALID_RDY Handshake
[45000] ARB MONITOR: slave=0 m0_req=1 m1_req=1 winner=0
[45000] AXI S0_AWVALID_RDY HANDSHAKE
[45000] SCOREBOARD MATCH: arbitration winner (slave 0) expected = 0, actual =0
[55000] MASTER 1 W_VALID_RDY Handshake beat=0 wlast=0
[55000] MASTER 0 W_VALID_RDY Handshake beat=0 wlast=0
[65000] MASTER 0 W_VALID_RDY Handshake beat=1 wlast=0
[65000] MASTER 1 W_VALID_RDY Handshake beat=1 wlast=0
[65000] AXI S0_WVALID_RDY HANDSHAKE
[65000] S0 MEMORY WRITE beat=0 addr=09bef828 data=c2fdf4e3e3ec2dee id=0d
[75000] AXI S0_WVALID_RDY HANDSHAKE
[75000] S0 MEMORY WRITE beat=1 addr=09bef8a8 data=10587df4fe729fc4 id=0d
[75000] MASTER 1 W_VALID_RDY Handshake beat=2 wlast=0
[75000] MASTER 0 W_VALID_RDY Handshake beat=2 wlast=0
[85000] MASTER 0 W_VALID_RDY Handshake beat=3 wlast=0
[85000] MASTER 1 W_VALID_RDY Handshake beat=3 wlast=0
[85000] AXI S0_WVALID_RDY HANDSHAKE
[85000] S0 MEMORY WRITE beat=2 addr=09bef928 data=082948f7f7cb19eb id=0d
[95000] AXI S0_WVALID_RDY HANDSHAKE
[95000] S0 MEMORY WRITE beat=3 addr=09bef9a8 data=dbb747d9cdfcacff id=0d
[95000] MASTER 1 W_VALID_RDY Handshake beat=4 wlast=0
[95000] MASTER 0 W_VALID_RDY Handshake beat=4 wlast=0
[105000] MASTER 0 W_VALID_RDY Handshake beat=5 wlast=0
[105000] MASTER 1 W_VALID_RDY Handshake beat=5 wlast=0
[105000] AXI S0_WVALID_RDY HANDSHAKE
[105000] S0 MEMORY WRITE beat=4 addr=09befa28 data=cc6f4cc3cb273dda id=0d
[115000] AXI S0_WVALID_RDY HANDSHAKE
[115000] S0 MEMORY WRITE beat=5 addr=09befaa8 data=c2f257c5ec0fc5cd id=0d
[115000] MASTER 1 W_VALID_RDY Handshake beat=6 wlast=0
[115000] MASTER 0 W_VALID_RDY Handshake beat=6 wlast=0
[125000] MASTER 0 W_VALID_RDY Handshake beat=7 wlast=0
[125000] MASTER 1 W_VALID_RDY Handshake beat=7 wlast=0
[125000] AXI S0_WVALID_RDY HANDSHAKE
[125000] S0 MEMORY WRITE beat=6 addr=09befb28 data=ba0c72ccd49895ba id=0d
[135000] AXI S0_WVALID_RDY HANDSHAKE
[135000] S0 MEMORY WRITE beat=7 addr=09befba8 data=9fbfd3941ea99f9f id=0d
[135000] MASTER 0 W_VALID_RDY Handshake beat=8 wlast=0
[145000] MASTER 0 W_VALID_RDY Handshake beat=9 wlast=0
[145000] AXI S0_WVALID_RDY HANDSHAKE
[145000] S0 MEMORY WRITE beat=8 addr=09befc28 data=8ab9656c067bbf90 id=0d
[155000] AXI S0_WVALID_RDY HANDSHAKE
[155000] S0 MEMORY WRITE beat=9 addr=09befca8 data=db14554ae2b22b5a id=0d
[155000] MASTER 0 W_VALID_RDY Handshake beat=10 wlast=0
[165000] MASTER 0 W_VALID_RDY Handshake beat=11 wlast=0
[165000] AXI S0_WVALID_RDY HANDSHAKE
[165000] S0 MEMORY WRITE beat=10 addr=09befd28 data=015bcaf9c4c5d839 id=0d
[175000] AXI S0_WVALID_RDY HANDSHAKE
[175000] S0 MEMORY WRITE beat=11 addr=09befda8 data=cb4197c9fad428df id=0d
[175000] MASTER 0 W_VALID_RDY Handshake beat=12 wlast=0
[185000] MASTER 0 W_VALID_RDY Handshake beat=13 wlast=0
[185000] AXI S0_WVALID_RDY HANDSHAKE
[185000] S0 MEMORY WRITE beat=12 addr=09befe28 data=dd8654398c153065 id=0d
[195000] AXI S0_WVALID_RDY HANDSHAKE
[195000] S0 MEMORY WRITE beat=13 addr=09befea8 data=d0db089ea655ed13 id=0d
[195000] MASTER 0 W_VALID_RDY Handshake beat=14 wlast=0
[205000] MASTER 0 W_VALID_RDY Handshake beat=15 wlast=0
[205000] AXI S0_WVALID_RDY HANDSHAKE
[205000] S0 MEMORY WRITE beat=14 addr=09beff28 data=a12a15f2dee21f32 id=0d
[215000] AXI S0_WVALID_RDY HANDSHAKE
[215000] S0 MEMORY WRITE beat=15 addr=09beffa8 data=eaf74f979c1ca067 id=0d
[215000] MASTER 0 W_VALID_RDY Handshake beat=16 wlast=0
[225000] MASTER 0 W_VALID_RDY Handshake beat=17 wlast=0
[225000] AXI S0_WVALID_RDY HANDSHAKE
[225000] S0 MEMORY WRITE beat=16 addr=09bf0028 data=c2728d7bfeb06a2b id=0d
[235000] AXI S0_WVALID_RDY HANDSHAKE
[235000] S0 MEMORY WRITE beat=17 addr=09bf00a8 data=dd92895d3bd25836 id=0d
[235000] MASTER 0 W_VALID_RDY Handshake beat=18 wlast=0
[245000] MASTER 0 W_VALID_RDY Handshake beat=19 wlast=0
[245000] AXI S0_WVALID_RDY HANDSHAKE
[245000] S0 MEMORY WRITE beat=18 addr=09bf0128 data=d7eef89de39ca36d id=0d
[255000] AXI S0_WVALID_RDY HANDSHAKE
[255000] S0 MEMORY WRITE beat=19 addr=09bf01a8 data=e24d0d99c889d8f5 id=0d
[255000] MASTER 0 W_VALID_RDY Handshake beat=20 wlast=0
[265000] MASTER 0 W_VALID_RDY Handshake beat=21 wlast=0
[265000] AXI S0_WVALID_RDY HANDSHAKE
[265000] S0 MEMORY WRITE beat=20 addr=09bf0228 data=045c312b9a618618 id=0d
[275000] AXI S0_WVALID_RDY HANDSHAKE
[275000] S0 MEMORY WRITE beat=21 addr=09bf02a8 data=fdfe2986bfdf96f6 id=0d
[275000] MASTER 0 W_VALID_RDY Handshake beat=22 wlast=0
[285000] MASTER 0 W_VALID_RDY Handshake beat=23 wlast=0
[285000] AXI S0_WVALID_RDY HANDSHAKE
[285000] S0 MEMORY WRITE beat=22 addr=09bf0328 data=88696febdc4b29c8 id=0d
[295000] AXI S0_WVALID_RDY HANDSHAKE
[295000] S0 MEMORY WRITE beat=23 addr=09bf03a8 data=f6acafe1e04b371f id=0d
[295000] MASTER 0 W_VALID_RDY Handshake beat=24 wlast=0
[305000] MASTER 0 W_VALID_RDY Handshake beat=25 wlast=0
[305000] AXI S0_WVALID_RDY HANDSHAKE
[305000] S0 MEMORY WRITE beat=24 addr=09bf0428 data=a02ace158cc5a116 id=0d
[315000] AXI S0_WVALID_RDY HANDSHAKE
[315000] S0 MEMORY WRITE beat=25 addr=09bf04a8 data=e910cadff4aad967 id=0d
[315000] MASTER 0 W_VALID_RDY Handshake beat=26 wlast=0
[325000] MASTER 0 W_VALID_RDY Handshake beat=27 wlast=0
[325000] AXI S0_WVALID_RDY HANDSHAKE
[325000] S0 MEMORY WRITE beat=26 addr=09bf0528 data=d4f6108628943e01 id=0d
[335000] AXI S0_WVALID_RDY HANDSHAKE
[335000] S0 MEMORY WRITE beat=27 addr=09bf05a8 data=b559df17dfbd7ac0 id=0d
[335000] MASTER 0 W_VALID_RDY Handshake beat=28 wlast=0
[345000] MASTER 0 W_VALID_RDY Handshake beat=29 wlast=0
[345000] AXI S0_WVALID_RDY HANDSHAKE
[345000] S0 MEMORY WRITE beat=28 addr=09bf0628 data=d4685427f520de9b id=0d
[355000] AXI S0_WVALID_RDY HANDSHAKE
[355000] S0 MEMORY WRITE beat=29 addr=09bf06a8 data=9db51c9c9e6aa9f6 id=0d
[355000] MASTER 0 W_VALID_RDY Handshake beat=30 wlast=0
[365000] MASTER 0 W_VALID_RDY Handshake beat=31 wlast=0
[365000] AXI S0_WVALID_RDY HANDSHAKE
[365000] S0 MEMORY WRITE beat=30 addr=09bf0728 data=fe2824b6295e64ad id=0d
[375000] AXI S0_WVALID_RDY HANDSHAKE
[375000] S0 MEMORY WRITE beat=31 addr=09bf07a8 data=9e7f4348d30efbb4 id=0d
[375000] MASTER 0 W_VALID_RDY Handshake beat=32 wlast=0
[385000] MASTER 0 W_VALID_RDY Handshake beat=33 wlast=0
[385000] AXI S0_WVALID_RDY HANDSHAKE
[385000] S0 MEMORY WRITE beat=32 addr=09bf0828 data=f179a5aad29078dd id=0d
[395000] AXI S0_WVALID_RDY HANDSHAKE
[395000] S0 MEMORY WRITE beat=33 addr=09bf08a8 data=fbeedd8a3c345fe5 id=0d
[395000] MASTER 0 W_VALID_RDY Handshake beat=34 wlast=0
[405000] MASTER 0 W_VALID_RDY Handshake beat=35 wlast=0
[405000] AXI S0_WVALID_RDY HANDSHAKE
[405000] S0 MEMORY WRITE beat=34 addr=09bf0928 data=0f435b99efa1ca61 id=0d
[415000] AXI S0_WVALID_RDY HANDSHAKE
[415000] S0 MEMORY WRITE beat=35 addr=09bf09a8 data=c232433e1a6e20d3 id=0d
[415000] MASTER 0 W_VALID_RDY Handshake beat=36 wlast=0
[425000] MASTER 0 W_VALID_RDY Handshake beat=37 wlast=0
[425000] AXI S0_WVALID_RDY HANDSHAKE
[425000] S0 MEMORY WRITE beat=36 addr=09bf0a28 data=d6a280b880bd0143 id=0d
[435000] AXI S0_WVALID_RDY HANDSHAKE
[435000] S0 MEMORY WRITE beat=37 addr=09bf0aa8 data=f05ecba43e2120c9 id=0d
[435000] MASTER 0 W_VALID_RDY Handshake beat=38 wlast=0
[445000] MASTER 0 W_VALID_RDY Handshake beat=39 wlast=0
[445000] AXI S0_WVALID_RDY HANDSHAKE
[445000] S0 MEMORY WRITE beat=38 addr=09bf0b28 data=d88f419ce5e5dc51 id=0d
[455000] AXI S0_WVALID_RDY HANDSHAKE
[455000] S0 MEMORY WRITE beat=39 addr=09bf0ba8 data=e6a2dd9432910ee3 id=0d
[455000] MASTER 0 W_VALID_RDY Handshake beat=40 wlast=0
[465000] MASTER 0 W_VALID_RDY Handshake beat=41 wlast=0
[465000] AXI S0_WVALID_RDY HANDSHAKE
[465000] S0 MEMORY WRITE beat=40 addr=09bf0c28 data=f0b22fac2f31c254 id=0d
[475000] AXI S0_WVALID_RDY HANDSHAKE
[475000] S0 MEMORY WRITE beat=41 addr=09bf0ca8 data=15179ea5d701a939 id=0d
[475000] MASTER 0 W_VALID_RDY Handshake beat=42 wlast=0
[485000] MASTER 0 W_VALID_RDY Handshake beat=43 wlast=0
[485000] AXI S0_WVALID_RDY HANDSHAKE
[485000] S0 MEMORY WRITE beat=42 addr=09bf0d28 data=0992b81cc9417148 id=0d
[495000] AXI S0_WVALID_RDY HANDSHAKE
[495000] S0 MEMORY WRITE beat=43 addr=09bf0da8 data=f873339cfbba7c39 id=0d
[495000] MASTER 0 W_VALID_RDY Handshake beat=44 wlast=0
[505000] MASTER 0 W_VALID_RDY Handshake beat=45 wlast=0
[505000] AXI S0_WVALID_RDY HANDSHAKE
[505000] S0 MEMORY WRITE beat=44 addr=09bf0e28 data=d2bc2572fa44e7c8 id=0d
[515000] AXI S0_WVALID_RDY HANDSHAKE
[515000] S0 MEMORY WRITE beat=45 addr=09bf0ea8 data=c38659100d8ad241 id=0d
[515000] MASTER 0 W_VALID_RDY Handshake beat=46 wlast=0
[525000] MASTER 0 W_VALID_RDY Handshake beat=47 wlast=0
[525000] AXI S0_WVALID_RDY HANDSHAKE
[525000] S0 MEMORY WRITE beat=46 addr=09bf0f28 data=89454e7adc4edd8e id=0d
[535000] AXI S0_WVALID_RDY HANDSHAKE
[535000] S0 MEMORY WRITE beat=47 addr=09bf0fa8 data=d693c5563bf98cac id=0d
[535000] MASTER 0 W_VALID_RDY Handshake beat=48 wlast=0
[545000] MASTER 0 W_VALID_RDY Handshake beat=49 wlast=0
[545000] AXI S0_WVALID_RDY HANDSHAKE
[545000] S0 MEMORY WRITE beat=48 addr=09bf1028 data=c9845eeddc0173ed id=0d
[555000] AXI S0_WVALID_RDY HANDSHAKE
[555000] S0 MEMORY WRITE beat=49 addr=09bf10a8 data=b850517b9a1a1e66 id=0d
[555000] MASTER 0 W_VALID_RDY Handshake beat=50 wlast=0
[565000] MASTER 0 W_VALID_RDY Handshake beat=51 wlast=0
[565000] AXI S0_WVALID_RDY HANDSHAKE
[565000] S0 MEMORY WRITE beat=50 addr=09bf1128 data=d613ab12d2c9ad67 id=0d
[575000] AXI S0_WVALID_RDY HANDSHAKE
[575000] S0 MEMORY WRITE beat=51 addr=09bf11a8 data=aecb21540ee416d2 id=0d
[575000] MASTER 0 W_VALID_RDY Handshake beat=52 wlast=0
[585000] MASTER 0 W_VALID_RDY Handshake beat=53 wlast=0
[585000] AXI S0_WVALID_RDY HANDSHAKE
[585000] S0 MEMORY WRITE beat=52 addr=09bf1228 data=a8fe35389f9809ff id=0d
[595000] AXI S0_WVALID_RDY HANDSHAKE
[595000] S0 MEMORY WRITE beat=53 addr=09bf12a8 data=f261b767e71b72d0 id=0d
[595000] MASTER 0 W_VALID_RDY Handshake beat=54 wlast=0
[605000] MASTER 0 W_VALID_RDY Handshake beat=55 wlast=0
[605000] AXI S0_WVALID_RDY HANDSHAKE
[605000] S0 MEMORY WRITE beat=54 addr=09bf1328 data=f5ff89a2ff11e04b id=0d
[615000] AXI S0_WVALID_RDY HANDSHAKE
[615000] S0 MEMORY WRITE beat=55 addr=09bf13a8 data=9ea9ea4aa12cd8bb id=0d
[615000] MASTER 0 W_VALID_RDY Handshake beat=56 wlast=0
[625000] MASTER 0 W_VALID_RDY Handshake beat=57 wlast=0
[625000] AXI S0_WVALID_RDY HANDSHAKE
[625000] S0 MEMORY WRITE beat=56 addr=09bf1428 data=88484b8b9efdbeda id=0d
[635000] AXI S0_WVALID_RDY HANDSHAKE
[635000] S0 MEMORY WRITE beat=57 addr=09bf14a8 data=9e0f9f25910ba1b1 id=0d
[635000] MASTER 0 W_VALID_RDY Handshake beat=58 wlast=0
[645000] MASTER 0 W_VALID_RDY Handshake beat=59 wlast=0
[645000] AXI S0_WVALID_RDY HANDSHAKE
[645000] S0 MEMORY WRITE beat=58 addr=09bf1528 data=32387a6dfe47d52d id=0d
[655000] AXI S0_WVALID_RDY HANDSHAKE
[655000] S0 MEMORY WRITE beat=59 addr=09bf15a8 data=1d4594083cb98970 id=0d
[655000] MASTER 0 W_VALID_RDY Handshake beat=60 wlast=0
[665000] MASTER 0 W_VALID_RDY Handshake beat=61 wlast=0
[665000] AXI S0_WVALID_RDY HANDSHAKE
[665000] S0 MEMORY WRITE beat=60 addr=09bf1628 data=cdc52b21ba80c5f8 id=0d
[675000] AXI S0_WVALID_RDY HANDSHAKE
[675000] S0 MEMORY WRITE beat=61 addr=09bf16a8 data=38c89b26bb55332d id=0d
[675000] MASTER 0 W_VALID_RDY Handshake beat=62 wlast=0
[685000] MASTER 0 W_VALID_RDY Handshake beat=63 wlast=0
[685000] AXI S0_WVALID_RDY HANDSHAKE
[685000] S0 MEMORY WRITE beat=62 addr=09bf1728 data=f80ebc9dfffda58e id=0d
[695000] AXI S0_WVALID_RDY HANDSHAKE
[695000] S0 MEMORY WRITE beat=63 addr=09bf17a8 data=3a7e6b87d60e2f2e id=0d
[695000] MASTER 0 W_VALID_RDY Handshake beat=64 wlast=0
[705000] MASTER 0 W_VALID_RDY Handshake beat=65 wlast=0
[705000] AXI S0_WVALID_RDY HANDSHAKE
[705000] S0 MEMORY WRITE beat=64 addr=09bf1828 data=9163625bc5d3e7bf id=0d
[715000] AXI S0_WVALID_RDY HANDSHAKE
[715000] S0 MEMORY WRITE beat=65 addr=09bf18a8 data=c5d18d4df34706ad id=0d
[715000] MASTER 0 W_VALID_RDY Handshake beat=66 wlast=0
[725000] MASTER 0 W_VALID_RDY Handshake beat=67 wlast=0
[725000] AXI S0_WVALID_RDY HANDSHAKE
[725000] S0 MEMORY WRITE beat=66 addr=09bf1928 data=c95535db09721ef9 id=0d
[735000] AXI S0_WVALID_RDY HANDSHAKE
[735000] S0 MEMORY WRITE beat=67 addr=09bf19a8 data=cf4606b8804ff8d4 id=0d
[735000] MASTER 0 W_VALID_RDY Handshake beat=68 wlast=0
[745000] MASTER 0 W_VALID_RDY Handshake beat=69 wlast=0
[745000] AXI S0_WVALID_RDY HANDSHAKE
[745000] S0 MEMORY WRITE beat=68 addr=09bf1a28 data=f396ff81dab89836 id=0d
[755000] AXI S0_WVALID_RDY HANDSHAKE
[755000] S0 MEMORY WRITE beat=69 addr=09bf1aa8 data=e42ab72f95179405 id=0d
[755000] MASTER 0 W_VALID_RDY Handshake beat=70 wlast=0
[765000] MASTER 0 W_VALID_RDY Handshake beat=71 wlast=0
[765000] AXI S0_WVALID_RDY HANDSHAKE
[765000] S0 MEMORY WRITE beat=70 addr=09bf1b28 data=15678cdabcec355c id=0d
[775000] AXI S0_WVALID_RDY HANDSHAKE
[775000] S0 MEMORY WRITE beat=71 addr=09bf1ba8 data=17a4cd93b370bde7 id=0d
[775000] MASTER 0 W_VALID_RDY Handshake beat=72 wlast=0
[785000] MASTER 0 W_VALID_RDY Handshake beat=73 wlast=0
[785000] AXI S0_WVALID_RDY HANDSHAKE
[785000] S0 MEMORY WRITE beat=72 addr=09bf1c28 data=c88851ed88fe8c5b id=0d
[795000] AXI S0_WVALID_RDY HANDSHAKE
[795000] S0 MEMORY WRITE beat=73 addr=09bf1ca8 data=c5eac1b8fbcf84c2 id=0d
[795000] MASTER 0 W_VALID_RDY Handshake beat=74 wlast=0
[805000] MASTER 0 W_VALID_RDY Handshake beat=75 wlast=0
[805000] AXI S0_WVALID_RDY HANDSHAKE
[805000] S0 MEMORY WRITE beat=74 addr=09bf1d28 data=2f4042aaddefdec7 id=0d
[815000] AXI S0_WVALID_RDY HANDSHAKE
[815000] S0 MEMORY WRITE beat=75 addr=09bf1da8 data=e6ee6b22dd8f8f4b id=0d
[815000] MASTER 0 W_VALID_RDY Handshake beat=76 wlast=0
[825000] MASTER 0 W_VALID_RDY Handshake beat=77 wlast=0
[825000] AXI S0_WVALID_RDY HANDSHAKE
[825000] S0 MEMORY WRITE beat=76 addr=09bf1e28 data=d95f140df7c89497 id=0d
[835000] AXI S0_WVALID_RDY HANDSHAKE
[835000] S0 MEMORY WRITE beat=77 addr=09bf1ea8 data=d5b8735eacd92cda id=0d
[835000] MASTER 0 W_VALID_RDY Handshake beat=78 wlast=0
[845000] MASTER 0 W_VALID_RDY Handshake beat=79 wlast=0
[845000] AXI S0_WVALID_RDY HANDSHAKE
[845000] S0 MEMORY WRITE beat=78 addr=09bf1f28 data=8a68bc25889f56b7 id=0d
[855000] AXI S0_WVALID_RDY HANDSHAKE
[855000] S0 MEMORY WRITE beat=79 addr=09bf1fa8 data=8067eb4ebca6de80 id=0d
[855000] MASTER 0 W_VALID_RDY Handshake beat=80 wlast=0
[865000] MASTER 0 W_VALID_RDY Handshake beat=81 wlast=0
[865000] AXI S0_WVALID_RDY HANDSHAKE
[865000] S0 MEMORY WRITE beat=80 addr=09bf2028 data=e9800b5be3c7d033 id=0d
[875000] AXI S0_WVALID_RDY HANDSHAKE
[875000] S0 MEMORY WRITE beat=81 addr=09bf20a8 data=ec6726ead6205eac id=0d
[875000] MASTER 0 W_VALID_RDY Handshake beat=82 wlast=0
[885000] MASTER 0 W_VALID_RDY Handshake beat=83 wlast=0
[885000] AXI S0_WVALID_RDY HANDSHAKE
[885000] S0 MEMORY WRITE beat=82 addr=09bf2128 data=12c73d2df3e8c780 id=0d
[895000] AXI S0_WVALID_RDY HANDSHAKE
[895000] S0 MEMORY WRITE beat=83 addr=09bf21a8 data=d7b097b3eccf1239 id=0d
[895000] MASTER 0 W_VALID_RDY Handshake beat=84 wlast=0
[905000] MASTER 0 W_VALID_RDY Handshake beat=85 wlast=0
[905000] AXI S0_WVALID_RDY HANDSHAKE
[905000] S0 MEMORY WRITE beat=84 addr=09bf2228 data=c2ef70e5fc474888 id=0d
[915000] AXI S0_WVALID_RDY HANDSHAKE
[915000] S0 MEMORY WRITE beat=85 addr=09bf22a8 data=f0301008c417be9e id=0d
[915000] MASTER 0 W_VALID_RDY Handshake beat=86 wlast=0
[925000] MASTER 0 W_VALID_RDY Handshake beat=87 wlast=0
[925000] AXI S0_WVALID_RDY HANDSHAKE
[925000] S0 MEMORY WRITE beat=86 addr=09bf2328 data=30e6d0d7d5b6ae12 id=0d
[935000] AXI S0_WVALID_RDY HANDSHAKE
[935000] S0 MEMORY WRITE beat=87 addr=09bf23a8 data=d1fdf69ac7e0a7bc id=0d
[935000] MASTER 0 W_VALID_RDY Handshake beat=88 wlast=0
[945000] MASTER 0 W_VALID_RDY Handshake beat=89 wlast=0
[945000] AXI S0_WVALID_RDY HANDSHAKE
[945000] S0 MEMORY WRITE beat=88 addr=09bf2428 data=0bf8665af3d641bc id=0d
[955000] AXI S0_WVALID_RDY HANDSHAKE
[955000] S0 MEMORY WRITE beat=89 addr=09bf24a8 data=c98cefcfc22e06a3 id=0d
[955000] MASTER 0 W_VALID_RDY Handshake beat=90 wlast=0
[965000] MASTER 0 W_VALID_RDY Handshake beat=91 wlast=0
[965000] AXI S0_WVALID_RDY HANDSHAKE
[965000] S0 MEMORY WRITE beat=90 addr=09bf2528 data=0a0eae5f3cdf3731 id=0d
[975000] AXI S0_WVALID_RDY HANDSHAKE
[975000] S0 MEMORY WRITE beat=91 addr=09bf25a8 data=b0b578ed9b8ae669 id=0d
[975000] MASTER 0 W_VALID_RDY Handshake beat=92 wlast=0
[985000] MASTER 0 W_VALID_RDY Handshake beat=93 wlast=0
[985000] AXI S0_WVALID_RDY HANDSHAKE
[985000] S0 MEMORY WRITE beat=92 addr=09bf2628 data=ddb8ed0c160714b9 id=0d
[995000] AXI S0_WVALID_RDY HANDSHAKE
[995000] S0 MEMORY WRITE beat=93 addr=09bf26a8 data=d2e64beafa4268bc id=0d
[995000] MASTER 0 W_VALID_RDY Handshake beat=94 wlast=0
[1005000] MASTER 0 W_VALID_RDY Handshake beat=95 wlast=0
[1005000] AXI S0_WVALID_RDY HANDSHAKE
[1005000] S0 MEMORY WRITE beat=94 addr=09bf2728 data=15cd4f26e7c79b6b id=0d
[1015000] AXI S0_WVALID_RDY HANDSHAKE
[1015000] S0 MEMORY WRITE beat=95 addr=09bf27a8 data=fdceb024839bc4d7 id=0d
[1015000] MASTER 0 W_VALID_RDY Handshake beat=96 wlast=0
[1025000] MASTER 0 W_VALID_RDY Handshake beat=97 wlast=0
[1025000] AXI S0_WVALID_RDY HANDSHAKE
[1025000] S0 MEMORY WRITE beat=96 addr=09bf2828 data=fdde2d94f3863c32 id=0d
[1035000] AXI S0_WVALID_RDY HANDSHAKE
[1035000] S0 MEMORY WRITE beat=97 addr=09bf28a8 data=db4dd79ed0b4fc0e id=0d
[1035000] MASTER 0 W_VALID_RDY Handshake beat=98 wlast=0
[1045000] MASTER 0 W_VALID_RDY Handshake beat=99 wlast=0
[1045000] AXI S0_WVALID_RDY HANDSHAKE
[1045000] S0 MEMORY WRITE beat=98 addr=09bf2928 data=d450c0e613ab7cba id=0d
[1055000] AXI S0_WVALID_RDY HANDSHAKE
[1055000] S0 MEMORY WRITE beat=99 addr=09bf29a8 data=8731b8ecd91c87c2 id=0d
[1055000] MASTER 0 W_VALID_RDY Handshake beat=100 wlast=0
[1065000] MASTER 0 W_VALID_RDY Handshake beat=101 wlast=0
[1065000] AXI S0_WVALID_RDY HANDSHAKE
[1065000] S0 MEMORY WRITE beat=100 addr=09bf2a28 data=29d183d1d22eee7a id=0d
[1075000] AXI S0_WVALID_RDY HANDSHAKE
[1075000] S0 MEMORY WRITE beat=101 addr=09bf2aa8 data=e5da6b34e27f908a id=0d
[1075000] MASTER 0 W_VALID_RDY Handshake beat=102 wlast=0
[1085000] MASTER 0 W_VALID_RDY Handshake beat=103 wlast=0
[1085000] AXI S0_WVALID_RDY HANDSHAKE
[1085000] S0 MEMORY WRITE beat=102 addr=09bf2b28 data=3b9c184dfe2244b7 id=0d
[1095000] AXI S0_WVALID_RDY HANDSHAKE
[1095000] S0 MEMORY WRITE beat=103 addr=09bf2ba8 data=d0513331ed0c2420 id=0d
[1095000] MASTER 0 W_VALID_RDY Handshake beat=104 wlast=0
[1105000] MASTER 0 W_VALID_RDY Handshake beat=105 wlast=0
[1105000] AXI S0_WVALID_RDY HANDSHAKE
[1105000] S0 MEMORY WRITE beat=104 addr=09bf2c28 data=cf8bb4abe56d9c1e id=0d
[1115000] AXI S0_WVALID_RDY HANDSHAKE
[1115000] S0 MEMORY WRITE beat=105 addr=09bf2ca8 data=e38fe0d5362b9e65 id=0d
[1115000] MASTER 0 W_VALID_RDY Handshake beat=106 wlast=0
[1125000] MASTER 0 W_VALID_RDY Handshake beat=107 wlast=0
[1125000] AXI S0_WVALID_RDY HANDSHAKE
[1125000] S0 MEMORY WRITE beat=106 addr=09bf2d28 data=a337c2850b27ccf8 id=0d
[1135000] AXI S0_WVALID_RDY HANDSHAKE
[1135000] S0 MEMORY WRITE beat=107 addr=09bf2da8 data=f095691633e11406 id=0d
[1135000] MASTER 0 W_VALID_RDY Handshake beat=108 wlast=0
[1145000] MASTER 0 W_VALID_RDY Handshake beat=109 wlast=0
[1145000] AXI S0_WVALID_RDY HANDSHAKE
[1145000] S0 MEMORY WRITE beat=108 addr=09bf2e28 data=ea0cb26bf2c37730 id=0d
[1155000] AXI S0_WVALID_RDY HANDSHAKE
[1155000] S0 MEMORY WRITE beat=109 addr=09bf2ea8 data=fdeb4428d42549eb id=0d
[1155000] MASTER 0 W_VALID_RDY Handshake beat=110 wlast=0
[1165000] MASTER 0 W_VALID_RDY Handshake beat=111 wlast=0
[1165000] AXI S0_WVALID_RDY HANDSHAKE
[1165000] S0 MEMORY WRITE beat=110 addr=09bf2f28 data=08065df18d4474f0 id=0d
[1175000] AXI S0_WVALID_RDY HANDSHAKE
[1175000] S0 MEMORY WRITE beat=111 addr=09bf2fa8 data=0007ec21ee80ad3e id=0d
[1175000] MASTER 0 W_VALID_RDY Handshake beat=112 wlast=0
[1185000] MASTER 0 W_VALID_RDY Handshake beat=113 wlast=0
[1185000] AXI S0_WVALID_RDY HANDSHAKE
[1185000] S0 MEMORY WRITE beat=112 addr=09bf3028 data=c2a5f729f213105c id=0d
[1195000] AXI S0_WVALID_RDY HANDSHAKE
[1195000] S0 MEMORY WRITE beat=113 addr=09bf30a8 data=ff57854cfdf33049 id=0d
[1195000] MASTER 0 W_VALID_RDY Handshake beat=114 wlast=0
[1205000] MASTER 0 W_VALID_RDY Handshake beat=115 wlast=0
[1205000] AXI S0_WVALID_RDY HANDSHAKE
[1205000] S0 MEMORY WRITE beat=114 addr=09bf3128 data=ec73dd88caac551a id=0d
[1215000] AXI S0_WVALID_RDY HANDSHAKE
[1215000] S0 MEMORY WRITE beat=115 addr=09bf31a8 data=bcbf6576ff5f716d id=0d
[1215000] MASTER 0 W_VALID_RDY Handshake beat=116 wlast=0
[1225000] MASTER 0 W_VALID_RDY Handshake beat=117 wlast=0
[1225000] AXI S0_WVALID_RDY HANDSHAKE
[1225000] S0 MEMORY WRITE beat=116 addr=09bf3228 data=fd52a1b7af19d4b1 id=0d
[1235000] AXI S0_WVALID_RDY HANDSHAKE
[1235000] S0 MEMORY WRITE beat=117 addr=09bf32a8 data=f9c629cc3c16eac3 id=0d
[1235000] MASTER 0 W_VALID_RDY Handshake beat=118 wlast=0
[1245000] MASTER 0 W_VALID_RDY Handshake beat=119 wlast=0
[1245000] AXI S0_WVALID_RDY HANDSHAKE
[1245000] S0 MEMORY WRITE beat=118 addr=09bf3328 data=bb765c30e9c67f3f id=0d
[1255000] AXI S0_WVALID_RDY HANDSHAKE
[1255000] S0 MEMORY WRITE beat=119 addr=09bf33a8 data=98e053f0b6858f42 id=0d
[1255000] MASTER 0 W_VALID_RDY Handshake beat=120 wlast=0
[1265000] MASTER 0 W_VALID_RDY Handshake beat=121 wlast=0
[1265000] AXI S0_WVALID_RDY HANDSHAKE
[1265000] S0 MEMORY WRITE beat=120 addr=09bf3428 data=f29c7a05b8c8fde7 id=0d
[1275000] AXI S0_WVALID_RDY HANDSHAKE
[1275000] S0 MEMORY WRITE beat=121 addr=09bf34a8 data=a28f7d2692a67dbc id=0d
[1275000] MASTER 0 W_VALID_RDY Handshake beat=122 wlast=0
[1285000] MASTER 0 W_VALID_RDY Handshake beat=123 wlast=0
[1285000] AXI S0_WVALID_RDY HANDSHAKE
[1285000] S0 MEMORY WRITE beat=122 addr=09bf3528 data=c92c0cff2e12d636 id=0d
[1295000] AXI S0_WVALID_RDY HANDSHAKE
[1295000] S0 MEMORY WRITE beat=123 addr=09bf35a8 data=e6dbd41d3b6fd117 id=0d
[1295000] MASTER 0 W_VALID_RDY Handshake beat=124 wlast=0
[1305000] MASTER 0 W_VALID_RDY Handshake beat=125 wlast=0
[1305000] AXI S0_WVALID_RDY HANDSHAKE
[1305000] S0 MEMORY WRITE beat=124 addr=09bf3628 data=ce164ed3bbc88704 id=0d
[1315000] AXI S0_WVALID_RDY HANDSHAKE
[1315000] S0 MEMORY WRITE beat=125 addr=09bf36a8 data=e9db5d3a096b5144 id=0d
[1315000] MASTER 0 W_VALID_RDY Handshake beat=126 wlast=0
[1325000] MASTER 0 W_VALID_RDY Handshake beat=127 wlast=0
[1325000] AXI S0_WVALID_RDY HANDSHAKE
[1325000] S0 MEMORY WRITE beat=126 addr=09bf3728 data=c4db225b97425bd2 id=0d
[1335000] AXI S0_WVALID_RDY HANDSHAKE
[1335000] S0 MEMORY WRITE beat=127 addr=09bf37a8 data=d30ae2d7d0b73158 id=0d
[1335000] MASTER 0 W_VALID_RDY Handshake beat=128 wlast=0
[1345000] MASTER 0 W_VALID_RDY Handshake beat=129 wlast=0
[1345000] AXI S0_WVALID_RDY HANDSHAKE
[1345000] S0 MEMORY WRITE beat=128 addr=09bf3828 data=da22829c92f1712e id=0d
[1355000] AXI S0_WVALID_RDY HANDSHAKE
[1355000] S0 MEMORY WRITE beat=129 addr=09bf38a8 data=2a33cd01bce64011 id=0d
[1355000] MASTER 0 W_VALID_RDY Handshake beat=130 wlast=0
[1365000] MASTER 0 W_VALID_RDY Handshake beat=131 wlast=0
[1365000] AXI S0_WVALID_RDY HANDSHAKE
[1365000] S0 MEMORY WRITE beat=130 addr=09bf3928 data=8d9d71691efda4f7 id=0d
[1375000] AXI S0_WVALID_RDY HANDSHAKE
[1375000] S0 MEMORY WRITE beat=131 addr=09bf39a8 data=b1ef1625fd3eafd8 id=0d
[1375000] MASTER 0 W_VALID_RDY Handshake beat=132 wlast=0
[1385000] MASTER 0 W_VALID_RDY Handshake beat=133 wlast=0
[1385000] AXI S0_WVALID_RDY HANDSHAKE
[1385000] S0 MEMORY WRITE beat=132 addr=09bf3a28 data=ba24efe9e7bff405 id=0d
[1395000] AXI S0_WVALID_RDY HANDSHAKE
[1395000] S0 MEMORY WRITE beat=133 addr=09bf3aa8 data=86bd98fcdc22e326 id=0d
[1395000] MASTER 0 W_VALID_RDY Handshake beat=134 wlast=0
[1405000] MASTER 0 W_VALID_RDY Handshake beat=135 wlast=0
[1405000] AXI S0_WVALID_RDY HANDSHAKE
[1405000] S0 MEMORY WRITE beat=134 addr=09bf3b28 data=d96192fec7c26153 id=0d
[1415000] AXI S0_WVALID_RDY HANDSHAKE
[1415000] S0 MEMORY WRITE beat=135 addr=09bf3ba8 data=af82555838acaf22 id=0d
[1415000] MASTER 0 W_VALID_RDY Handshake beat=136 wlast=0
[1425000] MASTER 0 W_VALID_RDY Handshake beat=137 wlast=0
[1425000] AXI S0_WVALID_RDY HANDSHAKE
[1425000] S0 MEMORY WRITE beat=136 addr=09bf3c28 data=94cf9248138682e8 id=0d
[1435000] AXI S0_WVALID_RDY HANDSHAKE
[1435000] S0 MEMORY WRITE beat=137 addr=09bf3ca8 data=db48e43b363fee55 id=0d
[1435000] MASTER 0 W_VALID_RDY Handshake beat=138 wlast=0
[1445000] MASTER 0 W_VALID_RDY Handshake beat=139 wlast=0
[1445000] AXI S0_WVALID_RDY HANDSHAKE
[1445000] S0 MEMORY WRITE beat=138 addr=09bf3d28 data=eeec9d77ee312547 id=0d
[1455000] AXI S0_WVALID_RDY HANDSHAKE
[1455000] S0 MEMORY WRITE beat=139 addr=09bf3da8 data=01b7a82f8acb3993 id=0d
[1455000] MASTER 0 W_VALID_RDY Handshake beat=140 wlast=0
[1465000] MASTER 0 W_VALID_RDY Handshake beat=141 wlast=0
[1465000] AXI S0_WVALID_RDY HANDSHAKE
[1465000] S0 MEMORY WRITE beat=140 addr=09bf3e28 data=c10b27e883bc2fbf id=0d
[1475000] AXI S0_WVALID_RDY HANDSHAKE
[1475000] S0 MEMORY WRITE beat=141 addr=09bf3ea8 data=f1ed5506dd008c6a id=0d
[1475000] MASTER 0 W_VALID_RDY Handshake beat=142 wlast=0
[1485000] MASTER 0 W_VALID_RDY Handshake beat=143 wlast=0
[1485000] AXI S0_WVALID_RDY HANDSHAKE
[1485000] S0 MEMORY WRITE beat=142 addr=09bf3f28 data=e7cbc5fdaff7c55f id=0d
[1495000] AXI S0_WVALID_RDY HANDSHAKE
[1495000] S0 MEMORY WRITE beat=143 addr=09bf3fa8 data=33b3f51ff3a4fd35 id=0d
[1495000] MASTER 0 W_VALID_RDY Handshake beat=144 wlast=0
[1505000] MASTER 0 W_VALID_RDY Handshake beat=145 wlast=0
[1505000] AXI S0_WVALID_RDY HANDSHAKE
[1505000] S0 MEMORY WRITE beat=144 addr=09bf4028 data=d0a5899f28d6ede6 id=0d
[1515000] AXI S0_WVALID_RDY HANDSHAKE
[1515000] S0 MEMORY WRITE beat=145 addr=09bf40a8 data=d8ceb345a5a14a25 id=0d
[1515000] MASTER 0 W_VALID_RDY Handshake beat=146 wlast=0
[1525000] MASTER 0 W_VALID_RDY Handshake beat=147 wlast=0
[1525000] AXI S0_WVALID_RDY HANDSHAKE
[1525000] S0 MEMORY WRITE beat=146 addr=09bf4128 data=1946475b38714f9d id=0d
[1535000] AXI S0_WVALID_RDY HANDSHAKE
[1535000] S0 MEMORY WRITE beat=147 addr=09bf41a8 data=e1483d838c82a864 id=0d
[1535000] MASTER 0 W_VALID_RDY Handshake beat=148 wlast=0
[1545000] MASTER 0 W_VALID_RDY Handshake beat=149 wlast=0
[1545000] AXI S0_WVALID_RDY HANDSHAKE
[1545000] S0 MEMORY WRITE beat=148 addr=09bf4228 data=3223f28ae9ebd0fa id=0d
[1555000] AXI S0_WVALID_RDY HANDSHAKE
[1555000] S0 MEMORY WRITE beat=149 addr=09bf42a8 data=a25d2097ba16f0c8 id=0d
[1555000] MASTER 0 W_VALID_RDY Handshake beat=150 wlast=0
[1565000] MASTER 0 W_VALID_RDY Handshake beat=151 wlast=0
[1565000] AXI S0_WVALID_RDY HANDSHAKE
[1565000] S0 MEMORY WRITE beat=150 addr=09bf4328 data=c699992dcb6a39e5 id=0d
[1575000] AXI S0_WVALID_RDY HANDSHAKE
[1575000] S0 MEMORY WRITE beat=151 addr=09bf43a8 data=b5560adf83a55e1a id=0d
[1575000] MASTER 0 W_VALID_RDY Handshake beat=152 wlast=0
[1585000] MASTER 0 W_VALID_RDY Handshake beat=153 wlast=0
[1585000] AXI S0_WVALID_RDY HANDSHAKE
[1585000] S0 MEMORY WRITE beat=152 addr=09bf4428 data=3dbc4ee3f8bd8bb7 id=0d
[1595000] AXI S0_WVALID_RDY HANDSHAKE
[1595000] S0 MEMORY WRITE beat=153 addr=09bf44a8 data=c427c59cd7b32b77 id=0d
[1595000] MASTER 0 W_VALID_RDY Handshake beat=154 wlast=0
[1605000] MASTER 0 W_VALID_RDY Handshake beat=155 wlast=0
[1605000] AXI S0_WVALID_RDY HANDSHAKE
[1605000] S0 MEMORY WRITE beat=154 addr=09bf4528 data=db5889910455e810 id=0d
[1615000] AXI S0_WVALID_RDY HANDSHAKE
[1615000] S0 MEMORY WRITE beat=155 addr=09bf45a8 data=fd1373c7f97dd07b id=0d
[1615000] MASTER 0 W_VALID_RDY Handshake beat=156 wlast=0
[1625000] MASTER 0 W_VALID_RDY Handshake beat=157 wlast=0
[1625000] AXI S0_WVALID_RDY HANDSHAKE
[1625000] S0 MEMORY WRITE beat=156 addr=09bf4628 data=d130fbf29914d874 id=0d
[1635000] AXI S0_WVALID_RDY HANDSHAKE
[1635000] S0 MEMORY WRITE beat=157 addr=09bf46a8 data=9d6ac084c13b3963 id=0d
[1635000] MASTER 0 W_VALID_RDY Handshake beat=158 wlast=0
[1645000] MASTER 0 W_VALID_RDY Handshake beat=159 wlast=0
[1645000] AXI S0_WVALID_RDY HANDSHAKE
[1645000] S0 MEMORY WRITE beat=158 addr=09bf4728 data=bab909de2c898584 id=0d
[1655000] AXI S0_WVALID_RDY HANDSHAKE
[1655000] S0 MEMORY WRITE beat=159 addr=09bf47a8 data=c59e5df89a7e344b id=0d
[1655000] MASTER 0 W_VALID_RDY Handshake beat=160 wlast=0
[1665000] MASTER 0 W_VALID_RDY Handshake beat=161 wlast=0
[1665000] AXI S0_WVALID_RDY HANDSHAKE
[1665000] S0 MEMORY WRITE beat=160 addr=09bf4828 data=dbb96dae0bea05d1 id=0d
[1675000] AXI S0_WVALID_RDY HANDSHAKE
[1675000] S0 MEMORY WRITE beat=161 addr=09bf48a8 data=38738b55e3091e7d id=0d
[1675000] MASTER 0 W_VALID_RDY Handshake beat=162 wlast=0
[1685000] MASTER 0 W_VALID_RDY Handshake beat=163 wlast=0
[1685000] AXI S0_WVALID_RDY HANDSHAKE
[1685000] S0 MEMORY WRITE beat=162 addr=09bf4928 data=fd8752c81672778d id=0d
[1695000] AXI S0_WVALID_RDY HANDSHAKE
[1695000] S0 MEMORY WRITE beat=163 addr=09bf49a8 data=225c7d5efe11e94d id=0d
[1695000] MASTER 0 W_VALID_RDY Handshake beat=164 wlast=0
[1705000] MASTER 0 W_VALID_RDY Handshake beat=165 wlast=0
[1705000] AXI S0_WVALID_RDY HANDSHAKE
[1705000] S0 MEMORY WRITE beat=164 addr=09bf4a28 data=e11b07cad940c077 id=0d
[1715000] AXI S0_WVALID_RDY HANDSHAKE
[1715000] S0 MEMORY WRITE beat=165 addr=09bf4aa8 data=efb33804dad008b3 id=0d
[1715000] MASTER 0 W_VALID_RDY Handshake beat=166 wlast=0
[1725000] MASTER 0 W_VALID_RDY Handshake beat=167 wlast=0
[1725000] AXI S0_WVALID_RDY HANDSHAKE
[1725000] S0 MEMORY WRITE beat=166 addr=09bf4b28 data=d8e1f200dea25a93 id=0d
[1735000] AXI S0_WVALID_RDY HANDSHAKE
[1735000] S0 MEMORY WRITE beat=167 addr=09bf4ba8 data=37e31b0a120fb562 id=0d
[1735000] MASTER 0 W_VALID_RDY Handshake beat=168 wlast=0
[1745000] MASTER 0 W_VALID_RDY Handshake beat=169 wlast=0
[1745000] AXI S0_WVALID_RDY HANDSHAKE
[1745000] S0 MEMORY WRITE beat=168 addr=09bf4c28 data=ecdfbe1539fcf9cb id=0d
[1755000] AXI S0_WVALID_RDY HANDSHAKE
[1755000] S0 MEMORY WRITE beat=169 addr=09bf4ca8 data=189f545e2796530e id=0d
[1755000] MASTER 0 W_VALID_RDY Handshake beat=170 wlast=0
[1765000] MASTER 0 W_VALID_RDY Handshake beat=171 wlast=0
[1765000] AXI S0_WVALID_RDY HANDSHAKE
[1765000] S0 MEMORY WRITE beat=170 addr=09bf4d28 data=39a60870c5c1b015 id=0d
[1775000] AXI S0_WVALID_RDY HANDSHAKE
[1775000] S0 MEMORY WRITE beat=171 addr=09bf4da8 data=ffbea9e0d0826f68 id=0d
[1775000] MASTER 0 W_VALID_RDY Handshake beat=172 wlast=0
[1785000] MASTER 0 W_VALID_RDY Handshake beat=173 wlast=0
[1785000] AXI S0_WVALID_RDY HANDSHAKE
[1785000] S0 MEMORY WRITE beat=172 addr=09bf4e28 data=f818c2762685c685 id=0d
[1795000] AXI S0_WVALID_RDY HANDSHAKE
[1795000] S0 MEMORY WRITE beat=173 addr=09bf4ea8 data=ec47769a985dfe3e id=0d
[1795000] MASTER 0 W_VALID_RDY Handshake beat=174 wlast=0
[1805000] MASTER 0 W_VALID_RDY Handshake beat=175 wlast=0
[1805000] AXI S0_WVALID_RDY HANDSHAKE
[1805000] S0 MEMORY WRITE beat=174 addr=09bf4f28 data=e8e06da631becae6 id=0d
[1815000] AXI S0_WVALID_RDY HANDSHAKE
[1815000] S0 MEMORY WRITE beat=175 addr=09bf4fa8 data=d844916bec06207b id=0d
[1815000] MASTER 0 W_VALID_RDY Handshake beat=176 wlast=1
[1815000] MASTER_DRIVER0 received transaction, op=AXI_WRITE
[1825000] AXI S0_WVALID_RDY HANDSHAKE
[1825000] S0 MEMORY WRITE beat=176 addr=09bf5028 data=84641eb9e0f9301c id=0d
[1835000] SLAVE0 sent B resp, id=13
[1835000] [SLAVE MONITOR] mst_id=0 s_id=0 awaddr=9bef828 awid=1101 awlen=176 awsize=7 awburst=1 wdata=[c2fdf4e3e3ec2dee 10587df4fe729fc4 82948f7f7cb19eb dbb747d9cdfcacff cc6f4cc3cb273dda c2f257c5ec0fc5cd ba0c72ccd49895ba 9fbfd3941ea99f9f 8ab9656c067bbf90 db14554ae2b22b5a 15bcaf9c4c5d839 cb4197c9fad428df dd8654398c153065 d0db089ea655ed13 a12a15f2dee21f32 eaf74f979c1ca067 c2728d7bfeb06a2b dd92895d3bd25836 d7eef89de39ca36d e24d0d99c889d8f5 45c312b9a618618 fdfe2986bfdf96f6 88696febdc4b29c8 f6acafe1e04b371f a02ace158cc5a116 e910cadff4aad967 d4f6108628943e01 b559df17dfbd7ac0 d4685427f520de9b 9db51c9c9e6aa9f6 fe2824b6295e64ad 9e7f4348d30efbb4 f179a5aad29078dd fbeedd8a3c345fe5 f435b99efa1ca61 c232433e1a6e20d3 d6a280b880bd0143 f05ecba43e2120c9 d88f419ce5e5dc51 e6a2dd9432910ee3 f0b22fac2f31c254 15179ea5d701a939 992b81cc9417148 f873339cfbba7c39 d2bc2572fa44e7c8 c38659100d8ad241 89454e7adc4edd8e d693c5563bf98cac c9845eeddc0173ed b850517b9a1a1e66 d613ab12d2c9ad67 aecb21540ee416d2 a8fe35389f9809ff f261b767e71b72d0 f5ff89a2ff11e04b 9ea9ea4aa12cd8bb 88484b8b9efdbeda 9e0f9f25910ba1b1 32387a6dfe47d52d 1d4594083cb98970 cdc52b21ba80c5f8 38c89b26bb55332d f80ebc9dfffda58e 3a7e6b87d60e2f2e 9163625bc5d3e7bf c5d18d4df34706ad c95535db09721ef9 cf4606b8804ff8d4 f396ff81dab89836 e42ab72f95179405 15678cdabcec355c 17a4cd93b370bde7 c88851ed88fe8c5b c5eac1b8fbcf84c2 2f4042aaddefdec7 e6ee6b22dd8f8f4b d95f140df7c89497 d5b8735eacd92cda 8a68bc25889f56b7 8067eb4ebca6de80 e9800b5be3c7d033 ec6726ead6205eac 12c73d2df3e8c780 d7b097b3eccf1239 c2ef70e5fc474888 f0301008c417be9e 30e6d0d7d5b6ae12 d1fdf69ac7e0a7bc bf8665af3d641bc c98cefcfc22e06a3 a0eae5f3cdf3731 b0b578ed9b8ae669 ddb8ed0c160714b9 d2e64beafa4268bc 15cd4f26e7c79b6b fdceb024839bc4d7 fdde2d94f3863c32 db4dd79ed0b4fc0e d450c0e613ab7cba 8731b8ecd91c87c2 29d183d1d22eee7a e5da6b34e27f908a 3b9c184dfe2244b7 d0513331ed0c2420 cf8bb4abe56d9c1e e38fe0d5362b9e65 a337c2850b27ccf8 f095691633e11406 ea0cb26bf2c37730 fdeb4428d42549eb 8065df18d4474f0 7ec21ee80ad3e c2a5f729f213105c ff57854cfdf33049 ec73dd88caac551a bcbf6576ff5f716d fd52a1b7af19d4b1 f9c629cc3c16eac3 bb765c30e9c67f3f 98e053f0b6858f42 f29c7a05b8c8fde7 a28f7d2692a67dbc c92c0cff2e12d636 e6dbd41d3b6fd117 ce164ed3bbc88704 e9db5d3a096b5144 c4db225b97425bd2 d30ae2d7d0b73158 da22829c92f1712e 2a33cd01bce64011 8d9d71691efda4f7 b1ef1625fd3eafd8 ba24efe9e7bff405 86bd98fcdc22e326 d96192fec7c26153 af82555838acaf22 94cf9248138682e8 db48e43b363fee55 eeec9d77ee312547 1b7a82f8acb3993 c10b27e883bc2fbf f1ed5506dd008c6a e7cbc5fdaff7c55f 33b3f51ff3a4fd35 d0a5899f28d6ede6 d8ceb345a5a14a25 1946475b38714f9d e1483d838c82a864 3223f28ae9ebd0fa a25d2097ba16f0c8 c699992dcb6a39e5 b5560adf83a55e1a 3dbc4ee3f8bd8bb7 c427c59cd7b32b77 db5889910455e810 fd1373c7f97dd07b d130fbf29914d874 9d6ac084c13b3963 bab909de2c898584 c59e5df89a7e344b dbb96dae0bea05d1 38738b55e3091e7d fd8752c81672778d 225c7d5efe11e94d e11b07cad940c077 efb33804dad008b3 d8e1f200dea25a93 37e31b0a120fb562 ecdfbe1539fcf9cb 189f545e2796530e 39a60870c5c1b015 ffbea9e0d0826f68 f818c2762685c685 ec47769a985dfe3e e8e06da631becae6 d844916bec06207b 84641eb9e0f9301c ] wstrb=[5 2 60 80 6d 7c 3a 73 7f 9a f3 ec 16 2d 5f 95 c7 53 82 de 80 e1 73 48 34 f5 26 b5 d7 99 fd b 8f 23 c0 66 bc bd 71 4b e0 32 b1 9d ef 23 e8 d0 55 9a 6d 44 bd 55 14 12 ef 81 56 ac d7 6b be c6 ec 15 73 c3 80 31 8a 6c 46 fd 30 c6 2e ba 33 75 b7 63 3b e5 1d 6e 5a d4 d1 96 b9 ee 4 14 c2 d6 aa 7c c4 ae 90 87 84 3a 3 49 e8 93 d0 6d cd d3 b6 b5 66 86 22 33 59 d8 e8 bf 5e b f2 b7 e3 da 76 42 e5 68 f9 c9 43 70 b 28 d8 4 f1 1b 74 fc 44 4d 1 35 68 75 32 ac c2 33 e2 2b a8 14 d7 6b 47 b9 96 ef cd 6d 5a 14 27 f0 4 f4 5e 5e 9 85 4f ] bresp=0 bid=1101
[1835000] MASTER 0 AW_VALID_RDY Handshake
[1845000] ARB MONITOR: slave=0 m0_req=0 m1_req=1 winner=1
[1845000] ARB MONITOR: slave=1 m0_req=1 m1_req=0 winner=0
[1845000] AXI S1_AWVALID_RDY HANDSHAKE
[1845000] AXI S0_AWVALID_RDY HANDSHAKE
[1855000] AXI S0_WVALID_RDY HANDSHAKE
[1855000] S0 MEMORY WRITE beat=0 addr=0a084428 data=fd29a31fae4c2a97 id=1e
[1855000] MASTER 0 W_VALID_RDY Handshake beat=0 wlast=0
[1855000] MASTER 0 B_VALID_RDY Handshake
[1855000] [MASTER MONITOR] mst_id=0 s_id=0 awaddr=9bef828 awid=1101 awlen=176 awsize=7 awburst=1 wdata=[c2fdf4e3e3ec2dee 10587df4fe729fc4 82948f7f7cb19eb dbb747d9cdfcacff cc6f4cc3cb273dda c2f257c5ec0fc5cd ba0c72ccd49895ba 9fbfd3941ea99f9f 8ab9656c067bbf90 db14554ae2b22b5a 15bcaf9c4c5d839 cb4197c9fad428df dd8654398c153065 d0db089ea655ed13 a12a15f2dee21f32 eaf74f979c1ca067 c2728d7bfeb06a2b dd92895d3bd25836 d7eef89de39ca36d e24d0d99c889d8f5 45c312b9a618618 fdfe2986bfdf96f6 88696febdc4b29c8 f6acafe1e04b371f a02ace158cc5a116 e910cadff4aad967 d4f6108628943e01 b559df17dfbd7ac0 d4685427f520de9b 9db51c9c9e6aa9f6 fe2824b6295e64ad 9e7f4348d30efbb4 f179a5aad29078dd fbeedd8a3c345fe5 f435b99efa1ca61 c232433e1a6e20d3 d6a280b880bd0143 f05ecba43e2120c9 d88f419ce5e5dc51 e6a2dd9432910ee3 f0b22fac2f31c254 15179ea5d701a939 992b81cc9417148 f873339cfbba7c39 d2bc2572fa44e7c8 c38659100d8ad241 89454e7adc4edd8e d693c5563bf98cac c9845eeddc0173ed b850517b9a1a1e66 d613ab12d2c9ad67 aecb21540ee416d2 a8fe35389f9809ff f261b767e71b72d0 f5ff89a2ff11e04b 9ea9ea4aa12cd8bb 88484b8b9efdbeda 9e0f9f25910ba1b1 32387a6dfe47d52d 1d4594083cb98970 cdc52b21ba80c5f8 38c89b26bb55332d f80ebc9dfffda58e 3a7e6b87d60e2f2e 9163625bc5d3e7bf c5d18d4df34706ad c95535db09721ef9 cf4606b8804ff8d4 f396ff81dab89836 e42ab72f95179405 15678cdabcec355c 17a4cd93b370bde7 c88851ed88fe8c5b c5eac1b8fbcf84c2 2f4042aaddefdec7 e6ee6b22dd8f8f4b d95f140df7c89497 d5b8735eacd92cda 8a68bc25889f56b7 8067eb4ebca6de80 e9800b5be3c7d033 ec6726ead6205eac 12c73d2df3e8c780 d7b097b3eccf1239 c2ef70e5fc474888 f0301008c417be9e 30e6d0d7d5b6ae12 d1fdf69ac7e0a7bc bf8665af3d641bc c98cefcfc22e06a3 a0eae5f3cdf3731 b0b578ed9b8ae669 ddb8ed0c160714b9 d2e64beafa4268bc 15cd4f26e7c79b6b fdceb024839bc4d7 fdde2d94f3863c32 db4dd79ed0b4fc0e d450c0e613ab7cba 8731b8ecd91c87c2 29d183d1d22eee7a e5da6b34e27f908a 3b9c184dfe2244b7 d0513331ed0c2420 cf8bb4abe56d9c1e e38fe0d5362b9e65 a337c2850b27ccf8 f095691633e11406 ea0cb26bf2c37730 fdeb4428d42549eb 8065df18d4474f0 7ec21ee80ad3e c2a5f729f213105c ff57854cfdf33049 ec73dd88caac551a bcbf6576ff5f716d fd52a1b7af19d4b1 f9c629cc3c16eac3 bb765c30e9c67f3f 98e053f0b6858f42 f29c7a05b8c8fde7 a28f7d2692a67dbc c92c0cff2e12d636 e6dbd41d3b6fd117 ce164ed3bbc88704 e9db5d3a096b5144 c4db225b97425bd2 d30ae2d7d0b73158 da22829c92f1712e 2a33cd01bce64011 8d9d71691efda4f7 b1ef1625fd3eafd8 ba24efe9e7bff405 86bd98fcdc22e326 d96192fec7c26153 af82555838acaf22 94cf9248138682e8 db48e43b363fee55 eeec9d77ee312547 1b7a82f8acb3993 c10b27e883bc2fbf f1ed5506dd008c6a e7cbc5fdaff7c55f 33b3f51ff3a4fd35 d0a5899f28d6ede6 d8ceb345a5a14a25 1946475b38714f9d e1483d838c82a864 3223f28ae9ebd0fa a25d2097ba16f0c8 c699992dcb6a39e5 b5560adf83a55e1a 3dbc4ee3f8bd8bb7 c427c59cd7b32b77 db5889910455e810 fd1373c7f97dd07b d130fbf29914d874 9d6ac084c13b3963 bab909de2c898584 c59e5df89a7e344b dbb96dae0bea05d1 38738b55e3091e7d fd8752c81672778d 225c7d5efe11e94d e11b07cad940c077 efb33804dad008b3 d8e1f200dea25a93 37e31b0a120fb562 ecdfbe1539fcf9cb 189f545e2796530e 39a60870c5c1b015 ffbea9e0d0826f68 f818c2762685c685 ec47769a985dfe3e e8e06da631becae6 d844916bec06207b 84641eb9e0f9301c ] wstrb=[5 2 60 80 6d 7c 3a 73 7f 9a f3 ec 16 2d 5f 95 c7 53 82 de 80 e1 73 48 34 f5 26 b5 d7 99 fd b 8f 23 c0 66 bc bd 71 4b e0 32 b1 9d ef 23 e8 d0 55 9a 6d 44 bd 55 14 12 ef 81 56 ac d7 6b be c6 ec 15 73 c3 80 31 8a 6c 46 fd 30 c6 2e ba 33 75 b7 63 3b e5 1d 6e 5a d4 d1 96 b9 ee 4 14 c2 d6 aa 7c c4 ae 90 87 84 3a 3 49 e8 93 d0 6d cd d3 b6 b5 66 86 22 33 59 d8 e8 bf 5e b f2 b7 e3 da 76 42 e5 68 f9 c9 43 70 b 28 d8 4 f1 1b 74 fc 44 4d 1 35 68 75 32 ac c2 33 e2 2b a8 14 d7 6b 47 b9 96 ef cd 6d 5a 14 27 f0 4 f4 5e 5e 9 85 4f ] bresp=0 bid=1101
[1855000] MASTER 0 RECEIVED BRESP. BRESP=0
[1855000] [MASTER DRIVER] mst_id=0 s_id=0 awaddr=9bef828 awid=1101 awlen=176 awsize=7 awburst=1 wdata=[c2fdf4e3e3ec2dee 10587df4fe729fc4 82948f7f7cb19eb dbb747d9cdfcacff cc6f4cc3cb273dda c2f257c5ec0fc5cd ba0c72ccd49895ba 9fbfd3941ea99f9f 8ab9656c067bbf90 db14554ae2b22b5a 15bcaf9c4c5d839 cb4197c9fad428df dd8654398c153065 d0db089ea655ed13 a12a15f2dee21f32 eaf74f979c1ca067 c2728d7bfeb06a2b dd92895d3bd25836 d7eef89de39ca36d e24d0d99c889d8f5 45c312b9a618618 fdfe2986bfdf96f6 88696febdc4b29c8 f6acafe1e04b371f a02ace158cc5a116 e910cadff4aad967 d4f6108628943e01 b559df17dfbd7ac0 d4685427f520de9b 9db51c9c9e6aa9f6 fe2824b6295e64ad 9e7f4348d30efbb4 f179a5aad29078dd fbeedd8a3c345fe5 f435b99efa1ca61 c232433e1a6e20d3 d6a280b880bd0143 f05ecba43e2120c9 d88f419ce5e5dc51 e6a2dd9432910ee3 f0b22fac2f31c254 15179ea5d701a939 992b81cc9417148 f873339cfbba7c39 d2bc2572fa44e7c8 c38659100d8ad241 89454e7adc4edd8e d693c5563bf98cac c9845eeddc0173ed b850517b9a1a1e66 d613ab12d2c9ad67 aecb21540ee416d2 a8fe35389f9809ff f261b767e71b72d0 f5ff89a2ff11e04b 9ea9ea4aa12cd8bb 88484b8b9efdbeda 9e0f9f25910ba1b1 32387a6dfe47d52d 1d4594083cb98970 cdc52b21ba80c5f8 38c89b26bb55332d f80ebc9dfffda58e 3a7e6b87d60e2f2e 9163625bc5d3e7bf c5d18d4df34706ad c95535db09721ef9 cf4606b8804ff8d4 f396ff81dab89836 e42ab72f95179405 15678cdabcec355c 17a4cd93b370bde7 c88851ed88fe8c5b c5eac1b8fbcf84c2 2f4042aaddefdec7 e6ee6b22dd8f8f4b d95f140df7c89497 d5b8735eacd92cda 8a68bc25889f56b7 8067eb4ebca6de80 e9800b5be3c7d033 ec6726ead6205eac 12c73d2df3e8c780 d7b097b3eccf1239 c2ef70e5fc474888 f0301008c417be9e 30e6d0d7d5b6ae12 d1fdf69ac7e0a7bc bf8665af3d641bc c98cefcfc22e06a3 a0eae5f3cdf3731 b0b578ed9b8ae669 ddb8ed0c160714b9 d2e64beafa4268bc 15cd4f26e7c79b6b fdceb024839bc4d7 fdde2d94f3863c32 db4dd79ed0b4fc0e d450c0e613ab7cba 8731b8ecd91c87c2 29d183d1d22eee7a e5da6b34e27f908a 3b9c184dfe2244b7 d0513331ed0c2420 cf8bb4abe56d9c1e e38fe0d5362b9e65 a337c2850b27ccf8 f095691633e11406 ea0cb26bf2c37730 fdeb4428d42549eb 8065df18d4474f0 7ec21ee80ad3e c2a5f729f213105c ff57854cfdf33049 ec73dd88caac551a bcbf6576ff5f716d fd52a1b7af19d4b1 f9c629cc3c16eac3 bb765c30e9c67f3f 98e053f0b6858f42 f29c7a05b8c8fde7 a28f7d2692a67dbc c92c0cff2e12d636 e6dbd41d3b6fd117 ce164ed3bbc88704 e9db5d3a096b5144 c4db225b97425bd2 d30ae2d7d0b73158 da22829c92f1712e 2a33cd01bce64011 8d9d71691efda4f7 b1ef1625fd3eafd8 ba24efe9e7bff405 86bd98fcdc22e326 d96192fec7c26153 af82555838acaf22 94cf9248138682e8 db48e43b363fee55 eeec9d77ee312547 1b7a82f8acb3993 c10b27e883bc2fbf f1ed5506dd008c6a e7cbc5fdaff7c55f 33b3f51ff3a4fd35 d0a5899f28d6ede6 d8ceb345a5a14a25 1946475b38714f9d e1483d838c82a864 3223f28ae9ebd0fa a25d2097ba16f0c8 c699992dcb6a39e5 b5560adf83a55e1a 3dbc4ee3f8bd8bb7 c427c59cd7b32b77 db5889910455e810 fd1373c7f97dd07b d130fbf29914d874 9d6ac084c13b3963 bab909de2c898584 c59e5df89a7e344b dbb96dae0bea05d1 38738b55e3091e7d fd8752c81672778d 225c7d5efe11e94d e11b07cad940c077 efb33804dad008b3 d8e1f200dea25a93 37e31b0a120fb562 ecdfbe1539fcf9cb 189f545e2796530e 39a60870c5c1b015 ffbea9e0d0826f68 f818c2762685c685 ec47769a985dfe3e e8e06da631becae6 d844916bec06207b 84641eb9e0f9301c ] wstrb=[5 2 60 80 6d 7c 3a 73 7f 9a f3 ec 16 2d 5f 95 c7 53 82 de 80 e1 73 48 34 f5 26 b5 d7 99 fd b 8f 23 c0 66 bc bd 71 4b e0 32 b1 9d ef 23 e8 d0 55 9a 6d 44 bd 55 14 12 ef 81 56 ac d7 6b be c6 ec 15 73 c3 80 31 8a 6c 46 fd 30 c6 2e ba 33 75 b7 63 3b e5 1d 6e 5a d4 d1 96 b9 ee 4 14 c2 d6 aa 7c c4 ae 90 87 84 3a 3 49 e8 93 d0 6d cd d3 b6 b5 66 86 22 33 59 d8 e8 bf 5e b f2 b7 e3 da 76 42 e5 68 f9 c9 43 70 b 28 d8 4 f1 1b 74 fc 44 4d 1 35 68 75 32 ac c2 33 e2 2b a8 14 d7 6b 47 b9 96 ef cd 6d 5a 14 27 f0 4 f4 5e 5e 9 85 4f ] bresp=0 bid=1101
[1855000] SCOREBOARD MATCH: decode_err expected = 0, actual =0
[1855000] SCOREBOARD MATCH: slave_id expected = 0, actual =0
[1855000] SCOREBOARD MATCH: awaddr passthrough expected = 9bef828, actual =9bef828
[1855000] SCOREBOARD MATCH: awlen passthrough expected = 176, actual =176
[1855000] SCOREBOARD MATCH: awsize passthrough expected = 7, actual =7
[1855000] SCOREBOARD MATCH: awburst passthrough expected = 1, actual =1
[1855000] SCOREBOARD MATCH: wdata size check expected = b1, actual =b1
[1855000] SCOREBOARD MATCH: wdata passthrough beat=0 expected = c2fdf4e3e3ec2dee, actual =c2fdf4e3e3ec2dee
[1855000] SCOREBOARD MATCH: wdata passthrough beat=1 expected = 10587df4fe729fc4, actual =10587df4fe729fc4
[1855000] SCOREBOARD MATCH: wdata passthrough beat=2 expected = 82948f7f7cb19eb, actual =82948f7f7cb19eb
[1855000] SCOREBOARD MATCH: wdata passthrough beat=3 expected = dbb747d9cdfcacff, actual =dbb747d9cdfcacff
[1855000] SCOREBOARD MATCH: wdata passthrough beat=4 expected = cc6f4cc3cb273dda, actual =cc6f4cc3cb273dda
[1855000] SCOREBOARD MATCH: wdata passthrough beat=5 expected = c2f257c5ec0fc5cd, actual =c2f257c5ec0fc5cd
[1855000] SCOREBOARD MATCH: wdata passthrough beat=6 expected = ba0c72ccd49895ba, actual =ba0c72ccd49895ba
[1855000] SCOREBOARD MATCH: wdata passthrough beat=7 expected = 9fbfd3941ea99f9f, actual =9fbfd3941ea99f9f
[1855000] SCOREBOARD MATCH: wdata passthrough beat=8 expected = 8ab9656c067bbf90, actual =8ab9656c067bbf90
[1855000] SCOREBOARD MATCH: wdata passthrough beat=9 expected = db14554ae2b22b5a, actual =db14554ae2b22b5a
[1855000] SCOREBOARD MATCH: wdata passthrough beat=10 expected = 15bcaf9c4c5d839, actual =15bcaf9c4c5d839
[1855000] SCOREBOARD MATCH: wdata passthrough beat=11 expected = cb4197c9fad428df, actual =cb4197c9fad428df
[1855000] SCOREBOARD MATCH: wdata passthrough beat=12 expected = dd8654398c153065, actual =dd8654398c153065
[1855000] SCOREBOARD MATCH: wdata passthrough beat=13 expected = d0db089ea655ed13, actual =d0db089ea655ed13
[1855000] SCOREBOARD MATCH: wdata passthrough beat=14 expected = a12a15f2dee21f32, actual =a12a15f2dee21f32
[1855000] SCOREBOARD MATCH: wdata passthrough beat=15 expected = eaf74f979c1ca067, actual =eaf74f979c1ca067
[1855000] SCOREBOARD MATCH: wdata passthrough beat=16 expected = c2728d7bfeb06a2b, actual =c2728d7bfeb06a2b
[1855000] SCOREBOARD MATCH: wdata passthrough beat=17 expected = dd92895d3bd25836, actual =dd92895d3bd25836
[1855000] SCOREBOARD MATCH: wdata passthrough beat=18 expected = d7eef89de39ca36d, actual =d7eef89de39ca36d
[1855000] SCOREBOARD MATCH: wdata passthrough beat=19 expected = e24d0d99c889d8f5, actual =e24d0d99c889d8f5
[1855000] SCOREBOARD MATCH: wdata passthrough beat=20 expected = 45c312b9a618618, actual =45c312b9a618618
[1855000] SCOREBOARD MATCH: wdata passthrough beat=21 expected = fdfe2986bfdf96f6, actual =fdfe2986bfdf96f6
[1855000] SCOREBOARD MATCH: wdata passthrough beat=22 expected = 88696febdc4b29c8, actual =88696febdc4b29c8
[1855000] SCOREBOARD MATCH: wdata passthrough beat=23 expected = f6acafe1e04b371f, actual =f6acafe1e04b371f
[1855000] SCOREBOARD MATCH: wdata passthrough beat=24 expected = a02ace158cc5a116, actual =a02ace158cc5a116
[1855000] SCOREBOARD MATCH: wdata passthrough beat=25 expected = e910cadff4aad967, actual =e910cadff4aad967
[1855000] SCOREBOARD MATCH: wdata passthrough beat=26 expected = d4f6108628943e01, actual =d4f6108628943e01
[1855000] SCOREBOARD MATCH: wdata passthrough beat=27 expected = b559df17dfbd7ac0, actual =b559df17dfbd7ac0
[1855000] SCOREBOARD MATCH: wdata passthrough beat=28 expected = d4685427f520de9b, actual =d4685427f520de9b
[1855000] SCOREBOARD MATCH: wdata passthrough beat=29 expected = 9db51c9c9e6aa9f6, actual =9db51c9c9e6aa9f6
[1855000] SCOREBOARD MATCH: wdata passthrough beat=30 expected = fe2824b6295e64ad, actual =fe2824b6295e64ad
[1855000] SCOREBOARD MATCH: wdata passthrough beat=31 expected = 9e7f4348d30efbb4, actual =9e7f4348d30efbb4
[1855000] SCOREBOARD MATCH: wdata passthrough beat=32 expected = f179a5aad29078dd, actual =f179a5aad29078dd
[1855000] SCOREBOARD MATCH: wdata passthrough beat=33 expected = fbeedd8a3c345fe5, actual =fbeedd8a3c345fe5
[1855000] SCOREBOARD MATCH: wdata passthrough beat=34 expected = f435b99efa1ca61, actual =f435b99efa1ca61
[1855000] SCOREBOARD MATCH: wdata passthrough beat=35 expected = c232433e1a6e20d3, actual =c232433e1a6e20d3
[1855000] SCOREBOARD MATCH: wdata passthrough beat=36 expected = d6a280b880bd0143, actual =d6a280b880bd0143
[1855000] SCOREBOARD MATCH: wdata passthrough beat=37 expected = f05ecba43e2120c9, actual =f05ecba43e2120c9
[1855000] SCOREBOARD MATCH: wdata passthrough beat=38 expected = d88f419ce5e5dc51, actual =d88f419ce5e5dc51
[1855000] SCOREBOARD MATCH: wdata passthrough beat=39 expected = e6a2dd9432910ee3, actual =e6a2dd9432910ee3
[1855000] SCOREBOARD MATCH: wdata passthrough beat=40 expected = f0b22fac2f31c254, actual =f0b22fac2f31c254
[1855000] SCOREBOARD MATCH: wdata passthrough beat=41 expected = 15179ea5d701a939, actual =15179ea5d701a939
[1855000] SCOREBOARD MATCH: wdata passthrough beat=42 expected = 992b81cc9417148, actual =992b81cc9417148
[1855000] SCOREBOARD MATCH: wdata passthrough beat=43 expected = f873339cfbba7c39, actual =f873339cfbba7c39
[1855000] SCOREBOARD MATCH: wdata passthrough beat=44 expected = d2bc2572fa44e7c8, actual =d2bc2572fa44e7c8
[1855000] SCOREBOARD MATCH: wdata passthrough beat=45 expected = c38659100d8ad241, actual =c38659100d8ad241
[1855000] SCOREBOARD MATCH: wdata passthrough beat=46 expected = 89454e7adc4edd8e, actual =89454e7adc4edd8e
[1855000] SCOREBOARD MATCH: wdata passthrough beat=47 expected = d693c5563bf98cac, actual =d693c5563bf98cac
[1855000] SCOREBOARD MATCH: wdata passthrough beat=48 expected = c9845eeddc0173ed, actual =c9845eeddc0173ed
[1855000] SCOREBOARD MATCH: wdata passthrough beat=49 expected = b850517b9a1a1e66, actual =b850517b9a1a1e66
[1855000] SCOREBOARD MATCH: wdata passthrough beat=50 expected = d613ab12d2c9ad67, actual =d613ab12d2c9ad67
[1855000] SCOREBOARD MATCH: wdata passthrough beat=51 expected = aecb21540ee416d2, actual =aecb21540ee416d2
[1855000] SCOREBOARD MATCH: wdata passthrough beat=52 expected = a8fe35389f9809ff, actual =a8fe35389f9809ff
[1855000] SCOREBOARD MATCH: wdata passthrough beat=53 expected = f261b767e71b72d0, actual =f261b767e71b72d0
[1855000] SCOREBOARD MATCH: wdata passthrough beat=54 expected = f5ff89a2ff11e04b, actual =f5ff89a2ff11e04b
[1855000] SCOREBOARD MATCH: wdata passthrough beat=55 expected = 9ea9ea4aa12cd8bb, actual =9ea9ea4aa12cd8bb
[1855000] SCOREBOARD MATCH: wdata passthrough beat=56 expected = 88484b8b9efdbeda, actual =88484b8b9efdbeda
[1855000] SCOREBOARD MATCH: wdata passthrough beat=57 expected = 9e0f9f25910ba1b1, actual =9e0f9f25910ba1b1
[1855000] SCOREBOARD MATCH: wdata passthrough beat=58 expected = 32387a6dfe47d52d, actual =32387a6dfe47d52d
[1855000] SCOREBOARD MATCH: wdata passthrough beat=59 expected = 1d4594083cb98970, actual =1d4594083cb98970
[1855000] SCOREBOARD MATCH: wdata passthrough beat=60 expected = cdc52b21ba80c5f8, actual =cdc52b21ba80c5f8
[1855000] SCOREBOARD MATCH: wdata passthrough beat=61 expected = 38c89b26bb55332d, actual =38c89b26bb55332d
[1855000] SCOREBOARD MATCH: wdata passthrough beat=62 expected = f80ebc9dfffda58e, actual =f80ebc9dfffda58e
[1855000] SCOREBOARD MATCH: wdata passthrough beat=63 expected = 3a7e6b87d60e2f2e, actual =3a7e6b87d60e2f2e
[1855000] SCOREBOARD MATCH: wdata passthrough beat=64 expected = 9163625bc5d3e7bf, actual =9163625bc5d3e7bf
[1855000] SCOREBOARD MATCH: wdata passthrough beat=65 expected = c5d18d4df34706ad, actual =c5d18d4df34706ad
[1855000] SCOREBOARD MATCH: wdata passthrough beat=66 expected = c95535db09721ef9, actual =c95535db09721ef9
[1855000] SCOREBOARD MATCH: wdata passthrough beat=67 expected = cf4606b8804ff8d4, actual =cf4606b8804ff8d4
[1855000] SCOREBOARD MATCH: wdata passthrough beat=68 expected = f396ff81dab89836, actual =f396ff81dab89836
[1855000] SCOREBOARD MATCH: wdata passthrough beat=69 expected = e42ab72f95179405, actual =e42ab72f95179405
[1855000] SCOREBOARD MATCH: wdata passthrough beat=70 expected = 15678cdabcec355c, actual =15678cdabcec355c
[1855000] SCOREBOARD MATCH: wdata passthrough beat=71 expected = 17a4cd93b370bde7, actual =17a4cd93b370bde7
[1855000] SCOREBOARD MATCH: wdata passthrough beat=72 expected = c88851ed88fe8c5b, actual =c88851ed88fe8c5b
[1855000] SCOREBOARD MATCH: wdata passthrough beat=73 expected = c5eac1b8fbcf84c2, actual =c5eac1b8fbcf84c2
[1855000] SCOREBOARD MATCH: wdata passthrough beat=74 expected = 2f4042aaddefdec7, actual =2f4042aaddefdec7
[1855000] SCOREBOARD MATCH: wdata passthrough beat=75 expected = e6ee6b22dd8f8f4b, actual =e6ee6b22dd8f8f4b
[1855000] SCOREBOARD MATCH: wdata passthrough beat=76 expected = d95f140df7c89497, actual =d95f140df7c89497
[1855000] SCOREBOARD MATCH: wdata passthrough beat=77 expected = d5b8735eacd92cda, actual =d5b8735eacd92cda
[1855000] SCOREBOARD MATCH: wdata passthrough beat=78 expected = 8a68bc25889f56b7, actual =8a68bc25889f56b7
[1855000] SCOREBOARD MATCH: wdata passthrough beat=79 expected = 8067eb4ebca6de80, actual =8067eb4ebca6de80
[1855000] SCOREBOARD MATCH: wdata passthrough beat=80 expected = e9800b5be3c7d033, actual =e9800b5be3c7d033
[1855000] SCOREBOARD MATCH: wdata passthrough beat=81 expected = ec6726ead6205eac, actual =ec6726ead6205eac
[1855000] SCOREBOARD MATCH: wdata passthrough beat=82 expected = 12c73d2df3e8c780, actual =12c73d2df3e8c780
[1855000] SCOREBOARD MATCH: wdata passthrough beat=83 expected = d7b097b3eccf1239, actual =d7b097b3eccf1239
[1855000] SCOREBOARD MATCH: wdata passthrough beat=84 expected = c2ef70e5fc474888, actual =c2ef70e5fc474888
[1855000] SCOREBOARD MATCH: wdata passthrough beat=85 expected = f0301008c417be9e, actual =f0301008c417be9e
[1855000] SCOREBOARD MATCH: wdata passthrough beat=86 expected = 30e6d0d7d5b6ae12, actual =30e6d0d7d5b6ae12
[1855000] SCOREBOARD MATCH: wdata passthrough beat=87 expected = d1fdf69ac7e0a7bc, actual =d1fdf69ac7e0a7bc
[1855000] SCOREBOARD MATCH: wdata passthrough beat=88 expected = bf8665af3d641bc, actual =bf8665af3d641bc
[1855000] SCOREBOARD MATCH: wdata passthrough beat=89 expected = c98cefcfc22e06a3, actual =c98cefcfc22e06a3
[1855000] SCOREBOARD MATCH: wdata passthrough beat=90 expected = a0eae5f3cdf3731, actual =a0eae5f3cdf3731
[1855000] SCOREBOARD MATCH: wdata passthrough beat=91 expected = b0b578ed9b8ae669, actual =b0b578ed9b8ae669
[1855000] SCOREBOARD MATCH: wdata passthrough beat=92 expected = ddb8ed0c160714b9, actual =ddb8ed0c160714b9
[1855000] SCOREBOARD MATCH: wdata passthrough beat=93 expected = d2e64beafa4268bc, actual =d2e64beafa4268bc
[1855000] SCOREBOARD MATCH: wdata passthrough beat=94 expected = 15cd4f26e7c79b6b, actual =15cd4f26e7c79b6b
[1855000] SCOREBOARD MATCH: wdata passthrough beat=95 expected = fdceb024839bc4d7, actual =fdceb024839bc4d7
[1855000] SCOREBOARD MATCH: wdata passthrough beat=96 expected = fdde2d94f3863c32, actual =fdde2d94f3863c32
[1855000] SCOREBOARD MATCH: wdata passthrough beat=97 expected = db4dd79ed0b4fc0e, actual =db4dd79ed0b4fc0e
[1855000] SCOREBOARD MATCH: wdata passthrough beat=98 expected = d450c0e613ab7cba, actual =d450c0e613ab7cba
[1855000] SCOREBOARD MATCH: wdata passthrough beat=99 expected = 8731b8ecd91c87c2, actual =8731b8ecd91c87c2
[1855000] SCOREBOARD MATCH: wdata passthrough beat=100 expected = 29d183d1d22eee7a, actual =29d183d1d22eee7a
[1855000] SCOREBOARD MATCH: wdata passthrough beat=101 expected = e5da6b34e27f908a, actual =e5da6b34e27f908a
[1855000] SCOREBOARD MATCH: wdata passthrough beat=102 expected = 3b9c184dfe2244b7, actual =3b9c184dfe2244b7
[1855000] SCOREBOARD MATCH: wdata passthrough beat=103 expected = d0513331ed0c2420, actual =d0513331ed0c2420
[1855000] SCOREBOARD MATCH: wdata passthrough beat=104 expected = cf8bb4abe56d9c1e, actual =cf8bb4abe56d9c1e
[1855000] SCOREBOARD MATCH: wdata passthrough beat=105 expected = e38fe0d5362b9e65, actual =e38fe0d5362b9e65
[1855000] SCOREBOARD MATCH: wdata passthrough beat=106 expected = a337c2850b27ccf8, actual =a337c2850b27ccf8
[1855000] SCOREBOARD MATCH: wdata passthrough beat=107 expected = f095691633e11406, actual =f095691633e11406
[1855000] SCOREBOARD MATCH: wdata passthrough beat=108 expected = ea0cb26bf2c37730, actual =ea0cb26bf2c37730
[1855000] SCOREBOARD MATCH: wdata passthrough beat=109 expected = fdeb4428d42549eb, actual =fdeb4428d42549eb
[1855000] SCOREBOARD MATCH: wdata passthrough beat=110 expected = 8065df18d4474f0, actual =8065df18d4474f0
[1855000] SCOREBOARD MATCH: wdata passthrough beat=111 expected = 7ec21ee80ad3e, actual =7ec21ee80ad3e
[1855000] SCOREBOARD MATCH: wdata passthrough beat=112 expected = c2a5f729f213105c, actual =c2a5f729f213105c
[1855000] SCOREBOARD MATCH: wdata passthrough beat=113 expected = ff57854cfdf33049, actual =ff57854cfdf33049
[1855000] SCOREBOARD MATCH: wdata passthrough beat=114 expected = ec73dd88caac551a, actual =ec73dd88caac551a
[1855000] SCOREBOARD MATCH: wdata passthrough beat=115 expected = bcbf6576ff5f716d, actual =bcbf6576ff5f716d
[1855000] SCOREBOARD MATCH: wdata passthrough beat=116 expected = fd52a1b7af19d4b1, actual =fd52a1b7af19d4b1
[1855000] SCOREBOARD MATCH: wdata passthrough beat=117 expected = f9c629cc3c16eac3, actual =f9c629cc3c16eac3
[1855000] SCOREBOARD MATCH: wdata passthrough beat=118 expected = bb765c30e9c67f3f, actual =bb765c30e9c67f3f
[1855000] SCOREBOARD MATCH: wdata passthrough beat=119 expected = 98e053f0b6858f42, actual =98e053f0b6858f42
[1855000] SCOREBOARD MATCH: wdata passthrough beat=120 expected = f29c7a05b8c8fde7, actual =f29c7a05b8c8fde7
[1855000] SCOREBOARD MATCH: wdata passthrough beat=121 expected = a28f7d2692a67dbc, actual =a28f7d2692a67dbc
[1855000] SCOREBOARD MATCH: wdata passthrough beat=122 expected = c92c0cff2e12d636, actual =c92c0cff2e12d636
[1855000] SCOREBOARD MATCH: wdata passthrough beat=123 expected = e6dbd41d3b6fd117, actual =e6dbd41d3b6fd117
[1855000] SCOREBOARD MATCH: wdata passthrough beat=124 expected = ce164ed3bbc88704, actual =ce164ed3bbc88704
[1855000] SCOREBOARD MATCH: wdata passthrough beat=125 expected = e9db5d3a096b5144, actual =e9db5d3a096b5144
[1855000] SCOREBOARD MATCH: wdata passthrough beat=126 expected = c4db225b97425bd2, actual =c4db225b97425bd2
[1855000] SCOREBOARD MATCH: wdata passthrough beat=127 expected = d30ae2d7d0b73158, actual =d30ae2d7d0b73158
[1855000] SCOREBOARD MATCH: wdata passthrough beat=128 expected = da22829c92f1712e, actual =da22829c92f1712e
[1855000] SCOREBOARD MATCH: wdata passthrough beat=129 expected = 2a33cd01bce64011, actual =2a33cd01bce64011
[1855000] SCOREBOARD MATCH: wdata passthrough beat=130 expected = 8d9d71691efda4f7, actual =8d9d71691efda4f7
[1855000] SCOREBOARD MATCH: wdata passthrough beat=131 expected = b1ef1625fd3eafd8, actual =b1ef1625fd3eafd8
[1855000] SCOREBOARD MATCH: wdata passthrough beat=132 expected = ba24efe9e7bff405, actual =ba24efe9e7bff405
[1855000] SCOREBOARD MATCH: wdata passthrough beat=133 expected = 86bd98fcdc22e326, actual =86bd98fcdc22e326
[1855000] SCOREBOARD MATCH: wdata passthrough beat=134 expected = d96192fec7c26153, actual =d96192fec7c26153
[1855000] SCOREBOARD MATCH: wdata passthrough beat=135 expected = af82555838acaf22, actual =af82555838acaf22
[1855000] SCOREBOARD MATCH: wdata passthrough beat=136 expected = 94cf9248138682e8, actual =94cf9248138682e8
[1855000] SCOREBOARD MATCH: wdata passthrough beat=137 expected = db48e43b363fee55, actual =db48e43b363fee55
[1855000] SCOREBOARD MATCH: wdata passthrough beat=138 expected = eeec9d77ee312547, actual =eeec9d77ee312547
[1855000] SCOREBOARD MATCH: wdata passthrough beat=139 expected = 1b7a82f8acb3993, actual =1b7a82f8acb3993
[1855000] SCOREBOARD MATCH: wdata passthrough beat=140 expected = c10b27e883bc2fbf, actual =c10b27e883bc2fbf
[1855000] SCOREBOARD MATCH: wdata passthrough beat=141 expected = f1ed5506dd008c6a, actual =f1ed5506dd008c6a
[1855000] SCOREBOARD MATCH: wdata passthrough beat=142 expected = e7cbc5fdaff7c55f, actual =e7cbc5fdaff7c55f
[1855000] SCOREBOARD MATCH: wdata passthrough beat=143 expected = 33b3f51ff3a4fd35, actual =33b3f51ff3a4fd35
[1855000] SCOREBOARD MATCH: wdata passthrough beat=144 expected = d0a5899f28d6ede6, actual =d0a5899f28d6ede6
[1855000] SCOREBOARD MATCH: wdata passthrough beat=145 expected = d8ceb345a5a14a25, actual =d8ceb345a5a14a25
[1855000] SCOREBOARD MATCH: wdata passthrough beat=146 expected = 1946475b38714f9d, actual =1946475b38714f9d
[1855000] SCOREBOARD MATCH: wdata passthrough beat=147 expected = e1483d838c82a864, actual =e1483d838c82a864
[1855000] SCOREBOARD MATCH: wdata passthrough beat=148 expected = 3223f28ae9ebd0fa, actual =3223f28ae9ebd0fa
[1855000] SCOREBOARD MATCH: wdata passthrough beat=149 expected = a25d2097ba16f0c8, actual =a25d2097ba16f0c8
[1855000] SCOREBOARD MATCH: wdata passthrough beat=150 expected = c699992dcb6a39e5, actual =c699992dcb6a39e5
[1855000] SCOREBOARD MATCH: wdata passthrough beat=151 expected = b5560adf83a55e1a, actual =b5560adf83a55e1a
[1855000] SCOREBOARD MATCH: wdata passthrough beat=152 expected = 3dbc4ee3f8bd8bb7, actual =3dbc4ee3f8bd8bb7
[1855000] SCOREBOARD MATCH: wdata passthrough beat=153 expected = c427c59cd7b32b77, actual =c427c59cd7b32b77
[1855000] SCOREBOARD MATCH: wdata passthrough beat=154 expected = db5889910455e810, actual =db5889910455e810
[1855000] SCOREBOARD MATCH: wdata passthrough beat=155 expected = fd1373c7f97dd07b, actual =fd1373c7f97dd07b
[1855000] SCOREBOARD MATCH: wdata passthrough beat=156 expected = d130fbf29914d874, actual =d130fbf29914d874
[1855000] SCOREBOARD MATCH: wdata passthrough beat=157 expected = 9d6ac084c13b3963, actual =9d6ac084c13b3963
[1855000] SCOREBOARD MATCH: wdata passthrough beat=158 expected = bab909de2c898584, actual =bab909de2c898584
[1855000] SCOREBOARD MATCH: wdata passthrough beat=159 expected = c59e5df89a7e344b, actual =c59e5df89a7e344b
[1855000] SCOREBOARD MATCH: wdata passthrough beat=160 expected = dbb96dae0bea05d1, actual =dbb96dae0bea05d1
[1855000] SCOREBOARD MATCH: wdata passthrough beat=161 expected = 38738b55e3091e7d, actual =38738b55e3091e7d
[1855000] SCOREBOARD MATCH: wdata passthrough beat=162 expected = fd8752c81672778d, actual =fd8752c81672778d
[1855000] SCOREBOARD MATCH: wdata passthrough beat=163 expected = 225c7d5efe11e94d, actual =225c7d5efe11e94d
[1855000] SCOREBOARD MATCH: wdata passthrough beat=164 expected = e11b07cad940c077, actual =e11b07cad940c077
[1855000] SCOREBOARD MATCH: wdata passthrough beat=165 expected = efb33804dad008b3, actual =efb33804dad008b3
[1855000] SCOREBOARD MATCH: wdata passthrough beat=166 expected = d8e1f200dea25a93, actual =d8e1f200dea25a93
[1855000] SCOREBOARD MATCH: wdata passthrough beat=167 expected = 37e31b0a120fb562, actual =37e31b0a120fb562
[1855000] SCOREBOARD MATCH: wdata passthrough beat=168 expected = ecdfbe1539fcf9cb, actual =ecdfbe1539fcf9cb
[1855000] SCOREBOARD MATCH: wdata passthrough beat=169 expected = 189f545e2796530e, actual =189f545e2796530e
[1855000] SCOREBOARD MATCH: wdata passthrough beat=170 expected = 39a60870c5c1b015, actual =39a60870c5c1b015
[1855000] SCOREBOARD MATCH: wdata passthrough beat=171 expected = ffbea9e0d0826f68, actual =ffbea9e0d0826f68
[1855000] SCOREBOARD MATCH: wdata passthrough beat=172 expected = f818c2762685c685, actual =f818c2762685c685
[1855000] SCOREBOARD MATCH: wdata passthrough beat=173 expected = ec47769a985dfe3e, actual =ec47769a985dfe3e
[1855000] SCOREBOARD MATCH: wdata passthrough beat=174 expected = e8e06da631becae6, actual =e8e06da631becae6
[1855000] SCOREBOARD MATCH: wdata passthrough beat=175 expected = d844916bec06207b, actual =d844916bec06207b
[1855000] SCOREBOARD MATCH: wdata passthrough beat=176 expected = 84641eb9e0f9301c, actual =84641eb9e0f9301c
[1855000] SCOREBOARD MATCH: wstrb size check expected = b1, actual =b1
[1855000] SCOREBOARD MATCH: wstrb passthrough beat=0 expected = 5, actual =5
[1855000] SCOREBOARD MATCH: wstrb passthrough beat=1 expected = 2, actual =2
[1855000] SCOREBOARD MATCH: wstrb passthrough beat=2 expected = 60, actual =60
[1855000] SCOREBOARD MATCH: wstrb passthrough beat=3 expected = 80, actual =80
[1855000] SCOREBOARD MATCH: wstrb passthrough beat=4 expected = 6d, actual =6d
[1855000] SCOREBOARD MATCH: wstrb passthrough beat=5 expected = 7c, actual =7c
[1855000] SCOREBOARD MATCH: wstrb passthrough beat=6 expected = 3a, actual =3a
[1855000] SCOREBOARD MATCH: wstrb passthrough beat=7 expected = 73, actual =73
[1855000] SCOREBOARD MATCH: wstrb passthrough beat=8 expected = 7f, actual =7f
[1855000] SCOREBOARD MATCH: wstrb passthrough beat=9 expected = 9a, actual =9a
[1855000] SCOREBOARD MATCH: wstrb passthrough beat=10 expected = f3, actual =f3
[1855000] SCOREBOARD MATCH: wstrb passthrough beat=11 expected = ec, actual =ec
[1855000] SCOREBOARD MATCH: wstrb passthrough beat=12 expected = 16, actual =16
[1855000] SCOREBOARD MATCH: wstrb passthrough beat=13 expected = 2d, actual =2d
[1855000] SCOREBOARD MATCH: wstrb passthrough beat=14 expected = 5f, actual =5f
[1855000] SCOREBOARD MATCH: wstrb passthrough beat=15 expected = 95, actual =95
[1855000] SCOREBOARD MATCH: wstrb passthrough beat=16 expected = c7, actual =c7
[1855000] SCOREBOARD MATCH: wstrb passthrough beat=17 expected = 53, actual =53
[1855000] SCOREBOARD MATCH: wstrb passthrough beat=18 expected = 82, actual =82
[1855000] SCOREBOARD MATCH: wstrb passthrough beat=19 expected = de, actual =de
[1855000] SCOREBOARD MATCH: wstrb passthrough beat=20 expected = 80, actual =80
[1855000] SCOREBOARD MATCH: wstrb passthrough beat=21 expected = e1, actual =e1
[1855000] SCOREBOARD MATCH: wstrb passthrough beat=22 expected = 73, actual =73
[1855000] SCOREBOARD MATCH: wstrb passthrough beat=23 expected = 48, actual =48
[1855000] SCOREBOARD MATCH: wstrb passthrough beat=24 expected = 34, actual =34
[1855000] SCOREBOARD MATCH: wstrb passthrough beat=25 expected = f5, actual =f5
[1855000] SCOREBOARD MATCH: wstrb passthrough beat=26 expected = 26, actual =26
[1855000] SCOREBOARD MATCH: wstrb passthrough beat=27 expected = b5, actual =b5
[1855000] SCOREBOARD MATCH: wstrb passthrough beat=28 expected = d7, actual =d7
[1855000] SCOREBOARD MATCH: wstrb passthrough beat=29 expected = 99, actual =99
[1855000] SCOREBOARD MATCH: wstrb passthrough beat=30 expected = fd, actual =fd
[1855000] SCOREBOARD MATCH: wstrb passthrough beat=31 expected = b, actual =b
[1855000] SCOREBOARD MATCH: wstrb passthrough beat=32 expected = 8f, actual =8f
[1855000] SCOREBOARD MATCH: wstrb passthrough beat=33 expected = 23, actual =23
[1855000] SCOREBOARD MATCH: wstrb passthrough beat=34 expected = c0, actual =c0
[1855000] SCOREBOARD MATCH: wstrb passthrough beat=35 expected = 66, actual =66
[1855000] SCOREBOARD MATCH: wstrb passthrough beat=36 expected = bc, actual =bc
[1855000] SCOREBOARD MATCH: wstrb passthrough beat=37 expected = bd, actual =bd
[1855000] SCOREBOARD MATCH: wstrb passthrough beat=38 expected = 71, actual =71
[1855000] SCOREBOARD MATCH: wstrb passthrough beat=39 expected = 4b, actual =4b
[1855000] SCOREBOARD MATCH: wstrb passthrough beat=40 expected = e0, actual =e0
[1855000] SCOREBOARD MATCH: wstrb passthrough beat=41 expected = 32, actual =32
[1855000] SCOREBOARD MATCH: wstrb passthrough beat=42 expected = b1, actual =b1
[1855000] SCOREBOARD MATCH: wstrb passthrough beat=43 expected = 9d, actual =9d
[1855000] SCOREBOARD MATCH: wstrb passthrough beat=44 expected = ef, actual =ef
[1855000] SCOREBOARD MATCH: wstrb passthrough beat=45 expected = 23, actual =23
[1855000] SCOREBOARD MATCH: wstrb passthrough beat=46 expected = e8, actual =e8
[1855000] SCOREBOARD MATCH: wstrb passthrough beat=47 expected = d0, actual =d0
[1855000] SCOREBOARD MATCH: wstrb passthrough beat=48 expected = 55, actual =55
[1855000] SCOREBOARD MATCH: wstrb passthrough beat=49 expected = 9a, actual =9a
[1855000] SCOREBOARD MATCH: wstrb passthrough beat=50 expected = 6d, actual =6d
[1855000] SCOREBOARD MATCH: wstrb passthrough beat=51 expected = 44, actual =44
[1855000] SCOREBOARD MATCH: wstrb passthrough beat=52 expected = bd, actual =bd
[1855000] SCOREBOARD MATCH: wstrb passthrough beat=53 expected = 55, actual =55
[1855000] SCOREBOARD MATCH: wstrb passthrough beat=54 expected = 14, actual =14
[1855000] SCOREBOARD MATCH: wstrb passthrough beat=55 expected = 12, actual =12
[1855000] SCOREBOARD MATCH: wstrb passthrough beat=56 expected = ef, actual =ef
[1855000] SCOREBOARD MATCH: wstrb passthrough beat=57 expected = 81, actual =81
[1855000] SCOREBOARD MATCH: wstrb passthrough beat=58 expected = 56, actual =56
[1855000] SCOREBOARD MATCH: wstrb passthrough beat=59 expected = ac, actual =ac
[1855000] SCOREBOARD MATCH: wstrb passthrough beat=60 expected = d7, actual =d7
[1855000] SCOREBOARD MATCH: wstrb passthrough beat=61 expected = 6b, actual =6b
[1855000] SCOREBOARD MATCH: wstrb passthrough beat=62 expected = be, actual =be
[1855000] SCOREBOARD MATCH: wstrb passthrough beat=63 expected = c6, actual =c6
[1855000] SCOREBOARD MATCH: wstrb passthrough beat=64 expected = ec, actual =ec
[1855000] SCOREBOARD MATCH: wstrb passthrough beat=65 expected = 15, actual =15
[1855000] SCOREBOARD MATCH: wstrb passthrough beat=66 expected = 73, actual =73
[1855000] SCOREBOARD MATCH: wstrb passthrough beat=67 expected = c3, actual =c3
[1855000] SCOREBOARD MATCH: wstrb passthrough beat=68 expected = 80, actual =80
[1855000] SCOREBOARD MATCH: wstrb passthrough beat=69 expected = 31, actual =31
[1855000] SCOREBOARD MATCH: wstrb passthrough beat=70 expected = 8a, actual =8a
[1855000] SCOREBOARD MATCH: wstrb passthrough beat=71 expected = 6c, actual =6c
[1855000] SCOREBOARD MATCH: wstrb passthrough beat=72 expected = 46, actual =46
[1855000] SCOREBOARD MATCH: wstrb passthrough beat=73 expected = fd, actual =fd
[1855000] SCOREBOARD MATCH: wstrb passthrough beat=74 expected = 30, actual =30
[1855000] SCOREBOARD MATCH: wstrb passthrough beat=75 expected = c6, actual =c6
[1855000] SCOREBOARD MATCH: wstrb passthrough beat=76 expected = 2e, actual =2e
[1855000] SCOREBOARD MATCH: wstrb passthrough beat=77 expected = ba, actual =ba
[1855000] SCOREBOARD MATCH: wstrb passthrough beat=78 expected = 33, actual =33
[1855000] SCOREBOARD MATCH: wstrb passthrough beat=79 expected = 75, actual =75
[1855000] SCOREBOARD MATCH: wstrb passthrough beat=80 expected = b7, actual =b7
[1855000] SCOREBOARD MATCH: wstrb passthrough beat=81 expected = 63, actual =63
[1855000] SCOREBOARD MATCH: wstrb passthrough beat=82 expected = 3b, actual =3b
[1855000] SCOREBOARD MATCH: wstrb passthrough beat=83 expected = e5, actual =e5
[1855000] SCOREBOARD MATCH: wstrb passthrough beat=84 expected = 1d, actual =1d
[1855000] SCOREBOARD MATCH: wstrb passthrough beat=85 expected = 6e, actual =6e
[1855000] SCOREBOARD MATCH: wstrb passthrough beat=86 expected = 5a, actual =5a
[1855000] SCOREBOARD MATCH: wstrb passthrough beat=87 expected = d4, actual =d4
[1855000] SCOREBOARD MATCH: wstrb passthrough beat=88 expected = d1, actual =d1
[1855000] SCOREBOARD MATCH: wstrb passthrough beat=89 expected = 96, actual =96
[1855000] SCOREBOARD MATCH: wstrb passthrough beat=90 expected = b9, actual =b9
[1855000] SCOREBOARD MATCH: wstrb passthrough beat=91 expected = ee, actual =ee
[1855000] SCOREBOARD MATCH: wstrb passthrough beat=92 expected = 4, actual =4
[1855000] SCOREBOARD MATCH: wstrb passthrough beat=93 expected = 14, actual =14
[1855000] SCOREBOARD MATCH: wstrb passthrough beat=94 expected = c2, actual =c2
[1855000] SCOREBOARD MATCH: wstrb passthrough beat=95 expected = d6, actual =d6
[1855000] SCOREBOARD MATCH: wstrb passthrough beat=96 expected = aa, actual =aa
[1855000] SCOREBOARD MATCH: wstrb passthrough beat=97 expected = 7c, actual =7c
[1855000] SCOREBOARD MATCH: wstrb passthrough beat=98 expected = c4, actual =c4
[1855000] SCOREBOARD MATCH: wstrb passthrough beat=99 expected = ae, actual =ae
[1855000] SCOREBOARD MATCH: wstrb passthrough beat=100 expected = 90, actual =90
[1855000] SCOREBOARD MATCH: wstrb passthrough beat=101 expected = 87, actual =87
[1855000] SCOREBOARD MATCH: wstrb passthrough beat=102 expected = 84, actual =84
[1855000] SCOREBOARD MATCH: wstrb passthrough beat=103 expected = 3a, actual =3a
[1855000] SCOREBOARD MATCH: wstrb passthrough beat=104 expected = 3, actual =3
[1855000] SCOREBOARD MATCH: wstrb passthrough beat=105 expected = 49, actual =49
[1855000] SCOREBOARD MATCH: wstrb passthrough beat=106 expected = e8, actual =e8
[1855000] SCOREBOARD MATCH: wstrb passthrough beat=107 expected = 93, actual =93
[1855000] SCOREBOARD MATCH: wstrb passthrough beat=108 expected = d0, actual =d0
[1855000] SCOREBOARD MATCH: wstrb passthrough beat=109 expected = 6d, actual =6d
[1855000] SCOREBOARD MATCH: wstrb passthrough beat=110 expected = cd, actual =cd
[1855000] SCOREBOARD MATCH: wstrb passthrough beat=111 expected = d3, actual =d3
[1855000] SCOREBOARD MATCH: wstrb passthrough beat=112 expected = b6, actual =b6
[1855000] SCOREBOARD MATCH: wstrb passthrough beat=113 expected = b5, actual =b5
[1855000] SCOREBOARD MATCH: wstrb passthrough beat=114 expected = 66, actual =66
[1855000] SCOREBOARD MATCH: wstrb passthrough beat=115 expected = 86, actual =86
[1855000] SCOREBOARD MATCH: wstrb passthrough beat=116 expected = 22, actual =22
[1855000] SCOREBOARD MATCH: wstrb passthrough beat=117 expected = 33, actual =33
[1855000] SCOREBOARD MATCH: wstrb passthrough beat=118 expected = 59, actual =59
[1855000] SCOREBOARD MATCH: wstrb passthrough beat=119 expected = d8, actual =d8
[1855000] SCOREBOARD MATCH: wstrb passthrough beat=120 expected = e8, actual =e8
[1855000] SCOREBOARD MATCH: wstrb passthrough beat=121 expected = bf, actual =bf
[1855000] SCOREBOARD MATCH: wstrb passthrough beat=122 expected = 5e, actual =5e
[1855000] SCOREBOARD MATCH: wstrb passthrough beat=123 expected = b, actual =b
[1855000] SCOREBOARD MATCH: wstrb passthrough beat=124 expected = f2, actual =f2
[1855000] SCOREBOARD MATCH: wstrb passthrough beat=125 expected = b7, actual =b7
[1855000] SCOREBOARD MATCH: wstrb passthrough beat=126 expected = e3, actual =e3
[1855000] SCOREBOARD MATCH: wstrb passthrough beat=127 expected = da, actual =da
[1855000] SCOREBOARD MATCH: wstrb passthrough beat=128 expected = 76, actual =76
[1855000] SCOREBOARD MATCH: wstrb passthrough beat=129 expected = 42, actual =42
[1855000] SCOREBOARD MATCH: wstrb passthrough beat=130 expected = e5, actual =e5
[1855000] SCOREBOARD MATCH: wstrb passthrough beat=131 expected = 68, actual =68
[1855000] SCOREBOARD MATCH: wstrb passthrough beat=132 expected = f9, actual =f9
[1855000] SCOREBOARD MATCH: wstrb passthrough beat=133 expected = c9, actual =c9
[1855000] SCOREBOARD MATCH: wstrb passthrough beat=134 expected = 43, actual =43
[1855000] SCOREBOARD MATCH: wstrb passthrough beat=135 expected = 70, actual =70
[1855000] SCOREBOARD MATCH: wstrb passthrough beat=136 expected = b, actual =b
[1855000] SCOREBOARD MATCH: wstrb passthrough beat=137 expected = 28, actual =28
[1855000] SCOREBOARD MATCH: wstrb passthrough beat=138 expected = d8, actual =d8
[1855000] SCOREBOARD MATCH: wstrb passthrough beat=139 expected = 4, actual =4
[1855000] SCOREBOARD MATCH: wstrb passthrough beat=140 expected = f1, actual =f1
[1855000] SCOREBOARD MATCH: wstrb passthrough beat=141 expected = 1b, actual =1b
[1855000] SCOREBOARD MATCH: wstrb passthrough beat=142 expected = 74, actual =74
[1855000] SCOREBOARD MATCH: wstrb passthrough beat=143 expected = fc, actual =fc
[1855000] SCOREBOARD MATCH: wstrb passthrough beat=144 expected = 44, actual =44
[1855000] SCOREBOARD MATCH: wstrb passthrough beat=145 expected = 4d, actual =4d
[1855000] SCOREBOARD MATCH: wstrb passthrough beat=146 expected = 1, actual =1
[1855000] SCOREBOARD MATCH: wstrb passthrough beat=147 expected = 35, actual =35
[1855000] SCOREBOARD MATCH: wstrb passthrough beat=148 expected = 68, actual =68
[1855000] SCOREBOARD MATCH: wstrb passthrough beat=149 expected = 75, actual =75
[1855000] SCOREBOARD MATCH: wstrb passthrough beat=150 expected = 32, actual =32
[1855000] SCOREBOARD MATCH: wstrb passthrough beat=151 expected = ac, actual =ac
[1855000] SCOREBOARD MATCH: wstrb passthrough beat=152 expected = c2, actual =c2
[1855000] SCOREBOARD MATCH: wstrb passthrough beat=153 expected = 33, actual =33
[1855000] SCOREBOARD MATCH: wstrb passthrough beat=154 expected = e2, actual =e2
[1855000] SCOREBOARD MATCH: wstrb passthrough beat=155 expected = 2b, actual =2b
[1855000] SCOREBOARD MATCH: wstrb passthrough beat=156 expected = a8, actual =a8
[1855000] SCOREBOARD MATCH: wstrb passthrough beat=157 expected = 14, actual =14
[1855000] SCOREBOARD MATCH: wstrb passthrough beat=158 expected = d7, actual =d7
[1855000] SCOREBOARD MATCH: wstrb passthrough beat=159 expected = 6b, actual =6b
[1855000] SCOREBOARD MATCH: wstrb passthrough beat=160 expected = 47, actual =47
[1855000] SCOREBOARD MATCH: wstrb passthrough beat=161 expected = b9, actual =b9
[1855000] SCOREBOARD MATCH: wstrb passthrough beat=162 expected = 96, actual =96
[1855000] SCOREBOARD MATCH: wstrb passthrough beat=163 expected = ef, actual =ef
[1855000] SCOREBOARD MATCH: wstrb passthrough beat=164 expected = cd, actual =cd
[1855000] SCOREBOARD MATCH: wstrb passthrough beat=165 expected = 6d, actual =6d
[1855000] SCOREBOARD MATCH: wstrb passthrough beat=166 expected = 5a, actual =5a
[1855000] SCOREBOARD MATCH: wstrb passthrough beat=167 expected = 14, actual =14
[1855000] SCOREBOARD MATCH: wstrb passthrough beat=168 expected = 27, actual =27
[1855000] SCOREBOARD MATCH: wstrb passthrough beat=169 expected = f0, actual =f0
[1855000] SCOREBOARD MATCH: wstrb passthrough beat=170 expected = 4, actual =4
[1855000] SCOREBOARD MATCH: wstrb passthrough beat=171 expected = f4, actual =f4
[1855000] SCOREBOARD MATCH: wstrb passthrough beat=172 expected = 5e, actual =5e
[1855000] SCOREBOARD MATCH: wstrb passthrough beat=173 expected = 5e, actual =5e
[1855000] SCOREBOARD MATCH: wstrb passthrough beat=174 expected = 9, actual =9
[1855000] SCOREBOARD MATCH: wstrb passthrough beat=175 expected = 85, actual =85
[1855000] SCOREBOARD MATCH: wstrb passthrough beat=176 expected = 4f, actual =4f
[1855000] SCOREBOARD MATCH: bresp passthrough expected = 0, actual =0
[1855000] SCOREBOARD MATCH: response routed to correct master (write) expected = 0, actual =0
[1855000] [SCOREBOARD-M] mst_id=0 s_id=0 awaddr=9bef828 awid=1101 awlen=176 awsize=7 awburst=1 wdata=[c2fdf4e3e3ec2dee 10587df4fe729fc4 82948f7f7cb19eb dbb747d9cdfcacff cc6f4cc3cb273dda c2f257c5ec0fc5cd ba0c72ccd49895ba 9fbfd3941ea99f9f 8ab9656c067bbf90 db14554ae2b22b5a 15bcaf9c4c5d839 cb4197c9fad428df dd8654398c153065 d0db089ea655ed13 a12a15f2dee21f32 eaf74f979c1ca067 c2728d7bfeb06a2b dd92895d3bd25836 d7eef89de39ca36d e24d0d99c889d8f5 45c312b9a618618 fdfe2986bfdf96f6 88696febdc4b29c8 f6acafe1e04b371f a02ace158cc5a116 e910cadff4aad967 d4f6108628943e01 b559df17dfbd7ac0 d4685427f520de9b 9db51c9c9e6aa9f6 fe2824b6295e64ad 9e7f4348d30efbb4 f179a5aad29078dd fbeedd8a3c345fe5 f435b99efa1ca61 c232433e1a6e20d3 d6a280b880bd0143 f05ecba43e2120c9 d88f419ce5e5dc51 e6a2dd9432910ee3 f0b22fac2f31c254 15179ea5d701a939 992b81cc9417148 f873339cfbba7c39 d2bc2572fa44e7c8 c38659100d8ad241 89454e7adc4edd8e d693c5563bf98cac c9845eeddc0173ed b850517b9a1a1e66 d613ab12d2c9ad67 aecb21540ee416d2 a8fe35389f9809ff f261b767e71b72d0 f5ff89a2ff11e04b 9ea9ea4aa12cd8bb 88484b8b9efdbeda 9e0f9f25910ba1b1 32387a6dfe47d52d 1d4594083cb98970 cdc52b21ba80c5f8 38c89b26bb55332d f80ebc9dfffda58e 3a7e6b87d60e2f2e 9163625bc5d3e7bf c5d18d4df34706ad c95535db09721ef9 cf4606b8804ff8d4 f396ff81dab89836 e42ab72f95179405 15678cdabcec355c 17a4cd93b370bde7 c88851ed88fe8c5b c5eac1b8fbcf84c2 2f4042aaddefdec7 e6ee6b22dd8f8f4b d95f140df7c89497 d5b8735eacd92cda 8a68bc25889f56b7 8067eb4ebca6de80 e9800b5be3c7d033 ec6726ead6205eac 12c73d2df3e8c780 d7b097b3eccf1239 c2ef70e5fc474888 f0301008c417be9e 30e6d0d7d5b6ae12 d1fdf69ac7e0a7bc bf8665af3d641bc c98cefcfc22e06a3 a0eae5f3cdf3731 b0b578ed9b8ae669 ddb8ed0c160714b9 d2e64beafa4268bc 15cd4f26e7c79b6b fdceb024839bc4d7 fdde2d94f3863c32 db4dd79ed0b4fc0e d450c0e613ab7cba 8731b8ecd91c87c2 29d183d1d22eee7a e5da6b34e27f908a 3b9c184dfe2244b7 d0513331ed0c2420 cf8bb4abe56d9c1e e38fe0d5362b9e65 a337c2850b27ccf8 f095691633e11406 ea0cb26bf2c37730 fdeb4428d42549eb 8065df18d4474f0 7ec21ee80ad3e c2a5f729f213105c ff57854cfdf33049 ec73dd88caac551a bcbf6576ff5f716d fd52a1b7af19d4b1 f9c629cc3c16eac3 bb765c30e9c67f3f 98e053f0b6858f42 f29c7a05b8c8fde7 a28f7d2692a67dbc c92c0cff2e12d636 e6dbd41d3b6fd117 ce164ed3bbc88704 e9db5d3a096b5144 c4db225b97425bd2 d30ae2d7d0b73158 da22829c92f1712e 2a33cd01bce64011 8d9d71691efda4f7 b1ef1625fd3eafd8 ba24efe9e7bff405 86bd98fcdc22e326 d96192fec7c26153 af82555838acaf22 94cf9248138682e8 db48e43b363fee55 eeec9d77ee312547 1b7a82f8acb3993 c10b27e883bc2fbf f1ed5506dd008c6a e7cbc5fdaff7c55f 33b3f51ff3a4fd35 d0a5899f28d6ede6 d8ceb345a5a14a25 1946475b38714f9d e1483d838c82a864 3223f28ae9ebd0fa a25d2097ba16f0c8 c699992dcb6a39e5 b5560adf83a55e1a 3dbc4ee3f8bd8bb7 c427c59cd7b32b77 db5889910455e810 fd1373c7f97dd07b d130fbf29914d874 9d6ac084c13b3963 bab909de2c898584 c59e5df89a7e344b dbb96dae0bea05d1 38738b55e3091e7d fd8752c81672778d 225c7d5efe11e94d e11b07cad940c077 efb33804dad008b3 d8e1f200dea25a93 37e31b0a120fb562 ecdfbe1539fcf9cb 189f545e2796530e 39a60870c5c1b015 ffbea9e0d0826f68 f818c2762685c685 ec47769a985dfe3e e8e06da631becae6 d844916bec06207b 84641eb9e0f9301c ] wstrb=[5 2 60 80 6d 7c 3a 73 7f 9a f3 ec 16 2d 5f 95 c7 53 82 de 80 e1 73 48 34 f5 26 b5 d7 99 fd b 8f 23 c0 66 bc bd 71 4b e0 32 b1 9d ef 23 e8 d0 55 9a 6d 44 bd 55 14 12 ef 81 56 ac d7 6b be c6 ec 15 73 c3 80 31 8a 6c 46 fd 30 c6 2e ba 33 75 b7 63 3b e5 1d 6e 5a d4 d1 96 b9 ee 4 14 c2 d6 aa 7c c4 ae 90 87 84 3a 3 49 e8 93 d0 6d cd d3 b6 b5 66 86 22 33 59 d8 e8 bf 5e b f2 b7 e3 da 76 42 e5 68 f9 c9 43 70 b 28 d8 4 f1 1b 74 fc 44 4d 1 35 68 75 32 ac c2 33 e2 2b a8 14 d7 6b 47 b9 96 ef cd 6d 5a 14 27 f0 4 f4 5e 5e 9 85 4f ] bresp=0 bid=1101
[1855000] [SCOREBOARD-S] mst_id=0 s_id=0 awaddr=9bef828 awid=1101 awlen=176 awsize=7 awburst=1 wdata=[c2fdf4e3e3ec2dee 10587df4fe729fc4 82948f7f7cb19eb dbb747d9cdfcacff cc6f4cc3cb273dda c2f257c5ec0fc5cd ba0c72ccd49895ba 9fbfd3941ea99f9f 8ab9656c067bbf90 db14554ae2b22b5a 15bcaf9c4c5d839 cb4197c9fad428df dd8654398c153065 d0db089ea655ed13 a12a15f2dee21f32 eaf74f979c1ca067 c2728d7bfeb06a2b dd92895d3bd25836 d7eef89de39ca36d e24d0d99c889d8f5 45c312b9a618618 fdfe2986bfdf96f6 88696febdc4b29c8 f6acafe1e04b371f a02ace158cc5a116 e910cadff4aad967 d4f6108628943e01 b559df17dfbd7ac0 d4685427f520de9b 9db51c9c9e6aa9f6 fe2824b6295e64ad 9e7f4348d30efbb4 f179a5aad29078dd fbeedd8a3c345fe5 f435b99efa1ca61 c232433e1a6e20d3 d6a280b880bd0143 f05ecba43e2120c9 d88f419ce5e5dc51 e6a2dd9432910ee3 f0b22fac2f31c254 15179ea5d701a939 992b81cc9417148 f873339cfbba7c39 d2bc2572fa44e7c8 c38659100d8ad241 89454e7adc4edd8e d693c5563bf98cac c9845eeddc0173ed b850517b9a1a1e66 d613ab12d2c9ad67 aecb21540ee416d2 a8fe35389f9809ff f261b767e71b72d0 f5ff89a2ff11e04b 9ea9ea4aa12cd8bb 88484b8b9efdbeda 9e0f9f25910ba1b1 32387a6dfe47d52d 1d4594083cb98970 cdc52b21ba80c5f8 38c89b26bb55332d f80ebc9dfffda58e 3a7e6b87d60e2f2e 9163625bc5d3e7bf c5d18d4df34706ad c95535db09721ef9 cf4606b8804ff8d4 f396ff81dab89836 e42ab72f95179405 15678cdabcec355c 17a4cd93b370bde7 c88851ed88fe8c5b c5eac1b8fbcf84c2 2f4042aaddefdec7 e6ee6b22dd8f8f4b d95f140df7c89497 d5b8735eacd92cda 8a68bc25889f56b7 8067eb4ebca6de80 e9800b5be3c7d033 ec6726ead6205eac 12c73d2df3e8c780 d7b097b3eccf1239 c2ef70e5fc474888 f0301008c417be9e 30e6d0d7d5b6ae12 d1fdf69ac7e0a7bc bf8665af3d641bc c98cefcfc22e06a3 a0eae5f3cdf3731 b0b578ed9b8ae669 ddb8ed0c160714b9 d2e64beafa4268bc 15cd4f26e7c79b6b fdceb024839bc4d7 fdde2d94f3863c32 db4dd79ed0b4fc0e d450c0e613ab7cba 8731b8ecd91c87c2 29d183d1d22eee7a e5da6b34e27f908a 3b9c184dfe2244b7 d0513331ed0c2420 cf8bb4abe56d9c1e e38fe0d5362b9e65 a337c2850b27ccf8 f095691633e11406 ea0cb26bf2c37730 fdeb4428d42549eb 8065df18d4474f0 7ec21ee80ad3e c2a5f729f213105c ff57854cfdf33049 ec73dd88caac551a bcbf6576ff5f716d fd52a1b7af19d4b1 f9c629cc3c16eac3 bb765c30e9c67f3f 98e053f0b6858f42 f29c7a05b8c8fde7 a28f7d2692a67dbc c92c0cff2e12d636 e6dbd41d3b6fd117 ce164ed3bbc88704 e9db5d3a096b5144 c4db225b97425bd2 d30ae2d7d0b73158 da22829c92f1712e 2a33cd01bce64011 8d9d71691efda4f7 b1ef1625fd3eafd8 ba24efe9e7bff405 86bd98fcdc22e326 d96192fec7c26153 af82555838acaf22 94cf9248138682e8 db48e43b363fee55 eeec9d77ee312547 1b7a82f8acb3993 c10b27e883bc2fbf f1ed5506dd008c6a e7cbc5fdaff7c55f 33b3f51ff3a4fd35 d0a5899f28d6ede6 d8ceb345a5a14a25 1946475b38714f9d e1483d838c82a864 3223f28ae9ebd0fa a25d2097ba16f0c8 c699992dcb6a39e5 b5560adf83a55e1a 3dbc4ee3f8bd8bb7 c427c59cd7b32b77 db5889910455e810 fd1373c7f97dd07b d130fbf29914d874 9d6ac084c13b3963 bab909de2c898584 c59e5df89a7e344b dbb96dae0bea05d1 38738b55e3091e7d fd8752c81672778d 225c7d5efe11e94d e11b07cad940c077 efb33804dad008b3 d8e1f200dea25a93 37e31b0a120fb562 ecdfbe1539fcf9cb 189f545e2796530e 39a60870c5c1b015 ffbea9e0d0826f68 f818c2762685c685 ec47769a985dfe3e e8e06da631becae6 d844916bec06207b 84641eb9e0f9301c ] wstrb=[5 2 60 80 6d 7c 3a 73 7f 9a f3 ec 16 2d 5f 95 c7 53 82 de 80 e1 73 48 34 f5 26 b5 d7 99 fd b 8f 23 c0 66 bc bd 71 4b e0 32 b1 9d ef 23 e8 d0 55 9a 6d 44 bd 55 14 12 ef 81 56 ac d7 6b be c6 ec 15 73 c3 80 31 8a 6c 46 fd 30 c6 2e ba 33 75 b7 63 3b e5 1d 6e 5a d4 d1 96 b9 ee 4 14 c2 d6 aa 7c c4 ae 90 87 84 3a 3 49 e8 93 d0 6d cd d3 b6 b5 66 86 22 33 59 d8 e8 bf 5e b f2 b7 e3 da 76 42 e5 68 f9 c9 43 70 b 28 d8 4 f1 1b 74 fc 44 4d 1 35 68 75 32 ac c2 33 e2 2b a8 14 d7 6b 47 b9 96 ef cd 6d 5a 14 27 f0 4 f4 5e 5e 9 85 4f ] bresp=0 bid=1101
[1855000] SCOREBOARD: Transaction 1 received. pass=365 fail=0
[1855000] ALL PASS. Total transactions: 1
[1865000] MASTER 0 W_VALID_RDY Handshake beat=1 wlast=0
[1865000] MASTER 1 W_VALID_RDY Handshake beat=8 wlast=0
[1865000] S1 MEMORY WRITE beat=0 addr=1487aa98 data=8793212cc5d155a8 id=01
[1865000] AXI S0_WVALID_RDY HANDSHAKE
[1865000] S0 MEMORY WRITE beat=1 addr=0a08442a data=d4b8d38db1de1988 id=1e
[1875000] AXI S0_WVALID_RDY HANDSHAKE
[1875000] S0 MEMORY WRITE beat=2 addr=0a08442c data=94ab62f98acd6153 id=1e
[1875000] S1 MEMORY WRITE beat=1 addr=1487aa9c data=cc624afbe0f282a3 id=01
[1875000] MASTER 1 W_VALID_RDY Handshake beat=9 wlast=0
[1875000] MASTER 0 W_VALID_RDY Handshake beat=2 wlast=0
[1885000] MASTER 0 W_VALID_RDY Handshake beat=3 wlast=0
[1885000] MASTER 1 W_VALID_RDY Handshake beat=10 wlast=0
[1885000] S1 MEMORY WRITE beat=2 addr=1487aaa0 data=b2258783d194762f id=01
[1885000] AXI S0_WVALID_RDY HANDSHAKE
[1885000] S0 MEMORY WRITE beat=3 addr=0a08442e data=39198bebc10aac29 id=1e
[1895000] AXI S0_WVALID_RDY HANDSHAKE
[1895000] S0 MEMORY WRITE beat=4 addr=0a084430 data=f2e8c5b211d50619 id=1e
[1895000] S1 MEMORY WRITE beat=3 addr=1487aaa4 data=9765cbd738f158da id=01
[1895000] MASTER 1 W_VALID_RDY Handshake beat=11 wlast=0
[1895000] MASTER 0 W_VALID_RDY Handshake beat=4 wlast=0
[1905000] MASTER 0 W_VALID_RDY Handshake beat=5 wlast=0
[1905000] MASTER 1 W_VALID_RDY Handshake beat=12 wlast=0
[1905000] S1 MEMORY WRITE beat=4 addr=1487aaa8 data=99e3db7d39b8a8b0 id=01
[1905000] AXI S0_WVALID_RDY HANDSHAKE
[1905000] S0 MEMORY WRITE beat=5 addr=0a084432 data=9ca2676c0dd25f78 id=1e
[1915000] AXI S0_WVALID_RDY HANDSHAKE
[1915000] S0 MEMORY WRITE beat=6 addr=0a084434 data=cedd0ba1879428ab id=1e
[1915000] S1 MEMORY WRITE beat=5 addr=1487aaac data=8b4d1edfe3c816d3 id=01
[1915000] MASTER 1 W_VALID_RDY Handshake beat=13 wlast=0
[1915000] MASTER 0 W_VALID_RDY Handshake beat=6 wlast=0
[1925000] MASTER 0 W_VALID_RDY Handshake beat=7 wlast=0
[1925000] MASTER 1 W_VALID_RDY Handshake beat=14 wlast=0
[1925000] S1 MEMORY WRITE beat=6 addr=1487aab0 data=1cb96fadcc096301 id=01
[1925000] AXI S0_WVALID_RDY HANDSHAKE
[1925000] S0 MEMORY WRITE beat=7 addr=0a084436 data=99692ec4d5bbf357 id=1e
[1935000] AXI S0_WVALID_RDY HANDSHAKE
[1935000] S0 MEMORY WRITE beat=8 addr=0a084438 data=e38e52cfc1c5d153 id=1e
[1935000] S1 MEMORY WRITE beat=7 addr=1487aab4 data=05c20bb122b2eab7 id=01
[1935000] MASTER 1 W_VALID_RDY Handshake beat=15 wlast=0
[1935000] MASTER 0 W_VALID_RDY Handshake beat=8 wlast=0
[1945000] MASTER 0 W_VALID_RDY Handshake beat=9 wlast=0
[1945000] MASTER 1 W_VALID_RDY Handshake beat=16 wlast=0
[1945000] S1 MEMORY WRITE beat=8 addr=1487aab8 data=067b018ab69d4b2a id=01
[1945000] AXI S0_WVALID_RDY HANDSHAKE
[1945000] S0 MEMORY WRITE beat=9 addr=0a08443a data=c959f9ff360b9631 id=1e
[1955000] AXI S0_WVALID_RDY HANDSHAKE
[1955000] S0 MEMORY WRITE beat=10 addr=0a08443c data=8bc78988326b5e71 id=1e
[1955000] S1 MEMORY WRITE beat=9 addr=1487aabc data=82a6ae2b910f2a90 id=01
[1955000] MASTER 1 W_VALID_RDY Handshake beat=17 wlast=0
[1955000] MASTER 0 W_VALID_RDY Handshake beat=10 wlast=0
[1965000] MASTER 0 W_VALID_RDY Handshake beat=11 wlast=0
[1965000] MASTER 1 W_VALID_RDY Handshake beat=18 wlast=0
[1965000] S1 MEMORY WRITE beat=10 addr=1487aac0 data=b3c2154723347137 id=01
[1965000] AXI S0_WVALID_RDY HANDSHAKE
[1965000] S0 MEMORY WRITE beat=11 addr=0a08443e data=f4312fc4e2c328c3 id=1e
[1975000] AXI S0_WVALID_RDY HANDSHAKE
[1975000] S0 MEMORY WRITE beat=12 addr=0a084440 data=98cebef4ef55dc58 id=1e
[1975000] S1 MEMORY WRITE beat=11 addr=1487aac4 data=d9d1bc618868b9dc id=01
[1975000] MASTER 1 W_VALID_RDY Handshake beat=19 wlast=0
[1975000] MASTER 0 W_VALID_RDY Handshake beat=12 wlast=0
[1985000] MASTER 0 W_VALID_RDY Handshake beat=13 wlast=0
[1985000] MASTER 1 W_VALID_RDY Handshake beat=20 wlast=0
[1985000] S1 MEMORY WRITE beat=12 addr=1487aac8 data=1977e46dba3d16d1 id=01
[1985000] AXI S0_WVALID_RDY HANDSHAKE
[1985000] S0 MEMORY WRITE beat=13 addr=0a084442 data=21c13ac9bd8b29c3 id=1e
[1995000] AXI S0_WVALID_RDY HANDSHAKE
[1995000] S0 MEMORY WRITE beat=14 addr=0a084444 data=204e52872496487d id=1e
[1995000] S1 MEMORY WRITE beat=13 addr=1487aacc data=dd718808dc786a8d id=01
[1995000] MASTER 1 W_VALID_RDY Handshake beat=21 wlast=0
[1995000] MASTER 0 W_VALID_RDY Handshake beat=14 wlast=0
[2005000] MASTER 0 W_VALID_RDY Handshake beat=15 wlast=0
[2005000] MASTER 1 W_VALID_RDY Handshake beat=22 wlast=0
[2005000] S1 MEMORY WRITE beat=14 addr=1487aad0 data=e4e12469cd39f9b4 id=01
[2005000] AXI S0_WVALID_RDY HANDSHAKE
[2005000] S0 MEMORY WRITE beat=15 addr=0a084446 data=13ec24d595f26a8d id=1e
[2015000] AXI S0_WVALID_RDY HANDSHAKE
[2015000] S0 MEMORY WRITE beat=16 addr=0a084448 data=d37d9451b91d117b id=1e
[2015000] S1 MEMORY WRITE beat=15 addr=1487aad4 data=077710863743446a id=01
[2015000] MASTER 1 W_VALID_RDY Handshake beat=23 wlast=0
[2015000] MASTER 0 W_VALID_RDY Handshake beat=16 wlast=0
[2025000] MASTER 0 W_VALID_RDY Handshake beat=17 wlast=0
[2025000] MASTER 1 W_VALID_RDY Handshake beat=24 wlast=0
[2025000] S1 MEMORY WRITE beat=16 addr=1487aad8 data=13bbaef7fe5908d6 id=01
[2025000] AXI S0_WVALID_RDY HANDSHAKE
[2025000] S0 MEMORY WRITE beat=17 addr=0a08444a data=ddb359f835ad5f9e id=1e
[2035000] AXI S0_WVALID_RDY HANDSHAKE
[2035000] S0 MEMORY WRITE beat=18 addr=0a08444c data=cb9fca2bf3cbe6d8 id=1e
[2035000] S1 MEMORY WRITE beat=17 addr=1487aadc data=cb93028be4e8988e id=01
[2035000] MASTER 1 W_VALID_RDY Handshake beat=25 wlast=0
[2035000] MASTER 0 W_VALID_RDY Handshake beat=18 wlast=0
[2045000] MASTER 0 W_VALID_RDY Handshake beat=19 wlast=0
[2045000] MASTER 1 W_VALID_RDY Handshake beat=26 wlast=0
[2045000] S1 MEMORY WRITE beat=18 addr=1487aae0 data=9c2bdcf8f89cd360 id=01
[2045000] AXI S0_WVALID_RDY HANDSHAKE
[2045000] S0 MEMORY WRITE beat=19 addr=0a08444e data=ace8f853f19f7ecd id=1e
[2055000] AXI S0_WVALID_RDY HANDSHAKE
[2055000] S0 MEMORY WRITE beat=20 addr=0a084450 data=a74cde6b9f1d5e7c id=1e
[2055000] S1 MEMORY WRITE beat=19 addr=1487aae4 data=f6f5dc37d30a1311 id=01
[2055000] MASTER 1 W_VALID_RDY Handshake beat=27 wlast=0
[2055000] MASTER 0 W_VALID_RDY Handshake beat=20 wlast=0
[2065000] MASTER 0 W_VALID_RDY Handshake beat=21 wlast=0
[2065000] MASTER 1 W_VALID_RDY Handshake beat=28 wlast=0
[2065000] S1 MEMORY WRITE beat=20 addr=1487aae8 data=b7f2ab9fafe78bef id=01
[2065000] AXI S0_WVALID_RDY HANDSHAKE
[2065000] S0 MEMORY WRITE beat=21 addr=0a084452 data=92e945540a9c524c id=1e
[2075000] AXI S0_WVALID_RDY HANDSHAKE
[2075000] S0 MEMORY WRITE beat=22 addr=0a084454 data=fc3bd119f2eca897 id=1e
[2075000] S1 MEMORY WRITE beat=21 addr=1487aaec data=28845f50c288dec2 id=01
[2075000] MASTER 1 W_VALID_RDY Handshake beat=29 wlast=0
[2075000] MASTER 0 W_VALID_RDY Handshake beat=22 wlast=0
[2085000] MASTER 0 W_VALID_RDY Handshake beat=23 wlast=0
[2085000] MASTER 1 W_VALID_RDY Handshake beat=30 wlast=0
[2085000] S1 MEMORY WRITE beat=22 addr=1487aaf0 data=1592f1d3d41e8898 id=01
[2085000] AXI S0_WVALID_RDY HANDSHAKE
[2085000] S0 MEMORY WRITE beat=23 addr=0a084456 data=920a07133fd23da8 id=1e
[2095000] AXI S0_WVALID_RDY HANDSHAKE
[2095000] S0 MEMORY WRITE beat=24 addr=0a084458 data=ca6e8ff42388af85 id=1e
[2095000] S1 MEMORY WRITE beat=23 addr=1487aaf4 data=840614871f7a3b87 id=01
[2095000] MASTER 1 W_VALID_RDY Handshake beat=31 wlast=0
[2095000] MASTER 0 W_VALID_RDY Handshake beat=24 wlast=0
[2105000] MASTER 0 W_VALID_RDY Handshake beat=25 wlast=0
[2105000] MASTER 1 W_VALID_RDY Handshake beat=32 wlast=0
[2105000] S1 MEMORY WRITE beat=24 addr=1487aaf8 data=e2031a49cd859d72 id=01
[2105000] AXI S0_WVALID_RDY HANDSHAKE
[2105000] S0 MEMORY WRITE beat=25 addr=0a08445a data=1675581c24f34c68 id=1e
[2115000] AXI S0_WVALID_RDY HANDSHAKE
[2115000] S0 MEMORY WRITE beat=26 addr=0a08445c data=e4c58a10c6aa610d id=1e
[2115000] S1 MEMORY WRITE beat=25 addr=1487aafc data=a1a4260aac8a73d7 id=01
[2115000] MASTER 1 W_VALID_RDY Handshake beat=33 wlast=0
[2115000] MASTER 0 W_VALID_RDY Handshake beat=26 wlast=0
[2125000] MASTER 0 W_VALID_RDY Handshake beat=27 wlast=0
[2125000] MASTER 1 W_VALID_RDY Handshake beat=34 wlast=0
[2125000] S1 MEMORY WRITE beat=26 addr=1487ab00 data=cc04af5ef7960c1c id=01
[2125000] AXI S0_WVALID_RDY HANDSHAKE
[2125000] S0 MEMORY WRITE beat=27 addr=0a08445e data=ea331092a87f5f2f id=1e
[2135000] AXI S0_WVALID_RDY HANDSHAKE
[2135000] S0 MEMORY WRITE beat=28 addr=0a084460 data=cd72ab972f341a04 id=1e
[2135000] S1 MEMORY WRITE beat=27 addr=1487ab04 data=c51ba98e25aa3a92 id=01
[2135000] MASTER 1 W_VALID_RDY Handshake beat=35 wlast=0
[2135000] MASTER 0 W_VALID_RDY Handshake beat=28 wlast=0
[2145000] MASTER 0 W_VALID_RDY Handshake beat=29 wlast=0
[2145000] MASTER 1 W_VALID_RDY Handshake beat=36 wlast=0
[2145000] S1 MEMORY WRITE beat=28 addr=1487ab08 data=d234ae69ae07c9a7 id=01
[2145000] AXI S0_WVALID_RDY HANDSHAKE
[2145000] S0 MEMORY WRITE beat=29 addr=0a084462 data=f5de7b1180a868ae id=1e
[2155000] AXI S0_WVALID_RDY HANDSHAKE
[2155000] S0 MEMORY WRITE beat=30 addr=0a084464 data=2927c7deb23835a7 id=1e
[2155000] S1 MEMORY WRITE beat=29 addr=1487ab0c data=a59dd5c3e6bfcf99 id=01
[2155000] MASTER 1 W_VALID_RDY Handshake beat=37 wlast=0
[2155000] MASTER 0 W_VALID_RDY Handshake beat=30 wlast=0
[2165000] MASTER 0 W_VALID_RDY Handshake beat=31 wlast=0
[2165000] MASTER 1 W_VALID_RDY Handshake beat=38 wlast=0
[2165000] S1 MEMORY WRITE beat=30 addr=1487ab10 data=0c6a0a2b1e395dc8 id=01
[2165000] AXI S0_WVALID_RDY HANDSHAKE
[2165000] S0 MEMORY WRITE beat=31 addr=0a084466 data=e16c4fabe0118ba4 id=1e
[2175000] AXI S0_WVALID_RDY HANDSHAKE
[2175000] S0 MEMORY WRITE beat=32 addr=0a084468 data=e0b9f452f69a7375 id=1e
[2175000] S1 MEMORY WRITE beat=31 addr=1487ab14 data=cc41276feab97f52 id=01
[2175000] MASTER 1 W_VALID_RDY Handshake beat=39 wlast=0
[2175000] MASTER 0 W_VALID_RDY Handshake beat=32 wlast=0
[2185000] MASTER 0 W_VALID_RDY Handshake beat=33 wlast=0
[2185000] MASTER 1 W_VALID_RDY Handshake beat=40 wlast=0
[2185000] S1 MEMORY WRITE beat=32 addr=1487ab18 data=d1794eebde9eb894 id=01
[2185000] AXI S0_WVALID_RDY HANDSHAKE
[2185000] S0 MEMORY WRITE beat=33 addr=0a08446a data=28d2a91dd74acabd id=1e
[2195000] AXI S0_WVALID_RDY HANDSHAKE
[2195000] S0 MEMORY WRITE beat=34 addr=0a08446c data=375c566189e1bc30 id=1e
[2195000] S1 MEMORY WRITE beat=33 addr=1487ab1c data=fcd8165cf1defd33 id=01
[2195000] MASTER 1 W_VALID_RDY Handshake beat=41 wlast=0
[2195000] MASTER 0 W_VALID_RDY Handshake beat=34 wlast=0
[2205000] MASTER 0 W_VALID_RDY Handshake beat=35 wlast=0
[2205000] MASTER 1 W_VALID_RDY Handshake beat=42 wlast=0
[2205000] S1 MEMORY WRITE beat=34 addr=1487ab20 data=dc987c85dde35916 id=01
[2205000] AXI S0_WVALID_RDY HANDSHAKE
[2205000] S0 MEMORY WRITE beat=35 addr=0a08446e data=007c2fa68a3ef8c8 id=1e
[2215000] AXI S0_WVALID_RDY HANDSHAKE
[2215000] S0 MEMORY WRITE beat=36 addr=0a084470 data=e189c38598164ab3 id=1e
[2215000] S1 MEMORY WRITE beat=35 addr=1487ab24 data=bc8211aac9193dcc id=01
[2215000] MASTER 1 W_VALID_RDY Handshake beat=43 wlast=0
[2215000] MASTER 0 W_VALID_RDY Handshake beat=36 wlast=0
[2225000] MASTER 0 W_VALID_RDY Handshake beat=37 wlast=0
[2225000] MASTER 1 W_VALID_RDY Handshake beat=44 wlast=0
[2225000] S1 MEMORY WRITE beat=36 addr=1487ab28 data=3af83aff2e11cb70 id=01
[2225000] AXI S0_WVALID_RDY HANDSHAKE
[2225000] S0 MEMORY WRITE beat=37 addr=0a084472 data=21f806e4294ed8c3 id=1e
[2235000] AXI S0_WVALID_RDY HANDSHAKE
[2235000] S0 MEMORY WRITE beat=38 addr=0a084474 data=b38dd18b98e619e6 id=1e
[2235000] S1 MEMORY WRITE beat=37 addr=1487ab2c data=0bf52486395a2807 id=01
[2235000] MASTER 1 W_VALID_RDY Handshake beat=45 wlast=0
[2235000] MASTER 0 W_VALID_RDY Handshake beat=38 wlast=0
[2245000] MASTER 0 W_VALID_RDY Handshake beat=39 wlast=0
[2245000] MASTER 1 W_VALID_RDY Handshake beat=46 wlast=0
[2245000] S1 MEMORY WRITE beat=38 addr=1487ab30 data=027365d31790b784 id=01
[2245000] AXI S0_WVALID_RDY HANDSHAKE
[2245000] S0 MEMORY WRITE beat=39 addr=0a084476 data=30fc649a2274368a id=1e
[2255000] AXI S0_WVALID_RDY HANDSHAKE
[2255000] S0 MEMORY WRITE beat=40 addr=0a084478 data=cbc30f4d15179511 id=1e
[2255000] S1 MEMORY WRITE beat=39 addr=1487ab34 data=c5a282f4c8773630 id=01
[2255000] MASTER 1 W_VALID_RDY Handshake beat=47 wlast=0
[2255000] MASTER 0 W_VALID_RDY Handshake beat=40 wlast=0
[2265000] MASTER 0 W_VALID_RDY Handshake beat=41 wlast=0
[2265000] MASTER 1 W_VALID_RDY Handshake beat=48 wlast=0
[2265000] S1 MEMORY WRITE beat=40 addr=1487ab38 data=81d15e373d6ba0d2 id=01
[2265000] AXI S0_WVALID_RDY HANDSHAKE
[2265000] S0 MEMORY WRITE beat=41 addr=0a08447a data=adfdaef7d2f46b7e id=1e
[2275000] AXI S0_WVALID_RDY HANDSHAKE
[2275000] S0 MEMORY WRITE beat=42 addr=0a08447c data=f568a208ff50e0d8 id=1e
[2275000] S1 MEMORY WRITE beat=41 addr=1487ab3c data=d4fc5856d197a77a id=01
[2275000] MASTER 1 W_VALID_RDY Handshake beat=49 wlast=0
[2275000] MASTER 0 W_VALID_RDY Handshake beat=42 wlast=0
[2285000] MASTER 0 W_VALID_RDY Handshake beat=43 wlast=0
[2285000] MASTER 1 W_VALID_RDY Handshake beat=50 wlast=0
[2285000] S1 MEMORY WRITE beat=42 addr=1487ab40 data=9a0eddaa8444c40a id=01
[2285000] AXI S0_WVALID_RDY HANDSHAKE
[2285000] S0 MEMORY WRITE beat=43 addr=0a08447e data=946875e9defa1391 id=1e
[2295000] AXI S0_WVALID_RDY HANDSHAKE
[2295000] S0 MEMORY WRITE beat=44 addr=0a084480 data=b1ee7f0fc12bb155 id=1e
[2295000] S1 MEMORY WRITE beat=43 addr=1487ab44 data=c1b064dc1a9edb4a id=01
[2295000] MASTER 1 W_VALID_RDY Handshake beat=51 wlast=0
[2295000] MASTER 0 W_VALID_RDY Handshake beat=44 wlast=0
[2305000] MASTER 0 W_VALID_RDY Handshake beat=45 wlast=0
[2305000] MASTER 1 W_VALID_RDY Handshake beat=52 wlast=0
[2305000] S1 MEMORY WRITE beat=44 addr=1487ab48 data=ec3682c41be03be2 id=01
[2305000] AXI S0_WVALID_RDY HANDSHAKE
[2305000] S0 MEMORY WRITE beat=45 addr=0a084482 data=c07c922dc26624e1 id=1e
[2315000] AXI S0_WVALID_RDY HANDSHAKE
[2315000] S0 MEMORY WRITE beat=46 addr=0a084484 data=a1603872a7572117 id=1e
[2315000] S1 MEMORY WRITE beat=45 addr=1487ab4c data=a024ffec96acbd32 id=01
[2315000] MASTER 1 W_VALID_RDY Handshake beat=53 wlast=0
[2315000] MASTER 0 W_VALID_RDY Handshake beat=46 wlast=0
[2325000] MASTER 0 W_VALID_RDY Handshake beat=47 wlast=0
[2325000] MASTER 1 W_VALID_RDY Handshake beat=54 wlast=0
[2325000] S1 MEMORY WRITE beat=46 addr=1487ab50 data=b14b987c8645606e id=01
[2325000] AXI S0_WVALID_RDY HANDSHAKE
[2325000] S0 MEMORY WRITE beat=47 addr=0a084486 data=e882d26cd4e50817 id=1e
[2335000] AXI S0_WVALID_RDY HANDSHAKE
[2335000] S0 MEMORY WRITE beat=48 addr=0a084488 data=174b2cf8d34eb782 id=1e
[2335000] S1 MEMORY WRITE beat=47 addr=1487ab54 data=a2259c50e1d564c9 id=01
[2335000] MASTER 1 W_VALID_RDY Handshake beat=55 wlast=0
[2335000] MASTER 0 W_VALID_RDY Handshake beat=48 wlast=0
[2345000] MASTER 0 W_VALID_RDY Handshake beat=49 wlast=0
[2345000] MASTER 1 W_VALID_RDY Handshake beat=56 wlast=0
[2345000] S1 MEMORY WRITE beat=48 addr=1487ab58 data=f88221fb9d821b40 id=01
[2345000] AXI S0_WVALID_RDY HANDSHAKE
[2345000] S0 MEMORY WRITE beat=49 addr=0a08448a data=faa5d89928ff649a id=1e
[2355000] AXI S0_WVALID_RDY HANDSHAKE
[2355000] S0 MEMORY WRITE beat=50 addr=0a08448c data=fde46cb1b8ab656a id=1e
[2355000] S1 MEMORY WRITE beat=49 addr=1487ab5c data=23c77bafc24a9c3d id=01
[2355000] MASTER 1 W_VALID_RDY Handshake beat=57 wlast=0
[2355000] MASTER 0 W_VALID_RDY Handshake beat=50 wlast=0
[2365000] MASTER 0 W_VALID_RDY Handshake beat=51 wlast=0
[2365000] MASTER 1 W_VALID_RDY Handshake beat=58 wlast=0
[2365000] S1 MEMORY WRITE beat=50 addr=1487ab60 data=2420010629cdba78 id=01
[2365000] AXI S0_WVALID_RDY HANDSHAKE
[2365000] S0 MEMORY WRITE beat=51 addr=0a08448e data=8bfa1cece328ab06 id=1e
[2375000] AXI S0_WVALID_RDY HANDSHAKE
[2375000] S0 MEMORY WRITE beat=52 addr=0a084490 data=0c280fa0152f99a9 id=1e
[2375000] S1 MEMORY WRITE beat=51 addr=1487ab64 data=c74fd5b8c5ed17ff id=01
[2375000] MASTER 1 W_VALID_RDY Handshake beat=59 wlast=0
[2375000] MASTER 0 W_VALID_RDY Handshake beat=52 wlast=0
[2385000] MASTER 0 W_VALID_RDY Handshake beat=53 wlast=0
[2385000] MASTER 1 W_VALID_RDY Handshake beat=60 wlast=0
[2385000] S1 MEMORY WRITE beat=52 addr=1487ab68 data=8837b43c9ca22301 id=01
[2385000] AXI S0_WVALID_RDY HANDSHAKE
[2385000] S0 MEMORY WRITE beat=53 addr=0a084492 data=cddaff13069ff586 id=1e
[2395000] AXI S0_WVALID_RDY HANDSHAKE
[2395000] S0 MEMORY WRITE beat=54 addr=0a084494 data=e9c8a08c0a0c7c51 id=1e
[2395000] S1 MEMORY WRITE beat=53 addr=1487ab6c data=c66fdd79eb175167 id=01
[2395000] MASTER 1 W_VALID_RDY Handshake beat=61 wlast=0
[2395000] MASTER 0 W_VALID_RDY Handshake beat=54 wlast=0
[2405000] MASTER 0 W_VALID_RDY Handshake beat=55 wlast=0
[2405000] MASTER 1 W_VALID_RDY Handshake beat=62 wlast=0
[2405000] S1 MEMORY WRITE beat=54 addr=1487ab70 data=31046967ac57b542 id=01
[2405000] AXI S0_WVALID_RDY HANDSHAKE
[2405000] S0 MEMORY WRITE beat=55 addr=0a084496 data=1f3c15fad9d51c00 id=1e
[2415000] AXI S0_WVALID_RDY HANDSHAKE
[2415000] S0 MEMORY WRITE beat=56 addr=0a084498 data=e0751186f5f0b02c id=1e
[2415000] S1 MEMORY WRITE beat=55 addr=1487ab74 data=c8f9d8440dbfb332 id=01
[2415000] MASTER 1 W_VALID_RDY Handshake beat=63 wlast=0
[2415000] MASTER 0 W_VALID_RDY Handshake beat=56 wlast=0
[2425000] MASTER 0 W_VALID_RDY Handshake beat=57 wlast=0
[2425000] MASTER 1 W_VALID_RDY Handshake beat=64 wlast=0
[2425000] S1 MEMORY WRITE beat=56 addr=1487ab78 data=f8d70499b93c1da3 id=01
[2425000] AXI S0_WVALID_RDY HANDSHAKE
[2425000] S0 MEMORY WRITE beat=57 addr=0a08449a data=fffd2c7ded17150d id=1e
[2435000] AXI S0_WVALID_RDY HANDSHAKE
[2435000] S0 MEMORY WRITE beat=58 addr=0a08449c data=c6ec310dca3db212 id=1e
[2435000] S1 MEMORY WRITE beat=57 addr=1487ab7c data=e593d2e68f69b5bd id=01
[2435000] MASTER 1 W_VALID_RDY Handshake beat=65 wlast=0
[2435000] MASTER 0 W_VALID_RDY Handshake beat=58 wlast=0
[2445000] MASTER 0 W_VALID_RDY Handshake beat=59 wlast=0
[2445000] MASTER 1 W_VALID_RDY Handshake beat=66 wlast=0
[2445000] S1 MEMORY WRITE beat=58 addr=1487ab80 data=9d2968efa9db6e00 id=01
[2445000] AXI S0_WVALID_RDY HANDSHAKE
[2445000] S0 MEMORY WRITE beat=59 addr=0a08449e data=c02e623e1f394277 id=1e
[2455000] AXI S0_WVALID_RDY HANDSHAKE
[2455000] S0 MEMORY WRITE beat=60 addr=0a0844a0 data=8c505784a7614293 id=1e
[2455000] S1 MEMORY WRITE beat=59 addr=1487ab84 data=e3178ba42e8dab2a id=01
[2455000] MASTER 1 W_VALID_RDY Handshake beat=67 wlast=0
[2455000] MASTER 0 W_VALID_RDY Handshake beat=60 wlast=0
[2465000] MASTER 0 W_VALID_RDY Handshake beat=61 wlast=0
[2465000] MASTER 1 W_VALID_RDY Handshake beat=68 wlast=0
[2465000] S1 MEMORY WRITE beat=60 addr=1487ab88 data=bdf760e716006d89 id=01
[2465000] AXI S0_WVALID_RDY HANDSHAKE
[2465000] S0 MEMORY WRITE beat=61 addr=0a0844a2 data=f19ef4a5c02b8ebb id=1e
[2475000] AXI S0_WVALID_RDY HANDSHAKE
[2475000] S0 MEMORY WRITE beat=62 addr=0a0844a4 data=df64d132d33c8892 id=1e
[2475000] S1 MEMORY WRITE beat=61 addr=1487ab8c data=bfdbdb89c8ab5e8a id=01
[2475000] MASTER 1 W_VALID_RDY Handshake beat=69 wlast=0
[2475000] MASTER 0 W_VALID_RDY Handshake beat=62 wlast=0
[2485000] MASTER 0 W_VALID_RDY Handshake beat=63 wlast=0
[2485000] MASTER 1 W_VALID_RDY Handshake beat=70 wlast=0
[2485000] S1 MEMORY WRITE beat=62 addr=1487ab90 data=f73909b4db20c9d7 id=01
[2485000] AXI S0_WVALID_RDY HANDSHAKE
[2485000] S0 MEMORY WRITE beat=63 addr=0a0844a6 data=fa9dcb25b1cd56e3 id=1e
[2495000] AXI S0_WVALID_RDY HANDSHAKE
[2495000] S0 MEMORY WRITE beat=64 addr=0a0844a8 data=f1f8e59eebb528b6 id=1e
[2495000] S1 MEMORY WRITE beat=63 addr=1487ab94 data=f1213760a2f3672d id=01
[2495000] MASTER 1 W_VALID_RDY Handshake beat=71 wlast=0
[2495000] MASTER 0 W_VALID_RDY Handshake beat=64 wlast=0
[2505000] MASTER 0 W_VALID_RDY Handshake beat=65 wlast=0
[2505000] MASTER 1 W_VALID_RDY Handshake beat=72 wlast=0
[2505000] S1 MEMORY WRITE beat=64 addr=1487ab98 data=eb9ec5b7b5306a9b id=01
[2505000] AXI S0_WVALID_RDY HANDSHAKE
[2505000] S0 MEMORY WRITE beat=65 addr=0a0844aa data=bef1b148ec3cbfcb id=1e
[2515000] AXI S0_WVALID_RDY HANDSHAKE
[2515000] S0 MEMORY WRITE beat=66 addr=0a0844ac data=9e0a16aed15db6d0 id=1e
[2515000] S1 MEMORY WRITE beat=65 addr=1487ab9c data=90513472b0fd12e9 id=01
[2515000] MASTER 1 W_VALID_RDY Handshake beat=73 wlast=0
[2515000] MASTER 0 W_VALID_RDY Handshake beat=66 wlast=0
[2525000] MASTER 0 W_VALID_RDY Handshake beat=67 wlast=0
[2525000] MASTER 1 W_VALID_RDY Handshake beat=74 wlast=0
[2525000] S1 MEMORY WRITE beat=66 addr=1487aba0 data=d3f07a17e2d7cf6b id=01
[2525000] AXI S0_WVALID_RDY HANDSHAKE
[2525000] S0 MEMORY WRITE beat=67 addr=0a0844ae data=3d12df87398f7c6e id=1e
[2535000] AXI S0_WVALID_RDY HANDSHAKE
[2535000] S0 MEMORY WRITE beat=68 addr=0a0844b0 data=25cc3c391002fc4d id=1e
[2535000] S1 MEMORY WRITE beat=67 addr=1487aba4 data=18083a0781726bd2 id=01
[2535000] MASTER 1 W_VALID_RDY Handshake beat=75 wlast=0
[2535000] MASTER 0 W_VALID_RDY Handshake beat=68 wlast=0
[2545000] MASTER 0 W_VALID_RDY Handshake beat=69 wlast=0
[2545000] MASTER 1 W_VALID_RDY Handshake beat=76 wlast=0
[2545000] S1 MEMORY WRITE beat=68 addr=1487aba8 data=326f7ebcbf8f3fce id=01
[2545000] AXI S0_WVALID_RDY HANDSHAKE
[2545000] S0 MEMORY WRITE beat=69 addr=0a0844b2 data=e160b31dfc0490cf id=1e
[2555000] AXI S0_WVALID_RDY HANDSHAKE
[2555000] S0 MEMORY WRITE beat=70 addr=0a0844b4 data=b5940d3dc3d652e7 id=1e
[2555000] S1 MEMORY WRITE beat=69 addr=1487abac data=22670f3aa8596e79 id=01
[2555000] MASTER 1 W_VALID_RDY Handshake beat=77 wlast=0
[2555000] MASTER 0 W_VALID_RDY Handshake beat=70 wlast=0
[2565000] MASTER 0 W_VALID_RDY Handshake beat=71 wlast=0
[2565000] MASTER 1 W_VALID_RDY Handshake beat=78 wlast=0
[2565000] S1 MEMORY WRITE beat=70 addr=1487abb0 data=29cbda4c065ff8d3 id=01
[2565000] AXI S0_WVALID_RDY HANDSHAKE
[2565000] S0 MEMORY WRITE beat=71 addr=0a0844b6 data=d3d94f349e7392a4 id=1e
[2575000] AXI S0_WVALID_RDY HANDSHAKE
[2575000] S0 MEMORY WRITE beat=72 addr=0a0844b8 data=1a782374db604976 id=1e
[2575000] S1 MEMORY WRITE beat=71 addr=1487abb4 data=c5ef38a13a6f4941 id=01
[2575000] MASTER 1 W_VALID_RDY Handshake beat=79 wlast=0
[2575000] MASTER 0 W_VALID_RDY Handshake beat=72 wlast=0
[2585000] MASTER 0 W_VALID_RDY Handshake beat=73 wlast=0
[2585000] MASTER 1 W_VALID_RDY Handshake beat=80 wlast=0
[2585000] S1 MEMORY WRITE beat=72 addr=1487abb8 data=e2c8b7badc3b5908 id=01
[2585000] AXI S0_WVALID_RDY HANDSHAKE
[2585000] S0 MEMORY WRITE beat=73 addr=0a0844ba data=1f369c5e353a0252 id=1e
[2595000] AXI S0_WVALID_RDY HANDSHAKE
[2595000] S0 MEMORY WRITE beat=74 addr=0a0844bc data=d3ad94f6d00c30b1 id=1e
[2595000] S1 MEMORY WRITE beat=73 addr=1487abbc data=e29b51dbe85647db id=01
[2595000] MASTER 1 W_VALID_RDY Handshake beat=81 wlast=0
[2595000] MASTER 0 W_VALID_RDY Handshake beat=74 wlast=0
[2605000] MASTER 0 W_VALID_RDY Handshake beat=75 wlast=0
[2605000] MASTER 1 W_VALID_RDY Handshake beat=82 wlast=0
[2605000] S1 MEMORY WRITE beat=74 addr=1487abc0 data=a2c5911c8c949206 id=01
[2605000] AXI S0_WVALID_RDY HANDSHAKE
[2605000] S0 MEMORY WRITE beat=75 addr=0a0844be data=2b6c7a28f30feb92 id=1e
[2615000] AXI S0_WVALID_RDY HANDSHAKE
[2615000] S0 MEMORY WRITE beat=76 addr=0a0844c0 data=a849ede4ee25b86a id=1e
[2615000] S1 MEMORY WRITE beat=75 addr=1487abc4 data=e8cfeb0ea88a8a7c id=01
[2615000] MASTER 1 W_VALID_RDY Handshake beat=83 wlast=0
[2615000] MASTER 0 W_VALID_RDY Handshake beat=76 wlast=0
[2625000] MASTER 0 W_VALID_RDY Handshake beat=77 wlast=0
[2625000] MASTER 1 W_VALID_RDY Handshake beat=84 wlast=0
[2625000] S1 MEMORY WRITE beat=76 addr=1487abc8 data=10e0d258058e48d7 id=01
[2625000] AXI S0_WVALID_RDY HANDSHAKE
[2625000] S0 MEMORY WRITE beat=77 addr=0a0844c2 data=3e31e91ccaa31686 id=1e
[2635000] AXI S0_WVALID_RDY HANDSHAKE
[2635000] S0 MEMORY WRITE beat=78 addr=0a0844c4 data=bdb30218fbf782db id=1e
[2635000] S1 MEMORY WRITE beat=77 addr=1487abcc data=9222daddcb6b3ce9 id=01
[2635000] MASTER 1 W_VALID_RDY Handshake beat=85 wlast=0
[2635000] MASTER 0 W_VALID_RDY Handshake beat=78 wlast=0
[2645000] MASTER 0 W_VALID_RDY Handshake beat=79 wlast=0
[2645000] MASTER 1 W_VALID_RDY Handshake beat=86 wlast=0
[2645000] S1 MEMORY WRITE beat=78 addr=1487abd0 data=f3f5c766b3a66374 id=01
[2645000] AXI S0_WVALID_RDY HANDSHAKE
[2645000] S0 MEMORY WRITE beat=79 addr=0a0844c6 data=ea1d3b45e99e6344 id=1e
[2655000] AXI S0_WVALID_RDY HANDSHAKE
[2655000] S0 MEMORY WRITE beat=80 addr=0a0844c8 data=344179cae5fceffd id=1e
[2655000] S1 MEMORY WRITE beat=79 addr=1487abd4 data=b934ac4bfaf2c5ec id=01
[2655000] MASTER 1 W_VALID_RDY Handshake beat=87 wlast=0
[2655000] MASTER 0 W_VALID_RDY Handshake beat=80 wlast=0
[2665000] MASTER 0 W_VALID_RDY Handshake beat=81 wlast=0
[2665000] MASTER 1 W_VALID_RDY Handshake beat=88 wlast=0
[2665000] S1 MEMORY WRITE beat=80 addr=1487abd8 data=c65e02d504d699be id=01
[2665000] AXI S0_WVALID_RDY HANDSHAKE
[2665000] S0 MEMORY WRITE beat=81 addr=0a0844ca data=e1f472d8a84f2461 id=1e
[2675000] AXI S0_WVALID_RDY HANDSHAKE
[2675000] S0 MEMORY WRITE beat=82 addr=0a0844cc data=91ed87a5f1f47be2 id=1e
[2675000] S1 MEMORY WRITE beat=81 addr=1487abdc data=b87cfd32cb578729 id=01
[2675000] MASTER 1 W_VALID_RDY Handshake beat=89 wlast=0
[2675000] MASTER 0 W_VALID_RDY Handshake beat=82 wlast=0
[2685000] MASTER 0 W_VALID_RDY Handshake beat=83 wlast=0
[2685000] MASTER 1 W_VALID_RDY Handshake beat=90 wlast=0
[2685000] S1 MEMORY WRITE beat=82 addr=1487abe0 data=c64a4d15ba53ca3b id=01
[2685000] AXI S0_WVALID_RDY HANDSHAKE
[2685000] S0 MEMORY WRITE beat=83 addr=0a0844ce data=d7f16bdfcc11ae1d id=1e
[2695000] AXI S0_WVALID_RDY HANDSHAKE
[2695000] S0 MEMORY WRITE beat=84 addr=0a0844d0 data=f460d27fc62f016f id=1e
[2695000] S1 MEMORY WRITE beat=83 addr=1487abe4 data=bf2a63f9f1b1a97e id=01
[2695000] MASTER 1 W_VALID_RDY Handshake beat=91 wlast=0
[2695000] MASTER 0 W_VALID_RDY Handshake beat=84 wlast=0
[2705000] MASTER 0 W_VALID_RDY Handshake beat=85 wlast=0
[2705000] MASTER 1 W_VALID_RDY Handshake beat=92 wlast=0
[2705000] S1 MEMORY WRITE beat=84 addr=1487abe8 data=3d0930a78ca84fea id=01
[2705000] AXI S0_WVALID_RDY HANDSHAKE
[2705000] S0 MEMORY WRITE beat=85 addr=0a0844d2 data=38237d52b9e5deb7 id=1e
[2715000] AXI S0_WVALID_RDY HANDSHAKE
[2715000] S0 MEMORY WRITE beat=86 addr=0a0844d4 data=05f78cd5864e5a24 id=1e
[2715000] S1 MEMORY WRITE beat=85 addr=1487abec data=c6fc1a26f7a7612c id=01
[2715000] MASTER 1 W_VALID_RDY Handshake beat=93 wlast=0
[2715000] MASTER 0 W_VALID_RDY Handshake beat=86 wlast=0
[2725000] MASTER 0 W_VALID_RDY Handshake beat=87 wlast=0
[2725000] MASTER 1 W_VALID_RDY Handshake beat=94 wlast=0
[2725000] S1 MEMORY WRITE beat=86 addr=1487abf0 data=e9590aaa03537dbc id=01
[2725000] AXI S0_WVALID_RDY HANDSHAKE
[2725000] S0 MEMORY WRITE beat=87 addr=0a0844d6 data=cc7d5b949014e931 id=1e
[2735000] AXI S0_WVALID_RDY HANDSHAKE
[2735000] S0 MEMORY WRITE beat=88 addr=0a0844d8 data=c9fac7e9fa585f54 id=1e
[2735000] S1 MEMORY WRITE beat=87 addr=1487abf4 data=8ffbcda686267e1f id=01
[2735000] MASTER 1 W_VALID_RDY Handshake beat=95 wlast=0
[2735000] MASTER 0 W_VALID_RDY Handshake beat=88 wlast=0
[2745000] MASTER 0 W_VALID_RDY Handshake beat=89 wlast=0
[2745000] MASTER 1 W_VALID_RDY Handshake beat=96 wlast=0
[2745000] S1 MEMORY WRITE beat=88 addr=1487abf8 data=fdcddf4b26623b51 id=01
[2745000] AXI S0_WVALID_RDY HANDSHAKE
[2745000] S0 MEMORY WRITE beat=89 addr=0a0844da data=80a6b97804a0d8e6 id=1e
[2755000] AXI S0_WVALID_RDY HANDSHAKE
[2755000] S0 MEMORY WRITE beat=90 addr=0a0844dc data=94b5c217cff254be id=1e
[2755000] S1 MEMORY WRITE beat=89 addr=1487abfc data=29b5b90dd6f7e7cc id=01
[2755000] MASTER 1 W_VALID_RDY Handshake beat=97 wlast=0
[2755000] MASTER 0 W_VALID_RDY Handshake beat=90 wlast=0
[2765000] MASTER 0 W_VALID_RDY Handshake beat=91 wlast=0
[2765000] MASTER 1 W_VALID_RDY Handshake beat=98 wlast=0
[2765000] S1 MEMORY WRITE beat=90 addr=1487ac00 data=dd1e65ece726e9f5 id=01
[2765000] AXI S0_WVALID_RDY HANDSHAKE
[2765000] S0 MEMORY WRITE beat=91 addr=0a0844de data=ca4ab412cd24150c id=1e
[2775000] AXI S0_WVALID_RDY HANDSHAKE
[2775000] S0 MEMORY WRITE beat=92 addr=0a0844e0 data=d1c4edf2deb08a00 id=1e
[2775000] S1 MEMORY WRITE beat=91 addr=1487ac04 data=8d892546b9b186b3 id=01
[2775000] MASTER 1 W_VALID_RDY Handshake beat=99 wlast=0
[2775000] MASTER 0 W_VALID_RDY Handshake beat=92 wlast=0
[2785000] MASTER 0 W_VALID_RDY Handshake beat=93 wlast=0
[2785000] MASTER 1 W_VALID_RDY Handshake beat=100 wlast=0
[2785000] S1 MEMORY WRITE beat=92 addr=1487ac08 data=10a96e80daec4537 id=01
[2785000] AXI S0_WVALID_RDY HANDSHAKE
[2785000] S0 MEMORY WRITE beat=93 addr=0a0844e2 data=aea2debecaf16d8a id=1e
[2795000] AXI S0_WVALID_RDY HANDSHAKE
[2795000] S0 MEMORY WRITE beat=94 addr=0a0844e4 data=18158297e67ab00a id=1e
[2795000] S1 MEMORY WRITE beat=93 addr=1487ac0c data=c2132f2db73ede53 id=01
[2795000] MASTER 1 W_VALID_RDY Handshake beat=101 wlast=0
[2795000] MASTER 0 W_VALID_RDY Handshake beat=94 wlast=0
[2805000] MASTER 0 W_VALID_RDY Handshake beat=95 wlast=0
[2805000] MASTER 1 W_VALID_RDY Handshake beat=102 wlast=0
[2805000] S1 MEMORY WRITE beat=94 addr=1487ac10 data=f0f06507edc7d46c id=01
[2805000] AXI S0_WVALID_RDY HANDSHAKE
[2805000] S0 MEMORY WRITE beat=95 addr=0a0844e6 data=c52b3a0af8ed92d0 id=1e
[2815000] AXI S0_WVALID_RDY HANDSHAKE
[2815000] S0 MEMORY WRITE beat=96 addr=0a0844e8 data=c3df005be9da7089 id=1e
[2815000] S1 MEMORY WRITE beat=95 addr=1487ac14 data=c8b419a3cf9c5473 id=01
[2815000] MASTER 1 W_VALID_RDY Handshake beat=103 wlast=0
[2815000] MASTER 0 W_VALID_RDY Handshake beat=96 wlast=0
[2825000] MASTER 0 W_VALID_RDY Handshake beat=97 wlast=0
[2825000] MASTER 1 W_VALID_RDY Handshake beat=104 wlast=0
[2825000] S1 MEMORY WRITE beat=96 addr=1487ac18 data=06db32c70199d387 id=01
[2825000] AXI S0_WVALID_RDY HANDSHAKE
[2825000] S0 MEMORY WRITE beat=97 addr=0a0844ea data=d0552093f3ce18c9 id=1e
[2835000] AXI S0_WVALID_RDY HANDSHAKE
[2835000] S0 MEMORY WRITE beat=98 addr=0a0844ec data=ecbbab99dbf482f2 id=1e
[2835000] S1 MEMORY WRITE beat=97 addr=1487ac1c data=ef61a7f38ac748d0 id=01
[2835000] MASTER 1 W_VALID_RDY Handshake beat=105 wlast=0
[2835000] MASTER 0 W_VALID_RDY Handshake beat=98 wlast=0
[2845000] MASTER 0 W_VALID_RDY Handshake beat=99 wlast=0
[2845000] MASTER 1 W_VALID_RDY Handshake beat=106 wlast=0
[2845000] S1 MEMORY WRITE beat=98 addr=1487ac20 data=da639d44f7cb97ce id=01
[2845000] AXI S0_WVALID_RDY HANDSHAKE
[2845000] S0 MEMORY WRITE beat=99 addr=0a0844ee data=c5cef37b15805a9e id=1e
[2855000] AXI S0_WVALID_RDY HANDSHAKE
[2855000] S0 MEMORY WRITE beat=100 addr=0a0844f0 data=094e7367b09aabf4 id=1e
[2855000] S1 MEMORY WRITE beat=99 addr=1487ac24 data=f9656b55b815c196 id=01
[2855000] MASTER 1 W_VALID_RDY Handshake beat=107 wlast=0
[2855000] MASTER 0 W_VALID_RDY Handshake beat=100 wlast=0
[2865000] MASTER 0 W_VALID_RDY Handshake beat=101 wlast=0
[2865000] MASTER 1 W_VALID_RDY Handshake beat=108 wlast=0
[2865000] S1 MEMORY WRITE beat=100 addr=1487ac28 data=c2dd0a67e13ed00b id=01
[2865000] AXI S0_WVALID_RDY HANDSHAKE
[2865000] S0 MEMORY WRITE beat=101 addr=0a0844f2 data=8c8f2ee61624140f id=1e
[2875000] AXI S0_WVALID_RDY HANDSHAKE
[2875000] S0 MEMORY WRITE beat=102 addr=0a0844f4 data=2ba46eadf60a1f00 id=1e
[2875000] S1 MEMORY WRITE beat=101 addr=1487ac2c data=d90a67d9e8c71348 id=01
[2875000] MASTER 1 W_VALID_RDY Handshake beat=109 wlast=0
[2875000] MASTER 0 W_VALID_RDY Handshake beat=102 wlast=0
[2885000] MASTER 0 W_VALID_RDY Handshake beat=103 wlast=0
[2885000] MASTER 1 W_VALID_RDY Handshake beat=110 wlast=0
[2885000] S1 MEMORY WRITE beat=102 addr=1487ac30 data=a0dcd4de1d40a7ab id=01
[2885000] AXI S0_WVALID_RDY HANDSHAKE
[2885000] S0 MEMORY WRITE beat=103 addr=0a0844f6 data=26a4caf5d25e2262 id=1e
[2895000] AXI S0_WVALID_RDY HANDSHAKE
[2895000] S0 MEMORY WRITE beat=104 addr=0a0844f8 data=e882367134f2e214 id=1e
[2895000] S1 MEMORY WRITE beat=103 addr=1487ac34 data=fe7f77b6d26fd32e id=01
[2895000] MASTER 1 W_VALID_RDY Handshake beat=111 wlast=0
[2895000] MASTER 0 W_VALID_RDY Handshake beat=104 wlast=0
[2905000] MASTER 0 W_VALID_RDY Handshake beat=105 wlast=0
[2905000] MASTER 1 W_VALID_RDY Handshake beat=112 wlast=0
[2905000] S1 MEMORY WRITE beat=104 addr=1487ac38 data=3b36e676e3b9df45 id=01
[2905000] AXI S0_WVALID_RDY HANDSHAKE
[2905000] S0 MEMORY WRITE beat=105 addr=0a0844fa data=aafd0114b333f9db id=1e
[2915000] AXI S0_WVALID_RDY HANDSHAKE
[2915000] S0 MEMORY WRITE beat=106 addr=0a0844fc data=85921c3d1426a51e id=1e
[2915000] S1 MEMORY WRITE beat=105 addr=1487ac3c data=80fa86f0d789df8f id=01
[2915000] MASTER 1 W_VALID_RDY Handshake beat=113 wlast=1
[2915000] MASTER 0 W_VALID_RDY Handshake beat=106 wlast=0
[2925000] MASTER 0 W_VALID_RDY Handshake beat=107 wlast=0
[2925000] S1 MEMORY WRITE beat=106 addr=1487ac40 data=29f9b2bddc13bb54 id=01
[2925000] AXI S0_WVALID_RDY HANDSHAKE
[2925000] S0 MEMORY WRITE beat=107 addr=0a0844fe data=c9198732d1a1cc09 id=1e
[2935000] AXI S0_WVALID_RDY HANDSHAKE
[2935000] S0 MEMORY WRITE beat=108 addr=0a084500 data=04d5c5e5ee1452ae id=1e
[2935000] S1 MEMORY WRITE beat=107 addr=1487ac44 data=3fcd9a9aff79fea6 id=01
[2935000] MASTER 0 W_VALID_RDY Handshake beat=108 wlast=0
[2945000] MASTER 0 W_VALID_RDY Handshake beat=109 wlast=0
[2945000] S1 MEMORY WRITE beat=108 addr=1487ac48 data=d703de35e5309933 id=01
[2945000] AXI S0_WVALID_RDY HANDSHAKE
[2945000] S0 MEMORY WRITE beat=109 addr=0a084502 data=823af7ccf4168846 id=1e
[2955000] AXI S0_WVALID_RDY HANDSHAKE
[2955000] S0 MEMORY WRITE beat=110 addr=0a084504 data=c5b854508a67e222 id=1e
[2955000] S1 MEMORY WRITE beat=109 addr=1487ac4c data=c1445487c0c8218a id=01
[2955000] MASTER 0 W_VALID_RDY Handshake beat=110 wlast=0
[2965000] MASTER 0 W_VALID_RDY Handshake beat=111 wlast=0
[2965000] S1 MEMORY WRITE beat=110 addr=1487ac50 data=c042203180fd90f2 id=01
[2965000] AXI S0_WVALID_RDY HANDSHAKE
[2965000] S0 MEMORY WRITE beat=111 addr=0a084506 data=f87c34d1cb547efe id=1e
[2975000] AXI S0_WVALID_RDY HANDSHAKE
[2975000] S0 MEMORY WRITE beat=112 addr=0a084508 data=3f6b0745ca8e1a35 id=1e
[2975000] S1 MEMORY WRITE beat=111 addr=1487ac54 data=e62e2a258111ef21 id=01
[2975000] MASTER 0 W_VALID_RDY Handshake beat=112 wlast=0
[2985000] MASTER 0 W_VALID_RDY Handshake beat=113 wlast=0
[2985000] S1 MEMORY WRITE beat=112 addr=1487ac58 data=c1da10ac9745fe66 id=01
[2985000] AXI S0_WVALID_RDY HANDSHAKE
[2985000] S0 MEMORY WRITE beat=113 addr=0a08450a data=d4f5fc57fab72c9d id=1e
[2995000] SLAVE0 sent B resp, id=14
[2995000] S1 MEMORY WRITE beat=113 addr=1487ac5c data=18438f5927727ead id=01
[2995000] [SLAVE MONITOR] mst_id=1 s_id=0 awaddr=a084428 awid=1110 awlen=113 awsize=1 awburst=1 wdata=[fd29a31fae4c2a97 d4b8d38db1de1988 94ab62f98acd6153 39198bebc10aac29 f2e8c5b211d50619 9ca2676c0dd25f78 cedd0ba1879428ab 99692ec4d5bbf357 e38e52cfc1c5d153 c959f9ff360b9631 8bc78988326b5e71 f4312fc4e2c328c3 98cebef4ef55dc58 21c13ac9bd8b29c3 204e52872496487d 13ec24d595f26a8d d37d9451b91d117b ddb359f835ad5f9e cb9fca2bf3cbe6d8 ace8f853f19f7ecd a74cde6b9f1d5e7c 92e945540a9c524c fc3bd119f2eca897 920a07133fd23da8 ca6e8ff42388af85 1675581c24f34c68 e4c58a10c6aa610d ea331092a87f5f2f cd72ab972f341a04 f5de7b1180a868ae 2927c7deb23835a7 e16c4fabe0118ba4 e0b9f452f69a7375 28d2a91dd74acabd 375c566189e1bc30 7c2fa68a3ef8c8 e189c38598164ab3 21f806e4294ed8c3 b38dd18b98e619e6 30fc649a2274368a cbc30f4d15179511 adfdaef7d2f46b7e f568a208ff50e0d8 946875e9defa1391 b1ee7f0fc12bb155 c07c922dc26624e1 a1603872a7572117 e882d26cd4e50817 174b2cf8d34eb782 faa5d89928ff649a fde46cb1b8ab656a 8bfa1cece328ab06 c280fa0152f99a9 cddaff13069ff586 e9c8a08c0a0c7c51 1f3c15fad9d51c00 e0751186f5f0b02c fffd2c7ded17150d c6ec310dca3db212 c02e623e1f394277 8c505784a7614293 f19ef4a5c02b8ebb df64d132d33c8892 fa9dcb25b1cd56e3 f1f8e59eebb528b6 bef1b148ec3cbfcb 9e0a16aed15db6d0 3d12df87398f7c6e 25cc3c391002fc4d e160b31dfc0490cf b5940d3dc3d652e7 d3d94f349e7392a4 1a782374db604976 1f369c5e353a0252 d3ad94f6d00c30b1 2b6c7a28f30feb92 a849ede4ee25b86a 3e31e91ccaa31686 bdb30218fbf782db ea1d3b45e99e6344 344179cae5fceffd e1f472d8a84f2461 91ed87a5f1f47be2 d7f16bdfcc11ae1d f460d27fc62f016f 38237d52b9e5deb7 5f78cd5864e5a24 cc7d5b949014e931 c9fac7e9fa585f54 80a6b97804a0d8e6 94b5c217cff254be ca4ab412cd24150c d1c4edf2deb08a00 aea2debecaf16d8a 18158297e67ab00a c52b3a0af8ed92d0 c3df005be9da7089 d0552093f3ce18c9 ecbbab99dbf482f2 c5cef37b15805a9e 94e7367b09aabf4 8c8f2ee61624140f 2ba46eadf60a1f00 26a4caf5d25e2262 e882367134f2e214 aafd0114b333f9db 85921c3d1426a51e c9198732d1a1cc09 4d5c5e5ee1452ae 823af7ccf4168846 c5b854508a67e222 f87c34d1cb547efe 3f6b0745ca8e1a35 d4f5fc57fab72c9d ] wstrb=[95 9c 28 ca e1 c6 21 76 62 4a 40 43 10 61 b9 72 ab f9 b5 bb 5a 6e 2d 6 67 e2 c1 c1 50 ef c7 b7 d1 89 79 22 78 40 d9 49 c9 52 6b 41 93 45 8b 5c 97 f6 9e 2a 3b 29 87 d3 1f 25 fd 5b 4e 84 2e 6d a9 2b c8 f7 b0 f6 65 59 22 2d 51 d2 24 b6 2b 46 e3 7c 18 7 32 43 4d 16 c0 65 1d f2 a9 6b 8 69 d0 26 5b 79 91 64 e2 61 8a 3e db 1b a2 bd 7c 2c fb 57 ] bresp=0 bid=11110
[2995000] MASTER 0 W_VALID_RDY Handshake beat=114 wlast=0
[3005000] MASTER 0 W_VALID_RDY Handshake beat=115 wlast=0
[3005000] S1 MEMORY WRITE beat=114 addr=1487ac60 data=a8846dce021c30dd id=01
[3015000] S1 MEMORY WRITE beat=115 addr=1487ac64 data=99622f43fe71b97e id=01
[3015000] MASTER 1 B_VALID_RDY Handshake
[3015000] [MASTER MONITOR] mst_id=1 s_id=0 awaddr=a084428 awid=1110 awlen=113 awsize=1 awburst=1 wdata=[fd29a31fae4c2a97 d4b8d38db1de1988 94ab62f98acd6153 39198bebc10aac29 f2e8c5b211d50619 9ca2676c0dd25f78 cedd0ba1879428ab 99692ec4d5bbf357 e38e52cfc1c5d153 c959f9ff360b9631 8bc78988326b5e71 f4312fc4e2c328c3 98cebef4ef55dc58 21c13ac9bd8b29c3 204e52872496487d 13ec24d595f26a8d d37d9451b91d117b ddb359f835ad5f9e cb9fca2bf3cbe6d8 ace8f853f19f7ecd a74cde6b9f1d5e7c 92e945540a9c524c fc3bd119f2eca897 920a07133fd23da8 ca6e8ff42388af85 1675581c24f34c68 e4c58a10c6aa610d ea331092a87f5f2f cd72ab972f341a04 f5de7b1180a868ae 2927c7deb23835a7 e16c4fabe0118ba4 e0b9f452f69a7375 28d2a91dd74acabd 375c566189e1bc30 7c2fa68a3ef8c8 e189c38598164ab3 21f806e4294ed8c3 b38dd18b98e619e6 30fc649a2274368a cbc30f4d15179511 adfdaef7d2f46b7e f568a208ff50e0d8 946875e9defa1391 b1ee7f0fc12bb155 c07c922dc26624e1 a1603872a7572117 e882d26cd4e50817 174b2cf8d34eb782 faa5d89928ff649a fde46cb1b8ab656a 8bfa1cece328ab06 c280fa0152f99a9 cddaff13069ff586 e9c8a08c0a0c7c51 1f3c15fad9d51c00 e0751186f5f0b02c fffd2c7ded17150d c6ec310dca3db212 c02e623e1f394277 8c505784a7614293 f19ef4a5c02b8ebb df64d132d33c8892 fa9dcb25b1cd56e3 f1f8e59eebb528b6 bef1b148ec3cbfcb 9e0a16aed15db6d0 3d12df87398f7c6e 25cc3c391002fc4d e160b31dfc0490cf b5940d3dc3d652e7 d3d94f349e7392a4 1a782374db604976 1f369c5e353a0252 d3ad94f6d00c30b1 2b6c7a28f30feb92 a849ede4ee25b86a 3e31e91ccaa31686 bdb30218fbf782db ea1d3b45e99e6344 344179cae5fceffd e1f472d8a84f2461 91ed87a5f1f47be2 d7f16bdfcc11ae1d f460d27fc62f016f 38237d52b9e5deb7 5f78cd5864e5a24 cc7d5b949014e931 c9fac7e9fa585f54 80a6b97804a0d8e6 94b5c217cff254be ca4ab412cd24150c d1c4edf2deb08a00 aea2debecaf16d8a 18158297e67ab00a c52b3a0af8ed92d0 c3df005be9da7089 d0552093f3ce18c9 ecbbab99dbf482f2 c5cef37b15805a9e 94e7367b09aabf4 8c8f2ee61624140f 2ba46eadf60a1f00 26a4caf5d25e2262 e882367134f2e214 aafd0114b333f9db 85921c3d1426a51e c9198732d1a1cc09 4d5c5e5ee1452ae 823af7ccf4168846 c5b854508a67e222 f87c34d1cb547efe 3f6b0745ca8e1a35 d4f5fc57fab72c9d ] wstrb=[95 9c 28 ca e1 c6 21 76 62 4a 40 43 10 61 b9 72 ab f9 b5 bb 5a 6e 2d 6 67 e2 c1 c1 50 ef c7 b7 d1 89 79 22 78 40 d9 49 c9 52 6b 41 93 45 8b 5c 97 f6 9e 2a 3b 29 87 d3 1f 25 fd 5b 4e 84 2e 6d a9 2b c8 f7 b0 f6 65 59 22 2d 51 d2 24 b6 2b 46 e3 7c 18 7 32 43 4d 16 c0 65 1d f2 a9 6b 8 69 d0 26 5b 79 91 64 e2 61 8a 3e db 1b a2 bd 7c 2c fb 57 ] bresp=0 bid=1110
[3015000] MASTER 0 W_VALID_RDY Handshake beat=116 wlast=0
[3015000] MASTER 1 RECEIVED BRESP. BRESP=0
[3015000] [MASTER DRIVER] mst_id=1 s_id=0 awaddr=a084428 awid=1110 awlen=113 awsize=1 awburst=1 wdata=[fd29a31fae4c2a97 d4b8d38db1de1988 94ab62f98acd6153 39198bebc10aac29 f2e8c5b211d50619 9ca2676c0dd25f78 cedd0ba1879428ab 99692ec4d5bbf357 e38e52cfc1c5d153 c959f9ff360b9631 8bc78988326b5e71 f4312fc4e2c328c3 98cebef4ef55dc58 21c13ac9bd8b29c3 204e52872496487d 13ec24d595f26a8d d37d9451b91d117b ddb359f835ad5f9e cb9fca2bf3cbe6d8 ace8f853f19f7ecd a74cde6b9f1d5e7c 92e945540a9c524c fc3bd119f2eca897 920a07133fd23da8 ca6e8ff42388af85 1675581c24f34c68 e4c58a10c6aa610d ea331092a87f5f2f cd72ab972f341a04 f5de7b1180a868ae 2927c7deb23835a7 e16c4fabe0118ba4 e0b9f452f69a7375 28d2a91dd74acabd 375c566189e1bc30 7c2fa68a3ef8c8 e189c38598164ab3 21f806e4294ed8c3 b38dd18b98e619e6 30fc649a2274368a cbc30f4d15179511 adfdaef7d2f46b7e f568a208ff50e0d8 946875e9defa1391 b1ee7f0fc12bb155 c07c922dc26624e1 a1603872a7572117 e882d26cd4e50817 174b2cf8d34eb782 faa5d89928ff649a fde46cb1b8ab656a 8bfa1cece328ab06 c280fa0152f99a9 cddaff13069ff586 e9c8a08c0a0c7c51 1f3c15fad9d51c00 e0751186f5f0b02c fffd2c7ded17150d c6ec310dca3db212 c02e623e1f394277 8c505784a7614293 f19ef4a5c02b8ebb df64d132d33c8892 fa9dcb25b1cd56e3 f1f8e59eebb528b6 bef1b148ec3cbfcb 9e0a16aed15db6d0 3d12df87398f7c6e 25cc3c391002fc4d e160b31dfc0490cf b5940d3dc3d652e7 d3d94f349e7392a4 1a782374db604976 1f369c5e353a0252 d3ad94f6d00c30b1 2b6c7a28f30feb92 a849ede4ee25b86a 3e31e91ccaa31686 bdb30218fbf782db ea1d3b45e99e6344 344179cae5fceffd e1f472d8a84f2461 91ed87a5f1f47be2 d7f16bdfcc11ae1d f460d27fc62f016f 38237d52b9e5deb7 5f78cd5864e5a24 cc7d5b949014e931 c9fac7e9fa585f54 80a6b97804a0d8e6 94b5c217cff254be ca4ab412cd24150c d1c4edf2deb08a00 aea2debecaf16d8a 18158297e67ab00a c52b3a0af8ed92d0 c3df005be9da7089 d0552093f3ce18c9 ecbbab99dbf482f2 c5cef37b15805a9e 94e7367b09aabf4 8c8f2ee61624140f 2ba46eadf60a1f00 26a4caf5d25e2262 e882367134f2e214 aafd0114b333f9db 85921c3d1426a51e c9198732d1a1cc09 4d5c5e5ee1452ae 823af7ccf4168846 c5b854508a67e222 f87c34d1cb547efe 3f6b0745ca8e1a35 d4f5fc57fab72c9d ] wstrb=[95 9c 28 ca e1 c6 21 76 62 4a 40 43 10 61 b9 72 ab f9 b5 bb 5a 6e 2d 6 67 e2 c1 c1 50 ef c7 b7 d1 89 79 22 78 40 d9 49 c9 52 6b 41 93 45 8b 5c 97 f6 9e 2a 3b 29 87 d3 1f 25 fd 5b 4e 84 2e 6d a9 2b c8 f7 b0 f6 65 59 22 2d 51 d2 24 b6 2b 46 e3 7c 18 7 32 43 4d 16 c0 65 1d f2 a9 6b 8 69 d0 26 5b 79 91 64 e2 61 8a 3e db 1b a2 bd 7c 2c fb 57 ] bresp=0 bid=1110
[3015000] SCOREBOARD MATCH: decode_err expected = 0, actual =0
[3015000] SCOREBOARD MATCH: slave_id expected = 0, actual =0
[3015000] SCOREBOARD MATCH: awaddr passthrough expected = a084428, actual =a084428
[3015000] SCOREBOARD MATCH: awlen passthrough expected = 113, actual =113
[3015000] SCOREBOARD MATCH: awsize passthrough expected = 1, actual =1
[3015000] SCOREBOARD MATCH: awburst passthrough expected = 1, actual =1
[3015000] SCOREBOARD MATCH: wdata size check expected = 72, actual =72
[3015000] SCOREBOARD MATCH: wdata passthrough beat=0 expected = fd29a31fae4c2a97, actual =fd29a31fae4c2a97
[3015000] SCOREBOARD MATCH: wdata passthrough beat=1 expected = d4b8d38db1de1988, actual =d4b8d38db1de1988
[3015000] SCOREBOARD MATCH: wdata passthrough beat=2 expected = 94ab62f98acd6153, actual =94ab62f98acd6153
[3015000] SCOREBOARD MATCH: wdata passthrough beat=3 expected = 39198bebc10aac29, actual =39198bebc10aac29
[3015000] SCOREBOARD MATCH: wdata passthrough beat=4 expected = f2e8c5b211d50619, actual =f2e8c5b211d50619
[3015000] SCOREBOARD MATCH: wdata passthrough beat=5 expected = 9ca2676c0dd25f78, actual =9ca2676c0dd25f78
[3015000] SCOREBOARD MATCH: wdata passthrough beat=6 expected = cedd0ba1879428ab, actual =cedd0ba1879428ab
[3015000] SCOREBOARD MATCH: wdata passthrough beat=7 expected = 99692ec4d5bbf357, actual =99692ec4d5bbf357
[3015000] SCOREBOARD MATCH: wdata passthrough beat=8 expected = e38e52cfc1c5d153, actual =e38e52cfc1c5d153
[3015000] SCOREBOARD MATCH: wdata passthrough beat=9 expected = c959f9ff360b9631, actual =c959f9ff360b9631
[3015000] SCOREBOARD MATCH: wdata passthrough beat=10 expected = 8bc78988326b5e71, actual =8bc78988326b5e71
[3015000] SCOREBOARD MATCH: wdata passthrough beat=11 expected = f4312fc4e2c328c3, actual =f4312fc4e2c328c3
[3015000] SCOREBOARD MATCH: wdata passthrough beat=12 expected = 98cebef4ef55dc58, actual =98cebef4ef55dc58
[3015000] SCOREBOARD MATCH: wdata passthrough beat=13 expected = 21c13ac9bd8b29c3, actual =21c13ac9bd8b29c3
[3015000] SCOREBOARD MATCH: wdata passthrough beat=14 expected = 204e52872496487d, actual =204e52872496487d
[3015000] SCOREBOARD MATCH: wdata passthrough beat=15 expected = 13ec24d595f26a8d, actual =13ec24d595f26a8d
[3015000] SCOREBOARD MATCH: wdata passthrough beat=16 expected = d37d9451b91d117b, actual =d37d9451b91d117b
[3015000] SCOREBOARD MATCH: wdata passthrough beat=17 expected = ddb359f835ad5f9e, actual =ddb359f835ad5f9e
[3015000] SCOREBOARD MATCH: wdata passthrough beat=18 expected = cb9fca2bf3cbe6d8, actual =cb9fca2bf3cbe6d8
[3015000] SCOREBOARD MATCH: wdata passthrough beat=19 expected = ace8f853f19f7ecd, actual =ace8f853f19f7ecd
[3015000] SCOREBOARD MATCH: wdata passthrough beat=20 expected = a74cde6b9f1d5e7c, actual =a74cde6b9f1d5e7c
[3015000] SCOREBOARD MATCH: wdata passthrough beat=21 expected = 92e945540a9c524c, actual =92e945540a9c524c
[3015000] SCOREBOARD MATCH: wdata passthrough beat=22 expected = fc3bd119f2eca897, actual =fc3bd119f2eca897
[3015000] SCOREBOARD MATCH: wdata passthrough beat=23 expected = 920a07133fd23da8, actual =920a07133fd23da8
[3015000] SCOREBOARD MATCH: wdata passthrough beat=24 expected = ca6e8ff42388af85, actual =ca6e8ff42388af85
[3015000] SCOREBOARD MATCH: wdata passthrough beat=25 expected = 1675581c24f34c68, actual =1675581c24f34c68
[3015000] SCOREBOARD MATCH: wdata passthrough beat=26 expected = e4c58a10c6aa610d, actual =e4c58a10c6aa610d
[3015000] SCOREBOARD MATCH: wdata passthrough beat=27 expected = ea331092a87f5f2f, actual =ea331092a87f5f2f
[3015000] SCOREBOARD MATCH: wdata passthrough beat=28 expected = cd72ab972f341a04, actual =cd72ab972f341a04
[3015000] SCOREBOARD MATCH: wdata passthrough beat=29 expected = f5de7b1180a868ae, actual =f5de7b1180a868ae
[3015000] SCOREBOARD MATCH: wdata passthrough beat=30 expected = 2927c7deb23835a7, actual =2927c7deb23835a7
[3015000] SCOREBOARD MATCH: wdata passthrough beat=31 expected = e16c4fabe0118ba4, actual =e16c4fabe0118ba4
[3015000] SCOREBOARD MATCH: wdata passthrough beat=32 expected = e0b9f452f69a7375, actual =e0b9f452f69a7375
[3015000] SCOREBOARD MATCH: wdata passthrough beat=33 expected = 28d2a91dd74acabd, actual =28d2a91dd74acabd
[3015000] SCOREBOARD MATCH: wdata passthrough beat=34 expected = 375c566189e1bc30, actual =375c566189e1bc30
[3015000] SCOREBOARD MATCH: wdata passthrough beat=35 expected = 7c2fa68a3ef8c8, actual =7c2fa68a3ef8c8
[3015000] SCOREBOARD MATCH: wdata passthrough beat=36 expected = e189c38598164ab3, actual =e189c38598164ab3
[3015000] SCOREBOARD MATCH: wdata passthrough beat=37 expected = 21f806e4294ed8c3, actual =21f806e4294ed8c3
[3015000] SCOREBOARD MATCH: wdata passthrough beat=38 expected = b38dd18b98e619e6, actual =b38dd18b98e619e6
[3015000] SCOREBOARD MATCH: wdata passthrough beat=39 expected = 30fc649a2274368a, actual =30fc649a2274368a
[3015000] SCOREBOARD MATCH: wdata passthrough beat=40 expected = cbc30f4d15179511, actual =cbc30f4d15179511
[3015000] SCOREBOARD MATCH: wdata passthrough beat=41 expected = adfdaef7d2f46b7e, actual =adfdaef7d2f46b7e
[3015000] SCOREBOARD MATCH: wdata passthrough beat=42 expected = f568a208ff50e0d8, actual =f568a208ff50e0d8
[3015000] SCOREBOARD MATCH: wdata passthrough beat=43 expected = 946875e9defa1391, actual =946875e9defa1391
[3015000] SCOREBOARD MATCH: wdata passthrough beat=44 expected = b1ee7f0fc12bb155, actual =b1ee7f0fc12bb155
[3015000] SCOREBOARD MATCH: wdata passthrough beat=45 expected = c07c922dc26624e1, actual =c07c922dc26624e1
[3015000] SCOREBOARD MATCH: wdata passthrough beat=46 expected = a1603872a7572117, actual =a1603872a7572117
[3015000] SCOREBOARD MATCH: wdata passthrough beat=47 expected = e882d26cd4e50817, actual =e882d26cd4e50817
[3015000] SCOREBOARD MATCH: wdata passthrough beat=48 expected = 174b2cf8d34eb782, actual =174b2cf8d34eb782
[3015000] SCOREBOARD MATCH: wdata passthrough beat=49 expected = faa5d89928ff649a, actual =faa5d89928ff649a
[3015000] SCOREBOARD MATCH: wdata passthrough beat=50 expected = fde46cb1b8ab656a, actual =fde46cb1b8ab656a
[3015000] SCOREBOARD MATCH: wdata passthrough beat=51 expected = 8bfa1cece328ab06, actual =8bfa1cece328ab06
[3015000] SCOREBOARD MATCH: wdata passthrough beat=52 expected = c280fa0152f99a9, actual =c280fa0152f99a9
[3015000] SCOREBOARD MATCH: wdata passthrough beat=53 expected = cddaff13069ff586, actual =cddaff13069ff586
[3015000] SCOREBOARD MATCH: wdata passthrough beat=54 expected = e9c8a08c0a0c7c51, actual =e9c8a08c0a0c7c51
[3015000] SCOREBOARD MATCH: wdata passthrough beat=55 expected = 1f3c15fad9d51c00, actual =1f3c15fad9d51c00
[3015000] SCOREBOARD MATCH: wdata passthrough beat=56 expected = e0751186f5f0b02c, actual =e0751186f5f0b02c
[3015000] SCOREBOARD MATCH: wdata passthrough beat=57 expected = fffd2c7ded17150d, actual =fffd2c7ded17150d
[3015000] SCOREBOARD MATCH: wdata passthrough beat=58 expected = c6ec310dca3db212, actual =c6ec310dca3db212
[3015000] SCOREBOARD MATCH: wdata passthrough beat=59 expected = c02e623e1f394277, actual =c02e623e1f394277
[3015000] SCOREBOARD MATCH: wdata passthrough beat=60 expected = 8c505784a7614293, actual =8c505784a7614293
[3015000] SCOREBOARD MATCH: wdata passthrough beat=61 expected = f19ef4a5c02b8ebb, actual =f19ef4a5c02b8ebb
[3015000] SCOREBOARD MATCH: wdata passthrough beat=62 expected = df64d132d33c8892, actual =df64d132d33c8892
[3015000] SCOREBOARD MATCH: wdata passthrough beat=63 expected = fa9dcb25b1cd56e3, actual =fa9dcb25b1cd56e3
[3015000] SCOREBOARD MATCH: wdata passthrough beat=64 expected = f1f8e59eebb528b6, actual =f1f8e59eebb528b6
[3015000] SCOREBOARD MATCH: wdata passthrough beat=65 expected = bef1b148ec3cbfcb, actual =bef1b148ec3cbfcb
[3015000] SCOREBOARD MATCH: wdata passthrough beat=66 expected = 9e0a16aed15db6d0, actual =9e0a16aed15db6d0
[3015000] SCOREBOARD MATCH: wdata passthrough beat=67 expected = 3d12df87398f7c6e, actual =3d12df87398f7c6e
[3015000] SCOREBOARD MATCH: wdata passthrough beat=68 expected = 25cc3c391002fc4d, actual =25cc3c391002fc4d
[3015000] SCOREBOARD MATCH: wdata passthrough beat=69 expected = e160b31dfc0490cf, actual =e160b31dfc0490cf
[3015000] SCOREBOARD MATCH: wdata passthrough beat=70 expected = b5940d3dc3d652e7, actual =b5940d3dc3d652e7
[3015000] SCOREBOARD MATCH: wdata passthrough beat=71 expected = d3d94f349e7392a4, actual =d3d94f349e7392a4
[3015000] SCOREBOARD MATCH: wdata passthrough beat=72 expected = 1a782374db604976, actual =1a782374db604976
[3015000] SCOREBOARD MATCH: wdata passthrough beat=73 expected = 1f369c5e353a0252, actual =1f369c5e353a0252
[3015000] SCOREBOARD MATCH: wdata passthrough beat=74 expected = d3ad94f6d00c30b1, actual =d3ad94f6d00c30b1
[3015000] SCOREBOARD MATCH: wdata passthrough beat=75 expected = 2b6c7a28f30feb92, actual =2b6c7a28f30feb92
[3015000] SCOREBOARD MATCH: wdata passthrough beat=76 expected = a849ede4ee25b86a, actual =a849ede4ee25b86a
[3015000] SCOREBOARD MATCH: wdata passthrough beat=77 expected = 3e31e91ccaa31686, actual =3e31e91ccaa31686
[3015000] SCOREBOARD MATCH: wdata passthrough beat=78 expected = bdb30218fbf782db, actual =bdb30218fbf782db
[3015000] SCOREBOARD MATCH: wdata passthrough beat=79 expected = ea1d3b45e99e6344, actual =ea1d3b45e99e6344
[3015000] SCOREBOARD MATCH: wdata passthrough beat=80 expected = 344179cae5fceffd, actual =344179cae5fceffd
[3015000] SCOREBOARD MATCH: wdata passthrough beat=81 expected = e1f472d8a84f2461, actual =e1f472d8a84f2461
[3015000] SCOREBOARD MATCH: wdata passthrough beat=82 expected = 91ed87a5f1f47be2, actual =91ed87a5f1f47be2
[3015000] SCOREBOARD MATCH: wdata passthrough beat=83 expected = d7f16bdfcc11ae1d, actual =d7f16bdfcc11ae1d
[3015000] SCOREBOARD MATCH: wdata passthrough beat=84 expected = f460d27fc62f016f, actual =f460d27fc62f016f
[3015000] SCOREBOARD MATCH: wdata passthrough beat=85 expected = 38237d52b9e5deb7, actual =38237d52b9e5deb7
[3015000] SCOREBOARD MATCH: wdata passthrough beat=86 expected = 5f78cd5864e5a24, actual =5f78cd5864e5a24
[3015000] SCOREBOARD MATCH: wdata passthrough beat=87 expected = cc7d5b949014e931, actual =cc7d5b949014e931
[3015000] SCOREBOARD MATCH: wdata passthrough beat=88 expected = c9fac7e9fa585f54, actual =c9fac7e9fa585f54
[3015000] SCOREBOARD MATCH: wdata passthrough beat=89 expected = 80a6b97804a0d8e6, actual =80a6b97804a0d8e6
[3015000] SCOREBOARD MATCH: wdata passthrough beat=90 expected = 94b5c217cff254be, actual =94b5c217cff254be
[3015000] SCOREBOARD MATCH: wdata passthrough beat=91 expected = ca4ab412cd24150c, actual =ca4ab412cd24150c
[3015000] SCOREBOARD MATCH: wdata passthrough beat=92 expected = d1c4edf2deb08a00, actual =d1c4edf2deb08a00
[3015000] SCOREBOARD MATCH: wdata passthrough beat=93 expected = aea2debecaf16d8a, actual =aea2debecaf16d8a
[3015000] SCOREBOARD MATCH: wdata passthrough beat=94 expected = 18158297e67ab00a, actual =18158297e67ab00a
[3015000] SCOREBOARD MATCH: wdata passthrough beat=95 expected = c52b3a0af8ed92d0, actual =c52b3a0af8ed92d0
[3015000] SCOREBOARD MATCH: wdata passthrough beat=96 expected = c3df005be9da7089, actual =c3df005be9da7089
[3015000] SCOREBOARD MATCH: wdata passthrough beat=97 expected = d0552093f3ce18c9, actual =d0552093f3ce18c9
[3015000] SCOREBOARD MATCH: wdata passthrough beat=98 expected = ecbbab99dbf482f2, actual =ecbbab99dbf482f2
[3015000] SCOREBOARD MATCH: wdata passthrough beat=99 expected = c5cef37b15805a9e, actual =c5cef37b15805a9e
[3015000] SCOREBOARD MATCH: wdata passthrough beat=100 expected = 94e7367b09aabf4, actual =94e7367b09aabf4
[3015000] SCOREBOARD MATCH: wdata passthrough beat=101 expected = 8c8f2ee61624140f, actual =8c8f2ee61624140f
[3015000] SCOREBOARD MATCH: wdata passthrough beat=102 expected = 2ba46eadf60a1f00, actual =2ba46eadf60a1f00
[3015000] SCOREBOARD MATCH: wdata passthrough beat=103 expected = 26a4caf5d25e2262, actual =26a4caf5d25e2262
[3015000] SCOREBOARD MATCH: wdata passthrough beat=104 expected = e882367134f2e214, actual =e882367134f2e214
[3015000] SCOREBOARD MATCH: wdata passthrough beat=105 expected = aafd0114b333f9db, actual =aafd0114b333f9db
[3015000] SCOREBOARD MATCH: wdata passthrough beat=106 expected = 85921c3d1426a51e, actual =85921c3d1426a51e
[3015000] SCOREBOARD MATCH: wdata passthrough beat=107 expected = c9198732d1a1cc09, actual =c9198732d1a1cc09
[3015000] SCOREBOARD MATCH: wdata passthrough beat=108 expected = 4d5c5e5ee1452ae, actual =4d5c5e5ee1452ae
[3015000] SCOREBOARD MATCH: wdata passthrough beat=109 expected = 823af7ccf4168846, actual =823af7ccf4168846
[3015000] SCOREBOARD MATCH: wdata passthrough beat=110 expected = c5b854508a67e222, actual =c5b854508a67e222
[3015000] SCOREBOARD MATCH: wdata passthrough beat=111 expected = f87c34d1cb547efe, actual =f87c34d1cb547efe
[3015000] SCOREBOARD MATCH: wdata passthrough beat=112 expected = 3f6b0745ca8e1a35, actual =3f6b0745ca8e1a35
[3015000] SCOREBOARD MATCH: wdata passthrough beat=113 expected = d4f5fc57fab72c9d, actual =d4f5fc57fab72c9d
[3015000] SCOREBOARD MATCH: wstrb size check expected = 72, actual =72
[3015000] SCOREBOARD MATCH: wstrb passthrough beat=0 expected = 95, actual =95
[3015000] SCOREBOARD MATCH: wstrb passthrough beat=1 expected = 9c, actual =9c
[3015000] SCOREBOARD MATCH: wstrb passthrough beat=2 expected = 28, actual =28
[3015000] SCOREBOARD MATCH: wstrb passthrough beat=3 expected = ca, actual =ca
[3015000] SCOREBOARD MATCH: wstrb passthrough beat=4 expected = e1, actual =e1
[3015000] SCOREBOARD MATCH: wstrb passthrough beat=5 expected = c6, actual =c6
[3015000] SCOREBOARD MATCH: wstrb passthrough beat=6 expected = 21, actual =21
[3015000] SCOREBOARD MATCH: wstrb passthrough beat=7 expected = 76, actual =76
[3015000] SCOREBOARD MATCH: wstrb passthrough beat=8 expected = 62, actual =62
[3015000] SCOREBOARD MATCH: wstrb passthrough beat=9 expected = 4a, actual =4a
[3015000] SCOREBOARD MATCH: wstrb passthrough beat=10 expected = 40, actual =40
[3015000] SCOREBOARD MATCH: wstrb passthrough beat=11 expected = 43, actual =43
[3015000] SCOREBOARD MATCH: wstrb passthrough beat=12 expected = 10, actual =10
[3015000] SCOREBOARD MATCH: wstrb passthrough beat=13 expected = 61, actual =61
[3015000] SCOREBOARD MATCH: wstrb passthrough beat=14 expected = b9, actual =b9
[3015000] SCOREBOARD MATCH: wstrb passthrough beat=15 expected = 72, actual =72
[3015000] SCOREBOARD MATCH: wstrb passthrough beat=16 expected = ab, actual =ab
[3015000] SCOREBOARD MATCH: wstrb passthrough beat=17 expected = f9, actual =f9
[3015000] SCOREBOARD MATCH: wstrb passthrough beat=18 expected = b5, actual =b5
[3015000] SCOREBOARD MATCH: wstrb passthrough beat=19 expected = bb, actual =bb
[3015000] SCOREBOARD MATCH: wstrb passthrough beat=20 expected = 5a, actual =5a
[3015000] SCOREBOARD MATCH: wstrb passthrough beat=21 expected = 6e, actual =6e
[3015000] SCOREBOARD MATCH: wstrb passthrough beat=22 expected = 2d, actual =2d
[3015000] SCOREBOARD MATCH: wstrb passthrough beat=23 expected = 6, actual =6
[3015000] SCOREBOARD MATCH: wstrb passthrough beat=24 expected = 67, actual =67
[3015000] SCOREBOARD MATCH: wstrb passthrough beat=25 expected = e2, actual =e2
[3015000] SCOREBOARD MATCH: wstrb passthrough beat=26 expected = c1, actual =c1
[3015000] SCOREBOARD MATCH: wstrb passthrough beat=27 expected = c1, actual =c1
[3015000] SCOREBOARD MATCH: wstrb passthrough beat=28 expected = 50, actual =50
[3015000] SCOREBOARD MATCH: wstrb passthrough beat=29 expected = ef, actual =ef
[3015000] SCOREBOARD MATCH: wstrb passthrough beat=30 expected = c7, actual =c7
[3015000] SCOREBOARD MATCH: wstrb passthrough beat=31 expected = b7, actual =b7
[3015000] SCOREBOARD MATCH: wstrb passthrough beat=32 expected = d1, actual =d1
[3015000] SCOREBOARD MATCH: wstrb passthrough beat=33 expected = 89, actual =89
[3015000] SCOREBOARD MATCH: wstrb passthrough beat=34 expected = 79, actual =79
[3015000] SCOREBOARD MATCH: wstrb passthrough beat=35 expected = 22, actual =22
[3015000] SCOREBOARD MATCH: wstrb passthrough beat=36 expected = 78, actual =78
[3015000] SCOREBOARD MATCH: wstrb passthrough beat=37 expected = 40, actual =40
[3015000] SCOREBOARD MATCH: wstrb passthrough beat=38 expected = d9, actual =d9
[3015000] SCOREBOARD MATCH: wstrb passthrough beat=39 expected = 49, actual =49
[3015000] SCOREBOARD MATCH: wstrb passthrough beat=40 expected = c9, actual =c9
[3015000] SCOREBOARD MATCH: wstrb passthrough beat=41 expected = 52, actual =52
[3015000] SCOREBOARD MATCH: wstrb passthrough beat=42 expected = 6b, actual =6b
[3015000] SCOREBOARD MATCH: wstrb passthrough beat=43 expected = 41, actual =41
[3015000] SCOREBOARD MATCH: wstrb passthrough beat=44 expected = 93, actual =93
[3015000] SCOREBOARD MATCH: wstrb passthrough beat=45 expected = 45, actual =45
[3015000] SCOREBOARD MATCH: wstrb passthrough beat=46 expected = 8b, actual =8b
[3015000] SCOREBOARD MATCH: wstrb passthrough beat=47 expected = 5c, actual =5c
[3015000] SCOREBOARD MATCH: wstrb passthrough beat=48 expected = 97, actual =97
[3015000] SCOREBOARD MATCH: wstrb passthrough beat=49 expected = f6, actual =f6
[3015000] SCOREBOARD MATCH: wstrb passthrough beat=50 expected = 9e, actual =9e
[3015000] SCOREBOARD MATCH: wstrb passthrough beat=51 expected = 2a, actual =2a
[3015000] SCOREBOARD MATCH: wstrb passthrough beat=52 expected = 3b, actual =3b
[3015000] SCOREBOARD MATCH: wstrb passthrough beat=53 expected = 29, actual =29
[3015000] SCOREBOARD MATCH: wstrb passthrough beat=54 expected = 87, actual =87
[3015000] SCOREBOARD MATCH: wstrb passthrough beat=55 expected = d3, actual =d3
[3015000] SCOREBOARD MATCH: wstrb passthrough beat=56 expected = 1f, actual =1f
[3015000] SCOREBOARD MATCH: wstrb passthrough beat=57 expected = 25, actual =25
[3015000] SCOREBOARD MATCH: wstrb passthrough beat=58 expected = fd, actual =fd
[3015000] SCOREBOARD MATCH: wstrb passthrough beat=59 expected = 5b, actual =5b
[3015000] SCOREBOARD MATCH: wstrb passthrough beat=60 expected = 4e, actual =4e
[3015000] SCOREBOARD MATCH: wstrb passthrough beat=61 expected = 84, actual =84
[3015000] SCOREBOARD MATCH: wstrb passthrough beat=62 expected = 2e, actual =2e
[3015000] SCOREBOARD MATCH: wstrb passthrough beat=63 expected = 6d, actual =6d
[3015000] SCOREBOARD MATCH: wstrb passthrough beat=64 expected = a9, actual =a9
[3015000] SCOREBOARD MATCH: wstrb passthrough beat=65 expected = 2b, actual =2b
[3015000] SCOREBOARD MATCH: wstrb passthrough beat=66 expected = c8, actual =c8
[3015000] SCOREBOARD MATCH: wstrb passthrough beat=67 expected = f7, actual =f7
[3015000] SCOREBOARD MATCH: wstrb passthrough beat=68 expected = b0, actual =b0
[3015000] SCOREBOARD MATCH: wstrb passthrough beat=69 expected = f6, actual =f6
[3015000] SCOREBOARD MATCH: wstrb passthrough beat=70 expected = 65, actual =65
[3015000] SCOREBOARD MATCH: wstrb passthrough beat=71 expected = 59, actual =59
[3015000] SCOREBOARD MATCH: wstrb passthrough beat=72 expected = 22, actual =22
[3015000] SCOREBOARD MATCH: wstrb passthrough beat=73 expected = 2d, actual =2d
[3015000] SCOREBOARD MATCH: wstrb passthrough beat=74 expected = 51, actual =51
[3015000] SCOREBOARD MATCH: wstrb passthrough beat=75 expected = d2, actual =d2
[3015000] SCOREBOARD MATCH: wstrb passthrough beat=76 expected = 24, actual =24
[3015000] SCOREBOARD MATCH: wstrb passthrough beat=77 expected = b6, actual =b6
[3015000] SCOREBOARD MATCH: wstrb passthrough beat=78 expected = 2b, actual =2b
[3015000] SCOREBOARD MATCH: wstrb passthrough beat=79 expected = 46, actual =46
[3015000] SCOREBOARD MATCH: wstrb passthrough beat=80 expected = e3, actual =e3
[3015000] SCOREBOARD MATCH: wstrb passthrough beat=81 expected = 7c, actual =7c
[3015000] SCOREBOARD MATCH: wstrb passthrough beat=82 expected = 18, actual =18
[3015000] SCOREBOARD MATCH: wstrb passthrough beat=83 expected = 7, actual =7
[3015000] SCOREBOARD MATCH: wstrb passthrough beat=84 expected = 32, actual =32
[3015000] SCOREBOARD MATCH: wstrb passthrough beat=85 expected = 43, actual =43
[3015000] SCOREBOARD MATCH: wstrb passthrough beat=86 expected = 4d, actual =4d
[3015000] SCOREBOARD MATCH: wstrb passthrough beat=87 expected = 16, actual =16
[3015000] SCOREBOARD MATCH: wstrb passthrough beat=88 expected = c0, actual =c0
[3015000] SCOREBOARD MATCH: wstrb passthrough beat=89 expected = 65, actual =65
[3015000] SCOREBOARD MATCH: wstrb passthrough beat=90 expected = 1d, actual =1d
[3015000] SCOREBOARD MATCH: wstrb passthrough beat=91 expected = f2, actual =f2
[3015000] SCOREBOARD MATCH: wstrb passthrough beat=92 expected = a9, actual =a9
[3015000] SCOREBOARD MATCH: wstrb passthrough beat=93 expected = 6b, actual =6b
[3015000] SCOREBOARD MATCH: wstrb passthrough beat=94 expected = 8, actual =8
[3015000] SCOREBOARD MATCH: wstrb passthrough beat=95 expected = 69, actual =69
[3015000] SCOREBOARD MATCH: wstrb passthrough beat=96 expected = d0, actual =d0
[3015000] SCOREBOARD MATCH: wstrb passthrough beat=97 expected = 26, actual =26
[3015000] SCOREBOARD MATCH: wstrb passthrough beat=98 expected = 5b, actual =5b
[3015000] SCOREBOARD MATCH: wstrb passthrough beat=99 expected = 79, actual =79
[3015000] SCOREBOARD MATCH: wstrb passthrough beat=100 expected = 91, actual =91
[3015000] SCOREBOARD MATCH: wstrb passthrough beat=101 expected = 64, actual =64
[3015000] SCOREBOARD MATCH: wstrb passthrough beat=102 expected = e2, actual =e2
[3015000] SCOREBOARD MATCH: wstrb passthrough beat=103 expected = 61, actual =61
[3015000] SCOREBOARD MATCH: wstrb passthrough beat=104 expected = 8a, actual =8a
[3015000] SCOREBOARD MATCH: wstrb passthrough beat=105 expected = 3e, actual =3e
[3015000] SCOREBOARD MATCH: wstrb passthrough beat=106 expected = db, actual =db
[3015000] SCOREBOARD MATCH: wstrb passthrough beat=107 expected = 1b, actual =1b
[3015000] SCOREBOARD MATCH: wstrb passthrough beat=108 expected = a2, actual =a2
[3015000] SCOREBOARD MATCH: wstrb passthrough beat=109 expected = bd, actual =bd
[3015000] SCOREBOARD MATCH: wstrb passthrough beat=110 expected = 7c, actual =7c
[3015000] SCOREBOARD MATCH: wstrb passthrough beat=111 expected = 2c, actual =2c
[3015000] SCOREBOARD MATCH: wstrb passthrough beat=112 expected = fb, actual =fb
[3015000] SCOREBOARD MATCH: wstrb passthrough beat=113 expected = 57, actual =57
[3015000] SCOREBOARD MATCH: bresp passthrough expected = 0, actual =0
[3015000] SCOREBOARD MATCH: response routed to correct master (write) expected = 1, actual =1
[3015000] [SCOREBOARD-M] mst_id=1 s_id=0 awaddr=a084428 awid=1110 awlen=113 awsize=1 awburst=1 wdata=[fd29a31fae4c2a97 d4b8d38db1de1988 94ab62f98acd6153 39198bebc10aac29 f2e8c5b211d50619 9ca2676c0dd25f78 cedd0ba1879428ab 99692ec4d5bbf357 e38e52cfc1c5d153 c959f9ff360b9631 8bc78988326b5e71 f4312fc4e2c328c3 98cebef4ef55dc58 21c13ac9bd8b29c3 204e52872496487d 13ec24d595f26a8d d37d9451b91d117b ddb359f835ad5f9e cb9fca2bf3cbe6d8 ace8f853f19f7ecd a74cde6b9f1d5e7c 92e945540a9c524c fc3bd119f2eca897 920a07133fd23da8 ca6e8ff42388af85 1675581c24f34c68 e4c58a10c6aa610d ea331092a87f5f2f cd72ab972f341a04 f5de7b1180a868ae 2927c7deb23835a7 e16c4fabe0118ba4 e0b9f452f69a7375 28d2a91dd74acabd 375c566189e1bc30 7c2fa68a3ef8c8 e189c38598164ab3 21f806e4294ed8c3 b38dd18b98e619e6 30fc649a2274368a cbc30f4d15179511 adfdaef7d2f46b7e f568a208ff50e0d8 946875e9defa1391 b1ee7f0fc12bb155 c07c922dc26624e1 a1603872a7572117 e882d26cd4e50817 174b2cf8d34eb782 faa5d89928ff649a fde46cb1b8ab656a 8bfa1cece328ab06 c280fa0152f99a9 cddaff13069ff586 e9c8a08c0a0c7c51 1f3c15fad9d51c00 e0751186f5f0b02c fffd2c7ded17150d c6ec310dca3db212 c02e623e1f394277 8c505784a7614293 f19ef4a5c02b8ebb df64d132d33c8892 fa9dcb25b1cd56e3 f1f8e59eebb528b6 bef1b148ec3cbfcb 9e0a16aed15db6d0 3d12df87398f7c6e 25cc3c391002fc4d e160b31dfc0490cf b5940d3dc3d652e7 d3d94f349e7392a4 1a782374db604976 1f369c5e353a0252 d3ad94f6d00c30b1 2b6c7a28f30feb92 a849ede4ee25b86a 3e31e91ccaa31686 bdb30218fbf782db ea1d3b45e99e6344 344179cae5fceffd e1f472d8a84f2461 91ed87a5f1f47be2 d7f16bdfcc11ae1d f460d27fc62f016f 38237d52b9e5deb7 5f78cd5864e5a24 cc7d5b949014e931 c9fac7e9fa585f54 80a6b97804a0d8e6 94b5c217cff254be ca4ab412cd24150c d1c4edf2deb08a00 aea2debecaf16d8a 18158297e67ab00a c52b3a0af8ed92d0 c3df005be9da7089 d0552093f3ce18c9 ecbbab99dbf482f2 c5cef37b15805a9e 94e7367b09aabf4 8c8f2ee61624140f 2ba46eadf60a1f00 26a4caf5d25e2262 e882367134f2e214 aafd0114b333f9db 85921c3d1426a51e c9198732d1a1cc09 4d5c5e5ee1452ae 823af7ccf4168846 c5b854508a67e222 f87c34d1cb547efe 3f6b0745ca8e1a35 d4f5fc57fab72c9d ] wstrb=[95 9c 28 ca e1 c6 21 76 62 4a 40 43 10 61 b9 72 ab f9 b5 bb 5a 6e 2d 6 67 e2 c1 c1 50 ef c7 b7 d1 89 79 22 78 40 d9 49 c9 52 6b 41 93 45 8b 5c 97 f6 9e 2a 3b 29 87 d3 1f 25 fd 5b 4e 84 2e 6d a9 2b c8 f7 b0 f6 65 59 22 2d 51 d2 24 b6 2b 46 e3 7c 18 7 32 43 4d 16 c0 65 1d f2 a9 6b 8 69 d0 26 5b 79 91 64 e2 61 8a 3e db 1b a2 bd 7c 2c fb 57 ] bresp=0 bid=1110
[3015000] [SCOREBOARD-S] mst_id=1 s_id=0 awaddr=a084428 awid=1110 awlen=113 awsize=1 awburst=1 wdata=[fd29a31fae4c2a97 d4b8d38db1de1988 94ab62f98acd6153 39198bebc10aac29 f2e8c5b211d50619 9ca2676c0dd25f78 cedd0ba1879428ab 99692ec4d5bbf357 e38e52cfc1c5d153 c959f9ff360b9631 8bc78988326b5e71 f4312fc4e2c328c3 98cebef4ef55dc58 21c13ac9bd8b29c3 204e52872496487d 13ec24d595f26a8d d37d9451b91d117b ddb359f835ad5f9e cb9fca2bf3cbe6d8 ace8f853f19f7ecd a74cde6b9f1d5e7c 92e945540a9c524c fc3bd119f2eca897 920a07133fd23da8 ca6e8ff42388af85 1675581c24f34c68 e4c58a10c6aa610d ea331092a87f5f2f cd72ab972f341a04 f5de7b1180a868ae 2927c7deb23835a7 e16c4fabe0118ba4 e0b9f452f69a7375 28d2a91dd74acabd 375c566189e1bc30 7c2fa68a3ef8c8 e189c38598164ab3 21f806e4294ed8c3 b38dd18b98e619e6 30fc649a2274368a cbc30f4d15179511 adfdaef7d2f46b7e f568a208ff50e0d8 946875e9defa1391 b1ee7f0fc12bb155 c07c922dc26624e1 a1603872a7572117 e882d26cd4e50817 174b2cf8d34eb782 faa5d89928ff649a fde46cb1b8ab656a 8bfa1cece328ab06 c280fa0152f99a9 cddaff13069ff586 e9c8a08c0a0c7c51 1f3c15fad9d51c00 e0751186f5f0b02c fffd2c7ded17150d c6ec310dca3db212 c02e623e1f394277 8c505784a7614293 f19ef4a5c02b8ebb df64d132d33c8892 fa9dcb25b1cd56e3 f1f8e59eebb528b6 bef1b148ec3cbfcb 9e0a16aed15db6d0 3d12df87398f7c6e 25cc3c391002fc4d e160b31dfc0490cf b5940d3dc3d652e7 d3d94f349e7392a4 1a782374db604976 1f369c5e353a0252 d3ad94f6d00c30b1 2b6c7a28f30feb92 a849ede4ee25b86a 3e31e91ccaa31686 bdb30218fbf782db ea1d3b45e99e6344 344179cae5fceffd e1f472d8a84f2461 91ed87a5f1f47be2 d7f16bdfcc11ae1d f460d27fc62f016f 38237d52b9e5deb7 5f78cd5864e5a24 cc7d5b949014e931 c9fac7e9fa585f54 80a6b97804a0d8e6 94b5c217cff254be ca4ab412cd24150c d1c4edf2deb08a00 aea2debecaf16d8a 18158297e67ab00a c52b3a0af8ed92d0 c3df005be9da7089 d0552093f3ce18c9 ecbbab99dbf482f2 c5cef37b15805a9e 94e7367b09aabf4 8c8f2ee61624140f 2ba46eadf60a1f00 26a4caf5d25e2262 e882367134f2e214 aafd0114b333f9db 85921c3d1426a51e c9198732d1a1cc09 4d5c5e5ee1452ae 823af7ccf4168846 c5b854508a67e222 f87c34d1cb547efe 3f6b0745ca8e1a35 d4f5fc57fab72c9d ] wstrb=[95 9c 28 ca e1 c6 21 76 62 4a 40 43 10 61 b9 72 ab f9 b5 bb 5a 6e 2d 6 67 e2 c1 c1 50 ef c7 b7 d1 89 79 22 78 40 d9 49 c9 52 6b 41 93 45 8b 5c 97 f6 9e 2a 3b 29 87 d3 1f 25 fd 5b 4e 84 2e 6d a9 2b c8 f7 b0 f6 65 59 22 2d 51 d2 24 b6 2b 46 e3 7c 18 7 32 43 4d 16 c0 65 1d f2 a9 6b 8 69 d0 26 5b 79 91 64 e2 61 8a 3e db 1b a2 bd 7c 2c fb 57 ] bresp=0 bid=11110
[3015000] SCOREBOARD: Transaction 2 received. pass=603 fail=0
[3015000] ALL PASS. Total transactions: 2
[3025000] MASTER 0 W_VALID_RDY Handshake beat=117 wlast=0
[3025000] S1 MEMORY WRITE beat=116 addr=1487ac68 data=a5e4382bea5e7e7a id=01
[3035000] S1 MEMORY WRITE beat=117 addr=1487ac6c data=ec7aaf57b1a5be9c id=01
[3035000] MASTER 0 W_VALID_RDY Handshake beat=118 wlast=0
[3045000] MASTER 0 W_VALID_RDY Handshake beat=119 wlast=0
[3045000] S1 MEMORY WRITE beat=118 addr=1487ac70 data=3017781bce68a5fa id=01
[3055000] S1 MEMORY WRITE beat=119 addr=1487ac74 data=b8c7247405dcde9b id=01
[3055000] MASTER 0 W_VALID_RDY Handshake beat=120 wlast=0
[3065000] MASTER 0 W_VALID_RDY Handshake beat=121 wlast=0
[3065000] S1 MEMORY WRITE beat=120 addr=1487ac78 data=b7829d37d5fbb046 id=01
[3075000] S1 MEMORY WRITE beat=121 addr=1487ac7c data=a46456402541d3cc id=01
[3075000] MASTER 0 W_VALID_RDY Handshake beat=122 wlast=0
[3085000] MASTER 0 W_VALID_RDY Handshake beat=123 wlast=0
[3085000] S1 MEMORY WRITE beat=122 addr=1487ac80 data=2b1eb267e79a1552 id=01
[3095000] S1 MEMORY WRITE beat=123 addr=1487ac84 data=3d95c599dd2b7ab5 id=01
[3095000] MASTER 0 W_VALID_RDY Handshake beat=124 wlast=0
[3105000] MASTER 0 W_VALID_RDY Handshake beat=125 wlast=0
[3105000] S1 MEMORY WRITE beat=124 addr=1487ac88 data=026d4e81e2a14f9e id=01
[3115000] S1 MEMORY WRITE beat=125 addr=1487ac8c data=ca3b64f1e1fa1bd9 id=01
[3115000] MASTER 0 W_VALID_RDY Handshake beat=126 wlast=0
[3125000] MASTER 0 W_VALID_RDY Handshake beat=127 wlast=0
[3125000] S1 MEMORY WRITE beat=126 addr=1487ac90 data=bf25968e2d8c00e8 id=01
[3135000] S1 MEMORY WRITE beat=127 addr=1487ac94 data=902d508607d12a8a id=01
[3135000] MASTER 0 W_VALID_RDY Handshake beat=128 wlast=0
[3145000] MASTER 0 W_VALID_RDY Handshake beat=129 wlast=0
[3145000] S1 MEMORY WRITE beat=128 addr=1487ac98 data=e9cb4663c192e50f id=01
[3155000] S1 MEMORY WRITE beat=129 addr=1487ac9c data=ef1ee5f7da68b577 id=01
[3155000] MASTER 0 W_VALID_RDY Handshake beat=130 wlast=0
[3165000] MASTER 0 W_VALID_RDY Handshake beat=131 wlast=0
[3165000] S1 MEMORY WRITE beat=130 addr=1487aca0 data=e239e00128f0dcf2 id=01
[3175000] S1 MEMORY WRITE beat=131 addr=1487aca4 data=ea83c201ff4c367e id=01
[3175000] MASTER 0 W_VALID_RDY Handshake beat=132 wlast=0
[3185000] MASTER 0 W_VALID_RDY Handshake beat=133 wlast=0
[3185000] S1 MEMORY WRITE beat=132 addr=1487aca8 data=d9b4ebf5cc052665 id=01
[3195000] S1 MEMORY WRITE beat=133 addr=1487acac data=f4f60357d9a2a7f9 id=01
[3195000] MASTER 0 W_VALID_RDY Handshake beat=134 wlast=0
[3205000] MASTER 0 W_VALID_RDY Handshake beat=135 wlast=0
[3205000] S1 MEMORY WRITE beat=134 addr=1487acb0 data=d8eede773beecbf7 id=01
[3215000] S1 MEMORY WRITE beat=135 addr=1487acb4 data=07f3f25cdf79c558 id=01
[3215000] MASTER 0 W_VALID_RDY Handshake beat=136 wlast=0
[3225000] MASTER 0 W_VALID_RDY Handshake beat=137 wlast=0
[3225000] S1 MEMORY WRITE beat=136 addr=1487acb8 data=b91c6d51b2a3ca6c id=01
[3235000] S1 MEMORY WRITE beat=137 addr=1487acbc data=ee929663fce9f5b3 id=01
[3235000] MASTER 0 W_VALID_RDY Handshake beat=138 wlast=0
[3245000] MASTER_DRIVER0 received transaction, op=AXI_READ
[3245000] MASTER 0 W_VALID_RDY Handshake beat=139 wlast=1
[3245000] S1 MEMORY WRITE beat=138 addr=1487acc0 data=dc63bb0b920b4bc8 id=01
[3255000] S1 MEMORY WRITE beat=139 addr=1487acc4 data=c4af1635f68688bf id=01
[3265000] MASTER_DRIVER0 received transaction, op=AXI_WRITE
[3265000] SLAVE1 sent B resp, id=1
[3275000] AXI S0_ARVALID_RDY HANDSHAKE
[3275000] MEMORY READ MISS beat=0 addr=1166cda0 -> default data id=2
[3275000] [SLAVE MONITOR] mst_id=0 s_id=1 awaddr=1487aa98 awid=1 awlen=139 awsize=2 awburst=1 wdata=[8793212cc5d155a8 cc624afbe0f282a3 b2258783d194762f 9765cbd738f158da 99e3db7d39b8a8b0 8b4d1edfe3c816d3 1cb96fadcc096301 5c20bb122b2eab7 67b018ab69d4b2a 82a6ae2b910f2a90 b3c2154723347137 d9d1bc618868b9dc 1977e46dba3d16d1 dd718808dc786a8d e4e12469cd39f9b4 77710863743446a 13bbaef7fe5908d6 cb93028be4e8988e 9c2bdcf8f89cd360 f6f5dc37d30a1311 b7f2ab9fafe78bef 28845f50c288dec2 1592f1d3d41e8898 840614871f7a3b87 e2031a49cd859d72 a1a4260aac8a73d7 cc04af5ef7960c1c c51ba98e25aa3a92 d234ae69ae07c9a7 a59dd5c3e6bfcf99 c6a0a2b1e395dc8 cc41276feab97f52 d1794eebde9eb894 fcd8165cf1defd33 dc987c85dde35916 bc8211aac9193dcc 3af83aff2e11cb70 bf52486395a2807 27365d31790b784 c5a282f4c8773630 81d15e373d6ba0d2 d4fc5856d197a77a 9a0eddaa8444c40a c1b064dc1a9edb4a ec3682c41be03be2 a024ffec96acbd32 b14b987c8645606e a2259c50e1d564c9 f88221fb9d821b40 23c77bafc24a9c3d 2420010629cdba78 c74fd5b8c5ed17ff 8837b43c9ca22301 c66fdd79eb175167 31046967ac57b542 c8f9d8440dbfb332 f8d70499b93c1da3 e593d2e68f69b5bd 9d2968efa9db6e00 e3178ba42e8dab2a bdf760e716006d89 bfdbdb89c8ab5e8a f73909b4db20c9d7 f1213760a2f3672d eb9ec5b7b5306a9b 90513472b0fd12e9 d3f07a17e2d7cf6b 18083a0781726bd2 326f7ebcbf8f3fce 22670f3aa8596e79 29cbda4c065ff8d3 c5ef38a13a6f4941 e2c8b7badc3b5908 e29b51dbe85647db a2c5911c8c949206 e8cfeb0ea88a8a7c 10e0d258058e48d7 9222daddcb6b3ce9 f3f5c766b3a66374 b934ac4bfaf2c5ec c65e02d504d699be b87cfd32cb578729 c64a4d15ba53ca3b bf2a63f9f1b1a97e 3d0930a78ca84fea c6fc1a26f7a7612c e9590aaa03537dbc 8ffbcda686267e1f fdcddf4b26623b51 29b5b90dd6f7e7cc dd1e65ece726e9f5 8d892546b9b186b3 10a96e80daec4537 c2132f2db73ede53 f0f06507edc7d46c c8b419a3cf9c5473 6db32c70199d387 ef61a7f38ac748d0 da639d44f7cb97ce f9656b55b815c196 c2dd0a67e13ed00b d90a67d9e8c71348 a0dcd4de1d40a7ab fe7f77b6d26fd32e 3b36e676e3b9df45 80fa86f0d789df8f 29f9b2bddc13bb54 3fcd9a9aff79fea6 d703de35e5309933 c1445487c0c8218a c042203180fd90f2 e62e2a258111ef21 c1da10ac9745fe66 18438f5927727ead a8846dce021c30dd 99622f43fe71b97e a5e4382bea5e7e7a ec7aaf57b1a5be9c 3017781bce68a5fa b8c7247405dcde9b b7829d37d5fbb046 a46456402541d3cc 2b1eb267e79a1552 3d95c599dd2b7ab5 26d4e81e2a14f9e ca3b64f1e1fa1bd9 bf25968e2d8c00e8 902d508607d12a8a e9cb4663c192e50f ef1ee5f7da68b577 e239e00128f0dcf2 ea83c201ff4c367e d9b4ebf5cc052665 f4f60357d9a2a7f9 d8eede773beecbf7 7f3f25cdf79c558 b91c6d51b2a3ca6c ee929663fce9f5b3 dc63bb0b920b4bc8 c4af1635f68688bf ] wstrb=[5d 72 98 25 7e 58 5a db ca f3 0 48 4b 5b 23 15 4e 24 5e 99 7f 81 ae cd a5 c 66 24 8e 14 f1 33 21 57 58 af 6c 49 e2 8d a1 3a 3c d 84 1e 9a 25 59 d6 32 dd f4 cc 2 4d a2 34 2a 96 0 2c e4 a2 60 e 38 60 3b 1c 2 9b 2b 3b fc 66 57 fe 1 82 39 fd e8 91 fc ea 13 35 e7 fc c6 e3 e6 da 19 cd d6 df b1 bc b9 ca 89 8f a9 3a 4b 63 4 d5 f2 ae f 3e 11 14 13 3 c2 22 41 d3 36 54 d6 f8 77 18 cb ad 6c a2 a6 e3 ba 71 91 26 13 37 ] bresp=0 bid=1
[3275000] ARB MONITOR: slave=1 m0_req=1 m1_req=0 winner=0
[3285000] MASTER 0 RECEIVED BRESP. BRESP=0
[3285000] [MASTER DRIVER] mst_id=0 s_id=0 awaddr=1487aa98 awid=1 awlen=139 awsize=2 awburst=1 wdata=[8793212cc5d155a8 cc624afbe0f282a3 b2258783d194762f 9765cbd738f158da 99e3db7d39b8a8b0 8b4d1edfe3c816d3 1cb96fadcc096301 5c20bb122b2eab7 67b018ab69d4b2a 82a6ae2b910f2a90 b3c2154723347137 d9d1bc618868b9dc 1977e46dba3d16d1 dd718808dc786a8d e4e12469cd39f9b4 77710863743446a 13bbaef7fe5908d6 cb93028be4e8988e 9c2bdcf8f89cd360 f6f5dc37d30a1311 b7f2ab9fafe78bef 28845f50c288dec2 1592f1d3d41e8898 840614871f7a3b87 e2031a49cd859d72 a1a4260aac8a73d7 cc04af5ef7960c1c c51ba98e25aa3a92 d234ae69ae07c9a7 a59dd5c3e6bfcf99 c6a0a2b1e395dc8 cc41276feab97f52 d1794eebde9eb894 fcd8165cf1defd33 dc987c85dde35916 bc8211aac9193dcc 3af83aff2e11cb70 bf52486395a2807 27365d31790b784 c5a282f4c8773630 81d15e373d6ba0d2 d4fc5856d197a77a 9a0eddaa8444c40a c1b064dc1a9edb4a ec3682c41be03be2 a024ffec96acbd32 b14b987c8645606e a2259c50e1d564c9 f88221fb9d821b40 23c77bafc24a9c3d 2420010629cdba78 c74fd5b8c5ed17ff 8837b43c9ca22301 c66fdd79eb175167 31046967ac57b542 c8f9d8440dbfb332 f8d70499b93c1da3 e593d2e68f69b5bd 9d2968efa9db6e00 e3178ba42e8dab2a bdf760e716006d89 bfdbdb89c8ab5e8a f73909b4db20c9d7 f1213760a2f3672d eb9ec5b7b5306a9b 90513472b0fd12e9 d3f07a17e2d7cf6b 18083a0781726bd2 326f7ebcbf8f3fce 22670f3aa8596e79 29cbda4c065ff8d3 c5ef38a13a6f4941 e2c8b7badc3b5908 e29b51dbe85647db a2c5911c8c949206 e8cfeb0ea88a8a7c 10e0d258058e48d7 9222daddcb6b3ce9 f3f5c766b3a66374 b934ac4bfaf2c5ec c65e02d504d699be b87cfd32cb578729 c64a4d15ba53ca3b bf2a63f9f1b1a97e 3d0930a78ca84fea c6fc1a26f7a7612c e9590aaa03537dbc 8ffbcda686267e1f fdcddf4b26623b51 29b5b90dd6f7e7cc dd1e65ece726e9f5 8d892546b9b186b3 10a96e80daec4537 c2132f2db73ede53 f0f06507edc7d46c c8b419a3cf9c5473 6db32c70199d387 ef61a7f38ac748d0 da639d44f7cb97ce f9656b55b815c196 c2dd0a67e13ed00b d90a67d9e8c71348 a0dcd4de1d40a7ab fe7f77b6d26fd32e 3b36e676e3b9df45 80fa86f0d789df8f 29f9b2bddc13bb54 3fcd9a9aff79fea6 d703de35e5309933 c1445487c0c8218a c042203180fd90f2 e62e2a258111ef21 c1da10ac9745fe66 18438f5927727ead a8846dce021c30dd 99622f43fe71b97e a5e4382bea5e7e7a ec7aaf57b1a5be9c 3017781bce68a5fa b8c7247405dcde9b b7829d37d5fbb046 a46456402541d3cc 2b1eb267e79a1552 3d95c599dd2b7ab5 26d4e81e2a14f9e ca3b64f1e1fa1bd9 bf25968e2d8c00e8 902d508607d12a8a e9cb4663c192e50f ef1ee5f7da68b577 e239e00128f0dcf2 ea83c201ff4c367e d9b4ebf5cc052665 f4f60357d9a2a7f9 d8eede773beecbf7 7f3f25cdf79c558 b91c6d51b2a3ca6c ee929663fce9f5b3 dc63bb0b920b4bc8 c4af1635f68688bf ] wstrb=[5d 72 98 25 7e 58 5a db ca f3 0 48 4b 5b 23 15 4e 24 5e 99 7f 81 ae cd a5 c 66 24 8e 14 f1 33 21 57 58 af 6c 49 e2 8d a1 3a 3c d 84 1e 9a 25 59 d6 32 dd f4 cc 2 4d a2 34 2a 96 0 2c e4 a2 60 e 38 60 3b 1c 2 9b 2b 3b fc 66 57 fe 1 82 39 fd e8 91 fc ea 13 35 e7 fc c6 e3 e6 da 19 cd d6 df b1 bc b9 ca 89 8f a9 3a 4b 63 4 d5 f2 ae f 3e 11 14 13 3 c2 22 41 d3 36 54 d6 f8 77 18 cb ad 6c a2 a6 e3 ba 71 91 26 13 37 ] bresp=0 bid=1
[3285000] MASTER 0 AW_VALID_RDY Handshake
[3285000] MASTER 0 B_VALID_RDY Handshake
[3285000] [MASTER MONITOR] mst_id=0 s_id=1 awaddr=1487aa98 awid=1 awlen=139 awsize=2 awburst=1 wdata=[8793212cc5d155a8 cc624afbe0f282a3 b2258783d194762f 9765cbd738f158da 99e3db7d39b8a8b0 8b4d1edfe3c816d3 1cb96fadcc096301 5c20bb122b2eab7 67b018ab69d4b2a 82a6ae2b910f2a90 b3c2154723347137 d9d1bc618868b9dc 1977e46dba3d16d1 dd718808dc786a8d e4e12469cd39f9b4 77710863743446a 13bbaef7fe5908d6 cb93028be4e8988e 9c2bdcf8f89cd360 f6f5dc37d30a1311 b7f2ab9fafe78bef 28845f50c288dec2 1592f1d3d41e8898 840614871f7a3b87 e2031a49cd859d72 a1a4260aac8a73d7 cc04af5ef7960c1c c51ba98e25aa3a92 d234ae69ae07c9a7 a59dd5c3e6bfcf99 c6a0a2b1e395dc8 cc41276feab97f52 d1794eebde9eb894 fcd8165cf1defd33 dc987c85dde35916 bc8211aac9193dcc 3af83aff2e11cb70 bf52486395a2807 27365d31790b784 c5a282f4c8773630 81d15e373d6ba0d2 d4fc5856d197a77a 9a0eddaa8444c40a c1b064dc1a9edb4a ec3682c41be03be2 a024ffec96acbd32 b14b987c8645606e a2259c50e1d564c9 f88221fb9d821b40 23c77bafc24a9c3d 2420010629cdba78 c74fd5b8c5ed17ff 8837b43c9ca22301 c66fdd79eb175167 31046967ac57b542 c8f9d8440dbfb332 f8d70499b93c1da3 e593d2e68f69b5bd 9d2968efa9db6e00 e3178ba42e8dab2a bdf760e716006d89 bfdbdb89c8ab5e8a f73909b4db20c9d7 f1213760a2f3672d eb9ec5b7b5306a9b 90513472b0fd12e9 d3f07a17e2d7cf6b 18083a0781726bd2 326f7ebcbf8f3fce 22670f3aa8596e79 29cbda4c065ff8d3 c5ef38a13a6f4941 e2c8b7badc3b5908 e29b51dbe85647db a2c5911c8c949206 e8cfeb0ea88a8a7c 10e0d258058e48d7 9222daddcb6b3ce9 f3f5c766b3a66374 b934ac4bfaf2c5ec c65e02d504d699be b87cfd32cb578729 c64a4d15ba53ca3b bf2a63f9f1b1a97e 3d0930a78ca84fea c6fc1a26f7a7612c e9590aaa03537dbc 8ffbcda686267e1f fdcddf4b26623b51 29b5b90dd6f7e7cc dd1e65ece726e9f5 8d892546b9b186b3 10a96e80daec4537 c2132f2db73ede53 f0f06507edc7d46c c8b419a3cf9c5473 6db32c70199d387 ef61a7f38ac748d0 da639d44f7cb97ce f9656b55b815c196 c2dd0a67e13ed00b d90a67d9e8c71348 a0dcd4de1d40a7ab fe7f77b6d26fd32e 3b36e676e3b9df45 80fa86f0d789df8f 29f9b2bddc13bb54 3fcd9a9aff79fea6 d703de35e5309933 c1445487c0c8218a c042203180fd90f2 e62e2a258111ef21 c1da10ac9745fe66 18438f5927727ead a8846dce021c30dd 99622f43fe71b97e a5e4382bea5e7e7a ec7aaf57b1a5be9c 3017781bce68a5fa b8c7247405dcde9b b7829d37d5fbb046 a46456402541d3cc 2b1eb267e79a1552 3d95c599dd2b7ab5 26d4e81e2a14f9e ca3b64f1e1fa1bd9 bf25968e2d8c00e8 902d508607d12a8a e9cb4663c192e50f ef1ee5f7da68b577 e239e00128f0dcf2 ea83c201ff4c367e d9b4ebf5cc052665 f4f60357d9a2a7f9 d8eede773beecbf7 7f3f25cdf79c558 b91c6d51b2a3ca6c ee929663fce9f5b3 dc63bb0b920b4bc8 c4af1635f68688bf ] wstrb=[5d 72 98 25 7e 58 5a db ca f3 0 48 4b 5b 23 15 4e 24 5e 99 7f 81 ae cd a5 c 66 24 8e 14 f1 33 21 57 58 af 6c 49 e2 8d a1 3a 3c d 84 1e 9a 25 59 d6 32 dd f4 cc 2 4d a2 34 2a 96 0 2c e4 a2 60 e 38 60 3b 1c 2 9b 2b 3b fc 66 57 fe 1 82 39 fd e8 91 fc ea 13 35 e7 fc c6 e3 e6 da 19 cd d6 df b1 bc b9 ca 89 8f a9 3a 4b 63 4 d5 f2 ae f 3e 11 14 13 3 c2 22 41 d3 36 54 d6 f8 77 18 cb ad 6c a2 a6 e3 ba 71 91 26 13 37 ] bresp=0 bid=1
[3285000] SLAVE 1 R_VALID_RDY Handshake beat=0 rlast=0
[3285000] MEMORY READ MISS beat=1 addr=1166cda8 -> default data id=2
[3285000] SCOREBOARD MATCH: decode_err expected = 0, actual =0
[3285000] SCOREBOARD MATCH: slave_id expected = 1, actual =1
[3285000] SCOREBOARD MATCH: awaddr passthrough expected = 1487aa98, actual =1487aa98
[3285000] SCOREBOARD MATCH: awlen passthrough expected = 139, actual =139
[3285000] SCOREBOARD MATCH: awsize passthrough expected = 2, actual =2
[3285000] SCOREBOARD MATCH: awburst passthrough expected = 1, actual =1
[3285000] SCOREBOARD MATCH: wdata size check expected = 8c, actual =8c
[3285000] SCOREBOARD MATCH: wdata passthrough beat=0 expected = 8793212cc5d155a8, actual =8793212cc5d155a8
[3285000] SCOREBOARD MATCH: wdata passthrough beat=1 expected = cc624afbe0f282a3, actual =cc624afbe0f282a3
[3285000] SCOREBOARD MATCH: wdata passthrough beat=2 expected = b2258783d194762f, actual =b2258783d194762f
[3285000] SCOREBOARD MATCH: wdata passthrough beat=3 expected = 9765cbd738f158da, actual =9765cbd738f158da
[3285000] SCOREBOARD MATCH: wdata passthrough beat=4 expected = 99e3db7d39b8a8b0, actual =99e3db7d39b8a8b0
[3285000] SCOREBOARD MATCH: wdata passthrough beat=5 expected = 8b4d1edfe3c816d3, actual =8b4d1edfe3c816d3
[3285000] SCOREBOARD MATCH: wdata passthrough beat=6 expected = 1cb96fadcc096301, actual =1cb96fadcc096301
[3285000] SCOREBOARD MATCH: wdata passthrough beat=7 expected = 5c20bb122b2eab7, actual =5c20bb122b2eab7
[3285000] SCOREBOARD MATCH: wdata passthrough beat=8 expected = 67b018ab69d4b2a, actual =67b018ab69d4b2a
[3285000] SCOREBOARD MATCH: wdata passthrough beat=9 expected = 82a6ae2b910f2a90, actual =82a6ae2b910f2a90
[3285000] SCOREBOARD MATCH: wdata passthrough beat=10 expected = b3c2154723347137, actual =b3c2154723347137
[3285000] SCOREBOARD MATCH: wdata passthrough beat=11 expected = d9d1bc618868b9dc, actual =d9d1bc618868b9dc
[3285000] SCOREBOARD MATCH: wdata passthrough beat=12 expected = 1977e46dba3d16d1, actual =1977e46dba3d16d1
[3285000] SCOREBOARD MATCH: wdata passthrough beat=13 expected = dd718808dc786a8d, actual =dd718808dc786a8d
[3285000] SCOREBOARD MATCH: wdata passthrough beat=14 expected = e4e12469cd39f9b4, actual =e4e12469cd39f9b4
[3285000] SCOREBOARD MATCH: wdata passthrough beat=15 expected = 77710863743446a, actual =77710863743446a
[3285000] SCOREBOARD MATCH: wdata passthrough beat=16 expected = 13bbaef7fe5908d6, actual =13bbaef7fe5908d6
[3285000] SCOREBOARD MATCH: wdata passthrough beat=17 expected = cb93028be4e8988e, actual =cb93028be4e8988e
[3285000] SCOREBOARD MATCH: wdata passthrough beat=18 expected = 9c2bdcf8f89cd360, actual =9c2bdcf8f89cd360
[3285000] SCOREBOARD MATCH: wdata passthrough beat=19 expected = f6f5dc37d30a1311, actual =f6f5dc37d30a1311
[3285000] SCOREBOARD MATCH: wdata passthrough beat=20 expected = b7f2ab9fafe78bef, actual =b7f2ab9fafe78bef
[3285000] SCOREBOARD MATCH: wdata passthrough beat=21 expected = 28845f50c288dec2, actual =28845f50c288dec2
[3285000] SCOREBOARD MATCH: wdata passthrough beat=22 expected = 1592f1d3d41e8898, actual =1592f1d3d41e8898
[3285000] SCOREBOARD MATCH: wdata passthrough beat=23 expected = 840614871f7a3b87, actual =840614871f7a3b87
[3285000] SCOREBOARD MATCH: wdata passthrough beat=24 expected = e2031a49cd859d72, actual =e2031a49cd859d72
[3285000] SCOREBOARD MATCH: wdata passthrough beat=25 expected = a1a4260aac8a73d7, actual =a1a4260aac8a73d7
[3285000] SCOREBOARD MATCH: wdata passthrough beat=26 expected = cc04af5ef7960c1c, actual =cc04af5ef7960c1c
[3285000] SCOREBOARD MATCH: wdata passthrough beat=27 expected = c51ba98e25aa3a92, actual =c51ba98e25aa3a92
[3285000] SCOREBOARD MATCH: wdata passthrough beat=28 expected = d234ae69ae07c9a7, actual =d234ae69ae07c9a7
[3285000] SCOREBOARD MATCH: wdata passthrough beat=29 expected = a59dd5c3e6bfcf99, actual =a59dd5c3e6bfcf99
[3285000] SCOREBOARD MATCH: wdata passthrough beat=30 expected = c6a0a2b1e395dc8, actual =c6a0a2b1e395dc8
[3285000] SCOREBOARD MATCH: wdata passthrough beat=31 expected = cc41276feab97f52, actual =cc41276feab97f52
[3285000] SCOREBOARD MATCH: wdata passthrough beat=32 expected = d1794eebde9eb894, actual =d1794eebde9eb894
[3285000] SCOREBOARD MATCH: wdata passthrough beat=33 expected = fcd8165cf1defd33, actual =fcd8165cf1defd33
[3285000] SCOREBOARD MATCH: wdata passthrough beat=34 expected = dc987c85dde35916, actual =dc987c85dde35916
[3285000] SCOREBOARD MATCH: wdata passthrough beat=35 expected = bc8211aac9193dcc, actual =bc8211aac9193dcc
[3285000] SCOREBOARD MATCH: wdata passthrough beat=36 expected = 3af83aff2e11cb70, actual =3af83aff2e11cb70
[3285000] SCOREBOARD MATCH: wdata passthrough beat=37 expected = bf52486395a2807, actual =bf52486395a2807
[3285000] SCOREBOARD MATCH: wdata passthrough beat=38 expected = 27365d31790b784, actual =27365d31790b784
[3285000] SCOREBOARD MATCH: wdata passthrough beat=39 expected = c5a282f4c8773630, actual =c5a282f4c8773630
[3285000] SCOREBOARD MATCH: wdata passthrough beat=40 expected = 81d15e373d6ba0d2, actual =81d15e373d6ba0d2
[3285000] SCOREBOARD MATCH: wdata passthrough beat=41 expected = d4fc5856d197a77a, actual =d4fc5856d197a77a
[3285000] SCOREBOARD MATCH: wdata passthrough beat=42 expected = 9a0eddaa8444c40a, actual =9a0eddaa8444c40a
[3285000] SCOREBOARD MATCH: wdata passthrough beat=43 expected = c1b064dc1a9edb4a, actual =c1b064dc1a9edb4a
[3285000] SCOREBOARD MATCH: wdata passthrough beat=44 expected = ec3682c41be03be2, actual =ec3682c41be03be2
[3285000] SCOREBOARD MATCH: wdata passthrough beat=45 expected = a024ffec96acbd32, actual =a024ffec96acbd32
[3285000] SCOREBOARD MATCH: wdata passthrough beat=46 expected = b14b987c8645606e, actual =b14b987c8645606e
[3285000] SCOREBOARD MATCH: wdata passthrough beat=47 expected = a2259c50e1d564c9, actual =a2259c50e1d564c9
[3285000] SCOREBOARD MATCH: wdata passthrough beat=48 expected = f88221fb9d821b40, actual =f88221fb9d821b40
[3285000] SCOREBOARD MATCH: wdata passthrough beat=49 expected = 23c77bafc24a9c3d, actual =23c77bafc24a9c3d
[3285000] SCOREBOARD MATCH: wdata passthrough beat=50 expected = 2420010629cdba78, actual =2420010629cdba78
[3285000] SCOREBOARD MATCH: wdata passthrough beat=51 expected = c74fd5b8c5ed17ff, actual =c74fd5b8c5ed17ff
[3285000] SCOREBOARD MATCH: wdata passthrough beat=52 expected = 8837b43c9ca22301, actual =8837b43c9ca22301
[3285000] SCOREBOARD MATCH: wdata passthrough beat=53 expected = c66fdd79eb175167, actual =c66fdd79eb175167
[3285000] SCOREBOARD MATCH: wdata passthrough beat=54 expected = 31046967ac57b542, actual =31046967ac57b542
[3285000] SCOREBOARD MATCH: wdata passthrough beat=55 expected = c8f9d8440dbfb332, actual =c8f9d8440dbfb332
[3285000] SCOREBOARD MATCH: wdata passthrough beat=56 expected = f8d70499b93c1da3, actual =f8d70499b93c1da3
[3285000] SCOREBOARD MATCH: wdata passthrough beat=57 expected = e593d2e68f69b5bd, actual =e593d2e68f69b5bd
[3285000] SCOREBOARD MATCH: wdata passthrough beat=58 expected = 9d2968efa9db6e00, actual =9d2968efa9db6e00
[3285000] SCOREBOARD MATCH: wdata passthrough beat=59 expected = e3178ba42e8dab2a, actual =e3178ba42e8dab2a
[3285000] SCOREBOARD MATCH: wdata passthrough beat=60 expected = bdf760e716006d89, actual =bdf760e716006d89
[3285000] SCOREBOARD MATCH: wdata passthrough beat=61 expected = bfdbdb89c8ab5e8a, actual =bfdbdb89c8ab5e8a
[3285000] SCOREBOARD MATCH: wdata passthrough beat=62 expected = f73909b4db20c9d7, actual =f73909b4db20c9d7
[3285000] SCOREBOARD MATCH: wdata passthrough beat=63 expected = f1213760a2f3672d, actual =f1213760a2f3672d
[3285000] SCOREBOARD MATCH: wdata passthrough beat=64 expected = eb9ec5b7b5306a9b, actual =eb9ec5b7b5306a9b
[3285000] SCOREBOARD MATCH: wdata passthrough beat=65 expected = 90513472b0fd12e9, actual =90513472b0fd12e9
[3285000] SCOREBOARD MATCH: wdata passthrough beat=66 expected = d3f07a17e2d7cf6b, actual =d3f07a17e2d7cf6b
[3285000] SCOREBOARD MATCH: wdata passthrough beat=67 expected = 18083a0781726bd2, actual =18083a0781726bd2
[3285000] SCOREBOARD MATCH: wdata passthrough beat=68 expected = 326f7ebcbf8f3fce, actual =326f7ebcbf8f3fce
[3285000] SCOREBOARD MATCH: wdata passthrough beat=69 expected = 22670f3aa8596e79, actual =22670f3aa8596e79
[3285000] SCOREBOARD MATCH: wdata passthrough beat=70 expected = 29cbda4c065ff8d3, actual =29cbda4c065ff8d3
[3285000] SCOREBOARD MATCH: wdata passthrough beat=71 expected = c5ef38a13a6f4941, actual =c5ef38a13a6f4941
[3285000] SCOREBOARD MATCH: wdata passthrough beat=72 expected = e2c8b7badc3b5908, actual =e2c8b7badc3b5908
[3285000] SCOREBOARD MATCH: wdata passthrough beat=73 expected = e29b51dbe85647db, actual =e29b51dbe85647db
[3285000] SCOREBOARD MATCH: wdata passthrough beat=74 expected = a2c5911c8c949206, actual =a2c5911c8c949206
[3285000] SCOREBOARD MATCH: wdata passthrough beat=75 expected = e8cfeb0ea88a8a7c, actual =e8cfeb0ea88a8a7c
[3285000] SCOREBOARD MATCH: wdata passthrough beat=76 expected = 10e0d258058e48d7, actual =10e0d258058e48d7
[3285000] SCOREBOARD MATCH: wdata passthrough beat=77 expected = 9222daddcb6b3ce9, actual =9222daddcb6b3ce9
[3285000] SCOREBOARD MATCH: wdata passthrough beat=78 expected = f3f5c766b3a66374, actual =f3f5c766b3a66374
[3285000] SCOREBOARD MATCH: wdata passthrough beat=79 expected = b934ac4bfaf2c5ec, actual =b934ac4bfaf2c5ec
[3285000] SCOREBOARD MATCH: wdata passthrough beat=80 expected = c65e02d504d699be, actual =c65e02d504d699be
[3285000] SCOREBOARD MATCH: wdata passthrough beat=81 expected = b87cfd32cb578729, actual =b87cfd32cb578729
[3285000] SCOREBOARD MATCH: wdata passthrough beat=82 expected = c64a4d15ba53ca3b, actual =c64a4d15ba53ca3b
[3285000] SCOREBOARD MATCH: wdata passthrough beat=83 expected = bf2a63f9f1b1a97e, actual =bf2a63f9f1b1a97e
[3285000] SCOREBOARD MATCH: wdata passthrough beat=84 expected = 3d0930a78ca84fea, actual =3d0930a78ca84fea
[3285000] SCOREBOARD MATCH: wdata passthrough beat=85 expected = c6fc1a26f7a7612c, actual =c6fc1a26f7a7612c
[3285000] SCOREBOARD MATCH: wdata passthrough beat=86 expected = e9590aaa03537dbc, actual =e9590aaa03537dbc
[3285000] SCOREBOARD MATCH: wdata passthrough beat=87 expected = 8ffbcda686267e1f, actual =8ffbcda686267e1f
[3285000] SCOREBOARD MATCH: wdata passthrough beat=88 expected = fdcddf4b26623b51, actual =fdcddf4b26623b51
[3285000] SCOREBOARD MATCH: wdata passthrough beat=89 expected = 29b5b90dd6f7e7cc, actual =29b5b90dd6f7e7cc
[3285000] SCOREBOARD MATCH: wdata passthrough beat=90 expected = dd1e65ece726e9f5, actual =dd1e65ece726e9f5
[3285000] SCOREBOARD MATCH: wdata passthrough beat=91 expected = 8d892546b9b186b3, actual =8d892546b9b186b3
[3285000] SCOREBOARD MATCH: wdata passthrough beat=92 expected = 10a96e80daec4537, actual =10a96e80daec4537
[3285000] SCOREBOARD MATCH: wdata passthrough beat=93 expected = c2132f2db73ede53, actual =c2132f2db73ede53
[3285000] SCOREBOARD MATCH: wdata passthrough beat=94 expected = f0f06507edc7d46c, actual =f0f06507edc7d46c
[3285000] SCOREBOARD MATCH: wdata passthrough beat=95 expected = c8b419a3cf9c5473, actual =c8b419a3cf9c5473
[3285000] SCOREBOARD MATCH: wdata passthrough beat=96 expected = 6db32c70199d387, actual =6db32c70199d387
[3285000] SCOREBOARD MATCH: wdata passthrough beat=97 expected = ef61a7f38ac748d0, actual =ef61a7f38ac748d0
[3285000] SCOREBOARD MATCH: wdata passthrough beat=98 expected = da639d44f7cb97ce, actual =da639d44f7cb97ce
[3285000] SCOREBOARD MATCH: wdata passthrough beat=99 expected = f9656b55b815c196, actual =f9656b55b815c196
[3285000] SCOREBOARD MATCH: wdata passthrough beat=100 expected = c2dd0a67e13ed00b, actual =c2dd0a67e13ed00b
[3285000] SCOREBOARD MATCH: wdata passthrough beat=101 expected = d90a67d9e8c71348, actual =d90a67d9e8c71348
[3285000] SCOREBOARD MATCH: wdata passthrough beat=102 expected = a0dcd4de1d40a7ab, actual =a0dcd4de1d40a7ab
[3285000] SCOREBOARD MATCH: wdata passthrough beat=103 expected = fe7f77b6d26fd32e, actual =fe7f77b6d26fd32e
[3285000] SCOREBOARD MATCH: wdata passthrough beat=104 expected = 3b36e676e3b9df45, actual =3b36e676e3b9df45
[3285000] SCOREBOARD MATCH: wdata passthrough beat=105 expected = 80fa86f0d789df8f, actual =80fa86f0d789df8f
[3285000] SCOREBOARD MATCH: wdata passthrough beat=106 expected = 29f9b2bddc13bb54, actual =29f9b2bddc13bb54
[3285000] SCOREBOARD MATCH: wdata passthrough beat=107 expected = 3fcd9a9aff79fea6, actual =3fcd9a9aff79fea6
[3285000] SCOREBOARD MATCH: wdata passthrough beat=108 expected = d703de35e5309933, actual =d703de35e5309933
[3285000] SCOREBOARD MATCH: wdata passthrough beat=109 expected = c1445487c0c8218a, actual =c1445487c0c8218a
[3285000] SCOREBOARD MATCH: wdata passthrough beat=110 expected = c042203180fd90f2, actual =c042203180fd90f2
[3285000] SCOREBOARD MATCH: wdata passthrough beat=111 expected = e62e2a258111ef21, actual =e62e2a258111ef21
[3285000] SCOREBOARD MATCH: wdata passthrough beat=112 expected = c1da10ac9745fe66, actual =c1da10ac9745fe66
[3285000] SCOREBOARD MATCH: wdata passthrough beat=113 expected = 18438f5927727ead, actual =18438f5927727ead
[3285000] SCOREBOARD MATCH: wdata passthrough beat=114 expected = a8846dce021c30dd, actual =a8846dce021c30dd
[3285000] SCOREBOARD MATCH: wdata passthrough beat=115 expected = 99622f43fe71b97e, actual =99622f43fe71b97e
[3285000] SCOREBOARD MATCH: wdata passthrough beat=116 expected = a5e4382bea5e7e7a, actual =a5e4382bea5e7e7a
[3285000] SCOREBOARD MATCH: wdata passthrough beat=117 expected = ec7aaf57b1a5be9c, actual =ec7aaf57b1a5be9c
[3285000] SCOREBOARD MATCH: wdata passthrough beat=118 expected = 3017781bce68a5fa, actual =3017781bce68a5fa
[3285000] SCOREBOARD MATCH: wdata passthrough beat=119 expected = b8c7247405dcde9b, actual =b8c7247405dcde9b
[3285000] SCOREBOARD MATCH: wdata passthrough beat=120 expected = b7829d37d5fbb046, actual =b7829d37d5fbb046
[3285000] SCOREBOARD MATCH: wdata passthrough beat=121 expected = a46456402541d3cc, actual =a46456402541d3cc
[3285000] SCOREBOARD MATCH: wdata passthrough beat=122 expected = 2b1eb267e79a1552, actual =2b1eb267e79a1552
[3285000] SCOREBOARD MATCH: wdata passthrough beat=123 expected = 3d95c599dd2b7ab5, actual =3d95c599dd2b7ab5
[3285000] SCOREBOARD MATCH: wdata passthrough beat=124 expected = 26d4e81e2a14f9e, actual =26d4e81e2a14f9e
[3285000] SCOREBOARD MATCH: wdata passthrough beat=125 expected = ca3b64f1e1fa1bd9, actual =ca3b64f1e1fa1bd9
[3285000] SCOREBOARD MATCH: wdata passthrough beat=126 expected = bf25968e2d8c00e8, actual =bf25968e2d8c00e8
[3285000] SCOREBOARD MATCH: wdata passthrough beat=127 expected = 902d508607d12a8a, actual =902d508607d12a8a
[3285000] SCOREBOARD MATCH: wdata passthrough beat=128 expected = e9cb4663c192e50f, actual =e9cb4663c192e50f
[3285000] SCOREBOARD MATCH: wdata passthrough beat=129 expected = ef1ee5f7da68b577, actual =ef1ee5f7da68b577
[3285000] SCOREBOARD MATCH: wdata passthrough beat=130 expected = e239e00128f0dcf2, actual =e239e00128f0dcf2
[3285000] SCOREBOARD MATCH: wdata passthrough beat=131 expected = ea83c201ff4c367e, actual =ea83c201ff4c367e
[3285000] SCOREBOARD MATCH: wdata passthrough beat=132 expected = d9b4ebf5cc052665, actual =d9b4ebf5cc052665
[3285000] SCOREBOARD MATCH: wdata passthrough beat=133 expected = f4f60357d9a2a7f9, actual =f4f60357d9a2a7f9
[3285000] SCOREBOARD MATCH: wdata passthrough beat=134 expected = d8eede773beecbf7, actual =d8eede773beecbf7
[3285000] SCOREBOARD MATCH: wdata passthrough beat=135 expected = 7f3f25cdf79c558, actual =7f3f25cdf79c558
[3285000] SCOREBOARD MATCH: wdata passthrough beat=136 expected = b91c6d51b2a3ca6c, actual =b91c6d51b2a3ca6c
[3285000] SCOREBOARD MATCH: wdata passthrough beat=137 expected = ee929663fce9f5b3, actual =ee929663fce9f5b3
[3285000] SCOREBOARD MATCH: wdata passthrough beat=138 expected = dc63bb0b920b4bc8, actual =dc63bb0b920b4bc8
[3285000] SCOREBOARD MATCH: wdata passthrough beat=139 expected = c4af1635f68688bf, actual =c4af1635f68688bf
[3285000] SCOREBOARD MATCH: wstrb size check expected = 8c, actual =8c
[3285000] SCOREBOARD MATCH: wstrb passthrough beat=0 expected = 5d, actual =5d
[3285000] SCOREBOARD MATCH: wstrb passthrough beat=1 expected = 72, actual =72
[3285000] SCOREBOARD MATCH: wstrb passthrough beat=2 expected = 98, actual =98
[3285000] SCOREBOARD MATCH: wstrb passthrough beat=3 expected = 25, actual =25
[3285000] SCOREBOARD MATCH: wstrb passthrough beat=4 expected = 7e, actual =7e
[3285000] SCOREBOARD MATCH: wstrb passthrough beat=5 expected = 58, actual =58
[3285000] SCOREBOARD MATCH: wstrb passthrough beat=6 expected = 5a, actual =5a
[3285000] SCOREBOARD MATCH: wstrb passthrough beat=7 expected = db, actual =db
[3285000] SCOREBOARD MATCH: wstrb passthrough beat=8 expected = ca, actual =ca
[3285000] SCOREBOARD MATCH: wstrb passthrough beat=9 expected = f3, actual =f3
[3285000] SCOREBOARD MATCH: wstrb passthrough beat=10 expected = 0, actual =0
[3285000] SCOREBOARD MATCH: wstrb passthrough beat=11 expected = 48, actual =48
[3285000] SCOREBOARD MATCH: wstrb passthrough beat=12 expected = 4b, actual =4b
[3285000] SCOREBOARD MATCH: wstrb passthrough beat=13 expected = 5b, actual =5b
[3285000] SCOREBOARD MATCH: wstrb passthrough beat=14 expected = 23, actual =23
[3285000] SCOREBOARD MATCH: wstrb passthrough beat=15 expected = 15, actual =15
[3285000] SCOREBOARD MATCH: wstrb passthrough beat=16 expected = 4e, actual =4e
[3285000] SCOREBOARD MATCH: wstrb passthrough beat=17 expected = 24, actual =24
[3285000] SCOREBOARD MATCH: wstrb passthrough beat=18 expected = 5e, actual =5e
[3285000] SCOREBOARD MATCH: wstrb passthrough beat=19 expected = 99, actual =99
[3285000] SCOREBOARD MATCH: wstrb passthrough beat=20 expected = 7f, actual =7f
[3285000] SCOREBOARD MATCH: wstrb passthrough beat=21 expected = 81, actual =81
[3285000] SCOREBOARD MATCH: wstrb passthrough beat=22 expected = ae, actual =ae
[3285000] SCOREBOARD MATCH: wstrb passthrough beat=23 expected = cd, actual =cd
[3285000] SCOREBOARD MATCH: wstrb passthrough beat=24 expected = a5, actual =a5
[3285000] SCOREBOARD MATCH: wstrb passthrough beat=25 expected = c, actual =c
[3285000] SCOREBOARD MATCH: wstrb passthrough beat=26 expected = 66, actual =66
[3285000] SCOREBOARD MATCH: wstrb passthrough beat=27 expected = 24, actual =24
[3285000] SCOREBOARD MATCH: wstrb passthrough beat=28 expected = 8e, actual =8e
[3285000] SCOREBOARD MATCH: wstrb passthrough beat=29 expected = 14, actual =14
[3285000] SCOREBOARD MATCH: wstrb passthrough beat=30 expected = f1, actual =f1
[3285000] SCOREBOARD MATCH: wstrb passthrough beat=31 expected = 33, actual =33
[3285000] SCOREBOARD MATCH: wstrb passthrough beat=32 expected = 21, actual =21
[3285000] SCOREBOARD MATCH: wstrb passthrough beat=33 expected = 57, actual =57
[3285000] SCOREBOARD MATCH: wstrb passthrough beat=34 expected = 58, actual =58
[3285000] SCOREBOARD MATCH: wstrb passthrough beat=35 expected = af, actual =af
[3285000] SCOREBOARD MATCH: wstrb passthrough beat=36 expected = 6c, actual =6c
[3285000] SCOREBOARD MATCH: wstrb passthrough beat=37 expected = 49, actual =49
[3285000] SCOREBOARD MATCH: wstrb passthrough beat=38 expected = e2, actual =e2
[3285000] SCOREBOARD MATCH: wstrb passthrough beat=39 expected = 8d, actual =8d
[3285000] SCOREBOARD MATCH: wstrb passthrough beat=40 expected = a1, actual =a1
[3285000] SCOREBOARD MATCH: wstrb passthrough beat=41 expected = 3a, actual =3a
[3285000] SCOREBOARD MATCH: wstrb passthrough beat=42 expected = 3c, actual =3c
[3285000] SCOREBOARD MATCH: wstrb passthrough beat=43 expected = d, actual =d
[3285000] SCOREBOARD MATCH: wstrb passthrough beat=44 expected = 84, actual =84
[3285000] SCOREBOARD MATCH: wstrb passthrough beat=45 expected = 1e, actual =1e
[3285000] SCOREBOARD MATCH: wstrb passthrough beat=46 expected = 9a, actual =9a
[3285000] SCOREBOARD MATCH: wstrb passthrough beat=47 expected = 25, actual =25
[3285000] SCOREBOARD MATCH: wstrb passthrough beat=48 expected = 59, actual =59
[3285000] SCOREBOARD MATCH: wstrb passthrough beat=49 expected = d6, actual =d6
[3285000] SCOREBOARD MATCH: wstrb passthrough beat=50 expected = 32, actual =32
[3285000] SCOREBOARD MATCH: wstrb passthrough beat=51 expected = dd, actual =dd
[3285000] SCOREBOARD MATCH: wstrb passthrough beat=52 expected = f4, actual =f4
[3285000] SCOREBOARD MATCH: wstrb passthrough beat=53 expected = cc, actual =cc
[3285000] SCOREBOARD MATCH: wstrb passthrough beat=54 expected = 2, actual =2
[3285000] SCOREBOARD MATCH: wstrb passthrough beat=55 expected = 4d, actual =4d
[3285000] SCOREBOARD MATCH: wstrb passthrough beat=56 expected = a2, actual =a2
[3285000] SCOREBOARD MATCH: wstrb passthrough beat=57 expected = 34, actual =34
[3285000] SCOREBOARD MATCH: wstrb passthrough beat=58 expected = 2a, actual =2a
[3285000] SCOREBOARD MATCH: wstrb passthrough beat=59 expected = 96, actual =96
[3285000] SCOREBOARD MATCH: wstrb passthrough beat=60 expected = 0, actual =0
[3285000] SCOREBOARD MATCH: wstrb passthrough beat=61 expected = 2c, actual =2c
[3285000] SCOREBOARD MATCH: wstrb passthrough beat=62 expected = e4, actual =e4
[3285000] SCOREBOARD MATCH: wstrb passthrough beat=63 expected = a2, actual =a2
[3285000] SCOREBOARD MATCH: wstrb passthrough beat=64 expected = 60, actual =60
[3285000] SCOREBOARD MATCH: wstrb passthrough beat=65 expected = e, actual =e
[3285000] SCOREBOARD MATCH: wstrb passthrough beat=66 expected = 38, actual =38
[3285000] SCOREBOARD MATCH: wstrb passthrough beat=67 expected = 60, actual =60
[3285000] SCOREBOARD MATCH: wstrb passthrough beat=68 expected = 3b, actual =3b
[3285000] SCOREBOARD MATCH: wstrb passthrough beat=69 expected = 1c, actual =1c
[3285000] SCOREBOARD MATCH: wstrb passthrough beat=70 expected = 2, actual =2
[3285000] SCOREBOARD MATCH: wstrb passthrough beat=71 expected = 9b, actual =9b
[3285000] SCOREBOARD MATCH: wstrb passthrough beat=72 expected = 2b, actual =2b
[3285000] SCOREBOARD MATCH: wstrb passthrough beat=73 expected = 3b, actual =3b
[3285000] SCOREBOARD MATCH: wstrb passthrough beat=74 expected = fc, actual =fc
[3285000] SCOREBOARD MATCH: wstrb passthrough beat=75 expected = 66, actual =66
[3285000] SCOREBOARD MATCH: wstrb passthrough beat=76 expected = 57, actual =57
[3285000] SCOREBOARD MATCH: wstrb passthrough beat=77 expected = fe, actual =fe
[3285000] SCOREBOARD MATCH: wstrb passthrough beat=78 expected = 1, actual =1
[3285000] SCOREBOARD MATCH: wstrb passthrough beat=79 expected = 82, actual =82
[3285000] SCOREBOARD MATCH: wstrb passthrough beat=80 expected = 39, actual =39
[3285000] SCOREBOARD MATCH: wstrb passthrough beat=81 expected = fd, actual =fd
[3285000] SCOREBOARD MATCH: wstrb passthrough beat=82 expected = e8, actual =e8
[3285000] SCOREBOARD MATCH: wstrb passthrough beat=83 expected = 91, actual =91
[3285000] SCOREBOARD MATCH: wstrb passthrough beat=84 expected = fc, actual =fc
[3285000] SCOREBOARD MATCH: wstrb passthrough beat=85 expected = ea, actual =ea
[3285000] SCOREBOARD MATCH: wstrb passthrough beat=86 expected = 13, actual =13
[3285000] SCOREBOARD MATCH: wstrb passthrough beat=87 expected = 35, actual =35
[3285000] SCOREBOARD MATCH: wstrb passthrough beat=88 expected = e7, actual =e7
[3285000] SCOREBOARD MATCH: wstrb passthrough beat=89 expected = fc, actual =fc
[3285000] SCOREBOARD MATCH: wstrb passthrough beat=90 expected = c6, actual =c6
[3285000] SCOREBOARD MATCH: wstrb passthrough beat=91 expected = e3, actual =e3
[3285000] SCOREBOARD MATCH: wstrb passthrough beat=92 expected = e6, actual =e6
[3285000] SCOREBOARD MATCH: wstrb passthrough beat=93 expected = da, actual =da
[3285000] SCOREBOARD MATCH: wstrb passthrough beat=94 expected = 19, actual =19
[3285000] SCOREBOARD MATCH: wstrb passthrough beat=95 expected = cd, actual =cd
[3285000] SCOREBOARD MATCH: wstrb passthrough beat=96 expected = d6, actual =d6
[3285000] SCOREBOARD MATCH: wstrb passthrough beat=97 expected = df, actual =df
[3285000] SCOREBOARD MATCH: wstrb passthrough beat=98 expected = b1, actual =b1
[3285000] SCOREBOARD MATCH: wstrb passthrough beat=99 expected = bc, actual =bc
[3285000] SCOREBOARD MATCH: wstrb passthrough beat=100 expected = b9, actual =b9
[3285000] SCOREBOARD MATCH: wstrb passthrough beat=101 expected = ca, actual =ca
[3285000] SCOREBOARD MATCH: wstrb passthrough beat=102 expected = 89, actual =89
[3285000] SCOREBOARD MATCH: wstrb passthrough beat=103 expected = 8f, actual =8f
[3285000] SCOREBOARD MATCH: wstrb passthrough beat=104 expected = a9, actual =a9
[3285000] SCOREBOARD MATCH: wstrb passthrough beat=105 expected = 3a, actual =3a
[3285000] SCOREBOARD MATCH: wstrb passthrough beat=106 expected = 4b, actual =4b
[3285000] SCOREBOARD MATCH: wstrb passthrough beat=107 expected = 63, actual =63
[3285000] SCOREBOARD MATCH: wstrb passthrough beat=108 expected = 4, actual =4
[3285000] SCOREBOARD MATCH: wstrb passthrough beat=109 expected = d5, actual =d5
[3285000] SCOREBOARD MATCH: wstrb passthrough beat=110 expected = f2, actual =f2
[3285000] SCOREBOARD MATCH: wstrb passthrough beat=111 expected = ae, actual =ae
[3285000] SCOREBOARD MATCH: wstrb passthrough beat=112 expected = f, actual =f
[3285000] SCOREBOARD MATCH: wstrb passthrough beat=113 expected = 3e, actual =3e
[3285000] SCOREBOARD MATCH: wstrb passthrough beat=114 expected = 11, actual =11
[3285000] SCOREBOARD MATCH: wstrb passthrough beat=115 expected = 14, actual =14
[3285000] SCOREBOARD MATCH: wstrb passthrough beat=116 expected = 13, actual =13
[3285000] SCOREBOARD MATCH: wstrb passthrough beat=117 expected = 3, actual =3
[3285000] SCOREBOARD MATCH: wstrb passthrough beat=118 expected = c2, actual =c2
[3285000] SCOREBOARD MATCH: wstrb passthrough beat=119 expected = 22, actual =22
[3285000] SCOREBOARD MATCH: wstrb passthrough beat=120 expected = 41, actual =41
[3285000] SCOREBOARD MATCH: wstrb passthrough beat=121 expected = d3, actual =d3
[3285000] SCOREBOARD MATCH: wstrb passthrough beat=122 expected = 36, actual =36
[3285000] SCOREBOARD MATCH: wstrb passthrough beat=123 expected = 54, actual =54
[3285000] SCOREBOARD MATCH: wstrb passthrough beat=124 expected = d6, actual =d6
[3285000] SCOREBOARD MATCH: wstrb passthrough beat=125 expected = f8, actual =f8
[3285000] SCOREBOARD MATCH: wstrb passthrough beat=126 expected = 77, actual =77
[3285000] SCOREBOARD MATCH: wstrb passthrough beat=127 expected = 18, actual =18
[3285000] SCOREBOARD MATCH: wstrb passthrough beat=128 expected = cb, actual =cb
[3285000] SCOREBOARD MATCH: wstrb passthrough beat=129 expected = ad, actual =ad
[3285000] SCOREBOARD MATCH: wstrb passthrough beat=130 expected = 6c, actual =6c
[3285000] SCOREBOARD MATCH: wstrb passthrough beat=131 expected = a2, actual =a2
[3285000] SCOREBOARD MATCH: wstrb passthrough beat=132 expected = a6, actual =a6
[3285000] SCOREBOARD MATCH: wstrb passthrough beat=133 expected = e3, actual =e3
[3285000] SCOREBOARD MATCH: wstrb passthrough beat=134 expected = ba, actual =ba
[3285000] SCOREBOARD MATCH: wstrb passthrough beat=135 expected = 71, actual =71
[3285000] SCOREBOARD MATCH: wstrb passthrough beat=136 expected = 91, actual =91
[3285000] SCOREBOARD MATCH: wstrb passthrough beat=137 expected = 26, actual =26
[3285000] SCOREBOARD MATCH: wstrb passthrough beat=138 expected = 13, actual =13
[3285000] SCOREBOARD MATCH: wstrb passthrough beat=139 expected = 37, actual =37
[3285000] SCOREBOARD MATCH: bresp passthrough expected = 0, actual =0
[3285000] SCOREBOARD MATCH: response routed to correct master (write) expected = 0, actual =0
[3285000] [SCOREBOARD-M] mst_id=0 s_id=1 awaddr=1487aa98 awid=1 awlen=139 awsize=2 awburst=1 wdata=[8793212cc5d155a8 cc624afbe0f282a3 b2258783d194762f 9765cbd738f158da 99e3db7d39b8a8b0 8b4d1edfe3c816d3 1cb96fadcc096301 5c20bb122b2eab7 67b018ab69d4b2a 82a6ae2b910f2a90 b3c2154723347137 d9d1bc618868b9dc 1977e46dba3d16d1 dd718808dc786a8d e4e12469cd39f9b4 77710863743446a 13bbaef7fe5908d6 cb93028be4e8988e 9c2bdcf8f89cd360 f6f5dc37d30a1311 b7f2ab9fafe78bef 28845f50c288dec2 1592f1d3d41e8898 840614871f7a3b87 e2031a49cd859d72 a1a4260aac8a73d7 cc04af5ef7960c1c c51ba98e25aa3a92 d234ae69ae07c9a7 a59dd5c3e6bfcf99 c6a0a2b1e395dc8 cc41276feab97f52 d1794eebde9eb894 fcd8165cf1defd33 dc987c85dde35916 bc8211aac9193dcc 3af83aff2e11cb70 bf52486395a2807 27365d31790b784 c5a282f4c8773630 81d15e373d6ba0d2 d4fc5856d197a77a 9a0eddaa8444c40a c1b064dc1a9edb4a ec3682c41be03be2 a024ffec96acbd32 b14b987c8645606e a2259c50e1d564c9 f88221fb9d821b40 23c77bafc24a9c3d 2420010629cdba78 c74fd5b8c5ed17ff 8837b43c9ca22301 c66fdd79eb175167 31046967ac57b542 c8f9d8440dbfb332 f8d70499b93c1da3 e593d2e68f69b5bd 9d2968efa9db6e00 e3178ba42e8dab2a bdf760e716006d89 bfdbdb89c8ab5e8a f73909b4db20c9d7 f1213760a2f3672d eb9ec5b7b5306a9b 90513472b0fd12e9 d3f07a17e2d7cf6b 18083a0781726bd2 326f7ebcbf8f3fce 22670f3aa8596e79 29cbda4c065ff8d3 c5ef38a13a6f4941 e2c8b7badc3b5908 e29b51dbe85647db a2c5911c8c949206 e8cfeb0ea88a8a7c 10e0d258058e48d7 9222daddcb6b3ce9 f3f5c766b3a66374 b934ac4bfaf2c5ec c65e02d504d699be b87cfd32cb578729 c64a4d15ba53ca3b bf2a63f9f1b1a97e 3d0930a78ca84fea c6fc1a26f7a7612c e9590aaa03537dbc 8ffbcda686267e1f fdcddf4b26623b51 29b5b90dd6f7e7cc dd1e65ece726e9f5 8d892546b9b186b3 10a96e80daec4537 c2132f2db73ede53 f0f06507edc7d46c c8b419a3cf9c5473 6db32c70199d387 ef61a7f38ac748d0 da639d44f7cb97ce f9656b55b815c196 c2dd0a67e13ed00b d90a67d9e8c71348 a0dcd4de1d40a7ab fe7f77b6d26fd32e 3b36e676e3b9df45 80fa86f0d789df8f 29f9b2bddc13bb54 3fcd9a9aff79fea6 d703de35e5309933 c1445487c0c8218a c042203180fd90f2 e62e2a258111ef21 c1da10ac9745fe66 18438f5927727ead a8846dce021c30dd 99622f43fe71b97e a5e4382bea5e7e7a ec7aaf57b1a5be9c 3017781bce68a5fa b8c7247405dcde9b b7829d37d5fbb046 a46456402541d3cc 2b1eb267e79a1552 3d95c599dd2b7ab5 26d4e81e2a14f9e ca3b64f1e1fa1bd9 bf25968e2d8c00e8 902d508607d12a8a e9cb4663c192e50f ef1ee5f7da68b577 e239e00128f0dcf2 ea83c201ff4c367e d9b4ebf5cc052665 f4f60357d9a2a7f9 d8eede773beecbf7 7f3f25cdf79c558 b91c6d51b2a3ca6c ee929663fce9f5b3 dc63bb0b920b4bc8 c4af1635f68688bf ] wstrb=[5d 72 98 25 7e 58 5a db ca f3 0 48 4b 5b 23 15 4e 24 5e 99 7f 81 ae cd a5 c 66 24 8e 14 f1 33 21 57 58 af 6c 49 e2 8d a1 3a 3c d 84 1e 9a 25 59 d6 32 dd f4 cc 2 4d a2 34 2a 96 0 2c e4 a2 60 e 38 60 3b 1c 2 9b 2b 3b fc 66 57 fe 1 82 39 fd e8 91 fc ea 13 35 e7 fc c6 e3 e6 da 19 cd d6 df b1 bc b9 ca 89 8f a9 3a 4b 63 4 d5 f2 ae f 3e 11 14 13 3 c2 22 41 d3 36 54 d6 f8 77 18 cb ad 6c a2 a6 e3 ba 71 91 26 13 37 ] bresp=0 bid=1
[3285000] [SCOREBOARD-S] mst_id=0 s_id=1 awaddr=1487aa98 awid=1 awlen=139 awsize=2 awburst=1 wdata=[8793212cc5d155a8 cc624afbe0f282a3 b2258783d194762f 9765cbd738f158da 99e3db7d39b8a8b0 8b4d1edfe3c816d3 1cb96fadcc096301 5c20bb122b2eab7 67b018ab69d4b2a 82a6ae2b910f2a90 b3c2154723347137 d9d1bc618868b9dc 1977e46dba3d16d1 dd718808dc786a8d e4e12469cd39f9b4 77710863743446a 13bbaef7fe5908d6 cb93028be4e8988e 9c2bdcf8f89cd360 f6f5dc37d30a1311 b7f2ab9fafe78bef 28845f50c288dec2 1592f1d3d41e8898 840614871f7a3b87 e2031a49cd859d72 a1a4260aac8a73d7 cc04af5ef7960c1c c51ba98e25aa3a92 d234ae69ae07c9a7 a59dd5c3e6bfcf99 c6a0a2b1e395dc8 cc41276feab97f52 d1794eebde9eb894 fcd8165cf1defd33 dc987c85dde35916 bc8211aac9193dcc 3af83aff2e11cb70 bf52486395a2807 27365d31790b784 c5a282f4c8773630 81d15e373d6ba0d2 d4fc5856d197a77a 9a0eddaa8444c40a c1b064dc1a9edb4a ec3682c41be03be2 a024ffec96acbd32 b14b987c8645606e a2259c50e1d564c9 f88221fb9d821b40 23c77bafc24a9c3d 2420010629cdba78 c74fd5b8c5ed17ff 8837b43c9ca22301 c66fdd79eb175167 31046967ac57b542 c8f9d8440dbfb332 f8d70499b93c1da3 e593d2e68f69b5bd 9d2968efa9db6e00 e3178ba42e8dab2a bdf760e716006d89 bfdbdb89c8ab5e8a f73909b4db20c9d7 f1213760a2f3672d eb9ec5b7b5306a9b 90513472b0fd12e9 d3f07a17e2d7cf6b 18083a0781726bd2 326f7ebcbf8f3fce 22670f3aa8596e79 29cbda4c065ff8d3 c5ef38a13a6f4941 e2c8b7badc3b5908 e29b51dbe85647db a2c5911c8c949206 e8cfeb0ea88a8a7c 10e0d258058e48d7 9222daddcb6b3ce9 f3f5c766b3a66374 b934ac4bfaf2c5ec c65e02d504d699be b87cfd32cb578729 c64a4d15ba53ca3b bf2a63f9f1b1a97e 3d0930a78ca84fea c6fc1a26f7a7612c e9590aaa03537dbc 8ffbcda686267e1f fdcddf4b26623b51 29b5b90dd6f7e7cc dd1e65ece726e9f5 8d892546b9b186b3 10a96e80daec4537 c2132f2db73ede53 f0f06507edc7d46c c8b419a3cf9c5473 6db32c70199d387 ef61a7f38ac748d0 da639d44f7cb97ce f9656b55b815c196 c2dd0a67e13ed00b d90a67d9e8c71348 a0dcd4de1d40a7ab fe7f77b6d26fd32e 3b36e676e3b9df45 80fa86f0d789df8f 29f9b2bddc13bb54 3fcd9a9aff79fea6 d703de35e5309933 c1445487c0c8218a c042203180fd90f2 e62e2a258111ef21 c1da10ac9745fe66 18438f5927727ead a8846dce021c30dd 99622f43fe71b97e a5e4382bea5e7e7a ec7aaf57b1a5be9c 3017781bce68a5fa b8c7247405dcde9b b7829d37d5fbb046 a46456402541d3cc 2b1eb267e79a1552 3d95c599dd2b7ab5 26d4e81e2a14f9e ca3b64f1e1fa1bd9 bf25968e2d8c00e8 902d508607d12a8a e9cb4663c192e50f ef1ee5f7da68b577 e239e00128f0dcf2 ea83c201ff4c367e d9b4ebf5cc052665 f4f60357d9a2a7f9 d8eede773beecbf7 7f3f25cdf79c558 b91c6d51b2a3ca6c ee929663fce9f5b3 dc63bb0b920b4bc8 c4af1635f68688bf ] wstrb=[5d 72 98 25 7e 58 5a db ca f3 0 48 4b 5b 23 15 4e 24 5e 99 7f 81 ae cd a5 c 66 24 8e 14 f1 33 21 57 58 af 6c 49 e2 8d a1 3a 3c d 84 1e 9a 25 59 d6 32 dd f4 cc 2 4d a2 34 2a 96 0 2c e4 a2 60 e 38 60 3b 1c 2 9b 2b 3b fc 66 57 fe 1 82 39 fd e8 91 fc ea 13 35 e7 fc c6 e3 e6 da 19 cd d6 df b1 bc b9 ca 89 8f a9 3a 4b 63 4 d5 f2 ae f 3e 11 14 13 3 c2 22 41 d3 36 54 d6 f8 77 18 cb ad 6c a2 a6 e3 ba 71 91 26 13 37 ] bresp=0 bid=1
[3285000] SCOREBOARD: Transaction 3 received. pass=893 fail=0
[3285000] ALL PASS. Total transactions: 3
[3295000] AXI S0_AWVALID_RDY HANDSHAKE
[3295000] SLAVE 1 R_VALID_RDY Handshake beat=1 rlast=1
[3295000] [SLAVE MONITOR] READ mst_id=0 s_id=1 araddr=1166cda0 arid=2 arlen=1 arsize=3 arburst=1 rid=[22] rresp=[00] rdata=[baadf00d12345678baadf00d12345678]
[3295000] ARB MONITOR: slave=0 m0_req=1 m1_req=0 winner=0
[3305000] MASTER 0 W_VALID_RDY Handshake beat=0 wlast=0
[3305000] MASTER 0 R_VALID_RDY Handshake beat=0 rlast=0
[3315000] AXI S0_WVALID_RDY HANDSHAKE
[3315000] S0 MEMORY WRITE beat=0 addr=0d214568 data=16171a0fe68e079f id=0e
[3315000] MASTER 0 R_VALID_RDY Handshake beat=1 rlast=1
[3315000] [MASTER MONITOR] READ mst_id=0 s_id=1 araddr=1166cda0 arid=2 arlen=1 arsize=3 arburst=1 rid=[22] rresp=[00] rdata=[baadf00d12345678baadf00d12345678]
[3315000] MASTER 0 W_VALID_RDY Handshake beat=1 wlast=0
[3315000] [MASTER DRIVER] READ mst_id=0 s_id=0 araddr=1166cda0 arid=2 arlen=1 arsize=3 arburst=1 rid=[22] rresp=[00] rdata=[baadf00d12345678baadf00d12345678]
[3315000] SCOREBOARD MATCH: decode_err expected = 0, actual =0
[3315000] SCOREBOARD MATCH: slave_id expected = 1, actual =1
[3315000] SCOREBOARD MATCH: araddr passthrough expected = 1166cda0, actual =1166cda0
[3315000] SCOREBOARD MATCH: arlen passthrough expected = 1, actual =1
[3315000] SCOREBOARD MATCH: arsize passthrough expected = 3, actual =3
[3315000] SCOREBOARD MATCH: arburst passthrough expected = 1, actual =1
[3315000] SCOREBOARD MATCH: rdata size check expected = 2, actual =2
[3315000] SCOREBOARD MATCH: rdata passthrough beat=0 expected = baadf00d12345678, actual =baadf00d12345678
[3315000] SCOREBOARD MATCH: rdata passthrough beat=1 expected = baadf00d12345678, actual =baadf00d12345678
[3315000] SCOREBOARD MATCH: rresp size check expected = 2, actual =2
[3315000] SCOREBOARD MATCH: rresp passthrough beat=0 expected = 0, actual =0
[3315000] SCOREBOARD MATCH: rresp passthrough beat=1 expected = 0, actual =0
[3315000] SCOREBOARD MATCH: response routed to correct master (read beat 0) expected = 0, actual =0
[3315000] SCOREBOARD MATCH: response routed to correct master (read beat 1) expected = 0, actual =0
[3315000] [SCOREBOARD-M] READ mst_id=0 s_id=1 araddr=1166cda0 arid=2 arlen=1 arsize=3 arburst=1 rid=[22] rresp=[00] rdata=[baadf00d12345678baadf00d12345678]
[3315000] [SCOREBOARD-S] READ mst_id=0 s_id=1 araddr=1166cda0 arid=2 arlen=1 arsize=3 arburst=1 rid=[22] rresp=[00] rdata=[baadf00d12345678baadf00d12345678]
[3315000] SCOREBOARD: Transaction 4 received. pass=907 fail=0
[3315000] ALL PASS. Total transactions: 4
[3325000] MASTER 0 W_VALID_RDY Handshake beat=2 wlast=0
[3325000] AXI S0_WVALID_RDY HANDSHAKE
[3325000] S0 MEMORY WRITE beat=1 addr=0d214568 data=ce662982892df350 id=0e
[3335000] AXI S0_WVALID_RDY HANDSHAKE
[3335000] S0 MEMORY WRITE beat=2 addr=0d214568 data=b25aa72dc6712878 id=0e
[3335000] MASTER 0 W_VALID_RDY Handshake beat=3 wlast=0
[3345000] MASTER 0 W_VALID_RDY Handshake beat=4 wlast=0
[3345000] AXI S0_WVALID_RDY HANDSHAKE
[3345000] S0 MEMORY WRITE beat=3 addr=0d214568 data=2cff30173207b573 id=0e
[3355000] AXI S0_WVALID_RDY HANDSHAKE
[3355000] S0 MEMORY WRITE beat=4 addr=0d214568 data=bb35a8c3c871c13c id=0e
[3355000] MASTER 0 W_VALID_RDY Handshake beat=5 wlast=0
[3365000] MASTER 0 W_VALID_RDY Handshake beat=6 wlast=0
[3365000] AXI S0_WVALID_RDY HANDSHAKE
[3365000] S0 MEMORY WRITE beat=5 addr=0d214568 data=8ee2e9b4fb655999 id=0e
[3375000] AXI S0_WVALID_RDY HANDSHAKE
[3375000] S0 MEMORY WRITE beat=6 addr=0d214568 data=2d6d0f0ced904ff1 id=0e
[3375000] MASTER 0 W_VALID_RDY Handshake beat=7 wlast=0
[3385000] MASTER 0 W_VALID_RDY Handshake beat=8 wlast=0
[3385000] AXI S0_WVALID_RDY HANDSHAKE
[3385000] S0 MEMORY WRITE beat=7 addr=0d214568 data=b602112dbbe219cb id=0e
[3395000] AXI S0_WVALID_RDY HANDSHAKE
[3395000] S0 MEMORY WRITE beat=8 addr=0d214568 data=b7477364e8a2b7cf id=0e
[3395000] MASTER 0 W_VALID_RDY Handshake beat=9 wlast=0
[3405000] MASTER 0 W_VALID_RDY Handshake beat=10 wlast=1
[3405000] AXI S0_WVALID_RDY HANDSHAKE
[3405000] S0 MEMORY WRITE beat=9 addr=0d214568 data=d63307c0c4e4fae2 id=0e
[3415000] AXI S0_WVALID_RDY HANDSHAKE
[3415000] S0 MEMORY WRITE beat=10 addr=0d214568 data=80c714ade4b48270 id=0e
[3425000] SLAVE0 sent B resp, id=14
[3435000] [SLAVE MONITOR] mst_id=0 s_id=0 awaddr=d214568 awid=1110 awlen=10 awsize=2 awburst=0 wdata=[16171a0fe68e079f ce662982892df350 b25aa72dc6712878 2cff30173207b573 bb35a8c3c871c13c 8ee2e9b4fb655999 2d6d0f0ced904ff1 b602112dbbe219cb b7477364e8a2b7cf d63307c0c4e4fae2 80c714ade4b48270 ] wstrb=[ee 40 12 d0 0 82 7d ee c2 8f be ] bresp=0 bid=1110
[3445000] MASTER 0 RECEIVED BRESP. BRESP=0
[3445000] [MASTER DRIVER] mst_id=0 s_id=0 awaddr=d214568 awid=1110 awlen=10 awsize=2 awburst=0 wdata=[16171a0fe68e079f ce662982892df350 b25aa72dc6712878 2cff30173207b573 bb35a8c3c871c13c 8ee2e9b4fb655999 2d6d0f0ced904ff1 b602112dbbe219cb b7477364e8a2b7cf d63307c0c4e4fae2 80c714ade4b48270 ] wstrb=[ee 40 12 d0 0 82 7d ee c2 8f be ] bresp=0 bid=1110
[3445000] MASTER 0 B_VALID_RDY Handshake
[3445000] [MASTER MONITOR] mst_id=0 s_id=0 awaddr=d214568 awid=1110 awlen=10 awsize=2 awburst=0 wdata=[16171a0fe68e079f ce662982892df350 b25aa72dc6712878 2cff30173207b573 bb35a8c3c871c13c 8ee2e9b4fb655999 2d6d0f0ced904ff1 b602112dbbe219cb b7477364e8a2b7cf d63307c0c4e4fae2 80c714ade4b48270 ] wstrb=[ee 40 12 d0 0 82 7d ee c2 8f be ] bresp=0 bid=1110
[3445000] SCOREBOARD MATCH: decode_err expected = 0, actual =0
[3445000] SCOREBOARD MATCH: slave_id expected = 0, actual =0
[3445000] SCOREBOARD MATCH: awaddr passthrough expected = d214568, actual =d214568
[3445000] SCOREBOARD MATCH: awlen passthrough expected = 10, actual =10
[3445000] SCOREBOARD MATCH: awsize passthrough expected = 2, actual =2
[3445000] SCOREBOARD MATCH: awburst passthrough expected = 0, actual =0
[3445000] SCOREBOARD MATCH: wdata size check expected = b, actual =b
[3445000] SCOREBOARD MATCH: wdata passthrough beat=0 expected = 16171a0fe68e079f, actual =16171a0fe68e079f
[3445000] SCOREBOARD MATCH: wdata passthrough beat=1 expected = ce662982892df350, actual =ce662982892df350
[3445000] SCOREBOARD MATCH: wdata passthrough beat=2 expected = b25aa72dc6712878, actual =b25aa72dc6712878
[3445000] SCOREBOARD MATCH: wdata passthrough beat=3 expected = 2cff30173207b573, actual =2cff30173207b573
[3445000] SCOREBOARD MATCH: wdata passthrough beat=4 expected = bb35a8c3c871c13c, actual =bb35a8c3c871c13c
[3445000] SCOREBOARD MATCH: wdata passthrough beat=5 expected = 8ee2e9b4fb655999, actual =8ee2e9b4fb655999
[3445000] SCOREBOARD MATCH: wdata passthrough beat=6 expected = 2d6d0f0ced904ff1, actual =2d6d0f0ced904ff1
[3445000] SCOREBOARD MATCH: wdata passthrough beat=7 expected = b602112dbbe219cb, actual =b602112dbbe219cb
[3445000] SCOREBOARD MATCH: wdata passthrough beat=8 expected = b7477364e8a2b7cf, actual =b7477364e8a2b7cf
[3445000] SCOREBOARD MATCH: wdata passthrough beat=9 expected = d63307c0c4e4fae2, actual =d63307c0c4e4fae2
[3445000] SCOREBOARD MATCH: wdata passthrough beat=10 expected = 80c714ade4b48270, actual =80c714ade4b48270
[3445000] SCOREBOARD MATCH: wstrb size check expected = b, actual =b
[3445000] SCOREBOARD MATCH: wstrb passthrough beat=0 expected = ee, actual =ee
[3445000] SCOREBOARD MATCH: wstrb passthrough beat=1 expected = 40, actual =40
[3445000] SCOREBOARD MATCH: wstrb passthrough beat=2 expected = 12, actual =12
[3445000] SCOREBOARD MATCH: wstrb passthrough beat=3 expected = d0, actual =d0
[3445000] SCOREBOARD MATCH: wstrb passthrough beat=4 expected = 0, actual =0
[3445000] SCOREBOARD MATCH: wstrb passthrough beat=5 expected = 82, actual =82
[3445000] SCOREBOARD MATCH: wstrb passthrough beat=6 expected = 7d, actual =7d
[3445000] SCOREBOARD MATCH: wstrb passthrough beat=7 expected = ee, actual =ee
[3445000] SCOREBOARD MATCH: wstrb passthrough beat=8 expected = c2, actual =c2
[3445000] SCOREBOARD MATCH: wstrb passthrough beat=9 expected = 8f, actual =8f
[3445000] SCOREBOARD MATCH: wstrb passthrough beat=10 expected = be, actual =be
[3445000] SCOREBOARD MATCH: bresp passthrough expected = 0, actual =0
[3445000] SCOREBOARD MATCH: response routed to correct master (write) expected = 0, actual =0
[3445000] [SCOREBOARD-M] mst_id=0 s_id=0 awaddr=d214568 awid=1110 awlen=10 awsize=2 awburst=0 wdata=[16171a0fe68e079f ce662982892df350 b25aa72dc6712878 2cff30173207b573 bb35a8c3c871c13c 8ee2e9b4fb655999 2d6d0f0ced904ff1 b602112dbbe219cb b7477364e8a2b7cf d63307c0c4e4fae2 80c714ade4b48270 ] wstrb=[ee 40 12 d0 0 82 7d ee c2 8f be ] bresp=0 bid=1110
[3445000] [SCOREBOARD-S] mst_id=0 s_id=0 awaddr=d214568 awid=1110 awlen=10 awsize=2 awburst=0 wdata=[16171a0fe68e079f ce662982892df350 b25aa72dc6712878 2cff30173207b573 bb35a8c3c871c13c 8ee2e9b4fb655999 2d6d0f0ced904ff1 b602112dbbe219cb b7477364e8a2b7cf d63307c0c4e4fae2 80c714ade4b48270 ] wstrb=[ee 40 12 d0 0 82 7d ee c2 8f be ] bresp=0 bid=1110
[3445000] SCOREBOARD: Transaction 5 received. pass=939 fail=0
[3445000] SCOREBOARD: Expected 5 transactions completed, PASS=939 FAIL=0
[3445000] ALL PASS. Total transactions: 5
[3445000] ALL TRANSACTIONS MONITORED
$finish called at time : 3465 ns : File "/home/nashita/Desktop/practice/axi_xbar/tb/top/axi_tb_top.sv" Line 220
exit
INFO: xsimkernel Simulation Memory Usage: 289464 KB (Peak: 337864 KB), Simulation CPU Usage: 1210 ms
INFO: [Common 17-206] Exiting xsim at Thu Sep 10 18:37:50 2026...
