#-----------------------------------------------------------
# xsim v2025.2 (64-bit)
# SW Build 6299465 on Fri Nov 14 12:34:56 MST 2025
# IP Build 6300035 on Fri Nov 14 10:48:45 MST 2025
# SharedData Build 6298862 on Thu Nov 13 04:50:51 MST 2025
# Start of session at: Thu Sep 10 18:29:46 2026
# Process ID         : 3631709
# Current directory  : /home/nashita/Desktop/practice/axi_xbar/sim
# Command line       : xsim -log regress_results/BT_run250.log -mode tcl -source {xsim.dir/tb_top_snap/xsim_script.tcl}
# Log file           : /home/nashita/Desktop/practice/axi_xbar/sim/regress_results/BT_run250.log
# Journal file       : /home/nashita/Desktop/practice/axi_xbar/sim/xsim.jou
# Running On         : vlsi-vivado
# Platform           : Ubuntu
# Operating System   : Ubuntu 24.04.4 LTS
# Processor Detail   : Intel(R) Core(TM) i5-10400 CPU @ 2.90GHz
# CPU Frequency      : 4000.601 MHz
# CPU Physical cores : 6
# CPU Logical cores  : 12
# Host memory        : 41875 MB
# Swap memory        : 27648 MB
# Total Virtual      : 69524 MB
# Available Virtual  : 62829 MB
#-----------------------------------------------------------
source xsim.dir/tb_top_snap/xsim_script.tcl
# xsim {tb_top_snap} -testplusarg BT -autoloadwcfg -runall -sv_seed 251
Time resolution is 1 ps
run -all
[0] RUNNING BASE TEST
[0] INSIDE THE BASE TEST CONSTRUCTOR
[0] ENV: before agent
[0] SLAVE CONSTRUCTED
[0] MASTER MONITOR CONSTRUCTED
[0] MASTER MONITOR CONSTRUCTED
[0] SLAVE MONITOR CONSTRUCTED
[0] SLAVE MONITOR CONSTRUCTED
[0] ARB MONITOR CONSTRUCTED
GENERATOR CONSTRUCTED
[0] ENV: after agent
[0] ENV: before scoreboard
[0] ENV: after scoreboard
[15000] [SEQUENCER] READ mst_id=0 s_id=0 araddr=7dfd40 arid=0 arlen=1 arsize=3 arburst=1 rid=[] rresp=[] rdata=[]
[15000] [SEQUENCER] READ mst_id=0 s_id=0 araddr=b1184a8 arid=1 arlen=1 arsize=3 arburst=1 rid=[] rresp=[] rdata=[]
[15000] [SEQUENCER] mst_id=1 s_id=0 awaddr=15413e20 awid=11 awlen=244 awsize=1 awburst=1 wdata=[8a446d50c7f4dfc3 3acdcd9ed580739a a5a7388ec710e41b 8f05c3def967c8f7 cee83c912feba5df f6fc89fac9d3917c c33b5a74f48f7520 247b1aff86024dd8 cfd5df5592239705 86b30c251b77a4f9 a179f2d1131139c9 a534d0ceab2e2724 c6a5cc1df14fd226 84610bef2be7dcf4 d7160418e81fbeef d96f91152995dcbe d57db9b21dbbd036 5db8f25ddd09d05 76679c3ac93bdca ca4f8e00df4b203a bd1bbd3fdce43375 8977f13fd02b1d25 2f763d60c4823702 a1666a77d3c77f40 a3f29c65ec91fa9f 311431a22ade5bb7 fea5daf7d368d9c5 3ffad465d27a9c19 fd58f7d0a298775c f6015122f10f0607 c389a220fbfed2c7 1e974a2435fc2587 270b2b8ec0e299f1 bce16cb814989b46 ca94c0cdea94cdae ab77679fdb78b6dc f0115222f19fec5b dc34ba09e858d458 c3d18b34baa612ef ac45ff4a07ac21a9 f004f60133e2dd57 ee88f046087ab954 1026dafdb3d68135 e7b95e8c1aceef91 2349a8e5002bd0fe b4025233d6424ed3 f1113e64337083e2 339c54e01bbbb0c0 f1fdff93145ae749 c7cb6b2be79ea713 835a57d3e30f3df7 f76a2540fb67c00b e306671ef5585766 d867955d3f35906b 3a9d5076e660bef2 dbb91658cfd1ba9d 8f074b089da3b794 840476863420abb6 83f26653c9a49b7e e7485313dfbd8cdf 13de389512f9b15c dc9e4cdaeb4cc999 cb0a567897d09ee8 aaca5044c3e69fed 2f336987dee88f0d f6b92df607689d1f cb4f3d0cfa3dbfff d9264f0da1837e3a a8ec1b59fa82a693 f4c06693cfdf7d03 f162fb3df43b5866 eebdfef9cde6b5a0 1dc632a31a4f1697 e8a6efde37e658c b1651b2c8f292de0 a9784477fd486df6 e0c6d383cf2b4dcf de547bb0b802b374 354b216b922beeaf e1573c7f87ccc027 3fcf739c1611f4ee a83de39d3fabb82f c7787856f51a9507 b2c89f58995201c c940d84b8747ebf2 fc6280f9b36a6d92 3cff8daf10b950a2 98013c94878f0aee 3af97881864065fa 96f9b69c1463bd8e 9bf2c87cf7f90630 fe396c2a2efaf331 c35eb0bfd6ec40fd cee5472d153322c7 c42e15f8df51793b 363dba39cd1eb358 e251d61f078cc6b7 e6de3ff285230166 d241b4be267fec17 2e0cb2ce9d1bfa2b 223efb92b4938add db1376f494eaf2c0 3206ececf480b050 29143b2e892029c2 1e0b1c83d445e87e c8c698ce8427b222 d47dbe5d012096f 2457f1edf1dad3fc f602861f2b52f868 fb6501d7ed1e8abb def95eb8034a6204 2e9d5a6c1fbcf3c4 8cdb7e7fd4fbe4d7 d84646db2a025c43 c9bf5007ebd4dd37 c0d0c20e06e3a147 30e5fd8ad69ace86 c26fabbe991708e9 9ffaaa30faa54d91 d1401c1783406dcc 1c5776b6d0e0a7ba cb85f54b93afc7d5 16f035a2bc5220e6 d32c8a11cc61163 b075d9383347ac58 ef99cd3ed8b8bdec f57ecf4fc7660eda faadbb32fccc95df d58553cc25f4a888 ed5ab762ea478871 e7141e50cb04231b f0f8cba3e8087295 d24ffb06bc99721c 79d9538de538306 c65bf59bb9641956 f5fd8b73f89660db d6e9e3e118abf0a1 d21009f7fd9b20ab f63181869d45d97c b5f1ca1dc80d956a c5a8b615cd1b6568 ea613ee40801d415 d00f697f3bda379c 8f59d0420530902 2854dd1715b81f95 d1925731f356dbe8 93a9e4eaf8644696 8e1c662bda87f435 cdded01dbbfec201 34630898dfaebd5c ba36b191e188b508 9d877709c27f6ec3 222e2c20081581af e99e36b7d1ea7fa1 1469ee65dc64ddb1 e47a5f608725adc0 d9102d6236981a85 92fcf836ce189617 d53e43d8ed7a1bc7 2412364cf7775797 c58fedae2e4e713a 1bc88d01b70f2e82 ae8686199ace3186 c91ca2c03fdac34d f6e9f1cff41673c8 8ee4a54ee4e52fc1 a4bff30e257077e9 1986ebb1d801480f bce677d01ba9e4de c11a5cc7a86b90ff 806cd90ee1a66adf fd504fbddaa14878 830cd9773d5350df 1ef9bbbe3e6aac84 190bf4fc0379b286 c0cd03651c4a0b7b dab4b7ff9c18ce73 9f9280f9dfc6bf23 fc10ca9ef3c0acfb 8fd97b6ee05f845e c0264381d6c5829d ca862f982f6bfc68 8fcb80c6bc370e1f 92fc90bcda5fab06 89cba76ecff1c448 8c28d267dd82c054 37e26b5b19972835 e988ec7d1f256324 fca82378c1ae12c9 db453afef5b1bee4 94d72208b48a8ed3 f638a19dc4ce277b 3a7fe660117f4581 c609d454d17ddc9b 164c0417cf570868 e0d64de9bc4275f1 dc0528dd0cbea77 a022f2df26e0223e e322982f240c56a4 f4d8411b00f940c9 27d96307f0e2eabc 94ef416094fb33fa 95f474c38afbfb36 fbdee5f389c7827b 1ec2b676bdcdd7ca c8c9d30190ce2753 1a95a9cfb4b72b39 f2850304c4a8b8f4 d576e04739586045 ee0f8b7e3b4ed605 fff78ef9f00c8a16 a964ea5be0948e82 9be36487d56e6f40 c57af957177475da f809045c9bdaf380 f14962c1eedfe3b2 8654598c13ec68e4 afc75c6436c45c18 a5a43fcafe5d5de9 1249c6cda110bf25 d7d51b3d2bf89957 2a55f740c2112331 e321e257fd795b08 2971f45f3c9fbe0d feb0e13ebaf6fd94 b870589cd3c7eb9f 1067a9ace1d2c395 1cc9c12ae1e24cfb b5aa389a8f188aea f0eb4e80d53a19c6 371c66c2c611e246 d52a6d310db50faa e2ef2970ecc69f5c 32d881a3c615bbb1 d3cacb5b9a0b9032 6d22f8f0802eed4 ce18aa85b6b9f4cb d0c584fe39aab132 c1ada00621e375e0 d89d6aabd797b48d 114265bf0fc64a8b 31a9c06ba962efa9 80faa436d2f005c5 e2b650508a472b16 33aa1ac0923d09f5 ] wstrb=[bb ba f6 d1 a ec 91 c5 a6 88 97 b1 74 28 76 1a b0 d cb 24 36 42 3f e6 4f a b 85 4c 4a 6c 9c 54 77 21 a1 c1 8d 3d 15 4 5e b6 c5 ec f3 db f0 52 91 b6 3e 85 91 2e d7 22 e4 15 a7 75 43 7e 98 28 93 3f 9d d7 be 35 ff 51 75 9c 28 33 d2 27 84 47 c4 ad 7a 96 d4 fe dd 98 ab 57 2e 80 55 b 18 1 62 47 81 b8 52 99 b9 b5 e0 3a 6d 33 d3 26 e8 b4 60 55 e7 33 7b cf e7 db 24 ce e 9f 9d f6 7a c1 c4 88 60 62 7e da 23 43 63 84 a5 e1 5e c8 24 c1 4c c9 a3 ab 92 c7 6c de 91 f 89 23 d7 f6 1 68 5 8b 8b dc 81 8c 44 86 17 cf 63 98 5c a7 1f 73 77 82 c d3 29 2b 46 a0 ad 52 73 d6 7d ba 77 2a c ea 1 8a a4 78 b4 b1 62 b5 3b 7 2d ef b8 90 a5 f3 97 d2 e2 4f 62 87 42 f9 5a 24 48 bc ac 8a b6 6 af fe c2 5b 89 78 61 38 77 23 93 0 9c f4 38 13 17 cb ] bresp=0 bid=0
[15000] [SEQUENCER] mst_id=0 s_id=0 awaddr=13708530 awid=1100 awlen=234 awsize=1 awburst=1 wdata=[a2aaba46fd8f1d9e e5b4a63cf80bba23 f5452f60d54b9431 d2dab1cf37524fb9 2f5e09dc97efe9a6 ed3b7dd7388f580c efe1a7c524a3393c bc9322e2c0162fa7 f8a587b31f3fb1a1 c3e2eadd29cea0ba e9e4d061e8872f78 7c6e11980760dbf aa44ae79e28a5814 cb11878ccba9cbf6 cc1fd9b594297eda f6b3d6eed2d868a5 1e82349bf664882f 8a8e0709c1c55e7a 949dc71feaa20e50 e106967f0141ddf8 c3073c72b31ffbba 1dc20a0beb949d89 ecd67b81d7a50392 8ac4ff4cfec8a08a ea5d3e13afddb7f3 8782bb85a8870957 274fa9e2d733b994 71171881247bad2 bacec42991ace7f5 e8e0a18a8e942d0d a0dbe7dfe21e6e0b f3cb5601eff21312 fe86401fdbaaac09 bdc91a14dcabf78b cc9e0a9d1f6227ff fb0cd408b1947015 8e4067a0cb244abc ea8672bbb8d5ee1c ea6a5e32dade723d 2602bcfae59346c3 1e6934e0f8aac5d2 d389381090892fb5 f61c767908d39312 817e58e4f98bf50a 8a1524bf1485ab59 1d593e6bd50790f4 ce9385fe80319b38 94b746919ed7974f f3df2844d8a8aabe d8da45f6b21084fc d0e81c4cc272ae42 9b1b5900ed918c88 9fa21184c4c74490 8739f2d2f3f59ef7 e1872b7ff08a2dd0 b551726022554bd3 164aeaca81293d03 f1b36ad43c8b6533 dee0b106f7d21649 f8fb534ca704dd34 e3904267f52b9bd0 ecfdb219eaaebe20 11b39b55c270f36d b79c8f3de5f90565 d0a7c386f543ddbc 37b4d12aa49a4156 a9346bce25b5edb d79f3c97ef516067 13eba1bedb3b0a42 3d96691d8f540dc1 fea56e291e7ee87a f9b9f2bc9535a5b4 2489b37612910fe7 310ff86137505bd9 cc86018d232f219f 35c031862ac9eb1d e21a46f6f10fb503 943ed6a2e6d029e7 119a1504aea04883 1faffd87c9ff0828 b0cf320ff3b45bfa a254a47db3eed429 fdeddc52c2694713 b61da30dc204a204 f5f3762eaebd0e61 f1265575d872478b 9a76e98ff3e15280 a29e60e1a743f882 ffb6400d906a5fbd 844bb23d93c4b656 3b08aed91a2d299d aa97895a26ea131f baaec975babeeee6 d4ec18832ee33b98 d5cd4eb7f5b7784e 30766735ff83a1de 2e66dd76907c182c 633907b85627fb8 84e6219604342c2d 94b0445936a9f7b0 bc0c7768b34cff0c b7812b399ae3d4d4 d18dcc84c0f298ff f43f980bcc316f93 e71544670d9a43ed ce8cdcec2bc0c345 f7f232d838a310ec c63d54d9c2cc74f7 ee8d383cdf07773f 97aa882b14ca31c5 d796a6bce67f6b14 c586e254dde7dd04 f2b20ec9c623def9 aca34a0ddd316a7f 3b194784ca48b586 106c947ff22a2c61 cf5b96e1adcb564d f8140bd3bd0fde8c 2f3a0aee0a74de65 b84034b28880a052 c5907edffe95a1cf 90a803430544086 b8d4e0d8f4ca89cd f3602b9cc14ab4e6 f19ef56cfe655fb7 f32fe984fc6aabd0 bdb560b62a73d645 a8d935fce6901520 e2fac0f02f545623 d9c82c681c091f81 829934a120b021a7 d00477ca82a16264 9eaa81e5e593f592 644173929cca432 ac6e06962143b687 6d7ac19d6488f03 153335cb18887c ec5c3f030d1bc352 e3645255ac8339cb f79bc247f333eb1c 4fae6ee379858a 8ffcbf55e3f8014a d72bec66e3b400c3 c72d864d0798819d eb9082e7d77b9ad4 bb2f9b97d72a45a2 dec2c73fc2bc6f4e 9a380a22825d21e4 d9876787ca534a27 d0fb975d567a5ba d7c4c79eb84a2ec6 829d78eda747c397 fcaf6951b14c2f25 e9965dec8fad3262 36f4f5fad47430f0 85c06015ec33d6d9 fbe1093cb3a45f4b 8818903bef56be01 db8a94db32d5ff36 e67a5e810dd8f051 fd2fae52d76b9e17 a419d4dee92eebd fc6bdf0ed8ba432d b025e144f0bbfbce df4eea8bf99b8d60 d255d08eba677e91 2b237a60dbbac999 d55656fa827bb1d2 3ce330648a7264eb e62d2e8527ac2788 aa27d95ae806aac4 f2790faf3b83857f e32fad07e70b09be cf11b482d8a63e34 9429c3b38d578661 f4629020c18ac432 9a310266f75970ba 4b0f71cc37444a2 84ff08d42e5ac61a a5b436d4f913873c bc87cbde1f300b3b cd8ad155aa652df0 a378b52cc186d4b3 e0b6dfeef33f0829 1da4361ae000810b 218755be2e41b143 a180b96cc11ceb46 a11d6c51023e35ac 307fe6efbf24ef86 41dacdc2a4c20f c4e2f7bbd200a05b 11258fe2a15f471e e404092ef562deaa c7637f0611676aaf b2c6b1cda8e700e9 1e49df94d8890ee8 e9f0799796cabafb 3fb1bbe5e5ad5e9a 3e366d829cb72b64 3381e660ddfb9b79 c3a8fa132826e719 c4de127df333a245 d12f3dbe01df6795 2a064eaef85ff8dd eb939b2214d837d1 16b79f66eee4612b e7445a09bcc2d8e0 d19b10b1c0bdee14 afa24f3fd2d7f52b f9ace0ce852b017 a9109e2b96e6a948 e9be9e74e135debd c9888ed5d8b2ed6b ef9996b3f9596c80 da8f4b3df2992d00 cb4c1a6bd9583527 d2b1a1a7a417da12 16b107133ae5b11f 943de6462d40ece5 d158c6f7e1fd217e 9ce2d29de6ef87ee 143074d3e809ce0a ca06ef893120b8e4 181040d2e5893bca cd9309d5e6e9c226 980a7b0a2c40b5a5 91c9f16f1799f95e fe83bb84b01abbdc dc5b7181df5cfb44 f6f6f4a2168e368f c6a8f26bee2562f1 cd825e35f57ab027 c08e6b6230463ed 1129c6dec47952d8 39f402ffd2b1d921 ] wstrb=[13 e b5 eb ec d6 ea 0 e5 9f eb d1 76 d6 d1 5b 75 bd 2c eb 93 fe 46 8 bb 73 f4 4e 71 3a 56 2c ad 4a 7a 1e 85 d0 4a 32 1b c4 51 a0 95 9b d2 b0 60 23 50 f5 bf 22 a5 1f 46 f5 14 5 17 b9 24 5d ae 38 62 c5 f1 86 23 9f be 85 64 af c 87 4e ca d b3 7a 19 3a c8 e3 47 7b 5d 60 b6 26 44 fd a1 a1 5e 57 c7 a2 55 69 43 b3 c0 b 55 15 74 98 c8 34 a3 1d 4a 17 b6 12 4c 59 30 96 71 e6 a8 bd 3f d8 53 b0 be fb 6d fe d4 c0 ae 92 bc 1c 90 90 dc 3f 22 98 5b b3 28 37 f2 4b d0 4d fe f8 84 f0 43 54 3d 41 4d c1 31 90 16 6e d2 63 30 3 f3 46 72 c5 a9 a2 c9 9c e8 3b 62 91 dd 2b 2d c5 66 8f 56 43 ba 83 8 20 13 5e 63 cd e1 6b ee f4 c9 51 c2 ab bd b0 9f 86 1 61 31 be 11 d1 45 13 32 76 d1 44 47 16 57 7a 8d 28 be d4 3f 15 ] bresp=0 bid=0
[15000] [SEQUENCER] mst_id=0 s_id=0 awaddr=1a54d4a8 awid=1 awlen=9 awsize=1 awburst=2 wdata=[efbb737b1efe7dff 37dfa3cbd6ee1437 d8efdc41a76f56e4 c66dd4e3e4ac98ab 3b9aace2c8ab4fbc f01aa6a0fe4d78ae e2fa1159148a8923 dd35d8df36887b84 b4d5f4329e94be3b b31f475ecd507f7f ] wstrb=[8c 3 3d c7 36 bd 26 c2 c0 63 ] bresp=0 bid=0
[15000] MASTER_DRIVER0 received transaction, op=AXI_READ
[15000] MASTER_DRIVER1 received transaction, op=AXI_WRITE
[35000] MASTER 1 AW_VALID_RDY Handshake
[35000] MASTER_DRIVER0 received transaction, op=AXI_READ
[45000] ARB MONITOR: slave=0 m0_req=1 m1_req=0 winner=0
[45000] ARB MONITOR: slave=1 m0_req=0 m1_req=1 winner=1
[45000] AXI S0_ARVALID_RDY HANDSHAKE
[45000] MEMORY READ MISS beat=0 addr=7dfd40 -> default data id=0
[45000] AXI S1_AWVALID_RDY HANDSHAKE
[55000] MEMORY READ MISS beat=1 addr=7dfd48 -> default data id=0
[55000] SLAVE 0 R_VALID_RDY Handshake beat=0 rlast=0
[55000] MASTER 1 W_VALID_RDY Handshake beat=0 wlast=0
[55000] MASTER_DRIVER0 received transaction, op=AXI_WRITE
[65000] MASTER 1 W_VALID_RDY Handshake beat=1 wlast=0
[65000] SLAVE 0 R_VALID_RDY Handshake beat=1 rlast=1
[65000] [SLAVE MONITOR] READ mst_id=0 s_id=0 araddr=7dfd40 arid=0 arlen=1 arsize=3 arburst=1 rid=[00] rresp=[00] rdata=[baadf00d12345678baadf00d12345678]
[65000] S1 MEMORY WRITE beat=0 addr=15413e20 data=8a446d50c7f4dfc3 id=13
[75000] S1 MEMORY WRITE beat=1 addr=15413e22 data=3acdcd9ed580739a id=13
[75000] AXI S0_ARVALID_RDY HANDSHAKE
[75000] MEMORY READ MISS beat=0 addr=b1184a8 -> default data id=1
[75000] ARB MONITOR: slave=0 m0_req=1 m1_req=0 winner=0
[75000] MASTER 1 W_VALID_RDY Handshake beat=2 wlast=0
[75000] MASTER 0 R_VALID_RDY Handshake beat=0 rlast=0
[75000] MASTER 0 AW_VALID_RDY Handshake
[85000] [MASTER DRIVER] READ mst_id=0 s_id=0 araddr=7dfd40 arid=0 arlen=1 arsize=3 arburst=1 rid=[00] rresp=[00] rdata=[baadf00d12345678baadf00d12345678]
[85000] MASTER 0 R_VALID_RDY Handshake beat=1 rlast=1
[85000] [MASTER MONITOR] READ mst_id=0 s_id=0 araddr=7dfd40 arid=0 arlen=1 arsize=3 arburst=1 rid=[00] rresp=[00] rdata=[baadf00d12345678baadf00d12345678]
[85000] MASTER 1 W_VALID_RDY Handshake beat=3 wlast=0
[85000] SLAVE 0 R_VALID_RDY Handshake beat=0 rlast=0
[85000] MEMORY READ MISS beat=1 addr=b1184b0 -> default data id=1
[85000] S1 MEMORY WRITE beat=2 addr=15413e24 data=a5a7388ec710e41b id=13
[85000] SCOREBOARD MATCH: decode_err expected = 0, actual =0
[85000] SCOREBOARD MATCH: slave_id expected = 0, actual =0
[85000] SCOREBOARD MATCH: araddr passthrough expected = 7dfd40, actual =7dfd40
[85000] SCOREBOARD MATCH: arlen passthrough expected = 1, actual =1
[85000] SCOREBOARD MATCH: arsize passthrough expected = 3, actual =3
[85000] SCOREBOARD MATCH: arburst passthrough expected = 1, actual =1
[85000] SCOREBOARD MATCH: rdata size check expected = 2, actual =2
[85000] SCOREBOARD MATCH: rdata passthrough beat=0 expected = baadf00d12345678, actual =baadf00d12345678
[85000] SCOREBOARD MATCH: rdata passthrough beat=1 expected = baadf00d12345678, actual =baadf00d12345678
[85000] SCOREBOARD MATCH: rresp size check expected = 2, actual =2
[85000] SCOREBOARD MATCH: rresp passthrough beat=0 expected = 0, actual =0
[85000] SCOREBOARD MATCH: rresp passthrough beat=1 expected = 0, actual =0
[85000] SCOREBOARD MATCH: response routed to correct master (read beat 0) expected = 0, actual =0
[85000] SCOREBOARD MATCH: response routed to correct master (read beat 1) expected = 0, actual =0
[85000] [SCOREBOARD-M] READ mst_id=0 s_id=0 araddr=7dfd40 arid=0 arlen=1 arsize=3 arburst=1 rid=[00] rresp=[00] rdata=[baadf00d12345678baadf00d12345678]
[85000] [SCOREBOARD-S] READ mst_id=0 s_id=0 araddr=7dfd40 arid=0 arlen=1 arsize=3 arburst=1 rid=[00] rresp=[00] rdata=[baadf00d12345678baadf00d12345678]
[85000] SCOREBOARD: Transaction 1 received. pass=14 fail=0
[85000] ALL PASS. Total transactions: 1
[95000] S1 MEMORY WRITE beat=3 addr=15413e26 data=8f05c3def967c8f7 id=13
[95000] SLAVE 0 R_VALID_RDY Handshake beat=1 rlast=1
[95000] [SLAVE MONITOR] READ mst_id=0 s_id=0 araddr=b1184a8 arid=1 arlen=1 arsize=3 arburst=1 rid=[11] rresp=[00] rdata=[baadf00d12345678baadf00d12345678]
[95000] MASTER 1 W_VALID_RDY Handshake beat=4 wlast=0
[95000] MASTER 0 W_VALID_RDY Handshake beat=0 wlast=0
[105000] MASTER 0 W_VALID_RDY Handshake beat=1 wlast=0
[105000] MASTER 0 R_VALID_RDY Handshake beat=0 rlast=0
[105000] MASTER 1 W_VALID_RDY Handshake beat=5 wlast=0
[105000] S1 MEMORY WRITE beat=4 addr=15413e28 data=cee83c912feba5df id=13
[115000] S1 MEMORY WRITE beat=5 addr=15413e2a data=f6fc89fac9d3917c id=13
[115000] MASTER 1 W_VALID_RDY Handshake beat=6 wlast=0
[115000] MASTER 0 R_VALID_RDY Handshake beat=1 rlast=1
[115000] [MASTER MONITOR] READ mst_id=0 s_id=0 araddr=b1184a8 arid=1 arlen=1 arsize=3 arburst=1 rid=[11] rresp=[00] rdata=[baadf00d12345678baadf00d12345678]
[115000] MASTER 0 W_VALID_RDY Handshake beat=2 wlast=0
[115000] [MASTER DRIVER] READ mst_id=0 s_id=0 araddr=b1184a8 arid=1 arlen=1 arsize=3 arburst=1 rid=[11] rresp=[00] rdata=[baadf00d12345678baadf00d12345678]
[115000] SCOREBOARD MATCH: decode_err expected = 0, actual =0
[115000] SCOREBOARD MATCH: slave_id expected = 0, actual =0
[115000] SCOREBOARD MATCH: araddr passthrough expected = b1184a8, actual =b1184a8
[115000] SCOREBOARD MATCH: arlen passthrough expected = 1, actual =1
[115000] SCOREBOARD MATCH: arsize passthrough expected = 3, actual =3
[115000] SCOREBOARD MATCH: arburst passthrough expected = 1, actual =1
[115000] SCOREBOARD MATCH: rdata size check expected = 2, actual =2
[115000] SCOREBOARD MATCH: rdata passthrough beat=0 expected = baadf00d12345678, actual =baadf00d12345678
[115000] SCOREBOARD MATCH: rdata passthrough beat=1 expected = baadf00d12345678, actual =baadf00d12345678
[115000] SCOREBOARD MATCH: rresp size check expected = 2, actual =2
[115000] SCOREBOARD MATCH: rresp passthrough beat=0 expected = 0, actual =0
[115000] SCOREBOARD MATCH: rresp passthrough beat=1 expected = 0, actual =0
[115000] SCOREBOARD MATCH: response routed to correct master (read beat 0) expected = 0, actual =0
[115000] SCOREBOARD MATCH: response routed to correct master (read beat 1) expected = 0, actual =0
[115000] [SCOREBOARD-M] READ mst_id=0 s_id=0 araddr=b1184a8 arid=1 arlen=1 arsize=3 arburst=1 rid=[11] rresp=[00] rdata=[baadf00d12345678baadf00d12345678]
[115000] [SCOREBOARD-S] READ mst_id=0 s_id=0 araddr=b1184a8 arid=1 arlen=1 arsize=3 arburst=1 rid=[11] rresp=[00] rdata=[baadf00d12345678baadf00d12345678]
[115000] SCOREBOARD: Transaction 2 received. pass=28 fail=0
[115000] ALL PASS. Total transactions: 2
[125000] MASTER 0 W_VALID_RDY Handshake beat=3 wlast=0
[125000] MASTER 1 W_VALID_RDY Handshake beat=7 wlast=0
[125000] S1 MEMORY WRITE beat=6 addr=15413e2c data=c33b5a74f48f7520 id=13
[135000] S1 MEMORY WRITE beat=7 addr=15413e2e data=247b1aff86024dd8 id=13
[135000] MASTER 1 W_VALID_RDY Handshake beat=8 wlast=0
[135000] MASTER 0 W_VALID_RDY Handshake beat=4 wlast=0
[145000] MASTER 0 W_VALID_RDY Handshake beat=5 wlast=0
[145000] MASTER 1 W_VALID_RDY Handshake beat=9 wlast=0
[145000] S1 MEMORY WRITE beat=8 addr=15413e30 data=cfd5df5592239705 id=13
[155000] S1 MEMORY WRITE beat=9 addr=15413e32 data=86b30c251b77a4f9 id=13
[155000] MASTER 1 W_VALID_RDY Handshake beat=10 wlast=0
[155000] MASTER 0 W_VALID_RDY Handshake beat=6 wlast=0
[165000] MASTER 0 W_VALID_RDY Handshake beat=7 wlast=0
[165000] MASTER 1 W_VALID_RDY Handshake beat=11 wlast=0
[165000] S1 MEMORY WRITE beat=10 addr=15413e34 data=a179f2d1131139c9 id=13
[175000] S1 MEMORY WRITE beat=11 addr=15413e36 data=a534d0ceab2e2724 id=13
[175000] MASTER 1 W_VALID_RDY Handshake beat=12 wlast=0
[185000] MASTER 1 W_VALID_RDY Handshake beat=13 wlast=0
[185000] S1 MEMORY WRITE beat=12 addr=15413e38 data=c6a5cc1df14fd226 id=13
[195000] S1 MEMORY WRITE beat=13 addr=15413e3a data=84610bef2be7dcf4 id=13
[195000] MASTER 1 W_VALID_RDY Handshake beat=14 wlast=0
[205000] MASTER 1 W_VALID_RDY Handshake beat=15 wlast=0
[205000] S1 MEMORY WRITE beat=14 addr=15413e3c data=d7160418e81fbeef id=13
[215000] S1 MEMORY WRITE beat=15 addr=15413e3e data=d96f91152995dcbe id=13
[215000] MASTER 1 W_VALID_RDY Handshake beat=16 wlast=0
[225000] MASTER 1 W_VALID_RDY Handshake beat=17 wlast=0
[225000] S1 MEMORY WRITE beat=16 addr=15413e40 data=d57db9b21dbbd036 id=13
[235000] S1 MEMORY WRITE beat=17 addr=15413e42 data=05db8f25ddd09d05 id=13
[235000] MASTER 1 W_VALID_RDY Handshake beat=18 wlast=0
[245000] MASTER 1 W_VALID_RDY Handshake beat=19 wlast=0
[245000] S1 MEMORY WRITE beat=18 addr=15413e44 data=076679c3ac93bdca id=13
[255000] S1 MEMORY WRITE beat=19 addr=15413e46 data=ca4f8e00df4b203a id=13
[255000] MASTER 1 W_VALID_RDY Handshake beat=20 wlast=0
[265000] MASTER 1 W_VALID_RDY Handshake beat=21 wlast=0
[265000] S1 MEMORY WRITE beat=20 addr=15413e48 data=bd1bbd3fdce43375 id=13
[275000] S1 MEMORY WRITE beat=21 addr=15413e4a data=8977f13fd02b1d25 id=13
[275000] MASTER 1 W_VALID_RDY Handshake beat=22 wlast=0
[285000] MASTER 1 W_VALID_RDY Handshake beat=23 wlast=0
[285000] S1 MEMORY WRITE beat=22 addr=15413e4c data=2f763d60c4823702 id=13
[295000] S1 MEMORY WRITE beat=23 addr=15413e4e data=a1666a77d3c77f40 id=13
[295000] MASTER 1 W_VALID_RDY Handshake beat=24 wlast=0
[305000] MASTER 1 W_VALID_RDY Handshake beat=25 wlast=0
[305000] S1 MEMORY WRITE beat=24 addr=15413e50 data=a3f29c65ec91fa9f id=13
[315000] S1 MEMORY WRITE beat=25 addr=15413e52 data=311431a22ade5bb7 id=13
[315000] MASTER 1 W_VALID_RDY Handshake beat=26 wlast=0
[325000] MASTER 1 W_VALID_RDY Handshake beat=27 wlast=0
[325000] S1 MEMORY WRITE beat=26 addr=15413e54 data=fea5daf7d368d9c5 id=13
[335000] S1 MEMORY WRITE beat=27 addr=15413e56 data=3ffad465d27a9c19 id=13
[335000] MASTER 1 W_VALID_RDY Handshake beat=28 wlast=0
[345000] MASTER 1 W_VALID_RDY Handshake beat=29 wlast=0
[345000] S1 MEMORY WRITE beat=28 addr=15413e58 data=fd58f7d0a298775c id=13
[355000] S1 MEMORY WRITE beat=29 addr=15413e5a data=f6015122f10f0607 id=13
[355000] MASTER 1 W_VALID_RDY Handshake beat=30 wlast=0
[365000] MASTER 1 W_VALID_RDY Handshake beat=31 wlast=0
[365000] S1 MEMORY WRITE beat=30 addr=15413e5c data=c389a220fbfed2c7 id=13
[375000] S1 MEMORY WRITE beat=31 addr=15413e5e data=1e974a2435fc2587 id=13
[375000] MASTER 1 W_VALID_RDY Handshake beat=32 wlast=0
[385000] MASTER 1 W_VALID_RDY Handshake beat=33 wlast=0
[385000] S1 MEMORY WRITE beat=32 addr=15413e60 data=270b2b8ec0e299f1 id=13
[395000] S1 MEMORY WRITE beat=33 addr=15413e62 data=bce16cb814989b46 id=13
[395000] MASTER 1 W_VALID_RDY Handshake beat=34 wlast=0
[405000] MASTER 1 W_VALID_RDY Handshake beat=35 wlast=0
[405000] S1 MEMORY WRITE beat=34 addr=15413e64 data=ca94c0cdea94cdae id=13
[415000] S1 MEMORY WRITE beat=35 addr=15413e66 data=ab77679fdb78b6dc id=13
[415000] MASTER 1 W_VALID_RDY Handshake beat=36 wlast=0
[425000] MASTER 1 W_VALID_RDY Handshake beat=37 wlast=0
[425000] S1 MEMORY WRITE beat=36 addr=15413e68 data=f0115222f19fec5b id=13
[435000] S1 MEMORY WRITE beat=37 addr=15413e6a data=dc34ba09e858d458 id=13
[435000] MASTER 1 W_VALID_RDY Handshake beat=38 wlast=0
[445000] MASTER 1 W_VALID_RDY Handshake beat=39 wlast=0
[445000] S1 MEMORY WRITE beat=38 addr=15413e6c data=c3d18b34baa612ef id=13
[455000] S1 MEMORY WRITE beat=39 addr=15413e6e data=ac45ff4a07ac21a9 id=13
[455000] MASTER 1 W_VALID_RDY Handshake beat=40 wlast=0
[465000] MASTER 1 W_VALID_RDY Handshake beat=41 wlast=0
[465000] S1 MEMORY WRITE beat=40 addr=15413e70 data=f004f60133e2dd57 id=13
[475000] S1 MEMORY WRITE beat=41 addr=15413e72 data=ee88f046087ab954 id=13
[475000] MASTER 1 W_VALID_RDY Handshake beat=42 wlast=0
[485000] MASTER 1 W_VALID_RDY Handshake beat=43 wlast=0
[485000] S1 MEMORY WRITE beat=42 addr=15413e74 data=1026dafdb3d68135 id=13
[495000] S1 MEMORY WRITE beat=43 addr=15413e76 data=e7b95e8c1aceef91 id=13
[495000] MASTER 1 W_VALID_RDY Handshake beat=44 wlast=0
[505000] MASTER 1 W_VALID_RDY Handshake beat=45 wlast=0
[505000] S1 MEMORY WRITE beat=44 addr=15413e78 data=2349a8e5002bd0fe id=13
[515000] S1 MEMORY WRITE beat=45 addr=15413e7a data=b4025233d6424ed3 id=13
[515000] MASTER 1 W_VALID_RDY Handshake beat=46 wlast=0
[525000] MASTER 1 W_VALID_RDY Handshake beat=47 wlast=0
[525000] S1 MEMORY WRITE beat=46 addr=15413e7c data=f1113e64337083e2 id=13
[535000] S1 MEMORY WRITE beat=47 addr=15413e7e data=339c54e01bbbb0c0 id=13
[535000] MASTER 1 W_VALID_RDY Handshake beat=48 wlast=0
[545000] MASTER 1 W_VALID_RDY Handshake beat=49 wlast=0
[545000] S1 MEMORY WRITE beat=48 addr=15413e80 data=f1fdff93145ae749 id=13
[555000] S1 MEMORY WRITE beat=49 addr=15413e82 data=c7cb6b2be79ea713 id=13
[555000] MASTER 1 W_VALID_RDY Handshake beat=50 wlast=0
[565000] MASTER 1 W_VALID_RDY Handshake beat=51 wlast=0
[565000] S1 MEMORY WRITE beat=50 addr=15413e84 data=835a57d3e30f3df7 id=13
[575000] S1 MEMORY WRITE beat=51 addr=15413e86 data=f76a2540fb67c00b id=13
[575000] MASTER 1 W_VALID_RDY Handshake beat=52 wlast=0
[585000] MASTER 1 W_VALID_RDY Handshake beat=53 wlast=0
[585000] S1 MEMORY WRITE beat=52 addr=15413e88 data=e306671ef5585766 id=13
[595000] S1 MEMORY WRITE beat=53 addr=15413e8a data=d867955d3f35906b id=13
[595000] MASTER 1 W_VALID_RDY Handshake beat=54 wlast=0
[605000] MASTER 1 W_VALID_RDY Handshake beat=55 wlast=0
[605000] S1 MEMORY WRITE beat=54 addr=15413e8c data=3a9d5076e660bef2 id=13
[615000] S1 MEMORY WRITE beat=55 addr=15413e8e data=dbb91658cfd1ba9d id=13
[615000] MASTER 1 W_VALID_RDY Handshake beat=56 wlast=0
[625000] MASTER 1 W_VALID_RDY Handshake beat=57 wlast=0
[625000] S1 MEMORY WRITE beat=56 addr=15413e90 data=8f074b089da3b794 id=13
[635000] S1 MEMORY WRITE beat=57 addr=15413e92 data=840476863420abb6 id=13
[635000] MASTER 1 W_VALID_RDY Handshake beat=58 wlast=0
[645000] MASTER 1 W_VALID_RDY Handshake beat=59 wlast=0
[645000] S1 MEMORY WRITE beat=58 addr=15413e94 data=83f26653c9a49b7e id=13
[655000] S1 MEMORY WRITE beat=59 addr=15413e96 data=e7485313dfbd8cdf id=13
[655000] MASTER 1 W_VALID_RDY Handshake beat=60 wlast=0
[665000] MASTER 1 W_VALID_RDY Handshake beat=61 wlast=0
[665000] S1 MEMORY WRITE beat=60 addr=15413e98 data=13de389512f9b15c id=13
[675000] S1 MEMORY WRITE beat=61 addr=15413e9a data=dc9e4cdaeb4cc999 id=13
[675000] MASTER 1 W_VALID_RDY Handshake beat=62 wlast=0
[685000] MASTER 1 W_VALID_RDY Handshake beat=63 wlast=0
[685000] S1 MEMORY WRITE beat=62 addr=15413e9c data=cb0a567897d09ee8 id=13
[695000] S1 MEMORY WRITE beat=63 addr=15413e9e data=aaca5044c3e69fed id=13
[695000] MASTER 1 W_VALID_RDY Handshake beat=64 wlast=0
[705000] MASTER 1 W_VALID_RDY Handshake beat=65 wlast=0
[705000] S1 MEMORY WRITE beat=64 addr=15413ea0 data=2f336987dee88f0d id=13
[715000] S1 MEMORY WRITE beat=65 addr=15413ea2 data=f6b92df607689d1f id=13
[715000] MASTER 1 W_VALID_RDY Handshake beat=66 wlast=0
[725000] MASTER 1 W_VALID_RDY Handshake beat=67 wlast=0
[725000] S1 MEMORY WRITE beat=66 addr=15413ea4 data=cb4f3d0cfa3dbfff id=13
[735000] S1 MEMORY WRITE beat=67 addr=15413ea6 data=d9264f0da1837e3a id=13
[735000] MASTER 1 W_VALID_RDY Handshake beat=68 wlast=0
[745000] MASTER 1 W_VALID_RDY Handshake beat=69 wlast=0
[745000] S1 MEMORY WRITE beat=68 addr=15413ea8 data=a8ec1b59fa82a693 id=13
[755000] S1 MEMORY WRITE beat=69 addr=15413eaa data=f4c06693cfdf7d03 id=13
[755000] MASTER 1 W_VALID_RDY Handshake beat=70 wlast=0
[765000] MASTER 1 W_VALID_RDY Handshake beat=71 wlast=0
[765000] S1 MEMORY WRITE beat=70 addr=15413eac data=f162fb3df43b5866 id=13
[775000] S1 MEMORY WRITE beat=71 addr=15413eae data=eebdfef9cde6b5a0 id=13
[775000] MASTER 1 W_VALID_RDY Handshake beat=72 wlast=0
[785000] MASTER 1 W_VALID_RDY Handshake beat=73 wlast=0
[785000] S1 MEMORY WRITE beat=72 addr=15413eb0 data=1dc632a31a4f1697 id=13
[795000] S1 MEMORY WRITE beat=73 addr=15413eb2 data=0e8a6efde37e658c id=13
[795000] MASTER 1 W_VALID_RDY Handshake beat=74 wlast=0
[805000] MASTER 1 W_VALID_RDY Handshake beat=75 wlast=0
[805000] S1 MEMORY WRITE beat=74 addr=15413eb4 data=b1651b2c8f292de0 id=13
[815000] S1 MEMORY WRITE beat=75 addr=15413eb6 data=a9784477fd486df6 id=13
[815000] MASTER 1 W_VALID_RDY Handshake beat=76 wlast=0
[825000] MASTER 1 W_VALID_RDY Handshake beat=77 wlast=0
[825000] S1 MEMORY WRITE beat=76 addr=15413eb8 data=e0c6d383cf2b4dcf id=13
[835000] S1 MEMORY WRITE beat=77 addr=15413eba data=de547bb0b802b374 id=13
[835000] MASTER 1 W_VALID_RDY Handshake beat=78 wlast=0
[845000] MASTER 1 W_VALID_RDY Handshake beat=79 wlast=0
[845000] S1 MEMORY WRITE beat=78 addr=15413ebc data=354b216b922beeaf id=13
[855000] S1 MEMORY WRITE beat=79 addr=15413ebe data=e1573c7f87ccc027 id=13
[855000] MASTER 1 W_VALID_RDY Handshake beat=80 wlast=0
[865000] MASTER 1 W_VALID_RDY Handshake beat=81 wlast=0
[865000] S1 MEMORY WRITE beat=80 addr=15413ec0 data=3fcf739c1611f4ee id=13
[875000] S1 MEMORY WRITE beat=81 addr=15413ec2 data=a83de39d3fabb82f id=13
[875000] MASTER 1 W_VALID_RDY Handshake beat=82 wlast=0
[885000] MASTER 1 W_VALID_RDY Handshake beat=83 wlast=0
[885000] S1 MEMORY WRITE beat=82 addr=15413ec4 data=c7787856f51a9507 id=13
[895000] S1 MEMORY WRITE beat=83 addr=15413ec6 data=0b2c89f58995201c id=13
[895000] MASTER 1 W_VALID_RDY Handshake beat=84 wlast=0
[905000] MASTER 1 W_VALID_RDY Handshake beat=85 wlast=0
[905000] S1 MEMORY WRITE beat=84 addr=15413ec8 data=c940d84b8747ebf2 id=13
[915000] S1 MEMORY WRITE beat=85 addr=15413eca data=fc6280f9b36a6d92 id=13
[915000] MASTER 1 W_VALID_RDY Handshake beat=86 wlast=0
[925000] MASTER 1 W_VALID_RDY Handshake beat=87 wlast=0
[925000] S1 MEMORY WRITE beat=86 addr=15413ecc data=3cff8daf10b950a2 id=13
[935000] S1 MEMORY WRITE beat=87 addr=15413ece data=98013c94878f0aee id=13
[935000] MASTER 1 W_VALID_RDY Handshake beat=88 wlast=0
[945000] MASTER 1 W_VALID_RDY Handshake beat=89 wlast=0
[945000] S1 MEMORY WRITE beat=88 addr=15413ed0 data=3af97881864065fa id=13
[955000] S1 MEMORY WRITE beat=89 addr=15413ed2 data=96f9b69c1463bd8e id=13
[955000] MASTER 1 W_VALID_RDY Handshake beat=90 wlast=0
[965000] MASTER 1 W_VALID_RDY Handshake beat=91 wlast=0
[965000] S1 MEMORY WRITE beat=90 addr=15413ed4 data=9bf2c87cf7f90630 id=13
[975000] S1 MEMORY WRITE beat=91 addr=15413ed6 data=fe396c2a2efaf331 id=13
[975000] MASTER 1 W_VALID_RDY Handshake beat=92 wlast=0
[985000] MASTER 1 W_VALID_RDY Handshake beat=93 wlast=0
[985000] S1 MEMORY WRITE beat=92 addr=15413ed8 data=c35eb0bfd6ec40fd id=13
[995000] S1 MEMORY WRITE beat=93 addr=15413eda data=cee5472d153322c7 id=13
[995000] MASTER 1 W_VALID_RDY Handshake beat=94 wlast=0
[1005000] MASTER 1 W_VALID_RDY Handshake beat=95 wlast=0
[1005000] S1 MEMORY WRITE beat=94 addr=15413edc data=c42e15f8df51793b id=13
[1015000] S1 MEMORY WRITE beat=95 addr=15413ede data=363dba39cd1eb358 id=13
[1015000] MASTER 1 W_VALID_RDY Handshake beat=96 wlast=0
[1025000] MASTER 1 W_VALID_RDY Handshake beat=97 wlast=0
[1025000] S1 MEMORY WRITE beat=96 addr=15413ee0 data=e251d61f078cc6b7 id=13
[1035000] S1 MEMORY WRITE beat=97 addr=15413ee2 data=e6de3ff285230166 id=13
[1035000] MASTER 1 W_VALID_RDY Handshake beat=98 wlast=0
[1045000] MASTER 1 W_VALID_RDY Handshake beat=99 wlast=0
[1045000] S1 MEMORY WRITE beat=98 addr=15413ee4 data=d241b4be267fec17 id=13
[1055000] S1 MEMORY WRITE beat=99 addr=15413ee6 data=2e0cb2ce9d1bfa2b id=13
[1055000] MASTER 1 W_VALID_RDY Handshake beat=100 wlast=0
[1065000] MASTER 1 W_VALID_RDY Handshake beat=101 wlast=0
[1065000] S1 MEMORY WRITE beat=100 addr=15413ee8 data=223efb92b4938add id=13
[1075000] S1 MEMORY WRITE beat=101 addr=15413eea data=db1376f494eaf2c0 id=13
[1075000] MASTER 1 W_VALID_RDY Handshake beat=102 wlast=0
[1085000] MASTER 1 W_VALID_RDY Handshake beat=103 wlast=0
[1085000] S1 MEMORY WRITE beat=102 addr=15413eec data=3206ececf480b050 id=13
[1095000] S1 MEMORY WRITE beat=103 addr=15413eee data=29143b2e892029c2 id=13
[1095000] MASTER 1 W_VALID_RDY Handshake beat=104 wlast=0
[1105000] MASTER 1 W_VALID_RDY Handshake beat=105 wlast=0
[1105000] S1 MEMORY WRITE beat=104 addr=15413ef0 data=1e0b1c83d445e87e id=13
[1115000] S1 MEMORY WRITE beat=105 addr=15413ef2 data=c8c698ce8427b222 id=13
[1115000] MASTER 1 W_VALID_RDY Handshake beat=106 wlast=0
[1125000] MASTER 1 W_VALID_RDY Handshake beat=107 wlast=0
[1125000] S1 MEMORY WRITE beat=106 addr=15413ef4 data=0d47dbe5d012096f id=13
[1135000] S1 MEMORY WRITE beat=107 addr=15413ef6 data=2457f1edf1dad3fc id=13
[1135000] MASTER 1 W_VALID_RDY Handshake beat=108 wlast=0
[1145000] MASTER 1 W_VALID_RDY Handshake beat=109 wlast=0
[1145000] S1 MEMORY WRITE beat=108 addr=15413ef8 data=f602861f2b52f868 id=13
[1155000] S1 MEMORY WRITE beat=109 addr=15413efa data=fb6501d7ed1e8abb id=13
[1155000] MASTER 1 W_VALID_RDY Handshake beat=110 wlast=0
[1165000] MASTER 1 W_VALID_RDY Handshake beat=111 wlast=0
[1165000] S1 MEMORY WRITE beat=110 addr=15413efc data=def95eb8034a6204 id=13
[1175000] S1 MEMORY WRITE beat=111 addr=15413efe data=2e9d5a6c1fbcf3c4 id=13
[1175000] MASTER 1 W_VALID_RDY Handshake beat=112 wlast=0
[1185000] MASTER 1 W_VALID_RDY Handshake beat=113 wlast=0
[1185000] S1 MEMORY WRITE beat=112 addr=15413f00 data=8cdb7e7fd4fbe4d7 id=13
[1195000] S1 MEMORY WRITE beat=113 addr=15413f02 data=d84646db2a025c43 id=13
[1195000] MASTER 1 W_VALID_RDY Handshake beat=114 wlast=0
[1205000] MASTER 1 W_VALID_RDY Handshake beat=115 wlast=0
[1205000] S1 MEMORY WRITE beat=114 addr=15413f04 data=c9bf5007ebd4dd37 id=13
[1215000] S1 MEMORY WRITE beat=115 addr=15413f06 data=c0d0c20e06e3a147 id=13
[1215000] MASTER 1 W_VALID_RDY Handshake beat=116 wlast=0
[1225000] MASTER 1 W_VALID_RDY Handshake beat=117 wlast=0
[1225000] S1 MEMORY WRITE beat=116 addr=15413f08 data=30e5fd8ad69ace86 id=13
[1235000] S1 MEMORY WRITE beat=117 addr=15413f0a data=c26fabbe991708e9 id=13
[1235000] MASTER 1 W_VALID_RDY Handshake beat=118 wlast=0
[1245000] MASTER 1 W_VALID_RDY Handshake beat=119 wlast=0
[1245000] S1 MEMORY WRITE beat=118 addr=15413f0c data=9ffaaa30faa54d91 id=13
[1255000] S1 MEMORY WRITE beat=119 addr=15413f0e data=d1401c1783406dcc id=13
[1255000] MASTER 1 W_VALID_RDY Handshake beat=120 wlast=0
[1265000] MASTER 1 W_VALID_RDY Handshake beat=121 wlast=0
[1265000] S1 MEMORY WRITE beat=120 addr=15413f10 data=1c5776b6d0e0a7ba id=13
[1275000] S1 MEMORY WRITE beat=121 addr=15413f12 data=cb85f54b93afc7d5 id=13
[1275000] MASTER 1 W_VALID_RDY Handshake beat=122 wlast=0
[1285000] MASTER 1 W_VALID_RDY Handshake beat=123 wlast=0
[1285000] S1 MEMORY WRITE beat=122 addr=15413f14 data=16f035a2bc5220e6 id=13
[1295000] S1 MEMORY WRITE beat=123 addr=15413f16 data=0d32c8a11cc61163 id=13
[1295000] MASTER 1 W_VALID_RDY Handshake beat=124 wlast=0
[1305000] MASTER 1 W_VALID_RDY Handshake beat=125 wlast=0
[1305000] S1 MEMORY WRITE beat=124 addr=15413f18 data=b075d9383347ac58 id=13
[1315000] S1 MEMORY WRITE beat=125 addr=15413f1a data=ef99cd3ed8b8bdec id=13
[1315000] MASTER 1 W_VALID_RDY Handshake beat=126 wlast=0
[1325000] MASTER 1 W_VALID_RDY Handshake beat=127 wlast=0
[1325000] S1 MEMORY WRITE beat=126 addr=15413f1c data=f57ecf4fc7660eda id=13
[1335000] S1 MEMORY WRITE beat=127 addr=15413f1e data=faadbb32fccc95df id=13
[1335000] MASTER 1 W_VALID_RDY Handshake beat=128 wlast=0
[1345000] MASTER 1 W_VALID_RDY Handshake beat=129 wlast=0
[1345000] S1 MEMORY WRITE beat=128 addr=15413f20 data=d58553cc25f4a888 id=13
[1355000] S1 MEMORY WRITE beat=129 addr=15413f22 data=ed5ab762ea478871 id=13
[1355000] MASTER 1 W_VALID_RDY Handshake beat=130 wlast=0
[1365000] MASTER 1 W_VALID_RDY Handshake beat=131 wlast=0
[1365000] S1 MEMORY WRITE beat=130 addr=15413f24 data=e7141e50cb04231b id=13
[1375000] S1 MEMORY WRITE beat=131 addr=15413f26 data=f0f8cba3e8087295 id=13
[1375000] MASTER 1 W_VALID_RDY Handshake beat=132 wlast=0
[1385000] MASTER 1 W_VALID_RDY Handshake beat=133 wlast=0
[1385000] S1 MEMORY WRITE beat=132 addr=15413f28 data=d24ffb06bc99721c id=13
[1395000] S1 MEMORY WRITE beat=133 addr=15413f2a data=079d9538de538306 id=13
[1395000] MASTER 1 W_VALID_RDY Handshake beat=134 wlast=0
[1405000] MASTER 1 W_VALID_RDY Handshake beat=135 wlast=0
[1405000] S1 MEMORY WRITE beat=134 addr=15413f2c data=c65bf59bb9641956 id=13
[1415000] S1 MEMORY WRITE beat=135 addr=15413f2e data=f5fd8b73f89660db id=13
[1415000] MASTER 1 W_VALID_RDY Handshake beat=136 wlast=0
[1425000] MASTER 1 W_VALID_RDY Handshake beat=137 wlast=0
[1425000] S1 MEMORY WRITE beat=136 addr=15413f30 data=d6e9e3e118abf0a1 id=13
[1435000] S1 MEMORY WRITE beat=137 addr=15413f32 data=d21009f7fd9b20ab id=13
[1435000] MASTER 1 W_VALID_RDY Handshake beat=138 wlast=0
[1445000] MASTER 1 W_VALID_RDY Handshake beat=139 wlast=0
[1445000] S1 MEMORY WRITE beat=138 addr=15413f34 data=f63181869d45d97c id=13
[1455000] S1 MEMORY WRITE beat=139 addr=15413f36 data=b5f1ca1dc80d956a id=13
[1455000] MASTER 1 W_VALID_RDY Handshake beat=140 wlast=0
[1465000] MASTER 1 W_VALID_RDY Handshake beat=141 wlast=0
[1465000] S1 MEMORY WRITE beat=140 addr=15413f38 data=c5a8b615cd1b6568 id=13
[1475000] S1 MEMORY WRITE beat=141 addr=15413f3a data=ea613ee40801d415 id=13
[1475000] MASTER 1 W_VALID_RDY Handshake beat=142 wlast=0
[1485000] MASTER 1 W_VALID_RDY Handshake beat=143 wlast=0
[1485000] S1 MEMORY WRITE beat=142 addr=15413f3c data=d00f697f3bda379c id=13
[1495000] S1 MEMORY WRITE beat=143 addr=15413f3e data=08f59d0420530902 id=13
[1495000] MASTER 1 W_VALID_RDY Handshake beat=144 wlast=0
[1505000] MASTER 1 W_VALID_RDY Handshake beat=145 wlast=0
[1505000] S1 MEMORY WRITE beat=144 addr=15413f40 data=2854dd1715b81f95 id=13
[1515000] S1 MEMORY WRITE beat=145 addr=15413f42 data=d1925731f356dbe8 id=13
[1515000] MASTER 1 W_VALID_RDY Handshake beat=146 wlast=0
[1525000] MASTER 1 W_VALID_RDY Handshake beat=147 wlast=0
[1525000] S1 MEMORY WRITE beat=146 addr=15413f44 data=93a9e4eaf8644696 id=13
[1535000] S1 MEMORY WRITE beat=147 addr=15413f46 data=8e1c662bda87f435 id=13
[1535000] MASTER 1 W_VALID_RDY Handshake beat=148 wlast=0
[1545000] MASTER 1 W_VALID_RDY Handshake beat=149 wlast=0
[1545000] S1 MEMORY WRITE beat=148 addr=15413f48 data=cdded01dbbfec201 id=13
[1555000] S1 MEMORY WRITE beat=149 addr=15413f4a data=34630898dfaebd5c id=13
[1555000] MASTER 1 W_VALID_RDY Handshake beat=150 wlast=0
[1565000] MASTER 1 W_VALID_RDY Handshake beat=151 wlast=0
[1565000] S1 MEMORY WRITE beat=150 addr=15413f4c data=ba36b191e188b508 id=13
[1575000] S1 MEMORY WRITE beat=151 addr=15413f4e data=9d877709c27f6ec3 id=13
[1575000] MASTER 1 W_VALID_RDY Handshake beat=152 wlast=0
[1585000] MASTER 1 W_VALID_RDY Handshake beat=153 wlast=0
[1585000] S1 MEMORY WRITE beat=152 addr=15413f50 data=222e2c20081581af id=13
[1595000] S1 MEMORY WRITE beat=153 addr=15413f52 data=e99e36b7d1ea7fa1 id=13
[1595000] MASTER 1 W_VALID_RDY Handshake beat=154 wlast=0
[1605000] MASTER 1 W_VALID_RDY Handshake beat=155 wlast=0
[1605000] S1 MEMORY WRITE beat=154 addr=15413f54 data=1469ee65dc64ddb1 id=13
[1615000] S1 MEMORY WRITE beat=155 addr=15413f56 data=e47a5f608725adc0 id=13
[1615000] MASTER 1 W_VALID_RDY Handshake beat=156 wlast=0
[1625000] MASTER 1 W_VALID_RDY Handshake beat=157 wlast=0
[1625000] S1 MEMORY WRITE beat=156 addr=15413f58 data=d9102d6236981a85 id=13
[1635000] S1 MEMORY WRITE beat=157 addr=15413f5a data=92fcf836ce189617 id=13
[1635000] MASTER 1 W_VALID_RDY Handshake beat=158 wlast=0
[1645000] MASTER 1 W_VALID_RDY Handshake beat=159 wlast=0
[1645000] S1 MEMORY WRITE beat=158 addr=15413f5c data=d53e43d8ed7a1bc7 id=13
[1655000] S1 MEMORY WRITE beat=159 addr=15413f5e data=2412364cf7775797 id=13
[1655000] MASTER 1 W_VALID_RDY Handshake beat=160 wlast=0
[1665000] MASTER 1 W_VALID_RDY Handshake beat=161 wlast=0
[1665000] S1 MEMORY WRITE beat=160 addr=15413f60 data=c58fedae2e4e713a id=13
[1675000] S1 MEMORY WRITE beat=161 addr=15413f62 data=1bc88d01b70f2e82 id=13
[1675000] MASTER 1 W_VALID_RDY Handshake beat=162 wlast=0
[1685000] MASTER 1 W_VALID_RDY Handshake beat=163 wlast=0
[1685000] S1 MEMORY WRITE beat=162 addr=15413f64 data=ae8686199ace3186 id=13
[1695000] S1 MEMORY WRITE beat=163 addr=15413f66 data=c91ca2c03fdac34d id=13
[1695000] MASTER 1 W_VALID_RDY Handshake beat=164 wlast=0
[1705000] MASTER 1 W_VALID_RDY Handshake beat=165 wlast=0
[1705000] S1 MEMORY WRITE beat=164 addr=15413f68 data=f6e9f1cff41673c8 id=13
[1715000] S1 MEMORY WRITE beat=165 addr=15413f6a data=8ee4a54ee4e52fc1 id=13
[1715000] MASTER 1 W_VALID_RDY Handshake beat=166 wlast=0
[1725000] MASTER 1 W_VALID_RDY Handshake beat=167 wlast=0
[1725000] S1 MEMORY WRITE beat=166 addr=15413f6c data=a4bff30e257077e9 id=13
[1735000] S1 MEMORY WRITE beat=167 addr=15413f6e data=1986ebb1d801480f id=13
[1735000] MASTER 1 W_VALID_RDY Handshake beat=168 wlast=0
[1745000] MASTER 1 W_VALID_RDY Handshake beat=169 wlast=0
[1745000] S1 MEMORY WRITE beat=168 addr=15413f70 data=bce677d01ba9e4de id=13
[1755000] S1 MEMORY WRITE beat=169 addr=15413f72 data=c11a5cc7a86b90ff id=13
[1755000] MASTER 1 W_VALID_RDY Handshake beat=170 wlast=0
[1765000] MASTER 1 W_VALID_RDY Handshake beat=171 wlast=0
[1765000] S1 MEMORY WRITE beat=170 addr=15413f74 data=806cd90ee1a66adf id=13
[1775000] S1 MEMORY WRITE beat=171 addr=15413f76 data=fd504fbddaa14878 id=13
[1775000] MASTER 1 W_VALID_RDY Handshake beat=172 wlast=0
[1785000] MASTER 1 W_VALID_RDY Handshake beat=173 wlast=0
[1785000] S1 MEMORY WRITE beat=172 addr=15413f78 data=830cd9773d5350df id=13
[1795000] S1 MEMORY WRITE beat=173 addr=15413f7a data=1ef9bbbe3e6aac84 id=13
[1795000] MASTER 1 W_VALID_RDY Handshake beat=174 wlast=0
[1805000] MASTER 1 W_VALID_RDY Handshake beat=175 wlast=0
[1805000] S1 MEMORY WRITE beat=174 addr=15413f7c data=190bf4fc0379b286 id=13
[1815000] S1 MEMORY WRITE beat=175 addr=15413f7e data=c0cd03651c4a0b7b id=13
[1815000] MASTER 1 W_VALID_RDY Handshake beat=176 wlast=0
[1825000] MASTER 1 W_VALID_RDY Handshake beat=177 wlast=0
[1825000] S1 MEMORY WRITE beat=176 addr=15413f80 data=dab4b7ff9c18ce73 id=13
[1835000] S1 MEMORY WRITE beat=177 addr=15413f82 data=9f9280f9dfc6bf23 id=13
[1835000] MASTER 1 W_VALID_RDY Handshake beat=178 wlast=0
[1845000] MASTER 1 W_VALID_RDY Handshake beat=179 wlast=0
[1845000] S1 MEMORY WRITE beat=178 addr=15413f84 data=fc10ca9ef3c0acfb id=13
[1855000] S1 MEMORY WRITE beat=179 addr=15413f86 data=8fd97b6ee05f845e id=13
[1855000] MASTER 1 W_VALID_RDY Handshake beat=180 wlast=0
[1865000] MASTER 1 W_VALID_RDY Handshake beat=181 wlast=0
[1865000] S1 MEMORY WRITE beat=180 addr=15413f88 data=c0264381d6c5829d id=13
[1875000] S1 MEMORY WRITE beat=181 addr=15413f8a data=ca862f982f6bfc68 id=13
[1875000] MASTER 1 W_VALID_RDY Handshake beat=182 wlast=0
[1885000] MASTER 1 W_VALID_RDY Handshake beat=183 wlast=0
[1885000] S1 MEMORY WRITE beat=182 addr=15413f8c data=8fcb80c6bc370e1f id=13
[1895000] S1 MEMORY WRITE beat=183 addr=15413f8e data=92fc90bcda5fab06 id=13
[1895000] MASTER 1 W_VALID_RDY Handshake beat=184 wlast=0
[1905000] MASTER 1 W_VALID_RDY Handshake beat=185 wlast=0
[1905000] S1 MEMORY WRITE beat=184 addr=15413f90 data=89cba76ecff1c448 id=13
[1915000] S1 MEMORY WRITE beat=185 addr=15413f92 data=8c28d267dd82c054 id=13
[1915000] MASTER 1 W_VALID_RDY Handshake beat=186 wlast=0
[1925000] MASTER 1 W_VALID_RDY Handshake beat=187 wlast=0
[1925000] S1 MEMORY WRITE beat=186 addr=15413f94 data=37e26b5b19972835 id=13
[1935000] S1 MEMORY WRITE beat=187 addr=15413f96 data=e988ec7d1f256324 id=13
[1935000] MASTER 1 W_VALID_RDY Handshake beat=188 wlast=0
[1945000] MASTER 1 W_VALID_RDY Handshake beat=189 wlast=0
[1945000] S1 MEMORY WRITE beat=188 addr=15413f98 data=fca82378c1ae12c9 id=13
[1955000] S1 MEMORY WRITE beat=189 addr=15413f9a data=db453afef5b1bee4 id=13
[1955000] MASTER 1 W_VALID_RDY Handshake beat=190 wlast=0
[1965000] MASTER 1 W_VALID_RDY Handshake beat=191 wlast=0
[1965000] S1 MEMORY WRITE beat=190 addr=15413f9c data=94d72208b48a8ed3 id=13
[1975000] S1 MEMORY WRITE beat=191 addr=15413f9e data=f638a19dc4ce277b id=13
[1975000] MASTER 1 W_VALID_RDY Handshake beat=192 wlast=0
[1985000] MASTER 1 W_VALID_RDY Handshake beat=193 wlast=0
[1985000] S1 MEMORY WRITE beat=192 addr=15413fa0 data=3a7fe660117f4581 id=13
[1995000] S1 MEMORY WRITE beat=193 addr=15413fa2 data=c609d454d17ddc9b id=13
[1995000] MASTER 1 W_VALID_RDY Handshake beat=194 wlast=0
[2005000] MASTER 1 W_VALID_RDY Handshake beat=195 wlast=0
[2005000] S1 MEMORY WRITE beat=194 addr=15413fa4 data=164c0417cf570868 id=13
[2015000] S1 MEMORY WRITE beat=195 addr=15413fa6 data=e0d64de9bc4275f1 id=13
[2015000] MASTER 1 W_VALID_RDY Handshake beat=196 wlast=0
[2025000] MASTER 1 W_VALID_RDY Handshake beat=197 wlast=0
[2025000] S1 MEMORY WRITE beat=196 addr=15413fa8 data=0dc0528dd0cbea77 id=13
[2035000] S1 MEMORY WRITE beat=197 addr=15413faa data=a022f2df26e0223e id=13
[2035000] MASTER 1 W_VALID_RDY Handshake beat=198 wlast=0
[2045000] MASTER 1 W_VALID_RDY Handshake beat=199 wlast=0
[2045000] S1 MEMORY WRITE beat=198 addr=15413fac data=e322982f240c56a4 id=13
[2055000] S1 MEMORY WRITE beat=199 addr=15413fae data=f4d8411b00f940c9 id=13
[2055000] MASTER 1 W_VALID_RDY Handshake beat=200 wlast=0
[2065000] MASTER 1 W_VALID_RDY Handshake beat=201 wlast=0
[2065000] S1 MEMORY WRITE beat=200 addr=15413fb0 data=27d96307f0e2eabc id=13
[2075000] S1 MEMORY WRITE beat=201 addr=15413fb2 data=94ef416094fb33fa id=13
[2075000] MASTER 1 W_VALID_RDY Handshake beat=202 wlast=0
[2085000] MASTER 1 W_VALID_RDY Handshake beat=203 wlast=0
[2085000] S1 MEMORY WRITE beat=202 addr=15413fb4 data=95f474c38afbfb36 id=13
[2095000] S1 MEMORY WRITE beat=203 addr=15413fb6 data=fbdee5f389c7827b id=13
[2095000] MASTER 1 W_VALID_RDY Handshake beat=204 wlast=0
[2105000] MASTER 1 W_VALID_RDY Handshake beat=205 wlast=0
[2105000] S1 MEMORY WRITE beat=204 addr=15413fb8 data=1ec2b676bdcdd7ca id=13
[2115000] S1 MEMORY WRITE beat=205 addr=15413fba data=c8c9d30190ce2753 id=13
[2115000] MASTER 1 W_VALID_RDY Handshake beat=206 wlast=0
[2125000] MASTER 1 W_VALID_RDY Handshake beat=207 wlast=0
[2125000] S1 MEMORY WRITE beat=206 addr=15413fbc data=1a95a9cfb4b72b39 id=13
[2135000] S1 MEMORY WRITE beat=207 addr=15413fbe data=f2850304c4a8b8f4 id=13
[2135000] MASTER 1 W_VALID_RDY Handshake beat=208 wlast=0
[2145000] MASTER 1 W_VALID_RDY Handshake beat=209 wlast=0
[2145000] S1 MEMORY WRITE beat=208 addr=15413fc0 data=d576e04739586045 id=13
[2155000] S1 MEMORY WRITE beat=209 addr=15413fc2 data=ee0f8b7e3b4ed605 id=13
[2155000] MASTER 1 W_VALID_RDY Handshake beat=210 wlast=0
[2165000] MASTER 1 W_VALID_RDY Handshake beat=211 wlast=0
[2165000] S1 MEMORY WRITE beat=210 addr=15413fc4 data=fff78ef9f00c8a16 id=13
[2175000] S1 MEMORY WRITE beat=211 addr=15413fc6 data=a964ea5be0948e82 id=13
[2175000] MASTER 1 W_VALID_RDY Handshake beat=212 wlast=0
[2185000] MASTER 1 W_VALID_RDY Handshake beat=213 wlast=0
[2185000] S1 MEMORY WRITE beat=212 addr=15413fc8 data=9be36487d56e6f40 id=13
[2195000] S1 MEMORY WRITE beat=213 addr=15413fca data=c57af957177475da id=13
[2195000] MASTER 1 W_VALID_RDY Handshake beat=214 wlast=0
[2205000] MASTER 1 W_VALID_RDY Handshake beat=215 wlast=0
[2205000] S1 MEMORY WRITE beat=214 addr=15413fcc data=f809045c9bdaf380 id=13
[2215000] S1 MEMORY WRITE beat=215 addr=15413fce data=f14962c1eedfe3b2 id=13
[2215000] MASTER 1 W_VALID_RDY Handshake beat=216 wlast=0
[2225000] MASTER 1 W_VALID_RDY Handshake beat=217 wlast=0
[2225000] S1 MEMORY WRITE beat=216 addr=15413fd0 data=8654598c13ec68e4 id=13
[2235000] S1 MEMORY WRITE beat=217 addr=15413fd2 data=afc75c6436c45c18 id=13
[2235000] MASTER 1 W_VALID_RDY Handshake beat=218 wlast=0
[2245000] MASTER 1 W_VALID_RDY Handshake beat=219 wlast=0
[2245000] S1 MEMORY WRITE beat=218 addr=15413fd4 data=a5a43fcafe5d5de9 id=13
[2255000] S1 MEMORY WRITE beat=219 addr=15413fd6 data=1249c6cda110bf25 id=13
[2255000] MASTER 1 W_VALID_RDY Handshake beat=220 wlast=0
[2265000] MASTER 1 W_VALID_RDY Handshake beat=221 wlast=0
[2265000] S1 MEMORY WRITE beat=220 addr=15413fd8 data=d7d51b3d2bf89957 id=13
[2275000] S1 MEMORY WRITE beat=221 addr=15413fda data=2a55f740c2112331 id=13
[2275000] MASTER 1 W_VALID_RDY Handshake beat=222 wlast=0
[2285000] MASTER 1 W_VALID_RDY Handshake beat=223 wlast=0
[2285000] S1 MEMORY WRITE beat=222 addr=15413fdc data=e321e257fd795b08 id=13
[2295000] S1 MEMORY WRITE beat=223 addr=15413fde data=2971f45f3c9fbe0d id=13
[2295000] MASTER 1 W_VALID_RDY Handshake beat=224 wlast=0
[2305000] MASTER 1 W_VALID_RDY Handshake beat=225 wlast=0
[2305000] S1 MEMORY WRITE beat=224 addr=15413fe0 data=feb0e13ebaf6fd94 id=13
[2315000] S1 MEMORY WRITE beat=225 addr=15413fe2 data=b870589cd3c7eb9f id=13
[2315000] MASTER 1 W_VALID_RDY Handshake beat=226 wlast=0
[2325000] MASTER 1 W_VALID_RDY Handshake beat=227 wlast=0
[2325000] S1 MEMORY WRITE beat=226 addr=15413fe4 data=1067a9ace1d2c395 id=13
[2335000] S1 MEMORY WRITE beat=227 addr=15413fe6 data=1cc9c12ae1e24cfb id=13
[2335000] MASTER 1 W_VALID_RDY Handshake beat=228 wlast=0
[2345000] MASTER 1 W_VALID_RDY Handshake beat=229 wlast=0
[2345000] S1 MEMORY WRITE beat=228 addr=15413fe8 data=b5aa389a8f188aea id=13
[2355000] S1 MEMORY WRITE beat=229 addr=15413fea data=f0eb4e80d53a19c6 id=13
[2355000] MASTER 1 W_VALID_RDY Handshake beat=230 wlast=0
[2365000] MASTER 1 W_VALID_RDY Handshake beat=231 wlast=0
[2365000] S1 MEMORY WRITE beat=230 addr=15413fec data=371c66c2c611e246 id=13
[2375000] S1 MEMORY WRITE beat=231 addr=15413fee data=d52a6d310db50faa id=13
[2375000] MASTER 1 W_VALID_RDY Handshake beat=232 wlast=0
[2385000] MASTER 1 W_VALID_RDY Handshake beat=233 wlast=0
[2385000] S1 MEMORY WRITE beat=232 addr=15413ff0 data=e2ef2970ecc69f5c id=13
[2395000] S1 MEMORY WRITE beat=233 addr=15413ff2 data=32d881a3c615bbb1 id=13
[2395000] MASTER 1 W_VALID_RDY Handshake beat=234 wlast=0
[2405000] MASTER 1 W_VALID_RDY Handshake beat=235 wlast=0
[2405000] S1 MEMORY WRITE beat=234 addr=15413ff4 data=d3cacb5b9a0b9032 id=13
[2415000] S1 MEMORY WRITE beat=235 addr=15413ff6 data=06d22f8f0802eed4 id=13
[2415000] MASTER 1 W_VALID_RDY Handshake beat=236 wlast=0
[2425000] MASTER 1 W_VALID_RDY Handshake beat=237 wlast=0
[2425000] S1 MEMORY WRITE beat=236 addr=15413ff8 data=ce18aa85b6b9f4cb id=13
[2435000] S1 MEMORY WRITE beat=237 addr=15413ffa data=d0c584fe39aab132 id=13
[2435000] MASTER 1 W_VALID_RDY Handshake beat=238 wlast=0
[2445000] MASTER 1 W_VALID_RDY Handshake beat=239 wlast=0
[2445000] S1 MEMORY WRITE beat=238 addr=15413ffc data=c1ada00621e375e0 id=13
[2455000] S1 MEMORY WRITE beat=239 addr=15413ffe data=d89d6aabd797b48d id=13
[2455000] MASTER 1 W_VALID_RDY Handshake beat=240 wlast=0
[2465000] MASTER 1 W_VALID_RDY Handshake beat=241 wlast=0
[2465000] S1 MEMORY WRITE beat=240 addr=15414000 data=114265bf0fc64a8b id=13
[2475000] S1 MEMORY WRITE beat=241 addr=15414002 data=31a9c06ba962efa9 id=13
[2475000] MASTER 1 W_VALID_RDY Handshake beat=242 wlast=0
[2485000] MASTER 1 W_VALID_RDY Handshake beat=243 wlast=0
[2485000] S1 MEMORY WRITE beat=242 addr=15414004 data=80faa436d2f005c5 id=13
[2495000] S1 MEMORY WRITE beat=243 addr=15414006 data=e2b650508a472b16 id=13
[2495000] MASTER 1 W_VALID_RDY Handshake beat=244 wlast=1
[2505000] S1 MEMORY WRITE beat=244 addr=15414008 data=33aa1ac0923d09f5 id=13
[2515000] SLAVE1 sent B resp, id=3
[2515000] [SLAVE MONITOR] mst_id=1 s_id=1 awaddr=15413e20 awid=11 awlen=244 awsize=1 awburst=1 wdata=[8a446d50c7f4dfc3 3acdcd9ed580739a a5a7388ec710e41b 8f05c3def967c8f7 cee83c912feba5df f6fc89fac9d3917c c33b5a74f48f7520 247b1aff86024dd8 cfd5df5592239705 86b30c251b77a4f9 a179f2d1131139c9 a534d0ceab2e2724 c6a5cc1df14fd226 84610bef2be7dcf4 d7160418e81fbeef d96f91152995dcbe d57db9b21dbbd036 5db8f25ddd09d05 76679c3ac93bdca ca4f8e00df4b203a bd1bbd3fdce43375 8977f13fd02b1d25 2f763d60c4823702 a1666a77d3c77f40 a3f29c65ec91fa9f 311431a22ade5bb7 fea5daf7d368d9c5 3ffad465d27a9c19 fd58f7d0a298775c f6015122f10f0607 c389a220fbfed2c7 1e974a2435fc2587 270b2b8ec0e299f1 bce16cb814989b46 ca94c0cdea94cdae ab77679fdb78b6dc f0115222f19fec5b dc34ba09e858d458 c3d18b34baa612ef ac45ff4a07ac21a9 f004f60133e2dd57 ee88f046087ab954 1026dafdb3d68135 e7b95e8c1aceef91 2349a8e5002bd0fe b4025233d6424ed3 f1113e64337083e2 339c54e01bbbb0c0 f1fdff93145ae749 c7cb6b2be79ea713 835a57d3e30f3df7 f76a2540fb67c00b e306671ef5585766 d867955d3f35906b 3a9d5076e660bef2 dbb91658cfd1ba9d 8f074b089da3b794 840476863420abb6 83f26653c9a49b7e e7485313dfbd8cdf 13de389512f9b15c dc9e4cdaeb4cc999 cb0a567897d09ee8 aaca5044c3e69fed 2f336987dee88f0d f6b92df607689d1f cb4f3d0cfa3dbfff d9264f0da1837e3a a8ec1b59fa82a693 f4c06693cfdf7d03 f162fb3df43b5866 eebdfef9cde6b5a0 1dc632a31a4f1697 e8a6efde37e658c b1651b2c8f292de0 a9784477fd486df6 e0c6d383cf2b4dcf de547bb0b802b374 354b216b922beeaf e1573c7f87ccc027 3fcf739c1611f4ee a83de39d3fabb82f c7787856f51a9507 b2c89f58995201c c940d84b8747ebf2 fc6280f9b36a6d92 3cff8daf10b950a2 98013c94878f0aee 3af97881864065fa 96f9b69c1463bd8e 9bf2c87cf7f90630 fe396c2a2efaf331 c35eb0bfd6ec40fd cee5472d153322c7 c42e15f8df51793b 363dba39cd1eb358 e251d61f078cc6b7 e6de3ff285230166 d241b4be267fec17 2e0cb2ce9d1bfa2b 223efb92b4938add db1376f494eaf2c0 3206ececf480b050 29143b2e892029c2 1e0b1c83d445e87e c8c698ce8427b222 d47dbe5d012096f 2457f1edf1dad3fc f602861f2b52f868 fb6501d7ed1e8abb def95eb8034a6204 2e9d5a6c1fbcf3c4 8cdb7e7fd4fbe4d7 d84646db2a025c43 c9bf5007ebd4dd37 c0d0c20e06e3a147 30e5fd8ad69ace86 c26fabbe991708e9 9ffaaa30faa54d91 d1401c1783406dcc 1c5776b6d0e0a7ba cb85f54b93afc7d5 16f035a2bc5220e6 d32c8a11cc61163 b075d9383347ac58 ef99cd3ed8b8bdec f57ecf4fc7660eda faadbb32fccc95df d58553cc25f4a888 ed5ab762ea478871 e7141e50cb04231b f0f8cba3e8087295 d24ffb06bc99721c 79d9538de538306 c65bf59bb9641956 f5fd8b73f89660db d6e9e3e118abf0a1 d21009f7fd9b20ab f63181869d45d97c b5f1ca1dc80d956a c5a8b615cd1b6568 ea613ee40801d415 d00f697f3bda379c 8f59d0420530902 2854dd1715b81f95 d1925731f356dbe8 93a9e4eaf8644696 8e1c662bda87f435 cdded01dbbfec201 34630898dfaebd5c ba36b191e188b508 9d877709c27f6ec3 222e2c20081581af e99e36b7d1ea7fa1 1469ee65dc64ddb1 e47a5f608725adc0 d9102d6236981a85 92fcf836ce189617 d53e43d8ed7a1bc7 2412364cf7775797 c58fedae2e4e713a 1bc88d01b70f2e82 ae8686199ace3186 c91ca2c03fdac34d f6e9f1cff41673c8 8ee4a54ee4e52fc1 a4bff30e257077e9 1986ebb1d801480f bce677d01ba9e4de c11a5cc7a86b90ff 806cd90ee1a66adf fd504fbddaa14878 830cd9773d5350df 1ef9bbbe3e6aac84 190bf4fc0379b286 c0cd03651c4a0b7b dab4b7ff9c18ce73 9f9280f9dfc6bf23 fc10ca9ef3c0acfb 8fd97b6ee05f845e c0264381d6c5829d ca862f982f6bfc68 8fcb80c6bc370e1f 92fc90bcda5fab06 89cba76ecff1c448 8c28d267dd82c054 37e26b5b19972835 e988ec7d1f256324 fca82378c1ae12c9 db453afef5b1bee4 94d72208b48a8ed3 f638a19dc4ce277b 3a7fe660117f4581 c609d454d17ddc9b 164c0417cf570868 e0d64de9bc4275f1 dc0528dd0cbea77 a022f2df26e0223e e322982f240c56a4 f4d8411b00f940c9 27d96307f0e2eabc 94ef416094fb33fa 95f474c38afbfb36 fbdee5f389c7827b 1ec2b676bdcdd7ca c8c9d30190ce2753 1a95a9cfb4b72b39 f2850304c4a8b8f4 d576e04739586045 ee0f8b7e3b4ed605 fff78ef9f00c8a16 a964ea5be0948e82 9be36487d56e6f40 c57af957177475da f809045c9bdaf380 f14962c1eedfe3b2 8654598c13ec68e4 afc75c6436c45c18 a5a43fcafe5d5de9 1249c6cda110bf25 d7d51b3d2bf89957 2a55f740c2112331 e321e257fd795b08 2971f45f3c9fbe0d feb0e13ebaf6fd94 b870589cd3c7eb9f 1067a9ace1d2c395 1cc9c12ae1e24cfb b5aa389a8f188aea f0eb4e80d53a19c6 371c66c2c611e246 d52a6d310db50faa e2ef2970ecc69f5c 32d881a3c615bbb1 d3cacb5b9a0b9032 6d22f8f0802eed4 ce18aa85b6b9f4cb d0c584fe39aab132 c1ada00621e375e0 d89d6aabd797b48d 114265bf0fc64a8b 31a9c06ba962efa9 80faa436d2f005c5 e2b650508a472b16 33aa1ac0923d09f5 ] wstrb=[bb ba f6 d1 a ec 91 c5 a6 88 97 b1 74 28 76 1a b0 d cb 24 36 42 3f e6 4f a b 85 4c 4a 6c 9c 54 77 21 a1 c1 8d 3d 15 4 5e b6 c5 ec f3 db f0 52 91 b6 3e 85 91 2e d7 22 e4 15 a7 75 43 7e 98 28 93 3f 9d d7 be 35 ff 51 75 9c 28 33 d2 27 84 47 c4 ad 7a 96 d4 fe dd 98 ab 57 2e 80 55 b 18 1 62 47 81 b8 52 99 b9 b5 e0 3a 6d 33 d3 26 e8 b4 60 55 e7 33 7b cf e7 db 24 ce e 9f 9d f6 7a c1 c4 88 60 62 7e da 23 43 63 84 a5 e1 5e c8 24 c1 4c c9 a3 ab 92 c7 6c de 91 f 89 23 d7 f6 1 68 5 8b 8b dc 81 8c 44 86 17 cf 63 98 5c a7 1f 73 77 82 c d3 29 2b 46 a0 ad 52 73 d6 7d ba 77 2a c ea 1 8a a4 78 b4 b1 62 b5 3b 7 2d ef b8 90 a5 f3 97 d2 e2 4f 62 87 42 f9 5a 24 48 bc ac 8a b6 6 af fe c2 5b 89 78 61 38 77 23 93 0 9c f4 38 13 17 cb ] bresp=0 bid=10011
[2525000] ARB MONITOR: slave=1 m0_req=1 m1_req=0 winner=0
[2525000] AXI S1_AWVALID_RDY HANDSHAKE
[2535000] S1 MEMORY WRITE beat=0 addr=13708530 data=a2aaba46fd8f1d9e id=0c
[2535000] MASTER 1 B_VALID_RDY Handshake
[2535000] [MASTER MONITOR] mst_id=1 s_id=1 awaddr=15413e20 awid=11 awlen=244 awsize=1 awburst=1 wdata=[8a446d50c7f4dfc3 3acdcd9ed580739a a5a7388ec710e41b 8f05c3def967c8f7 cee83c912feba5df f6fc89fac9d3917c c33b5a74f48f7520 247b1aff86024dd8 cfd5df5592239705 86b30c251b77a4f9 a179f2d1131139c9 a534d0ceab2e2724 c6a5cc1df14fd226 84610bef2be7dcf4 d7160418e81fbeef d96f91152995dcbe d57db9b21dbbd036 5db8f25ddd09d05 76679c3ac93bdca ca4f8e00df4b203a bd1bbd3fdce43375 8977f13fd02b1d25 2f763d60c4823702 a1666a77d3c77f40 a3f29c65ec91fa9f 311431a22ade5bb7 fea5daf7d368d9c5 3ffad465d27a9c19 fd58f7d0a298775c f6015122f10f0607 c389a220fbfed2c7 1e974a2435fc2587 270b2b8ec0e299f1 bce16cb814989b46 ca94c0cdea94cdae ab77679fdb78b6dc f0115222f19fec5b dc34ba09e858d458 c3d18b34baa612ef ac45ff4a07ac21a9 f004f60133e2dd57 ee88f046087ab954 1026dafdb3d68135 e7b95e8c1aceef91 2349a8e5002bd0fe b4025233d6424ed3 f1113e64337083e2 339c54e01bbbb0c0 f1fdff93145ae749 c7cb6b2be79ea713 835a57d3e30f3df7 f76a2540fb67c00b e306671ef5585766 d867955d3f35906b 3a9d5076e660bef2 dbb91658cfd1ba9d 8f074b089da3b794 840476863420abb6 83f26653c9a49b7e e7485313dfbd8cdf 13de389512f9b15c dc9e4cdaeb4cc999 cb0a567897d09ee8 aaca5044c3e69fed 2f336987dee88f0d f6b92df607689d1f cb4f3d0cfa3dbfff d9264f0da1837e3a a8ec1b59fa82a693 f4c06693cfdf7d03 f162fb3df43b5866 eebdfef9cde6b5a0 1dc632a31a4f1697 e8a6efde37e658c b1651b2c8f292de0 a9784477fd486df6 e0c6d383cf2b4dcf de547bb0b802b374 354b216b922beeaf e1573c7f87ccc027 3fcf739c1611f4ee a83de39d3fabb82f c7787856f51a9507 b2c89f58995201c c940d84b8747ebf2 fc6280f9b36a6d92 3cff8daf10b950a2 98013c94878f0aee 3af97881864065fa 96f9b69c1463bd8e 9bf2c87cf7f90630 fe396c2a2efaf331 c35eb0bfd6ec40fd cee5472d153322c7 c42e15f8df51793b 363dba39cd1eb358 e251d61f078cc6b7 e6de3ff285230166 d241b4be267fec17 2e0cb2ce9d1bfa2b 223efb92b4938add db1376f494eaf2c0 3206ececf480b050 29143b2e892029c2 1e0b1c83d445e87e c8c698ce8427b222 d47dbe5d012096f 2457f1edf1dad3fc f602861f2b52f868 fb6501d7ed1e8abb def95eb8034a6204 2e9d5a6c1fbcf3c4 8cdb7e7fd4fbe4d7 d84646db2a025c43 c9bf5007ebd4dd37 c0d0c20e06e3a147 30e5fd8ad69ace86 c26fabbe991708e9 9ffaaa30faa54d91 d1401c1783406dcc 1c5776b6d0e0a7ba cb85f54b93afc7d5 16f035a2bc5220e6 d32c8a11cc61163 b075d9383347ac58 ef99cd3ed8b8bdec f57ecf4fc7660eda faadbb32fccc95df d58553cc25f4a888 ed5ab762ea478871 e7141e50cb04231b f0f8cba3e8087295 d24ffb06bc99721c 79d9538de538306 c65bf59bb9641956 f5fd8b73f89660db d6e9e3e118abf0a1 d21009f7fd9b20ab f63181869d45d97c b5f1ca1dc80d956a c5a8b615cd1b6568 ea613ee40801d415 d00f697f3bda379c 8f59d0420530902 2854dd1715b81f95 d1925731f356dbe8 93a9e4eaf8644696 8e1c662bda87f435 cdded01dbbfec201 34630898dfaebd5c ba36b191e188b508 9d877709c27f6ec3 222e2c20081581af e99e36b7d1ea7fa1 1469ee65dc64ddb1 e47a5f608725adc0 d9102d6236981a85 92fcf836ce189617 d53e43d8ed7a1bc7 2412364cf7775797 c58fedae2e4e713a 1bc88d01b70f2e82 ae8686199ace3186 c91ca2c03fdac34d f6e9f1cff41673c8 8ee4a54ee4e52fc1 a4bff30e257077e9 1986ebb1d801480f bce677d01ba9e4de c11a5cc7a86b90ff 806cd90ee1a66adf fd504fbddaa14878 830cd9773d5350df 1ef9bbbe3e6aac84 190bf4fc0379b286 c0cd03651c4a0b7b dab4b7ff9c18ce73 9f9280f9dfc6bf23 fc10ca9ef3c0acfb 8fd97b6ee05f845e c0264381d6c5829d ca862f982f6bfc68 8fcb80c6bc370e1f 92fc90bcda5fab06 89cba76ecff1c448 8c28d267dd82c054 37e26b5b19972835 e988ec7d1f256324 fca82378c1ae12c9 db453afef5b1bee4 94d72208b48a8ed3 f638a19dc4ce277b 3a7fe660117f4581 c609d454d17ddc9b 164c0417cf570868 e0d64de9bc4275f1 dc0528dd0cbea77 a022f2df26e0223e e322982f240c56a4 f4d8411b00f940c9 27d96307f0e2eabc 94ef416094fb33fa 95f474c38afbfb36 fbdee5f389c7827b 1ec2b676bdcdd7ca c8c9d30190ce2753 1a95a9cfb4b72b39 f2850304c4a8b8f4 d576e04739586045 ee0f8b7e3b4ed605 fff78ef9f00c8a16 a964ea5be0948e82 9be36487d56e6f40 c57af957177475da f809045c9bdaf380 f14962c1eedfe3b2 8654598c13ec68e4 afc75c6436c45c18 a5a43fcafe5d5de9 1249c6cda110bf25 d7d51b3d2bf89957 2a55f740c2112331 e321e257fd795b08 2971f45f3c9fbe0d feb0e13ebaf6fd94 b870589cd3c7eb9f 1067a9ace1d2c395 1cc9c12ae1e24cfb b5aa389a8f188aea f0eb4e80d53a19c6 371c66c2c611e246 d52a6d310db50faa e2ef2970ecc69f5c 32d881a3c615bbb1 d3cacb5b9a0b9032 6d22f8f0802eed4 ce18aa85b6b9f4cb d0c584fe39aab132 c1ada00621e375e0 d89d6aabd797b48d 114265bf0fc64a8b 31a9c06ba962efa9 80faa436d2f005c5 e2b650508a472b16 33aa1ac0923d09f5 ] wstrb=[bb ba f6 d1 a ec 91 c5 a6 88 97 b1 74 28 76 1a b0 d cb 24 36 42 3f e6 4f a b 85 4c 4a 6c 9c 54 77 21 a1 c1 8d 3d 15 4 5e b6 c5 ec f3 db f0 52 91 b6 3e 85 91 2e d7 22 e4 15 a7 75 43 7e 98 28 93 3f 9d d7 be 35 ff 51 75 9c 28 33 d2 27 84 47 c4 ad 7a 96 d4 fe dd 98 ab 57 2e 80 55 b 18 1 62 47 81 b8 52 99 b9 b5 e0 3a 6d 33 d3 26 e8 b4 60 55 e7 33 7b cf e7 db 24 ce e 9f 9d f6 7a c1 c4 88 60 62 7e da 23 43 63 84 a5 e1 5e c8 24 c1 4c c9 a3 ab 92 c7 6c de 91 f 89 23 d7 f6 1 68 5 8b 8b dc 81 8c 44 86 17 cf 63 98 5c a7 1f 73 77 82 c d3 29 2b 46 a0 ad 52 73 d6 7d ba 77 2a c ea 1 8a a4 78 b4 b1 62 b5 3b 7 2d ef b8 90 a5 f3 97 d2 e2 4f 62 87 42 f9 5a 24 48 bc ac 8a b6 6 af fe c2 5b 89 78 61 38 77 23 93 0 9c f4 38 13 17 cb ] bresp=0 bid=11
[2535000] MASTER 1 RECEIVED BRESP. BRESP=0
[2535000] [MASTER DRIVER] mst_id=1 s_id=0 awaddr=15413e20 awid=11 awlen=244 awsize=1 awburst=1 wdata=[8a446d50c7f4dfc3 3acdcd9ed580739a a5a7388ec710e41b 8f05c3def967c8f7 cee83c912feba5df f6fc89fac9d3917c c33b5a74f48f7520 247b1aff86024dd8 cfd5df5592239705 86b30c251b77a4f9 a179f2d1131139c9 a534d0ceab2e2724 c6a5cc1df14fd226 84610bef2be7dcf4 d7160418e81fbeef d96f91152995dcbe d57db9b21dbbd036 5db8f25ddd09d05 76679c3ac93bdca ca4f8e00df4b203a bd1bbd3fdce43375 8977f13fd02b1d25 2f763d60c4823702 a1666a77d3c77f40 a3f29c65ec91fa9f 311431a22ade5bb7 fea5daf7d368d9c5 3ffad465d27a9c19 fd58f7d0a298775c f6015122f10f0607 c389a220fbfed2c7 1e974a2435fc2587 270b2b8ec0e299f1 bce16cb814989b46 ca94c0cdea94cdae ab77679fdb78b6dc f0115222f19fec5b dc34ba09e858d458 c3d18b34baa612ef ac45ff4a07ac21a9 f004f60133e2dd57 ee88f046087ab954 1026dafdb3d68135 e7b95e8c1aceef91 2349a8e5002bd0fe b4025233d6424ed3 f1113e64337083e2 339c54e01bbbb0c0 f1fdff93145ae749 c7cb6b2be79ea713 835a57d3e30f3df7 f76a2540fb67c00b e306671ef5585766 d867955d3f35906b 3a9d5076e660bef2 dbb91658cfd1ba9d 8f074b089da3b794 840476863420abb6 83f26653c9a49b7e e7485313dfbd8cdf 13de389512f9b15c dc9e4cdaeb4cc999 cb0a567897d09ee8 aaca5044c3e69fed 2f336987dee88f0d f6b92df607689d1f cb4f3d0cfa3dbfff d9264f0da1837e3a a8ec1b59fa82a693 f4c06693cfdf7d03 f162fb3df43b5866 eebdfef9cde6b5a0 1dc632a31a4f1697 e8a6efde37e658c b1651b2c8f292de0 a9784477fd486df6 e0c6d383cf2b4dcf de547bb0b802b374 354b216b922beeaf e1573c7f87ccc027 3fcf739c1611f4ee a83de39d3fabb82f c7787856f51a9507 b2c89f58995201c c940d84b8747ebf2 fc6280f9b36a6d92 3cff8daf10b950a2 98013c94878f0aee 3af97881864065fa 96f9b69c1463bd8e 9bf2c87cf7f90630 fe396c2a2efaf331 c35eb0bfd6ec40fd cee5472d153322c7 c42e15f8df51793b 363dba39cd1eb358 e251d61f078cc6b7 e6de3ff285230166 d241b4be267fec17 2e0cb2ce9d1bfa2b 223efb92b4938add db1376f494eaf2c0 3206ececf480b050 29143b2e892029c2 1e0b1c83d445e87e c8c698ce8427b222 d47dbe5d012096f 2457f1edf1dad3fc f602861f2b52f868 fb6501d7ed1e8abb def95eb8034a6204 2e9d5a6c1fbcf3c4 8cdb7e7fd4fbe4d7 d84646db2a025c43 c9bf5007ebd4dd37 c0d0c20e06e3a147 30e5fd8ad69ace86 c26fabbe991708e9 9ffaaa30faa54d91 d1401c1783406dcc 1c5776b6d0e0a7ba cb85f54b93afc7d5 16f035a2bc5220e6 d32c8a11cc61163 b075d9383347ac58 ef99cd3ed8b8bdec f57ecf4fc7660eda faadbb32fccc95df d58553cc25f4a888 ed5ab762ea478871 e7141e50cb04231b f0f8cba3e8087295 d24ffb06bc99721c 79d9538de538306 c65bf59bb9641956 f5fd8b73f89660db d6e9e3e118abf0a1 d21009f7fd9b20ab f63181869d45d97c b5f1ca1dc80d956a c5a8b615cd1b6568 ea613ee40801d415 d00f697f3bda379c 8f59d0420530902 2854dd1715b81f95 d1925731f356dbe8 93a9e4eaf8644696 8e1c662bda87f435 cdded01dbbfec201 34630898dfaebd5c ba36b191e188b508 9d877709c27f6ec3 222e2c20081581af e99e36b7d1ea7fa1 1469ee65dc64ddb1 e47a5f608725adc0 d9102d6236981a85 92fcf836ce189617 d53e43d8ed7a1bc7 2412364cf7775797 c58fedae2e4e713a 1bc88d01b70f2e82 ae8686199ace3186 c91ca2c03fdac34d f6e9f1cff41673c8 8ee4a54ee4e52fc1 a4bff30e257077e9 1986ebb1d801480f bce677d01ba9e4de c11a5cc7a86b90ff 806cd90ee1a66adf fd504fbddaa14878 830cd9773d5350df 1ef9bbbe3e6aac84 190bf4fc0379b286 c0cd03651c4a0b7b dab4b7ff9c18ce73 9f9280f9dfc6bf23 fc10ca9ef3c0acfb 8fd97b6ee05f845e c0264381d6c5829d ca862f982f6bfc68 8fcb80c6bc370e1f 92fc90bcda5fab06 89cba76ecff1c448 8c28d267dd82c054 37e26b5b19972835 e988ec7d1f256324 fca82378c1ae12c9 db453afef5b1bee4 94d72208b48a8ed3 f638a19dc4ce277b 3a7fe660117f4581 c609d454d17ddc9b 164c0417cf570868 e0d64de9bc4275f1 dc0528dd0cbea77 a022f2df26e0223e e322982f240c56a4 f4d8411b00f940c9 27d96307f0e2eabc 94ef416094fb33fa 95f474c38afbfb36 fbdee5f389c7827b 1ec2b676bdcdd7ca c8c9d30190ce2753 1a95a9cfb4b72b39 f2850304c4a8b8f4 d576e04739586045 ee0f8b7e3b4ed605 fff78ef9f00c8a16 a964ea5be0948e82 9be36487d56e6f40 c57af957177475da f809045c9bdaf380 f14962c1eedfe3b2 8654598c13ec68e4 afc75c6436c45c18 a5a43fcafe5d5de9 1249c6cda110bf25 d7d51b3d2bf89957 2a55f740c2112331 e321e257fd795b08 2971f45f3c9fbe0d feb0e13ebaf6fd94 b870589cd3c7eb9f 1067a9ace1d2c395 1cc9c12ae1e24cfb b5aa389a8f188aea f0eb4e80d53a19c6 371c66c2c611e246 d52a6d310db50faa e2ef2970ecc69f5c 32d881a3c615bbb1 d3cacb5b9a0b9032 6d22f8f0802eed4 ce18aa85b6b9f4cb d0c584fe39aab132 c1ada00621e375e0 d89d6aabd797b48d 114265bf0fc64a8b 31a9c06ba962efa9 80faa436d2f005c5 e2b650508a472b16 33aa1ac0923d09f5 ] wstrb=[bb ba f6 d1 a ec 91 c5 a6 88 97 b1 74 28 76 1a b0 d cb 24 36 42 3f e6 4f a b 85 4c 4a 6c 9c 54 77 21 a1 c1 8d 3d 15 4 5e b6 c5 ec f3 db f0 52 91 b6 3e 85 91 2e d7 22 e4 15 a7 75 43 7e 98 28 93 3f 9d d7 be 35 ff 51 75 9c 28 33 d2 27 84 47 c4 ad 7a 96 d4 fe dd 98 ab 57 2e 80 55 b 18 1 62 47 81 b8 52 99 b9 b5 e0 3a 6d 33 d3 26 e8 b4 60 55 e7 33 7b cf e7 db 24 ce e 9f 9d f6 7a c1 c4 88 60 62 7e da 23 43 63 84 a5 e1 5e c8 24 c1 4c c9 a3 ab 92 c7 6c de 91 f 89 23 d7 f6 1 68 5 8b 8b dc 81 8c 44 86 17 cf 63 98 5c a7 1f 73 77 82 c d3 29 2b 46 a0 ad 52 73 d6 7d ba 77 2a c ea 1 8a a4 78 b4 b1 62 b5 3b 7 2d ef b8 90 a5 f3 97 d2 e2 4f 62 87 42 f9 5a 24 48 bc ac 8a b6 6 af fe c2 5b 89 78 61 38 77 23 93 0 9c f4 38 13 17 cb ] bresp=0 bid=11
[2535000] SCOREBOARD MATCH: decode_err expected = 0, actual =0
[2535000] SCOREBOARD MATCH: slave_id expected = 1, actual =1
[2535000] SCOREBOARD MATCH: awaddr passthrough expected = 15413e20, actual =15413e20
[2535000] SCOREBOARD MATCH: awlen passthrough expected = 244, actual =244
[2535000] SCOREBOARD MATCH: awsize passthrough expected = 1, actual =1
[2535000] SCOREBOARD MATCH: awburst passthrough expected = 1, actual =1
[2535000] SCOREBOARD MATCH: wdata size check expected = f5, actual =f5
[2535000] SCOREBOARD MATCH: wdata passthrough beat=0 expected = 8a446d50c7f4dfc3, actual =8a446d50c7f4dfc3
[2535000] SCOREBOARD MATCH: wdata passthrough beat=1 expected = 3acdcd9ed580739a, actual =3acdcd9ed580739a
[2535000] SCOREBOARD MATCH: wdata passthrough beat=2 expected = a5a7388ec710e41b, actual =a5a7388ec710e41b
[2535000] SCOREBOARD MATCH: wdata passthrough beat=3 expected = 8f05c3def967c8f7, actual =8f05c3def967c8f7
[2535000] SCOREBOARD MATCH: wdata passthrough beat=4 expected = cee83c912feba5df, actual =cee83c912feba5df
[2535000] SCOREBOARD MATCH: wdata passthrough beat=5 expected = f6fc89fac9d3917c, actual =f6fc89fac9d3917c
[2535000] SCOREBOARD MATCH: wdata passthrough beat=6 expected = c33b5a74f48f7520, actual =c33b5a74f48f7520
[2535000] SCOREBOARD MATCH: wdata passthrough beat=7 expected = 247b1aff86024dd8, actual =247b1aff86024dd8
[2535000] SCOREBOARD MATCH: wdata passthrough beat=8 expected = cfd5df5592239705, actual =cfd5df5592239705
[2535000] SCOREBOARD MATCH: wdata passthrough beat=9 expected = 86b30c251b77a4f9, actual =86b30c251b77a4f9
[2535000] SCOREBOARD MATCH: wdata passthrough beat=10 expected = a179f2d1131139c9, actual =a179f2d1131139c9
[2535000] SCOREBOARD MATCH: wdata passthrough beat=11 expected = a534d0ceab2e2724, actual =a534d0ceab2e2724
[2535000] SCOREBOARD MATCH: wdata passthrough beat=12 expected = c6a5cc1df14fd226, actual =c6a5cc1df14fd226
[2535000] SCOREBOARD MATCH: wdata passthrough beat=13 expected = 84610bef2be7dcf4, actual =84610bef2be7dcf4
[2535000] SCOREBOARD MATCH: wdata passthrough beat=14 expected = d7160418e81fbeef, actual =d7160418e81fbeef
[2535000] SCOREBOARD MATCH: wdata passthrough beat=15 expected = d96f91152995dcbe, actual =d96f91152995dcbe
[2535000] SCOREBOARD MATCH: wdata passthrough beat=16 expected = d57db9b21dbbd036, actual =d57db9b21dbbd036
[2535000] SCOREBOARD MATCH: wdata passthrough beat=17 expected = 5db8f25ddd09d05, actual =5db8f25ddd09d05
[2535000] SCOREBOARD MATCH: wdata passthrough beat=18 expected = 76679c3ac93bdca, actual =76679c3ac93bdca
[2535000] SCOREBOARD MATCH: wdata passthrough beat=19 expected = ca4f8e00df4b203a, actual =ca4f8e00df4b203a
[2535000] SCOREBOARD MATCH: wdata passthrough beat=20 expected = bd1bbd3fdce43375, actual =bd1bbd3fdce43375
[2535000] SCOREBOARD MATCH: wdata passthrough beat=21 expected = 8977f13fd02b1d25, actual =8977f13fd02b1d25
[2535000] SCOREBOARD MATCH: wdata passthrough beat=22 expected = 2f763d60c4823702, actual =2f763d60c4823702
[2535000] SCOREBOARD MATCH: wdata passthrough beat=23 expected = a1666a77d3c77f40, actual =a1666a77d3c77f40
[2535000] SCOREBOARD MATCH: wdata passthrough beat=24 expected = a3f29c65ec91fa9f, actual =a3f29c65ec91fa9f
[2535000] SCOREBOARD MATCH: wdata passthrough beat=25 expected = 311431a22ade5bb7, actual =311431a22ade5bb7
[2535000] SCOREBOARD MATCH: wdata passthrough beat=26 expected = fea5daf7d368d9c5, actual =fea5daf7d368d9c5
[2535000] SCOREBOARD MATCH: wdata passthrough beat=27 expected = 3ffad465d27a9c19, actual =3ffad465d27a9c19
[2535000] SCOREBOARD MATCH: wdata passthrough beat=28 expected = fd58f7d0a298775c, actual =fd58f7d0a298775c
[2535000] SCOREBOARD MATCH: wdata passthrough beat=29 expected = f6015122f10f0607, actual =f6015122f10f0607
[2535000] SCOREBOARD MATCH: wdata passthrough beat=30 expected = c389a220fbfed2c7, actual =c389a220fbfed2c7
[2535000] SCOREBOARD MATCH: wdata passthrough beat=31 expected = 1e974a2435fc2587, actual =1e974a2435fc2587
[2535000] SCOREBOARD MATCH: wdata passthrough beat=32 expected = 270b2b8ec0e299f1, actual =270b2b8ec0e299f1
[2535000] SCOREBOARD MATCH: wdata passthrough beat=33 expected = bce16cb814989b46, actual =bce16cb814989b46
[2535000] SCOREBOARD MATCH: wdata passthrough beat=34 expected = ca94c0cdea94cdae, actual =ca94c0cdea94cdae
[2535000] SCOREBOARD MATCH: wdata passthrough beat=35 expected = ab77679fdb78b6dc, actual =ab77679fdb78b6dc
[2535000] SCOREBOARD MATCH: wdata passthrough beat=36 expected = f0115222f19fec5b, actual =f0115222f19fec5b
[2535000] SCOREBOARD MATCH: wdata passthrough beat=37 expected = dc34ba09e858d458, actual =dc34ba09e858d458
[2535000] SCOREBOARD MATCH: wdata passthrough beat=38 expected = c3d18b34baa612ef, actual =c3d18b34baa612ef
[2535000] SCOREBOARD MATCH: wdata passthrough beat=39 expected = ac45ff4a07ac21a9, actual =ac45ff4a07ac21a9
[2535000] SCOREBOARD MATCH: wdata passthrough beat=40 expected = f004f60133e2dd57, actual =f004f60133e2dd57
[2535000] SCOREBOARD MATCH: wdata passthrough beat=41 expected = ee88f046087ab954, actual =ee88f046087ab954
[2535000] SCOREBOARD MATCH: wdata passthrough beat=42 expected = 1026dafdb3d68135, actual =1026dafdb3d68135
[2535000] SCOREBOARD MATCH: wdata passthrough beat=43 expected = e7b95e8c1aceef91, actual =e7b95e8c1aceef91
[2535000] SCOREBOARD MATCH: wdata passthrough beat=44 expected = 2349a8e5002bd0fe, actual =2349a8e5002bd0fe
[2535000] SCOREBOARD MATCH: wdata passthrough beat=45 expected = b4025233d6424ed3, actual =b4025233d6424ed3
[2535000] SCOREBOARD MATCH: wdata passthrough beat=46 expected = f1113e64337083e2, actual =f1113e64337083e2
[2535000] SCOREBOARD MATCH: wdata passthrough beat=47 expected = 339c54e01bbbb0c0, actual =339c54e01bbbb0c0
[2535000] SCOREBOARD MATCH: wdata passthrough beat=48 expected = f1fdff93145ae749, actual =f1fdff93145ae749
[2535000] SCOREBOARD MATCH: wdata passthrough beat=49 expected = c7cb6b2be79ea713, actual =c7cb6b2be79ea713
[2535000] SCOREBOARD MATCH: wdata passthrough beat=50 expected = 835a57d3e30f3df7, actual =835a57d3e30f3df7
[2535000] SCOREBOARD MATCH: wdata passthrough beat=51 expected = f76a2540fb67c00b, actual =f76a2540fb67c00b
[2535000] SCOREBOARD MATCH: wdata passthrough beat=52 expected = e306671ef5585766, actual =e306671ef5585766
[2535000] SCOREBOARD MATCH: wdata passthrough beat=53 expected = d867955d3f35906b, actual =d867955d3f35906b
[2535000] SCOREBOARD MATCH: wdata passthrough beat=54 expected = 3a9d5076e660bef2, actual =3a9d5076e660bef2
[2535000] SCOREBOARD MATCH: wdata passthrough beat=55 expected = dbb91658cfd1ba9d, actual =dbb91658cfd1ba9d
[2535000] SCOREBOARD MATCH: wdata passthrough beat=56 expected = 8f074b089da3b794, actual =8f074b089da3b794
[2535000] SCOREBOARD MATCH: wdata passthrough beat=57 expected = 840476863420abb6, actual =840476863420abb6
[2535000] SCOREBOARD MATCH: wdata passthrough beat=58 expected = 83f26653c9a49b7e, actual =83f26653c9a49b7e
[2535000] SCOREBOARD MATCH: wdata passthrough beat=59 expected = e7485313dfbd8cdf, actual =e7485313dfbd8cdf
[2535000] SCOREBOARD MATCH: wdata passthrough beat=60 expected = 13de389512f9b15c, actual =13de389512f9b15c
[2535000] SCOREBOARD MATCH: wdata passthrough beat=61 expected = dc9e4cdaeb4cc999, actual =dc9e4cdaeb4cc999
[2535000] SCOREBOARD MATCH: wdata passthrough beat=62 expected = cb0a567897d09ee8, actual =cb0a567897d09ee8
[2535000] SCOREBOARD MATCH: wdata passthrough beat=63 expected = aaca5044c3e69fed, actual =aaca5044c3e69fed
[2535000] SCOREBOARD MATCH: wdata passthrough beat=64 expected = 2f336987dee88f0d, actual =2f336987dee88f0d
[2535000] SCOREBOARD MATCH: wdata passthrough beat=65 expected = f6b92df607689d1f, actual =f6b92df607689d1f
[2535000] SCOREBOARD MATCH: wdata passthrough beat=66 expected = cb4f3d0cfa3dbfff, actual =cb4f3d0cfa3dbfff
[2535000] SCOREBOARD MATCH: wdata passthrough beat=67 expected = d9264f0da1837e3a, actual =d9264f0da1837e3a
[2535000] SCOREBOARD MATCH: wdata passthrough beat=68 expected = a8ec1b59fa82a693, actual =a8ec1b59fa82a693
[2535000] SCOREBOARD MATCH: wdata passthrough beat=69 expected = f4c06693cfdf7d03, actual =f4c06693cfdf7d03
[2535000] SCOREBOARD MATCH: wdata passthrough beat=70 expected = f162fb3df43b5866, actual =f162fb3df43b5866
[2535000] SCOREBOARD MATCH: wdata passthrough beat=71 expected = eebdfef9cde6b5a0, actual =eebdfef9cde6b5a0
[2535000] SCOREBOARD MATCH: wdata passthrough beat=72 expected = 1dc632a31a4f1697, actual =1dc632a31a4f1697
[2535000] SCOREBOARD MATCH: wdata passthrough beat=73 expected = e8a6efde37e658c, actual =e8a6efde37e658c
[2535000] SCOREBOARD MATCH: wdata passthrough beat=74 expected = b1651b2c8f292de0, actual =b1651b2c8f292de0
[2535000] SCOREBOARD MATCH: wdata passthrough beat=75 expected = a9784477fd486df6, actual =a9784477fd486df6
[2535000] SCOREBOARD MATCH: wdata passthrough beat=76 expected = e0c6d383cf2b4dcf, actual =e0c6d383cf2b4dcf
[2535000] SCOREBOARD MATCH: wdata passthrough beat=77 expected = de547bb0b802b374, actual =de547bb0b802b374
[2535000] SCOREBOARD MATCH: wdata passthrough beat=78 expected = 354b216b922beeaf, actual =354b216b922beeaf
[2535000] SCOREBOARD MATCH: wdata passthrough beat=79 expected = e1573c7f87ccc027, actual =e1573c7f87ccc027
[2535000] SCOREBOARD MATCH: wdata passthrough beat=80 expected = 3fcf739c1611f4ee, actual =3fcf739c1611f4ee
[2535000] SCOREBOARD MATCH: wdata passthrough beat=81 expected = a83de39d3fabb82f, actual =a83de39d3fabb82f
[2535000] SCOREBOARD MATCH: wdata passthrough beat=82 expected = c7787856f51a9507, actual =c7787856f51a9507
[2535000] SCOREBOARD MATCH: wdata passthrough beat=83 expected = b2c89f58995201c, actual =b2c89f58995201c
[2535000] SCOREBOARD MATCH: wdata passthrough beat=84 expected = c940d84b8747ebf2, actual =c940d84b8747ebf2
[2535000] SCOREBOARD MATCH: wdata passthrough beat=85 expected = fc6280f9b36a6d92, actual =fc6280f9b36a6d92
[2535000] SCOREBOARD MATCH: wdata passthrough beat=86 expected = 3cff8daf10b950a2, actual =3cff8daf10b950a2
[2535000] SCOREBOARD MATCH: wdata passthrough beat=87 expected = 98013c94878f0aee, actual =98013c94878f0aee
[2535000] SCOREBOARD MATCH: wdata passthrough beat=88 expected = 3af97881864065fa, actual =3af97881864065fa
[2535000] SCOREBOARD MATCH: wdata passthrough beat=89 expected = 96f9b69c1463bd8e, actual =96f9b69c1463bd8e
[2535000] SCOREBOARD MATCH: wdata passthrough beat=90 expected = 9bf2c87cf7f90630, actual =9bf2c87cf7f90630
[2535000] SCOREBOARD MATCH: wdata passthrough beat=91 expected = fe396c2a2efaf331, actual =fe396c2a2efaf331
[2535000] SCOREBOARD MATCH: wdata passthrough beat=92 expected = c35eb0bfd6ec40fd, actual =c35eb0bfd6ec40fd
[2535000] SCOREBOARD MATCH: wdata passthrough beat=93 expected = cee5472d153322c7, actual =cee5472d153322c7
[2535000] SCOREBOARD MATCH: wdata passthrough beat=94 expected = c42e15f8df51793b, actual =c42e15f8df51793b
[2535000] SCOREBOARD MATCH: wdata passthrough beat=95 expected = 363dba39cd1eb358, actual =363dba39cd1eb358
[2535000] SCOREBOARD MATCH: wdata passthrough beat=96 expected = e251d61f078cc6b7, actual =e251d61f078cc6b7
[2535000] SCOREBOARD MATCH: wdata passthrough beat=97 expected = e6de3ff285230166, actual =e6de3ff285230166
[2535000] SCOREBOARD MATCH: wdata passthrough beat=98 expected = d241b4be267fec17, actual =d241b4be267fec17
[2535000] SCOREBOARD MATCH: wdata passthrough beat=99 expected = 2e0cb2ce9d1bfa2b, actual =2e0cb2ce9d1bfa2b
[2535000] SCOREBOARD MATCH: wdata passthrough beat=100 expected = 223efb92b4938add, actual =223efb92b4938add
[2535000] SCOREBOARD MATCH: wdata passthrough beat=101 expected = db1376f494eaf2c0, actual =db1376f494eaf2c0
[2535000] SCOREBOARD MATCH: wdata passthrough beat=102 expected = 3206ececf480b050, actual =3206ececf480b050
[2535000] SCOREBOARD MATCH: wdata passthrough beat=103 expected = 29143b2e892029c2, actual =29143b2e892029c2
[2535000] SCOREBOARD MATCH: wdata passthrough beat=104 expected = 1e0b1c83d445e87e, actual =1e0b1c83d445e87e
[2535000] SCOREBOARD MATCH: wdata passthrough beat=105 expected = c8c698ce8427b222, actual =c8c698ce8427b222
[2535000] SCOREBOARD MATCH: wdata passthrough beat=106 expected = d47dbe5d012096f, actual =d47dbe5d012096f
[2535000] SCOREBOARD MATCH: wdata passthrough beat=107 expected = 2457f1edf1dad3fc, actual =2457f1edf1dad3fc
[2535000] SCOREBOARD MATCH: wdata passthrough beat=108 expected = f602861f2b52f868, actual =f602861f2b52f868
[2535000] SCOREBOARD MATCH: wdata passthrough beat=109 expected = fb6501d7ed1e8abb, actual =fb6501d7ed1e8abb
[2535000] SCOREBOARD MATCH: wdata passthrough beat=110 expected = def95eb8034a6204, actual =def95eb8034a6204
[2535000] SCOREBOARD MATCH: wdata passthrough beat=111 expected = 2e9d5a6c1fbcf3c4, actual =2e9d5a6c1fbcf3c4
[2535000] SCOREBOARD MATCH: wdata passthrough beat=112 expected = 8cdb7e7fd4fbe4d7, actual =8cdb7e7fd4fbe4d7
[2535000] SCOREBOARD MATCH: wdata passthrough beat=113 expected = d84646db2a025c43, actual =d84646db2a025c43
[2535000] SCOREBOARD MATCH: wdata passthrough beat=114 expected = c9bf5007ebd4dd37, actual =c9bf5007ebd4dd37
[2535000] SCOREBOARD MATCH: wdata passthrough beat=115 expected = c0d0c20e06e3a147, actual =c0d0c20e06e3a147
[2535000] SCOREBOARD MATCH: wdata passthrough beat=116 expected = 30e5fd8ad69ace86, actual =30e5fd8ad69ace86
[2535000] SCOREBOARD MATCH: wdata passthrough beat=117 expected = c26fabbe991708e9, actual =c26fabbe991708e9
[2535000] SCOREBOARD MATCH: wdata passthrough beat=118 expected = 9ffaaa30faa54d91, actual =9ffaaa30faa54d91
[2535000] SCOREBOARD MATCH: wdata passthrough beat=119 expected = d1401c1783406dcc, actual =d1401c1783406dcc
[2535000] SCOREBOARD MATCH: wdata passthrough beat=120 expected = 1c5776b6d0e0a7ba, actual =1c5776b6d0e0a7ba
[2535000] SCOREBOARD MATCH: wdata passthrough beat=121 expected = cb85f54b93afc7d5, actual =cb85f54b93afc7d5
[2535000] SCOREBOARD MATCH: wdata passthrough beat=122 expected = 16f035a2bc5220e6, actual =16f035a2bc5220e6
[2535000] SCOREBOARD MATCH: wdata passthrough beat=123 expected = d32c8a11cc61163, actual =d32c8a11cc61163
[2535000] SCOREBOARD MATCH: wdata passthrough beat=124 expected = b075d9383347ac58, actual =b075d9383347ac58
[2535000] SCOREBOARD MATCH: wdata passthrough beat=125 expected = ef99cd3ed8b8bdec, actual =ef99cd3ed8b8bdec
[2535000] SCOREBOARD MATCH: wdata passthrough beat=126 expected = f57ecf4fc7660eda, actual =f57ecf4fc7660eda
[2535000] SCOREBOARD MATCH: wdata passthrough beat=127 expected = faadbb32fccc95df, actual =faadbb32fccc95df
[2535000] SCOREBOARD MATCH: wdata passthrough beat=128 expected = d58553cc25f4a888, actual =d58553cc25f4a888
[2535000] SCOREBOARD MATCH: wdata passthrough beat=129 expected = ed5ab762ea478871, actual =ed5ab762ea478871
[2535000] SCOREBOARD MATCH: wdata passthrough beat=130 expected = e7141e50cb04231b, actual =e7141e50cb04231b
[2535000] SCOREBOARD MATCH: wdata passthrough beat=131 expected = f0f8cba3e8087295, actual =f0f8cba3e8087295
[2535000] SCOREBOARD MATCH: wdata passthrough beat=132 expected = d24ffb06bc99721c, actual =d24ffb06bc99721c
[2535000] SCOREBOARD MATCH: wdata passthrough beat=133 expected = 79d9538de538306, actual =79d9538de538306
[2535000] SCOREBOARD MATCH: wdata passthrough beat=134 expected = c65bf59bb9641956, actual =c65bf59bb9641956
[2535000] SCOREBOARD MATCH: wdata passthrough beat=135 expected = f5fd8b73f89660db, actual =f5fd8b73f89660db
[2535000] SCOREBOARD MATCH: wdata passthrough beat=136 expected = d6e9e3e118abf0a1, actual =d6e9e3e118abf0a1
[2535000] SCOREBOARD MATCH: wdata passthrough beat=137 expected = d21009f7fd9b20ab, actual =d21009f7fd9b20ab
[2535000] SCOREBOARD MATCH: wdata passthrough beat=138 expected = f63181869d45d97c, actual =f63181869d45d97c
[2535000] SCOREBOARD MATCH: wdata passthrough beat=139 expected = b5f1ca1dc80d956a, actual =b5f1ca1dc80d956a
[2535000] SCOREBOARD MATCH: wdata passthrough beat=140 expected = c5a8b615cd1b6568, actual =c5a8b615cd1b6568
[2535000] SCOREBOARD MATCH: wdata passthrough beat=141 expected = ea613ee40801d415, actual =ea613ee40801d415
[2535000] SCOREBOARD MATCH: wdata passthrough beat=142 expected = d00f697f3bda379c, actual =d00f697f3bda379c
[2535000] SCOREBOARD MATCH: wdata passthrough beat=143 expected = 8f59d0420530902, actual =8f59d0420530902
[2535000] SCOREBOARD MATCH: wdata passthrough beat=144 expected = 2854dd1715b81f95, actual =2854dd1715b81f95
[2535000] SCOREBOARD MATCH: wdata passthrough beat=145 expected = d1925731f356dbe8, actual =d1925731f356dbe8
[2535000] SCOREBOARD MATCH: wdata passthrough beat=146 expected = 93a9e4eaf8644696, actual =93a9e4eaf8644696
[2535000] SCOREBOARD MATCH: wdata passthrough beat=147 expected = 8e1c662bda87f435, actual =8e1c662bda87f435
[2535000] SCOREBOARD MATCH: wdata passthrough beat=148 expected = cdded01dbbfec201, actual =cdded01dbbfec201
[2535000] SCOREBOARD MATCH: wdata passthrough beat=149 expected = 34630898dfaebd5c, actual =34630898dfaebd5c
[2535000] SCOREBOARD MATCH: wdata passthrough beat=150 expected = ba36b191e188b508, actual =ba36b191e188b508
[2535000] SCOREBOARD MATCH: wdata passthrough beat=151 expected = 9d877709c27f6ec3, actual =9d877709c27f6ec3
[2535000] SCOREBOARD MATCH: wdata passthrough beat=152 expected = 222e2c20081581af, actual =222e2c20081581af
[2535000] SCOREBOARD MATCH: wdata passthrough beat=153 expected = e99e36b7d1ea7fa1, actual =e99e36b7d1ea7fa1
[2535000] SCOREBOARD MATCH: wdata passthrough beat=154 expected = 1469ee65dc64ddb1, actual =1469ee65dc64ddb1
[2535000] SCOREBOARD MATCH: wdata passthrough beat=155 expected = e47a5f608725adc0, actual =e47a5f608725adc0
[2535000] SCOREBOARD MATCH: wdata passthrough beat=156 expected = d9102d6236981a85, actual =d9102d6236981a85
[2535000] SCOREBOARD MATCH: wdata passthrough beat=157 expected = 92fcf836ce189617, actual =92fcf836ce189617
[2535000] SCOREBOARD MATCH: wdata passthrough beat=158 expected = d53e43d8ed7a1bc7, actual =d53e43d8ed7a1bc7
[2535000] SCOREBOARD MATCH: wdata passthrough beat=159 expected = 2412364cf7775797, actual =2412364cf7775797
[2535000] SCOREBOARD MATCH: wdata passthrough beat=160 expected = c58fedae2e4e713a, actual =c58fedae2e4e713a
[2535000] SCOREBOARD MATCH: wdata passthrough beat=161 expected = 1bc88d01b70f2e82, actual =1bc88d01b70f2e82
[2535000] SCOREBOARD MATCH: wdata passthrough beat=162 expected = ae8686199ace3186, actual =ae8686199ace3186
[2535000] SCOREBOARD MATCH: wdata passthrough beat=163 expected = c91ca2c03fdac34d, actual =c91ca2c03fdac34d
[2535000] SCOREBOARD MATCH: wdata passthrough beat=164 expected = f6e9f1cff41673c8, actual =f6e9f1cff41673c8
[2535000] SCOREBOARD MATCH: wdata passthrough beat=165 expected = 8ee4a54ee4e52fc1, actual =8ee4a54ee4e52fc1
[2535000] SCOREBOARD MATCH: wdata passthrough beat=166 expected = a4bff30e257077e9, actual =a4bff30e257077e9
[2535000] SCOREBOARD MATCH: wdata passthrough beat=167 expected = 1986ebb1d801480f, actual =1986ebb1d801480f
[2535000] SCOREBOARD MATCH: wdata passthrough beat=168 expected = bce677d01ba9e4de, actual =bce677d01ba9e4de
[2535000] SCOREBOARD MATCH: wdata passthrough beat=169 expected = c11a5cc7a86b90ff, actual =c11a5cc7a86b90ff
[2535000] SCOREBOARD MATCH: wdata passthrough beat=170 expected = 806cd90ee1a66adf, actual =806cd90ee1a66adf
[2535000] SCOREBOARD MATCH: wdata passthrough beat=171 expected = fd504fbddaa14878, actual =fd504fbddaa14878
[2535000] SCOREBOARD MATCH: wdata passthrough beat=172 expected = 830cd9773d5350df, actual =830cd9773d5350df
[2535000] SCOREBOARD MATCH: wdata passthrough beat=173 expected = 1ef9bbbe3e6aac84, actual =1ef9bbbe3e6aac84
[2535000] SCOREBOARD MATCH: wdata passthrough beat=174 expected = 190bf4fc0379b286, actual =190bf4fc0379b286
[2535000] SCOREBOARD MATCH: wdata passthrough beat=175 expected = c0cd03651c4a0b7b, actual =c0cd03651c4a0b7b
[2535000] SCOREBOARD MATCH: wdata passthrough beat=176 expected = dab4b7ff9c18ce73, actual =dab4b7ff9c18ce73
[2535000] SCOREBOARD MATCH: wdata passthrough beat=177 expected = 9f9280f9dfc6bf23, actual =9f9280f9dfc6bf23
[2535000] SCOREBOARD MATCH: wdata passthrough beat=178 expected = fc10ca9ef3c0acfb, actual =fc10ca9ef3c0acfb
[2535000] SCOREBOARD MATCH: wdata passthrough beat=179 expected = 8fd97b6ee05f845e, actual =8fd97b6ee05f845e
[2535000] SCOREBOARD MATCH: wdata passthrough beat=180 expected = c0264381d6c5829d, actual =c0264381d6c5829d
[2535000] SCOREBOARD MATCH: wdata passthrough beat=181 expected = ca862f982f6bfc68, actual =ca862f982f6bfc68
[2535000] SCOREBOARD MATCH: wdata passthrough beat=182 expected = 8fcb80c6bc370e1f, actual =8fcb80c6bc370e1f
[2535000] SCOREBOARD MATCH: wdata passthrough beat=183 expected = 92fc90bcda5fab06, actual =92fc90bcda5fab06
[2535000] SCOREBOARD MATCH: wdata passthrough beat=184 expected = 89cba76ecff1c448, actual =89cba76ecff1c448
[2535000] SCOREBOARD MATCH: wdata passthrough beat=185 expected = 8c28d267dd82c054, actual =8c28d267dd82c054
[2535000] SCOREBOARD MATCH: wdata passthrough beat=186 expected = 37e26b5b19972835, actual =37e26b5b19972835
[2535000] SCOREBOARD MATCH: wdata passthrough beat=187 expected = e988ec7d1f256324, actual =e988ec7d1f256324
[2535000] SCOREBOARD MATCH: wdata passthrough beat=188 expected = fca82378c1ae12c9, actual =fca82378c1ae12c9
[2535000] SCOREBOARD MATCH: wdata passthrough beat=189 expected = db453afef5b1bee4, actual =db453afef5b1bee4
[2535000] SCOREBOARD MATCH: wdata passthrough beat=190 expected = 94d72208b48a8ed3, actual =94d72208b48a8ed3
[2535000] SCOREBOARD MATCH: wdata passthrough beat=191 expected = f638a19dc4ce277b, actual =f638a19dc4ce277b
[2535000] SCOREBOARD MATCH: wdata passthrough beat=192 expected = 3a7fe660117f4581, actual =3a7fe660117f4581
[2535000] SCOREBOARD MATCH: wdata passthrough beat=193 expected = c609d454d17ddc9b, actual =c609d454d17ddc9b
[2535000] SCOREBOARD MATCH: wdata passthrough beat=194 expected = 164c0417cf570868, actual =164c0417cf570868
[2535000] SCOREBOARD MATCH: wdata passthrough beat=195 expected = e0d64de9bc4275f1, actual =e0d64de9bc4275f1
[2535000] SCOREBOARD MATCH: wdata passthrough beat=196 expected = dc0528dd0cbea77, actual =dc0528dd0cbea77
[2535000] SCOREBOARD MATCH: wdata passthrough beat=197 expected = a022f2df26e0223e, actual =a022f2df26e0223e
[2535000] SCOREBOARD MATCH: wdata passthrough beat=198 expected = e322982f240c56a4, actual =e322982f240c56a4
[2535000] SCOREBOARD MATCH: wdata passthrough beat=199 expected = f4d8411b00f940c9, actual =f4d8411b00f940c9
[2535000] SCOREBOARD MATCH: wdata passthrough beat=200 expected = 27d96307f0e2eabc, actual =27d96307f0e2eabc
[2535000] SCOREBOARD MATCH: wdata passthrough beat=201 expected = 94ef416094fb33fa, actual =94ef416094fb33fa
[2535000] SCOREBOARD MATCH: wdata passthrough beat=202 expected = 95f474c38afbfb36, actual =95f474c38afbfb36
[2535000] SCOREBOARD MATCH: wdata passthrough beat=203 expected = fbdee5f389c7827b, actual =fbdee5f389c7827b
[2535000] SCOREBOARD MATCH: wdata passthrough beat=204 expected = 1ec2b676bdcdd7ca, actual =1ec2b676bdcdd7ca
[2535000] SCOREBOARD MATCH: wdata passthrough beat=205 expected = c8c9d30190ce2753, actual =c8c9d30190ce2753
[2535000] SCOREBOARD MATCH: wdata passthrough beat=206 expected = 1a95a9cfb4b72b39, actual =1a95a9cfb4b72b39
[2535000] SCOREBOARD MATCH: wdata passthrough beat=207 expected = f2850304c4a8b8f4, actual =f2850304c4a8b8f4
[2535000] SCOREBOARD MATCH: wdata passthrough beat=208 expected = d576e04739586045, actual =d576e04739586045
[2535000] SCOREBOARD MATCH: wdata passthrough beat=209 expected = ee0f8b7e3b4ed605, actual =ee0f8b7e3b4ed605
[2535000] SCOREBOARD MATCH: wdata passthrough beat=210 expected = fff78ef9f00c8a16, actual =fff78ef9f00c8a16
[2535000] SCOREBOARD MATCH: wdata passthrough beat=211 expected = a964ea5be0948e82, actual =a964ea5be0948e82
[2535000] SCOREBOARD MATCH: wdata passthrough beat=212 expected = 9be36487d56e6f40, actual =9be36487d56e6f40
[2535000] SCOREBOARD MATCH: wdata passthrough beat=213 expected = c57af957177475da, actual =c57af957177475da
[2535000] SCOREBOARD MATCH: wdata passthrough beat=214 expected = f809045c9bdaf380, actual =f809045c9bdaf380
[2535000] SCOREBOARD MATCH: wdata passthrough beat=215 expected = f14962c1eedfe3b2, actual =f14962c1eedfe3b2
[2535000] SCOREBOARD MATCH: wdata passthrough beat=216 expected = 8654598c13ec68e4, actual =8654598c13ec68e4
[2535000] SCOREBOARD MATCH: wdata passthrough beat=217 expected = afc75c6436c45c18, actual =afc75c6436c45c18
[2535000] SCOREBOARD MATCH: wdata passthrough beat=218 expected = a5a43fcafe5d5de9, actual =a5a43fcafe5d5de9
[2535000] SCOREBOARD MATCH: wdata passthrough beat=219 expected = 1249c6cda110bf25, actual =1249c6cda110bf25
[2535000] SCOREBOARD MATCH: wdata passthrough beat=220 expected = d7d51b3d2bf89957, actual =d7d51b3d2bf89957
[2535000] SCOREBOARD MATCH: wdata passthrough beat=221 expected = 2a55f740c2112331, actual =2a55f740c2112331
[2535000] SCOREBOARD MATCH: wdata passthrough beat=222 expected = e321e257fd795b08, actual =e321e257fd795b08
[2535000] SCOREBOARD MATCH: wdata passthrough beat=223 expected = 2971f45f3c9fbe0d, actual =2971f45f3c9fbe0d
[2535000] SCOREBOARD MATCH: wdata passthrough beat=224 expected = feb0e13ebaf6fd94, actual =feb0e13ebaf6fd94
[2535000] SCOREBOARD MATCH: wdata passthrough beat=225 expected = b870589cd3c7eb9f, actual =b870589cd3c7eb9f
[2535000] SCOREBOARD MATCH: wdata passthrough beat=226 expected = 1067a9ace1d2c395, actual =1067a9ace1d2c395
[2535000] SCOREBOARD MATCH: wdata passthrough beat=227 expected = 1cc9c12ae1e24cfb, actual =1cc9c12ae1e24cfb
[2535000] SCOREBOARD MATCH: wdata passthrough beat=228 expected = b5aa389a8f188aea, actual =b5aa389a8f188aea
[2535000] SCOREBOARD MATCH: wdata passthrough beat=229 expected = f0eb4e80d53a19c6, actual =f0eb4e80d53a19c6
[2535000] SCOREBOARD MATCH: wdata passthrough beat=230 expected = 371c66c2c611e246, actual =371c66c2c611e246
[2535000] SCOREBOARD MATCH: wdata passthrough beat=231 expected = d52a6d310db50faa, actual =d52a6d310db50faa
[2535000] SCOREBOARD MATCH: wdata passthrough beat=232 expected = e2ef2970ecc69f5c, actual =e2ef2970ecc69f5c
[2535000] SCOREBOARD MATCH: wdata passthrough beat=233 expected = 32d881a3c615bbb1, actual =32d881a3c615bbb1
[2535000] SCOREBOARD MATCH: wdata passthrough beat=234 expected = d3cacb5b9a0b9032, actual =d3cacb5b9a0b9032
[2535000] SCOREBOARD MATCH: wdata passthrough beat=235 expected = 6d22f8f0802eed4, actual =6d22f8f0802eed4
[2535000] SCOREBOARD MATCH: wdata passthrough beat=236 expected = ce18aa85b6b9f4cb, actual =ce18aa85b6b9f4cb
[2535000] SCOREBOARD MATCH: wdata passthrough beat=237 expected = d0c584fe39aab132, actual =d0c584fe39aab132
[2535000] SCOREBOARD MATCH: wdata passthrough beat=238 expected = c1ada00621e375e0, actual =c1ada00621e375e0
[2535000] SCOREBOARD MATCH: wdata passthrough beat=239 expected = d89d6aabd797b48d, actual =d89d6aabd797b48d
[2535000] SCOREBOARD MATCH: wdata passthrough beat=240 expected = 114265bf0fc64a8b, actual =114265bf0fc64a8b
[2535000] SCOREBOARD MATCH: wdata passthrough beat=241 expected = 31a9c06ba962efa9, actual =31a9c06ba962efa9
[2535000] SCOREBOARD MATCH: wdata passthrough beat=242 expected = 80faa436d2f005c5, actual =80faa436d2f005c5
[2535000] SCOREBOARD MATCH: wdata passthrough beat=243 expected = e2b650508a472b16, actual =e2b650508a472b16
[2535000] SCOREBOARD MATCH: wdata passthrough beat=244 expected = 33aa1ac0923d09f5, actual =33aa1ac0923d09f5
[2535000] SCOREBOARD MATCH: wstrb size check expected = f5, actual =f5
[2535000] SCOREBOARD MATCH: wstrb passthrough beat=0 expected = bb, actual =bb
[2535000] SCOREBOARD MATCH: wstrb passthrough beat=1 expected = ba, actual =ba
[2535000] SCOREBOARD MATCH: wstrb passthrough beat=2 expected = f6, actual =f6
[2535000] SCOREBOARD MATCH: wstrb passthrough beat=3 expected = d1, actual =d1
[2535000] SCOREBOARD MATCH: wstrb passthrough beat=4 expected = a, actual =a
[2535000] SCOREBOARD MATCH: wstrb passthrough beat=5 expected = ec, actual =ec
[2535000] SCOREBOARD MATCH: wstrb passthrough beat=6 expected = 91, actual =91
[2535000] SCOREBOARD MATCH: wstrb passthrough beat=7 expected = c5, actual =c5
[2535000] SCOREBOARD MATCH: wstrb passthrough beat=8 expected = a6, actual =a6
[2535000] SCOREBOARD MATCH: wstrb passthrough beat=9 expected = 88, actual =88
[2535000] SCOREBOARD MATCH: wstrb passthrough beat=10 expected = 97, actual =97
[2535000] SCOREBOARD MATCH: wstrb passthrough beat=11 expected = b1, actual =b1
[2535000] SCOREBOARD MATCH: wstrb passthrough beat=12 expected = 74, actual =74
[2535000] SCOREBOARD MATCH: wstrb passthrough beat=13 expected = 28, actual =28
[2535000] SCOREBOARD MATCH: wstrb passthrough beat=14 expected = 76, actual =76
[2535000] SCOREBOARD MATCH: wstrb passthrough beat=15 expected = 1a, actual =1a
[2535000] SCOREBOARD MATCH: wstrb passthrough beat=16 expected = b0, actual =b0
[2535000] SCOREBOARD MATCH: wstrb passthrough beat=17 expected = d, actual =d
[2535000] SCOREBOARD MATCH: wstrb passthrough beat=18 expected = cb, actual =cb
[2535000] SCOREBOARD MATCH: wstrb passthrough beat=19 expected = 24, actual =24
[2535000] SCOREBOARD MATCH: wstrb passthrough beat=20 expected = 36, actual =36
[2535000] SCOREBOARD MATCH: wstrb passthrough beat=21 expected = 42, actual =42
[2535000] SCOREBOARD MATCH: wstrb passthrough beat=22 expected = 3f, actual =3f
[2535000] SCOREBOARD MATCH: wstrb passthrough beat=23 expected = e6, actual =e6
[2535000] SCOREBOARD MATCH: wstrb passthrough beat=24 expected = 4f, actual =4f
[2535000] SCOREBOARD MATCH: wstrb passthrough beat=25 expected = a, actual =a
[2535000] SCOREBOARD MATCH: wstrb passthrough beat=26 expected = b, actual =b
[2535000] SCOREBOARD MATCH: wstrb passthrough beat=27 expected = 85, actual =85
[2535000] SCOREBOARD MATCH: wstrb passthrough beat=28 expected = 4c, actual =4c
[2535000] SCOREBOARD MATCH: wstrb passthrough beat=29 expected = 4a, actual =4a
[2535000] SCOREBOARD MATCH: wstrb passthrough beat=30 expected = 6c, actual =6c
[2535000] SCOREBOARD MATCH: wstrb passthrough beat=31 expected = 9c, actual =9c
[2535000] SCOREBOARD MATCH: wstrb passthrough beat=32 expected = 54, actual =54
[2535000] SCOREBOARD MATCH: wstrb passthrough beat=33 expected = 77, actual =77
[2535000] SCOREBOARD MATCH: wstrb passthrough beat=34 expected = 21, actual =21
[2535000] SCOREBOARD MATCH: wstrb passthrough beat=35 expected = a1, actual =a1
[2535000] SCOREBOARD MATCH: wstrb passthrough beat=36 expected = c1, actual =c1
[2535000] SCOREBOARD MATCH: wstrb passthrough beat=37 expected = 8d, actual =8d
[2535000] SCOREBOARD MATCH: wstrb passthrough beat=38 expected = 3d, actual =3d
[2535000] SCOREBOARD MATCH: wstrb passthrough beat=39 expected = 15, actual =15
[2535000] SCOREBOARD MATCH: wstrb passthrough beat=40 expected = 4, actual =4
[2535000] SCOREBOARD MATCH: wstrb passthrough beat=41 expected = 5e, actual =5e
[2535000] SCOREBOARD MATCH: wstrb passthrough beat=42 expected = b6, actual =b6
[2535000] SCOREBOARD MATCH: wstrb passthrough beat=43 expected = c5, actual =c5
[2535000] SCOREBOARD MATCH: wstrb passthrough beat=44 expected = ec, actual =ec
[2535000] SCOREBOARD MATCH: wstrb passthrough beat=45 expected = f3, actual =f3
[2535000] SCOREBOARD MATCH: wstrb passthrough beat=46 expected = db, actual =db
[2535000] SCOREBOARD MATCH: wstrb passthrough beat=47 expected = f0, actual =f0
[2535000] SCOREBOARD MATCH: wstrb passthrough beat=48 expected = 52, actual =52
[2535000] SCOREBOARD MATCH: wstrb passthrough beat=49 expected = 91, actual =91
[2535000] SCOREBOARD MATCH: wstrb passthrough beat=50 expected = b6, actual =b6
[2535000] SCOREBOARD MATCH: wstrb passthrough beat=51 expected = 3e, actual =3e
[2535000] SCOREBOARD MATCH: wstrb passthrough beat=52 expected = 85, actual =85
[2535000] SCOREBOARD MATCH: wstrb passthrough beat=53 expected = 91, actual =91
[2535000] SCOREBOARD MATCH: wstrb passthrough beat=54 expected = 2e, actual =2e
[2535000] SCOREBOARD MATCH: wstrb passthrough beat=55 expected = d7, actual =d7
[2535000] SCOREBOARD MATCH: wstrb passthrough beat=56 expected = 22, actual =22
[2535000] SCOREBOARD MATCH: wstrb passthrough beat=57 expected = e4, actual =e4
[2535000] SCOREBOARD MATCH: wstrb passthrough beat=58 expected = 15, actual =15
[2535000] SCOREBOARD MATCH: wstrb passthrough beat=59 expected = a7, actual =a7
[2535000] SCOREBOARD MATCH: wstrb passthrough beat=60 expected = 75, actual =75
[2535000] SCOREBOARD MATCH: wstrb passthrough beat=61 expected = 43, actual =43
[2535000] SCOREBOARD MATCH: wstrb passthrough beat=62 expected = 7e, actual =7e
[2535000] SCOREBOARD MATCH: wstrb passthrough beat=63 expected = 98, actual =98
[2535000] SCOREBOARD MATCH: wstrb passthrough beat=64 expected = 28, actual =28
[2535000] SCOREBOARD MATCH: wstrb passthrough beat=65 expected = 93, actual =93
[2535000] SCOREBOARD MATCH: wstrb passthrough beat=66 expected = 3f, actual =3f
[2535000] SCOREBOARD MATCH: wstrb passthrough beat=67 expected = 9d, actual =9d
[2535000] SCOREBOARD MATCH: wstrb passthrough beat=68 expected = d7, actual =d7
[2535000] SCOREBOARD MATCH: wstrb passthrough beat=69 expected = be, actual =be
[2535000] SCOREBOARD MATCH: wstrb passthrough beat=70 expected = 35, actual =35
[2535000] SCOREBOARD MATCH: wstrb passthrough beat=71 expected = ff, actual =ff
[2535000] SCOREBOARD MATCH: wstrb passthrough beat=72 expected = 51, actual =51
[2535000] SCOREBOARD MATCH: wstrb passthrough beat=73 expected = 75, actual =75
[2535000] SCOREBOARD MATCH: wstrb passthrough beat=74 expected = 9c, actual =9c
[2535000] SCOREBOARD MATCH: wstrb passthrough beat=75 expected = 28, actual =28
[2535000] SCOREBOARD MATCH: wstrb passthrough beat=76 expected = 33, actual =33
[2535000] SCOREBOARD MATCH: wstrb passthrough beat=77 expected = d2, actual =d2
[2535000] SCOREBOARD MATCH: wstrb passthrough beat=78 expected = 27, actual =27
[2535000] SCOREBOARD MATCH: wstrb passthrough beat=79 expected = 84, actual =84
[2535000] SCOREBOARD MATCH: wstrb passthrough beat=80 expected = 47, actual =47
[2535000] SCOREBOARD MATCH: wstrb passthrough beat=81 expected = c4, actual =c4
[2535000] SCOREBOARD MATCH: wstrb passthrough beat=82 expected = ad, actual =ad
[2535000] SCOREBOARD MATCH: wstrb passthrough beat=83 expected = 7a, actual =7a
[2535000] SCOREBOARD MATCH: wstrb passthrough beat=84 expected = 96, actual =96
[2535000] SCOREBOARD MATCH: wstrb passthrough beat=85 expected = d4, actual =d4
[2535000] SCOREBOARD MATCH: wstrb passthrough beat=86 expected = fe, actual =fe
[2535000] SCOREBOARD MATCH: wstrb passthrough beat=87 expected = dd, actual =dd
[2535000] SCOREBOARD MATCH: wstrb passthrough beat=88 expected = 98, actual =98
[2535000] SCOREBOARD MATCH: wstrb passthrough beat=89 expected = ab, actual =ab
[2535000] SCOREBOARD MATCH: wstrb passthrough beat=90 expected = 57, actual =57
[2535000] SCOREBOARD MATCH: wstrb passthrough beat=91 expected = 2e, actual =2e
[2535000] SCOREBOARD MATCH: wstrb passthrough beat=92 expected = 80, actual =80
[2535000] SCOREBOARD MATCH: wstrb passthrough beat=93 expected = 55, actual =55
[2535000] SCOREBOARD MATCH: wstrb passthrough beat=94 expected = b, actual =b
[2535000] SCOREBOARD MATCH: wstrb passthrough beat=95 expected = 18, actual =18
[2535000] SCOREBOARD MATCH: wstrb passthrough beat=96 expected = 1, actual =1
[2535000] SCOREBOARD MATCH: wstrb passthrough beat=97 expected = 62, actual =62
[2535000] SCOREBOARD MATCH: wstrb passthrough beat=98 expected = 47, actual =47
[2535000] SCOREBOARD MATCH: wstrb passthrough beat=99 expected = 81, actual =81
[2535000] SCOREBOARD MATCH: wstrb passthrough beat=100 expected = b8, actual =b8
[2535000] SCOREBOARD MATCH: wstrb passthrough beat=101 expected = 52, actual =52
[2535000] SCOREBOARD MATCH: wstrb passthrough beat=102 expected = 99, actual =99
[2535000] SCOREBOARD MATCH: wstrb passthrough beat=103 expected = b9, actual =b9
[2535000] SCOREBOARD MATCH: wstrb passthrough beat=104 expected = b5, actual =b5
[2535000] SCOREBOARD MATCH: wstrb passthrough beat=105 expected = e0, actual =e0
[2535000] SCOREBOARD MATCH: wstrb passthrough beat=106 expected = 3a, actual =3a
[2535000] SCOREBOARD MATCH: wstrb passthrough beat=107 expected = 6d, actual =6d
[2535000] SCOREBOARD MATCH: wstrb passthrough beat=108 expected = 33, actual =33
[2535000] SCOREBOARD MATCH: wstrb passthrough beat=109 expected = d3, actual =d3
[2535000] SCOREBOARD MATCH: wstrb passthrough beat=110 expected = 26, actual =26
[2535000] SCOREBOARD MATCH: wstrb passthrough beat=111 expected = e8, actual =e8
[2535000] SCOREBOARD MATCH: wstrb passthrough beat=112 expected = b4, actual =b4
[2535000] SCOREBOARD MATCH: wstrb passthrough beat=113 expected = 60, actual =60
[2535000] SCOREBOARD MATCH: wstrb passthrough beat=114 expected = 55, actual =55
[2535000] SCOREBOARD MATCH: wstrb passthrough beat=115 expected = e7, actual =e7
[2535000] SCOREBOARD MATCH: wstrb passthrough beat=116 expected = 33, actual =33
[2535000] SCOREBOARD MATCH: wstrb passthrough beat=117 expected = 7b, actual =7b
[2535000] SCOREBOARD MATCH: wstrb passthrough beat=118 expected = cf, actual =cf
[2535000] SCOREBOARD MATCH: wstrb passthrough beat=119 expected = e7, actual =e7
[2535000] SCOREBOARD MATCH: wstrb passthrough beat=120 expected = db, actual =db
[2535000] SCOREBOARD MATCH: wstrb passthrough beat=121 expected = 24, actual =24
[2535000] SCOREBOARD MATCH: wstrb passthrough beat=122 expected = ce, actual =ce
[2535000] SCOREBOARD MATCH: wstrb passthrough beat=123 expected = e, actual =e
[2535000] SCOREBOARD MATCH: wstrb passthrough beat=124 expected = 9f, actual =9f
[2535000] SCOREBOARD MATCH: wstrb passthrough beat=125 expected = 9d, actual =9d
[2535000] SCOREBOARD MATCH: wstrb passthrough beat=126 expected = f6, actual =f6
[2535000] SCOREBOARD MATCH: wstrb passthrough beat=127 expected = 7a, actual =7a
[2535000] SCOREBOARD MATCH: wstrb passthrough beat=128 expected = c1, actual =c1
[2535000] SCOREBOARD MATCH: wstrb passthrough beat=129 expected = c4, actual =c4
[2535000] SCOREBOARD MATCH: wstrb passthrough beat=130 expected = 88, actual =88
[2535000] SCOREBOARD MATCH: wstrb passthrough beat=131 expected = 60, actual =60
[2535000] SCOREBOARD MATCH: wstrb passthrough beat=132 expected = 62, actual =62
[2535000] SCOREBOARD MATCH: wstrb passthrough beat=133 expected = 7e, actual =7e
[2535000] SCOREBOARD MATCH: wstrb passthrough beat=134 expected = da, actual =da
[2535000] SCOREBOARD MATCH: wstrb passthrough beat=135 expected = 23, actual =23
[2535000] SCOREBOARD MATCH: wstrb passthrough beat=136 expected = 43, actual =43
[2535000] SCOREBOARD MATCH: wstrb passthrough beat=137 expected = 63, actual =63
[2535000] SCOREBOARD MATCH: wstrb passthrough beat=138 expected = 84, actual =84
[2535000] SCOREBOARD MATCH: wstrb passthrough beat=139 expected = a5, actual =a5
[2535000] SCOREBOARD MATCH: wstrb passthrough beat=140 expected = e1, actual =e1
[2535000] SCOREBOARD MATCH: wstrb passthrough beat=141 expected = 5e, actual =5e
[2535000] SCOREBOARD MATCH: wstrb passthrough beat=142 expected = c8, actual =c8
[2535000] SCOREBOARD MATCH: wstrb passthrough beat=143 expected = 24, actual =24
[2535000] SCOREBOARD MATCH: wstrb passthrough beat=144 expected = c1, actual =c1
[2535000] SCOREBOARD MATCH: wstrb passthrough beat=145 expected = 4c, actual =4c
[2535000] SCOREBOARD MATCH: wstrb passthrough beat=146 expected = c9, actual =c9
[2535000] SCOREBOARD MATCH: wstrb passthrough beat=147 expected = a3, actual =a3
[2535000] SCOREBOARD MATCH: wstrb passthrough beat=148 expected = ab, actual =ab
[2535000] SCOREBOARD MATCH: wstrb passthrough beat=149 expected = 92, actual =92
[2535000] SCOREBOARD MATCH: wstrb passthrough beat=150 expected = c7, actual =c7
[2535000] SCOREBOARD MATCH: wstrb passthrough beat=151 expected = 6c, actual =6c
[2535000] SCOREBOARD MATCH: wstrb passthrough beat=152 expected = de, actual =de
[2535000] SCOREBOARD MATCH: wstrb passthrough beat=153 expected = 91, actual =91
[2535000] SCOREBOARD MATCH: wstrb passthrough beat=154 expected = f, actual =f
[2535000] SCOREBOARD MATCH: wstrb passthrough beat=155 expected = 89, actual =89
[2535000] SCOREBOARD MATCH: wstrb passthrough beat=156 expected = 23, actual =23
[2535000] SCOREBOARD MATCH: wstrb passthrough beat=157 expected = d7, actual =d7
[2535000] SCOREBOARD MATCH: wstrb passthrough beat=158 expected = f6, actual =f6
[2535000] SCOREBOARD MATCH: wstrb passthrough beat=159 expected = 1, actual =1
[2535000] SCOREBOARD MATCH: wstrb passthrough beat=160 expected = 68, actual =68
[2535000] SCOREBOARD MATCH: wstrb passthrough beat=161 expected = 5, actual =5
[2535000] SCOREBOARD MATCH: wstrb passthrough beat=162 expected = 8b, actual =8b
[2535000] SCOREBOARD MATCH: wstrb passthrough beat=163 expected = 8b, actual =8b
[2535000] SCOREBOARD MATCH: wstrb passthrough beat=164 expected = dc, actual =dc
[2535000] SCOREBOARD MATCH: wstrb passthrough beat=165 expected = 81, actual =81
[2535000] SCOREBOARD MATCH: wstrb passthrough beat=166 expected = 8c, actual =8c
[2535000] SCOREBOARD MATCH: wstrb passthrough beat=167 expected = 44, actual =44
[2535000] SCOREBOARD MATCH: wstrb passthrough beat=168 expected = 86, actual =86
[2535000] SCOREBOARD MATCH: wstrb passthrough beat=169 expected = 17, actual =17
[2535000] SCOREBOARD MATCH: wstrb passthrough beat=170 expected = cf, actual =cf
[2535000] SCOREBOARD MATCH: wstrb passthrough beat=171 expected = 63, actual =63
[2535000] SCOREBOARD MATCH: wstrb passthrough beat=172 expected = 98, actual =98
[2535000] SCOREBOARD MATCH: wstrb passthrough beat=173 expected = 5c, actual =5c
[2535000] SCOREBOARD MATCH: wstrb passthrough beat=174 expected = a7, actual =a7
[2535000] SCOREBOARD MATCH: wstrb passthrough beat=175 expected = 1f, actual =1f
[2535000] SCOREBOARD MATCH: wstrb passthrough beat=176 expected = 73, actual =73
[2535000] SCOREBOARD MATCH: wstrb passthrough beat=177 expected = 77, actual =77
[2535000] SCOREBOARD MATCH: wstrb passthrough beat=178 expected = 82, actual =82
[2535000] SCOREBOARD MATCH: wstrb passthrough beat=179 expected = c, actual =c
[2535000] SCOREBOARD MATCH: wstrb passthrough beat=180 expected = d3, actual =d3
[2535000] SCOREBOARD MATCH: wstrb passthrough beat=181 expected = 29, actual =29
[2535000] SCOREBOARD MATCH: wstrb passthrough beat=182 expected = 2b, actual =2b
[2535000] SCOREBOARD MATCH: wstrb passthrough beat=183 expected = 46, actual =46
[2535000] SCOREBOARD MATCH: wstrb passthrough beat=184 expected = a0, actual =a0
[2535000] SCOREBOARD MATCH: wstrb passthrough beat=185 expected = ad, actual =ad
[2535000] SCOREBOARD MATCH: wstrb passthrough beat=186 expected = 52, actual =52
[2535000] SCOREBOARD MATCH: wstrb passthrough beat=187 expected = 73, actual =73
[2535000] SCOREBOARD MATCH: wstrb passthrough beat=188 expected = d6, actual =d6
[2535000] SCOREBOARD MATCH: wstrb passthrough beat=189 expected = 7d, actual =7d
[2535000] SCOREBOARD MATCH: wstrb passthrough beat=190 expected = ba, actual =ba
[2535000] SCOREBOARD MATCH: wstrb passthrough beat=191 expected = 77, actual =77
[2535000] SCOREBOARD MATCH: wstrb passthrough beat=192 expected = 2a, actual =2a
[2535000] SCOREBOARD MATCH: wstrb passthrough beat=193 expected = c, actual =c
[2535000] SCOREBOARD MATCH: wstrb passthrough beat=194 expected = ea, actual =ea
[2535000] SCOREBOARD MATCH: wstrb passthrough beat=195 expected = 1, actual =1
[2535000] SCOREBOARD MATCH: wstrb passthrough beat=196 expected = 8a, actual =8a
[2535000] SCOREBOARD MATCH: wstrb passthrough beat=197 expected = a4, actual =a4
[2535000] SCOREBOARD MATCH: wstrb passthrough beat=198 expected = 78, actual =78
[2535000] SCOREBOARD MATCH: wstrb passthrough beat=199 expected = b4, actual =b4
[2535000] SCOREBOARD MATCH: wstrb passthrough beat=200 expected = b1, actual =b1
[2535000] SCOREBOARD MATCH: wstrb passthrough beat=201 expected = 62, actual =62
[2535000] SCOREBOARD MATCH: wstrb passthrough beat=202 expected = b5, actual =b5
[2535000] SCOREBOARD MATCH: wstrb passthrough beat=203 expected = 3b, actual =3b
[2535000] SCOREBOARD MATCH: wstrb passthrough beat=204 expected = 7, actual =7
[2535000] SCOREBOARD MATCH: wstrb passthrough beat=205 expected = 2d, actual =2d
[2535000] SCOREBOARD MATCH: wstrb passthrough beat=206 expected = ef, actual =ef
[2535000] SCOREBOARD MATCH: wstrb passthrough beat=207 expected = b8, actual =b8
[2535000] SCOREBOARD MATCH: wstrb passthrough beat=208 expected = 90, actual =90
[2535000] SCOREBOARD MATCH: wstrb passthrough beat=209 expected = a5, actual =a5
[2535000] SCOREBOARD MATCH: wstrb passthrough beat=210 expected = f3, actual =f3
[2535000] SCOREBOARD MATCH: wstrb passthrough beat=211 expected = 97, actual =97
[2535000] SCOREBOARD MATCH: wstrb passthrough beat=212 expected = d2, actual =d2
[2535000] SCOREBOARD MATCH: wstrb passthrough beat=213 expected = e2, actual =e2
[2535000] SCOREBOARD MATCH: wstrb passthrough beat=214 expected = 4f, actual =4f
[2535000] SCOREBOARD MATCH: wstrb passthrough beat=215 expected = 62, actual =62
[2535000] SCOREBOARD MATCH: wstrb passthrough beat=216 expected = 87, actual =87
[2535000] SCOREBOARD MATCH: wstrb passthrough beat=217 expected = 42, actual =42
[2535000] SCOREBOARD MATCH: wstrb passthrough beat=218 expected = f9, actual =f9
[2535000] SCOREBOARD MATCH: wstrb passthrough beat=219 expected = 5a, actual =5a
[2535000] SCOREBOARD MATCH: wstrb passthrough beat=220 expected = 24, actual =24
[2535000] SCOREBOARD MATCH: wstrb passthrough beat=221 expected = 48, actual =48
[2535000] SCOREBOARD MATCH: wstrb passthrough beat=222 expected = bc, actual =bc
[2535000] SCOREBOARD MATCH: wstrb passthrough beat=223 expected = ac, actual =ac
[2535000] SCOREBOARD MATCH: wstrb passthrough beat=224 expected = 8a, actual =8a
[2535000] SCOREBOARD MATCH: wstrb passthrough beat=225 expected = b6, actual =b6
[2535000] SCOREBOARD MATCH: wstrb passthrough beat=226 expected = 6, actual =6
[2535000] SCOREBOARD MATCH: wstrb passthrough beat=227 expected = af, actual =af
[2535000] SCOREBOARD MATCH: wstrb passthrough beat=228 expected = fe, actual =fe
[2535000] SCOREBOARD MATCH: wstrb passthrough beat=229 expected = c2, actual =c2
[2535000] SCOREBOARD MATCH: wstrb passthrough beat=230 expected = 5b, actual =5b
[2535000] SCOREBOARD MATCH: wstrb passthrough beat=231 expected = 89, actual =89
[2535000] SCOREBOARD MATCH: wstrb passthrough beat=232 expected = 78, actual =78
[2535000] SCOREBOARD MATCH: wstrb passthrough beat=233 expected = 61, actual =61
[2535000] SCOREBOARD MATCH: wstrb passthrough beat=234 expected = 38, actual =38
[2535000] SCOREBOARD MATCH: wstrb passthrough beat=235 expected = 77, actual =77
[2535000] SCOREBOARD MATCH: wstrb passthrough beat=236 expected = 23, actual =23
[2535000] SCOREBOARD MATCH: wstrb passthrough beat=237 expected = 93, actual =93
[2535000] SCOREBOARD MATCH: wstrb passthrough beat=238 expected = 0, actual =0
[2535000] SCOREBOARD MATCH: wstrb passthrough beat=239 expected = 9c, actual =9c
[2535000] SCOREBOARD MATCH: wstrb passthrough beat=240 expected = f4, actual =f4
[2535000] SCOREBOARD MATCH: wstrb passthrough beat=241 expected = 38, actual =38
[2535000] SCOREBOARD MATCH: wstrb passthrough beat=242 expected = 13, actual =13
[2535000] SCOREBOARD MATCH: wstrb passthrough beat=243 expected = 17, actual =17
[2535000] SCOREBOARD MATCH: wstrb passthrough beat=244 expected = cb, actual =cb
[2535000] SCOREBOARD MATCH: bresp passthrough expected = 0, actual =0
[2535000] SCOREBOARD MATCH: response routed to correct master (write) expected = 1, actual =1
[2535000] [SCOREBOARD-M] mst_id=1 s_id=1 awaddr=15413e20 awid=11 awlen=244 awsize=1 awburst=1 wdata=[8a446d50c7f4dfc3 3acdcd9ed580739a a5a7388ec710e41b 8f05c3def967c8f7 cee83c912feba5df f6fc89fac9d3917c c33b5a74f48f7520 247b1aff86024dd8 cfd5df5592239705 86b30c251b77a4f9 a179f2d1131139c9 a534d0ceab2e2724 c6a5cc1df14fd226 84610bef2be7dcf4 d7160418e81fbeef d96f91152995dcbe d57db9b21dbbd036 5db8f25ddd09d05 76679c3ac93bdca ca4f8e00df4b203a bd1bbd3fdce43375 8977f13fd02b1d25 2f763d60c4823702 a1666a77d3c77f40 a3f29c65ec91fa9f 311431a22ade5bb7 fea5daf7d368d9c5 3ffad465d27a9c19 fd58f7d0a298775c f6015122f10f0607 c389a220fbfed2c7 1e974a2435fc2587 270b2b8ec0e299f1 bce16cb814989b46 ca94c0cdea94cdae ab77679fdb78b6dc f0115222f19fec5b dc34ba09e858d458 c3d18b34baa612ef ac45ff4a07ac21a9 f004f60133e2dd57 ee88f046087ab954 1026dafdb3d68135 e7b95e8c1aceef91 2349a8e5002bd0fe b4025233d6424ed3 f1113e64337083e2 339c54e01bbbb0c0 f1fdff93145ae749 c7cb6b2be79ea713 835a57d3e30f3df7 f76a2540fb67c00b e306671ef5585766 d867955d3f35906b 3a9d5076e660bef2 dbb91658cfd1ba9d 8f074b089da3b794 840476863420abb6 83f26653c9a49b7e e7485313dfbd8cdf 13de389512f9b15c dc9e4cdaeb4cc999 cb0a567897d09ee8 aaca5044c3e69fed 2f336987dee88f0d f6b92df607689d1f cb4f3d0cfa3dbfff d9264f0da1837e3a a8ec1b59fa82a693 f4c06693cfdf7d03 f162fb3df43b5866 eebdfef9cde6b5a0 1dc632a31a4f1697 e8a6efde37e658c b1651b2c8f292de0 a9784477fd486df6 e0c6d383cf2b4dcf de547bb0b802b374 354b216b922beeaf e1573c7f87ccc027 3fcf739c1611f4ee a83de39d3fabb82f c7787856f51a9507 b2c89f58995201c c940d84b8747ebf2 fc6280f9b36a6d92 3cff8daf10b950a2 98013c94878f0aee 3af97881864065fa 96f9b69c1463bd8e 9bf2c87cf7f90630 fe396c2a2efaf331 c35eb0bfd6ec40fd cee5472d153322c7 c42e15f8df51793b 363dba39cd1eb358 e251d61f078cc6b7 e6de3ff285230166 d241b4be267fec17 2e0cb2ce9d1bfa2b 223efb92b4938add db1376f494eaf2c0 3206ececf480b050 29143b2e892029c2 1e0b1c83d445e87e c8c698ce8427b222 d47dbe5d012096f 2457f1edf1dad3fc f602861f2b52f868 fb6501d7ed1e8abb def95eb8034a6204 2e9d5a6c1fbcf3c4 8cdb7e7fd4fbe4d7 d84646db2a025c43 c9bf5007ebd4dd37 c0d0c20e06e3a147 30e5fd8ad69ace86 c26fabbe991708e9 9ffaaa30faa54d91 d1401c1783406dcc 1c5776b6d0e0a7ba cb85f54b93afc7d5 16f035a2bc5220e6 d32c8a11cc61163 b075d9383347ac58 ef99cd3ed8b8bdec f57ecf4fc7660eda faadbb32fccc95df d58553cc25f4a888 ed5ab762ea478871 e7141e50cb04231b f0f8cba3e8087295 d24ffb06bc99721c 79d9538de538306 c65bf59bb9641956 f5fd8b73f89660db d6e9e3e118abf0a1 d21009f7fd9b20ab f63181869d45d97c b5f1ca1dc80d956a c5a8b615cd1b6568 ea613ee40801d415 d00f697f3bda379c 8f59d0420530902 2854dd1715b81f95 d1925731f356dbe8 93a9e4eaf8644696 8e1c662bda87f435 cdded01dbbfec201 34630898dfaebd5c ba36b191e188b508 9d877709c27f6ec3 222e2c20081581af e99e36b7d1ea7fa1 1469ee65dc64ddb1 e47a5f608725adc0 d9102d6236981a85 92fcf836ce189617 d53e43d8ed7a1bc7 2412364cf7775797 c58fedae2e4e713a 1bc88d01b70f2e82 ae8686199ace3186 c91ca2c03fdac34d f6e9f1cff41673c8 8ee4a54ee4e52fc1 a4bff30e257077e9 1986ebb1d801480f bce677d01ba9e4de c11a5cc7a86b90ff 806cd90ee1a66adf fd504fbddaa14878 830cd9773d5350df 1ef9bbbe3e6aac84 190bf4fc0379b286 c0cd03651c4a0b7b dab4b7ff9c18ce73 9f9280f9dfc6bf23 fc10ca9ef3c0acfb 8fd97b6ee05f845e c0264381d6c5829d ca862f982f6bfc68 8fcb80c6bc370e1f 92fc90bcda5fab06 89cba76ecff1c448 8c28d267dd82c054 37e26b5b19972835 e988ec7d1f256324 fca82378c1ae12c9 db453afef5b1bee4 94d72208b48a8ed3 f638a19dc4ce277b 3a7fe660117f4581 c609d454d17ddc9b 164c0417cf570868 e0d64de9bc4275f1 dc0528dd0cbea77 a022f2df26e0223e e322982f240c56a4 f4d8411b00f940c9 27d96307f0e2eabc 94ef416094fb33fa 95f474c38afbfb36 fbdee5f389c7827b 1ec2b676bdcdd7ca c8c9d30190ce2753 1a95a9cfb4b72b39 f2850304c4a8b8f4 d576e04739586045 ee0f8b7e3b4ed605 fff78ef9f00c8a16 a964ea5be0948e82 9be36487d56e6f40 c57af957177475da f809045c9bdaf380 f14962c1eedfe3b2 8654598c13ec68e4 afc75c6436c45c18 a5a43fcafe5d5de9 1249c6cda110bf25 d7d51b3d2bf89957 2a55f740c2112331 e321e257fd795b08 2971f45f3c9fbe0d feb0e13ebaf6fd94 b870589cd3c7eb9f 1067a9ace1d2c395 1cc9c12ae1e24cfb b5aa389a8f188aea f0eb4e80d53a19c6 371c66c2c611e246 d52a6d310db50faa e2ef2970ecc69f5c 32d881a3c615bbb1 d3cacb5b9a0b9032 6d22f8f0802eed4 ce18aa85b6b9f4cb d0c584fe39aab132 c1ada00621e375e0 d89d6aabd797b48d 114265bf0fc64a8b 31a9c06ba962efa9 80faa436d2f005c5 e2b650508a472b16 33aa1ac0923d09f5 ] wstrb=[bb ba f6 d1 a ec 91 c5 a6 88 97 b1 74 28 76 1a b0 d cb 24 36 42 3f e6 4f a b 85 4c 4a 6c 9c 54 77 21 a1 c1 8d 3d 15 4 5e b6 c5 ec f3 db f0 52 91 b6 3e 85 91 2e d7 22 e4 15 a7 75 43 7e 98 28 93 3f 9d d7 be 35 ff 51 75 9c 28 33 d2 27 84 47 c4 ad 7a 96 d4 fe dd 98 ab 57 2e 80 55 b 18 1 62 47 81 b8 52 99 b9 b5 e0 3a 6d 33 d3 26 e8 b4 60 55 e7 33 7b cf e7 db 24 ce e 9f 9d f6 7a c1 c4 88 60 62 7e da 23 43 63 84 a5 e1 5e c8 24 c1 4c c9 a3 ab 92 c7 6c de 91 f 89 23 d7 f6 1 68 5 8b 8b dc 81 8c 44 86 17 cf 63 98 5c a7 1f 73 77 82 c d3 29 2b 46 a0 ad 52 73 d6 7d ba 77 2a c ea 1 8a a4 78 b4 b1 62 b5 3b 7 2d ef b8 90 a5 f3 97 d2 e2 4f 62 87 42 f9 5a 24 48 bc ac 8a b6 6 af fe c2 5b 89 78 61 38 77 23 93 0 9c f4 38 13 17 cb ] bresp=0 bid=11
[2535000] [SCOREBOARD-S] mst_id=1 s_id=1 awaddr=15413e20 awid=11 awlen=244 awsize=1 awburst=1 wdata=[8a446d50c7f4dfc3 3acdcd9ed580739a a5a7388ec710e41b 8f05c3def967c8f7 cee83c912feba5df f6fc89fac9d3917c c33b5a74f48f7520 247b1aff86024dd8 cfd5df5592239705 86b30c251b77a4f9 a179f2d1131139c9 a534d0ceab2e2724 c6a5cc1df14fd226 84610bef2be7dcf4 d7160418e81fbeef d96f91152995dcbe d57db9b21dbbd036 5db8f25ddd09d05 76679c3ac93bdca ca4f8e00df4b203a bd1bbd3fdce43375 8977f13fd02b1d25 2f763d60c4823702 a1666a77d3c77f40 a3f29c65ec91fa9f 311431a22ade5bb7 fea5daf7d368d9c5 3ffad465d27a9c19 fd58f7d0a298775c f6015122f10f0607 c389a220fbfed2c7 1e974a2435fc2587 270b2b8ec0e299f1 bce16cb814989b46 ca94c0cdea94cdae ab77679fdb78b6dc f0115222f19fec5b dc34ba09e858d458 c3d18b34baa612ef ac45ff4a07ac21a9 f004f60133e2dd57 ee88f046087ab954 1026dafdb3d68135 e7b95e8c1aceef91 2349a8e5002bd0fe b4025233d6424ed3 f1113e64337083e2 339c54e01bbbb0c0 f1fdff93145ae749 c7cb6b2be79ea713 835a57d3e30f3df7 f76a2540fb67c00b e306671ef5585766 d867955d3f35906b 3a9d5076e660bef2 dbb91658cfd1ba9d 8f074b089da3b794 840476863420abb6 83f26653c9a49b7e e7485313dfbd8cdf 13de389512f9b15c dc9e4cdaeb4cc999 cb0a567897d09ee8 aaca5044c3e69fed 2f336987dee88f0d f6b92df607689d1f cb4f3d0cfa3dbfff d9264f0da1837e3a a8ec1b59fa82a693 f4c06693cfdf7d03 f162fb3df43b5866 eebdfef9cde6b5a0 1dc632a31a4f1697 e8a6efde37e658c b1651b2c8f292de0 a9784477fd486df6 e0c6d383cf2b4dcf de547bb0b802b374 354b216b922beeaf e1573c7f87ccc027 3fcf739c1611f4ee a83de39d3fabb82f c7787856f51a9507 b2c89f58995201c c940d84b8747ebf2 fc6280f9b36a6d92 3cff8daf10b950a2 98013c94878f0aee 3af97881864065fa 96f9b69c1463bd8e 9bf2c87cf7f90630 fe396c2a2efaf331 c35eb0bfd6ec40fd cee5472d153322c7 c42e15f8df51793b 363dba39cd1eb358 e251d61f078cc6b7 e6de3ff285230166 d241b4be267fec17 2e0cb2ce9d1bfa2b 223efb92b4938add db1376f494eaf2c0 3206ececf480b050 29143b2e892029c2 1e0b1c83d445e87e c8c698ce8427b222 d47dbe5d012096f 2457f1edf1dad3fc f602861f2b52f868 fb6501d7ed1e8abb def95eb8034a6204 2e9d5a6c1fbcf3c4 8cdb7e7fd4fbe4d7 d84646db2a025c43 c9bf5007ebd4dd37 c0d0c20e06e3a147 30e5fd8ad69ace86 c26fabbe991708e9 9ffaaa30faa54d91 d1401c1783406dcc 1c5776b6d0e0a7ba cb85f54b93afc7d5 16f035a2bc5220e6 d32c8a11cc61163 b075d9383347ac58 ef99cd3ed8b8bdec f57ecf4fc7660eda faadbb32fccc95df d58553cc25f4a888 ed5ab762ea478871 e7141e50cb04231b f0f8cba3e8087295 d24ffb06bc99721c 79d9538de538306 c65bf59bb9641956 f5fd8b73f89660db d6e9e3e118abf0a1 d21009f7fd9b20ab f63181869d45d97c b5f1ca1dc80d956a c5a8b615cd1b6568 ea613ee40801d415 d00f697f3bda379c 8f59d0420530902 2854dd1715b81f95 d1925731f356dbe8 93a9e4eaf8644696 8e1c662bda87f435 cdded01dbbfec201 34630898dfaebd5c ba36b191e188b508 9d877709c27f6ec3 222e2c20081581af e99e36b7d1ea7fa1 1469ee65dc64ddb1 e47a5f608725adc0 d9102d6236981a85 92fcf836ce189617 d53e43d8ed7a1bc7 2412364cf7775797 c58fedae2e4e713a 1bc88d01b70f2e82 ae8686199ace3186 c91ca2c03fdac34d f6e9f1cff41673c8 8ee4a54ee4e52fc1 a4bff30e257077e9 1986ebb1d801480f bce677d01ba9e4de c11a5cc7a86b90ff 806cd90ee1a66adf fd504fbddaa14878 830cd9773d5350df 1ef9bbbe3e6aac84 190bf4fc0379b286 c0cd03651c4a0b7b dab4b7ff9c18ce73 9f9280f9dfc6bf23 fc10ca9ef3c0acfb 8fd97b6ee05f845e c0264381d6c5829d ca862f982f6bfc68 8fcb80c6bc370e1f 92fc90bcda5fab06 89cba76ecff1c448 8c28d267dd82c054 37e26b5b19972835 e988ec7d1f256324 fca82378c1ae12c9 db453afef5b1bee4 94d72208b48a8ed3 f638a19dc4ce277b 3a7fe660117f4581 c609d454d17ddc9b 164c0417cf570868 e0d64de9bc4275f1 dc0528dd0cbea77 a022f2df26e0223e e322982f240c56a4 f4d8411b00f940c9 27d96307f0e2eabc 94ef416094fb33fa 95f474c38afbfb36 fbdee5f389c7827b 1ec2b676bdcdd7ca c8c9d30190ce2753 1a95a9cfb4b72b39 f2850304c4a8b8f4 d576e04739586045 ee0f8b7e3b4ed605 fff78ef9f00c8a16 a964ea5be0948e82 9be36487d56e6f40 c57af957177475da f809045c9bdaf380 f14962c1eedfe3b2 8654598c13ec68e4 afc75c6436c45c18 a5a43fcafe5d5de9 1249c6cda110bf25 d7d51b3d2bf89957 2a55f740c2112331 e321e257fd795b08 2971f45f3c9fbe0d feb0e13ebaf6fd94 b870589cd3c7eb9f 1067a9ace1d2c395 1cc9c12ae1e24cfb b5aa389a8f188aea f0eb4e80d53a19c6 371c66c2c611e246 d52a6d310db50faa e2ef2970ecc69f5c 32d881a3c615bbb1 d3cacb5b9a0b9032 6d22f8f0802eed4 ce18aa85b6b9f4cb d0c584fe39aab132 c1ada00621e375e0 d89d6aabd797b48d 114265bf0fc64a8b 31a9c06ba962efa9 80faa436d2f005c5 e2b650508a472b16 33aa1ac0923d09f5 ] wstrb=[bb ba f6 d1 a ec 91 c5 a6 88 97 b1 74 28 76 1a b0 d cb 24 36 42 3f e6 4f a b 85 4c 4a 6c 9c 54 77 21 a1 c1 8d 3d 15 4 5e b6 c5 ec f3 db f0 52 91 b6 3e 85 91 2e d7 22 e4 15 a7 75 43 7e 98 28 93 3f 9d d7 be 35 ff 51 75 9c 28 33 d2 27 84 47 c4 ad 7a 96 d4 fe dd 98 ab 57 2e 80 55 b 18 1 62 47 81 b8 52 99 b9 b5 e0 3a 6d 33 d3 26 e8 b4 60 55 e7 33 7b cf e7 db 24 ce e 9f 9d f6 7a c1 c4 88 60 62 7e da 23 43 63 84 a5 e1 5e c8 24 c1 4c c9 a3 ab 92 c7 6c de 91 f 89 23 d7 f6 1 68 5 8b 8b dc 81 8c 44 86 17 cf 63 98 5c a7 1f 73 77 82 c d3 29 2b 46 a0 ad 52 73 d6 7d ba 77 2a c ea 1 8a a4 78 b4 b1 62 b5 3b 7 2d ef b8 90 a5 f3 97 d2 e2 4f 62 87 42 f9 5a 24 48 bc ac 8a b6 6 af fe c2 5b 89 78 61 38 77 23 93 0 9c f4 38 13 17 cb ] bresp=0 bid=10011
[2535000] SCOREBOARD: Transaction 3 received. pass=528 fail=0
[2535000] ALL PASS. Total transactions: 3
[2545000] MASTER 0 W_VALID_RDY Handshake beat=8 wlast=0
[2545000] S1 MEMORY WRITE beat=1 addr=13708532 data=e5b4a63cf80bba23 id=0c
[2555000] S1 MEMORY WRITE beat=2 addr=13708534 data=f5452f60d54b9431 id=0c
[2555000] MASTER 0 W_VALID_RDY Handshake beat=9 wlast=0
[2565000] MASTER 0 W_VALID_RDY Handshake beat=10 wlast=0
[2565000] S1 MEMORY WRITE beat=3 addr=13708536 data=d2dab1cf37524fb9 id=0c
[2575000] S1 MEMORY WRITE beat=4 addr=13708538 data=2f5e09dc97efe9a6 id=0c
[2575000] MASTER 0 W_VALID_RDY Handshake beat=11 wlast=0
[2585000] MASTER 0 W_VALID_RDY Handshake beat=12 wlast=0
[2585000] S1 MEMORY WRITE beat=5 addr=1370853a data=ed3b7dd7388f580c id=0c
[2595000] S1 MEMORY WRITE beat=6 addr=1370853c data=efe1a7c524a3393c id=0c
[2595000] MASTER 0 W_VALID_RDY Handshake beat=13 wlast=0
[2605000] MASTER 0 W_VALID_RDY Handshake beat=14 wlast=0
[2605000] S1 MEMORY WRITE beat=7 addr=1370853e data=bc9322e2c0162fa7 id=0c
[2615000] S1 MEMORY WRITE beat=8 addr=13708540 data=f8a587b31f3fb1a1 id=0c
[2615000] MASTER 0 W_VALID_RDY Handshake beat=15 wlast=0
[2625000] MASTER 0 W_VALID_RDY Handshake beat=16 wlast=0
[2625000] S1 MEMORY WRITE beat=9 addr=13708542 data=c3e2eadd29cea0ba id=0c
[2635000] S1 MEMORY WRITE beat=10 addr=13708544 data=e9e4d061e8872f78 id=0c
[2635000] MASTER 0 W_VALID_RDY Handshake beat=17 wlast=0
[2645000] MASTER 0 W_VALID_RDY Handshake beat=18 wlast=0
[2645000] S1 MEMORY WRITE beat=11 addr=13708546 data=07c6e11980760dbf id=0c
[2655000] S1 MEMORY WRITE beat=12 addr=13708548 data=aa44ae79e28a5814 id=0c
[2655000] MASTER 0 W_VALID_RDY Handshake beat=19 wlast=0
[2665000] MASTER 0 W_VALID_RDY Handshake beat=20 wlast=0
[2665000] S1 MEMORY WRITE beat=13 addr=1370854a data=cb11878ccba9cbf6 id=0c
[2675000] S1 MEMORY WRITE beat=14 addr=1370854c data=cc1fd9b594297eda id=0c
[2675000] MASTER 0 W_VALID_RDY Handshake beat=21 wlast=0
[2685000] MASTER 0 W_VALID_RDY Handshake beat=22 wlast=0
[2685000] S1 MEMORY WRITE beat=15 addr=1370854e data=f6b3d6eed2d868a5 id=0c
[2695000] S1 MEMORY WRITE beat=16 addr=13708550 data=1e82349bf664882f id=0c
[2695000] MASTER 0 W_VALID_RDY Handshake beat=23 wlast=0
[2705000] MASTER 0 W_VALID_RDY Handshake beat=24 wlast=0
[2705000] S1 MEMORY WRITE beat=17 addr=13708552 data=8a8e0709c1c55e7a id=0c
[2715000] S1 MEMORY WRITE beat=18 addr=13708554 data=949dc71feaa20e50 id=0c
[2715000] MASTER 0 W_VALID_RDY Handshake beat=25 wlast=0
[2725000] MASTER 0 W_VALID_RDY Handshake beat=26 wlast=0
[2725000] S1 MEMORY WRITE beat=19 addr=13708556 data=e106967f0141ddf8 id=0c
[2735000] S1 MEMORY WRITE beat=20 addr=13708558 data=c3073c72b31ffbba id=0c
[2735000] MASTER 0 W_VALID_RDY Handshake beat=27 wlast=0
[2745000] MASTER 0 W_VALID_RDY Handshake beat=28 wlast=0
[2745000] S1 MEMORY WRITE beat=21 addr=1370855a data=1dc20a0beb949d89 id=0c
[2755000] S1 MEMORY WRITE beat=22 addr=1370855c data=ecd67b81d7a50392 id=0c
[2755000] MASTER 0 W_VALID_RDY Handshake beat=29 wlast=0
[2765000] MASTER 0 W_VALID_RDY Handshake beat=30 wlast=0
[2765000] S1 MEMORY WRITE beat=23 addr=1370855e data=8ac4ff4cfec8a08a id=0c
[2775000] S1 MEMORY WRITE beat=24 addr=13708560 data=ea5d3e13afddb7f3 id=0c
[2775000] MASTER 0 W_VALID_RDY Handshake beat=31 wlast=0
[2785000] MASTER 0 W_VALID_RDY Handshake beat=32 wlast=0
[2785000] S1 MEMORY WRITE beat=25 addr=13708562 data=8782bb85a8870957 id=0c
[2795000] S1 MEMORY WRITE beat=26 addr=13708564 data=274fa9e2d733b994 id=0c
[2795000] MASTER 0 W_VALID_RDY Handshake beat=33 wlast=0
[2805000] MASTER 0 W_VALID_RDY Handshake beat=34 wlast=0
[2805000] S1 MEMORY WRITE beat=27 addr=13708566 data=071171881247bad2 id=0c
[2815000] S1 MEMORY WRITE beat=28 addr=13708568 data=bacec42991ace7f5 id=0c
[2815000] MASTER 0 W_VALID_RDY Handshake beat=35 wlast=0
[2825000] MASTER 0 W_VALID_RDY Handshake beat=36 wlast=0
[2825000] S1 MEMORY WRITE beat=29 addr=1370856a data=e8e0a18a8e942d0d id=0c
[2835000] S1 MEMORY WRITE beat=30 addr=1370856c data=a0dbe7dfe21e6e0b id=0c
[2835000] MASTER 0 W_VALID_RDY Handshake beat=37 wlast=0
[2845000] MASTER 0 W_VALID_RDY Handshake beat=38 wlast=0
[2845000] S1 MEMORY WRITE beat=31 addr=1370856e data=f3cb5601eff21312 id=0c
[2855000] S1 MEMORY WRITE beat=32 addr=13708570 data=fe86401fdbaaac09 id=0c
[2855000] MASTER 0 W_VALID_RDY Handshake beat=39 wlast=0
[2865000] MASTER 0 W_VALID_RDY Handshake beat=40 wlast=0
[2865000] S1 MEMORY WRITE beat=33 addr=13708572 data=bdc91a14dcabf78b id=0c
[2875000] S1 MEMORY WRITE beat=34 addr=13708574 data=cc9e0a9d1f6227ff id=0c
[2875000] MASTER 0 W_VALID_RDY Handshake beat=41 wlast=0
[2885000] MASTER 0 W_VALID_RDY Handshake beat=42 wlast=0
[2885000] S1 MEMORY WRITE beat=35 addr=13708576 data=fb0cd408b1947015 id=0c
[2895000] S1 MEMORY WRITE beat=36 addr=13708578 data=8e4067a0cb244abc id=0c
[2895000] MASTER 0 W_VALID_RDY Handshake beat=43 wlast=0
[2905000] MASTER 0 W_VALID_RDY Handshake beat=44 wlast=0
[2905000] S1 MEMORY WRITE beat=37 addr=1370857a data=ea8672bbb8d5ee1c id=0c
[2915000] S1 MEMORY WRITE beat=38 addr=1370857c data=ea6a5e32dade723d id=0c
[2915000] MASTER 0 W_VALID_RDY Handshake beat=45 wlast=0
[2925000] MASTER 0 W_VALID_RDY Handshake beat=46 wlast=0
[2925000] S1 MEMORY WRITE beat=39 addr=1370857e data=2602bcfae59346c3 id=0c
[2935000] S1 MEMORY WRITE beat=40 addr=13708580 data=1e6934e0f8aac5d2 id=0c
[2935000] MASTER 0 W_VALID_RDY Handshake beat=47 wlast=0
[2945000] MASTER 0 W_VALID_RDY Handshake beat=48 wlast=0
[2945000] S1 MEMORY WRITE beat=41 addr=13708582 data=d389381090892fb5 id=0c
[2955000] S1 MEMORY WRITE beat=42 addr=13708584 data=f61c767908d39312 id=0c
[2955000] MASTER 0 W_VALID_RDY Handshake beat=49 wlast=0
[2965000] MASTER 0 W_VALID_RDY Handshake beat=50 wlast=0
[2965000] S1 MEMORY WRITE beat=43 addr=13708586 data=817e58e4f98bf50a id=0c
[2975000] S1 MEMORY WRITE beat=44 addr=13708588 data=8a1524bf1485ab59 id=0c
[2975000] MASTER 0 W_VALID_RDY Handshake beat=51 wlast=0
[2985000] MASTER 0 W_VALID_RDY Handshake beat=52 wlast=0
[2985000] S1 MEMORY WRITE beat=45 addr=1370858a data=1d593e6bd50790f4 id=0c
[2995000] S1 MEMORY WRITE beat=46 addr=1370858c data=ce9385fe80319b38 id=0c
[2995000] MASTER 0 W_VALID_RDY Handshake beat=53 wlast=0
[3005000] MASTER 0 W_VALID_RDY Handshake beat=54 wlast=0
[3005000] S1 MEMORY WRITE beat=47 addr=1370858e data=94b746919ed7974f id=0c
[3015000] S1 MEMORY WRITE beat=48 addr=13708590 data=f3df2844d8a8aabe id=0c
[3015000] MASTER 0 W_VALID_RDY Handshake beat=55 wlast=0
[3025000] MASTER 0 W_VALID_RDY Handshake beat=56 wlast=0
[3025000] S1 MEMORY WRITE beat=49 addr=13708592 data=d8da45f6b21084fc id=0c
[3035000] S1 MEMORY WRITE beat=50 addr=13708594 data=d0e81c4cc272ae42 id=0c
[3035000] MASTER 0 W_VALID_RDY Handshake beat=57 wlast=0
[3045000] MASTER 0 W_VALID_RDY Handshake beat=58 wlast=0
[3045000] S1 MEMORY WRITE beat=51 addr=13708596 data=9b1b5900ed918c88 id=0c
[3055000] S1 MEMORY WRITE beat=52 addr=13708598 data=9fa21184c4c74490 id=0c
[3055000] MASTER 0 W_VALID_RDY Handshake beat=59 wlast=0
[3065000] MASTER 0 W_VALID_RDY Handshake beat=60 wlast=0
[3065000] S1 MEMORY WRITE beat=53 addr=1370859a data=8739f2d2f3f59ef7 id=0c
[3075000] S1 MEMORY WRITE beat=54 addr=1370859c data=e1872b7ff08a2dd0 id=0c
[3075000] MASTER 0 W_VALID_RDY Handshake beat=61 wlast=0
[3085000] MASTER 0 W_VALID_RDY Handshake beat=62 wlast=0
[3085000] S1 MEMORY WRITE beat=55 addr=1370859e data=b551726022554bd3 id=0c
[3095000] S1 MEMORY WRITE beat=56 addr=137085a0 data=164aeaca81293d03 id=0c
[3095000] MASTER 0 W_VALID_RDY Handshake beat=63 wlast=0
[3105000] MASTER 0 W_VALID_RDY Handshake beat=64 wlast=0
[3105000] S1 MEMORY WRITE beat=57 addr=137085a2 data=f1b36ad43c8b6533 id=0c
[3115000] S1 MEMORY WRITE beat=58 addr=137085a4 data=dee0b106f7d21649 id=0c
[3115000] MASTER 0 W_VALID_RDY Handshake beat=65 wlast=0
[3125000] MASTER 0 W_VALID_RDY Handshake beat=66 wlast=0
[3125000] S1 MEMORY WRITE beat=59 addr=137085a6 data=f8fb534ca704dd34 id=0c
[3135000] S1 MEMORY WRITE beat=60 addr=137085a8 data=e3904267f52b9bd0 id=0c
[3135000] MASTER 0 W_VALID_RDY Handshake beat=67 wlast=0
[3145000] MASTER 0 W_VALID_RDY Handshake beat=68 wlast=0
[3145000] S1 MEMORY WRITE beat=61 addr=137085aa data=ecfdb219eaaebe20 id=0c
[3155000] S1 MEMORY WRITE beat=62 addr=137085ac data=11b39b55c270f36d id=0c
[3155000] MASTER 0 W_VALID_RDY Handshake beat=69 wlast=0
[3165000] MASTER 0 W_VALID_RDY Handshake beat=70 wlast=0
[3165000] S1 MEMORY WRITE beat=63 addr=137085ae data=b79c8f3de5f90565 id=0c
[3175000] S1 MEMORY WRITE beat=64 addr=137085b0 data=d0a7c386f543ddbc id=0c
[3175000] MASTER 0 W_VALID_RDY Handshake beat=71 wlast=0
[3185000] MASTER 0 W_VALID_RDY Handshake beat=72 wlast=0
[3185000] S1 MEMORY WRITE beat=65 addr=137085b2 data=37b4d12aa49a4156 id=0c
[3195000] S1 MEMORY WRITE beat=66 addr=137085b4 data=0a9346bce25b5edb id=0c
[3195000] MASTER 0 W_VALID_RDY Handshake beat=73 wlast=0
[3205000] MASTER 0 W_VALID_RDY Handshake beat=74 wlast=0
[3205000] S1 MEMORY WRITE beat=67 addr=137085b6 data=d79f3c97ef516067 id=0c
[3215000] S1 MEMORY WRITE beat=68 addr=137085b8 data=13eba1bedb3b0a42 id=0c
[3215000] MASTER 0 W_VALID_RDY Handshake beat=75 wlast=0
[3225000] MASTER 0 W_VALID_RDY Handshake beat=76 wlast=0
[3225000] S1 MEMORY WRITE beat=69 addr=137085ba data=3d96691d8f540dc1 id=0c
[3235000] S1 MEMORY WRITE beat=70 addr=137085bc data=fea56e291e7ee87a id=0c
[3235000] MASTER 0 W_VALID_RDY Handshake beat=77 wlast=0
[3245000] MASTER 0 W_VALID_RDY Handshake beat=78 wlast=0
[3245000] S1 MEMORY WRITE beat=71 addr=137085be data=f9b9f2bc9535a5b4 id=0c
[3255000] S1 MEMORY WRITE beat=72 addr=137085c0 data=2489b37612910fe7 id=0c
[3255000] MASTER 0 W_VALID_RDY Handshake beat=79 wlast=0
[3265000] MASTER 0 W_VALID_RDY Handshake beat=80 wlast=0
[3265000] S1 MEMORY WRITE beat=73 addr=137085c2 data=310ff86137505bd9 id=0c
[3275000] S1 MEMORY WRITE beat=74 addr=137085c4 data=cc86018d232f219f id=0c
[3275000] MASTER 0 W_VALID_RDY Handshake beat=81 wlast=0
[3285000] MASTER 0 W_VALID_RDY Handshake beat=82 wlast=0
[3285000] S1 MEMORY WRITE beat=75 addr=137085c6 data=35c031862ac9eb1d id=0c
[3295000] S1 MEMORY WRITE beat=76 addr=137085c8 data=e21a46f6f10fb503 id=0c
[3295000] MASTER 0 W_VALID_RDY Handshake beat=83 wlast=0
[3305000] MASTER 0 W_VALID_RDY Handshake beat=84 wlast=0
[3305000] S1 MEMORY WRITE beat=77 addr=137085ca data=943ed6a2e6d029e7 id=0c
[3315000] S1 MEMORY WRITE beat=78 addr=137085cc data=119a1504aea04883 id=0c
[3315000] MASTER 0 W_VALID_RDY Handshake beat=85 wlast=0
[3325000] MASTER 0 W_VALID_RDY Handshake beat=86 wlast=0
[3325000] S1 MEMORY WRITE beat=79 addr=137085ce data=1faffd87c9ff0828 id=0c
[3335000] S1 MEMORY WRITE beat=80 addr=137085d0 data=b0cf320ff3b45bfa id=0c
[3335000] MASTER 0 W_VALID_RDY Handshake beat=87 wlast=0
[3345000] MASTER 0 W_VALID_RDY Handshake beat=88 wlast=0
[3345000] S1 MEMORY WRITE beat=81 addr=137085d2 data=a254a47db3eed429 id=0c
[3355000] S1 MEMORY WRITE beat=82 addr=137085d4 data=fdeddc52c2694713 id=0c
[3355000] MASTER 0 W_VALID_RDY Handshake beat=89 wlast=0
[3365000] MASTER 0 W_VALID_RDY Handshake beat=90 wlast=0
[3365000] S1 MEMORY WRITE beat=83 addr=137085d6 data=b61da30dc204a204 id=0c
[3375000] S1 MEMORY WRITE beat=84 addr=137085d8 data=f5f3762eaebd0e61 id=0c
[3375000] MASTER 0 W_VALID_RDY Handshake beat=91 wlast=0
[3385000] MASTER 0 W_VALID_RDY Handshake beat=92 wlast=0
[3385000] S1 MEMORY WRITE beat=85 addr=137085da data=f1265575d872478b id=0c
[3395000] S1 MEMORY WRITE beat=86 addr=137085dc data=9a76e98ff3e15280 id=0c
[3395000] MASTER 0 W_VALID_RDY Handshake beat=93 wlast=0
[3405000] MASTER 0 W_VALID_RDY Handshake beat=94 wlast=0
[3405000] S1 MEMORY WRITE beat=87 addr=137085de data=a29e60e1a743f882 id=0c
[3415000] S1 MEMORY WRITE beat=88 addr=137085e0 data=ffb6400d906a5fbd id=0c
[3415000] MASTER 0 W_VALID_RDY Handshake beat=95 wlast=0
[3425000] MASTER 0 W_VALID_RDY Handshake beat=96 wlast=0
[3425000] S1 MEMORY WRITE beat=89 addr=137085e2 data=844bb23d93c4b656 id=0c
[3435000] S1 MEMORY WRITE beat=90 addr=137085e4 data=3b08aed91a2d299d id=0c
[3435000] MASTER 0 W_VALID_RDY Handshake beat=97 wlast=0
[3445000] MASTER 0 W_VALID_RDY Handshake beat=98 wlast=0
[3445000] S1 MEMORY WRITE beat=91 addr=137085e6 data=aa97895a26ea131f id=0c
[3455000] S1 MEMORY WRITE beat=92 addr=137085e8 data=baaec975babeeee6 id=0c
[3455000] MASTER 0 W_VALID_RDY Handshake beat=99 wlast=0
[3465000] MASTER 0 W_VALID_RDY Handshake beat=100 wlast=0
[3465000] S1 MEMORY WRITE beat=93 addr=137085ea data=d4ec18832ee33b98 id=0c
[3475000] S1 MEMORY WRITE beat=94 addr=137085ec data=d5cd4eb7f5b7784e id=0c
[3475000] MASTER 0 W_VALID_RDY Handshake beat=101 wlast=0
[3485000] MASTER 0 W_VALID_RDY Handshake beat=102 wlast=0
[3485000] S1 MEMORY WRITE beat=95 addr=137085ee data=30766735ff83a1de id=0c
[3495000] S1 MEMORY WRITE beat=96 addr=137085f0 data=2e66dd76907c182c id=0c
[3495000] MASTER 0 W_VALID_RDY Handshake beat=103 wlast=0
[3505000] MASTER 0 W_VALID_RDY Handshake beat=104 wlast=0
[3505000] S1 MEMORY WRITE beat=97 addr=137085f2 data=0633907b85627fb8 id=0c
[3515000] S1 MEMORY WRITE beat=98 addr=137085f4 data=84e6219604342c2d id=0c
[3515000] MASTER 0 W_VALID_RDY Handshake beat=105 wlast=0
[3525000] MASTER 0 W_VALID_RDY Handshake beat=106 wlast=0
[3525000] S1 MEMORY WRITE beat=99 addr=137085f6 data=94b0445936a9f7b0 id=0c
[3535000] S1 MEMORY WRITE beat=100 addr=137085f8 data=bc0c7768b34cff0c id=0c
[3535000] MASTER 0 W_VALID_RDY Handshake beat=107 wlast=0
[3545000] MASTER 0 W_VALID_RDY Handshake beat=108 wlast=0
[3545000] S1 MEMORY WRITE beat=101 addr=137085fa data=b7812b399ae3d4d4 id=0c
[3555000] S1 MEMORY WRITE beat=102 addr=137085fc data=d18dcc84c0f298ff id=0c
[3555000] MASTER 0 W_VALID_RDY Handshake beat=109 wlast=0
[3565000] MASTER 0 W_VALID_RDY Handshake beat=110 wlast=0
[3565000] S1 MEMORY WRITE beat=103 addr=137085fe data=f43f980bcc316f93 id=0c
[3575000] S1 MEMORY WRITE beat=104 addr=13708600 data=e71544670d9a43ed id=0c
[3575000] MASTER 0 W_VALID_RDY Handshake beat=111 wlast=0
[3585000] MASTER 0 W_VALID_RDY Handshake beat=112 wlast=0
[3585000] S1 MEMORY WRITE beat=105 addr=13708602 data=ce8cdcec2bc0c345 id=0c
[3595000] S1 MEMORY WRITE beat=106 addr=13708604 data=f7f232d838a310ec id=0c
[3595000] MASTER 0 W_VALID_RDY Handshake beat=113 wlast=0
[3605000] MASTER 0 W_VALID_RDY Handshake beat=114 wlast=0
[3605000] S1 MEMORY WRITE beat=107 addr=13708606 data=c63d54d9c2cc74f7 id=0c
[3615000] S1 MEMORY WRITE beat=108 addr=13708608 data=ee8d383cdf07773f id=0c
[3615000] MASTER 0 W_VALID_RDY Handshake beat=115 wlast=0
[3625000] MASTER 0 W_VALID_RDY Handshake beat=116 wlast=0
[3625000] S1 MEMORY WRITE beat=109 addr=1370860a data=97aa882b14ca31c5 id=0c
[3635000] S1 MEMORY WRITE beat=110 addr=1370860c data=d796a6bce67f6b14 id=0c
[3635000] MASTER 0 W_VALID_RDY Handshake beat=117 wlast=0
[3645000] MASTER 0 W_VALID_RDY Handshake beat=118 wlast=0
[3645000] S1 MEMORY WRITE beat=111 addr=1370860e data=c586e254dde7dd04 id=0c
[3655000] S1 MEMORY WRITE beat=112 addr=13708610 data=f2b20ec9c623def9 id=0c
[3655000] MASTER 0 W_VALID_RDY Handshake beat=119 wlast=0
[3665000] MASTER 0 W_VALID_RDY Handshake beat=120 wlast=0
[3665000] S1 MEMORY WRITE beat=113 addr=13708612 data=aca34a0ddd316a7f id=0c
[3675000] S1 MEMORY WRITE beat=114 addr=13708614 data=3b194784ca48b586 id=0c
[3675000] MASTER 0 W_VALID_RDY Handshake beat=121 wlast=0
[3685000] MASTER 0 W_VALID_RDY Handshake beat=122 wlast=0
[3685000] S1 MEMORY WRITE beat=115 addr=13708616 data=106c947ff22a2c61 id=0c
[3695000] S1 MEMORY WRITE beat=116 addr=13708618 data=cf5b96e1adcb564d id=0c
[3695000] MASTER 0 W_VALID_RDY Handshake beat=123 wlast=0
[3705000] MASTER 0 W_VALID_RDY Handshake beat=124 wlast=0
[3705000] S1 MEMORY WRITE beat=117 addr=1370861a data=f8140bd3bd0fde8c id=0c
[3715000] S1 MEMORY WRITE beat=118 addr=1370861c data=2f3a0aee0a74de65 id=0c
[3715000] MASTER 0 W_VALID_RDY Handshake beat=125 wlast=0
[3725000] MASTER 0 W_VALID_RDY Handshake beat=126 wlast=0
[3725000] S1 MEMORY WRITE beat=119 addr=1370861e data=b84034b28880a052 id=0c
[3735000] S1 MEMORY WRITE beat=120 addr=13708620 data=c5907edffe95a1cf id=0c
[3735000] MASTER 0 W_VALID_RDY Handshake beat=127 wlast=0
[3745000] MASTER 0 W_VALID_RDY Handshake beat=128 wlast=0
[3745000] S1 MEMORY WRITE beat=121 addr=13708622 data=090a803430544086 id=0c
[3755000] S1 MEMORY WRITE beat=122 addr=13708624 data=b8d4e0d8f4ca89cd id=0c
[3755000] MASTER 0 W_VALID_RDY Handshake beat=129 wlast=0
[3765000] MASTER 0 W_VALID_RDY Handshake beat=130 wlast=0
[3765000] S1 MEMORY WRITE beat=123 addr=13708626 data=f3602b9cc14ab4e6 id=0c
[3775000] S1 MEMORY WRITE beat=124 addr=13708628 data=f19ef56cfe655fb7 id=0c
[3775000] MASTER 0 W_VALID_RDY Handshake beat=131 wlast=0
[3785000] MASTER 0 W_VALID_RDY Handshake beat=132 wlast=0
[3785000] S1 MEMORY WRITE beat=125 addr=1370862a data=f32fe984fc6aabd0 id=0c
[3795000] S1 MEMORY WRITE beat=126 addr=1370862c data=bdb560b62a73d645 id=0c
[3795000] MASTER 0 W_VALID_RDY Handshake beat=133 wlast=0
[3805000] MASTER 0 W_VALID_RDY Handshake beat=134 wlast=0
[3805000] S1 MEMORY WRITE beat=127 addr=1370862e data=a8d935fce6901520 id=0c
[3815000] S1 MEMORY WRITE beat=128 addr=13708630 data=e2fac0f02f545623 id=0c
[3815000] MASTER 0 W_VALID_RDY Handshake beat=135 wlast=0
[3825000] MASTER 0 W_VALID_RDY Handshake beat=136 wlast=0
[3825000] S1 MEMORY WRITE beat=129 addr=13708632 data=d9c82c681c091f81 id=0c
[3835000] S1 MEMORY WRITE beat=130 addr=13708634 data=829934a120b021a7 id=0c
[3835000] MASTER 0 W_VALID_RDY Handshake beat=137 wlast=0
[3845000] MASTER 0 W_VALID_RDY Handshake beat=138 wlast=0
[3845000] S1 MEMORY WRITE beat=131 addr=13708636 data=d00477ca82a16264 id=0c
[3855000] S1 MEMORY WRITE beat=132 addr=13708638 data=9eaa81e5e593f592 id=0c
[3855000] MASTER 0 W_VALID_RDY Handshake beat=139 wlast=0
[3865000] MASTER 0 W_VALID_RDY Handshake beat=140 wlast=0
[3865000] S1 MEMORY WRITE beat=133 addr=1370863a data=0644173929cca432 id=0c
[3875000] S1 MEMORY WRITE beat=134 addr=1370863c data=ac6e06962143b687 id=0c
[3875000] MASTER 0 W_VALID_RDY Handshake beat=141 wlast=0
[3885000] MASTER 0 W_VALID_RDY Handshake beat=142 wlast=0
[3885000] S1 MEMORY WRITE beat=135 addr=1370863e data=06d7ac19d6488f03 id=0c
[3895000] S1 MEMORY WRITE beat=136 addr=13708640 data=00153335cb18887c id=0c
[3895000] MASTER 0 W_VALID_RDY Handshake beat=143 wlast=0
[3905000] MASTER 0 W_VALID_RDY Handshake beat=144 wlast=0
[3905000] S1 MEMORY WRITE beat=137 addr=13708642 data=ec5c3f030d1bc352 id=0c
[3915000] S1 MEMORY WRITE beat=138 addr=13708644 data=e3645255ac8339cb id=0c
[3915000] MASTER 0 W_VALID_RDY Handshake beat=145 wlast=0
[3925000] MASTER 0 W_VALID_RDY Handshake beat=146 wlast=0
[3925000] S1 MEMORY WRITE beat=139 addr=13708646 data=f79bc247f333eb1c id=0c
[3935000] S1 MEMORY WRITE beat=140 addr=13708648 data=004fae6ee379858a id=0c
[3935000] MASTER 0 W_VALID_RDY Handshake beat=147 wlast=0
[3945000] MASTER 0 W_VALID_RDY Handshake beat=148 wlast=0
[3945000] S1 MEMORY WRITE beat=141 addr=1370864a data=8ffcbf55e3f8014a id=0c
[3955000] S1 MEMORY WRITE beat=142 addr=1370864c data=d72bec66e3b400c3 id=0c
[3955000] MASTER 0 W_VALID_RDY Handshake beat=149 wlast=0
[3965000] MASTER 0 W_VALID_RDY Handshake beat=150 wlast=0
[3965000] S1 MEMORY WRITE beat=143 addr=1370864e data=c72d864d0798819d id=0c
[3975000] S1 MEMORY WRITE beat=144 addr=13708650 data=eb9082e7d77b9ad4 id=0c
[3975000] MASTER 0 W_VALID_RDY Handshake beat=151 wlast=0
[3985000] MASTER 0 W_VALID_RDY Handshake beat=152 wlast=0
[3985000] S1 MEMORY WRITE beat=145 addr=13708652 data=bb2f9b97d72a45a2 id=0c
[3995000] S1 MEMORY WRITE beat=146 addr=13708654 data=dec2c73fc2bc6f4e id=0c
[3995000] MASTER 0 W_VALID_RDY Handshake beat=153 wlast=0
[4005000] MASTER 0 W_VALID_RDY Handshake beat=154 wlast=0
[4005000] S1 MEMORY WRITE beat=147 addr=13708656 data=9a380a22825d21e4 id=0c
[4015000] S1 MEMORY WRITE beat=148 addr=13708658 data=d9876787ca534a27 id=0c
[4015000] MASTER 0 W_VALID_RDY Handshake beat=155 wlast=0
[4025000] MASTER 0 W_VALID_RDY Handshake beat=156 wlast=0
[4025000] S1 MEMORY WRITE beat=149 addr=1370865a data=0d0fb975d567a5ba id=0c
[4035000] S1 MEMORY WRITE beat=150 addr=1370865c data=d7c4c79eb84a2ec6 id=0c
[4035000] MASTER 0 W_VALID_RDY Handshake beat=157 wlast=0
[4045000] MASTER 0 W_VALID_RDY Handshake beat=158 wlast=0
[4045000] S1 MEMORY WRITE beat=151 addr=1370865e data=829d78eda747c397 id=0c
[4055000] S1 MEMORY WRITE beat=152 addr=13708660 data=fcaf6951b14c2f25 id=0c
[4055000] MASTER 0 W_VALID_RDY Handshake beat=159 wlast=0
[4065000] MASTER 0 W_VALID_RDY Handshake beat=160 wlast=0
[4065000] S1 MEMORY WRITE beat=153 addr=13708662 data=e9965dec8fad3262 id=0c
[4075000] S1 MEMORY WRITE beat=154 addr=13708664 data=36f4f5fad47430f0 id=0c
[4075000] MASTER 0 W_VALID_RDY Handshake beat=161 wlast=0
[4085000] MASTER 0 W_VALID_RDY Handshake beat=162 wlast=0
[4085000] S1 MEMORY WRITE beat=155 addr=13708666 data=85c06015ec33d6d9 id=0c
[4095000] S1 MEMORY WRITE beat=156 addr=13708668 data=fbe1093cb3a45f4b id=0c
[4095000] MASTER 0 W_VALID_RDY Handshake beat=163 wlast=0
[4105000] MASTER 0 W_VALID_RDY Handshake beat=164 wlast=0
[4105000] S1 MEMORY WRITE beat=157 addr=1370866a data=8818903bef56be01 id=0c
[4115000] S1 MEMORY WRITE beat=158 addr=1370866c data=db8a94db32d5ff36 id=0c
[4115000] MASTER 0 W_VALID_RDY Handshake beat=165 wlast=0
[4125000] MASTER 0 W_VALID_RDY Handshake beat=166 wlast=0
[4125000] S1 MEMORY WRITE beat=159 addr=1370866e data=e67a5e810dd8f051 id=0c
[4135000] S1 MEMORY WRITE beat=160 addr=13708670 data=fd2fae52d76b9e17 id=0c
[4135000] MASTER 0 W_VALID_RDY Handshake beat=167 wlast=0
[4145000] MASTER 0 W_VALID_RDY Handshake beat=168 wlast=0
[4145000] S1 MEMORY WRITE beat=161 addr=13708672 data=0a419d4dee92eebd id=0c
[4155000] S1 MEMORY WRITE beat=162 addr=13708674 data=fc6bdf0ed8ba432d id=0c
[4155000] MASTER 0 W_VALID_RDY Handshake beat=169 wlast=0
[4165000] MASTER 0 W_VALID_RDY Handshake beat=170 wlast=0
[4165000] S1 MEMORY WRITE beat=163 addr=13708676 data=b025e144f0bbfbce id=0c
[4175000] S1 MEMORY WRITE beat=164 addr=13708678 data=df4eea8bf99b8d60 id=0c
[4175000] MASTER 0 W_VALID_RDY Handshake beat=171 wlast=0
[4185000] MASTER 0 W_VALID_RDY Handshake beat=172 wlast=0
[4185000] S1 MEMORY WRITE beat=165 addr=1370867a data=d255d08eba677e91 id=0c
[4195000] S1 MEMORY WRITE beat=166 addr=1370867c data=2b237a60dbbac999 id=0c
[4195000] MASTER 0 W_VALID_RDY Handshake beat=173 wlast=0
[4205000] MASTER 0 W_VALID_RDY Handshake beat=174 wlast=0
[4205000] S1 MEMORY WRITE beat=167 addr=1370867e data=d55656fa827bb1d2 id=0c
[4215000] S1 MEMORY WRITE beat=168 addr=13708680 data=3ce330648a7264eb id=0c
[4215000] MASTER 0 W_VALID_RDY Handshake beat=175 wlast=0
[4225000] MASTER 0 W_VALID_RDY Handshake beat=176 wlast=0
[4225000] S1 MEMORY WRITE beat=169 addr=13708682 data=e62d2e8527ac2788 id=0c
[4235000] S1 MEMORY WRITE beat=170 addr=13708684 data=aa27d95ae806aac4 id=0c
[4235000] MASTER 0 W_VALID_RDY Handshake beat=177 wlast=0
[4245000] MASTER 0 W_VALID_RDY Handshake beat=178 wlast=0
[4245000] S1 MEMORY WRITE beat=171 addr=13708686 data=f2790faf3b83857f id=0c
[4255000] S1 MEMORY WRITE beat=172 addr=13708688 data=e32fad07e70b09be id=0c
[4255000] MASTER 0 W_VALID_RDY Handshake beat=179 wlast=0
[4265000] MASTER 0 W_VALID_RDY Handshake beat=180 wlast=0
[4265000] S1 MEMORY WRITE beat=173 addr=1370868a data=cf11b482d8a63e34 id=0c
[4275000] S1 MEMORY WRITE beat=174 addr=1370868c data=9429c3b38d578661 id=0c
[4275000] MASTER 0 W_VALID_RDY Handshake beat=181 wlast=0
[4285000] MASTER 0 W_VALID_RDY Handshake beat=182 wlast=0
[4285000] S1 MEMORY WRITE beat=175 addr=1370868e data=f4629020c18ac432 id=0c
[4295000] S1 MEMORY WRITE beat=176 addr=13708690 data=9a310266f75970ba id=0c
[4295000] MASTER 0 W_VALID_RDY Handshake beat=183 wlast=0
[4305000] MASTER 0 W_VALID_RDY Handshake beat=184 wlast=0
[4305000] S1 MEMORY WRITE beat=177 addr=13708692 data=04b0f71cc37444a2 id=0c
[4315000] S1 MEMORY WRITE beat=178 addr=13708694 data=84ff08d42e5ac61a id=0c
[4315000] MASTER 0 W_VALID_RDY Handshake beat=185 wlast=0
[4325000] MASTER 0 W_VALID_RDY Handshake beat=186 wlast=0
[4325000] S1 MEMORY WRITE beat=179 addr=13708696 data=a5b436d4f913873c id=0c
[4335000] S1 MEMORY WRITE beat=180 addr=13708698 data=bc87cbde1f300b3b id=0c
[4335000] MASTER 0 W_VALID_RDY Handshake beat=187 wlast=0
[4345000] MASTER 0 W_VALID_RDY Handshake beat=188 wlast=0
[4345000] S1 MEMORY WRITE beat=181 addr=1370869a data=cd8ad155aa652df0 id=0c
[4355000] S1 MEMORY WRITE beat=182 addr=1370869c data=a378b52cc186d4b3 id=0c
[4355000] MASTER 0 W_VALID_RDY Handshake beat=189 wlast=0
[4365000] MASTER 0 W_VALID_RDY Handshake beat=190 wlast=0
[4365000] S1 MEMORY WRITE beat=183 addr=1370869e data=e0b6dfeef33f0829 id=0c
[4375000] S1 MEMORY WRITE beat=184 addr=137086a0 data=1da4361ae000810b id=0c
[4375000] MASTER 0 W_VALID_RDY Handshake beat=191 wlast=0
[4385000] MASTER 0 W_VALID_RDY Handshake beat=192 wlast=0
[4385000] S1 MEMORY WRITE beat=185 addr=137086a2 data=218755be2e41b143 id=0c
[4395000] S1 MEMORY WRITE beat=186 addr=137086a4 data=a180b96cc11ceb46 id=0c
[4395000] MASTER 0 W_VALID_RDY Handshake beat=193 wlast=0
[4405000] MASTER 0 W_VALID_RDY Handshake beat=194 wlast=0
[4405000] S1 MEMORY WRITE beat=187 addr=137086a6 data=a11d6c51023e35ac id=0c
[4415000] S1 MEMORY WRITE beat=188 addr=137086a8 data=307fe6efbf24ef86 id=0c
[4415000] MASTER 0 W_VALID_RDY Handshake beat=195 wlast=0
[4425000] MASTER 0 W_VALID_RDY Handshake beat=196 wlast=0
[4425000] S1 MEMORY WRITE beat=189 addr=137086aa data=0041dacdc2a4c20f id=0c
[4435000] S1 MEMORY WRITE beat=190 addr=137086ac data=c4e2f7bbd200a05b id=0c
[4435000] MASTER 0 W_VALID_RDY Handshake beat=197 wlast=0
[4445000] MASTER 0 W_VALID_RDY Handshake beat=198 wlast=0
[4445000] S1 MEMORY WRITE beat=191 addr=137086ae data=11258fe2a15f471e id=0c
[4455000] S1 MEMORY WRITE beat=192 addr=137086b0 data=e404092ef562deaa id=0c
[4455000] MASTER 0 W_VALID_RDY Handshake beat=199 wlast=0
[4465000] MASTER 0 W_VALID_RDY Handshake beat=200 wlast=0
[4465000] S1 MEMORY WRITE beat=193 addr=137086b2 data=c7637f0611676aaf id=0c
[4475000] S1 MEMORY WRITE beat=194 addr=137086b4 data=b2c6b1cda8e700e9 id=0c
[4475000] MASTER 0 W_VALID_RDY Handshake beat=201 wlast=0
[4485000] MASTER 0 W_VALID_RDY Handshake beat=202 wlast=0
[4485000] S1 MEMORY WRITE beat=195 addr=137086b6 data=1e49df94d8890ee8 id=0c
[4495000] S1 MEMORY WRITE beat=196 addr=137086b8 data=e9f0799796cabafb id=0c
[4495000] MASTER 0 W_VALID_RDY Handshake beat=203 wlast=0
[4505000] MASTER 0 W_VALID_RDY Handshake beat=204 wlast=0
[4505000] S1 MEMORY WRITE beat=197 addr=137086ba data=3fb1bbe5e5ad5e9a id=0c
[4515000] S1 MEMORY WRITE beat=198 addr=137086bc data=3e366d829cb72b64 id=0c
[4515000] MASTER 0 W_VALID_RDY Handshake beat=205 wlast=0
[4525000] MASTER 0 W_VALID_RDY Handshake beat=206 wlast=0
[4525000] S1 MEMORY WRITE beat=199 addr=137086be data=3381e660ddfb9b79 id=0c
[4535000] S1 MEMORY WRITE beat=200 addr=137086c0 data=c3a8fa132826e719 id=0c
[4535000] MASTER 0 W_VALID_RDY Handshake beat=207 wlast=0
[4545000] MASTER 0 W_VALID_RDY Handshake beat=208 wlast=0
[4545000] S1 MEMORY WRITE beat=201 addr=137086c2 data=c4de127df333a245 id=0c
[4555000] S1 MEMORY WRITE beat=202 addr=137086c4 data=d12f3dbe01df6795 id=0c
[4555000] MASTER 0 W_VALID_RDY Handshake beat=209 wlast=0
[4565000] MASTER 0 W_VALID_RDY Handshake beat=210 wlast=0
[4565000] S1 MEMORY WRITE beat=203 addr=137086c6 data=2a064eaef85ff8dd id=0c
[4575000] S1 MEMORY WRITE beat=204 addr=137086c8 data=eb939b2214d837d1 id=0c
[4575000] MASTER 0 W_VALID_RDY Handshake beat=211 wlast=0
[4585000] MASTER 0 W_VALID_RDY Handshake beat=212 wlast=0
[4585000] S1 MEMORY WRITE beat=205 addr=137086ca data=16b79f66eee4612b id=0c
[4595000] S1 MEMORY WRITE beat=206 addr=137086cc data=e7445a09bcc2d8e0 id=0c
[4595000] MASTER 0 W_VALID_RDY Handshake beat=213 wlast=0
[4605000] MASTER 0 W_VALID_RDY Handshake beat=214 wlast=0
[4605000] S1 MEMORY WRITE beat=207 addr=137086ce data=d19b10b1c0bdee14 id=0c
[4615000] S1 MEMORY WRITE beat=208 addr=137086d0 data=afa24f3fd2d7f52b id=0c
[4615000] MASTER 0 W_VALID_RDY Handshake beat=215 wlast=0
[4625000] MASTER 0 W_VALID_RDY Handshake beat=216 wlast=0
[4625000] S1 MEMORY WRITE beat=209 addr=137086d2 data=0f9ace0ce852b017 id=0c
[4635000] S1 MEMORY WRITE beat=210 addr=137086d4 data=a9109e2b96e6a948 id=0c
[4635000] MASTER 0 W_VALID_RDY Handshake beat=217 wlast=0
[4645000] MASTER 0 W_VALID_RDY Handshake beat=218 wlast=0
[4645000] S1 MEMORY WRITE beat=211 addr=137086d6 data=e9be9e74e135debd id=0c
[4655000] S1 MEMORY WRITE beat=212 addr=137086d8 data=c9888ed5d8b2ed6b id=0c
[4655000] MASTER 0 W_VALID_RDY Handshake beat=219 wlast=0
[4665000] MASTER 0 W_VALID_RDY Handshake beat=220 wlast=0
[4665000] S1 MEMORY WRITE beat=213 addr=137086da data=ef9996b3f9596c80 id=0c
[4675000] S1 MEMORY WRITE beat=214 addr=137086dc data=da8f4b3df2992d00 id=0c
[4675000] MASTER 0 W_VALID_RDY Handshake beat=221 wlast=0
[4685000] MASTER 0 W_VALID_RDY Handshake beat=222 wlast=0
[4685000] S1 MEMORY WRITE beat=215 addr=137086de data=cb4c1a6bd9583527 id=0c
[4695000] S1 MEMORY WRITE beat=216 addr=137086e0 data=d2b1a1a7a417da12 id=0c
[4695000] MASTER 0 W_VALID_RDY Handshake beat=223 wlast=0
[4705000] MASTER 0 W_VALID_RDY Handshake beat=224 wlast=0
[4705000] S1 MEMORY WRITE beat=217 addr=137086e2 data=16b107133ae5b11f id=0c
[4715000] S1 MEMORY WRITE beat=218 addr=137086e4 data=943de6462d40ece5 id=0c
[4715000] MASTER 0 W_VALID_RDY Handshake beat=225 wlast=0
[4725000] MASTER 0 W_VALID_RDY Handshake beat=226 wlast=0
[4725000] S1 MEMORY WRITE beat=219 addr=137086e6 data=d158c6f7e1fd217e id=0c
[4735000] S1 MEMORY WRITE beat=220 addr=137086e8 data=9ce2d29de6ef87ee id=0c
[4735000] MASTER 0 W_VALID_RDY Handshake beat=227 wlast=0
[4745000] MASTER 0 W_VALID_RDY Handshake beat=228 wlast=0
[4745000] S1 MEMORY WRITE beat=221 addr=137086ea data=143074d3e809ce0a id=0c
[4755000] S1 MEMORY WRITE beat=222 addr=137086ec data=ca06ef893120b8e4 id=0c
[4755000] MASTER 0 W_VALID_RDY Handshake beat=229 wlast=0
[4765000] MASTER 0 W_VALID_RDY Handshake beat=230 wlast=0
[4765000] S1 MEMORY WRITE beat=223 addr=137086ee data=181040d2e5893bca id=0c
[4775000] S1 MEMORY WRITE beat=224 addr=137086f0 data=cd9309d5e6e9c226 id=0c
[4775000] MASTER 0 W_VALID_RDY Handshake beat=231 wlast=0
[4785000] MASTER 0 W_VALID_RDY Handshake beat=232 wlast=0
[4785000] S1 MEMORY WRITE beat=225 addr=137086f2 data=980a7b0a2c40b5a5 id=0c
[4795000] S1 MEMORY WRITE beat=226 addr=137086f4 data=91c9f16f1799f95e id=0c
[4795000] MASTER 0 W_VALID_RDY Handshake beat=233 wlast=0
[4805000] MASTER_DRIVER0 received transaction, op=AXI_WRITE
[4805000] MASTER 0 W_VALID_RDY Handshake beat=234 wlast=1
[4805000] S1 MEMORY WRITE beat=227 addr=137086f6 data=fe83bb84b01abbdc id=0c
[4815000] S1 MEMORY WRITE beat=228 addr=137086f8 data=dc5b7181df5cfb44 id=0c
[4825000] MASTER 0 AW_VALID_RDY Handshake
[4825000] S1 MEMORY WRITE beat=229 addr=137086fa data=f6f6f4a2168e368f id=0c
[4835000] S1 MEMORY WRITE beat=230 addr=137086fc data=c6a8f26bee2562f1 id=0c
[4845000] MASTER 0 W_VALID_RDY Handshake beat=0 wlast=0
[4845000] S1 MEMORY WRITE beat=231 addr=137086fe data=cd825e35f57ab027 id=0c
[4855000] S1 MEMORY WRITE beat=232 addr=13708700 data=0c08e6b6230463ed id=0c
[4855000] MASTER 0 W_VALID_RDY Handshake beat=1 wlast=0
[4865000] MASTER 0 W_VALID_RDY Handshake beat=2 wlast=0
[4865000] S1 MEMORY WRITE beat=233 addr=13708702 data=1129c6dec47952d8 id=0c
[4875000] S1 MEMORY WRITE beat=234 addr=13708704 data=39f402ffd2b1d921 id=0c
[4875000] MASTER 0 W_VALID_RDY Handshake beat=3 wlast=0
[4885000] MASTER 0 W_VALID_RDY Handshake beat=4 wlast=0
[4885000] SLAVE1 sent B resp, id=12
[4895000] AXI S1_AWVALID_RDY HANDSHAKE
[4895000] [SLAVE MONITOR] mst_id=0 s_id=1 awaddr=13708530 awid=1100 awlen=234 awsize=1 awburst=1 wdata=[a2aaba46fd8f1d9e e5b4a63cf80bba23 f5452f60d54b9431 d2dab1cf37524fb9 2f5e09dc97efe9a6 ed3b7dd7388f580c efe1a7c524a3393c bc9322e2c0162fa7 f8a587b31f3fb1a1 c3e2eadd29cea0ba e9e4d061e8872f78 7c6e11980760dbf aa44ae79e28a5814 cb11878ccba9cbf6 cc1fd9b594297eda f6b3d6eed2d868a5 1e82349bf664882f 8a8e0709c1c55e7a 949dc71feaa20e50 e106967f0141ddf8 c3073c72b31ffbba 1dc20a0beb949d89 ecd67b81d7a50392 8ac4ff4cfec8a08a ea5d3e13afddb7f3 8782bb85a8870957 274fa9e2d733b994 71171881247bad2 bacec42991ace7f5 e8e0a18a8e942d0d a0dbe7dfe21e6e0b f3cb5601eff21312 fe86401fdbaaac09 bdc91a14dcabf78b cc9e0a9d1f6227ff fb0cd408b1947015 8e4067a0cb244abc ea8672bbb8d5ee1c ea6a5e32dade723d 2602bcfae59346c3 1e6934e0f8aac5d2 d389381090892fb5 f61c767908d39312 817e58e4f98bf50a 8a1524bf1485ab59 1d593e6bd50790f4 ce9385fe80319b38 94b746919ed7974f f3df2844d8a8aabe d8da45f6b21084fc d0e81c4cc272ae42 9b1b5900ed918c88 9fa21184c4c74490 8739f2d2f3f59ef7 e1872b7ff08a2dd0 b551726022554bd3 164aeaca81293d03 f1b36ad43c8b6533 dee0b106f7d21649 f8fb534ca704dd34 e3904267f52b9bd0 ecfdb219eaaebe20 11b39b55c270f36d b79c8f3de5f90565 d0a7c386f543ddbc 37b4d12aa49a4156 a9346bce25b5edb d79f3c97ef516067 13eba1bedb3b0a42 3d96691d8f540dc1 fea56e291e7ee87a f9b9f2bc9535a5b4 2489b37612910fe7 310ff86137505bd9 cc86018d232f219f 35c031862ac9eb1d e21a46f6f10fb503 943ed6a2e6d029e7 119a1504aea04883 1faffd87c9ff0828 b0cf320ff3b45bfa a254a47db3eed429 fdeddc52c2694713 b61da30dc204a204 f5f3762eaebd0e61 f1265575d872478b 9a76e98ff3e15280 a29e60e1a743f882 ffb6400d906a5fbd 844bb23d93c4b656 3b08aed91a2d299d aa97895a26ea131f baaec975babeeee6 d4ec18832ee33b98 d5cd4eb7f5b7784e 30766735ff83a1de 2e66dd76907c182c 633907b85627fb8 84e6219604342c2d 94b0445936a9f7b0 bc0c7768b34cff0c b7812b399ae3d4d4 d18dcc84c0f298ff f43f980bcc316f93 e71544670d9a43ed ce8cdcec2bc0c345 f7f232d838a310ec c63d54d9c2cc74f7 ee8d383cdf07773f 97aa882b14ca31c5 d796a6bce67f6b14 c586e254dde7dd04 f2b20ec9c623def9 aca34a0ddd316a7f 3b194784ca48b586 106c947ff22a2c61 cf5b96e1adcb564d f8140bd3bd0fde8c 2f3a0aee0a74de65 b84034b28880a052 c5907edffe95a1cf 90a803430544086 b8d4e0d8f4ca89cd f3602b9cc14ab4e6 f19ef56cfe655fb7 f32fe984fc6aabd0 bdb560b62a73d645 a8d935fce6901520 e2fac0f02f545623 d9c82c681c091f81 829934a120b021a7 d00477ca82a16264 9eaa81e5e593f592 644173929cca432 ac6e06962143b687 6d7ac19d6488f03 153335cb18887c ec5c3f030d1bc352 e3645255ac8339cb f79bc247f333eb1c 4fae6ee379858a 8ffcbf55e3f8014a d72bec66e3b400c3 c72d864d0798819d eb9082e7d77b9ad4 bb2f9b97d72a45a2 dec2c73fc2bc6f4e 9a380a22825d21e4 d9876787ca534a27 d0fb975d567a5ba d7c4c79eb84a2ec6 829d78eda747c397 fcaf6951b14c2f25 e9965dec8fad3262 36f4f5fad47430f0 85c06015ec33d6d9 fbe1093cb3a45f4b 8818903bef56be01 db8a94db32d5ff36 e67a5e810dd8f051 fd2fae52d76b9e17 a419d4dee92eebd fc6bdf0ed8ba432d b025e144f0bbfbce df4eea8bf99b8d60 d255d08eba677e91 2b237a60dbbac999 d55656fa827bb1d2 3ce330648a7264eb e62d2e8527ac2788 aa27d95ae806aac4 f2790faf3b83857f e32fad07e70b09be cf11b482d8a63e34 9429c3b38d578661 f4629020c18ac432 9a310266f75970ba 4b0f71cc37444a2 84ff08d42e5ac61a a5b436d4f913873c bc87cbde1f300b3b cd8ad155aa652df0 a378b52cc186d4b3 e0b6dfeef33f0829 1da4361ae000810b 218755be2e41b143 a180b96cc11ceb46 a11d6c51023e35ac 307fe6efbf24ef86 41dacdc2a4c20f c4e2f7bbd200a05b 11258fe2a15f471e e404092ef562deaa c7637f0611676aaf b2c6b1cda8e700e9 1e49df94d8890ee8 e9f0799796cabafb 3fb1bbe5e5ad5e9a 3e366d829cb72b64 3381e660ddfb9b79 c3a8fa132826e719 c4de127df333a245 d12f3dbe01df6795 2a064eaef85ff8dd eb939b2214d837d1 16b79f66eee4612b e7445a09bcc2d8e0 d19b10b1c0bdee14 afa24f3fd2d7f52b f9ace0ce852b017 a9109e2b96e6a948 e9be9e74e135debd c9888ed5d8b2ed6b ef9996b3f9596c80 da8f4b3df2992d00 cb4c1a6bd9583527 d2b1a1a7a417da12 16b107133ae5b11f 943de6462d40ece5 d158c6f7e1fd217e 9ce2d29de6ef87ee 143074d3e809ce0a ca06ef893120b8e4 181040d2e5893bca cd9309d5e6e9c226 980a7b0a2c40b5a5 91c9f16f1799f95e fe83bb84b01abbdc dc5b7181df5cfb44 f6f6f4a2168e368f c6a8f26bee2562f1 cd825e35f57ab027 c08e6b6230463ed 1129c6dec47952d8 39f402ffd2b1d921 ] wstrb=[13 e b5 eb ec d6 ea 0 e5 9f eb d1 76 d6 d1 5b 75 bd 2c eb 93 fe 46 8 bb 73 f4 4e 71 3a 56 2c ad 4a 7a 1e 85 d0 4a 32 1b c4 51 a0 95 9b d2 b0 60 23 50 f5 bf 22 a5 1f 46 f5 14 5 17 b9 24 5d ae 38 62 c5 f1 86 23 9f be 85 64 af c 87 4e ca d b3 7a 19 3a c8 e3 47 7b 5d 60 b6 26 44 fd a1 a1 5e 57 c7 a2 55 69 43 b3 c0 b 55 15 74 98 c8 34 a3 1d 4a 17 b6 12 4c 59 30 96 71 e6 a8 bd 3f d8 53 b0 be fb 6d fe d4 c0 ae 92 bc 1c 90 90 dc 3f 22 98 5b b3 28 37 f2 4b d0 4d fe f8 84 f0 43 54 3d 41 4d c1 31 90 16 6e d2 63 30 3 f3 46 72 c5 a9 a2 c9 9c e8 3b 62 91 dd 2b 2d c5 66 8f 56 43 ba 83 8 20 13 5e 63 cd e1 6b ee f4 c9 51 c2 ab bd b0 9f 86 1 61 31 be 11 d1 45 13 32 76 d1 44 47 16 57 7a 8d 28 be d4 3f 15 ] bresp=0 bid=1100
[4895000] ARB MONITOR: slave=1 m0_req=1 m1_req=0 winner=0
[4895000] MASTER 0 W_VALID_RDY Handshake beat=5 wlast=0
[4905000] MASTER 0 RECEIVED BRESP. BRESP=0
[4905000] [MASTER DRIVER] mst_id=0 s_id=0 awaddr=13708530 awid=1100 awlen=234 awsize=1 awburst=1 wdata=[a2aaba46fd8f1d9e e5b4a63cf80bba23 f5452f60d54b9431 d2dab1cf37524fb9 2f5e09dc97efe9a6 ed3b7dd7388f580c efe1a7c524a3393c bc9322e2c0162fa7 f8a587b31f3fb1a1 c3e2eadd29cea0ba e9e4d061e8872f78 7c6e11980760dbf aa44ae79e28a5814 cb11878ccba9cbf6 cc1fd9b594297eda f6b3d6eed2d868a5 1e82349bf664882f 8a8e0709c1c55e7a 949dc71feaa20e50 e106967f0141ddf8 c3073c72b31ffbba 1dc20a0beb949d89 ecd67b81d7a50392 8ac4ff4cfec8a08a ea5d3e13afddb7f3 8782bb85a8870957 274fa9e2d733b994 71171881247bad2 bacec42991ace7f5 e8e0a18a8e942d0d a0dbe7dfe21e6e0b f3cb5601eff21312 fe86401fdbaaac09 bdc91a14dcabf78b cc9e0a9d1f6227ff fb0cd408b1947015 8e4067a0cb244abc ea8672bbb8d5ee1c ea6a5e32dade723d 2602bcfae59346c3 1e6934e0f8aac5d2 d389381090892fb5 f61c767908d39312 817e58e4f98bf50a 8a1524bf1485ab59 1d593e6bd50790f4 ce9385fe80319b38 94b746919ed7974f f3df2844d8a8aabe d8da45f6b21084fc d0e81c4cc272ae42 9b1b5900ed918c88 9fa21184c4c74490 8739f2d2f3f59ef7 e1872b7ff08a2dd0 b551726022554bd3 164aeaca81293d03 f1b36ad43c8b6533 dee0b106f7d21649 f8fb534ca704dd34 e3904267f52b9bd0 ecfdb219eaaebe20 11b39b55c270f36d b79c8f3de5f90565 d0a7c386f543ddbc 37b4d12aa49a4156 a9346bce25b5edb d79f3c97ef516067 13eba1bedb3b0a42 3d96691d8f540dc1 fea56e291e7ee87a f9b9f2bc9535a5b4 2489b37612910fe7 310ff86137505bd9 cc86018d232f219f 35c031862ac9eb1d e21a46f6f10fb503 943ed6a2e6d029e7 119a1504aea04883 1faffd87c9ff0828 b0cf320ff3b45bfa a254a47db3eed429 fdeddc52c2694713 b61da30dc204a204 f5f3762eaebd0e61 f1265575d872478b 9a76e98ff3e15280 a29e60e1a743f882 ffb6400d906a5fbd 844bb23d93c4b656 3b08aed91a2d299d aa97895a26ea131f baaec975babeeee6 d4ec18832ee33b98 d5cd4eb7f5b7784e 30766735ff83a1de 2e66dd76907c182c 633907b85627fb8 84e6219604342c2d 94b0445936a9f7b0 bc0c7768b34cff0c b7812b399ae3d4d4 d18dcc84c0f298ff f43f980bcc316f93 e71544670d9a43ed ce8cdcec2bc0c345 f7f232d838a310ec c63d54d9c2cc74f7 ee8d383cdf07773f 97aa882b14ca31c5 d796a6bce67f6b14 c586e254dde7dd04 f2b20ec9c623def9 aca34a0ddd316a7f 3b194784ca48b586 106c947ff22a2c61 cf5b96e1adcb564d f8140bd3bd0fde8c 2f3a0aee0a74de65 b84034b28880a052 c5907edffe95a1cf 90a803430544086 b8d4e0d8f4ca89cd f3602b9cc14ab4e6 f19ef56cfe655fb7 f32fe984fc6aabd0 bdb560b62a73d645 a8d935fce6901520 e2fac0f02f545623 d9c82c681c091f81 829934a120b021a7 d00477ca82a16264 9eaa81e5e593f592 644173929cca432 ac6e06962143b687 6d7ac19d6488f03 153335cb18887c ec5c3f030d1bc352 e3645255ac8339cb f79bc247f333eb1c 4fae6ee379858a 8ffcbf55e3f8014a d72bec66e3b400c3 c72d864d0798819d eb9082e7d77b9ad4 bb2f9b97d72a45a2 dec2c73fc2bc6f4e 9a380a22825d21e4 d9876787ca534a27 d0fb975d567a5ba d7c4c79eb84a2ec6 829d78eda747c397 fcaf6951b14c2f25 e9965dec8fad3262 36f4f5fad47430f0 85c06015ec33d6d9 fbe1093cb3a45f4b 8818903bef56be01 db8a94db32d5ff36 e67a5e810dd8f051 fd2fae52d76b9e17 a419d4dee92eebd fc6bdf0ed8ba432d b025e144f0bbfbce df4eea8bf99b8d60 d255d08eba677e91 2b237a60dbbac999 d55656fa827bb1d2 3ce330648a7264eb e62d2e8527ac2788 aa27d95ae806aac4 f2790faf3b83857f e32fad07e70b09be cf11b482d8a63e34 9429c3b38d578661 f4629020c18ac432 9a310266f75970ba 4b0f71cc37444a2 84ff08d42e5ac61a a5b436d4f913873c bc87cbde1f300b3b cd8ad155aa652df0 a378b52cc186d4b3 e0b6dfeef33f0829 1da4361ae000810b 218755be2e41b143 a180b96cc11ceb46 a11d6c51023e35ac 307fe6efbf24ef86 41dacdc2a4c20f c4e2f7bbd200a05b 11258fe2a15f471e e404092ef562deaa c7637f0611676aaf b2c6b1cda8e700e9 1e49df94d8890ee8 e9f0799796cabafb 3fb1bbe5e5ad5e9a 3e366d829cb72b64 3381e660ddfb9b79 c3a8fa132826e719 c4de127df333a245 d12f3dbe01df6795 2a064eaef85ff8dd eb939b2214d837d1 16b79f66eee4612b e7445a09bcc2d8e0 d19b10b1c0bdee14 afa24f3fd2d7f52b f9ace0ce852b017 a9109e2b96e6a948 e9be9e74e135debd c9888ed5d8b2ed6b ef9996b3f9596c80 da8f4b3df2992d00 cb4c1a6bd9583527 d2b1a1a7a417da12 16b107133ae5b11f 943de6462d40ece5 d158c6f7e1fd217e 9ce2d29de6ef87ee 143074d3e809ce0a ca06ef893120b8e4 181040d2e5893bca cd9309d5e6e9c226 980a7b0a2c40b5a5 91c9f16f1799f95e fe83bb84b01abbdc dc5b7181df5cfb44 f6f6f4a2168e368f c6a8f26bee2562f1 cd825e35f57ab027 c08e6b6230463ed 1129c6dec47952d8 39f402ffd2b1d921 ] wstrb=[13 e b5 eb ec d6 ea 0 e5 9f eb d1 76 d6 d1 5b 75 bd 2c eb 93 fe 46 8 bb 73 f4 4e 71 3a 56 2c ad 4a 7a 1e 85 d0 4a 32 1b c4 51 a0 95 9b d2 b0 60 23 50 f5 bf 22 a5 1f 46 f5 14 5 17 b9 24 5d ae 38 62 c5 f1 86 23 9f be 85 64 af c 87 4e ca d b3 7a 19 3a c8 e3 47 7b 5d 60 b6 26 44 fd a1 a1 5e 57 c7 a2 55 69 43 b3 c0 b 55 15 74 98 c8 34 a3 1d 4a 17 b6 12 4c 59 30 96 71 e6 a8 bd 3f d8 53 b0 be fb 6d fe d4 c0 ae 92 bc 1c 90 90 dc 3f 22 98 5b b3 28 37 f2 4b d0 4d fe f8 84 f0 43 54 3d 41 4d c1 31 90 16 6e d2 63 30 3 f3 46 72 c5 a9 a2 c9 9c e8 3b 62 91 dd 2b 2d c5 66 8f 56 43 ba 83 8 20 13 5e 63 cd e1 6b ee f4 c9 51 c2 ab bd b0 9f 86 1 61 31 be 11 d1 45 13 32 76 d1 44 47 16 57 7a 8d 28 be d4 3f 15 ] bresp=0 bid=1100
[4905000] MASTER 0 W_VALID_RDY Handshake beat=6 wlast=0
[4905000] MASTER 0 B_VALID_RDY Handshake
[4905000] [MASTER MONITOR] mst_id=0 s_id=1 awaddr=13708530 awid=1100 awlen=234 awsize=1 awburst=1 wdata=[a2aaba46fd8f1d9e e5b4a63cf80bba23 f5452f60d54b9431 d2dab1cf37524fb9 2f5e09dc97efe9a6 ed3b7dd7388f580c efe1a7c524a3393c bc9322e2c0162fa7 f8a587b31f3fb1a1 c3e2eadd29cea0ba e9e4d061e8872f78 7c6e11980760dbf aa44ae79e28a5814 cb11878ccba9cbf6 cc1fd9b594297eda f6b3d6eed2d868a5 1e82349bf664882f 8a8e0709c1c55e7a 949dc71feaa20e50 e106967f0141ddf8 c3073c72b31ffbba 1dc20a0beb949d89 ecd67b81d7a50392 8ac4ff4cfec8a08a ea5d3e13afddb7f3 8782bb85a8870957 274fa9e2d733b994 71171881247bad2 bacec42991ace7f5 e8e0a18a8e942d0d a0dbe7dfe21e6e0b f3cb5601eff21312 fe86401fdbaaac09 bdc91a14dcabf78b cc9e0a9d1f6227ff fb0cd408b1947015 8e4067a0cb244abc ea8672bbb8d5ee1c ea6a5e32dade723d 2602bcfae59346c3 1e6934e0f8aac5d2 d389381090892fb5 f61c767908d39312 817e58e4f98bf50a 8a1524bf1485ab59 1d593e6bd50790f4 ce9385fe80319b38 94b746919ed7974f f3df2844d8a8aabe d8da45f6b21084fc d0e81c4cc272ae42 9b1b5900ed918c88 9fa21184c4c74490 8739f2d2f3f59ef7 e1872b7ff08a2dd0 b551726022554bd3 164aeaca81293d03 f1b36ad43c8b6533 dee0b106f7d21649 f8fb534ca704dd34 e3904267f52b9bd0 ecfdb219eaaebe20 11b39b55c270f36d b79c8f3de5f90565 d0a7c386f543ddbc 37b4d12aa49a4156 a9346bce25b5edb d79f3c97ef516067 13eba1bedb3b0a42 3d96691d8f540dc1 fea56e291e7ee87a f9b9f2bc9535a5b4 2489b37612910fe7 310ff86137505bd9 cc86018d232f219f 35c031862ac9eb1d e21a46f6f10fb503 943ed6a2e6d029e7 119a1504aea04883 1faffd87c9ff0828 b0cf320ff3b45bfa a254a47db3eed429 fdeddc52c2694713 b61da30dc204a204 f5f3762eaebd0e61 f1265575d872478b 9a76e98ff3e15280 a29e60e1a743f882 ffb6400d906a5fbd 844bb23d93c4b656 3b08aed91a2d299d aa97895a26ea131f baaec975babeeee6 d4ec18832ee33b98 d5cd4eb7f5b7784e 30766735ff83a1de 2e66dd76907c182c 633907b85627fb8 84e6219604342c2d 94b0445936a9f7b0 bc0c7768b34cff0c b7812b399ae3d4d4 d18dcc84c0f298ff f43f980bcc316f93 e71544670d9a43ed ce8cdcec2bc0c345 f7f232d838a310ec c63d54d9c2cc74f7 ee8d383cdf07773f 97aa882b14ca31c5 d796a6bce67f6b14 c586e254dde7dd04 f2b20ec9c623def9 aca34a0ddd316a7f 3b194784ca48b586 106c947ff22a2c61 cf5b96e1adcb564d f8140bd3bd0fde8c 2f3a0aee0a74de65 b84034b28880a052 c5907edffe95a1cf 90a803430544086 b8d4e0d8f4ca89cd f3602b9cc14ab4e6 f19ef56cfe655fb7 f32fe984fc6aabd0 bdb560b62a73d645 a8d935fce6901520 e2fac0f02f545623 d9c82c681c091f81 829934a120b021a7 d00477ca82a16264 9eaa81e5e593f592 644173929cca432 ac6e06962143b687 6d7ac19d6488f03 153335cb18887c ec5c3f030d1bc352 e3645255ac8339cb f79bc247f333eb1c 4fae6ee379858a 8ffcbf55e3f8014a d72bec66e3b400c3 c72d864d0798819d eb9082e7d77b9ad4 bb2f9b97d72a45a2 dec2c73fc2bc6f4e 9a380a22825d21e4 d9876787ca534a27 d0fb975d567a5ba d7c4c79eb84a2ec6 829d78eda747c397 fcaf6951b14c2f25 e9965dec8fad3262 36f4f5fad47430f0 85c06015ec33d6d9 fbe1093cb3a45f4b 8818903bef56be01 db8a94db32d5ff36 e67a5e810dd8f051 fd2fae52d76b9e17 a419d4dee92eebd fc6bdf0ed8ba432d b025e144f0bbfbce df4eea8bf99b8d60 d255d08eba677e91 2b237a60dbbac999 d55656fa827bb1d2 3ce330648a7264eb e62d2e8527ac2788 aa27d95ae806aac4 f2790faf3b83857f e32fad07e70b09be cf11b482d8a63e34 9429c3b38d578661 f4629020c18ac432 9a310266f75970ba 4b0f71cc37444a2 84ff08d42e5ac61a a5b436d4f913873c bc87cbde1f300b3b cd8ad155aa652df0 a378b52cc186d4b3 e0b6dfeef33f0829 1da4361ae000810b 218755be2e41b143 a180b96cc11ceb46 a11d6c51023e35ac 307fe6efbf24ef86 41dacdc2a4c20f c4e2f7bbd200a05b 11258fe2a15f471e e404092ef562deaa c7637f0611676aaf b2c6b1cda8e700e9 1e49df94d8890ee8 e9f0799796cabafb 3fb1bbe5e5ad5e9a 3e366d829cb72b64 3381e660ddfb9b79 c3a8fa132826e719 c4de127df333a245 d12f3dbe01df6795 2a064eaef85ff8dd eb939b2214d837d1 16b79f66eee4612b e7445a09bcc2d8e0 d19b10b1c0bdee14 afa24f3fd2d7f52b f9ace0ce852b017 a9109e2b96e6a948 e9be9e74e135debd c9888ed5d8b2ed6b ef9996b3f9596c80 da8f4b3df2992d00 cb4c1a6bd9583527 d2b1a1a7a417da12 16b107133ae5b11f 943de6462d40ece5 d158c6f7e1fd217e 9ce2d29de6ef87ee 143074d3e809ce0a ca06ef893120b8e4 181040d2e5893bca cd9309d5e6e9c226 980a7b0a2c40b5a5 91c9f16f1799f95e fe83bb84b01abbdc dc5b7181df5cfb44 f6f6f4a2168e368f c6a8f26bee2562f1 cd825e35f57ab027 c08e6b6230463ed 1129c6dec47952d8 39f402ffd2b1d921 ] wstrb=[13 e b5 eb ec d6 ea 0 e5 9f eb d1 76 d6 d1 5b 75 bd 2c eb 93 fe 46 8 bb 73 f4 4e 71 3a 56 2c ad 4a 7a 1e 85 d0 4a 32 1b c4 51 a0 95 9b d2 b0 60 23 50 f5 bf 22 a5 1f 46 f5 14 5 17 b9 24 5d ae 38 62 c5 f1 86 23 9f be 85 64 af c 87 4e ca d b3 7a 19 3a c8 e3 47 7b 5d 60 b6 26 44 fd a1 a1 5e 57 c7 a2 55 69 43 b3 c0 b 55 15 74 98 c8 34 a3 1d 4a 17 b6 12 4c 59 30 96 71 e6 a8 bd 3f d8 53 b0 be fb 6d fe d4 c0 ae 92 bc 1c 90 90 dc 3f 22 98 5b b3 28 37 f2 4b d0 4d fe f8 84 f0 43 54 3d 41 4d c1 31 90 16 6e d2 63 30 3 f3 46 72 c5 a9 a2 c9 9c e8 3b 62 91 dd 2b 2d c5 66 8f 56 43 ba 83 8 20 13 5e 63 cd e1 6b ee f4 c9 51 c2 ab bd b0 9f 86 1 61 31 be 11 d1 45 13 32 76 d1 44 47 16 57 7a 8d 28 be d4 3f 15 ] bresp=0 bid=1100
[4905000] S1 MEMORY WRITE beat=0 addr=1a54d4a8 data=efbb737b1efe7dff id=01
[4905000] SCOREBOARD MATCH: decode_err expected = 0, actual =0
[4905000] SCOREBOARD MATCH: slave_id expected = 1, actual =1
[4905000] SCOREBOARD MATCH: awaddr passthrough expected = 13708530, actual =13708530
[4905000] SCOREBOARD MATCH: awlen passthrough expected = 234, actual =234
[4905000] SCOREBOARD MATCH: awsize passthrough expected = 1, actual =1
[4905000] SCOREBOARD MATCH: awburst passthrough expected = 1, actual =1
[4905000] SCOREBOARD MATCH: wdata size check expected = eb, actual =eb
[4905000] SCOREBOARD MATCH: wdata passthrough beat=0 expected = a2aaba46fd8f1d9e, actual =a2aaba46fd8f1d9e
[4905000] SCOREBOARD MATCH: wdata passthrough beat=1 expected = e5b4a63cf80bba23, actual =e5b4a63cf80bba23
[4905000] SCOREBOARD MATCH: wdata passthrough beat=2 expected = f5452f60d54b9431, actual =f5452f60d54b9431
[4905000] SCOREBOARD MATCH: wdata passthrough beat=3 expected = d2dab1cf37524fb9, actual =d2dab1cf37524fb9
[4905000] SCOREBOARD MATCH: wdata passthrough beat=4 expected = 2f5e09dc97efe9a6, actual =2f5e09dc97efe9a6
[4905000] SCOREBOARD MATCH: wdata passthrough beat=5 expected = ed3b7dd7388f580c, actual =ed3b7dd7388f580c
[4905000] SCOREBOARD MATCH: wdata passthrough beat=6 expected = efe1a7c524a3393c, actual =efe1a7c524a3393c
[4905000] SCOREBOARD MATCH: wdata passthrough beat=7 expected = bc9322e2c0162fa7, actual =bc9322e2c0162fa7
[4905000] SCOREBOARD MATCH: wdata passthrough beat=8 expected = f8a587b31f3fb1a1, actual =f8a587b31f3fb1a1
[4905000] SCOREBOARD MATCH: wdata passthrough beat=9 expected = c3e2eadd29cea0ba, actual =c3e2eadd29cea0ba
[4905000] SCOREBOARD MATCH: wdata passthrough beat=10 expected = e9e4d061e8872f78, actual =e9e4d061e8872f78
[4905000] SCOREBOARD MATCH: wdata passthrough beat=11 expected = 7c6e11980760dbf, actual =7c6e11980760dbf
[4905000] SCOREBOARD MATCH: wdata passthrough beat=12 expected = aa44ae79e28a5814, actual =aa44ae79e28a5814
[4905000] SCOREBOARD MATCH: wdata passthrough beat=13 expected = cb11878ccba9cbf6, actual =cb11878ccba9cbf6
[4905000] SCOREBOARD MATCH: wdata passthrough beat=14 expected = cc1fd9b594297eda, actual =cc1fd9b594297eda
[4905000] SCOREBOARD MATCH: wdata passthrough beat=15 expected = f6b3d6eed2d868a5, actual =f6b3d6eed2d868a5
[4905000] SCOREBOARD MATCH: wdata passthrough beat=16 expected = 1e82349bf664882f, actual =1e82349bf664882f
[4905000] SCOREBOARD MATCH: wdata passthrough beat=17 expected = 8a8e0709c1c55e7a, actual =8a8e0709c1c55e7a
[4905000] SCOREBOARD MATCH: wdata passthrough beat=18 expected = 949dc71feaa20e50, actual =949dc71feaa20e50
[4905000] SCOREBOARD MATCH: wdata passthrough beat=19 expected = e106967f0141ddf8, actual =e106967f0141ddf8
[4905000] SCOREBOARD MATCH: wdata passthrough beat=20 expected = c3073c72b31ffbba, actual =c3073c72b31ffbba
[4905000] SCOREBOARD MATCH: wdata passthrough beat=21 expected = 1dc20a0beb949d89, actual =1dc20a0beb949d89
[4905000] SCOREBOARD MATCH: wdata passthrough beat=22 expected = ecd67b81d7a50392, actual =ecd67b81d7a50392
[4905000] SCOREBOARD MATCH: wdata passthrough beat=23 expected = 8ac4ff4cfec8a08a, actual =8ac4ff4cfec8a08a
[4905000] SCOREBOARD MATCH: wdata passthrough beat=24 expected = ea5d3e13afddb7f3, actual =ea5d3e13afddb7f3
[4905000] SCOREBOARD MATCH: wdata passthrough beat=25 expected = 8782bb85a8870957, actual =8782bb85a8870957
[4905000] SCOREBOARD MATCH: wdata passthrough beat=26 expected = 274fa9e2d733b994, actual =274fa9e2d733b994
[4905000] SCOREBOARD MATCH: wdata passthrough beat=27 expected = 71171881247bad2, actual =71171881247bad2
[4905000] SCOREBOARD MATCH: wdata passthrough beat=28 expected = bacec42991ace7f5, actual =bacec42991ace7f5
[4905000] SCOREBOARD MATCH: wdata passthrough beat=29 expected = e8e0a18a8e942d0d, actual =e8e0a18a8e942d0d
[4905000] SCOREBOARD MATCH: wdata passthrough beat=30 expected = a0dbe7dfe21e6e0b, actual =a0dbe7dfe21e6e0b
[4905000] SCOREBOARD MATCH: wdata passthrough beat=31 expected = f3cb5601eff21312, actual =f3cb5601eff21312
[4905000] SCOREBOARD MATCH: wdata passthrough beat=32 expected = fe86401fdbaaac09, actual =fe86401fdbaaac09
[4905000] SCOREBOARD MATCH: wdata passthrough beat=33 expected = bdc91a14dcabf78b, actual =bdc91a14dcabf78b
[4905000] SCOREBOARD MATCH: wdata passthrough beat=34 expected = cc9e0a9d1f6227ff, actual =cc9e0a9d1f6227ff
[4905000] SCOREBOARD MATCH: wdata passthrough beat=35 expected = fb0cd408b1947015, actual =fb0cd408b1947015
[4905000] SCOREBOARD MATCH: wdata passthrough beat=36 expected = 8e4067a0cb244abc, actual =8e4067a0cb244abc
[4905000] SCOREBOARD MATCH: wdata passthrough beat=37 expected = ea8672bbb8d5ee1c, actual =ea8672bbb8d5ee1c
[4905000] SCOREBOARD MATCH: wdata passthrough beat=38 expected = ea6a5e32dade723d, actual =ea6a5e32dade723d
[4905000] SCOREBOARD MATCH: wdata passthrough beat=39 expected = 2602bcfae59346c3, actual =2602bcfae59346c3
[4905000] SCOREBOARD MATCH: wdata passthrough beat=40 expected = 1e6934e0f8aac5d2, actual =1e6934e0f8aac5d2
[4905000] SCOREBOARD MATCH: wdata passthrough beat=41 expected = d389381090892fb5, actual =d389381090892fb5
[4905000] SCOREBOARD MATCH: wdata passthrough beat=42 expected = f61c767908d39312, actual =f61c767908d39312
[4905000] SCOREBOARD MATCH: wdata passthrough beat=43 expected = 817e58e4f98bf50a, actual =817e58e4f98bf50a
[4905000] SCOREBOARD MATCH: wdata passthrough beat=44 expected = 8a1524bf1485ab59, actual =8a1524bf1485ab59
[4905000] SCOREBOARD MATCH: wdata passthrough beat=45 expected = 1d593e6bd50790f4, actual =1d593e6bd50790f4
[4905000] SCOREBOARD MATCH: wdata passthrough beat=46 expected = ce9385fe80319b38, actual =ce9385fe80319b38
[4905000] SCOREBOARD MATCH: wdata passthrough beat=47 expected = 94b746919ed7974f, actual =94b746919ed7974f
[4905000] SCOREBOARD MATCH: wdata passthrough beat=48 expected = f3df2844d8a8aabe, actual =f3df2844d8a8aabe
[4905000] SCOREBOARD MATCH: wdata passthrough beat=49 expected = d8da45f6b21084fc, actual =d8da45f6b21084fc
[4905000] SCOREBOARD MATCH: wdata passthrough beat=50 expected = d0e81c4cc272ae42, actual =d0e81c4cc272ae42
[4905000] SCOREBOARD MATCH: wdata passthrough beat=51 expected = 9b1b5900ed918c88, actual =9b1b5900ed918c88
[4905000] SCOREBOARD MATCH: wdata passthrough beat=52 expected = 9fa21184c4c74490, actual =9fa21184c4c74490
[4905000] SCOREBOARD MATCH: wdata passthrough beat=53 expected = 8739f2d2f3f59ef7, actual =8739f2d2f3f59ef7
[4905000] SCOREBOARD MATCH: wdata passthrough beat=54 expected = e1872b7ff08a2dd0, actual =e1872b7ff08a2dd0
[4905000] SCOREBOARD MATCH: wdata passthrough beat=55 expected = b551726022554bd3, actual =b551726022554bd3
[4905000] SCOREBOARD MATCH: wdata passthrough beat=56 expected = 164aeaca81293d03, actual =164aeaca81293d03
[4905000] SCOREBOARD MATCH: wdata passthrough beat=57 expected = f1b36ad43c8b6533, actual =f1b36ad43c8b6533
[4905000] SCOREBOARD MATCH: wdata passthrough beat=58 expected = dee0b106f7d21649, actual =dee0b106f7d21649
[4905000] SCOREBOARD MATCH: wdata passthrough beat=59 expected = f8fb534ca704dd34, actual =f8fb534ca704dd34
[4905000] SCOREBOARD MATCH: wdata passthrough beat=60 expected = e3904267f52b9bd0, actual =e3904267f52b9bd0
[4905000] SCOREBOARD MATCH: wdata passthrough beat=61 expected = ecfdb219eaaebe20, actual =ecfdb219eaaebe20
[4905000] SCOREBOARD MATCH: wdata passthrough beat=62 expected = 11b39b55c270f36d, actual =11b39b55c270f36d
[4905000] SCOREBOARD MATCH: wdata passthrough beat=63 expected = b79c8f3de5f90565, actual =b79c8f3de5f90565
[4905000] SCOREBOARD MATCH: wdata passthrough beat=64 expected = d0a7c386f543ddbc, actual =d0a7c386f543ddbc
[4905000] SCOREBOARD MATCH: wdata passthrough beat=65 expected = 37b4d12aa49a4156, actual =37b4d12aa49a4156
[4905000] SCOREBOARD MATCH: wdata passthrough beat=66 expected = a9346bce25b5edb, actual =a9346bce25b5edb
[4905000] SCOREBOARD MATCH: wdata passthrough beat=67 expected = d79f3c97ef516067, actual =d79f3c97ef516067
[4905000] SCOREBOARD MATCH: wdata passthrough beat=68 expected = 13eba1bedb3b0a42, actual =13eba1bedb3b0a42
[4905000] SCOREBOARD MATCH: wdata passthrough beat=69 expected = 3d96691d8f540dc1, actual =3d96691d8f540dc1
[4905000] SCOREBOARD MATCH: wdata passthrough beat=70 expected = fea56e291e7ee87a, actual =fea56e291e7ee87a
[4905000] SCOREBOARD MATCH: wdata passthrough beat=71 expected = f9b9f2bc9535a5b4, actual =f9b9f2bc9535a5b4
[4905000] SCOREBOARD MATCH: wdata passthrough beat=72 expected = 2489b37612910fe7, actual =2489b37612910fe7
[4905000] SCOREBOARD MATCH: wdata passthrough beat=73 expected = 310ff86137505bd9, actual =310ff86137505bd9
[4905000] SCOREBOARD MATCH: wdata passthrough beat=74 expected = cc86018d232f219f, actual =cc86018d232f219f
[4905000] SCOREBOARD MATCH: wdata passthrough beat=75 expected = 35c031862ac9eb1d, actual =35c031862ac9eb1d
[4905000] SCOREBOARD MATCH: wdata passthrough beat=76 expected = e21a46f6f10fb503, actual =e21a46f6f10fb503
[4905000] SCOREBOARD MATCH: wdata passthrough beat=77 expected = 943ed6a2e6d029e7, actual =943ed6a2e6d029e7
[4905000] SCOREBOARD MATCH: wdata passthrough beat=78 expected = 119a1504aea04883, actual =119a1504aea04883
[4905000] SCOREBOARD MATCH: wdata passthrough beat=79 expected = 1faffd87c9ff0828, actual =1faffd87c9ff0828
[4905000] SCOREBOARD MATCH: wdata passthrough beat=80 expected = b0cf320ff3b45bfa, actual =b0cf320ff3b45bfa
[4905000] SCOREBOARD MATCH: wdata passthrough beat=81 expected = a254a47db3eed429, actual =a254a47db3eed429
[4905000] SCOREBOARD MATCH: wdata passthrough beat=82 expected = fdeddc52c2694713, actual =fdeddc52c2694713
[4905000] SCOREBOARD MATCH: wdata passthrough beat=83 expected = b61da30dc204a204, actual =b61da30dc204a204
[4905000] SCOREBOARD MATCH: wdata passthrough beat=84 expected = f5f3762eaebd0e61, actual =f5f3762eaebd0e61
[4905000] SCOREBOARD MATCH: wdata passthrough beat=85 expected = f1265575d872478b, actual =f1265575d872478b
[4905000] SCOREBOARD MATCH: wdata passthrough beat=86 expected = 9a76e98ff3e15280, actual =9a76e98ff3e15280
[4905000] SCOREBOARD MATCH: wdata passthrough beat=87 expected = a29e60e1a743f882, actual =a29e60e1a743f882
[4905000] SCOREBOARD MATCH: wdata passthrough beat=88 expected = ffb6400d906a5fbd, actual =ffb6400d906a5fbd
[4905000] SCOREBOARD MATCH: wdata passthrough beat=89 expected = 844bb23d93c4b656, actual =844bb23d93c4b656
[4905000] SCOREBOARD MATCH: wdata passthrough beat=90 expected = 3b08aed91a2d299d, actual =3b08aed91a2d299d
[4905000] SCOREBOARD MATCH: wdata passthrough beat=91 expected = aa97895a26ea131f, actual =aa97895a26ea131f
[4905000] SCOREBOARD MATCH: wdata passthrough beat=92 expected = baaec975babeeee6, actual =baaec975babeeee6
[4905000] SCOREBOARD MATCH: wdata passthrough beat=93 expected = d4ec18832ee33b98, actual =d4ec18832ee33b98
[4905000] SCOREBOARD MATCH: wdata passthrough beat=94 expected = d5cd4eb7f5b7784e, actual =d5cd4eb7f5b7784e
[4905000] SCOREBOARD MATCH: wdata passthrough beat=95 expected = 30766735ff83a1de, actual =30766735ff83a1de
[4905000] SCOREBOARD MATCH: wdata passthrough beat=96 expected = 2e66dd76907c182c, actual =2e66dd76907c182c
[4905000] SCOREBOARD MATCH: wdata passthrough beat=97 expected = 633907b85627fb8, actual =633907b85627fb8
[4905000] SCOREBOARD MATCH: wdata passthrough beat=98 expected = 84e6219604342c2d, actual =84e6219604342c2d
[4905000] SCOREBOARD MATCH: wdata passthrough beat=99 expected = 94b0445936a9f7b0, actual =94b0445936a9f7b0
[4905000] SCOREBOARD MATCH: wdata passthrough beat=100 expected = bc0c7768b34cff0c, actual =bc0c7768b34cff0c
[4905000] SCOREBOARD MATCH: wdata passthrough beat=101 expected = b7812b399ae3d4d4, actual =b7812b399ae3d4d4
[4905000] SCOREBOARD MATCH: wdata passthrough beat=102 expected = d18dcc84c0f298ff, actual =d18dcc84c0f298ff
[4905000] SCOREBOARD MATCH: wdata passthrough beat=103 expected = f43f980bcc316f93, actual =f43f980bcc316f93
[4905000] SCOREBOARD MATCH: wdata passthrough beat=104 expected = e71544670d9a43ed, actual =e71544670d9a43ed
[4905000] SCOREBOARD MATCH: wdata passthrough beat=105 expected = ce8cdcec2bc0c345, actual =ce8cdcec2bc0c345
[4905000] SCOREBOARD MATCH: wdata passthrough beat=106 expected = f7f232d838a310ec, actual =f7f232d838a310ec
[4905000] SCOREBOARD MATCH: wdata passthrough beat=107 expected = c63d54d9c2cc74f7, actual =c63d54d9c2cc74f7
[4905000] SCOREBOARD MATCH: wdata passthrough beat=108 expected = ee8d383cdf07773f, actual =ee8d383cdf07773f
[4905000] SCOREBOARD MATCH: wdata passthrough beat=109 expected = 97aa882b14ca31c5, actual =97aa882b14ca31c5
[4905000] SCOREBOARD MATCH: wdata passthrough beat=110 expected = d796a6bce67f6b14, actual =d796a6bce67f6b14
[4905000] SCOREBOARD MATCH: wdata passthrough beat=111 expected = c586e254dde7dd04, actual =c586e254dde7dd04
[4905000] SCOREBOARD MATCH: wdata passthrough beat=112 expected = f2b20ec9c623def9, actual =f2b20ec9c623def9
[4905000] SCOREBOARD MATCH: wdata passthrough beat=113 expected = aca34a0ddd316a7f, actual =aca34a0ddd316a7f
[4905000] SCOREBOARD MATCH: wdata passthrough beat=114 expected = 3b194784ca48b586, actual =3b194784ca48b586
[4905000] SCOREBOARD MATCH: wdata passthrough beat=115 expected = 106c947ff22a2c61, actual =106c947ff22a2c61
[4905000] SCOREBOARD MATCH: wdata passthrough beat=116 expected = cf5b96e1adcb564d, actual =cf5b96e1adcb564d
[4905000] SCOREBOARD MATCH: wdata passthrough beat=117 expected = f8140bd3bd0fde8c, actual =f8140bd3bd0fde8c
[4905000] SCOREBOARD MATCH: wdata passthrough beat=118 expected = 2f3a0aee0a74de65, actual =2f3a0aee0a74de65
[4905000] SCOREBOARD MATCH: wdata passthrough beat=119 expected = b84034b28880a052, actual =b84034b28880a052
[4905000] SCOREBOARD MATCH: wdata passthrough beat=120 expected = c5907edffe95a1cf, actual =c5907edffe95a1cf
[4905000] SCOREBOARD MATCH: wdata passthrough beat=121 expected = 90a803430544086, actual =90a803430544086
[4905000] SCOREBOARD MATCH: wdata passthrough beat=122 expected = b8d4e0d8f4ca89cd, actual =b8d4e0d8f4ca89cd
[4905000] SCOREBOARD MATCH: wdata passthrough beat=123 expected = f3602b9cc14ab4e6, actual =f3602b9cc14ab4e6
[4905000] SCOREBOARD MATCH: wdata passthrough beat=124 expected = f19ef56cfe655fb7, actual =f19ef56cfe655fb7
[4905000] SCOREBOARD MATCH: wdata passthrough beat=125 expected = f32fe984fc6aabd0, actual =f32fe984fc6aabd0
[4905000] SCOREBOARD MATCH: wdata passthrough beat=126 expected = bdb560b62a73d645, actual =bdb560b62a73d645
[4905000] SCOREBOARD MATCH: wdata passthrough beat=127 expected = a8d935fce6901520, actual =a8d935fce6901520
[4905000] SCOREBOARD MATCH: wdata passthrough beat=128 expected = e2fac0f02f545623, actual =e2fac0f02f545623
[4905000] SCOREBOARD MATCH: wdata passthrough beat=129 expected = d9c82c681c091f81, actual =d9c82c681c091f81
[4905000] SCOREBOARD MATCH: wdata passthrough beat=130 expected = 829934a120b021a7, actual =829934a120b021a7
[4905000] SCOREBOARD MATCH: wdata passthrough beat=131 expected = d00477ca82a16264, actual =d00477ca82a16264
[4905000] SCOREBOARD MATCH: wdata passthrough beat=132 expected = 9eaa81e5e593f592, actual =9eaa81e5e593f592
[4905000] SCOREBOARD MATCH: wdata passthrough beat=133 expected = 644173929cca432, actual =644173929cca432
[4905000] SCOREBOARD MATCH: wdata passthrough beat=134 expected = ac6e06962143b687, actual =ac6e06962143b687
[4905000] SCOREBOARD MATCH: wdata passthrough beat=135 expected = 6d7ac19d6488f03, actual =6d7ac19d6488f03
[4905000] SCOREBOARD MATCH: wdata passthrough beat=136 expected = 153335cb18887c, actual =153335cb18887c
[4905000] SCOREBOARD MATCH: wdata passthrough beat=137 expected = ec5c3f030d1bc352, actual =ec5c3f030d1bc352
[4905000] SCOREBOARD MATCH: wdata passthrough beat=138 expected = e3645255ac8339cb, actual =e3645255ac8339cb
[4905000] SCOREBOARD MATCH: wdata passthrough beat=139 expected = f79bc247f333eb1c, actual =f79bc247f333eb1c
[4905000] SCOREBOARD MATCH: wdata passthrough beat=140 expected = 4fae6ee379858a, actual =4fae6ee379858a
[4905000] SCOREBOARD MATCH: wdata passthrough beat=141 expected = 8ffcbf55e3f8014a, actual =8ffcbf55e3f8014a
[4905000] SCOREBOARD MATCH: wdata passthrough beat=142 expected = d72bec66e3b400c3, actual =d72bec66e3b400c3
[4905000] SCOREBOARD MATCH: wdata passthrough beat=143 expected = c72d864d0798819d, actual =c72d864d0798819d
[4905000] SCOREBOARD MATCH: wdata passthrough beat=144 expected = eb9082e7d77b9ad4, actual =eb9082e7d77b9ad4
[4905000] SCOREBOARD MATCH: wdata passthrough beat=145 expected = bb2f9b97d72a45a2, actual =bb2f9b97d72a45a2
[4905000] SCOREBOARD MATCH: wdata passthrough beat=146 expected = dec2c73fc2bc6f4e, actual =dec2c73fc2bc6f4e
[4905000] SCOREBOARD MATCH: wdata passthrough beat=147 expected = 9a380a22825d21e4, actual =9a380a22825d21e4
[4905000] SCOREBOARD MATCH: wdata passthrough beat=148 expected = d9876787ca534a27, actual =d9876787ca534a27
[4905000] SCOREBOARD MATCH: wdata passthrough beat=149 expected = d0fb975d567a5ba, actual =d0fb975d567a5ba
[4905000] SCOREBOARD MATCH: wdata passthrough beat=150 expected = d7c4c79eb84a2ec6, actual =d7c4c79eb84a2ec6
[4905000] SCOREBOARD MATCH: wdata passthrough beat=151 expected = 829d78eda747c397, actual =829d78eda747c397
[4905000] SCOREBOARD MATCH: wdata passthrough beat=152 expected = fcaf6951b14c2f25, actual =fcaf6951b14c2f25
[4905000] SCOREBOARD MATCH: wdata passthrough beat=153 expected = e9965dec8fad3262, actual =e9965dec8fad3262
[4905000] SCOREBOARD MATCH: wdata passthrough beat=154 expected = 36f4f5fad47430f0, actual =36f4f5fad47430f0
[4905000] SCOREBOARD MATCH: wdata passthrough beat=155 expected = 85c06015ec33d6d9, actual =85c06015ec33d6d9
[4905000] SCOREBOARD MATCH: wdata passthrough beat=156 expected = fbe1093cb3a45f4b, actual =fbe1093cb3a45f4b
[4905000] SCOREBOARD MATCH: wdata passthrough beat=157 expected = 8818903bef56be01, actual =8818903bef56be01
[4905000] SCOREBOARD MATCH: wdata passthrough beat=158 expected = db8a94db32d5ff36, actual =db8a94db32d5ff36
[4905000] SCOREBOARD MATCH: wdata passthrough beat=159 expected = e67a5e810dd8f051, actual =e67a5e810dd8f051
[4905000] SCOREBOARD MATCH: wdata passthrough beat=160 expected = fd2fae52d76b9e17, actual =fd2fae52d76b9e17
[4905000] SCOREBOARD MATCH: wdata passthrough beat=161 expected = a419d4dee92eebd, actual =a419d4dee92eebd
[4905000] SCOREBOARD MATCH: wdata passthrough beat=162 expected = fc6bdf0ed8ba432d, actual =fc6bdf0ed8ba432d
[4905000] SCOREBOARD MATCH: wdata passthrough beat=163 expected = b025e144f0bbfbce, actual =b025e144f0bbfbce
[4905000] SCOREBOARD MATCH: wdata passthrough beat=164 expected = df4eea8bf99b8d60, actual =df4eea8bf99b8d60
[4905000] SCOREBOARD MATCH: wdata passthrough beat=165 expected = d255d08eba677e91, actual =d255d08eba677e91
[4905000] SCOREBOARD MATCH: wdata passthrough beat=166 expected = 2b237a60dbbac999, actual =2b237a60dbbac999
[4905000] SCOREBOARD MATCH: wdata passthrough beat=167 expected = d55656fa827bb1d2, actual =d55656fa827bb1d2
[4905000] SCOREBOARD MATCH: wdata passthrough beat=168 expected = 3ce330648a7264eb, actual =3ce330648a7264eb
[4905000] SCOREBOARD MATCH: wdata passthrough beat=169 expected = e62d2e8527ac2788, actual =e62d2e8527ac2788
[4905000] SCOREBOARD MATCH: wdata passthrough beat=170 expected = aa27d95ae806aac4, actual =aa27d95ae806aac4
[4905000] SCOREBOARD MATCH: wdata passthrough beat=171 expected = f2790faf3b83857f, actual =f2790faf3b83857f
[4905000] SCOREBOARD MATCH: wdata passthrough beat=172 expected = e32fad07e70b09be, actual =e32fad07e70b09be
[4905000] SCOREBOARD MATCH: wdata passthrough beat=173 expected = cf11b482d8a63e34, actual =cf11b482d8a63e34
[4905000] SCOREBOARD MATCH: wdata passthrough beat=174 expected = 9429c3b38d578661, actual =9429c3b38d578661
[4905000] SCOREBOARD MATCH: wdata passthrough beat=175 expected = f4629020c18ac432, actual =f4629020c18ac432
[4905000] SCOREBOARD MATCH: wdata passthrough beat=176 expected = 9a310266f75970ba, actual =9a310266f75970ba
[4905000] SCOREBOARD MATCH: wdata passthrough beat=177 expected = 4b0f71cc37444a2, actual =4b0f71cc37444a2
[4905000] SCOREBOARD MATCH: wdata passthrough beat=178 expected = 84ff08d42e5ac61a, actual =84ff08d42e5ac61a
[4905000] SCOREBOARD MATCH: wdata passthrough beat=179 expected = a5b436d4f913873c, actual =a5b436d4f913873c
[4905000] SCOREBOARD MATCH: wdata passthrough beat=180 expected = bc87cbde1f300b3b, actual =bc87cbde1f300b3b
[4905000] SCOREBOARD MATCH: wdata passthrough beat=181 expected = cd8ad155aa652df0, actual =cd8ad155aa652df0
[4905000] SCOREBOARD MATCH: wdata passthrough beat=182 expected = a378b52cc186d4b3, actual =a378b52cc186d4b3
[4905000] SCOREBOARD MATCH: wdata passthrough beat=183 expected = e0b6dfeef33f0829, actual =e0b6dfeef33f0829
[4905000] SCOREBOARD MATCH: wdata passthrough beat=184 expected = 1da4361ae000810b, actual =1da4361ae000810b
[4905000] SCOREBOARD MATCH: wdata passthrough beat=185 expected = 218755be2e41b143, actual =218755be2e41b143
[4905000] SCOREBOARD MATCH: wdata passthrough beat=186 expected = a180b96cc11ceb46, actual =a180b96cc11ceb46
[4905000] SCOREBOARD MATCH: wdata passthrough beat=187 expected = a11d6c51023e35ac, actual =a11d6c51023e35ac
[4905000] SCOREBOARD MATCH: wdata passthrough beat=188 expected = 307fe6efbf24ef86, actual =307fe6efbf24ef86
[4905000] SCOREBOARD MATCH: wdata passthrough beat=189 expected = 41dacdc2a4c20f, actual =41dacdc2a4c20f
[4905000] SCOREBOARD MATCH: wdata passthrough beat=190 expected = c4e2f7bbd200a05b, actual =c4e2f7bbd200a05b
[4905000] SCOREBOARD MATCH: wdata passthrough beat=191 expected = 11258fe2a15f471e, actual =11258fe2a15f471e
[4905000] SCOREBOARD MATCH: wdata passthrough beat=192 expected = e404092ef562deaa, actual =e404092ef562deaa
[4905000] SCOREBOARD MATCH: wdata passthrough beat=193 expected = c7637f0611676aaf, actual =c7637f0611676aaf
[4905000] SCOREBOARD MATCH: wdata passthrough beat=194 expected = b2c6b1cda8e700e9, actual =b2c6b1cda8e700e9
[4905000] SCOREBOARD MATCH: wdata passthrough beat=195 expected = 1e49df94d8890ee8, actual =1e49df94d8890ee8
[4905000] SCOREBOARD MATCH: wdata passthrough beat=196 expected = e9f0799796cabafb, actual =e9f0799796cabafb
[4905000] SCOREBOARD MATCH: wdata passthrough beat=197 expected = 3fb1bbe5e5ad5e9a, actual =3fb1bbe5e5ad5e9a
[4905000] SCOREBOARD MATCH: wdata passthrough beat=198 expected = 3e366d829cb72b64, actual =3e366d829cb72b64
[4905000] SCOREBOARD MATCH: wdata passthrough beat=199 expected = 3381e660ddfb9b79, actual =3381e660ddfb9b79
[4905000] SCOREBOARD MATCH: wdata passthrough beat=200 expected = c3a8fa132826e719, actual =c3a8fa132826e719
[4905000] SCOREBOARD MATCH: wdata passthrough beat=201 expected = c4de127df333a245, actual =c4de127df333a245
[4905000] SCOREBOARD MATCH: wdata passthrough beat=202 expected = d12f3dbe01df6795, actual =d12f3dbe01df6795
[4905000] SCOREBOARD MATCH: wdata passthrough beat=203 expected = 2a064eaef85ff8dd, actual =2a064eaef85ff8dd
[4905000] SCOREBOARD MATCH: wdata passthrough beat=204 expected = eb939b2214d837d1, actual =eb939b2214d837d1
[4905000] SCOREBOARD MATCH: wdata passthrough beat=205 expected = 16b79f66eee4612b, actual =16b79f66eee4612b
[4905000] SCOREBOARD MATCH: wdata passthrough beat=206 expected = e7445a09bcc2d8e0, actual =e7445a09bcc2d8e0
[4905000] SCOREBOARD MATCH: wdata passthrough beat=207 expected = d19b10b1c0bdee14, actual =d19b10b1c0bdee14
[4905000] SCOREBOARD MATCH: wdata passthrough beat=208 expected = afa24f3fd2d7f52b, actual =afa24f3fd2d7f52b
[4905000] SCOREBOARD MATCH: wdata passthrough beat=209 expected = f9ace0ce852b017, actual =f9ace0ce852b017
[4905000] SCOREBOARD MATCH: wdata passthrough beat=210 expected = a9109e2b96e6a948, actual =a9109e2b96e6a948
[4905000] SCOREBOARD MATCH: wdata passthrough beat=211 expected = e9be9e74e135debd, actual =e9be9e74e135debd
[4905000] SCOREBOARD MATCH: wdata passthrough beat=212 expected = c9888ed5d8b2ed6b, actual =c9888ed5d8b2ed6b
[4905000] SCOREBOARD MATCH: wdata passthrough beat=213 expected = ef9996b3f9596c80, actual =ef9996b3f9596c80
[4905000] SCOREBOARD MATCH: wdata passthrough beat=214 expected = da8f4b3df2992d00, actual =da8f4b3df2992d00
[4905000] SCOREBOARD MATCH: wdata passthrough beat=215 expected = cb4c1a6bd9583527, actual =cb4c1a6bd9583527
[4905000] SCOREBOARD MATCH: wdata passthrough beat=216 expected = d2b1a1a7a417da12, actual =d2b1a1a7a417da12
[4905000] SCOREBOARD MATCH: wdata passthrough beat=217 expected = 16b107133ae5b11f, actual =16b107133ae5b11f
[4905000] SCOREBOARD MATCH: wdata passthrough beat=218 expected = 943de6462d40ece5, actual =943de6462d40ece5
[4905000] SCOREBOARD MATCH: wdata passthrough beat=219 expected = d158c6f7e1fd217e, actual =d158c6f7e1fd217e
[4905000] SCOREBOARD MATCH: wdata passthrough beat=220 expected = 9ce2d29de6ef87ee, actual =9ce2d29de6ef87ee
[4905000] SCOREBOARD MATCH: wdata passthrough beat=221 expected = 143074d3e809ce0a, actual =143074d3e809ce0a
[4905000] SCOREBOARD MATCH: wdata passthrough beat=222 expected = ca06ef893120b8e4, actual =ca06ef893120b8e4
[4905000] SCOREBOARD MATCH: wdata passthrough beat=223 expected = 181040d2e5893bca, actual =181040d2e5893bca
[4905000] SCOREBOARD MATCH: wdata passthrough beat=224 expected = cd9309d5e6e9c226, actual =cd9309d5e6e9c226
[4905000] SCOREBOARD MATCH: wdata passthrough beat=225 expected = 980a7b0a2c40b5a5, actual =980a7b0a2c40b5a5
[4905000] SCOREBOARD MATCH: wdata passthrough beat=226 expected = 91c9f16f1799f95e, actual =91c9f16f1799f95e
[4905000] SCOREBOARD MATCH: wdata passthrough beat=227 expected = fe83bb84b01abbdc, actual =fe83bb84b01abbdc
[4905000] SCOREBOARD MATCH: wdata passthrough beat=228 expected = dc5b7181df5cfb44, actual =dc5b7181df5cfb44
[4905000] SCOREBOARD MATCH: wdata passthrough beat=229 expected = f6f6f4a2168e368f, actual =f6f6f4a2168e368f
[4905000] SCOREBOARD MATCH: wdata passthrough beat=230 expected = c6a8f26bee2562f1, actual =c6a8f26bee2562f1
[4905000] SCOREBOARD MATCH: wdata passthrough beat=231 expected = cd825e35f57ab027, actual =cd825e35f57ab027
[4905000] SCOREBOARD MATCH: wdata passthrough beat=232 expected = c08e6b6230463ed, actual =c08e6b6230463ed
[4905000] SCOREBOARD MATCH: wdata passthrough beat=233 expected = 1129c6dec47952d8, actual =1129c6dec47952d8
[4905000] SCOREBOARD MATCH: wdata passthrough beat=234 expected = 39f402ffd2b1d921, actual =39f402ffd2b1d921
[4905000] SCOREBOARD MATCH: wstrb size check expected = eb, actual =eb
[4905000] SCOREBOARD MATCH: wstrb passthrough beat=0 expected = 13, actual =13
[4905000] SCOREBOARD MATCH: wstrb passthrough beat=1 expected = e, actual =e
[4905000] SCOREBOARD MATCH: wstrb passthrough beat=2 expected = b5, actual =b5
[4905000] SCOREBOARD MATCH: wstrb passthrough beat=3 expected = eb, actual =eb
[4905000] SCOREBOARD MATCH: wstrb passthrough beat=4 expected = ec, actual =ec
[4905000] SCOREBOARD MATCH: wstrb passthrough beat=5 expected = d6, actual =d6
[4905000] SCOREBOARD MATCH: wstrb passthrough beat=6 expected = ea, actual =ea
[4905000] SCOREBOARD MATCH: wstrb passthrough beat=7 expected = 0, actual =0
[4905000] SCOREBOARD MATCH: wstrb passthrough beat=8 expected = e5, actual =e5
[4905000] SCOREBOARD MATCH: wstrb passthrough beat=9 expected = 9f, actual =9f
[4905000] SCOREBOARD MATCH: wstrb passthrough beat=10 expected = eb, actual =eb
[4905000] SCOREBOARD MATCH: wstrb passthrough beat=11 expected = d1, actual =d1
[4905000] SCOREBOARD MATCH: wstrb passthrough beat=12 expected = 76, actual =76
[4905000] SCOREBOARD MATCH: wstrb passthrough beat=13 expected = d6, actual =d6
[4905000] SCOREBOARD MATCH: wstrb passthrough beat=14 expected = d1, actual =d1
[4905000] SCOREBOARD MATCH: wstrb passthrough beat=15 expected = 5b, actual =5b
[4905000] SCOREBOARD MATCH: wstrb passthrough beat=16 expected = 75, actual =75
[4905000] SCOREBOARD MATCH: wstrb passthrough beat=17 expected = bd, actual =bd
[4905000] SCOREBOARD MATCH: wstrb passthrough beat=18 expected = 2c, actual =2c
[4905000] SCOREBOARD MATCH: wstrb passthrough beat=19 expected = eb, actual =eb
[4905000] SCOREBOARD MATCH: wstrb passthrough beat=20 expected = 93, actual =93
[4905000] SCOREBOARD MATCH: wstrb passthrough beat=21 expected = fe, actual =fe
[4905000] SCOREBOARD MATCH: wstrb passthrough beat=22 expected = 46, actual =46
[4905000] SCOREBOARD MATCH: wstrb passthrough beat=23 expected = 8, actual =8
[4905000] SCOREBOARD MATCH: wstrb passthrough beat=24 expected = bb, actual =bb
[4905000] SCOREBOARD MATCH: wstrb passthrough beat=25 expected = 73, actual =73
[4905000] SCOREBOARD MATCH: wstrb passthrough beat=26 expected = f4, actual =f4
[4905000] SCOREBOARD MATCH: wstrb passthrough beat=27 expected = 4e, actual =4e
[4905000] SCOREBOARD MATCH: wstrb passthrough beat=28 expected = 71, actual =71
[4905000] SCOREBOARD MATCH: wstrb passthrough beat=29 expected = 3a, actual =3a
[4905000] SCOREBOARD MATCH: wstrb passthrough beat=30 expected = 56, actual =56
[4905000] SCOREBOARD MATCH: wstrb passthrough beat=31 expected = 2c, actual =2c
[4905000] SCOREBOARD MATCH: wstrb passthrough beat=32 expected = ad, actual =ad
[4905000] SCOREBOARD MATCH: wstrb passthrough beat=33 expected = 4a, actual =4a
[4905000] SCOREBOARD MATCH: wstrb passthrough beat=34 expected = 7a, actual =7a
[4905000] SCOREBOARD MATCH: wstrb passthrough beat=35 expected = 1e, actual =1e
[4905000] SCOREBOARD MATCH: wstrb passthrough beat=36 expected = 85, actual =85
[4905000] SCOREBOARD MATCH: wstrb passthrough beat=37 expected = d0, actual =d0
[4905000] SCOREBOARD MATCH: wstrb passthrough beat=38 expected = 4a, actual =4a
[4905000] SCOREBOARD MATCH: wstrb passthrough beat=39 expected = 32, actual =32
[4905000] SCOREBOARD MATCH: wstrb passthrough beat=40 expected = 1b, actual =1b
[4905000] SCOREBOARD MATCH: wstrb passthrough beat=41 expected = c4, actual =c4
[4905000] SCOREBOARD MATCH: wstrb passthrough beat=42 expected = 51, actual =51
[4905000] SCOREBOARD MATCH: wstrb passthrough beat=43 expected = a0, actual =a0
[4905000] SCOREBOARD MATCH: wstrb passthrough beat=44 expected = 95, actual =95
[4905000] SCOREBOARD MATCH: wstrb passthrough beat=45 expected = 9b, actual =9b
[4905000] SCOREBOARD MATCH: wstrb passthrough beat=46 expected = d2, actual =d2
[4905000] SCOREBOARD MATCH: wstrb passthrough beat=47 expected = b0, actual =b0
[4905000] SCOREBOARD MATCH: wstrb passthrough beat=48 expected = 60, actual =60
[4905000] SCOREBOARD MATCH: wstrb passthrough beat=49 expected = 23, actual =23
[4905000] SCOREBOARD MATCH: wstrb passthrough beat=50 expected = 50, actual =50
[4905000] SCOREBOARD MATCH: wstrb passthrough beat=51 expected = f5, actual =f5
[4905000] SCOREBOARD MATCH: wstrb passthrough beat=52 expected = bf, actual =bf
[4905000] SCOREBOARD MATCH: wstrb passthrough beat=53 expected = 22, actual =22
[4905000] SCOREBOARD MATCH: wstrb passthrough beat=54 expected = a5, actual =a5
[4905000] SCOREBOARD MATCH: wstrb passthrough beat=55 expected = 1f, actual =1f
[4905000] SCOREBOARD MATCH: wstrb passthrough beat=56 expected = 46, actual =46
[4905000] SCOREBOARD MATCH: wstrb passthrough beat=57 expected = f5, actual =f5
[4905000] SCOREBOARD MATCH: wstrb passthrough beat=58 expected = 14, actual =14
[4905000] SCOREBOARD MATCH: wstrb passthrough beat=59 expected = 5, actual =5
[4905000] SCOREBOARD MATCH: wstrb passthrough beat=60 expected = 17, actual =17
[4905000] SCOREBOARD MATCH: wstrb passthrough beat=61 expected = b9, actual =b9
[4905000] SCOREBOARD MATCH: wstrb passthrough beat=62 expected = 24, actual =24
[4905000] SCOREBOARD MATCH: wstrb passthrough beat=63 expected = 5d, actual =5d
[4905000] SCOREBOARD MATCH: wstrb passthrough beat=64 expected = ae, actual =ae
[4905000] SCOREBOARD MATCH: wstrb passthrough beat=65 expected = 38, actual =38
[4905000] SCOREBOARD MATCH: wstrb passthrough beat=66 expected = 62, actual =62
[4905000] SCOREBOARD MATCH: wstrb passthrough beat=67 expected = c5, actual =c5
[4905000] SCOREBOARD MATCH: wstrb passthrough beat=68 expected = f1, actual =f1
[4905000] SCOREBOARD MATCH: wstrb passthrough beat=69 expected = 86, actual =86
[4905000] SCOREBOARD MATCH: wstrb passthrough beat=70 expected = 23, actual =23
[4905000] SCOREBOARD MATCH: wstrb passthrough beat=71 expected = 9f, actual =9f
[4905000] SCOREBOARD MATCH: wstrb passthrough beat=72 expected = be, actual =be
[4905000] SCOREBOARD MATCH: wstrb passthrough beat=73 expected = 85, actual =85
[4905000] SCOREBOARD MATCH: wstrb passthrough beat=74 expected = 64, actual =64
[4905000] SCOREBOARD MATCH: wstrb passthrough beat=75 expected = af, actual =af
[4905000] SCOREBOARD MATCH: wstrb passthrough beat=76 expected = c, actual =c
[4905000] SCOREBOARD MATCH: wstrb passthrough beat=77 expected = 87, actual =87
[4905000] SCOREBOARD MATCH: wstrb passthrough beat=78 expected = 4e, actual =4e
[4905000] SCOREBOARD MATCH: wstrb passthrough beat=79 expected = ca, actual =ca
[4905000] SCOREBOARD MATCH: wstrb passthrough beat=80 expected = d, actual =d
[4905000] SCOREBOARD MATCH: wstrb passthrough beat=81 expected = b3, actual =b3
[4905000] SCOREBOARD MATCH: wstrb passthrough beat=82 expected = 7a, actual =7a
[4905000] SCOREBOARD MATCH: wstrb passthrough beat=83 expected = 19, actual =19
[4905000] SCOREBOARD MATCH: wstrb passthrough beat=84 expected = 3a, actual =3a
[4905000] SCOREBOARD MATCH: wstrb passthrough beat=85 expected = c8, actual =c8
[4905000] SCOREBOARD MATCH: wstrb passthrough beat=86 expected = e3, actual =e3
[4905000] SCOREBOARD MATCH: wstrb passthrough beat=87 expected = 47, actual =47
[4905000] SCOREBOARD MATCH: wstrb passthrough beat=88 expected = 7b, actual =7b
[4905000] SCOREBOARD MATCH: wstrb passthrough beat=89 expected = 5d, actual =5d
[4905000] SCOREBOARD MATCH: wstrb passthrough beat=90 expected = 60, actual =60
[4905000] SCOREBOARD MATCH: wstrb passthrough beat=91 expected = b6, actual =b6
[4905000] SCOREBOARD MATCH: wstrb passthrough beat=92 expected = 26, actual =26
[4905000] SCOREBOARD MATCH: wstrb passthrough beat=93 expected = 44, actual =44
[4905000] SCOREBOARD MATCH: wstrb passthrough beat=94 expected = fd, actual =fd
[4905000] SCOREBOARD MATCH: wstrb passthrough beat=95 expected = a1, actual =a1
[4905000] SCOREBOARD MATCH: wstrb passthrough beat=96 expected = a1, actual =a1
[4905000] SCOREBOARD MATCH: wstrb passthrough beat=97 expected = 5e, actual =5e
[4905000] SCOREBOARD MATCH: wstrb passthrough beat=98 expected = 57, actual =57
[4905000] SCOREBOARD MATCH: wstrb passthrough beat=99 expected = c7, actual =c7
[4905000] SCOREBOARD MATCH: wstrb passthrough beat=100 expected = a2, actual =a2
[4905000] SCOREBOARD MATCH: wstrb passthrough beat=101 expected = 55, actual =55
[4905000] SCOREBOARD MATCH: wstrb passthrough beat=102 expected = 69, actual =69
[4905000] SCOREBOARD MATCH: wstrb passthrough beat=103 expected = 43, actual =43
[4905000] SCOREBOARD MATCH: wstrb passthrough beat=104 expected = b3, actual =b3
[4905000] SCOREBOARD MATCH: wstrb passthrough beat=105 expected = c0, actual =c0
[4905000] SCOREBOARD MATCH: wstrb passthrough beat=106 expected = b, actual =b
[4905000] SCOREBOARD MATCH: wstrb passthrough beat=107 expected = 55, actual =55
[4905000] SCOREBOARD MATCH: wstrb passthrough beat=108 expected = 15, actual =15
[4905000] SCOREBOARD MATCH: wstrb passthrough beat=109 expected = 74, actual =74
[4905000] SCOREBOARD MATCH: wstrb passthrough beat=110 expected = 98, actual =98
[4905000] SCOREBOARD MATCH: wstrb passthrough beat=111 expected = c8, actual =c8
[4905000] SCOREBOARD MATCH: wstrb passthrough beat=112 expected = 34, actual =34
[4905000] SCOREBOARD MATCH: wstrb passthrough beat=113 expected = a3, actual =a3
[4905000] SCOREBOARD MATCH: wstrb passthrough beat=114 expected = 1d, actual =1d
[4905000] SCOREBOARD MATCH: wstrb passthrough beat=115 expected = 4a, actual =4a
[4905000] SCOREBOARD MATCH: wstrb passthrough beat=116 expected = 17, actual =17
[4905000] SCOREBOARD MATCH: wstrb passthrough beat=117 expected = b6, actual =b6
[4905000] SCOREBOARD MATCH: wstrb passthrough beat=118 expected = 12, actual =12
[4905000] SCOREBOARD MATCH: wstrb passthrough beat=119 expected = 4c, actual =4c
[4905000] SCOREBOARD MATCH: wstrb passthrough beat=120 expected = 59, actual =59
[4905000] SCOREBOARD MATCH: wstrb passthrough beat=121 expected = 30, actual =30
[4905000] SCOREBOARD MATCH: wstrb passthrough beat=122 expected = 96, actual =96
[4905000] SCOREBOARD MATCH: wstrb passthrough beat=123 expected = 71, actual =71
[4905000] SCOREBOARD MATCH: wstrb passthrough beat=124 expected = e6, actual =e6
[4905000] SCOREBOARD MATCH: wstrb passthrough beat=125 expected = a8, actual =a8
[4905000] SCOREBOARD MATCH: wstrb passthrough beat=126 expected = bd, actual =bd
[4905000] SCOREBOARD MATCH: wstrb passthrough beat=127 expected = 3f, actual =3f
[4905000] SCOREBOARD MATCH: wstrb passthrough beat=128 expected = d8, actual =d8
[4905000] SCOREBOARD MATCH: wstrb passthrough beat=129 expected = 53, actual =53
[4905000] SCOREBOARD MATCH: wstrb passthrough beat=130 expected = b0, actual =b0
[4905000] SCOREBOARD MATCH: wstrb passthrough beat=131 expected = be, actual =be
[4905000] SCOREBOARD MATCH: wstrb passthrough beat=132 expected = fb, actual =fb
[4905000] SCOREBOARD MATCH: wstrb passthrough beat=133 expected = 6d, actual =6d
[4905000] SCOREBOARD MATCH: wstrb passthrough beat=134 expected = fe, actual =fe
[4905000] SCOREBOARD MATCH: wstrb passthrough beat=135 expected = d4, actual =d4
[4905000] SCOREBOARD MATCH: wstrb passthrough beat=136 expected = c0, actual =c0
[4905000] SCOREBOARD MATCH: wstrb passthrough beat=137 expected = ae, actual =ae
[4905000] SCOREBOARD MATCH: wstrb passthrough beat=138 expected = 92, actual =92
[4905000] SCOREBOARD MATCH: wstrb passthrough beat=139 expected = bc, actual =bc
[4905000] SCOREBOARD MATCH: wstrb passthrough beat=140 expected = 1c, actual =1c
[4905000] SCOREBOARD MATCH: wstrb passthrough beat=141 expected = 90, actual =90
[4905000] SCOREBOARD MATCH: wstrb passthrough beat=142 expected = 90, actual =90
[4905000] SCOREBOARD MATCH: wstrb passthrough beat=143 expected = dc, actual =dc
[4905000] SCOREBOARD MATCH: wstrb passthrough beat=144 expected = 3f, actual =3f
[4905000] SCOREBOARD MATCH: wstrb passthrough beat=145 expected = 22, actual =22
[4905000] SCOREBOARD MATCH: wstrb passthrough beat=146 expected = 98, actual =98
[4905000] SCOREBOARD MATCH: wstrb passthrough beat=147 expected = 5b, actual =5b
[4905000] SCOREBOARD MATCH: wstrb passthrough beat=148 expected = b3, actual =b3
[4905000] SCOREBOARD MATCH: wstrb passthrough beat=149 expected = 28, actual =28
[4905000] SCOREBOARD MATCH: wstrb passthrough beat=150 expected = 37, actual =37
[4905000] SCOREBOARD MATCH: wstrb passthrough beat=151 expected = f2, actual =f2
[4905000] SCOREBOARD MATCH: wstrb passthrough beat=152 expected = 4b, actual =4b
[4905000] SCOREBOARD MATCH: wstrb passthrough beat=153 expected = d0, actual =d0
[4905000] SCOREBOARD MATCH: wstrb passthrough beat=154 expected = 4d, actual =4d
[4905000] SCOREBOARD MATCH: wstrb passthrough beat=155 expected = fe, actual =fe
[4905000] SCOREBOARD MATCH: wstrb passthrough beat=156 expected = f8, actual =f8
[4905000] SCOREBOARD MATCH: wstrb passthrough beat=157 expected = 84, actual =84
[4905000] SCOREBOARD MATCH: wstrb passthrough beat=158 expected = f0, actual =f0
[4905000] SCOREBOARD MATCH: wstrb passthrough beat=159 expected = 43, actual =43
[4905000] SCOREBOARD MATCH: wstrb passthrough beat=160 expected = 54, actual =54
[4905000] SCOREBOARD MATCH: wstrb passthrough beat=161 expected = 3d, actual =3d
[4905000] SCOREBOARD MATCH: wstrb passthrough beat=162 expected = 41, actual =41
[4905000] SCOREBOARD MATCH: wstrb passthrough beat=163 expected = 4d, actual =4d
[4905000] SCOREBOARD MATCH: wstrb passthrough beat=164 expected = c1, actual =c1
[4905000] SCOREBOARD MATCH: wstrb passthrough beat=165 expected = 31, actual =31
[4905000] SCOREBOARD MATCH: wstrb passthrough beat=166 expected = 90, actual =90
[4905000] SCOREBOARD MATCH: wstrb passthrough beat=167 expected = 16, actual =16
[4905000] SCOREBOARD MATCH: wstrb passthrough beat=168 expected = 6e, actual =6e
[4905000] SCOREBOARD MATCH: wstrb passthrough beat=169 expected = d2, actual =d2
[4905000] SCOREBOARD MATCH: wstrb passthrough beat=170 expected = 63, actual =63
[4905000] SCOREBOARD MATCH: wstrb passthrough beat=171 expected = 30, actual =30
[4905000] SCOREBOARD MATCH: wstrb passthrough beat=172 expected = 3, actual =3
[4905000] SCOREBOARD MATCH: wstrb passthrough beat=173 expected = f3, actual =f3
[4905000] SCOREBOARD MATCH: wstrb passthrough beat=174 expected = 46, actual =46
[4905000] SCOREBOARD MATCH: wstrb passthrough beat=175 expected = 72, actual =72
[4905000] SCOREBOARD MATCH: wstrb passthrough beat=176 expected = c5, actual =c5
[4905000] SCOREBOARD MATCH: wstrb passthrough beat=177 expected = a9, actual =a9
[4905000] SCOREBOARD MATCH: wstrb passthrough beat=178 expected = a2, actual =a2
[4905000] SCOREBOARD MATCH: wstrb passthrough beat=179 expected = c9, actual =c9
[4905000] SCOREBOARD MATCH: wstrb passthrough beat=180 expected = 9c, actual =9c
[4905000] SCOREBOARD MATCH: wstrb passthrough beat=181 expected = e8, actual =e8
[4905000] SCOREBOARD MATCH: wstrb passthrough beat=182 expected = 3b, actual =3b
[4905000] SCOREBOARD MATCH: wstrb passthrough beat=183 expected = 62, actual =62
[4905000] SCOREBOARD MATCH: wstrb passthrough beat=184 expected = 91, actual =91
[4905000] SCOREBOARD MATCH: wstrb passthrough beat=185 expected = dd, actual =dd
[4905000] SCOREBOARD MATCH: wstrb passthrough beat=186 expected = 2b, actual =2b
[4905000] SCOREBOARD MATCH: wstrb passthrough beat=187 expected = 2d, actual =2d
[4905000] SCOREBOARD MATCH: wstrb passthrough beat=188 expected = c5, actual =c5
[4905000] SCOREBOARD MATCH: wstrb passthrough beat=189 expected = 66, actual =66
[4905000] SCOREBOARD MATCH: wstrb passthrough beat=190 expected = 8f, actual =8f
[4905000] SCOREBOARD MATCH: wstrb passthrough beat=191 expected = 56, actual =56
[4905000] SCOREBOARD MATCH: wstrb passthrough beat=192 expected = 43, actual =43
[4905000] SCOREBOARD MATCH: wstrb passthrough beat=193 expected = ba, actual =ba
[4905000] SCOREBOARD MATCH: wstrb passthrough beat=194 expected = 83, actual =83
[4905000] SCOREBOARD MATCH: wstrb passthrough beat=195 expected = 8, actual =8
[4905000] SCOREBOARD MATCH: wstrb passthrough beat=196 expected = 20, actual =20
[4905000] SCOREBOARD MATCH: wstrb passthrough beat=197 expected = 13, actual =13
[4905000] SCOREBOARD MATCH: wstrb passthrough beat=198 expected = 5e, actual =5e
[4905000] SCOREBOARD MATCH: wstrb passthrough beat=199 expected = 63, actual =63
[4905000] SCOREBOARD MATCH: wstrb passthrough beat=200 expected = cd, actual =cd
[4905000] SCOREBOARD MATCH: wstrb passthrough beat=201 expected = e1, actual =e1
[4905000] SCOREBOARD MATCH: wstrb passthrough beat=202 expected = 6b, actual =6b
[4905000] SCOREBOARD MATCH: wstrb passthrough beat=203 expected = ee, actual =ee
[4905000] SCOREBOARD MATCH: wstrb passthrough beat=204 expected = f4, actual =f4
[4905000] SCOREBOARD MATCH: wstrb passthrough beat=205 expected = c9, actual =c9
[4905000] SCOREBOARD MATCH: wstrb passthrough beat=206 expected = 51, actual =51
[4905000] SCOREBOARD MATCH: wstrb passthrough beat=207 expected = c2, actual =c2
[4905000] SCOREBOARD MATCH: wstrb passthrough beat=208 expected = ab, actual =ab
[4905000] SCOREBOARD MATCH: wstrb passthrough beat=209 expected = bd, actual =bd
[4905000] SCOREBOARD MATCH: wstrb passthrough beat=210 expected = b0, actual =b0
[4905000] SCOREBOARD MATCH: wstrb passthrough beat=211 expected = 9f, actual =9f
[4905000] SCOREBOARD MATCH: wstrb passthrough beat=212 expected = 86, actual =86
[4905000] SCOREBOARD MATCH: wstrb passthrough beat=213 expected = 1, actual =1
[4905000] SCOREBOARD MATCH: wstrb passthrough beat=214 expected = 61, actual =61
[4905000] SCOREBOARD MATCH: wstrb passthrough beat=215 expected = 31, actual =31
[4905000] SCOREBOARD MATCH: wstrb passthrough beat=216 expected = be, actual =be
[4905000] SCOREBOARD MATCH: wstrb passthrough beat=217 expected = 11, actual =11
[4905000] SCOREBOARD MATCH: wstrb passthrough beat=218 expected = d1, actual =d1
[4905000] SCOREBOARD MATCH: wstrb passthrough beat=219 expected = 45, actual =45
[4905000] SCOREBOARD MATCH: wstrb passthrough beat=220 expected = 13, actual =13
[4905000] SCOREBOARD MATCH: wstrb passthrough beat=221 expected = 32, actual =32
[4905000] SCOREBOARD MATCH: wstrb passthrough beat=222 expected = 76, actual =76
[4905000] SCOREBOARD MATCH: wstrb passthrough beat=223 expected = d1, actual =d1
[4905000] SCOREBOARD MATCH: wstrb passthrough beat=224 expected = 44, actual =44
[4905000] SCOREBOARD MATCH: wstrb passthrough beat=225 expected = 47, actual =47
[4905000] SCOREBOARD MATCH: wstrb passthrough beat=226 expected = 16, actual =16
[4905000] SCOREBOARD MATCH: wstrb passthrough beat=227 expected = 57, actual =57
[4905000] SCOREBOARD MATCH: wstrb passthrough beat=228 expected = 7a, actual =7a
[4905000] SCOREBOARD MATCH: wstrb passthrough beat=229 expected = 8d, actual =8d
[4905000] SCOREBOARD MATCH: wstrb passthrough beat=230 expected = 28, actual =28
[4905000] SCOREBOARD MATCH: wstrb passthrough beat=231 expected = be, actual =be
[4905000] SCOREBOARD MATCH: wstrb passthrough beat=232 expected = d4, actual =d4
[4905000] SCOREBOARD MATCH: wstrb passthrough beat=233 expected = 3f, actual =3f
[4905000] SCOREBOARD MATCH: wstrb passthrough beat=234 expected = 15, actual =15
[4905000] SCOREBOARD MATCH: bresp passthrough expected = 0, actual =0
[4905000] SCOREBOARD MATCH: response routed to correct master (write) expected = 0, actual =0
[4905000] [SCOREBOARD-M] mst_id=0 s_id=1 awaddr=13708530 awid=1100 awlen=234 awsize=1 awburst=1 wdata=[a2aaba46fd8f1d9e e5b4a63cf80bba23 f5452f60d54b9431 d2dab1cf37524fb9 2f5e09dc97efe9a6 ed3b7dd7388f580c efe1a7c524a3393c bc9322e2c0162fa7 f8a587b31f3fb1a1 c3e2eadd29cea0ba e9e4d061e8872f78 7c6e11980760dbf aa44ae79e28a5814 cb11878ccba9cbf6 cc1fd9b594297eda f6b3d6eed2d868a5 1e82349bf664882f 8a8e0709c1c55e7a 949dc71feaa20e50 e106967f0141ddf8 c3073c72b31ffbba 1dc20a0beb949d89 ecd67b81d7a50392 8ac4ff4cfec8a08a ea5d3e13afddb7f3 8782bb85a8870957 274fa9e2d733b994 71171881247bad2 bacec42991ace7f5 e8e0a18a8e942d0d a0dbe7dfe21e6e0b f3cb5601eff21312 fe86401fdbaaac09 bdc91a14dcabf78b cc9e0a9d1f6227ff fb0cd408b1947015 8e4067a0cb244abc ea8672bbb8d5ee1c ea6a5e32dade723d 2602bcfae59346c3 1e6934e0f8aac5d2 d389381090892fb5 f61c767908d39312 817e58e4f98bf50a 8a1524bf1485ab59 1d593e6bd50790f4 ce9385fe80319b38 94b746919ed7974f f3df2844d8a8aabe d8da45f6b21084fc d0e81c4cc272ae42 9b1b5900ed918c88 9fa21184c4c74490 8739f2d2f3f59ef7 e1872b7ff08a2dd0 b551726022554bd3 164aeaca81293d03 f1b36ad43c8b6533 dee0b106f7d21649 f8fb534ca704dd34 e3904267f52b9bd0 ecfdb219eaaebe20 11b39b55c270f36d b79c8f3de5f90565 d0a7c386f543ddbc 37b4d12aa49a4156 a9346bce25b5edb d79f3c97ef516067 13eba1bedb3b0a42 3d96691d8f540dc1 fea56e291e7ee87a f9b9f2bc9535a5b4 2489b37612910fe7 310ff86137505bd9 cc86018d232f219f 35c031862ac9eb1d e21a46f6f10fb503 943ed6a2e6d029e7 119a1504aea04883 1faffd87c9ff0828 b0cf320ff3b45bfa a254a47db3eed429 fdeddc52c2694713 b61da30dc204a204 f5f3762eaebd0e61 f1265575d872478b 9a76e98ff3e15280 a29e60e1a743f882 ffb6400d906a5fbd 844bb23d93c4b656 3b08aed91a2d299d aa97895a26ea131f baaec975babeeee6 d4ec18832ee33b98 d5cd4eb7f5b7784e 30766735ff83a1de 2e66dd76907c182c 633907b85627fb8 84e6219604342c2d 94b0445936a9f7b0 bc0c7768b34cff0c b7812b399ae3d4d4 d18dcc84c0f298ff f43f980bcc316f93 e71544670d9a43ed ce8cdcec2bc0c345 f7f232d838a310ec c63d54d9c2cc74f7 ee8d383cdf07773f 97aa882b14ca31c5 d796a6bce67f6b14 c586e254dde7dd04 f2b20ec9c623def9 aca34a0ddd316a7f 3b194784ca48b586 106c947ff22a2c61 cf5b96e1adcb564d f8140bd3bd0fde8c 2f3a0aee0a74de65 b84034b28880a052 c5907edffe95a1cf 90a803430544086 b8d4e0d8f4ca89cd f3602b9cc14ab4e6 f19ef56cfe655fb7 f32fe984fc6aabd0 bdb560b62a73d645 a8d935fce6901520 e2fac0f02f545623 d9c82c681c091f81 829934a120b021a7 d00477ca82a16264 9eaa81e5e593f592 644173929cca432 ac6e06962143b687 6d7ac19d6488f03 153335cb18887c ec5c3f030d1bc352 e3645255ac8339cb f79bc247f333eb1c 4fae6ee379858a 8ffcbf55e3f8014a d72bec66e3b400c3 c72d864d0798819d eb9082e7d77b9ad4 bb2f9b97d72a45a2 dec2c73fc2bc6f4e 9a380a22825d21e4 d9876787ca534a27 d0fb975d567a5ba d7c4c79eb84a2ec6 829d78eda747c397 fcaf6951b14c2f25 e9965dec8fad3262 36f4f5fad47430f0 85c06015ec33d6d9 fbe1093cb3a45f4b 8818903bef56be01 db8a94db32d5ff36 e67a5e810dd8f051 fd2fae52d76b9e17 a419d4dee92eebd fc6bdf0ed8ba432d b025e144f0bbfbce df4eea8bf99b8d60 d255d08eba677e91 2b237a60dbbac999 d55656fa827bb1d2 3ce330648a7264eb e62d2e8527ac2788 aa27d95ae806aac4 f2790faf3b83857f e32fad07e70b09be cf11b482d8a63e34 9429c3b38d578661 f4629020c18ac432 9a310266f75970ba 4b0f71cc37444a2 84ff08d42e5ac61a a5b436d4f913873c bc87cbde1f300b3b cd8ad155aa652df0 a378b52cc186d4b3 e0b6dfeef33f0829 1da4361ae000810b 218755be2e41b143 a180b96cc11ceb46 a11d6c51023e35ac 307fe6efbf24ef86 41dacdc2a4c20f c4e2f7bbd200a05b 11258fe2a15f471e e404092ef562deaa c7637f0611676aaf b2c6b1cda8e700e9 1e49df94d8890ee8 e9f0799796cabafb 3fb1bbe5e5ad5e9a 3e366d829cb72b64 3381e660ddfb9b79 c3a8fa132826e719 c4de127df333a245 d12f3dbe01df6795 2a064eaef85ff8dd eb939b2214d837d1 16b79f66eee4612b e7445a09bcc2d8e0 d19b10b1c0bdee14 afa24f3fd2d7f52b f9ace0ce852b017 a9109e2b96e6a948 e9be9e74e135debd c9888ed5d8b2ed6b ef9996b3f9596c80 da8f4b3df2992d00 cb4c1a6bd9583527 d2b1a1a7a417da12 16b107133ae5b11f 943de6462d40ece5 d158c6f7e1fd217e 9ce2d29de6ef87ee 143074d3e809ce0a ca06ef893120b8e4 181040d2e5893bca cd9309d5e6e9c226 980a7b0a2c40b5a5 91c9f16f1799f95e fe83bb84b01abbdc dc5b7181df5cfb44 f6f6f4a2168e368f c6a8f26bee2562f1 cd825e35f57ab027 c08e6b6230463ed 1129c6dec47952d8 39f402ffd2b1d921 ] wstrb=[13 e b5 eb ec d6 ea 0 e5 9f eb d1 76 d6 d1 5b 75 bd 2c eb 93 fe 46 8 bb 73 f4 4e 71 3a 56 2c ad 4a 7a 1e 85 d0 4a 32 1b c4 51 a0 95 9b d2 b0 60 23 50 f5 bf 22 a5 1f 46 f5 14 5 17 b9 24 5d ae 38 62 c5 f1 86 23 9f be 85 64 af c 87 4e ca d b3 7a 19 3a c8 e3 47 7b 5d 60 b6 26 44 fd a1 a1 5e 57 c7 a2 55 69 43 b3 c0 b 55 15 74 98 c8 34 a3 1d 4a 17 b6 12 4c 59 30 96 71 e6 a8 bd 3f d8 53 b0 be fb 6d fe d4 c0 ae 92 bc 1c 90 90 dc 3f 22 98 5b b3 28 37 f2 4b d0 4d fe f8 84 f0 43 54 3d 41 4d c1 31 90 16 6e d2 63 30 3 f3 46 72 c5 a9 a2 c9 9c e8 3b 62 91 dd 2b 2d c5 66 8f 56 43 ba 83 8 20 13 5e 63 cd e1 6b ee f4 c9 51 c2 ab bd b0 9f 86 1 61 31 be 11 d1 45 13 32 76 d1 44 47 16 57 7a 8d 28 be d4 3f 15 ] bresp=0 bid=1100
[4905000] [SCOREBOARD-S] mst_id=0 s_id=1 awaddr=13708530 awid=1100 awlen=234 awsize=1 awburst=1 wdata=[a2aaba46fd8f1d9e e5b4a63cf80bba23 f5452f60d54b9431 d2dab1cf37524fb9 2f5e09dc97efe9a6 ed3b7dd7388f580c efe1a7c524a3393c bc9322e2c0162fa7 f8a587b31f3fb1a1 c3e2eadd29cea0ba e9e4d061e8872f78 7c6e11980760dbf aa44ae79e28a5814 cb11878ccba9cbf6 cc1fd9b594297eda f6b3d6eed2d868a5 1e82349bf664882f 8a8e0709c1c55e7a 949dc71feaa20e50 e106967f0141ddf8 c3073c72b31ffbba 1dc20a0beb949d89 ecd67b81d7a50392 8ac4ff4cfec8a08a ea5d3e13afddb7f3 8782bb85a8870957 274fa9e2d733b994 71171881247bad2 bacec42991ace7f5 e8e0a18a8e942d0d a0dbe7dfe21e6e0b f3cb5601eff21312 fe86401fdbaaac09 bdc91a14dcabf78b cc9e0a9d1f6227ff fb0cd408b1947015 8e4067a0cb244abc ea8672bbb8d5ee1c ea6a5e32dade723d 2602bcfae59346c3 1e6934e0f8aac5d2 d389381090892fb5 f61c767908d39312 817e58e4f98bf50a 8a1524bf1485ab59 1d593e6bd50790f4 ce9385fe80319b38 94b746919ed7974f f3df2844d8a8aabe d8da45f6b21084fc d0e81c4cc272ae42 9b1b5900ed918c88 9fa21184c4c74490 8739f2d2f3f59ef7 e1872b7ff08a2dd0 b551726022554bd3 164aeaca81293d03 f1b36ad43c8b6533 dee0b106f7d21649 f8fb534ca704dd34 e3904267f52b9bd0 ecfdb219eaaebe20 11b39b55c270f36d b79c8f3de5f90565 d0a7c386f543ddbc 37b4d12aa49a4156 a9346bce25b5edb d79f3c97ef516067 13eba1bedb3b0a42 3d96691d8f540dc1 fea56e291e7ee87a f9b9f2bc9535a5b4 2489b37612910fe7 310ff86137505bd9 cc86018d232f219f 35c031862ac9eb1d e21a46f6f10fb503 943ed6a2e6d029e7 119a1504aea04883 1faffd87c9ff0828 b0cf320ff3b45bfa a254a47db3eed429 fdeddc52c2694713 b61da30dc204a204 f5f3762eaebd0e61 f1265575d872478b 9a76e98ff3e15280 a29e60e1a743f882 ffb6400d906a5fbd 844bb23d93c4b656 3b08aed91a2d299d aa97895a26ea131f baaec975babeeee6 d4ec18832ee33b98 d5cd4eb7f5b7784e 30766735ff83a1de 2e66dd76907c182c 633907b85627fb8 84e6219604342c2d 94b0445936a9f7b0 bc0c7768b34cff0c b7812b399ae3d4d4 d18dcc84c0f298ff f43f980bcc316f93 e71544670d9a43ed ce8cdcec2bc0c345 f7f232d838a310ec c63d54d9c2cc74f7 ee8d383cdf07773f 97aa882b14ca31c5 d796a6bce67f6b14 c586e254dde7dd04 f2b20ec9c623def9 aca34a0ddd316a7f 3b194784ca48b586 106c947ff22a2c61 cf5b96e1adcb564d f8140bd3bd0fde8c 2f3a0aee0a74de65 b84034b28880a052 c5907edffe95a1cf 90a803430544086 b8d4e0d8f4ca89cd f3602b9cc14ab4e6 f19ef56cfe655fb7 f32fe984fc6aabd0 bdb560b62a73d645 a8d935fce6901520 e2fac0f02f545623 d9c82c681c091f81 829934a120b021a7 d00477ca82a16264 9eaa81e5e593f592 644173929cca432 ac6e06962143b687 6d7ac19d6488f03 153335cb18887c ec5c3f030d1bc352 e3645255ac8339cb f79bc247f333eb1c 4fae6ee379858a 8ffcbf55e3f8014a d72bec66e3b400c3 c72d864d0798819d eb9082e7d77b9ad4 bb2f9b97d72a45a2 dec2c73fc2bc6f4e 9a380a22825d21e4 d9876787ca534a27 d0fb975d567a5ba d7c4c79eb84a2ec6 829d78eda747c397 fcaf6951b14c2f25 e9965dec8fad3262 36f4f5fad47430f0 85c06015ec33d6d9 fbe1093cb3a45f4b 8818903bef56be01 db8a94db32d5ff36 e67a5e810dd8f051 fd2fae52d76b9e17 a419d4dee92eebd fc6bdf0ed8ba432d b025e144f0bbfbce df4eea8bf99b8d60 d255d08eba677e91 2b237a60dbbac999 d55656fa827bb1d2 3ce330648a7264eb e62d2e8527ac2788 aa27d95ae806aac4 f2790faf3b83857f e32fad07e70b09be cf11b482d8a63e34 9429c3b38d578661 f4629020c18ac432 9a310266f75970ba 4b0f71cc37444a2 84ff08d42e5ac61a a5b436d4f913873c bc87cbde1f300b3b cd8ad155aa652df0 a378b52cc186d4b3 e0b6dfeef33f0829 1da4361ae000810b 218755be2e41b143 a180b96cc11ceb46 a11d6c51023e35ac 307fe6efbf24ef86 41dacdc2a4c20f c4e2f7bbd200a05b 11258fe2a15f471e e404092ef562deaa c7637f0611676aaf b2c6b1cda8e700e9 1e49df94d8890ee8 e9f0799796cabafb 3fb1bbe5e5ad5e9a 3e366d829cb72b64 3381e660ddfb9b79 c3a8fa132826e719 c4de127df333a245 d12f3dbe01df6795 2a064eaef85ff8dd eb939b2214d837d1 16b79f66eee4612b e7445a09bcc2d8e0 d19b10b1c0bdee14 afa24f3fd2d7f52b f9ace0ce852b017 a9109e2b96e6a948 e9be9e74e135debd c9888ed5d8b2ed6b ef9996b3f9596c80 da8f4b3df2992d00 cb4c1a6bd9583527 d2b1a1a7a417da12 16b107133ae5b11f 943de6462d40ece5 d158c6f7e1fd217e 9ce2d29de6ef87ee 143074d3e809ce0a ca06ef893120b8e4 181040d2e5893bca cd9309d5e6e9c226 980a7b0a2c40b5a5 91c9f16f1799f95e fe83bb84b01abbdc dc5b7181df5cfb44 f6f6f4a2168e368f c6a8f26bee2562f1 cd825e35f57ab027 c08e6b6230463ed 1129c6dec47952d8 39f402ffd2b1d921 ] wstrb=[13 e b5 eb ec d6 ea 0 e5 9f eb d1 76 d6 d1 5b 75 bd 2c eb 93 fe 46 8 bb 73 f4 4e 71 3a 56 2c ad 4a 7a 1e 85 d0 4a 32 1b c4 51 a0 95 9b d2 b0 60 23 50 f5 bf 22 a5 1f 46 f5 14 5 17 b9 24 5d ae 38 62 c5 f1 86 23 9f be 85 64 af c 87 4e ca d b3 7a 19 3a c8 e3 47 7b 5d 60 b6 26 44 fd a1 a1 5e 57 c7 a2 55 69 43 b3 c0 b 55 15 74 98 c8 34 a3 1d 4a 17 b6 12 4c 59 30 96 71 e6 a8 bd 3f d8 53 b0 be fb 6d fe d4 c0 ae 92 bc 1c 90 90 dc 3f 22 98 5b b3 28 37 f2 4b d0 4d fe f8 84 f0 43 54 3d 41 4d c1 31 90 16 6e d2 63 30 3 f3 46 72 c5 a9 a2 c9 9c e8 3b 62 91 dd 2b 2d c5 66 8f 56 43 ba 83 8 20 13 5e 63 cd e1 6b ee f4 c9 51 c2 ab bd b0 9f 86 1 61 31 be 11 d1 45 13 32 76 d1 44 47 16 57 7a 8d 28 be d4 3f 15 ] bresp=0 bid=1100
[4905000] SCOREBOARD: Transaction 4 received. pass=1008 fail=0
[4905000] ALL PASS. Total transactions: 4
[4915000] S1 MEMORY WRITE beat=1 addr=1a54d4aa data=37dfa3cbd6ee1437 id=01
[4915000] MASTER 0 W_VALID_RDY Handshake beat=7 wlast=0
[4925000] MASTER 0 W_VALID_RDY Handshake beat=8 wlast=0
[4925000] S1 MEMORY WRITE beat=2 addr=1a54d4ac data=d8efdc41a76f56e4 id=01
[4935000] S1 MEMORY WRITE beat=3 addr=1a54d4ae data=c66dd4e3e4ac98ab id=01
[4935000] MASTER 0 W_VALID_RDY Handshake beat=9 wlast=1
[4945000] S1 MEMORY WRITE beat=4 addr=1a54d4b0 data=3b9aace2c8ab4fbc id=01
[4955000] S1 MEMORY WRITE beat=5 addr=1a54d4b2 data=f01aa6a0fe4d78ae id=01
[4965000] S1 MEMORY WRITE beat=6 addr=1a54d4b4 data=e2fa1159148a8923 id=01
[4975000] S1 MEMORY WRITE beat=7 addr=1a54d4b6 data=dd35d8df36887b84 id=01
[4985000] S1 MEMORY WRITE beat=8 addr=1a54d4b8 data=b4d5f4329e94be3b id=01
[4995000] S1 MEMORY WRITE beat=9 addr=1a54d4ba data=b31f475ecd507f7f id=01
[5005000] SLAVE1 sent B resp, id=1
[5015000] [SLAVE MONITOR] mst_id=0 s_id=1 awaddr=1a54d4a8 awid=1 awlen=9 awsize=1 awburst=2 wdata=[efbb737b1efe7dff 37dfa3cbd6ee1437 d8efdc41a76f56e4 c66dd4e3e4ac98ab 3b9aace2c8ab4fbc f01aa6a0fe4d78ae e2fa1159148a8923 dd35d8df36887b84 b4d5f4329e94be3b b31f475ecd507f7f ] wstrb=[8c 3 3d c7 36 bd 26 c2 c0 63 ] bresp=0 bid=1
[5025000] MASTER 0 RECEIVED BRESP. BRESP=0
[5025000] [MASTER DRIVER] mst_id=0 s_id=0 awaddr=1a54d4a8 awid=1 awlen=9 awsize=1 awburst=2 wdata=[efbb737b1efe7dff 37dfa3cbd6ee1437 d8efdc41a76f56e4 c66dd4e3e4ac98ab 3b9aace2c8ab4fbc f01aa6a0fe4d78ae e2fa1159148a8923 dd35d8df36887b84 b4d5f4329e94be3b b31f475ecd507f7f ] wstrb=[8c 3 3d c7 36 bd 26 c2 c0 63 ] bresp=0 bid=1
[5025000] MASTER 0 B_VALID_RDY Handshake
[5025000] [MASTER MONITOR] mst_id=0 s_id=1 awaddr=1a54d4a8 awid=1 awlen=9 awsize=1 awburst=2 wdata=[efbb737b1efe7dff 37dfa3cbd6ee1437 d8efdc41a76f56e4 c66dd4e3e4ac98ab 3b9aace2c8ab4fbc f01aa6a0fe4d78ae e2fa1159148a8923 dd35d8df36887b84 b4d5f4329e94be3b b31f475ecd507f7f ] wstrb=[8c 3 3d c7 36 bd 26 c2 c0 63 ] bresp=0 bid=1
[5025000] SCOREBOARD MATCH: decode_err expected = 0, actual =0
[5025000] SCOREBOARD MATCH: slave_id expected = 1, actual =1
[5025000] SCOREBOARD MATCH: awaddr passthrough expected = 1a54d4a8, actual =1a54d4a8
[5025000] SCOREBOARD MATCH: awlen passthrough expected = 9, actual =9
[5025000] SCOREBOARD MATCH: awsize passthrough expected = 1, actual =1
[5025000] SCOREBOARD MATCH: awburst passthrough expected = 2, actual =2
[5025000] SCOREBOARD MATCH: wdata size check expected = a, actual =a
[5025000] SCOREBOARD MATCH: wdata passthrough beat=0 expected = efbb737b1efe7dff, actual =efbb737b1efe7dff
[5025000] SCOREBOARD MATCH: wdata passthrough beat=1 expected = 37dfa3cbd6ee1437, actual =37dfa3cbd6ee1437
[5025000] SCOREBOARD MATCH: wdata passthrough beat=2 expected = d8efdc41a76f56e4, actual =d8efdc41a76f56e4
[5025000] SCOREBOARD MATCH: wdata passthrough beat=3 expected = c66dd4e3e4ac98ab, actual =c66dd4e3e4ac98ab
[5025000] SCOREBOARD MATCH: wdata passthrough beat=4 expected = 3b9aace2c8ab4fbc, actual =3b9aace2c8ab4fbc
[5025000] SCOREBOARD MATCH: wdata passthrough beat=5 expected = f01aa6a0fe4d78ae, actual =f01aa6a0fe4d78ae
[5025000] SCOREBOARD MATCH: wdata passthrough beat=6 expected = e2fa1159148a8923, actual =e2fa1159148a8923
[5025000] SCOREBOARD MATCH: wdata passthrough beat=7 expected = dd35d8df36887b84, actual =dd35d8df36887b84
[5025000] SCOREBOARD MATCH: wdata passthrough beat=8 expected = b4d5f4329e94be3b, actual =b4d5f4329e94be3b
[5025000] SCOREBOARD MATCH: wdata passthrough beat=9 expected = b31f475ecd507f7f, actual =b31f475ecd507f7f
[5025000] SCOREBOARD MATCH: wstrb size check expected = a, actual =a
[5025000] SCOREBOARD MATCH: wstrb passthrough beat=0 expected = 8c, actual =8c
[5025000] SCOREBOARD MATCH: wstrb passthrough beat=1 expected = 3, actual =3
[5025000] SCOREBOARD MATCH: wstrb passthrough beat=2 expected = 3d, actual =3d
[5025000] SCOREBOARD MATCH: wstrb passthrough beat=3 expected = c7, actual =c7
[5025000] SCOREBOARD MATCH: wstrb passthrough beat=4 expected = 36, actual =36
[5025000] SCOREBOARD MATCH: wstrb passthrough beat=5 expected = bd, actual =bd
[5025000] SCOREBOARD MATCH: wstrb passthrough beat=6 expected = 26, actual =26
[5025000] SCOREBOARD MATCH: wstrb passthrough beat=7 expected = c2, actual =c2
[5025000] SCOREBOARD MATCH: wstrb passthrough beat=8 expected = c0, actual =c0
[5025000] SCOREBOARD MATCH: wstrb passthrough beat=9 expected = 63, actual =63
[5025000] SCOREBOARD MATCH: bresp passthrough expected = 0, actual =0
[5025000] SCOREBOARD MATCH: response routed to correct master (write) expected = 0, actual =0
[5025000] [SCOREBOARD-M] mst_id=0 s_id=1 awaddr=1a54d4a8 awid=1 awlen=9 awsize=1 awburst=2 wdata=[efbb737b1efe7dff 37dfa3cbd6ee1437 d8efdc41a76f56e4 c66dd4e3e4ac98ab 3b9aace2c8ab4fbc f01aa6a0fe4d78ae e2fa1159148a8923 dd35d8df36887b84 b4d5f4329e94be3b b31f475ecd507f7f ] wstrb=[8c 3 3d c7 36 bd 26 c2 c0 63 ] bresp=0 bid=1
[5025000] [SCOREBOARD-S] mst_id=0 s_id=1 awaddr=1a54d4a8 awid=1 awlen=9 awsize=1 awburst=2 wdata=[efbb737b1efe7dff 37dfa3cbd6ee1437 d8efdc41a76f56e4 c66dd4e3e4ac98ab 3b9aace2c8ab4fbc f01aa6a0fe4d78ae e2fa1159148a8923 dd35d8df36887b84 b4d5f4329e94be3b b31f475ecd507f7f ] wstrb=[8c 3 3d c7 36 bd 26 c2 c0 63 ] bresp=0 bid=1
[5025000] SCOREBOARD: Transaction 5 received. pass=1038 fail=0
[5025000] SCOREBOARD: Expected 5 transactions completed, PASS=1038 FAIL=0
[5025000] ALL PASS. Total transactions: 5
[5025000] ALL TRANSACTIONS MONITORED
$finish called at time : 5045 ns : File "/home/nashita/Desktop/practice/axi_xbar/tb/top/axi_tb_top.sv" Line 220
exit
INFO: xsimkernel Simulation Memory Usage: 289464 KB (Peak: 337864 KB), Simulation CPU Usage: 1200 ms
INFO: [Common 17-206] Exiting xsim at Thu Sep 10 18:29:49 2026...
