#-----------------------------------------------------------
# xsim v2025.2 (64-bit)
# SW Build 6299465 on Fri Nov 14 12:34:56 MST 2025
# IP Build 6300035 on Fri Nov 14 10:48:45 MST 2025
# SharedData Build 6298862 on Thu Nov 13 04:50:51 MST 2025
# Start of session at: Fri Sep 11 11:33:47 2026
# Process ID         : 677130
# Current directory  : /home/nashita/Desktop/practice/axi_xbar/sim
# Command line       : xsim -log regress_results/BT_run156.log -mode tcl -source {xsim.dir/tb_top_snap/xsim_script.tcl}
# Log file           : /home/nashita/Desktop/practice/axi_xbar/sim/regress_results/BT_run156.log
# Journal file       : /home/nashita/Desktop/practice/axi_xbar/sim/xsim.jou
# Running On         : vlsi-vivado
# Platform           : Ubuntu
# Operating System   : Ubuntu 24.04.4 LTS
# Processor Detail   : Intel(R) Core(TM) i5-10400 CPU @ 2.90GHz
# CPU Frequency      : 4138.297 MHz
# CPU Physical cores : 6
# CPU Logical cores  : 12
# Host memory        : 41875 MB
# Swap memory        : 27648 MB
# Total Virtual      : 69524 MB
# Available Virtual  : 63014 MB
#-----------------------------------------------------------
source xsim.dir/tb_top_snap/xsim_script.tcl
# xsim {tb_top_snap} -testplusarg BT -autoloadwcfg -runall -sv_seed 157
Time resolution is 1 ps
run -all
[0] RUNNING BASE TEST
[0] INSIDE THE BASE TEST CONSTRUCTOR
[0] ENV: before agent
[0] SLAVE CONSTRUCTED
[0] MASTER MONITOR CONSTRUCTED
[0] MASTER MONITOR CONSTRUCTED
[0] SLAVE MONITOR CONSTRUCTED
[0] SLAVE MONITOR CONSTRUCTED
[0] ARB MONITOR CONSTRUCTED
GENERATOR CONSTRUCTED
[0] ENV: after agent
[0] ENV: before scoreboard
[0] ENV: after scoreboard
[15000] [SEQUENCER] READ mst_id=0 s_id=0 araddr=1ad3bf38 arid=0 arlen=1 arsize=3 arburst=1 rid=[] rresp=[] rdata=[]
[15000] [SEQUENCER] mst_id=1 s_id=0 awaddr=a00a890 awid=101 awlen=240 awsize=5 awburst=1 wdata=[c86d6260c212d439 a508e3293505542d d0c4e068271cb139 e92f8572c84f538f fd54a7bc193242c9 c04ef4028e38689b d687bc2bce198825 e74bcaee297e7974 b7b6e20fd3dc63e7 a1f5ec0c279abef0 d11938648e3e9e3a e21b02228941b6fa b0dc75ea88d01a73 170eb8ae8410ee2e d52a52981f5ae4e ac5c8c2f929bad0 fd3aa8febe2f1b13 c024c96221d48170 1afe3c408a8d4e27 c8bc693bcaea9224 ecbf13949838e53e 22c6336608e1329d d3cbc4c107bd4fd4 9ff63512eb829ca1 f463cf3ec08ad855 c8482829c2bc6878 ae3f0519c82f93ff 8ba6c54e83e5d3b 2afac5b4a2a2d457 ead26856d102947d b940f1b8d939cacd fbdc9f25f38cd4aa c48f6927e43bb76c 3d75823ae6af077b da3bdc26fdd05ae0 e20c124c3952215f a00128da9ecb454d 9c9ba02d9f819486 d8d3b5e5fa3d0500 19084a4efea7b27a 9e294700f8d4dec0 f311e3c0b5a3ea7b b44b9cf5f6fcfce6 efd1dba68c1a2e0e c1be188ad274e3f6 c971e0dce2e3bf66 eefded75f609b57f c87e99753943bc82 9c277be830bc05ff a6c5bb7e91f07a51 cb3436d38b25695d bbe16f5cef4454f4 8134cf45e75bb2bc f2811c19e2a72adb d1eb7fcfcc690619 33c4b8d52e628b76 1109b651d3204f14 9f89552da645d4ee d4a86064e2f53620 b6158534d34e0e02 f993e2f1e5b216b5 c8a74cd5d59eda62 a8ece864ce3c4355 33ee5a0bfebcd20a d45bac6ca280cb55 f0bd0eabfc95a6e0 fb5278eafd4894d0 1fc9602624ab68b6 a1410f96cfae2556 ccf6ba2710866ed1 3531d7871c938881 ec41add7ecc01a4d fd46891ed672e71d f3066f9eb93867fe a5f8824b327860a5 88eb47c2df481d76 98808574a33f0b69 d5b76c0efbf1b761 db39d4d73e7907c0 e1b81329dea2b3d1 da946b32f3ba5a4b b233620b376f7f38 1612330935ce4009 a9889a5413eb7535 cb5af46df0a69e3b 2674de44dbbbfc60 efa77195e16d2776 d213c5b1cffd7898 abb974f83b026602 1c6f8d78f888a3f5 c8861c8d9b60e68d d6634c8fee835329 e70bf71ef43f9186 8fa07813f2d2da07 e1562d30af9213ab a3d1a531e603c4a3 d8d69eaac862244e f7f437fa33721d45 1975e1e83a2ccbdb 828ef0299bc5dd2b cf37fa70f24c8092 ac794c6dfa832823 1649054fe8addc58 dafa5ceb2f083c97 a98b64bae580ffbf ce2edc188773a958 b67be5efbfd46a09 255569c929293903 b09ce25be0074aaa 9fdbb4b3f38445e1 1cad7ee4e718c84b c72012f5c5311e7c b8b5645dcd4a613f b463298ae6fbc7a8 2c2ce625d562e341 22ad4481fb833c7f e27f0428e4e24a82 3a452dc4d7106e0b d293aa8b0eabea4d f38e34cfdcf27245 b402e0503512aeb3 c3be9900add36293 8ac5d4d886968adb bba9398eb74ccdcf e52030633ec8b529 c55f4004ff67d28e 36b4a05eefe6053b aeaeba6401087993 80704c211bd4d0c1 8bbad5fcf40dfa69 f51673fcb724ec7f d2f9bd403a699061 2e778acaf586c01d 2cabac9ddeb4933d 191e239e238dfec6 9914bee3ffa569dd de59fd1ac795ae68 eb23ad2ec5c06b80 c565d55ef77820b8 bf0dcf2084386c11 c9f8d792a3bfd278 1b37f331aa317c4e 2e69e8600f5eacf0 b31e7f68da45c251 4773ea0f862bff2 7c16ce2ce567299 289c34eb32e12700 2b43e6f2badfec4a 9365ee42d13738b dff49a8b330553d4 ede5401e31d293cf dee6075a0b38817d 3e3dd551f71b9f02 a8ee32d13edaa1e5 ca132362ac23156f 233eb47287d43a2b c6aedc100850f8b3 b4740e22cc2ce743 d401216f90c1ff72 9912f825d7b2c294 23dfa9d89aaffd7f 2b71fcf2cd870648 a539c8dcf7e0cb47 9290c8c6c484f517 920bfb5fc91972b4 c0fa3dfbbe02c5b8 287bad03745c43c 805f36f0d38b06c2 918dcc7a9493b62f cbd97a6bc15974ec 14e47bae9415874a 28a93d7acc38b15c d922648a6724828 3a87cf73f482b7e5 c0bb69412276a1f6 c8e8ea1ee3310ced d7b3c4d2ce4d8f89 f0c4317f8370b991 e6a1c67e186f2e14 e6bcbd9d39ad1b9e bd1dd52f3e558b51 d6c4b965d780ef1d 112e0abb23bf9bae e21526ffbd817702 9502661fce4bdfea f20b7b9838d9e064 f65b5766a63070da f47c50c5d420a297 8cfa82fb0b5dbd86 b18e2e60e687cc5d 3aa86ef50355da62 eb397e8a60a7f25 c924b83c7a2f1f0 caf8cc52c041c648 e64c456ec73aba78 8eddac68d9ac643a 19ee2a83f2de90f1 3a194b69d9d678bb b382dcf5003a6ff1 f31900e2c8f6f7d1 a2cd708ccd710778 cdab77692d324c4b f629441cd6504d82 a3c154fac0c4784b edf6c49618f6b4a9 ef47022bf16ccc64 b23144afe42008b3 fd16bd5c93085725 8475238920280946 44811f9ec5dbf87 ff6616ac36a66839 d6ce717f015ecf55 edbc8edc03db3a36 3a81a26fdb168378 dc7552cded22a588 f0fddfbe115013ee ec669766ca31e1a9 b7548731ab7f822d bccf961bc8dbea33 130dcbdc285266f0 d3d1e91da9362d81 f21217b4ca62530d f2b4b9fd10a17f39 b9d7acba851fe390 cf82369ec686a31b d72822542be9c46f b109a7ffc236f09b 88bd93b690ffcf0e bce9937d808bde9d c2c2cf39dfe5b60a f0e58519edf33b7d ee7f1a1acb8062ef 2b6618faadcf1896 9bc25413b141e953 fcc24c431c4b9e13 ca1ab6a90a416e2e bb8357812828653d c4740350e5dd0abd f01e78ebb845a3c4 e06e09018e8eb9f9 f46bc4b6aba1d06c ] wstrb=[51 31 a1 4b 32 e 1 84 3f a3 cf 71 b1 d0 f5 f0 73 c4 61 24 95 57 14 8 1b 76 2d b0 cd 41 b9 e8 b7 e6 99 84 27 52 6d df 38 6 63 5f 58 d0 3e 90 d6 a2 ef 2e 72 2e be 49 d0 ae 77 42 dc 36 8b ac e4 3 ee c0 39 7a 6c 1d 7d 5a dd b6 d4 49 d3 51 a3 b0 7 78 f9 da c9 9c 8a d1 14 83 ab de 20 36 af 34 b9 5a 12 d9 90 c1 e 4a 1c 20 23 ac e2 31 f6 fe 52 1a aa 34 4b a1 32 9d bb dc d1 6 7d 3 a4 38 e0 75 3f 5d 79 e3 96 59 58 d5 b6 d1 b8 4c 2a 10 21 e1 e2 d9 2d c ea 4f ed cc 28 1b d8 12 6a c6 de 92 e1 b7 a5 4b 7d 83 dd 5e 3a 82 a9 b7 6 86 15 40 9 be f8 f 45 d 4f 4e cc 47 5d 11 55 ac 5f 21 f4 bc 32 49 68 91 6a 5c 4d 9c a5 b5 2d f 12 7a ab b7 2f d8 c7 41 52 72 f9 82 4b c0 c3 9d 32 bc 1f 7d 7c e3 1b af 9f 3a 2c 1c 1d 47 cb ] bresp=0 bid=0
[15000] [SEQUENCER] mst_id=0 s_id=0 awaddr=72b47a8 awid=11 awlen=13 awsize=3 awburst=0 wdata=[a419df18d3de3c04 aa6cbe09265edd13 3cb109aeda14c9d8 adf305dccb5bb80a f1ba951de0cae8c6 3adfb29fd85fc3e6 23bb7bf02e6b9ecb 8f368791e8d2b87b c1327c611576110d c3e1afd8ca163a30 32e8f2ace4edf851 fa64095ed3183769 1d2e719af41b6f0d d909675fbe45b936 ] wstrb=[46 a0 bd 53 3a f4 b2 80 94 70 d3 ce 64 86 ] bresp=0 bid=0
[15000] [SEQUENCER] mst_id=1 s_id=0 awaddr=1e8a7b68 awid=1111 awlen=0 awsize=5 awburst=0 wdata=[cabaa2030540f891 ] wstrb=[f3 ] bresp=0 bid=0
[15000] [SEQUENCER] mst_id=1 s_id=0 awaddr=1644ee30 awid=10 awlen=14 awsize=5 awburst=0 wdata=[f2386216f52f1698 805edee1b6a927f6 eb42c4e6ad00ffdc a230167485a84af8 3c5172efdd7b26fc a7c26d9228ef556 a837404ea79437d5 50f5ed2acac3d4d cf3b32a3e488b33d c1ceb130f8b85ab bc37c2f8f77272f2 dbfb262f112c49e5 20b7cf900b72f59c 2e5688ee8181142 f9445b27dcef9288 ] wstrb=[bd 24 b7 0 b2 40 27 70 64 df 70 17 1f 97 87 ] bresp=0 bid=0
[15000] MASTER_DRIVER0 received transaction, op=AXI_READ
[15000] MASTER_DRIVER1 received transaction, op=AXI_WRITE
[35000] MASTER 1 AW_VALID_RDY Handshake
[35000] MASTER_DRIVER0 received transaction, op=AXI_WRITE
[45000] ARB MONITOR: slave=0 m0_req=0 m1_req=1 winner=1
[45000] ARB MONITOR: slave=1 m0_req=1 m1_req=0 winner=0
[45000] AXI S0_ARVALID_RDY HANDSHAKE
[45000] MEMORY READ MISS beat=0 addr=1ad3bf38 -> default data id=0
[45000] AXI S0_AWVALID_RDY HANDSHAKE
[55000] MEMORY READ MISS beat=1 addr=1ad3bf40 -> default data id=0
[55000] SLAVE 1 R_VALID_RDY Handshake beat=0 rlast=0
[55000] MASTER 1 W_VALID_RDY Handshake beat=0 wlast=0
[55000] MASTER 0 AW_VALID_RDY Handshake
[65000] MASTER 1 W_VALID_RDY Handshake beat=1 wlast=0
[65000] SLAVE 1 R_VALID_RDY Handshake beat=1 rlast=1
[65000] [SLAVE MONITOR] READ mst_id=0 s_id=1 araddr=1ad3bf38 arid=0 arlen=1 arsize=3 arburst=1 rid=[00] rresp=[00] rdata=[baadf00d12345678baadf00d12345678]
[65000] AXI S0_WVALID_RDY HANDSHAKE
[65000] S0 MEMORY WRITE beat=0 addr=0a00a890 data=c86d6260c212d439 id=15
[75000] AXI S0_WVALID_RDY HANDSHAKE
[75000] S0 MEMORY WRITE beat=1 addr=0a00a8b0 data=a508e3293505542d id=15
[75000] MASTER 1 W_VALID_RDY Handshake beat=2 wlast=0
[75000] MASTER 0 R_VALID_RDY Handshake beat=0 rlast=0
[75000] MASTER 0 W_VALID_RDY Handshake beat=0 wlast=0
[85000] [MASTER DRIVER] READ mst_id=0 s_id=0 araddr=1ad3bf38 arid=0 arlen=1 arsize=3 arburst=1 rid=[00] rresp=[00] rdata=[baadf00d12345678baadf00d12345678]
[85000] MASTER 0 W_VALID_RDY Handshake beat=1 wlast=0
[85000] MASTER 0 R_VALID_RDY Handshake beat=1 rlast=1
[85000] [MASTER MONITOR] READ mst_id=0 s_id=1 araddr=1ad3bf38 arid=0 arlen=1 arsize=3 arburst=1 rid=[00] rresp=[00] rdata=[baadf00d12345678baadf00d12345678]
[85000] MASTER 1 W_VALID_RDY Handshake beat=3 wlast=0
[85000] AXI S0_WVALID_RDY HANDSHAKE
[85000] S0 MEMORY WRITE beat=2 addr=0a00a8d0 data=d0c4e068271cb139 id=15
[85000] SCOREBOARD MATCH: decode_err expected = 0, actual =0
[85000] SCOREBOARD MATCH: slave_id expected = 1, actual =1
[85000] SCOREBOARD MATCH: araddr passthrough expected = 1ad3bf38, actual =1ad3bf38
[85000] SCOREBOARD MATCH: arlen passthrough expected = 1, actual =1
[85000] SCOREBOARD MATCH: arsize passthrough expected = 3, actual =3
[85000] SCOREBOARD MATCH: arburst passthrough expected = 1, actual =1
[85000] SCOREBOARD MATCH: rdata size check expected = 2, actual =2
[85000] SCOREBOARD MATCH: rdata passthrough beat=0 expected = baadf00d12345678, actual =baadf00d12345678
[85000] SCOREBOARD MATCH: rdata passthrough beat=1 expected = baadf00d12345678, actual =baadf00d12345678
[85000] SCOREBOARD MATCH: rresp size check expected = 2, actual =2
[85000] SCOREBOARD MATCH: rresp passthrough beat=0 expected = 0, actual =0
[85000] SCOREBOARD MATCH: rresp passthrough beat=1 expected = 0, actual =0
[85000] SCOREBOARD MATCH: response routed to correct master (read beat 0) expected = 0, actual =0
[85000] SCOREBOARD MATCH: response routed to correct master (read beat 1) expected = 0, actual =0
[85000] [SCOREBOARD-M] READ mst_id=0 s_id=1 araddr=1ad3bf38 arid=0 arlen=1 arsize=3 arburst=1 rid=[00] rresp=[00] rdata=[baadf00d12345678baadf00d12345678]
[85000] [SCOREBOARD-S] READ mst_id=0 s_id=1 araddr=1ad3bf38 arid=0 arlen=1 arsize=3 arburst=1 rid=[00] rresp=[00] rdata=[baadf00d12345678baadf00d12345678]
[85000] SCOREBOARD: Transaction 1 received. pass=14 fail=0
[85000] ALL PASS. Total transactions: 1
[95000] AXI S0_WVALID_RDY HANDSHAKE
[95000] S0 MEMORY WRITE beat=3 addr=0a00a8f0 data=e92f8572c84f538f id=15
[95000] MASTER 1 W_VALID_RDY Handshake beat=4 wlast=0
[95000] MASTER 0 W_VALID_RDY Handshake beat=2 wlast=0
[105000] MASTER 0 W_VALID_RDY Handshake beat=3 wlast=0
[105000] MASTER 1 W_VALID_RDY Handshake beat=5 wlast=0
[105000] AXI S0_WVALID_RDY HANDSHAKE
[105000] S0 MEMORY WRITE beat=4 addr=0a00a910 data=fd54a7bc193242c9 id=15
[115000] AXI S0_WVALID_RDY HANDSHAKE
[115000] S0 MEMORY WRITE beat=5 addr=0a00a930 data=c04ef4028e38689b id=15
[115000] MASTER 1 W_VALID_RDY Handshake beat=6 wlast=0
[115000] MASTER 0 W_VALID_RDY Handshake beat=4 wlast=0
[125000] MASTER 0 W_VALID_RDY Handshake beat=5 wlast=0
[125000] MASTER 1 W_VALID_RDY Handshake beat=7 wlast=0
[125000] AXI S0_WVALID_RDY HANDSHAKE
[125000] S0 MEMORY WRITE beat=6 addr=0a00a950 data=d687bc2bce198825 id=15
[135000] AXI S0_WVALID_RDY HANDSHAKE
[135000] S0 MEMORY WRITE beat=7 addr=0a00a970 data=e74bcaee297e7974 id=15
[135000] MASTER 1 W_VALID_RDY Handshake beat=8 wlast=0
[135000] MASTER 0 W_VALID_RDY Handshake beat=6 wlast=0
[145000] MASTER 0 W_VALID_RDY Handshake beat=7 wlast=0
[145000] MASTER 1 W_VALID_RDY Handshake beat=9 wlast=0
[145000] AXI S0_WVALID_RDY HANDSHAKE
[145000] S0 MEMORY WRITE beat=8 addr=0a00a990 data=b7b6e20fd3dc63e7 id=15
[155000] AXI S0_WVALID_RDY HANDSHAKE
[155000] S0 MEMORY WRITE beat=9 addr=0a00a9b0 data=a1f5ec0c279abef0 id=15
[155000] MASTER 1 W_VALID_RDY Handshake beat=10 wlast=0
[165000] MASTER 1 W_VALID_RDY Handshake beat=11 wlast=0
[165000] AXI S0_WVALID_RDY HANDSHAKE
[165000] S0 MEMORY WRITE beat=10 addr=0a00a9d0 data=d11938648e3e9e3a id=15
[175000] AXI S0_WVALID_RDY HANDSHAKE
[175000] S0 MEMORY WRITE beat=11 addr=0a00a9f0 data=e21b02228941b6fa id=15
[175000] MASTER 1 W_VALID_RDY Handshake beat=12 wlast=0
[185000] MASTER 1 W_VALID_RDY Handshake beat=13 wlast=0
[185000] AXI S0_WVALID_RDY HANDSHAKE
[185000] S0 MEMORY WRITE beat=12 addr=0a00aa10 data=b0dc75ea88d01a73 id=15
[195000] AXI S0_WVALID_RDY HANDSHAKE
[195000] S0 MEMORY WRITE beat=13 addr=0a00aa30 data=170eb8ae8410ee2e id=15
[195000] MASTER 1 W_VALID_RDY Handshake beat=14 wlast=0
[205000] MASTER 1 W_VALID_RDY Handshake beat=15 wlast=0
[205000] AXI S0_WVALID_RDY HANDSHAKE
[205000] S0 MEMORY WRITE beat=14 addr=0a00aa50 data=0d52a52981f5ae4e id=15
[215000] AXI S0_WVALID_RDY HANDSHAKE
[215000] S0 MEMORY WRITE beat=15 addr=0a00aa70 data=0ac5c8c2f929bad0 id=15
[215000] MASTER 1 W_VALID_RDY Handshake beat=16 wlast=0
[225000] MASTER 1 W_VALID_RDY Handshake beat=17 wlast=0
[225000] AXI S0_WVALID_RDY HANDSHAKE
[225000] S0 MEMORY WRITE beat=16 addr=0a00aa90 data=fd3aa8febe2f1b13 id=15
[235000] AXI S0_WVALID_RDY HANDSHAKE
[235000] S0 MEMORY WRITE beat=17 addr=0a00aab0 data=c024c96221d48170 id=15
[235000] MASTER 1 W_VALID_RDY Handshake beat=18 wlast=0
[245000] MASTER 1 W_VALID_RDY Handshake beat=19 wlast=0
[245000] AXI S0_WVALID_RDY HANDSHAKE
[245000] S0 MEMORY WRITE beat=18 addr=0a00aad0 data=1afe3c408a8d4e27 id=15
[255000] AXI S0_WVALID_RDY HANDSHAKE
[255000] S0 MEMORY WRITE beat=19 addr=0a00aaf0 data=c8bc693bcaea9224 id=15
[255000] MASTER 1 W_VALID_RDY Handshake beat=20 wlast=0
[265000] MASTER 1 W_VALID_RDY Handshake beat=21 wlast=0
[265000] AXI S0_WVALID_RDY HANDSHAKE
[265000] S0 MEMORY WRITE beat=20 addr=0a00ab10 data=ecbf13949838e53e id=15
[275000] AXI S0_WVALID_RDY HANDSHAKE
[275000] S0 MEMORY WRITE beat=21 addr=0a00ab30 data=22c6336608e1329d id=15
[275000] MASTER 1 W_VALID_RDY Handshake beat=22 wlast=0
[285000] MASTER 1 W_VALID_RDY Handshake beat=23 wlast=0
[285000] AXI S0_WVALID_RDY HANDSHAKE
[285000] S0 MEMORY WRITE beat=22 addr=0a00ab50 data=d3cbc4c107bd4fd4 id=15
[295000] AXI S0_WVALID_RDY HANDSHAKE
[295000] S0 MEMORY WRITE beat=23 addr=0a00ab70 data=9ff63512eb829ca1 id=15
[295000] MASTER 1 W_VALID_RDY Handshake beat=24 wlast=0
[305000] MASTER 1 W_VALID_RDY Handshake beat=25 wlast=0
[305000] AXI S0_WVALID_RDY HANDSHAKE
[305000] S0 MEMORY WRITE beat=24 addr=0a00ab90 data=f463cf3ec08ad855 id=15
[315000] AXI S0_WVALID_RDY HANDSHAKE
[315000] S0 MEMORY WRITE beat=25 addr=0a00abb0 data=c8482829c2bc6878 id=15
[315000] MASTER 1 W_VALID_RDY Handshake beat=26 wlast=0
[325000] MASTER 1 W_VALID_RDY Handshake beat=27 wlast=0
[325000] AXI S0_WVALID_RDY HANDSHAKE
[325000] S0 MEMORY WRITE beat=26 addr=0a00abd0 data=ae3f0519c82f93ff id=15
[335000] AXI S0_WVALID_RDY HANDSHAKE
[335000] S0 MEMORY WRITE beat=27 addr=0a00abf0 data=08ba6c54e83e5d3b id=15
[335000] MASTER 1 W_VALID_RDY Handshake beat=28 wlast=0
[345000] MASTER 1 W_VALID_RDY Handshake beat=29 wlast=0
[345000] AXI S0_WVALID_RDY HANDSHAKE
[345000] S0 MEMORY WRITE beat=28 addr=0a00ac10 data=2afac5b4a2a2d457 id=15
[355000] AXI S0_WVALID_RDY HANDSHAKE
[355000] S0 MEMORY WRITE beat=29 addr=0a00ac30 data=ead26856d102947d id=15
[355000] MASTER 1 W_VALID_RDY Handshake beat=30 wlast=0
[365000] MASTER 1 W_VALID_RDY Handshake beat=31 wlast=0
[365000] AXI S0_WVALID_RDY HANDSHAKE
[365000] S0 MEMORY WRITE beat=30 addr=0a00ac50 data=b940f1b8d939cacd id=15
[375000] AXI S0_WVALID_RDY HANDSHAKE
[375000] S0 MEMORY WRITE beat=31 addr=0a00ac70 data=fbdc9f25f38cd4aa id=15
[375000] MASTER 1 W_VALID_RDY Handshake beat=32 wlast=0
[385000] MASTER 1 W_VALID_RDY Handshake beat=33 wlast=0
[385000] AXI S0_WVALID_RDY HANDSHAKE
[385000] S0 MEMORY WRITE beat=32 addr=0a00ac90 data=c48f6927e43bb76c id=15
[395000] AXI S0_WVALID_RDY HANDSHAKE
[395000] S0 MEMORY WRITE beat=33 addr=0a00acb0 data=3d75823ae6af077b id=15
[395000] MASTER 1 W_VALID_RDY Handshake beat=34 wlast=0
[405000] MASTER 1 W_VALID_RDY Handshake beat=35 wlast=0
[405000] AXI S0_WVALID_RDY HANDSHAKE
[405000] S0 MEMORY WRITE beat=34 addr=0a00acd0 data=da3bdc26fdd05ae0 id=15
[415000] AXI S0_WVALID_RDY HANDSHAKE
[415000] S0 MEMORY WRITE beat=35 addr=0a00acf0 data=e20c124c3952215f id=15
[415000] MASTER 1 W_VALID_RDY Handshake beat=36 wlast=0
[425000] MASTER 1 W_VALID_RDY Handshake beat=37 wlast=0
[425000] AXI S0_WVALID_RDY HANDSHAKE
[425000] S0 MEMORY WRITE beat=36 addr=0a00ad10 data=a00128da9ecb454d id=15
[435000] AXI S0_WVALID_RDY HANDSHAKE
[435000] S0 MEMORY WRITE beat=37 addr=0a00ad30 data=9c9ba02d9f819486 id=15
[435000] MASTER 1 W_VALID_RDY Handshake beat=38 wlast=0
[445000] MASTER 1 W_VALID_RDY Handshake beat=39 wlast=0
[445000] AXI S0_WVALID_RDY HANDSHAKE
[445000] S0 MEMORY WRITE beat=38 addr=0a00ad50 data=d8d3b5e5fa3d0500 id=15
[455000] AXI S0_WVALID_RDY HANDSHAKE
[455000] S0 MEMORY WRITE beat=39 addr=0a00ad70 data=19084a4efea7b27a id=15
[455000] MASTER 1 W_VALID_RDY Handshake beat=40 wlast=0
[465000] MASTER 1 W_VALID_RDY Handshake beat=41 wlast=0
[465000] AXI S0_WVALID_RDY HANDSHAKE
[465000] S0 MEMORY WRITE beat=40 addr=0a00ad90 data=9e294700f8d4dec0 id=15
[475000] AXI S0_WVALID_RDY HANDSHAKE
[475000] S0 MEMORY WRITE beat=41 addr=0a00adb0 data=f311e3c0b5a3ea7b id=15
[475000] MASTER 1 W_VALID_RDY Handshake beat=42 wlast=0
[485000] MASTER 1 W_VALID_RDY Handshake beat=43 wlast=0
[485000] AXI S0_WVALID_RDY HANDSHAKE
[485000] S0 MEMORY WRITE beat=42 addr=0a00add0 data=b44b9cf5f6fcfce6 id=15
[495000] AXI S0_WVALID_RDY HANDSHAKE
[495000] S0 MEMORY WRITE beat=43 addr=0a00adf0 data=efd1dba68c1a2e0e id=15
[495000] MASTER 1 W_VALID_RDY Handshake beat=44 wlast=0
[505000] MASTER 1 W_VALID_RDY Handshake beat=45 wlast=0
[505000] AXI S0_WVALID_RDY HANDSHAKE
[505000] S0 MEMORY WRITE beat=44 addr=0a00ae10 data=c1be188ad274e3f6 id=15
[515000] AXI S0_WVALID_RDY HANDSHAKE
[515000] S0 MEMORY WRITE beat=45 addr=0a00ae30 data=c971e0dce2e3bf66 id=15
[515000] MASTER 1 W_VALID_RDY Handshake beat=46 wlast=0
[525000] MASTER 1 W_VALID_RDY Handshake beat=47 wlast=0
[525000] AXI S0_WVALID_RDY HANDSHAKE
[525000] S0 MEMORY WRITE beat=46 addr=0a00ae50 data=eefded75f609b57f id=15
[535000] AXI S0_WVALID_RDY HANDSHAKE
[535000] S0 MEMORY WRITE beat=47 addr=0a00ae70 data=c87e99753943bc82 id=15
[535000] MASTER 1 W_VALID_RDY Handshake beat=48 wlast=0
[545000] MASTER 1 W_VALID_RDY Handshake beat=49 wlast=0
[545000] AXI S0_WVALID_RDY HANDSHAKE
[545000] S0 MEMORY WRITE beat=48 addr=0a00ae90 data=9c277be830bc05ff id=15
[555000] AXI S0_WVALID_RDY HANDSHAKE
[555000] S0 MEMORY WRITE beat=49 addr=0a00aeb0 data=a6c5bb7e91f07a51 id=15
[555000] MASTER 1 W_VALID_RDY Handshake beat=50 wlast=0
[565000] MASTER 1 W_VALID_RDY Handshake beat=51 wlast=0
[565000] AXI S0_WVALID_RDY HANDSHAKE
[565000] S0 MEMORY WRITE beat=50 addr=0a00aed0 data=cb3436d38b25695d id=15
[575000] AXI S0_WVALID_RDY HANDSHAKE
[575000] S0 MEMORY WRITE beat=51 addr=0a00aef0 data=bbe16f5cef4454f4 id=15
[575000] MASTER 1 W_VALID_RDY Handshake beat=52 wlast=0
[585000] MASTER 1 W_VALID_RDY Handshake beat=53 wlast=0
[585000] AXI S0_WVALID_RDY HANDSHAKE
[585000] S0 MEMORY WRITE beat=52 addr=0a00af10 data=8134cf45e75bb2bc id=15
[595000] AXI S0_WVALID_RDY HANDSHAKE
[595000] S0 MEMORY WRITE beat=53 addr=0a00af30 data=f2811c19e2a72adb id=15
[595000] MASTER 1 W_VALID_RDY Handshake beat=54 wlast=0
[605000] MASTER 1 W_VALID_RDY Handshake beat=55 wlast=0
[605000] AXI S0_WVALID_RDY HANDSHAKE
[605000] S0 MEMORY WRITE beat=54 addr=0a00af50 data=d1eb7fcfcc690619 id=15
[615000] AXI S0_WVALID_RDY HANDSHAKE
[615000] S0 MEMORY WRITE beat=55 addr=0a00af70 data=33c4b8d52e628b76 id=15
[615000] MASTER 1 W_VALID_RDY Handshake beat=56 wlast=0
[625000] MASTER 1 W_VALID_RDY Handshake beat=57 wlast=0
[625000] AXI S0_WVALID_RDY HANDSHAKE
[625000] S0 MEMORY WRITE beat=56 addr=0a00af90 data=1109b651d3204f14 id=15
[635000] AXI S0_WVALID_RDY HANDSHAKE
[635000] S0 MEMORY WRITE beat=57 addr=0a00afb0 data=9f89552da645d4ee id=15
[635000] MASTER 1 W_VALID_RDY Handshake beat=58 wlast=0
[645000] MASTER 1 W_VALID_RDY Handshake beat=59 wlast=0
[645000] AXI S0_WVALID_RDY HANDSHAKE
[645000] S0 MEMORY WRITE beat=58 addr=0a00afd0 data=d4a86064e2f53620 id=15
[655000] AXI S0_WVALID_RDY HANDSHAKE
[655000] S0 MEMORY WRITE beat=59 addr=0a00aff0 data=b6158534d34e0e02 id=15
[655000] MASTER 1 W_VALID_RDY Handshake beat=60 wlast=0
[665000] MASTER 1 W_VALID_RDY Handshake beat=61 wlast=0
[665000] AXI S0_WVALID_RDY HANDSHAKE
[665000] S0 MEMORY WRITE beat=60 addr=0a00b010 data=f993e2f1e5b216b5 id=15
[675000] AXI S0_WVALID_RDY HANDSHAKE
[675000] S0 MEMORY WRITE beat=61 addr=0a00b030 data=c8a74cd5d59eda62 id=15
[675000] MASTER 1 W_VALID_RDY Handshake beat=62 wlast=0
[685000] MASTER 1 W_VALID_RDY Handshake beat=63 wlast=0
[685000] AXI S0_WVALID_RDY HANDSHAKE
[685000] S0 MEMORY WRITE beat=62 addr=0a00b050 data=a8ece864ce3c4355 id=15
[695000] AXI S0_WVALID_RDY HANDSHAKE
[695000] S0 MEMORY WRITE beat=63 addr=0a00b070 data=33ee5a0bfebcd20a id=15
[695000] MASTER 1 W_VALID_RDY Handshake beat=64 wlast=0
[705000] MASTER 1 W_VALID_RDY Handshake beat=65 wlast=0
[705000] AXI S0_WVALID_RDY HANDSHAKE
[705000] S0 MEMORY WRITE beat=64 addr=0a00b090 data=d45bac6ca280cb55 id=15
[715000] AXI S0_WVALID_RDY HANDSHAKE
[715000] S0 MEMORY WRITE beat=65 addr=0a00b0b0 data=f0bd0eabfc95a6e0 id=15
[715000] MASTER 1 W_VALID_RDY Handshake beat=66 wlast=0
[725000] MASTER 1 W_VALID_RDY Handshake beat=67 wlast=0
[725000] AXI S0_WVALID_RDY HANDSHAKE
[725000] S0 MEMORY WRITE beat=66 addr=0a00b0d0 data=fb5278eafd4894d0 id=15
[735000] AXI S0_WVALID_RDY HANDSHAKE
[735000] S0 MEMORY WRITE beat=67 addr=0a00b0f0 data=1fc9602624ab68b6 id=15
[735000] MASTER 1 W_VALID_RDY Handshake beat=68 wlast=0
[745000] MASTER 1 W_VALID_RDY Handshake beat=69 wlast=0
[745000] AXI S0_WVALID_RDY HANDSHAKE
[745000] S0 MEMORY WRITE beat=68 addr=0a00b110 data=a1410f96cfae2556 id=15
[755000] AXI S0_WVALID_RDY HANDSHAKE
[755000] S0 MEMORY WRITE beat=69 addr=0a00b130 data=ccf6ba2710866ed1 id=15
[755000] MASTER 1 W_VALID_RDY Handshake beat=70 wlast=0
[765000] MASTER 1 W_VALID_RDY Handshake beat=71 wlast=0
[765000] AXI S0_WVALID_RDY HANDSHAKE
[765000] S0 MEMORY WRITE beat=70 addr=0a00b150 data=3531d7871c938881 id=15
[775000] AXI S0_WVALID_RDY HANDSHAKE
[775000] S0 MEMORY WRITE beat=71 addr=0a00b170 data=ec41add7ecc01a4d id=15
[775000] MASTER 1 W_VALID_RDY Handshake beat=72 wlast=0
[785000] MASTER 1 W_VALID_RDY Handshake beat=73 wlast=0
[785000] AXI S0_WVALID_RDY HANDSHAKE
[785000] S0 MEMORY WRITE beat=72 addr=0a00b190 data=fd46891ed672e71d id=15
[795000] AXI S0_WVALID_RDY HANDSHAKE
[795000] S0 MEMORY WRITE beat=73 addr=0a00b1b0 data=f3066f9eb93867fe id=15
[795000] MASTER 1 W_VALID_RDY Handshake beat=74 wlast=0
[805000] MASTER 1 W_VALID_RDY Handshake beat=75 wlast=0
[805000] AXI S0_WVALID_RDY HANDSHAKE
[805000] S0 MEMORY WRITE beat=74 addr=0a00b1d0 data=a5f8824b327860a5 id=15
[815000] AXI S0_WVALID_RDY HANDSHAKE
[815000] S0 MEMORY WRITE beat=75 addr=0a00b1f0 data=88eb47c2df481d76 id=15
[815000] MASTER 1 W_VALID_RDY Handshake beat=76 wlast=0
[825000] MASTER 1 W_VALID_RDY Handshake beat=77 wlast=0
[825000] AXI S0_WVALID_RDY HANDSHAKE
[825000] S0 MEMORY WRITE beat=76 addr=0a00b210 data=98808574a33f0b69 id=15
[835000] AXI S0_WVALID_RDY HANDSHAKE
[835000] S0 MEMORY WRITE beat=77 addr=0a00b230 data=d5b76c0efbf1b761 id=15
[835000] MASTER 1 W_VALID_RDY Handshake beat=78 wlast=0
[845000] MASTER 1 W_VALID_RDY Handshake beat=79 wlast=0
[845000] AXI S0_WVALID_RDY HANDSHAKE
[845000] S0 MEMORY WRITE beat=78 addr=0a00b250 data=db39d4d73e7907c0 id=15
[855000] AXI S0_WVALID_RDY HANDSHAKE
[855000] S0 MEMORY WRITE beat=79 addr=0a00b270 data=e1b81329dea2b3d1 id=15
[855000] MASTER 1 W_VALID_RDY Handshake beat=80 wlast=0
[865000] MASTER 1 W_VALID_RDY Handshake beat=81 wlast=0
[865000] AXI S0_WVALID_RDY HANDSHAKE
[865000] S0 MEMORY WRITE beat=80 addr=0a00b290 data=da946b32f3ba5a4b id=15
[875000] AXI S0_WVALID_RDY HANDSHAKE
[875000] S0 MEMORY WRITE beat=81 addr=0a00b2b0 data=b233620b376f7f38 id=15
[875000] MASTER 1 W_VALID_RDY Handshake beat=82 wlast=0
[885000] MASTER 1 W_VALID_RDY Handshake beat=83 wlast=0
[885000] AXI S0_WVALID_RDY HANDSHAKE
[885000] S0 MEMORY WRITE beat=82 addr=0a00b2d0 data=1612330935ce4009 id=15
[895000] AXI S0_WVALID_RDY HANDSHAKE
[895000] S0 MEMORY WRITE beat=83 addr=0a00b2f0 data=a9889a5413eb7535 id=15
[895000] MASTER 1 W_VALID_RDY Handshake beat=84 wlast=0
[905000] MASTER 1 W_VALID_RDY Handshake beat=85 wlast=0
[905000] AXI S0_WVALID_RDY HANDSHAKE
[905000] S0 MEMORY WRITE beat=84 addr=0a00b310 data=cb5af46df0a69e3b id=15
[915000] AXI S0_WVALID_RDY HANDSHAKE
[915000] S0 MEMORY WRITE beat=85 addr=0a00b330 data=2674de44dbbbfc60 id=15
[915000] MASTER 1 W_VALID_RDY Handshake beat=86 wlast=0
[925000] MASTER 1 W_VALID_RDY Handshake beat=87 wlast=0
[925000] AXI S0_WVALID_RDY HANDSHAKE
[925000] S0 MEMORY WRITE beat=86 addr=0a00b350 data=efa77195e16d2776 id=15
[935000] AXI S0_WVALID_RDY HANDSHAKE
[935000] S0 MEMORY WRITE beat=87 addr=0a00b370 data=d213c5b1cffd7898 id=15
[935000] MASTER 1 W_VALID_RDY Handshake beat=88 wlast=0
[945000] MASTER 1 W_VALID_RDY Handshake beat=89 wlast=0
[945000] AXI S0_WVALID_RDY HANDSHAKE
[945000] S0 MEMORY WRITE beat=88 addr=0a00b390 data=abb974f83b026602 id=15
[955000] AXI S0_WVALID_RDY HANDSHAKE
[955000] S0 MEMORY WRITE beat=89 addr=0a00b3b0 data=1c6f8d78f888a3f5 id=15
[955000] MASTER 1 W_VALID_RDY Handshake beat=90 wlast=0
[965000] MASTER 1 W_VALID_RDY Handshake beat=91 wlast=0
[965000] AXI S0_WVALID_RDY HANDSHAKE
[965000] S0 MEMORY WRITE beat=90 addr=0a00b3d0 data=c8861c8d9b60e68d id=15
[975000] AXI S0_WVALID_RDY HANDSHAKE
[975000] S0 MEMORY WRITE beat=91 addr=0a00b3f0 data=d6634c8fee835329 id=15
[975000] MASTER 1 W_VALID_RDY Handshake beat=92 wlast=0
[985000] MASTER 1 W_VALID_RDY Handshake beat=93 wlast=0
[985000] AXI S0_WVALID_RDY HANDSHAKE
[985000] S0 MEMORY WRITE beat=92 addr=0a00b410 data=e70bf71ef43f9186 id=15
[995000] AXI S0_WVALID_RDY HANDSHAKE
[995000] S0 MEMORY WRITE beat=93 addr=0a00b430 data=8fa07813f2d2da07 id=15
[995000] MASTER 1 W_VALID_RDY Handshake beat=94 wlast=0
[1005000] MASTER 1 W_VALID_RDY Handshake beat=95 wlast=0
[1005000] AXI S0_WVALID_RDY HANDSHAKE
[1005000] S0 MEMORY WRITE beat=94 addr=0a00b450 data=e1562d30af9213ab id=15
[1015000] AXI S0_WVALID_RDY HANDSHAKE
[1015000] S0 MEMORY WRITE beat=95 addr=0a00b470 data=a3d1a531e603c4a3 id=15
[1015000] MASTER 1 W_VALID_RDY Handshake beat=96 wlast=0
[1025000] MASTER 1 W_VALID_RDY Handshake beat=97 wlast=0
[1025000] AXI S0_WVALID_RDY HANDSHAKE
[1025000] S0 MEMORY WRITE beat=96 addr=0a00b490 data=d8d69eaac862244e id=15
[1035000] AXI S0_WVALID_RDY HANDSHAKE
[1035000] S0 MEMORY WRITE beat=97 addr=0a00b4b0 data=f7f437fa33721d45 id=15
[1035000] MASTER 1 W_VALID_RDY Handshake beat=98 wlast=0
[1045000] MASTER 1 W_VALID_RDY Handshake beat=99 wlast=0
[1045000] AXI S0_WVALID_RDY HANDSHAKE
[1045000] S0 MEMORY WRITE beat=98 addr=0a00b4d0 data=1975e1e83a2ccbdb id=15
[1055000] AXI S0_WVALID_RDY HANDSHAKE
[1055000] S0 MEMORY WRITE beat=99 addr=0a00b4f0 data=828ef0299bc5dd2b id=15
[1055000] MASTER 1 W_VALID_RDY Handshake beat=100 wlast=0
[1065000] MASTER 1 W_VALID_RDY Handshake beat=101 wlast=0
[1065000] AXI S0_WVALID_RDY HANDSHAKE
[1065000] S0 MEMORY WRITE beat=100 addr=0a00b510 data=cf37fa70f24c8092 id=15
[1075000] AXI S0_WVALID_RDY HANDSHAKE
[1075000] S0 MEMORY WRITE beat=101 addr=0a00b530 data=ac794c6dfa832823 id=15
[1075000] MASTER 1 W_VALID_RDY Handshake beat=102 wlast=0
[1085000] MASTER 1 W_VALID_RDY Handshake beat=103 wlast=0
[1085000] AXI S0_WVALID_RDY HANDSHAKE
[1085000] S0 MEMORY WRITE beat=102 addr=0a00b550 data=1649054fe8addc58 id=15
[1095000] AXI S0_WVALID_RDY HANDSHAKE
[1095000] S0 MEMORY WRITE beat=103 addr=0a00b570 data=dafa5ceb2f083c97 id=15
[1095000] MASTER 1 W_VALID_RDY Handshake beat=104 wlast=0
[1105000] MASTER 1 W_VALID_RDY Handshake beat=105 wlast=0
[1105000] AXI S0_WVALID_RDY HANDSHAKE
[1105000] S0 MEMORY WRITE beat=104 addr=0a00b590 data=a98b64bae580ffbf id=15
[1115000] AXI S0_WVALID_RDY HANDSHAKE
[1115000] S0 MEMORY WRITE beat=105 addr=0a00b5b0 data=ce2edc188773a958 id=15
[1115000] MASTER 1 W_VALID_RDY Handshake beat=106 wlast=0
[1125000] MASTER 1 W_VALID_RDY Handshake beat=107 wlast=0
[1125000] AXI S0_WVALID_RDY HANDSHAKE
[1125000] S0 MEMORY WRITE beat=106 addr=0a00b5d0 data=b67be5efbfd46a09 id=15
[1135000] AXI S0_WVALID_RDY HANDSHAKE
[1135000] S0 MEMORY WRITE beat=107 addr=0a00b5f0 data=255569c929293903 id=15
[1135000] MASTER 1 W_VALID_RDY Handshake beat=108 wlast=0
[1145000] MASTER 1 W_VALID_RDY Handshake beat=109 wlast=0
[1145000] AXI S0_WVALID_RDY HANDSHAKE
[1145000] S0 MEMORY WRITE beat=108 addr=0a00b610 data=b09ce25be0074aaa id=15
[1155000] AXI S0_WVALID_RDY HANDSHAKE
[1155000] S0 MEMORY WRITE beat=109 addr=0a00b630 data=9fdbb4b3f38445e1 id=15
[1155000] MASTER 1 W_VALID_RDY Handshake beat=110 wlast=0
[1165000] MASTER 1 W_VALID_RDY Handshake beat=111 wlast=0
[1165000] AXI S0_WVALID_RDY HANDSHAKE
[1165000] S0 MEMORY WRITE beat=110 addr=0a00b650 data=1cad7ee4e718c84b id=15
[1175000] AXI S0_WVALID_RDY HANDSHAKE
[1175000] S0 MEMORY WRITE beat=111 addr=0a00b670 data=c72012f5c5311e7c id=15
[1175000] MASTER 1 W_VALID_RDY Handshake beat=112 wlast=0
[1185000] MASTER 1 W_VALID_RDY Handshake beat=113 wlast=0
[1185000] AXI S0_WVALID_RDY HANDSHAKE
[1185000] S0 MEMORY WRITE beat=112 addr=0a00b690 data=b8b5645dcd4a613f id=15
[1195000] AXI S0_WVALID_RDY HANDSHAKE
[1195000] S0 MEMORY WRITE beat=113 addr=0a00b6b0 data=b463298ae6fbc7a8 id=15
[1195000] MASTER 1 W_VALID_RDY Handshake beat=114 wlast=0
[1205000] MASTER 1 W_VALID_RDY Handshake beat=115 wlast=0
[1205000] AXI S0_WVALID_RDY HANDSHAKE
[1205000] S0 MEMORY WRITE beat=114 addr=0a00b6d0 data=2c2ce625d562e341 id=15
[1215000] AXI S0_WVALID_RDY HANDSHAKE
[1215000] S0 MEMORY WRITE beat=115 addr=0a00b6f0 data=22ad4481fb833c7f id=15
[1215000] MASTER 1 W_VALID_RDY Handshake beat=116 wlast=0
[1225000] MASTER 1 W_VALID_RDY Handshake beat=117 wlast=0
[1225000] AXI S0_WVALID_RDY HANDSHAKE
[1225000] S0 MEMORY WRITE beat=116 addr=0a00b710 data=e27f0428e4e24a82 id=15
[1235000] AXI S0_WVALID_RDY HANDSHAKE
[1235000] S0 MEMORY WRITE beat=117 addr=0a00b730 data=3a452dc4d7106e0b id=15
[1235000] MASTER 1 W_VALID_RDY Handshake beat=118 wlast=0
[1245000] MASTER 1 W_VALID_RDY Handshake beat=119 wlast=0
[1245000] AXI S0_WVALID_RDY HANDSHAKE
[1245000] S0 MEMORY WRITE beat=118 addr=0a00b750 data=d293aa8b0eabea4d id=15
[1255000] AXI S0_WVALID_RDY HANDSHAKE
[1255000] S0 MEMORY WRITE beat=119 addr=0a00b770 data=f38e34cfdcf27245 id=15
[1255000] MASTER 1 W_VALID_RDY Handshake beat=120 wlast=0
[1265000] MASTER 1 W_VALID_RDY Handshake beat=121 wlast=0
[1265000] AXI S0_WVALID_RDY HANDSHAKE
[1265000] S0 MEMORY WRITE beat=120 addr=0a00b790 data=b402e0503512aeb3 id=15
[1275000] AXI S0_WVALID_RDY HANDSHAKE
[1275000] S0 MEMORY WRITE beat=121 addr=0a00b7b0 data=c3be9900add36293 id=15
[1275000] MASTER 1 W_VALID_RDY Handshake beat=122 wlast=0
[1285000] MASTER 1 W_VALID_RDY Handshake beat=123 wlast=0
[1285000] AXI S0_WVALID_RDY HANDSHAKE
[1285000] S0 MEMORY WRITE beat=122 addr=0a00b7d0 data=8ac5d4d886968adb id=15
[1295000] AXI S0_WVALID_RDY HANDSHAKE
[1295000] S0 MEMORY WRITE beat=123 addr=0a00b7f0 data=bba9398eb74ccdcf id=15
[1295000] MASTER 1 W_VALID_RDY Handshake beat=124 wlast=0
[1305000] MASTER 1 W_VALID_RDY Handshake beat=125 wlast=0
[1305000] AXI S0_WVALID_RDY HANDSHAKE
[1305000] S0 MEMORY WRITE beat=124 addr=0a00b810 data=e52030633ec8b529 id=15
[1315000] AXI S0_WVALID_RDY HANDSHAKE
[1315000] S0 MEMORY WRITE beat=125 addr=0a00b830 data=c55f4004ff67d28e id=15
[1315000] MASTER 1 W_VALID_RDY Handshake beat=126 wlast=0
[1325000] MASTER 1 W_VALID_RDY Handshake beat=127 wlast=0
[1325000] AXI S0_WVALID_RDY HANDSHAKE
[1325000] S0 MEMORY WRITE beat=126 addr=0a00b850 data=36b4a05eefe6053b id=15
[1335000] AXI S0_WVALID_RDY HANDSHAKE
[1335000] S0 MEMORY WRITE beat=127 addr=0a00b870 data=aeaeba6401087993 id=15
[1335000] MASTER 1 W_VALID_RDY Handshake beat=128 wlast=0
[1345000] MASTER 1 W_VALID_RDY Handshake beat=129 wlast=0
[1345000] AXI S0_WVALID_RDY HANDSHAKE
[1345000] S0 MEMORY WRITE beat=128 addr=0a00b890 data=80704c211bd4d0c1 id=15
[1355000] AXI S0_WVALID_RDY HANDSHAKE
[1355000] S0 MEMORY WRITE beat=129 addr=0a00b8b0 data=8bbad5fcf40dfa69 id=15
[1355000] MASTER 1 W_VALID_RDY Handshake beat=130 wlast=0
[1365000] MASTER 1 W_VALID_RDY Handshake beat=131 wlast=0
[1365000] AXI S0_WVALID_RDY HANDSHAKE
[1365000] S0 MEMORY WRITE beat=130 addr=0a00b8d0 data=f51673fcb724ec7f id=15
[1375000] AXI S0_WVALID_RDY HANDSHAKE
[1375000] S0 MEMORY WRITE beat=131 addr=0a00b8f0 data=d2f9bd403a699061 id=15
[1375000] MASTER 1 W_VALID_RDY Handshake beat=132 wlast=0
[1385000] MASTER 1 W_VALID_RDY Handshake beat=133 wlast=0
[1385000] AXI S0_WVALID_RDY HANDSHAKE
[1385000] S0 MEMORY WRITE beat=132 addr=0a00b910 data=2e778acaf586c01d id=15
[1395000] AXI S0_WVALID_RDY HANDSHAKE
[1395000] S0 MEMORY WRITE beat=133 addr=0a00b930 data=2cabac9ddeb4933d id=15
[1395000] MASTER 1 W_VALID_RDY Handshake beat=134 wlast=0
[1405000] MASTER 1 W_VALID_RDY Handshake beat=135 wlast=0
[1405000] AXI S0_WVALID_RDY HANDSHAKE
[1405000] S0 MEMORY WRITE beat=134 addr=0a00b950 data=191e239e238dfec6 id=15
[1415000] AXI S0_WVALID_RDY HANDSHAKE
[1415000] S0 MEMORY WRITE beat=135 addr=0a00b970 data=9914bee3ffa569dd id=15
[1415000] MASTER 1 W_VALID_RDY Handshake beat=136 wlast=0
[1425000] MASTER 1 W_VALID_RDY Handshake beat=137 wlast=0
[1425000] AXI S0_WVALID_RDY HANDSHAKE
[1425000] S0 MEMORY WRITE beat=136 addr=0a00b990 data=de59fd1ac795ae68 id=15
[1435000] AXI S0_WVALID_RDY HANDSHAKE
[1435000] S0 MEMORY WRITE beat=137 addr=0a00b9b0 data=eb23ad2ec5c06b80 id=15
[1435000] MASTER 1 W_VALID_RDY Handshake beat=138 wlast=0
[1445000] MASTER 1 W_VALID_RDY Handshake beat=139 wlast=0
[1445000] AXI S0_WVALID_RDY HANDSHAKE
[1445000] S0 MEMORY WRITE beat=138 addr=0a00b9d0 data=c565d55ef77820b8 id=15
[1455000] AXI S0_WVALID_RDY HANDSHAKE
[1455000] S0 MEMORY WRITE beat=139 addr=0a00b9f0 data=bf0dcf2084386c11 id=15
[1455000] MASTER 1 W_VALID_RDY Handshake beat=140 wlast=0
[1465000] MASTER 1 W_VALID_RDY Handshake beat=141 wlast=0
[1465000] AXI S0_WVALID_RDY HANDSHAKE
[1465000] S0 MEMORY WRITE beat=140 addr=0a00ba10 data=c9f8d792a3bfd278 id=15
[1475000] AXI S0_WVALID_RDY HANDSHAKE
[1475000] S0 MEMORY WRITE beat=141 addr=0a00ba30 data=1b37f331aa317c4e id=15
[1475000] MASTER 1 W_VALID_RDY Handshake beat=142 wlast=0
[1485000] MASTER 1 W_VALID_RDY Handshake beat=143 wlast=0
[1485000] AXI S0_WVALID_RDY HANDSHAKE
[1485000] S0 MEMORY WRITE beat=142 addr=0a00ba50 data=2e69e8600f5eacf0 id=15
[1495000] AXI S0_WVALID_RDY HANDSHAKE
[1495000] S0 MEMORY WRITE beat=143 addr=0a00ba70 data=b31e7f68da45c251 id=15
[1495000] MASTER 1 W_VALID_RDY Handshake beat=144 wlast=0
[1505000] MASTER 1 W_VALID_RDY Handshake beat=145 wlast=0
[1505000] AXI S0_WVALID_RDY HANDSHAKE
[1505000] S0 MEMORY WRITE beat=144 addr=0a00ba90 data=04773ea0f862bff2 id=15
[1515000] AXI S0_WVALID_RDY HANDSHAKE
[1515000] S0 MEMORY WRITE beat=145 addr=0a00bab0 data=07c16ce2ce567299 id=15
[1515000] MASTER 1 W_VALID_RDY Handshake beat=146 wlast=0
[1525000] MASTER 1 W_VALID_RDY Handshake beat=147 wlast=0
[1525000] AXI S0_WVALID_RDY HANDSHAKE
[1525000] S0 MEMORY WRITE beat=146 addr=0a00bad0 data=289c34eb32e12700 id=15
[1535000] AXI S0_WVALID_RDY HANDSHAKE
[1535000] S0 MEMORY WRITE beat=147 addr=0a00baf0 data=2b43e6f2badfec4a id=15
[1535000] MASTER 1 W_VALID_RDY Handshake beat=148 wlast=0
[1545000] MASTER 1 W_VALID_RDY Handshake beat=149 wlast=0
[1545000] AXI S0_WVALID_RDY HANDSHAKE
[1545000] S0 MEMORY WRITE beat=148 addr=0a00bb10 data=09365ee42d13738b id=15
[1555000] AXI S0_WVALID_RDY HANDSHAKE
[1555000] S0 MEMORY WRITE beat=149 addr=0a00bb30 data=dff49a8b330553d4 id=15
[1555000] MASTER 1 W_VALID_RDY Handshake beat=150 wlast=0
[1565000] MASTER 1 W_VALID_RDY Handshake beat=151 wlast=0
[1565000] AXI S0_WVALID_RDY HANDSHAKE
[1565000] S0 MEMORY WRITE beat=150 addr=0a00bb50 data=ede5401e31d293cf id=15
[1575000] AXI S0_WVALID_RDY HANDSHAKE
[1575000] S0 MEMORY WRITE beat=151 addr=0a00bb70 data=dee6075a0b38817d id=15
[1575000] MASTER 1 W_VALID_RDY Handshake beat=152 wlast=0
[1585000] MASTER 1 W_VALID_RDY Handshake beat=153 wlast=0
[1585000] AXI S0_WVALID_RDY HANDSHAKE
[1585000] S0 MEMORY WRITE beat=152 addr=0a00bb90 data=3e3dd551f71b9f02 id=15
[1595000] AXI S0_WVALID_RDY HANDSHAKE
[1595000] S0 MEMORY WRITE beat=153 addr=0a00bbb0 data=a8ee32d13edaa1e5 id=15
[1595000] MASTER 1 W_VALID_RDY Handshake beat=154 wlast=0
[1605000] MASTER 1 W_VALID_RDY Handshake beat=155 wlast=0
[1605000] AXI S0_WVALID_RDY HANDSHAKE
[1605000] S0 MEMORY WRITE beat=154 addr=0a00bbd0 data=ca132362ac23156f id=15
[1615000] AXI S0_WVALID_RDY HANDSHAKE
[1615000] S0 MEMORY WRITE beat=155 addr=0a00bbf0 data=233eb47287d43a2b id=15
[1615000] MASTER 1 W_VALID_RDY Handshake beat=156 wlast=0
[1625000] MASTER 1 W_VALID_RDY Handshake beat=157 wlast=0
[1625000] AXI S0_WVALID_RDY HANDSHAKE
[1625000] S0 MEMORY WRITE beat=156 addr=0a00bc10 data=c6aedc100850f8b3 id=15
[1635000] AXI S0_WVALID_RDY HANDSHAKE
[1635000] S0 MEMORY WRITE beat=157 addr=0a00bc30 data=b4740e22cc2ce743 id=15
[1635000] MASTER 1 W_VALID_RDY Handshake beat=158 wlast=0
[1645000] MASTER 1 W_VALID_RDY Handshake beat=159 wlast=0
[1645000] AXI S0_WVALID_RDY HANDSHAKE
[1645000] S0 MEMORY WRITE beat=158 addr=0a00bc50 data=d401216f90c1ff72 id=15
[1655000] AXI S0_WVALID_RDY HANDSHAKE
[1655000] S0 MEMORY WRITE beat=159 addr=0a00bc70 data=9912f825d7b2c294 id=15
[1655000] MASTER 1 W_VALID_RDY Handshake beat=160 wlast=0
[1665000] MASTER 1 W_VALID_RDY Handshake beat=161 wlast=0
[1665000] AXI S0_WVALID_RDY HANDSHAKE
[1665000] S0 MEMORY WRITE beat=160 addr=0a00bc90 data=23dfa9d89aaffd7f id=15
[1675000] AXI S0_WVALID_RDY HANDSHAKE
[1675000] S0 MEMORY WRITE beat=161 addr=0a00bcb0 data=2b71fcf2cd870648 id=15
[1675000] MASTER 1 W_VALID_RDY Handshake beat=162 wlast=0
[1685000] MASTER 1 W_VALID_RDY Handshake beat=163 wlast=0
[1685000] AXI S0_WVALID_RDY HANDSHAKE
[1685000] S0 MEMORY WRITE beat=162 addr=0a00bcd0 data=a539c8dcf7e0cb47 id=15
[1695000] AXI S0_WVALID_RDY HANDSHAKE
[1695000] S0 MEMORY WRITE beat=163 addr=0a00bcf0 data=9290c8c6c484f517 id=15
[1695000] MASTER 1 W_VALID_RDY Handshake beat=164 wlast=0
[1705000] MASTER 1 W_VALID_RDY Handshake beat=165 wlast=0
[1705000] AXI S0_WVALID_RDY HANDSHAKE
[1705000] S0 MEMORY WRITE beat=164 addr=0a00bd10 data=920bfb5fc91972b4 id=15
[1715000] AXI S0_WVALID_RDY HANDSHAKE
[1715000] S0 MEMORY WRITE beat=165 addr=0a00bd30 data=c0fa3dfbbe02c5b8 id=15
[1715000] MASTER 1 W_VALID_RDY Handshake beat=166 wlast=0
[1725000] MASTER 1 W_VALID_RDY Handshake beat=167 wlast=0
[1725000] AXI S0_WVALID_RDY HANDSHAKE
[1725000] S0 MEMORY WRITE beat=166 addr=0a00bd50 data=0287bad03745c43c id=15
[1735000] AXI S0_WVALID_RDY HANDSHAKE
[1735000] S0 MEMORY WRITE beat=167 addr=0a00bd70 data=805f36f0d38b06c2 id=15
[1735000] MASTER 1 W_VALID_RDY Handshake beat=168 wlast=0
[1745000] MASTER 1 W_VALID_RDY Handshake beat=169 wlast=0
[1745000] AXI S0_WVALID_RDY HANDSHAKE
[1745000] S0 MEMORY WRITE beat=168 addr=0a00bd90 data=918dcc7a9493b62f id=15
[1755000] AXI S0_WVALID_RDY HANDSHAKE
[1755000] S0 MEMORY WRITE beat=169 addr=0a00bdb0 data=cbd97a6bc15974ec id=15
[1755000] MASTER 1 W_VALID_RDY Handshake beat=170 wlast=0
[1765000] MASTER 1 W_VALID_RDY Handshake beat=171 wlast=0
[1765000] AXI S0_WVALID_RDY HANDSHAKE
[1765000] S0 MEMORY WRITE beat=170 addr=0a00bdd0 data=14e47bae9415874a id=15
[1775000] AXI S0_WVALID_RDY HANDSHAKE
[1775000] S0 MEMORY WRITE beat=171 addr=0a00bdf0 data=28a93d7acc38b15c id=15
[1775000] MASTER 1 W_VALID_RDY Handshake beat=172 wlast=0
[1785000] MASTER 1 W_VALID_RDY Handshake beat=173 wlast=0
[1785000] AXI S0_WVALID_RDY HANDSHAKE
[1785000] S0 MEMORY WRITE beat=172 addr=0a00be10 data=0d922648a6724828 id=15
[1795000] AXI S0_WVALID_RDY HANDSHAKE
[1795000] S0 MEMORY WRITE beat=173 addr=0a00be30 data=3a87cf73f482b7e5 id=15
[1795000] MASTER 1 W_VALID_RDY Handshake beat=174 wlast=0
[1805000] MASTER 1 W_VALID_RDY Handshake beat=175 wlast=0
[1805000] AXI S0_WVALID_RDY HANDSHAKE
[1805000] S0 MEMORY WRITE beat=174 addr=0a00be50 data=c0bb69412276a1f6 id=15
[1815000] AXI S0_WVALID_RDY HANDSHAKE
[1815000] S0 MEMORY WRITE beat=175 addr=0a00be70 data=c8e8ea1ee3310ced id=15
[1815000] MASTER 1 W_VALID_RDY Handshake beat=176 wlast=0
[1825000] MASTER 1 W_VALID_RDY Handshake beat=177 wlast=0
[1825000] AXI S0_WVALID_RDY HANDSHAKE
[1825000] S0 MEMORY WRITE beat=176 addr=0a00be90 data=d7b3c4d2ce4d8f89 id=15
[1835000] AXI S0_WVALID_RDY HANDSHAKE
[1835000] S0 MEMORY WRITE beat=177 addr=0a00beb0 data=f0c4317f8370b991 id=15
[1835000] MASTER 1 W_VALID_RDY Handshake beat=178 wlast=0
[1845000] MASTER 1 W_VALID_RDY Handshake beat=179 wlast=0
[1845000] AXI S0_WVALID_RDY HANDSHAKE
[1845000] S0 MEMORY WRITE beat=178 addr=0a00bed0 data=e6a1c67e186f2e14 id=15
[1855000] AXI S0_WVALID_RDY HANDSHAKE
[1855000] S0 MEMORY WRITE beat=179 addr=0a00bef0 data=e6bcbd9d39ad1b9e id=15
[1855000] MASTER 1 W_VALID_RDY Handshake beat=180 wlast=0
[1865000] MASTER 1 W_VALID_RDY Handshake beat=181 wlast=0
[1865000] AXI S0_WVALID_RDY HANDSHAKE
[1865000] S0 MEMORY WRITE beat=180 addr=0a00bf10 data=bd1dd52f3e558b51 id=15
[1875000] AXI S0_WVALID_RDY HANDSHAKE
[1875000] S0 MEMORY WRITE beat=181 addr=0a00bf30 data=d6c4b965d780ef1d id=15
[1875000] MASTER 1 W_VALID_RDY Handshake beat=182 wlast=0
[1885000] MASTER 1 W_VALID_RDY Handshake beat=183 wlast=0
[1885000] AXI S0_WVALID_RDY HANDSHAKE
[1885000] S0 MEMORY WRITE beat=182 addr=0a00bf50 data=112e0abb23bf9bae id=15
[1895000] AXI S0_WVALID_RDY HANDSHAKE
[1895000] S0 MEMORY WRITE beat=183 addr=0a00bf70 data=e21526ffbd817702 id=15
[1895000] MASTER 1 W_VALID_RDY Handshake beat=184 wlast=0
[1905000] MASTER 1 W_VALID_RDY Handshake beat=185 wlast=0
[1905000] AXI S0_WVALID_RDY HANDSHAKE
[1905000] S0 MEMORY WRITE beat=184 addr=0a00bf90 data=9502661fce4bdfea id=15
[1915000] AXI S0_WVALID_RDY HANDSHAKE
[1915000] S0 MEMORY WRITE beat=185 addr=0a00bfb0 data=f20b7b9838d9e064 id=15
[1915000] MASTER 1 W_VALID_RDY Handshake beat=186 wlast=0
[1925000] MASTER 1 W_VALID_RDY Handshake beat=187 wlast=0
[1925000] AXI S0_WVALID_RDY HANDSHAKE
[1925000] S0 MEMORY WRITE beat=186 addr=0a00bfd0 data=f65b5766a63070da id=15
[1935000] AXI S0_WVALID_RDY HANDSHAKE
[1935000] S0 MEMORY WRITE beat=187 addr=0a00bff0 data=f47c50c5d420a297 id=15
[1935000] MASTER 1 W_VALID_RDY Handshake beat=188 wlast=0
[1945000] MASTER 1 W_VALID_RDY Handshake beat=189 wlast=0
[1945000] AXI S0_WVALID_RDY HANDSHAKE
[1945000] S0 MEMORY WRITE beat=188 addr=0a00c010 data=8cfa82fb0b5dbd86 id=15
[1955000] AXI S0_WVALID_RDY HANDSHAKE
[1955000] S0 MEMORY WRITE beat=189 addr=0a00c030 data=b18e2e60e687cc5d id=15
[1955000] MASTER 1 W_VALID_RDY Handshake beat=190 wlast=0
[1965000] MASTER 1 W_VALID_RDY Handshake beat=191 wlast=0
[1965000] AXI S0_WVALID_RDY HANDSHAKE
[1965000] S0 MEMORY WRITE beat=190 addr=0a00c050 data=3aa86ef50355da62 id=15
[1975000] AXI S0_WVALID_RDY HANDSHAKE
[1975000] S0 MEMORY WRITE beat=191 addr=0a00c070 data=0eb397e8a60a7f25 id=15
[1975000] MASTER 1 W_VALID_RDY Handshake beat=192 wlast=0
[1985000] MASTER 1 W_VALID_RDY Handshake beat=193 wlast=0
[1985000] AXI S0_WVALID_RDY HANDSHAKE
[1985000] S0 MEMORY WRITE beat=192 addr=0a00c090 data=0c924b83c7a2f1f0 id=15
[1995000] AXI S0_WVALID_RDY HANDSHAKE
[1995000] S0 MEMORY WRITE beat=193 addr=0a00c0b0 data=caf8cc52c041c648 id=15
[1995000] MASTER 1 W_VALID_RDY Handshake beat=194 wlast=0
[2005000] MASTER 1 W_VALID_RDY Handshake beat=195 wlast=0
[2005000] AXI S0_WVALID_RDY HANDSHAKE
[2005000] S0 MEMORY WRITE beat=194 addr=0a00c0d0 data=e64c456ec73aba78 id=15
[2015000] AXI S0_WVALID_RDY HANDSHAKE
[2015000] S0 MEMORY WRITE beat=195 addr=0a00c0f0 data=8eddac68d9ac643a id=15
[2015000] MASTER 1 W_VALID_RDY Handshake beat=196 wlast=0
[2025000] MASTER 1 W_VALID_RDY Handshake beat=197 wlast=0
[2025000] AXI S0_WVALID_RDY HANDSHAKE
[2025000] S0 MEMORY WRITE beat=196 addr=0a00c110 data=19ee2a83f2de90f1 id=15
[2035000] AXI S0_WVALID_RDY HANDSHAKE
[2035000] S0 MEMORY WRITE beat=197 addr=0a00c130 data=3a194b69d9d678bb id=15
[2035000] MASTER 1 W_VALID_RDY Handshake beat=198 wlast=0
[2045000] MASTER 1 W_VALID_RDY Handshake beat=199 wlast=0
[2045000] AXI S0_WVALID_RDY HANDSHAKE
[2045000] S0 MEMORY WRITE beat=198 addr=0a00c150 data=b382dcf5003a6ff1 id=15
[2055000] AXI S0_WVALID_RDY HANDSHAKE
[2055000] S0 MEMORY WRITE beat=199 addr=0a00c170 data=f31900e2c8f6f7d1 id=15
[2055000] MASTER 1 W_VALID_RDY Handshake beat=200 wlast=0
[2065000] MASTER 1 W_VALID_RDY Handshake beat=201 wlast=0
[2065000] AXI S0_WVALID_RDY HANDSHAKE
[2065000] S0 MEMORY WRITE beat=200 addr=0a00c190 data=a2cd708ccd710778 id=15
[2075000] AXI S0_WVALID_RDY HANDSHAKE
[2075000] S0 MEMORY WRITE beat=201 addr=0a00c1b0 data=cdab77692d324c4b id=15
[2075000] MASTER 1 W_VALID_RDY Handshake beat=202 wlast=0
[2085000] MASTER 1 W_VALID_RDY Handshake beat=203 wlast=0
[2085000] AXI S0_WVALID_RDY HANDSHAKE
[2085000] S0 MEMORY WRITE beat=202 addr=0a00c1d0 data=f629441cd6504d82 id=15
[2095000] AXI S0_WVALID_RDY HANDSHAKE
[2095000] S0 MEMORY WRITE beat=203 addr=0a00c1f0 data=a3c154fac0c4784b id=15
[2095000] MASTER 1 W_VALID_RDY Handshake beat=204 wlast=0
[2105000] MASTER 1 W_VALID_RDY Handshake beat=205 wlast=0
[2105000] AXI S0_WVALID_RDY HANDSHAKE
[2105000] S0 MEMORY WRITE beat=204 addr=0a00c210 data=edf6c49618f6b4a9 id=15
[2115000] AXI S0_WVALID_RDY HANDSHAKE
[2115000] S0 MEMORY WRITE beat=205 addr=0a00c230 data=ef47022bf16ccc64 id=15
[2115000] MASTER 1 W_VALID_RDY Handshake beat=206 wlast=0
[2125000] MASTER 1 W_VALID_RDY Handshake beat=207 wlast=0
[2125000] AXI S0_WVALID_RDY HANDSHAKE
[2125000] S0 MEMORY WRITE beat=206 addr=0a00c250 data=b23144afe42008b3 id=15
[2135000] AXI S0_WVALID_RDY HANDSHAKE
[2135000] S0 MEMORY WRITE beat=207 addr=0a00c270 data=fd16bd5c93085725 id=15
[2135000] MASTER 1 W_VALID_RDY Handshake beat=208 wlast=0
[2145000] MASTER 1 W_VALID_RDY Handshake beat=209 wlast=0
[2145000] AXI S0_WVALID_RDY HANDSHAKE
[2145000] S0 MEMORY WRITE beat=208 addr=0a00c290 data=8475238920280946 id=15
[2155000] AXI S0_WVALID_RDY HANDSHAKE
[2155000] S0 MEMORY WRITE beat=209 addr=0a00c2b0 data=044811f9ec5dbf87 id=15
[2155000] MASTER 1 W_VALID_RDY Handshake beat=210 wlast=0
[2165000] MASTER 1 W_VALID_RDY Handshake beat=211 wlast=0
[2165000] AXI S0_WVALID_RDY HANDSHAKE
[2165000] S0 MEMORY WRITE beat=210 addr=0a00c2d0 data=ff6616ac36a66839 id=15
[2175000] AXI S0_WVALID_RDY HANDSHAKE
[2175000] S0 MEMORY WRITE beat=211 addr=0a00c2f0 data=d6ce717f015ecf55 id=15
[2175000] MASTER 1 W_VALID_RDY Handshake beat=212 wlast=0
[2185000] MASTER 1 W_VALID_RDY Handshake beat=213 wlast=0
[2185000] AXI S0_WVALID_RDY HANDSHAKE
[2185000] S0 MEMORY WRITE beat=212 addr=0a00c310 data=edbc8edc03db3a36 id=15
[2195000] AXI S0_WVALID_RDY HANDSHAKE
[2195000] S0 MEMORY WRITE beat=213 addr=0a00c330 data=3a81a26fdb168378 id=15
[2195000] MASTER 1 W_VALID_RDY Handshake beat=214 wlast=0
[2205000] MASTER 1 W_VALID_RDY Handshake beat=215 wlast=0
[2205000] AXI S0_WVALID_RDY HANDSHAKE
[2205000] S0 MEMORY WRITE beat=214 addr=0a00c350 data=dc7552cded22a588 id=15
[2215000] AXI S0_WVALID_RDY HANDSHAKE
[2215000] S0 MEMORY WRITE beat=215 addr=0a00c370 data=f0fddfbe115013ee id=15
[2215000] MASTER 1 W_VALID_RDY Handshake beat=216 wlast=0
[2225000] MASTER 1 W_VALID_RDY Handshake beat=217 wlast=0
[2225000] AXI S0_WVALID_RDY HANDSHAKE
[2225000] S0 MEMORY WRITE beat=216 addr=0a00c390 data=ec669766ca31e1a9 id=15
[2235000] AXI S0_WVALID_RDY HANDSHAKE
[2235000] S0 MEMORY WRITE beat=217 addr=0a00c3b0 data=b7548731ab7f822d id=15
[2235000] MASTER 1 W_VALID_RDY Handshake beat=218 wlast=0
[2245000] MASTER 1 W_VALID_RDY Handshake beat=219 wlast=0
[2245000] AXI S0_WVALID_RDY HANDSHAKE
[2245000] S0 MEMORY WRITE beat=218 addr=0a00c3d0 data=bccf961bc8dbea33 id=15
[2255000] AXI S0_WVALID_RDY HANDSHAKE
[2255000] S0 MEMORY WRITE beat=219 addr=0a00c3f0 data=130dcbdc285266f0 id=15
[2255000] MASTER 1 W_VALID_RDY Handshake beat=220 wlast=0
[2265000] MASTER 1 W_VALID_RDY Handshake beat=221 wlast=0
[2265000] AXI S0_WVALID_RDY HANDSHAKE
[2265000] S0 MEMORY WRITE beat=220 addr=0a00c410 data=d3d1e91da9362d81 id=15
[2275000] AXI S0_WVALID_RDY HANDSHAKE
[2275000] S0 MEMORY WRITE beat=221 addr=0a00c430 data=f21217b4ca62530d id=15
[2275000] MASTER 1 W_VALID_RDY Handshake beat=222 wlast=0
[2285000] MASTER 1 W_VALID_RDY Handshake beat=223 wlast=0
[2285000] AXI S0_WVALID_RDY HANDSHAKE
[2285000] S0 MEMORY WRITE beat=222 addr=0a00c450 data=f2b4b9fd10a17f39 id=15
[2295000] AXI S0_WVALID_RDY HANDSHAKE
[2295000] S0 MEMORY WRITE beat=223 addr=0a00c470 data=b9d7acba851fe390 id=15
[2295000] MASTER 1 W_VALID_RDY Handshake beat=224 wlast=0
[2305000] MASTER 1 W_VALID_RDY Handshake beat=225 wlast=0
[2305000] AXI S0_WVALID_RDY HANDSHAKE
[2305000] S0 MEMORY WRITE beat=224 addr=0a00c490 data=cf82369ec686a31b id=15
[2315000] AXI S0_WVALID_RDY HANDSHAKE
[2315000] S0 MEMORY WRITE beat=225 addr=0a00c4b0 data=d72822542be9c46f id=15
[2315000] MASTER 1 W_VALID_RDY Handshake beat=226 wlast=0
[2325000] MASTER 1 W_VALID_RDY Handshake beat=227 wlast=0
[2325000] AXI S0_WVALID_RDY HANDSHAKE
[2325000] S0 MEMORY WRITE beat=226 addr=0a00c4d0 data=b109a7ffc236f09b id=15
[2335000] AXI S0_WVALID_RDY HANDSHAKE
[2335000] S0 MEMORY WRITE beat=227 addr=0a00c4f0 data=88bd93b690ffcf0e id=15
[2335000] MASTER 1 W_VALID_RDY Handshake beat=228 wlast=0
[2345000] MASTER 1 W_VALID_RDY Handshake beat=229 wlast=0
[2345000] AXI S0_WVALID_RDY HANDSHAKE
[2345000] S0 MEMORY WRITE beat=228 addr=0a00c510 data=bce9937d808bde9d id=15
[2355000] AXI S0_WVALID_RDY HANDSHAKE
[2355000] S0 MEMORY WRITE beat=229 addr=0a00c530 data=c2c2cf39dfe5b60a id=15
[2355000] MASTER 1 W_VALID_RDY Handshake beat=230 wlast=0
[2365000] MASTER 1 W_VALID_RDY Handshake beat=231 wlast=0
[2365000] AXI S0_WVALID_RDY HANDSHAKE
[2365000] S0 MEMORY WRITE beat=230 addr=0a00c550 data=f0e58519edf33b7d id=15
[2375000] AXI S0_WVALID_RDY HANDSHAKE
[2375000] S0 MEMORY WRITE beat=231 addr=0a00c570 data=ee7f1a1acb8062ef id=15
[2375000] MASTER 1 W_VALID_RDY Handshake beat=232 wlast=0
[2385000] MASTER 1 W_VALID_RDY Handshake beat=233 wlast=0
[2385000] AXI S0_WVALID_RDY HANDSHAKE
[2385000] S0 MEMORY WRITE beat=232 addr=0a00c590 data=2b6618faadcf1896 id=15
[2395000] AXI S0_WVALID_RDY HANDSHAKE
[2395000] S0 MEMORY WRITE beat=233 addr=0a00c5b0 data=9bc25413b141e953 id=15
[2395000] MASTER 1 W_VALID_RDY Handshake beat=234 wlast=0
[2405000] MASTER 1 W_VALID_RDY Handshake beat=235 wlast=0
[2405000] AXI S0_WVALID_RDY HANDSHAKE
[2405000] S0 MEMORY WRITE beat=234 addr=0a00c5d0 data=fcc24c431c4b9e13 id=15
[2415000] AXI S0_WVALID_RDY HANDSHAKE
[2415000] S0 MEMORY WRITE beat=235 addr=0a00c5f0 data=ca1ab6a90a416e2e id=15
[2415000] MASTER 1 W_VALID_RDY Handshake beat=236 wlast=0
[2425000] MASTER 1 W_VALID_RDY Handshake beat=237 wlast=0
[2425000] AXI S0_WVALID_RDY HANDSHAKE
[2425000] S0 MEMORY WRITE beat=236 addr=0a00c610 data=bb8357812828653d id=15
[2435000] AXI S0_WVALID_RDY HANDSHAKE
[2435000] S0 MEMORY WRITE beat=237 addr=0a00c630 data=c4740350e5dd0abd id=15
[2435000] MASTER 1 W_VALID_RDY Handshake beat=238 wlast=0
[2445000] MASTER 1 W_VALID_RDY Handshake beat=239 wlast=0
[2445000] AXI S0_WVALID_RDY HANDSHAKE
[2445000] S0 MEMORY WRITE beat=238 addr=0a00c650 data=f01e78ebb845a3c4 id=15
[2455000] AXI S0_WVALID_RDY HANDSHAKE
[2455000] S0 MEMORY WRITE beat=239 addr=0a00c670 data=e06e09018e8eb9f9 id=15
[2455000] MASTER 1 W_VALID_RDY Handshake beat=240 wlast=1
[2455000] MASTER_DRIVER1 received transaction, op=AXI_WRITE
[2465000] AXI S0_WVALID_RDY HANDSHAKE
[2465000] S0 MEMORY WRITE beat=240 addr=0a00c690 data=f46bc4b6aba1d06c id=15
[2475000] SLAVE0 sent B resp, id=5
[2475000] [SLAVE MONITOR] mst_id=1 s_id=0 awaddr=a00a890 awid=101 awlen=240 awsize=5 awburst=1 wdata=[c86d6260c212d439 a508e3293505542d d0c4e068271cb139 e92f8572c84f538f fd54a7bc193242c9 c04ef4028e38689b d687bc2bce198825 e74bcaee297e7974 b7b6e20fd3dc63e7 a1f5ec0c279abef0 d11938648e3e9e3a e21b02228941b6fa b0dc75ea88d01a73 170eb8ae8410ee2e d52a52981f5ae4e ac5c8c2f929bad0 fd3aa8febe2f1b13 c024c96221d48170 1afe3c408a8d4e27 c8bc693bcaea9224 ecbf13949838e53e 22c6336608e1329d d3cbc4c107bd4fd4 9ff63512eb829ca1 f463cf3ec08ad855 c8482829c2bc6878 ae3f0519c82f93ff 8ba6c54e83e5d3b 2afac5b4a2a2d457 ead26856d102947d b940f1b8d939cacd fbdc9f25f38cd4aa c48f6927e43bb76c 3d75823ae6af077b da3bdc26fdd05ae0 e20c124c3952215f a00128da9ecb454d 9c9ba02d9f819486 d8d3b5e5fa3d0500 19084a4efea7b27a 9e294700f8d4dec0 f311e3c0b5a3ea7b b44b9cf5f6fcfce6 efd1dba68c1a2e0e c1be188ad274e3f6 c971e0dce2e3bf66 eefded75f609b57f c87e99753943bc82 9c277be830bc05ff a6c5bb7e91f07a51 cb3436d38b25695d bbe16f5cef4454f4 8134cf45e75bb2bc f2811c19e2a72adb d1eb7fcfcc690619 33c4b8d52e628b76 1109b651d3204f14 9f89552da645d4ee d4a86064e2f53620 b6158534d34e0e02 f993e2f1e5b216b5 c8a74cd5d59eda62 a8ece864ce3c4355 33ee5a0bfebcd20a d45bac6ca280cb55 f0bd0eabfc95a6e0 fb5278eafd4894d0 1fc9602624ab68b6 a1410f96cfae2556 ccf6ba2710866ed1 3531d7871c938881 ec41add7ecc01a4d fd46891ed672e71d f3066f9eb93867fe a5f8824b327860a5 88eb47c2df481d76 98808574a33f0b69 d5b76c0efbf1b761 db39d4d73e7907c0 e1b81329dea2b3d1 da946b32f3ba5a4b b233620b376f7f38 1612330935ce4009 a9889a5413eb7535 cb5af46df0a69e3b 2674de44dbbbfc60 efa77195e16d2776 d213c5b1cffd7898 abb974f83b026602 1c6f8d78f888a3f5 c8861c8d9b60e68d d6634c8fee835329 e70bf71ef43f9186 8fa07813f2d2da07 e1562d30af9213ab a3d1a531e603c4a3 d8d69eaac862244e f7f437fa33721d45 1975e1e83a2ccbdb 828ef0299bc5dd2b cf37fa70f24c8092 ac794c6dfa832823 1649054fe8addc58 dafa5ceb2f083c97 a98b64bae580ffbf ce2edc188773a958 b67be5efbfd46a09 255569c929293903 b09ce25be0074aaa 9fdbb4b3f38445e1 1cad7ee4e718c84b c72012f5c5311e7c b8b5645dcd4a613f b463298ae6fbc7a8 2c2ce625d562e341 22ad4481fb833c7f e27f0428e4e24a82 3a452dc4d7106e0b d293aa8b0eabea4d f38e34cfdcf27245 b402e0503512aeb3 c3be9900add36293 8ac5d4d886968adb bba9398eb74ccdcf e52030633ec8b529 c55f4004ff67d28e 36b4a05eefe6053b aeaeba6401087993 80704c211bd4d0c1 8bbad5fcf40dfa69 f51673fcb724ec7f d2f9bd403a699061 2e778acaf586c01d 2cabac9ddeb4933d 191e239e238dfec6 9914bee3ffa569dd de59fd1ac795ae68 eb23ad2ec5c06b80 c565d55ef77820b8 bf0dcf2084386c11 c9f8d792a3bfd278 1b37f331aa317c4e 2e69e8600f5eacf0 b31e7f68da45c251 4773ea0f862bff2 7c16ce2ce567299 289c34eb32e12700 2b43e6f2badfec4a 9365ee42d13738b dff49a8b330553d4 ede5401e31d293cf dee6075a0b38817d 3e3dd551f71b9f02 a8ee32d13edaa1e5 ca132362ac23156f 233eb47287d43a2b c6aedc100850f8b3 b4740e22cc2ce743 d401216f90c1ff72 9912f825d7b2c294 23dfa9d89aaffd7f 2b71fcf2cd870648 a539c8dcf7e0cb47 9290c8c6c484f517 920bfb5fc91972b4 c0fa3dfbbe02c5b8 287bad03745c43c 805f36f0d38b06c2 918dcc7a9493b62f cbd97a6bc15974ec 14e47bae9415874a 28a93d7acc38b15c d922648a6724828 3a87cf73f482b7e5 c0bb69412276a1f6 c8e8ea1ee3310ced d7b3c4d2ce4d8f89 f0c4317f8370b991 e6a1c67e186f2e14 e6bcbd9d39ad1b9e bd1dd52f3e558b51 d6c4b965d780ef1d 112e0abb23bf9bae e21526ffbd817702 9502661fce4bdfea f20b7b9838d9e064 f65b5766a63070da f47c50c5d420a297 8cfa82fb0b5dbd86 b18e2e60e687cc5d 3aa86ef50355da62 eb397e8a60a7f25 c924b83c7a2f1f0 caf8cc52c041c648 e64c456ec73aba78 8eddac68d9ac643a 19ee2a83f2de90f1 3a194b69d9d678bb b382dcf5003a6ff1 f31900e2c8f6f7d1 a2cd708ccd710778 cdab77692d324c4b f629441cd6504d82 a3c154fac0c4784b edf6c49618f6b4a9 ef47022bf16ccc64 b23144afe42008b3 fd16bd5c93085725 8475238920280946 44811f9ec5dbf87 ff6616ac36a66839 d6ce717f015ecf55 edbc8edc03db3a36 3a81a26fdb168378 dc7552cded22a588 f0fddfbe115013ee ec669766ca31e1a9 b7548731ab7f822d bccf961bc8dbea33 130dcbdc285266f0 d3d1e91da9362d81 f21217b4ca62530d f2b4b9fd10a17f39 b9d7acba851fe390 cf82369ec686a31b d72822542be9c46f b109a7ffc236f09b 88bd93b690ffcf0e bce9937d808bde9d c2c2cf39dfe5b60a f0e58519edf33b7d ee7f1a1acb8062ef 2b6618faadcf1896 9bc25413b141e953 fcc24c431c4b9e13 ca1ab6a90a416e2e bb8357812828653d c4740350e5dd0abd f01e78ebb845a3c4 e06e09018e8eb9f9 f46bc4b6aba1d06c ] wstrb=[51 31 a1 4b 32 e 1 84 3f a3 cf 71 b1 d0 f5 f0 73 c4 61 24 95 57 14 8 1b 76 2d b0 cd 41 b9 e8 b7 e6 99 84 27 52 6d df 38 6 63 5f 58 d0 3e 90 d6 a2 ef 2e 72 2e be 49 d0 ae 77 42 dc 36 8b ac e4 3 ee c0 39 7a 6c 1d 7d 5a dd b6 d4 49 d3 51 a3 b0 7 78 f9 da c9 9c 8a d1 14 83 ab de 20 36 af 34 b9 5a 12 d9 90 c1 e 4a 1c 20 23 ac e2 31 f6 fe 52 1a aa 34 4b a1 32 9d bb dc d1 6 7d 3 a4 38 e0 75 3f 5d 79 e3 96 59 58 d5 b6 d1 b8 4c 2a 10 21 e1 e2 d9 2d c ea 4f ed cc 28 1b d8 12 6a c6 de 92 e1 b7 a5 4b 7d 83 dd 5e 3a 82 a9 b7 6 86 15 40 9 be f8 f 45 d 4f 4e cc 47 5d 11 55 ac 5f 21 f4 bc 32 49 68 91 6a 5c 4d 9c a5 b5 2d f 12 7a ab b7 2f d8 c7 41 52 72 f9 82 4b c0 c3 9d 32 bc 1f 7d 7c e3 1b af 9f 3a 2c 1c 1d 47 cb ] bresp=0 bid=10101
[2475000] MASTER 1 AW_VALID_RDY Handshake
[2485000] ARB MONITOR: slave=0 m0_req=1 m1_req=0 winner=0
[2485000] ARB MONITOR: slave=1 m0_req=0 m1_req=1 winner=1
[2485000] AXI S1_AWVALID_RDY HANDSHAKE
[2485000] AXI S0_AWVALID_RDY HANDSHAKE
[2495000] AXI S0_WVALID_RDY HANDSHAKE
[2495000] S0 MEMORY WRITE beat=0 addr=072b47a8 data=a419df18d3de3c04 id=03
[2495000] MASTER 1 W_VALID_RDY Handshake beat=0 wlast=1
[2495000] MASTER 1 B_VALID_RDY Handshake
[2495000] [MASTER MONITOR] mst_id=1 s_id=0 awaddr=a00a890 awid=101 awlen=240 awsize=5 awburst=1 wdata=[c86d6260c212d439 a508e3293505542d d0c4e068271cb139 e92f8572c84f538f fd54a7bc193242c9 c04ef4028e38689b d687bc2bce198825 e74bcaee297e7974 b7b6e20fd3dc63e7 a1f5ec0c279abef0 d11938648e3e9e3a e21b02228941b6fa b0dc75ea88d01a73 170eb8ae8410ee2e d52a52981f5ae4e ac5c8c2f929bad0 fd3aa8febe2f1b13 c024c96221d48170 1afe3c408a8d4e27 c8bc693bcaea9224 ecbf13949838e53e 22c6336608e1329d d3cbc4c107bd4fd4 9ff63512eb829ca1 f463cf3ec08ad855 c8482829c2bc6878 ae3f0519c82f93ff 8ba6c54e83e5d3b 2afac5b4a2a2d457 ead26856d102947d b940f1b8d939cacd fbdc9f25f38cd4aa c48f6927e43bb76c 3d75823ae6af077b da3bdc26fdd05ae0 e20c124c3952215f a00128da9ecb454d 9c9ba02d9f819486 d8d3b5e5fa3d0500 19084a4efea7b27a 9e294700f8d4dec0 f311e3c0b5a3ea7b b44b9cf5f6fcfce6 efd1dba68c1a2e0e c1be188ad274e3f6 c971e0dce2e3bf66 eefded75f609b57f c87e99753943bc82 9c277be830bc05ff a6c5bb7e91f07a51 cb3436d38b25695d bbe16f5cef4454f4 8134cf45e75bb2bc f2811c19e2a72adb d1eb7fcfcc690619 33c4b8d52e628b76 1109b651d3204f14 9f89552da645d4ee d4a86064e2f53620 b6158534d34e0e02 f993e2f1e5b216b5 c8a74cd5d59eda62 a8ece864ce3c4355 33ee5a0bfebcd20a d45bac6ca280cb55 f0bd0eabfc95a6e0 fb5278eafd4894d0 1fc9602624ab68b6 a1410f96cfae2556 ccf6ba2710866ed1 3531d7871c938881 ec41add7ecc01a4d fd46891ed672e71d f3066f9eb93867fe a5f8824b327860a5 88eb47c2df481d76 98808574a33f0b69 d5b76c0efbf1b761 db39d4d73e7907c0 e1b81329dea2b3d1 da946b32f3ba5a4b b233620b376f7f38 1612330935ce4009 a9889a5413eb7535 cb5af46df0a69e3b 2674de44dbbbfc60 efa77195e16d2776 d213c5b1cffd7898 abb974f83b026602 1c6f8d78f888a3f5 c8861c8d9b60e68d d6634c8fee835329 e70bf71ef43f9186 8fa07813f2d2da07 e1562d30af9213ab a3d1a531e603c4a3 d8d69eaac862244e f7f437fa33721d45 1975e1e83a2ccbdb 828ef0299bc5dd2b cf37fa70f24c8092 ac794c6dfa832823 1649054fe8addc58 dafa5ceb2f083c97 a98b64bae580ffbf ce2edc188773a958 b67be5efbfd46a09 255569c929293903 b09ce25be0074aaa 9fdbb4b3f38445e1 1cad7ee4e718c84b c72012f5c5311e7c b8b5645dcd4a613f b463298ae6fbc7a8 2c2ce625d562e341 22ad4481fb833c7f e27f0428e4e24a82 3a452dc4d7106e0b d293aa8b0eabea4d f38e34cfdcf27245 b402e0503512aeb3 c3be9900add36293 8ac5d4d886968adb bba9398eb74ccdcf e52030633ec8b529 c55f4004ff67d28e 36b4a05eefe6053b aeaeba6401087993 80704c211bd4d0c1 8bbad5fcf40dfa69 f51673fcb724ec7f d2f9bd403a699061 2e778acaf586c01d 2cabac9ddeb4933d 191e239e238dfec6 9914bee3ffa569dd de59fd1ac795ae68 eb23ad2ec5c06b80 c565d55ef77820b8 bf0dcf2084386c11 c9f8d792a3bfd278 1b37f331aa317c4e 2e69e8600f5eacf0 b31e7f68da45c251 4773ea0f862bff2 7c16ce2ce567299 289c34eb32e12700 2b43e6f2badfec4a 9365ee42d13738b dff49a8b330553d4 ede5401e31d293cf dee6075a0b38817d 3e3dd551f71b9f02 a8ee32d13edaa1e5 ca132362ac23156f 233eb47287d43a2b c6aedc100850f8b3 b4740e22cc2ce743 d401216f90c1ff72 9912f825d7b2c294 23dfa9d89aaffd7f 2b71fcf2cd870648 a539c8dcf7e0cb47 9290c8c6c484f517 920bfb5fc91972b4 c0fa3dfbbe02c5b8 287bad03745c43c 805f36f0d38b06c2 918dcc7a9493b62f cbd97a6bc15974ec 14e47bae9415874a 28a93d7acc38b15c d922648a6724828 3a87cf73f482b7e5 c0bb69412276a1f6 c8e8ea1ee3310ced d7b3c4d2ce4d8f89 f0c4317f8370b991 e6a1c67e186f2e14 e6bcbd9d39ad1b9e bd1dd52f3e558b51 d6c4b965d780ef1d 112e0abb23bf9bae e21526ffbd817702 9502661fce4bdfea f20b7b9838d9e064 f65b5766a63070da f47c50c5d420a297 8cfa82fb0b5dbd86 b18e2e60e687cc5d 3aa86ef50355da62 eb397e8a60a7f25 c924b83c7a2f1f0 caf8cc52c041c648 e64c456ec73aba78 8eddac68d9ac643a 19ee2a83f2de90f1 3a194b69d9d678bb b382dcf5003a6ff1 f31900e2c8f6f7d1 a2cd708ccd710778 cdab77692d324c4b f629441cd6504d82 a3c154fac0c4784b edf6c49618f6b4a9 ef47022bf16ccc64 b23144afe42008b3 fd16bd5c93085725 8475238920280946 44811f9ec5dbf87 ff6616ac36a66839 d6ce717f015ecf55 edbc8edc03db3a36 3a81a26fdb168378 dc7552cded22a588 f0fddfbe115013ee ec669766ca31e1a9 b7548731ab7f822d bccf961bc8dbea33 130dcbdc285266f0 d3d1e91da9362d81 f21217b4ca62530d f2b4b9fd10a17f39 b9d7acba851fe390 cf82369ec686a31b d72822542be9c46f b109a7ffc236f09b 88bd93b690ffcf0e bce9937d808bde9d c2c2cf39dfe5b60a f0e58519edf33b7d ee7f1a1acb8062ef 2b6618faadcf1896 9bc25413b141e953 fcc24c431c4b9e13 ca1ab6a90a416e2e bb8357812828653d c4740350e5dd0abd f01e78ebb845a3c4 e06e09018e8eb9f9 f46bc4b6aba1d06c ] wstrb=[51 31 a1 4b 32 e 1 84 3f a3 cf 71 b1 d0 f5 f0 73 c4 61 24 95 57 14 8 1b 76 2d b0 cd 41 b9 e8 b7 e6 99 84 27 52 6d df 38 6 63 5f 58 d0 3e 90 d6 a2 ef 2e 72 2e be 49 d0 ae 77 42 dc 36 8b ac e4 3 ee c0 39 7a 6c 1d 7d 5a dd b6 d4 49 d3 51 a3 b0 7 78 f9 da c9 9c 8a d1 14 83 ab de 20 36 af 34 b9 5a 12 d9 90 c1 e 4a 1c 20 23 ac e2 31 f6 fe 52 1a aa 34 4b a1 32 9d bb dc d1 6 7d 3 a4 38 e0 75 3f 5d 79 e3 96 59 58 d5 b6 d1 b8 4c 2a 10 21 e1 e2 d9 2d c ea 4f ed cc 28 1b d8 12 6a c6 de 92 e1 b7 a5 4b 7d 83 dd 5e 3a 82 a9 b7 6 86 15 40 9 be f8 f 45 d 4f 4e cc 47 5d 11 55 ac 5f 21 f4 bc 32 49 68 91 6a 5c 4d 9c a5 b5 2d f 12 7a ab b7 2f d8 c7 41 52 72 f9 82 4b c0 c3 9d 32 bc 1f 7d 7c e3 1b af 9f 3a 2c 1c 1d 47 cb ] bresp=0 bid=101
[2495000] MASTER_DRIVER1 received transaction, op=AXI_WRITE
[2495000] MASTER 1 RECEIVED BRESP. BRESP=0
[2495000] [MASTER DRIVER] mst_id=1 s_id=0 awaddr=a00a890 awid=101 awlen=240 awsize=5 awburst=1 wdata=[c86d6260c212d439 a508e3293505542d d0c4e068271cb139 e92f8572c84f538f fd54a7bc193242c9 c04ef4028e38689b d687bc2bce198825 e74bcaee297e7974 b7b6e20fd3dc63e7 a1f5ec0c279abef0 d11938648e3e9e3a e21b02228941b6fa b0dc75ea88d01a73 170eb8ae8410ee2e d52a52981f5ae4e ac5c8c2f929bad0 fd3aa8febe2f1b13 c024c96221d48170 1afe3c408a8d4e27 c8bc693bcaea9224 ecbf13949838e53e 22c6336608e1329d d3cbc4c107bd4fd4 9ff63512eb829ca1 f463cf3ec08ad855 c8482829c2bc6878 ae3f0519c82f93ff 8ba6c54e83e5d3b 2afac5b4a2a2d457 ead26856d102947d b940f1b8d939cacd fbdc9f25f38cd4aa c48f6927e43bb76c 3d75823ae6af077b da3bdc26fdd05ae0 e20c124c3952215f a00128da9ecb454d 9c9ba02d9f819486 d8d3b5e5fa3d0500 19084a4efea7b27a 9e294700f8d4dec0 f311e3c0b5a3ea7b b44b9cf5f6fcfce6 efd1dba68c1a2e0e c1be188ad274e3f6 c971e0dce2e3bf66 eefded75f609b57f c87e99753943bc82 9c277be830bc05ff a6c5bb7e91f07a51 cb3436d38b25695d bbe16f5cef4454f4 8134cf45e75bb2bc f2811c19e2a72adb d1eb7fcfcc690619 33c4b8d52e628b76 1109b651d3204f14 9f89552da645d4ee d4a86064e2f53620 b6158534d34e0e02 f993e2f1e5b216b5 c8a74cd5d59eda62 a8ece864ce3c4355 33ee5a0bfebcd20a d45bac6ca280cb55 f0bd0eabfc95a6e0 fb5278eafd4894d0 1fc9602624ab68b6 a1410f96cfae2556 ccf6ba2710866ed1 3531d7871c938881 ec41add7ecc01a4d fd46891ed672e71d f3066f9eb93867fe a5f8824b327860a5 88eb47c2df481d76 98808574a33f0b69 d5b76c0efbf1b761 db39d4d73e7907c0 e1b81329dea2b3d1 da946b32f3ba5a4b b233620b376f7f38 1612330935ce4009 a9889a5413eb7535 cb5af46df0a69e3b 2674de44dbbbfc60 efa77195e16d2776 d213c5b1cffd7898 abb974f83b026602 1c6f8d78f888a3f5 c8861c8d9b60e68d d6634c8fee835329 e70bf71ef43f9186 8fa07813f2d2da07 e1562d30af9213ab a3d1a531e603c4a3 d8d69eaac862244e f7f437fa33721d45 1975e1e83a2ccbdb 828ef0299bc5dd2b cf37fa70f24c8092 ac794c6dfa832823 1649054fe8addc58 dafa5ceb2f083c97 a98b64bae580ffbf ce2edc188773a958 b67be5efbfd46a09 255569c929293903 b09ce25be0074aaa 9fdbb4b3f38445e1 1cad7ee4e718c84b c72012f5c5311e7c b8b5645dcd4a613f b463298ae6fbc7a8 2c2ce625d562e341 22ad4481fb833c7f e27f0428e4e24a82 3a452dc4d7106e0b d293aa8b0eabea4d f38e34cfdcf27245 b402e0503512aeb3 c3be9900add36293 8ac5d4d886968adb bba9398eb74ccdcf e52030633ec8b529 c55f4004ff67d28e 36b4a05eefe6053b aeaeba6401087993 80704c211bd4d0c1 8bbad5fcf40dfa69 f51673fcb724ec7f d2f9bd403a699061 2e778acaf586c01d 2cabac9ddeb4933d 191e239e238dfec6 9914bee3ffa569dd de59fd1ac795ae68 eb23ad2ec5c06b80 c565d55ef77820b8 bf0dcf2084386c11 c9f8d792a3bfd278 1b37f331aa317c4e 2e69e8600f5eacf0 b31e7f68da45c251 4773ea0f862bff2 7c16ce2ce567299 289c34eb32e12700 2b43e6f2badfec4a 9365ee42d13738b dff49a8b330553d4 ede5401e31d293cf dee6075a0b38817d 3e3dd551f71b9f02 a8ee32d13edaa1e5 ca132362ac23156f 233eb47287d43a2b c6aedc100850f8b3 b4740e22cc2ce743 d401216f90c1ff72 9912f825d7b2c294 23dfa9d89aaffd7f 2b71fcf2cd870648 a539c8dcf7e0cb47 9290c8c6c484f517 920bfb5fc91972b4 c0fa3dfbbe02c5b8 287bad03745c43c 805f36f0d38b06c2 918dcc7a9493b62f cbd97a6bc15974ec 14e47bae9415874a 28a93d7acc38b15c d922648a6724828 3a87cf73f482b7e5 c0bb69412276a1f6 c8e8ea1ee3310ced d7b3c4d2ce4d8f89 f0c4317f8370b991 e6a1c67e186f2e14 e6bcbd9d39ad1b9e bd1dd52f3e558b51 d6c4b965d780ef1d 112e0abb23bf9bae e21526ffbd817702 9502661fce4bdfea f20b7b9838d9e064 f65b5766a63070da f47c50c5d420a297 8cfa82fb0b5dbd86 b18e2e60e687cc5d 3aa86ef50355da62 eb397e8a60a7f25 c924b83c7a2f1f0 caf8cc52c041c648 e64c456ec73aba78 8eddac68d9ac643a 19ee2a83f2de90f1 3a194b69d9d678bb b382dcf5003a6ff1 f31900e2c8f6f7d1 a2cd708ccd710778 cdab77692d324c4b f629441cd6504d82 a3c154fac0c4784b edf6c49618f6b4a9 ef47022bf16ccc64 b23144afe42008b3 fd16bd5c93085725 8475238920280946 44811f9ec5dbf87 ff6616ac36a66839 d6ce717f015ecf55 edbc8edc03db3a36 3a81a26fdb168378 dc7552cded22a588 f0fddfbe115013ee ec669766ca31e1a9 b7548731ab7f822d bccf961bc8dbea33 130dcbdc285266f0 d3d1e91da9362d81 f21217b4ca62530d f2b4b9fd10a17f39 b9d7acba851fe390 cf82369ec686a31b d72822542be9c46f b109a7ffc236f09b 88bd93b690ffcf0e bce9937d808bde9d c2c2cf39dfe5b60a f0e58519edf33b7d ee7f1a1acb8062ef 2b6618faadcf1896 9bc25413b141e953 fcc24c431c4b9e13 ca1ab6a90a416e2e bb8357812828653d c4740350e5dd0abd f01e78ebb845a3c4 e06e09018e8eb9f9 f46bc4b6aba1d06c ] wstrb=[51 31 a1 4b 32 e 1 84 3f a3 cf 71 b1 d0 f5 f0 73 c4 61 24 95 57 14 8 1b 76 2d b0 cd 41 b9 e8 b7 e6 99 84 27 52 6d df 38 6 63 5f 58 d0 3e 90 d6 a2 ef 2e 72 2e be 49 d0 ae 77 42 dc 36 8b ac e4 3 ee c0 39 7a 6c 1d 7d 5a dd b6 d4 49 d3 51 a3 b0 7 78 f9 da c9 9c 8a d1 14 83 ab de 20 36 af 34 b9 5a 12 d9 90 c1 e 4a 1c 20 23 ac e2 31 f6 fe 52 1a aa 34 4b a1 32 9d bb dc d1 6 7d 3 a4 38 e0 75 3f 5d 79 e3 96 59 58 d5 b6 d1 b8 4c 2a 10 21 e1 e2 d9 2d c ea 4f ed cc 28 1b d8 12 6a c6 de 92 e1 b7 a5 4b 7d 83 dd 5e 3a 82 a9 b7 6 86 15 40 9 be f8 f 45 d 4f 4e cc 47 5d 11 55 ac 5f 21 f4 bc 32 49 68 91 6a 5c 4d 9c a5 b5 2d f 12 7a ab b7 2f d8 c7 41 52 72 f9 82 4b c0 c3 9d 32 bc 1f 7d 7c e3 1b af 9f 3a 2c 1c 1d 47 cb ] bresp=0 bid=101
[2495000] SCOREBOARD MATCH: decode_err expected = 0, actual =0
[2495000] SCOREBOARD MATCH: slave_id expected = 0, actual =0
[2495000] SCOREBOARD MATCH: awaddr passthrough expected = a00a890, actual =a00a890
[2495000] SCOREBOARD MATCH: awlen passthrough expected = 240, actual =240
[2495000] SCOREBOARD MATCH: awsize passthrough expected = 5, actual =5
[2495000] SCOREBOARD MATCH: awburst passthrough expected = 1, actual =1
[2495000] SCOREBOARD MATCH: wdata size check expected = f1, actual =f1
[2495000] SCOREBOARD MATCH: wdata passthrough beat=0 expected = c86d6260c212d439, actual =c86d6260c212d439
[2495000] SCOREBOARD MATCH: wdata passthrough beat=1 expected = a508e3293505542d, actual =a508e3293505542d
[2495000] SCOREBOARD MATCH: wdata passthrough beat=2 expected = d0c4e068271cb139, actual =d0c4e068271cb139
[2495000] SCOREBOARD MATCH: wdata passthrough beat=3 expected = e92f8572c84f538f, actual =e92f8572c84f538f
[2495000] SCOREBOARD MATCH: wdata passthrough beat=4 expected = fd54a7bc193242c9, actual =fd54a7bc193242c9
[2495000] SCOREBOARD MATCH: wdata passthrough beat=5 expected = c04ef4028e38689b, actual =c04ef4028e38689b
[2495000] SCOREBOARD MATCH: wdata passthrough beat=6 expected = d687bc2bce198825, actual =d687bc2bce198825
[2495000] SCOREBOARD MATCH: wdata passthrough beat=7 expected = e74bcaee297e7974, actual =e74bcaee297e7974
[2495000] SCOREBOARD MATCH: wdata passthrough beat=8 expected = b7b6e20fd3dc63e7, actual =b7b6e20fd3dc63e7
[2495000] SCOREBOARD MATCH: wdata passthrough beat=9 expected = a1f5ec0c279abef0, actual =a1f5ec0c279abef0
[2495000] SCOREBOARD MATCH: wdata passthrough beat=10 expected = d11938648e3e9e3a, actual =d11938648e3e9e3a
[2495000] SCOREBOARD MATCH: wdata passthrough beat=11 expected = e21b02228941b6fa, actual =e21b02228941b6fa
[2495000] SCOREBOARD MATCH: wdata passthrough beat=12 expected = b0dc75ea88d01a73, actual =b0dc75ea88d01a73
[2495000] SCOREBOARD MATCH: wdata passthrough beat=13 expected = 170eb8ae8410ee2e, actual =170eb8ae8410ee2e
[2495000] SCOREBOARD MATCH: wdata passthrough beat=14 expected = d52a52981f5ae4e, actual =d52a52981f5ae4e
[2495000] SCOREBOARD MATCH: wdata passthrough beat=15 expected = ac5c8c2f929bad0, actual =ac5c8c2f929bad0
[2495000] SCOREBOARD MATCH: wdata passthrough beat=16 expected = fd3aa8febe2f1b13, actual =fd3aa8febe2f1b13
[2495000] SCOREBOARD MATCH: wdata passthrough beat=17 expected = c024c96221d48170, actual =c024c96221d48170
[2495000] SCOREBOARD MATCH: wdata passthrough beat=18 expected = 1afe3c408a8d4e27, actual =1afe3c408a8d4e27
[2495000] SCOREBOARD MATCH: wdata passthrough beat=19 expected = c8bc693bcaea9224, actual =c8bc693bcaea9224
[2495000] SCOREBOARD MATCH: wdata passthrough beat=20 expected = ecbf13949838e53e, actual =ecbf13949838e53e
[2495000] SCOREBOARD MATCH: wdata passthrough beat=21 expected = 22c6336608e1329d, actual =22c6336608e1329d
[2495000] SCOREBOARD MATCH: wdata passthrough beat=22 expected = d3cbc4c107bd4fd4, actual =d3cbc4c107bd4fd4
[2495000] SCOREBOARD MATCH: wdata passthrough beat=23 expected = 9ff63512eb829ca1, actual =9ff63512eb829ca1
[2495000] SCOREBOARD MATCH: wdata passthrough beat=24 expected = f463cf3ec08ad855, actual =f463cf3ec08ad855
[2495000] SCOREBOARD MATCH: wdata passthrough beat=25 expected = c8482829c2bc6878, actual =c8482829c2bc6878
[2495000] SCOREBOARD MATCH: wdata passthrough beat=26 expected = ae3f0519c82f93ff, actual =ae3f0519c82f93ff
[2495000] SCOREBOARD MATCH: wdata passthrough beat=27 expected = 8ba6c54e83e5d3b, actual =8ba6c54e83e5d3b
[2495000] SCOREBOARD MATCH: wdata passthrough beat=28 expected = 2afac5b4a2a2d457, actual =2afac5b4a2a2d457
[2495000] SCOREBOARD MATCH: wdata passthrough beat=29 expected = ead26856d102947d, actual =ead26856d102947d
[2495000] SCOREBOARD MATCH: wdata passthrough beat=30 expected = b940f1b8d939cacd, actual =b940f1b8d939cacd
[2495000] SCOREBOARD MATCH: wdata passthrough beat=31 expected = fbdc9f25f38cd4aa, actual =fbdc9f25f38cd4aa
[2495000] SCOREBOARD MATCH: wdata passthrough beat=32 expected = c48f6927e43bb76c, actual =c48f6927e43bb76c
[2495000] SCOREBOARD MATCH: wdata passthrough beat=33 expected = 3d75823ae6af077b, actual =3d75823ae6af077b
[2495000] SCOREBOARD MATCH: wdata passthrough beat=34 expected = da3bdc26fdd05ae0, actual =da3bdc26fdd05ae0
[2495000] SCOREBOARD MATCH: wdata passthrough beat=35 expected = e20c124c3952215f, actual =e20c124c3952215f
[2495000] SCOREBOARD MATCH: wdata passthrough beat=36 expected = a00128da9ecb454d, actual =a00128da9ecb454d
[2495000] SCOREBOARD MATCH: wdata passthrough beat=37 expected = 9c9ba02d9f819486, actual =9c9ba02d9f819486
[2495000] SCOREBOARD MATCH: wdata passthrough beat=38 expected = d8d3b5e5fa3d0500, actual =d8d3b5e5fa3d0500
[2495000] SCOREBOARD MATCH: wdata passthrough beat=39 expected = 19084a4efea7b27a, actual =19084a4efea7b27a
[2495000] SCOREBOARD MATCH: wdata passthrough beat=40 expected = 9e294700f8d4dec0, actual =9e294700f8d4dec0
[2495000] SCOREBOARD MATCH: wdata passthrough beat=41 expected = f311e3c0b5a3ea7b, actual =f311e3c0b5a3ea7b
[2495000] SCOREBOARD MATCH: wdata passthrough beat=42 expected = b44b9cf5f6fcfce6, actual =b44b9cf5f6fcfce6
[2495000] SCOREBOARD MATCH: wdata passthrough beat=43 expected = efd1dba68c1a2e0e, actual =efd1dba68c1a2e0e
[2495000] SCOREBOARD MATCH: wdata passthrough beat=44 expected = c1be188ad274e3f6, actual =c1be188ad274e3f6
[2495000] SCOREBOARD MATCH: wdata passthrough beat=45 expected = c971e0dce2e3bf66, actual =c971e0dce2e3bf66
[2495000] SCOREBOARD MATCH: wdata passthrough beat=46 expected = eefded75f609b57f, actual =eefded75f609b57f
[2495000] SCOREBOARD MATCH: wdata passthrough beat=47 expected = c87e99753943bc82, actual =c87e99753943bc82
[2495000] SCOREBOARD MATCH: wdata passthrough beat=48 expected = 9c277be830bc05ff, actual =9c277be830bc05ff
[2495000] SCOREBOARD MATCH: wdata passthrough beat=49 expected = a6c5bb7e91f07a51, actual =a6c5bb7e91f07a51
[2495000] SCOREBOARD MATCH: wdata passthrough beat=50 expected = cb3436d38b25695d, actual =cb3436d38b25695d
[2495000] SCOREBOARD MATCH: wdata passthrough beat=51 expected = bbe16f5cef4454f4, actual =bbe16f5cef4454f4
[2495000] SCOREBOARD MATCH: wdata passthrough beat=52 expected = 8134cf45e75bb2bc, actual =8134cf45e75bb2bc
[2495000] SCOREBOARD MATCH: wdata passthrough beat=53 expected = f2811c19e2a72adb, actual =f2811c19e2a72adb
[2495000] SCOREBOARD MATCH: wdata passthrough beat=54 expected = d1eb7fcfcc690619, actual =d1eb7fcfcc690619
[2495000] SCOREBOARD MATCH: wdata passthrough beat=55 expected = 33c4b8d52e628b76, actual =33c4b8d52e628b76
[2495000] SCOREBOARD MATCH: wdata passthrough beat=56 expected = 1109b651d3204f14, actual =1109b651d3204f14
[2495000] SCOREBOARD MATCH: wdata passthrough beat=57 expected = 9f89552da645d4ee, actual =9f89552da645d4ee
[2495000] SCOREBOARD MATCH: wdata passthrough beat=58 expected = d4a86064e2f53620, actual =d4a86064e2f53620
[2495000] SCOREBOARD MATCH: wdata passthrough beat=59 expected = b6158534d34e0e02, actual =b6158534d34e0e02
[2495000] SCOREBOARD MATCH: wdata passthrough beat=60 expected = f993e2f1e5b216b5, actual =f993e2f1e5b216b5
[2495000] SCOREBOARD MATCH: wdata passthrough beat=61 expected = c8a74cd5d59eda62, actual =c8a74cd5d59eda62
[2495000] SCOREBOARD MATCH: wdata passthrough beat=62 expected = a8ece864ce3c4355, actual =a8ece864ce3c4355
[2495000] SCOREBOARD MATCH: wdata passthrough beat=63 expected = 33ee5a0bfebcd20a, actual =33ee5a0bfebcd20a
[2495000] SCOREBOARD MATCH: wdata passthrough beat=64 expected = d45bac6ca280cb55, actual =d45bac6ca280cb55
[2495000] SCOREBOARD MATCH: wdata passthrough beat=65 expected = f0bd0eabfc95a6e0, actual =f0bd0eabfc95a6e0
[2495000] SCOREBOARD MATCH: wdata passthrough beat=66 expected = fb5278eafd4894d0, actual =fb5278eafd4894d0
[2495000] SCOREBOARD MATCH: wdata passthrough beat=67 expected = 1fc9602624ab68b6, actual =1fc9602624ab68b6
[2495000] SCOREBOARD MATCH: wdata passthrough beat=68 expected = a1410f96cfae2556, actual =a1410f96cfae2556
[2495000] SCOREBOARD MATCH: wdata passthrough beat=69 expected = ccf6ba2710866ed1, actual =ccf6ba2710866ed1
[2495000] SCOREBOARD MATCH: wdata passthrough beat=70 expected = 3531d7871c938881, actual =3531d7871c938881
[2495000] SCOREBOARD MATCH: wdata passthrough beat=71 expected = ec41add7ecc01a4d, actual =ec41add7ecc01a4d
[2495000] SCOREBOARD MATCH: wdata passthrough beat=72 expected = fd46891ed672e71d, actual =fd46891ed672e71d
[2495000] SCOREBOARD MATCH: wdata passthrough beat=73 expected = f3066f9eb93867fe, actual =f3066f9eb93867fe
[2495000] SCOREBOARD MATCH: wdata passthrough beat=74 expected = a5f8824b327860a5, actual =a5f8824b327860a5
[2495000] SCOREBOARD MATCH: wdata passthrough beat=75 expected = 88eb47c2df481d76, actual =88eb47c2df481d76
[2495000] SCOREBOARD MATCH: wdata passthrough beat=76 expected = 98808574a33f0b69, actual =98808574a33f0b69
[2495000] SCOREBOARD MATCH: wdata passthrough beat=77 expected = d5b76c0efbf1b761, actual =d5b76c0efbf1b761
[2495000] SCOREBOARD MATCH: wdata passthrough beat=78 expected = db39d4d73e7907c0, actual =db39d4d73e7907c0
[2495000] SCOREBOARD MATCH: wdata passthrough beat=79 expected = e1b81329dea2b3d1, actual =e1b81329dea2b3d1
[2495000] SCOREBOARD MATCH: wdata passthrough beat=80 expected = da946b32f3ba5a4b, actual =da946b32f3ba5a4b
[2495000] SCOREBOARD MATCH: wdata passthrough beat=81 expected = b233620b376f7f38, actual =b233620b376f7f38
[2495000] SCOREBOARD MATCH: wdata passthrough beat=82 expected = 1612330935ce4009, actual =1612330935ce4009
[2495000] SCOREBOARD MATCH: wdata passthrough beat=83 expected = a9889a5413eb7535, actual =a9889a5413eb7535
[2495000] SCOREBOARD MATCH: wdata passthrough beat=84 expected = cb5af46df0a69e3b, actual =cb5af46df0a69e3b
[2495000] SCOREBOARD MATCH: wdata passthrough beat=85 expected = 2674de44dbbbfc60, actual =2674de44dbbbfc60
[2495000] SCOREBOARD MATCH: wdata passthrough beat=86 expected = efa77195e16d2776, actual =efa77195e16d2776
[2495000] SCOREBOARD MATCH: wdata passthrough beat=87 expected = d213c5b1cffd7898, actual =d213c5b1cffd7898
[2495000] SCOREBOARD MATCH: wdata passthrough beat=88 expected = abb974f83b026602, actual =abb974f83b026602
[2495000] SCOREBOARD MATCH: wdata passthrough beat=89 expected = 1c6f8d78f888a3f5, actual =1c6f8d78f888a3f5
[2495000] SCOREBOARD MATCH: wdata passthrough beat=90 expected = c8861c8d9b60e68d, actual =c8861c8d9b60e68d
[2495000] SCOREBOARD MATCH: wdata passthrough beat=91 expected = d6634c8fee835329, actual =d6634c8fee835329
[2495000] SCOREBOARD MATCH: wdata passthrough beat=92 expected = e70bf71ef43f9186, actual =e70bf71ef43f9186
[2495000] SCOREBOARD MATCH: wdata passthrough beat=93 expected = 8fa07813f2d2da07, actual =8fa07813f2d2da07
[2495000] SCOREBOARD MATCH: wdata passthrough beat=94 expected = e1562d30af9213ab, actual =e1562d30af9213ab
[2495000] SCOREBOARD MATCH: wdata passthrough beat=95 expected = a3d1a531e603c4a3, actual =a3d1a531e603c4a3
[2495000] SCOREBOARD MATCH: wdata passthrough beat=96 expected = d8d69eaac862244e, actual =d8d69eaac862244e
[2495000] SCOREBOARD MATCH: wdata passthrough beat=97 expected = f7f437fa33721d45, actual =f7f437fa33721d45
[2495000] SCOREBOARD MATCH: wdata passthrough beat=98 expected = 1975e1e83a2ccbdb, actual =1975e1e83a2ccbdb
[2495000] SCOREBOARD MATCH: wdata passthrough beat=99 expected = 828ef0299bc5dd2b, actual =828ef0299bc5dd2b
[2495000] SCOREBOARD MATCH: wdata passthrough beat=100 expected = cf37fa70f24c8092, actual =cf37fa70f24c8092
[2495000] SCOREBOARD MATCH: wdata passthrough beat=101 expected = ac794c6dfa832823, actual =ac794c6dfa832823
[2495000] SCOREBOARD MATCH: wdata passthrough beat=102 expected = 1649054fe8addc58, actual =1649054fe8addc58
[2495000] SCOREBOARD MATCH: wdata passthrough beat=103 expected = dafa5ceb2f083c97, actual =dafa5ceb2f083c97
[2495000] SCOREBOARD MATCH: wdata passthrough beat=104 expected = a98b64bae580ffbf, actual =a98b64bae580ffbf
[2495000] SCOREBOARD MATCH: wdata passthrough beat=105 expected = ce2edc188773a958, actual =ce2edc188773a958
[2495000] SCOREBOARD MATCH: wdata passthrough beat=106 expected = b67be5efbfd46a09, actual =b67be5efbfd46a09
[2495000] SCOREBOARD MATCH: wdata passthrough beat=107 expected = 255569c929293903, actual =255569c929293903
[2495000] SCOREBOARD MATCH: wdata passthrough beat=108 expected = b09ce25be0074aaa, actual =b09ce25be0074aaa
[2495000] SCOREBOARD MATCH: wdata passthrough beat=109 expected = 9fdbb4b3f38445e1, actual =9fdbb4b3f38445e1
[2495000] SCOREBOARD MATCH: wdata passthrough beat=110 expected = 1cad7ee4e718c84b, actual =1cad7ee4e718c84b
[2495000] SCOREBOARD MATCH: wdata passthrough beat=111 expected = c72012f5c5311e7c, actual =c72012f5c5311e7c
[2495000] SCOREBOARD MATCH: wdata passthrough beat=112 expected = b8b5645dcd4a613f, actual =b8b5645dcd4a613f
[2495000] SCOREBOARD MATCH: wdata passthrough beat=113 expected = b463298ae6fbc7a8, actual =b463298ae6fbc7a8
[2495000] SCOREBOARD MATCH: wdata passthrough beat=114 expected = 2c2ce625d562e341, actual =2c2ce625d562e341
[2495000] SCOREBOARD MATCH: wdata passthrough beat=115 expected = 22ad4481fb833c7f, actual =22ad4481fb833c7f
[2495000] SCOREBOARD MATCH: wdata passthrough beat=116 expected = e27f0428e4e24a82, actual =e27f0428e4e24a82
[2495000] SCOREBOARD MATCH: wdata passthrough beat=117 expected = 3a452dc4d7106e0b, actual =3a452dc4d7106e0b
[2495000] SCOREBOARD MATCH: wdata passthrough beat=118 expected = d293aa8b0eabea4d, actual =d293aa8b0eabea4d
[2495000] SCOREBOARD MATCH: wdata passthrough beat=119 expected = f38e34cfdcf27245, actual =f38e34cfdcf27245
[2495000] SCOREBOARD MATCH: wdata passthrough beat=120 expected = b402e0503512aeb3, actual =b402e0503512aeb3
[2495000] SCOREBOARD MATCH: wdata passthrough beat=121 expected = c3be9900add36293, actual =c3be9900add36293
[2495000] SCOREBOARD MATCH: wdata passthrough beat=122 expected = 8ac5d4d886968adb, actual =8ac5d4d886968adb
[2495000] SCOREBOARD MATCH: wdata passthrough beat=123 expected = bba9398eb74ccdcf, actual =bba9398eb74ccdcf
[2495000] SCOREBOARD MATCH: wdata passthrough beat=124 expected = e52030633ec8b529, actual =e52030633ec8b529
[2495000] SCOREBOARD MATCH: wdata passthrough beat=125 expected = c55f4004ff67d28e, actual =c55f4004ff67d28e
[2495000] SCOREBOARD MATCH: wdata passthrough beat=126 expected = 36b4a05eefe6053b, actual =36b4a05eefe6053b
[2495000] SCOREBOARD MATCH: wdata passthrough beat=127 expected = aeaeba6401087993, actual =aeaeba6401087993
[2495000] SCOREBOARD MATCH: wdata passthrough beat=128 expected = 80704c211bd4d0c1, actual =80704c211bd4d0c1
[2495000] SCOREBOARD MATCH: wdata passthrough beat=129 expected = 8bbad5fcf40dfa69, actual =8bbad5fcf40dfa69
[2495000] SCOREBOARD MATCH: wdata passthrough beat=130 expected = f51673fcb724ec7f, actual =f51673fcb724ec7f
[2495000] SCOREBOARD MATCH: wdata passthrough beat=131 expected = d2f9bd403a699061, actual =d2f9bd403a699061
[2495000] SCOREBOARD MATCH: wdata passthrough beat=132 expected = 2e778acaf586c01d, actual =2e778acaf586c01d
[2495000] SCOREBOARD MATCH: wdata passthrough beat=133 expected = 2cabac9ddeb4933d, actual =2cabac9ddeb4933d
[2495000] SCOREBOARD MATCH: wdata passthrough beat=134 expected = 191e239e238dfec6, actual =191e239e238dfec6
[2495000] SCOREBOARD MATCH: wdata passthrough beat=135 expected = 9914bee3ffa569dd, actual =9914bee3ffa569dd
[2495000] SCOREBOARD MATCH: wdata passthrough beat=136 expected = de59fd1ac795ae68, actual =de59fd1ac795ae68
[2495000] SCOREBOARD MATCH: wdata passthrough beat=137 expected = eb23ad2ec5c06b80, actual =eb23ad2ec5c06b80
[2495000] SCOREBOARD MATCH: wdata passthrough beat=138 expected = c565d55ef77820b8, actual =c565d55ef77820b8
[2495000] SCOREBOARD MATCH: wdata passthrough beat=139 expected = bf0dcf2084386c11, actual =bf0dcf2084386c11
[2495000] SCOREBOARD MATCH: wdata passthrough beat=140 expected = c9f8d792a3bfd278, actual =c9f8d792a3bfd278
[2495000] SCOREBOARD MATCH: wdata passthrough beat=141 expected = 1b37f331aa317c4e, actual =1b37f331aa317c4e
[2495000] SCOREBOARD MATCH: wdata passthrough beat=142 expected = 2e69e8600f5eacf0, actual =2e69e8600f5eacf0
[2495000] SCOREBOARD MATCH: wdata passthrough beat=143 expected = b31e7f68da45c251, actual =b31e7f68da45c251
[2495000] SCOREBOARD MATCH: wdata passthrough beat=144 expected = 4773ea0f862bff2, actual =4773ea0f862bff2
[2495000] SCOREBOARD MATCH: wdata passthrough beat=145 expected = 7c16ce2ce567299, actual =7c16ce2ce567299
[2495000] SCOREBOARD MATCH: wdata passthrough beat=146 expected = 289c34eb32e12700, actual =289c34eb32e12700
[2495000] SCOREBOARD MATCH: wdata passthrough beat=147 expected = 2b43e6f2badfec4a, actual =2b43e6f2badfec4a
[2495000] SCOREBOARD MATCH: wdata passthrough beat=148 expected = 9365ee42d13738b, actual =9365ee42d13738b
[2495000] SCOREBOARD MATCH: wdata passthrough beat=149 expected = dff49a8b330553d4, actual =dff49a8b330553d4
[2495000] SCOREBOARD MATCH: wdata passthrough beat=150 expected = ede5401e31d293cf, actual =ede5401e31d293cf
[2495000] SCOREBOARD MATCH: wdata passthrough beat=151 expected = dee6075a0b38817d, actual =dee6075a0b38817d
[2495000] SCOREBOARD MATCH: wdata passthrough beat=152 expected = 3e3dd551f71b9f02, actual =3e3dd551f71b9f02
[2495000] SCOREBOARD MATCH: wdata passthrough beat=153 expected = a8ee32d13edaa1e5, actual =a8ee32d13edaa1e5
[2495000] SCOREBOARD MATCH: wdata passthrough beat=154 expected = ca132362ac23156f, actual =ca132362ac23156f
[2495000] SCOREBOARD MATCH: wdata passthrough beat=155 expected = 233eb47287d43a2b, actual =233eb47287d43a2b
[2495000] SCOREBOARD MATCH: wdata passthrough beat=156 expected = c6aedc100850f8b3, actual =c6aedc100850f8b3
[2495000] SCOREBOARD MATCH: wdata passthrough beat=157 expected = b4740e22cc2ce743, actual =b4740e22cc2ce743
[2495000] SCOREBOARD MATCH: wdata passthrough beat=158 expected = d401216f90c1ff72, actual =d401216f90c1ff72
[2495000] SCOREBOARD MATCH: wdata passthrough beat=159 expected = 9912f825d7b2c294, actual =9912f825d7b2c294
[2495000] SCOREBOARD MATCH: wdata passthrough beat=160 expected = 23dfa9d89aaffd7f, actual =23dfa9d89aaffd7f
[2495000] SCOREBOARD MATCH: wdata passthrough beat=161 expected = 2b71fcf2cd870648, actual =2b71fcf2cd870648
[2495000] SCOREBOARD MATCH: wdata passthrough beat=162 expected = a539c8dcf7e0cb47, actual =a539c8dcf7e0cb47
[2495000] SCOREBOARD MATCH: wdata passthrough beat=163 expected = 9290c8c6c484f517, actual =9290c8c6c484f517
[2495000] SCOREBOARD MATCH: wdata passthrough beat=164 expected = 920bfb5fc91972b4, actual =920bfb5fc91972b4
[2495000] SCOREBOARD MATCH: wdata passthrough beat=165 expected = c0fa3dfbbe02c5b8, actual =c0fa3dfbbe02c5b8
[2495000] SCOREBOARD MATCH: wdata passthrough beat=166 expected = 287bad03745c43c, actual =287bad03745c43c
[2495000] SCOREBOARD MATCH: wdata passthrough beat=167 expected = 805f36f0d38b06c2, actual =805f36f0d38b06c2
[2495000] SCOREBOARD MATCH: wdata passthrough beat=168 expected = 918dcc7a9493b62f, actual =918dcc7a9493b62f
[2495000] SCOREBOARD MATCH: wdata passthrough beat=169 expected = cbd97a6bc15974ec, actual =cbd97a6bc15974ec
[2495000] SCOREBOARD MATCH: wdata passthrough beat=170 expected = 14e47bae9415874a, actual =14e47bae9415874a
[2495000] SCOREBOARD MATCH: wdata passthrough beat=171 expected = 28a93d7acc38b15c, actual =28a93d7acc38b15c
[2495000] SCOREBOARD MATCH: wdata passthrough beat=172 expected = d922648a6724828, actual =d922648a6724828
[2495000] SCOREBOARD MATCH: wdata passthrough beat=173 expected = 3a87cf73f482b7e5, actual =3a87cf73f482b7e5
[2495000] SCOREBOARD MATCH: wdata passthrough beat=174 expected = c0bb69412276a1f6, actual =c0bb69412276a1f6
[2495000] SCOREBOARD MATCH: wdata passthrough beat=175 expected = c8e8ea1ee3310ced, actual =c8e8ea1ee3310ced
[2495000] SCOREBOARD MATCH: wdata passthrough beat=176 expected = d7b3c4d2ce4d8f89, actual =d7b3c4d2ce4d8f89
[2495000] SCOREBOARD MATCH: wdata passthrough beat=177 expected = f0c4317f8370b991, actual =f0c4317f8370b991
[2495000] SCOREBOARD MATCH: wdata passthrough beat=178 expected = e6a1c67e186f2e14, actual =e6a1c67e186f2e14
[2495000] SCOREBOARD MATCH: wdata passthrough beat=179 expected = e6bcbd9d39ad1b9e, actual =e6bcbd9d39ad1b9e
[2495000] SCOREBOARD MATCH: wdata passthrough beat=180 expected = bd1dd52f3e558b51, actual =bd1dd52f3e558b51
[2495000] SCOREBOARD MATCH: wdata passthrough beat=181 expected = d6c4b965d780ef1d, actual =d6c4b965d780ef1d
[2495000] SCOREBOARD MATCH: wdata passthrough beat=182 expected = 112e0abb23bf9bae, actual =112e0abb23bf9bae
[2495000] SCOREBOARD MATCH: wdata passthrough beat=183 expected = e21526ffbd817702, actual =e21526ffbd817702
[2495000] SCOREBOARD MATCH: wdata passthrough beat=184 expected = 9502661fce4bdfea, actual =9502661fce4bdfea
[2495000] SCOREBOARD MATCH: wdata passthrough beat=185 expected = f20b7b9838d9e064, actual =f20b7b9838d9e064
[2495000] SCOREBOARD MATCH: wdata passthrough beat=186 expected = f65b5766a63070da, actual =f65b5766a63070da
[2495000] SCOREBOARD MATCH: wdata passthrough beat=187 expected = f47c50c5d420a297, actual =f47c50c5d420a297
[2495000] SCOREBOARD MATCH: wdata passthrough beat=188 expected = 8cfa82fb0b5dbd86, actual =8cfa82fb0b5dbd86
[2495000] SCOREBOARD MATCH: wdata passthrough beat=189 expected = b18e2e60e687cc5d, actual =b18e2e60e687cc5d
[2495000] SCOREBOARD MATCH: wdata passthrough beat=190 expected = 3aa86ef50355da62, actual =3aa86ef50355da62
[2495000] SCOREBOARD MATCH: wdata passthrough beat=191 expected = eb397e8a60a7f25, actual =eb397e8a60a7f25
[2495000] SCOREBOARD MATCH: wdata passthrough beat=192 expected = c924b83c7a2f1f0, actual =c924b83c7a2f1f0
[2495000] SCOREBOARD MATCH: wdata passthrough beat=193 expected = caf8cc52c041c648, actual =caf8cc52c041c648
[2495000] SCOREBOARD MATCH: wdata passthrough beat=194 expected = e64c456ec73aba78, actual =e64c456ec73aba78
[2495000] SCOREBOARD MATCH: wdata passthrough beat=195 expected = 8eddac68d9ac643a, actual =8eddac68d9ac643a
[2495000] SCOREBOARD MATCH: wdata passthrough beat=196 expected = 19ee2a83f2de90f1, actual =19ee2a83f2de90f1
[2495000] SCOREBOARD MATCH: wdata passthrough beat=197 expected = 3a194b69d9d678bb, actual =3a194b69d9d678bb
[2495000] SCOREBOARD MATCH: wdata passthrough beat=198 expected = b382dcf5003a6ff1, actual =b382dcf5003a6ff1
[2495000] SCOREBOARD MATCH: wdata passthrough beat=199 expected = f31900e2c8f6f7d1, actual =f31900e2c8f6f7d1
[2495000] SCOREBOARD MATCH: wdata passthrough beat=200 expected = a2cd708ccd710778, actual =a2cd708ccd710778
[2495000] SCOREBOARD MATCH: wdata passthrough beat=201 expected = cdab77692d324c4b, actual =cdab77692d324c4b
[2495000] SCOREBOARD MATCH: wdata passthrough beat=202 expected = f629441cd6504d82, actual =f629441cd6504d82
[2495000] SCOREBOARD MATCH: wdata passthrough beat=203 expected = a3c154fac0c4784b, actual =a3c154fac0c4784b
[2495000] SCOREBOARD MATCH: wdata passthrough beat=204 expected = edf6c49618f6b4a9, actual =edf6c49618f6b4a9
[2495000] SCOREBOARD MATCH: wdata passthrough beat=205 expected = ef47022bf16ccc64, actual =ef47022bf16ccc64
[2495000] SCOREBOARD MATCH: wdata passthrough beat=206 expected = b23144afe42008b3, actual =b23144afe42008b3
[2495000] SCOREBOARD MATCH: wdata passthrough beat=207 expected = fd16bd5c93085725, actual =fd16bd5c93085725
[2495000] SCOREBOARD MATCH: wdata passthrough beat=208 expected = 8475238920280946, actual =8475238920280946
[2495000] SCOREBOARD MATCH: wdata passthrough beat=209 expected = 44811f9ec5dbf87, actual =44811f9ec5dbf87
[2495000] SCOREBOARD MATCH: wdata passthrough beat=210 expected = ff6616ac36a66839, actual =ff6616ac36a66839
[2495000] SCOREBOARD MATCH: wdata passthrough beat=211 expected = d6ce717f015ecf55, actual =d6ce717f015ecf55
[2495000] SCOREBOARD MATCH: wdata passthrough beat=212 expected = edbc8edc03db3a36, actual =edbc8edc03db3a36
[2495000] SCOREBOARD MATCH: wdata passthrough beat=213 expected = 3a81a26fdb168378, actual =3a81a26fdb168378
[2495000] SCOREBOARD MATCH: wdata passthrough beat=214 expected = dc7552cded22a588, actual =dc7552cded22a588
[2495000] SCOREBOARD MATCH: wdata passthrough beat=215 expected = f0fddfbe115013ee, actual =f0fddfbe115013ee
[2495000] SCOREBOARD MATCH: wdata passthrough beat=216 expected = ec669766ca31e1a9, actual =ec669766ca31e1a9
[2495000] SCOREBOARD MATCH: wdata passthrough beat=217 expected = b7548731ab7f822d, actual =b7548731ab7f822d
[2495000] SCOREBOARD MATCH: wdata passthrough beat=218 expected = bccf961bc8dbea33, actual =bccf961bc8dbea33
[2495000] SCOREBOARD MATCH: wdata passthrough beat=219 expected = 130dcbdc285266f0, actual =130dcbdc285266f0
[2495000] SCOREBOARD MATCH: wdata passthrough beat=220 expected = d3d1e91da9362d81, actual =d3d1e91da9362d81
[2495000] SCOREBOARD MATCH: wdata passthrough beat=221 expected = f21217b4ca62530d, actual =f21217b4ca62530d
[2495000] SCOREBOARD MATCH: wdata passthrough beat=222 expected = f2b4b9fd10a17f39, actual =f2b4b9fd10a17f39
[2495000] SCOREBOARD MATCH: wdata passthrough beat=223 expected = b9d7acba851fe390, actual =b9d7acba851fe390
[2495000] SCOREBOARD MATCH: wdata passthrough beat=224 expected = cf82369ec686a31b, actual =cf82369ec686a31b
[2495000] SCOREBOARD MATCH: wdata passthrough beat=225 expected = d72822542be9c46f, actual =d72822542be9c46f
[2495000] SCOREBOARD MATCH: wdata passthrough beat=226 expected = b109a7ffc236f09b, actual =b109a7ffc236f09b
[2495000] SCOREBOARD MATCH: wdata passthrough beat=227 expected = 88bd93b690ffcf0e, actual =88bd93b690ffcf0e
[2495000] SCOREBOARD MATCH: wdata passthrough beat=228 expected = bce9937d808bde9d, actual =bce9937d808bde9d
[2495000] SCOREBOARD MATCH: wdata passthrough beat=229 expected = c2c2cf39dfe5b60a, actual =c2c2cf39dfe5b60a
[2495000] SCOREBOARD MATCH: wdata passthrough beat=230 expected = f0e58519edf33b7d, actual =f0e58519edf33b7d
[2495000] SCOREBOARD MATCH: wdata passthrough beat=231 expected = ee7f1a1acb8062ef, actual =ee7f1a1acb8062ef
[2495000] SCOREBOARD MATCH: wdata passthrough beat=232 expected = 2b6618faadcf1896, actual =2b6618faadcf1896
[2495000] SCOREBOARD MATCH: wdata passthrough beat=233 expected = 9bc25413b141e953, actual =9bc25413b141e953
[2495000] SCOREBOARD MATCH: wdata passthrough beat=234 expected = fcc24c431c4b9e13, actual =fcc24c431c4b9e13
[2495000] SCOREBOARD MATCH: wdata passthrough beat=235 expected = ca1ab6a90a416e2e, actual =ca1ab6a90a416e2e
[2495000] SCOREBOARD MATCH: wdata passthrough beat=236 expected = bb8357812828653d, actual =bb8357812828653d
[2495000] SCOREBOARD MATCH: wdata passthrough beat=237 expected = c4740350e5dd0abd, actual =c4740350e5dd0abd
[2495000] SCOREBOARD MATCH: wdata passthrough beat=238 expected = f01e78ebb845a3c4, actual =f01e78ebb845a3c4
[2495000] SCOREBOARD MATCH: wdata passthrough beat=239 expected = e06e09018e8eb9f9, actual =e06e09018e8eb9f9
[2495000] SCOREBOARD MATCH: wdata passthrough beat=240 expected = f46bc4b6aba1d06c, actual =f46bc4b6aba1d06c
[2495000] SCOREBOARD MATCH: wstrb size check expected = f1, actual =f1
[2495000] SCOREBOARD MATCH: wstrb passthrough beat=0 expected = 51, actual =51
[2495000] SCOREBOARD MATCH: wstrb passthrough beat=1 expected = 31, actual =31
[2495000] SCOREBOARD MATCH: wstrb passthrough beat=2 expected = a1, actual =a1
[2495000] SCOREBOARD MATCH: wstrb passthrough beat=3 expected = 4b, actual =4b
[2495000] SCOREBOARD MATCH: wstrb passthrough beat=4 expected = 32, actual =32
[2495000] SCOREBOARD MATCH: wstrb passthrough beat=5 expected = e, actual =e
[2495000] SCOREBOARD MATCH: wstrb passthrough beat=6 expected = 1, actual =1
[2495000] SCOREBOARD MATCH: wstrb passthrough beat=7 expected = 84, actual =84
[2495000] SCOREBOARD MATCH: wstrb passthrough beat=8 expected = 3f, actual =3f
[2495000] SCOREBOARD MATCH: wstrb passthrough beat=9 expected = a3, actual =a3
[2495000] SCOREBOARD MATCH: wstrb passthrough beat=10 expected = cf, actual =cf
[2495000] SCOREBOARD MATCH: wstrb passthrough beat=11 expected = 71, actual =71
[2495000] SCOREBOARD MATCH: wstrb passthrough beat=12 expected = b1, actual =b1
[2495000] SCOREBOARD MATCH: wstrb passthrough beat=13 expected = d0, actual =d0
[2495000] SCOREBOARD MATCH: wstrb passthrough beat=14 expected = f5, actual =f5
[2495000] SCOREBOARD MATCH: wstrb passthrough beat=15 expected = f0, actual =f0
[2495000] SCOREBOARD MATCH: wstrb passthrough beat=16 expected = 73, actual =73
[2495000] SCOREBOARD MATCH: wstrb passthrough beat=17 expected = c4, actual =c4
[2495000] SCOREBOARD MATCH: wstrb passthrough beat=18 expected = 61, actual =61
[2495000] SCOREBOARD MATCH: wstrb passthrough beat=19 expected = 24, actual =24
[2495000] SCOREBOARD MATCH: wstrb passthrough beat=20 expected = 95, actual =95
[2495000] SCOREBOARD MATCH: wstrb passthrough beat=21 expected = 57, actual =57
[2495000] SCOREBOARD MATCH: wstrb passthrough beat=22 expected = 14, actual =14
[2495000] SCOREBOARD MATCH: wstrb passthrough beat=23 expected = 8, actual =8
[2495000] SCOREBOARD MATCH: wstrb passthrough beat=24 expected = 1b, actual =1b
[2495000] SCOREBOARD MATCH: wstrb passthrough beat=25 expected = 76, actual =76
[2495000] SCOREBOARD MATCH: wstrb passthrough beat=26 expected = 2d, actual =2d
[2495000] SCOREBOARD MATCH: wstrb passthrough beat=27 expected = b0, actual =b0
[2495000] SCOREBOARD MATCH: wstrb passthrough beat=28 expected = cd, actual =cd
[2495000] SCOREBOARD MATCH: wstrb passthrough beat=29 expected = 41, actual =41
[2495000] SCOREBOARD MATCH: wstrb passthrough beat=30 expected = b9, actual =b9
[2495000] SCOREBOARD MATCH: wstrb passthrough beat=31 expected = e8, actual =e8
[2495000] SCOREBOARD MATCH: wstrb passthrough beat=32 expected = b7, actual =b7
[2495000] SCOREBOARD MATCH: wstrb passthrough beat=33 expected = e6, actual =e6
[2495000] SCOREBOARD MATCH: wstrb passthrough beat=34 expected = 99, actual =99
[2495000] SCOREBOARD MATCH: wstrb passthrough beat=35 expected = 84, actual =84
[2495000] SCOREBOARD MATCH: wstrb passthrough beat=36 expected = 27, actual =27
[2495000] SCOREBOARD MATCH: wstrb passthrough beat=37 expected = 52, actual =52
[2495000] SCOREBOARD MATCH: wstrb passthrough beat=38 expected = 6d, actual =6d
[2495000] SCOREBOARD MATCH: wstrb passthrough beat=39 expected = df, actual =df
[2495000] SCOREBOARD MATCH: wstrb passthrough beat=40 expected = 38, actual =38
[2495000] SCOREBOARD MATCH: wstrb passthrough beat=41 expected = 6, actual =6
[2495000] SCOREBOARD MATCH: wstrb passthrough beat=42 expected = 63, actual =63
[2495000] SCOREBOARD MATCH: wstrb passthrough beat=43 expected = 5f, actual =5f
[2495000] SCOREBOARD MATCH: wstrb passthrough beat=44 expected = 58, actual =58
[2495000] SCOREBOARD MATCH: wstrb passthrough beat=45 expected = d0, actual =d0
[2495000] SCOREBOARD MATCH: wstrb passthrough beat=46 expected = 3e, actual =3e
[2495000] SCOREBOARD MATCH: wstrb passthrough beat=47 expected = 90, actual =90
[2495000] SCOREBOARD MATCH: wstrb passthrough beat=48 expected = d6, actual =d6
[2495000] SCOREBOARD MATCH: wstrb passthrough beat=49 expected = a2, actual =a2
[2495000] SCOREBOARD MATCH: wstrb passthrough beat=50 expected = ef, actual =ef
[2495000] SCOREBOARD MATCH: wstrb passthrough beat=51 expected = 2e, actual =2e
[2495000] SCOREBOARD MATCH: wstrb passthrough beat=52 expected = 72, actual =72
[2495000] SCOREBOARD MATCH: wstrb passthrough beat=53 expected = 2e, actual =2e
[2495000] SCOREBOARD MATCH: wstrb passthrough beat=54 expected = be, actual =be
[2495000] SCOREBOARD MATCH: wstrb passthrough beat=55 expected = 49, actual =49
[2495000] SCOREBOARD MATCH: wstrb passthrough beat=56 expected = d0, actual =d0
[2495000] SCOREBOARD MATCH: wstrb passthrough beat=57 expected = ae, actual =ae
[2495000] SCOREBOARD MATCH: wstrb passthrough beat=58 expected = 77, actual =77
[2495000] SCOREBOARD MATCH: wstrb passthrough beat=59 expected = 42, actual =42
[2495000] SCOREBOARD MATCH: wstrb passthrough beat=60 expected = dc, actual =dc
[2495000] SCOREBOARD MATCH: wstrb passthrough beat=61 expected = 36, actual =36
[2495000] SCOREBOARD MATCH: wstrb passthrough beat=62 expected = 8b, actual =8b
[2495000] SCOREBOARD MATCH: wstrb passthrough beat=63 expected = ac, actual =ac
[2495000] SCOREBOARD MATCH: wstrb passthrough beat=64 expected = e4, actual =e4
[2495000] SCOREBOARD MATCH: wstrb passthrough beat=65 expected = 3, actual =3
[2495000] SCOREBOARD MATCH: wstrb passthrough beat=66 expected = ee, actual =ee
[2495000] SCOREBOARD MATCH: wstrb passthrough beat=67 expected = c0, actual =c0
[2495000] SCOREBOARD MATCH: wstrb passthrough beat=68 expected = 39, actual =39
[2495000] SCOREBOARD MATCH: wstrb passthrough beat=69 expected = 7a, actual =7a
[2495000] SCOREBOARD MATCH: wstrb passthrough beat=70 expected = 6c, actual =6c
[2495000] SCOREBOARD MATCH: wstrb passthrough beat=71 expected = 1d, actual =1d
[2495000] SCOREBOARD MATCH: wstrb passthrough beat=72 expected = 7d, actual =7d
[2495000] SCOREBOARD MATCH: wstrb passthrough beat=73 expected = 5a, actual =5a
[2495000] SCOREBOARD MATCH: wstrb passthrough beat=74 expected = dd, actual =dd
[2495000] SCOREBOARD MATCH: wstrb passthrough beat=75 expected = b6, actual =b6
[2495000] SCOREBOARD MATCH: wstrb passthrough beat=76 expected = d4, actual =d4
[2495000] SCOREBOARD MATCH: wstrb passthrough beat=77 expected = 49, actual =49
[2495000] SCOREBOARD MATCH: wstrb passthrough beat=78 expected = d3, actual =d3
[2495000] SCOREBOARD MATCH: wstrb passthrough beat=79 expected = 51, actual =51
[2495000] SCOREBOARD MATCH: wstrb passthrough beat=80 expected = a3, actual =a3
[2495000] SCOREBOARD MATCH: wstrb passthrough beat=81 expected = b0, actual =b0
[2495000] SCOREBOARD MATCH: wstrb passthrough beat=82 expected = 7, actual =7
[2495000] SCOREBOARD MATCH: wstrb passthrough beat=83 expected = 78, actual =78
[2495000] SCOREBOARD MATCH: wstrb passthrough beat=84 expected = f9, actual =f9
[2495000] SCOREBOARD MATCH: wstrb passthrough beat=85 expected = da, actual =da
[2495000] SCOREBOARD MATCH: wstrb passthrough beat=86 expected = c9, actual =c9
[2495000] SCOREBOARD MATCH: wstrb passthrough beat=87 expected = 9c, actual =9c
[2495000] SCOREBOARD MATCH: wstrb passthrough beat=88 expected = 8a, actual =8a
[2495000] SCOREBOARD MATCH: wstrb passthrough beat=89 expected = d1, actual =d1
[2495000] SCOREBOARD MATCH: wstrb passthrough beat=90 expected = 14, actual =14
[2495000] SCOREBOARD MATCH: wstrb passthrough beat=91 expected = 83, actual =83
[2495000] SCOREBOARD MATCH: wstrb passthrough beat=92 expected = ab, actual =ab
[2495000] SCOREBOARD MATCH: wstrb passthrough beat=93 expected = de, actual =de
[2495000] SCOREBOARD MATCH: wstrb passthrough beat=94 expected = 20, actual =20
[2495000] SCOREBOARD MATCH: wstrb passthrough beat=95 expected = 36, actual =36
[2495000] SCOREBOARD MATCH: wstrb passthrough beat=96 expected = af, actual =af
[2495000] SCOREBOARD MATCH: wstrb passthrough beat=97 expected = 34, actual =34
[2495000] SCOREBOARD MATCH: wstrb passthrough beat=98 expected = b9, actual =b9
[2495000] SCOREBOARD MATCH: wstrb passthrough beat=99 expected = 5a, actual =5a
[2495000] SCOREBOARD MATCH: wstrb passthrough beat=100 expected = 12, actual =12
[2495000] SCOREBOARD MATCH: wstrb passthrough beat=101 expected = d9, actual =d9
[2495000] SCOREBOARD MATCH: wstrb passthrough beat=102 expected = 90, actual =90
[2495000] SCOREBOARD MATCH: wstrb passthrough beat=103 expected = c1, actual =c1
[2495000] SCOREBOARD MATCH: wstrb passthrough beat=104 expected = e, actual =e
[2495000] SCOREBOARD MATCH: wstrb passthrough beat=105 expected = 4a, actual =4a
[2495000] SCOREBOARD MATCH: wstrb passthrough beat=106 expected = 1c, actual =1c
[2495000] SCOREBOARD MATCH: wstrb passthrough beat=107 expected = 20, actual =20
[2495000] SCOREBOARD MATCH: wstrb passthrough beat=108 expected = 23, actual =23
[2495000] SCOREBOARD MATCH: wstrb passthrough beat=109 expected = ac, actual =ac
[2495000] SCOREBOARD MATCH: wstrb passthrough beat=110 expected = e2, actual =e2
[2495000] SCOREBOARD MATCH: wstrb passthrough beat=111 expected = 31, actual =31
[2495000] SCOREBOARD MATCH: wstrb passthrough beat=112 expected = f6, actual =f6
[2495000] SCOREBOARD MATCH: wstrb passthrough beat=113 expected = fe, actual =fe
[2495000] SCOREBOARD MATCH: wstrb passthrough beat=114 expected = 52, actual =52
[2495000] SCOREBOARD MATCH: wstrb passthrough beat=115 expected = 1a, actual =1a
[2495000] SCOREBOARD MATCH: wstrb passthrough beat=116 expected = aa, actual =aa
[2495000] SCOREBOARD MATCH: wstrb passthrough beat=117 expected = 34, actual =34
[2495000] SCOREBOARD MATCH: wstrb passthrough beat=118 expected = 4b, actual =4b
[2495000] SCOREBOARD MATCH: wstrb passthrough beat=119 expected = a1, actual =a1
[2495000] SCOREBOARD MATCH: wstrb passthrough beat=120 expected = 32, actual =32
[2495000] SCOREBOARD MATCH: wstrb passthrough beat=121 expected = 9d, actual =9d
[2495000] SCOREBOARD MATCH: wstrb passthrough beat=122 expected = bb, actual =bb
[2495000] SCOREBOARD MATCH: wstrb passthrough beat=123 expected = dc, actual =dc
[2495000] SCOREBOARD MATCH: wstrb passthrough beat=124 expected = d1, actual =d1
[2495000] SCOREBOARD MATCH: wstrb passthrough beat=125 expected = 6, actual =6
[2495000] SCOREBOARD MATCH: wstrb passthrough beat=126 expected = 7d, actual =7d
[2495000] SCOREBOARD MATCH: wstrb passthrough beat=127 expected = 3, actual =3
[2495000] SCOREBOARD MATCH: wstrb passthrough beat=128 expected = a4, actual =a4
[2495000] SCOREBOARD MATCH: wstrb passthrough beat=129 expected = 38, actual =38
[2495000] SCOREBOARD MATCH: wstrb passthrough beat=130 expected = e0, actual =e0
[2495000] SCOREBOARD MATCH: wstrb passthrough beat=131 expected = 75, actual =75
[2495000] SCOREBOARD MATCH: wstrb passthrough beat=132 expected = 3f, actual =3f
[2495000] SCOREBOARD MATCH: wstrb passthrough beat=133 expected = 5d, actual =5d
[2495000] SCOREBOARD MATCH: wstrb passthrough beat=134 expected = 79, actual =79
[2495000] SCOREBOARD MATCH: wstrb passthrough beat=135 expected = e3, actual =e3
[2495000] SCOREBOARD MATCH: wstrb passthrough beat=136 expected = 96, actual =96
[2495000] SCOREBOARD MATCH: wstrb passthrough beat=137 expected = 59, actual =59
[2495000] SCOREBOARD MATCH: wstrb passthrough beat=138 expected = 58, actual =58
[2495000] SCOREBOARD MATCH: wstrb passthrough beat=139 expected = d5, actual =d5
[2495000] SCOREBOARD MATCH: wstrb passthrough beat=140 expected = b6, actual =b6
[2495000] SCOREBOARD MATCH: wstrb passthrough beat=141 expected = d1, actual =d1
[2495000] SCOREBOARD MATCH: wstrb passthrough beat=142 expected = b8, actual =b8
[2495000] SCOREBOARD MATCH: wstrb passthrough beat=143 expected = 4c, actual =4c
[2495000] SCOREBOARD MATCH: wstrb passthrough beat=144 expected = 2a, actual =2a
[2495000] SCOREBOARD MATCH: wstrb passthrough beat=145 expected = 10, actual =10
[2495000] SCOREBOARD MATCH: wstrb passthrough beat=146 expected = 21, actual =21
[2495000] SCOREBOARD MATCH: wstrb passthrough beat=147 expected = e1, actual =e1
[2495000] SCOREBOARD MATCH: wstrb passthrough beat=148 expected = e2, actual =e2
[2495000] SCOREBOARD MATCH: wstrb passthrough beat=149 expected = d9, actual =d9
[2495000] SCOREBOARD MATCH: wstrb passthrough beat=150 expected = 2d, actual =2d
[2495000] SCOREBOARD MATCH: wstrb passthrough beat=151 expected = c, actual =c
[2495000] SCOREBOARD MATCH: wstrb passthrough beat=152 expected = ea, actual =ea
[2495000] SCOREBOARD MATCH: wstrb passthrough beat=153 expected = 4f, actual =4f
[2495000] SCOREBOARD MATCH: wstrb passthrough beat=154 expected = ed, actual =ed
[2495000] SCOREBOARD MATCH: wstrb passthrough beat=155 expected = cc, actual =cc
[2495000] SCOREBOARD MATCH: wstrb passthrough beat=156 expected = 28, actual =28
[2495000] SCOREBOARD MATCH: wstrb passthrough beat=157 expected = 1b, actual =1b
[2495000] SCOREBOARD MATCH: wstrb passthrough beat=158 expected = d8, actual =d8
[2495000] SCOREBOARD MATCH: wstrb passthrough beat=159 expected = 12, actual =12
[2495000] SCOREBOARD MATCH: wstrb passthrough beat=160 expected = 6a, actual =6a
[2495000] SCOREBOARD MATCH: wstrb passthrough beat=161 expected = c6, actual =c6
[2495000] SCOREBOARD MATCH: wstrb passthrough beat=162 expected = de, actual =de
[2495000] SCOREBOARD MATCH: wstrb passthrough beat=163 expected = 92, actual =92
[2495000] SCOREBOARD MATCH: wstrb passthrough beat=164 expected = e1, actual =e1
[2495000] SCOREBOARD MATCH: wstrb passthrough beat=165 expected = b7, actual =b7
[2495000] SCOREBOARD MATCH: wstrb passthrough beat=166 expected = a5, actual =a5
[2495000] SCOREBOARD MATCH: wstrb passthrough beat=167 expected = 4b, actual =4b
[2495000] SCOREBOARD MATCH: wstrb passthrough beat=168 expected = 7d, actual =7d
[2495000] SCOREBOARD MATCH: wstrb passthrough beat=169 expected = 83, actual =83
[2495000] SCOREBOARD MATCH: wstrb passthrough beat=170 expected = dd, actual =dd
[2495000] SCOREBOARD MATCH: wstrb passthrough beat=171 expected = 5e, actual =5e
[2495000] SCOREBOARD MATCH: wstrb passthrough beat=172 expected = 3a, actual =3a
[2495000] SCOREBOARD MATCH: wstrb passthrough beat=173 expected = 82, actual =82
[2495000] SCOREBOARD MATCH: wstrb passthrough beat=174 expected = a9, actual =a9
[2495000] SCOREBOARD MATCH: wstrb passthrough beat=175 expected = b7, actual =b7
[2495000] SCOREBOARD MATCH: wstrb passthrough beat=176 expected = 6, actual =6
[2495000] SCOREBOARD MATCH: wstrb passthrough beat=177 expected = 86, actual =86
[2495000] SCOREBOARD MATCH: wstrb passthrough beat=178 expected = 15, actual =15
[2495000] SCOREBOARD MATCH: wstrb passthrough beat=179 expected = 40, actual =40
[2495000] SCOREBOARD MATCH: wstrb passthrough beat=180 expected = 9, actual =9
[2495000] SCOREBOARD MATCH: wstrb passthrough beat=181 expected = be, actual =be
[2495000] SCOREBOARD MATCH: wstrb passthrough beat=182 expected = f8, actual =f8
[2495000] SCOREBOARD MATCH: wstrb passthrough beat=183 expected = f, actual =f
[2495000] SCOREBOARD MATCH: wstrb passthrough beat=184 expected = 45, actual =45
[2495000] SCOREBOARD MATCH: wstrb passthrough beat=185 expected = d, actual =d
[2495000] SCOREBOARD MATCH: wstrb passthrough beat=186 expected = 4f, actual =4f
[2495000] SCOREBOARD MATCH: wstrb passthrough beat=187 expected = 4e, actual =4e
[2495000] SCOREBOARD MATCH: wstrb passthrough beat=188 expected = cc, actual =cc
[2495000] SCOREBOARD MATCH: wstrb passthrough beat=189 expected = 47, actual =47
[2495000] SCOREBOARD MATCH: wstrb passthrough beat=190 expected = 5d, actual =5d
[2495000] SCOREBOARD MATCH: wstrb passthrough beat=191 expected = 11, actual =11
[2495000] SCOREBOARD MATCH: wstrb passthrough beat=192 expected = 55, actual =55
[2495000] SCOREBOARD MATCH: wstrb passthrough beat=193 expected = ac, actual =ac
[2495000] SCOREBOARD MATCH: wstrb passthrough beat=194 expected = 5f, actual =5f
[2495000] SCOREBOARD MATCH: wstrb passthrough beat=195 expected = 21, actual =21
[2495000] SCOREBOARD MATCH: wstrb passthrough beat=196 expected = f4, actual =f4
[2495000] SCOREBOARD MATCH: wstrb passthrough beat=197 expected = bc, actual =bc
[2495000] SCOREBOARD MATCH: wstrb passthrough beat=198 expected = 32, actual =32
[2495000] SCOREBOARD MATCH: wstrb passthrough beat=199 expected = 49, actual =49
[2495000] SCOREBOARD MATCH: wstrb passthrough beat=200 expected = 68, actual =68
[2495000] SCOREBOARD MATCH: wstrb passthrough beat=201 expected = 91, actual =91
[2495000] SCOREBOARD MATCH: wstrb passthrough beat=202 expected = 6a, actual =6a
[2495000] SCOREBOARD MATCH: wstrb passthrough beat=203 expected = 5c, actual =5c
[2495000] SCOREBOARD MATCH: wstrb passthrough beat=204 expected = 4d, actual =4d
[2495000] SCOREBOARD MATCH: wstrb passthrough beat=205 expected = 9c, actual =9c
[2495000] SCOREBOARD MATCH: wstrb passthrough beat=206 expected = a5, actual =a5
[2495000] SCOREBOARD MATCH: wstrb passthrough beat=207 expected = b5, actual =b5
[2495000] SCOREBOARD MATCH: wstrb passthrough beat=208 expected = 2d, actual =2d
[2495000] SCOREBOARD MATCH: wstrb passthrough beat=209 expected = f, actual =f
[2495000] SCOREBOARD MATCH: wstrb passthrough beat=210 expected = 12, actual =12
[2495000] SCOREBOARD MATCH: wstrb passthrough beat=211 expected = 7a, actual =7a
[2495000] SCOREBOARD MATCH: wstrb passthrough beat=212 expected = ab, actual =ab
[2495000] SCOREBOARD MATCH: wstrb passthrough beat=213 expected = b7, actual =b7
[2495000] SCOREBOARD MATCH: wstrb passthrough beat=214 expected = 2f, actual =2f
[2495000] SCOREBOARD MATCH: wstrb passthrough beat=215 expected = d8, actual =d8
[2495000] SCOREBOARD MATCH: wstrb passthrough beat=216 expected = c7, actual =c7
[2495000] SCOREBOARD MATCH: wstrb passthrough beat=217 expected = 41, actual =41
[2495000] SCOREBOARD MATCH: wstrb passthrough beat=218 expected = 52, actual =52
[2495000] SCOREBOARD MATCH: wstrb passthrough beat=219 expected = 72, actual =72
[2495000] SCOREBOARD MATCH: wstrb passthrough beat=220 expected = f9, actual =f9
[2495000] SCOREBOARD MATCH: wstrb passthrough beat=221 expected = 82, actual =82
[2495000] SCOREBOARD MATCH: wstrb passthrough beat=222 expected = 4b, actual =4b
[2495000] SCOREBOARD MATCH: wstrb passthrough beat=223 expected = c0, actual =c0
[2495000] SCOREBOARD MATCH: wstrb passthrough beat=224 expected = c3, actual =c3
[2495000] SCOREBOARD MATCH: wstrb passthrough beat=225 expected = 9d, actual =9d
[2495000] SCOREBOARD MATCH: wstrb passthrough beat=226 expected = 32, actual =32
[2495000] SCOREBOARD MATCH: wstrb passthrough beat=227 expected = bc, actual =bc
[2495000] SCOREBOARD MATCH: wstrb passthrough beat=228 expected = 1f, actual =1f
[2495000] SCOREBOARD MATCH: wstrb passthrough beat=229 expected = 7d, actual =7d
[2495000] SCOREBOARD MATCH: wstrb passthrough beat=230 expected = 7c, actual =7c
[2495000] SCOREBOARD MATCH: wstrb passthrough beat=231 expected = e3, actual =e3
[2495000] SCOREBOARD MATCH: wstrb passthrough beat=232 expected = 1b, actual =1b
[2495000] SCOREBOARD MATCH: wstrb passthrough beat=233 expected = af, actual =af
[2495000] SCOREBOARD MATCH: wstrb passthrough beat=234 expected = 9f, actual =9f
[2495000] SCOREBOARD MATCH: wstrb passthrough beat=235 expected = 3a, actual =3a
[2495000] SCOREBOARD MATCH: wstrb passthrough beat=236 expected = 2c, actual =2c
[2495000] SCOREBOARD MATCH: wstrb passthrough beat=237 expected = 1c, actual =1c
[2495000] SCOREBOARD MATCH: wstrb passthrough beat=238 expected = 1d, actual =1d
[2495000] SCOREBOARD MATCH: wstrb passthrough beat=239 expected = 47, actual =47
[2495000] SCOREBOARD MATCH: wstrb passthrough beat=240 expected = cb, actual =cb
[2495000] SCOREBOARD MATCH: bresp passthrough expected = 0, actual =0
[2495000] SCOREBOARD MATCH: response routed to correct master (write) expected = 1, actual =1
[2495000] [SCOREBOARD-M] mst_id=1 s_id=0 awaddr=a00a890 awid=101 awlen=240 awsize=5 awburst=1 wdata=[c86d6260c212d439 a508e3293505542d d0c4e068271cb139 e92f8572c84f538f fd54a7bc193242c9 c04ef4028e38689b d687bc2bce198825 e74bcaee297e7974 b7b6e20fd3dc63e7 a1f5ec0c279abef0 d11938648e3e9e3a e21b02228941b6fa b0dc75ea88d01a73 170eb8ae8410ee2e d52a52981f5ae4e ac5c8c2f929bad0 fd3aa8febe2f1b13 c024c96221d48170 1afe3c408a8d4e27 c8bc693bcaea9224 ecbf13949838e53e 22c6336608e1329d d3cbc4c107bd4fd4 9ff63512eb829ca1 f463cf3ec08ad855 c8482829c2bc6878 ae3f0519c82f93ff 8ba6c54e83e5d3b 2afac5b4a2a2d457 ead26856d102947d b940f1b8d939cacd fbdc9f25f38cd4aa c48f6927e43bb76c 3d75823ae6af077b da3bdc26fdd05ae0 e20c124c3952215f a00128da9ecb454d 9c9ba02d9f819486 d8d3b5e5fa3d0500 19084a4efea7b27a 9e294700f8d4dec0 f311e3c0b5a3ea7b b44b9cf5f6fcfce6 efd1dba68c1a2e0e c1be188ad274e3f6 c971e0dce2e3bf66 eefded75f609b57f c87e99753943bc82 9c277be830bc05ff a6c5bb7e91f07a51 cb3436d38b25695d bbe16f5cef4454f4 8134cf45e75bb2bc f2811c19e2a72adb d1eb7fcfcc690619 33c4b8d52e628b76 1109b651d3204f14 9f89552da645d4ee d4a86064e2f53620 b6158534d34e0e02 f993e2f1e5b216b5 c8a74cd5d59eda62 a8ece864ce3c4355 33ee5a0bfebcd20a d45bac6ca280cb55 f0bd0eabfc95a6e0 fb5278eafd4894d0 1fc9602624ab68b6 a1410f96cfae2556 ccf6ba2710866ed1 3531d7871c938881 ec41add7ecc01a4d fd46891ed672e71d f3066f9eb93867fe a5f8824b327860a5 88eb47c2df481d76 98808574a33f0b69 d5b76c0efbf1b761 db39d4d73e7907c0 e1b81329dea2b3d1 da946b32f3ba5a4b b233620b376f7f38 1612330935ce4009 a9889a5413eb7535 cb5af46df0a69e3b 2674de44dbbbfc60 efa77195e16d2776 d213c5b1cffd7898 abb974f83b026602 1c6f8d78f888a3f5 c8861c8d9b60e68d d6634c8fee835329 e70bf71ef43f9186 8fa07813f2d2da07 e1562d30af9213ab a3d1a531e603c4a3 d8d69eaac862244e f7f437fa33721d45 1975e1e83a2ccbdb 828ef0299bc5dd2b cf37fa70f24c8092 ac794c6dfa832823 1649054fe8addc58 dafa5ceb2f083c97 a98b64bae580ffbf ce2edc188773a958 b67be5efbfd46a09 255569c929293903 b09ce25be0074aaa 9fdbb4b3f38445e1 1cad7ee4e718c84b c72012f5c5311e7c b8b5645dcd4a613f b463298ae6fbc7a8 2c2ce625d562e341 22ad4481fb833c7f e27f0428e4e24a82 3a452dc4d7106e0b d293aa8b0eabea4d f38e34cfdcf27245 b402e0503512aeb3 c3be9900add36293 8ac5d4d886968adb bba9398eb74ccdcf e52030633ec8b529 c55f4004ff67d28e 36b4a05eefe6053b aeaeba6401087993 80704c211bd4d0c1 8bbad5fcf40dfa69 f51673fcb724ec7f d2f9bd403a699061 2e778acaf586c01d 2cabac9ddeb4933d 191e239e238dfec6 9914bee3ffa569dd de59fd1ac795ae68 eb23ad2ec5c06b80 c565d55ef77820b8 bf0dcf2084386c11 c9f8d792a3bfd278 1b37f331aa317c4e 2e69e8600f5eacf0 b31e7f68da45c251 4773ea0f862bff2 7c16ce2ce567299 289c34eb32e12700 2b43e6f2badfec4a 9365ee42d13738b dff49a8b330553d4 ede5401e31d293cf dee6075a0b38817d 3e3dd551f71b9f02 a8ee32d13edaa1e5 ca132362ac23156f 233eb47287d43a2b c6aedc100850f8b3 b4740e22cc2ce743 d401216f90c1ff72 9912f825d7b2c294 23dfa9d89aaffd7f 2b71fcf2cd870648 a539c8dcf7e0cb47 9290c8c6c484f517 920bfb5fc91972b4 c0fa3dfbbe02c5b8 287bad03745c43c 805f36f0d38b06c2 918dcc7a9493b62f cbd97a6bc15974ec 14e47bae9415874a 28a93d7acc38b15c d922648a6724828 3a87cf73f482b7e5 c0bb69412276a1f6 c8e8ea1ee3310ced d7b3c4d2ce4d8f89 f0c4317f8370b991 e6a1c67e186f2e14 e6bcbd9d39ad1b9e bd1dd52f3e558b51 d6c4b965d780ef1d 112e0abb23bf9bae e21526ffbd817702 9502661fce4bdfea f20b7b9838d9e064 f65b5766a63070da f47c50c5d420a297 8cfa82fb0b5dbd86 b18e2e60e687cc5d 3aa86ef50355da62 eb397e8a60a7f25 c924b83c7a2f1f0 caf8cc52c041c648 e64c456ec73aba78 8eddac68d9ac643a 19ee2a83f2de90f1 3a194b69d9d678bb b382dcf5003a6ff1 f31900e2c8f6f7d1 a2cd708ccd710778 cdab77692d324c4b f629441cd6504d82 a3c154fac0c4784b edf6c49618f6b4a9 ef47022bf16ccc64 b23144afe42008b3 fd16bd5c93085725 8475238920280946 44811f9ec5dbf87 ff6616ac36a66839 d6ce717f015ecf55 edbc8edc03db3a36 3a81a26fdb168378 dc7552cded22a588 f0fddfbe115013ee ec669766ca31e1a9 b7548731ab7f822d bccf961bc8dbea33 130dcbdc285266f0 d3d1e91da9362d81 f21217b4ca62530d f2b4b9fd10a17f39 b9d7acba851fe390 cf82369ec686a31b d72822542be9c46f b109a7ffc236f09b 88bd93b690ffcf0e bce9937d808bde9d c2c2cf39dfe5b60a f0e58519edf33b7d ee7f1a1acb8062ef 2b6618faadcf1896 9bc25413b141e953 fcc24c431c4b9e13 ca1ab6a90a416e2e bb8357812828653d c4740350e5dd0abd f01e78ebb845a3c4 e06e09018e8eb9f9 f46bc4b6aba1d06c ] wstrb=[51 31 a1 4b 32 e 1 84 3f a3 cf 71 b1 d0 f5 f0 73 c4 61 24 95 57 14 8 1b 76 2d b0 cd 41 b9 e8 b7 e6 99 84 27 52 6d df 38 6 63 5f 58 d0 3e 90 d6 a2 ef 2e 72 2e be 49 d0 ae 77 42 dc 36 8b ac e4 3 ee c0 39 7a 6c 1d 7d 5a dd b6 d4 49 d3 51 a3 b0 7 78 f9 da c9 9c 8a d1 14 83 ab de 20 36 af 34 b9 5a 12 d9 90 c1 e 4a 1c 20 23 ac e2 31 f6 fe 52 1a aa 34 4b a1 32 9d bb dc d1 6 7d 3 a4 38 e0 75 3f 5d 79 e3 96 59 58 d5 b6 d1 b8 4c 2a 10 21 e1 e2 d9 2d c ea 4f ed cc 28 1b d8 12 6a c6 de 92 e1 b7 a5 4b 7d 83 dd 5e 3a 82 a9 b7 6 86 15 40 9 be f8 f 45 d 4f 4e cc 47 5d 11 55 ac 5f 21 f4 bc 32 49 68 91 6a 5c 4d 9c a5 b5 2d f 12 7a ab b7 2f d8 c7 41 52 72 f9 82 4b c0 c3 9d 32 bc 1f 7d 7c e3 1b af 9f 3a 2c 1c 1d 47 cb ] bresp=0 bid=101
[2495000] [SCOREBOARD-S] mst_id=1 s_id=0 awaddr=a00a890 awid=101 awlen=240 awsize=5 awburst=1 wdata=[c86d6260c212d439 a508e3293505542d d0c4e068271cb139 e92f8572c84f538f fd54a7bc193242c9 c04ef4028e38689b d687bc2bce198825 e74bcaee297e7974 b7b6e20fd3dc63e7 a1f5ec0c279abef0 d11938648e3e9e3a e21b02228941b6fa b0dc75ea88d01a73 170eb8ae8410ee2e d52a52981f5ae4e ac5c8c2f929bad0 fd3aa8febe2f1b13 c024c96221d48170 1afe3c408a8d4e27 c8bc693bcaea9224 ecbf13949838e53e 22c6336608e1329d d3cbc4c107bd4fd4 9ff63512eb829ca1 f463cf3ec08ad855 c8482829c2bc6878 ae3f0519c82f93ff 8ba6c54e83e5d3b 2afac5b4a2a2d457 ead26856d102947d b940f1b8d939cacd fbdc9f25f38cd4aa c48f6927e43bb76c 3d75823ae6af077b da3bdc26fdd05ae0 e20c124c3952215f a00128da9ecb454d 9c9ba02d9f819486 d8d3b5e5fa3d0500 19084a4efea7b27a 9e294700f8d4dec0 f311e3c0b5a3ea7b b44b9cf5f6fcfce6 efd1dba68c1a2e0e c1be188ad274e3f6 c971e0dce2e3bf66 eefded75f609b57f c87e99753943bc82 9c277be830bc05ff a6c5bb7e91f07a51 cb3436d38b25695d bbe16f5cef4454f4 8134cf45e75bb2bc f2811c19e2a72adb d1eb7fcfcc690619 33c4b8d52e628b76 1109b651d3204f14 9f89552da645d4ee d4a86064e2f53620 b6158534d34e0e02 f993e2f1e5b216b5 c8a74cd5d59eda62 a8ece864ce3c4355 33ee5a0bfebcd20a d45bac6ca280cb55 f0bd0eabfc95a6e0 fb5278eafd4894d0 1fc9602624ab68b6 a1410f96cfae2556 ccf6ba2710866ed1 3531d7871c938881 ec41add7ecc01a4d fd46891ed672e71d f3066f9eb93867fe a5f8824b327860a5 88eb47c2df481d76 98808574a33f0b69 d5b76c0efbf1b761 db39d4d73e7907c0 e1b81329dea2b3d1 da946b32f3ba5a4b b233620b376f7f38 1612330935ce4009 a9889a5413eb7535 cb5af46df0a69e3b 2674de44dbbbfc60 efa77195e16d2776 d213c5b1cffd7898 abb974f83b026602 1c6f8d78f888a3f5 c8861c8d9b60e68d d6634c8fee835329 e70bf71ef43f9186 8fa07813f2d2da07 e1562d30af9213ab a3d1a531e603c4a3 d8d69eaac862244e f7f437fa33721d45 1975e1e83a2ccbdb 828ef0299bc5dd2b cf37fa70f24c8092 ac794c6dfa832823 1649054fe8addc58 dafa5ceb2f083c97 a98b64bae580ffbf ce2edc188773a958 b67be5efbfd46a09 255569c929293903 b09ce25be0074aaa 9fdbb4b3f38445e1 1cad7ee4e718c84b c72012f5c5311e7c b8b5645dcd4a613f b463298ae6fbc7a8 2c2ce625d562e341 22ad4481fb833c7f e27f0428e4e24a82 3a452dc4d7106e0b d293aa8b0eabea4d f38e34cfdcf27245 b402e0503512aeb3 c3be9900add36293 8ac5d4d886968adb bba9398eb74ccdcf e52030633ec8b529 c55f4004ff67d28e 36b4a05eefe6053b aeaeba6401087993 80704c211bd4d0c1 8bbad5fcf40dfa69 f51673fcb724ec7f d2f9bd403a699061 2e778acaf586c01d 2cabac9ddeb4933d 191e239e238dfec6 9914bee3ffa569dd de59fd1ac795ae68 eb23ad2ec5c06b80 c565d55ef77820b8 bf0dcf2084386c11 c9f8d792a3bfd278 1b37f331aa317c4e 2e69e8600f5eacf0 b31e7f68da45c251 4773ea0f862bff2 7c16ce2ce567299 289c34eb32e12700 2b43e6f2badfec4a 9365ee42d13738b dff49a8b330553d4 ede5401e31d293cf dee6075a0b38817d 3e3dd551f71b9f02 a8ee32d13edaa1e5 ca132362ac23156f 233eb47287d43a2b c6aedc100850f8b3 b4740e22cc2ce743 d401216f90c1ff72 9912f825d7b2c294 23dfa9d89aaffd7f 2b71fcf2cd870648 a539c8dcf7e0cb47 9290c8c6c484f517 920bfb5fc91972b4 c0fa3dfbbe02c5b8 287bad03745c43c 805f36f0d38b06c2 918dcc7a9493b62f cbd97a6bc15974ec 14e47bae9415874a 28a93d7acc38b15c d922648a6724828 3a87cf73f482b7e5 c0bb69412276a1f6 c8e8ea1ee3310ced d7b3c4d2ce4d8f89 f0c4317f8370b991 e6a1c67e186f2e14 e6bcbd9d39ad1b9e bd1dd52f3e558b51 d6c4b965d780ef1d 112e0abb23bf9bae e21526ffbd817702 9502661fce4bdfea f20b7b9838d9e064 f65b5766a63070da f47c50c5d420a297 8cfa82fb0b5dbd86 b18e2e60e687cc5d 3aa86ef50355da62 eb397e8a60a7f25 c924b83c7a2f1f0 caf8cc52c041c648 e64c456ec73aba78 8eddac68d9ac643a 19ee2a83f2de90f1 3a194b69d9d678bb b382dcf5003a6ff1 f31900e2c8f6f7d1 a2cd708ccd710778 cdab77692d324c4b f629441cd6504d82 a3c154fac0c4784b edf6c49618f6b4a9 ef47022bf16ccc64 b23144afe42008b3 fd16bd5c93085725 8475238920280946 44811f9ec5dbf87 ff6616ac36a66839 d6ce717f015ecf55 edbc8edc03db3a36 3a81a26fdb168378 dc7552cded22a588 f0fddfbe115013ee ec669766ca31e1a9 b7548731ab7f822d bccf961bc8dbea33 130dcbdc285266f0 d3d1e91da9362d81 f21217b4ca62530d f2b4b9fd10a17f39 b9d7acba851fe390 cf82369ec686a31b d72822542be9c46f b109a7ffc236f09b 88bd93b690ffcf0e bce9937d808bde9d c2c2cf39dfe5b60a f0e58519edf33b7d ee7f1a1acb8062ef 2b6618faadcf1896 9bc25413b141e953 fcc24c431c4b9e13 ca1ab6a90a416e2e bb8357812828653d c4740350e5dd0abd f01e78ebb845a3c4 e06e09018e8eb9f9 f46bc4b6aba1d06c ] wstrb=[51 31 a1 4b 32 e 1 84 3f a3 cf 71 b1 d0 f5 f0 73 c4 61 24 95 57 14 8 1b 76 2d b0 cd 41 b9 e8 b7 e6 99 84 27 52 6d df 38 6 63 5f 58 d0 3e 90 d6 a2 ef 2e 72 2e be 49 d0 ae 77 42 dc 36 8b ac e4 3 ee c0 39 7a 6c 1d 7d 5a dd b6 d4 49 d3 51 a3 b0 7 78 f9 da c9 9c 8a d1 14 83 ab de 20 36 af 34 b9 5a 12 d9 90 c1 e 4a 1c 20 23 ac e2 31 f6 fe 52 1a aa 34 4b a1 32 9d bb dc d1 6 7d 3 a4 38 e0 75 3f 5d 79 e3 96 59 58 d5 b6 d1 b8 4c 2a 10 21 e1 e2 d9 2d c ea 4f ed cc 28 1b d8 12 6a c6 de 92 e1 b7 a5 4b 7d 83 dd 5e 3a 82 a9 b7 6 86 15 40 9 be f8 f 45 d 4f 4e cc 47 5d 11 55 ac 5f 21 f4 bc 32 49 68 91 6a 5c 4d 9c a5 b5 2d f 12 7a ab b7 2f d8 c7 41 52 72 f9 82 4b c0 c3 9d 32 bc 1f 7d 7c e3 1b af 9f 3a 2c 1c 1d 47 cb ] bresp=0 bid=10101
[2495000] SCOREBOARD: Transaction 2 received. pass=506 fail=0
[2495000] ALL PASS. Total transactions: 2
[2505000] MASTER 0 W_VALID_RDY Handshake beat=8 wlast=0
[2505000] S1 MEMORY WRITE beat=0 addr=1e8a7b68 data=cabaa2030540f891 id=1f
[2505000] AXI S0_WVALID_RDY HANDSHAKE
[2505000] S0 MEMORY WRITE beat=1 addr=072b47a8 data=aa6cbe09265edd13 id=03
[2515000] AXI S0_WVALID_RDY HANDSHAKE
[2515000] S0 MEMORY WRITE beat=2 addr=072b47a8 data=3cb109aeda14c9d8 id=03
[2515000] SLAVE1 sent B resp, id=15
[2515000] [SLAVE MONITOR] mst_id=1 s_id=1 awaddr=1e8a7b68 awid=1111 awlen=0 awsize=5 awburst=0 wdata=[cabaa2030540f891 ] wstrb=[f3 ] bresp=0 bid=11111
[2515000] MASTER 1 AW_VALID_RDY Handshake
[2515000] MASTER 0 W_VALID_RDY Handshake beat=9 wlast=0
[2525000] MASTER 0 W_VALID_RDY Handshake beat=10 wlast=0
[2525000] ARB MONITOR: slave=1 m0_req=0 m1_req=1 winner=1
[2525000] AXI S1_AWVALID_RDY HANDSHAKE
[2525000] AXI S0_WVALID_RDY HANDSHAKE
[2525000] S0 MEMORY WRITE beat=3 addr=072b47a8 data=adf305dccb5bb80a id=03
[2535000] AXI S0_WVALID_RDY HANDSHAKE
[2535000] S0 MEMORY WRITE beat=4 addr=072b47a8 data=f1ba951de0cae8c6 id=03
[2535000] MASTER 1 W_VALID_RDY Handshake beat=0 wlast=0
[2535000] MASTER 1 B_VALID_RDY Handshake
[2535000] [MASTER MONITOR] mst_id=1 s_id=1 awaddr=1e8a7b68 awid=1111 awlen=0 awsize=5 awburst=0 wdata=[cabaa2030540f891 ] wstrb=[f3 ] bresp=0 bid=1111
[2535000] MASTER 0 W_VALID_RDY Handshake beat=11 wlast=0
[2535000] MASTER 1 RECEIVED BRESP. BRESP=0
[2535000] [MASTER DRIVER] mst_id=1 s_id=0 awaddr=1e8a7b68 awid=1111 awlen=0 awsize=5 awburst=0 wdata=[cabaa2030540f891 ] wstrb=[f3 ] bresp=0 bid=1111
[2535000] SCOREBOARD MATCH: decode_err expected = 0, actual =0
[2535000] SCOREBOARD MATCH: slave_id expected = 1, actual =1
[2535000] SCOREBOARD MATCH: awaddr passthrough expected = 1e8a7b68, actual =1e8a7b68
[2535000] SCOREBOARD MATCH: awlen passthrough expected = 0, actual =0
[2535000] SCOREBOARD MATCH: awsize passthrough expected = 5, actual =5
[2535000] SCOREBOARD MATCH: awburst passthrough expected = 0, actual =0
[2535000] SCOREBOARD MATCH: wdata size check expected = 1, actual =1
[2535000] SCOREBOARD MATCH: wdata passthrough beat=0 expected = cabaa2030540f891, actual =cabaa2030540f891
[2535000] SCOREBOARD MATCH: wstrb size check expected = 1, actual =1
[2535000] SCOREBOARD MATCH: wstrb passthrough beat=0 expected = f3, actual =f3
[2535000] SCOREBOARD MATCH: bresp passthrough expected = 0, actual =0
[2535000] SCOREBOARD MATCH: response routed to correct master (write) expected = 1, actual =1
[2535000] [SCOREBOARD-M] mst_id=1 s_id=1 awaddr=1e8a7b68 awid=1111 awlen=0 awsize=5 awburst=0 wdata=[cabaa2030540f891 ] wstrb=[f3 ] bresp=0 bid=1111
[2535000] [SCOREBOARD-S] mst_id=1 s_id=1 awaddr=1e8a7b68 awid=1111 awlen=0 awsize=5 awburst=0 wdata=[cabaa2030540f891 ] wstrb=[f3 ] bresp=0 bid=11111
[2535000] SCOREBOARD: Transaction 3 received. pass=518 fail=0
[2535000] ALL PASS. Total transactions: 3
[2545000] MASTER 0 W_VALID_RDY Handshake beat=12 wlast=0
[2545000] MASTER 1 W_VALID_RDY Handshake beat=1 wlast=0
[2545000] S1 MEMORY WRITE beat=0 addr=1644ee30 data=f2386216f52f1698 id=12
[2545000] AXI S0_WVALID_RDY HANDSHAKE
[2545000] S0 MEMORY WRITE beat=5 addr=072b47a8 data=3adfb29fd85fc3e6 id=03
[2555000] AXI S0_WVALID_RDY HANDSHAKE
[2555000] S0 MEMORY WRITE beat=6 addr=072b47a8 data=23bb7bf02e6b9ecb id=03
[2555000] S1 MEMORY WRITE beat=1 addr=1644ee30 data=805edee1b6a927f6 id=12
[2555000] MASTER 1 W_VALID_RDY Handshake beat=2 wlast=0
[2555000] MASTER 0 W_VALID_RDY Handshake beat=13 wlast=1
[2565000] MASTER 1 W_VALID_RDY Handshake beat=3 wlast=0
[2565000] S1 MEMORY WRITE beat=2 addr=1644ee30 data=eb42c4e6ad00ffdc id=12
[2565000] AXI S0_WVALID_RDY HANDSHAKE
[2565000] S0 MEMORY WRITE beat=7 addr=072b47a8 data=8f368791e8d2b87b id=03
[2575000] AXI S0_WVALID_RDY HANDSHAKE
[2575000] S0 MEMORY WRITE beat=8 addr=072b47a8 data=c1327c611576110d id=03
[2575000] S1 MEMORY WRITE beat=3 addr=1644ee30 data=a230167485a84af8 id=12
[2575000] MASTER 1 W_VALID_RDY Handshake beat=4 wlast=0
[2585000] MASTER 1 W_VALID_RDY Handshake beat=5 wlast=0
[2585000] S1 MEMORY WRITE beat=4 addr=1644ee30 data=3c5172efdd7b26fc id=12
[2585000] AXI S0_WVALID_RDY HANDSHAKE
[2585000] S0 MEMORY WRITE beat=9 addr=072b47a8 data=c3e1afd8ca163a30 id=03
[2595000] AXI S0_WVALID_RDY HANDSHAKE
[2595000] S0 MEMORY WRITE beat=10 addr=072b47a8 data=32e8f2ace4edf851 id=03
[2595000] S1 MEMORY WRITE beat=5 addr=1644ee30 data=0a7c26d9228ef556 id=12
[2595000] MASTER 1 W_VALID_RDY Handshake beat=6 wlast=0
[2605000] MASTER 1 W_VALID_RDY Handshake beat=7 wlast=0
[2605000] S1 MEMORY WRITE beat=6 addr=1644ee30 data=a837404ea79437d5 id=12
[2605000] AXI S0_WVALID_RDY HANDSHAKE
[2605000] S0 MEMORY WRITE beat=11 addr=072b47a8 data=fa64095ed3183769 id=03
[2615000] AXI S0_WVALID_RDY HANDSHAKE
[2615000] S0 MEMORY WRITE beat=12 addr=072b47a8 data=1d2e719af41b6f0d id=03
[2615000] S1 MEMORY WRITE beat=7 addr=1644ee30 data=050f5ed2acac3d4d id=12
[2615000] MASTER 1 W_VALID_RDY Handshake beat=8 wlast=0
[2625000] MASTER 1 W_VALID_RDY Handshake beat=9 wlast=0
[2625000] S1 MEMORY WRITE beat=8 addr=1644ee30 data=cf3b32a3e488b33d id=12
[2625000] AXI S0_WVALID_RDY HANDSHAKE
[2625000] S0 MEMORY WRITE beat=13 addr=072b47a8 data=d909675fbe45b936 id=03
[2635000] SLAVE0 sent B resp, id=3
[2635000] S1 MEMORY WRITE beat=9 addr=1644ee30 data=0c1ceb130f8b85ab id=12
[2635000] [SLAVE MONITOR] mst_id=0 s_id=0 awaddr=72b47a8 awid=11 awlen=13 awsize=3 awburst=0 wdata=[a419df18d3de3c04 aa6cbe09265edd13 3cb109aeda14c9d8 adf305dccb5bb80a f1ba951de0cae8c6 3adfb29fd85fc3e6 23bb7bf02e6b9ecb 8f368791e8d2b87b c1327c611576110d c3e1afd8ca163a30 32e8f2ace4edf851 fa64095ed3183769 1d2e719af41b6f0d d909675fbe45b936 ] wstrb=[46 a0 bd 53 3a f4 b2 80 94 70 d3 ce 64 86 ] bresp=0 bid=11
[2635000] MASTER 1 W_VALID_RDY Handshake beat=10 wlast=0
[2645000] MASTER 1 W_VALID_RDY Handshake beat=11 wlast=0
[2645000] S1 MEMORY WRITE beat=10 addr=1644ee30 data=bc37c2f8f77272f2 id=12
[2655000] S1 MEMORY WRITE beat=11 addr=1644ee30 data=dbfb262f112c49e5 id=12
[2655000] MASTER 1 W_VALID_RDY Handshake beat=12 wlast=0
[2655000] MASTER 0 B_VALID_RDY Handshake
[2655000] [MASTER MONITOR] mst_id=0 s_id=0 awaddr=72b47a8 awid=11 awlen=13 awsize=3 awburst=0 wdata=[a419df18d3de3c04 aa6cbe09265edd13 3cb109aeda14c9d8 adf305dccb5bb80a f1ba951de0cae8c6 3adfb29fd85fc3e6 23bb7bf02e6b9ecb 8f368791e8d2b87b c1327c611576110d c3e1afd8ca163a30 32e8f2ace4edf851 fa64095ed3183769 1d2e719af41b6f0d d909675fbe45b936 ] wstrb=[46 a0 bd 53 3a f4 b2 80 94 70 d3 ce 64 86 ] bresp=0 bid=11
[2655000] MASTER 0 RECEIVED BRESP. BRESP=0
[2655000] [MASTER DRIVER] mst_id=0 s_id=0 awaddr=72b47a8 awid=11 awlen=13 awsize=3 awburst=0 wdata=[a419df18d3de3c04 aa6cbe09265edd13 3cb109aeda14c9d8 adf305dccb5bb80a f1ba951de0cae8c6 3adfb29fd85fc3e6 23bb7bf02e6b9ecb 8f368791e8d2b87b c1327c611576110d c3e1afd8ca163a30 32e8f2ace4edf851 fa64095ed3183769 1d2e719af41b6f0d d909675fbe45b936 ] wstrb=[46 a0 bd 53 3a f4 b2 80 94 70 d3 ce 64 86 ] bresp=0 bid=11
[2655000] SCOREBOARD MATCH: decode_err expected = 0, actual =0
[2655000] SCOREBOARD MATCH: slave_id expected = 0, actual =0
[2655000] SCOREBOARD MATCH: awaddr passthrough expected = 72b47a8, actual =72b47a8
[2655000] SCOREBOARD MATCH: awlen passthrough expected = 13, actual =13
[2655000] SCOREBOARD MATCH: awsize passthrough expected = 3, actual =3
[2655000] SCOREBOARD MATCH: awburst passthrough expected = 0, actual =0
[2655000] SCOREBOARD MATCH: wdata size check expected = e, actual =e
[2655000] SCOREBOARD MATCH: wdata passthrough beat=0 expected = a419df18d3de3c04, actual =a419df18d3de3c04
[2655000] SCOREBOARD MATCH: wdata passthrough beat=1 expected = aa6cbe09265edd13, actual =aa6cbe09265edd13
[2655000] SCOREBOARD MATCH: wdata passthrough beat=2 expected = 3cb109aeda14c9d8, actual =3cb109aeda14c9d8
[2655000] SCOREBOARD MATCH: wdata passthrough beat=3 expected = adf305dccb5bb80a, actual =adf305dccb5bb80a
[2655000] SCOREBOARD MATCH: wdata passthrough beat=4 expected = f1ba951de0cae8c6, actual =f1ba951de0cae8c6
[2655000] SCOREBOARD MATCH: wdata passthrough beat=5 expected = 3adfb29fd85fc3e6, actual =3adfb29fd85fc3e6
[2655000] SCOREBOARD MATCH: wdata passthrough beat=6 expected = 23bb7bf02e6b9ecb, actual =23bb7bf02e6b9ecb
[2655000] SCOREBOARD MATCH: wdata passthrough beat=7 expected = 8f368791e8d2b87b, actual =8f368791e8d2b87b
[2655000] SCOREBOARD MATCH: wdata passthrough beat=8 expected = c1327c611576110d, actual =c1327c611576110d
[2655000] SCOREBOARD MATCH: wdata passthrough beat=9 expected = c3e1afd8ca163a30, actual =c3e1afd8ca163a30
[2655000] SCOREBOARD MATCH: wdata passthrough beat=10 expected = 32e8f2ace4edf851, actual =32e8f2ace4edf851
[2655000] SCOREBOARD MATCH: wdata passthrough beat=11 expected = fa64095ed3183769, actual =fa64095ed3183769
[2655000] SCOREBOARD MATCH: wdata passthrough beat=12 expected = 1d2e719af41b6f0d, actual =1d2e719af41b6f0d
[2655000] SCOREBOARD MATCH: wdata passthrough beat=13 expected = d909675fbe45b936, actual =d909675fbe45b936
[2655000] SCOREBOARD MATCH: wstrb size check expected = e, actual =e
[2655000] SCOREBOARD MATCH: wstrb passthrough beat=0 expected = 46, actual =46
[2655000] SCOREBOARD MATCH: wstrb passthrough beat=1 expected = a0, actual =a0
[2655000] SCOREBOARD MATCH: wstrb passthrough beat=2 expected = bd, actual =bd
[2655000] SCOREBOARD MATCH: wstrb passthrough beat=3 expected = 53, actual =53
[2655000] SCOREBOARD MATCH: wstrb passthrough beat=4 expected = 3a, actual =3a
[2655000] SCOREBOARD MATCH: wstrb passthrough beat=5 expected = f4, actual =f4
[2655000] SCOREBOARD MATCH: wstrb passthrough beat=6 expected = b2, actual =b2
[2655000] SCOREBOARD MATCH: wstrb passthrough beat=7 expected = 80, actual =80
[2655000] SCOREBOARD MATCH: wstrb passthrough beat=8 expected = 94, actual =94
[2655000] SCOREBOARD MATCH: wstrb passthrough beat=9 expected = 70, actual =70
[2655000] SCOREBOARD MATCH: wstrb passthrough beat=10 expected = d3, actual =d3
[2655000] SCOREBOARD MATCH: wstrb passthrough beat=11 expected = ce, actual =ce
[2655000] SCOREBOARD MATCH: wstrb passthrough beat=12 expected = 64, actual =64
[2655000] SCOREBOARD MATCH: wstrb passthrough beat=13 expected = 86, actual =86
[2655000] SCOREBOARD MATCH: bresp passthrough expected = 0, actual =0
[2655000] SCOREBOARD MATCH: response routed to correct master (write) expected = 0, actual =0
[2655000] [SCOREBOARD-M] mst_id=0 s_id=0 awaddr=72b47a8 awid=11 awlen=13 awsize=3 awburst=0 wdata=[a419df18d3de3c04 aa6cbe09265edd13 3cb109aeda14c9d8 adf305dccb5bb80a f1ba951de0cae8c6 3adfb29fd85fc3e6 23bb7bf02e6b9ecb 8f368791e8d2b87b c1327c611576110d c3e1afd8ca163a30 32e8f2ace4edf851 fa64095ed3183769 1d2e719af41b6f0d d909675fbe45b936 ] wstrb=[46 a0 bd 53 3a f4 b2 80 94 70 d3 ce 64 86 ] bresp=0 bid=11
[2655000] [SCOREBOARD-S] mst_id=0 s_id=0 awaddr=72b47a8 awid=11 awlen=13 awsize=3 awburst=0 wdata=[a419df18d3de3c04 aa6cbe09265edd13 3cb109aeda14c9d8 adf305dccb5bb80a f1ba951de0cae8c6 3adfb29fd85fc3e6 23bb7bf02e6b9ecb 8f368791e8d2b87b c1327c611576110d c3e1afd8ca163a30 32e8f2ace4edf851 fa64095ed3183769 1d2e719af41b6f0d d909675fbe45b936 ] wstrb=[46 a0 bd 53 3a f4 b2 80 94 70 d3 ce 64 86 ] bresp=0 bid=11
[2655000] SCOREBOARD: Transaction 4 received. pass=556 fail=0
[2655000] ALL PASS. Total transactions: 4
[2665000] MASTER 1 W_VALID_RDY Handshake beat=13 wlast=0
[2665000] S1 MEMORY WRITE beat=12 addr=1644ee30 data=20b7cf900b72f59c id=12
[2675000] S1 MEMORY WRITE beat=13 addr=1644ee30 data=02e5688ee8181142 id=12
[2675000] MASTER 1 W_VALID_RDY Handshake beat=14 wlast=1
[2685000] S1 MEMORY WRITE beat=14 addr=1644ee30 data=f9445b27dcef9288 id=12
[2695000] SLAVE1 sent B resp, id=2
[2695000] [SLAVE MONITOR] mst_id=1 s_id=1 awaddr=1644ee30 awid=10 awlen=14 awsize=5 awburst=0 wdata=[f2386216f52f1698 805edee1b6a927f6 eb42c4e6ad00ffdc a230167485a84af8 3c5172efdd7b26fc a7c26d9228ef556 a837404ea79437d5 50f5ed2acac3d4d cf3b32a3e488b33d c1ceb130f8b85ab bc37c2f8f77272f2 dbfb262f112c49e5 20b7cf900b72f59c 2e5688ee8181142 f9445b27dcef9288 ] wstrb=[bd 24 b7 0 b2 40 27 70 64 df 70 17 1f 97 87 ] bresp=0 bid=10010
[2715000] MASTER 1 B_VALID_RDY Handshake
[2715000] [MASTER MONITOR] mst_id=1 s_id=1 awaddr=1644ee30 awid=10 awlen=14 awsize=5 awburst=0 wdata=[f2386216f52f1698 805edee1b6a927f6 eb42c4e6ad00ffdc a230167485a84af8 3c5172efdd7b26fc a7c26d9228ef556 a837404ea79437d5 50f5ed2acac3d4d cf3b32a3e488b33d c1ceb130f8b85ab bc37c2f8f77272f2 dbfb262f112c49e5 20b7cf900b72f59c 2e5688ee8181142 f9445b27dcef9288 ] wstrb=[bd 24 b7 0 b2 40 27 70 64 df 70 17 1f 97 87 ] bresp=0 bid=10
[2715000] MASTER 1 RECEIVED BRESP. BRESP=0
[2715000] [MASTER DRIVER] mst_id=1 s_id=0 awaddr=1644ee30 awid=10 awlen=14 awsize=5 awburst=0 wdata=[f2386216f52f1698 805edee1b6a927f6 eb42c4e6ad00ffdc a230167485a84af8 3c5172efdd7b26fc a7c26d9228ef556 a837404ea79437d5 50f5ed2acac3d4d cf3b32a3e488b33d c1ceb130f8b85ab bc37c2f8f77272f2 dbfb262f112c49e5 20b7cf900b72f59c 2e5688ee8181142 f9445b27dcef9288 ] wstrb=[bd 24 b7 0 b2 40 27 70 64 df 70 17 1f 97 87 ] bresp=0 bid=10
[2715000] SCOREBOARD MATCH: decode_err expected = 0, actual =0
[2715000] SCOREBOARD MATCH: slave_id expected = 1, actual =1
[2715000] SCOREBOARD MATCH: awaddr passthrough expected = 1644ee30, actual =1644ee30
[2715000] SCOREBOARD MATCH: awlen passthrough expected = 14, actual =14
[2715000] SCOREBOARD MATCH: awsize passthrough expected = 5, actual =5
[2715000] SCOREBOARD MATCH: awburst passthrough expected = 0, actual =0
[2715000] SCOREBOARD MATCH: wdata size check expected = f, actual =f
[2715000] SCOREBOARD MATCH: wdata passthrough beat=0 expected = f2386216f52f1698, actual =f2386216f52f1698
[2715000] SCOREBOARD MATCH: wdata passthrough beat=1 expected = 805edee1b6a927f6, actual =805edee1b6a927f6
[2715000] SCOREBOARD MATCH: wdata passthrough beat=2 expected = eb42c4e6ad00ffdc, actual =eb42c4e6ad00ffdc
[2715000] SCOREBOARD MATCH: wdata passthrough beat=3 expected = a230167485a84af8, actual =a230167485a84af8
[2715000] SCOREBOARD MATCH: wdata passthrough beat=4 expected = 3c5172efdd7b26fc, actual =3c5172efdd7b26fc
[2715000] SCOREBOARD MATCH: wdata passthrough beat=5 expected = a7c26d9228ef556, actual =a7c26d9228ef556
[2715000] SCOREBOARD MATCH: wdata passthrough beat=6 expected = a837404ea79437d5, actual =a837404ea79437d5
[2715000] SCOREBOARD MATCH: wdata passthrough beat=7 expected = 50f5ed2acac3d4d, actual =50f5ed2acac3d4d
[2715000] SCOREBOARD MATCH: wdata passthrough beat=8 expected = cf3b32a3e488b33d, actual =cf3b32a3e488b33d
[2715000] SCOREBOARD MATCH: wdata passthrough beat=9 expected = c1ceb130f8b85ab, actual =c1ceb130f8b85ab
[2715000] SCOREBOARD MATCH: wdata passthrough beat=10 expected = bc37c2f8f77272f2, actual =bc37c2f8f77272f2
[2715000] SCOREBOARD MATCH: wdata passthrough beat=11 expected = dbfb262f112c49e5, actual =dbfb262f112c49e5
[2715000] SCOREBOARD MATCH: wdata passthrough beat=12 expected = 20b7cf900b72f59c, actual =20b7cf900b72f59c
[2715000] SCOREBOARD MATCH: wdata passthrough beat=13 expected = 2e5688ee8181142, actual =2e5688ee8181142
[2715000] SCOREBOARD MATCH: wdata passthrough beat=14 expected = f9445b27dcef9288, actual =f9445b27dcef9288
[2715000] SCOREBOARD MATCH: wstrb size check expected = f, actual =f
[2715000] SCOREBOARD MATCH: wstrb passthrough beat=0 expected = bd, actual =bd
[2715000] SCOREBOARD MATCH: wstrb passthrough beat=1 expected = 24, actual =24
[2715000] SCOREBOARD MATCH: wstrb passthrough beat=2 expected = b7, actual =b7
[2715000] SCOREBOARD MATCH: wstrb passthrough beat=3 expected = 0, actual =0
[2715000] SCOREBOARD MATCH: wstrb passthrough beat=4 expected = b2, actual =b2
[2715000] SCOREBOARD MATCH: wstrb passthrough beat=5 expected = 40, actual =40
[2715000] SCOREBOARD MATCH: wstrb passthrough beat=6 expected = 27, actual =27
[2715000] SCOREBOARD MATCH: wstrb passthrough beat=7 expected = 70, actual =70
[2715000] SCOREBOARD MATCH: wstrb passthrough beat=8 expected = 64, actual =64
[2715000] SCOREBOARD MATCH: wstrb passthrough beat=9 expected = df, actual =df
[2715000] SCOREBOARD MATCH: wstrb passthrough beat=10 expected = 70, actual =70
[2715000] SCOREBOARD MATCH: wstrb passthrough beat=11 expected = 17, actual =17
[2715000] SCOREBOARD MATCH: wstrb passthrough beat=12 expected = 1f, actual =1f
[2715000] SCOREBOARD MATCH: wstrb passthrough beat=13 expected = 97, actual =97
[2715000] SCOREBOARD MATCH: wstrb passthrough beat=14 expected = 87, actual =87
[2715000] SCOREBOARD MATCH: bresp passthrough expected = 0, actual =0
[2715000] SCOREBOARD MATCH: response routed to correct master (write) expected = 1, actual =1
[2715000] [SCOREBOARD-M] mst_id=1 s_id=1 awaddr=1644ee30 awid=10 awlen=14 awsize=5 awburst=0 wdata=[f2386216f52f1698 805edee1b6a927f6 eb42c4e6ad00ffdc a230167485a84af8 3c5172efdd7b26fc a7c26d9228ef556 a837404ea79437d5 50f5ed2acac3d4d cf3b32a3e488b33d c1ceb130f8b85ab bc37c2f8f77272f2 dbfb262f112c49e5 20b7cf900b72f59c 2e5688ee8181142 f9445b27dcef9288 ] wstrb=[bd 24 b7 0 b2 40 27 70 64 df 70 17 1f 97 87 ] bresp=0 bid=10
[2715000] [SCOREBOARD-S] mst_id=1 s_id=1 awaddr=1644ee30 awid=10 awlen=14 awsize=5 awburst=0 wdata=[f2386216f52f1698 805edee1b6a927f6 eb42c4e6ad00ffdc a230167485a84af8 3c5172efdd7b26fc a7c26d9228ef556 a837404ea79437d5 50f5ed2acac3d4d cf3b32a3e488b33d c1ceb130f8b85ab bc37c2f8f77272f2 dbfb262f112c49e5 20b7cf900b72f59c 2e5688ee8181142 f9445b27dcef9288 ] wstrb=[bd 24 b7 0 b2 40 27 70 64 df 70 17 1f 97 87 ] bresp=0 bid=10010
[2715000] SCOREBOARD: Transaction 5 received. pass=596 fail=0
[2715000] SCOREBOARD: Expected 5 transactions completed, PASS=596 FAIL=0
[2715000] ALL PASS. Total transactions: 5
[2715000] ALL TRANSACTIONS MONITORED
$finish called at time : 2735 ns : File "/home/nashita/Desktop/practice/axi_xbar/tb/top/axi_tb_top.sv" Line 220
exit
INFO: xsimkernel Simulation Memory Usage: 289464 KB (Peak: 337864 KB), Simulation CPU Usage: 1180 ms
INFO: [Common 17-206] Exiting xsim at Fri Sep 11 11:33:51 2026...
