#-----------------------------------------------------------
# xsim v2025.2 (64-bit)
# SW Build 6299465 on Fri Nov 14 12:34:56 MST 2025
# IP Build 6300035 on Fri Nov 14 10:48:45 MST 2025
# SharedData Build 6298862 on Thu Nov 13 04:50:51 MST 2025
# Start of session at: Thu Sep 10 18:35:22 2026
# Process ID         : 3646755
# Current directory  : /home/nashita/Desktop/practice/axi_xbar/sim
# Command line       : xsim -log regress_results/BT_run322.log -mode tcl -source {xsim.dir/tb_top_snap/xsim_script.tcl}
# Log file           : /home/nashita/Desktop/practice/axi_xbar/sim/regress_results/BT_run322.log
# Journal file       : /home/nashita/Desktop/practice/axi_xbar/sim/xsim.jou
# Running On         : vlsi-vivado
# Platform           : Ubuntu
# Operating System   : Ubuntu 24.04.4 LTS
# Processor Detail   : Intel(R) Core(TM) i5-10400 CPU @ 2.90GHz
# CPU Frequency      : 4000.096 MHz
# CPU Physical cores : 6
# CPU Logical cores  : 12
# Host memory        : 41875 MB
# Swap memory        : 27648 MB
# Total Virtual      : 69524 MB
# Available Virtual  : 62584 MB
#-----------------------------------------------------------
source xsim.dir/tb_top_snap/xsim_script.tcl
# xsim {tb_top_snap} -testplusarg BT -autoloadwcfg -runall -sv_seed 323
Time resolution is 1 ps
run -all
[0] RUNNING BASE TEST
[0] INSIDE THE BASE TEST CONSTRUCTOR
[0] ENV: before agent
[0] SLAVE CONSTRUCTED
[0] MASTER MONITOR CONSTRUCTED
[0] MASTER MONITOR CONSTRUCTED
[0] SLAVE MONITOR CONSTRUCTED
[0] SLAVE MONITOR CONSTRUCTED
[0] ARB MONITOR CONSTRUCTED
GENERATOR CONSTRUCTED
[0] ENV: after agent
[0] ENV: before scoreboard
[0] ENV: after scoreboard
[15000] [SEQUENCER] mst_id=1 s_id=0 awaddr=60ecfc8 awid=0 awlen=90 awsize=2 awburst=1 wdata=[3b394b22090199be b6137cadbe4d1258 89b81fb2bae8fe9d c3ea985b37146e18 f5618070c4f16ad4 ffda6972f9fe1509 31128321ff19a023 c40b0af7c3c501cd bdc316d6a6740391 a58da3b4c3e57469 7aa7637eed599f7 15499d89e998aeac ad7e2315c56d8d0d 34432705bad7413d a46fefe9b528994c fa96265ac98cc48e 846405cbd1ee12ff 8716ac4b2ed94d5f f86611ed28d3f5b5 fac208b481acd2a5 b0862004fcca17b8 a59e0d6d81d8b4ff 38587a5a8ec31f1 25b649aaa0601621 2238cb21b40ba7a9 dcf7d99bcb545717 ebb46d3925be52c6 d9c9fa6f02ae2345 ce027a5c0ded385a 33ab8b20b6c1d40a b96ff74fb9b6e795 c7a41fef8d75858f c437599a077271ac c1295941fb4fab0f 8c5309ffda750e9 8519c29508cd7931 841d2440ccfc8a39 caa3db22c6431bd7 cf1095088ce254df d9dedf18cfbd9db8 1600b98fd32db948 e0100e282482ba3b f44057f3e5114e97 b83f07dfb9eeed40 de71a77b0a411182 ef526019984f1607 d23e0348d2b1ff6e dcf310f0a79167f8 3fe07e00b0afaac3 361aa32cc457109 f3d6d902121e8148 c2ce2c0be054bb22 2c9a2c2c33b75702 c5d5d84ac62fd63d 268491602071052e d4285c3088a40455 ced3da93d31ebd8c f38fc2ba19fe347a a2a238cff5586bf3 c877297fc7b81eea e1b65364f1761362 e6ce7f553c06ec39 3bf0b2384588c33 f5ce9f96af45a8d4 eb4c950de5755e87 e9cdeabadc9d1eeb be2c7c0ef0ba030 d480feb7df9c8a50 3c39a93cf72f5ccd e63afcfe3e4ee972 9deb73c2c81c70fc bf4bcdc9babbfbb5 f90ae527da251cfe a2418dfaa586cac7 e042c67d16f658ea f11b75e8e18d5bc4 8714268bd94daba4 f044048e135d03e3 f4ea5fa7e756ed08 c0a498ade15f7a77 f4bc7e5afbfe8632 e355733bb0e89d3b 924817b2e9a6de01 e5a5643323fa0be8 d4e2a9238704960c f0ab740dc8fad76e ecf4e356e72ac0d6 ee2f56e2d650d841 9f4bafafc1d78c7a 29024d50dedacaf0 352ba3310c409306 ] wstrb=[32 80 e0 22 d0 e6 53 2 66 34 25 36 1a 78 39 81 ac 5e b7 c7 d6 f0 48 83 4e ff 4a 25 f0 92 a8 3e 91 f2 63 81 84 b c0 15 fd 23 97 81 2f 57 97 2c 7a 2e ae a9 85 45 d6 ff 73 84 a9 f8 c9 7f f7 3c 3 a0 34 cc 1f 2b 8 22 cc 3c ee eb 67 f6 e 33 32 fc 1f 9a f3 2d cd 25 29 ec bf ] bresp=0 bid=0
[15000] [SEQUENCER] mst_id=1 s_id=0 awaddr=1d96eff0 awid=1010 awlen=7 awsize=3 awburst=2 wdata=[9417c083f101782b cb8cd1f033c99bca ee016441e5665ab1 d667d2dc0aa6af9a 3e704b64821924c4 e77f7f75a1f4a4cc ac9b54662c71afa5 ae8ad4693de75252 ] wstrb=[ca 1e df 6f 85 31 d9 4f ] bresp=0 bid=0
[15000] [SEQUENCER] mst_id=1 s_id=0 awaddr=94aef70 awid=1001 awlen=41 awsize=3 awburst=1 wdata=[a8a6557eb9c40338 37e1b836c856986a bdd2f9cae17601a7 1b3a04e03fce7fee 8251858e6794f49 c7ef50f0d31bbd16 12ea3d04c5f81222 ac71616be32955d0 b64512e61b0f555c e107677ef460b25c d78a082cc92f4fea e43ea5460d78c8ea 1d97b460dcf1b13 d6fe6afdc5460cc5 d2bed5afd9638372 e7329e853b3d1044 831d09d49850f5 adfbd4673e310983 f96e19c7d341f2b8 27da43ad152e72ed d35f7c70f9f136d0 cd332988d5d61814 eb048b01cccd9637 c6becd07f50d6d35 cae38549be640771 8b319da813f1f68f 8ff63c435e8104b f44c17bcd1f06aaf e5e2613ed3e2e90d 89caf958ff7db565 d16e2014eee1c502 c2c4ae10fe171115 fd94c67a37508153 a6324655cc8fa768 caa6b87dcf02e68e 865367e1e8f6f465 35869bcec83b7ef7 173e65862c85ae37 957ca29c802d544b c868d3439d91cd67 ca177b9ecb033e6a cb3092b6dfa738c9 ] wstrb=[3b 30 f9 a5 cf c2 5b a f2 54 af c1 16 b cb 9 5f 7b ca 76 86 96 7f e5 11 49 5b 97 df da 7c f0 24 d8 87 3 b2 4 f4 d6 dc 7b ] bresp=0 bid=0
[15000] [SEQUENCER] mst_id=0 s_id=0 awaddr=198a5c60 awid=1000 awlen=243 awsize=3 awburst=1 wdata=[9fc10b6a1352405c c683944fe7e9d57c e079955acff25641 e344969dfbdd75dc e3c74b58003aa0c5 d02cf706a9c82aec a5a5a0c8c440e0b3 c47b817833718da3 dd39b88f096cec21 cdadccd414a8787e c81a062102df5958 c4c457912294e4c 26d1c6caa553beb0 a8331808d9fa124d ec236099eeebcceb 943f8b9bb47f5d81 8e796fce12f52763 1e0f44e3c72a3a4 f0f20125fa9cd067 8d91f7ca96207fe9 d293238dff6b70f4 fa08415b8f72ec18 25936c02c38524b3 c2f095a7079a3926 970d253ef8268f8f bbabb442bcf8d702 c4931028bca09140 34c720d0fe9c49e9 3b9520ecdba03567 9840c6a7f072d512 ef0f1efc80283114 dbc8667bcd07e777 3d7abc8a2aa43fe8 aacc70fcf4092d23 c111149a2c89db86 d72e1b6e0694d778 fa9e049bfe8bd124 ab15acaa81fa8c6a 888f63e2bbaf1935 3a3aea5a8243c818 43e5483832d687d 3edc81b3e5509704 e7945f1d8ccdb865 ffb20e3f9176c0d de680311ebd2b3a0 f8a06c05ced7a296 c7ef0ea3c5fc622e b1cf15ce889b8ce8 d7732f7ea65711b4 ec5373e32a6f81d4 b30b0ebc9f623e21 c5b94fd69e2289b1 c8920b850a7e3e3b a9e07c5c320cc3b9 d02f4d6afb9d1a42 61b587def99cc32 a1a68feb18c158f0 145e7332affbd4d9 1f95a10cf1d5dd56 a9736461a79cbaf ca75a088c13c30f7 b3120e4d1ef5a978 396f7527ea0b4194 2b47728cbda94493 dc9eee0b83e515af edf05744de5980d9 1c02c56d960e6332 19f378e21937c9d0 f7914aa9f8a1b378 eb016ab07e3d026 211b99f693941016 c35c38f28a38f8d 30875fb398ace49f 2c40f4b61ae5da3a c38969c7d1a2f9a9 ea4fde483876b845 d35c927ff410c97a c5b3c3239690d2fe cf078b4316e5fc46 af6c5c0b003a16b c694746aa2641dc2 b94a1a08d0aa88e3 80ae2a4e959bffad 38001d70c440dfc8 94eb68abc7429eb8 dcde9e66f14a3778 358b1741159992fa dcdc31b214debbd6 8628f34eca767fec e01012e6b9bad018 ce998beebbb40a8f 62a8a7c3cec4499 f6a714b1d4c27f3d 907689cce63a9d62 a326e1fbc540a0a0 1a031fdd96a11448 fcdbb1ab19cdf6ad df0e974daa79a9a9 c11abdf2a00293a6 b9d08a53f911b72a a38b60d33df66f9d ddf9034398df21a0 91f0d8cae4a61ec5 a29c8e6217c98d97 b0a8af37357c399e 9a225863009591a6 185f1f3dc2998802 f815c1a03cbee6c6 3d54786cc907ce74 8ba1567692381a03 cef700c9d5b397a9 9ebb661d83b71816 15ef321a8c4b7935 e1ff10de2a5cbc94 ae13d4aae4e632e3 f131ac1900ba76fc 2b173390c40306c4 28e939a8d330bcf7 d3eb33f3d92b083a 1d2e0eff1a1ae5c1 ed4ba2b8ff026783 d82d6fbec61748a7 e0322e68c136d6ac c0393e2ff55b7ebd 3b72c764cd7dd120 8eb4a7cc9866aded 8dc22caa1ba4f5cc e922c6ecceede5fc e75493e9c934f40e e4d9e9daf7d76eb9 c6c554b5f516c094 be4bb4a2cdfcb0c7 c5d41f80ae19e89e a330a93223259e7d f1224f440c997435 bab35cd3e17c5dd5 4a1fc5236f66ec4 c38fe2f9dde40606 3f6063dbf5c44b96 2cbaba5afe433fcc dc2745d2c402602d 39c6abc3f04a9d53 ee8ddd1f9b87a9ad df8a09dae681661d d6cc0370cab522f2 e63ccc9f9950b59d ffd21bbac559e08f 900f0381c5c6d67a df178c17d69e1f2a 1bf7ffbaf64bd021 3c12a69bdee9a7d2 b587c6fcac07033b a252d35c9b2a32b2 fa13da84d17fc6b6 fd86c9f2de6579f7 f98facaa2f9ba181 811b68379fd99d4e fe3f1746f3a3872e a33f28affea23229 1e7bcf78f7cec3f0 eb724b1e245a90e7 a2fcc3101cbae6be 1489aaae0eb173ce 330c04b5c1789288 de337946fffbf5cc 8ead699ad608c7c5 17815a4ef2bd23f4 f2b919c1c1b96e4f 17c23615f5b4d394 e871f7898166835b c31ff1ab2f439063 a4f863f7db2b114a dc9194a5dae227c0 a25b8238d6a5b80 e8956cca9fb18650 fa93ae10af1e1c1a 3c88779bc5270170 e4d887c084b96633 33d7824ea51de465 ea44e5d5df6c35d1 e4259c04f05ff9e9 957dde4ecf1d6d96 2e89a36797fd1e52 885d183bffc2c424 cee031ba92af3f6b 2aac5dbe1ddaf68a 1d9dbaaefd69d521 9019148cb30975f9 d0e46c83ec7dec68 e9e7c189bac5724a edcee844ee822731 db001399fa00d615 34c64860beb354c7 2d357bf9c4e7d522 3ee8ab38229530a4 e148856b88358f92 cd1d64b5f3aef398 1644243c8e7e0164 16b390f70c060fed ffb50385f78ca9a7 60aab0ce3d0f5ac efd7059915f927c1 8d85d1681cbe3c03 8f31afef8c091e 58530df93907c74 b04eb877f0663748 dff24066930b0247 269b7ebcb0ddea26 a144216ee5777145 f882738cd6ea3733 7c8215a813661d4 e6add3199f1df248 f608297ca90c42c8 2a42a49ddf3046a6 fe4e38eefdd04ad6 a6dc8d9e90f077b6 f020be5cf456626a f226ad40d11f323b e20fa9f2ee6ef74b e2c559b519033adf ea226d1ad230684e c09f5f99d4ec06f6 edef41d5cc32170c 1e627f5b2364b94f f850c045d811aeef 2443c5fcdf01def4 82669843e640021a be51b109c2a64557 a1a8244bfab75888 e0f75aa2e2957705 a53bbc5c240ebc8f 9ec615171f490bac 81de82b1c6e3e0a8 eaf29d37ffbd6fba 1f067b66271a3f0e edfe1fb689b8b24e 89762208a0e4fe17 c7ff3d25d8f0bced e2a96f3ba87c9d6e c9619b86b5fd5cdb 8eee19c8ec1f9144 949c2eb29160d8ab c75e3587f1978904 ddb71a48ddfdca38 ] wstrb=[4f e4 fa 53 6b 33 9b ba 17 96 e 82 c9 a9 3c e0 3f 4a 62 8 f4 9e e8 33 e9 4a 3c dd e9 24 10 d2 6f 4c af 58 71 bf 2a e0 c d9 38 7d 98 62 5d a4 3b 95 21 d3 f7 7e 78 32 13 99 5 a 18 7d 3c 2b 17 42 36 2f bf 72 5a d6 b4 90 5 74 3 60 4a b7 f0 50 2b f3 b0 76 ab a0 c6 d6 94 76 4c 3f 16 12 15 aa 88 62 e9 9f 74 ff 49 fd 61 33 9c d5 32 e5 d2 93 18 6e 68 4a 54 3b dd 6c a9 46 b7 fd 81 94 6a 2a da 21 28 5b b5 92 86 90 b3 ae eb 68 40 71 f8 f3 1f e4 5b 5f 55 54 52 75 38 ae d4 8d 2 27 2 3a d5 d7 c7 d7 fe ca 11 d3 a1 d8 aa 9f a2 bb 72 43 93 1c e2 36 d7 54 79 6a 70 5c a0 47 b0 1a b2 21 76 52 68 26 6c 1a 47 e2 6d b0 9 d9 ca 50 bc 37 0 c5 11 cb 15 cd 2 16 92 13 e1 a7 e0 e3 bd 72 f7 9e 1a d7 82 d7 4a 79 76 64 50 f8 3b 9a 71 b1 fe c1 ] bresp=0 bid=0
[15000] [SEQUENCER] READ mst_id=1 s_id=0 araddr=95781f8 arid=3 arlen=1 arsize=3 arburst=1 rid=[] rresp=[] rdata=[]
[15000] MASTER_DRIVER1 received transaction, op=AXI_WRITE
[15000] MASTER_DRIVER0 received transaction, op=AXI_WRITE
[35000] MASTER 1 AW_VALID_RDY Handshake
[35000] MASTER 0 AW_VALID_RDY Handshake
[45000] ARB MONITOR: slave=0 m0_req=0 m1_req=1 winner=1
[45000] ARB MONITOR: slave=1 m0_req=1 m1_req=0 winner=0
[45000] AXI S1_AWVALID_RDY HANDSHAKE
[45000] AXI S0_AWVALID_RDY HANDSHAKE
[55000] MASTER 1 W_VALID_RDY Handshake beat=0 wlast=0
[55000] MASTER 0 W_VALID_RDY Handshake beat=0 wlast=0
[65000] MASTER 0 W_VALID_RDY Handshake beat=1 wlast=0
[65000] MASTER 1 W_VALID_RDY Handshake beat=1 wlast=0
[65000] S1 MEMORY WRITE beat=0 addr=198a5c60 data=9fc10b6a1352405c id=08
[65000] AXI S0_WVALID_RDY HANDSHAKE
[65000] S0 MEMORY WRITE beat=0 addr=060ecfc8 data=3b394b22090199be id=10
[75000] AXI S0_WVALID_RDY HANDSHAKE
[75000] S0 MEMORY WRITE beat=1 addr=060ecfcc data=b6137cadbe4d1258 id=10
[75000] S1 MEMORY WRITE beat=1 addr=198a5c68 data=c683944fe7e9d57c id=08
[75000] MASTER 1 W_VALID_RDY Handshake beat=2 wlast=0
[75000] MASTER 0 W_VALID_RDY Handshake beat=2 wlast=0
[85000] MASTER 0 W_VALID_RDY Handshake beat=3 wlast=0
[85000] MASTER 1 W_VALID_RDY Handshake beat=3 wlast=0
[85000] S1 MEMORY WRITE beat=2 addr=198a5c70 data=e079955acff25641 id=08
[85000] AXI S0_WVALID_RDY HANDSHAKE
[85000] S0 MEMORY WRITE beat=2 addr=060ecfd0 data=89b81fb2bae8fe9d id=10
[95000] AXI S0_WVALID_RDY HANDSHAKE
[95000] S0 MEMORY WRITE beat=3 addr=060ecfd4 data=c3ea985b37146e18 id=10
[95000] S1 MEMORY WRITE beat=3 addr=198a5c78 data=e344969dfbdd75dc id=08
[95000] MASTER 1 W_VALID_RDY Handshake beat=4 wlast=0
[95000] MASTER 0 W_VALID_RDY Handshake beat=4 wlast=0
[105000] MASTER 0 W_VALID_RDY Handshake beat=5 wlast=0
[105000] MASTER 1 W_VALID_RDY Handshake beat=5 wlast=0
[105000] S1 MEMORY WRITE beat=4 addr=198a5c80 data=e3c74b58003aa0c5 id=08
[105000] AXI S0_WVALID_RDY HANDSHAKE
[105000] S0 MEMORY WRITE beat=4 addr=060ecfd8 data=f5618070c4f16ad4 id=10
[115000] AXI S0_WVALID_RDY HANDSHAKE
[115000] S0 MEMORY WRITE beat=5 addr=060ecfdc data=ffda6972f9fe1509 id=10
[115000] S1 MEMORY WRITE beat=5 addr=198a5c88 data=d02cf706a9c82aec id=08
[115000] MASTER 1 W_VALID_RDY Handshake beat=6 wlast=0
[115000] MASTER 0 W_VALID_RDY Handshake beat=6 wlast=0
[125000] MASTER 0 W_VALID_RDY Handshake beat=7 wlast=0
[125000] MASTER 1 W_VALID_RDY Handshake beat=7 wlast=0
[125000] S1 MEMORY WRITE beat=6 addr=198a5c90 data=a5a5a0c8c440e0b3 id=08
[125000] AXI S0_WVALID_RDY HANDSHAKE
[125000] S0 MEMORY WRITE beat=6 addr=060ecfe0 data=31128321ff19a023 id=10
[135000] AXI S0_WVALID_RDY HANDSHAKE
[135000] S0 MEMORY WRITE beat=7 addr=060ecfe4 data=c40b0af7c3c501cd id=10
[135000] S1 MEMORY WRITE beat=7 addr=198a5c98 data=c47b817833718da3 id=08
[135000] MASTER 1 W_VALID_RDY Handshake beat=8 wlast=0
[135000] MASTER 0 W_VALID_RDY Handshake beat=8 wlast=0
[145000] MASTER 0 W_VALID_RDY Handshake beat=9 wlast=0
[145000] MASTER 1 W_VALID_RDY Handshake beat=9 wlast=0
[145000] S1 MEMORY WRITE beat=8 addr=198a5ca0 data=dd39b88f096cec21 id=08
[145000] AXI S0_WVALID_RDY HANDSHAKE
[145000] S0 MEMORY WRITE beat=8 addr=060ecfe8 data=bdc316d6a6740391 id=10
[155000] AXI S0_WVALID_RDY HANDSHAKE
[155000] S0 MEMORY WRITE beat=9 addr=060ecfec data=a58da3b4c3e57469 id=10
[155000] S1 MEMORY WRITE beat=9 addr=198a5ca8 data=cdadccd414a8787e id=08
[155000] MASTER 1 W_VALID_RDY Handshake beat=10 wlast=0
[155000] MASTER 0 W_VALID_RDY Handshake beat=10 wlast=0
[165000] MASTER 0 W_VALID_RDY Handshake beat=11 wlast=0
[165000] MASTER 1 W_VALID_RDY Handshake beat=11 wlast=0
[165000] S1 MEMORY WRITE beat=10 addr=198a5cb0 data=c81a062102df5958 id=08
[165000] AXI S0_WVALID_RDY HANDSHAKE
[165000] S0 MEMORY WRITE beat=10 addr=060ecff0 data=07aa7637eed599f7 id=10
[175000] AXI S0_WVALID_RDY HANDSHAKE
[175000] S0 MEMORY WRITE beat=11 addr=060ecff4 data=15499d89e998aeac id=10
[175000] S1 MEMORY WRITE beat=11 addr=198a5cb8 data=0c4c457912294e4c id=08
[175000] MASTER 1 W_VALID_RDY Handshake beat=12 wlast=0
[175000] MASTER 0 W_VALID_RDY Handshake beat=12 wlast=0
[185000] MASTER 0 W_VALID_RDY Handshake beat=13 wlast=0
[185000] MASTER 1 W_VALID_RDY Handshake beat=13 wlast=0
[185000] S1 MEMORY WRITE beat=12 addr=198a5cc0 data=26d1c6caa553beb0 id=08
[185000] AXI S0_WVALID_RDY HANDSHAKE
[185000] S0 MEMORY WRITE beat=12 addr=060ecff8 data=ad7e2315c56d8d0d id=10
[195000] AXI S0_WVALID_RDY HANDSHAKE
[195000] S0 MEMORY WRITE beat=13 addr=060ecffc data=34432705bad7413d id=10
[195000] S1 MEMORY WRITE beat=13 addr=198a5cc8 data=a8331808d9fa124d id=08
[195000] MASTER 1 W_VALID_RDY Handshake beat=14 wlast=0
[195000] MASTER 0 W_VALID_RDY Handshake beat=14 wlast=0
[205000] MASTER 0 W_VALID_RDY Handshake beat=15 wlast=0
[205000] MASTER 1 W_VALID_RDY Handshake beat=15 wlast=0
[205000] S1 MEMORY WRITE beat=14 addr=198a5cd0 data=ec236099eeebcceb id=08
[205000] AXI S0_WVALID_RDY HANDSHAKE
[205000] S0 MEMORY WRITE beat=14 addr=060ed000 data=a46fefe9b528994c id=10
[215000] AXI S0_WVALID_RDY HANDSHAKE
[215000] S0 MEMORY WRITE beat=15 addr=060ed004 data=fa96265ac98cc48e id=10
[215000] S1 MEMORY WRITE beat=15 addr=198a5cd8 data=943f8b9bb47f5d81 id=08
[215000] MASTER 1 W_VALID_RDY Handshake beat=16 wlast=0
[215000] MASTER 0 W_VALID_RDY Handshake beat=16 wlast=0
[225000] MASTER 0 W_VALID_RDY Handshake beat=17 wlast=0
[225000] MASTER 1 W_VALID_RDY Handshake beat=17 wlast=0
[225000] S1 MEMORY WRITE beat=16 addr=198a5ce0 data=8e796fce12f52763 id=08
[225000] AXI S0_WVALID_RDY HANDSHAKE
[225000] S0 MEMORY WRITE beat=16 addr=060ed008 data=846405cbd1ee12ff id=10
[235000] AXI S0_WVALID_RDY HANDSHAKE
[235000] S0 MEMORY WRITE beat=17 addr=060ed00c data=8716ac4b2ed94d5f id=10
[235000] S1 MEMORY WRITE beat=17 addr=198a5ce8 data=01e0f44e3c72a3a4 id=08
[235000] MASTER 1 W_VALID_RDY Handshake beat=18 wlast=0
[235000] MASTER 0 W_VALID_RDY Handshake beat=18 wlast=0
[245000] MASTER 0 W_VALID_RDY Handshake beat=19 wlast=0
[245000] MASTER 1 W_VALID_RDY Handshake beat=19 wlast=0
[245000] S1 MEMORY WRITE beat=18 addr=198a5cf0 data=f0f20125fa9cd067 id=08
[245000] AXI S0_WVALID_RDY HANDSHAKE
[245000] S0 MEMORY WRITE beat=18 addr=060ed010 data=f86611ed28d3f5b5 id=10
[255000] AXI S0_WVALID_RDY HANDSHAKE
[255000] S0 MEMORY WRITE beat=19 addr=060ed014 data=fac208b481acd2a5 id=10
[255000] S1 MEMORY WRITE beat=19 addr=198a5cf8 data=8d91f7ca96207fe9 id=08
[255000] MASTER 1 W_VALID_RDY Handshake beat=20 wlast=0
[255000] MASTER 0 W_VALID_RDY Handshake beat=20 wlast=0
[265000] MASTER 0 W_VALID_RDY Handshake beat=21 wlast=0
[265000] MASTER 1 W_VALID_RDY Handshake beat=21 wlast=0
[265000] S1 MEMORY WRITE beat=20 addr=198a5d00 data=d293238dff6b70f4 id=08
[265000] AXI S0_WVALID_RDY HANDSHAKE
[265000] S0 MEMORY WRITE beat=20 addr=060ed018 data=b0862004fcca17b8 id=10
[275000] AXI S0_WVALID_RDY HANDSHAKE
[275000] S0 MEMORY WRITE beat=21 addr=060ed01c data=a59e0d6d81d8b4ff id=10
[275000] S1 MEMORY WRITE beat=21 addr=198a5d08 data=fa08415b8f72ec18 id=08
[275000] MASTER 1 W_VALID_RDY Handshake beat=22 wlast=0
[275000] MASTER 0 W_VALID_RDY Handshake beat=22 wlast=0
[285000] MASTER 0 W_VALID_RDY Handshake beat=23 wlast=0
[285000] MASTER 1 W_VALID_RDY Handshake beat=23 wlast=0
[285000] S1 MEMORY WRITE beat=22 addr=198a5d10 data=25936c02c38524b3 id=08
[285000] AXI S0_WVALID_RDY HANDSHAKE
[285000] S0 MEMORY WRITE beat=22 addr=060ed020 data=038587a5a8ec31f1 id=10
[295000] AXI S0_WVALID_RDY HANDSHAKE
[295000] S0 MEMORY WRITE beat=23 addr=060ed024 data=25b649aaa0601621 id=10
[295000] S1 MEMORY WRITE beat=23 addr=198a5d18 data=c2f095a7079a3926 id=08
[295000] MASTER 1 W_VALID_RDY Handshake beat=24 wlast=0
[295000] MASTER 0 W_VALID_RDY Handshake beat=24 wlast=0
[305000] MASTER 0 W_VALID_RDY Handshake beat=25 wlast=0
[305000] MASTER 1 W_VALID_RDY Handshake beat=25 wlast=0
[305000] S1 MEMORY WRITE beat=24 addr=198a5d20 data=970d253ef8268f8f id=08
[305000] AXI S0_WVALID_RDY HANDSHAKE
[305000] S0 MEMORY WRITE beat=24 addr=060ed028 data=2238cb21b40ba7a9 id=10
[315000] AXI S0_WVALID_RDY HANDSHAKE
[315000] S0 MEMORY WRITE beat=25 addr=060ed02c data=dcf7d99bcb545717 id=10
[315000] S1 MEMORY WRITE beat=25 addr=198a5d28 data=bbabb442bcf8d702 id=08
[315000] MASTER 1 W_VALID_RDY Handshake beat=26 wlast=0
[315000] MASTER 0 W_VALID_RDY Handshake beat=26 wlast=0
[325000] MASTER 0 W_VALID_RDY Handshake beat=27 wlast=0
[325000] MASTER 1 W_VALID_RDY Handshake beat=27 wlast=0
[325000] S1 MEMORY WRITE beat=26 addr=198a5d30 data=c4931028bca09140 id=08
[325000] AXI S0_WVALID_RDY HANDSHAKE
[325000] S0 MEMORY WRITE beat=26 addr=060ed030 data=ebb46d3925be52c6 id=10
[335000] AXI S0_WVALID_RDY HANDSHAKE
[335000] S0 MEMORY WRITE beat=27 addr=060ed034 data=d9c9fa6f02ae2345 id=10
[335000] S1 MEMORY WRITE beat=27 addr=198a5d38 data=34c720d0fe9c49e9 id=08
[335000] MASTER 1 W_VALID_RDY Handshake beat=28 wlast=0
[335000] MASTER 0 W_VALID_RDY Handshake beat=28 wlast=0
[345000] MASTER 0 W_VALID_RDY Handshake beat=29 wlast=0
[345000] MASTER 1 W_VALID_RDY Handshake beat=29 wlast=0
[345000] S1 MEMORY WRITE beat=28 addr=198a5d40 data=3b9520ecdba03567 id=08
[345000] AXI S0_WVALID_RDY HANDSHAKE
[345000] S0 MEMORY WRITE beat=28 addr=060ed038 data=ce027a5c0ded385a id=10
[355000] AXI S0_WVALID_RDY HANDSHAKE
[355000] S0 MEMORY WRITE beat=29 addr=060ed03c data=33ab8b20b6c1d40a id=10
[355000] S1 MEMORY WRITE beat=29 addr=198a5d48 data=9840c6a7f072d512 id=08
[355000] MASTER 1 W_VALID_RDY Handshake beat=30 wlast=0
[355000] MASTER 0 W_VALID_RDY Handshake beat=30 wlast=0
[365000] MASTER 0 W_VALID_RDY Handshake beat=31 wlast=0
[365000] MASTER 1 W_VALID_RDY Handshake beat=31 wlast=0
[365000] S1 MEMORY WRITE beat=30 addr=198a5d50 data=ef0f1efc80283114 id=08
[365000] AXI S0_WVALID_RDY HANDSHAKE
[365000] S0 MEMORY WRITE beat=30 addr=060ed040 data=b96ff74fb9b6e795 id=10
[375000] AXI S0_WVALID_RDY HANDSHAKE
[375000] S0 MEMORY WRITE beat=31 addr=060ed044 data=c7a41fef8d75858f id=10
[375000] S1 MEMORY WRITE beat=31 addr=198a5d58 data=dbc8667bcd07e777 id=08
[375000] MASTER 1 W_VALID_RDY Handshake beat=32 wlast=0
[375000] MASTER 0 W_VALID_RDY Handshake beat=32 wlast=0
[385000] MASTER 0 W_VALID_RDY Handshake beat=33 wlast=0
[385000] MASTER 1 W_VALID_RDY Handshake beat=33 wlast=0
[385000] S1 MEMORY WRITE beat=32 addr=198a5d60 data=3d7abc8a2aa43fe8 id=08
[385000] AXI S0_WVALID_RDY HANDSHAKE
[385000] S0 MEMORY WRITE beat=32 addr=060ed048 data=c437599a077271ac id=10
[395000] AXI S0_WVALID_RDY HANDSHAKE
[395000] S0 MEMORY WRITE beat=33 addr=060ed04c data=c1295941fb4fab0f id=10
[395000] S1 MEMORY WRITE beat=33 addr=198a5d68 data=aacc70fcf4092d23 id=08
[395000] MASTER 1 W_VALID_RDY Handshake beat=34 wlast=0
[395000] MASTER 0 W_VALID_RDY Handshake beat=34 wlast=0
[405000] MASTER 0 W_VALID_RDY Handshake beat=35 wlast=0
[405000] MASTER 1 W_VALID_RDY Handshake beat=35 wlast=0
[405000] S1 MEMORY WRITE beat=34 addr=198a5d70 data=c111149a2c89db86 id=08
[405000] AXI S0_WVALID_RDY HANDSHAKE
[405000] S0 MEMORY WRITE beat=34 addr=060ed050 data=08c5309ffda750e9 id=10
[415000] AXI S0_WVALID_RDY HANDSHAKE
[415000] S0 MEMORY WRITE beat=35 addr=060ed054 data=8519c29508cd7931 id=10
[415000] S1 MEMORY WRITE beat=35 addr=198a5d78 data=d72e1b6e0694d778 id=08
[415000] MASTER 1 W_VALID_RDY Handshake beat=36 wlast=0
[415000] MASTER 0 W_VALID_RDY Handshake beat=36 wlast=0
[425000] MASTER 0 W_VALID_RDY Handshake beat=37 wlast=0
[425000] MASTER 1 W_VALID_RDY Handshake beat=37 wlast=0
[425000] S1 MEMORY WRITE beat=36 addr=198a5d80 data=fa9e049bfe8bd124 id=08
[425000] AXI S0_WVALID_RDY HANDSHAKE
[425000] S0 MEMORY WRITE beat=36 addr=060ed058 data=841d2440ccfc8a39 id=10
[435000] AXI S0_WVALID_RDY HANDSHAKE
[435000] S0 MEMORY WRITE beat=37 addr=060ed05c data=caa3db22c6431bd7 id=10
[435000] S1 MEMORY WRITE beat=37 addr=198a5d88 data=ab15acaa81fa8c6a id=08
[435000] MASTER 1 W_VALID_RDY Handshake beat=38 wlast=0
[435000] MASTER 0 W_VALID_RDY Handshake beat=38 wlast=0
[445000] MASTER 0 W_VALID_RDY Handshake beat=39 wlast=0
[445000] MASTER 1 W_VALID_RDY Handshake beat=39 wlast=0
[445000] S1 MEMORY WRITE beat=38 addr=198a5d90 data=888f63e2bbaf1935 id=08
[445000] AXI S0_WVALID_RDY HANDSHAKE
[445000] S0 MEMORY WRITE beat=38 addr=060ed060 data=cf1095088ce254df id=10
[455000] AXI S0_WVALID_RDY HANDSHAKE
[455000] S0 MEMORY WRITE beat=39 addr=060ed064 data=d9dedf18cfbd9db8 id=10
[455000] S1 MEMORY WRITE beat=39 addr=198a5d98 data=3a3aea5a8243c818 id=08
[455000] MASTER 1 W_VALID_RDY Handshake beat=40 wlast=0
[455000] MASTER 0 W_VALID_RDY Handshake beat=40 wlast=0
[465000] MASTER 0 W_VALID_RDY Handshake beat=41 wlast=0
[465000] MASTER 1 W_VALID_RDY Handshake beat=41 wlast=0
[465000] S1 MEMORY WRITE beat=40 addr=198a5da0 data=043e5483832d687d id=08
[465000] AXI S0_WVALID_RDY HANDSHAKE
[465000] S0 MEMORY WRITE beat=40 addr=060ed068 data=1600b98fd32db948 id=10
[475000] AXI S0_WVALID_RDY HANDSHAKE
[475000] S0 MEMORY WRITE beat=41 addr=060ed06c data=e0100e282482ba3b id=10
[475000] S1 MEMORY WRITE beat=41 addr=198a5da8 data=3edc81b3e5509704 id=08
[475000] MASTER 1 W_VALID_RDY Handshake beat=42 wlast=0
[475000] MASTER 0 W_VALID_RDY Handshake beat=42 wlast=0
[485000] MASTER 0 W_VALID_RDY Handshake beat=43 wlast=0
[485000] MASTER 1 W_VALID_RDY Handshake beat=43 wlast=0
[485000] S1 MEMORY WRITE beat=42 addr=198a5db0 data=e7945f1d8ccdb865 id=08
[485000] AXI S0_WVALID_RDY HANDSHAKE
[485000] S0 MEMORY WRITE beat=42 addr=060ed070 data=f44057f3e5114e97 id=10
[495000] AXI S0_WVALID_RDY HANDSHAKE
[495000] S0 MEMORY WRITE beat=43 addr=060ed074 data=b83f07dfb9eeed40 id=10
[495000] S1 MEMORY WRITE beat=43 addr=198a5db8 data=0ffb20e3f9176c0d id=08
[495000] MASTER 1 W_VALID_RDY Handshake beat=44 wlast=0
[495000] MASTER 0 W_VALID_RDY Handshake beat=44 wlast=0
[505000] MASTER 0 W_VALID_RDY Handshake beat=45 wlast=0
[505000] MASTER 1 W_VALID_RDY Handshake beat=45 wlast=0
[505000] S1 MEMORY WRITE beat=44 addr=198a5dc0 data=de680311ebd2b3a0 id=08
[505000] AXI S0_WVALID_RDY HANDSHAKE
[505000] S0 MEMORY WRITE beat=44 addr=060ed078 data=de71a77b0a411182 id=10
[515000] AXI S0_WVALID_RDY HANDSHAKE
[515000] S0 MEMORY WRITE beat=45 addr=060ed07c data=ef526019984f1607 id=10
[515000] S1 MEMORY WRITE beat=45 addr=198a5dc8 data=f8a06c05ced7a296 id=08
[515000] MASTER 1 W_VALID_RDY Handshake beat=46 wlast=0
[515000] MASTER 0 W_VALID_RDY Handshake beat=46 wlast=0
[525000] MASTER 0 W_VALID_RDY Handshake beat=47 wlast=0
[525000] MASTER 1 W_VALID_RDY Handshake beat=47 wlast=0
[525000] S1 MEMORY WRITE beat=46 addr=198a5dd0 data=c7ef0ea3c5fc622e id=08
[525000] AXI S0_WVALID_RDY HANDSHAKE
[525000] S0 MEMORY WRITE beat=46 addr=060ed080 data=d23e0348d2b1ff6e id=10
[535000] AXI S0_WVALID_RDY HANDSHAKE
[535000] S0 MEMORY WRITE beat=47 addr=060ed084 data=dcf310f0a79167f8 id=10
[535000] S1 MEMORY WRITE beat=47 addr=198a5dd8 data=b1cf15ce889b8ce8 id=08
[535000] MASTER 1 W_VALID_RDY Handshake beat=48 wlast=0
[535000] MASTER 0 W_VALID_RDY Handshake beat=48 wlast=0
[545000] MASTER 0 W_VALID_RDY Handshake beat=49 wlast=0
[545000] MASTER 1 W_VALID_RDY Handshake beat=49 wlast=0
[545000] S1 MEMORY WRITE beat=48 addr=198a5de0 data=d7732f7ea65711b4 id=08
[545000] AXI S0_WVALID_RDY HANDSHAKE
[545000] S0 MEMORY WRITE beat=48 addr=060ed088 data=3fe07e00b0afaac3 id=10
[555000] AXI S0_WVALID_RDY HANDSHAKE
[555000] S0 MEMORY WRITE beat=49 addr=060ed08c data=0361aa32cc457109 id=10
[555000] S1 MEMORY WRITE beat=49 addr=198a5de8 data=ec5373e32a6f81d4 id=08
[555000] MASTER 1 W_VALID_RDY Handshake beat=50 wlast=0
[555000] MASTER 0 W_VALID_RDY Handshake beat=50 wlast=0
[565000] MASTER 0 W_VALID_RDY Handshake beat=51 wlast=0
[565000] MASTER 1 W_VALID_RDY Handshake beat=51 wlast=0
[565000] S1 MEMORY WRITE beat=50 addr=198a5df0 data=b30b0ebc9f623e21 id=08
[565000] AXI S0_WVALID_RDY HANDSHAKE
[565000] S0 MEMORY WRITE beat=50 addr=060ed090 data=f3d6d902121e8148 id=10
[575000] AXI S0_WVALID_RDY HANDSHAKE
[575000] S0 MEMORY WRITE beat=51 addr=060ed094 data=c2ce2c0be054bb22 id=10
[575000] S1 MEMORY WRITE beat=51 addr=198a5df8 data=c5b94fd69e2289b1 id=08
[575000] MASTER 1 W_VALID_RDY Handshake beat=52 wlast=0
[575000] MASTER 0 W_VALID_RDY Handshake beat=52 wlast=0
[585000] MASTER 0 W_VALID_RDY Handshake beat=53 wlast=0
[585000] MASTER 1 W_VALID_RDY Handshake beat=53 wlast=0
[585000] S1 MEMORY WRITE beat=52 addr=198a5e00 data=c8920b850a7e3e3b id=08
[585000] AXI S0_WVALID_RDY HANDSHAKE
[585000] S0 MEMORY WRITE beat=52 addr=060ed098 data=2c9a2c2c33b75702 id=10
[595000] AXI S0_WVALID_RDY HANDSHAKE
[595000] S0 MEMORY WRITE beat=53 addr=060ed09c data=c5d5d84ac62fd63d id=10
[595000] S1 MEMORY WRITE beat=53 addr=198a5e08 data=a9e07c5c320cc3b9 id=08
[595000] MASTER 1 W_VALID_RDY Handshake beat=54 wlast=0
[595000] MASTER 0 W_VALID_RDY Handshake beat=54 wlast=0
[605000] MASTER 0 W_VALID_RDY Handshake beat=55 wlast=0
[605000] MASTER 1 W_VALID_RDY Handshake beat=55 wlast=0
[605000] S1 MEMORY WRITE beat=54 addr=198a5e10 data=d02f4d6afb9d1a42 id=08
[605000] AXI S0_WVALID_RDY HANDSHAKE
[605000] S0 MEMORY WRITE beat=54 addr=060ed0a0 data=268491602071052e id=10
[615000] AXI S0_WVALID_RDY HANDSHAKE
[615000] S0 MEMORY WRITE beat=55 addr=060ed0a4 data=d4285c3088a40455 id=10
[615000] S1 MEMORY WRITE beat=55 addr=198a5e18 data=061b587def99cc32 id=08
[615000] MASTER 1 W_VALID_RDY Handshake beat=56 wlast=0
[615000] MASTER 0 W_VALID_RDY Handshake beat=56 wlast=0
[625000] MASTER 0 W_VALID_RDY Handshake beat=57 wlast=0
[625000] MASTER 1 W_VALID_RDY Handshake beat=57 wlast=0
[625000] S1 MEMORY WRITE beat=56 addr=198a5e20 data=a1a68feb18c158f0 id=08
[625000] AXI S0_WVALID_RDY HANDSHAKE
[625000] S0 MEMORY WRITE beat=56 addr=060ed0a8 data=ced3da93d31ebd8c id=10
[635000] AXI S0_WVALID_RDY HANDSHAKE
[635000] S0 MEMORY WRITE beat=57 addr=060ed0ac data=f38fc2ba19fe347a id=10
[635000] S1 MEMORY WRITE beat=57 addr=198a5e28 data=145e7332affbd4d9 id=08
[635000] MASTER 1 W_VALID_RDY Handshake beat=58 wlast=0
[635000] MASTER 0 W_VALID_RDY Handshake beat=58 wlast=0
[645000] MASTER 0 W_VALID_RDY Handshake beat=59 wlast=0
[645000] MASTER 1 W_VALID_RDY Handshake beat=59 wlast=0
[645000] S1 MEMORY WRITE beat=58 addr=198a5e30 data=1f95a10cf1d5dd56 id=08
[645000] AXI S0_WVALID_RDY HANDSHAKE
[645000] S0 MEMORY WRITE beat=58 addr=060ed0b0 data=a2a238cff5586bf3 id=10
[655000] AXI S0_WVALID_RDY HANDSHAKE
[655000] S0 MEMORY WRITE beat=59 addr=060ed0b4 data=c877297fc7b81eea id=10
[655000] S1 MEMORY WRITE beat=59 addr=198a5e38 data=0a9736461a79cbaf id=08
[655000] MASTER 1 W_VALID_RDY Handshake beat=60 wlast=0
[655000] MASTER 0 W_VALID_RDY Handshake beat=60 wlast=0
[665000] MASTER 0 W_VALID_RDY Handshake beat=61 wlast=0
[665000] MASTER 1 W_VALID_RDY Handshake beat=61 wlast=0
[665000] S1 MEMORY WRITE beat=60 addr=198a5e40 data=ca75a088c13c30f7 id=08
[665000] AXI S0_WVALID_RDY HANDSHAKE
[665000] S0 MEMORY WRITE beat=60 addr=060ed0b8 data=e1b65364f1761362 id=10
[675000] AXI S0_WVALID_RDY HANDSHAKE
[675000] S0 MEMORY WRITE beat=61 addr=060ed0bc data=e6ce7f553c06ec39 id=10
[675000] S1 MEMORY WRITE beat=61 addr=198a5e48 data=b3120e4d1ef5a978 id=08
[675000] MASTER 1 W_VALID_RDY Handshake beat=62 wlast=0
[675000] MASTER 0 W_VALID_RDY Handshake beat=62 wlast=0
[685000] MASTER 0 W_VALID_RDY Handshake beat=63 wlast=0
[685000] MASTER 1 W_VALID_RDY Handshake beat=63 wlast=0
[685000] S1 MEMORY WRITE beat=62 addr=198a5e50 data=396f7527ea0b4194 id=08
[685000] AXI S0_WVALID_RDY HANDSHAKE
[685000] S0 MEMORY WRITE beat=62 addr=060ed0c0 data=03bf0b2384588c33 id=10
[695000] AXI S0_WVALID_RDY HANDSHAKE
[695000] S0 MEMORY WRITE beat=63 addr=060ed0c4 data=f5ce9f96af45a8d4 id=10
[695000] S1 MEMORY WRITE beat=63 addr=198a5e58 data=2b47728cbda94493 id=08
[695000] MASTER 1 W_VALID_RDY Handshake beat=64 wlast=0
[695000] MASTER 0 W_VALID_RDY Handshake beat=64 wlast=0
[705000] MASTER 0 W_VALID_RDY Handshake beat=65 wlast=0
[705000] MASTER 1 W_VALID_RDY Handshake beat=65 wlast=0
[705000] S1 MEMORY WRITE beat=64 addr=198a5e60 data=dc9eee0b83e515af id=08
[705000] AXI S0_WVALID_RDY HANDSHAKE
[705000] S0 MEMORY WRITE beat=64 addr=060ed0c8 data=eb4c950de5755e87 id=10
[715000] AXI S0_WVALID_RDY HANDSHAKE
[715000] S0 MEMORY WRITE beat=65 addr=060ed0cc data=e9cdeabadc9d1eeb id=10
[715000] S1 MEMORY WRITE beat=65 addr=198a5e68 data=edf05744de5980d9 id=08
[715000] MASTER 1 W_VALID_RDY Handshake beat=66 wlast=0
[715000] MASTER 0 W_VALID_RDY Handshake beat=66 wlast=0
[725000] MASTER 0 W_VALID_RDY Handshake beat=67 wlast=0
[725000] MASTER 1 W_VALID_RDY Handshake beat=67 wlast=0
[725000] S1 MEMORY WRITE beat=66 addr=198a5e70 data=1c02c56d960e6332 id=08
[725000] AXI S0_WVALID_RDY HANDSHAKE
[725000] S0 MEMORY WRITE beat=66 addr=060ed0d0 data=0be2c7c0ef0ba030 id=10
[735000] AXI S0_WVALID_RDY HANDSHAKE
[735000] S0 MEMORY WRITE beat=67 addr=060ed0d4 data=d480feb7df9c8a50 id=10
[735000] S1 MEMORY WRITE beat=67 addr=198a5e78 data=19f378e21937c9d0 id=08
[735000] MASTER 1 W_VALID_RDY Handshake beat=68 wlast=0
[735000] MASTER 0 W_VALID_RDY Handshake beat=68 wlast=0
[745000] MASTER 0 W_VALID_RDY Handshake beat=69 wlast=0
[745000] MASTER 1 W_VALID_RDY Handshake beat=69 wlast=0
[745000] S1 MEMORY WRITE beat=68 addr=198a5e80 data=f7914aa9f8a1b378 id=08
[745000] AXI S0_WVALID_RDY HANDSHAKE
[745000] S0 MEMORY WRITE beat=68 addr=060ed0d8 data=3c39a93cf72f5ccd id=10
[755000] AXI S0_WVALID_RDY HANDSHAKE
[755000] S0 MEMORY WRITE beat=69 addr=060ed0dc data=e63afcfe3e4ee972 id=10
[755000] S1 MEMORY WRITE beat=69 addr=198a5e88 data=0eb016ab07e3d026 id=08
[755000] MASTER 1 W_VALID_RDY Handshake beat=70 wlast=0
[755000] MASTER 0 W_VALID_RDY Handshake beat=70 wlast=0
[765000] MASTER 0 W_VALID_RDY Handshake beat=71 wlast=0
[765000] MASTER 1 W_VALID_RDY Handshake beat=71 wlast=0
[765000] S1 MEMORY WRITE beat=70 addr=198a5e90 data=211b99f693941016 id=08
[765000] AXI S0_WVALID_RDY HANDSHAKE
[765000] S0 MEMORY WRITE beat=70 addr=060ed0e0 data=9deb73c2c81c70fc id=10
[775000] AXI S0_WVALID_RDY HANDSHAKE
[775000] S0 MEMORY WRITE beat=71 addr=060ed0e4 data=bf4bcdc9babbfbb5 id=10
[775000] S1 MEMORY WRITE beat=71 addr=198a5e98 data=0c35c38f28a38f8d id=08
[775000] MASTER 1 W_VALID_RDY Handshake beat=72 wlast=0
[775000] MASTER 0 W_VALID_RDY Handshake beat=72 wlast=0
[785000] MASTER 0 W_VALID_RDY Handshake beat=73 wlast=0
[785000] MASTER 1 W_VALID_RDY Handshake beat=73 wlast=0
[785000] S1 MEMORY WRITE beat=72 addr=198a5ea0 data=30875fb398ace49f id=08
[785000] AXI S0_WVALID_RDY HANDSHAKE
[785000] S0 MEMORY WRITE beat=72 addr=060ed0e8 data=f90ae527da251cfe id=10
[795000] AXI S0_WVALID_RDY HANDSHAKE
[795000] S0 MEMORY WRITE beat=73 addr=060ed0ec data=a2418dfaa586cac7 id=10
[795000] S1 MEMORY WRITE beat=73 addr=198a5ea8 data=2c40f4b61ae5da3a id=08
[795000] MASTER 1 W_VALID_RDY Handshake beat=74 wlast=0
[795000] MASTER 0 W_VALID_RDY Handshake beat=74 wlast=0
[805000] MASTER 0 W_VALID_RDY Handshake beat=75 wlast=0
[805000] MASTER 1 W_VALID_RDY Handshake beat=75 wlast=0
[805000] S1 MEMORY WRITE beat=74 addr=198a5eb0 data=c38969c7d1a2f9a9 id=08
[805000] AXI S0_WVALID_RDY HANDSHAKE
[805000] S0 MEMORY WRITE beat=74 addr=060ed0f0 data=e042c67d16f658ea id=10
[815000] AXI S0_WVALID_RDY HANDSHAKE
[815000] S0 MEMORY WRITE beat=75 addr=060ed0f4 data=f11b75e8e18d5bc4 id=10
[815000] S1 MEMORY WRITE beat=75 addr=198a5eb8 data=ea4fde483876b845 id=08
[815000] MASTER 1 W_VALID_RDY Handshake beat=76 wlast=0
[815000] MASTER 0 W_VALID_RDY Handshake beat=76 wlast=0
[825000] MASTER 0 W_VALID_RDY Handshake beat=77 wlast=0
[825000] MASTER 1 W_VALID_RDY Handshake beat=77 wlast=0
[825000] S1 MEMORY WRITE beat=76 addr=198a5ec0 data=d35c927ff410c97a id=08
[825000] AXI S0_WVALID_RDY HANDSHAKE
[825000] S0 MEMORY WRITE beat=76 addr=060ed0f8 data=8714268bd94daba4 id=10
[835000] AXI S0_WVALID_RDY HANDSHAKE
[835000] S0 MEMORY WRITE beat=77 addr=060ed0fc data=f044048e135d03e3 id=10
[835000] S1 MEMORY WRITE beat=77 addr=198a5ec8 data=c5b3c3239690d2fe id=08
[835000] MASTER 1 W_VALID_RDY Handshake beat=78 wlast=0
[835000] MASTER 0 W_VALID_RDY Handshake beat=78 wlast=0
[845000] MASTER 0 W_VALID_RDY Handshake beat=79 wlast=0
[845000] MASTER 1 W_VALID_RDY Handshake beat=79 wlast=0
[845000] S1 MEMORY WRITE beat=78 addr=198a5ed0 data=cf078b4316e5fc46 id=08
[845000] AXI S0_WVALID_RDY HANDSHAKE
[845000] S0 MEMORY WRITE beat=78 addr=060ed100 data=f4ea5fa7e756ed08 id=10
[855000] AXI S0_WVALID_RDY HANDSHAKE
[855000] S0 MEMORY WRITE beat=79 addr=060ed104 data=c0a498ade15f7a77 id=10
[855000] S1 MEMORY WRITE beat=79 addr=198a5ed8 data=0af6c5c0b003a16b id=08
[855000] MASTER 1 W_VALID_RDY Handshake beat=80 wlast=0
[855000] MASTER 0 W_VALID_RDY Handshake beat=80 wlast=0
[865000] MASTER 0 W_VALID_RDY Handshake beat=81 wlast=0
[865000] MASTER 1 W_VALID_RDY Handshake beat=81 wlast=0
[865000] S1 MEMORY WRITE beat=80 addr=198a5ee0 data=c694746aa2641dc2 id=08
[865000] AXI S0_WVALID_RDY HANDSHAKE
[865000] S0 MEMORY WRITE beat=80 addr=060ed108 data=f4bc7e5afbfe8632 id=10
[875000] AXI S0_WVALID_RDY HANDSHAKE
[875000] S0 MEMORY WRITE beat=81 addr=060ed10c data=e355733bb0e89d3b id=10
[875000] S1 MEMORY WRITE beat=81 addr=198a5ee8 data=b94a1a08d0aa88e3 id=08
[875000] MASTER 1 W_VALID_RDY Handshake beat=82 wlast=0
[875000] MASTER 0 W_VALID_RDY Handshake beat=82 wlast=0
[885000] MASTER 0 W_VALID_RDY Handshake beat=83 wlast=0
[885000] MASTER 1 W_VALID_RDY Handshake beat=83 wlast=0
[885000] S1 MEMORY WRITE beat=82 addr=198a5ef0 data=80ae2a4e959bffad id=08
[885000] AXI S0_WVALID_RDY HANDSHAKE
[885000] S0 MEMORY WRITE beat=82 addr=060ed110 data=924817b2e9a6de01 id=10
[895000] AXI S0_WVALID_RDY HANDSHAKE
[895000] S0 MEMORY WRITE beat=83 addr=060ed114 data=e5a5643323fa0be8 id=10
[895000] S1 MEMORY WRITE beat=83 addr=198a5ef8 data=38001d70c440dfc8 id=08
[895000] MASTER 1 W_VALID_RDY Handshake beat=84 wlast=0
[895000] MASTER 0 W_VALID_RDY Handshake beat=84 wlast=0
[905000] MASTER 0 W_VALID_RDY Handshake beat=85 wlast=0
[905000] MASTER 1 W_VALID_RDY Handshake beat=85 wlast=0
[905000] S1 MEMORY WRITE beat=84 addr=198a5f00 data=94eb68abc7429eb8 id=08
[905000] AXI S0_WVALID_RDY HANDSHAKE
[905000] S0 MEMORY WRITE beat=84 addr=060ed118 data=d4e2a9238704960c id=10
[915000] AXI S0_WVALID_RDY HANDSHAKE
[915000] S0 MEMORY WRITE beat=85 addr=060ed11c data=f0ab740dc8fad76e id=10
[915000] S1 MEMORY WRITE beat=85 addr=198a5f08 data=dcde9e66f14a3778 id=08
[915000] MASTER 1 W_VALID_RDY Handshake beat=86 wlast=0
[915000] MASTER 0 W_VALID_RDY Handshake beat=86 wlast=0
[925000] MASTER 0 W_VALID_RDY Handshake beat=87 wlast=0
[925000] MASTER 1 W_VALID_RDY Handshake beat=87 wlast=0
[925000] S1 MEMORY WRITE beat=86 addr=198a5f10 data=358b1741159992fa id=08
[925000] AXI S0_WVALID_RDY HANDSHAKE
[925000] S0 MEMORY WRITE beat=86 addr=060ed120 data=ecf4e356e72ac0d6 id=10
[935000] AXI S0_WVALID_RDY HANDSHAKE
[935000] S0 MEMORY WRITE beat=87 addr=060ed124 data=ee2f56e2d650d841 id=10
[935000] S1 MEMORY WRITE beat=87 addr=198a5f18 data=dcdc31b214debbd6 id=08
[935000] MASTER 1 W_VALID_RDY Handshake beat=88 wlast=0
[935000] MASTER 0 W_VALID_RDY Handshake beat=88 wlast=0
[945000] MASTER 0 W_VALID_RDY Handshake beat=89 wlast=0
[945000] MASTER 1 W_VALID_RDY Handshake beat=89 wlast=0
[945000] S1 MEMORY WRITE beat=88 addr=198a5f20 data=8628f34eca767fec id=08
[945000] AXI S0_WVALID_RDY HANDSHAKE
[945000] S0 MEMORY WRITE beat=88 addr=060ed128 data=9f4bafafc1d78c7a id=10
[955000] AXI S0_WVALID_RDY HANDSHAKE
[955000] S0 MEMORY WRITE beat=89 addr=060ed12c data=29024d50dedacaf0 id=10
[955000] S1 MEMORY WRITE beat=89 addr=198a5f28 data=e01012e6b9bad018 id=08
[955000] MASTER 1 W_VALID_RDY Handshake beat=90 wlast=1
[955000] MASTER 0 W_VALID_RDY Handshake beat=90 wlast=0
[955000] MASTER_DRIVER1 received transaction, op=AXI_WRITE
[965000] MASTER 0 W_VALID_RDY Handshake beat=91 wlast=0
[965000] S1 MEMORY WRITE beat=90 addr=198a5f30 data=ce998beebbb40a8f id=08
[965000] AXI S0_WVALID_RDY HANDSHAKE
[965000] S0 MEMORY WRITE beat=90 addr=060ed130 data=352ba3310c409306 id=10
[975000] SLAVE0 sent B resp, id=0
[975000] S1 MEMORY WRITE beat=91 addr=198a5f38 data=062a8a7c3cec4499 id=08
[975000] [SLAVE MONITOR] mst_id=1 s_id=0 awaddr=60ecfc8 awid=0 awlen=90 awsize=2 awburst=1 wdata=[3b394b22090199be b6137cadbe4d1258 89b81fb2bae8fe9d c3ea985b37146e18 f5618070c4f16ad4 ffda6972f9fe1509 31128321ff19a023 c40b0af7c3c501cd bdc316d6a6740391 a58da3b4c3e57469 7aa7637eed599f7 15499d89e998aeac ad7e2315c56d8d0d 34432705bad7413d a46fefe9b528994c fa96265ac98cc48e 846405cbd1ee12ff 8716ac4b2ed94d5f f86611ed28d3f5b5 fac208b481acd2a5 b0862004fcca17b8 a59e0d6d81d8b4ff 38587a5a8ec31f1 25b649aaa0601621 2238cb21b40ba7a9 dcf7d99bcb545717 ebb46d3925be52c6 d9c9fa6f02ae2345 ce027a5c0ded385a 33ab8b20b6c1d40a b96ff74fb9b6e795 c7a41fef8d75858f c437599a077271ac c1295941fb4fab0f 8c5309ffda750e9 8519c29508cd7931 841d2440ccfc8a39 caa3db22c6431bd7 cf1095088ce254df d9dedf18cfbd9db8 1600b98fd32db948 e0100e282482ba3b f44057f3e5114e97 b83f07dfb9eeed40 de71a77b0a411182 ef526019984f1607 d23e0348d2b1ff6e dcf310f0a79167f8 3fe07e00b0afaac3 361aa32cc457109 f3d6d902121e8148 c2ce2c0be054bb22 2c9a2c2c33b75702 c5d5d84ac62fd63d 268491602071052e d4285c3088a40455 ced3da93d31ebd8c f38fc2ba19fe347a a2a238cff5586bf3 c877297fc7b81eea e1b65364f1761362 e6ce7f553c06ec39 3bf0b2384588c33 f5ce9f96af45a8d4 eb4c950de5755e87 e9cdeabadc9d1eeb be2c7c0ef0ba030 d480feb7df9c8a50 3c39a93cf72f5ccd e63afcfe3e4ee972 9deb73c2c81c70fc bf4bcdc9babbfbb5 f90ae527da251cfe a2418dfaa586cac7 e042c67d16f658ea f11b75e8e18d5bc4 8714268bd94daba4 f044048e135d03e3 f4ea5fa7e756ed08 c0a498ade15f7a77 f4bc7e5afbfe8632 e355733bb0e89d3b 924817b2e9a6de01 e5a5643323fa0be8 d4e2a9238704960c f0ab740dc8fad76e ecf4e356e72ac0d6 ee2f56e2d650d841 9f4bafafc1d78c7a 29024d50dedacaf0 352ba3310c409306 ] wstrb=[32 80 e0 22 d0 e6 53 2 66 34 25 36 1a 78 39 81 ac 5e b7 c7 d6 f0 48 83 4e ff 4a 25 f0 92 a8 3e 91 f2 63 81 84 b c0 15 fd 23 97 81 2f 57 97 2c 7a 2e ae a9 85 45 d6 ff 73 84 a9 f8 c9 7f f7 3c 3 a0 34 cc 1f 2b 8 22 cc 3c ee eb 67 f6 e 33 32 fc 1f 9a f3 2d cd 25 29 ec bf ] bresp=0 bid=10000
[975000] MASTER 1 AW_VALID_RDY Handshake
[975000] MASTER 0 W_VALID_RDY Handshake beat=92 wlast=0
[985000] MASTER 0 W_VALID_RDY Handshake beat=93 wlast=0
[985000] S1 MEMORY WRITE beat=92 addr=198a5f40 data=f6a714b1d4c27f3d id=08
[995000] S1 MEMORY WRITE beat=93 addr=198a5f48 data=907689cce63a9d62 id=08
[995000] MASTER 1 W_VALID_RDY Handshake beat=0 wlast=0
[995000] MASTER 1 B_VALID_RDY Handshake
[995000] [MASTER MONITOR] mst_id=1 s_id=0 awaddr=60ecfc8 awid=0 awlen=90 awsize=2 awburst=1 wdata=[3b394b22090199be b6137cadbe4d1258 89b81fb2bae8fe9d c3ea985b37146e18 f5618070c4f16ad4 ffda6972f9fe1509 31128321ff19a023 c40b0af7c3c501cd bdc316d6a6740391 a58da3b4c3e57469 7aa7637eed599f7 15499d89e998aeac ad7e2315c56d8d0d 34432705bad7413d a46fefe9b528994c fa96265ac98cc48e 846405cbd1ee12ff 8716ac4b2ed94d5f f86611ed28d3f5b5 fac208b481acd2a5 b0862004fcca17b8 a59e0d6d81d8b4ff 38587a5a8ec31f1 25b649aaa0601621 2238cb21b40ba7a9 dcf7d99bcb545717 ebb46d3925be52c6 d9c9fa6f02ae2345 ce027a5c0ded385a 33ab8b20b6c1d40a b96ff74fb9b6e795 c7a41fef8d75858f c437599a077271ac c1295941fb4fab0f 8c5309ffda750e9 8519c29508cd7931 841d2440ccfc8a39 caa3db22c6431bd7 cf1095088ce254df d9dedf18cfbd9db8 1600b98fd32db948 e0100e282482ba3b f44057f3e5114e97 b83f07dfb9eeed40 de71a77b0a411182 ef526019984f1607 d23e0348d2b1ff6e dcf310f0a79167f8 3fe07e00b0afaac3 361aa32cc457109 f3d6d902121e8148 c2ce2c0be054bb22 2c9a2c2c33b75702 c5d5d84ac62fd63d 268491602071052e d4285c3088a40455 ced3da93d31ebd8c f38fc2ba19fe347a a2a238cff5586bf3 c877297fc7b81eea e1b65364f1761362 e6ce7f553c06ec39 3bf0b2384588c33 f5ce9f96af45a8d4 eb4c950de5755e87 e9cdeabadc9d1eeb be2c7c0ef0ba030 d480feb7df9c8a50 3c39a93cf72f5ccd e63afcfe3e4ee972 9deb73c2c81c70fc bf4bcdc9babbfbb5 f90ae527da251cfe a2418dfaa586cac7 e042c67d16f658ea f11b75e8e18d5bc4 8714268bd94daba4 f044048e135d03e3 f4ea5fa7e756ed08 c0a498ade15f7a77 f4bc7e5afbfe8632 e355733bb0e89d3b 924817b2e9a6de01 e5a5643323fa0be8 d4e2a9238704960c f0ab740dc8fad76e ecf4e356e72ac0d6 ee2f56e2d650d841 9f4bafafc1d78c7a 29024d50dedacaf0 352ba3310c409306 ] wstrb=[32 80 e0 22 d0 e6 53 2 66 34 25 36 1a 78 39 81 ac 5e b7 c7 d6 f0 48 83 4e ff 4a 25 f0 92 a8 3e 91 f2 63 81 84 b c0 15 fd 23 97 81 2f 57 97 2c 7a 2e ae a9 85 45 d6 ff 73 84 a9 f8 c9 7f f7 3c 3 a0 34 cc 1f 2b 8 22 cc 3c ee eb 67 f6 e 33 32 fc 1f 9a f3 2d cd 25 29 ec bf ] bresp=0 bid=0
[995000] MASTER 0 W_VALID_RDY Handshake beat=94 wlast=0
[995000] MASTER 1 RECEIVED BRESP. BRESP=0
[995000] [MASTER DRIVER] mst_id=1 s_id=0 awaddr=60ecfc8 awid=0 awlen=90 awsize=2 awburst=1 wdata=[3b394b22090199be b6137cadbe4d1258 89b81fb2bae8fe9d c3ea985b37146e18 f5618070c4f16ad4 ffda6972f9fe1509 31128321ff19a023 c40b0af7c3c501cd bdc316d6a6740391 a58da3b4c3e57469 7aa7637eed599f7 15499d89e998aeac ad7e2315c56d8d0d 34432705bad7413d a46fefe9b528994c fa96265ac98cc48e 846405cbd1ee12ff 8716ac4b2ed94d5f f86611ed28d3f5b5 fac208b481acd2a5 b0862004fcca17b8 a59e0d6d81d8b4ff 38587a5a8ec31f1 25b649aaa0601621 2238cb21b40ba7a9 dcf7d99bcb545717 ebb46d3925be52c6 d9c9fa6f02ae2345 ce027a5c0ded385a 33ab8b20b6c1d40a b96ff74fb9b6e795 c7a41fef8d75858f c437599a077271ac c1295941fb4fab0f 8c5309ffda750e9 8519c29508cd7931 841d2440ccfc8a39 caa3db22c6431bd7 cf1095088ce254df d9dedf18cfbd9db8 1600b98fd32db948 e0100e282482ba3b f44057f3e5114e97 b83f07dfb9eeed40 de71a77b0a411182 ef526019984f1607 d23e0348d2b1ff6e dcf310f0a79167f8 3fe07e00b0afaac3 361aa32cc457109 f3d6d902121e8148 c2ce2c0be054bb22 2c9a2c2c33b75702 c5d5d84ac62fd63d 268491602071052e d4285c3088a40455 ced3da93d31ebd8c f38fc2ba19fe347a a2a238cff5586bf3 c877297fc7b81eea e1b65364f1761362 e6ce7f553c06ec39 3bf0b2384588c33 f5ce9f96af45a8d4 eb4c950de5755e87 e9cdeabadc9d1eeb be2c7c0ef0ba030 d480feb7df9c8a50 3c39a93cf72f5ccd e63afcfe3e4ee972 9deb73c2c81c70fc bf4bcdc9babbfbb5 f90ae527da251cfe a2418dfaa586cac7 e042c67d16f658ea f11b75e8e18d5bc4 8714268bd94daba4 f044048e135d03e3 f4ea5fa7e756ed08 c0a498ade15f7a77 f4bc7e5afbfe8632 e355733bb0e89d3b 924817b2e9a6de01 e5a5643323fa0be8 d4e2a9238704960c f0ab740dc8fad76e ecf4e356e72ac0d6 ee2f56e2d650d841 9f4bafafc1d78c7a 29024d50dedacaf0 352ba3310c409306 ] wstrb=[32 80 e0 22 d0 e6 53 2 66 34 25 36 1a 78 39 81 ac 5e b7 c7 d6 f0 48 83 4e ff 4a 25 f0 92 a8 3e 91 f2 63 81 84 b c0 15 fd 23 97 81 2f 57 97 2c 7a 2e ae a9 85 45 d6 ff 73 84 a9 f8 c9 7f f7 3c 3 a0 34 cc 1f 2b 8 22 cc 3c ee eb 67 f6 e 33 32 fc 1f 9a f3 2d cd 25 29 ec bf ] bresp=0 bid=0
[995000] SCOREBOARD MATCH: decode_err expected = 0, actual =0
[995000] SCOREBOARD MATCH: slave_id expected = 0, actual =0
[995000] SCOREBOARD MATCH: awaddr passthrough expected = 60ecfc8, actual =60ecfc8
[995000] SCOREBOARD MATCH: awlen passthrough expected = 90, actual =90
[995000] SCOREBOARD MATCH: awsize passthrough expected = 2, actual =2
[995000] SCOREBOARD MATCH: awburst passthrough expected = 1, actual =1
[995000] SCOREBOARD MATCH: wdata size check expected = 5b, actual =5b
[995000] SCOREBOARD MATCH: wdata passthrough beat=0 expected = 3b394b22090199be, actual =3b394b22090199be
[995000] SCOREBOARD MATCH: wdata passthrough beat=1 expected = b6137cadbe4d1258, actual =b6137cadbe4d1258
[995000] SCOREBOARD MATCH: wdata passthrough beat=2 expected = 89b81fb2bae8fe9d, actual =89b81fb2bae8fe9d
[995000] SCOREBOARD MATCH: wdata passthrough beat=3 expected = c3ea985b37146e18, actual =c3ea985b37146e18
[995000] SCOREBOARD MATCH: wdata passthrough beat=4 expected = f5618070c4f16ad4, actual =f5618070c4f16ad4
[995000] SCOREBOARD MATCH: wdata passthrough beat=5 expected = ffda6972f9fe1509, actual =ffda6972f9fe1509
[995000] SCOREBOARD MATCH: wdata passthrough beat=6 expected = 31128321ff19a023, actual =31128321ff19a023
[995000] SCOREBOARD MATCH: wdata passthrough beat=7 expected = c40b0af7c3c501cd, actual =c40b0af7c3c501cd
[995000] SCOREBOARD MATCH: wdata passthrough beat=8 expected = bdc316d6a6740391, actual =bdc316d6a6740391
[995000] SCOREBOARD MATCH: wdata passthrough beat=9 expected = a58da3b4c3e57469, actual =a58da3b4c3e57469
[995000] SCOREBOARD MATCH: wdata passthrough beat=10 expected = 7aa7637eed599f7, actual =7aa7637eed599f7
[995000] SCOREBOARD MATCH: wdata passthrough beat=11 expected = 15499d89e998aeac, actual =15499d89e998aeac
[995000] SCOREBOARD MATCH: wdata passthrough beat=12 expected = ad7e2315c56d8d0d, actual =ad7e2315c56d8d0d
[995000] SCOREBOARD MATCH: wdata passthrough beat=13 expected = 34432705bad7413d, actual =34432705bad7413d
[995000] SCOREBOARD MATCH: wdata passthrough beat=14 expected = a46fefe9b528994c, actual =a46fefe9b528994c
[995000] SCOREBOARD MATCH: wdata passthrough beat=15 expected = fa96265ac98cc48e, actual =fa96265ac98cc48e
[995000] SCOREBOARD MATCH: wdata passthrough beat=16 expected = 846405cbd1ee12ff, actual =846405cbd1ee12ff
[995000] SCOREBOARD MATCH: wdata passthrough beat=17 expected = 8716ac4b2ed94d5f, actual =8716ac4b2ed94d5f
[995000] SCOREBOARD MATCH: wdata passthrough beat=18 expected = f86611ed28d3f5b5, actual =f86611ed28d3f5b5
[995000] SCOREBOARD MATCH: wdata passthrough beat=19 expected = fac208b481acd2a5, actual =fac208b481acd2a5
[995000] SCOREBOARD MATCH: wdata passthrough beat=20 expected = b0862004fcca17b8, actual =b0862004fcca17b8
[995000] SCOREBOARD MATCH: wdata passthrough beat=21 expected = a59e0d6d81d8b4ff, actual =a59e0d6d81d8b4ff
[995000] SCOREBOARD MATCH: wdata passthrough beat=22 expected = 38587a5a8ec31f1, actual =38587a5a8ec31f1
[995000] SCOREBOARD MATCH: wdata passthrough beat=23 expected = 25b649aaa0601621, actual =25b649aaa0601621
[995000] SCOREBOARD MATCH: wdata passthrough beat=24 expected = 2238cb21b40ba7a9, actual =2238cb21b40ba7a9
[995000] SCOREBOARD MATCH: wdata passthrough beat=25 expected = dcf7d99bcb545717, actual =dcf7d99bcb545717
[995000] SCOREBOARD MATCH: wdata passthrough beat=26 expected = ebb46d3925be52c6, actual =ebb46d3925be52c6
[995000] SCOREBOARD MATCH: wdata passthrough beat=27 expected = d9c9fa6f02ae2345, actual =d9c9fa6f02ae2345
[995000] SCOREBOARD MATCH: wdata passthrough beat=28 expected = ce027a5c0ded385a, actual =ce027a5c0ded385a
[995000] SCOREBOARD MATCH: wdata passthrough beat=29 expected = 33ab8b20b6c1d40a, actual =33ab8b20b6c1d40a
[995000] SCOREBOARD MATCH: wdata passthrough beat=30 expected = b96ff74fb9b6e795, actual =b96ff74fb9b6e795
[995000] SCOREBOARD MATCH: wdata passthrough beat=31 expected = c7a41fef8d75858f, actual =c7a41fef8d75858f
[995000] SCOREBOARD MATCH: wdata passthrough beat=32 expected = c437599a077271ac, actual =c437599a077271ac
[995000] SCOREBOARD MATCH: wdata passthrough beat=33 expected = c1295941fb4fab0f, actual =c1295941fb4fab0f
[995000] SCOREBOARD MATCH: wdata passthrough beat=34 expected = 8c5309ffda750e9, actual =8c5309ffda750e9
[995000] SCOREBOARD MATCH: wdata passthrough beat=35 expected = 8519c29508cd7931, actual =8519c29508cd7931
[995000] SCOREBOARD MATCH: wdata passthrough beat=36 expected = 841d2440ccfc8a39, actual =841d2440ccfc8a39
[995000] SCOREBOARD MATCH: wdata passthrough beat=37 expected = caa3db22c6431bd7, actual =caa3db22c6431bd7
[995000] SCOREBOARD MATCH: wdata passthrough beat=38 expected = cf1095088ce254df, actual =cf1095088ce254df
[995000] SCOREBOARD MATCH: wdata passthrough beat=39 expected = d9dedf18cfbd9db8, actual =d9dedf18cfbd9db8
[995000] SCOREBOARD MATCH: wdata passthrough beat=40 expected = 1600b98fd32db948, actual =1600b98fd32db948
[995000] SCOREBOARD MATCH: wdata passthrough beat=41 expected = e0100e282482ba3b, actual =e0100e282482ba3b
[995000] SCOREBOARD MATCH: wdata passthrough beat=42 expected = f44057f3e5114e97, actual =f44057f3e5114e97
[995000] SCOREBOARD MATCH: wdata passthrough beat=43 expected = b83f07dfb9eeed40, actual =b83f07dfb9eeed40
[995000] SCOREBOARD MATCH: wdata passthrough beat=44 expected = de71a77b0a411182, actual =de71a77b0a411182
[995000] SCOREBOARD MATCH: wdata passthrough beat=45 expected = ef526019984f1607, actual =ef526019984f1607
[995000] SCOREBOARD MATCH: wdata passthrough beat=46 expected = d23e0348d2b1ff6e, actual =d23e0348d2b1ff6e
[995000] SCOREBOARD MATCH: wdata passthrough beat=47 expected = dcf310f0a79167f8, actual =dcf310f0a79167f8
[995000] SCOREBOARD MATCH: wdata passthrough beat=48 expected = 3fe07e00b0afaac3, actual =3fe07e00b0afaac3
[995000] SCOREBOARD MATCH: wdata passthrough beat=49 expected = 361aa32cc457109, actual =361aa32cc457109
[995000] SCOREBOARD MATCH: wdata passthrough beat=50 expected = f3d6d902121e8148, actual =f3d6d902121e8148
[995000] SCOREBOARD MATCH: wdata passthrough beat=51 expected = c2ce2c0be054bb22, actual =c2ce2c0be054bb22
[995000] SCOREBOARD MATCH: wdata passthrough beat=52 expected = 2c9a2c2c33b75702, actual =2c9a2c2c33b75702
[995000] SCOREBOARD MATCH: wdata passthrough beat=53 expected = c5d5d84ac62fd63d, actual =c5d5d84ac62fd63d
[995000] SCOREBOARD MATCH: wdata passthrough beat=54 expected = 268491602071052e, actual =268491602071052e
[995000] SCOREBOARD MATCH: wdata passthrough beat=55 expected = d4285c3088a40455, actual =d4285c3088a40455
[995000] SCOREBOARD MATCH: wdata passthrough beat=56 expected = ced3da93d31ebd8c, actual =ced3da93d31ebd8c
[995000] SCOREBOARD MATCH: wdata passthrough beat=57 expected = f38fc2ba19fe347a, actual =f38fc2ba19fe347a
[995000] SCOREBOARD MATCH: wdata passthrough beat=58 expected = a2a238cff5586bf3, actual =a2a238cff5586bf3
[995000] SCOREBOARD MATCH: wdata passthrough beat=59 expected = c877297fc7b81eea, actual =c877297fc7b81eea
[995000] SCOREBOARD MATCH: wdata passthrough beat=60 expected = e1b65364f1761362, actual =e1b65364f1761362
[995000] SCOREBOARD MATCH: wdata passthrough beat=61 expected = e6ce7f553c06ec39, actual =e6ce7f553c06ec39
[995000] SCOREBOARD MATCH: wdata passthrough beat=62 expected = 3bf0b2384588c33, actual =3bf0b2384588c33
[995000] SCOREBOARD MATCH: wdata passthrough beat=63 expected = f5ce9f96af45a8d4, actual =f5ce9f96af45a8d4
[995000] SCOREBOARD MATCH: wdata passthrough beat=64 expected = eb4c950de5755e87, actual =eb4c950de5755e87
[995000] SCOREBOARD MATCH: wdata passthrough beat=65 expected = e9cdeabadc9d1eeb, actual =e9cdeabadc9d1eeb
[995000] SCOREBOARD MATCH: wdata passthrough beat=66 expected = be2c7c0ef0ba030, actual =be2c7c0ef0ba030
[995000] SCOREBOARD MATCH: wdata passthrough beat=67 expected = d480feb7df9c8a50, actual =d480feb7df9c8a50
[995000] SCOREBOARD MATCH: wdata passthrough beat=68 expected = 3c39a93cf72f5ccd, actual =3c39a93cf72f5ccd
[995000] SCOREBOARD MATCH: wdata passthrough beat=69 expected = e63afcfe3e4ee972, actual =e63afcfe3e4ee972
[995000] SCOREBOARD MATCH: wdata passthrough beat=70 expected = 9deb73c2c81c70fc, actual =9deb73c2c81c70fc
[995000] SCOREBOARD MATCH: wdata passthrough beat=71 expected = bf4bcdc9babbfbb5, actual =bf4bcdc9babbfbb5
[995000] SCOREBOARD MATCH: wdata passthrough beat=72 expected = f90ae527da251cfe, actual =f90ae527da251cfe
[995000] SCOREBOARD MATCH: wdata passthrough beat=73 expected = a2418dfaa586cac7, actual =a2418dfaa586cac7
[995000] SCOREBOARD MATCH: wdata passthrough beat=74 expected = e042c67d16f658ea, actual =e042c67d16f658ea
[995000] SCOREBOARD MATCH: wdata passthrough beat=75 expected = f11b75e8e18d5bc4, actual =f11b75e8e18d5bc4
[995000] SCOREBOARD MATCH: wdata passthrough beat=76 expected = 8714268bd94daba4, actual =8714268bd94daba4
[995000] SCOREBOARD MATCH: wdata passthrough beat=77 expected = f044048e135d03e3, actual =f044048e135d03e3
[995000] SCOREBOARD MATCH: wdata passthrough beat=78 expected = f4ea5fa7e756ed08, actual =f4ea5fa7e756ed08
[995000] SCOREBOARD MATCH: wdata passthrough beat=79 expected = c0a498ade15f7a77, actual =c0a498ade15f7a77
[995000] SCOREBOARD MATCH: wdata passthrough beat=80 expected = f4bc7e5afbfe8632, actual =f4bc7e5afbfe8632
[995000] SCOREBOARD MATCH: wdata passthrough beat=81 expected = e355733bb0e89d3b, actual =e355733bb0e89d3b
[995000] SCOREBOARD MATCH: wdata passthrough beat=82 expected = 924817b2e9a6de01, actual =924817b2e9a6de01
[995000] SCOREBOARD MATCH: wdata passthrough beat=83 expected = e5a5643323fa0be8, actual =e5a5643323fa0be8
[995000] SCOREBOARD MATCH: wdata passthrough beat=84 expected = d4e2a9238704960c, actual =d4e2a9238704960c
[995000] SCOREBOARD MATCH: wdata passthrough beat=85 expected = f0ab740dc8fad76e, actual =f0ab740dc8fad76e
[995000] SCOREBOARD MATCH: wdata passthrough beat=86 expected = ecf4e356e72ac0d6, actual =ecf4e356e72ac0d6
[995000] SCOREBOARD MATCH: wdata passthrough beat=87 expected = ee2f56e2d650d841, actual =ee2f56e2d650d841
[995000] SCOREBOARD MATCH: wdata passthrough beat=88 expected = 9f4bafafc1d78c7a, actual =9f4bafafc1d78c7a
[995000] SCOREBOARD MATCH: wdata passthrough beat=89 expected = 29024d50dedacaf0, actual =29024d50dedacaf0
[995000] SCOREBOARD MATCH: wdata passthrough beat=90 expected = 352ba3310c409306, actual =352ba3310c409306
[995000] SCOREBOARD MATCH: wstrb size check expected = 5b, actual =5b
[995000] SCOREBOARD MATCH: wstrb passthrough beat=0 expected = 32, actual =32
[995000] SCOREBOARD MATCH: wstrb passthrough beat=1 expected = 80, actual =80
[995000] SCOREBOARD MATCH: wstrb passthrough beat=2 expected = e0, actual =e0
[995000] SCOREBOARD MATCH: wstrb passthrough beat=3 expected = 22, actual =22
[995000] SCOREBOARD MATCH: wstrb passthrough beat=4 expected = d0, actual =d0
[995000] SCOREBOARD MATCH: wstrb passthrough beat=5 expected = e6, actual =e6
[995000] SCOREBOARD MATCH: wstrb passthrough beat=6 expected = 53, actual =53
[995000] SCOREBOARD MATCH: wstrb passthrough beat=7 expected = 2, actual =2
[995000] SCOREBOARD MATCH: wstrb passthrough beat=8 expected = 66, actual =66
[995000] SCOREBOARD MATCH: wstrb passthrough beat=9 expected = 34, actual =34
[995000] SCOREBOARD MATCH: wstrb passthrough beat=10 expected = 25, actual =25
[995000] SCOREBOARD MATCH: wstrb passthrough beat=11 expected = 36, actual =36
[995000] SCOREBOARD MATCH: wstrb passthrough beat=12 expected = 1a, actual =1a
[995000] SCOREBOARD MATCH: wstrb passthrough beat=13 expected = 78, actual =78
[995000] SCOREBOARD MATCH: wstrb passthrough beat=14 expected = 39, actual =39
[995000] SCOREBOARD MATCH: wstrb passthrough beat=15 expected = 81, actual =81
[995000] SCOREBOARD MATCH: wstrb passthrough beat=16 expected = ac, actual =ac
[995000] SCOREBOARD MATCH: wstrb passthrough beat=17 expected = 5e, actual =5e
[995000] SCOREBOARD MATCH: wstrb passthrough beat=18 expected = b7, actual =b7
[995000] SCOREBOARD MATCH: wstrb passthrough beat=19 expected = c7, actual =c7
[995000] SCOREBOARD MATCH: wstrb passthrough beat=20 expected = d6, actual =d6
[995000] SCOREBOARD MATCH: wstrb passthrough beat=21 expected = f0, actual =f0
[995000] SCOREBOARD MATCH: wstrb passthrough beat=22 expected = 48, actual =48
[995000] SCOREBOARD MATCH: wstrb passthrough beat=23 expected = 83, actual =83
[995000] SCOREBOARD MATCH: wstrb passthrough beat=24 expected = 4e, actual =4e
[995000] SCOREBOARD MATCH: wstrb passthrough beat=25 expected = ff, actual =ff
[995000] SCOREBOARD MATCH: wstrb passthrough beat=26 expected = 4a, actual =4a
[995000] SCOREBOARD MATCH: wstrb passthrough beat=27 expected = 25, actual =25
[995000] SCOREBOARD MATCH: wstrb passthrough beat=28 expected = f0, actual =f0
[995000] SCOREBOARD MATCH: wstrb passthrough beat=29 expected = 92, actual =92
[995000] SCOREBOARD MATCH: wstrb passthrough beat=30 expected = a8, actual =a8
[995000] SCOREBOARD MATCH: wstrb passthrough beat=31 expected = 3e, actual =3e
[995000] SCOREBOARD MATCH: wstrb passthrough beat=32 expected = 91, actual =91
[995000] SCOREBOARD MATCH: wstrb passthrough beat=33 expected = f2, actual =f2
[995000] SCOREBOARD MATCH: wstrb passthrough beat=34 expected = 63, actual =63
[995000] SCOREBOARD MATCH: wstrb passthrough beat=35 expected = 81, actual =81
[995000] SCOREBOARD MATCH: wstrb passthrough beat=36 expected = 84, actual =84
[995000] SCOREBOARD MATCH: wstrb passthrough beat=37 expected = b, actual =b
[995000] SCOREBOARD MATCH: wstrb passthrough beat=38 expected = c0, actual =c0
[995000] SCOREBOARD MATCH: wstrb passthrough beat=39 expected = 15, actual =15
[995000] SCOREBOARD MATCH: wstrb passthrough beat=40 expected = fd, actual =fd
[995000] SCOREBOARD MATCH: wstrb passthrough beat=41 expected = 23, actual =23
[995000] SCOREBOARD MATCH: wstrb passthrough beat=42 expected = 97, actual =97
[995000] SCOREBOARD MATCH: wstrb passthrough beat=43 expected = 81, actual =81
[995000] SCOREBOARD MATCH: wstrb passthrough beat=44 expected = 2f, actual =2f
[995000] SCOREBOARD MATCH: wstrb passthrough beat=45 expected = 57, actual =57
[995000] SCOREBOARD MATCH: wstrb passthrough beat=46 expected = 97, actual =97
[995000] SCOREBOARD MATCH: wstrb passthrough beat=47 expected = 2c, actual =2c
[995000] SCOREBOARD MATCH: wstrb passthrough beat=48 expected = 7a, actual =7a
[995000] SCOREBOARD MATCH: wstrb passthrough beat=49 expected = 2e, actual =2e
[995000] SCOREBOARD MATCH: wstrb passthrough beat=50 expected = ae, actual =ae
[995000] SCOREBOARD MATCH: wstrb passthrough beat=51 expected = a9, actual =a9
[995000] SCOREBOARD MATCH: wstrb passthrough beat=52 expected = 85, actual =85
[995000] SCOREBOARD MATCH: wstrb passthrough beat=53 expected = 45, actual =45
[995000] SCOREBOARD MATCH: wstrb passthrough beat=54 expected = d6, actual =d6
[995000] SCOREBOARD MATCH: wstrb passthrough beat=55 expected = ff, actual =ff
[995000] SCOREBOARD MATCH: wstrb passthrough beat=56 expected = 73, actual =73
[995000] SCOREBOARD MATCH: wstrb passthrough beat=57 expected = 84, actual =84
[995000] SCOREBOARD MATCH: wstrb passthrough beat=58 expected = a9, actual =a9
[995000] SCOREBOARD MATCH: wstrb passthrough beat=59 expected = f8, actual =f8
[995000] SCOREBOARD MATCH: wstrb passthrough beat=60 expected = c9, actual =c9
[995000] SCOREBOARD MATCH: wstrb passthrough beat=61 expected = 7f, actual =7f
[995000] SCOREBOARD MATCH: wstrb passthrough beat=62 expected = f7, actual =f7
[995000] SCOREBOARD MATCH: wstrb passthrough beat=63 expected = 3c, actual =3c
[995000] SCOREBOARD MATCH: wstrb passthrough beat=64 expected = 3, actual =3
[995000] SCOREBOARD MATCH: wstrb passthrough beat=65 expected = a0, actual =a0
[995000] SCOREBOARD MATCH: wstrb passthrough beat=66 expected = 34, actual =34
[995000] SCOREBOARD MATCH: wstrb passthrough beat=67 expected = cc, actual =cc
[995000] SCOREBOARD MATCH: wstrb passthrough beat=68 expected = 1f, actual =1f
[995000] SCOREBOARD MATCH: wstrb passthrough beat=69 expected = 2b, actual =2b
[995000] SCOREBOARD MATCH: wstrb passthrough beat=70 expected = 8, actual =8
[995000] SCOREBOARD MATCH: wstrb passthrough beat=71 expected = 22, actual =22
[995000] SCOREBOARD MATCH: wstrb passthrough beat=72 expected = cc, actual =cc
[995000] SCOREBOARD MATCH: wstrb passthrough beat=73 expected = 3c, actual =3c
[995000] SCOREBOARD MATCH: wstrb passthrough beat=74 expected = ee, actual =ee
[995000] SCOREBOARD MATCH: wstrb passthrough beat=75 expected = eb, actual =eb
[995000] SCOREBOARD MATCH: wstrb passthrough beat=76 expected = 67, actual =67
[995000] SCOREBOARD MATCH: wstrb passthrough beat=77 expected = f6, actual =f6
[995000] SCOREBOARD MATCH: wstrb passthrough beat=78 expected = e, actual =e
[995000] SCOREBOARD MATCH: wstrb passthrough beat=79 expected = 33, actual =33
[995000] SCOREBOARD MATCH: wstrb passthrough beat=80 expected = 32, actual =32
[995000] SCOREBOARD MATCH: wstrb passthrough beat=81 expected = fc, actual =fc
[995000] SCOREBOARD MATCH: wstrb passthrough beat=82 expected = 1f, actual =1f
[995000] SCOREBOARD MATCH: wstrb passthrough beat=83 expected = 9a, actual =9a
[995000] SCOREBOARD MATCH: wstrb passthrough beat=84 expected = f3, actual =f3
[995000] SCOREBOARD MATCH: wstrb passthrough beat=85 expected = 2d, actual =2d
[995000] SCOREBOARD MATCH: wstrb passthrough beat=86 expected = cd, actual =cd
[995000] SCOREBOARD MATCH: wstrb passthrough beat=87 expected = 25, actual =25
[995000] SCOREBOARD MATCH: wstrb passthrough beat=88 expected = 29, actual =29
[995000] SCOREBOARD MATCH: wstrb passthrough beat=89 expected = ec, actual =ec
[995000] SCOREBOARD MATCH: wstrb passthrough beat=90 expected = bf, actual =bf
[995000] SCOREBOARD MATCH: bresp passthrough expected = 0, actual =0
[995000] SCOREBOARD MATCH: response routed to correct master (write) expected = 1, actual =1
[995000] [SCOREBOARD-M] mst_id=1 s_id=0 awaddr=60ecfc8 awid=0 awlen=90 awsize=2 awburst=1 wdata=[3b394b22090199be b6137cadbe4d1258 89b81fb2bae8fe9d c3ea985b37146e18 f5618070c4f16ad4 ffda6972f9fe1509 31128321ff19a023 c40b0af7c3c501cd bdc316d6a6740391 a58da3b4c3e57469 7aa7637eed599f7 15499d89e998aeac ad7e2315c56d8d0d 34432705bad7413d a46fefe9b528994c fa96265ac98cc48e 846405cbd1ee12ff 8716ac4b2ed94d5f f86611ed28d3f5b5 fac208b481acd2a5 b0862004fcca17b8 a59e0d6d81d8b4ff 38587a5a8ec31f1 25b649aaa0601621 2238cb21b40ba7a9 dcf7d99bcb545717 ebb46d3925be52c6 d9c9fa6f02ae2345 ce027a5c0ded385a 33ab8b20b6c1d40a b96ff74fb9b6e795 c7a41fef8d75858f c437599a077271ac c1295941fb4fab0f 8c5309ffda750e9 8519c29508cd7931 841d2440ccfc8a39 caa3db22c6431bd7 cf1095088ce254df d9dedf18cfbd9db8 1600b98fd32db948 e0100e282482ba3b f44057f3e5114e97 b83f07dfb9eeed40 de71a77b0a411182 ef526019984f1607 d23e0348d2b1ff6e dcf310f0a79167f8 3fe07e00b0afaac3 361aa32cc457109 f3d6d902121e8148 c2ce2c0be054bb22 2c9a2c2c33b75702 c5d5d84ac62fd63d 268491602071052e d4285c3088a40455 ced3da93d31ebd8c f38fc2ba19fe347a a2a238cff5586bf3 c877297fc7b81eea e1b65364f1761362 e6ce7f553c06ec39 3bf0b2384588c33 f5ce9f96af45a8d4 eb4c950de5755e87 e9cdeabadc9d1eeb be2c7c0ef0ba030 d480feb7df9c8a50 3c39a93cf72f5ccd e63afcfe3e4ee972 9deb73c2c81c70fc bf4bcdc9babbfbb5 f90ae527da251cfe a2418dfaa586cac7 e042c67d16f658ea f11b75e8e18d5bc4 8714268bd94daba4 f044048e135d03e3 f4ea5fa7e756ed08 c0a498ade15f7a77 f4bc7e5afbfe8632 e355733bb0e89d3b 924817b2e9a6de01 e5a5643323fa0be8 d4e2a9238704960c f0ab740dc8fad76e ecf4e356e72ac0d6 ee2f56e2d650d841 9f4bafafc1d78c7a 29024d50dedacaf0 352ba3310c409306 ] wstrb=[32 80 e0 22 d0 e6 53 2 66 34 25 36 1a 78 39 81 ac 5e b7 c7 d6 f0 48 83 4e ff 4a 25 f0 92 a8 3e 91 f2 63 81 84 b c0 15 fd 23 97 81 2f 57 97 2c 7a 2e ae a9 85 45 d6 ff 73 84 a9 f8 c9 7f f7 3c 3 a0 34 cc 1f 2b 8 22 cc 3c ee eb 67 f6 e 33 32 fc 1f 9a f3 2d cd 25 29 ec bf ] bresp=0 bid=0
[995000] [SCOREBOARD-S] mst_id=1 s_id=0 awaddr=60ecfc8 awid=0 awlen=90 awsize=2 awburst=1 wdata=[3b394b22090199be b6137cadbe4d1258 89b81fb2bae8fe9d c3ea985b37146e18 f5618070c4f16ad4 ffda6972f9fe1509 31128321ff19a023 c40b0af7c3c501cd bdc316d6a6740391 a58da3b4c3e57469 7aa7637eed599f7 15499d89e998aeac ad7e2315c56d8d0d 34432705bad7413d a46fefe9b528994c fa96265ac98cc48e 846405cbd1ee12ff 8716ac4b2ed94d5f f86611ed28d3f5b5 fac208b481acd2a5 b0862004fcca17b8 a59e0d6d81d8b4ff 38587a5a8ec31f1 25b649aaa0601621 2238cb21b40ba7a9 dcf7d99bcb545717 ebb46d3925be52c6 d9c9fa6f02ae2345 ce027a5c0ded385a 33ab8b20b6c1d40a b96ff74fb9b6e795 c7a41fef8d75858f c437599a077271ac c1295941fb4fab0f 8c5309ffda750e9 8519c29508cd7931 841d2440ccfc8a39 caa3db22c6431bd7 cf1095088ce254df d9dedf18cfbd9db8 1600b98fd32db948 e0100e282482ba3b f44057f3e5114e97 b83f07dfb9eeed40 de71a77b0a411182 ef526019984f1607 d23e0348d2b1ff6e dcf310f0a79167f8 3fe07e00b0afaac3 361aa32cc457109 f3d6d902121e8148 c2ce2c0be054bb22 2c9a2c2c33b75702 c5d5d84ac62fd63d 268491602071052e d4285c3088a40455 ced3da93d31ebd8c f38fc2ba19fe347a a2a238cff5586bf3 c877297fc7b81eea e1b65364f1761362 e6ce7f553c06ec39 3bf0b2384588c33 f5ce9f96af45a8d4 eb4c950de5755e87 e9cdeabadc9d1eeb be2c7c0ef0ba030 d480feb7df9c8a50 3c39a93cf72f5ccd e63afcfe3e4ee972 9deb73c2c81c70fc bf4bcdc9babbfbb5 f90ae527da251cfe a2418dfaa586cac7 e042c67d16f658ea f11b75e8e18d5bc4 8714268bd94daba4 f044048e135d03e3 f4ea5fa7e756ed08 c0a498ade15f7a77 f4bc7e5afbfe8632 e355733bb0e89d3b 924817b2e9a6de01 e5a5643323fa0be8 d4e2a9238704960c f0ab740dc8fad76e ecf4e356e72ac0d6 ee2f56e2d650d841 9f4bafafc1d78c7a 29024d50dedacaf0 352ba3310c409306 ] wstrb=[32 80 e0 22 d0 e6 53 2 66 34 25 36 1a 78 39 81 ac 5e b7 c7 d6 f0 48 83 4e ff 4a 25 f0 92 a8 3e 91 f2 63 81 84 b c0 15 fd 23 97 81 2f 57 97 2c 7a 2e ae a9 85 45 d6 ff 73 84 a9 f8 c9 7f f7 3c 3 a0 34 cc 1f 2b 8 22 cc 3c ee eb 67 f6 e 33 32 fc 1f 9a f3 2d cd 25 29 ec bf ] bresp=0 bid=10000
[995000] SCOREBOARD: Transaction 1 received. pass=192 fail=0
[995000] ALL PASS. Total transactions: 1
[1005000] MASTER 0 W_VALID_RDY Handshake beat=95 wlast=0
[1005000] MASTER 1 W_VALID_RDY Handshake beat=1 wlast=0
[1005000] S1 MEMORY WRITE beat=94 addr=198a5f50 data=a326e1fbc540a0a0 id=08
[1015000] S1 MEMORY WRITE beat=95 addr=198a5f58 data=1a031fdd96a11448 id=08
[1015000] MASTER 1 W_VALID_RDY Handshake beat=2 wlast=0
[1015000] MASTER 0 W_VALID_RDY Handshake beat=96 wlast=0
[1025000] MASTER 0 W_VALID_RDY Handshake beat=97 wlast=0
[1025000] MASTER 1 W_VALID_RDY Handshake beat=3 wlast=0
[1025000] S1 MEMORY WRITE beat=96 addr=198a5f60 data=fcdbb1ab19cdf6ad id=08
[1035000] S1 MEMORY WRITE beat=97 addr=198a5f68 data=df0e974daa79a9a9 id=08
[1035000] MASTER 1 W_VALID_RDY Handshake beat=4 wlast=0
[1035000] MASTER 0 W_VALID_RDY Handshake beat=98 wlast=0
[1045000] MASTER 0 W_VALID_RDY Handshake beat=99 wlast=0
[1045000] MASTER 1 W_VALID_RDY Handshake beat=5 wlast=0
[1045000] S1 MEMORY WRITE beat=98 addr=198a5f70 data=c11abdf2a00293a6 id=08
[1055000] S1 MEMORY WRITE beat=99 addr=198a5f78 data=b9d08a53f911b72a id=08
[1055000] MASTER 1 W_VALID_RDY Handshake beat=6 wlast=0
[1055000] MASTER 0 W_VALID_RDY Handshake beat=100 wlast=0
[1065000] MASTER_DRIVER1 received transaction, op=AXI_WRITE
[1065000] MASTER 0 W_VALID_RDY Handshake beat=101 wlast=0
[1065000] MASTER 1 W_VALID_RDY Handshake beat=7 wlast=1
[1065000] S1 MEMORY WRITE beat=100 addr=198a5f80 data=a38b60d33df66f9d id=08
[1075000] S1 MEMORY WRITE beat=101 addr=198a5f88 data=ddf9034398df21a0 id=08
[1075000] MASTER 0 W_VALID_RDY Handshake beat=102 wlast=0
[1085000] MASTER 0 W_VALID_RDY Handshake beat=103 wlast=0
[1085000] MASTER 1 AW_VALID_RDY Handshake
[1085000] S1 MEMORY WRITE beat=102 addr=198a5f90 data=91f0d8cae4a61ec5 id=08
[1095000] S1 MEMORY WRITE beat=103 addr=198a5f98 data=a29c8e6217c98d97 id=08
[1095000] MASTER 0 W_VALID_RDY Handshake beat=104 wlast=0
[1105000] MASTER 0 W_VALID_RDY Handshake beat=105 wlast=0
[1105000] S1 MEMORY WRITE beat=104 addr=198a5fa0 data=b0a8af37357c399e id=08
[1115000] S1 MEMORY WRITE beat=105 addr=198a5fa8 data=9a225863009591a6 id=08
[1115000] MASTER 0 W_VALID_RDY Handshake beat=106 wlast=0
[1125000] MASTER 0 W_VALID_RDY Handshake beat=107 wlast=0
[1125000] S1 MEMORY WRITE beat=106 addr=198a5fb0 data=185f1f3dc2998802 id=08
[1135000] S1 MEMORY WRITE beat=107 addr=198a5fb8 data=f815c1a03cbee6c6 id=08
[1135000] MASTER 0 W_VALID_RDY Handshake beat=108 wlast=0
[1145000] MASTER 0 W_VALID_RDY Handshake beat=109 wlast=0
[1145000] S1 MEMORY WRITE beat=108 addr=198a5fc0 data=3d54786cc907ce74 id=08
[1155000] S1 MEMORY WRITE beat=109 addr=198a5fc8 data=8ba1567692381a03 id=08
[1155000] MASTER 0 W_VALID_RDY Handshake beat=110 wlast=0
[1165000] MASTER 0 W_VALID_RDY Handshake beat=111 wlast=0
[1165000] S1 MEMORY WRITE beat=110 addr=198a5fd0 data=cef700c9d5b397a9 id=08
[1175000] S1 MEMORY WRITE beat=111 addr=198a5fd8 data=9ebb661d83b71816 id=08
[1175000] MASTER 0 W_VALID_RDY Handshake beat=112 wlast=0
[1185000] MASTER 0 W_VALID_RDY Handshake beat=113 wlast=0
[1185000] S1 MEMORY WRITE beat=112 addr=198a5fe0 data=15ef321a8c4b7935 id=08
[1195000] S1 MEMORY WRITE beat=113 addr=198a5fe8 data=e1ff10de2a5cbc94 id=08
[1195000] MASTER 0 W_VALID_RDY Handshake beat=114 wlast=0
[1205000] MASTER 0 W_VALID_RDY Handshake beat=115 wlast=0
[1205000] S1 MEMORY WRITE beat=114 addr=198a5ff0 data=ae13d4aae4e632e3 id=08
[1215000] S1 MEMORY WRITE beat=115 addr=198a5ff8 data=f131ac1900ba76fc id=08
[1215000] MASTER 0 W_VALID_RDY Handshake beat=116 wlast=0
[1225000] MASTER 0 W_VALID_RDY Handshake beat=117 wlast=0
[1225000] S1 MEMORY WRITE beat=116 addr=198a6000 data=2b173390c40306c4 id=08
[1235000] S1 MEMORY WRITE beat=117 addr=198a6008 data=28e939a8d330bcf7 id=08
[1235000] MASTER 0 W_VALID_RDY Handshake beat=118 wlast=0
[1245000] MASTER 0 W_VALID_RDY Handshake beat=119 wlast=0
[1245000] S1 MEMORY WRITE beat=118 addr=198a6010 data=d3eb33f3d92b083a id=08
[1255000] S1 MEMORY WRITE beat=119 addr=198a6018 data=1d2e0eff1a1ae5c1 id=08
[1255000] MASTER 0 W_VALID_RDY Handshake beat=120 wlast=0
[1265000] MASTER 0 W_VALID_RDY Handshake beat=121 wlast=0
[1265000] S1 MEMORY WRITE beat=120 addr=198a6020 data=ed4ba2b8ff026783 id=08
[1275000] S1 MEMORY WRITE beat=121 addr=198a6028 data=d82d6fbec61748a7 id=08
[1275000] MASTER 0 W_VALID_RDY Handshake beat=122 wlast=0
[1285000] MASTER 0 W_VALID_RDY Handshake beat=123 wlast=0
[1285000] S1 MEMORY WRITE beat=122 addr=198a6030 data=e0322e68c136d6ac id=08
[1295000] S1 MEMORY WRITE beat=123 addr=198a6038 data=c0393e2ff55b7ebd id=08
[1295000] MASTER 0 W_VALID_RDY Handshake beat=124 wlast=0
[1305000] MASTER 0 W_VALID_RDY Handshake beat=125 wlast=0
[1305000] S1 MEMORY WRITE beat=124 addr=198a6040 data=3b72c764cd7dd120 id=08
[1315000] S1 MEMORY WRITE beat=125 addr=198a6048 data=8eb4a7cc9866aded id=08
[1315000] MASTER 0 W_VALID_RDY Handshake beat=126 wlast=0
[1325000] MASTER 0 W_VALID_RDY Handshake beat=127 wlast=0
[1325000] S1 MEMORY WRITE beat=126 addr=198a6050 data=8dc22caa1ba4f5cc id=08
[1335000] S1 MEMORY WRITE beat=127 addr=198a6058 data=e922c6ecceede5fc id=08
[1335000] MASTER 0 W_VALID_RDY Handshake beat=128 wlast=0
[1345000] MASTER 0 W_VALID_RDY Handshake beat=129 wlast=0
[1345000] S1 MEMORY WRITE beat=128 addr=198a6060 data=e75493e9c934f40e id=08
[1355000] S1 MEMORY WRITE beat=129 addr=198a6068 data=e4d9e9daf7d76eb9 id=08
[1355000] MASTER 0 W_VALID_RDY Handshake beat=130 wlast=0
[1365000] MASTER 0 W_VALID_RDY Handshake beat=131 wlast=0
[1365000] S1 MEMORY WRITE beat=130 addr=198a6070 data=c6c554b5f516c094 id=08
[1375000] S1 MEMORY WRITE beat=131 addr=198a6078 data=be4bb4a2cdfcb0c7 id=08
[1375000] MASTER 0 W_VALID_RDY Handshake beat=132 wlast=0
[1385000] MASTER 0 W_VALID_RDY Handshake beat=133 wlast=0
[1385000] S1 MEMORY WRITE beat=132 addr=198a6080 data=c5d41f80ae19e89e id=08
[1395000] S1 MEMORY WRITE beat=133 addr=198a6088 data=a330a93223259e7d id=08
[1395000] MASTER 0 W_VALID_RDY Handshake beat=134 wlast=0
[1405000] MASTER 0 W_VALID_RDY Handshake beat=135 wlast=0
[1405000] S1 MEMORY WRITE beat=134 addr=198a6090 data=f1224f440c997435 id=08
[1415000] S1 MEMORY WRITE beat=135 addr=198a6098 data=bab35cd3e17c5dd5 id=08
[1415000] MASTER 0 W_VALID_RDY Handshake beat=136 wlast=0
[1425000] MASTER 0 W_VALID_RDY Handshake beat=137 wlast=0
[1425000] S1 MEMORY WRITE beat=136 addr=198a60a0 data=04a1fc5236f66ec4 id=08
[1435000] S1 MEMORY WRITE beat=137 addr=198a60a8 data=c38fe2f9dde40606 id=08
[1435000] MASTER 0 W_VALID_RDY Handshake beat=138 wlast=0
[1445000] MASTER 0 W_VALID_RDY Handshake beat=139 wlast=0
[1445000] S1 MEMORY WRITE beat=138 addr=198a60b0 data=3f6063dbf5c44b96 id=08
[1455000] S1 MEMORY WRITE beat=139 addr=198a60b8 data=2cbaba5afe433fcc id=08
[1455000] MASTER 0 W_VALID_RDY Handshake beat=140 wlast=0
[1465000] MASTER 0 W_VALID_RDY Handshake beat=141 wlast=0
[1465000] S1 MEMORY WRITE beat=140 addr=198a60c0 data=dc2745d2c402602d id=08
[1475000] S1 MEMORY WRITE beat=141 addr=198a60c8 data=39c6abc3f04a9d53 id=08
[1475000] MASTER 0 W_VALID_RDY Handshake beat=142 wlast=0
[1485000] MASTER 0 W_VALID_RDY Handshake beat=143 wlast=0
[1485000] S1 MEMORY WRITE beat=142 addr=198a60d0 data=ee8ddd1f9b87a9ad id=08
[1495000] S1 MEMORY WRITE beat=143 addr=198a60d8 data=df8a09dae681661d id=08
[1495000] MASTER 0 W_VALID_RDY Handshake beat=144 wlast=0
[1505000] MASTER 0 W_VALID_RDY Handshake beat=145 wlast=0
[1505000] S1 MEMORY WRITE beat=144 addr=198a60e0 data=d6cc0370cab522f2 id=08
[1515000] S1 MEMORY WRITE beat=145 addr=198a60e8 data=e63ccc9f9950b59d id=08
[1515000] MASTER 0 W_VALID_RDY Handshake beat=146 wlast=0
[1525000] MASTER 0 W_VALID_RDY Handshake beat=147 wlast=0
[1525000] S1 MEMORY WRITE beat=146 addr=198a60f0 data=ffd21bbac559e08f id=08
[1535000] S1 MEMORY WRITE beat=147 addr=198a60f8 data=900f0381c5c6d67a id=08
[1535000] MASTER 0 W_VALID_RDY Handshake beat=148 wlast=0
[1545000] MASTER 0 W_VALID_RDY Handshake beat=149 wlast=0
[1545000] S1 MEMORY WRITE beat=148 addr=198a6100 data=df178c17d69e1f2a id=08
[1555000] S1 MEMORY WRITE beat=149 addr=198a6108 data=1bf7ffbaf64bd021 id=08
[1555000] MASTER 0 W_VALID_RDY Handshake beat=150 wlast=0
[1565000] MASTER 0 W_VALID_RDY Handshake beat=151 wlast=0
[1565000] S1 MEMORY WRITE beat=150 addr=198a6110 data=3c12a69bdee9a7d2 id=08
[1575000] S1 MEMORY WRITE beat=151 addr=198a6118 data=b587c6fcac07033b id=08
[1575000] MASTER 0 W_VALID_RDY Handshake beat=152 wlast=0
[1585000] MASTER 0 W_VALID_RDY Handshake beat=153 wlast=0
[1585000] S1 MEMORY WRITE beat=152 addr=198a6120 data=a252d35c9b2a32b2 id=08
[1595000] S1 MEMORY WRITE beat=153 addr=198a6128 data=fa13da84d17fc6b6 id=08
[1595000] MASTER 0 W_VALID_RDY Handshake beat=154 wlast=0
[1605000] MASTER 0 W_VALID_RDY Handshake beat=155 wlast=0
[1605000] S1 MEMORY WRITE beat=154 addr=198a6130 data=fd86c9f2de6579f7 id=08
[1615000] S1 MEMORY WRITE beat=155 addr=198a6138 data=f98facaa2f9ba181 id=08
[1615000] MASTER 0 W_VALID_RDY Handshake beat=156 wlast=0
[1625000] MASTER 0 W_VALID_RDY Handshake beat=157 wlast=0
[1625000] S1 MEMORY WRITE beat=156 addr=198a6140 data=811b68379fd99d4e id=08
[1635000] S1 MEMORY WRITE beat=157 addr=198a6148 data=fe3f1746f3a3872e id=08
[1635000] MASTER 0 W_VALID_RDY Handshake beat=158 wlast=0
[1645000] MASTER 0 W_VALID_RDY Handshake beat=159 wlast=0
[1645000] S1 MEMORY WRITE beat=158 addr=198a6150 data=a33f28affea23229 id=08
[1655000] S1 MEMORY WRITE beat=159 addr=198a6158 data=1e7bcf78f7cec3f0 id=08
[1655000] MASTER 0 W_VALID_RDY Handshake beat=160 wlast=0
[1665000] MASTER 0 W_VALID_RDY Handshake beat=161 wlast=0
[1665000] S1 MEMORY WRITE beat=160 addr=198a6160 data=eb724b1e245a90e7 id=08
[1675000] S1 MEMORY WRITE beat=161 addr=198a6168 data=a2fcc3101cbae6be id=08
[1675000] MASTER 0 W_VALID_RDY Handshake beat=162 wlast=0
[1685000] MASTER 0 W_VALID_RDY Handshake beat=163 wlast=0
[1685000] S1 MEMORY WRITE beat=162 addr=198a6170 data=1489aaae0eb173ce id=08
[1695000] S1 MEMORY WRITE beat=163 addr=198a6178 data=330c04b5c1789288 id=08
[1695000] MASTER 0 W_VALID_RDY Handshake beat=164 wlast=0
[1705000] MASTER 0 W_VALID_RDY Handshake beat=165 wlast=0
[1705000] S1 MEMORY WRITE beat=164 addr=198a6180 data=de337946fffbf5cc id=08
[1715000] S1 MEMORY WRITE beat=165 addr=198a6188 data=8ead699ad608c7c5 id=08
[1715000] MASTER 0 W_VALID_RDY Handshake beat=166 wlast=0
[1725000] MASTER 0 W_VALID_RDY Handshake beat=167 wlast=0
[1725000] S1 MEMORY WRITE beat=166 addr=198a6190 data=17815a4ef2bd23f4 id=08
[1735000] S1 MEMORY WRITE beat=167 addr=198a6198 data=f2b919c1c1b96e4f id=08
[1735000] MASTER 0 W_VALID_RDY Handshake beat=168 wlast=0
[1745000] MASTER 0 W_VALID_RDY Handshake beat=169 wlast=0
[1745000] S1 MEMORY WRITE beat=168 addr=198a61a0 data=17c23615f5b4d394 id=08
[1755000] S1 MEMORY WRITE beat=169 addr=198a61a8 data=e871f7898166835b id=08
[1755000] MASTER 0 W_VALID_RDY Handshake beat=170 wlast=0
[1765000] MASTER 0 W_VALID_RDY Handshake beat=171 wlast=0
[1765000] S1 MEMORY WRITE beat=170 addr=198a61b0 data=c31ff1ab2f439063 id=08
[1775000] S1 MEMORY WRITE beat=171 addr=198a61b8 data=a4f863f7db2b114a id=08
[1775000] MASTER 0 W_VALID_RDY Handshake beat=172 wlast=0
[1785000] MASTER 0 W_VALID_RDY Handshake beat=173 wlast=0
[1785000] S1 MEMORY WRITE beat=172 addr=198a61c0 data=dc9194a5dae227c0 id=08
[1795000] S1 MEMORY WRITE beat=173 addr=198a61c8 data=0a25b8238d6a5b80 id=08
[1795000] MASTER 0 W_VALID_RDY Handshake beat=174 wlast=0
[1805000] MASTER 0 W_VALID_RDY Handshake beat=175 wlast=0
[1805000] S1 MEMORY WRITE beat=174 addr=198a61d0 data=e8956cca9fb18650 id=08
[1815000] S1 MEMORY WRITE beat=175 addr=198a61d8 data=fa93ae10af1e1c1a id=08
[1815000] MASTER 0 W_VALID_RDY Handshake beat=176 wlast=0
[1825000] MASTER 0 W_VALID_RDY Handshake beat=177 wlast=0
[1825000] S1 MEMORY WRITE beat=176 addr=198a61e0 data=3c88779bc5270170 id=08
[1835000] S1 MEMORY WRITE beat=177 addr=198a61e8 data=e4d887c084b96633 id=08
[1835000] MASTER 0 W_VALID_RDY Handshake beat=178 wlast=0
[1845000] MASTER 0 W_VALID_RDY Handshake beat=179 wlast=0
[1845000] S1 MEMORY WRITE beat=178 addr=198a61f0 data=33d7824ea51de465 id=08
[1855000] S1 MEMORY WRITE beat=179 addr=198a61f8 data=ea44e5d5df6c35d1 id=08
[1855000] MASTER 0 W_VALID_RDY Handshake beat=180 wlast=0
[1865000] MASTER 0 W_VALID_RDY Handshake beat=181 wlast=0
[1865000] S1 MEMORY WRITE beat=180 addr=198a6200 data=e4259c04f05ff9e9 id=08
[1875000] S1 MEMORY WRITE beat=181 addr=198a6208 data=957dde4ecf1d6d96 id=08
[1875000] MASTER 0 W_VALID_RDY Handshake beat=182 wlast=0
[1885000] MASTER 0 W_VALID_RDY Handshake beat=183 wlast=0
[1885000] S1 MEMORY WRITE beat=182 addr=198a6210 data=2e89a36797fd1e52 id=08
[1895000] S1 MEMORY WRITE beat=183 addr=198a6218 data=885d183bffc2c424 id=08
[1895000] MASTER 0 W_VALID_RDY Handshake beat=184 wlast=0
[1905000] MASTER 0 W_VALID_RDY Handshake beat=185 wlast=0
[1905000] S1 MEMORY WRITE beat=184 addr=198a6220 data=cee031ba92af3f6b id=08
[1915000] S1 MEMORY WRITE beat=185 addr=198a6228 data=2aac5dbe1ddaf68a id=08
[1915000] MASTER 0 W_VALID_RDY Handshake beat=186 wlast=0
[1925000] MASTER 0 W_VALID_RDY Handshake beat=187 wlast=0
[1925000] S1 MEMORY WRITE beat=186 addr=198a6230 data=1d9dbaaefd69d521 id=08
[1935000] S1 MEMORY WRITE beat=187 addr=198a6238 data=9019148cb30975f9 id=08
[1935000] MASTER 0 W_VALID_RDY Handshake beat=188 wlast=0
[1945000] MASTER 0 W_VALID_RDY Handshake beat=189 wlast=0
[1945000] S1 MEMORY WRITE beat=188 addr=198a6240 data=d0e46c83ec7dec68 id=08
[1955000] S1 MEMORY WRITE beat=189 addr=198a6248 data=e9e7c189bac5724a id=08
[1955000] MASTER 0 W_VALID_RDY Handshake beat=190 wlast=0
[1965000] MASTER 0 W_VALID_RDY Handshake beat=191 wlast=0
[1965000] S1 MEMORY WRITE beat=190 addr=198a6250 data=edcee844ee822731 id=08
[1975000] S1 MEMORY WRITE beat=191 addr=198a6258 data=db001399fa00d615 id=08
[1975000] MASTER 0 W_VALID_RDY Handshake beat=192 wlast=0
[1985000] MASTER 0 W_VALID_RDY Handshake beat=193 wlast=0
[1985000] S1 MEMORY WRITE beat=192 addr=198a6260 data=34c64860beb354c7 id=08
[1995000] S1 MEMORY WRITE beat=193 addr=198a6268 data=2d357bf9c4e7d522 id=08
[1995000] MASTER 0 W_VALID_RDY Handshake beat=194 wlast=0
[2005000] MASTER 0 W_VALID_RDY Handshake beat=195 wlast=0
[2005000] S1 MEMORY WRITE beat=194 addr=198a6270 data=3ee8ab38229530a4 id=08
[2015000] S1 MEMORY WRITE beat=195 addr=198a6278 data=e148856b88358f92 id=08
[2015000] MASTER 0 W_VALID_RDY Handshake beat=196 wlast=0
[2025000] MASTER 0 W_VALID_RDY Handshake beat=197 wlast=0
[2025000] S1 MEMORY WRITE beat=196 addr=198a6280 data=cd1d64b5f3aef398 id=08
[2035000] S1 MEMORY WRITE beat=197 addr=198a6288 data=1644243c8e7e0164 id=08
[2035000] MASTER 0 W_VALID_RDY Handshake beat=198 wlast=0
[2045000] MASTER 0 W_VALID_RDY Handshake beat=199 wlast=0
[2045000] S1 MEMORY WRITE beat=198 addr=198a6290 data=16b390f70c060fed id=08
[2055000] S1 MEMORY WRITE beat=199 addr=198a6298 data=ffb50385f78ca9a7 id=08
[2055000] MASTER 0 W_VALID_RDY Handshake beat=200 wlast=0
[2065000] MASTER 0 W_VALID_RDY Handshake beat=201 wlast=0
[2065000] S1 MEMORY WRITE beat=200 addr=198a62a0 data=060aab0ce3d0f5ac id=08
[2075000] S1 MEMORY WRITE beat=201 addr=198a62a8 data=efd7059915f927c1 id=08
[2075000] MASTER 0 W_VALID_RDY Handshake beat=202 wlast=0
[2085000] MASTER 0 W_VALID_RDY Handshake beat=203 wlast=0
[2085000] S1 MEMORY WRITE beat=202 addr=198a62b0 data=8d85d1681cbe3c03 id=08
[2095000] S1 MEMORY WRITE beat=203 addr=198a62b8 data=008f31afef8c091e id=08
[2095000] MASTER 0 W_VALID_RDY Handshake beat=204 wlast=0
[2105000] MASTER 0 W_VALID_RDY Handshake beat=205 wlast=0
[2105000] S1 MEMORY WRITE beat=204 addr=198a62c0 data=058530df93907c74 id=08
[2115000] S1 MEMORY WRITE beat=205 addr=198a62c8 data=b04eb877f0663748 id=08
[2115000] MASTER 0 W_VALID_RDY Handshake beat=206 wlast=0
[2125000] MASTER 0 W_VALID_RDY Handshake beat=207 wlast=0
[2125000] S1 MEMORY WRITE beat=206 addr=198a62d0 data=dff24066930b0247 id=08
[2135000] S1 MEMORY WRITE beat=207 addr=198a62d8 data=269b7ebcb0ddea26 id=08
[2135000] MASTER 0 W_VALID_RDY Handshake beat=208 wlast=0
[2145000] MASTER 0 W_VALID_RDY Handshake beat=209 wlast=0
[2145000] S1 MEMORY WRITE beat=208 addr=198a62e0 data=a144216ee5777145 id=08
[2155000] S1 MEMORY WRITE beat=209 addr=198a62e8 data=f882738cd6ea3733 id=08
[2155000] MASTER 0 W_VALID_RDY Handshake beat=210 wlast=0
[2165000] MASTER 0 W_VALID_RDY Handshake beat=211 wlast=0
[2165000] S1 MEMORY WRITE beat=210 addr=198a62f0 data=07c8215a813661d4 id=08
[2175000] S1 MEMORY WRITE beat=211 addr=198a62f8 data=e6add3199f1df248 id=08
[2175000] MASTER 0 W_VALID_RDY Handshake beat=212 wlast=0
[2185000] MASTER 0 W_VALID_RDY Handshake beat=213 wlast=0
[2185000] S1 MEMORY WRITE beat=212 addr=198a6300 data=f608297ca90c42c8 id=08
[2195000] S1 MEMORY WRITE beat=213 addr=198a6308 data=2a42a49ddf3046a6 id=08
[2195000] MASTER 0 W_VALID_RDY Handshake beat=214 wlast=0
[2205000] MASTER 0 W_VALID_RDY Handshake beat=215 wlast=0
[2205000] S1 MEMORY WRITE beat=214 addr=198a6310 data=fe4e38eefdd04ad6 id=08
[2215000] S1 MEMORY WRITE beat=215 addr=198a6318 data=a6dc8d9e90f077b6 id=08
[2215000] MASTER 0 W_VALID_RDY Handshake beat=216 wlast=0
[2225000] MASTER 0 W_VALID_RDY Handshake beat=217 wlast=0
[2225000] S1 MEMORY WRITE beat=216 addr=198a6320 data=f020be5cf456626a id=08
[2235000] S1 MEMORY WRITE beat=217 addr=198a6328 data=f226ad40d11f323b id=08
[2235000] MASTER 0 W_VALID_RDY Handshake beat=218 wlast=0
[2245000] MASTER 0 W_VALID_RDY Handshake beat=219 wlast=0
[2245000] S1 MEMORY WRITE beat=218 addr=198a6330 data=e20fa9f2ee6ef74b id=08
[2255000] S1 MEMORY WRITE beat=219 addr=198a6338 data=e2c559b519033adf id=08
[2255000] MASTER 0 W_VALID_RDY Handshake beat=220 wlast=0
[2265000] MASTER 0 W_VALID_RDY Handshake beat=221 wlast=0
[2265000] S1 MEMORY WRITE beat=220 addr=198a6340 data=ea226d1ad230684e id=08
[2275000] S1 MEMORY WRITE beat=221 addr=198a6348 data=c09f5f99d4ec06f6 id=08
[2275000] MASTER 0 W_VALID_RDY Handshake beat=222 wlast=0
[2285000] MASTER 0 W_VALID_RDY Handshake beat=223 wlast=0
[2285000] S1 MEMORY WRITE beat=222 addr=198a6350 data=edef41d5cc32170c id=08
[2295000] S1 MEMORY WRITE beat=223 addr=198a6358 data=1e627f5b2364b94f id=08
[2295000] MASTER 0 W_VALID_RDY Handshake beat=224 wlast=0
[2305000] MASTER 0 W_VALID_RDY Handshake beat=225 wlast=0
[2305000] S1 MEMORY WRITE beat=224 addr=198a6360 data=f850c045d811aeef id=08
[2315000] S1 MEMORY WRITE beat=225 addr=198a6368 data=2443c5fcdf01def4 id=08
[2315000] MASTER 0 W_VALID_RDY Handshake beat=226 wlast=0
[2325000] MASTER 0 W_VALID_RDY Handshake beat=227 wlast=0
[2325000] S1 MEMORY WRITE beat=226 addr=198a6370 data=82669843e640021a id=08
[2335000] S1 MEMORY WRITE beat=227 addr=198a6378 data=be51b109c2a64557 id=08
[2335000] MASTER 0 W_VALID_RDY Handshake beat=228 wlast=0
[2345000] MASTER 0 W_VALID_RDY Handshake beat=229 wlast=0
[2345000] S1 MEMORY WRITE beat=228 addr=198a6380 data=a1a8244bfab75888 id=08
[2355000] S1 MEMORY WRITE beat=229 addr=198a6388 data=e0f75aa2e2957705 id=08
[2355000] MASTER 0 W_VALID_RDY Handshake beat=230 wlast=0
[2365000] MASTER 0 W_VALID_RDY Handshake beat=231 wlast=0
[2365000] S1 MEMORY WRITE beat=230 addr=198a6390 data=a53bbc5c240ebc8f id=08
[2375000] S1 MEMORY WRITE beat=231 addr=198a6398 data=9ec615171f490bac id=08
[2375000] MASTER 0 W_VALID_RDY Handshake beat=232 wlast=0
[2385000] MASTER 0 W_VALID_RDY Handshake beat=233 wlast=0
[2385000] S1 MEMORY WRITE beat=232 addr=198a63a0 data=81de82b1c6e3e0a8 id=08
[2395000] S1 MEMORY WRITE beat=233 addr=198a63a8 data=eaf29d37ffbd6fba id=08
[2395000] MASTER 0 W_VALID_RDY Handshake beat=234 wlast=0
[2405000] MASTER 0 W_VALID_RDY Handshake beat=235 wlast=0
[2405000] S1 MEMORY WRITE beat=234 addr=198a63b0 data=1f067b66271a3f0e id=08
[2415000] S1 MEMORY WRITE beat=235 addr=198a63b8 data=edfe1fb689b8b24e id=08
[2415000] MASTER 0 W_VALID_RDY Handshake beat=236 wlast=0
[2425000] MASTER 0 W_VALID_RDY Handshake beat=237 wlast=0
[2425000] S1 MEMORY WRITE beat=236 addr=198a63c0 data=89762208a0e4fe17 id=08
[2435000] S1 MEMORY WRITE beat=237 addr=198a63c8 data=c7ff3d25d8f0bced id=08
[2435000] MASTER 0 W_VALID_RDY Handshake beat=238 wlast=0
[2445000] MASTER 0 W_VALID_RDY Handshake beat=239 wlast=0
[2445000] S1 MEMORY WRITE beat=238 addr=198a63d0 data=e2a96f3ba87c9d6e id=08
[2455000] S1 MEMORY WRITE beat=239 addr=198a63d8 data=c9619b86b5fd5cdb id=08
[2455000] MASTER 0 W_VALID_RDY Handshake beat=240 wlast=0
[2465000] MASTER 0 W_VALID_RDY Handshake beat=241 wlast=0
[2465000] S1 MEMORY WRITE beat=240 addr=198a63e0 data=8eee19c8ec1f9144 id=08
[2475000] S1 MEMORY WRITE beat=241 addr=198a63e8 data=949c2eb29160d8ab id=08
[2475000] MASTER 0 W_VALID_RDY Handshake beat=242 wlast=0
[2485000] MASTER 0 W_VALID_RDY Handshake beat=243 wlast=1
[2485000] S1 MEMORY WRITE beat=242 addr=198a63f0 data=c75e3587f1978904 id=08
[2495000] S1 MEMORY WRITE beat=243 addr=198a63f8 data=ddb71a48ddfdca38 id=08
[2505000] SLAVE1 sent B resp, id=8
[2515000] AXI S1_AWVALID_RDY HANDSHAKE
[2515000] [SLAVE MONITOR] mst_id=0 s_id=1 awaddr=198a5c60 awid=1000 awlen=243 awsize=3 awburst=1 wdata=[9fc10b6a1352405c c683944fe7e9d57c e079955acff25641 e344969dfbdd75dc e3c74b58003aa0c5 d02cf706a9c82aec a5a5a0c8c440e0b3 c47b817833718da3 dd39b88f096cec21 cdadccd414a8787e c81a062102df5958 c4c457912294e4c 26d1c6caa553beb0 a8331808d9fa124d ec236099eeebcceb 943f8b9bb47f5d81 8e796fce12f52763 1e0f44e3c72a3a4 f0f20125fa9cd067 8d91f7ca96207fe9 d293238dff6b70f4 fa08415b8f72ec18 25936c02c38524b3 c2f095a7079a3926 970d253ef8268f8f bbabb442bcf8d702 c4931028bca09140 34c720d0fe9c49e9 3b9520ecdba03567 9840c6a7f072d512 ef0f1efc80283114 dbc8667bcd07e777 3d7abc8a2aa43fe8 aacc70fcf4092d23 c111149a2c89db86 d72e1b6e0694d778 fa9e049bfe8bd124 ab15acaa81fa8c6a 888f63e2bbaf1935 3a3aea5a8243c818 43e5483832d687d 3edc81b3e5509704 e7945f1d8ccdb865 ffb20e3f9176c0d de680311ebd2b3a0 f8a06c05ced7a296 c7ef0ea3c5fc622e b1cf15ce889b8ce8 d7732f7ea65711b4 ec5373e32a6f81d4 b30b0ebc9f623e21 c5b94fd69e2289b1 c8920b850a7e3e3b a9e07c5c320cc3b9 d02f4d6afb9d1a42 61b587def99cc32 a1a68feb18c158f0 145e7332affbd4d9 1f95a10cf1d5dd56 a9736461a79cbaf ca75a088c13c30f7 b3120e4d1ef5a978 396f7527ea0b4194 2b47728cbda94493 dc9eee0b83e515af edf05744de5980d9 1c02c56d960e6332 19f378e21937c9d0 f7914aa9f8a1b378 eb016ab07e3d026 211b99f693941016 c35c38f28a38f8d 30875fb398ace49f 2c40f4b61ae5da3a c38969c7d1a2f9a9 ea4fde483876b845 d35c927ff410c97a c5b3c3239690d2fe cf078b4316e5fc46 af6c5c0b003a16b c694746aa2641dc2 b94a1a08d0aa88e3 80ae2a4e959bffad 38001d70c440dfc8 94eb68abc7429eb8 dcde9e66f14a3778 358b1741159992fa dcdc31b214debbd6 8628f34eca767fec e01012e6b9bad018 ce998beebbb40a8f 62a8a7c3cec4499 f6a714b1d4c27f3d 907689cce63a9d62 a326e1fbc540a0a0 1a031fdd96a11448 fcdbb1ab19cdf6ad df0e974daa79a9a9 c11abdf2a00293a6 b9d08a53f911b72a a38b60d33df66f9d ddf9034398df21a0 91f0d8cae4a61ec5 a29c8e6217c98d97 b0a8af37357c399e 9a225863009591a6 185f1f3dc2998802 f815c1a03cbee6c6 3d54786cc907ce74 8ba1567692381a03 cef700c9d5b397a9 9ebb661d83b71816 15ef321a8c4b7935 e1ff10de2a5cbc94 ae13d4aae4e632e3 f131ac1900ba76fc 2b173390c40306c4 28e939a8d330bcf7 d3eb33f3d92b083a 1d2e0eff1a1ae5c1 ed4ba2b8ff026783 d82d6fbec61748a7 e0322e68c136d6ac c0393e2ff55b7ebd 3b72c764cd7dd120 8eb4a7cc9866aded 8dc22caa1ba4f5cc e922c6ecceede5fc e75493e9c934f40e e4d9e9daf7d76eb9 c6c554b5f516c094 be4bb4a2cdfcb0c7 c5d41f80ae19e89e a330a93223259e7d f1224f440c997435 bab35cd3e17c5dd5 4a1fc5236f66ec4 c38fe2f9dde40606 3f6063dbf5c44b96 2cbaba5afe433fcc dc2745d2c402602d 39c6abc3f04a9d53 ee8ddd1f9b87a9ad df8a09dae681661d d6cc0370cab522f2 e63ccc9f9950b59d ffd21bbac559e08f 900f0381c5c6d67a df178c17d69e1f2a 1bf7ffbaf64bd021 3c12a69bdee9a7d2 b587c6fcac07033b a252d35c9b2a32b2 fa13da84d17fc6b6 fd86c9f2de6579f7 f98facaa2f9ba181 811b68379fd99d4e fe3f1746f3a3872e a33f28affea23229 1e7bcf78f7cec3f0 eb724b1e245a90e7 a2fcc3101cbae6be 1489aaae0eb173ce 330c04b5c1789288 de337946fffbf5cc 8ead699ad608c7c5 17815a4ef2bd23f4 f2b919c1c1b96e4f 17c23615f5b4d394 e871f7898166835b c31ff1ab2f439063 a4f863f7db2b114a dc9194a5dae227c0 a25b8238d6a5b80 e8956cca9fb18650 fa93ae10af1e1c1a 3c88779bc5270170 e4d887c084b96633 33d7824ea51de465 ea44e5d5df6c35d1 e4259c04f05ff9e9 957dde4ecf1d6d96 2e89a36797fd1e52 885d183bffc2c424 cee031ba92af3f6b 2aac5dbe1ddaf68a 1d9dbaaefd69d521 9019148cb30975f9 d0e46c83ec7dec68 e9e7c189bac5724a edcee844ee822731 db001399fa00d615 34c64860beb354c7 2d357bf9c4e7d522 3ee8ab38229530a4 e148856b88358f92 cd1d64b5f3aef398 1644243c8e7e0164 16b390f70c060fed ffb50385f78ca9a7 60aab0ce3d0f5ac efd7059915f927c1 8d85d1681cbe3c03 8f31afef8c091e 58530df93907c74 b04eb877f0663748 dff24066930b0247 269b7ebcb0ddea26 a144216ee5777145 f882738cd6ea3733 7c8215a813661d4 e6add3199f1df248 f608297ca90c42c8 2a42a49ddf3046a6 fe4e38eefdd04ad6 a6dc8d9e90f077b6 f020be5cf456626a f226ad40d11f323b e20fa9f2ee6ef74b e2c559b519033adf ea226d1ad230684e c09f5f99d4ec06f6 edef41d5cc32170c 1e627f5b2364b94f f850c045d811aeef 2443c5fcdf01def4 82669843e640021a be51b109c2a64557 a1a8244bfab75888 e0f75aa2e2957705 a53bbc5c240ebc8f 9ec615171f490bac 81de82b1c6e3e0a8 eaf29d37ffbd6fba 1f067b66271a3f0e edfe1fb689b8b24e 89762208a0e4fe17 c7ff3d25d8f0bced e2a96f3ba87c9d6e c9619b86b5fd5cdb 8eee19c8ec1f9144 949c2eb29160d8ab c75e3587f1978904 ddb71a48ddfdca38 ] wstrb=[4f e4 fa 53 6b 33 9b ba 17 96 e 82 c9 a9 3c e0 3f 4a 62 8 f4 9e e8 33 e9 4a 3c dd e9 24 10 d2 6f 4c af 58 71 bf 2a e0 c d9 38 7d 98 62 5d a4 3b 95 21 d3 f7 7e 78 32 13 99 5 a 18 7d 3c 2b 17 42 36 2f bf 72 5a d6 b4 90 5 74 3 60 4a b7 f0 50 2b f3 b0 76 ab a0 c6 d6 94 76 4c 3f 16 12 15 aa 88 62 e9 9f 74 ff 49 fd 61 33 9c d5 32 e5 d2 93 18 6e 68 4a 54 3b dd 6c a9 46 b7 fd 81 94 6a 2a da 21 28 5b b5 92 86 90 b3 ae eb 68 40 71 f8 f3 1f e4 5b 5f 55 54 52 75 38 ae d4 8d 2 27 2 3a d5 d7 c7 d7 fe ca 11 d3 a1 d8 aa 9f a2 bb 72 43 93 1c e2 36 d7 54 79 6a 70 5c a0 47 b0 1a b2 21 76 52 68 26 6c 1a 47 e2 6d b0 9 d9 ca 50 bc 37 0 c5 11 cb 15 cd 2 16 92 13 e1 a7 e0 e3 bd 72 f7 9e 1a d7 82 d7 4a 79 76 64 50 f8 3b 9a 71 b1 fe c1 ] bresp=0 bid=1000
[2515000] ARB MONITOR: slave=1 m0_req=0 m1_req=0 winner=1
[2525000] MASTER 0 RECEIVED BRESP. BRESP=0
[2525000] [MASTER DRIVER] mst_id=0 s_id=0 awaddr=198a5c60 awid=1000 awlen=243 awsize=3 awburst=1 wdata=[9fc10b6a1352405c c683944fe7e9d57c e079955acff25641 e344969dfbdd75dc e3c74b58003aa0c5 d02cf706a9c82aec a5a5a0c8c440e0b3 c47b817833718da3 dd39b88f096cec21 cdadccd414a8787e c81a062102df5958 c4c457912294e4c 26d1c6caa553beb0 a8331808d9fa124d ec236099eeebcceb 943f8b9bb47f5d81 8e796fce12f52763 1e0f44e3c72a3a4 f0f20125fa9cd067 8d91f7ca96207fe9 d293238dff6b70f4 fa08415b8f72ec18 25936c02c38524b3 c2f095a7079a3926 970d253ef8268f8f bbabb442bcf8d702 c4931028bca09140 34c720d0fe9c49e9 3b9520ecdba03567 9840c6a7f072d512 ef0f1efc80283114 dbc8667bcd07e777 3d7abc8a2aa43fe8 aacc70fcf4092d23 c111149a2c89db86 d72e1b6e0694d778 fa9e049bfe8bd124 ab15acaa81fa8c6a 888f63e2bbaf1935 3a3aea5a8243c818 43e5483832d687d 3edc81b3e5509704 e7945f1d8ccdb865 ffb20e3f9176c0d de680311ebd2b3a0 f8a06c05ced7a296 c7ef0ea3c5fc622e b1cf15ce889b8ce8 d7732f7ea65711b4 ec5373e32a6f81d4 b30b0ebc9f623e21 c5b94fd69e2289b1 c8920b850a7e3e3b a9e07c5c320cc3b9 d02f4d6afb9d1a42 61b587def99cc32 a1a68feb18c158f0 145e7332affbd4d9 1f95a10cf1d5dd56 a9736461a79cbaf ca75a088c13c30f7 b3120e4d1ef5a978 396f7527ea0b4194 2b47728cbda94493 dc9eee0b83e515af edf05744de5980d9 1c02c56d960e6332 19f378e21937c9d0 f7914aa9f8a1b378 eb016ab07e3d026 211b99f693941016 c35c38f28a38f8d 30875fb398ace49f 2c40f4b61ae5da3a c38969c7d1a2f9a9 ea4fde483876b845 d35c927ff410c97a c5b3c3239690d2fe cf078b4316e5fc46 af6c5c0b003a16b c694746aa2641dc2 b94a1a08d0aa88e3 80ae2a4e959bffad 38001d70c440dfc8 94eb68abc7429eb8 dcde9e66f14a3778 358b1741159992fa dcdc31b214debbd6 8628f34eca767fec e01012e6b9bad018 ce998beebbb40a8f 62a8a7c3cec4499 f6a714b1d4c27f3d 907689cce63a9d62 a326e1fbc540a0a0 1a031fdd96a11448 fcdbb1ab19cdf6ad df0e974daa79a9a9 c11abdf2a00293a6 b9d08a53f911b72a a38b60d33df66f9d ddf9034398df21a0 91f0d8cae4a61ec5 a29c8e6217c98d97 b0a8af37357c399e 9a225863009591a6 185f1f3dc2998802 f815c1a03cbee6c6 3d54786cc907ce74 8ba1567692381a03 cef700c9d5b397a9 9ebb661d83b71816 15ef321a8c4b7935 e1ff10de2a5cbc94 ae13d4aae4e632e3 f131ac1900ba76fc 2b173390c40306c4 28e939a8d330bcf7 d3eb33f3d92b083a 1d2e0eff1a1ae5c1 ed4ba2b8ff026783 d82d6fbec61748a7 e0322e68c136d6ac c0393e2ff55b7ebd 3b72c764cd7dd120 8eb4a7cc9866aded 8dc22caa1ba4f5cc e922c6ecceede5fc e75493e9c934f40e e4d9e9daf7d76eb9 c6c554b5f516c094 be4bb4a2cdfcb0c7 c5d41f80ae19e89e a330a93223259e7d f1224f440c997435 bab35cd3e17c5dd5 4a1fc5236f66ec4 c38fe2f9dde40606 3f6063dbf5c44b96 2cbaba5afe433fcc dc2745d2c402602d 39c6abc3f04a9d53 ee8ddd1f9b87a9ad df8a09dae681661d d6cc0370cab522f2 e63ccc9f9950b59d ffd21bbac559e08f 900f0381c5c6d67a df178c17d69e1f2a 1bf7ffbaf64bd021 3c12a69bdee9a7d2 b587c6fcac07033b a252d35c9b2a32b2 fa13da84d17fc6b6 fd86c9f2de6579f7 f98facaa2f9ba181 811b68379fd99d4e fe3f1746f3a3872e a33f28affea23229 1e7bcf78f7cec3f0 eb724b1e245a90e7 a2fcc3101cbae6be 1489aaae0eb173ce 330c04b5c1789288 de337946fffbf5cc 8ead699ad608c7c5 17815a4ef2bd23f4 f2b919c1c1b96e4f 17c23615f5b4d394 e871f7898166835b c31ff1ab2f439063 a4f863f7db2b114a dc9194a5dae227c0 a25b8238d6a5b80 e8956cca9fb18650 fa93ae10af1e1c1a 3c88779bc5270170 e4d887c084b96633 33d7824ea51de465 ea44e5d5df6c35d1 e4259c04f05ff9e9 957dde4ecf1d6d96 2e89a36797fd1e52 885d183bffc2c424 cee031ba92af3f6b 2aac5dbe1ddaf68a 1d9dbaaefd69d521 9019148cb30975f9 d0e46c83ec7dec68 e9e7c189bac5724a edcee844ee822731 db001399fa00d615 34c64860beb354c7 2d357bf9c4e7d522 3ee8ab38229530a4 e148856b88358f92 cd1d64b5f3aef398 1644243c8e7e0164 16b390f70c060fed ffb50385f78ca9a7 60aab0ce3d0f5ac efd7059915f927c1 8d85d1681cbe3c03 8f31afef8c091e 58530df93907c74 b04eb877f0663748 dff24066930b0247 269b7ebcb0ddea26 a144216ee5777145 f882738cd6ea3733 7c8215a813661d4 e6add3199f1df248 f608297ca90c42c8 2a42a49ddf3046a6 fe4e38eefdd04ad6 a6dc8d9e90f077b6 f020be5cf456626a f226ad40d11f323b e20fa9f2ee6ef74b e2c559b519033adf ea226d1ad230684e c09f5f99d4ec06f6 edef41d5cc32170c 1e627f5b2364b94f f850c045d811aeef 2443c5fcdf01def4 82669843e640021a be51b109c2a64557 a1a8244bfab75888 e0f75aa2e2957705 a53bbc5c240ebc8f 9ec615171f490bac 81de82b1c6e3e0a8 eaf29d37ffbd6fba 1f067b66271a3f0e edfe1fb689b8b24e 89762208a0e4fe17 c7ff3d25d8f0bced e2a96f3ba87c9d6e c9619b86b5fd5cdb 8eee19c8ec1f9144 949c2eb29160d8ab c75e3587f1978904 ddb71a48ddfdca38 ] wstrb=[4f e4 fa 53 6b 33 9b ba 17 96 e 82 c9 a9 3c e0 3f 4a 62 8 f4 9e e8 33 e9 4a 3c dd e9 24 10 d2 6f 4c af 58 71 bf 2a e0 c d9 38 7d 98 62 5d a4 3b 95 21 d3 f7 7e 78 32 13 99 5 a 18 7d 3c 2b 17 42 36 2f bf 72 5a d6 b4 90 5 74 3 60 4a b7 f0 50 2b f3 b0 76 ab a0 c6 d6 94 76 4c 3f 16 12 15 aa 88 62 e9 9f 74 ff 49 fd 61 33 9c d5 32 e5 d2 93 18 6e 68 4a 54 3b dd 6c a9 46 b7 fd 81 94 6a 2a da 21 28 5b b5 92 86 90 b3 ae eb 68 40 71 f8 f3 1f e4 5b 5f 55 54 52 75 38 ae d4 8d 2 27 2 3a d5 d7 c7 d7 fe ca 11 d3 a1 d8 aa 9f a2 bb 72 43 93 1c e2 36 d7 54 79 6a 70 5c a0 47 b0 1a b2 21 76 52 68 26 6c 1a 47 e2 6d b0 9 d9 ca 50 bc 37 0 c5 11 cb 15 cd 2 16 92 13 e1 a7 e0 e3 bd 72 f7 9e 1a d7 82 d7 4a 79 76 64 50 f8 3b 9a 71 b1 fe c1 ] bresp=0 bid=1000
[2525000] MASTER 0 B_VALID_RDY Handshake
[2525000] [MASTER MONITOR] mst_id=0 s_id=1 awaddr=198a5c60 awid=1000 awlen=243 awsize=3 awburst=1 wdata=[9fc10b6a1352405c c683944fe7e9d57c e079955acff25641 e344969dfbdd75dc e3c74b58003aa0c5 d02cf706a9c82aec a5a5a0c8c440e0b3 c47b817833718da3 dd39b88f096cec21 cdadccd414a8787e c81a062102df5958 c4c457912294e4c 26d1c6caa553beb0 a8331808d9fa124d ec236099eeebcceb 943f8b9bb47f5d81 8e796fce12f52763 1e0f44e3c72a3a4 f0f20125fa9cd067 8d91f7ca96207fe9 d293238dff6b70f4 fa08415b8f72ec18 25936c02c38524b3 c2f095a7079a3926 970d253ef8268f8f bbabb442bcf8d702 c4931028bca09140 34c720d0fe9c49e9 3b9520ecdba03567 9840c6a7f072d512 ef0f1efc80283114 dbc8667bcd07e777 3d7abc8a2aa43fe8 aacc70fcf4092d23 c111149a2c89db86 d72e1b6e0694d778 fa9e049bfe8bd124 ab15acaa81fa8c6a 888f63e2bbaf1935 3a3aea5a8243c818 43e5483832d687d 3edc81b3e5509704 e7945f1d8ccdb865 ffb20e3f9176c0d de680311ebd2b3a0 f8a06c05ced7a296 c7ef0ea3c5fc622e b1cf15ce889b8ce8 d7732f7ea65711b4 ec5373e32a6f81d4 b30b0ebc9f623e21 c5b94fd69e2289b1 c8920b850a7e3e3b a9e07c5c320cc3b9 d02f4d6afb9d1a42 61b587def99cc32 a1a68feb18c158f0 145e7332affbd4d9 1f95a10cf1d5dd56 a9736461a79cbaf ca75a088c13c30f7 b3120e4d1ef5a978 396f7527ea0b4194 2b47728cbda94493 dc9eee0b83e515af edf05744de5980d9 1c02c56d960e6332 19f378e21937c9d0 f7914aa9f8a1b378 eb016ab07e3d026 211b99f693941016 c35c38f28a38f8d 30875fb398ace49f 2c40f4b61ae5da3a c38969c7d1a2f9a9 ea4fde483876b845 d35c927ff410c97a c5b3c3239690d2fe cf078b4316e5fc46 af6c5c0b003a16b c694746aa2641dc2 b94a1a08d0aa88e3 80ae2a4e959bffad 38001d70c440dfc8 94eb68abc7429eb8 dcde9e66f14a3778 358b1741159992fa dcdc31b214debbd6 8628f34eca767fec e01012e6b9bad018 ce998beebbb40a8f 62a8a7c3cec4499 f6a714b1d4c27f3d 907689cce63a9d62 a326e1fbc540a0a0 1a031fdd96a11448 fcdbb1ab19cdf6ad df0e974daa79a9a9 c11abdf2a00293a6 b9d08a53f911b72a a38b60d33df66f9d ddf9034398df21a0 91f0d8cae4a61ec5 a29c8e6217c98d97 b0a8af37357c399e 9a225863009591a6 185f1f3dc2998802 f815c1a03cbee6c6 3d54786cc907ce74 8ba1567692381a03 cef700c9d5b397a9 9ebb661d83b71816 15ef321a8c4b7935 e1ff10de2a5cbc94 ae13d4aae4e632e3 f131ac1900ba76fc 2b173390c40306c4 28e939a8d330bcf7 d3eb33f3d92b083a 1d2e0eff1a1ae5c1 ed4ba2b8ff026783 d82d6fbec61748a7 e0322e68c136d6ac c0393e2ff55b7ebd 3b72c764cd7dd120 8eb4a7cc9866aded 8dc22caa1ba4f5cc e922c6ecceede5fc e75493e9c934f40e e4d9e9daf7d76eb9 c6c554b5f516c094 be4bb4a2cdfcb0c7 c5d41f80ae19e89e a330a93223259e7d f1224f440c997435 bab35cd3e17c5dd5 4a1fc5236f66ec4 c38fe2f9dde40606 3f6063dbf5c44b96 2cbaba5afe433fcc dc2745d2c402602d 39c6abc3f04a9d53 ee8ddd1f9b87a9ad df8a09dae681661d d6cc0370cab522f2 e63ccc9f9950b59d ffd21bbac559e08f 900f0381c5c6d67a df178c17d69e1f2a 1bf7ffbaf64bd021 3c12a69bdee9a7d2 b587c6fcac07033b a252d35c9b2a32b2 fa13da84d17fc6b6 fd86c9f2de6579f7 f98facaa2f9ba181 811b68379fd99d4e fe3f1746f3a3872e a33f28affea23229 1e7bcf78f7cec3f0 eb724b1e245a90e7 a2fcc3101cbae6be 1489aaae0eb173ce 330c04b5c1789288 de337946fffbf5cc 8ead699ad608c7c5 17815a4ef2bd23f4 f2b919c1c1b96e4f 17c23615f5b4d394 e871f7898166835b c31ff1ab2f439063 a4f863f7db2b114a dc9194a5dae227c0 a25b8238d6a5b80 e8956cca9fb18650 fa93ae10af1e1c1a 3c88779bc5270170 e4d887c084b96633 33d7824ea51de465 ea44e5d5df6c35d1 e4259c04f05ff9e9 957dde4ecf1d6d96 2e89a36797fd1e52 885d183bffc2c424 cee031ba92af3f6b 2aac5dbe1ddaf68a 1d9dbaaefd69d521 9019148cb30975f9 d0e46c83ec7dec68 e9e7c189bac5724a edcee844ee822731 db001399fa00d615 34c64860beb354c7 2d357bf9c4e7d522 3ee8ab38229530a4 e148856b88358f92 cd1d64b5f3aef398 1644243c8e7e0164 16b390f70c060fed ffb50385f78ca9a7 60aab0ce3d0f5ac efd7059915f927c1 8d85d1681cbe3c03 8f31afef8c091e 58530df93907c74 b04eb877f0663748 dff24066930b0247 269b7ebcb0ddea26 a144216ee5777145 f882738cd6ea3733 7c8215a813661d4 e6add3199f1df248 f608297ca90c42c8 2a42a49ddf3046a6 fe4e38eefdd04ad6 a6dc8d9e90f077b6 f020be5cf456626a f226ad40d11f323b e20fa9f2ee6ef74b e2c559b519033adf ea226d1ad230684e c09f5f99d4ec06f6 edef41d5cc32170c 1e627f5b2364b94f f850c045d811aeef 2443c5fcdf01def4 82669843e640021a be51b109c2a64557 a1a8244bfab75888 e0f75aa2e2957705 a53bbc5c240ebc8f 9ec615171f490bac 81de82b1c6e3e0a8 eaf29d37ffbd6fba 1f067b66271a3f0e edfe1fb689b8b24e 89762208a0e4fe17 c7ff3d25d8f0bced e2a96f3ba87c9d6e c9619b86b5fd5cdb 8eee19c8ec1f9144 949c2eb29160d8ab c75e3587f1978904 ddb71a48ddfdca38 ] wstrb=[4f e4 fa 53 6b 33 9b ba 17 96 e 82 c9 a9 3c e0 3f 4a 62 8 f4 9e e8 33 e9 4a 3c dd e9 24 10 d2 6f 4c af 58 71 bf 2a e0 c d9 38 7d 98 62 5d a4 3b 95 21 d3 f7 7e 78 32 13 99 5 a 18 7d 3c 2b 17 42 36 2f bf 72 5a d6 b4 90 5 74 3 60 4a b7 f0 50 2b f3 b0 76 ab a0 c6 d6 94 76 4c 3f 16 12 15 aa 88 62 e9 9f 74 ff 49 fd 61 33 9c d5 32 e5 d2 93 18 6e 68 4a 54 3b dd 6c a9 46 b7 fd 81 94 6a 2a da 21 28 5b b5 92 86 90 b3 ae eb 68 40 71 f8 f3 1f e4 5b 5f 55 54 52 75 38 ae d4 8d 2 27 2 3a d5 d7 c7 d7 fe ca 11 d3 a1 d8 aa 9f a2 bb 72 43 93 1c e2 36 d7 54 79 6a 70 5c a0 47 b0 1a b2 21 76 52 68 26 6c 1a 47 e2 6d b0 9 d9 ca 50 bc 37 0 c5 11 cb 15 cd 2 16 92 13 e1 a7 e0 e3 bd 72 f7 9e 1a d7 82 d7 4a 79 76 64 50 f8 3b 9a 71 b1 fe c1 ] bresp=0 bid=1000
[2525000] S1 MEMORY WRITE beat=0 addr=1d96eff0 data=9417c083f101782b id=1a
[2525000] SCOREBOARD MATCH: decode_err expected = 0, actual =0
[2525000] SCOREBOARD MATCH: slave_id expected = 1, actual =1
[2525000] SCOREBOARD MATCH: awaddr passthrough expected = 198a5c60, actual =198a5c60
[2525000] SCOREBOARD MATCH: awlen passthrough expected = 243, actual =243
[2525000] SCOREBOARD MATCH: awsize passthrough expected = 3, actual =3
[2525000] SCOREBOARD MATCH: awburst passthrough expected = 1, actual =1
[2525000] SCOREBOARD MATCH: wdata size check expected = f4, actual =f4
[2525000] SCOREBOARD MATCH: wdata passthrough beat=0 expected = 9fc10b6a1352405c, actual =9fc10b6a1352405c
[2525000] SCOREBOARD MATCH: wdata passthrough beat=1 expected = c683944fe7e9d57c, actual =c683944fe7e9d57c
[2525000] SCOREBOARD MATCH: wdata passthrough beat=2 expected = e079955acff25641, actual =e079955acff25641
[2525000] SCOREBOARD MATCH: wdata passthrough beat=3 expected = e344969dfbdd75dc, actual =e344969dfbdd75dc
[2525000] SCOREBOARD MATCH: wdata passthrough beat=4 expected = e3c74b58003aa0c5, actual =e3c74b58003aa0c5
[2525000] SCOREBOARD MATCH: wdata passthrough beat=5 expected = d02cf706a9c82aec, actual =d02cf706a9c82aec
[2525000] SCOREBOARD MATCH: wdata passthrough beat=6 expected = a5a5a0c8c440e0b3, actual =a5a5a0c8c440e0b3
[2525000] SCOREBOARD MATCH: wdata passthrough beat=7 expected = c47b817833718da3, actual =c47b817833718da3
[2525000] SCOREBOARD MATCH: wdata passthrough beat=8 expected = dd39b88f096cec21, actual =dd39b88f096cec21
[2525000] SCOREBOARD MATCH: wdata passthrough beat=9 expected = cdadccd414a8787e, actual =cdadccd414a8787e
[2525000] SCOREBOARD MATCH: wdata passthrough beat=10 expected = c81a062102df5958, actual =c81a062102df5958
[2525000] SCOREBOARD MATCH: wdata passthrough beat=11 expected = c4c457912294e4c, actual =c4c457912294e4c
[2525000] SCOREBOARD MATCH: wdata passthrough beat=12 expected = 26d1c6caa553beb0, actual =26d1c6caa553beb0
[2525000] SCOREBOARD MATCH: wdata passthrough beat=13 expected = a8331808d9fa124d, actual =a8331808d9fa124d
[2525000] SCOREBOARD MATCH: wdata passthrough beat=14 expected = ec236099eeebcceb, actual =ec236099eeebcceb
[2525000] SCOREBOARD MATCH: wdata passthrough beat=15 expected = 943f8b9bb47f5d81, actual =943f8b9bb47f5d81
[2525000] SCOREBOARD MATCH: wdata passthrough beat=16 expected = 8e796fce12f52763, actual =8e796fce12f52763
[2525000] SCOREBOARD MATCH: wdata passthrough beat=17 expected = 1e0f44e3c72a3a4, actual =1e0f44e3c72a3a4
[2525000] SCOREBOARD MATCH: wdata passthrough beat=18 expected = f0f20125fa9cd067, actual =f0f20125fa9cd067
[2525000] SCOREBOARD MATCH: wdata passthrough beat=19 expected = 8d91f7ca96207fe9, actual =8d91f7ca96207fe9
[2525000] SCOREBOARD MATCH: wdata passthrough beat=20 expected = d293238dff6b70f4, actual =d293238dff6b70f4
[2525000] SCOREBOARD MATCH: wdata passthrough beat=21 expected = fa08415b8f72ec18, actual =fa08415b8f72ec18
[2525000] SCOREBOARD MATCH: wdata passthrough beat=22 expected = 25936c02c38524b3, actual =25936c02c38524b3
[2525000] SCOREBOARD MATCH: wdata passthrough beat=23 expected = c2f095a7079a3926, actual =c2f095a7079a3926
[2525000] SCOREBOARD MATCH: wdata passthrough beat=24 expected = 970d253ef8268f8f, actual =970d253ef8268f8f
[2525000] SCOREBOARD MATCH: wdata passthrough beat=25 expected = bbabb442bcf8d702, actual =bbabb442bcf8d702
[2525000] SCOREBOARD MATCH: wdata passthrough beat=26 expected = c4931028bca09140, actual =c4931028bca09140
[2525000] SCOREBOARD MATCH: wdata passthrough beat=27 expected = 34c720d0fe9c49e9, actual =34c720d0fe9c49e9
[2525000] SCOREBOARD MATCH: wdata passthrough beat=28 expected = 3b9520ecdba03567, actual =3b9520ecdba03567
[2525000] SCOREBOARD MATCH: wdata passthrough beat=29 expected = 9840c6a7f072d512, actual =9840c6a7f072d512
[2525000] SCOREBOARD MATCH: wdata passthrough beat=30 expected = ef0f1efc80283114, actual =ef0f1efc80283114
[2525000] SCOREBOARD MATCH: wdata passthrough beat=31 expected = dbc8667bcd07e777, actual =dbc8667bcd07e777
[2525000] SCOREBOARD MATCH: wdata passthrough beat=32 expected = 3d7abc8a2aa43fe8, actual =3d7abc8a2aa43fe8
[2525000] SCOREBOARD MATCH: wdata passthrough beat=33 expected = aacc70fcf4092d23, actual =aacc70fcf4092d23
[2525000] SCOREBOARD MATCH: wdata passthrough beat=34 expected = c111149a2c89db86, actual =c111149a2c89db86
[2525000] SCOREBOARD MATCH: wdata passthrough beat=35 expected = d72e1b6e0694d778, actual =d72e1b6e0694d778
[2525000] SCOREBOARD MATCH: wdata passthrough beat=36 expected = fa9e049bfe8bd124, actual =fa9e049bfe8bd124
[2525000] SCOREBOARD MATCH: wdata passthrough beat=37 expected = ab15acaa81fa8c6a, actual =ab15acaa81fa8c6a
[2525000] SCOREBOARD MATCH: wdata passthrough beat=38 expected = 888f63e2bbaf1935, actual =888f63e2bbaf1935
[2525000] SCOREBOARD MATCH: wdata passthrough beat=39 expected = 3a3aea5a8243c818, actual =3a3aea5a8243c818
[2525000] SCOREBOARD MATCH: wdata passthrough beat=40 expected = 43e5483832d687d, actual =43e5483832d687d
[2525000] SCOREBOARD MATCH: wdata passthrough beat=41 expected = 3edc81b3e5509704, actual =3edc81b3e5509704
[2525000] SCOREBOARD MATCH: wdata passthrough beat=42 expected = e7945f1d8ccdb865, actual =e7945f1d8ccdb865
[2525000] SCOREBOARD MATCH: wdata passthrough beat=43 expected = ffb20e3f9176c0d, actual =ffb20e3f9176c0d
[2525000] SCOREBOARD MATCH: wdata passthrough beat=44 expected = de680311ebd2b3a0, actual =de680311ebd2b3a0
[2525000] SCOREBOARD MATCH: wdata passthrough beat=45 expected = f8a06c05ced7a296, actual =f8a06c05ced7a296
[2525000] SCOREBOARD MATCH: wdata passthrough beat=46 expected = c7ef0ea3c5fc622e, actual =c7ef0ea3c5fc622e
[2525000] SCOREBOARD MATCH: wdata passthrough beat=47 expected = b1cf15ce889b8ce8, actual =b1cf15ce889b8ce8
[2525000] SCOREBOARD MATCH: wdata passthrough beat=48 expected = d7732f7ea65711b4, actual =d7732f7ea65711b4
[2525000] SCOREBOARD MATCH: wdata passthrough beat=49 expected = ec5373e32a6f81d4, actual =ec5373e32a6f81d4
[2525000] SCOREBOARD MATCH: wdata passthrough beat=50 expected = b30b0ebc9f623e21, actual =b30b0ebc9f623e21
[2525000] SCOREBOARD MATCH: wdata passthrough beat=51 expected = c5b94fd69e2289b1, actual =c5b94fd69e2289b1
[2525000] SCOREBOARD MATCH: wdata passthrough beat=52 expected = c8920b850a7e3e3b, actual =c8920b850a7e3e3b
[2525000] SCOREBOARD MATCH: wdata passthrough beat=53 expected = a9e07c5c320cc3b9, actual =a9e07c5c320cc3b9
[2525000] SCOREBOARD MATCH: wdata passthrough beat=54 expected = d02f4d6afb9d1a42, actual =d02f4d6afb9d1a42
[2525000] SCOREBOARD MATCH: wdata passthrough beat=55 expected = 61b587def99cc32, actual =61b587def99cc32
[2525000] SCOREBOARD MATCH: wdata passthrough beat=56 expected = a1a68feb18c158f0, actual =a1a68feb18c158f0
[2525000] SCOREBOARD MATCH: wdata passthrough beat=57 expected = 145e7332affbd4d9, actual =145e7332affbd4d9
[2525000] SCOREBOARD MATCH: wdata passthrough beat=58 expected = 1f95a10cf1d5dd56, actual =1f95a10cf1d5dd56
[2525000] SCOREBOARD MATCH: wdata passthrough beat=59 expected = a9736461a79cbaf, actual =a9736461a79cbaf
[2525000] SCOREBOARD MATCH: wdata passthrough beat=60 expected = ca75a088c13c30f7, actual =ca75a088c13c30f7
[2525000] SCOREBOARD MATCH: wdata passthrough beat=61 expected = b3120e4d1ef5a978, actual =b3120e4d1ef5a978
[2525000] SCOREBOARD MATCH: wdata passthrough beat=62 expected = 396f7527ea0b4194, actual =396f7527ea0b4194
[2525000] SCOREBOARD MATCH: wdata passthrough beat=63 expected = 2b47728cbda94493, actual =2b47728cbda94493
[2525000] SCOREBOARD MATCH: wdata passthrough beat=64 expected = dc9eee0b83e515af, actual =dc9eee0b83e515af
[2525000] SCOREBOARD MATCH: wdata passthrough beat=65 expected = edf05744de5980d9, actual =edf05744de5980d9
[2525000] SCOREBOARD MATCH: wdata passthrough beat=66 expected = 1c02c56d960e6332, actual =1c02c56d960e6332
[2525000] SCOREBOARD MATCH: wdata passthrough beat=67 expected = 19f378e21937c9d0, actual =19f378e21937c9d0
[2525000] SCOREBOARD MATCH: wdata passthrough beat=68 expected = f7914aa9f8a1b378, actual =f7914aa9f8a1b378
[2525000] SCOREBOARD MATCH: wdata passthrough beat=69 expected = eb016ab07e3d026, actual =eb016ab07e3d026
[2525000] SCOREBOARD MATCH: wdata passthrough beat=70 expected = 211b99f693941016, actual =211b99f693941016
[2525000] SCOREBOARD MATCH: wdata passthrough beat=71 expected = c35c38f28a38f8d, actual =c35c38f28a38f8d
[2525000] SCOREBOARD MATCH: wdata passthrough beat=72 expected = 30875fb398ace49f, actual =30875fb398ace49f
[2525000] SCOREBOARD MATCH: wdata passthrough beat=73 expected = 2c40f4b61ae5da3a, actual =2c40f4b61ae5da3a
[2525000] SCOREBOARD MATCH: wdata passthrough beat=74 expected = c38969c7d1a2f9a9, actual =c38969c7d1a2f9a9
[2525000] SCOREBOARD MATCH: wdata passthrough beat=75 expected = ea4fde483876b845, actual =ea4fde483876b845
[2525000] SCOREBOARD MATCH: wdata passthrough beat=76 expected = d35c927ff410c97a, actual =d35c927ff410c97a
[2525000] SCOREBOARD MATCH: wdata passthrough beat=77 expected = c5b3c3239690d2fe, actual =c5b3c3239690d2fe
[2525000] SCOREBOARD MATCH: wdata passthrough beat=78 expected = cf078b4316e5fc46, actual =cf078b4316e5fc46
[2525000] SCOREBOARD MATCH: wdata passthrough beat=79 expected = af6c5c0b003a16b, actual =af6c5c0b003a16b
[2525000] SCOREBOARD MATCH: wdata passthrough beat=80 expected = c694746aa2641dc2, actual =c694746aa2641dc2
[2525000] SCOREBOARD MATCH: wdata passthrough beat=81 expected = b94a1a08d0aa88e3, actual =b94a1a08d0aa88e3
[2525000] SCOREBOARD MATCH: wdata passthrough beat=82 expected = 80ae2a4e959bffad, actual =80ae2a4e959bffad
[2525000] SCOREBOARD MATCH: wdata passthrough beat=83 expected = 38001d70c440dfc8, actual =38001d70c440dfc8
[2525000] SCOREBOARD MATCH: wdata passthrough beat=84 expected = 94eb68abc7429eb8, actual =94eb68abc7429eb8
[2525000] SCOREBOARD MATCH: wdata passthrough beat=85 expected = dcde9e66f14a3778, actual =dcde9e66f14a3778
[2525000] SCOREBOARD MATCH: wdata passthrough beat=86 expected = 358b1741159992fa, actual =358b1741159992fa
[2525000] SCOREBOARD MATCH: wdata passthrough beat=87 expected = dcdc31b214debbd6, actual =dcdc31b214debbd6
[2525000] SCOREBOARD MATCH: wdata passthrough beat=88 expected = 8628f34eca767fec, actual =8628f34eca767fec
[2525000] SCOREBOARD MATCH: wdata passthrough beat=89 expected = e01012e6b9bad018, actual =e01012e6b9bad018
[2525000] SCOREBOARD MATCH: wdata passthrough beat=90 expected = ce998beebbb40a8f, actual =ce998beebbb40a8f
[2525000] SCOREBOARD MATCH: wdata passthrough beat=91 expected = 62a8a7c3cec4499, actual =62a8a7c3cec4499
[2525000] SCOREBOARD MATCH: wdata passthrough beat=92 expected = f6a714b1d4c27f3d, actual =f6a714b1d4c27f3d
[2525000] SCOREBOARD MATCH: wdata passthrough beat=93 expected = 907689cce63a9d62, actual =907689cce63a9d62
[2525000] SCOREBOARD MATCH: wdata passthrough beat=94 expected = a326e1fbc540a0a0, actual =a326e1fbc540a0a0
[2525000] SCOREBOARD MATCH: wdata passthrough beat=95 expected = 1a031fdd96a11448, actual =1a031fdd96a11448
[2525000] SCOREBOARD MATCH: wdata passthrough beat=96 expected = fcdbb1ab19cdf6ad, actual =fcdbb1ab19cdf6ad
[2525000] SCOREBOARD MATCH: wdata passthrough beat=97 expected = df0e974daa79a9a9, actual =df0e974daa79a9a9
[2525000] SCOREBOARD MATCH: wdata passthrough beat=98 expected = c11abdf2a00293a6, actual =c11abdf2a00293a6
[2525000] SCOREBOARD MATCH: wdata passthrough beat=99 expected = b9d08a53f911b72a, actual =b9d08a53f911b72a
[2525000] SCOREBOARD MATCH: wdata passthrough beat=100 expected = a38b60d33df66f9d, actual =a38b60d33df66f9d
[2525000] SCOREBOARD MATCH: wdata passthrough beat=101 expected = ddf9034398df21a0, actual =ddf9034398df21a0
[2525000] SCOREBOARD MATCH: wdata passthrough beat=102 expected = 91f0d8cae4a61ec5, actual =91f0d8cae4a61ec5
[2525000] SCOREBOARD MATCH: wdata passthrough beat=103 expected = a29c8e6217c98d97, actual =a29c8e6217c98d97
[2525000] SCOREBOARD MATCH: wdata passthrough beat=104 expected = b0a8af37357c399e, actual =b0a8af37357c399e
[2525000] SCOREBOARD MATCH: wdata passthrough beat=105 expected = 9a225863009591a6, actual =9a225863009591a6
[2525000] SCOREBOARD MATCH: wdata passthrough beat=106 expected = 185f1f3dc2998802, actual =185f1f3dc2998802
[2525000] SCOREBOARD MATCH: wdata passthrough beat=107 expected = f815c1a03cbee6c6, actual =f815c1a03cbee6c6
[2525000] SCOREBOARD MATCH: wdata passthrough beat=108 expected = 3d54786cc907ce74, actual =3d54786cc907ce74
[2525000] SCOREBOARD MATCH: wdata passthrough beat=109 expected = 8ba1567692381a03, actual =8ba1567692381a03
[2525000] SCOREBOARD MATCH: wdata passthrough beat=110 expected = cef700c9d5b397a9, actual =cef700c9d5b397a9
[2525000] SCOREBOARD MATCH: wdata passthrough beat=111 expected = 9ebb661d83b71816, actual =9ebb661d83b71816
[2525000] SCOREBOARD MATCH: wdata passthrough beat=112 expected = 15ef321a8c4b7935, actual =15ef321a8c4b7935
[2525000] SCOREBOARD MATCH: wdata passthrough beat=113 expected = e1ff10de2a5cbc94, actual =e1ff10de2a5cbc94
[2525000] SCOREBOARD MATCH: wdata passthrough beat=114 expected = ae13d4aae4e632e3, actual =ae13d4aae4e632e3
[2525000] SCOREBOARD MATCH: wdata passthrough beat=115 expected = f131ac1900ba76fc, actual =f131ac1900ba76fc
[2525000] SCOREBOARD MATCH: wdata passthrough beat=116 expected = 2b173390c40306c4, actual =2b173390c40306c4
[2525000] SCOREBOARD MATCH: wdata passthrough beat=117 expected = 28e939a8d330bcf7, actual =28e939a8d330bcf7
[2525000] SCOREBOARD MATCH: wdata passthrough beat=118 expected = d3eb33f3d92b083a, actual =d3eb33f3d92b083a
[2525000] SCOREBOARD MATCH: wdata passthrough beat=119 expected = 1d2e0eff1a1ae5c1, actual =1d2e0eff1a1ae5c1
[2525000] SCOREBOARD MATCH: wdata passthrough beat=120 expected = ed4ba2b8ff026783, actual =ed4ba2b8ff026783
[2525000] SCOREBOARD MATCH: wdata passthrough beat=121 expected = d82d6fbec61748a7, actual =d82d6fbec61748a7
[2525000] SCOREBOARD MATCH: wdata passthrough beat=122 expected = e0322e68c136d6ac, actual =e0322e68c136d6ac
[2525000] SCOREBOARD MATCH: wdata passthrough beat=123 expected = c0393e2ff55b7ebd, actual =c0393e2ff55b7ebd
[2525000] SCOREBOARD MATCH: wdata passthrough beat=124 expected = 3b72c764cd7dd120, actual =3b72c764cd7dd120
[2525000] SCOREBOARD MATCH: wdata passthrough beat=125 expected = 8eb4a7cc9866aded, actual =8eb4a7cc9866aded
[2525000] SCOREBOARD MATCH: wdata passthrough beat=126 expected = 8dc22caa1ba4f5cc, actual =8dc22caa1ba4f5cc
[2525000] SCOREBOARD MATCH: wdata passthrough beat=127 expected = e922c6ecceede5fc, actual =e922c6ecceede5fc
[2525000] SCOREBOARD MATCH: wdata passthrough beat=128 expected = e75493e9c934f40e, actual =e75493e9c934f40e
[2525000] SCOREBOARD MATCH: wdata passthrough beat=129 expected = e4d9e9daf7d76eb9, actual =e4d9e9daf7d76eb9
[2525000] SCOREBOARD MATCH: wdata passthrough beat=130 expected = c6c554b5f516c094, actual =c6c554b5f516c094
[2525000] SCOREBOARD MATCH: wdata passthrough beat=131 expected = be4bb4a2cdfcb0c7, actual =be4bb4a2cdfcb0c7
[2525000] SCOREBOARD MATCH: wdata passthrough beat=132 expected = c5d41f80ae19e89e, actual =c5d41f80ae19e89e
[2525000] SCOREBOARD MATCH: wdata passthrough beat=133 expected = a330a93223259e7d, actual =a330a93223259e7d
[2525000] SCOREBOARD MATCH: wdata passthrough beat=134 expected = f1224f440c997435, actual =f1224f440c997435
[2525000] SCOREBOARD MATCH: wdata passthrough beat=135 expected = bab35cd3e17c5dd5, actual =bab35cd3e17c5dd5
[2525000] SCOREBOARD MATCH: wdata passthrough beat=136 expected = 4a1fc5236f66ec4, actual =4a1fc5236f66ec4
[2525000] SCOREBOARD MATCH: wdata passthrough beat=137 expected = c38fe2f9dde40606, actual =c38fe2f9dde40606
[2525000] SCOREBOARD MATCH: wdata passthrough beat=138 expected = 3f6063dbf5c44b96, actual =3f6063dbf5c44b96
[2525000] SCOREBOARD MATCH: wdata passthrough beat=139 expected = 2cbaba5afe433fcc, actual =2cbaba5afe433fcc
[2525000] SCOREBOARD MATCH: wdata passthrough beat=140 expected = dc2745d2c402602d, actual =dc2745d2c402602d
[2525000] SCOREBOARD MATCH: wdata passthrough beat=141 expected = 39c6abc3f04a9d53, actual =39c6abc3f04a9d53
[2525000] SCOREBOARD MATCH: wdata passthrough beat=142 expected = ee8ddd1f9b87a9ad, actual =ee8ddd1f9b87a9ad
[2525000] SCOREBOARD MATCH: wdata passthrough beat=143 expected = df8a09dae681661d, actual =df8a09dae681661d
[2525000] SCOREBOARD MATCH: wdata passthrough beat=144 expected = d6cc0370cab522f2, actual =d6cc0370cab522f2
[2525000] SCOREBOARD MATCH: wdata passthrough beat=145 expected = e63ccc9f9950b59d, actual =e63ccc9f9950b59d
[2525000] SCOREBOARD MATCH: wdata passthrough beat=146 expected = ffd21bbac559e08f, actual =ffd21bbac559e08f
[2525000] SCOREBOARD MATCH: wdata passthrough beat=147 expected = 900f0381c5c6d67a, actual =900f0381c5c6d67a
[2525000] SCOREBOARD MATCH: wdata passthrough beat=148 expected = df178c17d69e1f2a, actual =df178c17d69e1f2a
[2525000] SCOREBOARD MATCH: wdata passthrough beat=149 expected = 1bf7ffbaf64bd021, actual =1bf7ffbaf64bd021
[2525000] SCOREBOARD MATCH: wdata passthrough beat=150 expected = 3c12a69bdee9a7d2, actual =3c12a69bdee9a7d2
[2525000] SCOREBOARD MATCH: wdata passthrough beat=151 expected = b587c6fcac07033b, actual =b587c6fcac07033b
[2525000] SCOREBOARD MATCH: wdata passthrough beat=152 expected = a252d35c9b2a32b2, actual =a252d35c9b2a32b2
[2525000] SCOREBOARD MATCH: wdata passthrough beat=153 expected = fa13da84d17fc6b6, actual =fa13da84d17fc6b6
[2525000] SCOREBOARD MATCH: wdata passthrough beat=154 expected = fd86c9f2de6579f7, actual =fd86c9f2de6579f7
[2525000] SCOREBOARD MATCH: wdata passthrough beat=155 expected = f98facaa2f9ba181, actual =f98facaa2f9ba181
[2525000] SCOREBOARD MATCH: wdata passthrough beat=156 expected = 811b68379fd99d4e, actual =811b68379fd99d4e
[2525000] SCOREBOARD MATCH: wdata passthrough beat=157 expected = fe3f1746f3a3872e, actual =fe3f1746f3a3872e
[2525000] SCOREBOARD MATCH: wdata passthrough beat=158 expected = a33f28affea23229, actual =a33f28affea23229
[2525000] SCOREBOARD MATCH: wdata passthrough beat=159 expected = 1e7bcf78f7cec3f0, actual =1e7bcf78f7cec3f0
[2525000] SCOREBOARD MATCH: wdata passthrough beat=160 expected = eb724b1e245a90e7, actual =eb724b1e245a90e7
[2525000] SCOREBOARD MATCH: wdata passthrough beat=161 expected = a2fcc3101cbae6be, actual =a2fcc3101cbae6be
[2525000] SCOREBOARD MATCH: wdata passthrough beat=162 expected = 1489aaae0eb173ce, actual =1489aaae0eb173ce
[2525000] SCOREBOARD MATCH: wdata passthrough beat=163 expected = 330c04b5c1789288, actual =330c04b5c1789288
[2525000] SCOREBOARD MATCH: wdata passthrough beat=164 expected = de337946fffbf5cc, actual =de337946fffbf5cc
[2525000] SCOREBOARD MATCH: wdata passthrough beat=165 expected = 8ead699ad608c7c5, actual =8ead699ad608c7c5
[2525000] SCOREBOARD MATCH: wdata passthrough beat=166 expected = 17815a4ef2bd23f4, actual =17815a4ef2bd23f4
[2525000] SCOREBOARD MATCH: wdata passthrough beat=167 expected = f2b919c1c1b96e4f, actual =f2b919c1c1b96e4f
[2525000] SCOREBOARD MATCH: wdata passthrough beat=168 expected = 17c23615f5b4d394, actual =17c23615f5b4d394
[2525000] SCOREBOARD MATCH: wdata passthrough beat=169 expected = e871f7898166835b, actual =e871f7898166835b
[2525000] SCOREBOARD MATCH: wdata passthrough beat=170 expected = c31ff1ab2f439063, actual =c31ff1ab2f439063
[2525000] SCOREBOARD MATCH: wdata passthrough beat=171 expected = a4f863f7db2b114a, actual =a4f863f7db2b114a
[2525000] SCOREBOARD MATCH: wdata passthrough beat=172 expected = dc9194a5dae227c0, actual =dc9194a5dae227c0
[2525000] SCOREBOARD MATCH: wdata passthrough beat=173 expected = a25b8238d6a5b80, actual =a25b8238d6a5b80
[2525000] SCOREBOARD MATCH: wdata passthrough beat=174 expected = e8956cca9fb18650, actual =e8956cca9fb18650
[2525000] SCOREBOARD MATCH: wdata passthrough beat=175 expected = fa93ae10af1e1c1a, actual =fa93ae10af1e1c1a
[2525000] SCOREBOARD MATCH: wdata passthrough beat=176 expected = 3c88779bc5270170, actual =3c88779bc5270170
[2525000] SCOREBOARD MATCH: wdata passthrough beat=177 expected = e4d887c084b96633, actual =e4d887c084b96633
[2525000] SCOREBOARD MATCH: wdata passthrough beat=178 expected = 33d7824ea51de465, actual =33d7824ea51de465
[2525000] SCOREBOARD MATCH: wdata passthrough beat=179 expected = ea44e5d5df6c35d1, actual =ea44e5d5df6c35d1
[2525000] SCOREBOARD MATCH: wdata passthrough beat=180 expected = e4259c04f05ff9e9, actual =e4259c04f05ff9e9
[2525000] SCOREBOARD MATCH: wdata passthrough beat=181 expected = 957dde4ecf1d6d96, actual =957dde4ecf1d6d96
[2525000] SCOREBOARD MATCH: wdata passthrough beat=182 expected = 2e89a36797fd1e52, actual =2e89a36797fd1e52
[2525000] SCOREBOARD MATCH: wdata passthrough beat=183 expected = 885d183bffc2c424, actual =885d183bffc2c424
[2525000] SCOREBOARD MATCH: wdata passthrough beat=184 expected = cee031ba92af3f6b, actual =cee031ba92af3f6b
[2525000] SCOREBOARD MATCH: wdata passthrough beat=185 expected = 2aac5dbe1ddaf68a, actual =2aac5dbe1ddaf68a
[2525000] SCOREBOARD MATCH: wdata passthrough beat=186 expected = 1d9dbaaefd69d521, actual =1d9dbaaefd69d521
[2525000] SCOREBOARD MATCH: wdata passthrough beat=187 expected = 9019148cb30975f9, actual =9019148cb30975f9
[2525000] SCOREBOARD MATCH: wdata passthrough beat=188 expected = d0e46c83ec7dec68, actual =d0e46c83ec7dec68
[2525000] SCOREBOARD MATCH: wdata passthrough beat=189 expected = e9e7c189bac5724a, actual =e9e7c189bac5724a
[2525000] SCOREBOARD MATCH: wdata passthrough beat=190 expected = edcee844ee822731, actual =edcee844ee822731
[2525000] SCOREBOARD MATCH: wdata passthrough beat=191 expected = db001399fa00d615, actual =db001399fa00d615
[2525000] SCOREBOARD MATCH: wdata passthrough beat=192 expected = 34c64860beb354c7, actual =34c64860beb354c7
[2525000] SCOREBOARD MATCH: wdata passthrough beat=193 expected = 2d357bf9c4e7d522, actual =2d357bf9c4e7d522
[2525000] SCOREBOARD MATCH: wdata passthrough beat=194 expected = 3ee8ab38229530a4, actual =3ee8ab38229530a4
[2525000] SCOREBOARD MATCH: wdata passthrough beat=195 expected = e148856b88358f92, actual =e148856b88358f92
[2525000] SCOREBOARD MATCH: wdata passthrough beat=196 expected = cd1d64b5f3aef398, actual =cd1d64b5f3aef398
[2525000] SCOREBOARD MATCH: wdata passthrough beat=197 expected = 1644243c8e7e0164, actual =1644243c8e7e0164
[2525000] SCOREBOARD MATCH: wdata passthrough beat=198 expected = 16b390f70c060fed, actual =16b390f70c060fed
[2525000] SCOREBOARD MATCH: wdata passthrough beat=199 expected = ffb50385f78ca9a7, actual =ffb50385f78ca9a7
[2525000] SCOREBOARD MATCH: wdata passthrough beat=200 expected = 60aab0ce3d0f5ac, actual =60aab0ce3d0f5ac
[2525000] SCOREBOARD MATCH: wdata passthrough beat=201 expected = efd7059915f927c1, actual =efd7059915f927c1
[2525000] SCOREBOARD MATCH: wdata passthrough beat=202 expected = 8d85d1681cbe3c03, actual =8d85d1681cbe3c03
[2525000] SCOREBOARD MATCH: wdata passthrough beat=203 expected = 8f31afef8c091e, actual =8f31afef8c091e
[2525000] SCOREBOARD MATCH: wdata passthrough beat=204 expected = 58530df93907c74, actual =58530df93907c74
[2525000] SCOREBOARD MATCH: wdata passthrough beat=205 expected = b04eb877f0663748, actual =b04eb877f0663748
[2525000] SCOREBOARD MATCH: wdata passthrough beat=206 expected = dff24066930b0247, actual =dff24066930b0247
[2525000] SCOREBOARD MATCH: wdata passthrough beat=207 expected = 269b7ebcb0ddea26, actual =269b7ebcb0ddea26
[2525000] SCOREBOARD MATCH: wdata passthrough beat=208 expected = a144216ee5777145, actual =a144216ee5777145
[2525000] SCOREBOARD MATCH: wdata passthrough beat=209 expected = f882738cd6ea3733, actual =f882738cd6ea3733
[2525000] SCOREBOARD MATCH: wdata passthrough beat=210 expected = 7c8215a813661d4, actual =7c8215a813661d4
[2525000] SCOREBOARD MATCH: wdata passthrough beat=211 expected = e6add3199f1df248, actual =e6add3199f1df248
[2525000] SCOREBOARD MATCH: wdata passthrough beat=212 expected = f608297ca90c42c8, actual =f608297ca90c42c8
[2525000] SCOREBOARD MATCH: wdata passthrough beat=213 expected = 2a42a49ddf3046a6, actual =2a42a49ddf3046a6
[2525000] SCOREBOARD MATCH: wdata passthrough beat=214 expected = fe4e38eefdd04ad6, actual =fe4e38eefdd04ad6
[2525000] SCOREBOARD MATCH: wdata passthrough beat=215 expected = a6dc8d9e90f077b6, actual =a6dc8d9e90f077b6
[2525000] SCOREBOARD MATCH: wdata passthrough beat=216 expected = f020be5cf456626a, actual =f020be5cf456626a
[2525000] SCOREBOARD MATCH: wdata passthrough beat=217 expected = f226ad40d11f323b, actual =f226ad40d11f323b
[2525000] SCOREBOARD MATCH: wdata passthrough beat=218 expected = e20fa9f2ee6ef74b, actual =e20fa9f2ee6ef74b
[2525000] SCOREBOARD MATCH: wdata passthrough beat=219 expected = e2c559b519033adf, actual =e2c559b519033adf
[2525000] SCOREBOARD MATCH: wdata passthrough beat=220 expected = ea226d1ad230684e, actual =ea226d1ad230684e
[2525000] SCOREBOARD MATCH: wdata passthrough beat=221 expected = c09f5f99d4ec06f6, actual =c09f5f99d4ec06f6
[2525000] SCOREBOARD MATCH: wdata passthrough beat=222 expected = edef41d5cc32170c, actual =edef41d5cc32170c
[2525000] SCOREBOARD MATCH: wdata passthrough beat=223 expected = 1e627f5b2364b94f, actual =1e627f5b2364b94f
[2525000] SCOREBOARD MATCH: wdata passthrough beat=224 expected = f850c045d811aeef, actual =f850c045d811aeef
[2525000] SCOREBOARD MATCH: wdata passthrough beat=225 expected = 2443c5fcdf01def4, actual =2443c5fcdf01def4
[2525000] SCOREBOARD MATCH: wdata passthrough beat=226 expected = 82669843e640021a, actual =82669843e640021a
[2525000] SCOREBOARD MATCH: wdata passthrough beat=227 expected = be51b109c2a64557, actual =be51b109c2a64557
[2525000] SCOREBOARD MATCH: wdata passthrough beat=228 expected = a1a8244bfab75888, actual =a1a8244bfab75888
[2525000] SCOREBOARD MATCH: wdata passthrough beat=229 expected = e0f75aa2e2957705, actual =e0f75aa2e2957705
[2525000] SCOREBOARD MATCH: wdata passthrough beat=230 expected = a53bbc5c240ebc8f, actual =a53bbc5c240ebc8f
[2525000] SCOREBOARD MATCH: wdata passthrough beat=231 expected = 9ec615171f490bac, actual =9ec615171f490bac
[2525000] SCOREBOARD MATCH: wdata passthrough beat=232 expected = 81de82b1c6e3e0a8, actual =81de82b1c6e3e0a8
[2525000] SCOREBOARD MATCH: wdata passthrough beat=233 expected = eaf29d37ffbd6fba, actual =eaf29d37ffbd6fba
[2525000] SCOREBOARD MATCH: wdata passthrough beat=234 expected = 1f067b66271a3f0e, actual =1f067b66271a3f0e
[2525000] SCOREBOARD MATCH: wdata passthrough beat=235 expected = edfe1fb689b8b24e, actual =edfe1fb689b8b24e
[2525000] SCOREBOARD MATCH: wdata passthrough beat=236 expected = 89762208a0e4fe17, actual =89762208a0e4fe17
[2525000] SCOREBOARD MATCH: wdata passthrough beat=237 expected = c7ff3d25d8f0bced, actual =c7ff3d25d8f0bced
[2525000] SCOREBOARD MATCH: wdata passthrough beat=238 expected = e2a96f3ba87c9d6e, actual =e2a96f3ba87c9d6e
[2525000] SCOREBOARD MATCH: wdata passthrough beat=239 expected = c9619b86b5fd5cdb, actual =c9619b86b5fd5cdb
[2525000] SCOREBOARD MATCH: wdata passthrough beat=240 expected = 8eee19c8ec1f9144, actual =8eee19c8ec1f9144
[2525000] SCOREBOARD MATCH: wdata passthrough beat=241 expected = 949c2eb29160d8ab, actual =949c2eb29160d8ab
[2525000] SCOREBOARD MATCH: wdata passthrough beat=242 expected = c75e3587f1978904, actual =c75e3587f1978904
[2525000] SCOREBOARD MATCH: wdata passthrough beat=243 expected = ddb71a48ddfdca38, actual =ddb71a48ddfdca38
[2525000] SCOREBOARD MATCH: wstrb size check expected = f4, actual =f4
[2525000] SCOREBOARD MATCH: wstrb passthrough beat=0 expected = 4f, actual =4f
[2525000] SCOREBOARD MATCH: wstrb passthrough beat=1 expected = e4, actual =e4
[2525000] SCOREBOARD MATCH: wstrb passthrough beat=2 expected = fa, actual =fa
[2525000] SCOREBOARD MATCH: wstrb passthrough beat=3 expected = 53, actual =53
[2525000] SCOREBOARD MATCH: wstrb passthrough beat=4 expected = 6b, actual =6b
[2525000] SCOREBOARD MATCH: wstrb passthrough beat=5 expected = 33, actual =33
[2525000] SCOREBOARD MATCH: wstrb passthrough beat=6 expected = 9b, actual =9b
[2525000] SCOREBOARD MATCH: wstrb passthrough beat=7 expected = ba, actual =ba
[2525000] SCOREBOARD MATCH: wstrb passthrough beat=8 expected = 17, actual =17
[2525000] SCOREBOARD MATCH: wstrb passthrough beat=9 expected = 96, actual =96
[2525000] SCOREBOARD MATCH: wstrb passthrough beat=10 expected = e, actual =e
[2525000] SCOREBOARD MATCH: wstrb passthrough beat=11 expected = 82, actual =82
[2525000] SCOREBOARD MATCH: wstrb passthrough beat=12 expected = c9, actual =c9
[2525000] SCOREBOARD MATCH: wstrb passthrough beat=13 expected = a9, actual =a9
[2525000] SCOREBOARD MATCH: wstrb passthrough beat=14 expected = 3c, actual =3c
[2525000] SCOREBOARD MATCH: wstrb passthrough beat=15 expected = e0, actual =e0
[2525000] SCOREBOARD MATCH: wstrb passthrough beat=16 expected = 3f, actual =3f
[2525000] SCOREBOARD MATCH: wstrb passthrough beat=17 expected = 4a, actual =4a
[2525000] SCOREBOARD MATCH: wstrb passthrough beat=18 expected = 62, actual =62
[2525000] SCOREBOARD MATCH: wstrb passthrough beat=19 expected = 8, actual =8
[2525000] SCOREBOARD MATCH: wstrb passthrough beat=20 expected = f4, actual =f4
[2525000] SCOREBOARD MATCH: wstrb passthrough beat=21 expected = 9e, actual =9e
[2525000] SCOREBOARD MATCH: wstrb passthrough beat=22 expected = e8, actual =e8
[2525000] SCOREBOARD MATCH: wstrb passthrough beat=23 expected = 33, actual =33
[2525000] SCOREBOARD MATCH: wstrb passthrough beat=24 expected = e9, actual =e9
[2525000] SCOREBOARD MATCH: wstrb passthrough beat=25 expected = 4a, actual =4a
[2525000] SCOREBOARD MATCH: wstrb passthrough beat=26 expected = 3c, actual =3c
[2525000] SCOREBOARD MATCH: wstrb passthrough beat=27 expected = dd, actual =dd
[2525000] SCOREBOARD MATCH: wstrb passthrough beat=28 expected = e9, actual =e9
[2525000] SCOREBOARD MATCH: wstrb passthrough beat=29 expected = 24, actual =24
[2525000] SCOREBOARD MATCH: wstrb passthrough beat=30 expected = 10, actual =10
[2525000] SCOREBOARD MATCH: wstrb passthrough beat=31 expected = d2, actual =d2
[2525000] SCOREBOARD MATCH: wstrb passthrough beat=32 expected = 6f, actual =6f
[2525000] SCOREBOARD MATCH: wstrb passthrough beat=33 expected = 4c, actual =4c
[2525000] SCOREBOARD MATCH: wstrb passthrough beat=34 expected = af, actual =af
[2525000] SCOREBOARD MATCH: wstrb passthrough beat=35 expected = 58, actual =58
[2525000] SCOREBOARD MATCH: wstrb passthrough beat=36 expected = 71, actual =71
[2525000] SCOREBOARD MATCH: wstrb passthrough beat=37 expected = bf, actual =bf
[2525000] SCOREBOARD MATCH: wstrb passthrough beat=38 expected = 2a, actual =2a
[2525000] SCOREBOARD MATCH: wstrb passthrough beat=39 expected = e0, actual =e0
[2525000] SCOREBOARD MATCH: wstrb passthrough beat=40 expected = c, actual =c
[2525000] SCOREBOARD MATCH: wstrb passthrough beat=41 expected = d9, actual =d9
[2525000] SCOREBOARD MATCH: wstrb passthrough beat=42 expected = 38, actual =38
[2525000] SCOREBOARD MATCH: wstrb passthrough beat=43 expected = 7d, actual =7d
[2525000] SCOREBOARD MATCH: wstrb passthrough beat=44 expected = 98, actual =98
[2525000] SCOREBOARD MATCH: wstrb passthrough beat=45 expected = 62, actual =62
[2525000] SCOREBOARD MATCH: wstrb passthrough beat=46 expected = 5d, actual =5d
[2525000] SCOREBOARD MATCH: wstrb passthrough beat=47 expected = a4, actual =a4
[2525000] SCOREBOARD MATCH: wstrb passthrough beat=48 expected = 3b, actual =3b
[2525000] SCOREBOARD MATCH: wstrb passthrough beat=49 expected = 95, actual =95
[2525000] SCOREBOARD MATCH: wstrb passthrough beat=50 expected = 21, actual =21
[2525000] SCOREBOARD MATCH: wstrb passthrough beat=51 expected = d3, actual =d3
[2525000] SCOREBOARD MATCH: wstrb passthrough beat=52 expected = f7, actual =f7
[2525000] SCOREBOARD MATCH: wstrb passthrough beat=53 expected = 7e, actual =7e
[2525000] SCOREBOARD MATCH: wstrb passthrough beat=54 expected = 78, actual =78
[2525000] SCOREBOARD MATCH: wstrb passthrough beat=55 expected = 32, actual =32
[2525000] SCOREBOARD MATCH: wstrb passthrough beat=56 expected = 13, actual =13
[2525000] SCOREBOARD MATCH: wstrb passthrough beat=57 expected = 99, actual =99
[2525000] SCOREBOARD MATCH: wstrb passthrough beat=58 expected = 5, actual =5
[2525000] SCOREBOARD MATCH: wstrb passthrough beat=59 expected = a, actual =a
[2525000] SCOREBOARD MATCH: wstrb passthrough beat=60 expected = 18, actual =18
[2525000] SCOREBOARD MATCH: wstrb passthrough beat=61 expected = 7d, actual =7d
[2525000] SCOREBOARD MATCH: wstrb passthrough beat=62 expected = 3c, actual =3c
[2525000] SCOREBOARD MATCH: wstrb passthrough beat=63 expected = 2b, actual =2b
[2525000] SCOREBOARD MATCH: wstrb passthrough beat=64 expected = 17, actual =17
[2525000] SCOREBOARD MATCH: wstrb passthrough beat=65 expected = 42, actual =42
[2525000] SCOREBOARD MATCH: wstrb passthrough beat=66 expected = 36, actual =36
[2525000] SCOREBOARD MATCH: wstrb passthrough beat=67 expected = 2f, actual =2f
[2525000] SCOREBOARD MATCH: wstrb passthrough beat=68 expected = bf, actual =bf
[2525000] SCOREBOARD MATCH: wstrb passthrough beat=69 expected = 72, actual =72
[2525000] SCOREBOARD MATCH: wstrb passthrough beat=70 expected = 5a, actual =5a
[2525000] SCOREBOARD MATCH: wstrb passthrough beat=71 expected = d6, actual =d6
[2525000] SCOREBOARD MATCH: wstrb passthrough beat=72 expected = b4, actual =b4
[2525000] SCOREBOARD MATCH: wstrb passthrough beat=73 expected = 90, actual =90
[2525000] SCOREBOARD MATCH: wstrb passthrough beat=74 expected = 5, actual =5
[2525000] SCOREBOARD MATCH: wstrb passthrough beat=75 expected = 74, actual =74
[2525000] SCOREBOARD MATCH: wstrb passthrough beat=76 expected = 3, actual =3
[2525000] SCOREBOARD MATCH: wstrb passthrough beat=77 expected = 60, actual =60
[2525000] SCOREBOARD MATCH: wstrb passthrough beat=78 expected = 4a, actual =4a
[2525000] SCOREBOARD MATCH: wstrb passthrough beat=79 expected = b7, actual =b7
[2525000] SCOREBOARD MATCH: wstrb passthrough beat=80 expected = f0, actual =f0
[2525000] SCOREBOARD MATCH: wstrb passthrough beat=81 expected = 50, actual =50
[2525000] SCOREBOARD MATCH: wstrb passthrough beat=82 expected = 2b, actual =2b
[2525000] SCOREBOARD MATCH: wstrb passthrough beat=83 expected = f3, actual =f3
[2525000] SCOREBOARD MATCH: wstrb passthrough beat=84 expected = b0, actual =b0
[2525000] SCOREBOARD MATCH: wstrb passthrough beat=85 expected = 76, actual =76
[2525000] SCOREBOARD MATCH: wstrb passthrough beat=86 expected = ab, actual =ab
[2525000] SCOREBOARD MATCH: wstrb passthrough beat=87 expected = a0, actual =a0
[2525000] SCOREBOARD MATCH: wstrb passthrough beat=88 expected = c6, actual =c6
[2525000] SCOREBOARD MATCH: wstrb passthrough beat=89 expected = d6, actual =d6
[2525000] SCOREBOARD MATCH: wstrb passthrough beat=90 expected = 94, actual =94
[2525000] SCOREBOARD MATCH: wstrb passthrough beat=91 expected = 76, actual =76
[2525000] SCOREBOARD MATCH: wstrb passthrough beat=92 expected = 4c, actual =4c
[2525000] SCOREBOARD MATCH: wstrb passthrough beat=93 expected = 3f, actual =3f
[2525000] SCOREBOARD MATCH: wstrb passthrough beat=94 expected = 16, actual =16
[2525000] SCOREBOARD MATCH: wstrb passthrough beat=95 expected = 12, actual =12
[2525000] SCOREBOARD MATCH: wstrb passthrough beat=96 expected = 15, actual =15
[2525000] SCOREBOARD MATCH: wstrb passthrough beat=97 expected = aa, actual =aa
[2525000] SCOREBOARD MATCH: wstrb passthrough beat=98 expected = 88, actual =88
[2525000] SCOREBOARD MATCH: wstrb passthrough beat=99 expected = 62, actual =62
[2525000] SCOREBOARD MATCH: wstrb passthrough beat=100 expected = e9, actual =e9
[2525000] SCOREBOARD MATCH: wstrb passthrough beat=101 expected = 9f, actual =9f
[2525000] SCOREBOARD MATCH: wstrb passthrough beat=102 expected = 74, actual =74
[2525000] SCOREBOARD MATCH: wstrb passthrough beat=103 expected = ff, actual =ff
[2525000] SCOREBOARD MATCH: wstrb passthrough beat=104 expected = 49, actual =49
[2525000] SCOREBOARD MATCH: wstrb passthrough beat=105 expected = fd, actual =fd
[2525000] SCOREBOARD MATCH: wstrb passthrough beat=106 expected = 61, actual =61
[2525000] SCOREBOARD MATCH: wstrb passthrough beat=107 expected = 33, actual =33
[2525000] SCOREBOARD MATCH: wstrb passthrough beat=108 expected = 9c, actual =9c
[2525000] SCOREBOARD MATCH: wstrb passthrough beat=109 expected = d5, actual =d5
[2525000] SCOREBOARD MATCH: wstrb passthrough beat=110 expected = 32, actual =32
[2525000] SCOREBOARD MATCH: wstrb passthrough beat=111 expected = e5, actual =e5
[2525000] SCOREBOARD MATCH: wstrb passthrough beat=112 expected = d2, actual =d2
[2525000] SCOREBOARD MATCH: wstrb passthrough beat=113 expected = 93, actual =93
[2525000] SCOREBOARD MATCH: wstrb passthrough beat=114 expected = 18, actual =18
[2525000] SCOREBOARD MATCH: wstrb passthrough beat=115 expected = 6e, actual =6e
[2525000] SCOREBOARD MATCH: wstrb passthrough beat=116 expected = 68, actual =68
[2525000] SCOREBOARD MATCH: wstrb passthrough beat=117 expected = 4a, actual =4a
[2525000] SCOREBOARD MATCH: wstrb passthrough beat=118 expected = 54, actual =54
[2525000] SCOREBOARD MATCH: wstrb passthrough beat=119 expected = 3b, actual =3b
[2525000] SCOREBOARD MATCH: wstrb passthrough beat=120 expected = dd, actual =dd
[2525000] SCOREBOARD MATCH: wstrb passthrough beat=121 expected = 6c, actual =6c
[2525000] SCOREBOARD MATCH: wstrb passthrough beat=122 expected = a9, actual =a9
[2525000] SCOREBOARD MATCH: wstrb passthrough beat=123 expected = 46, actual =46
[2525000] SCOREBOARD MATCH: wstrb passthrough beat=124 expected = b7, actual =b7
[2525000] SCOREBOARD MATCH: wstrb passthrough beat=125 expected = fd, actual =fd
[2525000] SCOREBOARD MATCH: wstrb passthrough beat=126 expected = 81, actual =81
[2525000] SCOREBOARD MATCH: wstrb passthrough beat=127 expected = 94, actual =94
[2525000] SCOREBOARD MATCH: wstrb passthrough beat=128 expected = 6a, actual =6a
[2525000] SCOREBOARD MATCH: wstrb passthrough beat=129 expected = 2a, actual =2a
[2525000] SCOREBOARD MATCH: wstrb passthrough beat=130 expected = da, actual =da
[2525000] SCOREBOARD MATCH: wstrb passthrough beat=131 expected = 21, actual =21
[2525000] SCOREBOARD MATCH: wstrb passthrough beat=132 expected = 28, actual =28
[2525000] SCOREBOARD MATCH: wstrb passthrough beat=133 expected = 5b, actual =5b
[2525000] SCOREBOARD MATCH: wstrb passthrough beat=134 expected = b5, actual =b5
[2525000] SCOREBOARD MATCH: wstrb passthrough beat=135 expected = 92, actual =92
[2525000] SCOREBOARD MATCH: wstrb passthrough beat=136 expected = 86, actual =86
[2525000] SCOREBOARD MATCH: wstrb passthrough beat=137 expected = 90, actual =90
[2525000] SCOREBOARD MATCH: wstrb passthrough beat=138 expected = b3, actual =b3
[2525000] SCOREBOARD MATCH: wstrb passthrough beat=139 expected = ae, actual =ae
[2525000] SCOREBOARD MATCH: wstrb passthrough beat=140 expected = eb, actual =eb
[2525000] SCOREBOARD MATCH: wstrb passthrough beat=141 expected = 68, actual =68
[2525000] SCOREBOARD MATCH: wstrb passthrough beat=142 expected = 40, actual =40
[2525000] SCOREBOARD MATCH: wstrb passthrough beat=143 expected = 71, actual =71
[2525000] SCOREBOARD MATCH: wstrb passthrough beat=144 expected = f8, actual =f8
[2525000] SCOREBOARD MATCH: wstrb passthrough beat=145 expected = f3, actual =f3
[2525000] SCOREBOARD MATCH: wstrb passthrough beat=146 expected = 1f, actual =1f
[2525000] SCOREBOARD MATCH: wstrb passthrough beat=147 expected = e4, actual =e4
[2525000] SCOREBOARD MATCH: wstrb passthrough beat=148 expected = 5b, actual =5b
[2525000] SCOREBOARD MATCH: wstrb passthrough beat=149 expected = 5f, actual =5f
[2525000] SCOREBOARD MATCH: wstrb passthrough beat=150 expected = 55, actual =55
[2525000] SCOREBOARD MATCH: wstrb passthrough beat=151 expected = 54, actual =54
[2525000] SCOREBOARD MATCH: wstrb passthrough beat=152 expected = 52, actual =52
[2525000] SCOREBOARD MATCH: wstrb passthrough beat=153 expected = 75, actual =75
[2525000] SCOREBOARD MATCH: wstrb passthrough beat=154 expected = 38, actual =38
[2525000] SCOREBOARD MATCH: wstrb passthrough beat=155 expected = ae, actual =ae
[2525000] SCOREBOARD MATCH: wstrb passthrough beat=156 expected = d4, actual =d4
[2525000] SCOREBOARD MATCH: wstrb passthrough beat=157 expected = 8d, actual =8d
[2525000] SCOREBOARD MATCH: wstrb passthrough beat=158 expected = 2, actual =2
[2525000] SCOREBOARD MATCH: wstrb passthrough beat=159 expected = 27, actual =27
[2525000] SCOREBOARD MATCH: wstrb passthrough beat=160 expected = 2, actual =2
[2525000] SCOREBOARD MATCH: wstrb passthrough beat=161 expected = 3a, actual =3a
[2525000] SCOREBOARD MATCH: wstrb passthrough beat=162 expected = d5, actual =d5
[2525000] SCOREBOARD MATCH: wstrb passthrough beat=163 expected = d7, actual =d7
[2525000] SCOREBOARD MATCH: wstrb passthrough beat=164 expected = c7, actual =c7
[2525000] SCOREBOARD MATCH: wstrb passthrough beat=165 expected = d7, actual =d7
[2525000] SCOREBOARD MATCH: wstrb passthrough beat=166 expected = fe, actual =fe
[2525000] SCOREBOARD MATCH: wstrb passthrough beat=167 expected = ca, actual =ca
[2525000] SCOREBOARD MATCH: wstrb passthrough beat=168 expected = 11, actual =11
[2525000] SCOREBOARD MATCH: wstrb passthrough beat=169 expected = d3, actual =d3
[2525000] SCOREBOARD MATCH: wstrb passthrough beat=170 expected = a1, actual =a1
[2525000] SCOREBOARD MATCH: wstrb passthrough beat=171 expected = d8, actual =d8
[2525000] SCOREBOARD MATCH: wstrb passthrough beat=172 expected = aa, actual =aa
[2525000] SCOREBOARD MATCH: wstrb passthrough beat=173 expected = 9f, actual =9f
[2525000] SCOREBOARD MATCH: wstrb passthrough beat=174 expected = a2, actual =a2
[2525000] SCOREBOARD MATCH: wstrb passthrough beat=175 expected = bb, actual =bb
[2525000] SCOREBOARD MATCH: wstrb passthrough beat=176 expected = 72, actual =72
[2525000] SCOREBOARD MATCH: wstrb passthrough beat=177 expected = 43, actual =43
[2525000] SCOREBOARD MATCH: wstrb passthrough beat=178 expected = 93, actual =93
[2525000] SCOREBOARD MATCH: wstrb passthrough beat=179 expected = 1c, actual =1c
[2525000] SCOREBOARD MATCH: wstrb passthrough beat=180 expected = e2, actual =e2
[2525000] SCOREBOARD MATCH: wstrb passthrough beat=181 expected = 36, actual =36
[2525000] SCOREBOARD MATCH: wstrb passthrough beat=182 expected = d7, actual =d7
[2525000] SCOREBOARD MATCH: wstrb passthrough beat=183 expected = 54, actual =54
[2525000] SCOREBOARD MATCH: wstrb passthrough beat=184 expected = 79, actual =79
[2525000] SCOREBOARD MATCH: wstrb passthrough beat=185 expected = 6a, actual =6a
[2525000] SCOREBOARD MATCH: wstrb passthrough beat=186 expected = 70, actual =70
[2525000] SCOREBOARD MATCH: wstrb passthrough beat=187 expected = 5c, actual =5c
[2525000] SCOREBOARD MATCH: wstrb passthrough beat=188 expected = a0, actual =a0
[2525000] SCOREBOARD MATCH: wstrb passthrough beat=189 expected = 47, actual =47
[2525000] SCOREBOARD MATCH: wstrb passthrough beat=190 expected = b0, actual =b0
[2525000] SCOREBOARD MATCH: wstrb passthrough beat=191 expected = 1a, actual =1a
[2525000] SCOREBOARD MATCH: wstrb passthrough beat=192 expected = b2, actual =b2
[2525000] SCOREBOARD MATCH: wstrb passthrough beat=193 expected = 21, actual =21
[2525000] SCOREBOARD MATCH: wstrb passthrough beat=194 expected = 76, actual =76
[2525000] SCOREBOARD MATCH: wstrb passthrough beat=195 expected = 52, actual =52
[2525000] SCOREBOARD MATCH: wstrb passthrough beat=196 expected = 68, actual =68
[2525000] SCOREBOARD MATCH: wstrb passthrough beat=197 expected = 26, actual =26
[2525000] SCOREBOARD MATCH: wstrb passthrough beat=198 expected = 6c, actual =6c
[2525000] SCOREBOARD MATCH: wstrb passthrough beat=199 expected = 1a, actual =1a
[2525000] SCOREBOARD MATCH: wstrb passthrough beat=200 expected = 47, actual =47
[2525000] SCOREBOARD MATCH: wstrb passthrough beat=201 expected = e2, actual =e2
[2525000] SCOREBOARD MATCH: wstrb passthrough beat=202 expected = 6d, actual =6d
[2525000] SCOREBOARD MATCH: wstrb passthrough beat=203 expected = b0, actual =b0
[2525000] SCOREBOARD MATCH: wstrb passthrough beat=204 expected = 9, actual =9
[2525000] SCOREBOARD MATCH: wstrb passthrough beat=205 expected = d9, actual =d9
[2525000] SCOREBOARD MATCH: wstrb passthrough beat=206 expected = ca, actual =ca
[2525000] SCOREBOARD MATCH: wstrb passthrough beat=207 expected = 50, actual =50
[2525000] SCOREBOARD MATCH: wstrb passthrough beat=208 expected = bc, actual =bc
[2525000] SCOREBOARD MATCH: wstrb passthrough beat=209 expected = 37, actual =37
[2525000] SCOREBOARD MATCH: wstrb passthrough beat=210 expected = 0, actual =0
[2525000] SCOREBOARD MATCH: wstrb passthrough beat=211 expected = c5, actual =c5
[2525000] SCOREBOARD MATCH: wstrb passthrough beat=212 expected = 11, actual =11
[2525000] SCOREBOARD MATCH: wstrb passthrough beat=213 expected = cb, actual =cb
[2525000] SCOREBOARD MATCH: wstrb passthrough beat=214 expected = 15, actual =15
[2525000] SCOREBOARD MATCH: wstrb passthrough beat=215 expected = cd, actual =cd
[2525000] SCOREBOARD MATCH: wstrb passthrough beat=216 expected = 2, actual =2
[2525000] SCOREBOARD MATCH: wstrb passthrough beat=217 expected = 16, actual =16
[2525000] SCOREBOARD MATCH: wstrb passthrough beat=218 expected = 92, actual =92
[2525000] SCOREBOARD MATCH: wstrb passthrough beat=219 expected = 13, actual =13
[2525000] SCOREBOARD MATCH: wstrb passthrough beat=220 expected = e1, actual =e1
[2525000] SCOREBOARD MATCH: wstrb passthrough beat=221 expected = a7, actual =a7
[2525000] SCOREBOARD MATCH: wstrb passthrough beat=222 expected = e0, actual =e0
[2525000] SCOREBOARD MATCH: wstrb passthrough beat=223 expected = e3, actual =e3
[2525000] SCOREBOARD MATCH: wstrb passthrough beat=224 expected = bd, actual =bd
[2525000] SCOREBOARD MATCH: wstrb passthrough beat=225 expected = 72, actual =72
[2525000] SCOREBOARD MATCH: wstrb passthrough beat=226 expected = f7, actual =f7
[2525000] SCOREBOARD MATCH: wstrb passthrough beat=227 expected = 9e, actual =9e
[2525000] SCOREBOARD MATCH: wstrb passthrough beat=228 expected = 1a, actual =1a
[2525000] SCOREBOARD MATCH: wstrb passthrough beat=229 expected = d7, actual =d7
[2525000] SCOREBOARD MATCH: wstrb passthrough beat=230 expected = 82, actual =82
[2525000] SCOREBOARD MATCH: wstrb passthrough beat=231 expected = d7, actual =d7
[2525000] SCOREBOARD MATCH: wstrb passthrough beat=232 expected = 4a, actual =4a
[2525000] SCOREBOARD MATCH: wstrb passthrough beat=233 expected = 79, actual =79
[2525000] SCOREBOARD MATCH: wstrb passthrough beat=234 expected = 76, actual =76
[2525000] SCOREBOARD MATCH: wstrb passthrough beat=235 expected = 64, actual =64
[2525000] SCOREBOARD MATCH: wstrb passthrough beat=236 expected = 50, actual =50
[2525000] SCOREBOARD MATCH: wstrb passthrough beat=237 expected = f8, actual =f8
[2525000] SCOREBOARD MATCH: wstrb passthrough beat=238 expected = 3b, actual =3b
[2525000] SCOREBOARD MATCH: wstrb passthrough beat=239 expected = 9a, actual =9a
[2525000] SCOREBOARD MATCH: wstrb passthrough beat=240 expected = 71, actual =71
[2525000] SCOREBOARD MATCH: wstrb passthrough beat=241 expected = b1, actual =b1
[2525000] SCOREBOARD MATCH: wstrb passthrough beat=242 expected = fe, actual =fe
[2525000] SCOREBOARD MATCH: wstrb passthrough beat=243 expected = c1, actual =c1
[2525000] SCOREBOARD MATCH: bresp passthrough expected = 0, actual =0
[2525000] SCOREBOARD MATCH: response routed to correct master (write) expected = 0, actual =0
[2525000] [SCOREBOARD-M] mst_id=0 s_id=1 awaddr=198a5c60 awid=1000 awlen=243 awsize=3 awburst=1 wdata=[9fc10b6a1352405c c683944fe7e9d57c e079955acff25641 e344969dfbdd75dc e3c74b58003aa0c5 d02cf706a9c82aec a5a5a0c8c440e0b3 c47b817833718da3 dd39b88f096cec21 cdadccd414a8787e c81a062102df5958 c4c457912294e4c 26d1c6caa553beb0 a8331808d9fa124d ec236099eeebcceb 943f8b9bb47f5d81 8e796fce12f52763 1e0f44e3c72a3a4 f0f20125fa9cd067 8d91f7ca96207fe9 d293238dff6b70f4 fa08415b8f72ec18 25936c02c38524b3 c2f095a7079a3926 970d253ef8268f8f bbabb442bcf8d702 c4931028bca09140 34c720d0fe9c49e9 3b9520ecdba03567 9840c6a7f072d512 ef0f1efc80283114 dbc8667bcd07e777 3d7abc8a2aa43fe8 aacc70fcf4092d23 c111149a2c89db86 d72e1b6e0694d778 fa9e049bfe8bd124 ab15acaa81fa8c6a 888f63e2bbaf1935 3a3aea5a8243c818 43e5483832d687d 3edc81b3e5509704 e7945f1d8ccdb865 ffb20e3f9176c0d de680311ebd2b3a0 f8a06c05ced7a296 c7ef0ea3c5fc622e b1cf15ce889b8ce8 d7732f7ea65711b4 ec5373e32a6f81d4 b30b0ebc9f623e21 c5b94fd69e2289b1 c8920b850a7e3e3b a9e07c5c320cc3b9 d02f4d6afb9d1a42 61b587def99cc32 a1a68feb18c158f0 145e7332affbd4d9 1f95a10cf1d5dd56 a9736461a79cbaf ca75a088c13c30f7 b3120e4d1ef5a978 396f7527ea0b4194 2b47728cbda94493 dc9eee0b83e515af edf05744de5980d9 1c02c56d960e6332 19f378e21937c9d0 f7914aa9f8a1b378 eb016ab07e3d026 211b99f693941016 c35c38f28a38f8d 30875fb398ace49f 2c40f4b61ae5da3a c38969c7d1a2f9a9 ea4fde483876b845 d35c927ff410c97a c5b3c3239690d2fe cf078b4316e5fc46 af6c5c0b003a16b c694746aa2641dc2 b94a1a08d0aa88e3 80ae2a4e959bffad 38001d70c440dfc8 94eb68abc7429eb8 dcde9e66f14a3778 358b1741159992fa dcdc31b214debbd6 8628f34eca767fec e01012e6b9bad018 ce998beebbb40a8f 62a8a7c3cec4499 f6a714b1d4c27f3d 907689cce63a9d62 a326e1fbc540a0a0 1a031fdd96a11448 fcdbb1ab19cdf6ad df0e974daa79a9a9 c11abdf2a00293a6 b9d08a53f911b72a a38b60d33df66f9d ddf9034398df21a0 91f0d8cae4a61ec5 a29c8e6217c98d97 b0a8af37357c399e 9a225863009591a6 185f1f3dc2998802 f815c1a03cbee6c6 3d54786cc907ce74 8ba1567692381a03 cef700c9d5b397a9 9ebb661d83b71816 15ef321a8c4b7935 e1ff10de2a5cbc94 ae13d4aae4e632e3 f131ac1900ba76fc 2b173390c40306c4 28e939a8d330bcf7 d3eb33f3d92b083a 1d2e0eff1a1ae5c1 ed4ba2b8ff026783 d82d6fbec61748a7 e0322e68c136d6ac c0393e2ff55b7ebd 3b72c764cd7dd120 8eb4a7cc9866aded 8dc22caa1ba4f5cc e922c6ecceede5fc e75493e9c934f40e e4d9e9daf7d76eb9 c6c554b5f516c094 be4bb4a2cdfcb0c7 c5d41f80ae19e89e a330a93223259e7d f1224f440c997435 bab35cd3e17c5dd5 4a1fc5236f66ec4 c38fe2f9dde40606 3f6063dbf5c44b96 2cbaba5afe433fcc dc2745d2c402602d 39c6abc3f04a9d53 ee8ddd1f9b87a9ad df8a09dae681661d d6cc0370cab522f2 e63ccc9f9950b59d ffd21bbac559e08f 900f0381c5c6d67a df178c17d69e1f2a 1bf7ffbaf64bd021 3c12a69bdee9a7d2 b587c6fcac07033b a252d35c9b2a32b2 fa13da84d17fc6b6 fd86c9f2de6579f7 f98facaa2f9ba181 811b68379fd99d4e fe3f1746f3a3872e a33f28affea23229 1e7bcf78f7cec3f0 eb724b1e245a90e7 a2fcc3101cbae6be 1489aaae0eb173ce 330c04b5c1789288 de337946fffbf5cc 8ead699ad608c7c5 17815a4ef2bd23f4 f2b919c1c1b96e4f 17c23615f5b4d394 e871f7898166835b c31ff1ab2f439063 a4f863f7db2b114a dc9194a5dae227c0 a25b8238d6a5b80 e8956cca9fb18650 fa93ae10af1e1c1a 3c88779bc5270170 e4d887c084b96633 33d7824ea51de465 ea44e5d5df6c35d1 e4259c04f05ff9e9 957dde4ecf1d6d96 2e89a36797fd1e52 885d183bffc2c424 cee031ba92af3f6b 2aac5dbe1ddaf68a 1d9dbaaefd69d521 9019148cb30975f9 d0e46c83ec7dec68 e9e7c189bac5724a edcee844ee822731 db001399fa00d615 34c64860beb354c7 2d357bf9c4e7d522 3ee8ab38229530a4 e148856b88358f92 cd1d64b5f3aef398 1644243c8e7e0164 16b390f70c060fed ffb50385f78ca9a7 60aab0ce3d0f5ac efd7059915f927c1 8d85d1681cbe3c03 8f31afef8c091e 58530df93907c74 b04eb877f0663748 dff24066930b0247 269b7ebcb0ddea26 a144216ee5777145 f882738cd6ea3733 7c8215a813661d4 e6add3199f1df248 f608297ca90c42c8 2a42a49ddf3046a6 fe4e38eefdd04ad6 a6dc8d9e90f077b6 f020be5cf456626a f226ad40d11f323b e20fa9f2ee6ef74b e2c559b519033adf ea226d1ad230684e c09f5f99d4ec06f6 edef41d5cc32170c 1e627f5b2364b94f f850c045d811aeef 2443c5fcdf01def4 82669843e640021a be51b109c2a64557 a1a8244bfab75888 e0f75aa2e2957705 a53bbc5c240ebc8f 9ec615171f490bac 81de82b1c6e3e0a8 eaf29d37ffbd6fba 1f067b66271a3f0e edfe1fb689b8b24e 89762208a0e4fe17 c7ff3d25d8f0bced e2a96f3ba87c9d6e c9619b86b5fd5cdb 8eee19c8ec1f9144 949c2eb29160d8ab c75e3587f1978904 ddb71a48ddfdca38 ] wstrb=[4f e4 fa 53 6b 33 9b ba 17 96 e 82 c9 a9 3c e0 3f 4a 62 8 f4 9e e8 33 e9 4a 3c dd e9 24 10 d2 6f 4c af 58 71 bf 2a e0 c d9 38 7d 98 62 5d a4 3b 95 21 d3 f7 7e 78 32 13 99 5 a 18 7d 3c 2b 17 42 36 2f bf 72 5a d6 b4 90 5 74 3 60 4a b7 f0 50 2b f3 b0 76 ab a0 c6 d6 94 76 4c 3f 16 12 15 aa 88 62 e9 9f 74 ff 49 fd 61 33 9c d5 32 e5 d2 93 18 6e 68 4a 54 3b dd 6c a9 46 b7 fd 81 94 6a 2a da 21 28 5b b5 92 86 90 b3 ae eb 68 40 71 f8 f3 1f e4 5b 5f 55 54 52 75 38 ae d4 8d 2 27 2 3a d5 d7 c7 d7 fe ca 11 d3 a1 d8 aa 9f a2 bb 72 43 93 1c e2 36 d7 54 79 6a 70 5c a0 47 b0 1a b2 21 76 52 68 26 6c 1a 47 e2 6d b0 9 d9 ca 50 bc 37 0 c5 11 cb 15 cd 2 16 92 13 e1 a7 e0 e3 bd 72 f7 9e 1a d7 82 d7 4a 79 76 64 50 f8 3b 9a 71 b1 fe c1 ] bresp=0 bid=1000
[2525000] [SCOREBOARD-S] mst_id=0 s_id=1 awaddr=198a5c60 awid=1000 awlen=243 awsize=3 awburst=1 wdata=[9fc10b6a1352405c c683944fe7e9d57c e079955acff25641 e344969dfbdd75dc e3c74b58003aa0c5 d02cf706a9c82aec a5a5a0c8c440e0b3 c47b817833718da3 dd39b88f096cec21 cdadccd414a8787e c81a062102df5958 c4c457912294e4c 26d1c6caa553beb0 a8331808d9fa124d ec236099eeebcceb 943f8b9bb47f5d81 8e796fce12f52763 1e0f44e3c72a3a4 f0f20125fa9cd067 8d91f7ca96207fe9 d293238dff6b70f4 fa08415b8f72ec18 25936c02c38524b3 c2f095a7079a3926 970d253ef8268f8f bbabb442bcf8d702 c4931028bca09140 34c720d0fe9c49e9 3b9520ecdba03567 9840c6a7f072d512 ef0f1efc80283114 dbc8667bcd07e777 3d7abc8a2aa43fe8 aacc70fcf4092d23 c111149a2c89db86 d72e1b6e0694d778 fa9e049bfe8bd124 ab15acaa81fa8c6a 888f63e2bbaf1935 3a3aea5a8243c818 43e5483832d687d 3edc81b3e5509704 e7945f1d8ccdb865 ffb20e3f9176c0d de680311ebd2b3a0 f8a06c05ced7a296 c7ef0ea3c5fc622e b1cf15ce889b8ce8 d7732f7ea65711b4 ec5373e32a6f81d4 b30b0ebc9f623e21 c5b94fd69e2289b1 c8920b850a7e3e3b a9e07c5c320cc3b9 d02f4d6afb9d1a42 61b587def99cc32 a1a68feb18c158f0 145e7332affbd4d9 1f95a10cf1d5dd56 a9736461a79cbaf ca75a088c13c30f7 b3120e4d1ef5a978 396f7527ea0b4194 2b47728cbda94493 dc9eee0b83e515af edf05744de5980d9 1c02c56d960e6332 19f378e21937c9d0 f7914aa9f8a1b378 eb016ab07e3d026 211b99f693941016 c35c38f28a38f8d 30875fb398ace49f 2c40f4b61ae5da3a c38969c7d1a2f9a9 ea4fde483876b845 d35c927ff410c97a c5b3c3239690d2fe cf078b4316e5fc46 af6c5c0b003a16b c694746aa2641dc2 b94a1a08d0aa88e3 80ae2a4e959bffad 38001d70c440dfc8 94eb68abc7429eb8 dcde9e66f14a3778 358b1741159992fa dcdc31b214debbd6 8628f34eca767fec e01012e6b9bad018 ce998beebbb40a8f 62a8a7c3cec4499 f6a714b1d4c27f3d 907689cce63a9d62 a326e1fbc540a0a0 1a031fdd96a11448 fcdbb1ab19cdf6ad df0e974daa79a9a9 c11abdf2a00293a6 b9d08a53f911b72a a38b60d33df66f9d ddf9034398df21a0 91f0d8cae4a61ec5 a29c8e6217c98d97 b0a8af37357c399e 9a225863009591a6 185f1f3dc2998802 f815c1a03cbee6c6 3d54786cc907ce74 8ba1567692381a03 cef700c9d5b397a9 9ebb661d83b71816 15ef321a8c4b7935 e1ff10de2a5cbc94 ae13d4aae4e632e3 f131ac1900ba76fc 2b173390c40306c4 28e939a8d330bcf7 d3eb33f3d92b083a 1d2e0eff1a1ae5c1 ed4ba2b8ff026783 d82d6fbec61748a7 e0322e68c136d6ac c0393e2ff55b7ebd 3b72c764cd7dd120 8eb4a7cc9866aded 8dc22caa1ba4f5cc e922c6ecceede5fc e75493e9c934f40e e4d9e9daf7d76eb9 c6c554b5f516c094 be4bb4a2cdfcb0c7 c5d41f80ae19e89e a330a93223259e7d f1224f440c997435 bab35cd3e17c5dd5 4a1fc5236f66ec4 c38fe2f9dde40606 3f6063dbf5c44b96 2cbaba5afe433fcc dc2745d2c402602d 39c6abc3f04a9d53 ee8ddd1f9b87a9ad df8a09dae681661d d6cc0370cab522f2 e63ccc9f9950b59d ffd21bbac559e08f 900f0381c5c6d67a df178c17d69e1f2a 1bf7ffbaf64bd021 3c12a69bdee9a7d2 b587c6fcac07033b a252d35c9b2a32b2 fa13da84d17fc6b6 fd86c9f2de6579f7 f98facaa2f9ba181 811b68379fd99d4e fe3f1746f3a3872e a33f28affea23229 1e7bcf78f7cec3f0 eb724b1e245a90e7 a2fcc3101cbae6be 1489aaae0eb173ce 330c04b5c1789288 de337946fffbf5cc 8ead699ad608c7c5 17815a4ef2bd23f4 f2b919c1c1b96e4f 17c23615f5b4d394 e871f7898166835b c31ff1ab2f439063 a4f863f7db2b114a dc9194a5dae227c0 a25b8238d6a5b80 e8956cca9fb18650 fa93ae10af1e1c1a 3c88779bc5270170 e4d887c084b96633 33d7824ea51de465 ea44e5d5df6c35d1 e4259c04f05ff9e9 957dde4ecf1d6d96 2e89a36797fd1e52 885d183bffc2c424 cee031ba92af3f6b 2aac5dbe1ddaf68a 1d9dbaaefd69d521 9019148cb30975f9 d0e46c83ec7dec68 e9e7c189bac5724a edcee844ee822731 db001399fa00d615 34c64860beb354c7 2d357bf9c4e7d522 3ee8ab38229530a4 e148856b88358f92 cd1d64b5f3aef398 1644243c8e7e0164 16b390f70c060fed ffb50385f78ca9a7 60aab0ce3d0f5ac efd7059915f927c1 8d85d1681cbe3c03 8f31afef8c091e 58530df93907c74 b04eb877f0663748 dff24066930b0247 269b7ebcb0ddea26 a144216ee5777145 f882738cd6ea3733 7c8215a813661d4 e6add3199f1df248 f608297ca90c42c8 2a42a49ddf3046a6 fe4e38eefdd04ad6 a6dc8d9e90f077b6 f020be5cf456626a f226ad40d11f323b e20fa9f2ee6ef74b e2c559b519033adf ea226d1ad230684e c09f5f99d4ec06f6 edef41d5cc32170c 1e627f5b2364b94f f850c045d811aeef 2443c5fcdf01def4 82669843e640021a be51b109c2a64557 a1a8244bfab75888 e0f75aa2e2957705 a53bbc5c240ebc8f 9ec615171f490bac 81de82b1c6e3e0a8 eaf29d37ffbd6fba 1f067b66271a3f0e edfe1fb689b8b24e 89762208a0e4fe17 c7ff3d25d8f0bced e2a96f3ba87c9d6e c9619b86b5fd5cdb 8eee19c8ec1f9144 949c2eb29160d8ab c75e3587f1978904 ddb71a48ddfdca38 ] wstrb=[4f e4 fa 53 6b 33 9b ba 17 96 e 82 c9 a9 3c e0 3f 4a 62 8 f4 9e e8 33 e9 4a 3c dd e9 24 10 d2 6f 4c af 58 71 bf 2a e0 c d9 38 7d 98 62 5d a4 3b 95 21 d3 f7 7e 78 32 13 99 5 a 18 7d 3c 2b 17 42 36 2f bf 72 5a d6 b4 90 5 74 3 60 4a b7 f0 50 2b f3 b0 76 ab a0 c6 d6 94 76 4c 3f 16 12 15 aa 88 62 e9 9f 74 ff 49 fd 61 33 9c d5 32 e5 d2 93 18 6e 68 4a 54 3b dd 6c a9 46 b7 fd 81 94 6a 2a da 21 28 5b b5 92 86 90 b3 ae eb 68 40 71 f8 f3 1f e4 5b 5f 55 54 52 75 38 ae d4 8d 2 27 2 3a d5 d7 c7 d7 fe ca 11 d3 a1 d8 aa 9f a2 bb 72 43 93 1c e2 36 d7 54 79 6a 70 5c a0 47 b0 1a b2 21 76 52 68 26 6c 1a 47 e2 6d b0 9 d9 ca 50 bc 37 0 c5 11 cb 15 cd 2 16 92 13 e1 a7 e0 e3 bd 72 f7 9e 1a d7 82 d7 4a 79 76 64 50 f8 3b 9a 71 b1 fe c1 ] bresp=0 bid=1000
[2525000] SCOREBOARD: Transaction 2 received. pass=690 fail=0
[2525000] ALL PASS. Total transactions: 2
[2535000] S1 MEMORY WRITE beat=1 addr=1d96eff8 data=cb8cd1f033c99bca id=1a
[2535000] MASTER 1 W_VALID_RDY Handshake beat=0 wlast=0
[2545000] MASTER 1 W_VALID_RDY Handshake beat=1 wlast=0
[2545000] S1 MEMORY WRITE beat=2 addr=1d96efc0 data=ee016441e5665ab1 id=1a
[2555000] S1 MEMORY WRITE beat=3 addr=1d96efc8 data=d667d2dc0aa6af9a id=1a
[2555000] MASTER 1 W_VALID_RDY Handshake beat=2 wlast=0
[2565000] MASTER 1 W_VALID_RDY Handshake beat=3 wlast=0
[2565000] S1 MEMORY WRITE beat=4 addr=1d96efd0 data=3e704b64821924c4 id=1a
[2575000] S1 MEMORY WRITE beat=5 addr=1d96efd8 data=e77f7f75a1f4a4cc id=1a
[2575000] MASTER 1 W_VALID_RDY Handshake beat=4 wlast=0
[2585000] MASTER 1 W_VALID_RDY Handshake beat=5 wlast=0
[2585000] S1 MEMORY WRITE beat=6 addr=1d96efe0 data=ac9b54662c71afa5 id=1a
[2595000] S1 MEMORY WRITE beat=7 addr=1d96efe8 data=ae8ad4693de75252 id=1a
[2595000] MASTER 1 W_VALID_RDY Handshake beat=6 wlast=0
[2605000] MASTER 1 W_VALID_RDY Handshake beat=7 wlast=0
[2605000] ARB MONITOR: slave=0 m0_req=0 m1_req=0 winner=1
[2605000] SLAVE1 sent B resp, id=10
[2605000] AXI S0_AWVALID_RDY HANDSHAKE
[2615000] AXI S0_WVALID_RDY HANDSHAKE
[2615000] S0 MEMORY WRITE beat=0 addr=094aef70 data=a8a6557eb9c40338 id=19
[2615000] [SLAVE MONITOR] mst_id=1 s_id=1 awaddr=1d96eff0 awid=1010 awlen=7 awsize=3 awburst=2 wdata=[9417c083f101782b cb8cd1f033c99bca ee016441e5665ab1 d667d2dc0aa6af9a 3e704b64821924c4 e77f7f75a1f4a4cc ac9b54662c71afa5 ae8ad4693de75252 ] wstrb=[ca 1e df 6f 85 31 d9 4f ] bresp=0 bid=11010
[2625000] MASTER 1 RECEIVED BRESP. BRESP=0
[2625000] [MASTER DRIVER] mst_id=1 s_id=0 awaddr=1d96eff0 awid=1010 awlen=7 awsize=3 awburst=2 wdata=[9417c083f101782b cb8cd1f033c99bca ee016441e5665ab1 d667d2dc0aa6af9a 3e704b64821924c4 e77f7f75a1f4a4cc ac9b54662c71afa5 ae8ad4693de75252 ] wstrb=[ca 1e df 6f 85 31 d9 4f ] bresp=0 bid=1010
[2625000] MASTER 1 W_VALID_RDY Handshake beat=8 wlast=0
[2625000] MASTER 1 B_VALID_RDY Handshake
[2625000] [MASTER MONITOR] mst_id=1 s_id=1 awaddr=1d96eff0 awid=1010 awlen=7 awsize=3 awburst=2 wdata=[9417c083f101782b cb8cd1f033c99bca ee016441e5665ab1 d667d2dc0aa6af9a 3e704b64821924c4 e77f7f75a1f4a4cc ac9b54662c71afa5 ae8ad4693de75252 ] wstrb=[ca 1e df 6f 85 31 d9 4f ] bresp=0 bid=1010
[2625000] AXI S0_WVALID_RDY HANDSHAKE
[2625000] S0 MEMORY WRITE beat=1 addr=094aef78 data=37e1b836c856986a id=19
[2625000] SCOREBOARD MATCH: decode_err expected = 0, actual =0
[2625000] SCOREBOARD MATCH: slave_id expected = 1, actual =1
[2625000] SCOREBOARD MATCH: awaddr passthrough expected = 1d96eff0, actual =1d96eff0
[2625000] SCOREBOARD MATCH: awlen passthrough expected = 7, actual =7
[2625000] SCOREBOARD MATCH: awsize passthrough expected = 3, actual =3
[2625000] SCOREBOARD MATCH: awburst passthrough expected = 2, actual =2
[2625000] SCOREBOARD MATCH: wdata size check expected = 8, actual =8
[2625000] SCOREBOARD MATCH: wdata passthrough beat=0 expected = 9417c083f101782b, actual =9417c083f101782b
[2625000] SCOREBOARD MATCH: wdata passthrough beat=1 expected = cb8cd1f033c99bca, actual =cb8cd1f033c99bca
[2625000] SCOREBOARD MATCH: wdata passthrough beat=2 expected = ee016441e5665ab1, actual =ee016441e5665ab1
[2625000] SCOREBOARD MATCH: wdata passthrough beat=3 expected = d667d2dc0aa6af9a, actual =d667d2dc0aa6af9a
[2625000] SCOREBOARD MATCH: wdata passthrough beat=4 expected = 3e704b64821924c4, actual =3e704b64821924c4
[2625000] SCOREBOARD MATCH: wdata passthrough beat=5 expected = e77f7f75a1f4a4cc, actual =e77f7f75a1f4a4cc
[2625000] SCOREBOARD MATCH: wdata passthrough beat=6 expected = ac9b54662c71afa5, actual =ac9b54662c71afa5
[2625000] SCOREBOARD MATCH: wdata passthrough beat=7 expected = ae8ad4693de75252, actual =ae8ad4693de75252
[2625000] SCOREBOARD MATCH: wstrb size check expected = 8, actual =8
[2625000] SCOREBOARD MATCH: wstrb passthrough beat=0 expected = ca, actual =ca
[2625000] SCOREBOARD MATCH: wstrb passthrough beat=1 expected = 1e, actual =1e
[2625000] SCOREBOARD MATCH: wstrb passthrough beat=2 expected = df, actual =df
[2625000] SCOREBOARD MATCH: wstrb passthrough beat=3 expected = 6f, actual =6f
[2625000] SCOREBOARD MATCH: wstrb passthrough beat=4 expected = 85, actual =85
[2625000] SCOREBOARD MATCH: wstrb passthrough beat=5 expected = 31, actual =31
[2625000] SCOREBOARD MATCH: wstrb passthrough beat=6 expected = d9, actual =d9
[2625000] SCOREBOARD MATCH: wstrb passthrough beat=7 expected = 4f, actual =4f
[2625000] SCOREBOARD MATCH: bresp passthrough expected = 0, actual =0
[2625000] SCOREBOARD MATCH: response routed to correct master (write) expected = 1, actual =1
[2625000] [SCOREBOARD-M] mst_id=1 s_id=1 awaddr=1d96eff0 awid=1010 awlen=7 awsize=3 awburst=2 wdata=[9417c083f101782b cb8cd1f033c99bca ee016441e5665ab1 d667d2dc0aa6af9a 3e704b64821924c4 e77f7f75a1f4a4cc ac9b54662c71afa5 ae8ad4693de75252 ] wstrb=[ca 1e df 6f 85 31 d9 4f ] bresp=0 bid=1010
[2625000] [SCOREBOARD-S] mst_id=1 s_id=1 awaddr=1d96eff0 awid=1010 awlen=7 awsize=3 awburst=2 wdata=[9417c083f101782b cb8cd1f033c99bca ee016441e5665ab1 d667d2dc0aa6af9a 3e704b64821924c4 e77f7f75a1f4a4cc ac9b54662c71afa5 ae8ad4693de75252 ] wstrb=[ca 1e df 6f 85 31 d9 4f ] bresp=0 bid=11010
[2625000] SCOREBOARD: Transaction 3 received. pass=716 fail=0
[2625000] ALL PASS. Total transactions: 3
[2635000] AXI S0_WVALID_RDY HANDSHAKE
[2635000] S0 MEMORY WRITE beat=2 addr=094aef80 data=bdd2f9cae17601a7 id=19
[2635000] MASTER 1 W_VALID_RDY Handshake beat=9 wlast=0
[2645000] MASTER 1 W_VALID_RDY Handshake beat=10 wlast=0
[2645000] AXI S0_WVALID_RDY HANDSHAKE
[2645000] S0 MEMORY WRITE beat=3 addr=094aef88 data=1b3a04e03fce7fee id=19
[2655000] AXI S0_WVALID_RDY HANDSHAKE
[2655000] S0 MEMORY WRITE beat=4 addr=094aef90 data=08251858e6794f49 id=19
[2655000] MASTER 1 W_VALID_RDY Handshake beat=11 wlast=0
[2665000] MASTER 1 W_VALID_RDY Handshake beat=12 wlast=0
[2665000] AXI S0_WVALID_RDY HANDSHAKE
[2665000] S0 MEMORY WRITE beat=5 addr=094aef98 data=c7ef50f0d31bbd16 id=19
[2675000] AXI S0_WVALID_RDY HANDSHAKE
[2675000] S0 MEMORY WRITE beat=6 addr=094aefa0 data=12ea3d04c5f81222 id=19
[2675000] MASTER 1 W_VALID_RDY Handshake beat=13 wlast=0
[2685000] MASTER 1 W_VALID_RDY Handshake beat=14 wlast=0
[2685000] AXI S0_WVALID_RDY HANDSHAKE
[2685000] S0 MEMORY WRITE beat=7 addr=094aefa8 data=ac71616be32955d0 id=19
[2695000] AXI S0_WVALID_RDY HANDSHAKE
[2695000] S0 MEMORY WRITE beat=8 addr=094aefb0 data=b64512e61b0f555c id=19
[2695000] MASTER 1 W_VALID_RDY Handshake beat=15 wlast=0
[2705000] MASTER 1 W_VALID_RDY Handshake beat=16 wlast=0
[2705000] AXI S0_WVALID_RDY HANDSHAKE
[2705000] S0 MEMORY WRITE beat=9 addr=094aefb8 data=e107677ef460b25c id=19
[2715000] AXI S0_WVALID_RDY HANDSHAKE
[2715000] S0 MEMORY WRITE beat=10 addr=094aefc0 data=d78a082cc92f4fea id=19
[2715000] MASTER 1 W_VALID_RDY Handshake beat=17 wlast=0
[2725000] MASTER 1 W_VALID_RDY Handshake beat=18 wlast=0
[2725000] AXI S0_WVALID_RDY HANDSHAKE
[2725000] S0 MEMORY WRITE beat=11 addr=094aefc8 data=e43ea5460d78c8ea id=19
[2735000] AXI S0_WVALID_RDY HANDSHAKE
[2735000] S0 MEMORY WRITE beat=12 addr=094aefd0 data=01d97b460dcf1b13 id=19
[2735000] MASTER 1 W_VALID_RDY Handshake beat=19 wlast=0
[2745000] MASTER 1 W_VALID_RDY Handshake beat=20 wlast=0
[2745000] AXI S0_WVALID_RDY HANDSHAKE
[2745000] S0 MEMORY WRITE beat=13 addr=094aefd8 data=d6fe6afdc5460cc5 id=19
[2755000] AXI S0_WVALID_RDY HANDSHAKE
[2755000] S0 MEMORY WRITE beat=14 addr=094aefe0 data=d2bed5afd9638372 id=19
[2755000] MASTER 1 W_VALID_RDY Handshake beat=21 wlast=0
[2765000] MASTER 1 W_VALID_RDY Handshake beat=22 wlast=0
[2765000] AXI S0_WVALID_RDY HANDSHAKE
[2765000] S0 MEMORY WRITE beat=15 addr=094aefe8 data=e7329e853b3d1044 id=19
[2775000] AXI S0_WVALID_RDY HANDSHAKE
[2775000] S0 MEMORY WRITE beat=16 addr=094aeff0 data=00831d09d49850f5 id=19
[2775000] MASTER 1 W_VALID_RDY Handshake beat=23 wlast=0
[2785000] MASTER 1 W_VALID_RDY Handshake beat=24 wlast=0
[2785000] AXI S0_WVALID_RDY HANDSHAKE
[2785000] S0 MEMORY WRITE beat=17 addr=094aeff8 data=adfbd4673e310983 id=19
[2795000] AXI S0_WVALID_RDY HANDSHAKE
[2795000] S0 MEMORY WRITE beat=18 addr=094af000 data=f96e19c7d341f2b8 id=19
[2795000] MASTER 1 W_VALID_RDY Handshake beat=25 wlast=0
[2805000] MASTER 1 W_VALID_RDY Handshake beat=26 wlast=0
[2805000] AXI S0_WVALID_RDY HANDSHAKE
[2805000] S0 MEMORY WRITE beat=19 addr=094af008 data=27da43ad152e72ed id=19
[2815000] AXI S0_WVALID_RDY HANDSHAKE
[2815000] S0 MEMORY WRITE beat=20 addr=094af010 data=d35f7c70f9f136d0 id=19
[2815000] MASTER 1 W_VALID_RDY Handshake beat=27 wlast=0
[2825000] MASTER 1 W_VALID_RDY Handshake beat=28 wlast=0
[2825000] AXI S0_WVALID_RDY HANDSHAKE
[2825000] S0 MEMORY WRITE beat=21 addr=094af018 data=cd332988d5d61814 id=19
[2835000] AXI S0_WVALID_RDY HANDSHAKE
[2835000] S0 MEMORY WRITE beat=22 addr=094af020 data=eb048b01cccd9637 id=19
[2835000] MASTER 1 W_VALID_RDY Handshake beat=29 wlast=0
[2845000] MASTER 1 W_VALID_RDY Handshake beat=30 wlast=0
[2845000] AXI S0_WVALID_RDY HANDSHAKE
[2845000] S0 MEMORY WRITE beat=23 addr=094af028 data=c6becd07f50d6d35 id=19
[2855000] AXI S0_WVALID_RDY HANDSHAKE
[2855000] S0 MEMORY WRITE beat=24 addr=094af030 data=cae38549be640771 id=19
[2855000] MASTER 1 W_VALID_RDY Handshake beat=31 wlast=0
[2865000] MASTER 1 W_VALID_RDY Handshake beat=32 wlast=0
[2865000] AXI S0_WVALID_RDY HANDSHAKE
[2865000] S0 MEMORY WRITE beat=25 addr=094af038 data=8b319da813f1f68f id=19
[2875000] AXI S0_WVALID_RDY HANDSHAKE
[2875000] S0 MEMORY WRITE beat=26 addr=094af040 data=08ff63c435e8104b id=19
[2875000] MASTER 1 W_VALID_RDY Handshake beat=33 wlast=0
[2885000] MASTER 1 W_VALID_RDY Handshake beat=34 wlast=0
[2885000] AXI S0_WVALID_RDY HANDSHAKE
[2885000] S0 MEMORY WRITE beat=27 addr=094af048 data=f44c17bcd1f06aaf id=19
[2895000] AXI S0_WVALID_RDY HANDSHAKE
[2895000] S0 MEMORY WRITE beat=28 addr=094af050 data=e5e2613ed3e2e90d id=19
[2895000] MASTER 1 W_VALID_RDY Handshake beat=35 wlast=0
[2905000] MASTER 1 W_VALID_RDY Handshake beat=36 wlast=0
[2905000] AXI S0_WVALID_RDY HANDSHAKE
[2905000] S0 MEMORY WRITE beat=29 addr=094af058 data=89caf958ff7db565 id=19
[2915000] AXI S0_WVALID_RDY HANDSHAKE
[2915000] S0 MEMORY WRITE beat=30 addr=094af060 data=d16e2014eee1c502 id=19
[2915000] MASTER 1 W_VALID_RDY Handshake beat=37 wlast=0
[2925000] MASTER 1 W_VALID_RDY Handshake beat=38 wlast=0
[2925000] AXI S0_WVALID_RDY HANDSHAKE
[2925000] S0 MEMORY WRITE beat=31 addr=094af068 data=c2c4ae10fe171115 id=19
[2935000] AXI S0_WVALID_RDY HANDSHAKE
[2935000] S0 MEMORY WRITE beat=32 addr=094af070 data=fd94c67a37508153 id=19
[2935000] MASTER 1 W_VALID_RDY Handshake beat=39 wlast=0
[2945000] MASTER 1 W_VALID_RDY Handshake beat=40 wlast=0
[2945000] AXI S0_WVALID_RDY HANDSHAKE
[2945000] S0 MEMORY WRITE beat=33 addr=094af078 data=a6324655cc8fa768 id=19
[2955000] AXI S0_WVALID_RDY HANDSHAKE
[2955000] S0 MEMORY WRITE beat=34 addr=094af080 data=caa6b87dcf02e68e id=19
[2955000] MASTER 1 W_VALID_RDY Handshake beat=41 wlast=1
[2955000] MASTER_DRIVER1 received transaction, op=AXI_READ
[2965000] AXI S0_WVALID_RDY HANDSHAKE
[2965000] S0 MEMORY WRITE beat=35 addr=094af088 data=865367e1e8f6f465 id=19
[2975000] AXI S0_WVALID_RDY HANDSHAKE
[2975000] S0 MEMORY WRITE beat=36 addr=094af090 data=35869bcec83b7ef7 id=19
[2985000] ARB MONITOR: slave=0 m0_req=0 m1_req=1 winner=1
[2985000] AXI S0_ARVALID_RDY HANDSHAKE
[2985000] MEMORY READ MISS beat=0 addr=95781f8 -> default data id=19
[2985000] AXI S0_WVALID_RDY HANDSHAKE
[2985000] S0 MEMORY WRITE beat=37 addr=094af098 data=173e65862c85ae37 id=19
[2995000] AXI S0_WVALID_RDY HANDSHAKE
[2995000] S0 MEMORY WRITE beat=38 addr=094af0a0 data=957ca29c802d544b id=19
[2995000] MEMORY READ MISS beat=1 addr=9578200 -> default data id=19
[2995000] SLAVE 0 R_VALID_RDY Handshake beat=0 rlast=0
[3005000] SLAVE 0 R_VALID_RDY Handshake beat=1 rlast=1
[3005000] [SLAVE MONITOR] READ mst_id=1 s_id=0 araddr=95781f8 arid=3 arlen=1 arsize=3 arburst=1 rid=[1313] rresp=[00] rdata=[baadf00d12345678baadf00d12345678]
[3005000] AXI S0_WVALID_RDY HANDSHAKE
[3005000] S0 MEMORY WRITE beat=39 addr=094af0a8 data=c868d3439d91cd67 id=19
[3015000] AXI S0_WVALID_RDY HANDSHAKE
[3015000] S0 MEMORY WRITE beat=40 addr=094af0b0 data=ca177b9ecb033e6a id=19
[3015000] MASTER 1 R_VALID_RDY Handshake beat=0 rlast=0
[3025000] [MASTER DRIVER] READ mst_id=1 s_id=0 araddr=95781f8 arid=3 arlen=1 arsize=3 arburst=1 rid=[33] rresp=[00] rdata=[baadf00d12345678baadf00d12345678]
[3025000] MASTER 1 R_VALID_RDY Handshake beat=1 rlast=1
[3025000] [MASTER MONITOR] READ mst_id=1 s_id=0 araddr=95781f8 arid=3 arlen=1 arsize=3 arburst=1 rid=[33] rresp=[00] rdata=[baadf00d12345678baadf00d12345678]
[3025000] AXI S0_WVALID_RDY HANDSHAKE
[3025000] S0 MEMORY WRITE beat=41 addr=094af0b8 data=cb3092b6dfa738c9 id=19
[3025000] SCOREBOARD MATCH: decode_err expected = 0, actual =0
[3025000] SCOREBOARD MATCH: slave_id expected = 0, actual =0
[3025000] SCOREBOARD MATCH: araddr passthrough expected = 95781f8, actual =95781f8
[3025000] SCOREBOARD MATCH: arlen passthrough expected = 1, actual =1
[3025000] SCOREBOARD MATCH: arsize passthrough expected = 3, actual =3
[3025000] SCOREBOARD MATCH: arburst passthrough expected = 1, actual =1
[3025000] SCOREBOARD MATCH: rdata size check expected = 2, actual =2
[3025000] SCOREBOARD MATCH: rdata passthrough beat=0 expected = baadf00d12345678, actual =baadf00d12345678
[3025000] SCOREBOARD MATCH: rdata passthrough beat=1 expected = baadf00d12345678, actual =baadf00d12345678
[3025000] SCOREBOARD MATCH: rresp size check expected = 2, actual =2
[3025000] SCOREBOARD MATCH: rresp passthrough beat=0 expected = 0, actual =0
[3025000] SCOREBOARD MATCH: rresp passthrough beat=1 expected = 0, actual =0
[3025000] SCOREBOARD MATCH: response routed to correct master (read beat 0) expected = 1, actual =1
[3025000] SCOREBOARD MATCH: response routed to correct master (read beat 1) expected = 1, actual =1
[3025000] [SCOREBOARD-M] READ mst_id=1 s_id=0 araddr=95781f8 arid=3 arlen=1 arsize=3 arburst=1 rid=[33] rresp=[00] rdata=[baadf00d12345678baadf00d12345678]
[3025000] [SCOREBOARD-S] READ mst_id=1 s_id=0 araddr=95781f8 arid=3 arlen=1 arsize=3 arburst=1 rid=[1313] rresp=[00] rdata=[baadf00d12345678baadf00d12345678]
[3025000] SCOREBOARD: Transaction 4 received. pass=730 fail=0
[3025000] ALL PASS. Total transactions: 4
[3035000] SLAVE0 sent B resp, id=9
[3035000] [SLAVE MONITOR] mst_id=1 s_id=0 awaddr=94aef70 awid=1001 awlen=41 awsize=3 awburst=1 wdata=[a8a6557eb9c40338 37e1b836c856986a bdd2f9cae17601a7 1b3a04e03fce7fee 8251858e6794f49 c7ef50f0d31bbd16 12ea3d04c5f81222 ac71616be32955d0 b64512e61b0f555c e107677ef460b25c d78a082cc92f4fea e43ea5460d78c8ea 1d97b460dcf1b13 d6fe6afdc5460cc5 d2bed5afd9638372 e7329e853b3d1044 831d09d49850f5 adfbd4673e310983 f96e19c7d341f2b8 27da43ad152e72ed d35f7c70f9f136d0 cd332988d5d61814 eb048b01cccd9637 c6becd07f50d6d35 cae38549be640771 8b319da813f1f68f 8ff63c435e8104b f44c17bcd1f06aaf e5e2613ed3e2e90d 89caf958ff7db565 d16e2014eee1c502 c2c4ae10fe171115 fd94c67a37508153 a6324655cc8fa768 caa6b87dcf02e68e 865367e1e8f6f465 35869bcec83b7ef7 173e65862c85ae37 957ca29c802d544b c868d3439d91cd67 ca177b9ecb033e6a cb3092b6dfa738c9 ] wstrb=[3b 30 f9 a5 cf c2 5b a f2 54 af c1 16 b cb 9 5f 7b ca 76 86 96 7f e5 11 49 5b 97 df da 7c f0 24 d8 87 3 b2 4 f4 d6 dc 7b ] bresp=0 bid=11001
[3055000] MASTER 1 B_VALID_RDY Handshake
[3055000] [MASTER MONITOR] mst_id=1 s_id=0 awaddr=94aef70 awid=1001 awlen=41 awsize=3 awburst=1 wdata=[a8a6557eb9c40338 37e1b836c856986a bdd2f9cae17601a7 1b3a04e03fce7fee 8251858e6794f49 c7ef50f0d31bbd16 12ea3d04c5f81222 ac71616be32955d0 b64512e61b0f555c e107677ef460b25c d78a082cc92f4fea e43ea5460d78c8ea 1d97b460dcf1b13 d6fe6afdc5460cc5 d2bed5afd9638372 e7329e853b3d1044 831d09d49850f5 adfbd4673e310983 f96e19c7d341f2b8 27da43ad152e72ed d35f7c70f9f136d0 cd332988d5d61814 eb048b01cccd9637 c6becd07f50d6d35 cae38549be640771 8b319da813f1f68f 8ff63c435e8104b f44c17bcd1f06aaf e5e2613ed3e2e90d 89caf958ff7db565 d16e2014eee1c502 c2c4ae10fe171115 fd94c67a37508153 a6324655cc8fa768 caa6b87dcf02e68e 865367e1e8f6f465 35869bcec83b7ef7 173e65862c85ae37 957ca29c802d544b c868d3439d91cd67 ca177b9ecb033e6a cb3092b6dfa738c9 ] wstrb=[3b 30 f9 a5 cf c2 5b a f2 54 af c1 16 b cb 9 5f 7b ca 76 86 96 7f e5 11 49 5b 97 df da 7c f0 24 d8 87 3 b2 4 f4 d6 dc 7b ] bresp=0 bid=1001
[3055000] MASTER 1 RECEIVED BRESP. BRESP=0
[3055000] [MASTER DRIVER] mst_id=1 s_id=0 awaddr=94aef70 awid=1001 awlen=41 awsize=3 awburst=1 wdata=[a8a6557eb9c40338 37e1b836c856986a bdd2f9cae17601a7 1b3a04e03fce7fee 8251858e6794f49 c7ef50f0d31bbd16 12ea3d04c5f81222 ac71616be32955d0 b64512e61b0f555c e107677ef460b25c d78a082cc92f4fea e43ea5460d78c8ea 1d97b460dcf1b13 d6fe6afdc5460cc5 d2bed5afd9638372 e7329e853b3d1044 831d09d49850f5 adfbd4673e310983 f96e19c7d341f2b8 27da43ad152e72ed d35f7c70f9f136d0 cd332988d5d61814 eb048b01cccd9637 c6becd07f50d6d35 cae38549be640771 8b319da813f1f68f 8ff63c435e8104b f44c17bcd1f06aaf e5e2613ed3e2e90d 89caf958ff7db565 d16e2014eee1c502 c2c4ae10fe171115 fd94c67a37508153 a6324655cc8fa768 caa6b87dcf02e68e 865367e1e8f6f465 35869bcec83b7ef7 173e65862c85ae37 957ca29c802d544b c868d3439d91cd67 ca177b9ecb033e6a cb3092b6dfa738c9 ] wstrb=[3b 30 f9 a5 cf c2 5b a f2 54 af c1 16 b cb 9 5f 7b ca 76 86 96 7f e5 11 49 5b 97 df da 7c f0 24 d8 87 3 b2 4 f4 d6 dc 7b ] bresp=0 bid=1001
[3055000] SCOREBOARD MATCH: decode_err expected = 0, actual =0
[3055000] SCOREBOARD MATCH: slave_id expected = 0, actual =0
[3055000] SCOREBOARD MATCH: awaddr passthrough expected = 94aef70, actual =94aef70
[3055000] SCOREBOARD MATCH: awlen passthrough expected = 41, actual =41
[3055000] SCOREBOARD MATCH: awsize passthrough expected = 3, actual =3
[3055000] SCOREBOARD MATCH: awburst passthrough expected = 1, actual =1
[3055000] SCOREBOARD MATCH: wdata size check expected = 2a, actual =2a
[3055000] SCOREBOARD MATCH: wdata passthrough beat=0 expected = a8a6557eb9c40338, actual =a8a6557eb9c40338
[3055000] SCOREBOARD MATCH: wdata passthrough beat=1 expected = 37e1b836c856986a, actual =37e1b836c856986a
[3055000] SCOREBOARD MATCH: wdata passthrough beat=2 expected = bdd2f9cae17601a7, actual =bdd2f9cae17601a7
[3055000] SCOREBOARD MATCH: wdata passthrough beat=3 expected = 1b3a04e03fce7fee, actual =1b3a04e03fce7fee
[3055000] SCOREBOARD MATCH: wdata passthrough beat=4 expected = 8251858e6794f49, actual =8251858e6794f49
[3055000] SCOREBOARD MATCH: wdata passthrough beat=5 expected = c7ef50f0d31bbd16, actual =c7ef50f0d31bbd16
[3055000] SCOREBOARD MATCH: wdata passthrough beat=6 expected = 12ea3d04c5f81222, actual =12ea3d04c5f81222
[3055000] SCOREBOARD MATCH: wdata passthrough beat=7 expected = ac71616be32955d0, actual =ac71616be32955d0
[3055000] SCOREBOARD MATCH: wdata passthrough beat=8 expected = b64512e61b0f555c, actual =b64512e61b0f555c
[3055000] SCOREBOARD MATCH: wdata passthrough beat=9 expected = e107677ef460b25c, actual =e107677ef460b25c
[3055000] SCOREBOARD MATCH: wdata passthrough beat=10 expected = d78a082cc92f4fea, actual =d78a082cc92f4fea
[3055000] SCOREBOARD MATCH: wdata passthrough beat=11 expected = e43ea5460d78c8ea, actual =e43ea5460d78c8ea
[3055000] SCOREBOARD MATCH: wdata passthrough beat=12 expected = 1d97b460dcf1b13, actual =1d97b460dcf1b13
[3055000] SCOREBOARD MATCH: wdata passthrough beat=13 expected = d6fe6afdc5460cc5, actual =d6fe6afdc5460cc5
[3055000] SCOREBOARD MATCH: wdata passthrough beat=14 expected = d2bed5afd9638372, actual =d2bed5afd9638372
[3055000] SCOREBOARD MATCH: wdata passthrough beat=15 expected = e7329e853b3d1044, actual =e7329e853b3d1044
[3055000] SCOREBOARD MATCH: wdata passthrough beat=16 expected = 831d09d49850f5, actual =831d09d49850f5
[3055000] SCOREBOARD MATCH: wdata passthrough beat=17 expected = adfbd4673e310983, actual =adfbd4673e310983
[3055000] SCOREBOARD MATCH: wdata passthrough beat=18 expected = f96e19c7d341f2b8, actual =f96e19c7d341f2b8
[3055000] SCOREBOARD MATCH: wdata passthrough beat=19 expected = 27da43ad152e72ed, actual =27da43ad152e72ed
[3055000] SCOREBOARD MATCH: wdata passthrough beat=20 expected = d35f7c70f9f136d0, actual =d35f7c70f9f136d0
[3055000] SCOREBOARD MATCH: wdata passthrough beat=21 expected = cd332988d5d61814, actual =cd332988d5d61814
[3055000] SCOREBOARD MATCH: wdata passthrough beat=22 expected = eb048b01cccd9637, actual =eb048b01cccd9637
[3055000] SCOREBOARD MATCH: wdata passthrough beat=23 expected = c6becd07f50d6d35, actual =c6becd07f50d6d35
[3055000] SCOREBOARD MATCH: wdata passthrough beat=24 expected = cae38549be640771, actual =cae38549be640771
[3055000] SCOREBOARD MATCH: wdata passthrough beat=25 expected = 8b319da813f1f68f, actual =8b319da813f1f68f
[3055000] SCOREBOARD MATCH: wdata passthrough beat=26 expected = 8ff63c435e8104b, actual =8ff63c435e8104b
[3055000] SCOREBOARD MATCH: wdata passthrough beat=27 expected = f44c17bcd1f06aaf, actual =f44c17bcd1f06aaf
[3055000] SCOREBOARD MATCH: wdata passthrough beat=28 expected = e5e2613ed3e2e90d, actual =e5e2613ed3e2e90d
[3055000] SCOREBOARD MATCH: wdata passthrough beat=29 expected = 89caf958ff7db565, actual =89caf958ff7db565
[3055000] SCOREBOARD MATCH: wdata passthrough beat=30 expected = d16e2014eee1c502, actual =d16e2014eee1c502
[3055000] SCOREBOARD MATCH: wdata passthrough beat=31 expected = c2c4ae10fe171115, actual =c2c4ae10fe171115
[3055000] SCOREBOARD MATCH: wdata passthrough beat=32 expected = fd94c67a37508153, actual =fd94c67a37508153
[3055000] SCOREBOARD MATCH: wdata passthrough beat=33 expected = a6324655cc8fa768, actual =a6324655cc8fa768
[3055000] SCOREBOARD MATCH: wdata passthrough beat=34 expected = caa6b87dcf02e68e, actual =caa6b87dcf02e68e
[3055000] SCOREBOARD MATCH: wdata passthrough beat=35 expected = 865367e1e8f6f465, actual =865367e1e8f6f465
[3055000] SCOREBOARD MATCH: wdata passthrough beat=36 expected = 35869bcec83b7ef7, actual =35869bcec83b7ef7
[3055000] SCOREBOARD MATCH: wdata passthrough beat=37 expected = 173e65862c85ae37, actual =173e65862c85ae37
[3055000] SCOREBOARD MATCH: wdata passthrough beat=38 expected = 957ca29c802d544b, actual =957ca29c802d544b
[3055000] SCOREBOARD MATCH: wdata passthrough beat=39 expected = c868d3439d91cd67, actual =c868d3439d91cd67
[3055000] SCOREBOARD MATCH: wdata passthrough beat=40 expected = ca177b9ecb033e6a, actual =ca177b9ecb033e6a
[3055000] SCOREBOARD MATCH: wdata passthrough beat=41 expected = cb3092b6dfa738c9, actual =cb3092b6dfa738c9
[3055000] SCOREBOARD MATCH: wstrb size check expected = 2a, actual =2a
[3055000] SCOREBOARD MATCH: wstrb passthrough beat=0 expected = 3b, actual =3b
[3055000] SCOREBOARD MATCH: wstrb passthrough beat=1 expected = 30, actual =30
[3055000] SCOREBOARD MATCH: wstrb passthrough beat=2 expected = f9, actual =f9
[3055000] SCOREBOARD MATCH: wstrb passthrough beat=3 expected = a5, actual =a5
[3055000] SCOREBOARD MATCH: wstrb passthrough beat=4 expected = cf, actual =cf
[3055000] SCOREBOARD MATCH: wstrb passthrough beat=5 expected = c2, actual =c2
[3055000] SCOREBOARD MATCH: wstrb passthrough beat=6 expected = 5b, actual =5b
[3055000] SCOREBOARD MATCH: wstrb passthrough beat=7 expected = a, actual =a
[3055000] SCOREBOARD MATCH: wstrb passthrough beat=8 expected = f2, actual =f2
[3055000] SCOREBOARD MATCH: wstrb passthrough beat=9 expected = 54, actual =54
[3055000] SCOREBOARD MATCH: wstrb passthrough beat=10 expected = af, actual =af
[3055000] SCOREBOARD MATCH: wstrb passthrough beat=11 expected = c1, actual =c1
[3055000] SCOREBOARD MATCH: wstrb passthrough beat=12 expected = 16, actual =16
[3055000] SCOREBOARD MATCH: wstrb passthrough beat=13 expected = b, actual =b
[3055000] SCOREBOARD MATCH: wstrb passthrough beat=14 expected = cb, actual =cb
[3055000] SCOREBOARD MATCH: wstrb passthrough beat=15 expected = 9, actual =9
[3055000] SCOREBOARD MATCH: wstrb passthrough beat=16 expected = 5f, actual =5f
[3055000] SCOREBOARD MATCH: wstrb passthrough beat=17 expected = 7b, actual =7b
[3055000] SCOREBOARD MATCH: wstrb passthrough beat=18 expected = ca, actual =ca
[3055000] SCOREBOARD MATCH: wstrb passthrough beat=19 expected = 76, actual =76
[3055000] SCOREBOARD MATCH: wstrb passthrough beat=20 expected = 86, actual =86
[3055000] SCOREBOARD MATCH: wstrb passthrough beat=21 expected = 96, actual =96
[3055000] SCOREBOARD MATCH: wstrb passthrough beat=22 expected = 7f, actual =7f
[3055000] SCOREBOARD MATCH: wstrb passthrough beat=23 expected = e5, actual =e5
[3055000] SCOREBOARD MATCH: wstrb passthrough beat=24 expected = 11, actual =11
[3055000] SCOREBOARD MATCH: wstrb passthrough beat=25 expected = 49, actual =49
[3055000] SCOREBOARD MATCH: wstrb passthrough beat=26 expected = 5b, actual =5b
[3055000] SCOREBOARD MATCH: wstrb passthrough beat=27 expected = 97, actual =97
[3055000] SCOREBOARD MATCH: wstrb passthrough beat=28 expected = df, actual =df
[3055000] SCOREBOARD MATCH: wstrb passthrough beat=29 expected = da, actual =da
[3055000] SCOREBOARD MATCH: wstrb passthrough beat=30 expected = 7c, actual =7c
[3055000] SCOREBOARD MATCH: wstrb passthrough beat=31 expected = f0, actual =f0
[3055000] SCOREBOARD MATCH: wstrb passthrough beat=32 expected = 24, actual =24
[3055000] SCOREBOARD MATCH: wstrb passthrough beat=33 expected = d8, actual =d8
[3055000] SCOREBOARD MATCH: wstrb passthrough beat=34 expected = 87, actual =87
[3055000] SCOREBOARD MATCH: wstrb passthrough beat=35 expected = 3, actual =3
[3055000] SCOREBOARD MATCH: wstrb passthrough beat=36 expected = b2, actual =b2
[3055000] SCOREBOARD MATCH: wstrb passthrough beat=37 expected = 4, actual =4
[3055000] SCOREBOARD MATCH: wstrb passthrough beat=38 expected = f4, actual =f4
[3055000] SCOREBOARD MATCH: wstrb passthrough beat=39 expected = d6, actual =d6
[3055000] SCOREBOARD MATCH: wstrb passthrough beat=40 expected = dc, actual =dc
[3055000] SCOREBOARD MATCH: wstrb passthrough beat=41 expected = 7b, actual =7b
[3055000] SCOREBOARD MATCH: bresp passthrough expected = 0, actual =0
[3055000] SCOREBOARD MATCH: response routed to correct master (write) expected = 1, actual =1
[3055000] [SCOREBOARD-M] mst_id=1 s_id=0 awaddr=94aef70 awid=1001 awlen=41 awsize=3 awburst=1 wdata=[a8a6557eb9c40338 37e1b836c856986a bdd2f9cae17601a7 1b3a04e03fce7fee 8251858e6794f49 c7ef50f0d31bbd16 12ea3d04c5f81222 ac71616be32955d0 b64512e61b0f555c e107677ef460b25c d78a082cc92f4fea e43ea5460d78c8ea 1d97b460dcf1b13 d6fe6afdc5460cc5 d2bed5afd9638372 e7329e853b3d1044 831d09d49850f5 adfbd4673e310983 f96e19c7d341f2b8 27da43ad152e72ed d35f7c70f9f136d0 cd332988d5d61814 eb048b01cccd9637 c6becd07f50d6d35 cae38549be640771 8b319da813f1f68f 8ff63c435e8104b f44c17bcd1f06aaf e5e2613ed3e2e90d 89caf958ff7db565 d16e2014eee1c502 c2c4ae10fe171115 fd94c67a37508153 a6324655cc8fa768 caa6b87dcf02e68e 865367e1e8f6f465 35869bcec83b7ef7 173e65862c85ae37 957ca29c802d544b c868d3439d91cd67 ca177b9ecb033e6a cb3092b6dfa738c9 ] wstrb=[3b 30 f9 a5 cf c2 5b a f2 54 af c1 16 b cb 9 5f 7b ca 76 86 96 7f e5 11 49 5b 97 df da 7c f0 24 d8 87 3 b2 4 f4 d6 dc 7b ] bresp=0 bid=1001
[3055000] [SCOREBOARD-S] mst_id=1 s_id=0 awaddr=94aef70 awid=1001 awlen=41 awsize=3 awburst=1 wdata=[a8a6557eb9c40338 37e1b836c856986a bdd2f9cae17601a7 1b3a04e03fce7fee 8251858e6794f49 c7ef50f0d31bbd16 12ea3d04c5f81222 ac71616be32955d0 b64512e61b0f555c e107677ef460b25c d78a082cc92f4fea e43ea5460d78c8ea 1d97b460dcf1b13 d6fe6afdc5460cc5 d2bed5afd9638372 e7329e853b3d1044 831d09d49850f5 adfbd4673e310983 f96e19c7d341f2b8 27da43ad152e72ed d35f7c70f9f136d0 cd332988d5d61814 eb048b01cccd9637 c6becd07f50d6d35 cae38549be640771 8b319da813f1f68f 8ff63c435e8104b f44c17bcd1f06aaf e5e2613ed3e2e90d 89caf958ff7db565 d16e2014eee1c502 c2c4ae10fe171115 fd94c67a37508153 a6324655cc8fa768 caa6b87dcf02e68e 865367e1e8f6f465 35869bcec83b7ef7 173e65862c85ae37 957ca29c802d544b c868d3439d91cd67 ca177b9ecb033e6a cb3092b6dfa738c9 ] wstrb=[3b 30 f9 a5 cf c2 5b a f2 54 af c1 16 b cb 9 5f 7b ca 76 86 96 7f e5 11 49 5b 97 df da 7c f0 24 d8 87 3 b2 4 f4 d6 dc 7b ] bresp=0 bid=11001
[3055000] SCOREBOARD: Transaction 5 received. pass=824 fail=0
[3055000] SCOREBOARD: Expected 5 transactions completed, PASS=824 FAIL=0
[3055000] ALL PASS. Total transactions: 5
[3055000] ALL TRANSACTIONS MONITORED
$finish called at time : 3075 ns : File "/home/nashita/Desktop/practice/axi_xbar/tb/top/axi_tb_top.sv" Line 220
exit
INFO: xsimkernel Simulation Memory Usage: 289464 KB (Peak: 337864 KB), Simulation CPU Usage: 1190 ms
INFO: [Common 17-206] Exiting xsim at Thu Sep 10 18:35:25 2026...
