#-----------------------------------------------------------
# xsim v2025.2 (64-bit)
# SW Build 6299465 on Fri Nov 14 12:34:56 MST 2025
# IP Build 6300035 on Fri Nov 14 10:48:45 MST 2025
# SharedData Build 6298862 on Thu Nov 13 04:50:51 MST 2025
# Start of session at: Fri Sep 11 11:26:43 2026
# Process ID         : 658017
# Current directory  : /home/nashita/Desktop/practice/axi_xbar/sim
# Command line       : xsim -log regress_results/BT_run65.log -mode tcl -source {xsim.dir/tb_top_snap/xsim_script.tcl}
# Log file           : /home/nashita/Desktop/practice/axi_xbar/sim/regress_results/BT_run65.log
# Journal file       : /home/nashita/Desktop/practice/axi_xbar/sim/xsim.jou
# Running On         : vlsi-vivado
# Platform           : Ubuntu
# Operating System   : Ubuntu 24.04.4 LTS
# Processor Detail   : Intel(R) Core(TM) i5-10400 CPU @ 2.90GHz
# CPU Frequency      : 4000.031 MHz
# CPU Physical cores : 6
# CPU Logical cores  : 12
# Host memory        : 41875 MB
# Swap memory        : 27648 MB
# Total Virtual      : 69524 MB
# Available Virtual  : 63142 MB
#-----------------------------------------------------------
source xsim.dir/tb_top_snap/xsim_script.tcl
# xsim {tb_top_snap} -testplusarg BT -autoloadwcfg -runall -sv_seed 66
Time resolution is 1 ps
run -all
[0] RUNNING BASE TEST
[0] INSIDE THE BASE TEST CONSTRUCTOR
[0] ENV: before agent
[0] SLAVE CONSTRUCTED
[0] MASTER MONITOR CONSTRUCTED
[0] MASTER MONITOR CONSTRUCTED
[0] SLAVE MONITOR CONSTRUCTED
[0] SLAVE MONITOR CONSTRUCTED
[0] ARB MONITOR CONSTRUCTED
GENERATOR CONSTRUCTED
[0] ENV: after agent
[0] ENV: before scoreboard
[0] ENV: after scoreboard
[15000] [SEQUENCER] mst_id=0 s_id=0 awaddr=ac135c0 awid=111 awlen=4 awsize=1 awburst=2 wdata=[1d55bc86f6edbccd c71e0c922e10116e c4cf0e06c2847bcd 3972389b9fc74820 cdd7598ee224ca8c ] wstrb=[2d 59 94 4d f4 ] bresp=0 bid=0
[15000] [SEQUENCER] mst_id=0 s_id=0 awaddr=7d744b0 awid=1000 awlen=90 awsize=0 awburst=1 wdata=[86a58d8de10b4770 3bfe6007c9ec2cb6 38444a11b495010f 95a0487fa1cb3b67 ebb7681ebee9d79e f37ed8aed19ea886 f369e3ee23fbb22f e2e589cd891f212d dabdc9b4df214c0c 31cfe3bd664627b df8383a9ce27ada2 2d48f9aee6028808 3c66ea843a414d5d 868faff3065f7e9 96687ff11bea6e2d d62bbb8a35b1f4ad e617ec96d2cf6a75 eeb9d8a2de94b689 1446ab36fc806c87 cf4fd6fdc4e5942c a37a4ab5fa5e97cc f6df0453be09af9f 2ef43ccb7c0f5eb b21f8db7c62edb50 4388af0a6698e81 de2a846d28fe920b ef2d6d5b0727cebc ad915d3d904a1224 b948a42ff365f84b fa8dc7078bbbe1aa 1c05f3cf2876118b 9bdc09d6281f2445 b3db05efd54e97fe fdc4a9891669d0de 3e88f523cfe0f9be 252f91bd19a0b360 300a843ef263fb12 c244f4d1a2f43b46 bc94eea6ee937961 e0f77473e774868e 8a68c1d4ec9f72e4 db32ec45a33c6944 8ab0efd2c6fdb07b b39d235f3c2a60b9 df66c9fd1519b1a7 dc1762220ed00fa5 cafa705eea17b9d0 ff316b778fb48581 9e849526aa613a5b 9478f42bdb48cd99 eafd531ae97f0584 13e03fe093aa5fa2 eef32d3b0981e841 f300edc5a859340b 3c0393aed9f08056 e372689786e12da5 2f3a61b1aaf6c0e9 84e7413fd673565c dd548402eb3df55f 9634b648e859a9d6 3ecd00330c8ee5b3 f7ccdb121b1bf788 8375a15e1c218435 28b069e88e01915a a91d88e2c242a191 de6425c6207d44fa ae7ed6542c932a41 eed5cbd287148fae a791d4a8d79c5f37 42f8978cd39f199 d44e8147d610aafd 2dad0a34f305554a c03f46e3fbe055f0 d1f100ed31dc93ac a4e1e8f6148dc82b 106e1e1bff9e0b21 317a9ecde5212fda f9aef805e25f1f08 e1fd2a29d65c87c3 bb7db79d0a1d1620 ec7c35281377c8f6 e9d450b9b52cafa2 bf49c5c2ce795f51 e1f1284725520857 da7eb7f9abc5faea fa3f5a3bcbc57900 f117815719c87dbc c58e78a6dc308282 27f5fb83cb963951 e55eb70d3fcdd2e2 9bfe5564990d7cda ] wstrb=[b3 2b e7 95 38 c2 fa ec ed e1 81 26 a3 7b 12 91 5d 93 b7 0 f c9 91 6c 5c 48 6c 6b 11 fe d7 6e 46 44 d9 58 42 b1 c6 88 f5 9f e0 37 50 a6 bf 45 46 a0 7c 96 46 3c dc 8c dc 58 23 22 94 ff af 70 57 d2 93 ec d1 42 5c 28 14 ef 14 e5 31 71 d 45 60 22 2a 92 93 38 d7 f3 5a 2 85 ] bresp=0 bid=0
[15000] [SEQUENCER] mst_id=0 s_id=0 awaddr=f2eefa8 awid=1111 awlen=217 awsize=7 awburst=1 wdata=[872da0f3ade88d9 d5f1eff5d89fee04 3b2cea1e013e50d5 3c1cd9aef76694eb d00682f0c39fc42d c4de1502920ec9a3 9755e8f0b336d0e ced3313b00faeeb0 9309b853d97be17f e4af4e8d13b1463d 14ac34ed9c7f16e2 f5faf86133827fc8 c733c605a7b5ed40 c4350423daaa46ee 8e2cc6b6dbdffaf2 8395e832ba2ffc84 14da4373d5608cbb b14087adc7caec55 1fae8daa3070a29 f86796e534d66fe0 fca15c3516d52c4d b9dc3676a9a81e92 de7e8e72fe9c450f 9571715cb243cd5b dbebebeedb1feaa8 d9bc2fb7cf4da7d3 8191752eba6a7a60 958a6508ef2da114 3e7b48e7dd7d611c 17e7db7def4694c0 de7435d4c00cbe15 1d8a1f32ad724085 9cb8d5451cef7ebb dcfc3cd03571faaf e2e43b34fb2d0b19 981c89d4fa865c02 aff856b1ff9d107a faca1b93f518c6a5 ef9f22a712dc91e6 1279a26012e6a568 7ff6c0d1f977959 32740b3f8d43bdf3 a02a635bf79e8eb4 9736080dc4edad9f d2316b92a829cf68 1fc85e1dc9aa134c 8e97c0ebf25bceee 9a859e56b6fe662a a87977e0c92c7e d324fb6cba4dfc73 f14c629e8f403a62 f00966e0edaa99c2 27f89636f1f4dc15 81351677c32e624c 30d8fc0f1944f8d4 b39d4e9f13e7d58 b46cdfa4d8d19245 f2168b198c6eeb60 fdad68b8e545dbb3 be176df8fd506002 89bf4b62321a485d 97602410b02df911 ad7e5913076cb41b 3986fc78d5779209 85a58b1a373da476 3eaa5891d0e72088 a65eb2913323e42e ea6188a4f8315509 c91875912c043dac df2821da290be135 213d363eef772823 1b7b65cfc989aa7e f2958bb3ea55abcf d9ccd3f2faa387a9 c42d322713d2c1f1 fe286dc0f54839c1 efebc16a36c2bdda ca957fcbd7f541b3 cd3d7b74b418f391 eadbb16bc8bded8b a0b32f3e3d293cdf f1423070b5713136 fe2f1ec2edf0aab3 2b19e792dc1de1dc 918f13129ee24e00 8cd2f8b39c5c1802 f879f9de8fbe31d4 2ea07fd5b7ece045 d448f8480a090cf1 99c73ec5bb737888 f36058ceccc2f226 d6cbff17c867be9a 3db3723c7a95116 946c433cf0933ddd b8fafc77f73b8ff1 3ee4e107eb384254 dbcb8031bcd6339a b411c38bd3512443 be89669794c67ca8 d19cb043f2f6a492 c647c8d69a54e6c8 2f1b637185ae73ce f8a5186184d12f6d 1f26163600b813b4 866687823eece137 c3be10a4ce4179a7 cef98d5bff0b9fe3 bdf8811ae2e426da b125a081d56014dd d46bb4c101b691bf e49ab899801f2ddc d57f42ba926435db 941ac79a15c0591b 95df86f729eaf77b bc4f2d56f8b58034 e75d94feb5ec9b1 9549c12cd069f4f1 c91f7525a4556046 fb429f8d198ee83 2202e374d7954e74 fbeaaebaa4fdeb24 f696d9a7eb225899 c2b7a70d8b9ed8b2 309cc3d79899bd1b 83bc15b4bea255c7 ca412e7aa7339d7e 3fcd5a9ac673bcc1 5161289faddf251 a2118fcfc389704e 9fd2d10cf574103 ca353354e1deea69 25685ab80f133f99 de6a809cec46c323 ce25ad8d2f6587c8 3e78c761289fb3f0 94e67713f38e0845 22f3900d1ce347fd c582fbede30c24a0 d69a2ce5e16c576e fe4f9f6bda697300 3d7597a1f98dbcf2 dafa1460c3d29b58 9e3c0e58940fc486 d9d8179d949b3cb 9d1c4f23dbb1a5f9 efc16a80e89795d9 c1e149a53b585d7c 970a0375fd5eebf9 e5f681d2defd98c8 9a55f64486cb6df5 842a59eea7d7cb77 6d56440315ff9ba b82b67afea20dbc1 91f8a738a12b5a84 d28b543e3c55c19e 26769d5f98ce0b78 39f965fd0ab6bbee c70c7d8cb86f4497 d13d50108c84ba3b 973b7629ed831aeb a5f25f820b36b60d 97bb7048de47f3b5 cbcb0ea0f72faf92 8266659f2ef6e672 8d3eda27f1bd6e23 e8ed1db51a21d5e8 c918bc5ad909e8c8 cac756ebeb538355 575593dd6579681 af617f49b3b474a0 9f07f7f5ce8e1597 a4e5ac18fa28d634 2ddd4ad5a47d5132 f30b66c9d4472b62 ce700196cce542ca f16293fd17f112e2 ec383e44fc4d4c6b c9328f36e46dfac6 fc5f0da8baa83fda 36f58c463a952333 9f031df9e8974bec 233f8bc700281b7c 3abd3eaf1b622ba2 83f9778eda35180d da5d3389d9c05ca8 f522884aa7390355 816e1b62151a7238 eedacee0f91bffd9 a055032edbcb4eeb f0e5c123e3fd572b dd19570421c31e91 fd8e6d7cdfc09004 c3bde72ffd6e5a32 9f3178c3ee742ea0 ce34bea420d73e33 9e4598651cbfe640 b3414e011f2a5d3 32c9e4063d771129 da36f769d968d384 eb5b7957d10f7c6b 8e868d94e56b0c49 3ed3dfcd1e255d5d ef34d9c8e8bd84fd ce2891462a2f5924 c854b681fdbb675d e678ec5a8cfc7113 b72bca37b7899049 b544f7a634a17da1 c19deeb4ff8080b8 370a11021bbde401 d05f61a2f8c9b8ec f84a39a4ec4f08a8 880ceca991fd5056 8ac70942af544aa6 1ba3534fd86c4e4b ea699ea2031142e7 b2658d8da3b03ff8 fc1c8e44f530a7e4 ] wstrb=[dc cb e6 d5 59 ca 19 35 96 ff a ef c9 23 24 5f 22 2f 4e ec 52 73 4b 75 a2 9a 61 f4 d ac 69 af 46 ca a3 53 77 d 2 bd d7 a6 11 4e b3 13 c 8a b9 1d d9 6c 30 e5 f7 ea 2 d0 56 32 b5 4d 1c b7 1d 73 e9 d2 c0 6 89 de 79 73 b0 39 79 3a 17 f2 ad c8 2b 26 2 43 18 af b 43 d5 d 86 ed bc 91 30 91 9e b7 7e 5a 48 ae eb e7 65 69 41 ae 18 2d 95 7d 96 d6 2b ae 3 c0 2c 9a 97 57 48 9a 18 74 34 af cc 7d 49 e4 f1 7e 93 bd fb dc a1 ec 5a 34 aa 55 11 4b 42 6b 80 ec c1 91 37 3 fc b7 ef bd 48 26 c0 45 de af 2 26 d6 c3 6b b4 72 6e da 48 31 46 fc a3 b4 d7 ec e5 1d e8 88 d1 bf 74 b6 dc 5d 3e ad 1c b3 63 f9 10 a2 a6 2c 55 a 25 65 ac cc 91 1 d6 b7 66 82 83 f7 83 ] bresp=0 bid=0
[15000] [SEQUENCER] READ mst_id=1 s_id=0 araddr=d6f9b90 arid=0 arlen=1 arsize=3 arburst=1 rid=[] rresp=[] rdata=[]
[15000] [SEQUENCER] mst_id=1 s_id=0 awaddr=5b9d8b8 awid=111 awlen=10 awsize=6 awburst=2 wdata=[2ec5e1d2e5edcb87 e2a5069eae64409c c7459239d6f9bcb2 3ce7883ad2d604d2 13a456ff60b740b cd0530be9f8c8ed8 f26293abc87fd7a8 3e8b4bb409ecb8f8 a97947d0f39cd91a bc1cb0c20b907c72 157d356a9bdbdb7b ] wstrb=[76 95 3a e8 58 b6 52 ce 4b 8d b7 ] bresp=0 bid=0
[15000] MASTER_DRIVER0 received transaction, op=AXI_WRITE
[15000] MASTER_DRIVER1 received transaction, op=AXI_READ
[35000] MASTER 0 AW_VALID_RDY Handshake
[35000] MASTER_DRIVER1 received transaction, op=AXI_WRITE
[45000] ARB MONITOR: slave=0 m0_req=1 m1_req=0 winner=0
[45000] ARB MONITOR: slave=0 m0_req=0 m1_req=1 winner=1
[45000] AXI S0_ARVALID_RDY HANDSHAKE
[45000] MEMORY READ MISS beat=0 addr=d6f9b90 -> default data id=16
[45000] AXI S0_AWVALID_RDY HANDSHAKE
[55000] MEMORY READ MISS beat=1 addr=d6f9b98 -> default data id=16
[55000] SLAVE 0 R_VALID_RDY Handshake beat=0 rlast=0
[55000] MASTER 1 AW_VALID_RDY Handshake
[55000] MASTER 0 W_VALID_RDY Handshake beat=0 wlast=0
[65000] MASTER 0 W_VALID_RDY Handshake beat=1 wlast=0
[65000] SLAVE 0 R_VALID_RDY Handshake beat=1 rlast=1
[65000] [SLAVE MONITOR] READ mst_id=1 s_id=0 araddr=d6f9b90 arid=0 arlen=1 arsize=3 arburst=1 rid=[1010] rresp=[00] rdata=[baadf00d12345678baadf00d12345678]
[65000] AXI S0_WVALID_RDY HANDSHAKE
[65000] S0 MEMORY WRITE beat=0 addr=0ac135c0 data=1d55bc86f6edbccd id=07
[75000] AXI S0_WVALID_RDY HANDSHAKE
[75000] S0 MEMORY WRITE beat=1 addr=0ac135b8 data=c71e0c922e10116e id=07
[75000] MASTER 1 R_VALID_RDY Handshake beat=0 rlast=0
[75000] MASTER 1 W_VALID_RDY Handshake beat=0 wlast=0
[75000] MASTER 0 W_VALID_RDY Handshake beat=2 wlast=0
[85000] [MASTER DRIVER] READ mst_id=1 s_id=0 araddr=d6f9b90 arid=0 arlen=1 arsize=3 arburst=1 rid=[00] rresp=[00] rdata=[baadf00d12345678baadf00d12345678]
[85000] MASTER 0 W_VALID_RDY Handshake beat=3 wlast=0
[85000] MASTER 1 W_VALID_RDY Handshake beat=1 wlast=0
[85000] MASTER 1 R_VALID_RDY Handshake beat=1 rlast=1
[85000] [MASTER MONITOR] READ mst_id=1 s_id=0 araddr=d6f9b90 arid=0 arlen=1 arsize=3 arburst=1 rid=[00] rresp=[00] rdata=[baadf00d12345678baadf00d12345678]
[85000] AXI S0_WVALID_RDY HANDSHAKE
[85000] S0 MEMORY WRITE beat=2 addr=0ac135ba data=c4cf0e06c2847bcd id=07
[85000] SCOREBOARD MATCH: decode_err expected = 0, actual =0
[85000] SCOREBOARD MATCH: slave_id expected = 0, actual =0
[85000] SCOREBOARD MATCH: araddr passthrough expected = d6f9b90, actual =d6f9b90
[85000] SCOREBOARD MATCH: arlen passthrough expected = 1, actual =1
[85000] SCOREBOARD MATCH: arsize passthrough expected = 3, actual =3
[85000] SCOREBOARD MATCH: arburst passthrough expected = 1, actual =1
[85000] SCOREBOARD MATCH: rdata size check expected = 2, actual =2
[85000] SCOREBOARD MATCH: rdata passthrough beat=0 expected = baadf00d12345678, actual =baadf00d12345678
[85000] SCOREBOARD MATCH: rdata passthrough beat=1 expected = baadf00d12345678, actual =baadf00d12345678
[85000] SCOREBOARD MATCH: rresp size check expected = 2, actual =2
[85000] SCOREBOARD MATCH: rresp passthrough beat=0 expected = 0, actual =0
[85000] SCOREBOARD MATCH: rresp passthrough beat=1 expected = 0, actual =0
[85000] SCOREBOARD MATCH: response routed to correct master (read beat 0) expected = 1, actual =1
[85000] SCOREBOARD MATCH: response routed to correct master (read beat 1) expected = 1, actual =1
[85000] [SCOREBOARD-M] READ mst_id=1 s_id=0 araddr=d6f9b90 arid=0 arlen=1 arsize=3 arburst=1 rid=[00] rresp=[00] rdata=[baadf00d12345678baadf00d12345678]
[85000] [SCOREBOARD-S] READ mst_id=1 s_id=0 araddr=d6f9b90 arid=0 arlen=1 arsize=3 arburst=1 rid=[1010] rresp=[00] rdata=[baadf00d12345678baadf00d12345678]
[85000] SCOREBOARD: Transaction 1 received. pass=14 fail=0
[85000] ALL PASS. Total transactions: 1
[95000] AXI S0_WVALID_RDY HANDSHAKE
[95000] S0 MEMORY WRITE beat=3 addr=0ac135bc data=3972389b9fc74820 id=07
[95000] MASTER 1 W_VALID_RDY Handshake beat=2 wlast=0
[95000] MASTER 0 W_VALID_RDY Handshake beat=4 wlast=1
[95000] MASTER_DRIVER0 received transaction, op=AXI_WRITE
[105000] MASTER 1 W_VALID_RDY Handshake beat=3 wlast=0
[105000] AXI S0_WVALID_RDY HANDSHAKE
[105000] S0 MEMORY WRITE beat=4 addr=0ac135be data=cdd7598ee224ca8c id=07
[115000] SLAVE0 sent B resp, id=7
[115000] [SLAVE MONITOR] mst_id=0 s_id=0 awaddr=ac135c0 awid=111 awlen=4 awsize=1 awburst=2 wdata=[1d55bc86f6edbccd c71e0c922e10116e c4cf0e06c2847bcd 3972389b9fc74820 cdd7598ee224ca8c ] wstrb=[2d 59 94 4d f4 ] bresp=0 bid=111
[115000] MASTER 1 W_VALID_RDY Handshake beat=4 wlast=0
[115000] MASTER 0 AW_VALID_RDY Handshake
[125000] MASTER 1 W_VALID_RDY Handshake beat=5 wlast=0
[125000] ARB MONITOR: slave=0 m0_req=1 m1_req=1 winner=1
[125000] AXI S0_AWVALID_RDY HANDSHAKE
[125000] SCOREBOARD MATCH: arbitration winner (slave 0) expected = 1, actual =1
[135000] AXI S0_WVALID_RDY HANDSHAKE
[135000] S0 MEMORY WRITE beat=0 addr=05b9d8b8 data=2ec5e1d2e5edcb87 id=17
[135000] MASTER 1 W_VALID_RDY Handshake beat=6 wlast=0
[135000] MASTER 0 W_VALID_RDY Handshake beat=0 wlast=0
[135000] MASTER 0 B_VALID_RDY Handshake
[135000] [MASTER MONITOR] mst_id=0 s_id=0 awaddr=ac135c0 awid=111 awlen=4 awsize=1 awburst=2 wdata=[1d55bc86f6edbccd c71e0c922e10116e c4cf0e06c2847bcd 3972389b9fc74820 cdd7598ee224ca8c ] wstrb=[2d 59 94 4d f4 ] bresp=0 bid=111
[135000] MASTER 0 RECEIVED BRESP. BRESP=0
[135000] [MASTER DRIVER] mst_id=0 s_id=0 awaddr=ac135c0 awid=111 awlen=4 awsize=1 awburst=2 wdata=[1d55bc86f6edbccd c71e0c922e10116e c4cf0e06c2847bcd 3972389b9fc74820 cdd7598ee224ca8c ] wstrb=[2d 59 94 4d f4 ] bresp=0 bid=111
[135000] SCOREBOARD MATCH: decode_err expected = 0, actual =0
[135000] SCOREBOARD MATCH: slave_id expected = 0, actual =0
[135000] SCOREBOARD MATCH: awaddr passthrough expected = ac135c0, actual =ac135c0
[135000] SCOREBOARD MATCH: awlen passthrough expected = 4, actual =4
[135000] SCOREBOARD MATCH: awsize passthrough expected = 1, actual =1
[135000] SCOREBOARD MATCH: awburst passthrough expected = 2, actual =2
[135000] SCOREBOARD MATCH: wdata size check expected = 5, actual =5
[135000] SCOREBOARD MATCH: wdata passthrough beat=0 expected = 1d55bc86f6edbccd, actual =1d55bc86f6edbccd
[135000] SCOREBOARD MATCH: wdata passthrough beat=1 expected = c71e0c922e10116e, actual =c71e0c922e10116e
[135000] SCOREBOARD MATCH: wdata passthrough beat=2 expected = c4cf0e06c2847bcd, actual =c4cf0e06c2847bcd
[135000] SCOREBOARD MATCH: wdata passthrough beat=3 expected = 3972389b9fc74820, actual =3972389b9fc74820
[135000] SCOREBOARD MATCH: wdata passthrough beat=4 expected = cdd7598ee224ca8c, actual =cdd7598ee224ca8c
[135000] SCOREBOARD MATCH: wstrb size check expected = 5, actual =5
[135000] SCOREBOARD MATCH: wstrb passthrough beat=0 expected = 2d, actual =2d
[135000] SCOREBOARD MATCH: wstrb passthrough beat=1 expected = 59, actual =59
[135000] SCOREBOARD MATCH: wstrb passthrough beat=2 expected = 94, actual =94
[135000] SCOREBOARD MATCH: wstrb passthrough beat=3 expected = 4d, actual =4d
[135000] SCOREBOARD MATCH: wstrb passthrough beat=4 expected = f4, actual =f4
[135000] SCOREBOARD MATCH: bresp passthrough expected = 0, actual =0
[135000] SCOREBOARD MATCH: response routed to correct master (write) expected = 0, actual =0
[135000] [SCOREBOARD-M] mst_id=0 s_id=0 awaddr=ac135c0 awid=111 awlen=4 awsize=1 awburst=2 wdata=[1d55bc86f6edbccd c71e0c922e10116e c4cf0e06c2847bcd 3972389b9fc74820 cdd7598ee224ca8c ] wstrb=[2d 59 94 4d f4 ] bresp=0 bid=111
[135000] [SCOREBOARD-S] mst_id=0 s_id=0 awaddr=ac135c0 awid=111 awlen=4 awsize=1 awburst=2 wdata=[1d55bc86f6edbccd c71e0c922e10116e c4cf0e06c2847bcd 3972389b9fc74820 cdd7598ee224ca8c ] wstrb=[2d 59 94 4d f4 ] bresp=0 bid=111
[135000] SCOREBOARD: Transaction 2 received. pass=35 fail=0
[135000] ALL PASS. Total transactions: 2
[145000] MASTER 0 W_VALID_RDY Handshake beat=1 wlast=0
[145000] MASTER 1 W_VALID_RDY Handshake beat=7 wlast=0
[145000] AXI S0_WVALID_RDY HANDSHAKE
[145000] S0 MEMORY WRITE beat=1 addr=05b9d600 data=e2a5069eae64409c id=17
[155000] AXI S0_WVALID_RDY HANDSHAKE
[155000] S0 MEMORY WRITE beat=2 addr=05b9d640 data=c7459239d6f9bcb2 id=17
[155000] MASTER 1 W_VALID_RDY Handshake beat=8 wlast=0
[155000] MASTER 0 W_VALID_RDY Handshake beat=2 wlast=0
[165000] MASTER 0 W_VALID_RDY Handshake beat=3 wlast=0
[165000] MASTER 1 W_VALID_RDY Handshake beat=9 wlast=0
[165000] AXI S0_WVALID_RDY HANDSHAKE
[165000] S0 MEMORY WRITE beat=3 addr=05b9d680 data=3ce7883ad2d604d2 id=17
[175000] AXI S0_WVALID_RDY HANDSHAKE
[175000] S0 MEMORY WRITE beat=4 addr=05b9d6c0 data=013a456ff60b740b id=17
[175000] MASTER 1 W_VALID_RDY Handshake beat=10 wlast=1
[175000] MASTER 0 W_VALID_RDY Handshake beat=4 wlast=0
[185000] MASTER 0 W_VALID_RDY Handshake beat=5 wlast=0
[185000] AXI S0_WVALID_RDY HANDSHAKE
[185000] S0 MEMORY WRITE beat=5 addr=05b9d700 data=cd0530be9f8c8ed8 id=17
[195000] AXI S0_WVALID_RDY HANDSHAKE
[195000] S0 MEMORY WRITE beat=6 addr=05b9d740 data=f26293abc87fd7a8 id=17
[195000] MASTER 0 W_VALID_RDY Handshake beat=6 wlast=0
[205000] MASTER 0 W_VALID_RDY Handshake beat=7 wlast=0
[205000] AXI S0_WVALID_RDY HANDSHAKE
[205000] S0 MEMORY WRITE beat=7 addr=05b9d780 data=3e8b4bb409ecb8f8 id=17
[215000] AXI S0_WVALID_RDY HANDSHAKE
[215000] S0 MEMORY WRITE beat=8 addr=05b9d7c0 data=a97947d0f39cd91a id=17
[225000] AXI S0_WVALID_RDY HANDSHAKE
[225000] S0 MEMORY WRITE beat=9 addr=05b9d800 data=bc1cb0c20b907c72 id=17
[235000] AXI S0_WVALID_RDY HANDSHAKE
[235000] S0 MEMORY WRITE beat=10 addr=05b9d840 data=157d356a9bdbdb7b id=17
[245000] SLAVE0 sent B resp, id=7
[255000] AXI S0_AWVALID_RDY HANDSHAKE
[255000] [SLAVE MONITOR] mst_id=1 s_id=0 awaddr=5b9d8b8 awid=111 awlen=10 awsize=6 awburst=2 wdata=[2ec5e1d2e5edcb87 e2a5069eae64409c c7459239d6f9bcb2 3ce7883ad2d604d2 13a456ff60b740b cd0530be9f8c8ed8 f26293abc87fd7a8 3e8b4bb409ecb8f8 a97947d0f39cd91a bc1cb0c20b907c72 157d356a9bdbdb7b ] wstrb=[76 95 3a e8 58 b6 52 ce 4b 8d b7 ] bresp=0 bid=10111
[255000] ARB MONITOR: slave=0 m0_req=1 m1_req=0 winner=0
[265000] MASTER 1 RECEIVED BRESP. BRESP=0
[265000] [MASTER DRIVER] mst_id=1 s_id=0 awaddr=5b9d8b8 awid=111 awlen=10 awsize=6 awburst=2 wdata=[2ec5e1d2e5edcb87 e2a5069eae64409c c7459239d6f9bcb2 3ce7883ad2d604d2 13a456ff60b740b cd0530be9f8c8ed8 f26293abc87fd7a8 3e8b4bb409ecb8f8 a97947d0f39cd91a bc1cb0c20b907c72 157d356a9bdbdb7b ] wstrb=[76 95 3a e8 58 b6 52 ce 4b 8d b7 ] bresp=0 bid=111
[265000] MASTER 1 B_VALID_RDY Handshake
[265000] [MASTER MONITOR] mst_id=1 s_id=0 awaddr=5b9d8b8 awid=111 awlen=10 awsize=6 awburst=2 wdata=[2ec5e1d2e5edcb87 e2a5069eae64409c c7459239d6f9bcb2 3ce7883ad2d604d2 13a456ff60b740b cd0530be9f8c8ed8 f26293abc87fd7a8 3e8b4bb409ecb8f8 a97947d0f39cd91a bc1cb0c20b907c72 157d356a9bdbdb7b ] wstrb=[76 95 3a e8 58 b6 52 ce 4b 8d b7 ] bresp=0 bid=111
[265000] AXI S0_WVALID_RDY HANDSHAKE
[265000] S0 MEMORY WRITE beat=0 addr=07d744b0 data=86a58d8de10b4770 id=08
[265000] SCOREBOARD MATCH: decode_err expected = 0, actual =0
[265000] SCOREBOARD MATCH: slave_id expected = 0, actual =0
[265000] SCOREBOARD MATCH: awaddr passthrough expected = 5b9d8b8, actual =5b9d8b8
[265000] SCOREBOARD MATCH: awlen passthrough expected = 10, actual =10
[265000] SCOREBOARD MATCH: awsize passthrough expected = 6, actual =6
[265000] SCOREBOARD MATCH: awburst passthrough expected = 2, actual =2
[265000] SCOREBOARD MATCH: wdata size check expected = b, actual =b
[265000] SCOREBOARD MATCH: wdata passthrough beat=0 expected = 2ec5e1d2e5edcb87, actual =2ec5e1d2e5edcb87
[265000] SCOREBOARD MATCH: wdata passthrough beat=1 expected = e2a5069eae64409c, actual =e2a5069eae64409c
[265000] SCOREBOARD MATCH: wdata passthrough beat=2 expected = c7459239d6f9bcb2, actual =c7459239d6f9bcb2
[265000] SCOREBOARD MATCH: wdata passthrough beat=3 expected = 3ce7883ad2d604d2, actual =3ce7883ad2d604d2
[265000] SCOREBOARD MATCH: wdata passthrough beat=4 expected = 13a456ff60b740b, actual =13a456ff60b740b
[265000] SCOREBOARD MATCH: wdata passthrough beat=5 expected = cd0530be9f8c8ed8, actual =cd0530be9f8c8ed8
[265000] SCOREBOARD MATCH: wdata passthrough beat=6 expected = f26293abc87fd7a8, actual =f26293abc87fd7a8
[265000] SCOREBOARD MATCH: wdata passthrough beat=7 expected = 3e8b4bb409ecb8f8, actual =3e8b4bb409ecb8f8
[265000] SCOREBOARD MATCH: wdata passthrough beat=8 expected = a97947d0f39cd91a, actual =a97947d0f39cd91a
[265000] SCOREBOARD MATCH: wdata passthrough beat=9 expected = bc1cb0c20b907c72, actual =bc1cb0c20b907c72
[265000] SCOREBOARD MATCH: wdata passthrough beat=10 expected = 157d356a9bdbdb7b, actual =157d356a9bdbdb7b
[265000] SCOREBOARD MATCH: wstrb size check expected = b, actual =b
[265000] SCOREBOARD MATCH: wstrb passthrough beat=0 expected = 76, actual =76
[265000] SCOREBOARD MATCH: wstrb passthrough beat=1 expected = 95, actual =95
[265000] SCOREBOARD MATCH: wstrb passthrough beat=2 expected = 3a, actual =3a
[265000] SCOREBOARD MATCH: wstrb passthrough beat=3 expected = e8, actual =e8
[265000] SCOREBOARD MATCH: wstrb passthrough beat=4 expected = 58, actual =58
[265000] SCOREBOARD MATCH: wstrb passthrough beat=5 expected = b6, actual =b6
[265000] SCOREBOARD MATCH: wstrb passthrough beat=6 expected = 52, actual =52
[265000] SCOREBOARD MATCH: wstrb passthrough beat=7 expected = ce, actual =ce
[265000] SCOREBOARD MATCH: wstrb passthrough beat=8 expected = 4b, actual =4b
[265000] SCOREBOARD MATCH: wstrb passthrough beat=9 expected = 8d, actual =8d
[265000] SCOREBOARD MATCH: wstrb passthrough beat=10 expected = b7, actual =b7
[265000] SCOREBOARD MATCH: bresp passthrough expected = 0, actual =0
[265000] SCOREBOARD MATCH: response routed to correct master (write) expected = 1, actual =1
[265000] [SCOREBOARD-M] mst_id=1 s_id=0 awaddr=5b9d8b8 awid=111 awlen=10 awsize=6 awburst=2 wdata=[2ec5e1d2e5edcb87 e2a5069eae64409c c7459239d6f9bcb2 3ce7883ad2d604d2 13a456ff60b740b cd0530be9f8c8ed8 f26293abc87fd7a8 3e8b4bb409ecb8f8 a97947d0f39cd91a bc1cb0c20b907c72 157d356a9bdbdb7b ] wstrb=[76 95 3a e8 58 b6 52 ce 4b 8d b7 ] bresp=0 bid=111
[265000] [SCOREBOARD-S] mst_id=1 s_id=0 awaddr=5b9d8b8 awid=111 awlen=10 awsize=6 awburst=2 wdata=[2ec5e1d2e5edcb87 e2a5069eae64409c c7459239d6f9bcb2 3ce7883ad2d604d2 13a456ff60b740b cd0530be9f8c8ed8 f26293abc87fd7a8 3e8b4bb409ecb8f8 a97947d0f39cd91a bc1cb0c20b907c72 157d356a9bdbdb7b ] wstrb=[76 95 3a e8 58 b6 52 ce 4b 8d b7 ] bresp=0 bid=10111
[265000] SCOREBOARD: Transaction 3 received. pass=67 fail=0
[265000] ALL PASS. Total transactions: 3
[275000] AXI S0_WVALID_RDY HANDSHAKE
[275000] S0 MEMORY WRITE beat=1 addr=07d744b1 data=3bfe6007c9ec2cb6 id=08
[275000] MASTER 0 W_VALID_RDY Handshake beat=8 wlast=0
[285000] MASTER 0 W_VALID_RDY Handshake beat=9 wlast=0
[285000] AXI S0_WVALID_RDY HANDSHAKE
[285000] S0 MEMORY WRITE beat=2 addr=07d744b2 data=38444a11b495010f id=08
[295000] AXI S0_WVALID_RDY HANDSHAKE
[295000] S0 MEMORY WRITE beat=3 addr=07d744b3 data=95a0487fa1cb3b67 id=08
[295000] MASTER 0 W_VALID_RDY Handshake beat=10 wlast=0
[305000] MASTER 0 W_VALID_RDY Handshake beat=11 wlast=0
[305000] AXI S0_WVALID_RDY HANDSHAKE
[305000] S0 MEMORY WRITE beat=4 addr=07d744b4 data=ebb7681ebee9d79e id=08
[315000] AXI S0_WVALID_RDY HANDSHAKE
[315000] S0 MEMORY WRITE beat=5 addr=07d744b5 data=f37ed8aed19ea886 id=08
[315000] MASTER 0 W_VALID_RDY Handshake beat=12 wlast=0
[325000] MASTER 0 W_VALID_RDY Handshake beat=13 wlast=0
[325000] AXI S0_WVALID_RDY HANDSHAKE
[325000] S0 MEMORY WRITE beat=6 addr=07d744b6 data=f369e3ee23fbb22f id=08
[335000] AXI S0_WVALID_RDY HANDSHAKE
[335000] S0 MEMORY WRITE beat=7 addr=07d744b7 data=e2e589cd891f212d id=08
[335000] MASTER 0 W_VALID_RDY Handshake beat=14 wlast=0
[345000] MASTER 0 W_VALID_RDY Handshake beat=15 wlast=0
[345000] AXI S0_WVALID_RDY HANDSHAKE
[345000] S0 MEMORY WRITE beat=8 addr=07d744b8 data=dabdc9b4df214c0c id=08
[355000] AXI S0_WVALID_RDY HANDSHAKE
[355000] S0 MEMORY WRITE beat=9 addr=07d744b9 data=031cfe3bd664627b id=08
[355000] MASTER 0 W_VALID_RDY Handshake beat=16 wlast=0
[365000] MASTER 0 W_VALID_RDY Handshake beat=17 wlast=0
[365000] AXI S0_WVALID_RDY HANDSHAKE
[365000] S0 MEMORY WRITE beat=10 addr=07d744ba data=df8383a9ce27ada2 id=08
[375000] AXI S0_WVALID_RDY HANDSHAKE
[375000] S0 MEMORY WRITE beat=11 addr=07d744bb data=2d48f9aee6028808 id=08
[375000] MASTER 0 W_VALID_RDY Handshake beat=18 wlast=0
[385000] MASTER 0 W_VALID_RDY Handshake beat=19 wlast=0
[385000] AXI S0_WVALID_RDY HANDSHAKE
[385000] S0 MEMORY WRITE beat=12 addr=07d744bc data=3c66ea843a414d5d id=08
[395000] AXI S0_WVALID_RDY HANDSHAKE
[395000] S0 MEMORY WRITE beat=13 addr=07d744bd data=0868faff3065f7e9 id=08
[395000] MASTER 0 W_VALID_RDY Handshake beat=20 wlast=0
[405000] MASTER 0 W_VALID_RDY Handshake beat=21 wlast=0
[405000] AXI S0_WVALID_RDY HANDSHAKE
[405000] S0 MEMORY WRITE beat=14 addr=07d744be data=96687ff11bea6e2d id=08
[415000] AXI S0_WVALID_RDY HANDSHAKE
[415000] S0 MEMORY WRITE beat=15 addr=07d744bf data=d62bbb8a35b1f4ad id=08
[415000] MASTER 0 W_VALID_RDY Handshake beat=22 wlast=0
[425000] MASTER 0 W_VALID_RDY Handshake beat=23 wlast=0
[425000] AXI S0_WVALID_RDY HANDSHAKE
[425000] S0 MEMORY WRITE beat=16 addr=07d744c0 data=e617ec96d2cf6a75 id=08
[435000] AXI S0_WVALID_RDY HANDSHAKE
[435000] S0 MEMORY WRITE beat=17 addr=07d744c1 data=eeb9d8a2de94b689 id=08
[435000] MASTER 0 W_VALID_RDY Handshake beat=24 wlast=0
[445000] MASTER 0 W_VALID_RDY Handshake beat=25 wlast=0
[445000] AXI S0_WVALID_RDY HANDSHAKE
[445000] S0 MEMORY WRITE beat=18 addr=07d744c2 data=1446ab36fc806c87 id=08
[455000] AXI S0_WVALID_RDY HANDSHAKE
[455000] S0 MEMORY WRITE beat=19 addr=07d744c3 data=cf4fd6fdc4e5942c id=08
[455000] MASTER 0 W_VALID_RDY Handshake beat=26 wlast=0
[465000] MASTER 0 W_VALID_RDY Handshake beat=27 wlast=0
[465000] AXI S0_WVALID_RDY HANDSHAKE
[465000] S0 MEMORY WRITE beat=20 addr=07d744c4 data=a37a4ab5fa5e97cc id=08
[475000] AXI S0_WVALID_RDY HANDSHAKE
[475000] S0 MEMORY WRITE beat=21 addr=07d744c5 data=f6df0453be09af9f id=08
[475000] MASTER 0 W_VALID_RDY Handshake beat=28 wlast=0
[485000] MASTER 0 W_VALID_RDY Handshake beat=29 wlast=0
[485000] AXI S0_WVALID_RDY HANDSHAKE
[485000] S0 MEMORY WRITE beat=22 addr=07d744c6 data=02ef43ccb7c0f5eb id=08
[495000] AXI S0_WVALID_RDY HANDSHAKE
[495000] S0 MEMORY WRITE beat=23 addr=07d744c7 data=b21f8db7c62edb50 id=08
[495000] MASTER 0 W_VALID_RDY Handshake beat=30 wlast=0
[505000] MASTER 0 W_VALID_RDY Handshake beat=31 wlast=0
[505000] AXI S0_WVALID_RDY HANDSHAKE
[505000] S0 MEMORY WRITE beat=24 addr=07d744c8 data=04388af0a6698e81 id=08
[515000] AXI S0_WVALID_RDY HANDSHAKE
[515000] S0 MEMORY WRITE beat=25 addr=07d744c9 data=de2a846d28fe920b id=08
[515000] MASTER 0 W_VALID_RDY Handshake beat=32 wlast=0
[525000] MASTER 0 W_VALID_RDY Handshake beat=33 wlast=0
[525000] AXI S0_WVALID_RDY HANDSHAKE
[525000] S0 MEMORY WRITE beat=26 addr=07d744ca data=ef2d6d5b0727cebc id=08
[535000] AXI S0_WVALID_RDY HANDSHAKE
[535000] S0 MEMORY WRITE beat=27 addr=07d744cb data=ad915d3d904a1224 id=08
[535000] MASTER 0 W_VALID_RDY Handshake beat=34 wlast=0
[545000] MASTER 0 W_VALID_RDY Handshake beat=35 wlast=0
[545000] AXI S0_WVALID_RDY HANDSHAKE
[545000] S0 MEMORY WRITE beat=28 addr=07d744cc data=b948a42ff365f84b id=08
[555000] AXI S0_WVALID_RDY HANDSHAKE
[555000] S0 MEMORY WRITE beat=29 addr=07d744cd data=fa8dc7078bbbe1aa id=08
[555000] MASTER 0 W_VALID_RDY Handshake beat=36 wlast=0
[565000] MASTER 0 W_VALID_RDY Handshake beat=37 wlast=0
[565000] AXI S0_WVALID_RDY HANDSHAKE
[565000] S0 MEMORY WRITE beat=30 addr=07d744ce data=1c05f3cf2876118b id=08
[575000] AXI S0_WVALID_RDY HANDSHAKE
[575000] S0 MEMORY WRITE beat=31 addr=07d744cf data=9bdc09d6281f2445 id=08
[575000] MASTER 0 W_VALID_RDY Handshake beat=38 wlast=0
[585000] MASTER 0 W_VALID_RDY Handshake beat=39 wlast=0
[585000] AXI S0_WVALID_RDY HANDSHAKE
[585000] S0 MEMORY WRITE beat=32 addr=07d744d0 data=b3db05efd54e97fe id=08
[595000] AXI S0_WVALID_RDY HANDSHAKE
[595000] S0 MEMORY WRITE beat=33 addr=07d744d1 data=fdc4a9891669d0de id=08
[595000] MASTER 0 W_VALID_RDY Handshake beat=40 wlast=0
[605000] MASTER 0 W_VALID_RDY Handshake beat=41 wlast=0
[605000] AXI S0_WVALID_RDY HANDSHAKE
[605000] S0 MEMORY WRITE beat=34 addr=07d744d2 data=3e88f523cfe0f9be id=08
[615000] AXI S0_WVALID_RDY HANDSHAKE
[615000] S0 MEMORY WRITE beat=35 addr=07d744d3 data=252f91bd19a0b360 id=08
[615000] MASTER 0 W_VALID_RDY Handshake beat=42 wlast=0
[625000] MASTER 0 W_VALID_RDY Handshake beat=43 wlast=0
[625000] AXI S0_WVALID_RDY HANDSHAKE
[625000] S0 MEMORY WRITE beat=36 addr=07d744d4 data=300a843ef263fb12 id=08
[635000] AXI S0_WVALID_RDY HANDSHAKE
[635000] S0 MEMORY WRITE beat=37 addr=07d744d5 data=c244f4d1a2f43b46 id=08
[635000] MASTER 0 W_VALID_RDY Handshake beat=44 wlast=0
[645000] MASTER 0 W_VALID_RDY Handshake beat=45 wlast=0
[645000] AXI S0_WVALID_RDY HANDSHAKE
[645000] S0 MEMORY WRITE beat=38 addr=07d744d6 data=bc94eea6ee937961 id=08
[655000] AXI S0_WVALID_RDY HANDSHAKE
[655000] S0 MEMORY WRITE beat=39 addr=07d744d7 data=e0f77473e774868e id=08
[655000] MASTER 0 W_VALID_RDY Handshake beat=46 wlast=0
[665000] MASTER 0 W_VALID_RDY Handshake beat=47 wlast=0
[665000] AXI S0_WVALID_RDY HANDSHAKE
[665000] S0 MEMORY WRITE beat=40 addr=07d744d8 data=8a68c1d4ec9f72e4 id=08
[675000] AXI S0_WVALID_RDY HANDSHAKE
[675000] S0 MEMORY WRITE beat=41 addr=07d744d9 data=db32ec45a33c6944 id=08
[675000] MASTER 0 W_VALID_RDY Handshake beat=48 wlast=0
[685000] MASTER 0 W_VALID_RDY Handshake beat=49 wlast=0
[685000] AXI S0_WVALID_RDY HANDSHAKE
[685000] S0 MEMORY WRITE beat=42 addr=07d744da data=8ab0efd2c6fdb07b id=08
[695000] AXI S0_WVALID_RDY HANDSHAKE
[695000] S0 MEMORY WRITE beat=43 addr=07d744db data=b39d235f3c2a60b9 id=08
[695000] MASTER 0 W_VALID_RDY Handshake beat=50 wlast=0
[705000] MASTER 0 W_VALID_RDY Handshake beat=51 wlast=0
[705000] AXI S0_WVALID_RDY HANDSHAKE
[705000] S0 MEMORY WRITE beat=44 addr=07d744dc data=df66c9fd1519b1a7 id=08
[715000] AXI S0_WVALID_RDY HANDSHAKE
[715000] S0 MEMORY WRITE beat=45 addr=07d744dd data=dc1762220ed00fa5 id=08
[715000] MASTER 0 W_VALID_RDY Handshake beat=52 wlast=0
[725000] MASTER 0 W_VALID_RDY Handshake beat=53 wlast=0
[725000] AXI S0_WVALID_RDY HANDSHAKE
[725000] S0 MEMORY WRITE beat=46 addr=07d744de data=cafa705eea17b9d0 id=08
[735000] AXI S0_WVALID_RDY HANDSHAKE
[735000] S0 MEMORY WRITE beat=47 addr=07d744df data=ff316b778fb48581 id=08
[735000] MASTER 0 W_VALID_RDY Handshake beat=54 wlast=0
[745000] MASTER 0 W_VALID_RDY Handshake beat=55 wlast=0
[745000] AXI S0_WVALID_RDY HANDSHAKE
[745000] S0 MEMORY WRITE beat=48 addr=07d744e0 data=9e849526aa613a5b id=08
[755000] AXI S0_WVALID_RDY HANDSHAKE
[755000] S0 MEMORY WRITE beat=49 addr=07d744e1 data=9478f42bdb48cd99 id=08
[755000] MASTER 0 W_VALID_RDY Handshake beat=56 wlast=0
[765000] MASTER 0 W_VALID_RDY Handshake beat=57 wlast=0
[765000] AXI S0_WVALID_RDY HANDSHAKE
[765000] S0 MEMORY WRITE beat=50 addr=07d744e2 data=eafd531ae97f0584 id=08
[775000] AXI S0_WVALID_RDY HANDSHAKE
[775000] S0 MEMORY WRITE beat=51 addr=07d744e3 data=13e03fe093aa5fa2 id=08
[775000] MASTER 0 W_VALID_RDY Handshake beat=58 wlast=0
[785000] MASTER 0 W_VALID_RDY Handshake beat=59 wlast=0
[785000] AXI S0_WVALID_RDY HANDSHAKE
[785000] S0 MEMORY WRITE beat=52 addr=07d744e4 data=eef32d3b0981e841 id=08
[795000] AXI S0_WVALID_RDY HANDSHAKE
[795000] S0 MEMORY WRITE beat=53 addr=07d744e5 data=f300edc5a859340b id=08
[795000] MASTER 0 W_VALID_RDY Handshake beat=60 wlast=0
[805000] MASTER 0 W_VALID_RDY Handshake beat=61 wlast=0
[805000] AXI S0_WVALID_RDY HANDSHAKE
[805000] S0 MEMORY WRITE beat=54 addr=07d744e6 data=3c0393aed9f08056 id=08
[815000] AXI S0_WVALID_RDY HANDSHAKE
[815000] S0 MEMORY WRITE beat=55 addr=07d744e7 data=e372689786e12da5 id=08
[815000] MASTER 0 W_VALID_RDY Handshake beat=62 wlast=0
[825000] MASTER 0 W_VALID_RDY Handshake beat=63 wlast=0
[825000] AXI S0_WVALID_RDY HANDSHAKE
[825000] S0 MEMORY WRITE beat=56 addr=07d744e8 data=2f3a61b1aaf6c0e9 id=08
[835000] AXI S0_WVALID_RDY HANDSHAKE
[835000] S0 MEMORY WRITE beat=57 addr=07d744e9 data=84e7413fd673565c id=08
[835000] MASTER 0 W_VALID_RDY Handshake beat=64 wlast=0
[845000] MASTER 0 W_VALID_RDY Handshake beat=65 wlast=0
[845000] AXI S0_WVALID_RDY HANDSHAKE
[845000] S0 MEMORY WRITE beat=58 addr=07d744ea data=dd548402eb3df55f id=08
[855000] AXI S0_WVALID_RDY HANDSHAKE
[855000] S0 MEMORY WRITE beat=59 addr=07d744eb data=9634b648e859a9d6 id=08
[855000] MASTER 0 W_VALID_RDY Handshake beat=66 wlast=0
[865000] MASTER 0 W_VALID_RDY Handshake beat=67 wlast=0
[865000] AXI S0_WVALID_RDY HANDSHAKE
[865000] S0 MEMORY WRITE beat=60 addr=07d744ec data=3ecd00330c8ee5b3 id=08
[875000] AXI S0_WVALID_RDY HANDSHAKE
[875000] S0 MEMORY WRITE beat=61 addr=07d744ed data=f7ccdb121b1bf788 id=08
[875000] MASTER 0 W_VALID_RDY Handshake beat=68 wlast=0
[885000] MASTER 0 W_VALID_RDY Handshake beat=69 wlast=0
[885000] AXI S0_WVALID_RDY HANDSHAKE
[885000] S0 MEMORY WRITE beat=62 addr=07d744ee data=8375a15e1c218435 id=08
[895000] AXI S0_WVALID_RDY HANDSHAKE
[895000] S0 MEMORY WRITE beat=63 addr=07d744ef data=28b069e88e01915a id=08
[895000] MASTER 0 W_VALID_RDY Handshake beat=70 wlast=0
[905000] MASTER 0 W_VALID_RDY Handshake beat=71 wlast=0
[905000] AXI S0_WVALID_RDY HANDSHAKE
[905000] S0 MEMORY WRITE beat=64 addr=07d744f0 data=a91d88e2c242a191 id=08
[915000] AXI S0_WVALID_RDY HANDSHAKE
[915000] S0 MEMORY WRITE beat=65 addr=07d744f1 data=de6425c6207d44fa id=08
[915000] MASTER 0 W_VALID_RDY Handshake beat=72 wlast=0
[925000] MASTER 0 W_VALID_RDY Handshake beat=73 wlast=0
[925000] AXI S0_WVALID_RDY HANDSHAKE
[925000] S0 MEMORY WRITE beat=66 addr=07d744f2 data=ae7ed6542c932a41 id=08
[935000] AXI S0_WVALID_RDY HANDSHAKE
[935000] S0 MEMORY WRITE beat=67 addr=07d744f3 data=eed5cbd287148fae id=08
[935000] MASTER 0 W_VALID_RDY Handshake beat=74 wlast=0
[945000] MASTER 0 W_VALID_RDY Handshake beat=75 wlast=0
[945000] AXI S0_WVALID_RDY HANDSHAKE
[945000] S0 MEMORY WRITE beat=68 addr=07d744f4 data=a791d4a8d79c5f37 id=08
[955000] AXI S0_WVALID_RDY HANDSHAKE
[955000] S0 MEMORY WRITE beat=69 addr=07d744f5 data=042f8978cd39f199 id=08
[955000] MASTER 0 W_VALID_RDY Handshake beat=76 wlast=0
[965000] MASTER 0 W_VALID_RDY Handshake beat=77 wlast=0
[965000] AXI S0_WVALID_RDY HANDSHAKE
[965000] S0 MEMORY WRITE beat=70 addr=07d744f6 data=d44e8147d610aafd id=08
[975000] AXI S0_WVALID_RDY HANDSHAKE
[975000] S0 MEMORY WRITE beat=71 addr=07d744f7 data=2dad0a34f305554a id=08
[975000] MASTER 0 W_VALID_RDY Handshake beat=78 wlast=0
[985000] MASTER 0 W_VALID_RDY Handshake beat=79 wlast=0
[985000] AXI S0_WVALID_RDY HANDSHAKE
[985000] S0 MEMORY WRITE beat=72 addr=07d744f8 data=c03f46e3fbe055f0 id=08
[995000] AXI S0_WVALID_RDY HANDSHAKE
[995000] S0 MEMORY WRITE beat=73 addr=07d744f9 data=d1f100ed31dc93ac id=08
[995000] MASTER 0 W_VALID_RDY Handshake beat=80 wlast=0
[1005000] MASTER 0 W_VALID_RDY Handshake beat=81 wlast=0
[1005000] AXI S0_WVALID_RDY HANDSHAKE
[1005000] S0 MEMORY WRITE beat=74 addr=07d744fa data=a4e1e8f6148dc82b id=08
[1015000] AXI S0_WVALID_RDY HANDSHAKE
[1015000] S0 MEMORY WRITE beat=75 addr=07d744fb data=106e1e1bff9e0b21 id=08
[1015000] MASTER 0 W_VALID_RDY Handshake beat=82 wlast=0
[1025000] MASTER 0 W_VALID_RDY Handshake beat=83 wlast=0
[1025000] AXI S0_WVALID_RDY HANDSHAKE
[1025000] S0 MEMORY WRITE beat=76 addr=07d744fc data=317a9ecde5212fda id=08
[1035000] AXI S0_WVALID_RDY HANDSHAKE
[1035000] S0 MEMORY WRITE beat=77 addr=07d744fd data=f9aef805e25f1f08 id=08
[1035000] MASTER 0 W_VALID_RDY Handshake beat=84 wlast=0
[1045000] MASTER 0 W_VALID_RDY Handshake beat=85 wlast=0
[1045000] AXI S0_WVALID_RDY HANDSHAKE
[1045000] S0 MEMORY WRITE beat=78 addr=07d744fe data=e1fd2a29d65c87c3 id=08
[1055000] AXI S0_WVALID_RDY HANDSHAKE
[1055000] S0 MEMORY WRITE beat=79 addr=07d744ff data=bb7db79d0a1d1620 id=08
[1055000] MASTER 0 W_VALID_RDY Handshake beat=86 wlast=0
[1065000] MASTER 0 W_VALID_RDY Handshake beat=87 wlast=0
[1065000] AXI S0_WVALID_RDY HANDSHAKE
[1065000] S0 MEMORY WRITE beat=80 addr=07d74500 data=ec7c35281377c8f6 id=08
[1075000] AXI S0_WVALID_RDY HANDSHAKE
[1075000] S0 MEMORY WRITE beat=81 addr=07d74501 data=e9d450b9b52cafa2 id=08
[1075000] MASTER 0 W_VALID_RDY Handshake beat=88 wlast=0
[1085000] MASTER 0 W_VALID_RDY Handshake beat=89 wlast=0
[1085000] AXI S0_WVALID_RDY HANDSHAKE
[1085000] S0 MEMORY WRITE beat=82 addr=07d74502 data=bf49c5c2ce795f51 id=08
[1095000] AXI S0_WVALID_RDY HANDSHAKE
[1095000] S0 MEMORY WRITE beat=83 addr=07d74503 data=e1f1284725520857 id=08
[1095000] MASTER 0 W_VALID_RDY Handshake beat=90 wlast=1
[1095000] MASTER_DRIVER0 received transaction, op=AXI_WRITE
[1105000] AXI S0_WVALID_RDY HANDSHAKE
[1105000] S0 MEMORY WRITE beat=84 addr=07d74504 data=da7eb7f9abc5faea id=08
[1115000] AXI S0_WVALID_RDY HANDSHAKE
[1115000] S0 MEMORY WRITE beat=85 addr=07d74505 data=fa3f5a3bcbc57900 id=08
[1115000] MASTER 0 AW_VALID_RDY Handshake
[1125000] AXI S0_WVALID_RDY HANDSHAKE
[1125000] S0 MEMORY WRITE beat=86 addr=07d74506 data=f117815719c87dbc id=08
[1135000] AXI S0_WVALID_RDY HANDSHAKE
[1135000] S0 MEMORY WRITE beat=87 addr=07d74507 data=c58e78a6dc308282 id=08
[1135000] MASTER 0 W_VALID_RDY Handshake beat=0 wlast=0
[1145000] MASTER 0 W_VALID_RDY Handshake beat=1 wlast=0
[1145000] AXI S0_WVALID_RDY HANDSHAKE
[1145000] S0 MEMORY WRITE beat=88 addr=07d74508 data=27f5fb83cb963951 id=08
[1155000] AXI S0_WVALID_RDY HANDSHAKE
[1155000] S0 MEMORY WRITE beat=89 addr=07d74509 data=e55eb70d3fcdd2e2 id=08
[1155000] MASTER 0 W_VALID_RDY Handshake beat=2 wlast=0
[1165000] MASTER 0 W_VALID_RDY Handshake beat=3 wlast=0
[1165000] AXI S0_WVALID_RDY HANDSHAKE
[1165000] S0 MEMORY WRITE beat=90 addr=07d7450a data=9bfe5564990d7cda id=08
[1175000] SLAVE0 sent B resp, id=8
[1175000] [SLAVE MONITOR] mst_id=0 s_id=0 awaddr=7d744b0 awid=1000 awlen=90 awsize=0 awburst=1 wdata=[86a58d8de10b4770 3bfe6007c9ec2cb6 38444a11b495010f 95a0487fa1cb3b67 ebb7681ebee9d79e f37ed8aed19ea886 f369e3ee23fbb22f e2e589cd891f212d dabdc9b4df214c0c 31cfe3bd664627b df8383a9ce27ada2 2d48f9aee6028808 3c66ea843a414d5d 868faff3065f7e9 96687ff11bea6e2d d62bbb8a35b1f4ad e617ec96d2cf6a75 eeb9d8a2de94b689 1446ab36fc806c87 cf4fd6fdc4e5942c a37a4ab5fa5e97cc f6df0453be09af9f 2ef43ccb7c0f5eb b21f8db7c62edb50 4388af0a6698e81 de2a846d28fe920b ef2d6d5b0727cebc ad915d3d904a1224 b948a42ff365f84b fa8dc7078bbbe1aa 1c05f3cf2876118b 9bdc09d6281f2445 b3db05efd54e97fe fdc4a9891669d0de 3e88f523cfe0f9be 252f91bd19a0b360 300a843ef263fb12 c244f4d1a2f43b46 bc94eea6ee937961 e0f77473e774868e 8a68c1d4ec9f72e4 db32ec45a33c6944 8ab0efd2c6fdb07b b39d235f3c2a60b9 df66c9fd1519b1a7 dc1762220ed00fa5 cafa705eea17b9d0 ff316b778fb48581 9e849526aa613a5b 9478f42bdb48cd99 eafd531ae97f0584 13e03fe093aa5fa2 eef32d3b0981e841 f300edc5a859340b 3c0393aed9f08056 e372689786e12da5 2f3a61b1aaf6c0e9 84e7413fd673565c dd548402eb3df55f 9634b648e859a9d6 3ecd00330c8ee5b3 f7ccdb121b1bf788 8375a15e1c218435 28b069e88e01915a a91d88e2c242a191 de6425c6207d44fa ae7ed6542c932a41 eed5cbd287148fae a791d4a8d79c5f37 42f8978cd39f199 d44e8147d610aafd 2dad0a34f305554a c03f46e3fbe055f0 d1f100ed31dc93ac a4e1e8f6148dc82b 106e1e1bff9e0b21 317a9ecde5212fda f9aef805e25f1f08 e1fd2a29d65c87c3 bb7db79d0a1d1620 ec7c35281377c8f6 e9d450b9b52cafa2 bf49c5c2ce795f51 e1f1284725520857 da7eb7f9abc5faea fa3f5a3bcbc57900 f117815719c87dbc c58e78a6dc308282 27f5fb83cb963951 e55eb70d3fcdd2e2 9bfe5564990d7cda ] wstrb=[b3 2b e7 95 38 c2 fa ec ed e1 81 26 a3 7b 12 91 5d 93 b7 0 f c9 91 6c 5c 48 6c 6b 11 fe d7 6e 46 44 d9 58 42 b1 c6 88 f5 9f e0 37 50 a6 bf 45 46 a0 7c 96 46 3c dc 8c dc 58 23 22 94 ff af 70 57 d2 93 ec d1 42 5c 28 14 ef 14 e5 31 71 d 45 60 22 2a 92 93 38 d7 f3 5a 2 85 ] bresp=0 bid=1000
[1175000] MASTER 0 W_VALID_RDY Handshake beat=4 wlast=0
[1185000] MASTER 0 W_VALID_RDY Handshake beat=5 wlast=0
[1185000] ARB MONITOR: slave=0 m0_req=1 m1_req=0 winner=0
[1185000] AXI S0_AWVALID_RDY HANDSHAKE
[1195000] AXI S0_WVALID_RDY HANDSHAKE
[1195000] S0 MEMORY WRITE beat=0 addr=0f2eefa8 data=0872da0f3ade88d9 id=0f
[1195000] MASTER 0 W_VALID_RDY Handshake beat=6 wlast=0
[1195000] MASTER 0 B_VALID_RDY Handshake
[1195000] [MASTER MONITOR] mst_id=0 s_id=0 awaddr=7d744b0 awid=1000 awlen=90 awsize=0 awburst=1 wdata=[86a58d8de10b4770 3bfe6007c9ec2cb6 38444a11b495010f 95a0487fa1cb3b67 ebb7681ebee9d79e f37ed8aed19ea886 f369e3ee23fbb22f e2e589cd891f212d dabdc9b4df214c0c 31cfe3bd664627b df8383a9ce27ada2 2d48f9aee6028808 3c66ea843a414d5d 868faff3065f7e9 96687ff11bea6e2d d62bbb8a35b1f4ad e617ec96d2cf6a75 eeb9d8a2de94b689 1446ab36fc806c87 cf4fd6fdc4e5942c a37a4ab5fa5e97cc f6df0453be09af9f 2ef43ccb7c0f5eb b21f8db7c62edb50 4388af0a6698e81 de2a846d28fe920b ef2d6d5b0727cebc ad915d3d904a1224 b948a42ff365f84b fa8dc7078bbbe1aa 1c05f3cf2876118b 9bdc09d6281f2445 b3db05efd54e97fe fdc4a9891669d0de 3e88f523cfe0f9be 252f91bd19a0b360 300a843ef263fb12 c244f4d1a2f43b46 bc94eea6ee937961 e0f77473e774868e 8a68c1d4ec9f72e4 db32ec45a33c6944 8ab0efd2c6fdb07b b39d235f3c2a60b9 df66c9fd1519b1a7 dc1762220ed00fa5 cafa705eea17b9d0 ff316b778fb48581 9e849526aa613a5b 9478f42bdb48cd99 eafd531ae97f0584 13e03fe093aa5fa2 eef32d3b0981e841 f300edc5a859340b 3c0393aed9f08056 e372689786e12da5 2f3a61b1aaf6c0e9 84e7413fd673565c dd548402eb3df55f 9634b648e859a9d6 3ecd00330c8ee5b3 f7ccdb121b1bf788 8375a15e1c218435 28b069e88e01915a a91d88e2c242a191 de6425c6207d44fa ae7ed6542c932a41 eed5cbd287148fae a791d4a8d79c5f37 42f8978cd39f199 d44e8147d610aafd 2dad0a34f305554a c03f46e3fbe055f0 d1f100ed31dc93ac a4e1e8f6148dc82b 106e1e1bff9e0b21 317a9ecde5212fda f9aef805e25f1f08 e1fd2a29d65c87c3 bb7db79d0a1d1620 ec7c35281377c8f6 e9d450b9b52cafa2 bf49c5c2ce795f51 e1f1284725520857 da7eb7f9abc5faea fa3f5a3bcbc57900 f117815719c87dbc c58e78a6dc308282 27f5fb83cb963951 e55eb70d3fcdd2e2 9bfe5564990d7cda ] wstrb=[b3 2b e7 95 38 c2 fa ec ed e1 81 26 a3 7b 12 91 5d 93 b7 0 f c9 91 6c 5c 48 6c 6b 11 fe d7 6e 46 44 d9 58 42 b1 c6 88 f5 9f e0 37 50 a6 bf 45 46 a0 7c 96 46 3c dc 8c dc 58 23 22 94 ff af 70 57 d2 93 ec d1 42 5c 28 14 ef 14 e5 31 71 d 45 60 22 2a 92 93 38 d7 f3 5a 2 85 ] bresp=0 bid=1000
[1195000] MASTER 0 RECEIVED BRESP. BRESP=0
[1195000] [MASTER DRIVER] mst_id=0 s_id=0 awaddr=7d744b0 awid=1000 awlen=90 awsize=0 awburst=1 wdata=[86a58d8de10b4770 3bfe6007c9ec2cb6 38444a11b495010f 95a0487fa1cb3b67 ebb7681ebee9d79e f37ed8aed19ea886 f369e3ee23fbb22f e2e589cd891f212d dabdc9b4df214c0c 31cfe3bd664627b df8383a9ce27ada2 2d48f9aee6028808 3c66ea843a414d5d 868faff3065f7e9 96687ff11bea6e2d d62bbb8a35b1f4ad e617ec96d2cf6a75 eeb9d8a2de94b689 1446ab36fc806c87 cf4fd6fdc4e5942c a37a4ab5fa5e97cc f6df0453be09af9f 2ef43ccb7c0f5eb b21f8db7c62edb50 4388af0a6698e81 de2a846d28fe920b ef2d6d5b0727cebc ad915d3d904a1224 b948a42ff365f84b fa8dc7078bbbe1aa 1c05f3cf2876118b 9bdc09d6281f2445 b3db05efd54e97fe fdc4a9891669d0de 3e88f523cfe0f9be 252f91bd19a0b360 300a843ef263fb12 c244f4d1a2f43b46 bc94eea6ee937961 e0f77473e774868e 8a68c1d4ec9f72e4 db32ec45a33c6944 8ab0efd2c6fdb07b b39d235f3c2a60b9 df66c9fd1519b1a7 dc1762220ed00fa5 cafa705eea17b9d0 ff316b778fb48581 9e849526aa613a5b 9478f42bdb48cd99 eafd531ae97f0584 13e03fe093aa5fa2 eef32d3b0981e841 f300edc5a859340b 3c0393aed9f08056 e372689786e12da5 2f3a61b1aaf6c0e9 84e7413fd673565c dd548402eb3df55f 9634b648e859a9d6 3ecd00330c8ee5b3 f7ccdb121b1bf788 8375a15e1c218435 28b069e88e01915a a91d88e2c242a191 de6425c6207d44fa ae7ed6542c932a41 eed5cbd287148fae a791d4a8d79c5f37 42f8978cd39f199 d44e8147d610aafd 2dad0a34f305554a c03f46e3fbe055f0 d1f100ed31dc93ac a4e1e8f6148dc82b 106e1e1bff9e0b21 317a9ecde5212fda f9aef805e25f1f08 e1fd2a29d65c87c3 bb7db79d0a1d1620 ec7c35281377c8f6 e9d450b9b52cafa2 bf49c5c2ce795f51 e1f1284725520857 da7eb7f9abc5faea fa3f5a3bcbc57900 f117815719c87dbc c58e78a6dc308282 27f5fb83cb963951 e55eb70d3fcdd2e2 9bfe5564990d7cda ] wstrb=[b3 2b e7 95 38 c2 fa ec ed e1 81 26 a3 7b 12 91 5d 93 b7 0 f c9 91 6c 5c 48 6c 6b 11 fe d7 6e 46 44 d9 58 42 b1 c6 88 f5 9f e0 37 50 a6 bf 45 46 a0 7c 96 46 3c dc 8c dc 58 23 22 94 ff af 70 57 d2 93 ec d1 42 5c 28 14 ef 14 e5 31 71 d 45 60 22 2a 92 93 38 d7 f3 5a 2 85 ] bresp=0 bid=1000
[1195000] SCOREBOARD MATCH: decode_err expected = 0, actual =0
[1195000] SCOREBOARD MATCH: slave_id expected = 0, actual =0
[1195000] SCOREBOARD MATCH: awaddr passthrough expected = 7d744b0, actual =7d744b0
[1195000] SCOREBOARD MATCH: awlen passthrough expected = 90, actual =90
[1195000] SCOREBOARD MATCH: awsize passthrough expected = 0, actual =0
[1195000] SCOREBOARD MATCH: awburst passthrough expected = 1, actual =1
[1195000] SCOREBOARD MATCH: wdata size check expected = 5b, actual =5b
[1195000] SCOREBOARD MATCH: wdata passthrough beat=0 expected = 86a58d8de10b4770, actual =86a58d8de10b4770
[1195000] SCOREBOARD MATCH: wdata passthrough beat=1 expected = 3bfe6007c9ec2cb6, actual =3bfe6007c9ec2cb6
[1195000] SCOREBOARD MATCH: wdata passthrough beat=2 expected = 38444a11b495010f, actual =38444a11b495010f
[1195000] SCOREBOARD MATCH: wdata passthrough beat=3 expected = 95a0487fa1cb3b67, actual =95a0487fa1cb3b67
[1195000] SCOREBOARD MATCH: wdata passthrough beat=4 expected = ebb7681ebee9d79e, actual =ebb7681ebee9d79e
[1195000] SCOREBOARD MATCH: wdata passthrough beat=5 expected = f37ed8aed19ea886, actual =f37ed8aed19ea886
[1195000] SCOREBOARD MATCH: wdata passthrough beat=6 expected = f369e3ee23fbb22f, actual =f369e3ee23fbb22f
[1195000] SCOREBOARD MATCH: wdata passthrough beat=7 expected = e2e589cd891f212d, actual =e2e589cd891f212d
[1195000] SCOREBOARD MATCH: wdata passthrough beat=8 expected = dabdc9b4df214c0c, actual =dabdc9b4df214c0c
[1195000] SCOREBOARD MATCH: wdata passthrough beat=9 expected = 31cfe3bd664627b, actual =31cfe3bd664627b
[1195000] SCOREBOARD MATCH: wdata passthrough beat=10 expected = df8383a9ce27ada2, actual =df8383a9ce27ada2
[1195000] SCOREBOARD MATCH: wdata passthrough beat=11 expected = 2d48f9aee6028808, actual =2d48f9aee6028808
[1195000] SCOREBOARD MATCH: wdata passthrough beat=12 expected = 3c66ea843a414d5d, actual =3c66ea843a414d5d
[1195000] SCOREBOARD MATCH: wdata passthrough beat=13 expected = 868faff3065f7e9, actual =868faff3065f7e9
[1195000] SCOREBOARD MATCH: wdata passthrough beat=14 expected = 96687ff11bea6e2d, actual =96687ff11bea6e2d
[1195000] SCOREBOARD MATCH: wdata passthrough beat=15 expected = d62bbb8a35b1f4ad, actual =d62bbb8a35b1f4ad
[1195000] SCOREBOARD MATCH: wdata passthrough beat=16 expected = e617ec96d2cf6a75, actual =e617ec96d2cf6a75
[1195000] SCOREBOARD MATCH: wdata passthrough beat=17 expected = eeb9d8a2de94b689, actual =eeb9d8a2de94b689
[1195000] SCOREBOARD MATCH: wdata passthrough beat=18 expected = 1446ab36fc806c87, actual =1446ab36fc806c87
[1195000] SCOREBOARD MATCH: wdata passthrough beat=19 expected = cf4fd6fdc4e5942c, actual =cf4fd6fdc4e5942c
[1195000] SCOREBOARD MATCH: wdata passthrough beat=20 expected = a37a4ab5fa5e97cc, actual =a37a4ab5fa5e97cc
[1195000] SCOREBOARD MATCH: wdata passthrough beat=21 expected = f6df0453be09af9f, actual =f6df0453be09af9f
[1195000] SCOREBOARD MATCH: wdata passthrough beat=22 expected = 2ef43ccb7c0f5eb, actual =2ef43ccb7c0f5eb
[1195000] SCOREBOARD MATCH: wdata passthrough beat=23 expected = b21f8db7c62edb50, actual =b21f8db7c62edb50
[1195000] SCOREBOARD MATCH: wdata passthrough beat=24 expected = 4388af0a6698e81, actual =4388af0a6698e81
[1195000] SCOREBOARD MATCH: wdata passthrough beat=25 expected = de2a846d28fe920b, actual =de2a846d28fe920b
[1195000] SCOREBOARD MATCH: wdata passthrough beat=26 expected = ef2d6d5b0727cebc, actual =ef2d6d5b0727cebc
[1195000] SCOREBOARD MATCH: wdata passthrough beat=27 expected = ad915d3d904a1224, actual =ad915d3d904a1224
[1195000] SCOREBOARD MATCH: wdata passthrough beat=28 expected = b948a42ff365f84b, actual =b948a42ff365f84b
[1195000] SCOREBOARD MATCH: wdata passthrough beat=29 expected = fa8dc7078bbbe1aa, actual =fa8dc7078bbbe1aa
[1195000] SCOREBOARD MATCH: wdata passthrough beat=30 expected = 1c05f3cf2876118b, actual =1c05f3cf2876118b
[1195000] SCOREBOARD MATCH: wdata passthrough beat=31 expected = 9bdc09d6281f2445, actual =9bdc09d6281f2445
[1195000] SCOREBOARD MATCH: wdata passthrough beat=32 expected = b3db05efd54e97fe, actual =b3db05efd54e97fe
[1195000] SCOREBOARD MATCH: wdata passthrough beat=33 expected = fdc4a9891669d0de, actual =fdc4a9891669d0de
[1195000] SCOREBOARD MATCH: wdata passthrough beat=34 expected = 3e88f523cfe0f9be, actual =3e88f523cfe0f9be
[1195000] SCOREBOARD MATCH: wdata passthrough beat=35 expected = 252f91bd19a0b360, actual =252f91bd19a0b360
[1195000] SCOREBOARD MATCH: wdata passthrough beat=36 expected = 300a843ef263fb12, actual =300a843ef263fb12
[1195000] SCOREBOARD MATCH: wdata passthrough beat=37 expected = c244f4d1a2f43b46, actual =c244f4d1a2f43b46
[1195000] SCOREBOARD MATCH: wdata passthrough beat=38 expected = bc94eea6ee937961, actual =bc94eea6ee937961
[1195000] SCOREBOARD MATCH: wdata passthrough beat=39 expected = e0f77473e774868e, actual =e0f77473e774868e
[1195000] SCOREBOARD MATCH: wdata passthrough beat=40 expected = 8a68c1d4ec9f72e4, actual =8a68c1d4ec9f72e4
[1195000] SCOREBOARD MATCH: wdata passthrough beat=41 expected = db32ec45a33c6944, actual =db32ec45a33c6944
[1195000] SCOREBOARD MATCH: wdata passthrough beat=42 expected = 8ab0efd2c6fdb07b, actual =8ab0efd2c6fdb07b
[1195000] SCOREBOARD MATCH: wdata passthrough beat=43 expected = b39d235f3c2a60b9, actual =b39d235f3c2a60b9
[1195000] SCOREBOARD MATCH: wdata passthrough beat=44 expected = df66c9fd1519b1a7, actual =df66c9fd1519b1a7
[1195000] SCOREBOARD MATCH: wdata passthrough beat=45 expected = dc1762220ed00fa5, actual =dc1762220ed00fa5
[1195000] SCOREBOARD MATCH: wdata passthrough beat=46 expected = cafa705eea17b9d0, actual =cafa705eea17b9d0
[1195000] SCOREBOARD MATCH: wdata passthrough beat=47 expected = ff316b778fb48581, actual =ff316b778fb48581
[1195000] SCOREBOARD MATCH: wdata passthrough beat=48 expected = 9e849526aa613a5b, actual =9e849526aa613a5b
[1195000] SCOREBOARD MATCH: wdata passthrough beat=49 expected = 9478f42bdb48cd99, actual =9478f42bdb48cd99
[1195000] SCOREBOARD MATCH: wdata passthrough beat=50 expected = eafd531ae97f0584, actual =eafd531ae97f0584
[1195000] SCOREBOARD MATCH: wdata passthrough beat=51 expected = 13e03fe093aa5fa2, actual =13e03fe093aa5fa2
[1195000] SCOREBOARD MATCH: wdata passthrough beat=52 expected = eef32d3b0981e841, actual =eef32d3b0981e841
[1195000] SCOREBOARD MATCH: wdata passthrough beat=53 expected = f300edc5a859340b, actual =f300edc5a859340b
[1195000] SCOREBOARD MATCH: wdata passthrough beat=54 expected = 3c0393aed9f08056, actual =3c0393aed9f08056
[1195000] SCOREBOARD MATCH: wdata passthrough beat=55 expected = e372689786e12da5, actual =e372689786e12da5
[1195000] SCOREBOARD MATCH: wdata passthrough beat=56 expected = 2f3a61b1aaf6c0e9, actual =2f3a61b1aaf6c0e9
[1195000] SCOREBOARD MATCH: wdata passthrough beat=57 expected = 84e7413fd673565c, actual =84e7413fd673565c
[1195000] SCOREBOARD MATCH: wdata passthrough beat=58 expected = dd548402eb3df55f, actual =dd548402eb3df55f
[1195000] SCOREBOARD MATCH: wdata passthrough beat=59 expected = 9634b648e859a9d6, actual =9634b648e859a9d6
[1195000] SCOREBOARD MATCH: wdata passthrough beat=60 expected = 3ecd00330c8ee5b3, actual =3ecd00330c8ee5b3
[1195000] SCOREBOARD MATCH: wdata passthrough beat=61 expected = f7ccdb121b1bf788, actual =f7ccdb121b1bf788
[1195000] SCOREBOARD MATCH: wdata passthrough beat=62 expected = 8375a15e1c218435, actual =8375a15e1c218435
[1195000] SCOREBOARD MATCH: wdata passthrough beat=63 expected = 28b069e88e01915a, actual =28b069e88e01915a
[1195000] SCOREBOARD MATCH: wdata passthrough beat=64 expected = a91d88e2c242a191, actual =a91d88e2c242a191
[1195000] SCOREBOARD MATCH: wdata passthrough beat=65 expected = de6425c6207d44fa, actual =de6425c6207d44fa
[1195000] SCOREBOARD MATCH: wdata passthrough beat=66 expected = ae7ed6542c932a41, actual =ae7ed6542c932a41
[1195000] SCOREBOARD MATCH: wdata passthrough beat=67 expected = eed5cbd287148fae, actual =eed5cbd287148fae
[1195000] SCOREBOARD MATCH: wdata passthrough beat=68 expected = a791d4a8d79c5f37, actual =a791d4a8d79c5f37
[1195000] SCOREBOARD MATCH: wdata passthrough beat=69 expected = 42f8978cd39f199, actual =42f8978cd39f199
[1195000] SCOREBOARD MATCH: wdata passthrough beat=70 expected = d44e8147d610aafd, actual =d44e8147d610aafd
[1195000] SCOREBOARD MATCH: wdata passthrough beat=71 expected = 2dad0a34f305554a, actual =2dad0a34f305554a
[1195000] SCOREBOARD MATCH: wdata passthrough beat=72 expected = c03f46e3fbe055f0, actual =c03f46e3fbe055f0
[1195000] SCOREBOARD MATCH: wdata passthrough beat=73 expected = d1f100ed31dc93ac, actual =d1f100ed31dc93ac
[1195000] SCOREBOARD MATCH: wdata passthrough beat=74 expected = a4e1e8f6148dc82b, actual =a4e1e8f6148dc82b
[1195000] SCOREBOARD MATCH: wdata passthrough beat=75 expected = 106e1e1bff9e0b21, actual =106e1e1bff9e0b21
[1195000] SCOREBOARD MATCH: wdata passthrough beat=76 expected = 317a9ecde5212fda, actual =317a9ecde5212fda
[1195000] SCOREBOARD MATCH: wdata passthrough beat=77 expected = f9aef805e25f1f08, actual =f9aef805e25f1f08
[1195000] SCOREBOARD MATCH: wdata passthrough beat=78 expected = e1fd2a29d65c87c3, actual =e1fd2a29d65c87c3
[1195000] SCOREBOARD MATCH: wdata passthrough beat=79 expected = bb7db79d0a1d1620, actual =bb7db79d0a1d1620
[1195000] SCOREBOARD MATCH: wdata passthrough beat=80 expected = ec7c35281377c8f6, actual =ec7c35281377c8f6
[1195000] SCOREBOARD MATCH: wdata passthrough beat=81 expected = e9d450b9b52cafa2, actual =e9d450b9b52cafa2
[1195000] SCOREBOARD MATCH: wdata passthrough beat=82 expected = bf49c5c2ce795f51, actual =bf49c5c2ce795f51
[1195000] SCOREBOARD MATCH: wdata passthrough beat=83 expected = e1f1284725520857, actual =e1f1284725520857
[1195000] SCOREBOARD MATCH: wdata passthrough beat=84 expected = da7eb7f9abc5faea, actual =da7eb7f9abc5faea
[1195000] SCOREBOARD MATCH: wdata passthrough beat=85 expected = fa3f5a3bcbc57900, actual =fa3f5a3bcbc57900
[1195000] SCOREBOARD MATCH: wdata passthrough beat=86 expected = f117815719c87dbc, actual =f117815719c87dbc
[1195000] SCOREBOARD MATCH: wdata passthrough beat=87 expected = c58e78a6dc308282, actual =c58e78a6dc308282
[1195000] SCOREBOARD MATCH: wdata passthrough beat=88 expected = 27f5fb83cb963951, actual =27f5fb83cb963951
[1195000] SCOREBOARD MATCH: wdata passthrough beat=89 expected = e55eb70d3fcdd2e2, actual =e55eb70d3fcdd2e2
[1195000] SCOREBOARD MATCH: wdata passthrough beat=90 expected = 9bfe5564990d7cda, actual =9bfe5564990d7cda
[1195000] SCOREBOARD MATCH: wstrb size check expected = 5b, actual =5b
[1195000] SCOREBOARD MATCH: wstrb passthrough beat=0 expected = b3, actual =b3
[1195000] SCOREBOARD MATCH: wstrb passthrough beat=1 expected = 2b, actual =2b
[1195000] SCOREBOARD MATCH: wstrb passthrough beat=2 expected = e7, actual =e7
[1195000] SCOREBOARD MATCH: wstrb passthrough beat=3 expected = 95, actual =95
[1195000] SCOREBOARD MATCH: wstrb passthrough beat=4 expected = 38, actual =38
[1195000] SCOREBOARD MATCH: wstrb passthrough beat=5 expected = c2, actual =c2
[1195000] SCOREBOARD MATCH: wstrb passthrough beat=6 expected = fa, actual =fa
[1195000] SCOREBOARD MATCH: wstrb passthrough beat=7 expected = ec, actual =ec
[1195000] SCOREBOARD MATCH: wstrb passthrough beat=8 expected = ed, actual =ed
[1195000] SCOREBOARD MATCH: wstrb passthrough beat=9 expected = e1, actual =e1
[1195000] SCOREBOARD MATCH: wstrb passthrough beat=10 expected = 81, actual =81
[1195000] SCOREBOARD MATCH: wstrb passthrough beat=11 expected = 26, actual =26
[1195000] SCOREBOARD MATCH: wstrb passthrough beat=12 expected = a3, actual =a3
[1195000] SCOREBOARD MATCH: wstrb passthrough beat=13 expected = 7b, actual =7b
[1195000] SCOREBOARD MATCH: wstrb passthrough beat=14 expected = 12, actual =12
[1195000] SCOREBOARD MATCH: wstrb passthrough beat=15 expected = 91, actual =91
[1195000] SCOREBOARD MATCH: wstrb passthrough beat=16 expected = 5d, actual =5d
[1195000] SCOREBOARD MATCH: wstrb passthrough beat=17 expected = 93, actual =93
[1195000] SCOREBOARD MATCH: wstrb passthrough beat=18 expected = b7, actual =b7
[1195000] SCOREBOARD MATCH: wstrb passthrough beat=19 expected = 0, actual =0
[1195000] SCOREBOARD MATCH: wstrb passthrough beat=20 expected = f, actual =f
[1195000] SCOREBOARD MATCH: wstrb passthrough beat=21 expected = c9, actual =c9
[1195000] SCOREBOARD MATCH: wstrb passthrough beat=22 expected = 91, actual =91
[1195000] SCOREBOARD MATCH: wstrb passthrough beat=23 expected = 6c, actual =6c
[1195000] SCOREBOARD MATCH: wstrb passthrough beat=24 expected = 5c, actual =5c
[1195000] SCOREBOARD MATCH: wstrb passthrough beat=25 expected = 48, actual =48
[1195000] SCOREBOARD MATCH: wstrb passthrough beat=26 expected = 6c, actual =6c
[1195000] SCOREBOARD MATCH: wstrb passthrough beat=27 expected = 6b, actual =6b
[1195000] SCOREBOARD MATCH: wstrb passthrough beat=28 expected = 11, actual =11
[1195000] SCOREBOARD MATCH: wstrb passthrough beat=29 expected = fe, actual =fe
[1195000] SCOREBOARD MATCH: wstrb passthrough beat=30 expected = d7, actual =d7
[1195000] SCOREBOARD MATCH: wstrb passthrough beat=31 expected = 6e, actual =6e
[1195000] SCOREBOARD MATCH: wstrb passthrough beat=32 expected = 46, actual =46
[1195000] SCOREBOARD MATCH: wstrb passthrough beat=33 expected = 44, actual =44
[1195000] SCOREBOARD MATCH: wstrb passthrough beat=34 expected = d9, actual =d9
[1195000] SCOREBOARD MATCH: wstrb passthrough beat=35 expected = 58, actual =58
[1195000] SCOREBOARD MATCH: wstrb passthrough beat=36 expected = 42, actual =42
[1195000] SCOREBOARD MATCH: wstrb passthrough beat=37 expected = b1, actual =b1
[1195000] SCOREBOARD MATCH: wstrb passthrough beat=38 expected = c6, actual =c6
[1195000] SCOREBOARD MATCH: wstrb passthrough beat=39 expected = 88, actual =88
[1195000] SCOREBOARD MATCH: wstrb passthrough beat=40 expected = f5, actual =f5
[1195000] SCOREBOARD MATCH: wstrb passthrough beat=41 expected = 9f, actual =9f
[1195000] SCOREBOARD MATCH: wstrb passthrough beat=42 expected = e0, actual =e0
[1195000] SCOREBOARD MATCH: wstrb passthrough beat=43 expected = 37, actual =37
[1195000] SCOREBOARD MATCH: wstrb passthrough beat=44 expected = 50, actual =50
[1195000] SCOREBOARD MATCH: wstrb passthrough beat=45 expected = a6, actual =a6
[1195000] SCOREBOARD MATCH: wstrb passthrough beat=46 expected = bf, actual =bf
[1195000] SCOREBOARD MATCH: wstrb passthrough beat=47 expected = 45, actual =45
[1195000] SCOREBOARD MATCH: wstrb passthrough beat=48 expected = 46, actual =46
[1195000] SCOREBOARD MATCH: wstrb passthrough beat=49 expected = a0, actual =a0
[1195000] SCOREBOARD MATCH: wstrb passthrough beat=50 expected = 7c, actual =7c
[1195000] SCOREBOARD MATCH: wstrb passthrough beat=51 expected = 96, actual =96
[1195000] SCOREBOARD MATCH: wstrb passthrough beat=52 expected = 46, actual =46
[1195000] SCOREBOARD MATCH: wstrb passthrough beat=53 expected = 3c, actual =3c
[1195000] SCOREBOARD MATCH: wstrb passthrough beat=54 expected = dc, actual =dc
[1195000] SCOREBOARD MATCH: wstrb passthrough beat=55 expected = 8c, actual =8c
[1195000] SCOREBOARD MATCH: wstrb passthrough beat=56 expected = dc, actual =dc
[1195000] SCOREBOARD MATCH: wstrb passthrough beat=57 expected = 58, actual =58
[1195000] SCOREBOARD MATCH: wstrb passthrough beat=58 expected = 23, actual =23
[1195000] SCOREBOARD MATCH: wstrb passthrough beat=59 expected = 22, actual =22
[1195000] SCOREBOARD MATCH: wstrb passthrough beat=60 expected = 94, actual =94
[1195000] SCOREBOARD MATCH: wstrb passthrough beat=61 expected = ff, actual =ff
[1195000] SCOREBOARD MATCH: wstrb passthrough beat=62 expected = af, actual =af
[1195000] SCOREBOARD MATCH: wstrb passthrough beat=63 expected = 70, actual =70
[1195000] SCOREBOARD MATCH: wstrb passthrough beat=64 expected = 57, actual =57
[1195000] SCOREBOARD MATCH: wstrb passthrough beat=65 expected = d2, actual =d2
[1195000] SCOREBOARD MATCH: wstrb passthrough beat=66 expected = 93, actual =93
[1195000] SCOREBOARD MATCH: wstrb passthrough beat=67 expected = ec, actual =ec
[1195000] SCOREBOARD MATCH: wstrb passthrough beat=68 expected = d1, actual =d1
[1195000] SCOREBOARD MATCH: wstrb passthrough beat=69 expected = 42, actual =42
[1195000] SCOREBOARD MATCH: wstrb passthrough beat=70 expected = 5c, actual =5c
[1195000] SCOREBOARD MATCH: wstrb passthrough beat=71 expected = 28, actual =28
[1195000] SCOREBOARD MATCH: wstrb passthrough beat=72 expected = 14, actual =14
[1195000] SCOREBOARD MATCH: wstrb passthrough beat=73 expected = ef, actual =ef
[1195000] SCOREBOARD MATCH: wstrb passthrough beat=74 expected = 14, actual =14
[1195000] SCOREBOARD MATCH: wstrb passthrough beat=75 expected = e5, actual =e5
[1195000] SCOREBOARD MATCH: wstrb passthrough beat=76 expected = 31, actual =31
[1195000] SCOREBOARD MATCH: wstrb passthrough beat=77 expected = 71, actual =71
[1195000] SCOREBOARD MATCH: wstrb passthrough beat=78 expected = d, actual =d
[1195000] SCOREBOARD MATCH: wstrb passthrough beat=79 expected = 45, actual =45
[1195000] SCOREBOARD MATCH: wstrb passthrough beat=80 expected = 60, actual =60
[1195000] SCOREBOARD MATCH: wstrb passthrough beat=81 expected = 22, actual =22
[1195000] SCOREBOARD MATCH: wstrb passthrough beat=82 expected = 2a, actual =2a
[1195000] SCOREBOARD MATCH: wstrb passthrough beat=83 expected = 92, actual =92
[1195000] SCOREBOARD MATCH: wstrb passthrough beat=84 expected = 93, actual =93
[1195000] SCOREBOARD MATCH: wstrb passthrough beat=85 expected = 38, actual =38
[1195000] SCOREBOARD MATCH: wstrb passthrough beat=86 expected = d7, actual =d7
[1195000] SCOREBOARD MATCH: wstrb passthrough beat=87 expected = f3, actual =f3
[1195000] SCOREBOARD MATCH: wstrb passthrough beat=88 expected = 5a, actual =5a
[1195000] SCOREBOARD MATCH: wstrb passthrough beat=89 expected = 2, actual =2
[1195000] SCOREBOARD MATCH: wstrb passthrough beat=90 expected = 85, actual =85
[1195000] SCOREBOARD MATCH: bresp passthrough expected = 0, actual =0
[1195000] SCOREBOARD MATCH: response routed to correct master (write) expected = 0, actual =0
[1195000] [SCOREBOARD-M] mst_id=0 s_id=0 awaddr=7d744b0 awid=1000 awlen=90 awsize=0 awburst=1 wdata=[86a58d8de10b4770 3bfe6007c9ec2cb6 38444a11b495010f 95a0487fa1cb3b67 ebb7681ebee9d79e f37ed8aed19ea886 f369e3ee23fbb22f e2e589cd891f212d dabdc9b4df214c0c 31cfe3bd664627b df8383a9ce27ada2 2d48f9aee6028808 3c66ea843a414d5d 868faff3065f7e9 96687ff11bea6e2d d62bbb8a35b1f4ad e617ec96d2cf6a75 eeb9d8a2de94b689 1446ab36fc806c87 cf4fd6fdc4e5942c a37a4ab5fa5e97cc f6df0453be09af9f 2ef43ccb7c0f5eb b21f8db7c62edb50 4388af0a6698e81 de2a846d28fe920b ef2d6d5b0727cebc ad915d3d904a1224 b948a42ff365f84b fa8dc7078bbbe1aa 1c05f3cf2876118b 9bdc09d6281f2445 b3db05efd54e97fe fdc4a9891669d0de 3e88f523cfe0f9be 252f91bd19a0b360 300a843ef263fb12 c244f4d1a2f43b46 bc94eea6ee937961 e0f77473e774868e 8a68c1d4ec9f72e4 db32ec45a33c6944 8ab0efd2c6fdb07b b39d235f3c2a60b9 df66c9fd1519b1a7 dc1762220ed00fa5 cafa705eea17b9d0 ff316b778fb48581 9e849526aa613a5b 9478f42bdb48cd99 eafd531ae97f0584 13e03fe093aa5fa2 eef32d3b0981e841 f300edc5a859340b 3c0393aed9f08056 e372689786e12da5 2f3a61b1aaf6c0e9 84e7413fd673565c dd548402eb3df55f 9634b648e859a9d6 3ecd00330c8ee5b3 f7ccdb121b1bf788 8375a15e1c218435 28b069e88e01915a a91d88e2c242a191 de6425c6207d44fa ae7ed6542c932a41 eed5cbd287148fae a791d4a8d79c5f37 42f8978cd39f199 d44e8147d610aafd 2dad0a34f305554a c03f46e3fbe055f0 d1f100ed31dc93ac a4e1e8f6148dc82b 106e1e1bff9e0b21 317a9ecde5212fda f9aef805e25f1f08 e1fd2a29d65c87c3 bb7db79d0a1d1620 ec7c35281377c8f6 e9d450b9b52cafa2 bf49c5c2ce795f51 e1f1284725520857 da7eb7f9abc5faea fa3f5a3bcbc57900 f117815719c87dbc c58e78a6dc308282 27f5fb83cb963951 e55eb70d3fcdd2e2 9bfe5564990d7cda ] wstrb=[b3 2b e7 95 38 c2 fa ec ed e1 81 26 a3 7b 12 91 5d 93 b7 0 f c9 91 6c 5c 48 6c 6b 11 fe d7 6e 46 44 d9 58 42 b1 c6 88 f5 9f e0 37 50 a6 bf 45 46 a0 7c 96 46 3c dc 8c dc 58 23 22 94 ff af 70 57 d2 93 ec d1 42 5c 28 14 ef 14 e5 31 71 d 45 60 22 2a 92 93 38 d7 f3 5a 2 85 ] bresp=0 bid=1000
[1195000] [SCOREBOARD-S] mst_id=0 s_id=0 awaddr=7d744b0 awid=1000 awlen=90 awsize=0 awburst=1 wdata=[86a58d8de10b4770 3bfe6007c9ec2cb6 38444a11b495010f 95a0487fa1cb3b67 ebb7681ebee9d79e f37ed8aed19ea886 f369e3ee23fbb22f e2e589cd891f212d dabdc9b4df214c0c 31cfe3bd664627b df8383a9ce27ada2 2d48f9aee6028808 3c66ea843a414d5d 868faff3065f7e9 96687ff11bea6e2d d62bbb8a35b1f4ad e617ec96d2cf6a75 eeb9d8a2de94b689 1446ab36fc806c87 cf4fd6fdc4e5942c a37a4ab5fa5e97cc f6df0453be09af9f 2ef43ccb7c0f5eb b21f8db7c62edb50 4388af0a6698e81 de2a846d28fe920b ef2d6d5b0727cebc ad915d3d904a1224 b948a42ff365f84b fa8dc7078bbbe1aa 1c05f3cf2876118b 9bdc09d6281f2445 b3db05efd54e97fe fdc4a9891669d0de 3e88f523cfe0f9be 252f91bd19a0b360 300a843ef263fb12 c244f4d1a2f43b46 bc94eea6ee937961 e0f77473e774868e 8a68c1d4ec9f72e4 db32ec45a33c6944 8ab0efd2c6fdb07b b39d235f3c2a60b9 df66c9fd1519b1a7 dc1762220ed00fa5 cafa705eea17b9d0 ff316b778fb48581 9e849526aa613a5b 9478f42bdb48cd99 eafd531ae97f0584 13e03fe093aa5fa2 eef32d3b0981e841 f300edc5a859340b 3c0393aed9f08056 e372689786e12da5 2f3a61b1aaf6c0e9 84e7413fd673565c dd548402eb3df55f 9634b648e859a9d6 3ecd00330c8ee5b3 f7ccdb121b1bf788 8375a15e1c218435 28b069e88e01915a a91d88e2c242a191 de6425c6207d44fa ae7ed6542c932a41 eed5cbd287148fae a791d4a8d79c5f37 42f8978cd39f199 d44e8147d610aafd 2dad0a34f305554a c03f46e3fbe055f0 d1f100ed31dc93ac a4e1e8f6148dc82b 106e1e1bff9e0b21 317a9ecde5212fda f9aef805e25f1f08 e1fd2a29d65c87c3 bb7db79d0a1d1620 ec7c35281377c8f6 e9d450b9b52cafa2 bf49c5c2ce795f51 e1f1284725520857 da7eb7f9abc5faea fa3f5a3bcbc57900 f117815719c87dbc c58e78a6dc308282 27f5fb83cb963951 e55eb70d3fcdd2e2 9bfe5564990d7cda ] wstrb=[b3 2b e7 95 38 c2 fa ec ed e1 81 26 a3 7b 12 91 5d 93 b7 0 f c9 91 6c 5c 48 6c 6b 11 fe d7 6e 46 44 d9 58 42 b1 c6 88 f5 9f e0 37 50 a6 bf 45 46 a0 7c 96 46 3c dc 8c dc 58 23 22 94 ff af 70 57 d2 93 ec d1 42 5c 28 14 ef 14 e5 31 71 d 45 60 22 2a 92 93 38 d7 f3 5a 2 85 ] bresp=0 bid=1000
[1195000] SCOREBOARD: Transaction 4 received. pass=259 fail=0
[1195000] ALL PASS. Total transactions: 4
[1205000] MASTER 0 W_VALID_RDY Handshake beat=7 wlast=0
[1205000] AXI S0_WVALID_RDY HANDSHAKE
[1205000] S0 MEMORY WRITE beat=1 addr=0f2ef028 data=d5f1eff5d89fee04 id=0f
[1215000] AXI S0_WVALID_RDY HANDSHAKE
[1215000] S0 MEMORY WRITE beat=2 addr=0f2ef0a8 data=3b2cea1e013e50d5 id=0f
[1215000] MASTER 0 W_VALID_RDY Handshake beat=8 wlast=0
[1225000] MASTER 0 W_VALID_RDY Handshake beat=9 wlast=0
[1225000] AXI S0_WVALID_RDY HANDSHAKE
[1225000] S0 MEMORY WRITE beat=3 addr=0f2ef128 data=3c1cd9aef76694eb id=0f
[1235000] AXI S0_WVALID_RDY HANDSHAKE
[1235000] S0 MEMORY WRITE beat=4 addr=0f2ef1a8 data=d00682f0c39fc42d id=0f
[1235000] MASTER 0 W_VALID_RDY Handshake beat=10 wlast=0
[1245000] MASTER 0 W_VALID_RDY Handshake beat=11 wlast=0
[1245000] AXI S0_WVALID_RDY HANDSHAKE
[1245000] S0 MEMORY WRITE beat=5 addr=0f2ef228 data=c4de1502920ec9a3 id=0f
[1255000] AXI S0_WVALID_RDY HANDSHAKE
[1255000] S0 MEMORY WRITE beat=6 addr=0f2ef2a8 data=09755e8f0b336d0e id=0f
[1255000] MASTER 0 W_VALID_RDY Handshake beat=12 wlast=0
[1265000] MASTER 0 W_VALID_RDY Handshake beat=13 wlast=0
[1265000] AXI S0_WVALID_RDY HANDSHAKE
[1265000] S0 MEMORY WRITE beat=7 addr=0f2ef328 data=ced3313b00faeeb0 id=0f
[1275000] AXI S0_WVALID_RDY HANDSHAKE
[1275000] S0 MEMORY WRITE beat=8 addr=0f2ef3a8 data=9309b853d97be17f id=0f
[1275000] MASTER 0 W_VALID_RDY Handshake beat=14 wlast=0
[1285000] MASTER 0 W_VALID_RDY Handshake beat=15 wlast=0
[1285000] AXI S0_WVALID_RDY HANDSHAKE
[1285000] S0 MEMORY WRITE beat=9 addr=0f2ef428 data=e4af4e8d13b1463d id=0f
[1295000] AXI S0_WVALID_RDY HANDSHAKE
[1295000] S0 MEMORY WRITE beat=10 addr=0f2ef4a8 data=14ac34ed9c7f16e2 id=0f
[1295000] MASTER 0 W_VALID_RDY Handshake beat=16 wlast=0
[1305000] MASTER 0 W_VALID_RDY Handshake beat=17 wlast=0
[1305000] AXI S0_WVALID_RDY HANDSHAKE
[1305000] S0 MEMORY WRITE beat=11 addr=0f2ef528 data=f5faf86133827fc8 id=0f
[1315000] AXI S0_WVALID_RDY HANDSHAKE
[1315000] S0 MEMORY WRITE beat=12 addr=0f2ef5a8 data=c733c605a7b5ed40 id=0f
[1315000] MASTER 0 W_VALID_RDY Handshake beat=18 wlast=0
[1325000] MASTER 0 W_VALID_RDY Handshake beat=19 wlast=0
[1325000] AXI S0_WVALID_RDY HANDSHAKE
[1325000] S0 MEMORY WRITE beat=13 addr=0f2ef628 data=c4350423daaa46ee id=0f
[1335000] AXI S0_WVALID_RDY HANDSHAKE
[1335000] S0 MEMORY WRITE beat=14 addr=0f2ef6a8 data=8e2cc6b6dbdffaf2 id=0f
[1335000] MASTER 0 W_VALID_RDY Handshake beat=20 wlast=0
[1345000] MASTER 0 W_VALID_RDY Handshake beat=21 wlast=0
[1345000] AXI S0_WVALID_RDY HANDSHAKE
[1345000] S0 MEMORY WRITE beat=15 addr=0f2ef728 data=8395e832ba2ffc84 id=0f
[1355000] AXI S0_WVALID_RDY HANDSHAKE
[1355000] S0 MEMORY WRITE beat=16 addr=0f2ef7a8 data=14da4373d5608cbb id=0f
[1355000] MASTER 0 W_VALID_RDY Handshake beat=22 wlast=0
[1365000] MASTER 0 W_VALID_RDY Handshake beat=23 wlast=0
[1365000] AXI S0_WVALID_RDY HANDSHAKE
[1365000] S0 MEMORY WRITE beat=17 addr=0f2ef828 data=b14087adc7caec55 id=0f
[1375000] AXI S0_WVALID_RDY HANDSHAKE
[1375000] S0 MEMORY WRITE beat=18 addr=0f2ef8a8 data=01fae8daa3070a29 id=0f
[1375000] MASTER 0 W_VALID_RDY Handshake beat=24 wlast=0
[1385000] MASTER 0 W_VALID_RDY Handshake beat=25 wlast=0
[1385000] AXI S0_WVALID_RDY HANDSHAKE
[1385000] S0 MEMORY WRITE beat=19 addr=0f2ef928 data=f86796e534d66fe0 id=0f
[1395000] AXI S0_WVALID_RDY HANDSHAKE
[1395000] S0 MEMORY WRITE beat=20 addr=0f2ef9a8 data=fca15c3516d52c4d id=0f
[1395000] MASTER 0 W_VALID_RDY Handshake beat=26 wlast=0
[1405000] MASTER 0 W_VALID_RDY Handshake beat=27 wlast=0
[1405000] AXI S0_WVALID_RDY HANDSHAKE
[1405000] S0 MEMORY WRITE beat=21 addr=0f2efa28 data=b9dc3676a9a81e92 id=0f
[1415000] AXI S0_WVALID_RDY HANDSHAKE
[1415000] S0 MEMORY WRITE beat=22 addr=0f2efaa8 data=de7e8e72fe9c450f id=0f
[1415000] MASTER 0 W_VALID_RDY Handshake beat=28 wlast=0
[1425000] MASTER 0 W_VALID_RDY Handshake beat=29 wlast=0
[1425000] AXI S0_WVALID_RDY HANDSHAKE
[1425000] S0 MEMORY WRITE beat=23 addr=0f2efb28 data=9571715cb243cd5b id=0f
[1435000] AXI S0_WVALID_RDY HANDSHAKE
[1435000] S0 MEMORY WRITE beat=24 addr=0f2efba8 data=dbebebeedb1feaa8 id=0f
[1435000] MASTER 0 W_VALID_RDY Handshake beat=30 wlast=0
[1445000] MASTER 0 W_VALID_RDY Handshake beat=31 wlast=0
[1445000] AXI S0_WVALID_RDY HANDSHAKE
[1445000] S0 MEMORY WRITE beat=25 addr=0f2efc28 data=d9bc2fb7cf4da7d3 id=0f
[1455000] AXI S0_WVALID_RDY HANDSHAKE
[1455000] S0 MEMORY WRITE beat=26 addr=0f2efca8 data=8191752eba6a7a60 id=0f
[1455000] MASTER 0 W_VALID_RDY Handshake beat=32 wlast=0
[1465000] MASTER 0 W_VALID_RDY Handshake beat=33 wlast=0
[1465000] AXI S0_WVALID_RDY HANDSHAKE
[1465000] S0 MEMORY WRITE beat=27 addr=0f2efd28 data=958a6508ef2da114 id=0f
[1475000] AXI S0_WVALID_RDY HANDSHAKE
[1475000] S0 MEMORY WRITE beat=28 addr=0f2efda8 data=3e7b48e7dd7d611c id=0f
[1475000] MASTER 0 W_VALID_RDY Handshake beat=34 wlast=0
[1485000] MASTER 0 W_VALID_RDY Handshake beat=35 wlast=0
[1485000] AXI S0_WVALID_RDY HANDSHAKE
[1485000] S0 MEMORY WRITE beat=29 addr=0f2efe28 data=17e7db7def4694c0 id=0f
[1495000] AXI S0_WVALID_RDY HANDSHAKE
[1495000] S0 MEMORY WRITE beat=30 addr=0f2efea8 data=de7435d4c00cbe15 id=0f
[1495000] MASTER 0 W_VALID_RDY Handshake beat=36 wlast=0
[1505000] MASTER 0 W_VALID_RDY Handshake beat=37 wlast=0
[1505000] AXI S0_WVALID_RDY HANDSHAKE
[1505000] S0 MEMORY WRITE beat=31 addr=0f2eff28 data=1d8a1f32ad724085 id=0f
[1515000] AXI S0_WVALID_RDY HANDSHAKE
[1515000] S0 MEMORY WRITE beat=32 addr=0f2effa8 data=9cb8d5451cef7ebb id=0f
[1515000] MASTER 0 W_VALID_RDY Handshake beat=38 wlast=0
[1525000] MASTER 0 W_VALID_RDY Handshake beat=39 wlast=0
[1525000] AXI S0_WVALID_RDY HANDSHAKE
[1525000] S0 MEMORY WRITE beat=33 addr=0f2f0028 data=dcfc3cd03571faaf id=0f
[1535000] AXI S0_WVALID_RDY HANDSHAKE
[1535000] S0 MEMORY WRITE beat=34 addr=0f2f00a8 data=e2e43b34fb2d0b19 id=0f
[1535000] MASTER 0 W_VALID_RDY Handshake beat=40 wlast=0
[1545000] MASTER 0 W_VALID_RDY Handshake beat=41 wlast=0
[1545000] AXI S0_WVALID_RDY HANDSHAKE
[1545000] S0 MEMORY WRITE beat=35 addr=0f2f0128 data=981c89d4fa865c02 id=0f
[1555000] AXI S0_WVALID_RDY HANDSHAKE
[1555000] S0 MEMORY WRITE beat=36 addr=0f2f01a8 data=aff856b1ff9d107a id=0f
[1555000] MASTER 0 W_VALID_RDY Handshake beat=42 wlast=0
[1565000] MASTER 0 W_VALID_RDY Handshake beat=43 wlast=0
[1565000] AXI S0_WVALID_RDY HANDSHAKE
[1565000] S0 MEMORY WRITE beat=37 addr=0f2f0228 data=faca1b93f518c6a5 id=0f
[1575000] AXI S0_WVALID_RDY HANDSHAKE
[1575000] S0 MEMORY WRITE beat=38 addr=0f2f02a8 data=ef9f22a712dc91e6 id=0f
[1575000] MASTER 0 W_VALID_RDY Handshake beat=44 wlast=0
[1585000] MASTER 0 W_VALID_RDY Handshake beat=45 wlast=0
[1585000] AXI S0_WVALID_RDY HANDSHAKE
[1585000] S0 MEMORY WRITE beat=39 addr=0f2f0328 data=1279a26012e6a568 id=0f
[1595000] AXI S0_WVALID_RDY HANDSHAKE
[1595000] S0 MEMORY WRITE beat=40 addr=0f2f03a8 data=07ff6c0d1f977959 id=0f
[1595000] MASTER 0 W_VALID_RDY Handshake beat=46 wlast=0
[1605000] MASTER 0 W_VALID_RDY Handshake beat=47 wlast=0
[1605000] AXI S0_WVALID_RDY HANDSHAKE
[1605000] S0 MEMORY WRITE beat=41 addr=0f2f0428 data=32740b3f8d43bdf3 id=0f
[1615000] AXI S0_WVALID_RDY HANDSHAKE
[1615000] S0 MEMORY WRITE beat=42 addr=0f2f04a8 data=a02a635bf79e8eb4 id=0f
[1615000] MASTER 0 W_VALID_RDY Handshake beat=48 wlast=0
[1625000] MASTER 0 W_VALID_RDY Handshake beat=49 wlast=0
[1625000] AXI S0_WVALID_RDY HANDSHAKE
[1625000] S0 MEMORY WRITE beat=43 addr=0f2f0528 data=9736080dc4edad9f id=0f
[1635000] AXI S0_WVALID_RDY HANDSHAKE
[1635000] S0 MEMORY WRITE beat=44 addr=0f2f05a8 data=d2316b92a829cf68 id=0f
[1635000] MASTER 0 W_VALID_RDY Handshake beat=50 wlast=0
[1645000] MASTER 0 W_VALID_RDY Handshake beat=51 wlast=0
[1645000] AXI S0_WVALID_RDY HANDSHAKE
[1645000] S0 MEMORY WRITE beat=45 addr=0f2f0628 data=1fc85e1dc9aa134c id=0f
[1655000] AXI S0_WVALID_RDY HANDSHAKE
[1655000] S0 MEMORY WRITE beat=46 addr=0f2f06a8 data=8e97c0ebf25bceee id=0f
[1655000] MASTER 0 W_VALID_RDY Handshake beat=52 wlast=0
[1665000] MASTER 0 W_VALID_RDY Handshake beat=53 wlast=0
[1665000] AXI S0_WVALID_RDY HANDSHAKE
[1665000] S0 MEMORY WRITE beat=47 addr=0f2f0728 data=9a859e56b6fe662a id=0f
[1675000] AXI S0_WVALID_RDY HANDSHAKE
[1675000] S0 MEMORY WRITE beat=48 addr=0f2f07a8 data=00a87977e0c92c7e id=0f
[1675000] MASTER 0 W_VALID_RDY Handshake beat=54 wlast=0
[1685000] MASTER 0 W_VALID_RDY Handshake beat=55 wlast=0
[1685000] AXI S0_WVALID_RDY HANDSHAKE
[1685000] S0 MEMORY WRITE beat=49 addr=0f2f0828 data=d324fb6cba4dfc73 id=0f
[1695000] AXI S0_WVALID_RDY HANDSHAKE
[1695000] S0 MEMORY WRITE beat=50 addr=0f2f08a8 data=f14c629e8f403a62 id=0f
[1695000] MASTER 0 W_VALID_RDY Handshake beat=56 wlast=0
[1705000] MASTER 0 W_VALID_RDY Handshake beat=57 wlast=0
[1705000] AXI S0_WVALID_RDY HANDSHAKE
[1705000] S0 MEMORY WRITE beat=51 addr=0f2f0928 data=f00966e0edaa99c2 id=0f
[1715000] AXI S0_WVALID_RDY HANDSHAKE
[1715000] S0 MEMORY WRITE beat=52 addr=0f2f09a8 data=27f89636f1f4dc15 id=0f
[1715000] MASTER 0 W_VALID_RDY Handshake beat=58 wlast=0
[1725000] MASTER 0 W_VALID_RDY Handshake beat=59 wlast=0
[1725000] AXI S0_WVALID_RDY HANDSHAKE
[1725000] S0 MEMORY WRITE beat=53 addr=0f2f0a28 data=81351677c32e624c id=0f
[1735000] AXI S0_WVALID_RDY HANDSHAKE
[1735000] S0 MEMORY WRITE beat=54 addr=0f2f0aa8 data=30d8fc0f1944f8d4 id=0f
[1735000] MASTER 0 W_VALID_RDY Handshake beat=60 wlast=0
[1745000] MASTER 0 W_VALID_RDY Handshake beat=61 wlast=0
[1745000] AXI S0_WVALID_RDY HANDSHAKE
[1745000] S0 MEMORY WRITE beat=55 addr=0f2f0b28 data=0b39d4e9f13e7d58 id=0f
[1755000] AXI S0_WVALID_RDY HANDSHAKE
[1755000] S0 MEMORY WRITE beat=56 addr=0f2f0ba8 data=b46cdfa4d8d19245 id=0f
[1755000] MASTER 0 W_VALID_RDY Handshake beat=62 wlast=0
[1765000] MASTER 0 W_VALID_RDY Handshake beat=63 wlast=0
[1765000] AXI S0_WVALID_RDY HANDSHAKE
[1765000] S0 MEMORY WRITE beat=57 addr=0f2f0c28 data=f2168b198c6eeb60 id=0f
[1775000] AXI S0_WVALID_RDY HANDSHAKE
[1775000] S0 MEMORY WRITE beat=58 addr=0f2f0ca8 data=fdad68b8e545dbb3 id=0f
[1775000] MASTER 0 W_VALID_RDY Handshake beat=64 wlast=0
[1785000] MASTER 0 W_VALID_RDY Handshake beat=65 wlast=0
[1785000] AXI S0_WVALID_RDY HANDSHAKE
[1785000] S0 MEMORY WRITE beat=59 addr=0f2f0d28 data=be176df8fd506002 id=0f
[1795000] AXI S0_WVALID_RDY HANDSHAKE
[1795000] S0 MEMORY WRITE beat=60 addr=0f2f0da8 data=89bf4b62321a485d id=0f
[1795000] MASTER 0 W_VALID_RDY Handshake beat=66 wlast=0
[1805000] MASTER 0 W_VALID_RDY Handshake beat=67 wlast=0
[1805000] AXI S0_WVALID_RDY HANDSHAKE
[1805000] S0 MEMORY WRITE beat=61 addr=0f2f0e28 data=97602410b02df911 id=0f
[1815000] AXI S0_WVALID_RDY HANDSHAKE
[1815000] S0 MEMORY WRITE beat=62 addr=0f2f0ea8 data=ad7e5913076cb41b id=0f
[1815000] MASTER 0 W_VALID_RDY Handshake beat=68 wlast=0
[1825000] MASTER 0 W_VALID_RDY Handshake beat=69 wlast=0
[1825000] AXI S0_WVALID_RDY HANDSHAKE
[1825000] S0 MEMORY WRITE beat=63 addr=0f2f0f28 data=3986fc78d5779209 id=0f
[1835000] AXI S0_WVALID_RDY HANDSHAKE
[1835000] S0 MEMORY WRITE beat=64 addr=0f2f0fa8 data=85a58b1a373da476 id=0f
[1835000] MASTER 0 W_VALID_RDY Handshake beat=70 wlast=0
[1845000] MASTER 0 W_VALID_RDY Handshake beat=71 wlast=0
[1845000] AXI S0_WVALID_RDY HANDSHAKE
[1845000] S0 MEMORY WRITE beat=65 addr=0f2f1028 data=3eaa5891d0e72088 id=0f
[1855000] AXI S0_WVALID_RDY HANDSHAKE
[1855000] S0 MEMORY WRITE beat=66 addr=0f2f10a8 data=a65eb2913323e42e id=0f
[1855000] MASTER 0 W_VALID_RDY Handshake beat=72 wlast=0
[1865000] MASTER 0 W_VALID_RDY Handshake beat=73 wlast=0
[1865000] AXI S0_WVALID_RDY HANDSHAKE
[1865000] S0 MEMORY WRITE beat=67 addr=0f2f1128 data=ea6188a4f8315509 id=0f
[1875000] AXI S0_WVALID_RDY HANDSHAKE
[1875000] S0 MEMORY WRITE beat=68 addr=0f2f11a8 data=c91875912c043dac id=0f
[1875000] MASTER 0 W_VALID_RDY Handshake beat=74 wlast=0
[1885000] MASTER 0 W_VALID_RDY Handshake beat=75 wlast=0
[1885000] AXI S0_WVALID_RDY HANDSHAKE
[1885000] S0 MEMORY WRITE beat=69 addr=0f2f1228 data=df2821da290be135 id=0f
[1895000] AXI S0_WVALID_RDY HANDSHAKE
[1895000] S0 MEMORY WRITE beat=70 addr=0f2f12a8 data=213d363eef772823 id=0f
[1895000] MASTER 0 W_VALID_RDY Handshake beat=76 wlast=0
[1905000] MASTER 0 W_VALID_RDY Handshake beat=77 wlast=0
[1905000] AXI S0_WVALID_RDY HANDSHAKE
[1905000] S0 MEMORY WRITE beat=71 addr=0f2f1328 data=1b7b65cfc989aa7e id=0f
[1915000] AXI S0_WVALID_RDY HANDSHAKE
[1915000] S0 MEMORY WRITE beat=72 addr=0f2f13a8 data=f2958bb3ea55abcf id=0f
[1915000] MASTER 0 W_VALID_RDY Handshake beat=78 wlast=0
[1925000] MASTER 0 W_VALID_RDY Handshake beat=79 wlast=0
[1925000] AXI S0_WVALID_RDY HANDSHAKE
[1925000] S0 MEMORY WRITE beat=73 addr=0f2f1428 data=d9ccd3f2faa387a9 id=0f
[1935000] AXI S0_WVALID_RDY HANDSHAKE
[1935000] S0 MEMORY WRITE beat=74 addr=0f2f14a8 data=c42d322713d2c1f1 id=0f
[1935000] MASTER 0 W_VALID_RDY Handshake beat=80 wlast=0
[1945000] MASTER 0 W_VALID_RDY Handshake beat=81 wlast=0
[1945000] AXI S0_WVALID_RDY HANDSHAKE
[1945000] S0 MEMORY WRITE beat=75 addr=0f2f1528 data=fe286dc0f54839c1 id=0f
[1955000] AXI S0_WVALID_RDY HANDSHAKE
[1955000] S0 MEMORY WRITE beat=76 addr=0f2f15a8 data=efebc16a36c2bdda id=0f
[1955000] MASTER 0 W_VALID_RDY Handshake beat=82 wlast=0
[1965000] MASTER 0 W_VALID_RDY Handshake beat=83 wlast=0
[1965000] AXI S0_WVALID_RDY HANDSHAKE
[1965000] S0 MEMORY WRITE beat=77 addr=0f2f1628 data=ca957fcbd7f541b3 id=0f
[1975000] AXI S0_WVALID_RDY HANDSHAKE
[1975000] S0 MEMORY WRITE beat=78 addr=0f2f16a8 data=cd3d7b74b418f391 id=0f
[1975000] MASTER 0 W_VALID_RDY Handshake beat=84 wlast=0
[1985000] MASTER 0 W_VALID_RDY Handshake beat=85 wlast=0
[1985000] AXI S0_WVALID_RDY HANDSHAKE
[1985000] S0 MEMORY WRITE beat=79 addr=0f2f1728 data=eadbb16bc8bded8b id=0f
[1995000] AXI S0_WVALID_RDY HANDSHAKE
[1995000] S0 MEMORY WRITE beat=80 addr=0f2f17a8 data=a0b32f3e3d293cdf id=0f
[1995000] MASTER 0 W_VALID_RDY Handshake beat=86 wlast=0
[2005000] MASTER 0 W_VALID_RDY Handshake beat=87 wlast=0
[2005000] AXI S0_WVALID_RDY HANDSHAKE
[2005000] S0 MEMORY WRITE beat=81 addr=0f2f1828 data=f1423070b5713136 id=0f
[2015000] AXI S0_WVALID_RDY HANDSHAKE
[2015000] S0 MEMORY WRITE beat=82 addr=0f2f18a8 data=fe2f1ec2edf0aab3 id=0f
[2015000] MASTER 0 W_VALID_RDY Handshake beat=88 wlast=0
[2025000] MASTER 0 W_VALID_RDY Handshake beat=89 wlast=0
[2025000] AXI S0_WVALID_RDY HANDSHAKE
[2025000] S0 MEMORY WRITE beat=83 addr=0f2f1928 data=2b19e792dc1de1dc id=0f
[2035000] AXI S0_WVALID_RDY HANDSHAKE
[2035000] S0 MEMORY WRITE beat=84 addr=0f2f19a8 data=918f13129ee24e00 id=0f
[2035000] MASTER 0 W_VALID_RDY Handshake beat=90 wlast=0
[2045000] MASTER 0 W_VALID_RDY Handshake beat=91 wlast=0
[2045000] AXI S0_WVALID_RDY HANDSHAKE
[2045000] S0 MEMORY WRITE beat=85 addr=0f2f1a28 data=8cd2f8b39c5c1802 id=0f
[2055000] AXI S0_WVALID_RDY HANDSHAKE
[2055000] S0 MEMORY WRITE beat=86 addr=0f2f1aa8 data=f879f9de8fbe31d4 id=0f
[2055000] MASTER 0 W_VALID_RDY Handshake beat=92 wlast=0
[2065000] MASTER 0 W_VALID_RDY Handshake beat=93 wlast=0
[2065000] AXI S0_WVALID_RDY HANDSHAKE
[2065000] S0 MEMORY WRITE beat=87 addr=0f2f1b28 data=2ea07fd5b7ece045 id=0f
[2075000] AXI S0_WVALID_RDY HANDSHAKE
[2075000] S0 MEMORY WRITE beat=88 addr=0f2f1ba8 data=d448f8480a090cf1 id=0f
[2075000] MASTER 0 W_VALID_RDY Handshake beat=94 wlast=0
[2085000] MASTER 0 W_VALID_RDY Handshake beat=95 wlast=0
[2085000] AXI S0_WVALID_RDY HANDSHAKE
[2085000] S0 MEMORY WRITE beat=89 addr=0f2f1c28 data=99c73ec5bb737888 id=0f
[2095000] AXI S0_WVALID_RDY HANDSHAKE
[2095000] S0 MEMORY WRITE beat=90 addr=0f2f1ca8 data=f36058ceccc2f226 id=0f
[2095000] MASTER 0 W_VALID_RDY Handshake beat=96 wlast=0
[2105000] MASTER 0 W_VALID_RDY Handshake beat=97 wlast=0
[2105000] AXI S0_WVALID_RDY HANDSHAKE
[2105000] S0 MEMORY WRITE beat=91 addr=0f2f1d28 data=d6cbff17c867be9a id=0f
[2115000] AXI S0_WVALID_RDY HANDSHAKE
[2115000] S0 MEMORY WRITE beat=92 addr=0f2f1da8 data=03db3723c7a95116 id=0f
[2115000] MASTER 0 W_VALID_RDY Handshake beat=98 wlast=0
[2125000] MASTER 0 W_VALID_RDY Handshake beat=99 wlast=0
[2125000] AXI S0_WVALID_RDY HANDSHAKE
[2125000] S0 MEMORY WRITE beat=93 addr=0f2f1e28 data=946c433cf0933ddd id=0f
[2135000] AXI S0_WVALID_RDY HANDSHAKE
[2135000] S0 MEMORY WRITE beat=94 addr=0f2f1ea8 data=b8fafc77f73b8ff1 id=0f
[2135000] MASTER 0 W_VALID_RDY Handshake beat=100 wlast=0
[2145000] MASTER 0 W_VALID_RDY Handshake beat=101 wlast=0
[2145000] AXI S0_WVALID_RDY HANDSHAKE
[2145000] S0 MEMORY WRITE beat=95 addr=0f2f1f28 data=3ee4e107eb384254 id=0f
[2155000] AXI S0_WVALID_RDY HANDSHAKE
[2155000] S0 MEMORY WRITE beat=96 addr=0f2f1fa8 data=dbcb8031bcd6339a id=0f
[2155000] MASTER 0 W_VALID_RDY Handshake beat=102 wlast=0
[2165000] MASTER 0 W_VALID_RDY Handshake beat=103 wlast=0
[2165000] AXI S0_WVALID_RDY HANDSHAKE
[2165000] S0 MEMORY WRITE beat=97 addr=0f2f2028 data=b411c38bd3512443 id=0f
[2175000] AXI S0_WVALID_RDY HANDSHAKE
[2175000] S0 MEMORY WRITE beat=98 addr=0f2f20a8 data=be89669794c67ca8 id=0f
[2175000] MASTER 0 W_VALID_RDY Handshake beat=104 wlast=0
[2185000] MASTER 0 W_VALID_RDY Handshake beat=105 wlast=0
[2185000] AXI S0_WVALID_RDY HANDSHAKE
[2185000] S0 MEMORY WRITE beat=99 addr=0f2f2128 data=d19cb043f2f6a492 id=0f
[2195000] AXI S0_WVALID_RDY HANDSHAKE
[2195000] S0 MEMORY WRITE beat=100 addr=0f2f21a8 data=c647c8d69a54e6c8 id=0f
[2195000] MASTER 0 W_VALID_RDY Handshake beat=106 wlast=0
[2205000] MASTER 0 W_VALID_RDY Handshake beat=107 wlast=0
[2205000] AXI S0_WVALID_RDY HANDSHAKE
[2205000] S0 MEMORY WRITE beat=101 addr=0f2f2228 data=2f1b637185ae73ce id=0f
[2215000] AXI S0_WVALID_RDY HANDSHAKE
[2215000] S0 MEMORY WRITE beat=102 addr=0f2f22a8 data=f8a5186184d12f6d id=0f
[2215000] MASTER 0 W_VALID_RDY Handshake beat=108 wlast=0
[2225000] MASTER 0 W_VALID_RDY Handshake beat=109 wlast=0
[2225000] AXI S0_WVALID_RDY HANDSHAKE
[2225000] S0 MEMORY WRITE beat=103 addr=0f2f2328 data=1f26163600b813b4 id=0f
[2235000] AXI S0_WVALID_RDY HANDSHAKE
[2235000] S0 MEMORY WRITE beat=104 addr=0f2f23a8 data=866687823eece137 id=0f
[2235000] MASTER 0 W_VALID_RDY Handshake beat=110 wlast=0
[2245000] MASTER 0 W_VALID_RDY Handshake beat=111 wlast=0
[2245000] AXI S0_WVALID_RDY HANDSHAKE
[2245000] S0 MEMORY WRITE beat=105 addr=0f2f2428 data=c3be10a4ce4179a7 id=0f
[2255000] AXI S0_WVALID_RDY HANDSHAKE
[2255000] S0 MEMORY WRITE beat=106 addr=0f2f24a8 data=cef98d5bff0b9fe3 id=0f
[2255000] MASTER 0 W_VALID_RDY Handshake beat=112 wlast=0
[2265000] MASTER 0 W_VALID_RDY Handshake beat=113 wlast=0
[2265000] AXI S0_WVALID_RDY HANDSHAKE
[2265000] S0 MEMORY WRITE beat=107 addr=0f2f2528 data=bdf8811ae2e426da id=0f
[2275000] AXI S0_WVALID_RDY HANDSHAKE
[2275000] S0 MEMORY WRITE beat=108 addr=0f2f25a8 data=b125a081d56014dd id=0f
[2275000] MASTER 0 W_VALID_RDY Handshake beat=114 wlast=0
[2285000] MASTER 0 W_VALID_RDY Handshake beat=115 wlast=0
[2285000] AXI S0_WVALID_RDY HANDSHAKE
[2285000] S0 MEMORY WRITE beat=109 addr=0f2f2628 data=d46bb4c101b691bf id=0f
[2295000] AXI S0_WVALID_RDY HANDSHAKE
[2295000] S0 MEMORY WRITE beat=110 addr=0f2f26a8 data=e49ab899801f2ddc id=0f
[2295000] MASTER 0 W_VALID_RDY Handshake beat=116 wlast=0
[2305000] MASTER 0 W_VALID_RDY Handshake beat=117 wlast=0
[2305000] AXI S0_WVALID_RDY HANDSHAKE
[2305000] S0 MEMORY WRITE beat=111 addr=0f2f2728 data=d57f42ba926435db id=0f
[2315000] AXI S0_WVALID_RDY HANDSHAKE
[2315000] S0 MEMORY WRITE beat=112 addr=0f2f27a8 data=941ac79a15c0591b id=0f
[2315000] MASTER 0 W_VALID_RDY Handshake beat=118 wlast=0
[2325000] MASTER 0 W_VALID_RDY Handshake beat=119 wlast=0
[2325000] AXI S0_WVALID_RDY HANDSHAKE
[2325000] S0 MEMORY WRITE beat=113 addr=0f2f2828 data=95df86f729eaf77b id=0f
[2335000] AXI S0_WVALID_RDY HANDSHAKE
[2335000] S0 MEMORY WRITE beat=114 addr=0f2f28a8 data=bc4f2d56f8b58034 id=0f
[2335000] MASTER 0 W_VALID_RDY Handshake beat=120 wlast=0
[2345000] MASTER 0 W_VALID_RDY Handshake beat=121 wlast=0
[2345000] AXI S0_WVALID_RDY HANDSHAKE
[2345000] S0 MEMORY WRITE beat=115 addr=0f2f2928 data=0e75d94feb5ec9b1 id=0f
[2355000] AXI S0_WVALID_RDY HANDSHAKE
[2355000] S0 MEMORY WRITE beat=116 addr=0f2f29a8 data=9549c12cd069f4f1 id=0f
[2355000] MASTER 0 W_VALID_RDY Handshake beat=122 wlast=0
[2365000] MASTER 0 W_VALID_RDY Handshake beat=123 wlast=0
[2365000] AXI S0_WVALID_RDY HANDSHAKE
[2365000] S0 MEMORY WRITE beat=117 addr=0f2f2a28 data=c91f7525a4556046 id=0f
[2375000] AXI S0_WVALID_RDY HANDSHAKE
[2375000] S0 MEMORY WRITE beat=118 addr=0f2f2aa8 data=0fb429f8d198ee83 id=0f
[2375000] MASTER 0 W_VALID_RDY Handshake beat=124 wlast=0
[2385000] MASTER 0 W_VALID_RDY Handshake beat=125 wlast=0
[2385000] AXI S0_WVALID_RDY HANDSHAKE
[2385000] S0 MEMORY WRITE beat=119 addr=0f2f2b28 data=2202e374d7954e74 id=0f
[2395000] AXI S0_WVALID_RDY HANDSHAKE
[2395000] S0 MEMORY WRITE beat=120 addr=0f2f2ba8 data=fbeaaebaa4fdeb24 id=0f
[2395000] MASTER 0 W_VALID_RDY Handshake beat=126 wlast=0
[2405000] MASTER 0 W_VALID_RDY Handshake beat=127 wlast=0
[2405000] AXI S0_WVALID_RDY HANDSHAKE
[2405000] S0 MEMORY WRITE beat=121 addr=0f2f2c28 data=f696d9a7eb225899 id=0f
[2415000] AXI S0_WVALID_RDY HANDSHAKE
[2415000] S0 MEMORY WRITE beat=122 addr=0f2f2ca8 data=c2b7a70d8b9ed8b2 id=0f
[2415000] MASTER 0 W_VALID_RDY Handshake beat=128 wlast=0
[2425000] MASTER 0 W_VALID_RDY Handshake beat=129 wlast=0
[2425000] AXI S0_WVALID_RDY HANDSHAKE
[2425000] S0 MEMORY WRITE beat=123 addr=0f2f2d28 data=309cc3d79899bd1b id=0f
[2435000] AXI S0_WVALID_RDY HANDSHAKE
[2435000] S0 MEMORY WRITE beat=124 addr=0f2f2da8 data=83bc15b4bea255c7 id=0f
[2435000] MASTER 0 W_VALID_RDY Handshake beat=130 wlast=0
[2445000] MASTER 0 W_VALID_RDY Handshake beat=131 wlast=0
[2445000] AXI S0_WVALID_RDY HANDSHAKE
[2445000] S0 MEMORY WRITE beat=125 addr=0f2f2e28 data=ca412e7aa7339d7e id=0f
[2455000] AXI S0_WVALID_RDY HANDSHAKE
[2455000] S0 MEMORY WRITE beat=126 addr=0f2f2ea8 data=3fcd5a9ac673bcc1 id=0f
[2455000] MASTER 0 W_VALID_RDY Handshake beat=132 wlast=0
[2465000] MASTER 0 W_VALID_RDY Handshake beat=133 wlast=0
[2465000] AXI S0_WVALID_RDY HANDSHAKE
[2465000] S0 MEMORY WRITE beat=127 addr=0f2f2f28 data=05161289faddf251 id=0f
[2475000] AXI S0_WVALID_RDY HANDSHAKE
[2475000] S0 MEMORY WRITE beat=128 addr=0f2f2fa8 data=a2118fcfc389704e id=0f
[2475000] MASTER 0 W_VALID_RDY Handshake beat=134 wlast=0
[2485000] MASTER 0 W_VALID_RDY Handshake beat=135 wlast=0
[2485000] AXI S0_WVALID_RDY HANDSHAKE
[2485000] S0 MEMORY WRITE beat=129 addr=0f2f3028 data=09fd2d10cf574103 id=0f
[2495000] AXI S0_WVALID_RDY HANDSHAKE
[2495000] S0 MEMORY WRITE beat=130 addr=0f2f30a8 data=ca353354e1deea69 id=0f
[2495000] MASTER 0 W_VALID_RDY Handshake beat=136 wlast=0
[2505000] MASTER 0 W_VALID_RDY Handshake beat=137 wlast=0
[2505000] AXI S0_WVALID_RDY HANDSHAKE
[2505000] S0 MEMORY WRITE beat=131 addr=0f2f3128 data=25685ab80f133f99 id=0f
[2515000] AXI S0_WVALID_RDY HANDSHAKE
[2515000] S0 MEMORY WRITE beat=132 addr=0f2f31a8 data=de6a809cec46c323 id=0f
[2515000] MASTER 0 W_VALID_RDY Handshake beat=138 wlast=0
[2525000] MASTER 0 W_VALID_RDY Handshake beat=139 wlast=0
[2525000] AXI S0_WVALID_RDY HANDSHAKE
[2525000] S0 MEMORY WRITE beat=133 addr=0f2f3228 data=ce25ad8d2f6587c8 id=0f
[2535000] AXI S0_WVALID_RDY HANDSHAKE
[2535000] S0 MEMORY WRITE beat=134 addr=0f2f32a8 data=3e78c761289fb3f0 id=0f
[2535000] MASTER 0 W_VALID_RDY Handshake beat=140 wlast=0
[2545000] MASTER 0 W_VALID_RDY Handshake beat=141 wlast=0
[2545000] AXI S0_WVALID_RDY HANDSHAKE
[2545000] S0 MEMORY WRITE beat=135 addr=0f2f3328 data=94e67713f38e0845 id=0f
[2555000] AXI S0_WVALID_RDY HANDSHAKE
[2555000] S0 MEMORY WRITE beat=136 addr=0f2f33a8 data=22f3900d1ce347fd id=0f
[2555000] MASTER 0 W_VALID_RDY Handshake beat=142 wlast=0
[2565000] MASTER 0 W_VALID_RDY Handshake beat=143 wlast=0
[2565000] AXI S0_WVALID_RDY HANDSHAKE
[2565000] S0 MEMORY WRITE beat=137 addr=0f2f3428 data=c582fbede30c24a0 id=0f
[2575000] AXI S0_WVALID_RDY HANDSHAKE
[2575000] S0 MEMORY WRITE beat=138 addr=0f2f34a8 data=d69a2ce5e16c576e id=0f
[2575000] MASTER 0 W_VALID_RDY Handshake beat=144 wlast=0
[2585000] MASTER 0 W_VALID_RDY Handshake beat=145 wlast=0
[2585000] AXI S0_WVALID_RDY HANDSHAKE
[2585000] S0 MEMORY WRITE beat=139 addr=0f2f3528 data=fe4f9f6bda697300 id=0f
[2595000] AXI S0_WVALID_RDY HANDSHAKE
[2595000] S0 MEMORY WRITE beat=140 addr=0f2f35a8 data=3d7597a1f98dbcf2 id=0f
[2595000] MASTER 0 W_VALID_RDY Handshake beat=146 wlast=0
[2605000] MASTER 0 W_VALID_RDY Handshake beat=147 wlast=0
[2605000] AXI S0_WVALID_RDY HANDSHAKE
[2605000] S0 MEMORY WRITE beat=141 addr=0f2f3628 data=dafa1460c3d29b58 id=0f
[2615000] AXI S0_WVALID_RDY HANDSHAKE
[2615000] S0 MEMORY WRITE beat=142 addr=0f2f36a8 data=9e3c0e58940fc486 id=0f
[2615000] MASTER 0 W_VALID_RDY Handshake beat=148 wlast=0
[2625000] MASTER 0 W_VALID_RDY Handshake beat=149 wlast=0
[2625000] AXI S0_WVALID_RDY HANDSHAKE
[2625000] S0 MEMORY WRITE beat=143 addr=0f2f3728 data=0d9d8179d949b3cb id=0f
[2635000] AXI S0_WVALID_RDY HANDSHAKE
[2635000] S0 MEMORY WRITE beat=144 addr=0f2f37a8 data=9d1c4f23dbb1a5f9 id=0f
[2635000] MASTER 0 W_VALID_RDY Handshake beat=150 wlast=0
[2645000] MASTER 0 W_VALID_RDY Handshake beat=151 wlast=0
[2645000] AXI S0_WVALID_RDY HANDSHAKE
[2645000] S0 MEMORY WRITE beat=145 addr=0f2f3828 data=efc16a80e89795d9 id=0f
[2655000] AXI S0_WVALID_RDY HANDSHAKE
[2655000] S0 MEMORY WRITE beat=146 addr=0f2f38a8 data=c1e149a53b585d7c id=0f
[2655000] MASTER 0 W_VALID_RDY Handshake beat=152 wlast=0
[2665000] MASTER 0 W_VALID_RDY Handshake beat=153 wlast=0
[2665000] AXI S0_WVALID_RDY HANDSHAKE
[2665000] S0 MEMORY WRITE beat=147 addr=0f2f3928 data=970a0375fd5eebf9 id=0f
[2675000] AXI S0_WVALID_RDY HANDSHAKE
[2675000] S0 MEMORY WRITE beat=148 addr=0f2f39a8 data=e5f681d2defd98c8 id=0f
[2675000] MASTER 0 W_VALID_RDY Handshake beat=154 wlast=0
[2685000] MASTER 0 W_VALID_RDY Handshake beat=155 wlast=0
[2685000] AXI S0_WVALID_RDY HANDSHAKE
[2685000] S0 MEMORY WRITE beat=149 addr=0f2f3a28 data=9a55f64486cb6df5 id=0f
[2695000] AXI S0_WVALID_RDY HANDSHAKE
[2695000] S0 MEMORY WRITE beat=150 addr=0f2f3aa8 data=842a59eea7d7cb77 id=0f
[2695000] MASTER 0 W_VALID_RDY Handshake beat=156 wlast=0
[2705000] MASTER 0 W_VALID_RDY Handshake beat=157 wlast=0
[2705000] AXI S0_WVALID_RDY HANDSHAKE
[2705000] S0 MEMORY WRITE beat=151 addr=0f2f3b28 data=06d56440315ff9ba id=0f
[2715000] AXI S0_WVALID_RDY HANDSHAKE
[2715000] S0 MEMORY WRITE beat=152 addr=0f2f3ba8 data=b82b67afea20dbc1 id=0f
[2715000] MASTER 0 W_VALID_RDY Handshake beat=158 wlast=0
[2725000] MASTER 0 W_VALID_RDY Handshake beat=159 wlast=0
[2725000] AXI S0_WVALID_RDY HANDSHAKE
[2725000] S0 MEMORY WRITE beat=153 addr=0f2f3c28 data=91f8a738a12b5a84 id=0f
[2735000] AXI S0_WVALID_RDY HANDSHAKE
[2735000] S0 MEMORY WRITE beat=154 addr=0f2f3ca8 data=d28b543e3c55c19e id=0f
[2735000] MASTER 0 W_VALID_RDY Handshake beat=160 wlast=0
[2745000] MASTER 0 W_VALID_RDY Handshake beat=161 wlast=0
[2745000] AXI S0_WVALID_RDY HANDSHAKE
[2745000] S0 MEMORY WRITE beat=155 addr=0f2f3d28 data=26769d5f98ce0b78 id=0f
[2755000] AXI S0_WVALID_RDY HANDSHAKE
[2755000] S0 MEMORY WRITE beat=156 addr=0f2f3da8 data=39f965fd0ab6bbee id=0f
[2755000] MASTER 0 W_VALID_RDY Handshake beat=162 wlast=0
[2765000] MASTER 0 W_VALID_RDY Handshake beat=163 wlast=0
[2765000] AXI S0_WVALID_RDY HANDSHAKE
[2765000] S0 MEMORY WRITE beat=157 addr=0f2f3e28 data=c70c7d8cb86f4497 id=0f
[2775000] AXI S0_WVALID_RDY HANDSHAKE
[2775000] S0 MEMORY WRITE beat=158 addr=0f2f3ea8 data=d13d50108c84ba3b id=0f
[2775000] MASTER 0 W_VALID_RDY Handshake beat=164 wlast=0
[2785000] MASTER 0 W_VALID_RDY Handshake beat=165 wlast=0
[2785000] AXI S0_WVALID_RDY HANDSHAKE
[2785000] S0 MEMORY WRITE beat=159 addr=0f2f3f28 data=973b7629ed831aeb id=0f
[2795000] AXI S0_WVALID_RDY HANDSHAKE
[2795000] S0 MEMORY WRITE beat=160 addr=0f2f3fa8 data=a5f25f820b36b60d id=0f
[2795000] MASTER 0 W_VALID_RDY Handshake beat=166 wlast=0
[2805000] MASTER 0 W_VALID_RDY Handshake beat=167 wlast=0
[2805000] AXI S0_WVALID_RDY HANDSHAKE
[2805000] S0 MEMORY WRITE beat=161 addr=0f2f4028 data=97bb7048de47f3b5 id=0f
[2815000] AXI S0_WVALID_RDY HANDSHAKE
[2815000] S0 MEMORY WRITE beat=162 addr=0f2f40a8 data=cbcb0ea0f72faf92 id=0f
[2815000] MASTER 0 W_VALID_RDY Handshake beat=168 wlast=0
[2825000] MASTER 0 W_VALID_RDY Handshake beat=169 wlast=0
[2825000] AXI S0_WVALID_RDY HANDSHAKE
[2825000] S0 MEMORY WRITE beat=163 addr=0f2f4128 data=8266659f2ef6e672 id=0f
[2835000] AXI S0_WVALID_RDY HANDSHAKE
[2835000] S0 MEMORY WRITE beat=164 addr=0f2f41a8 data=8d3eda27f1bd6e23 id=0f
[2835000] MASTER 0 W_VALID_RDY Handshake beat=170 wlast=0
[2845000] MASTER 0 W_VALID_RDY Handshake beat=171 wlast=0
[2845000] AXI S0_WVALID_RDY HANDSHAKE
[2845000] S0 MEMORY WRITE beat=165 addr=0f2f4228 data=e8ed1db51a21d5e8 id=0f
[2855000] AXI S0_WVALID_RDY HANDSHAKE
[2855000] S0 MEMORY WRITE beat=166 addr=0f2f42a8 data=c918bc5ad909e8c8 id=0f
[2855000] MASTER 0 W_VALID_RDY Handshake beat=172 wlast=0
[2865000] MASTER 0 W_VALID_RDY Handshake beat=173 wlast=0
[2865000] AXI S0_WVALID_RDY HANDSHAKE
[2865000] S0 MEMORY WRITE beat=167 addr=0f2f4328 data=cac756ebeb538355 id=0f
[2875000] AXI S0_WVALID_RDY HANDSHAKE
[2875000] S0 MEMORY WRITE beat=168 addr=0f2f43a8 data=0575593dd6579681 id=0f
[2875000] MASTER 0 W_VALID_RDY Handshake beat=174 wlast=0
[2885000] MASTER 0 W_VALID_RDY Handshake beat=175 wlast=0
[2885000] AXI S0_WVALID_RDY HANDSHAKE
[2885000] S0 MEMORY WRITE beat=169 addr=0f2f4428 data=af617f49b3b474a0 id=0f
[2895000] AXI S0_WVALID_RDY HANDSHAKE
[2895000] S0 MEMORY WRITE beat=170 addr=0f2f44a8 data=9f07f7f5ce8e1597 id=0f
[2895000] MASTER 0 W_VALID_RDY Handshake beat=176 wlast=0
[2905000] MASTER 0 W_VALID_RDY Handshake beat=177 wlast=0
[2905000] AXI S0_WVALID_RDY HANDSHAKE
[2905000] S0 MEMORY WRITE beat=171 addr=0f2f4528 data=a4e5ac18fa28d634 id=0f
[2915000] AXI S0_WVALID_RDY HANDSHAKE
[2915000] S0 MEMORY WRITE beat=172 addr=0f2f45a8 data=2ddd4ad5a47d5132 id=0f
[2915000] MASTER 0 W_VALID_RDY Handshake beat=178 wlast=0
[2925000] MASTER 0 W_VALID_RDY Handshake beat=179 wlast=0
[2925000] AXI S0_WVALID_RDY HANDSHAKE
[2925000] S0 MEMORY WRITE beat=173 addr=0f2f4628 data=f30b66c9d4472b62 id=0f
[2935000] AXI S0_WVALID_RDY HANDSHAKE
[2935000] S0 MEMORY WRITE beat=174 addr=0f2f46a8 data=ce700196cce542ca id=0f
[2935000] MASTER 0 W_VALID_RDY Handshake beat=180 wlast=0
[2945000] MASTER 0 W_VALID_RDY Handshake beat=181 wlast=0
[2945000] AXI S0_WVALID_RDY HANDSHAKE
[2945000] S0 MEMORY WRITE beat=175 addr=0f2f4728 data=f16293fd17f112e2 id=0f
[2955000] AXI S0_WVALID_RDY HANDSHAKE
[2955000] S0 MEMORY WRITE beat=176 addr=0f2f47a8 data=ec383e44fc4d4c6b id=0f
[2955000] MASTER 0 W_VALID_RDY Handshake beat=182 wlast=0
[2965000] MASTER 0 W_VALID_RDY Handshake beat=183 wlast=0
[2965000] AXI S0_WVALID_RDY HANDSHAKE
[2965000] S0 MEMORY WRITE beat=177 addr=0f2f4828 data=c9328f36e46dfac6 id=0f
[2975000] AXI S0_WVALID_RDY HANDSHAKE
[2975000] S0 MEMORY WRITE beat=178 addr=0f2f48a8 data=fc5f0da8baa83fda id=0f
[2975000] MASTER 0 W_VALID_RDY Handshake beat=184 wlast=0
[2985000] MASTER 0 W_VALID_RDY Handshake beat=185 wlast=0
[2985000] AXI S0_WVALID_RDY HANDSHAKE
[2985000] S0 MEMORY WRITE beat=179 addr=0f2f4928 data=36f58c463a952333 id=0f
[2995000] AXI S0_WVALID_RDY HANDSHAKE
[2995000] S0 MEMORY WRITE beat=180 addr=0f2f49a8 data=9f031df9e8974bec id=0f
[2995000] MASTER 0 W_VALID_RDY Handshake beat=186 wlast=0
[3005000] MASTER 0 W_VALID_RDY Handshake beat=187 wlast=0
[3005000] AXI S0_WVALID_RDY HANDSHAKE
[3005000] S0 MEMORY WRITE beat=181 addr=0f2f4a28 data=233f8bc700281b7c id=0f
[3015000] AXI S0_WVALID_RDY HANDSHAKE
[3015000] S0 MEMORY WRITE beat=182 addr=0f2f4aa8 data=3abd3eaf1b622ba2 id=0f
[3015000] MASTER 0 W_VALID_RDY Handshake beat=188 wlast=0
[3025000] MASTER 0 W_VALID_RDY Handshake beat=189 wlast=0
[3025000] AXI S0_WVALID_RDY HANDSHAKE
[3025000] S0 MEMORY WRITE beat=183 addr=0f2f4b28 data=83f9778eda35180d id=0f
[3035000] AXI S0_WVALID_RDY HANDSHAKE
[3035000] S0 MEMORY WRITE beat=184 addr=0f2f4ba8 data=da5d3389d9c05ca8 id=0f
[3035000] MASTER 0 W_VALID_RDY Handshake beat=190 wlast=0
[3045000] MASTER 0 W_VALID_RDY Handshake beat=191 wlast=0
[3045000] AXI S0_WVALID_RDY HANDSHAKE
[3045000] S0 MEMORY WRITE beat=185 addr=0f2f4c28 data=f522884aa7390355 id=0f
[3055000] AXI S0_WVALID_RDY HANDSHAKE
[3055000] S0 MEMORY WRITE beat=186 addr=0f2f4ca8 data=816e1b62151a7238 id=0f
[3055000] MASTER 0 W_VALID_RDY Handshake beat=192 wlast=0
[3065000] MASTER 0 W_VALID_RDY Handshake beat=193 wlast=0
[3065000] AXI S0_WVALID_RDY HANDSHAKE
[3065000] S0 MEMORY WRITE beat=187 addr=0f2f4d28 data=eedacee0f91bffd9 id=0f
[3075000] AXI S0_WVALID_RDY HANDSHAKE
[3075000] S0 MEMORY WRITE beat=188 addr=0f2f4da8 data=a055032edbcb4eeb id=0f
[3075000] MASTER 0 W_VALID_RDY Handshake beat=194 wlast=0
[3085000] MASTER 0 W_VALID_RDY Handshake beat=195 wlast=0
[3085000] AXI S0_WVALID_RDY HANDSHAKE
[3085000] S0 MEMORY WRITE beat=189 addr=0f2f4e28 data=f0e5c123e3fd572b id=0f
[3095000] AXI S0_WVALID_RDY HANDSHAKE
[3095000] S0 MEMORY WRITE beat=190 addr=0f2f4ea8 data=dd19570421c31e91 id=0f
[3095000] MASTER 0 W_VALID_RDY Handshake beat=196 wlast=0
[3105000] MASTER 0 W_VALID_RDY Handshake beat=197 wlast=0
[3105000] AXI S0_WVALID_RDY HANDSHAKE
[3105000] S0 MEMORY WRITE beat=191 addr=0f2f4f28 data=fd8e6d7cdfc09004 id=0f
[3115000] AXI S0_WVALID_RDY HANDSHAKE
[3115000] S0 MEMORY WRITE beat=192 addr=0f2f4fa8 data=c3bde72ffd6e5a32 id=0f
[3115000] MASTER 0 W_VALID_RDY Handshake beat=198 wlast=0
[3125000] MASTER 0 W_VALID_RDY Handshake beat=199 wlast=0
[3125000] AXI S0_WVALID_RDY HANDSHAKE
[3125000] S0 MEMORY WRITE beat=193 addr=0f2f5028 data=9f3178c3ee742ea0 id=0f
[3135000] AXI S0_WVALID_RDY HANDSHAKE
[3135000] S0 MEMORY WRITE beat=194 addr=0f2f50a8 data=ce34bea420d73e33 id=0f
[3135000] MASTER 0 W_VALID_RDY Handshake beat=200 wlast=0
[3145000] MASTER 0 W_VALID_RDY Handshake beat=201 wlast=0
[3145000] AXI S0_WVALID_RDY HANDSHAKE
[3145000] S0 MEMORY WRITE beat=195 addr=0f2f5128 data=9e4598651cbfe640 id=0f
[3155000] AXI S0_WVALID_RDY HANDSHAKE
[3155000] S0 MEMORY WRITE beat=196 addr=0f2f51a8 data=0b3414e011f2a5d3 id=0f
[3155000] MASTER 0 W_VALID_RDY Handshake beat=202 wlast=0
[3165000] MASTER 0 W_VALID_RDY Handshake beat=203 wlast=0
[3165000] AXI S0_WVALID_RDY HANDSHAKE
[3165000] S0 MEMORY WRITE beat=197 addr=0f2f5228 data=32c9e4063d771129 id=0f
[3175000] AXI S0_WVALID_RDY HANDSHAKE
[3175000] S0 MEMORY WRITE beat=198 addr=0f2f52a8 data=da36f769d968d384 id=0f
[3175000] MASTER 0 W_VALID_RDY Handshake beat=204 wlast=0
[3185000] MASTER 0 W_VALID_RDY Handshake beat=205 wlast=0
[3185000] AXI S0_WVALID_RDY HANDSHAKE
[3185000] S0 MEMORY WRITE beat=199 addr=0f2f5328 data=eb5b7957d10f7c6b id=0f
[3195000] AXI S0_WVALID_RDY HANDSHAKE
[3195000] S0 MEMORY WRITE beat=200 addr=0f2f53a8 data=8e868d94e56b0c49 id=0f
[3195000] MASTER 0 W_VALID_RDY Handshake beat=206 wlast=0
[3205000] MASTER 0 W_VALID_RDY Handshake beat=207 wlast=0
[3205000] AXI S0_WVALID_RDY HANDSHAKE
[3205000] S0 MEMORY WRITE beat=201 addr=0f2f5428 data=3ed3dfcd1e255d5d id=0f
[3215000] AXI S0_WVALID_RDY HANDSHAKE
[3215000] S0 MEMORY WRITE beat=202 addr=0f2f54a8 data=ef34d9c8e8bd84fd id=0f
[3215000] MASTER 0 W_VALID_RDY Handshake beat=208 wlast=0
[3225000] MASTER 0 W_VALID_RDY Handshake beat=209 wlast=0
[3225000] AXI S0_WVALID_RDY HANDSHAKE
[3225000] S0 MEMORY WRITE beat=203 addr=0f2f5528 data=ce2891462a2f5924 id=0f
[3235000] AXI S0_WVALID_RDY HANDSHAKE
[3235000] S0 MEMORY WRITE beat=204 addr=0f2f55a8 data=c854b681fdbb675d id=0f
[3235000] MASTER 0 W_VALID_RDY Handshake beat=210 wlast=0
[3245000] MASTER 0 W_VALID_RDY Handshake beat=211 wlast=0
[3245000] AXI S0_WVALID_RDY HANDSHAKE
[3245000] S0 MEMORY WRITE beat=205 addr=0f2f5628 data=e678ec5a8cfc7113 id=0f
[3255000] AXI S0_WVALID_RDY HANDSHAKE
[3255000] S0 MEMORY WRITE beat=206 addr=0f2f56a8 data=b72bca37b7899049 id=0f
[3255000] MASTER 0 W_VALID_RDY Handshake beat=212 wlast=0
[3265000] MASTER 0 W_VALID_RDY Handshake beat=213 wlast=0
[3265000] AXI S0_WVALID_RDY HANDSHAKE
[3265000] S0 MEMORY WRITE beat=207 addr=0f2f5728 data=b544f7a634a17da1 id=0f
[3275000] AXI S0_WVALID_RDY HANDSHAKE
[3275000] S0 MEMORY WRITE beat=208 addr=0f2f57a8 data=c19deeb4ff8080b8 id=0f
[3275000] MASTER 0 W_VALID_RDY Handshake beat=214 wlast=0
[3285000] MASTER 0 W_VALID_RDY Handshake beat=215 wlast=0
[3285000] AXI S0_WVALID_RDY HANDSHAKE
[3285000] S0 MEMORY WRITE beat=209 addr=0f2f5828 data=370a11021bbde401 id=0f
[3295000] AXI S0_WVALID_RDY HANDSHAKE
[3295000] S0 MEMORY WRITE beat=210 addr=0f2f58a8 data=d05f61a2f8c9b8ec id=0f
[3295000] MASTER 0 W_VALID_RDY Handshake beat=216 wlast=0
[3305000] MASTER 0 W_VALID_RDY Handshake beat=217 wlast=1
[3305000] AXI S0_WVALID_RDY HANDSHAKE
[3305000] S0 MEMORY WRITE beat=211 addr=0f2f5928 data=f84a39a4ec4f08a8 id=0f
[3315000] AXI S0_WVALID_RDY HANDSHAKE
[3315000] S0 MEMORY WRITE beat=212 addr=0f2f59a8 data=880ceca991fd5056 id=0f
[3325000] AXI S0_WVALID_RDY HANDSHAKE
[3325000] S0 MEMORY WRITE beat=213 addr=0f2f5a28 data=8ac70942af544aa6 id=0f
[3335000] AXI S0_WVALID_RDY HANDSHAKE
[3335000] S0 MEMORY WRITE beat=214 addr=0f2f5aa8 data=1ba3534fd86c4e4b id=0f
[3345000] AXI S0_WVALID_RDY HANDSHAKE
[3345000] S0 MEMORY WRITE beat=215 addr=0f2f5b28 data=ea699ea2031142e7 id=0f
[3355000] AXI S0_WVALID_RDY HANDSHAKE
[3355000] S0 MEMORY WRITE beat=216 addr=0f2f5ba8 data=b2658d8da3b03ff8 id=0f
[3365000] AXI S0_WVALID_RDY HANDSHAKE
[3365000] S0 MEMORY WRITE beat=217 addr=0f2f5c28 data=fc1c8e44f530a7e4 id=0f
[3375000] SLAVE0 sent B resp, id=15
[3375000] [SLAVE MONITOR] mst_id=0 s_id=0 awaddr=f2eefa8 awid=1111 awlen=217 awsize=7 awburst=1 wdata=[872da0f3ade88d9 d5f1eff5d89fee04 3b2cea1e013e50d5 3c1cd9aef76694eb d00682f0c39fc42d c4de1502920ec9a3 9755e8f0b336d0e ced3313b00faeeb0 9309b853d97be17f e4af4e8d13b1463d 14ac34ed9c7f16e2 f5faf86133827fc8 c733c605a7b5ed40 c4350423daaa46ee 8e2cc6b6dbdffaf2 8395e832ba2ffc84 14da4373d5608cbb b14087adc7caec55 1fae8daa3070a29 f86796e534d66fe0 fca15c3516d52c4d b9dc3676a9a81e92 de7e8e72fe9c450f 9571715cb243cd5b dbebebeedb1feaa8 d9bc2fb7cf4da7d3 8191752eba6a7a60 958a6508ef2da114 3e7b48e7dd7d611c 17e7db7def4694c0 de7435d4c00cbe15 1d8a1f32ad724085 9cb8d5451cef7ebb dcfc3cd03571faaf e2e43b34fb2d0b19 981c89d4fa865c02 aff856b1ff9d107a faca1b93f518c6a5 ef9f22a712dc91e6 1279a26012e6a568 7ff6c0d1f977959 32740b3f8d43bdf3 a02a635bf79e8eb4 9736080dc4edad9f d2316b92a829cf68 1fc85e1dc9aa134c 8e97c0ebf25bceee 9a859e56b6fe662a a87977e0c92c7e d324fb6cba4dfc73 f14c629e8f403a62 f00966e0edaa99c2 27f89636f1f4dc15 81351677c32e624c 30d8fc0f1944f8d4 b39d4e9f13e7d58 b46cdfa4d8d19245 f2168b198c6eeb60 fdad68b8e545dbb3 be176df8fd506002 89bf4b62321a485d 97602410b02df911 ad7e5913076cb41b 3986fc78d5779209 85a58b1a373da476 3eaa5891d0e72088 a65eb2913323e42e ea6188a4f8315509 c91875912c043dac df2821da290be135 213d363eef772823 1b7b65cfc989aa7e f2958bb3ea55abcf d9ccd3f2faa387a9 c42d322713d2c1f1 fe286dc0f54839c1 efebc16a36c2bdda ca957fcbd7f541b3 cd3d7b74b418f391 eadbb16bc8bded8b a0b32f3e3d293cdf f1423070b5713136 fe2f1ec2edf0aab3 2b19e792dc1de1dc 918f13129ee24e00 8cd2f8b39c5c1802 f879f9de8fbe31d4 2ea07fd5b7ece045 d448f8480a090cf1 99c73ec5bb737888 f36058ceccc2f226 d6cbff17c867be9a 3db3723c7a95116 946c433cf0933ddd b8fafc77f73b8ff1 3ee4e107eb384254 dbcb8031bcd6339a b411c38bd3512443 be89669794c67ca8 d19cb043f2f6a492 c647c8d69a54e6c8 2f1b637185ae73ce f8a5186184d12f6d 1f26163600b813b4 866687823eece137 c3be10a4ce4179a7 cef98d5bff0b9fe3 bdf8811ae2e426da b125a081d56014dd d46bb4c101b691bf e49ab899801f2ddc d57f42ba926435db 941ac79a15c0591b 95df86f729eaf77b bc4f2d56f8b58034 e75d94feb5ec9b1 9549c12cd069f4f1 c91f7525a4556046 fb429f8d198ee83 2202e374d7954e74 fbeaaebaa4fdeb24 f696d9a7eb225899 c2b7a70d8b9ed8b2 309cc3d79899bd1b 83bc15b4bea255c7 ca412e7aa7339d7e 3fcd5a9ac673bcc1 5161289faddf251 a2118fcfc389704e 9fd2d10cf574103 ca353354e1deea69 25685ab80f133f99 de6a809cec46c323 ce25ad8d2f6587c8 3e78c761289fb3f0 94e67713f38e0845 22f3900d1ce347fd c582fbede30c24a0 d69a2ce5e16c576e fe4f9f6bda697300 3d7597a1f98dbcf2 dafa1460c3d29b58 9e3c0e58940fc486 d9d8179d949b3cb 9d1c4f23dbb1a5f9 efc16a80e89795d9 c1e149a53b585d7c 970a0375fd5eebf9 e5f681d2defd98c8 9a55f64486cb6df5 842a59eea7d7cb77 6d56440315ff9ba b82b67afea20dbc1 91f8a738a12b5a84 d28b543e3c55c19e 26769d5f98ce0b78 39f965fd0ab6bbee c70c7d8cb86f4497 d13d50108c84ba3b 973b7629ed831aeb a5f25f820b36b60d 97bb7048de47f3b5 cbcb0ea0f72faf92 8266659f2ef6e672 8d3eda27f1bd6e23 e8ed1db51a21d5e8 c918bc5ad909e8c8 cac756ebeb538355 575593dd6579681 af617f49b3b474a0 9f07f7f5ce8e1597 a4e5ac18fa28d634 2ddd4ad5a47d5132 f30b66c9d4472b62 ce700196cce542ca f16293fd17f112e2 ec383e44fc4d4c6b c9328f36e46dfac6 fc5f0da8baa83fda 36f58c463a952333 9f031df9e8974bec 233f8bc700281b7c 3abd3eaf1b622ba2 83f9778eda35180d da5d3389d9c05ca8 f522884aa7390355 816e1b62151a7238 eedacee0f91bffd9 a055032edbcb4eeb f0e5c123e3fd572b dd19570421c31e91 fd8e6d7cdfc09004 c3bde72ffd6e5a32 9f3178c3ee742ea0 ce34bea420d73e33 9e4598651cbfe640 b3414e011f2a5d3 32c9e4063d771129 da36f769d968d384 eb5b7957d10f7c6b 8e868d94e56b0c49 3ed3dfcd1e255d5d ef34d9c8e8bd84fd ce2891462a2f5924 c854b681fdbb675d e678ec5a8cfc7113 b72bca37b7899049 b544f7a634a17da1 c19deeb4ff8080b8 370a11021bbde401 d05f61a2f8c9b8ec f84a39a4ec4f08a8 880ceca991fd5056 8ac70942af544aa6 1ba3534fd86c4e4b ea699ea2031142e7 b2658d8da3b03ff8 fc1c8e44f530a7e4 ] wstrb=[dc cb e6 d5 59 ca 19 35 96 ff a ef c9 23 24 5f 22 2f 4e ec 52 73 4b 75 a2 9a 61 f4 d ac 69 af 46 ca a3 53 77 d 2 bd d7 a6 11 4e b3 13 c 8a b9 1d d9 6c 30 e5 f7 ea 2 d0 56 32 b5 4d 1c b7 1d 73 e9 d2 c0 6 89 de 79 73 b0 39 79 3a 17 f2 ad c8 2b 26 2 43 18 af b 43 d5 d 86 ed bc 91 30 91 9e b7 7e 5a 48 ae eb e7 65 69 41 ae 18 2d 95 7d 96 d6 2b ae 3 c0 2c 9a 97 57 48 9a 18 74 34 af cc 7d 49 e4 f1 7e 93 bd fb dc a1 ec 5a 34 aa 55 11 4b 42 6b 80 ec c1 91 37 3 fc b7 ef bd 48 26 c0 45 de af 2 26 d6 c3 6b b4 72 6e da 48 31 46 fc a3 b4 d7 ec e5 1d e8 88 d1 bf 74 b6 dc 5d 3e ad 1c b3 63 f9 10 a2 a6 2c 55 a 25 65 ac cc 91 1 d6 b7 66 82 83 f7 83 ] bresp=0 bid=1111
[3395000] MASTER 0 B_VALID_RDY Handshake
[3395000] [MASTER MONITOR] mst_id=0 s_id=0 awaddr=f2eefa8 awid=1111 awlen=217 awsize=7 awburst=1 wdata=[872da0f3ade88d9 d5f1eff5d89fee04 3b2cea1e013e50d5 3c1cd9aef76694eb d00682f0c39fc42d c4de1502920ec9a3 9755e8f0b336d0e ced3313b00faeeb0 9309b853d97be17f e4af4e8d13b1463d 14ac34ed9c7f16e2 f5faf86133827fc8 c733c605a7b5ed40 c4350423daaa46ee 8e2cc6b6dbdffaf2 8395e832ba2ffc84 14da4373d5608cbb b14087adc7caec55 1fae8daa3070a29 f86796e534d66fe0 fca15c3516d52c4d b9dc3676a9a81e92 de7e8e72fe9c450f 9571715cb243cd5b dbebebeedb1feaa8 d9bc2fb7cf4da7d3 8191752eba6a7a60 958a6508ef2da114 3e7b48e7dd7d611c 17e7db7def4694c0 de7435d4c00cbe15 1d8a1f32ad724085 9cb8d5451cef7ebb dcfc3cd03571faaf e2e43b34fb2d0b19 981c89d4fa865c02 aff856b1ff9d107a faca1b93f518c6a5 ef9f22a712dc91e6 1279a26012e6a568 7ff6c0d1f977959 32740b3f8d43bdf3 a02a635bf79e8eb4 9736080dc4edad9f d2316b92a829cf68 1fc85e1dc9aa134c 8e97c0ebf25bceee 9a859e56b6fe662a a87977e0c92c7e d324fb6cba4dfc73 f14c629e8f403a62 f00966e0edaa99c2 27f89636f1f4dc15 81351677c32e624c 30d8fc0f1944f8d4 b39d4e9f13e7d58 b46cdfa4d8d19245 f2168b198c6eeb60 fdad68b8e545dbb3 be176df8fd506002 89bf4b62321a485d 97602410b02df911 ad7e5913076cb41b 3986fc78d5779209 85a58b1a373da476 3eaa5891d0e72088 a65eb2913323e42e ea6188a4f8315509 c91875912c043dac df2821da290be135 213d363eef772823 1b7b65cfc989aa7e f2958bb3ea55abcf d9ccd3f2faa387a9 c42d322713d2c1f1 fe286dc0f54839c1 efebc16a36c2bdda ca957fcbd7f541b3 cd3d7b74b418f391 eadbb16bc8bded8b a0b32f3e3d293cdf f1423070b5713136 fe2f1ec2edf0aab3 2b19e792dc1de1dc 918f13129ee24e00 8cd2f8b39c5c1802 f879f9de8fbe31d4 2ea07fd5b7ece045 d448f8480a090cf1 99c73ec5bb737888 f36058ceccc2f226 d6cbff17c867be9a 3db3723c7a95116 946c433cf0933ddd b8fafc77f73b8ff1 3ee4e107eb384254 dbcb8031bcd6339a b411c38bd3512443 be89669794c67ca8 d19cb043f2f6a492 c647c8d69a54e6c8 2f1b637185ae73ce f8a5186184d12f6d 1f26163600b813b4 866687823eece137 c3be10a4ce4179a7 cef98d5bff0b9fe3 bdf8811ae2e426da b125a081d56014dd d46bb4c101b691bf e49ab899801f2ddc d57f42ba926435db 941ac79a15c0591b 95df86f729eaf77b bc4f2d56f8b58034 e75d94feb5ec9b1 9549c12cd069f4f1 c91f7525a4556046 fb429f8d198ee83 2202e374d7954e74 fbeaaebaa4fdeb24 f696d9a7eb225899 c2b7a70d8b9ed8b2 309cc3d79899bd1b 83bc15b4bea255c7 ca412e7aa7339d7e 3fcd5a9ac673bcc1 5161289faddf251 a2118fcfc389704e 9fd2d10cf574103 ca353354e1deea69 25685ab80f133f99 de6a809cec46c323 ce25ad8d2f6587c8 3e78c761289fb3f0 94e67713f38e0845 22f3900d1ce347fd c582fbede30c24a0 d69a2ce5e16c576e fe4f9f6bda697300 3d7597a1f98dbcf2 dafa1460c3d29b58 9e3c0e58940fc486 d9d8179d949b3cb 9d1c4f23dbb1a5f9 efc16a80e89795d9 c1e149a53b585d7c 970a0375fd5eebf9 e5f681d2defd98c8 9a55f64486cb6df5 842a59eea7d7cb77 6d56440315ff9ba b82b67afea20dbc1 91f8a738a12b5a84 d28b543e3c55c19e 26769d5f98ce0b78 39f965fd0ab6bbee c70c7d8cb86f4497 d13d50108c84ba3b 973b7629ed831aeb a5f25f820b36b60d 97bb7048de47f3b5 cbcb0ea0f72faf92 8266659f2ef6e672 8d3eda27f1bd6e23 e8ed1db51a21d5e8 c918bc5ad909e8c8 cac756ebeb538355 575593dd6579681 af617f49b3b474a0 9f07f7f5ce8e1597 a4e5ac18fa28d634 2ddd4ad5a47d5132 f30b66c9d4472b62 ce700196cce542ca f16293fd17f112e2 ec383e44fc4d4c6b c9328f36e46dfac6 fc5f0da8baa83fda 36f58c463a952333 9f031df9e8974bec 233f8bc700281b7c 3abd3eaf1b622ba2 83f9778eda35180d da5d3389d9c05ca8 f522884aa7390355 816e1b62151a7238 eedacee0f91bffd9 a055032edbcb4eeb f0e5c123e3fd572b dd19570421c31e91 fd8e6d7cdfc09004 c3bde72ffd6e5a32 9f3178c3ee742ea0 ce34bea420d73e33 9e4598651cbfe640 b3414e011f2a5d3 32c9e4063d771129 da36f769d968d384 eb5b7957d10f7c6b 8e868d94e56b0c49 3ed3dfcd1e255d5d ef34d9c8e8bd84fd ce2891462a2f5924 c854b681fdbb675d e678ec5a8cfc7113 b72bca37b7899049 b544f7a634a17da1 c19deeb4ff8080b8 370a11021bbde401 d05f61a2f8c9b8ec f84a39a4ec4f08a8 880ceca991fd5056 8ac70942af544aa6 1ba3534fd86c4e4b ea699ea2031142e7 b2658d8da3b03ff8 fc1c8e44f530a7e4 ] wstrb=[dc cb e6 d5 59 ca 19 35 96 ff a ef c9 23 24 5f 22 2f 4e ec 52 73 4b 75 a2 9a 61 f4 d ac 69 af 46 ca a3 53 77 d 2 bd d7 a6 11 4e b3 13 c 8a b9 1d d9 6c 30 e5 f7 ea 2 d0 56 32 b5 4d 1c b7 1d 73 e9 d2 c0 6 89 de 79 73 b0 39 79 3a 17 f2 ad c8 2b 26 2 43 18 af b 43 d5 d 86 ed bc 91 30 91 9e b7 7e 5a 48 ae eb e7 65 69 41 ae 18 2d 95 7d 96 d6 2b ae 3 c0 2c 9a 97 57 48 9a 18 74 34 af cc 7d 49 e4 f1 7e 93 bd fb dc a1 ec 5a 34 aa 55 11 4b 42 6b 80 ec c1 91 37 3 fc b7 ef bd 48 26 c0 45 de af 2 26 d6 c3 6b b4 72 6e da 48 31 46 fc a3 b4 d7 ec e5 1d e8 88 d1 bf 74 b6 dc 5d 3e ad 1c b3 63 f9 10 a2 a6 2c 55 a 25 65 ac cc 91 1 d6 b7 66 82 83 f7 83 ] bresp=0 bid=1111
[3395000] MASTER 0 RECEIVED BRESP. BRESP=0
[3395000] [MASTER DRIVER] mst_id=0 s_id=0 awaddr=f2eefa8 awid=1111 awlen=217 awsize=7 awburst=1 wdata=[872da0f3ade88d9 d5f1eff5d89fee04 3b2cea1e013e50d5 3c1cd9aef76694eb d00682f0c39fc42d c4de1502920ec9a3 9755e8f0b336d0e ced3313b00faeeb0 9309b853d97be17f e4af4e8d13b1463d 14ac34ed9c7f16e2 f5faf86133827fc8 c733c605a7b5ed40 c4350423daaa46ee 8e2cc6b6dbdffaf2 8395e832ba2ffc84 14da4373d5608cbb b14087adc7caec55 1fae8daa3070a29 f86796e534d66fe0 fca15c3516d52c4d b9dc3676a9a81e92 de7e8e72fe9c450f 9571715cb243cd5b dbebebeedb1feaa8 d9bc2fb7cf4da7d3 8191752eba6a7a60 958a6508ef2da114 3e7b48e7dd7d611c 17e7db7def4694c0 de7435d4c00cbe15 1d8a1f32ad724085 9cb8d5451cef7ebb dcfc3cd03571faaf e2e43b34fb2d0b19 981c89d4fa865c02 aff856b1ff9d107a faca1b93f518c6a5 ef9f22a712dc91e6 1279a26012e6a568 7ff6c0d1f977959 32740b3f8d43bdf3 a02a635bf79e8eb4 9736080dc4edad9f d2316b92a829cf68 1fc85e1dc9aa134c 8e97c0ebf25bceee 9a859e56b6fe662a a87977e0c92c7e d324fb6cba4dfc73 f14c629e8f403a62 f00966e0edaa99c2 27f89636f1f4dc15 81351677c32e624c 30d8fc0f1944f8d4 b39d4e9f13e7d58 b46cdfa4d8d19245 f2168b198c6eeb60 fdad68b8e545dbb3 be176df8fd506002 89bf4b62321a485d 97602410b02df911 ad7e5913076cb41b 3986fc78d5779209 85a58b1a373da476 3eaa5891d0e72088 a65eb2913323e42e ea6188a4f8315509 c91875912c043dac df2821da290be135 213d363eef772823 1b7b65cfc989aa7e f2958bb3ea55abcf d9ccd3f2faa387a9 c42d322713d2c1f1 fe286dc0f54839c1 efebc16a36c2bdda ca957fcbd7f541b3 cd3d7b74b418f391 eadbb16bc8bded8b a0b32f3e3d293cdf f1423070b5713136 fe2f1ec2edf0aab3 2b19e792dc1de1dc 918f13129ee24e00 8cd2f8b39c5c1802 f879f9de8fbe31d4 2ea07fd5b7ece045 d448f8480a090cf1 99c73ec5bb737888 f36058ceccc2f226 d6cbff17c867be9a 3db3723c7a95116 946c433cf0933ddd b8fafc77f73b8ff1 3ee4e107eb384254 dbcb8031bcd6339a b411c38bd3512443 be89669794c67ca8 d19cb043f2f6a492 c647c8d69a54e6c8 2f1b637185ae73ce f8a5186184d12f6d 1f26163600b813b4 866687823eece137 c3be10a4ce4179a7 cef98d5bff0b9fe3 bdf8811ae2e426da b125a081d56014dd d46bb4c101b691bf e49ab899801f2ddc d57f42ba926435db 941ac79a15c0591b 95df86f729eaf77b bc4f2d56f8b58034 e75d94feb5ec9b1 9549c12cd069f4f1 c91f7525a4556046 fb429f8d198ee83 2202e374d7954e74 fbeaaebaa4fdeb24 f696d9a7eb225899 c2b7a70d8b9ed8b2 309cc3d79899bd1b 83bc15b4bea255c7 ca412e7aa7339d7e 3fcd5a9ac673bcc1 5161289faddf251 a2118fcfc389704e 9fd2d10cf574103 ca353354e1deea69 25685ab80f133f99 de6a809cec46c323 ce25ad8d2f6587c8 3e78c761289fb3f0 94e67713f38e0845 22f3900d1ce347fd c582fbede30c24a0 d69a2ce5e16c576e fe4f9f6bda697300 3d7597a1f98dbcf2 dafa1460c3d29b58 9e3c0e58940fc486 d9d8179d949b3cb 9d1c4f23dbb1a5f9 efc16a80e89795d9 c1e149a53b585d7c 970a0375fd5eebf9 e5f681d2defd98c8 9a55f64486cb6df5 842a59eea7d7cb77 6d56440315ff9ba b82b67afea20dbc1 91f8a738a12b5a84 d28b543e3c55c19e 26769d5f98ce0b78 39f965fd0ab6bbee c70c7d8cb86f4497 d13d50108c84ba3b 973b7629ed831aeb a5f25f820b36b60d 97bb7048de47f3b5 cbcb0ea0f72faf92 8266659f2ef6e672 8d3eda27f1bd6e23 e8ed1db51a21d5e8 c918bc5ad909e8c8 cac756ebeb538355 575593dd6579681 af617f49b3b474a0 9f07f7f5ce8e1597 a4e5ac18fa28d634 2ddd4ad5a47d5132 f30b66c9d4472b62 ce700196cce542ca f16293fd17f112e2 ec383e44fc4d4c6b c9328f36e46dfac6 fc5f0da8baa83fda 36f58c463a952333 9f031df9e8974bec 233f8bc700281b7c 3abd3eaf1b622ba2 83f9778eda35180d da5d3389d9c05ca8 f522884aa7390355 816e1b62151a7238 eedacee0f91bffd9 a055032edbcb4eeb f0e5c123e3fd572b dd19570421c31e91 fd8e6d7cdfc09004 c3bde72ffd6e5a32 9f3178c3ee742ea0 ce34bea420d73e33 9e4598651cbfe640 b3414e011f2a5d3 32c9e4063d771129 da36f769d968d384 eb5b7957d10f7c6b 8e868d94e56b0c49 3ed3dfcd1e255d5d ef34d9c8e8bd84fd ce2891462a2f5924 c854b681fdbb675d e678ec5a8cfc7113 b72bca37b7899049 b544f7a634a17da1 c19deeb4ff8080b8 370a11021bbde401 d05f61a2f8c9b8ec f84a39a4ec4f08a8 880ceca991fd5056 8ac70942af544aa6 1ba3534fd86c4e4b ea699ea2031142e7 b2658d8da3b03ff8 fc1c8e44f530a7e4 ] wstrb=[dc cb e6 d5 59 ca 19 35 96 ff a ef c9 23 24 5f 22 2f 4e ec 52 73 4b 75 a2 9a 61 f4 d ac 69 af 46 ca a3 53 77 d 2 bd d7 a6 11 4e b3 13 c 8a b9 1d d9 6c 30 e5 f7 ea 2 d0 56 32 b5 4d 1c b7 1d 73 e9 d2 c0 6 89 de 79 73 b0 39 79 3a 17 f2 ad c8 2b 26 2 43 18 af b 43 d5 d 86 ed bc 91 30 91 9e b7 7e 5a 48 ae eb e7 65 69 41 ae 18 2d 95 7d 96 d6 2b ae 3 c0 2c 9a 97 57 48 9a 18 74 34 af cc 7d 49 e4 f1 7e 93 bd fb dc a1 ec 5a 34 aa 55 11 4b 42 6b 80 ec c1 91 37 3 fc b7 ef bd 48 26 c0 45 de af 2 26 d6 c3 6b b4 72 6e da 48 31 46 fc a3 b4 d7 ec e5 1d e8 88 d1 bf 74 b6 dc 5d 3e ad 1c b3 63 f9 10 a2 a6 2c 55 a 25 65 ac cc 91 1 d6 b7 66 82 83 f7 83 ] bresp=0 bid=1111
[3395000] SCOREBOARD MATCH: decode_err expected = 0, actual =0
[3395000] SCOREBOARD MATCH: slave_id expected = 0, actual =0
[3395000] SCOREBOARD MATCH: awaddr passthrough expected = f2eefa8, actual =f2eefa8
[3395000] SCOREBOARD MATCH: awlen passthrough expected = 217, actual =217
[3395000] SCOREBOARD MATCH: awsize passthrough expected = 7, actual =7
[3395000] SCOREBOARD MATCH: awburst passthrough expected = 1, actual =1
[3395000] SCOREBOARD MATCH: wdata size check expected = da, actual =da
[3395000] SCOREBOARD MATCH: wdata passthrough beat=0 expected = 872da0f3ade88d9, actual =872da0f3ade88d9
[3395000] SCOREBOARD MATCH: wdata passthrough beat=1 expected = d5f1eff5d89fee04, actual =d5f1eff5d89fee04
[3395000] SCOREBOARD MATCH: wdata passthrough beat=2 expected = 3b2cea1e013e50d5, actual =3b2cea1e013e50d5
[3395000] SCOREBOARD MATCH: wdata passthrough beat=3 expected = 3c1cd9aef76694eb, actual =3c1cd9aef76694eb
[3395000] SCOREBOARD MATCH: wdata passthrough beat=4 expected = d00682f0c39fc42d, actual =d00682f0c39fc42d
[3395000] SCOREBOARD MATCH: wdata passthrough beat=5 expected = c4de1502920ec9a3, actual =c4de1502920ec9a3
[3395000] SCOREBOARD MATCH: wdata passthrough beat=6 expected = 9755e8f0b336d0e, actual =9755e8f0b336d0e
[3395000] SCOREBOARD MATCH: wdata passthrough beat=7 expected = ced3313b00faeeb0, actual =ced3313b00faeeb0
[3395000] SCOREBOARD MATCH: wdata passthrough beat=8 expected = 9309b853d97be17f, actual =9309b853d97be17f
[3395000] SCOREBOARD MATCH: wdata passthrough beat=9 expected = e4af4e8d13b1463d, actual =e4af4e8d13b1463d
[3395000] SCOREBOARD MATCH: wdata passthrough beat=10 expected = 14ac34ed9c7f16e2, actual =14ac34ed9c7f16e2
[3395000] SCOREBOARD MATCH: wdata passthrough beat=11 expected = f5faf86133827fc8, actual =f5faf86133827fc8
[3395000] SCOREBOARD MATCH: wdata passthrough beat=12 expected = c733c605a7b5ed40, actual =c733c605a7b5ed40
[3395000] SCOREBOARD MATCH: wdata passthrough beat=13 expected = c4350423daaa46ee, actual =c4350423daaa46ee
[3395000] SCOREBOARD MATCH: wdata passthrough beat=14 expected = 8e2cc6b6dbdffaf2, actual =8e2cc6b6dbdffaf2
[3395000] SCOREBOARD MATCH: wdata passthrough beat=15 expected = 8395e832ba2ffc84, actual =8395e832ba2ffc84
[3395000] SCOREBOARD MATCH: wdata passthrough beat=16 expected = 14da4373d5608cbb, actual =14da4373d5608cbb
[3395000] SCOREBOARD MATCH: wdata passthrough beat=17 expected = b14087adc7caec55, actual =b14087adc7caec55
[3395000] SCOREBOARD MATCH: wdata passthrough beat=18 expected = 1fae8daa3070a29, actual =1fae8daa3070a29
[3395000] SCOREBOARD MATCH: wdata passthrough beat=19 expected = f86796e534d66fe0, actual =f86796e534d66fe0
[3395000] SCOREBOARD MATCH: wdata passthrough beat=20 expected = fca15c3516d52c4d, actual =fca15c3516d52c4d
[3395000] SCOREBOARD MATCH: wdata passthrough beat=21 expected = b9dc3676a9a81e92, actual =b9dc3676a9a81e92
[3395000] SCOREBOARD MATCH: wdata passthrough beat=22 expected = de7e8e72fe9c450f, actual =de7e8e72fe9c450f
[3395000] SCOREBOARD MATCH: wdata passthrough beat=23 expected = 9571715cb243cd5b, actual =9571715cb243cd5b
[3395000] SCOREBOARD MATCH: wdata passthrough beat=24 expected = dbebebeedb1feaa8, actual =dbebebeedb1feaa8
[3395000] SCOREBOARD MATCH: wdata passthrough beat=25 expected = d9bc2fb7cf4da7d3, actual =d9bc2fb7cf4da7d3
[3395000] SCOREBOARD MATCH: wdata passthrough beat=26 expected = 8191752eba6a7a60, actual =8191752eba6a7a60
[3395000] SCOREBOARD MATCH: wdata passthrough beat=27 expected = 958a6508ef2da114, actual =958a6508ef2da114
[3395000] SCOREBOARD MATCH: wdata passthrough beat=28 expected = 3e7b48e7dd7d611c, actual =3e7b48e7dd7d611c
[3395000] SCOREBOARD MATCH: wdata passthrough beat=29 expected = 17e7db7def4694c0, actual =17e7db7def4694c0
[3395000] SCOREBOARD MATCH: wdata passthrough beat=30 expected = de7435d4c00cbe15, actual =de7435d4c00cbe15
[3395000] SCOREBOARD MATCH: wdata passthrough beat=31 expected = 1d8a1f32ad724085, actual =1d8a1f32ad724085
[3395000] SCOREBOARD MATCH: wdata passthrough beat=32 expected = 9cb8d5451cef7ebb, actual =9cb8d5451cef7ebb
[3395000] SCOREBOARD MATCH: wdata passthrough beat=33 expected = dcfc3cd03571faaf, actual =dcfc3cd03571faaf
[3395000] SCOREBOARD MATCH: wdata passthrough beat=34 expected = e2e43b34fb2d0b19, actual =e2e43b34fb2d0b19
[3395000] SCOREBOARD MATCH: wdata passthrough beat=35 expected = 981c89d4fa865c02, actual =981c89d4fa865c02
[3395000] SCOREBOARD MATCH: wdata passthrough beat=36 expected = aff856b1ff9d107a, actual =aff856b1ff9d107a
[3395000] SCOREBOARD MATCH: wdata passthrough beat=37 expected = faca1b93f518c6a5, actual =faca1b93f518c6a5
[3395000] SCOREBOARD MATCH: wdata passthrough beat=38 expected = ef9f22a712dc91e6, actual =ef9f22a712dc91e6
[3395000] SCOREBOARD MATCH: wdata passthrough beat=39 expected = 1279a26012e6a568, actual =1279a26012e6a568
[3395000] SCOREBOARD MATCH: wdata passthrough beat=40 expected = 7ff6c0d1f977959, actual =7ff6c0d1f977959
[3395000] SCOREBOARD MATCH: wdata passthrough beat=41 expected = 32740b3f8d43bdf3, actual =32740b3f8d43bdf3
[3395000] SCOREBOARD MATCH: wdata passthrough beat=42 expected = a02a635bf79e8eb4, actual =a02a635bf79e8eb4
[3395000] SCOREBOARD MATCH: wdata passthrough beat=43 expected = 9736080dc4edad9f, actual =9736080dc4edad9f
[3395000] SCOREBOARD MATCH: wdata passthrough beat=44 expected = d2316b92a829cf68, actual =d2316b92a829cf68
[3395000] SCOREBOARD MATCH: wdata passthrough beat=45 expected = 1fc85e1dc9aa134c, actual =1fc85e1dc9aa134c
[3395000] SCOREBOARD MATCH: wdata passthrough beat=46 expected = 8e97c0ebf25bceee, actual =8e97c0ebf25bceee
[3395000] SCOREBOARD MATCH: wdata passthrough beat=47 expected = 9a859e56b6fe662a, actual =9a859e56b6fe662a
[3395000] SCOREBOARD MATCH: wdata passthrough beat=48 expected = a87977e0c92c7e, actual =a87977e0c92c7e
[3395000] SCOREBOARD MATCH: wdata passthrough beat=49 expected = d324fb6cba4dfc73, actual =d324fb6cba4dfc73
[3395000] SCOREBOARD MATCH: wdata passthrough beat=50 expected = f14c629e8f403a62, actual =f14c629e8f403a62
[3395000] SCOREBOARD MATCH: wdata passthrough beat=51 expected = f00966e0edaa99c2, actual =f00966e0edaa99c2
[3395000] SCOREBOARD MATCH: wdata passthrough beat=52 expected = 27f89636f1f4dc15, actual =27f89636f1f4dc15
[3395000] SCOREBOARD MATCH: wdata passthrough beat=53 expected = 81351677c32e624c, actual =81351677c32e624c
[3395000] SCOREBOARD MATCH: wdata passthrough beat=54 expected = 30d8fc0f1944f8d4, actual =30d8fc0f1944f8d4
[3395000] SCOREBOARD MATCH: wdata passthrough beat=55 expected = b39d4e9f13e7d58, actual =b39d4e9f13e7d58
[3395000] SCOREBOARD MATCH: wdata passthrough beat=56 expected = b46cdfa4d8d19245, actual =b46cdfa4d8d19245
[3395000] SCOREBOARD MATCH: wdata passthrough beat=57 expected = f2168b198c6eeb60, actual =f2168b198c6eeb60
[3395000] SCOREBOARD MATCH: wdata passthrough beat=58 expected = fdad68b8e545dbb3, actual =fdad68b8e545dbb3
[3395000] SCOREBOARD MATCH: wdata passthrough beat=59 expected = be176df8fd506002, actual =be176df8fd506002
[3395000] SCOREBOARD MATCH: wdata passthrough beat=60 expected = 89bf4b62321a485d, actual =89bf4b62321a485d
[3395000] SCOREBOARD MATCH: wdata passthrough beat=61 expected = 97602410b02df911, actual =97602410b02df911
[3395000] SCOREBOARD MATCH: wdata passthrough beat=62 expected = ad7e5913076cb41b, actual =ad7e5913076cb41b
[3395000] SCOREBOARD MATCH: wdata passthrough beat=63 expected = 3986fc78d5779209, actual =3986fc78d5779209
[3395000] SCOREBOARD MATCH: wdata passthrough beat=64 expected = 85a58b1a373da476, actual =85a58b1a373da476
[3395000] SCOREBOARD MATCH: wdata passthrough beat=65 expected = 3eaa5891d0e72088, actual =3eaa5891d0e72088
[3395000] SCOREBOARD MATCH: wdata passthrough beat=66 expected = a65eb2913323e42e, actual =a65eb2913323e42e
[3395000] SCOREBOARD MATCH: wdata passthrough beat=67 expected = ea6188a4f8315509, actual =ea6188a4f8315509
[3395000] SCOREBOARD MATCH: wdata passthrough beat=68 expected = c91875912c043dac, actual =c91875912c043dac
[3395000] SCOREBOARD MATCH: wdata passthrough beat=69 expected = df2821da290be135, actual =df2821da290be135
[3395000] SCOREBOARD MATCH: wdata passthrough beat=70 expected = 213d363eef772823, actual =213d363eef772823
[3395000] SCOREBOARD MATCH: wdata passthrough beat=71 expected = 1b7b65cfc989aa7e, actual =1b7b65cfc989aa7e
[3395000] SCOREBOARD MATCH: wdata passthrough beat=72 expected = f2958bb3ea55abcf, actual =f2958bb3ea55abcf
[3395000] SCOREBOARD MATCH: wdata passthrough beat=73 expected = d9ccd3f2faa387a9, actual =d9ccd3f2faa387a9
[3395000] SCOREBOARD MATCH: wdata passthrough beat=74 expected = c42d322713d2c1f1, actual =c42d322713d2c1f1
[3395000] SCOREBOARD MATCH: wdata passthrough beat=75 expected = fe286dc0f54839c1, actual =fe286dc0f54839c1
[3395000] SCOREBOARD MATCH: wdata passthrough beat=76 expected = efebc16a36c2bdda, actual =efebc16a36c2bdda
[3395000] SCOREBOARD MATCH: wdata passthrough beat=77 expected = ca957fcbd7f541b3, actual =ca957fcbd7f541b3
[3395000] SCOREBOARD MATCH: wdata passthrough beat=78 expected = cd3d7b74b418f391, actual =cd3d7b74b418f391
[3395000] SCOREBOARD MATCH: wdata passthrough beat=79 expected = eadbb16bc8bded8b, actual =eadbb16bc8bded8b
[3395000] SCOREBOARD MATCH: wdata passthrough beat=80 expected = a0b32f3e3d293cdf, actual =a0b32f3e3d293cdf
[3395000] SCOREBOARD MATCH: wdata passthrough beat=81 expected = f1423070b5713136, actual =f1423070b5713136
[3395000] SCOREBOARD MATCH: wdata passthrough beat=82 expected = fe2f1ec2edf0aab3, actual =fe2f1ec2edf0aab3
[3395000] SCOREBOARD MATCH: wdata passthrough beat=83 expected = 2b19e792dc1de1dc, actual =2b19e792dc1de1dc
[3395000] SCOREBOARD MATCH: wdata passthrough beat=84 expected = 918f13129ee24e00, actual =918f13129ee24e00
[3395000] SCOREBOARD MATCH: wdata passthrough beat=85 expected = 8cd2f8b39c5c1802, actual =8cd2f8b39c5c1802
[3395000] SCOREBOARD MATCH: wdata passthrough beat=86 expected = f879f9de8fbe31d4, actual =f879f9de8fbe31d4
[3395000] SCOREBOARD MATCH: wdata passthrough beat=87 expected = 2ea07fd5b7ece045, actual =2ea07fd5b7ece045
[3395000] SCOREBOARD MATCH: wdata passthrough beat=88 expected = d448f8480a090cf1, actual =d448f8480a090cf1
[3395000] SCOREBOARD MATCH: wdata passthrough beat=89 expected = 99c73ec5bb737888, actual =99c73ec5bb737888
[3395000] SCOREBOARD MATCH: wdata passthrough beat=90 expected = f36058ceccc2f226, actual =f36058ceccc2f226
[3395000] SCOREBOARD MATCH: wdata passthrough beat=91 expected = d6cbff17c867be9a, actual =d6cbff17c867be9a
[3395000] SCOREBOARD MATCH: wdata passthrough beat=92 expected = 3db3723c7a95116, actual =3db3723c7a95116
[3395000] SCOREBOARD MATCH: wdata passthrough beat=93 expected = 946c433cf0933ddd, actual =946c433cf0933ddd
[3395000] SCOREBOARD MATCH: wdata passthrough beat=94 expected = b8fafc77f73b8ff1, actual =b8fafc77f73b8ff1
[3395000] SCOREBOARD MATCH: wdata passthrough beat=95 expected = 3ee4e107eb384254, actual =3ee4e107eb384254
[3395000] SCOREBOARD MATCH: wdata passthrough beat=96 expected = dbcb8031bcd6339a, actual =dbcb8031bcd6339a
[3395000] SCOREBOARD MATCH: wdata passthrough beat=97 expected = b411c38bd3512443, actual =b411c38bd3512443
[3395000] SCOREBOARD MATCH: wdata passthrough beat=98 expected = be89669794c67ca8, actual =be89669794c67ca8
[3395000] SCOREBOARD MATCH: wdata passthrough beat=99 expected = d19cb043f2f6a492, actual =d19cb043f2f6a492
[3395000] SCOREBOARD MATCH: wdata passthrough beat=100 expected = c647c8d69a54e6c8, actual =c647c8d69a54e6c8
[3395000] SCOREBOARD MATCH: wdata passthrough beat=101 expected = 2f1b637185ae73ce, actual =2f1b637185ae73ce
[3395000] SCOREBOARD MATCH: wdata passthrough beat=102 expected = f8a5186184d12f6d, actual =f8a5186184d12f6d
[3395000] SCOREBOARD MATCH: wdata passthrough beat=103 expected = 1f26163600b813b4, actual =1f26163600b813b4
[3395000] SCOREBOARD MATCH: wdata passthrough beat=104 expected = 866687823eece137, actual =866687823eece137
[3395000] SCOREBOARD MATCH: wdata passthrough beat=105 expected = c3be10a4ce4179a7, actual =c3be10a4ce4179a7
[3395000] SCOREBOARD MATCH: wdata passthrough beat=106 expected = cef98d5bff0b9fe3, actual =cef98d5bff0b9fe3
[3395000] SCOREBOARD MATCH: wdata passthrough beat=107 expected = bdf8811ae2e426da, actual =bdf8811ae2e426da
[3395000] SCOREBOARD MATCH: wdata passthrough beat=108 expected = b125a081d56014dd, actual =b125a081d56014dd
[3395000] SCOREBOARD MATCH: wdata passthrough beat=109 expected = d46bb4c101b691bf, actual =d46bb4c101b691bf
[3395000] SCOREBOARD MATCH: wdata passthrough beat=110 expected = e49ab899801f2ddc, actual =e49ab899801f2ddc
[3395000] SCOREBOARD MATCH: wdata passthrough beat=111 expected = d57f42ba926435db, actual =d57f42ba926435db
[3395000] SCOREBOARD MATCH: wdata passthrough beat=112 expected = 941ac79a15c0591b, actual =941ac79a15c0591b
[3395000] SCOREBOARD MATCH: wdata passthrough beat=113 expected = 95df86f729eaf77b, actual =95df86f729eaf77b
[3395000] SCOREBOARD MATCH: wdata passthrough beat=114 expected = bc4f2d56f8b58034, actual =bc4f2d56f8b58034
[3395000] SCOREBOARD MATCH: wdata passthrough beat=115 expected = e75d94feb5ec9b1, actual =e75d94feb5ec9b1
[3395000] SCOREBOARD MATCH: wdata passthrough beat=116 expected = 9549c12cd069f4f1, actual =9549c12cd069f4f1
[3395000] SCOREBOARD MATCH: wdata passthrough beat=117 expected = c91f7525a4556046, actual =c91f7525a4556046
[3395000] SCOREBOARD MATCH: wdata passthrough beat=118 expected = fb429f8d198ee83, actual =fb429f8d198ee83
[3395000] SCOREBOARD MATCH: wdata passthrough beat=119 expected = 2202e374d7954e74, actual =2202e374d7954e74
[3395000] SCOREBOARD MATCH: wdata passthrough beat=120 expected = fbeaaebaa4fdeb24, actual =fbeaaebaa4fdeb24
[3395000] SCOREBOARD MATCH: wdata passthrough beat=121 expected = f696d9a7eb225899, actual =f696d9a7eb225899
[3395000] SCOREBOARD MATCH: wdata passthrough beat=122 expected = c2b7a70d8b9ed8b2, actual =c2b7a70d8b9ed8b2
[3395000] SCOREBOARD MATCH: wdata passthrough beat=123 expected = 309cc3d79899bd1b, actual =309cc3d79899bd1b
[3395000] SCOREBOARD MATCH: wdata passthrough beat=124 expected = 83bc15b4bea255c7, actual =83bc15b4bea255c7
[3395000] SCOREBOARD MATCH: wdata passthrough beat=125 expected = ca412e7aa7339d7e, actual =ca412e7aa7339d7e
[3395000] SCOREBOARD MATCH: wdata passthrough beat=126 expected = 3fcd5a9ac673bcc1, actual =3fcd5a9ac673bcc1
[3395000] SCOREBOARD MATCH: wdata passthrough beat=127 expected = 5161289faddf251, actual =5161289faddf251
[3395000] SCOREBOARD MATCH: wdata passthrough beat=128 expected = a2118fcfc389704e, actual =a2118fcfc389704e
[3395000] SCOREBOARD MATCH: wdata passthrough beat=129 expected = 9fd2d10cf574103, actual =9fd2d10cf574103
[3395000] SCOREBOARD MATCH: wdata passthrough beat=130 expected = ca353354e1deea69, actual =ca353354e1deea69
[3395000] SCOREBOARD MATCH: wdata passthrough beat=131 expected = 25685ab80f133f99, actual =25685ab80f133f99
[3395000] SCOREBOARD MATCH: wdata passthrough beat=132 expected = de6a809cec46c323, actual =de6a809cec46c323
[3395000] SCOREBOARD MATCH: wdata passthrough beat=133 expected = ce25ad8d2f6587c8, actual =ce25ad8d2f6587c8
[3395000] SCOREBOARD MATCH: wdata passthrough beat=134 expected = 3e78c761289fb3f0, actual =3e78c761289fb3f0
[3395000] SCOREBOARD MATCH: wdata passthrough beat=135 expected = 94e67713f38e0845, actual =94e67713f38e0845
[3395000] SCOREBOARD MATCH: wdata passthrough beat=136 expected = 22f3900d1ce347fd, actual =22f3900d1ce347fd
[3395000] SCOREBOARD MATCH: wdata passthrough beat=137 expected = c582fbede30c24a0, actual =c582fbede30c24a0
[3395000] SCOREBOARD MATCH: wdata passthrough beat=138 expected = d69a2ce5e16c576e, actual =d69a2ce5e16c576e
[3395000] SCOREBOARD MATCH: wdata passthrough beat=139 expected = fe4f9f6bda697300, actual =fe4f9f6bda697300
[3395000] SCOREBOARD MATCH: wdata passthrough beat=140 expected = 3d7597a1f98dbcf2, actual =3d7597a1f98dbcf2
[3395000] SCOREBOARD MATCH: wdata passthrough beat=141 expected = dafa1460c3d29b58, actual =dafa1460c3d29b58
[3395000] SCOREBOARD MATCH: wdata passthrough beat=142 expected = 9e3c0e58940fc486, actual =9e3c0e58940fc486
[3395000] SCOREBOARD MATCH: wdata passthrough beat=143 expected = d9d8179d949b3cb, actual =d9d8179d949b3cb
[3395000] SCOREBOARD MATCH: wdata passthrough beat=144 expected = 9d1c4f23dbb1a5f9, actual =9d1c4f23dbb1a5f9
[3395000] SCOREBOARD MATCH: wdata passthrough beat=145 expected = efc16a80e89795d9, actual =efc16a80e89795d9
[3395000] SCOREBOARD MATCH: wdata passthrough beat=146 expected = c1e149a53b585d7c, actual =c1e149a53b585d7c
[3395000] SCOREBOARD MATCH: wdata passthrough beat=147 expected = 970a0375fd5eebf9, actual =970a0375fd5eebf9
[3395000] SCOREBOARD MATCH: wdata passthrough beat=148 expected = e5f681d2defd98c8, actual =e5f681d2defd98c8
[3395000] SCOREBOARD MATCH: wdata passthrough beat=149 expected = 9a55f64486cb6df5, actual =9a55f64486cb6df5
[3395000] SCOREBOARD MATCH: wdata passthrough beat=150 expected = 842a59eea7d7cb77, actual =842a59eea7d7cb77
[3395000] SCOREBOARD MATCH: wdata passthrough beat=151 expected = 6d56440315ff9ba, actual =6d56440315ff9ba
[3395000] SCOREBOARD MATCH: wdata passthrough beat=152 expected = b82b67afea20dbc1, actual =b82b67afea20dbc1
[3395000] SCOREBOARD MATCH: wdata passthrough beat=153 expected = 91f8a738a12b5a84, actual =91f8a738a12b5a84
[3395000] SCOREBOARD MATCH: wdata passthrough beat=154 expected = d28b543e3c55c19e, actual =d28b543e3c55c19e
[3395000] SCOREBOARD MATCH: wdata passthrough beat=155 expected = 26769d5f98ce0b78, actual =26769d5f98ce0b78
[3395000] SCOREBOARD MATCH: wdata passthrough beat=156 expected = 39f965fd0ab6bbee, actual =39f965fd0ab6bbee
[3395000] SCOREBOARD MATCH: wdata passthrough beat=157 expected = c70c7d8cb86f4497, actual =c70c7d8cb86f4497
[3395000] SCOREBOARD MATCH: wdata passthrough beat=158 expected = d13d50108c84ba3b, actual =d13d50108c84ba3b
[3395000] SCOREBOARD MATCH: wdata passthrough beat=159 expected = 973b7629ed831aeb, actual =973b7629ed831aeb
[3395000] SCOREBOARD MATCH: wdata passthrough beat=160 expected = a5f25f820b36b60d, actual =a5f25f820b36b60d
[3395000] SCOREBOARD MATCH: wdata passthrough beat=161 expected = 97bb7048de47f3b5, actual =97bb7048de47f3b5
[3395000] SCOREBOARD MATCH: wdata passthrough beat=162 expected = cbcb0ea0f72faf92, actual =cbcb0ea0f72faf92
[3395000] SCOREBOARD MATCH: wdata passthrough beat=163 expected = 8266659f2ef6e672, actual =8266659f2ef6e672
[3395000] SCOREBOARD MATCH: wdata passthrough beat=164 expected = 8d3eda27f1bd6e23, actual =8d3eda27f1bd6e23
[3395000] SCOREBOARD MATCH: wdata passthrough beat=165 expected = e8ed1db51a21d5e8, actual =e8ed1db51a21d5e8
[3395000] SCOREBOARD MATCH: wdata passthrough beat=166 expected = c918bc5ad909e8c8, actual =c918bc5ad909e8c8
[3395000] SCOREBOARD MATCH: wdata passthrough beat=167 expected = cac756ebeb538355, actual =cac756ebeb538355
[3395000] SCOREBOARD MATCH: wdata passthrough beat=168 expected = 575593dd6579681, actual =575593dd6579681
[3395000] SCOREBOARD MATCH: wdata passthrough beat=169 expected = af617f49b3b474a0, actual =af617f49b3b474a0
[3395000] SCOREBOARD MATCH: wdata passthrough beat=170 expected = 9f07f7f5ce8e1597, actual =9f07f7f5ce8e1597
[3395000] SCOREBOARD MATCH: wdata passthrough beat=171 expected = a4e5ac18fa28d634, actual =a4e5ac18fa28d634
[3395000] SCOREBOARD MATCH: wdata passthrough beat=172 expected = 2ddd4ad5a47d5132, actual =2ddd4ad5a47d5132
[3395000] SCOREBOARD MATCH: wdata passthrough beat=173 expected = f30b66c9d4472b62, actual =f30b66c9d4472b62
[3395000] SCOREBOARD MATCH: wdata passthrough beat=174 expected = ce700196cce542ca, actual =ce700196cce542ca
[3395000] SCOREBOARD MATCH: wdata passthrough beat=175 expected = f16293fd17f112e2, actual =f16293fd17f112e2
[3395000] SCOREBOARD MATCH: wdata passthrough beat=176 expected = ec383e44fc4d4c6b, actual =ec383e44fc4d4c6b
[3395000] SCOREBOARD MATCH: wdata passthrough beat=177 expected = c9328f36e46dfac6, actual =c9328f36e46dfac6
[3395000] SCOREBOARD MATCH: wdata passthrough beat=178 expected = fc5f0da8baa83fda, actual =fc5f0da8baa83fda
[3395000] SCOREBOARD MATCH: wdata passthrough beat=179 expected = 36f58c463a952333, actual =36f58c463a952333
[3395000] SCOREBOARD MATCH: wdata passthrough beat=180 expected = 9f031df9e8974bec, actual =9f031df9e8974bec
[3395000] SCOREBOARD MATCH: wdata passthrough beat=181 expected = 233f8bc700281b7c, actual =233f8bc700281b7c
[3395000] SCOREBOARD MATCH: wdata passthrough beat=182 expected = 3abd3eaf1b622ba2, actual =3abd3eaf1b622ba2
[3395000] SCOREBOARD MATCH: wdata passthrough beat=183 expected = 83f9778eda35180d, actual =83f9778eda35180d
[3395000] SCOREBOARD MATCH: wdata passthrough beat=184 expected = da5d3389d9c05ca8, actual =da5d3389d9c05ca8
[3395000] SCOREBOARD MATCH: wdata passthrough beat=185 expected = f522884aa7390355, actual =f522884aa7390355
[3395000] SCOREBOARD MATCH: wdata passthrough beat=186 expected = 816e1b62151a7238, actual =816e1b62151a7238
[3395000] SCOREBOARD MATCH: wdata passthrough beat=187 expected = eedacee0f91bffd9, actual =eedacee0f91bffd9
[3395000] SCOREBOARD MATCH: wdata passthrough beat=188 expected = a055032edbcb4eeb, actual =a055032edbcb4eeb
[3395000] SCOREBOARD MATCH: wdata passthrough beat=189 expected = f0e5c123e3fd572b, actual =f0e5c123e3fd572b
[3395000] SCOREBOARD MATCH: wdata passthrough beat=190 expected = dd19570421c31e91, actual =dd19570421c31e91
[3395000] SCOREBOARD MATCH: wdata passthrough beat=191 expected = fd8e6d7cdfc09004, actual =fd8e6d7cdfc09004
[3395000] SCOREBOARD MATCH: wdata passthrough beat=192 expected = c3bde72ffd6e5a32, actual =c3bde72ffd6e5a32
[3395000] SCOREBOARD MATCH: wdata passthrough beat=193 expected = 9f3178c3ee742ea0, actual =9f3178c3ee742ea0
[3395000] SCOREBOARD MATCH: wdata passthrough beat=194 expected = ce34bea420d73e33, actual =ce34bea420d73e33
[3395000] SCOREBOARD MATCH: wdata passthrough beat=195 expected = 9e4598651cbfe640, actual =9e4598651cbfe640
[3395000] SCOREBOARD MATCH: wdata passthrough beat=196 expected = b3414e011f2a5d3, actual =b3414e011f2a5d3
[3395000] SCOREBOARD MATCH: wdata passthrough beat=197 expected = 32c9e4063d771129, actual =32c9e4063d771129
[3395000] SCOREBOARD MATCH: wdata passthrough beat=198 expected = da36f769d968d384, actual =da36f769d968d384
[3395000] SCOREBOARD MATCH: wdata passthrough beat=199 expected = eb5b7957d10f7c6b, actual =eb5b7957d10f7c6b
[3395000] SCOREBOARD MATCH: wdata passthrough beat=200 expected = 8e868d94e56b0c49, actual =8e868d94e56b0c49
[3395000] SCOREBOARD MATCH: wdata passthrough beat=201 expected = 3ed3dfcd1e255d5d, actual =3ed3dfcd1e255d5d
[3395000] SCOREBOARD MATCH: wdata passthrough beat=202 expected = ef34d9c8e8bd84fd, actual =ef34d9c8e8bd84fd
[3395000] SCOREBOARD MATCH: wdata passthrough beat=203 expected = ce2891462a2f5924, actual =ce2891462a2f5924
[3395000] SCOREBOARD MATCH: wdata passthrough beat=204 expected = c854b681fdbb675d, actual =c854b681fdbb675d
[3395000] SCOREBOARD MATCH: wdata passthrough beat=205 expected = e678ec5a8cfc7113, actual =e678ec5a8cfc7113
[3395000] SCOREBOARD MATCH: wdata passthrough beat=206 expected = b72bca37b7899049, actual =b72bca37b7899049
[3395000] SCOREBOARD MATCH: wdata passthrough beat=207 expected = b544f7a634a17da1, actual =b544f7a634a17da1
[3395000] SCOREBOARD MATCH: wdata passthrough beat=208 expected = c19deeb4ff8080b8, actual =c19deeb4ff8080b8
[3395000] SCOREBOARD MATCH: wdata passthrough beat=209 expected = 370a11021bbde401, actual =370a11021bbde401
[3395000] SCOREBOARD MATCH: wdata passthrough beat=210 expected = d05f61a2f8c9b8ec, actual =d05f61a2f8c9b8ec
[3395000] SCOREBOARD MATCH: wdata passthrough beat=211 expected = f84a39a4ec4f08a8, actual =f84a39a4ec4f08a8
[3395000] SCOREBOARD MATCH: wdata passthrough beat=212 expected = 880ceca991fd5056, actual =880ceca991fd5056
[3395000] SCOREBOARD MATCH: wdata passthrough beat=213 expected = 8ac70942af544aa6, actual =8ac70942af544aa6
[3395000] SCOREBOARD MATCH: wdata passthrough beat=214 expected = 1ba3534fd86c4e4b, actual =1ba3534fd86c4e4b
[3395000] SCOREBOARD MATCH: wdata passthrough beat=215 expected = ea699ea2031142e7, actual =ea699ea2031142e7
[3395000] SCOREBOARD MATCH: wdata passthrough beat=216 expected = b2658d8da3b03ff8, actual =b2658d8da3b03ff8
[3395000] SCOREBOARD MATCH: wdata passthrough beat=217 expected = fc1c8e44f530a7e4, actual =fc1c8e44f530a7e4
[3395000] SCOREBOARD MATCH: wstrb size check expected = da, actual =da
[3395000] SCOREBOARD MATCH: wstrb passthrough beat=0 expected = dc, actual =dc
[3395000] SCOREBOARD MATCH: wstrb passthrough beat=1 expected = cb, actual =cb
[3395000] SCOREBOARD MATCH: wstrb passthrough beat=2 expected = e6, actual =e6
[3395000] SCOREBOARD MATCH: wstrb passthrough beat=3 expected = d5, actual =d5
[3395000] SCOREBOARD MATCH: wstrb passthrough beat=4 expected = 59, actual =59
[3395000] SCOREBOARD MATCH: wstrb passthrough beat=5 expected = ca, actual =ca
[3395000] SCOREBOARD MATCH: wstrb passthrough beat=6 expected = 19, actual =19
[3395000] SCOREBOARD MATCH: wstrb passthrough beat=7 expected = 35, actual =35
[3395000] SCOREBOARD MATCH: wstrb passthrough beat=8 expected = 96, actual =96
[3395000] SCOREBOARD MATCH: wstrb passthrough beat=9 expected = ff, actual =ff
[3395000] SCOREBOARD MATCH: wstrb passthrough beat=10 expected = a, actual =a
[3395000] SCOREBOARD MATCH: wstrb passthrough beat=11 expected = ef, actual =ef
[3395000] SCOREBOARD MATCH: wstrb passthrough beat=12 expected = c9, actual =c9
[3395000] SCOREBOARD MATCH: wstrb passthrough beat=13 expected = 23, actual =23
[3395000] SCOREBOARD MATCH: wstrb passthrough beat=14 expected = 24, actual =24
[3395000] SCOREBOARD MATCH: wstrb passthrough beat=15 expected = 5f, actual =5f
[3395000] SCOREBOARD MATCH: wstrb passthrough beat=16 expected = 22, actual =22
[3395000] SCOREBOARD MATCH: wstrb passthrough beat=17 expected = 2f, actual =2f
[3395000] SCOREBOARD MATCH: wstrb passthrough beat=18 expected = 4e, actual =4e
[3395000] SCOREBOARD MATCH: wstrb passthrough beat=19 expected = ec, actual =ec
[3395000] SCOREBOARD MATCH: wstrb passthrough beat=20 expected = 52, actual =52
[3395000] SCOREBOARD MATCH: wstrb passthrough beat=21 expected = 73, actual =73
[3395000] SCOREBOARD MATCH: wstrb passthrough beat=22 expected = 4b, actual =4b
[3395000] SCOREBOARD MATCH: wstrb passthrough beat=23 expected = 75, actual =75
[3395000] SCOREBOARD MATCH: wstrb passthrough beat=24 expected = a2, actual =a2
[3395000] SCOREBOARD MATCH: wstrb passthrough beat=25 expected = 9a, actual =9a
[3395000] SCOREBOARD MATCH: wstrb passthrough beat=26 expected = 61, actual =61
[3395000] SCOREBOARD MATCH: wstrb passthrough beat=27 expected = f4, actual =f4
[3395000] SCOREBOARD MATCH: wstrb passthrough beat=28 expected = d, actual =d
[3395000] SCOREBOARD MATCH: wstrb passthrough beat=29 expected = ac, actual =ac
[3395000] SCOREBOARD MATCH: wstrb passthrough beat=30 expected = 69, actual =69
[3395000] SCOREBOARD MATCH: wstrb passthrough beat=31 expected = af, actual =af
[3395000] SCOREBOARD MATCH: wstrb passthrough beat=32 expected = 46, actual =46
[3395000] SCOREBOARD MATCH: wstrb passthrough beat=33 expected = ca, actual =ca
[3395000] SCOREBOARD MATCH: wstrb passthrough beat=34 expected = a3, actual =a3
[3395000] SCOREBOARD MATCH: wstrb passthrough beat=35 expected = 53, actual =53
[3395000] SCOREBOARD MATCH: wstrb passthrough beat=36 expected = 77, actual =77
[3395000] SCOREBOARD MATCH: wstrb passthrough beat=37 expected = d, actual =d
[3395000] SCOREBOARD MATCH: wstrb passthrough beat=38 expected = 2, actual =2
[3395000] SCOREBOARD MATCH: wstrb passthrough beat=39 expected = bd, actual =bd
[3395000] SCOREBOARD MATCH: wstrb passthrough beat=40 expected = d7, actual =d7
[3395000] SCOREBOARD MATCH: wstrb passthrough beat=41 expected = a6, actual =a6
[3395000] SCOREBOARD MATCH: wstrb passthrough beat=42 expected = 11, actual =11
[3395000] SCOREBOARD MATCH: wstrb passthrough beat=43 expected = 4e, actual =4e
[3395000] SCOREBOARD MATCH: wstrb passthrough beat=44 expected = b3, actual =b3
[3395000] SCOREBOARD MATCH: wstrb passthrough beat=45 expected = 13, actual =13
[3395000] SCOREBOARD MATCH: wstrb passthrough beat=46 expected = c, actual =c
[3395000] SCOREBOARD MATCH: wstrb passthrough beat=47 expected = 8a, actual =8a
[3395000] SCOREBOARD MATCH: wstrb passthrough beat=48 expected = b9, actual =b9
[3395000] SCOREBOARD MATCH: wstrb passthrough beat=49 expected = 1d, actual =1d
[3395000] SCOREBOARD MATCH: wstrb passthrough beat=50 expected = d9, actual =d9
[3395000] SCOREBOARD MATCH: wstrb passthrough beat=51 expected = 6c, actual =6c
[3395000] SCOREBOARD MATCH: wstrb passthrough beat=52 expected = 30, actual =30
[3395000] SCOREBOARD MATCH: wstrb passthrough beat=53 expected = e5, actual =e5
[3395000] SCOREBOARD MATCH: wstrb passthrough beat=54 expected = f7, actual =f7
[3395000] SCOREBOARD MATCH: wstrb passthrough beat=55 expected = ea, actual =ea
[3395000] SCOREBOARD MATCH: wstrb passthrough beat=56 expected = 2, actual =2
[3395000] SCOREBOARD MATCH: wstrb passthrough beat=57 expected = d0, actual =d0
[3395000] SCOREBOARD MATCH: wstrb passthrough beat=58 expected = 56, actual =56
[3395000] SCOREBOARD MATCH: wstrb passthrough beat=59 expected = 32, actual =32
[3395000] SCOREBOARD MATCH: wstrb passthrough beat=60 expected = b5, actual =b5
[3395000] SCOREBOARD MATCH: wstrb passthrough beat=61 expected = 4d, actual =4d
[3395000] SCOREBOARD MATCH: wstrb passthrough beat=62 expected = 1c, actual =1c
[3395000] SCOREBOARD MATCH: wstrb passthrough beat=63 expected = b7, actual =b7
[3395000] SCOREBOARD MATCH: wstrb passthrough beat=64 expected = 1d, actual =1d
[3395000] SCOREBOARD MATCH: wstrb passthrough beat=65 expected = 73, actual =73
[3395000] SCOREBOARD MATCH: wstrb passthrough beat=66 expected = e9, actual =e9
[3395000] SCOREBOARD MATCH: wstrb passthrough beat=67 expected = d2, actual =d2
[3395000] SCOREBOARD MATCH: wstrb passthrough beat=68 expected = c0, actual =c0
[3395000] SCOREBOARD MATCH: wstrb passthrough beat=69 expected = 6, actual =6
[3395000] SCOREBOARD MATCH: wstrb passthrough beat=70 expected = 89, actual =89
[3395000] SCOREBOARD MATCH: wstrb passthrough beat=71 expected = de, actual =de
[3395000] SCOREBOARD MATCH: wstrb passthrough beat=72 expected = 79, actual =79
[3395000] SCOREBOARD MATCH: wstrb passthrough beat=73 expected = 73, actual =73
[3395000] SCOREBOARD MATCH: wstrb passthrough beat=74 expected = b0, actual =b0
[3395000] SCOREBOARD MATCH: wstrb passthrough beat=75 expected = 39, actual =39
[3395000] SCOREBOARD MATCH: wstrb passthrough beat=76 expected = 79, actual =79
[3395000] SCOREBOARD MATCH: wstrb passthrough beat=77 expected = 3a, actual =3a
[3395000] SCOREBOARD MATCH: wstrb passthrough beat=78 expected = 17, actual =17
[3395000] SCOREBOARD MATCH: wstrb passthrough beat=79 expected = f2, actual =f2
[3395000] SCOREBOARD MATCH: wstrb passthrough beat=80 expected = ad, actual =ad
[3395000] SCOREBOARD MATCH: wstrb passthrough beat=81 expected = c8, actual =c8
[3395000] SCOREBOARD MATCH: wstrb passthrough beat=82 expected = 2b, actual =2b
[3395000] SCOREBOARD MATCH: wstrb passthrough beat=83 expected = 26, actual =26
[3395000] SCOREBOARD MATCH: wstrb passthrough beat=84 expected = 2, actual =2
[3395000] SCOREBOARD MATCH: wstrb passthrough beat=85 expected = 43, actual =43
[3395000] SCOREBOARD MATCH: wstrb passthrough beat=86 expected = 18, actual =18
[3395000] SCOREBOARD MATCH: wstrb passthrough beat=87 expected = af, actual =af
[3395000] SCOREBOARD MATCH: wstrb passthrough beat=88 expected = b, actual =b
[3395000] SCOREBOARD MATCH: wstrb passthrough beat=89 expected = 43, actual =43
[3395000] SCOREBOARD MATCH: wstrb passthrough beat=90 expected = d5, actual =d5
[3395000] SCOREBOARD MATCH: wstrb passthrough beat=91 expected = d, actual =d
[3395000] SCOREBOARD MATCH: wstrb passthrough beat=92 expected = 86, actual =86
[3395000] SCOREBOARD MATCH: wstrb passthrough beat=93 expected = ed, actual =ed
[3395000] SCOREBOARD MATCH: wstrb passthrough beat=94 expected = bc, actual =bc
[3395000] SCOREBOARD MATCH: wstrb passthrough beat=95 expected = 91, actual =91
[3395000] SCOREBOARD MATCH: wstrb passthrough beat=96 expected = 30, actual =30
[3395000] SCOREBOARD MATCH: wstrb passthrough beat=97 expected = 91, actual =91
[3395000] SCOREBOARD MATCH: wstrb passthrough beat=98 expected = 9e, actual =9e
[3395000] SCOREBOARD MATCH: wstrb passthrough beat=99 expected = b7, actual =b7
[3395000] SCOREBOARD MATCH: wstrb passthrough beat=100 expected = 7e, actual =7e
[3395000] SCOREBOARD MATCH: wstrb passthrough beat=101 expected = 5a, actual =5a
[3395000] SCOREBOARD MATCH: wstrb passthrough beat=102 expected = 48, actual =48
[3395000] SCOREBOARD MATCH: wstrb passthrough beat=103 expected = ae, actual =ae
[3395000] SCOREBOARD MATCH: wstrb passthrough beat=104 expected = eb, actual =eb
[3395000] SCOREBOARD MATCH: wstrb passthrough beat=105 expected = e7, actual =e7
[3395000] SCOREBOARD MATCH: wstrb passthrough beat=106 expected = 65, actual =65
[3395000] SCOREBOARD MATCH: wstrb passthrough beat=107 expected = 69, actual =69
[3395000] SCOREBOARD MATCH: wstrb passthrough beat=108 expected = 41, actual =41
[3395000] SCOREBOARD MATCH: wstrb passthrough beat=109 expected = ae, actual =ae
[3395000] SCOREBOARD MATCH: wstrb passthrough beat=110 expected = 18, actual =18
[3395000] SCOREBOARD MATCH: wstrb passthrough beat=111 expected = 2d, actual =2d
[3395000] SCOREBOARD MATCH: wstrb passthrough beat=112 expected = 95, actual =95
[3395000] SCOREBOARD MATCH: wstrb passthrough beat=113 expected = 7d, actual =7d
[3395000] SCOREBOARD MATCH: wstrb passthrough beat=114 expected = 96, actual =96
[3395000] SCOREBOARD MATCH: wstrb passthrough beat=115 expected = d6, actual =d6
[3395000] SCOREBOARD MATCH: wstrb passthrough beat=116 expected = 2b, actual =2b
[3395000] SCOREBOARD MATCH: wstrb passthrough beat=117 expected = ae, actual =ae
[3395000] SCOREBOARD MATCH: wstrb passthrough beat=118 expected = 3, actual =3
[3395000] SCOREBOARD MATCH: wstrb passthrough beat=119 expected = c0, actual =c0
[3395000] SCOREBOARD MATCH: wstrb passthrough beat=120 expected = 2c, actual =2c
[3395000] SCOREBOARD MATCH: wstrb passthrough beat=121 expected = 9a, actual =9a
[3395000] SCOREBOARD MATCH: wstrb passthrough beat=122 expected = 97, actual =97
[3395000] SCOREBOARD MATCH: wstrb passthrough beat=123 expected = 57, actual =57
[3395000] SCOREBOARD MATCH: wstrb passthrough beat=124 expected = 48, actual =48
[3395000] SCOREBOARD MATCH: wstrb passthrough beat=125 expected = 9a, actual =9a
[3395000] SCOREBOARD MATCH: wstrb passthrough beat=126 expected = 18, actual =18
[3395000] SCOREBOARD MATCH: wstrb passthrough beat=127 expected = 74, actual =74
[3395000] SCOREBOARD MATCH: wstrb passthrough beat=128 expected = 34, actual =34
[3395000] SCOREBOARD MATCH: wstrb passthrough beat=129 expected = af, actual =af
[3395000] SCOREBOARD MATCH: wstrb passthrough beat=130 expected = cc, actual =cc
[3395000] SCOREBOARD MATCH: wstrb passthrough beat=131 expected = 7d, actual =7d
[3395000] SCOREBOARD MATCH: wstrb passthrough beat=132 expected = 49, actual =49
[3395000] SCOREBOARD MATCH: wstrb passthrough beat=133 expected = e4, actual =e4
[3395000] SCOREBOARD MATCH: wstrb passthrough beat=134 expected = f1, actual =f1
[3395000] SCOREBOARD MATCH: wstrb passthrough beat=135 expected = 7e, actual =7e
[3395000] SCOREBOARD MATCH: wstrb passthrough beat=136 expected = 93, actual =93
[3395000] SCOREBOARD MATCH: wstrb passthrough beat=137 expected = bd, actual =bd
[3395000] SCOREBOARD MATCH: wstrb passthrough beat=138 expected = fb, actual =fb
[3395000] SCOREBOARD MATCH: wstrb passthrough beat=139 expected = dc, actual =dc
[3395000] SCOREBOARD MATCH: wstrb passthrough beat=140 expected = a1, actual =a1
[3395000] SCOREBOARD MATCH: wstrb passthrough beat=141 expected = ec, actual =ec
[3395000] SCOREBOARD MATCH: wstrb passthrough beat=142 expected = 5a, actual =5a
[3395000] SCOREBOARD MATCH: wstrb passthrough beat=143 expected = 34, actual =34
[3395000] SCOREBOARD MATCH: wstrb passthrough beat=144 expected = aa, actual =aa
[3395000] SCOREBOARD MATCH: wstrb passthrough beat=145 expected = 55, actual =55
[3395000] SCOREBOARD MATCH: wstrb passthrough beat=146 expected = 11, actual =11
[3395000] SCOREBOARD MATCH: wstrb passthrough beat=147 expected = 4b, actual =4b
[3395000] SCOREBOARD MATCH: wstrb passthrough beat=148 expected = 42, actual =42
[3395000] SCOREBOARD MATCH: wstrb passthrough beat=149 expected = 6b, actual =6b
[3395000] SCOREBOARD MATCH: wstrb passthrough beat=150 expected = 80, actual =80
[3395000] SCOREBOARD MATCH: wstrb passthrough beat=151 expected = ec, actual =ec
[3395000] SCOREBOARD MATCH: wstrb passthrough beat=152 expected = c1, actual =c1
[3395000] SCOREBOARD MATCH: wstrb passthrough beat=153 expected = 91, actual =91
[3395000] SCOREBOARD MATCH: wstrb passthrough beat=154 expected = 37, actual =37
[3395000] SCOREBOARD MATCH: wstrb passthrough beat=155 expected = 3, actual =3
[3395000] SCOREBOARD MATCH: wstrb passthrough beat=156 expected = fc, actual =fc
[3395000] SCOREBOARD MATCH: wstrb passthrough beat=157 expected = b7, actual =b7
[3395000] SCOREBOARD MATCH: wstrb passthrough beat=158 expected = ef, actual =ef
[3395000] SCOREBOARD MATCH: wstrb passthrough beat=159 expected = bd, actual =bd
[3395000] SCOREBOARD MATCH: wstrb passthrough beat=160 expected = 48, actual =48
[3395000] SCOREBOARD MATCH: wstrb passthrough beat=161 expected = 26, actual =26
[3395000] SCOREBOARD MATCH: wstrb passthrough beat=162 expected = c0, actual =c0
[3395000] SCOREBOARD MATCH: wstrb passthrough beat=163 expected = 45, actual =45
[3395000] SCOREBOARD MATCH: wstrb passthrough beat=164 expected = de, actual =de
[3395000] SCOREBOARD MATCH: wstrb passthrough beat=165 expected = af, actual =af
[3395000] SCOREBOARD MATCH: wstrb passthrough beat=166 expected = 2, actual =2
[3395000] SCOREBOARD MATCH: wstrb passthrough beat=167 expected = 26, actual =26
[3395000] SCOREBOARD MATCH: wstrb passthrough beat=168 expected = d6, actual =d6
[3395000] SCOREBOARD MATCH: wstrb passthrough beat=169 expected = c3, actual =c3
[3395000] SCOREBOARD MATCH: wstrb passthrough beat=170 expected = 6b, actual =6b
[3395000] SCOREBOARD MATCH: wstrb passthrough beat=171 expected = b4, actual =b4
[3395000] SCOREBOARD MATCH: wstrb passthrough beat=172 expected = 72, actual =72
[3395000] SCOREBOARD MATCH: wstrb passthrough beat=173 expected = 6e, actual =6e
[3395000] SCOREBOARD MATCH: wstrb passthrough beat=174 expected = da, actual =da
[3395000] SCOREBOARD MATCH: wstrb passthrough beat=175 expected = 48, actual =48
[3395000] SCOREBOARD MATCH: wstrb passthrough beat=176 expected = 31, actual =31
[3395000] SCOREBOARD MATCH: wstrb passthrough beat=177 expected = 46, actual =46
[3395000] SCOREBOARD MATCH: wstrb passthrough beat=178 expected = fc, actual =fc
[3395000] SCOREBOARD MATCH: wstrb passthrough beat=179 expected = a3, actual =a3
[3395000] SCOREBOARD MATCH: wstrb passthrough beat=180 expected = b4, actual =b4
[3395000] SCOREBOARD MATCH: wstrb passthrough beat=181 expected = d7, actual =d7
[3395000] SCOREBOARD MATCH: wstrb passthrough beat=182 expected = ec, actual =ec
[3395000] SCOREBOARD MATCH: wstrb passthrough beat=183 expected = e5, actual =e5
[3395000] SCOREBOARD MATCH: wstrb passthrough beat=184 expected = 1d, actual =1d
[3395000] SCOREBOARD MATCH: wstrb passthrough beat=185 expected = e8, actual =e8
[3395000] SCOREBOARD MATCH: wstrb passthrough beat=186 expected = 88, actual =88
[3395000] SCOREBOARD MATCH: wstrb passthrough beat=187 expected = d1, actual =d1
[3395000] SCOREBOARD MATCH: wstrb passthrough beat=188 expected = bf, actual =bf
[3395000] SCOREBOARD MATCH: wstrb passthrough beat=189 expected = 74, actual =74
[3395000] SCOREBOARD MATCH: wstrb passthrough beat=190 expected = b6, actual =b6
[3395000] SCOREBOARD MATCH: wstrb passthrough beat=191 expected = dc, actual =dc
[3395000] SCOREBOARD MATCH: wstrb passthrough beat=192 expected = 5d, actual =5d
[3395000] SCOREBOARD MATCH: wstrb passthrough beat=193 expected = 3e, actual =3e
[3395000] SCOREBOARD MATCH: wstrb passthrough beat=194 expected = ad, actual =ad
[3395000] SCOREBOARD MATCH: wstrb passthrough beat=195 expected = 1c, actual =1c
[3395000] SCOREBOARD MATCH: wstrb passthrough beat=196 expected = b3, actual =b3
[3395000] SCOREBOARD MATCH: wstrb passthrough beat=197 expected = 63, actual =63
[3395000] SCOREBOARD MATCH: wstrb passthrough beat=198 expected = f9, actual =f9
[3395000] SCOREBOARD MATCH: wstrb passthrough beat=199 expected = 10, actual =10
[3395000] SCOREBOARD MATCH: wstrb passthrough beat=200 expected = a2, actual =a2
[3395000] SCOREBOARD MATCH: wstrb passthrough beat=201 expected = a6, actual =a6
[3395000] SCOREBOARD MATCH: wstrb passthrough beat=202 expected = 2c, actual =2c
[3395000] SCOREBOARD MATCH: wstrb passthrough beat=203 expected = 55, actual =55
[3395000] SCOREBOARD MATCH: wstrb passthrough beat=204 expected = a, actual =a
[3395000] SCOREBOARD MATCH: wstrb passthrough beat=205 expected = 25, actual =25
[3395000] SCOREBOARD MATCH: wstrb passthrough beat=206 expected = 65, actual =65
[3395000] SCOREBOARD MATCH: wstrb passthrough beat=207 expected = ac, actual =ac
[3395000] SCOREBOARD MATCH: wstrb passthrough beat=208 expected = cc, actual =cc
[3395000] SCOREBOARD MATCH: wstrb passthrough beat=209 expected = 91, actual =91
[3395000] SCOREBOARD MATCH: wstrb passthrough beat=210 expected = 1, actual =1
[3395000] SCOREBOARD MATCH: wstrb passthrough beat=211 expected = d6, actual =d6
[3395000] SCOREBOARD MATCH: wstrb passthrough beat=212 expected = b7, actual =b7
[3395000] SCOREBOARD MATCH: wstrb passthrough beat=213 expected = 66, actual =66
[3395000] SCOREBOARD MATCH: wstrb passthrough beat=214 expected = 82, actual =82
[3395000] SCOREBOARD MATCH: wstrb passthrough beat=215 expected = 83, actual =83
[3395000] SCOREBOARD MATCH: wstrb passthrough beat=216 expected = f7, actual =f7
[3395000] SCOREBOARD MATCH: wstrb passthrough beat=217 expected = 83, actual =83
[3395000] SCOREBOARD MATCH: bresp passthrough expected = 0, actual =0
[3395000] SCOREBOARD MATCH: response routed to correct master (write) expected = 0, actual =0
[3395000] [SCOREBOARD-M] mst_id=0 s_id=0 awaddr=f2eefa8 awid=1111 awlen=217 awsize=7 awburst=1 wdata=[872da0f3ade88d9 d5f1eff5d89fee04 3b2cea1e013e50d5 3c1cd9aef76694eb d00682f0c39fc42d c4de1502920ec9a3 9755e8f0b336d0e ced3313b00faeeb0 9309b853d97be17f e4af4e8d13b1463d 14ac34ed9c7f16e2 f5faf86133827fc8 c733c605a7b5ed40 c4350423daaa46ee 8e2cc6b6dbdffaf2 8395e832ba2ffc84 14da4373d5608cbb b14087adc7caec55 1fae8daa3070a29 f86796e534d66fe0 fca15c3516d52c4d b9dc3676a9a81e92 de7e8e72fe9c450f 9571715cb243cd5b dbebebeedb1feaa8 d9bc2fb7cf4da7d3 8191752eba6a7a60 958a6508ef2da114 3e7b48e7dd7d611c 17e7db7def4694c0 de7435d4c00cbe15 1d8a1f32ad724085 9cb8d5451cef7ebb dcfc3cd03571faaf e2e43b34fb2d0b19 981c89d4fa865c02 aff856b1ff9d107a faca1b93f518c6a5 ef9f22a712dc91e6 1279a26012e6a568 7ff6c0d1f977959 32740b3f8d43bdf3 a02a635bf79e8eb4 9736080dc4edad9f d2316b92a829cf68 1fc85e1dc9aa134c 8e97c0ebf25bceee 9a859e56b6fe662a a87977e0c92c7e d324fb6cba4dfc73 f14c629e8f403a62 f00966e0edaa99c2 27f89636f1f4dc15 81351677c32e624c 30d8fc0f1944f8d4 b39d4e9f13e7d58 b46cdfa4d8d19245 f2168b198c6eeb60 fdad68b8e545dbb3 be176df8fd506002 89bf4b62321a485d 97602410b02df911 ad7e5913076cb41b 3986fc78d5779209 85a58b1a373da476 3eaa5891d0e72088 a65eb2913323e42e ea6188a4f8315509 c91875912c043dac df2821da290be135 213d363eef772823 1b7b65cfc989aa7e f2958bb3ea55abcf d9ccd3f2faa387a9 c42d322713d2c1f1 fe286dc0f54839c1 efebc16a36c2bdda ca957fcbd7f541b3 cd3d7b74b418f391 eadbb16bc8bded8b a0b32f3e3d293cdf f1423070b5713136 fe2f1ec2edf0aab3 2b19e792dc1de1dc 918f13129ee24e00 8cd2f8b39c5c1802 f879f9de8fbe31d4 2ea07fd5b7ece045 d448f8480a090cf1 99c73ec5bb737888 f36058ceccc2f226 d6cbff17c867be9a 3db3723c7a95116 946c433cf0933ddd b8fafc77f73b8ff1 3ee4e107eb384254 dbcb8031bcd6339a b411c38bd3512443 be89669794c67ca8 d19cb043f2f6a492 c647c8d69a54e6c8 2f1b637185ae73ce f8a5186184d12f6d 1f26163600b813b4 866687823eece137 c3be10a4ce4179a7 cef98d5bff0b9fe3 bdf8811ae2e426da b125a081d56014dd d46bb4c101b691bf e49ab899801f2ddc d57f42ba926435db 941ac79a15c0591b 95df86f729eaf77b bc4f2d56f8b58034 e75d94feb5ec9b1 9549c12cd069f4f1 c91f7525a4556046 fb429f8d198ee83 2202e374d7954e74 fbeaaebaa4fdeb24 f696d9a7eb225899 c2b7a70d8b9ed8b2 309cc3d79899bd1b 83bc15b4bea255c7 ca412e7aa7339d7e 3fcd5a9ac673bcc1 5161289faddf251 a2118fcfc389704e 9fd2d10cf574103 ca353354e1deea69 25685ab80f133f99 de6a809cec46c323 ce25ad8d2f6587c8 3e78c761289fb3f0 94e67713f38e0845 22f3900d1ce347fd c582fbede30c24a0 d69a2ce5e16c576e fe4f9f6bda697300 3d7597a1f98dbcf2 dafa1460c3d29b58 9e3c0e58940fc486 d9d8179d949b3cb 9d1c4f23dbb1a5f9 efc16a80e89795d9 c1e149a53b585d7c 970a0375fd5eebf9 e5f681d2defd98c8 9a55f64486cb6df5 842a59eea7d7cb77 6d56440315ff9ba b82b67afea20dbc1 91f8a738a12b5a84 d28b543e3c55c19e 26769d5f98ce0b78 39f965fd0ab6bbee c70c7d8cb86f4497 d13d50108c84ba3b 973b7629ed831aeb a5f25f820b36b60d 97bb7048de47f3b5 cbcb0ea0f72faf92 8266659f2ef6e672 8d3eda27f1bd6e23 e8ed1db51a21d5e8 c918bc5ad909e8c8 cac756ebeb538355 575593dd6579681 af617f49b3b474a0 9f07f7f5ce8e1597 a4e5ac18fa28d634 2ddd4ad5a47d5132 f30b66c9d4472b62 ce700196cce542ca f16293fd17f112e2 ec383e44fc4d4c6b c9328f36e46dfac6 fc5f0da8baa83fda 36f58c463a952333 9f031df9e8974bec 233f8bc700281b7c 3abd3eaf1b622ba2 83f9778eda35180d da5d3389d9c05ca8 f522884aa7390355 816e1b62151a7238 eedacee0f91bffd9 a055032edbcb4eeb f0e5c123e3fd572b dd19570421c31e91 fd8e6d7cdfc09004 c3bde72ffd6e5a32 9f3178c3ee742ea0 ce34bea420d73e33 9e4598651cbfe640 b3414e011f2a5d3 32c9e4063d771129 da36f769d968d384 eb5b7957d10f7c6b 8e868d94e56b0c49 3ed3dfcd1e255d5d ef34d9c8e8bd84fd ce2891462a2f5924 c854b681fdbb675d e678ec5a8cfc7113 b72bca37b7899049 b544f7a634a17da1 c19deeb4ff8080b8 370a11021bbde401 d05f61a2f8c9b8ec f84a39a4ec4f08a8 880ceca991fd5056 8ac70942af544aa6 1ba3534fd86c4e4b ea699ea2031142e7 b2658d8da3b03ff8 fc1c8e44f530a7e4 ] wstrb=[dc cb e6 d5 59 ca 19 35 96 ff a ef c9 23 24 5f 22 2f 4e ec 52 73 4b 75 a2 9a 61 f4 d ac 69 af 46 ca a3 53 77 d 2 bd d7 a6 11 4e b3 13 c 8a b9 1d d9 6c 30 e5 f7 ea 2 d0 56 32 b5 4d 1c b7 1d 73 e9 d2 c0 6 89 de 79 73 b0 39 79 3a 17 f2 ad c8 2b 26 2 43 18 af b 43 d5 d 86 ed bc 91 30 91 9e b7 7e 5a 48 ae eb e7 65 69 41 ae 18 2d 95 7d 96 d6 2b ae 3 c0 2c 9a 97 57 48 9a 18 74 34 af cc 7d 49 e4 f1 7e 93 bd fb dc a1 ec 5a 34 aa 55 11 4b 42 6b 80 ec c1 91 37 3 fc b7 ef bd 48 26 c0 45 de af 2 26 d6 c3 6b b4 72 6e da 48 31 46 fc a3 b4 d7 ec e5 1d e8 88 d1 bf 74 b6 dc 5d 3e ad 1c b3 63 f9 10 a2 a6 2c 55 a 25 65 ac cc 91 1 d6 b7 66 82 83 f7 83 ] bresp=0 bid=1111
[3395000] [SCOREBOARD-S] mst_id=0 s_id=0 awaddr=f2eefa8 awid=1111 awlen=217 awsize=7 awburst=1 wdata=[872da0f3ade88d9 d5f1eff5d89fee04 3b2cea1e013e50d5 3c1cd9aef76694eb d00682f0c39fc42d c4de1502920ec9a3 9755e8f0b336d0e ced3313b00faeeb0 9309b853d97be17f e4af4e8d13b1463d 14ac34ed9c7f16e2 f5faf86133827fc8 c733c605a7b5ed40 c4350423daaa46ee 8e2cc6b6dbdffaf2 8395e832ba2ffc84 14da4373d5608cbb b14087adc7caec55 1fae8daa3070a29 f86796e534d66fe0 fca15c3516d52c4d b9dc3676a9a81e92 de7e8e72fe9c450f 9571715cb243cd5b dbebebeedb1feaa8 d9bc2fb7cf4da7d3 8191752eba6a7a60 958a6508ef2da114 3e7b48e7dd7d611c 17e7db7def4694c0 de7435d4c00cbe15 1d8a1f32ad724085 9cb8d5451cef7ebb dcfc3cd03571faaf e2e43b34fb2d0b19 981c89d4fa865c02 aff856b1ff9d107a faca1b93f518c6a5 ef9f22a712dc91e6 1279a26012e6a568 7ff6c0d1f977959 32740b3f8d43bdf3 a02a635bf79e8eb4 9736080dc4edad9f d2316b92a829cf68 1fc85e1dc9aa134c 8e97c0ebf25bceee 9a859e56b6fe662a a87977e0c92c7e d324fb6cba4dfc73 f14c629e8f403a62 f00966e0edaa99c2 27f89636f1f4dc15 81351677c32e624c 30d8fc0f1944f8d4 b39d4e9f13e7d58 b46cdfa4d8d19245 f2168b198c6eeb60 fdad68b8e545dbb3 be176df8fd506002 89bf4b62321a485d 97602410b02df911 ad7e5913076cb41b 3986fc78d5779209 85a58b1a373da476 3eaa5891d0e72088 a65eb2913323e42e ea6188a4f8315509 c91875912c043dac df2821da290be135 213d363eef772823 1b7b65cfc989aa7e f2958bb3ea55abcf d9ccd3f2faa387a9 c42d322713d2c1f1 fe286dc0f54839c1 efebc16a36c2bdda ca957fcbd7f541b3 cd3d7b74b418f391 eadbb16bc8bded8b a0b32f3e3d293cdf f1423070b5713136 fe2f1ec2edf0aab3 2b19e792dc1de1dc 918f13129ee24e00 8cd2f8b39c5c1802 f879f9de8fbe31d4 2ea07fd5b7ece045 d448f8480a090cf1 99c73ec5bb737888 f36058ceccc2f226 d6cbff17c867be9a 3db3723c7a95116 946c433cf0933ddd b8fafc77f73b8ff1 3ee4e107eb384254 dbcb8031bcd6339a b411c38bd3512443 be89669794c67ca8 d19cb043f2f6a492 c647c8d69a54e6c8 2f1b637185ae73ce f8a5186184d12f6d 1f26163600b813b4 866687823eece137 c3be10a4ce4179a7 cef98d5bff0b9fe3 bdf8811ae2e426da b125a081d56014dd d46bb4c101b691bf e49ab899801f2ddc d57f42ba926435db 941ac79a15c0591b 95df86f729eaf77b bc4f2d56f8b58034 e75d94feb5ec9b1 9549c12cd069f4f1 c91f7525a4556046 fb429f8d198ee83 2202e374d7954e74 fbeaaebaa4fdeb24 f696d9a7eb225899 c2b7a70d8b9ed8b2 309cc3d79899bd1b 83bc15b4bea255c7 ca412e7aa7339d7e 3fcd5a9ac673bcc1 5161289faddf251 a2118fcfc389704e 9fd2d10cf574103 ca353354e1deea69 25685ab80f133f99 de6a809cec46c323 ce25ad8d2f6587c8 3e78c761289fb3f0 94e67713f38e0845 22f3900d1ce347fd c582fbede30c24a0 d69a2ce5e16c576e fe4f9f6bda697300 3d7597a1f98dbcf2 dafa1460c3d29b58 9e3c0e58940fc486 d9d8179d949b3cb 9d1c4f23dbb1a5f9 efc16a80e89795d9 c1e149a53b585d7c 970a0375fd5eebf9 e5f681d2defd98c8 9a55f64486cb6df5 842a59eea7d7cb77 6d56440315ff9ba b82b67afea20dbc1 91f8a738a12b5a84 d28b543e3c55c19e 26769d5f98ce0b78 39f965fd0ab6bbee c70c7d8cb86f4497 d13d50108c84ba3b 973b7629ed831aeb a5f25f820b36b60d 97bb7048de47f3b5 cbcb0ea0f72faf92 8266659f2ef6e672 8d3eda27f1bd6e23 e8ed1db51a21d5e8 c918bc5ad909e8c8 cac756ebeb538355 575593dd6579681 af617f49b3b474a0 9f07f7f5ce8e1597 a4e5ac18fa28d634 2ddd4ad5a47d5132 f30b66c9d4472b62 ce700196cce542ca f16293fd17f112e2 ec383e44fc4d4c6b c9328f36e46dfac6 fc5f0da8baa83fda 36f58c463a952333 9f031df9e8974bec 233f8bc700281b7c 3abd3eaf1b622ba2 83f9778eda35180d da5d3389d9c05ca8 f522884aa7390355 816e1b62151a7238 eedacee0f91bffd9 a055032edbcb4eeb f0e5c123e3fd572b dd19570421c31e91 fd8e6d7cdfc09004 c3bde72ffd6e5a32 9f3178c3ee742ea0 ce34bea420d73e33 9e4598651cbfe640 b3414e011f2a5d3 32c9e4063d771129 da36f769d968d384 eb5b7957d10f7c6b 8e868d94e56b0c49 3ed3dfcd1e255d5d ef34d9c8e8bd84fd ce2891462a2f5924 c854b681fdbb675d e678ec5a8cfc7113 b72bca37b7899049 b544f7a634a17da1 c19deeb4ff8080b8 370a11021bbde401 d05f61a2f8c9b8ec f84a39a4ec4f08a8 880ceca991fd5056 8ac70942af544aa6 1ba3534fd86c4e4b ea699ea2031142e7 b2658d8da3b03ff8 fc1c8e44f530a7e4 ] wstrb=[dc cb e6 d5 59 ca 19 35 96 ff a ef c9 23 24 5f 22 2f 4e ec 52 73 4b 75 a2 9a 61 f4 d ac 69 af 46 ca a3 53 77 d 2 bd d7 a6 11 4e b3 13 c 8a b9 1d d9 6c 30 e5 f7 ea 2 d0 56 32 b5 4d 1c b7 1d 73 e9 d2 c0 6 89 de 79 73 b0 39 79 3a 17 f2 ad c8 2b 26 2 43 18 af b 43 d5 d 86 ed bc 91 30 91 9e b7 7e 5a 48 ae eb e7 65 69 41 ae 18 2d 95 7d 96 d6 2b ae 3 c0 2c 9a 97 57 48 9a 18 74 34 af cc 7d 49 e4 f1 7e 93 bd fb dc a1 ec 5a 34 aa 55 11 4b 42 6b 80 ec c1 91 37 3 fc b7 ef bd 48 26 c0 45 de af 2 26 d6 c3 6b b4 72 6e da 48 31 46 fc a3 b4 d7 ec e5 1d e8 88 d1 bf 74 b6 dc 5d 3e ad 1c b3 63 f9 10 a2 a6 2c 55 a 25 65 ac cc 91 1 d6 b7 66 82 83 f7 83 ] bresp=0 bid=1111
[3395000] SCOREBOARD: Transaction 5 received. pass=705 fail=0
[3395000] SCOREBOARD: Expected 5 transactions completed, PASS=705 FAIL=0
[3395000] ALL PASS. Total transactions: 5
[3395000] ALL TRANSACTIONS MONITORED
$finish called at time : 3415 ns : File "/home/nashita/Desktop/practice/axi_xbar/tb/top/axi_tb_top.sv" Line 220
exit
INFO: xsimkernel Simulation Memory Usage: 289464 KB (Peak: 337864 KB), Simulation CPU Usage: 1190 ms
INFO: [Common 17-206] Exiting xsim at Fri Sep 11 11:26:46 2026...
