#-----------------------------------------------------------
# xsim v2025.2 (64-bit)
# SW Build 6299465 on Fri Nov 14 12:34:56 MST 2025
# IP Build 6300035 on Fri Nov 14 10:48:45 MST 2025
# SharedData Build 6298862 on Thu Nov 13 04:50:51 MST 2025
# Start of session at: Thu Sep 10 18:46:10 2026
# Process ID         : 3675837
# Current directory  : /home/nashita/Desktop/practice/axi_xbar/sim
# Command line       : xsim -log regress_results/BT_run461.log -mode tcl -source {xsim.dir/tb_top_snap/xsim_script.tcl}
# Log file           : /home/nashita/Desktop/practice/axi_xbar/sim/regress_results/BT_run461.log
# Journal file       : /home/nashita/Desktop/practice/axi_xbar/sim/xsim.jou
# Running On         : vlsi-vivado
# Platform           : Ubuntu
# Operating System   : Ubuntu 24.04.4 LTS
# Processor Detail   : Intel(R) Core(TM) i5-10400 CPU @ 2.90GHz
# CPU Frequency      : 4006.589 MHz
# CPU Physical cores : 6
# CPU Logical cores  : 12
# Host memory        : 41875 MB
# Swap memory        : 27648 MB
# Total Virtual      : 69524 MB
# Available Virtual  : 62603 MB
#-----------------------------------------------------------
source xsim.dir/tb_top_snap/xsim_script.tcl
# xsim {tb_top_snap} -testplusarg BT -autoloadwcfg -runall -sv_seed 462
Time resolution is 1 ps
run -all
[0] RUNNING BASE TEST
[0] INSIDE THE BASE TEST CONSTRUCTOR
[0] ENV: before agent
[0] SLAVE CONSTRUCTED
[0] MASTER MONITOR CONSTRUCTED
[0] MASTER MONITOR CONSTRUCTED
[0] SLAVE MONITOR CONSTRUCTED
[0] SLAVE MONITOR CONSTRUCTED
[0] ARB MONITOR CONSTRUCTED
GENERATOR CONSTRUCTED
[0] ENV: after agent
[0] ENV: before scoreboard
[0] ENV: after scoreboard
[15000] [SEQUENCER] mst_id=0 s_id=0 awaddr=19a14a00 awid=100 awlen=236 awsize=3 awburst=1 wdata=[ca849f66fc3a3f85 130b9eae77bafa5 c51ca815adb8c8a6 a9f3082be794733b cf1022e00fa1477b bd5a1021ab23c215 92b83550142ccaf5 23ce1270e74d184d 9270da62e1c85830 f5f52325e1282291 c8753ade25290fb3 86f167e399c33595 faeb5827dae61541 f24f4fce68b09 96a9c09ec3609305 9e46a84687008cd7 83e717e0919518c5 d4f5abcb9e55cd3a 25565a121a90d87f ac25f144f33c5411 1192214ca93d71f2 c3ce4a71811b9d0f f457f12136e87b5e e025ed50eff43bb6 f10fd8c505ea126d 3cd28dcb23f437c2 13e87378e567c9e6 eb51dc539cf87b1b c0ecb2dd84f84c3d ea601624a8246a1e c51ce53ad4d52655 d9cd7293d5b1f277 fdd65c9686099817 dadebe6dc42d88b7 99df7b2ec2f341d0 c8fcd9e734ac3100 f8d9b9b797b5d7c4 daa91994a3db9854 d887c95492b934e5 2a6f0caa23a5f37c c7818bd0d161830b e41ab7f18518263e a8be19ba20095525 f16ad8300e89c49b 93a1ead9f03fa58b 1048fab0d5859021 e40f54bc3c600494 2c9faa1f81b3d2e0 d7396302f7b13f96 3411442a3ce8a4cf be9c77afbb48b7be b2f9f754e0b0ee49 1d99931895d5dab1 d11e9270e70b3b7e c7bc29c7dc360ac7 f20be579841889c4 eb23c543e555bcdf c18bc7a7c32a77e9 c74301adb2dfef0a 1835abea3397ad20 f6c22509b266c6f0 e546b5fbd9c17391 d5920b1be0526b6 f06beda7fd7c61e5 d73dd576041b45ba c2206c70d5b2a3a2 d32f0587e496f627 e8b23be1b28c5a17 883efdb92a6cdafd f03d124aad2a851 dd5f0269db6e0340 85dade3df7b60d05 a288b556e59e0022 c10c036394deaf61 8c94bc66ffe7b7bf e585b7e2c6e6e1a0 dbc591022f1d71bd af05297c2691bb45 ed789ce5e85a4d68 9777bf25948ae15e bb1c9ca3c93e2de7 31987b50c67ce8a2 db07ca0028953989 f1d36770c9103a75 8f8d2317162466a4 3eb9a02da36be2c0 ec7c1d36ea94ed18 b953bcb08d079d d3f8ea5efc09404d e69e2d653f72f3e9 effffb86c0750794 bc7e47e1e7578121 a6ca750ac3f8e5e4 846ded78231c7547 8a73f66816ca7091 dac35675c0ec355a e408aaa1313e6b73 c808dc04df3143ee 201d7948ee7ca109 9fbb0c7ca2cc3279 81fd7667042623e9 f2a2c4f2e7c3e880 a901afaa21aefaf a6411398125dd16f fa21b9ef8c8d9161 2ea8811118e3d88b 2b41a9fa84b1d4e9 113f664bd4e994a9 edcd6d34a56363e9 2a1538d33fe7e75c 94d17c05990f172e 3e727b183b549f1e fb3c867a029ee93a 9bae0068e887b3eb 23dc5309900e027f 92acebb9da207b80 c2a82f6b1f18d983 af26dc022e5aec22 887b67a2e6848274 859d5bf7c1d3c7bc f02eb3decb23970e b1a8198234c437fa f697ffb6f8aa1b80 c3cdb28e3745757a ec09ad74e6c6b394 df70cf14f575cc11 2cbb418be2a1ad2a c96860be233e81a3 18b44db418c4eeff fb669c29a8d92fd2 cc17b175c56f8f3f de347e3ec4cefce7 eda82cb9e4cbff29 aa3b8e68d99b1a67 1e6a174e39bfde2f 9e8bdd5888700ca6 e20b270d8c124407 c5d22236c8c76bc1 d137786780753e5b c878263e45dff8f 2d256b5033429f75 b3b7ddd0d259a499 b6b7a428fe5ce3b7 b19f832cc03f6033 129904cde3dd0f78 e239f330e55760fd a596c130c950a8f5 2d2db86e93d9765c f930d759b82fc5fd 1806ef30f67ab9e a34121fa1ec7988a d6f75e872eae2761 3e15d2ff1c71f954 3b3991ded877cd7a 8725f4dbe156f4f9 fdc8ee4d9230f065 eaa8bde0c53bc7da 2692bcd4b902802b cb337091f1ceb2bb 370a7a96a45bab21 dd5e2b4d35dc2e71 a7aae12cdd9d376a 81f8e28b28919bde de6dca4fdeb55bc2 bc52932cdf570dd8 87e8a9b68618ab7b e4ce073e3e4b75b8 9da28390e6567405 ec6f1f81a1209a6a df6c1022258b2d47 8be1a14cd13d26bf f25dc129fd0e93b3 2299c0faf850c0cd c98de78cd1c9d14c ced864ffae7b6246 26cc23143beba8b6 db57a02f17225f9 9fed883ff05a0aa0 ac45b356dc8ddf01 ce0004fac6b9ab53 3713b5f4b9fb2d58 96890c59eded8d39 34a7388de359694a 1d5496a3e4891153 d2769e8debbaee81 cf1457cbb3dda2fc 1866b450071dd71a f2d8c59bec68ee6e 2046916beadd52dd f1fb29f7c1ed1d66 2e560bd538ad45bb 238a9898e4d3ef92 a6c10cf8ce9c9d40 749e2fb1585c28f fa59b221d51718cd a3b3b60d2ad47b93 c05a3e22a11abf19 f631d7e7aafd9908 d5d2149b3ab3f043 dbceaf5c99e58df4 c4e326fd962c52bd d0e04300d2008743 ebe615389ab53b98 30e18e562caef25d feaf79a030c93c35 cb7e77cd81c1d156 ae70c3b3ea958ed8 9b5ecb0dfc600623 fe21d77a2d203d54 97b5cc2ce6dd42db e33d48feac929b2d d9b2d8813314973a 19f1da15e15f2078 df1bba6f168a4ae 247d3be8fd2f2313 de8e438ce7a49427 d90d38d53e6f15fd bb9e3910ec7fff32 d4249359fd8a74bd bbf98aba9a2c7c9c 86ac7bce2d31cc2f aabc40ecf797c3cb 91c44067dad10f28 802db57e6b5cba7 de4d8f721870bc36 f341cb5eb2bf1c43 9974e7eaf011cfd9 88828c0ffb44a6b5 ae03c2f8f7c2775c e7d44736fbc4576d f708fe22c778aae3 bf3b223ff056d345 ec1b2ab3250cc11b ec856bfea70f6975 17663cbbe32428d5 8830e9f0abc08e3d d2cff7b30381676e ] wstrb=[ee 43 6e 2c 34 dc df 22 1f 4d 4e 53 29 2d 76 48 7a c4 9c a3 f2 12 ec 6c d6 88 10 c8 9a fc 35 70 84 45 39 1e 41 6e 8e c5 b3 c7 e3 f4 35 71 b9 e8 39 9c dc 6e d 95 57 46 31 33 b5 3f c9 c 85 fa 3f 3a 39 8 46 bf 3 86 f9 3c 8e 40 fb 91 c6 f5 ce 54 35 c9 e6 fb be b4 4f f3 7d 35 ee 3c e9 3e 2f 67 73 1e a3 5d 5c d2 c4 cf f0 67 2c 4c 39 f0 1c 2a 57 48 76 91 39 92 bb 90 db 31 21 14 c4 dc a4 9f e c6 b3 d2 a2 57 71 b0 1d 24 82 c0 7b f3 70 99 17 f3 59 93 e6 c9 2c fe bc 85 91 a3 4e bd a1 b 42 32 ae 90 ef 4f 9b 31 81 49 c1 70 98 5d a1 19 a6 62 89 3f bf 2a 58 66 8d e2 a5 4c c fd b2 99 df 57 e6 ec 55 98 85 34 f0 6b 20 45 4 a6 79 f4 11 9a 39 15 40 b2 9 51 4c 42 67 8c f5 70 de 41 b3 45 ce a8 b5 ac e9 68 f1 b7 10 ] bresp=0 bid=0
[15000] [SEQUENCER] READ mst_id=0 s_id=0 araddr=c509568 arid=1 arlen=1 arsize=3 arburst=1 rid=[] rresp=[] rdata=[]
[15000] [SEQUENCER] READ mst_id=1 s_id=0 araddr=183b1db0 arid=0 arlen=1 arsize=3 arburst=1 rid=[] rresp=[] rdata=[]
[15000] [SEQUENCER] READ mst_id=0 s_id=0 araddr=1eaf66e0 arid=2 arlen=1 arsize=3 arburst=1 rid=[] rresp=[] rdata=[]
[15000] [SEQUENCER] READ mst_id=1 s_id=0 araddr=14763e48 arid=1 arlen=1 arsize=3 arburst=1 rid=[] rresp=[] rdata=[]
[15000] MASTER_DRIVER0 received transaction, op=AXI_WRITE
[15000] MASTER_DRIVER1 received transaction, op=AXI_READ
[35000] MASTER 0 AW_VALID_RDY Handshake
[35000] MASTER_DRIVER1 received transaction, op=AXI_READ
[45000] ARB MONITOR: slave=1 m0_req=1 m1_req=0 winner=0
[45000] ARB MONITOR: slave=1 m0_req=0 m1_req=1 winner=1
[45000] AXI S0_ARVALID_RDY HANDSHAKE
[45000] MEMORY READ MISS beat=0 addr=183b1db0 -> default data id=16
[45000] AXI S1_AWVALID_RDY HANDSHAKE
[55000] MEMORY READ MISS beat=1 addr=183b1db8 -> default data id=16
[55000] SLAVE 1 R_VALID_RDY Handshake beat=0 rlast=0
[55000] MASTER 0 W_VALID_RDY Handshake beat=0 wlast=0
[65000] MASTER 0 W_VALID_RDY Handshake beat=1 wlast=0
[65000] SLAVE 1 R_VALID_RDY Handshake beat=1 rlast=1
[65000] [SLAVE MONITOR] READ mst_id=1 s_id=1 araddr=183b1db0 arid=0 arlen=1 arsize=3 arburst=1 rid=[1010] rresp=[00] rdata=[baadf00d12345678baadf00d12345678]
[65000] S1 MEMORY WRITE beat=0 addr=19a14a00 data=ca849f66fc3a3f85 id=04
[75000] S1 MEMORY WRITE beat=1 addr=19a14a08 data=0130b9eae77bafa5 id=04
[75000] AXI S0_ARVALID_RDY HANDSHAKE
[75000] MEMORY READ MISS beat=0 addr=14763e48 -> default data id=17
[75000] ARB MONITOR: slave=1 m0_req=0 m1_req=1 winner=1
[75000] MASTER 1 R_VALID_RDY Handshake beat=0 rlast=0
[75000] MASTER 0 W_VALID_RDY Handshake beat=2 wlast=0
[85000] [MASTER DRIVER] READ mst_id=1 s_id=0 araddr=183b1db0 arid=0 arlen=1 arsize=3 arburst=1 rid=[00] rresp=[00] rdata=[baadf00d12345678baadf00d12345678]
[85000] MASTER 0 W_VALID_RDY Handshake beat=3 wlast=0
[85000] MASTER 1 R_VALID_RDY Handshake beat=1 rlast=1
[85000] [MASTER MONITOR] READ mst_id=1 s_id=1 araddr=183b1db0 arid=0 arlen=1 arsize=3 arburst=1 rid=[00] rresp=[00] rdata=[baadf00d12345678baadf00d12345678]
[85000] SLAVE 1 R_VALID_RDY Handshake beat=0 rlast=0
[85000] MEMORY READ MISS beat=1 addr=14763e50 -> default data id=17
[85000] S1 MEMORY WRITE beat=2 addr=19a14a10 data=c51ca815adb8c8a6 id=04
[85000] SCOREBOARD MATCH: decode_err expected = 0, actual =0
[85000] SCOREBOARD MATCH: slave_id expected = 1, actual =1
[85000] SCOREBOARD MATCH: araddr passthrough expected = 183b1db0, actual =183b1db0
[85000] SCOREBOARD MATCH: arlen passthrough expected = 1, actual =1
[85000] SCOREBOARD MATCH: arsize passthrough expected = 3, actual =3
[85000] SCOREBOARD MATCH: arburst passthrough expected = 1, actual =1
[85000] SCOREBOARD MATCH: rdata size check expected = 2, actual =2
[85000] SCOREBOARD MATCH: rdata passthrough beat=0 expected = baadf00d12345678, actual =baadf00d12345678
[85000] SCOREBOARD MATCH: rdata passthrough beat=1 expected = baadf00d12345678, actual =baadf00d12345678
[85000] SCOREBOARD MATCH: rresp size check expected = 2, actual =2
[85000] SCOREBOARD MATCH: rresp passthrough beat=0 expected = 0, actual =0
[85000] SCOREBOARD MATCH: rresp passthrough beat=1 expected = 0, actual =0
[85000] SCOREBOARD MATCH: response routed to correct master (read beat 0) expected = 1, actual =1
[85000] SCOREBOARD MATCH: response routed to correct master (read beat 1) expected = 1, actual =1
[85000] [SCOREBOARD-M] READ mst_id=1 s_id=1 araddr=183b1db0 arid=0 arlen=1 arsize=3 arburst=1 rid=[00] rresp=[00] rdata=[baadf00d12345678baadf00d12345678]
[85000] [SCOREBOARD-S] READ mst_id=1 s_id=1 araddr=183b1db0 arid=0 arlen=1 arsize=3 arburst=1 rid=[1010] rresp=[00] rdata=[baadf00d12345678baadf00d12345678]
[85000] SCOREBOARD: Transaction 1 received. pass=14 fail=0
[85000] ALL PASS. Total transactions: 1
[95000] S1 MEMORY WRITE beat=3 addr=19a14a18 data=a9f3082be794733b id=04
[95000] SLAVE 1 R_VALID_RDY Handshake beat=1 rlast=1
[95000] [SLAVE MONITOR] READ mst_id=1 s_id=1 araddr=14763e48 arid=1 arlen=1 arsize=3 arburst=1 rid=[1111] rresp=[00] rdata=[baadf00d12345678baadf00d12345678]
[95000] MASTER 0 W_VALID_RDY Handshake beat=4 wlast=0
[105000] MASTER 0 W_VALID_RDY Handshake beat=5 wlast=0
[105000] MASTER 1 R_VALID_RDY Handshake beat=0 rlast=0
[105000] S1 MEMORY WRITE beat=4 addr=19a14a20 data=cf1022e00fa1477b id=04
[115000] S1 MEMORY WRITE beat=5 addr=19a14a28 data=bd5a1021ab23c215 id=04
[115000] MASTER 1 R_VALID_RDY Handshake beat=1 rlast=1
[115000] [MASTER MONITOR] READ mst_id=1 s_id=1 araddr=14763e48 arid=1 arlen=1 arsize=3 arburst=1 rid=[11] rresp=[00] rdata=[baadf00d12345678baadf00d12345678]
[115000] MASTER 0 W_VALID_RDY Handshake beat=6 wlast=0
[115000] [MASTER DRIVER] READ mst_id=1 s_id=0 araddr=14763e48 arid=1 arlen=1 arsize=3 arburst=1 rid=[11] rresp=[00] rdata=[baadf00d12345678baadf00d12345678]
[115000] SCOREBOARD MATCH: decode_err expected = 0, actual =0
[115000] SCOREBOARD MATCH: slave_id expected = 1, actual =1
[115000] SCOREBOARD MATCH: araddr passthrough expected = 14763e48, actual =14763e48
[115000] SCOREBOARD MATCH: arlen passthrough expected = 1, actual =1
[115000] SCOREBOARD MATCH: arsize passthrough expected = 3, actual =3
[115000] SCOREBOARD MATCH: arburst passthrough expected = 1, actual =1
[115000] SCOREBOARD MATCH: rdata size check expected = 2, actual =2
[115000] SCOREBOARD MATCH: rdata passthrough beat=0 expected = baadf00d12345678, actual =baadf00d12345678
[115000] SCOREBOARD MATCH: rdata passthrough beat=1 expected = baadf00d12345678, actual =baadf00d12345678
[115000] SCOREBOARD MATCH: rresp size check expected = 2, actual =2
[115000] SCOREBOARD MATCH: rresp passthrough beat=0 expected = 0, actual =0
[115000] SCOREBOARD MATCH: rresp passthrough beat=1 expected = 0, actual =0
[115000] SCOREBOARD MATCH: response routed to correct master (read beat 0) expected = 1, actual =1
[115000] SCOREBOARD MATCH: response routed to correct master (read beat 1) expected = 1, actual =1
[115000] [SCOREBOARD-M] READ mst_id=1 s_id=1 araddr=14763e48 arid=1 arlen=1 arsize=3 arburst=1 rid=[11] rresp=[00] rdata=[baadf00d12345678baadf00d12345678]
[115000] [SCOREBOARD-S] READ mst_id=1 s_id=1 araddr=14763e48 arid=1 arlen=1 arsize=3 arburst=1 rid=[1111] rresp=[00] rdata=[baadf00d12345678baadf00d12345678]
[115000] SCOREBOARD: Transaction 2 received. pass=28 fail=0
[115000] ALL PASS. Total transactions: 2
[125000] MASTER 0 W_VALID_RDY Handshake beat=7 wlast=0
[125000] S1 MEMORY WRITE beat=6 addr=19a14a30 data=92b83550142ccaf5 id=04
[135000] S1 MEMORY WRITE beat=7 addr=19a14a38 data=23ce1270e74d184d id=04
[135000] MASTER 0 W_VALID_RDY Handshake beat=8 wlast=0
[145000] MASTER 0 W_VALID_RDY Handshake beat=9 wlast=0
[145000] S1 MEMORY WRITE beat=8 addr=19a14a40 data=9270da62e1c85830 id=04
[155000] S1 MEMORY WRITE beat=9 addr=19a14a48 data=f5f52325e1282291 id=04
[155000] MASTER 0 W_VALID_RDY Handshake beat=10 wlast=0
[165000] MASTER 0 W_VALID_RDY Handshake beat=11 wlast=0
[165000] S1 MEMORY WRITE beat=10 addr=19a14a50 data=c8753ade25290fb3 id=04
[175000] S1 MEMORY WRITE beat=11 addr=19a14a58 data=86f167e399c33595 id=04
[175000] MASTER 0 W_VALID_RDY Handshake beat=12 wlast=0
[185000] MASTER 0 W_VALID_RDY Handshake beat=13 wlast=0
[185000] S1 MEMORY WRITE beat=12 addr=19a14a60 data=faeb5827dae61541 id=04
[195000] S1 MEMORY WRITE beat=13 addr=19a14a68 data=000f24f4fce68b09 id=04
[195000] MASTER 0 W_VALID_RDY Handshake beat=14 wlast=0
[205000] MASTER 0 W_VALID_RDY Handshake beat=15 wlast=0
[205000] S1 MEMORY WRITE beat=14 addr=19a14a70 data=96a9c09ec3609305 id=04
[215000] S1 MEMORY WRITE beat=15 addr=19a14a78 data=9e46a84687008cd7 id=04
[215000] MASTER 0 W_VALID_RDY Handshake beat=16 wlast=0
[225000] MASTER 0 W_VALID_RDY Handshake beat=17 wlast=0
[225000] S1 MEMORY WRITE beat=16 addr=19a14a80 data=83e717e0919518c5 id=04
[235000] S1 MEMORY WRITE beat=17 addr=19a14a88 data=d4f5abcb9e55cd3a id=04
[235000] MASTER 0 W_VALID_RDY Handshake beat=18 wlast=0
[245000] MASTER 0 W_VALID_RDY Handshake beat=19 wlast=0
[245000] S1 MEMORY WRITE beat=18 addr=19a14a90 data=25565a121a90d87f id=04
[255000] S1 MEMORY WRITE beat=19 addr=19a14a98 data=ac25f144f33c5411 id=04
[255000] MASTER 0 W_VALID_RDY Handshake beat=20 wlast=0
[265000] MASTER 0 W_VALID_RDY Handshake beat=21 wlast=0
[265000] S1 MEMORY WRITE beat=20 addr=19a14aa0 data=1192214ca93d71f2 id=04
[275000] S1 MEMORY WRITE beat=21 addr=19a14aa8 data=c3ce4a71811b9d0f id=04
[275000] MASTER 0 W_VALID_RDY Handshake beat=22 wlast=0
[285000] MASTER 0 W_VALID_RDY Handshake beat=23 wlast=0
[285000] S1 MEMORY WRITE beat=22 addr=19a14ab0 data=f457f12136e87b5e id=04
[295000] S1 MEMORY WRITE beat=23 addr=19a14ab8 data=e025ed50eff43bb6 id=04
[295000] MASTER 0 W_VALID_RDY Handshake beat=24 wlast=0
[305000] MASTER 0 W_VALID_RDY Handshake beat=25 wlast=0
[305000] S1 MEMORY WRITE beat=24 addr=19a14ac0 data=f10fd8c505ea126d id=04
[315000] S1 MEMORY WRITE beat=25 addr=19a14ac8 data=3cd28dcb23f437c2 id=04
[315000] MASTER 0 W_VALID_RDY Handshake beat=26 wlast=0
[325000] MASTER 0 W_VALID_RDY Handshake beat=27 wlast=0
[325000] S1 MEMORY WRITE beat=26 addr=19a14ad0 data=13e87378e567c9e6 id=04
[335000] S1 MEMORY WRITE beat=27 addr=19a14ad8 data=eb51dc539cf87b1b id=04
[335000] MASTER 0 W_VALID_RDY Handshake beat=28 wlast=0
[345000] MASTER 0 W_VALID_RDY Handshake beat=29 wlast=0
[345000] S1 MEMORY WRITE beat=28 addr=19a14ae0 data=c0ecb2dd84f84c3d id=04
[355000] S1 MEMORY WRITE beat=29 addr=19a14ae8 data=ea601624a8246a1e id=04
[355000] MASTER 0 W_VALID_RDY Handshake beat=30 wlast=0
[365000] MASTER 0 W_VALID_RDY Handshake beat=31 wlast=0
[365000] S1 MEMORY WRITE beat=30 addr=19a14af0 data=c51ce53ad4d52655 id=04
[375000] S1 MEMORY WRITE beat=31 addr=19a14af8 data=d9cd7293d5b1f277 id=04
[375000] MASTER 0 W_VALID_RDY Handshake beat=32 wlast=0
[385000] MASTER 0 W_VALID_RDY Handshake beat=33 wlast=0
[385000] S1 MEMORY WRITE beat=32 addr=19a14b00 data=fdd65c9686099817 id=04
[395000] S1 MEMORY WRITE beat=33 addr=19a14b08 data=dadebe6dc42d88b7 id=04
[395000] MASTER 0 W_VALID_RDY Handshake beat=34 wlast=0
[405000] MASTER 0 W_VALID_RDY Handshake beat=35 wlast=0
[405000] S1 MEMORY WRITE beat=34 addr=19a14b10 data=99df7b2ec2f341d0 id=04
[415000] S1 MEMORY WRITE beat=35 addr=19a14b18 data=c8fcd9e734ac3100 id=04
[415000] MASTER 0 W_VALID_RDY Handshake beat=36 wlast=0
[425000] MASTER 0 W_VALID_RDY Handshake beat=37 wlast=0
[425000] S1 MEMORY WRITE beat=36 addr=19a14b20 data=f8d9b9b797b5d7c4 id=04
[435000] S1 MEMORY WRITE beat=37 addr=19a14b28 data=daa91994a3db9854 id=04
[435000] MASTER 0 W_VALID_RDY Handshake beat=38 wlast=0
[445000] MASTER 0 W_VALID_RDY Handshake beat=39 wlast=0
[445000] S1 MEMORY WRITE beat=38 addr=19a14b30 data=d887c95492b934e5 id=04
[455000] S1 MEMORY WRITE beat=39 addr=19a14b38 data=2a6f0caa23a5f37c id=04
[455000] MASTER 0 W_VALID_RDY Handshake beat=40 wlast=0
[465000] MASTER 0 W_VALID_RDY Handshake beat=41 wlast=0
[465000] S1 MEMORY WRITE beat=40 addr=19a14b40 data=c7818bd0d161830b id=04
[475000] S1 MEMORY WRITE beat=41 addr=19a14b48 data=e41ab7f18518263e id=04
[475000] MASTER 0 W_VALID_RDY Handshake beat=42 wlast=0
[485000] MASTER 0 W_VALID_RDY Handshake beat=43 wlast=0
[485000] S1 MEMORY WRITE beat=42 addr=19a14b50 data=a8be19ba20095525 id=04
[495000] S1 MEMORY WRITE beat=43 addr=19a14b58 data=f16ad8300e89c49b id=04
[495000] MASTER 0 W_VALID_RDY Handshake beat=44 wlast=0
[505000] MASTER 0 W_VALID_RDY Handshake beat=45 wlast=0
[505000] S1 MEMORY WRITE beat=44 addr=19a14b60 data=93a1ead9f03fa58b id=04
[515000] S1 MEMORY WRITE beat=45 addr=19a14b68 data=1048fab0d5859021 id=04
[515000] MASTER 0 W_VALID_RDY Handshake beat=46 wlast=0
[525000] MASTER 0 W_VALID_RDY Handshake beat=47 wlast=0
[525000] S1 MEMORY WRITE beat=46 addr=19a14b70 data=e40f54bc3c600494 id=04
[535000] S1 MEMORY WRITE beat=47 addr=19a14b78 data=2c9faa1f81b3d2e0 id=04
[535000] MASTER 0 W_VALID_RDY Handshake beat=48 wlast=0
[545000] MASTER 0 W_VALID_RDY Handshake beat=49 wlast=0
[545000] S1 MEMORY WRITE beat=48 addr=19a14b80 data=d7396302f7b13f96 id=04
[555000] S1 MEMORY WRITE beat=49 addr=19a14b88 data=3411442a3ce8a4cf id=04
[555000] MASTER 0 W_VALID_RDY Handshake beat=50 wlast=0
[565000] MASTER 0 W_VALID_RDY Handshake beat=51 wlast=0
[565000] S1 MEMORY WRITE beat=50 addr=19a14b90 data=be9c77afbb48b7be id=04
[575000] S1 MEMORY WRITE beat=51 addr=19a14b98 data=b2f9f754e0b0ee49 id=04
[575000] MASTER 0 W_VALID_RDY Handshake beat=52 wlast=0
[585000] MASTER 0 W_VALID_RDY Handshake beat=53 wlast=0
[585000] S1 MEMORY WRITE beat=52 addr=19a14ba0 data=1d99931895d5dab1 id=04
[595000] S1 MEMORY WRITE beat=53 addr=19a14ba8 data=d11e9270e70b3b7e id=04
[595000] MASTER 0 W_VALID_RDY Handshake beat=54 wlast=0
[605000] MASTER 0 W_VALID_RDY Handshake beat=55 wlast=0
[605000] S1 MEMORY WRITE beat=54 addr=19a14bb0 data=c7bc29c7dc360ac7 id=04
[615000] S1 MEMORY WRITE beat=55 addr=19a14bb8 data=f20be579841889c4 id=04
[615000] MASTER 0 W_VALID_RDY Handshake beat=56 wlast=0
[625000] MASTER 0 W_VALID_RDY Handshake beat=57 wlast=0
[625000] S1 MEMORY WRITE beat=56 addr=19a14bc0 data=eb23c543e555bcdf id=04
[635000] S1 MEMORY WRITE beat=57 addr=19a14bc8 data=c18bc7a7c32a77e9 id=04
[635000] MASTER 0 W_VALID_RDY Handshake beat=58 wlast=0
[645000] MASTER 0 W_VALID_RDY Handshake beat=59 wlast=0
[645000] S1 MEMORY WRITE beat=58 addr=19a14bd0 data=c74301adb2dfef0a id=04
[655000] S1 MEMORY WRITE beat=59 addr=19a14bd8 data=1835abea3397ad20 id=04
[655000] MASTER 0 W_VALID_RDY Handshake beat=60 wlast=0
[665000] MASTER 0 W_VALID_RDY Handshake beat=61 wlast=0
[665000] S1 MEMORY WRITE beat=60 addr=19a14be0 data=f6c22509b266c6f0 id=04
[675000] S1 MEMORY WRITE beat=61 addr=19a14be8 data=e546b5fbd9c17391 id=04
[675000] MASTER 0 W_VALID_RDY Handshake beat=62 wlast=0
[685000] MASTER 0 W_VALID_RDY Handshake beat=63 wlast=0
[685000] S1 MEMORY WRITE beat=62 addr=19a14bf0 data=0d5920b1be0526b6 id=04
[695000] S1 MEMORY WRITE beat=63 addr=19a14bf8 data=f06beda7fd7c61e5 id=04
[695000] MASTER 0 W_VALID_RDY Handshake beat=64 wlast=0
[705000] MASTER 0 W_VALID_RDY Handshake beat=65 wlast=0
[705000] S1 MEMORY WRITE beat=64 addr=19a14c00 data=d73dd576041b45ba id=04
[715000] S1 MEMORY WRITE beat=65 addr=19a14c08 data=c2206c70d5b2a3a2 id=04
[715000] MASTER 0 W_VALID_RDY Handshake beat=66 wlast=0
[725000] MASTER 0 W_VALID_RDY Handshake beat=67 wlast=0
[725000] S1 MEMORY WRITE beat=66 addr=19a14c10 data=d32f0587e496f627 id=04
[735000] S1 MEMORY WRITE beat=67 addr=19a14c18 data=e8b23be1b28c5a17 id=04
[735000] MASTER 0 W_VALID_RDY Handshake beat=68 wlast=0
[745000] MASTER 0 W_VALID_RDY Handshake beat=69 wlast=0
[745000] S1 MEMORY WRITE beat=68 addr=19a14c20 data=883efdb92a6cdafd id=04
[755000] S1 MEMORY WRITE beat=69 addr=19a14c28 data=0f03d124aad2a851 id=04
[755000] MASTER 0 W_VALID_RDY Handshake beat=70 wlast=0
[765000] MASTER 0 W_VALID_RDY Handshake beat=71 wlast=0
[765000] S1 MEMORY WRITE beat=70 addr=19a14c30 data=dd5f0269db6e0340 id=04
[775000] S1 MEMORY WRITE beat=71 addr=19a14c38 data=85dade3df7b60d05 id=04
[775000] MASTER 0 W_VALID_RDY Handshake beat=72 wlast=0
[785000] MASTER 0 W_VALID_RDY Handshake beat=73 wlast=0
[785000] S1 MEMORY WRITE beat=72 addr=19a14c40 data=a288b556e59e0022 id=04
[795000] S1 MEMORY WRITE beat=73 addr=19a14c48 data=c10c036394deaf61 id=04
[795000] MASTER 0 W_VALID_RDY Handshake beat=74 wlast=0
[805000] MASTER 0 W_VALID_RDY Handshake beat=75 wlast=0
[805000] S1 MEMORY WRITE beat=74 addr=19a14c50 data=8c94bc66ffe7b7bf id=04
[815000] S1 MEMORY WRITE beat=75 addr=19a14c58 data=e585b7e2c6e6e1a0 id=04
[815000] MASTER 0 W_VALID_RDY Handshake beat=76 wlast=0
[825000] MASTER 0 W_VALID_RDY Handshake beat=77 wlast=0
[825000] S1 MEMORY WRITE beat=76 addr=19a14c60 data=dbc591022f1d71bd id=04
[835000] S1 MEMORY WRITE beat=77 addr=19a14c68 data=af05297c2691bb45 id=04
[835000] MASTER 0 W_VALID_RDY Handshake beat=78 wlast=0
[845000] MASTER 0 W_VALID_RDY Handshake beat=79 wlast=0
[845000] S1 MEMORY WRITE beat=78 addr=19a14c70 data=ed789ce5e85a4d68 id=04
[855000] S1 MEMORY WRITE beat=79 addr=19a14c78 data=9777bf25948ae15e id=04
[855000] MASTER 0 W_VALID_RDY Handshake beat=80 wlast=0
[865000] MASTER 0 W_VALID_RDY Handshake beat=81 wlast=0
[865000] S1 MEMORY WRITE beat=80 addr=19a14c80 data=bb1c9ca3c93e2de7 id=04
[875000] S1 MEMORY WRITE beat=81 addr=19a14c88 data=31987b50c67ce8a2 id=04
[875000] MASTER 0 W_VALID_RDY Handshake beat=82 wlast=0
[885000] MASTER 0 W_VALID_RDY Handshake beat=83 wlast=0
[885000] S1 MEMORY WRITE beat=82 addr=19a14c90 data=db07ca0028953989 id=04
[895000] S1 MEMORY WRITE beat=83 addr=19a14c98 data=f1d36770c9103a75 id=04
[895000] MASTER 0 W_VALID_RDY Handshake beat=84 wlast=0
[905000] MASTER 0 W_VALID_RDY Handshake beat=85 wlast=0
[905000] S1 MEMORY WRITE beat=84 addr=19a14ca0 data=8f8d2317162466a4 id=04
[915000] S1 MEMORY WRITE beat=85 addr=19a14ca8 data=3eb9a02da36be2c0 id=04
[915000] MASTER 0 W_VALID_RDY Handshake beat=86 wlast=0
[925000] MASTER 0 W_VALID_RDY Handshake beat=87 wlast=0
[925000] S1 MEMORY WRITE beat=86 addr=19a14cb0 data=ec7c1d36ea94ed18 id=04
[935000] S1 MEMORY WRITE beat=87 addr=19a14cb8 data=00b953bcb08d079d id=04
[935000] MASTER 0 W_VALID_RDY Handshake beat=88 wlast=0
[945000] MASTER 0 W_VALID_RDY Handshake beat=89 wlast=0
[945000] S1 MEMORY WRITE beat=88 addr=19a14cc0 data=d3f8ea5efc09404d id=04
[955000] S1 MEMORY WRITE beat=89 addr=19a14cc8 data=e69e2d653f72f3e9 id=04
[955000] MASTER 0 W_VALID_RDY Handshake beat=90 wlast=0
[965000] MASTER 0 W_VALID_RDY Handshake beat=91 wlast=0
[965000] S1 MEMORY WRITE beat=90 addr=19a14cd0 data=effffb86c0750794 id=04
[975000] S1 MEMORY WRITE beat=91 addr=19a14cd8 data=bc7e47e1e7578121 id=04
[975000] MASTER 0 W_VALID_RDY Handshake beat=92 wlast=0
[985000] MASTER 0 W_VALID_RDY Handshake beat=93 wlast=0
[985000] S1 MEMORY WRITE beat=92 addr=19a14ce0 data=a6ca750ac3f8e5e4 id=04
[995000] S1 MEMORY WRITE beat=93 addr=19a14ce8 data=846ded78231c7547 id=04
[995000] MASTER 0 W_VALID_RDY Handshake beat=94 wlast=0
[1005000] MASTER 0 W_VALID_RDY Handshake beat=95 wlast=0
[1005000] S1 MEMORY WRITE beat=94 addr=19a14cf0 data=8a73f66816ca7091 id=04
[1015000] S1 MEMORY WRITE beat=95 addr=19a14cf8 data=dac35675c0ec355a id=04
[1015000] MASTER 0 W_VALID_RDY Handshake beat=96 wlast=0
[1025000] MASTER 0 W_VALID_RDY Handshake beat=97 wlast=0
[1025000] S1 MEMORY WRITE beat=96 addr=19a14d00 data=e408aaa1313e6b73 id=04
[1035000] S1 MEMORY WRITE beat=97 addr=19a14d08 data=c808dc04df3143ee id=04
[1035000] MASTER 0 W_VALID_RDY Handshake beat=98 wlast=0
[1045000] MASTER 0 W_VALID_RDY Handshake beat=99 wlast=0
[1045000] S1 MEMORY WRITE beat=98 addr=19a14d10 data=201d7948ee7ca109 id=04
[1055000] S1 MEMORY WRITE beat=99 addr=19a14d18 data=9fbb0c7ca2cc3279 id=04
[1055000] MASTER 0 W_VALID_RDY Handshake beat=100 wlast=0
[1065000] MASTER 0 W_VALID_RDY Handshake beat=101 wlast=0
[1065000] S1 MEMORY WRITE beat=100 addr=19a14d20 data=81fd7667042623e9 id=04
[1075000] S1 MEMORY WRITE beat=101 addr=19a14d28 data=f2a2c4f2e7c3e880 id=04
[1075000] MASTER 0 W_VALID_RDY Handshake beat=102 wlast=0
[1085000] MASTER 0 W_VALID_RDY Handshake beat=103 wlast=0
[1085000] S1 MEMORY WRITE beat=102 addr=19a14d30 data=0a901afaa21aefaf id=04
[1095000] S1 MEMORY WRITE beat=103 addr=19a14d38 data=a6411398125dd16f id=04
[1095000] MASTER 0 W_VALID_RDY Handshake beat=104 wlast=0
[1105000] MASTER 0 W_VALID_RDY Handshake beat=105 wlast=0
[1105000] S1 MEMORY WRITE beat=104 addr=19a14d40 data=fa21b9ef8c8d9161 id=04
[1115000] S1 MEMORY WRITE beat=105 addr=19a14d48 data=2ea8811118e3d88b id=04
[1115000] MASTER 0 W_VALID_RDY Handshake beat=106 wlast=0
[1125000] MASTER 0 W_VALID_RDY Handshake beat=107 wlast=0
[1125000] S1 MEMORY WRITE beat=106 addr=19a14d50 data=2b41a9fa84b1d4e9 id=04
[1135000] S1 MEMORY WRITE beat=107 addr=19a14d58 data=113f664bd4e994a9 id=04
[1135000] MASTER 0 W_VALID_RDY Handshake beat=108 wlast=0
[1145000] MASTER 0 W_VALID_RDY Handshake beat=109 wlast=0
[1145000] S1 MEMORY WRITE beat=108 addr=19a14d60 data=edcd6d34a56363e9 id=04
[1155000] S1 MEMORY WRITE beat=109 addr=19a14d68 data=2a1538d33fe7e75c id=04
[1155000] MASTER 0 W_VALID_RDY Handshake beat=110 wlast=0
[1165000] MASTER 0 W_VALID_RDY Handshake beat=111 wlast=0
[1165000] S1 MEMORY WRITE beat=110 addr=19a14d70 data=94d17c05990f172e id=04
[1175000] S1 MEMORY WRITE beat=111 addr=19a14d78 data=3e727b183b549f1e id=04
[1175000] MASTER 0 W_VALID_RDY Handshake beat=112 wlast=0
[1185000] MASTER 0 W_VALID_RDY Handshake beat=113 wlast=0
[1185000] S1 MEMORY WRITE beat=112 addr=19a14d80 data=fb3c867a029ee93a id=04
[1195000] S1 MEMORY WRITE beat=113 addr=19a14d88 data=9bae0068e887b3eb id=04
[1195000] MASTER 0 W_VALID_RDY Handshake beat=114 wlast=0
[1205000] MASTER 0 W_VALID_RDY Handshake beat=115 wlast=0
[1205000] S1 MEMORY WRITE beat=114 addr=19a14d90 data=23dc5309900e027f id=04
[1215000] S1 MEMORY WRITE beat=115 addr=19a14d98 data=92acebb9da207b80 id=04
[1215000] MASTER 0 W_VALID_RDY Handshake beat=116 wlast=0
[1225000] MASTER 0 W_VALID_RDY Handshake beat=117 wlast=0
[1225000] S1 MEMORY WRITE beat=116 addr=19a14da0 data=c2a82f6b1f18d983 id=04
[1235000] S1 MEMORY WRITE beat=117 addr=19a14da8 data=af26dc022e5aec22 id=04
[1235000] MASTER 0 W_VALID_RDY Handshake beat=118 wlast=0
[1245000] MASTER 0 W_VALID_RDY Handshake beat=119 wlast=0
[1245000] S1 MEMORY WRITE beat=118 addr=19a14db0 data=887b67a2e6848274 id=04
[1255000] S1 MEMORY WRITE beat=119 addr=19a14db8 data=859d5bf7c1d3c7bc id=04
[1255000] MASTER 0 W_VALID_RDY Handshake beat=120 wlast=0
[1265000] MASTER 0 W_VALID_RDY Handshake beat=121 wlast=0
[1265000] S1 MEMORY WRITE beat=120 addr=19a14dc0 data=f02eb3decb23970e id=04
[1275000] S1 MEMORY WRITE beat=121 addr=19a14dc8 data=b1a8198234c437fa id=04
[1275000] MASTER 0 W_VALID_RDY Handshake beat=122 wlast=0
[1285000] MASTER 0 W_VALID_RDY Handshake beat=123 wlast=0
[1285000] S1 MEMORY WRITE beat=122 addr=19a14dd0 data=f697ffb6f8aa1b80 id=04
[1295000] S1 MEMORY WRITE beat=123 addr=19a14dd8 data=c3cdb28e3745757a id=04
[1295000] MASTER 0 W_VALID_RDY Handshake beat=124 wlast=0
[1305000] MASTER 0 W_VALID_RDY Handshake beat=125 wlast=0
[1305000] S1 MEMORY WRITE beat=124 addr=19a14de0 data=ec09ad74e6c6b394 id=04
[1315000] S1 MEMORY WRITE beat=125 addr=19a14de8 data=df70cf14f575cc11 id=04
[1315000] MASTER 0 W_VALID_RDY Handshake beat=126 wlast=0
[1325000] MASTER 0 W_VALID_RDY Handshake beat=127 wlast=0
[1325000] S1 MEMORY WRITE beat=126 addr=19a14df0 data=2cbb418be2a1ad2a id=04
[1335000] S1 MEMORY WRITE beat=127 addr=19a14df8 data=c96860be233e81a3 id=04
[1335000] MASTER 0 W_VALID_RDY Handshake beat=128 wlast=0
[1345000] MASTER 0 W_VALID_RDY Handshake beat=129 wlast=0
[1345000] S1 MEMORY WRITE beat=128 addr=19a14e00 data=18b44db418c4eeff id=04
[1355000] S1 MEMORY WRITE beat=129 addr=19a14e08 data=fb669c29a8d92fd2 id=04
[1355000] MASTER 0 W_VALID_RDY Handshake beat=130 wlast=0
[1365000] MASTER 0 W_VALID_RDY Handshake beat=131 wlast=0
[1365000] S1 MEMORY WRITE beat=130 addr=19a14e10 data=cc17b175c56f8f3f id=04
[1375000] S1 MEMORY WRITE beat=131 addr=19a14e18 data=de347e3ec4cefce7 id=04
[1375000] MASTER 0 W_VALID_RDY Handshake beat=132 wlast=0
[1385000] MASTER 0 W_VALID_RDY Handshake beat=133 wlast=0
[1385000] S1 MEMORY WRITE beat=132 addr=19a14e20 data=eda82cb9e4cbff29 id=04
[1395000] S1 MEMORY WRITE beat=133 addr=19a14e28 data=aa3b8e68d99b1a67 id=04
[1395000] MASTER 0 W_VALID_RDY Handshake beat=134 wlast=0
[1405000] MASTER 0 W_VALID_RDY Handshake beat=135 wlast=0
[1405000] S1 MEMORY WRITE beat=134 addr=19a14e30 data=1e6a174e39bfde2f id=04
[1415000] S1 MEMORY WRITE beat=135 addr=19a14e38 data=9e8bdd5888700ca6 id=04
[1415000] MASTER 0 W_VALID_RDY Handshake beat=136 wlast=0
[1425000] MASTER 0 W_VALID_RDY Handshake beat=137 wlast=0
[1425000] S1 MEMORY WRITE beat=136 addr=19a14e40 data=e20b270d8c124407 id=04
[1435000] S1 MEMORY WRITE beat=137 addr=19a14e48 data=c5d22236c8c76bc1 id=04
[1435000] MASTER 0 W_VALID_RDY Handshake beat=138 wlast=0
[1445000] MASTER 0 W_VALID_RDY Handshake beat=139 wlast=0
[1445000] S1 MEMORY WRITE beat=138 addr=19a14e50 data=d137786780753e5b id=04
[1455000] S1 MEMORY WRITE beat=139 addr=19a14e58 data=0c878263e45dff8f id=04
[1455000] MASTER 0 W_VALID_RDY Handshake beat=140 wlast=0
[1465000] MASTER 0 W_VALID_RDY Handshake beat=141 wlast=0
[1465000] S1 MEMORY WRITE beat=140 addr=19a14e60 data=2d256b5033429f75 id=04
[1475000] S1 MEMORY WRITE beat=141 addr=19a14e68 data=b3b7ddd0d259a499 id=04
[1475000] MASTER 0 W_VALID_RDY Handshake beat=142 wlast=0
[1485000] MASTER 0 W_VALID_RDY Handshake beat=143 wlast=0
[1485000] S1 MEMORY WRITE beat=142 addr=19a14e70 data=b6b7a428fe5ce3b7 id=04
[1495000] S1 MEMORY WRITE beat=143 addr=19a14e78 data=b19f832cc03f6033 id=04
[1495000] MASTER 0 W_VALID_RDY Handshake beat=144 wlast=0
[1505000] MASTER 0 W_VALID_RDY Handshake beat=145 wlast=0
[1505000] S1 MEMORY WRITE beat=144 addr=19a14e80 data=129904cde3dd0f78 id=04
[1515000] S1 MEMORY WRITE beat=145 addr=19a14e88 data=e239f330e55760fd id=04
[1515000] MASTER 0 W_VALID_RDY Handshake beat=146 wlast=0
[1525000] MASTER 0 W_VALID_RDY Handshake beat=147 wlast=0
[1525000] S1 MEMORY WRITE beat=146 addr=19a14e90 data=a596c130c950a8f5 id=04
[1535000] S1 MEMORY WRITE beat=147 addr=19a14e98 data=2d2db86e93d9765c id=04
[1535000] MASTER 0 W_VALID_RDY Handshake beat=148 wlast=0
[1545000] MASTER 0 W_VALID_RDY Handshake beat=149 wlast=0
[1545000] S1 MEMORY WRITE beat=148 addr=19a14ea0 data=f930d759b82fc5fd id=04
[1555000] S1 MEMORY WRITE beat=149 addr=19a14ea8 data=01806ef30f67ab9e id=04
[1555000] MASTER 0 W_VALID_RDY Handshake beat=150 wlast=0
[1565000] MASTER 0 W_VALID_RDY Handshake beat=151 wlast=0
[1565000] S1 MEMORY WRITE beat=150 addr=19a14eb0 data=a34121fa1ec7988a id=04
[1575000] S1 MEMORY WRITE beat=151 addr=19a14eb8 data=d6f75e872eae2761 id=04
[1575000] MASTER 0 W_VALID_RDY Handshake beat=152 wlast=0
[1585000] MASTER 0 W_VALID_RDY Handshake beat=153 wlast=0
[1585000] S1 MEMORY WRITE beat=152 addr=19a14ec0 data=3e15d2ff1c71f954 id=04
[1595000] S1 MEMORY WRITE beat=153 addr=19a14ec8 data=3b3991ded877cd7a id=04
[1595000] MASTER 0 W_VALID_RDY Handshake beat=154 wlast=0
[1605000] MASTER 0 W_VALID_RDY Handshake beat=155 wlast=0
[1605000] S1 MEMORY WRITE beat=154 addr=19a14ed0 data=8725f4dbe156f4f9 id=04
[1615000] S1 MEMORY WRITE beat=155 addr=19a14ed8 data=fdc8ee4d9230f065 id=04
[1615000] MASTER 0 W_VALID_RDY Handshake beat=156 wlast=0
[1625000] MASTER 0 W_VALID_RDY Handshake beat=157 wlast=0
[1625000] S1 MEMORY WRITE beat=156 addr=19a14ee0 data=eaa8bde0c53bc7da id=04
[1635000] S1 MEMORY WRITE beat=157 addr=19a14ee8 data=2692bcd4b902802b id=04
[1635000] MASTER 0 W_VALID_RDY Handshake beat=158 wlast=0
[1645000] MASTER 0 W_VALID_RDY Handshake beat=159 wlast=0
[1645000] S1 MEMORY WRITE beat=158 addr=19a14ef0 data=cb337091f1ceb2bb id=04
[1655000] S1 MEMORY WRITE beat=159 addr=19a14ef8 data=370a7a96a45bab21 id=04
[1655000] MASTER 0 W_VALID_RDY Handshake beat=160 wlast=0
[1665000] MASTER 0 W_VALID_RDY Handshake beat=161 wlast=0
[1665000] S1 MEMORY WRITE beat=160 addr=19a14f00 data=dd5e2b4d35dc2e71 id=04
[1675000] S1 MEMORY WRITE beat=161 addr=19a14f08 data=a7aae12cdd9d376a id=04
[1675000] MASTER 0 W_VALID_RDY Handshake beat=162 wlast=0
[1685000] MASTER 0 W_VALID_RDY Handshake beat=163 wlast=0
[1685000] S1 MEMORY WRITE beat=162 addr=19a14f10 data=81f8e28b28919bde id=04
[1695000] S1 MEMORY WRITE beat=163 addr=19a14f18 data=de6dca4fdeb55bc2 id=04
[1695000] MASTER 0 W_VALID_RDY Handshake beat=164 wlast=0
[1705000] MASTER 0 W_VALID_RDY Handshake beat=165 wlast=0
[1705000] S1 MEMORY WRITE beat=164 addr=19a14f20 data=bc52932cdf570dd8 id=04
[1715000] S1 MEMORY WRITE beat=165 addr=19a14f28 data=87e8a9b68618ab7b id=04
[1715000] MASTER 0 W_VALID_RDY Handshake beat=166 wlast=0
[1725000] MASTER 0 W_VALID_RDY Handshake beat=167 wlast=0
[1725000] S1 MEMORY WRITE beat=166 addr=19a14f30 data=e4ce073e3e4b75b8 id=04
[1735000] S1 MEMORY WRITE beat=167 addr=19a14f38 data=9da28390e6567405 id=04
[1735000] MASTER 0 W_VALID_RDY Handshake beat=168 wlast=0
[1745000] MASTER 0 W_VALID_RDY Handshake beat=169 wlast=0
[1745000] S1 MEMORY WRITE beat=168 addr=19a14f40 data=ec6f1f81a1209a6a id=04
[1755000] S1 MEMORY WRITE beat=169 addr=19a14f48 data=df6c1022258b2d47 id=04
[1755000] MASTER 0 W_VALID_RDY Handshake beat=170 wlast=0
[1765000] MASTER 0 W_VALID_RDY Handshake beat=171 wlast=0
[1765000] S1 MEMORY WRITE beat=170 addr=19a14f50 data=8be1a14cd13d26bf id=04
[1775000] S1 MEMORY WRITE beat=171 addr=19a14f58 data=f25dc129fd0e93b3 id=04
[1775000] MASTER 0 W_VALID_RDY Handshake beat=172 wlast=0
[1785000] MASTER 0 W_VALID_RDY Handshake beat=173 wlast=0
[1785000] S1 MEMORY WRITE beat=172 addr=19a14f60 data=2299c0faf850c0cd id=04
[1795000] S1 MEMORY WRITE beat=173 addr=19a14f68 data=c98de78cd1c9d14c id=04
[1795000] MASTER 0 W_VALID_RDY Handshake beat=174 wlast=0
[1805000] MASTER 0 W_VALID_RDY Handshake beat=175 wlast=0
[1805000] S1 MEMORY WRITE beat=174 addr=19a14f70 data=ced864ffae7b6246 id=04
[1815000] S1 MEMORY WRITE beat=175 addr=19a14f78 data=26cc23143beba8b6 id=04
[1815000] MASTER 0 W_VALID_RDY Handshake beat=176 wlast=0
[1825000] MASTER 0 W_VALID_RDY Handshake beat=177 wlast=0
[1825000] S1 MEMORY WRITE beat=176 addr=19a14f80 data=0db57a02f17225f9 id=04
[1835000] S1 MEMORY WRITE beat=177 addr=19a14f88 data=9fed883ff05a0aa0 id=04
[1835000] MASTER 0 W_VALID_RDY Handshake beat=178 wlast=0
[1845000] MASTER 0 W_VALID_RDY Handshake beat=179 wlast=0
[1845000] S1 MEMORY WRITE beat=178 addr=19a14f90 data=ac45b356dc8ddf01 id=04
[1855000] S1 MEMORY WRITE beat=179 addr=19a14f98 data=ce0004fac6b9ab53 id=04
[1855000] MASTER 0 W_VALID_RDY Handshake beat=180 wlast=0
[1865000] MASTER 0 W_VALID_RDY Handshake beat=181 wlast=0
[1865000] S1 MEMORY WRITE beat=180 addr=19a14fa0 data=3713b5f4b9fb2d58 id=04
[1875000] S1 MEMORY WRITE beat=181 addr=19a14fa8 data=96890c59eded8d39 id=04
[1875000] MASTER 0 W_VALID_RDY Handshake beat=182 wlast=0
[1885000] MASTER 0 W_VALID_RDY Handshake beat=183 wlast=0
[1885000] S1 MEMORY WRITE beat=182 addr=19a14fb0 data=34a7388de359694a id=04
[1895000] S1 MEMORY WRITE beat=183 addr=19a14fb8 data=1d5496a3e4891153 id=04
[1895000] MASTER 0 W_VALID_RDY Handshake beat=184 wlast=0
[1905000] MASTER 0 W_VALID_RDY Handshake beat=185 wlast=0
[1905000] S1 MEMORY WRITE beat=184 addr=19a14fc0 data=d2769e8debbaee81 id=04
[1915000] S1 MEMORY WRITE beat=185 addr=19a14fc8 data=cf1457cbb3dda2fc id=04
[1915000] MASTER 0 W_VALID_RDY Handshake beat=186 wlast=0
[1925000] MASTER 0 W_VALID_RDY Handshake beat=187 wlast=0
[1925000] S1 MEMORY WRITE beat=186 addr=19a14fd0 data=1866b450071dd71a id=04
[1935000] S1 MEMORY WRITE beat=187 addr=19a14fd8 data=f2d8c59bec68ee6e id=04
[1935000] MASTER 0 W_VALID_RDY Handshake beat=188 wlast=0
[1945000] MASTER 0 W_VALID_RDY Handshake beat=189 wlast=0
[1945000] S1 MEMORY WRITE beat=188 addr=19a14fe0 data=2046916beadd52dd id=04
[1955000] S1 MEMORY WRITE beat=189 addr=19a14fe8 data=f1fb29f7c1ed1d66 id=04
[1955000] MASTER 0 W_VALID_RDY Handshake beat=190 wlast=0
[1965000] MASTER 0 W_VALID_RDY Handshake beat=191 wlast=0
[1965000] S1 MEMORY WRITE beat=190 addr=19a14ff0 data=2e560bd538ad45bb id=04
[1975000] S1 MEMORY WRITE beat=191 addr=19a14ff8 data=238a9898e4d3ef92 id=04
[1975000] MASTER 0 W_VALID_RDY Handshake beat=192 wlast=0
[1985000] MASTER 0 W_VALID_RDY Handshake beat=193 wlast=0
[1985000] S1 MEMORY WRITE beat=192 addr=19a15000 data=a6c10cf8ce9c9d40 id=04
[1995000] S1 MEMORY WRITE beat=193 addr=19a15008 data=0749e2fb1585c28f id=04
[1995000] MASTER 0 W_VALID_RDY Handshake beat=194 wlast=0
[2005000] MASTER 0 W_VALID_RDY Handshake beat=195 wlast=0
[2005000] S1 MEMORY WRITE beat=194 addr=19a15010 data=fa59b221d51718cd id=04
[2015000] S1 MEMORY WRITE beat=195 addr=19a15018 data=a3b3b60d2ad47b93 id=04
[2015000] MASTER 0 W_VALID_RDY Handshake beat=196 wlast=0
[2025000] MASTER 0 W_VALID_RDY Handshake beat=197 wlast=0
[2025000] S1 MEMORY WRITE beat=196 addr=19a15020 data=c05a3e22a11abf19 id=04
[2035000] S1 MEMORY WRITE beat=197 addr=19a15028 data=f631d7e7aafd9908 id=04
[2035000] MASTER 0 W_VALID_RDY Handshake beat=198 wlast=0
[2045000] MASTER 0 W_VALID_RDY Handshake beat=199 wlast=0
[2045000] S1 MEMORY WRITE beat=198 addr=19a15030 data=d5d2149b3ab3f043 id=04
[2055000] S1 MEMORY WRITE beat=199 addr=19a15038 data=dbceaf5c99e58df4 id=04
[2055000] MASTER 0 W_VALID_RDY Handshake beat=200 wlast=0
[2065000] MASTER 0 W_VALID_RDY Handshake beat=201 wlast=0
[2065000] S1 MEMORY WRITE beat=200 addr=19a15040 data=c4e326fd962c52bd id=04
[2075000] S1 MEMORY WRITE beat=201 addr=19a15048 data=d0e04300d2008743 id=04
[2075000] MASTER 0 W_VALID_RDY Handshake beat=202 wlast=0
[2085000] MASTER 0 W_VALID_RDY Handshake beat=203 wlast=0
[2085000] S1 MEMORY WRITE beat=202 addr=19a15050 data=ebe615389ab53b98 id=04
[2095000] S1 MEMORY WRITE beat=203 addr=19a15058 data=30e18e562caef25d id=04
[2095000] MASTER 0 W_VALID_RDY Handshake beat=204 wlast=0
[2105000] MASTER 0 W_VALID_RDY Handshake beat=205 wlast=0
[2105000] S1 MEMORY WRITE beat=204 addr=19a15060 data=feaf79a030c93c35 id=04
[2115000] S1 MEMORY WRITE beat=205 addr=19a15068 data=cb7e77cd81c1d156 id=04
[2115000] MASTER 0 W_VALID_RDY Handshake beat=206 wlast=0
[2125000] MASTER 0 W_VALID_RDY Handshake beat=207 wlast=0
[2125000] S1 MEMORY WRITE beat=206 addr=19a15070 data=ae70c3b3ea958ed8 id=04
[2135000] S1 MEMORY WRITE beat=207 addr=19a15078 data=9b5ecb0dfc600623 id=04
[2135000] MASTER 0 W_VALID_RDY Handshake beat=208 wlast=0
[2145000] MASTER 0 W_VALID_RDY Handshake beat=209 wlast=0
[2145000] S1 MEMORY WRITE beat=208 addr=19a15080 data=fe21d77a2d203d54 id=04
[2155000] S1 MEMORY WRITE beat=209 addr=19a15088 data=97b5cc2ce6dd42db id=04
[2155000] MASTER 0 W_VALID_RDY Handshake beat=210 wlast=0
[2165000] MASTER 0 W_VALID_RDY Handshake beat=211 wlast=0
[2165000] S1 MEMORY WRITE beat=210 addr=19a15090 data=e33d48feac929b2d id=04
[2175000] S1 MEMORY WRITE beat=211 addr=19a15098 data=d9b2d8813314973a id=04
[2175000] MASTER 0 W_VALID_RDY Handshake beat=212 wlast=0
[2185000] MASTER 0 W_VALID_RDY Handshake beat=213 wlast=0
[2185000] S1 MEMORY WRITE beat=212 addr=19a150a0 data=19f1da15e15f2078 id=04
[2195000] S1 MEMORY WRITE beat=213 addr=19a150a8 data=0df1bba6f168a4ae id=04
[2195000] MASTER 0 W_VALID_RDY Handshake beat=214 wlast=0
[2205000] MASTER 0 W_VALID_RDY Handshake beat=215 wlast=0
[2205000] S1 MEMORY WRITE beat=214 addr=19a150b0 data=247d3be8fd2f2313 id=04
[2215000] S1 MEMORY WRITE beat=215 addr=19a150b8 data=de8e438ce7a49427 id=04
[2215000] MASTER 0 W_VALID_RDY Handshake beat=216 wlast=0
[2225000] MASTER 0 W_VALID_RDY Handshake beat=217 wlast=0
[2225000] S1 MEMORY WRITE beat=216 addr=19a150c0 data=d90d38d53e6f15fd id=04
[2235000] S1 MEMORY WRITE beat=217 addr=19a150c8 data=bb9e3910ec7fff32 id=04
[2235000] MASTER 0 W_VALID_RDY Handshake beat=218 wlast=0
[2245000] MASTER 0 W_VALID_RDY Handshake beat=219 wlast=0
[2245000] S1 MEMORY WRITE beat=218 addr=19a150d0 data=d4249359fd8a74bd id=04
[2255000] S1 MEMORY WRITE beat=219 addr=19a150d8 data=bbf98aba9a2c7c9c id=04
[2255000] MASTER 0 W_VALID_RDY Handshake beat=220 wlast=0
[2265000] MASTER 0 W_VALID_RDY Handshake beat=221 wlast=0
[2265000] S1 MEMORY WRITE beat=220 addr=19a150e0 data=86ac7bce2d31cc2f id=04
[2275000] S1 MEMORY WRITE beat=221 addr=19a150e8 data=aabc40ecf797c3cb id=04
[2275000] MASTER 0 W_VALID_RDY Handshake beat=222 wlast=0
[2285000] MASTER 0 W_VALID_RDY Handshake beat=223 wlast=0
[2285000] S1 MEMORY WRITE beat=222 addr=19a150f0 data=91c44067dad10f28 id=04
[2295000] S1 MEMORY WRITE beat=223 addr=19a150f8 data=0802db57e6b5cba7 id=04
[2295000] MASTER 0 W_VALID_RDY Handshake beat=224 wlast=0
[2305000] MASTER 0 W_VALID_RDY Handshake beat=225 wlast=0
[2305000] S1 MEMORY WRITE beat=224 addr=19a15100 data=de4d8f721870bc36 id=04
[2315000] S1 MEMORY WRITE beat=225 addr=19a15108 data=f341cb5eb2bf1c43 id=04
[2315000] MASTER 0 W_VALID_RDY Handshake beat=226 wlast=0
[2325000] MASTER 0 W_VALID_RDY Handshake beat=227 wlast=0
[2325000] S1 MEMORY WRITE beat=226 addr=19a15110 data=9974e7eaf011cfd9 id=04
[2335000] S1 MEMORY WRITE beat=227 addr=19a15118 data=88828c0ffb44a6b5 id=04
[2335000] MASTER 0 W_VALID_RDY Handshake beat=228 wlast=0
[2345000] MASTER 0 W_VALID_RDY Handshake beat=229 wlast=0
[2345000] S1 MEMORY WRITE beat=228 addr=19a15120 data=ae03c2f8f7c2775c id=04
[2355000] S1 MEMORY WRITE beat=229 addr=19a15128 data=e7d44736fbc4576d id=04
[2355000] MASTER 0 W_VALID_RDY Handshake beat=230 wlast=0
[2365000] MASTER 0 W_VALID_RDY Handshake beat=231 wlast=0
[2365000] S1 MEMORY WRITE beat=230 addr=19a15130 data=f708fe22c778aae3 id=04
[2375000] S1 MEMORY WRITE beat=231 addr=19a15138 data=bf3b223ff056d345 id=04
[2375000] MASTER 0 W_VALID_RDY Handshake beat=232 wlast=0
[2385000] MASTER 0 W_VALID_RDY Handshake beat=233 wlast=0
[2385000] S1 MEMORY WRITE beat=232 addr=19a15140 data=ec1b2ab3250cc11b id=04
[2395000] S1 MEMORY WRITE beat=233 addr=19a15148 data=ec856bfea70f6975 id=04
[2395000] MASTER 0 W_VALID_RDY Handshake beat=234 wlast=0
[2405000] MASTER 0 W_VALID_RDY Handshake beat=235 wlast=0
[2405000] S1 MEMORY WRITE beat=234 addr=19a15150 data=17663cbbe32428d5 id=04
[2415000] S1 MEMORY WRITE beat=235 addr=19a15158 data=8830e9f0abc08e3d id=04
[2415000] MASTER 0 W_VALID_RDY Handshake beat=236 wlast=1
[2415000] MASTER_DRIVER0 received transaction, op=AXI_READ
[2425000] S1 MEMORY WRITE beat=236 addr=19a15160 data=d2cff7b30381676e id=04
[2435000] SLAVE1 sent B resp, id=4
[2435000] [SLAVE MONITOR] mst_id=0 s_id=1 awaddr=19a14a00 awid=100 awlen=236 awsize=3 awburst=1 wdata=[ca849f66fc3a3f85 130b9eae77bafa5 c51ca815adb8c8a6 a9f3082be794733b cf1022e00fa1477b bd5a1021ab23c215 92b83550142ccaf5 23ce1270e74d184d 9270da62e1c85830 f5f52325e1282291 c8753ade25290fb3 86f167e399c33595 faeb5827dae61541 f24f4fce68b09 96a9c09ec3609305 9e46a84687008cd7 83e717e0919518c5 d4f5abcb9e55cd3a 25565a121a90d87f ac25f144f33c5411 1192214ca93d71f2 c3ce4a71811b9d0f f457f12136e87b5e e025ed50eff43bb6 f10fd8c505ea126d 3cd28dcb23f437c2 13e87378e567c9e6 eb51dc539cf87b1b c0ecb2dd84f84c3d ea601624a8246a1e c51ce53ad4d52655 d9cd7293d5b1f277 fdd65c9686099817 dadebe6dc42d88b7 99df7b2ec2f341d0 c8fcd9e734ac3100 f8d9b9b797b5d7c4 daa91994a3db9854 d887c95492b934e5 2a6f0caa23a5f37c c7818bd0d161830b e41ab7f18518263e a8be19ba20095525 f16ad8300e89c49b 93a1ead9f03fa58b 1048fab0d5859021 e40f54bc3c600494 2c9faa1f81b3d2e0 d7396302f7b13f96 3411442a3ce8a4cf be9c77afbb48b7be b2f9f754e0b0ee49 1d99931895d5dab1 d11e9270e70b3b7e c7bc29c7dc360ac7 f20be579841889c4 eb23c543e555bcdf c18bc7a7c32a77e9 c74301adb2dfef0a 1835abea3397ad20 f6c22509b266c6f0 e546b5fbd9c17391 d5920b1be0526b6 f06beda7fd7c61e5 d73dd576041b45ba c2206c70d5b2a3a2 d32f0587e496f627 e8b23be1b28c5a17 883efdb92a6cdafd f03d124aad2a851 dd5f0269db6e0340 85dade3df7b60d05 a288b556e59e0022 c10c036394deaf61 8c94bc66ffe7b7bf e585b7e2c6e6e1a0 dbc591022f1d71bd af05297c2691bb45 ed789ce5e85a4d68 9777bf25948ae15e bb1c9ca3c93e2de7 31987b50c67ce8a2 db07ca0028953989 f1d36770c9103a75 8f8d2317162466a4 3eb9a02da36be2c0 ec7c1d36ea94ed18 b953bcb08d079d d3f8ea5efc09404d e69e2d653f72f3e9 effffb86c0750794 bc7e47e1e7578121 a6ca750ac3f8e5e4 846ded78231c7547 8a73f66816ca7091 dac35675c0ec355a e408aaa1313e6b73 c808dc04df3143ee 201d7948ee7ca109 9fbb0c7ca2cc3279 81fd7667042623e9 f2a2c4f2e7c3e880 a901afaa21aefaf a6411398125dd16f fa21b9ef8c8d9161 2ea8811118e3d88b 2b41a9fa84b1d4e9 113f664bd4e994a9 edcd6d34a56363e9 2a1538d33fe7e75c 94d17c05990f172e 3e727b183b549f1e fb3c867a029ee93a 9bae0068e887b3eb 23dc5309900e027f 92acebb9da207b80 c2a82f6b1f18d983 af26dc022e5aec22 887b67a2e6848274 859d5bf7c1d3c7bc f02eb3decb23970e b1a8198234c437fa f697ffb6f8aa1b80 c3cdb28e3745757a ec09ad74e6c6b394 df70cf14f575cc11 2cbb418be2a1ad2a c96860be233e81a3 18b44db418c4eeff fb669c29a8d92fd2 cc17b175c56f8f3f de347e3ec4cefce7 eda82cb9e4cbff29 aa3b8e68d99b1a67 1e6a174e39bfde2f 9e8bdd5888700ca6 e20b270d8c124407 c5d22236c8c76bc1 d137786780753e5b c878263e45dff8f 2d256b5033429f75 b3b7ddd0d259a499 b6b7a428fe5ce3b7 b19f832cc03f6033 129904cde3dd0f78 e239f330e55760fd a596c130c950a8f5 2d2db86e93d9765c f930d759b82fc5fd 1806ef30f67ab9e a34121fa1ec7988a d6f75e872eae2761 3e15d2ff1c71f954 3b3991ded877cd7a 8725f4dbe156f4f9 fdc8ee4d9230f065 eaa8bde0c53bc7da 2692bcd4b902802b cb337091f1ceb2bb 370a7a96a45bab21 dd5e2b4d35dc2e71 a7aae12cdd9d376a 81f8e28b28919bde de6dca4fdeb55bc2 bc52932cdf570dd8 87e8a9b68618ab7b e4ce073e3e4b75b8 9da28390e6567405 ec6f1f81a1209a6a df6c1022258b2d47 8be1a14cd13d26bf f25dc129fd0e93b3 2299c0faf850c0cd c98de78cd1c9d14c ced864ffae7b6246 26cc23143beba8b6 db57a02f17225f9 9fed883ff05a0aa0 ac45b356dc8ddf01 ce0004fac6b9ab53 3713b5f4b9fb2d58 96890c59eded8d39 34a7388de359694a 1d5496a3e4891153 d2769e8debbaee81 cf1457cbb3dda2fc 1866b450071dd71a f2d8c59bec68ee6e 2046916beadd52dd f1fb29f7c1ed1d66 2e560bd538ad45bb 238a9898e4d3ef92 a6c10cf8ce9c9d40 749e2fb1585c28f fa59b221d51718cd a3b3b60d2ad47b93 c05a3e22a11abf19 f631d7e7aafd9908 d5d2149b3ab3f043 dbceaf5c99e58df4 c4e326fd962c52bd d0e04300d2008743 ebe615389ab53b98 30e18e562caef25d feaf79a030c93c35 cb7e77cd81c1d156 ae70c3b3ea958ed8 9b5ecb0dfc600623 fe21d77a2d203d54 97b5cc2ce6dd42db e33d48feac929b2d d9b2d8813314973a 19f1da15e15f2078 df1bba6f168a4ae 247d3be8fd2f2313 de8e438ce7a49427 d90d38d53e6f15fd bb9e3910ec7fff32 d4249359fd8a74bd bbf98aba9a2c7c9c 86ac7bce2d31cc2f aabc40ecf797c3cb 91c44067dad10f28 802db57e6b5cba7 de4d8f721870bc36 f341cb5eb2bf1c43 9974e7eaf011cfd9 88828c0ffb44a6b5 ae03c2f8f7c2775c e7d44736fbc4576d f708fe22c778aae3 bf3b223ff056d345 ec1b2ab3250cc11b ec856bfea70f6975 17663cbbe32428d5 8830e9f0abc08e3d d2cff7b30381676e ] wstrb=[ee 43 6e 2c 34 dc df 22 1f 4d 4e 53 29 2d 76 48 7a c4 9c a3 f2 12 ec 6c d6 88 10 c8 9a fc 35 70 84 45 39 1e 41 6e 8e c5 b3 c7 e3 f4 35 71 b9 e8 39 9c dc 6e d 95 57 46 31 33 b5 3f c9 c 85 fa 3f 3a 39 8 46 bf 3 86 f9 3c 8e 40 fb 91 c6 f5 ce 54 35 c9 e6 fb be b4 4f f3 7d 35 ee 3c e9 3e 2f 67 73 1e a3 5d 5c d2 c4 cf f0 67 2c 4c 39 f0 1c 2a 57 48 76 91 39 92 bb 90 db 31 21 14 c4 dc a4 9f e c6 b3 d2 a2 57 71 b0 1d 24 82 c0 7b f3 70 99 17 f3 59 93 e6 c9 2c fe bc 85 91 a3 4e bd a1 b 42 32 ae 90 ef 4f 9b 31 81 49 c1 70 98 5d a1 19 a6 62 89 3f bf 2a 58 66 8d e2 a5 4c c fd b2 99 df 57 e6 ec 55 98 85 34 f0 6b 20 45 4 a6 79 f4 11 9a 39 15 40 b2 9 51 4c 42 67 8c f5 70 de 41 b3 45 ce a8 b5 ac e9 68 f1 b7 10 ] bresp=0 bid=100
[2435000] MASTER_DRIVER0 received transaction, op=AXI_READ
[2445000] ARB MONITOR: slave=0 m0_req=1 m1_req=0 winner=0
[2445000] AXI S0_ARVALID_RDY HANDSHAKE
[2445000] MEMORY READ MISS beat=0 addr=c509568 -> default data id=1
[2455000] MEMORY READ MISS beat=1 addr=c509570 -> default data id=1
[2455000] SLAVE 0 R_VALID_RDY Handshake beat=0 rlast=0
[2455000] MASTER 0 B_VALID_RDY Handshake
[2455000] [MASTER MONITOR] mst_id=0 s_id=1 awaddr=19a14a00 awid=100 awlen=236 awsize=3 awburst=1 wdata=[ca849f66fc3a3f85 130b9eae77bafa5 c51ca815adb8c8a6 a9f3082be794733b cf1022e00fa1477b bd5a1021ab23c215 92b83550142ccaf5 23ce1270e74d184d 9270da62e1c85830 f5f52325e1282291 c8753ade25290fb3 86f167e399c33595 faeb5827dae61541 f24f4fce68b09 96a9c09ec3609305 9e46a84687008cd7 83e717e0919518c5 d4f5abcb9e55cd3a 25565a121a90d87f ac25f144f33c5411 1192214ca93d71f2 c3ce4a71811b9d0f f457f12136e87b5e e025ed50eff43bb6 f10fd8c505ea126d 3cd28dcb23f437c2 13e87378e567c9e6 eb51dc539cf87b1b c0ecb2dd84f84c3d ea601624a8246a1e c51ce53ad4d52655 d9cd7293d5b1f277 fdd65c9686099817 dadebe6dc42d88b7 99df7b2ec2f341d0 c8fcd9e734ac3100 f8d9b9b797b5d7c4 daa91994a3db9854 d887c95492b934e5 2a6f0caa23a5f37c c7818bd0d161830b e41ab7f18518263e a8be19ba20095525 f16ad8300e89c49b 93a1ead9f03fa58b 1048fab0d5859021 e40f54bc3c600494 2c9faa1f81b3d2e0 d7396302f7b13f96 3411442a3ce8a4cf be9c77afbb48b7be b2f9f754e0b0ee49 1d99931895d5dab1 d11e9270e70b3b7e c7bc29c7dc360ac7 f20be579841889c4 eb23c543e555bcdf c18bc7a7c32a77e9 c74301adb2dfef0a 1835abea3397ad20 f6c22509b266c6f0 e546b5fbd9c17391 d5920b1be0526b6 f06beda7fd7c61e5 d73dd576041b45ba c2206c70d5b2a3a2 d32f0587e496f627 e8b23be1b28c5a17 883efdb92a6cdafd f03d124aad2a851 dd5f0269db6e0340 85dade3df7b60d05 a288b556e59e0022 c10c036394deaf61 8c94bc66ffe7b7bf e585b7e2c6e6e1a0 dbc591022f1d71bd af05297c2691bb45 ed789ce5e85a4d68 9777bf25948ae15e bb1c9ca3c93e2de7 31987b50c67ce8a2 db07ca0028953989 f1d36770c9103a75 8f8d2317162466a4 3eb9a02da36be2c0 ec7c1d36ea94ed18 b953bcb08d079d d3f8ea5efc09404d e69e2d653f72f3e9 effffb86c0750794 bc7e47e1e7578121 a6ca750ac3f8e5e4 846ded78231c7547 8a73f66816ca7091 dac35675c0ec355a e408aaa1313e6b73 c808dc04df3143ee 201d7948ee7ca109 9fbb0c7ca2cc3279 81fd7667042623e9 f2a2c4f2e7c3e880 a901afaa21aefaf a6411398125dd16f fa21b9ef8c8d9161 2ea8811118e3d88b 2b41a9fa84b1d4e9 113f664bd4e994a9 edcd6d34a56363e9 2a1538d33fe7e75c 94d17c05990f172e 3e727b183b549f1e fb3c867a029ee93a 9bae0068e887b3eb 23dc5309900e027f 92acebb9da207b80 c2a82f6b1f18d983 af26dc022e5aec22 887b67a2e6848274 859d5bf7c1d3c7bc f02eb3decb23970e b1a8198234c437fa f697ffb6f8aa1b80 c3cdb28e3745757a ec09ad74e6c6b394 df70cf14f575cc11 2cbb418be2a1ad2a c96860be233e81a3 18b44db418c4eeff fb669c29a8d92fd2 cc17b175c56f8f3f de347e3ec4cefce7 eda82cb9e4cbff29 aa3b8e68d99b1a67 1e6a174e39bfde2f 9e8bdd5888700ca6 e20b270d8c124407 c5d22236c8c76bc1 d137786780753e5b c878263e45dff8f 2d256b5033429f75 b3b7ddd0d259a499 b6b7a428fe5ce3b7 b19f832cc03f6033 129904cde3dd0f78 e239f330e55760fd a596c130c950a8f5 2d2db86e93d9765c f930d759b82fc5fd 1806ef30f67ab9e a34121fa1ec7988a d6f75e872eae2761 3e15d2ff1c71f954 3b3991ded877cd7a 8725f4dbe156f4f9 fdc8ee4d9230f065 eaa8bde0c53bc7da 2692bcd4b902802b cb337091f1ceb2bb 370a7a96a45bab21 dd5e2b4d35dc2e71 a7aae12cdd9d376a 81f8e28b28919bde de6dca4fdeb55bc2 bc52932cdf570dd8 87e8a9b68618ab7b e4ce073e3e4b75b8 9da28390e6567405 ec6f1f81a1209a6a df6c1022258b2d47 8be1a14cd13d26bf f25dc129fd0e93b3 2299c0faf850c0cd c98de78cd1c9d14c ced864ffae7b6246 26cc23143beba8b6 db57a02f17225f9 9fed883ff05a0aa0 ac45b356dc8ddf01 ce0004fac6b9ab53 3713b5f4b9fb2d58 96890c59eded8d39 34a7388de359694a 1d5496a3e4891153 d2769e8debbaee81 cf1457cbb3dda2fc 1866b450071dd71a f2d8c59bec68ee6e 2046916beadd52dd f1fb29f7c1ed1d66 2e560bd538ad45bb 238a9898e4d3ef92 a6c10cf8ce9c9d40 749e2fb1585c28f fa59b221d51718cd a3b3b60d2ad47b93 c05a3e22a11abf19 f631d7e7aafd9908 d5d2149b3ab3f043 dbceaf5c99e58df4 c4e326fd962c52bd d0e04300d2008743 ebe615389ab53b98 30e18e562caef25d feaf79a030c93c35 cb7e77cd81c1d156 ae70c3b3ea958ed8 9b5ecb0dfc600623 fe21d77a2d203d54 97b5cc2ce6dd42db e33d48feac929b2d d9b2d8813314973a 19f1da15e15f2078 df1bba6f168a4ae 247d3be8fd2f2313 de8e438ce7a49427 d90d38d53e6f15fd bb9e3910ec7fff32 d4249359fd8a74bd bbf98aba9a2c7c9c 86ac7bce2d31cc2f aabc40ecf797c3cb 91c44067dad10f28 802db57e6b5cba7 de4d8f721870bc36 f341cb5eb2bf1c43 9974e7eaf011cfd9 88828c0ffb44a6b5 ae03c2f8f7c2775c e7d44736fbc4576d f708fe22c778aae3 bf3b223ff056d345 ec1b2ab3250cc11b ec856bfea70f6975 17663cbbe32428d5 8830e9f0abc08e3d d2cff7b30381676e ] wstrb=[ee 43 6e 2c 34 dc df 22 1f 4d 4e 53 29 2d 76 48 7a c4 9c a3 f2 12 ec 6c d6 88 10 c8 9a fc 35 70 84 45 39 1e 41 6e 8e c5 b3 c7 e3 f4 35 71 b9 e8 39 9c dc 6e d 95 57 46 31 33 b5 3f c9 c 85 fa 3f 3a 39 8 46 bf 3 86 f9 3c 8e 40 fb 91 c6 f5 ce 54 35 c9 e6 fb be b4 4f f3 7d 35 ee 3c e9 3e 2f 67 73 1e a3 5d 5c d2 c4 cf f0 67 2c 4c 39 f0 1c 2a 57 48 76 91 39 92 bb 90 db 31 21 14 c4 dc a4 9f e c6 b3 d2 a2 57 71 b0 1d 24 82 c0 7b f3 70 99 17 f3 59 93 e6 c9 2c fe bc 85 91 a3 4e bd a1 b 42 32 ae 90 ef 4f 9b 31 81 49 c1 70 98 5d a1 19 a6 62 89 3f bf 2a 58 66 8d e2 a5 4c c fd b2 99 df 57 e6 ec 55 98 85 34 f0 6b 20 45 4 a6 79 f4 11 9a 39 15 40 b2 9 51 4c 42 67 8c f5 70 de 41 b3 45 ce a8 b5 ac e9 68 f1 b7 10 ] bresp=0 bid=100
[2455000] MASTER 0 RECEIVED BRESP. BRESP=0
[2455000] [MASTER DRIVER] mst_id=0 s_id=0 awaddr=19a14a00 awid=100 awlen=236 awsize=3 awburst=1 wdata=[ca849f66fc3a3f85 130b9eae77bafa5 c51ca815adb8c8a6 a9f3082be794733b cf1022e00fa1477b bd5a1021ab23c215 92b83550142ccaf5 23ce1270e74d184d 9270da62e1c85830 f5f52325e1282291 c8753ade25290fb3 86f167e399c33595 faeb5827dae61541 f24f4fce68b09 96a9c09ec3609305 9e46a84687008cd7 83e717e0919518c5 d4f5abcb9e55cd3a 25565a121a90d87f ac25f144f33c5411 1192214ca93d71f2 c3ce4a71811b9d0f f457f12136e87b5e e025ed50eff43bb6 f10fd8c505ea126d 3cd28dcb23f437c2 13e87378e567c9e6 eb51dc539cf87b1b c0ecb2dd84f84c3d ea601624a8246a1e c51ce53ad4d52655 d9cd7293d5b1f277 fdd65c9686099817 dadebe6dc42d88b7 99df7b2ec2f341d0 c8fcd9e734ac3100 f8d9b9b797b5d7c4 daa91994a3db9854 d887c95492b934e5 2a6f0caa23a5f37c c7818bd0d161830b e41ab7f18518263e a8be19ba20095525 f16ad8300e89c49b 93a1ead9f03fa58b 1048fab0d5859021 e40f54bc3c600494 2c9faa1f81b3d2e0 d7396302f7b13f96 3411442a3ce8a4cf be9c77afbb48b7be b2f9f754e0b0ee49 1d99931895d5dab1 d11e9270e70b3b7e c7bc29c7dc360ac7 f20be579841889c4 eb23c543e555bcdf c18bc7a7c32a77e9 c74301adb2dfef0a 1835abea3397ad20 f6c22509b266c6f0 e546b5fbd9c17391 d5920b1be0526b6 f06beda7fd7c61e5 d73dd576041b45ba c2206c70d5b2a3a2 d32f0587e496f627 e8b23be1b28c5a17 883efdb92a6cdafd f03d124aad2a851 dd5f0269db6e0340 85dade3df7b60d05 a288b556e59e0022 c10c036394deaf61 8c94bc66ffe7b7bf e585b7e2c6e6e1a0 dbc591022f1d71bd af05297c2691bb45 ed789ce5e85a4d68 9777bf25948ae15e bb1c9ca3c93e2de7 31987b50c67ce8a2 db07ca0028953989 f1d36770c9103a75 8f8d2317162466a4 3eb9a02da36be2c0 ec7c1d36ea94ed18 b953bcb08d079d d3f8ea5efc09404d e69e2d653f72f3e9 effffb86c0750794 bc7e47e1e7578121 a6ca750ac3f8e5e4 846ded78231c7547 8a73f66816ca7091 dac35675c0ec355a e408aaa1313e6b73 c808dc04df3143ee 201d7948ee7ca109 9fbb0c7ca2cc3279 81fd7667042623e9 f2a2c4f2e7c3e880 a901afaa21aefaf a6411398125dd16f fa21b9ef8c8d9161 2ea8811118e3d88b 2b41a9fa84b1d4e9 113f664bd4e994a9 edcd6d34a56363e9 2a1538d33fe7e75c 94d17c05990f172e 3e727b183b549f1e fb3c867a029ee93a 9bae0068e887b3eb 23dc5309900e027f 92acebb9da207b80 c2a82f6b1f18d983 af26dc022e5aec22 887b67a2e6848274 859d5bf7c1d3c7bc f02eb3decb23970e b1a8198234c437fa f697ffb6f8aa1b80 c3cdb28e3745757a ec09ad74e6c6b394 df70cf14f575cc11 2cbb418be2a1ad2a c96860be233e81a3 18b44db418c4eeff fb669c29a8d92fd2 cc17b175c56f8f3f de347e3ec4cefce7 eda82cb9e4cbff29 aa3b8e68d99b1a67 1e6a174e39bfde2f 9e8bdd5888700ca6 e20b270d8c124407 c5d22236c8c76bc1 d137786780753e5b c878263e45dff8f 2d256b5033429f75 b3b7ddd0d259a499 b6b7a428fe5ce3b7 b19f832cc03f6033 129904cde3dd0f78 e239f330e55760fd a596c130c950a8f5 2d2db86e93d9765c f930d759b82fc5fd 1806ef30f67ab9e a34121fa1ec7988a d6f75e872eae2761 3e15d2ff1c71f954 3b3991ded877cd7a 8725f4dbe156f4f9 fdc8ee4d9230f065 eaa8bde0c53bc7da 2692bcd4b902802b cb337091f1ceb2bb 370a7a96a45bab21 dd5e2b4d35dc2e71 a7aae12cdd9d376a 81f8e28b28919bde de6dca4fdeb55bc2 bc52932cdf570dd8 87e8a9b68618ab7b e4ce073e3e4b75b8 9da28390e6567405 ec6f1f81a1209a6a df6c1022258b2d47 8be1a14cd13d26bf f25dc129fd0e93b3 2299c0faf850c0cd c98de78cd1c9d14c ced864ffae7b6246 26cc23143beba8b6 db57a02f17225f9 9fed883ff05a0aa0 ac45b356dc8ddf01 ce0004fac6b9ab53 3713b5f4b9fb2d58 96890c59eded8d39 34a7388de359694a 1d5496a3e4891153 d2769e8debbaee81 cf1457cbb3dda2fc 1866b450071dd71a f2d8c59bec68ee6e 2046916beadd52dd f1fb29f7c1ed1d66 2e560bd538ad45bb 238a9898e4d3ef92 a6c10cf8ce9c9d40 749e2fb1585c28f fa59b221d51718cd a3b3b60d2ad47b93 c05a3e22a11abf19 f631d7e7aafd9908 d5d2149b3ab3f043 dbceaf5c99e58df4 c4e326fd962c52bd d0e04300d2008743 ebe615389ab53b98 30e18e562caef25d feaf79a030c93c35 cb7e77cd81c1d156 ae70c3b3ea958ed8 9b5ecb0dfc600623 fe21d77a2d203d54 97b5cc2ce6dd42db e33d48feac929b2d d9b2d8813314973a 19f1da15e15f2078 df1bba6f168a4ae 247d3be8fd2f2313 de8e438ce7a49427 d90d38d53e6f15fd bb9e3910ec7fff32 d4249359fd8a74bd bbf98aba9a2c7c9c 86ac7bce2d31cc2f aabc40ecf797c3cb 91c44067dad10f28 802db57e6b5cba7 de4d8f721870bc36 f341cb5eb2bf1c43 9974e7eaf011cfd9 88828c0ffb44a6b5 ae03c2f8f7c2775c e7d44736fbc4576d f708fe22c778aae3 bf3b223ff056d345 ec1b2ab3250cc11b ec856bfea70f6975 17663cbbe32428d5 8830e9f0abc08e3d d2cff7b30381676e ] wstrb=[ee 43 6e 2c 34 dc df 22 1f 4d 4e 53 29 2d 76 48 7a c4 9c a3 f2 12 ec 6c d6 88 10 c8 9a fc 35 70 84 45 39 1e 41 6e 8e c5 b3 c7 e3 f4 35 71 b9 e8 39 9c dc 6e d 95 57 46 31 33 b5 3f c9 c 85 fa 3f 3a 39 8 46 bf 3 86 f9 3c 8e 40 fb 91 c6 f5 ce 54 35 c9 e6 fb be b4 4f f3 7d 35 ee 3c e9 3e 2f 67 73 1e a3 5d 5c d2 c4 cf f0 67 2c 4c 39 f0 1c 2a 57 48 76 91 39 92 bb 90 db 31 21 14 c4 dc a4 9f e c6 b3 d2 a2 57 71 b0 1d 24 82 c0 7b f3 70 99 17 f3 59 93 e6 c9 2c fe bc 85 91 a3 4e bd a1 b 42 32 ae 90 ef 4f 9b 31 81 49 c1 70 98 5d a1 19 a6 62 89 3f bf 2a 58 66 8d e2 a5 4c c fd b2 99 df 57 e6 ec 55 98 85 34 f0 6b 20 45 4 a6 79 f4 11 9a 39 15 40 b2 9 51 4c 42 67 8c f5 70 de 41 b3 45 ce a8 b5 ac e9 68 f1 b7 10 ] bresp=0 bid=100
[2455000] SCOREBOARD MATCH: decode_err expected = 0, actual =0
[2455000] SCOREBOARD MATCH: slave_id expected = 1, actual =1
[2455000] SCOREBOARD MATCH: awaddr passthrough expected = 19a14a00, actual =19a14a00
[2455000] SCOREBOARD MATCH: awlen passthrough expected = 236, actual =236
[2455000] SCOREBOARD MATCH: awsize passthrough expected = 3, actual =3
[2455000] SCOREBOARD MATCH: awburst passthrough expected = 1, actual =1
[2455000] SCOREBOARD MATCH: wdata size check expected = ed, actual =ed
[2455000] SCOREBOARD MATCH: wdata passthrough beat=0 expected = ca849f66fc3a3f85, actual =ca849f66fc3a3f85
[2455000] SCOREBOARD MATCH: wdata passthrough beat=1 expected = 130b9eae77bafa5, actual =130b9eae77bafa5
[2455000] SCOREBOARD MATCH: wdata passthrough beat=2 expected = c51ca815adb8c8a6, actual =c51ca815adb8c8a6
[2455000] SCOREBOARD MATCH: wdata passthrough beat=3 expected = a9f3082be794733b, actual =a9f3082be794733b
[2455000] SCOREBOARD MATCH: wdata passthrough beat=4 expected = cf1022e00fa1477b, actual =cf1022e00fa1477b
[2455000] SCOREBOARD MATCH: wdata passthrough beat=5 expected = bd5a1021ab23c215, actual =bd5a1021ab23c215
[2455000] SCOREBOARD MATCH: wdata passthrough beat=6 expected = 92b83550142ccaf5, actual =92b83550142ccaf5
[2455000] SCOREBOARD MATCH: wdata passthrough beat=7 expected = 23ce1270e74d184d, actual =23ce1270e74d184d
[2455000] SCOREBOARD MATCH: wdata passthrough beat=8 expected = 9270da62e1c85830, actual =9270da62e1c85830
[2455000] SCOREBOARD MATCH: wdata passthrough beat=9 expected = f5f52325e1282291, actual =f5f52325e1282291
[2455000] SCOREBOARD MATCH: wdata passthrough beat=10 expected = c8753ade25290fb3, actual =c8753ade25290fb3
[2455000] SCOREBOARD MATCH: wdata passthrough beat=11 expected = 86f167e399c33595, actual =86f167e399c33595
[2455000] SCOREBOARD MATCH: wdata passthrough beat=12 expected = faeb5827dae61541, actual =faeb5827dae61541
[2455000] SCOREBOARD MATCH: wdata passthrough beat=13 expected = f24f4fce68b09, actual =f24f4fce68b09
[2455000] SCOREBOARD MATCH: wdata passthrough beat=14 expected = 96a9c09ec3609305, actual =96a9c09ec3609305
[2455000] SCOREBOARD MATCH: wdata passthrough beat=15 expected = 9e46a84687008cd7, actual =9e46a84687008cd7
[2455000] SCOREBOARD MATCH: wdata passthrough beat=16 expected = 83e717e0919518c5, actual =83e717e0919518c5
[2455000] SCOREBOARD MATCH: wdata passthrough beat=17 expected = d4f5abcb9e55cd3a, actual =d4f5abcb9e55cd3a
[2455000] SCOREBOARD MATCH: wdata passthrough beat=18 expected = 25565a121a90d87f, actual =25565a121a90d87f
[2455000] SCOREBOARD MATCH: wdata passthrough beat=19 expected = ac25f144f33c5411, actual =ac25f144f33c5411
[2455000] SCOREBOARD MATCH: wdata passthrough beat=20 expected = 1192214ca93d71f2, actual =1192214ca93d71f2
[2455000] SCOREBOARD MATCH: wdata passthrough beat=21 expected = c3ce4a71811b9d0f, actual =c3ce4a71811b9d0f
[2455000] SCOREBOARD MATCH: wdata passthrough beat=22 expected = f457f12136e87b5e, actual =f457f12136e87b5e
[2455000] SCOREBOARD MATCH: wdata passthrough beat=23 expected = e025ed50eff43bb6, actual =e025ed50eff43bb6
[2455000] SCOREBOARD MATCH: wdata passthrough beat=24 expected = f10fd8c505ea126d, actual =f10fd8c505ea126d
[2455000] SCOREBOARD MATCH: wdata passthrough beat=25 expected = 3cd28dcb23f437c2, actual =3cd28dcb23f437c2
[2455000] SCOREBOARD MATCH: wdata passthrough beat=26 expected = 13e87378e567c9e6, actual =13e87378e567c9e6
[2455000] SCOREBOARD MATCH: wdata passthrough beat=27 expected = eb51dc539cf87b1b, actual =eb51dc539cf87b1b
[2455000] SCOREBOARD MATCH: wdata passthrough beat=28 expected = c0ecb2dd84f84c3d, actual =c0ecb2dd84f84c3d
[2455000] SCOREBOARD MATCH: wdata passthrough beat=29 expected = ea601624a8246a1e, actual =ea601624a8246a1e
[2455000] SCOREBOARD MATCH: wdata passthrough beat=30 expected = c51ce53ad4d52655, actual =c51ce53ad4d52655
[2455000] SCOREBOARD MATCH: wdata passthrough beat=31 expected = d9cd7293d5b1f277, actual =d9cd7293d5b1f277
[2455000] SCOREBOARD MATCH: wdata passthrough beat=32 expected = fdd65c9686099817, actual =fdd65c9686099817
[2455000] SCOREBOARD MATCH: wdata passthrough beat=33 expected = dadebe6dc42d88b7, actual =dadebe6dc42d88b7
[2455000] SCOREBOARD MATCH: wdata passthrough beat=34 expected = 99df7b2ec2f341d0, actual =99df7b2ec2f341d0
[2455000] SCOREBOARD MATCH: wdata passthrough beat=35 expected = c8fcd9e734ac3100, actual =c8fcd9e734ac3100
[2455000] SCOREBOARD MATCH: wdata passthrough beat=36 expected = f8d9b9b797b5d7c4, actual =f8d9b9b797b5d7c4
[2455000] SCOREBOARD MATCH: wdata passthrough beat=37 expected = daa91994a3db9854, actual =daa91994a3db9854
[2455000] SCOREBOARD MATCH: wdata passthrough beat=38 expected = d887c95492b934e5, actual =d887c95492b934e5
[2455000] SCOREBOARD MATCH: wdata passthrough beat=39 expected = 2a6f0caa23a5f37c, actual =2a6f0caa23a5f37c
[2455000] SCOREBOARD MATCH: wdata passthrough beat=40 expected = c7818bd0d161830b, actual =c7818bd0d161830b
[2455000] SCOREBOARD MATCH: wdata passthrough beat=41 expected = e41ab7f18518263e, actual =e41ab7f18518263e
[2455000] SCOREBOARD MATCH: wdata passthrough beat=42 expected = a8be19ba20095525, actual =a8be19ba20095525
[2455000] SCOREBOARD MATCH: wdata passthrough beat=43 expected = f16ad8300e89c49b, actual =f16ad8300e89c49b
[2455000] SCOREBOARD MATCH: wdata passthrough beat=44 expected = 93a1ead9f03fa58b, actual =93a1ead9f03fa58b
[2455000] SCOREBOARD MATCH: wdata passthrough beat=45 expected = 1048fab0d5859021, actual =1048fab0d5859021
[2455000] SCOREBOARD MATCH: wdata passthrough beat=46 expected = e40f54bc3c600494, actual =e40f54bc3c600494
[2455000] SCOREBOARD MATCH: wdata passthrough beat=47 expected = 2c9faa1f81b3d2e0, actual =2c9faa1f81b3d2e0
[2455000] SCOREBOARD MATCH: wdata passthrough beat=48 expected = d7396302f7b13f96, actual =d7396302f7b13f96
[2455000] SCOREBOARD MATCH: wdata passthrough beat=49 expected = 3411442a3ce8a4cf, actual =3411442a3ce8a4cf
[2455000] SCOREBOARD MATCH: wdata passthrough beat=50 expected = be9c77afbb48b7be, actual =be9c77afbb48b7be
[2455000] SCOREBOARD MATCH: wdata passthrough beat=51 expected = b2f9f754e0b0ee49, actual =b2f9f754e0b0ee49
[2455000] SCOREBOARD MATCH: wdata passthrough beat=52 expected = 1d99931895d5dab1, actual =1d99931895d5dab1
[2455000] SCOREBOARD MATCH: wdata passthrough beat=53 expected = d11e9270e70b3b7e, actual =d11e9270e70b3b7e
[2455000] SCOREBOARD MATCH: wdata passthrough beat=54 expected = c7bc29c7dc360ac7, actual =c7bc29c7dc360ac7
[2455000] SCOREBOARD MATCH: wdata passthrough beat=55 expected = f20be579841889c4, actual =f20be579841889c4
[2455000] SCOREBOARD MATCH: wdata passthrough beat=56 expected = eb23c543e555bcdf, actual =eb23c543e555bcdf
[2455000] SCOREBOARD MATCH: wdata passthrough beat=57 expected = c18bc7a7c32a77e9, actual =c18bc7a7c32a77e9
[2455000] SCOREBOARD MATCH: wdata passthrough beat=58 expected = c74301adb2dfef0a, actual =c74301adb2dfef0a
[2455000] SCOREBOARD MATCH: wdata passthrough beat=59 expected = 1835abea3397ad20, actual =1835abea3397ad20
[2455000] SCOREBOARD MATCH: wdata passthrough beat=60 expected = f6c22509b266c6f0, actual =f6c22509b266c6f0
[2455000] SCOREBOARD MATCH: wdata passthrough beat=61 expected = e546b5fbd9c17391, actual =e546b5fbd9c17391
[2455000] SCOREBOARD MATCH: wdata passthrough beat=62 expected = d5920b1be0526b6, actual =d5920b1be0526b6
[2455000] SCOREBOARD MATCH: wdata passthrough beat=63 expected = f06beda7fd7c61e5, actual =f06beda7fd7c61e5
[2455000] SCOREBOARD MATCH: wdata passthrough beat=64 expected = d73dd576041b45ba, actual =d73dd576041b45ba
[2455000] SCOREBOARD MATCH: wdata passthrough beat=65 expected = c2206c70d5b2a3a2, actual =c2206c70d5b2a3a2
[2455000] SCOREBOARD MATCH: wdata passthrough beat=66 expected = d32f0587e496f627, actual =d32f0587e496f627
[2455000] SCOREBOARD MATCH: wdata passthrough beat=67 expected = e8b23be1b28c5a17, actual =e8b23be1b28c5a17
[2455000] SCOREBOARD MATCH: wdata passthrough beat=68 expected = 883efdb92a6cdafd, actual =883efdb92a6cdafd
[2455000] SCOREBOARD MATCH: wdata passthrough beat=69 expected = f03d124aad2a851, actual =f03d124aad2a851
[2455000] SCOREBOARD MATCH: wdata passthrough beat=70 expected = dd5f0269db6e0340, actual =dd5f0269db6e0340
[2455000] SCOREBOARD MATCH: wdata passthrough beat=71 expected = 85dade3df7b60d05, actual =85dade3df7b60d05
[2455000] SCOREBOARD MATCH: wdata passthrough beat=72 expected = a288b556e59e0022, actual =a288b556e59e0022
[2455000] SCOREBOARD MATCH: wdata passthrough beat=73 expected = c10c036394deaf61, actual =c10c036394deaf61
[2455000] SCOREBOARD MATCH: wdata passthrough beat=74 expected = 8c94bc66ffe7b7bf, actual =8c94bc66ffe7b7bf
[2455000] SCOREBOARD MATCH: wdata passthrough beat=75 expected = e585b7e2c6e6e1a0, actual =e585b7e2c6e6e1a0
[2455000] SCOREBOARD MATCH: wdata passthrough beat=76 expected = dbc591022f1d71bd, actual =dbc591022f1d71bd
[2455000] SCOREBOARD MATCH: wdata passthrough beat=77 expected = af05297c2691bb45, actual =af05297c2691bb45
[2455000] SCOREBOARD MATCH: wdata passthrough beat=78 expected = ed789ce5e85a4d68, actual =ed789ce5e85a4d68
[2455000] SCOREBOARD MATCH: wdata passthrough beat=79 expected = 9777bf25948ae15e, actual =9777bf25948ae15e
[2455000] SCOREBOARD MATCH: wdata passthrough beat=80 expected = bb1c9ca3c93e2de7, actual =bb1c9ca3c93e2de7
[2455000] SCOREBOARD MATCH: wdata passthrough beat=81 expected = 31987b50c67ce8a2, actual =31987b50c67ce8a2
[2455000] SCOREBOARD MATCH: wdata passthrough beat=82 expected = db07ca0028953989, actual =db07ca0028953989
[2455000] SCOREBOARD MATCH: wdata passthrough beat=83 expected = f1d36770c9103a75, actual =f1d36770c9103a75
[2455000] SCOREBOARD MATCH: wdata passthrough beat=84 expected = 8f8d2317162466a4, actual =8f8d2317162466a4
[2455000] SCOREBOARD MATCH: wdata passthrough beat=85 expected = 3eb9a02da36be2c0, actual =3eb9a02da36be2c0
[2455000] SCOREBOARD MATCH: wdata passthrough beat=86 expected = ec7c1d36ea94ed18, actual =ec7c1d36ea94ed18
[2455000] SCOREBOARD MATCH: wdata passthrough beat=87 expected = b953bcb08d079d, actual =b953bcb08d079d
[2455000] SCOREBOARD MATCH: wdata passthrough beat=88 expected = d3f8ea5efc09404d, actual =d3f8ea5efc09404d
[2455000] SCOREBOARD MATCH: wdata passthrough beat=89 expected = e69e2d653f72f3e9, actual =e69e2d653f72f3e9
[2455000] SCOREBOARD MATCH: wdata passthrough beat=90 expected = effffb86c0750794, actual =effffb86c0750794
[2455000] SCOREBOARD MATCH: wdata passthrough beat=91 expected = bc7e47e1e7578121, actual =bc7e47e1e7578121
[2455000] SCOREBOARD MATCH: wdata passthrough beat=92 expected = a6ca750ac3f8e5e4, actual =a6ca750ac3f8e5e4
[2455000] SCOREBOARD MATCH: wdata passthrough beat=93 expected = 846ded78231c7547, actual =846ded78231c7547
[2455000] SCOREBOARD MATCH: wdata passthrough beat=94 expected = 8a73f66816ca7091, actual =8a73f66816ca7091
[2455000] SCOREBOARD MATCH: wdata passthrough beat=95 expected = dac35675c0ec355a, actual =dac35675c0ec355a
[2455000] SCOREBOARD MATCH: wdata passthrough beat=96 expected = e408aaa1313e6b73, actual =e408aaa1313e6b73
[2455000] SCOREBOARD MATCH: wdata passthrough beat=97 expected = c808dc04df3143ee, actual =c808dc04df3143ee
[2455000] SCOREBOARD MATCH: wdata passthrough beat=98 expected = 201d7948ee7ca109, actual =201d7948ee7ca109
[2455000] SCOREBOARD MATCH: wdata passthrough beat=99 expected = 9fbb0c7ca2cc3279, actual =9fbb0c7ca2cc3279
[2455000] SCOREBOARD MATCH: wdata passthrough beat=100 expected = 81fd7667042623e9, actual =81fd7667042623e9
[2455000] SCOREBOARD MATCH: wdata passthrough beat=101 expected = f2a2c4f2e7c3e880, actual =f2a2c4f2e7c3e880
[2455000] SCOREBOARD MATCH: wdata passthrough beat=102 expected = a901afaa21aefaf, actual =a901afaa21aefaf
[2455000] SCOREBOARD MATCH: wdata passthrough beat=103 expected = a6411398125dd16f, actual =a6411398125dd16f
[2455000] SCOREBOARD MATCH: wdata passthrough beat=104 expected = fa21b9ef8c8d9161, actual =fa21b9ef8c8d9161
[2455000] SCOREBOARD MATCH: wdata passthrough beat=105 expected = 2ea8811118e3d88b, actual =2ea8811118e3d88b
[2455000] SCOREBOARD MATCH: wdata passthrough beat=106 expected = 2b41a9fa84b1d4e9, actual =2b41a9fa84b1d4e9
[2455000] SCOREBOARD MATCH: wdata passthrough beat=107 expected = 113f664bd4e994a9, actual =113f664bd4e994a9
[2455000] SCOREBOARD MATCH: wdata passthrough beat=108 expected = edcd6d34a56363e9, actual =edcd6d34a56363e9
[2455000] SCOREBOARD MATCH: wdata passthrough beat=109 expected = 2a1538d33fe7e75c, actual =2a1538d33fe7e75c
[2455000] SCOREBOARD MATCH: wdata passthrough beat=110 expected = 94d17c05990f172e, actual =94d17c05990f172e
[2455000] SCOREBOARD MATCH: wdata passthrough beat=111 expected = 3e727b183b549f1e, actual =3e727b183b549f1e
[2455000] SCOREBOARD MATCH: wdata passthrough beat=112 expected = fb3c867a029ee93a, actual =fb3c867a029ee93a
[2455000] SCOREBOARD MATCH: wdata passthrough beat=113 expected = 9bae0068e887b3eb, actual =9bae0068e887b3eb
[2455000] SCOREBOARD MATCH: wdata passthrough beat=114 expected = 23dc5309900e027f, actual =23dc5309900e027f
[2455000] SCOREBOARD MATCH: wdata passthrough beat=115 expected = 92acebb9da207b80, actual =92acebb9da207b80
[2455000] SCOREBOARD MATCH: wdata passthrough beat=116 expected = c2a82f6b1f18d983, actual =c2a82f6b1f18d983
[2455000] SCOREBOARD MATCH: wdata passthrough beat=117 expected = af26dc022e5aec22, actual =af26dc022e5aec22
[2455000] SCOREBOARD MATCH: wdata passthrough beat=118 expected = 887b67a2e6848274, actual =887b67a2e6848274
[2455000] SCOREBOARD MATCH: wdata passthrough beat=119 expected = 859d5bf7c1d3c7bc, actual =859d5bf7c1d3c7bc
[2455000] SCOREBOARD MATCH: wdata passthrough beat=120 expected = f02eb3decb23970e, actual =f02eb3decb23970e
[2455000] SCOREBOARD MATCH: wdata passthrough beat=121 expected = b1a8198234c437fa, actual =b1a8198234c437fa
[2455000] SCOREBOARD MATCH: wdata passthrough beat=122 expected = f697ffb6f8aa1b80, actual =f697ffb6f8aa1b80
[2455000] SCOREBOARD MATCH: wdata passthrough beat=123 expected = c3cdb28e3745757a, actual =c3cdb28e3745757a
[2455000] SCOREBOARD MATCH: wdata passthrough beat=124 expected = ec09ad74e6c6b394, actual =ec09ad74e6c6b394
[2455000] SCOREBOARD MATCH: wdata passthrough beat=125 expected = df70cf14f575cc11, actual =df70cf14f575cc11
[2455000] SCOREBOARD MATCH: wdata passthrough beat=126 expected = 2cbb418be2a1ad2a, actual =2cbb418be2a1ad2a
[2455000] SCOREBOARD MATCH: wdata passthrough beat=127 expected = c96860be233e81a3, actual =c96860be233e81a3
[2455000] SCOREBOARD MATCH: wdata passthrough beat=128 expected = 18b44db418c4eeff, actual =18b44db418c4eeff
[2455000] SCOREBOARD MATCH: wdata passthrough beat=129 expected = fb669c29a8d92fd2, actual =fb669c29a8d92fd2
[2455000] SCOREBOARD MATCH: wdata passthrough beat=130 expected = cc17b175c56f8f3f, actual =cc17b175c56f8f3f
[2455000] SCOREBOARD MATCH: wdata passthrough beat=131 expected = de347e3ec4cefce7, actual =de347e3ec4cefce7
[2455000] SCOREBOARD MATCH: wdata passthrough beat=132 expected = eda82cb9e4cbff29, actual =eda82cb9e4cbff29
[2455000] SCOREBOARD MATCH: wdata passthrough beat=133 expected = aa3b8e68d99b1a67, actual =aa3b8e68d99b1a67
[2455000] SCOREBOARD MATCH: wdata passthrough beat=134 expected = 1e6a174e39bfde2f, actual =1e6a174e39bfde2f
[2455000] SCOREBOARD MATCH: wdata passthrough beat=135 expected = 9e8bdd5888700ca6, actual =9e8bdd5888700ca6
[2455000] SCOREBOARD MATCH: wdata passthrough beat=136 expected = e20b270d8c124407, actual =e20b270d8c124407
[2455000] SCOREBOARD MATCH: wdata passthrough beat=137 expected = c5d22236c8c76bc1, actual =c5d22236c8c76bc1
[2455000] SCOREBOARD MATCH: wdata passthrough beat=138 expected = d137786780753e5b, actual =d137786780753e5b
[2455000] SCOREBOARD MATCH: wdata passthrough beat=139 expected = c878263e45dff8f, actual =c878263e45dff8f
[2455000] SCOREBOARD MATCH: wdata passthrough beat=140 expected = 2d256b5033429f75, actual =2d256b5033429f75
[2455000] SCOREBOARD MATCH: wdata passthrough beat=141 expected = b3b7ddd0d259a499, actual =b3b7ddd0d259a499
[2455000] SCOREBOARD MATCH: wdata passthrough beat=142 expected = b6b7a428fe5ce3b7, actual =b6b7a428fe5ce3b7
[2455000] SCOREBOARD MATCH: wdata passthrough beat=143 expected = b19f832cc03f6033, actual =b19f832cc03f6033
[2455000] SCOREBOARD MATCH: wdata passthrough beat=144 expected = 129904cde3dd0f78, actual =129904cde3dd0f78
[2455000] SCOREBOARD MATCH: wdata passthrough beat=145 expected = e239f330e55760fd, actual =e239f330e55760fd
[2455000] SCOREBOARD MATCH: wdata passthrough beat=146 expected = a596c130c950a8f5, actual =a596c130c950a8f5
[2455000] SCOREBOARD MATCH: wdata passthrough beat=147 expected = 2d2db86e93d9765c, actual =2d2db86e93d9765c
[2455000] SCOREBOARD MATCH: wdata passthrough beat=148 expected = f930d759b82fc5fd, actual =f930d759b82fc5fd
[2455000] SCOREBOARD MATCH: wdata passthrough beat=149 expected = 1806ef30f67ab9e, actual =1806ef30f67ab9e
[2455000] SCOREBOARD MATCH: wdata passthrough beat=150 expected = a34121fa1ec7988a, actual =a34121fa1ec7988a
[2455000] SCOREBOARD MATCH: wdata passthrough beat=151 expected = d6f75e872eae2761, actual =d6f75e872eae2761
[2455000] SCOREBOARD MATCH: wdata passthrough beat=152 expected = 3e15d2ff1c71f954, actual =3e15d2ff1c71f954
[2455000] SCOREBOARD MATCH: wdata passthrough beat=153 expected = 3b3991ded877cd7a, actual =3b3991ded877cd7a
[2455000] SCOREBOARD MATCH: wdata passthrough beat=154 expected = 8725f4dbe156f4f9, actual =8725f4dbe156f4f9
[2455000] SCOREBOARD MATCH: wdata passthrough beat=155 expected = fdc8ee4d9230f065, actual =fdc8ee4d9230f065
[2455000] SCOREBOARD MATCH: wdata passthrough beat=156 expected = eaa8bde0c53bc7da, actual =eaa8bde0c53bc7da
[2455000] SCOREBOARD MATCH: wdata passthrough beat=157 expected = 2692bcd4b902802b, actual =2692bcd4b902802b
[2455000] SCOREBOARD MATCH: wdata passthrough beat=158 expected = cb337091f1ceb2bb, actual =cb337091f1ceb2bb
[2455000] SCOREBOARD MATCH: wdata passthrough beat=159 expected = 370a7a96a45bab21, actual =370a7a96a45bab21
[2455000] SCOREBOARD MATCH: wdata passthrough beat=160 expected = dd5e2b4d35dc2e71, actual =dd5e2b4d35dc2e71
[2455000] SCOREBOARD MATCH: wdata passthrough beat=161 expected = a7aae12cdd9d376a, actual =a7aae12cdd9d376a
[2455000] SCOREBOARD MATCH: wdata passthrough beat=162 expected = 81f8e28b28919bde, actual =81f8e28b28919bde
[2455000] SCOREBOARD MATCH: wdata passthrough beat=163 expected = de6dca4fdeb55bc2, actual =de6dca4fdeb55bc2
[2455000] SCOREBOARD MATCH: wdata passthrough beat=164 expected = bc52932cdf570dd8, actual =bc52932cdf570dd8
[2455000] SCOREBOARD MATCH: wdata passthrough beat=165 expected = 87e8a9b68618ab7b, actual =87e8a9b68618ab7b
[2455000] SCOREBOARD MATCH: wdata passthrough beat=166 expected = e4ce073e3e4b75b8, actual =e4ce073e3e4b75b8
[2455000] SCOREBOARD MATCH: wdata passthrough beat=167 expected = 9da28390e6567405, actual =9da28390e6567405
[2455000] SCOREBOARD MATCH: wdata passthrough beat=168 expected = ec6f1f81a1209a6a, actual =ec6f1f81a1209a6a
[2455000] SCOREBOARD MATCH: wdata passthrough beat=169 expected = df6c1022258b2d47, actual =df6c1022258b2d47
[2455000] SCOREBOARD MATCH: wdata passthrough beat=170 expected = 8be1a14cd13d26bf, actual =8be1a14cd13d26bf
[2455000] SCOREBOARD MATCH: wdata passthrough beat=171 expected = f25dc129fd0e93b3, actual =f25dc129fd0e93b3
[2455000] SCOREBOARD MATCH: wdata passthrough beat=172 expected = 2299c0faf850c0cd, actual =2299c0faf850c0cd
[2455000] SCOREBOARD MATCH: wdata passthrough beat=173 expected = c98de78cd1c9d14c, actual =c98de78cd1c9d14c
[2455000] SCOREBOARD MATCH: wdata passthrough beat=174 expected = ced864ffae7b6246, actual =ced864ffae7b6246
[2455000] SCOREBOARD MATCH: wdata passthrough beat=175 expected = 26cc23143beba8b6, actual =26cc23143beba8b6
[2455000] SCOREBOARD MATCH: wdata passthrough beat=176 expected = db57a02f17225f9, actual =db57a02f17225f9
[2455000] SCOREBOARD MATCH: wdata passthrough beat=177 expected = 9fed883ff05a0aa0, actual =9fed883ff05a0aa0
[2455000] SCOREBOARD MATCH: wdata passthrough beat=178 expected = ac45b356dc8ddf01, actual =ac45b356dc8ddf01
[2455000] SCOREBOARD MATCH: wdata passthrough beat=179 expected = ce0004fac6b9ab53, actual =ce0004fac6b9ab53
[2455000] SCOREBOARD MATCH: wdata passthrough beat=180 expected = 3713b5f4b9fb2d58, actual =3713b5f4b9fb2d58
[2455000] SCOREBOARD MATCH: wdata passthrough beat=181 expected = 96890c59eded8d39, actual =96890c59eded8d39
[2455000] SCOREBOARD MATCH: wdata passthrough beat=182 expected = 34a7388de359694a, actual =34a7388de359694a
[2455000] SCOREBOARD MATCH: wdata passthrough beat=183 expected = 1d5496a3e4891153, actual =1d5496a3e4891153
[2455000] SCOREBOARD MATCH: wdata passthrough beat=184 expected = d2769e8debbaee81, actual =d2769e8debbaee81
[2455000] SCOREBOARD MATCH: wdata passthrough beat=185 expected = cf1457cbb3dda2fc, actual =cf1457cbb3dda2fc
[2455000] SCOREBOARD MATCH: wdata passthrough beat=186 expected = 1866b450071dd71a, actual =1866b450071dd71a
[2455000] SCOREBOARD MATCH: wdata passthrough beat=187 expected = f2d8c59bec68ee6e, actual =f2d8c59bec68ee6e
[2455000] SCOREBOARD MATCH: wdata passthrough beat=188 expected = 2046916beadd52dd, actual =2046916beadd52dd
[2455000] SCOREBOARD MATCH: wdata passthrough beat=189 expected = f1fb29f7c1ed1d66, actual =f1fb29f7c1ed1d66
[2455000] SCOREBOARD MATCH: wdata passthrough beat=190 expected = 2e560bd538ad45bb, actual =2e560bd538ad45bb
[2455000] SCOREBOARD MATCH: wdata passthrough beat=191 expected = 238a9898e4d3ef92, actual =238a9898e4d3ef92
[2455000] SCOREBOARD MATCH: wdata passthrough beat=192 expected = a6c10cf8ce9c9d40, actual =a6c10cf8ce9c9d40
[2455000] SCOREBOARD MATCH: wdata passthrough beat=193 expected = 749e2fb1585c28f, actual =749e2fb1585c28f
[2455000] SCOREBOARD MATCH: wdata passthrough beat=194 expected = fa59b221d51718cd, actual =fa59b221d51718cd
[2455000] SCOREBOARD MATCH: wdata passthrough beat=195 expected = a3b3b60d2ad47b93, actual =a3b3b60d2ad47b93
[2455000] SCOREBOARD MATCH: wdata passthrough beat=196 expected = c05a3e22a11abf19, actual =c05a3e22a11abf19
[2455000] SCOREBOARD MATCH: wdata passthrough beat=197 expected = f631d7e7aafd9908, actual =f631d7e7aafd9908
[2455000] SCOREBOARD MATCH: wdata passthrough beat=198 expected = d5d2149b3ab3f043, actual =d5d2149b3ab3f043
[2455000] SCOREBOARD MATCH: wdata passthrough beat=199 expected = dbceaf5c99e58df4, actual =dbceaf5c99e58df4
[2455000] SCOREBOARD MATCH: wdata passthrough beat=200 expected = c4e326fd962c52bd, actual =c4e326fd962c52bd
[2455000] SCOREBOARD MATCH: wdata passthrough beat=201 expected = d0e04300d2008743, actual =d0e04300d2008743
[2455000] SCOREBOARD MATCH: wdata passthrough beat=202 expected = ebe615389ab53b98, actual =ebe615389ab53b98
[2455000] SCOREBOARD MATCH: wdata passthrough beat=203 expected = 30e18e562caef25d, actual =30e18e562caef25d
[2455000] SCOREBOARD MATCH: wdata passthrough beat=204 expected = feaf79a030c93c35, actual =feaf79a030c93c35
[2455000] SCOREBOARD MATCH: wdata passthrough beat=205 expected = cb7e77cd81c1d156, actual =cb7e77cd81c1d156
[2455000] SCOREBOARD MATCH: wdata passthrough beat=206 expected = ae70c3b3ea958ed8, actual =ae70c3b3ea958ed8
[2455000] SCOREBOARD MATCH: wdata passthrough beat=207 expected = 9b5ecb0dfc600623, actual =9b5ecb0dfc600623
[2455000] SCOREBOARD MATCH: wdata passthrough beat=208 expected = fe21d77a2d203d54, actual =fe21d77a2d203d54
[2455000] SCOREBOARD MATCH: wdata passthrough beat=209 expected = 97b5cc2ce6dd42db, actual =97b5cc2ce6dd42db
[2455000] SCOREBOARD MATCH: wdata passthrough beat=210 expected = e33d48feac929b2d, actual =e33d48feac929b2d
[2455000] SCOREBOARD MATCH: wdata passthrough beat=211 expected = d9b2d8813314973a, actual =d9b2d8813314973a
[2455000] SCOREBOARD MATCH: wdata passthrough beat=212 expected = 19f1da15e15f2078, actual =19f1da15e15f2078
[2455000] SCOREBOARD MATCH: wdata passthrough beat=213 expected = df1bba6f168a4ae, actual =df1bba6f168a4ae
[2455000] SCOREBOARD MATCH: wdata passthrough beat=214 expected = 247d3be8fd2f2313, actual =247d3be8fd2f2313
[2455000] SCOREBOARD MATCH: wdata passthrough beat=215 expected = de8e438ce7a49427, actual =de8e438ce7a49427
[2455000] SCOREBOARD MATCH: wdata passthrough beat=216 expected = d90d38d53e6f15fd, actual =d90d38d53e6f15fd
[2455000] SCOREBOARD MATCH: wdata passthrough beat=217 expected = bb9e3910ec7fff32, actual =bb9e3910ec7fff32
[2455000] SCOREBOARD MATCH: wdata passthrough beat=218 expected = d4249359fd8a74bd, actual =d4249359fd8a74bd
[2455000] SCOREBOARD MATCH: wdata passthrough beat=219 expected = bbf98aba9a2c7c9c, actual =bbf98aba9a2c7c9c
[2455000] SCOREBOARD MATCH: wdata passthrough beat=220 expected = 86ac7bce2d31cc2f, actual =86ac7bce2d31cc2f
[2455000] SCOREBOARD MATCH: wdata passthrough beat=221 expected = aabc40ecf797c3cb, actual =aabc40ecf797c3cb
[2455000] SCOREBOARD MATCH: wdata passthrough beat=222 expected = 91c44067dad10f28, actual =91c44067dad10f28
[2455000] SCOREBOARD MATCH: wdata passthrough beat=223 expected = 802db57e6b5cba7, actual =802db57e6b5cba7
[2455000] SCOREBOARD MATCH: wdata passthrough beat=224 expected = de4d8f721870bc36, actual =de4d8f721870bc36
[2455000] SCOREBOARD MATCH: wdata passthrough beat=225 expected = f341cb5eb2bf1c43, actual =f341cb5eb2bf1c43
[2455000] SCOREBOARD MATCH: wdata passthrough beat=226 expected = 9974e7eaf011cfd9, actual =9974e7eaf011cfd9
[2455000] SCOREBOARD MATCH: wdata passthrough beat=227 expected = 88828c0ffb44a6b5, actual =88828c0ffb44a6b5
[2455000] SCOREBOARD MATCH: wdata passthrough beat=228 expected = ae03c2f8f7c2775c, actual =ae03c2f8f7c2775c
[2455000] SCOREBOARD MATCH: wdata passthrough beat=229 expected = e7d44736fbc4576d, actual =e7d44736fbc4576d
[2455000] SCOREBOARD MATCH: wdata passthrough beat=230 expected = f708fe22c778aae3, actual =f708fe22c778aae3
[2455000] SCOREBOARD MATCH: wdata passthrough beat=231 expected = bf3b223ff056d345, actual =bf3b223ff056d345
[2455000] SCOREBOARD MATCH: wdata passthrough beat=232 expected = ec1b2ab3250cc11b, actual =ec1b2ab3250cc11b
[2455000] SCOREBOARD MATCH: wdata passthrough beat=233 expected = ec856bfea70f6975, actual =ec856bfea70f6975
[2455000] SCOREBOARD MATCH: wdata passthrough beat=234 expected = 17663cbbe32428d5, actual =17663cbbe32428d5
[2455000] SCOREBOARD MATCH: wdata passthrough beat=235 expected = 8830e9f0abc08e3d, actual =8830e9f0abc08e3d
[2455000] SCOREBOARD MATCH: wdata passthrough beat=236 expected = d2cff7b30381676e, actual =d2cff7b30381676e
[2455000] SCOREBOARD MATCH: wstrb size check expected = ed, actual =ed
[2455000] SCOREBOARD MATCH: wstrb passthrough beat=0 expected = ee, actual =ee
[2455000] SCOREBOARD MATCH: wstrb passthrough beat=1 expected = 43, actual =43
[2455000] SCOREBOARD MATCH: wstrb passthrough beat=2 expected = 6e, actual =6e
[2455000] SCOREBOARD MATCH: wstrb passthrough beat=3 expected = 2c, actual =2c
[2455000] SCOREBOARD MATCH: wstrb passthrough beat=4 expected = 34, actual =34
[2455000] SCOREBOARD MATCH: wstrb passthrough beat=5 expected = dc, actual =dc
[2455000] SCOREBOARD MATCH: wstrb passthrough beat=6 expected = df, actual =df
[2455000] SCOREBOARD MATCH: wstrb passthrough beat=7 expected = 22, actual =22
[2455000] SCOREBOARD MATCH: wstrb passthrough beat=8 expected = 1f, actual =1f
[2455000] SCOREBOARD MATCH: wstrb passthrough beat=9 expected = 4d, actual =4d
[2455000] SCOREBOARD MATCH: wstrb passthrough beat=10 expected = 4e, actual =4e
[2455000] SCOREBOARD MATCH: wstrb passthrough beat=11 expected = 53, actual =53
[2455000] SCOREBOARD MATCH: wstrb passthrough beat=12 expected = 29, actual =29
[2455000] SCOREBOARD MATCH: wstrb passthrough beat=13 expected = 2d, actual =2d
[2455000] SCOREBOARD MATCH: wstrb passthrough beat=14 expected = 76, actual =76
[2455000] SCOREBOARD MATCH: wstrb passthrough beat=15 expected = 48, actual =48
[2455000] SCOREBOARD MATCH: wstrb passthrough beat=16 expected = 7a, actual =7a
[2455000] SCOREBOARD MATCH: wstrb passthrough beat=17 expected = c4, actual =c4
[2455000] SCOREBOARD MATCH: wstrb passthrough beat=18 expected = 9c, actual =9c
[2455000] SCOREBOARD MATCH: wstrb passthrough beat=19 expected = a3, actual =a3
[2455000] SCOREBOARD MATCH: wstrb passthrough beat=20 expected = f2, actual =f2
[2455000] SCOREBOARD MATCH: wstrb passthrough beat=21 expected = 12, actual =12
[2455000] SCOREBOARD MATCH: wstrb passthrough beat=22 expected = ec, actual =ec
[2455000] SCOREBOARD MATCH: wstrb passthrough beat=23 expected = 6c, actual =6c
[2455000] SCOREBOARD MATCH: wstrb passthrough beat=24 expected = d6, actual =d6
[2455000] SCOREBOARD MATCH: wstrb passthrough beat=25 expected = 88, actual =88
[2455000] SCOREBOARD MATCH: wstrb passthrough beat=26 expected = 10, actual =10
[2455000] SCOREBOARD MATCH: wstrb passthrough beat=27 expected = c8, actual =c8
[2455000] SCOREBOARD MATCH: wstrb passthrough beat=28 expected = 9a, actual =9a
[2455000] SCOREBOARD MATCH: wstrb passthrough beat=29 expected = fc, actual =fc
[2455000] SCOREBOARD MATCH: wstrb passthrough beat=30 expected = 35, actual =35
[2455000] SCOREBOARD MATCH: wstrb passthrough beat=31 expected = 70, actual =70
[2455000] SCOREBOARD MATCH: wstrb passthrough beat=32 expected = 84, actual =84
[2455000] SCOREBOARD MATCH: wstrb passthrough beat=33 expected = 45, actual =45
[2455000] SCOREBOARD MATCH: wstrb passthrough beat=34 expected = 39, actual =39
[2455000] SCOREBOARD MATCH: wstrb passthrough beat=35 expected = 1e, actual =1e
[2455000] SCOREBOARD MATCH: wstrb passthrough beat=36 expected = 41, actual =41
[2455000] SCOREBOARD MATCH: wstrb passthrough beat=37 expected = 6e, actual =6e
[2455000] SCOREBOARD MATCH: wstrb passthrough beat=38 expected = 8e, actual =8e
[2455000] SCOREBOARD MATCH: wstrb passthrough beat=39 expected = c5, actual =c5
[2455000] SCOREBOARD MATCH: wstrb passthrough beat=40 expected = b3, actual =b3
[2455000] SCOREBOARD MATCH: wstrb passthrough beat=41 expected = c7, actual =c7
[2455000] SCOREBOARD MATCH: wstrb passthrough beat=42 expected = e3, actual =e3
[2455000] SCOREBOARD MATCH: wstrb passthrough beat=43 expected = f4, actual =f4
[2455000] SCOREBOARD MATCH: wstrb passthrough beat=44 expected = 35, actual =35
[2455000] SCOREBOARD MATCH: wstrb passthrough beat=45 expected = 71, actual =71
[2455000] SCOREBOARD MATCH: wstrb passthrough beat=46 expected = b9, actual =b9
[2455000] SCOREBOARD MATCH: wstrb passthrough beat=47 expected = e8, actual =e8
[2455000] SCOREBOARD MATCH: wstrb passthrough beat=48 expected = 39, actual =39
[2455000] SCOREBOARD MATCH: wstrb passthrough beat=49 expected = 9c, actual =9c
[2455000] SCOREBOARD MATCH: wstrb passthrough beat=50 expected = dc, actual =dc
[2455000] SCOREBOARD MATCH: wstrb passthrough beat=51 expected = 6e, actual =6e
[2455000] SCOREBOARD MATCH: wstrb passthrough beat=52 expected = d, actual =d
[2455000] SCOREBOARD MATCH: wstrb passthrough beat=53 expected = 95, actual =95
[2455000] SCOREBOARD MATCH: wstrb passthrough beat=54 expected = 57, actual =57
[2455000] SCOREBOARD MATCH: wstrb passthrough beat=55 expected = 46, actual =46
[2455000] SCOREBOARD MATCH: wstrb passthrough beat=56 expected = 31, actual =31
[2455000] SCOREBOARD MATCH: wstrb passthrough beat=57 expected = 33, actual =33
[2455000] SCOREBOARD MATCH: wstrb passthrough beat=58 expected = b5, actual =b5
[2455000] SCOREBOARD MATCH: wstrb passthrough beat=59 expected = 3f, actual =3f
[2455000] SCOREBOARD MATCH: wstrb passthrough beat=60 expected = c9, actual =c9
[2455000] SCOREBOARD MATCH: wstrb passthrough beat=61 expected = c, actual =c
[2455000] SCOREBOARD MATCH: wstrb passthrough beat=62 expected = 85, actual =85
[2455000] SCOREBOARD MATCH: wstrb passthrough beat=63 expected = fa, actual =fa
[2455000] SCOREBOARD MATCH: wstrb passthrough beat=64 expected = 3f, actual =3f
[2455000] SCOREBOARD MATCH: wstrb passthrough beat=65 expected = 3a, actual =3a
[2455000] SCOREBOARD MATCH: wstrb passthrough beat=66 expected = 39, actual =39
[2455000] SCOREBOARD MATCH: wstrb passthrough beat=67 expected = 8, actual =8
[2455000] SCOREBOARD MATCH: wstrb passthrough beat=68 expected = 46, actual =46
[2455000] SCOREBOARD MATCH: wstrb passthrough beat=69 expected = bf, actual =bf
[2455000] SCOREBOARD MATCH: wstrb passthrough beat=70 expected = 3, actual =3
[2455000] SCOREBOARD MATCH: wstrb passthrough beat=71 expected = 86, actual =86
[2455000] SCOREBOARD MATCH: wstrb passthrough beat=72 expected = f9, actual =f9
[2455000] SCOREBOARD MATCH: wstrb passthrough beat=73 expected = 3c, actual =3c
[2455000] SCOREBOARD MATCH: wstrb passthrough beat=74 expected = 8e, actual =8e
[2455000] SCOREBOARD MATCH: wstrb passthrough beat=75 expected = 40, actual =40
[2455000] SCOREBOARD MATCH: wstrb passthrough beat=76 expected = fb, actual =fb
[2455000] SCOREBOARD MATCH: wstrb passthrough beat=77 expected = 91, actual =91
[2455000] SCOREBOARD MATCH: wstrb passthrough beat=78 expected = c6, actual =c6
[2455000] SCOREBOARD MATCH: wstrb passthrough beat=79 expected = f5, actual =f5
[2455000] SCOREBOARD MATCH: wstrb passthrough beat=80 expected = ce, actual =ce
[2455000] SCOREBOARD MATCH: wstrb passthrough beat=81 expected = 54, actual =54
[2455000] SCOREBOARD MATCH: wstrb passthrough beat=82 expected = 35, actual =35
[2455000] SCOREBOARD MATCH: wstrb passthrough beat=83 expected = c9, actual =c9
[2455000] SCOREBOARD MATCH: wstrb passthrough beat=84 expected = e6, actual =e6
[2455000] SCOREBOARD MATCH: wstrb passthrough beat=85 expected = fb, actual =fb
[2455000] SCOREBOARD MATCH: wstrb passthrough beat=86 expected = be, actual =be
[2455000] SCOREBOARD MATCH: wstrb passthrough beat=87 expected = b4, actual =b4
[2455000] SCOREBOARD MATCH: wstrb passthrough beat=88 expected = 4f, actual =4f
[2455000] SCOREBOARD MATCH: wstrb passthrough beat=89 expected = f3, actual =f3
[2455000] SCOREBOARD MATCH: wstrb passthrough beat=90 expected = 7d, actual =7d
[2455000] SCOREBOARD MATCH: wstrb passthrough beat=91 expected = 35, actual =35
[2455000] SCOREBOARD MATCH: wstrb passthrough beat=92 expected = ee, actual =ee
[2455000] SCOREBOARD MATCH: wstrb passthrough beat=93 expected = 3c, actual =3c
[2455000] SCOREBOARD MATCH: wstrb passthrough beat=94 expected = e9, actual =e9
[2455000] SCOREBOARD MATCH: wstrb passthrough beat=95 expected = 3e, actual =3e
[2455000] SCOREBOARD MATCH: wstrb passthrough beat=96 expected = 2f, actual =2f
[2455000] SCOREBOARD MATCH: wstrb passthrough beat=97 expected = 67, actual =67
[2455000] SCOREBOARD MATCH: wstrb passthrough beat=98 expected = 73, actual =73
[2455000] SCOREBOARD MATCH: wstrb passthrough beat=99 expected = 1e, actual =1e
[2455000] SCOREBOARD MATCH: wstrb passthrough beat=100 expected = a3, actual =a3
[2455000] SCOREBOARD MATCH: wstrb passthrough beat=101 expected = 5d, actual =5d
[2455000] SCOREBOARD MATCH: wstrb passthrough beat=102 expected = 5c, actual =5c
[2455000] SCOREBOARD MATCH: wstrb passthrough beat=103 expected = d2, actual =d2
[2455000] SCOREBOARD MATCH: wstrb passthrough beat=104 expected = c4, actual =c4
[2455000] SCOREBOARD MATCH: wstrb passthrough beat=105 expected = cf, actual =cf
[2455000] SCOREBOARD MATCH: wstrb passthrough beat=106 expected = f0, actual =f0
[2455000] SCOREBOARD MATCH: wstrb passthrough beat=107 expected = 67, actual =67
[2455000] SCOREBOARD MATCH: wstrb passthrough beat=108 expected = 2c, actual =2c
[2455000] SCOREBOARD MATCH: wstrb passthrough beat=109 expected = 4c, actual =4c
[2455000] SCOREBOARD MATCH: wstrb passthrough beat=110 expected = 39, actual =39
[2455000] SCOREBOARD MATCH: wstrb passthrough beat=111 expected = f0, actual =f0
[2455000] SCOREBOARD MATCH: wstrb passthrough beat=112 expected = 1c, actual =1c
[2455000] SCOREBOARD MATCH: wstrb passthrough beat=113 expected = 2a, actual =2a
[2455000] SCOREBOARD MATCH: wstrb passthrough beat=114 expected = 57, actual =57
[2455000] SCOREBOARD MATCH: wstrb passthrough beat=115 expected = 48, actual =48
[2455000] SCOREBOARD MATCH: wstrb passthrough beat=116 expected = 76, actual =76
[2455000] SCOREBOARD MATCH: wstrb passthrough beat=117 expected = 91, actual =91
[2455000] SCOREBOARD MATCH: wstrb passthrough beat=118 expected = 39, actual =39
[2455000] SCOREBOARD MATCH: wstrb passthrough beat=119 expected = 92, actual =92
[2455000] SCOREBOARD MATCH: wstrb passthrough beat=120 expected = bb, actual =bb
[2455000] SCOREBOARD MATCH: wstrb passthrough beat=121 expected = 90, actual =90
[2455000] SCOREBOARD MATCH: wstrb passthrough beat=122 expected = db, actual =db
[2455000] SCOREBOARD MATCH: wstrb passthrough beat=123 expected = 31, actual =31
[2455000] SCOREBOARD MATCH: wstrb passthrough beat=124 expected = 21, actual =21
[2455000] SCOREBOARD MATCH: wstrb passthrough beat=125 expected = 14, actual =14
[2455000] SCOREBOARD MATCH: wstrb passthrough beat=126 expected = c4, actual =c4
[2455000] SCOREBOARD MATCH: wstrb passthrough beat=127 expected = dc, actual =dc
[2455000] SCOREBOARD MATCH: wstrb passthrough beat=128 expected = a4, actual =a4
[2455000] SCOREBOARD MATCH: wstrb passthrough beat=129 expected = 9f, actual =9f
[2455000] SCOREBOARD MATCH: wstrb passthrough beat=130 expected = e, actual =e
[2455000] SCOREBOARD MATCH: wstrb passthrough beat=131 expected = c6, actual =c6
[2455000] SCOREBOARD MATCH: wstrb passthrough beat=132 expected = b3, actual =b3
[2455000] SCOREBOARD MATCH: wstrb passthrough beat=133 expected = d2, actual =d2
[2455000] SCOREBOARD MATCH: wstrb passthrough beat=134 expected = a2, actual =a2
[2455000] SCOREBOARD MATCH: wstrb passthrough beat=135 expected = 57, actual =57
[2455000] SCOREBOARD MATCH: wstrb passthrough beat=136 expected = 71, actual =71
[2455000] SCOREBOARD MATCH: wstrb passthrough beat=137 expected = b0, actual =b0
[2455000] SCOREBOARD MATCH: wstrb passthrough beat=138 expected = 1d, actual =1d
[2455000] SCOREBOARD MATCH: wstrb passthrough beat=139 expected = 24, actual =24
[2455000] SCOREBOARD MATCH: wstrb passthrough beat=140 expected = 82, actual =82
[2455000] SCOREBOARD MATCH: wstrb passthrough beat=141 expected = c0, actual =c0
[2455000] SCOREBOARD MATCH: wstrb passthrough beat=142 expected = 7b, actual =7b
[2455000] SCOREBOARD MATCH: wstrb passthrough beat=143 expected = f3, actual =f3
[2455000] SCOREBOARD MATCH: wstrb passthrough beat=144 expected = 70, actual =70
[2455000] SCOREBOARD MATCH: wstrb passthrough beat=145 expected = 99, actual =99
[2455000] SCOREBOARD MATCH: wstrb passthrough beat=146 expected = 17, actual =17
[2455000] SCOREBOARD MATCH: wstrb passthrough beat=147 expected = f3, actual =f3
[2455000] SCOREBOARD MATCH: wstrb passthrough beat=148 expected = 59, actual =59
[2455000] SCOREBOARD MATCH: wstrb passthrough beat=149 expected = 93, actual =93
[2455000] SCOREBOARD MATCH: wstrb passthrough beat=150 expected = e6, actual =e6
[2455000] SCOREBOARD MATCH: wstrb passthrough beat=151 expected = c9, actual =c9
[2455000] SCOREBOARD MATCH: wstrb passthrough beat=152 expected = 2c, actual =2c
[2455000] SCOREBOARD MATCH: wstrb passthrough beat=153 expected = fe, actual =fe
[2455000] SCOREBOARD MATCH: wstrb passthrough beat=154 expected = bc, actual =bc
[2455000] SCOREBOARD MATCH: wstrb passthrough beat=155 expected = 85, actual =85
[2455000] SCOREBOARD MATCH: wstrb passthrough beat=156 expected = 91, actual =91
[2455000] SCOREBOARD MATCH: wstrb passthrough beat=157 expected = a3, actual =a3
[2455000] SCOREBOARD MATCH: wstrb passthrough beat=158 expected = 4e, actual =4e
[2455000] SCOREBOARD MATCH: wstrb passthrough beat=159 expected = bd, actual =bd
[2455000] SCOREBOARD MATCH: wstrb passthrough beat=160 expected = a1, actual =a1
[2455000] SCOREBOARD MATCH: wstrb passthrough beat=161 expected = b, actual =b
[2455000] SCOREBOARD MATCH: wstrb passthrough beat=162 expected = 42, actual =42
[2455000] SCOREBOARD MATCH: wstrb passthrough beat=163 expected = 32, actual =32
[2455000] SCOREBOARD MATCH: wstrb passthrough beat=164 expected = ae, actual =ae
[2455000] SCOREBOARD MATCH: wstrb passthrough beat=165 expected = 90, actual =90
[2455000] SCOREBOARD MATCH: wstrb passthrough beat=166 expected = ef, actual =ef
[2455000] SCOREBOARD MATCH: wstrb passthrough beat=167 expected = 4f, actual =4f
[2455000] SCOREBOARD MATCH: wstrb passthrough beat=168 expected = 9b, actual =9b
[2455000] SCOREBOARD MATCH: wstrb passthrough beat=169 expected = 31, actual =31
[2455000] SCOREBOARD MATCH: wstrb passthrough beat=170 expected = 81, actual =81
[2455000] SCOREBOARD MATCH: wstrb passthrough beat=171 expected = 49, actual =49
[2455000] SCOREBOARD MATCH: wstrb passthrough beat=172 expected = c1, actual =c1
[2455000] SCOREBOARD MATCH: wstrb passthrough beat=173 expected = 70, actual =70
[2455000] SCOREBOARD MATCH: wstrb passthrough beat=174 expected = 98, actual =98
[2455000] SCOREBOARD MATCH: wstrb passthrough beat=175 expected = 5d, actual =5d
[2455000] SCOREBOARD MATCH: wstrb passthrough beat=176 expected = a1, actual =a1
[2455000] SCOREBOARD MATCH: wstrb passthrough beat=177 expected = 19, actual =19
[2455000] SCOREBOARD MATCH: wstrb passthrough beat=178 expected = a6, actual =a6
[2455000] SCOREBOARD MATCH: wstrb passthrough beat=179 expected = 62, actual =62
[2455000] SCOREBOARD MATCH: wstrb passthrough beat=180 expected = 89, actual =89
[2455000] SCOREBOARD MATCH: wstrb passthrough beat=181 expected = 3f, actual =3f
[2455000] SCOREBOARD MATCH: wstrb passthrough beat=182 expected = bf, actual =bf
[2455000] SCOREBOARD MATCH: wstrb passthrough beat=183 expected = 2a, actual =2a
[2455000] SCOREBOARD MATCH: wstrb passthrough beat=184 expected = 58, actual =58
[2455000] SCOREBOARD MATCH: wstrb passthrough beat=185 expected = 66, actual =66
[2455000] SCOREBOARD MATCH: wstrb passthrough beat=186 expected = 8d, actual =8d
[2455000] SCOREBOARD MATCH: wstrb passthrough beat=187 expected = e2, actual =e2
[2455000] SCOREBOARD MATCH: wstrb passthrough beat=188 expected = a5, actual =a5
[2455000] SCOREBOARD MATCH: wstrb passthrough beat=189 expected = 4c, actual =4c
[2455000] SCOREBOARD MATCH: wstrb passthrough beat=190 expected = c, actual =c
[2455000] SCOREBOARD MATCH: wstrb passthrough beat=191 expected = fd, actual =fd
[2455000] SCOREBOARD MATCH: wstrb passthrough beat=192 expected = b2, actual =b2
[2455000] SCOREBOARD MATCH: wstrb passthrough beat=193 expected = 99, actual =99
[2455000] SCOREBOARD MATCH: wstrb passthrough beat=194 expected = df, actual =df
[2455000] SCOREBOARD MATCH: wstrb passthrough beat=195 expected = 57, actual =57
[2455000] SCOREBOARD MATCH: wstrb passthrough beat=196 expected = e6, actual =e6
[2455000] SCOREBOARD MATCH: wstrb passthrough beat=197 expected = ec, actual =ec
[2455000] SCOREBOARD MATCH: wstrb passthrough beat=198 expected = 55, actual =55
[2455000] SCOREBOARD MATCH: wstrb passthrough beat=199 expected = 98, actual =98
[2455000] SCOREBOARD MATCH: wstrb passthrough beat=200 expected = 85, actual =85
[2455000] SCOREBOARD MATCH: wstrb passthrough beat=201 expected = 34, actual =34
[2455000] SCOREBOARD MATCH: wstrb passthrough beat=202 expected = f0, actual =f0
[2455000] SCOREBOARD MATCH: wstrb passthrough beat=203 expected = 6b, actual =6b
[2455000] SCOREBOARD MATCH: wstrb passthrough beat=204 expected = 20, actual =20
[2455000] SCOREBOARD MATCH: wstrb passthrough beat=205 expected = 45, actual =45
[2455000] SCOREBOARD MATCH: wstrb passthrough beat=206 expected = 4, actual =4
[2455000] SCOREBOARD MATCH: wstrb passthrough beat=207 expected = a6, actual =a6
[2455000] SCOREBOARD MATCH: wstrb passthrough beat=208 expected = 79, actual =79
[2455000] SCOREBOARD MATCH: wstrb passthrough beat=209 expected = f4, actual =f4
[2455000] SCOREBOARD MATCH: wstrb passthrough beat=210 expected = 11, actual =11
[2455000] SCOREBOARD MATCH: wstrb passthrough beat=211 expected = 9a, actual =9a
[2455000] SCOREBOARD MATCH: wstrb passthrough beat=212 expected = 39, actual =39
[2455000] SCOREBOARD MATCH: wstrb passthrough beat=213 expected = 15, actual =15
[2455000] SCOREBOARD MATCH: wstrb passthrough beat=214 expected = 40, actual =40
[2455000] SCOREBOARD MATCH: wstrb passthrough beat=215 expected = b2, actual =b2
[2455000] SCOREBOARD MATCH: wstrb passthrough beat=216 expected = 9, actual =9
[2455000] SCOREBOARD MATCH: wstrb passthrough beat=217 expected = 51, actual =51
[2455000] SCOREBOARD MATCH: wstrb passthrough beat=218 expected = 4c, actual =4c
[2455000] SCOREBOARD MATCH: wstrb passthrough beat=219 expected = 42, actual =42
[2455000] SCOREBOARD MATCH: wstrb passthrough beat=220 expected = 67, actual =67
[2455000] SCOREBOARD MATCH: wstrb passthrough beat=221 expected = 8c, actual =8c
[2455000] SCOREBOARD MATCH: wstrb passthrough beat=222 expected = f5, actual =f5
[2455000] SCOREBOARD MATCH: wstrb passthrough beat=223 expected = 70, actual =70
[2455000] SCOREBOARD MATCH: wstrb passthrough beat=224 expected = de, actual =de
[2455000] SCOREBOARD MATCH: wstrb passthrough beat=225 expected = 41, actual =41
[2455000] SCOREBOARD MATCH: wstrb passthrough beat=226 expected = b3, actual =b3
[2455000] SCOREBOARD MATCH: wstrb passthrough beat=227 expected = 45, actual =45
[2455000] SCOREBOARD MATCH: wstrb passthrough beat=228 expected = ce, actual =ce
[2455000] SCOREBOARD MATCH: wstrb passthrough beat=229 expected = a8, actual =a8
[2455000] SCOREBOARD MATCH: wstrb passthrough beat=230 expected = b5, actual =b5
[2455000] SCOREBOARD MATCH: wstrb passthrough beat=231 expected = ac, actual =ac
[2455000] SCOREBOARD MATCH: wstrb passthrough beat=232 expected = e9, actual =e9
[2455000] SCOREBOARD MATCH: wstrb passthrough beat=233 expected = 68, actual =68
[2455000] SCOREBOARD MATCH: wstrb passthrough beat=234 expected = f1, actual =f1
[2455000] SCOREBOARD MATCH: wstrb passthrough beat=235 expected = b7, actual =b7
[2455000] SCOREBOARD MATCH: wstrb passthrough beat=236 expected = 10, actual =10
[2455000] SCOREBOARD MATCH: bresp passthrough expected = 0, actual =0
[2455000] SCOREBOARD MATCH: response routed to correct master (write) expected = 0, actual =0
[2455000] [SCOREBOARD-M] mst_id=0 s_id=1 awaddr=19a14a00 awid=100 awlen=236 awsize=3 awburst=1 wdata=[ca849f66fc3a3f85 130b9eae77bafa5 c51ca815adb8c8a6 a9f3082be794733b cf1022e00fa1477b bd5a1021ab23c215 92b83550142ccaf5 23ce1270e74d184d 9270da62e1c85830 f5f52325e1282291 c8753ade25290fb3 86f167e399c33595 faeb5827dae61541 f24f4fce68b09 96a9c09ec3609305 9e46a84687008cd7 83e717e0919518c5 d4f5abcb9e55cd3a 25565a121a90d87f ac25f144f33c5411 1192214ca93d71f2 c3ce4a71811b9d0f f457f12136e87b5e e025ed50eff43bb6 f10fd8c505ea126d 3cd28dcb23f437c2 13e87378e567c9e6 eb51dc539cf87b1b c0ecb2dd84f84c3d ea601624a8246a1e c51ce53ad4d52655 d9cd7293d5b1f277 fdd65c9686099817 dadebe6dc42d88b7 99df7b2ec2f341d0 c8fcd9e734ac3100 f8d9b9b797b5d7c4 daa91994a3db9854 d887c95492b934e5 2a6f0caa23a5f37c c7818bd0d161830b e41ab7f18518263e a8be19ba20095525 f16ad8300e89c49b 93a1ead9f03fa58b 1048fab0d5859021 e40f54bc3c600494 2c9faa1f81b3d2e0 d7396302f7b13f96 3411442a3ce8a4cf be9c77afbb48b7be b2f9f754e0b0ee49 1d99931895d5dab1 d11e9270e70b3b7e c7bc29c7dc360ac7 f20be579841889c4 eb23c543e555bcdf c18bc7a7c32a77e9 c74301adb2dfef0a 1835abea3397ad20 f6c22509b266c6f0 e546b5fbd9c17391 d5920b1be0526b6 f06beda7fd7c61e5 d73dd576041b45ba c2206c70d5b2a3a2 d32f0587e496f627 e8b23be1b28c5a17 883efdb92a6cdafd f03d124aad2a851 dd5f0269db6e0340 85dade3df7b60d05 a288b556e59e0022 c10c036394deaf61 8c94bc66ffe7b7bf e585b7e2c6e6e1a0 dbc591022f1d71bd af05297c2691bb45 ed789ce5e85a4d68 9777bf25948ae15e bb1c9ca3c93e2de7 31987b50c67ce8a2 db07ca0028953989 f1d36770c9103a75 8f8d2317162466a4 3eb9a02da36be2c0 ec7c1d36ea94ed18 b953bcb08d079d d3f8ea5efc09404d e69e2d653f72f3e9 effffb86c0750794 bc7e47e1e7578121 a6ca750ac3f8e5e4 846ded78231c7547 8a73f66816ca7091 dac35675c0ec355a e408aaa1313e6b73 c808dc04df3143ee 201d7948ee7ca109 9fbb0c7ca2cc3279 81fd7667042623e9 f2a2c4f2e7c3e880 a901afaa21aefaf a6411398125dd16f fa21b9ef8c8d9161 2ea8811118e3d88b 2b41a9fa84b1d4e9 113f664bd4e994a9 edcd6d34a56363e9 2a1538d33fe7e75c 94d17c05990f172e 3e727b183b549f1e fb3c867a029ee93a 9bae0068e887b3eb 23dc5309900e027f 92acebb9da207b80 c2a82f6b1f18d983 af26dc022e5aec22 887b67a2e6848274 859d5bf7c1d3c7bc f02eb3decb23970e b1a8198234c437fa f697ffb6f8aa1b80 c3cdb28e3745757a ec09ad74e6c6b394 df70cf14f575cc11 2cbb418be2a1ad2a c96860be233e81a3 18b44db418c4eeff fb669c29a8d92fd2 cc17b175c56f8f3f de347e3ec4cefce7 eda82cb9e4cbff29 aa3b8e68d99b1a67 1e6a174e39bfde2f 9e8bdd5888700ca6 e20b270d8c124407 c5d22236c8c76bc1 d137786780753e5b c878263e45dff8f 2d256b5033429f75 b3b7ddd0d259a499 b6b7a428fe5ce3b7 b19f832cc03f6033 129904cde3dd0f78 e239f330e55760fd a596c130c950a8f5 2d2db86e93d9765c f930d759b82fc5fd 1806ef30f67ab9e a34121fa1ec7988a d6f75e872eae2761 3e15d2ff1c71f954 3b3991ded877cd7a 8725f4dbe156f4f9 fdc8ee4d9230f065 eaa8bde0c53bc7da 2692bcd4b902802b cb337091f1ceb2bb 370a7a96a45bab21 dd5e2b4d35dc2e71 a7aae12cdd9d376a 81f8e28b28919bde de6dca4fdeb55bc2 bc52932cdf570dd8 87e8a9b68618ab7b e4ce073e3e4b75b8 9da28390e6567405 ec6f1f81a1209a6a df6c1022258b2d47 8be1a14cd13d26bf f25dc129fd0e93b3 2299c0faf850c0cd c98de78cd1c9d14c ced864ffae7b6246 26cc23143beba8b6 db57a02f17225f9 9fed883ff05a0aa0 ac45b356dc8ddf01 ce0004fac6b9ab53 3713b5f4b9fb2d58 96890c59eded8d39 34a7388de359694a 1d5496a3e4891153 d2769e8debbaee81 cf1457cbb3dda2fc 1866b450071dd71a f2d8c59bec68ee6e 2046916beadd52dd f1fb29f7c1ed1d66 2e560bd538ad45bb 238a9898e4d3ef92 a6c10cf8ce9c9d40 749e2fb1585c28f fa59b221d51718cd a3b3b60d2ad47b93 c05a3e22a11abf19 f631d7e7aafd9908 d5d2149b3ab3f043 dbceaf5c99e58df4 c4e326fd962c52bd d0e04300d2008743 ebe615389ab53b98 30e18e562caef25d feaf79a030c93c35 cb7e77cd81c1d156 ae70c3b3ea958ed8 9b5ecb0dfc600623 fe21d77a2d203d54 97b5cc2ce6dd42db e33d48feac929b2d d9b2d8813314973a 19f1da15e15f2078 df1bba6f168a4ae 247d3be8fd2f2313 de8e438ce7a49427 d90d38d53e6f15fd bb9e3910ec7fff32 d4249359fd8a74bd bbf98aba9a2c7c9c 86ac7bce2d31cc2f aabc40ecf797c3cb 91c44067dad10f28 802db57e6b5cba7 de4d8f721870bc36 f341cb5eb2bf1c43 9974e7eaf011cfd9 88828c0ffb44a6b5 ae03c2f8f7c2775c e7d44736fbc4576d f708fe22c778aae3 bf3b223ff056d345 ec1b2ab3250cc11b ec856bfea70f6975 17663cbbe32428d5 8830e9f0abc08e3d d2cff7b30381676e ] wstrb=[ee 43 6e 2c 34 dc df 22 1f 4d 4e 53 29 2d 76 48 7a c4 9c a3 f2 12 ec 6c d6 88 10 c8 9a fc 35 70 84 45 39 1e 41 6e 8e c5 b3 c7 e3 f4 35 71 b9 e8 39 9c dc 6e d 95 57 46 31 33 b5 3f c9 c 85 fa 3f 3a 39 8 46 bf 3 86 f9 3c 8e 40 fb 91 c6 f5 ce 54 35 c9 e6 fb be b4 4f f3 7d 35 ee 3c e9 3e 2f 67 73 1e a3 5d 5c d2 c4 cf f0 67 2c 4c 39 f0 1c 2a 57 48 76 91 39 92 bb 90 db 31 21 14 c4 dc a4 9f e c6 b3 d2 a2 57 71 b0 1d 24 82 c0 7b f3 70 99 17 f3 59 93 e6 c9 2c fe bc 85 91 a3 4e bd a1 b 42 32 ae 90 ef 4f 9b 31 81 49 c1 70 98 5d a1 19 a6 62 89 3f bf 2a 58 66 8d e2 a5 4c c fd b2 99 df 57 e6 ec 55 98 85 34 f0 6b 20 45 4 a6 79 f4 11 9a 39 15 40 b2 9 51 4c 42 67 8c f5 70 de 41 b3 45 ce a8 b5 ac e9 68 f1 b7 10 ] bresp=0 bid=100
[2455000] [SCOREBOARD-S] mst_id=0 s_id=1 awaddr=19a14a00 awid=100 awlen=236 awsize=3 awburst=1 wdata=[ca849f66fc3a3f85 130b9eae77bafa5 c51ca815adb8c8a6 a9f3082be794733b cf1022e00fa1477b bd5a1021ab23c215 92b83550142ccaf5 23ce1270e74d184d 9270da62e1c85830 f5f52325e1282291 c8753ade25290fb3 86f167e399c33595 faeb5827dae61541 f24f4fce68b09 96a9c09ec3609305 9e46a84687008cd7 83e717e0919518c5 d4f5abcb9e55cd3a 25565a121a90d87f ac25f144f33c5411 1192214ca93d71f2 c3ce4a71811b9d0f f457f12136e87b5e e025ed50eff43bb6 f10fd8c505ea126d 3cd28dcb23f437c2 13e87378e567c9e6 eb51dc539cf87b1b c0ecb2dd84f84c3d ea601624a8246a1e c51ce53ad4d52655 d9cd7293d5b1f277 fdd65c9686099817 dadebe6dc42d88b7 99df7b2ec2f341d0 c8fcd9e734ac3100 f8d9b9b797b5d7c4 daa91994a3db9854 d887c95492b934e5 2a6f0caa23a5f37c c7818bd0d161830b e41ab7f18518263e a8be19ba20095525 f16ad8300e89c49b 93a1ead9f03fa58b 1048fab0d5859021 e40f54bc3c600494 2c9faa1f81b3d2e0 d7396302f7b13f96 3411442a3ce8a4cf be9c77afbb48b7be b2f9f754e0b0ee49 1d99931895d5dab1 d11e9270e70b3b7e c7bc29c7dc360ac7 f20be579841889c4 eb23c543e555bcdf c18bc7a7c32a77e9 c74301adb2dfef0a 1835abea3397ad20 f6c22509b266c6f0 e546b5fbd9c17391 d5920b1be0526b6 f06beda7fd7c61e5 d73dd576041b45ba c2206c70d5b2a3a2 d32f0587e496f627 e8b23be1b28c5a17 883efdb92a6cdafd f03d124aad2a851 dd5f0269db6e0340 85dade3df7b60d05 a288b556e59e0022 c10c036394deaf61 8c94bc66ffe7b7bf e585b7e2c6e6e1a0 dbc591022f1d71bd af05297c2691bb45 ed789ce5e85a4d68 9777bf25948ae15e bb1c9ca3c93e2de7 31987b50c67ce8a2 db07ca0028953989 f1d36770c9103a75 8f8d2317162466a4 3eb9a02da36be2c0 ec7c1d36ea94ed18 b953bcb08d079d d3f8ea5efc09404d e69e2d653f72f3e9 effffb86c0750794 bc7e47e1e7578121 a6ca750ac3f8e5e4 846ded78231c7547 8a73f66816ca7091 dac35675c0ec355a e408aaa1313e6b73 c808dc04df3143ee 201d7948ee7ca109 9fbb0c7ca2cc3279 81fd7667042623e9 f2a2c4f2e7c3e880 a901afaa21aefaf a6411398125dd16f fa21b9ef8c8d9161 2ea8811118e3d88b 2b41a9fa84b1d4e9 113f664bd4e994a9 edcd6d34a56363e9 2a1538d33fe7e75c 94d17c05990f172e 3e727b183b549f1e fb3c867a029ee93a 9bae0068e887b3eb 23dc5309900e027f 92acebb9da207b80 c2a82f6b1f18d983 af26dc022e5aec22 887b67a2e6848274 859d5bf7c1d3c7bc f02eb3decb23970e b1a8198234c437fa f697ffb6f8aa1b80 c3cdb28e3745757a ec09ad74e6c6b394 df70cf14f575cc11 2cbb418be2a1ad2a c96860be233e81a3 18b44db418c4eeff fb669c29a8d92fd2 cc17b175c56f8f3f de347e3ec4cefce7 eda82cb9e4cbff29 aa3b8e68d99b1a67 1e6a174e39bfde2f 9e8bdd5888700ca6 e20b270d8c124407 c5d22236c8c76bc1 d137786780753e5b c878263e45dff8f 2d256b5033429f75 b3b7ddd0d259a499 b6b7a428fe5ce3b7 b19f832cc03f6033 129904cde3dd0f78 e239f330e55760fd a596c130c950a8f5 2d2db86e93d9765c f930d759b82fc5fd 1806ef30f67ab9e a34121fa1ec7988a d6f75e872eae2761 3e15d2ff1c71f954 3b3991ded877cd7a 8725f4dbe156f4f9 fdc8ee4d9230f065 eaa8bde0c53bc7da 2692bcd4b902802b cb337091f1ceb2bb 370a7a96a45bab21 dd5e2b4d35dc2e71 a7aae12cdd9d376a 81f8e28b28919bde de6dca4fdeb55bc2 bc52932cdf570dd8 87e8a9b68618ab7b e4ce073e3e4b75b8 9da28390e6567405 ec6f1f81a1209a6a df6c1022258b2d47 8be1a14cd13d26bf f25dc129fd0e93b3 2299c0faf850c0cd c98de78cd1c9d14c ced864ffae7b6246 26cc23143beba8b6 db57a02f17225f9 9fed883ff05a0aa0 ac45b356dc8ddf01 ce0004fac6b9ab53 3713b5f4b9fb2d58 96890c59eded8d39 34a7388de359694a 1d5496a3e4891153 d2769e8debbaee81 cf1457cbb3dda2fc 1866b450071dd71a f2d8c59bec68ee6e 2046916beadd52dd f1fb29f7c1ed1d66 2e560bd538ad45bb 238a9898e4d3ef92 a6c10cf8ce9c9d40 749e2fb1585c28f fa59b221d51718cd a3b3b60d2ad47b93 c05a3e22a11abf19 f631d7e7aafd9908 d5d2149b3ab3f043 dbceaf5c99e58df4 c4e326fd962c52bd d0e04300d2008743 ebe615389ab53b98 30e18e562caef25d feaf79a030c93c35 cb7e77cd81c1d156 ae70c3b3ea958ed8 9b5ecb0dfc600623 fe21d77a2d203d54 97b5cc2ce6dd42db e33d48feac929b2d d9b2d8813314973a 19f1da15e15f2078 df1bba6f168a4ae 247d3be8fd2f2313 de8e438ce7a49427 d90d38d53e6f15fd bb9e3910ec7fff32 d4249359fd8a74bd bbf98aba9a2c7c9c 86ac7bce2d31cc2f aabc40ecf797c3cb 91c44067dad10f28 802db57e6b5cba7 de4d8f721870bc36 f341cb5eb2bf1c43 9974e7eaf011cfd9 88828c0ffb44a6b5 ae03c2f8f7c2775c e7d44736fbc4576d f708fe22c778aae3 bf3b223ff056d345 ec1b2ab3250cc11b ec856bfea70f6975 17663cbbe32428d5 8830e9f0abc08e3d d2cff7b30381676e ] wstrb=[ee 43 6e 2c 34 dc df 22 1f 4d 4e 53 29 2d 76 48 7a c4 9c a3 f2 12 ec 6c d6 88 10 c8 9a fc 35 70 84 45 39 1e 41 6e 8e c5 b3 c7 e3 f4 35 71 b9 e8 39 9c dc 6e d 95 57 46 31 33 b5 3f c9 c 85 fa 3f 3a 39 8 46 bf 3 86 f9 3c 8e 40 fb 91 c6 f5 ce 54 35 c9 e6 fb be b4 4f f3 7d 35 ee 3c e9 3e 2f 67 73 1e a3 5d 5c d2 c4 cf f0 67 2c 4c 39 f0 1c 2a 57 48 76 91 39 92 bb 90 db 31 21 14 c4 dc a4 9f e c6 b3 d2 a2 57 71 b0 1d 24 82 c0 7b f3 70 99 17 f3 59 93 e6 c9 2c fe bc 85 91 a3 4e bd a1 b 42 32 ae 90 ef 4f 9b 31 81 49 c1 70 98 5d a1 19 a6 62 89 3f bf 2a 58 66 8d e2 a5 4c c fd b2 99 df 57 e6 ec 55 98 85 34 f0 6b 20 45 4 a6 79 f4 11 9a 39 15 40 b2 9 51 4c 42 67 8c f5 70 de 41 b3 45 ce a8 b5 ac e9 68 f1 b7 10 ] bresp=0 bid=100
[2455000] SCOREBOARD: Transaction 3 received. pass=512 fail=0
[2455000] ALL PASS. Total transactions: 3
[2465000] ARB MONITOR: slave=1 m0_req=1 m1_req=0 winner=0
[2465000] SLAVE 0 R_VALID_RDY Handshake beat=1 rlast=1
[2465000] [SLAVE MONITOR] READ mst_id=0 s_id=0 araddr=c509568 arid=1 arlen=1 arsize=3 arburst=1 rid=[11] rresp=[00] rdata=[baadf00d12345678baadf00d12345678]
[2465000] AXI S0_ARVALID_RDY HANDSHAKE
[2465000] MEMORY READ MISS beat=0 addr=1eaf66e0 -> default data id=2
[2475000] MEMORY READ MISS beat=1 addr=1eaf66e8 -> default data id=2
[2475000] SLAVE 1 R_VALID_RDY Handshake beat=0 rlast=0
[2475000] MASTER 0 R_VALID_RDY Handshake beat=0 rlast=0
[2485000] [MASTER DRIVER] READ mst_id=0 s_id=0 araddr=c509568 arid=1 arlen=1 arsize=3 arburst=1 rid=[11] rresp=[00] rdata=[baadf00d12345678baadf00d12345678]
[2485000] MASTER 0 R_VALID_RDY Handshake beat=1 rlast=1
[2485000] [MASTER MONITOR] READ mst_id=0 s_id=0 araddr=c509568 arid=1 arlen=1 arsize=3 arburst=1 rid=[11] rresp=[00] rdata=[baadf00d12345678baadf00d12345678]
[2485000] SLAVE 1 R_VALID_RDY Handshake beat=1 rlast=1
[2485000] [SLAVE MONITOR] READ mst_id=0 s_id=1 araddr=1eaf66e0 arid=2 arlen=1 arsize=3 arburst=1 rid=[22] rresp=[00] rdata=[baadf00d12345678baadf00d12345678]
[2485000] SCOREBOARD MATCH: decode_err expected = 0, actual =0
[2485000] SCOREBOARD MATCH: slave_id expected = 0, actual =0
[2485000] SCOREBOARD MATCH: araddr passthrough expected = c509568, actual =c509568
[2485000] SCOREBOARD MATCH: arlen passthrough expected = 1, actual =1
[2485000] SCOREBOARD MATCH: arsize passthrough expected = 3, actual =3
[2485000] SCOREBOARD MATCH: arburst passthrough expected = 1, actual =1
[2485000] SCOREBOARD MATCH: rdata size check expected = 2, actual =2
[2485000] SCOREBOARD MATCH: rdata passthrough beat=0 expected = baadf00d12345678, actual =baadf00d12345678
[2485000] SCOREBOARD MATCH: rdata passthrough beat=1 expected = baadf00d12345678, actual =baadf00d12345678
[2485000] SCOREBOARD MATCH: rresp size check expected = 2, actual =2
[2485000] SCOREBOARD MATCH: rresp passthrough beat=0 expected = 0, actual =0
[2485000] SCOREBOARD MATCH: rresp passthrough beat=1 expected = 0, actual =0
[2485000] SCOREBOARD MATCH: response routed to correct master (read beat 0) expected = 0, actual =0
[2485000] SCOREBOARD MATCH: response routed to correct master (read beat 1) expected = 0, actual =0
[2485000] [SCOREBOARD-M] READ mst_id=0 s_id=0 araddr=c509568 arid=1 arlen=1 arsize=3 arburst=1 rid=[11] rresp=[00] rdata=[baadf00d12345678baadf00d12345678]
[2485000] [SCOREBOARD-S] READ mst_id=0 s_id=0 araddr=c509568 arid=1 arlen=1 arsize=3 arburst=1 rid=[11] rresp=[00] rdata=[baadf00d12345678baadf00d12345678]
[2485000] SCOREBOARD: Transaction 4 received. pass=526 fail=0
[2485000] ALL PASS. Total transactions: 4
[2505000] MASTER 0 R_VALID_RDY Handshake beat=0 rlast=0
[2515000] MASTER 0 R_VALID_RDY Handshake beat=1 rlast=1
[2515000] [MASTER MONITOR] READ mst_id=0 s_id=1 araddr=1eaf66e0 arid=2 arlen=1 arsize=3 arburst=1 rid=[22] rresp=[00] rdata=[baadf00d12345678baadf00d12345678]
[2515000] [MASTER DRIVER] READ mst_id=0 s_id=0 araddr=1eaf66e0 arid=2 arlen=1 arsize=3 arburst=1 rid=[22] rresp=[00] rdata=[baadf00d12345678baadf00d12345678]
[2515000] SCOREBOARD MATCH: decode_err expected = 0, actual =0
[2515000] SCOREBOARD MATCH: slave_id expected = 1, actual =1
[2515000] SCOREBOARD MATCH: araddr passthrough expected = 1eaf66e0, actual =1eaf66e0
[2515000] SCOREBOARD MATCH: arlen passthrough expected = 1, actual =1
[2515000] SCOREBOARD MATCH: arsize passthrough expected = 3, actual =3
[2515000] SCOREBOARD MATCH: arburst passthrough expected = 1, actual =1
[2515000] SCOREBOARD MATCH: rdata size check expected = 2, actual =2
[2515000] SCOREBOARD MATCH: rdata passthrough beat=0 expected = baadf00d12345678, actual =baadf00d12345678
[2515000] SCOREBOARD MATCH: rdata passthrough beat=1 expected = baadf00d12345678, actual =baadf00d12345678
[2515000] SCOREBOARD MATCH: rresp size check expected = 2, actual =2
[2515000] SCOREBOARD MATCH: rresp passthrough beat=0 expected = 0, actual =0
[2515000] SCOREBOARD MATCH: rresp passthrough beat=1 expected = 0, actual =0
[2515000] SCOREBOARD MATCH: response routed to correct master (read beat 0) expected = 0, actual =0
[2515000] SCOREBOARD MATCH: response routed to correct master (read beat 1) expected = 0, actual =0
[2515000] [SCOREBOARD-M] READ mst_id=0 s_id=1 araddr=1eaf66e0 arid=2 arlen=1 arsize=3 arburst=1 rid=[22] rresp=[00] rdata=[baadf00d12345678baadf00d12345678]
[2515000] [SCOREBOARD-S] READ mst_id=0 s_id=1 araddr=1eaf66e0 arid=2 arlen=1 arsize=3 arburst=1 rid=[22] rresp=[00] rdata=[baadf00d12345678baadf00d12345678]
[2515000] SCOREBOARD: Transaction 5 received. pass=540 fail=0
[2515000] SCOREBOARD: Expected 5 transactions completed, PASS=540 FAIL=0
[2515000] ALL PASS. Total transactions: 5
[2515000] ALL TRANSACTIONS MONITORED
$finish called at time : 2535 ns : File "/home/nashita/Desktop/practice/axi_xbar/tb/top/axi_tb_top.sv" Line 220
exit
INFO: xsimkernel Simulation Memory Usage: 289464 KB (Peak: 337864 KB), Simulation CPU Usage: 1180 ms
INFO: [Common 17-206] Exiting xsim at Thu Sep 10 18:46:13 2026...
