#-----------------------------------------------------------
# xsim v2025.2 (64-bit)
# SW Build 6299465 on Fri Nov 14 12:34:56 MST 2025
# IP Build 6300035 on Fri Nov 14 10:48:45 MST 2025
# SharedData Build 6298862 on Thu Nov 13 04:50:51 MST 2025
# Start of session at: Thu Sep 10 18:28:12 2026
# Process ID         : 3627519
# Current directory  : /home/nashita/Desktop/practice/axi_xbar/sim
# Command line       : xsim -log regress_results/BT_run230.log -mode tcl -source {xsim.dir/tb_top_snap/xsim_script.tcl}
# Log file           : /home/nashita/Desktop/practice/axi_xbar/sim/regress_results/BT_run230.log
# Journal file       : /home/nashita/Desktop/practice/axi_xbar/sim/xsim.jou
# Running On         : vlsi-vivado
# Platform           : Ubuntu
# Operating System   : Ubuntu 24.04.4 LTS
# Processor Detail   : Intel(R) Core(TM) i5-10400 CPU @ 2.90GHz
# CPU Frequency      : 4000.076 MHz
# CPU Physical cores : 6
# CPU Logical cores  : 12
# Host memory        : 41875 MB
# Swap memory        : 27648 MB
# Total Virtual      : 69524 MB
# Available Virtual  : 62613 MB
#-----------------------------------------------------------
source xsim.dir/tb_top_snap/xsim_script.tcl
# xsim {tb_top_snap} -testplusarg BT -autoloadwcfg -runall -sv_seed 231
Time resolution is 1 ps
run -all
[0] RUNNING BASE TEST
[0] INSIDE THE BASE TEST CONSTRUCTOR
[0] ENV: before agent
[0] SLAVE CONSTRUCTED
[0] MASTER MONITOR CONSTRUCTED
[0] MASTER MONITOR CONSTRUCTED
[0] SLAVE MONITOR CONSTRUCTED
[0] SLAVE MONITOR CONSTRUCTED
[0] ARB MONITOR CONSTRUCTED
GENERATOR CONSTRUCTED
[0] ENV: after agent
[0] ENV: before scoreboard
[0] ENV: after scoreboard
[15000] [SEQUENCER] READ mst_id=0 s_id=0 araddr=8fa37c0 arid=0 arlen=1 arsize=3 arburst=1 rid=[] rresp=[] rdata=[]
[15000] [SEQUENCER] mst_id=0 s_id=0 awaddr=134180a8 awid=100 awlen=10 awsize=1 awburst=2 wdata=[af7823b624366014 92716733930ac131 ce8ff623f7dbacc0 1c120cd4e92b58d3 fc361a05fe0819da f5e3c69aae837407 17aeccdbcac61028 c8ce2a0211f5d36e c079477513e4e6e0 deaaf708beb1f09c d0a7c40ad8281450 ] wstrb=[b 30 80 a7 39 d0 b2 44 1 32 eb ] bresp=0 bid=0
[15000] [SEQUENCER] mst_id=1 s_id=0 awaddr=a5d050 awid=1110 awlen=218 awsize=4 awburst=1 wdata=[c65fa8f0e7bf6831 83d4223be08914a2 933e9ab8b83886ba 9ff7eeebc122ad5f a1abc201d99e43a9 91d6ca6323cc1127 e4eebe8634ea5cba e88a06331ceb94f d59aca76069a8088 3b84dd42a05f6ac6 d22e2415ba8988fc c1240984ca0d7da5 ea6ce86ba7c8ee8b e2527788fca8e6c6 c6b6646b3c9b0c81 e463fb0ca376810c 201f67d331234cd7 edbe5958c6b67294 ea2cf3a1e6d5cc3e 97f91915d2225464 18d8c6f90a4c5b74 f12227b285b7726d d7d9c6d20305ba9a d52160e091b40c8 8ed2b335f0b28dcb f3b84865fe743dc0 878f7e88e6ac7a07 d75f07d2010a5e73 ff7e9c33166231be fd0eabc5cb175037 cc21aeaa070e1abc 1d704c7ad46db398 9f8503cfcba04ade d2ae659a9a7ef83f eeecabd7eba6b27a 3746fd58f01eb214 8a9daa530e71afa7 fa18622109f562f2 fa141506f98a562b 7fc05d2315f5f79 3b54c26b84b1bf59 fe3c1584021467f3 3373c76c3568d771 ba1a96ca86381b56 884c8349eec889d7 243161483856ac4f be8ec7a5bbc04ab5 aa88d48cde4bf812 96a2a461c6db4aef 829b95a4ceba35d4 2d062de7d5316c07 1c0cb6f62d246a31 fbdea005c3a8d248 98da3e4f9ea84c9a cbccb6cba8e4cdec ec8da035b4e6f545 d38f41e0c7ab56d1 f09024bd8567de84 3a4ed3ca9f5bf8ab e7074f7cdd1dc4f2 e285a3770dde15aa ad3a0e55d797743a b4b5392c1cd47741 2ab28ceb14415dd2 ebd8d20c973adca3 b40f53e4d7ec9b40 ec2df912a08e0b38 37c8e7dcdec1e0cf 36ae7c10d806cb1e f894d657ebd83bc0 ca9a1c90a2dc7522 fae34041305dbe33 9c35f9f3014898a0 a4250dc2f3781698 23d5d4cbe6d01683 e818af239f084e03 9280649bc00bcebe 26dbe5420c3dbce6 ab460ae9b6563966 f66208258ef49465 9b32514b3dc66f85 f41ca8eb1d3ded67 ac3281ccc6785c35 43ecbbaea7eb110 87bc9e77c764d318 ddd2f4df85b74a5 e2da25b633ef2044 fb53f35c121bfb07 8a776facea96c42d 9e85e471093122a9 1b4d1db0ed519562 d7e8599099d9d7cd a30afa76a5c48d5c 131622bff66e3e01 104815cfbe581826 e41ca583eafe7c4f e16cba50b3531045 f1ab286cf732c842 e2314491f1b4d01f 2507e065d5c7cdef ccfa9631c39dfee1 3552cf0116b308d1 ec7ad6c02f2bdac2 f2c9d9a3da5aaf66 f10db83739756cf1 e8a147b3a81ca8a4 8277580add888ef7 16fdfbe8db6b2156 387c9fbf3851041 d10d9f38ff9f439b db0a64f185ff2205 f9843247e80b9b20 e7aadebbde922eec e49150f2ca91d17f 329d6ca0c2b543ad a1477299de158339 a8a754b89a484b5b dcfd8f0885d8c38b e3ee46c4db44c158 f58d0cb4fe4501a2 841dc52d0c959b7d e7da5cd5d28a9bbc d0cf9d5ee80c0bf2 f4a1a76fdd676989 2ff20546d4ed628c 3cf96e7edc7c0444 39e36dce80c1a2a4 d5af0530319b15ed 8e171a31e9d57314 ea9715b892a873ae c443899bc7fa87ff b1cffb13c0461ae9 d2ee8e97d25aa3cd 9a552bcc1c6710cc dcad2bb517321833 e98cbc00cc2526e0 e88c37acaf9bba4c c6cdd27f83e1e7cc d0070eacc5396361 f4d51dadb05a8e7f 343c764cb8934658 fdcca9b93ba2f02d ebfd7eac844384f8 3cd6cb51f2a1c767 2e44b794a039f4f8 247d79f1baa3750a ad453c719a423640 3a7c2b39e1544542 9bf7ba4cdb89f405 f5cc2a46def9a52a c04dea6cc93cf6be a4c6eac33048557f f41faa9dc45a4b8 a5829b769a931509 cadb6a88cf8fe515 abd589cdca49863a e4dc9b43da1d6531 a9ad4a46d1582544 1ba1ab7e2fb805cc 89d56afdd582d414 26daf958807e46c1 b0364c8d3382b544 9058958c27ca4d6 c2faeb973a0bb78b ed8e6ccf2fe082b0 f25d2786f3313825 2d3cefb0f693f627 267478d7b558131d a8894b421acb5c7f 115f52a618d1a05d ce29b37ad5c63af2 f091977137d3cb7d d0a56bdaf6b2febd cc7939af81f0ea17 b9c4b5949ecf1f54 95821e113d0ad121 befbbb388a6a216e 293940c3e1fb57c1 1f0628e2f8c070cd 832a923bbebb5ed4 a0b6b695de01e41a d6c254e7ac63d2fe eb1f31d3bfbcdf77 1dbec392d9ece723 8650ba218bd5e868 cb92c7e0f4811879 ce6dff9cf16febf4 fd45d45de9518b72 ddd2a3ebd4beb9be c62ea5b2c8d89c3d 322a27af2c40a388 ff5d46c3747a0f 8c4d164c8ffccb9a bc3d6f22c72e02f8 aa27d08be773dfb ce740996bd3ccc68 46acf6196ef9354 d566d1508ab178b8 c7ee45210f0d4c69 a5fcdfbd23dadae6 ae8c539ecc591482 db6660ebfb63b10d 9f3e8bf3f67a98bf c2d3ad41816340a8 fcc6f1b6cdcadf92 c44578519e3a0e2c 1f9d4ed59c057da9 e9d05d3b07192593 a55333bf1c64408b b869be342e15d58d 352efb20c4f08294 e154c31f223a1b70 d04ff0fdda822edf 1f72b17419be8154 3bf89cc4057eec1d e0011afc80c77493 9a85f5e70c488dc1 11c779deff73cc70 3b4104d67e92ab ] wstrb=[da 6c eb 4b 4a 97 4f 25 3 3a 70 4e d1 bf 73 d5 f9 e3 23 cb a2 96 a0 9b 79 c3 66 1b 59 6 b6 d2 c9 1d ed 22 23 a3 f4 ed c0 e1 f e4 85 4 d1 45 e5 e0 29 6a e4 fa b0 ca db d9 34 bf d4 e4 89 af be be 6e 92 a2 f8 41 60 b6 af f2 58 a7 33 b9 5d e3 ab b6 8a df 6f e8 c2 1a 9e 4c f9 d 34 bb 27 d2 8 21 df 3c dc 7 f e4 28 ee 21 4 f5 30 e9 1d 1e a 22 14 3a b 31 58 15 53 6c 4f 5e 9e a7 73 f1 14 c2 50 b2 6a c3 a3 7e 86 f3 30 f0 b7 d3 6e 3d c7 9e 2d 7e 71 9b bb 38 39 e8 b6 aa 83 71 e3 bc 59 99 66 dc b 49 98 64 e3 ff 41 ee 48 d9 52 2b d8 93 19 21 6d 6c 4c 45 ff 66 66 6c d2 b3 b2 d1 19 18 3e eb cb f0 bc e4 8 fa cf d4 ea 8c b8 f3 86 88 c7 71 14 7f 64 9a 7 ] bresp=0 bid=0
[15000] [SEQUENCER] mst_id=1 s_id=0 awaddr=b6c1708 awid=10 awlen=138 awsize=7 awburst=1 wdata=[3de62c05d13c01cf c13e5610e57bdf43 ee2147a0d4593c8f a5953e5e8b824fd8 f0fe2f1c2c0773a5 8060b034e6d3946e f255e447df1f76bc b26ea6125f5ee93 8cc98301e3541363 c2738a1f8b879a95 b17d8928ff1f6748 e2737aabcd9a7480 d9220f153e470c2a bd667372a4e704ca f281794a0a9f983e c8e6a4681fd9ee1e c4c0f2e8cba38860 d643209e864d17da a62705f837426c33 2e5f4931f29c506 a576dce0eae7f8e1 222a6514d9291531 f852da37cb9de2d9 3685dbba251059a7 fe396ed89dc9b717 e96799f0d8b040ce fdc09a75f68c490f 945600269fed75aa f89db678fbfa094d f286525cfdbd9a17 9dab0fc1f65e50ed f2585a3a86dc5282 8499ec991648c63a 8ca71727e4deac96 ebbaff192244fc5b 388dc295feff7162 e3de1df8f054ebb2 9299e80dc534d9bc c4344b1ecf991d11 3fee08c4cb27aaa2 105c845f28126917 f7ab8628d287f0d1 1daf9b74d490cf7d fca33894b7998eec a217fbe2e0c1fd3 829cef50f44ebebd abe84da927d11b32 d5dd3b05ff4027e5 f38ee6a2b609cd67 dddae899d87a2a55 d7ba523a9f77344b d58101b3b3b8239e c324df4cb4938dc eac06d28b35bea4c e7140debe3eca02e 2f35d90bc0416edb f39d5927f3465bdf d732fc0d19f64633 da37b50edab16712 cdf7c2f18668d518 a05f1b4bcdd50e35 28867548252abeff ab939417fa96d059 c86bde8ff67e3839 9ba8f738cbf2af63 c6897fbcf0f253d7 e7708c10c73c8b50 132f3ab38ef55e4b ffe7b22203198349 ca560e99d9b8ba6f e8ae18bbe7583e33 ea71c17cdd85494c b73e03bbe895cadd cfee091034c7d015 124d19619fec1c76 881e754ba5fca8c ef279aa1c98b1d1c e9773993d86ff064 12cfbaf18174b402 caffd11ff1f920e7 ca69114b81f75592 36c099534770ab2 26702b99dd38cc3c df3021cfce6bdab4 2e2e566f0d93ce4 ce120921e29c2b64 31080618295310ff 9a2c4de32d422af0 fde565433eaeb7e dd3dfc7de83e5704 958081f4c0e65c6c f4d147eaf76a4a60 dfa8a165a55ed848 e64534b4d20f4467 c9798ec7f5292359 1a87fba2db167c9e ad25c105a922302c 1e4b538680cd3056 dbe3acf5f69f4fcd 9fc17ff938d34f28 b9a07f7e89096dfa ffa8bdc7be0cd37f f6e022a795842c73 1e8d9a6e1f6a3dc1 dd7711403080a226 c604ce999e365835 bda095f6d45733e8 4d7d60ee4926907 2c8c13d1b17a737 ef6edb1fcadca4a7 2f6f0dafc0695733 db80fe6af446b12d bf2355d43237ceec f2a1261fcaefd989 bf368ab6ee926383 a0ca326fce22248a 9911fe13fe59e08b ecec440e136b588f e18d7d19d84888ca d6a269550db6767e 2121cf0dfa9f7b2c d2e803f6c38ead63 d14523e102af4c26 fd4ec752a98a6d4b ed191aaff266f2ee f5163f14d036cb49 f9c13894be5e3e90 30c5317ff2650667 c29bd1b0e6da5343 253891d4a5db7093 984076fabc5d0a44 23375d88d5fdc353 fbd933e6dadc48aa 173952efc86fef5c 1e6db2af1419aae1 eef5f38b3a70b077 2e09fd39a46e695 ae609176862f467a c09ff6f1214e5282 ] wstrb=[2 17 c4 7c 8e 46 6e 90 5e 32 c ec 79 7a 7c d7 ad 88 c3 26 3 3f fd b0 c7 c0 d6 ca ff d3 7a c6 93 50 91 92 23 b 58 b6 5c e9 48 7f f5 a1 36 51 8a 7e d0 7f 1f 6 d0 aa 85 a1 29 a4 a7 fa 4e 2c 9b 78 d1 42 72 1f 6f d 97 40 4f 9 5f be 16 f7 fe 66 0 5e 24 17 55 23 7d 55 81 a1 6c d6 c4 e9 2b 45 8b 98 1b 4f 81 47 95 c df b0 5c 60 f7 f1 6d d6 a1 c9 37 99 ba a4 6f 5b 6d a6 f4 27 4a 64 82 b7 a 77 de 55 db 61 c e5 d8 ] bresp=0 bid=0
[15000] [SEQUENCER] READ mst_id=1 s_id=0 araddr=e519430 arid=2 arlen=1 arsize=3 arburst=1 rid=[] rresp=[] rdata=[]
[15000] MASTER_DRIVER0 received transaction, op=AXI_READ
[15000] MASTER_DRIVER1 received transaction, op=AXI_WRITE
[35000] MASTER 1 AW_VALID_RDY Handshake
[35000] MASTER_DRIVER0 received transaction, op=AXI_WRITE
[45000] ARB MONITOR: slave=0 m0_req=0 m1_req=1 winner=1
[45000] ARB MONITOR: slave=0 m0_req=1 m1_req=0 winner=0
[45000] AXI S0_ARVALID_RDY HANDSHAKE
[45000] MEMORY READ MISS beat=0 addr=8fa37c0 -> default data id=0
[45000] AXI S0_AWVALID_RDY HANDSHAKE
[55000] MEMORY READ MISS beat=1 addr=8fa37c8 -> default data id=0
[55000] SLAVE 0 R_VALID_RDY Handshake beat=0 rlast=0
[55000] MASTER 1 W_VALID_RDY Handshake beat=0 wlast=0
[55000] MASTER 0 AW_VALID_RDY Handshake
[65000] MASTER 1 W_VALID_RDY Handshake beat=1 wlast=0
[65000] ARB MONITOR: slave=1 m0_req=1 m1_req=0 winner=0
[65000] SLAVE 0 R_VALID_RDY Handshake beat=1 rlast=1
[65000] [SLAVE MONITOR] READ mst_id=0 s_id=0 araddr=8fa37c0 arid=0 arlen=1 arsize=3 arburst=1 rid=[00] rresp=[00] rdata=[baadf00d12345678baadf00d12345678]
[65000] AXI S1_AWVALID_RDY HANDSHAKE
[65000] AXI S0_WVALID_RDY HANDSHAKE
[65000] S0 MEMORY WRITE beat=0 addr=00a5d050 data=c65fa8f0e7bf6831 id=1e
[75000] AXI S0_WVALID_RDY HANDSHAKE
[75000] S0 MEMORY WRITE beat=1 addr=00a5d060 data=83d4223be08914a2 id=1e
[75000] MASTER 1 W_VALID_RDY Handshake beat=2 wlast=0
[75000] MASTER 0 R_VALID_RDY Handshake beat=0 rlast=0
[75000] MASTER 0 W_VALID_RDY Handshake beat=0 wlast=0
[85000] [MASTER DRIVER] READ mst_id=0 s_id=0 araddr=8fa37c0 arid=0 arlen=1 arsize=3 arburst=1 rid=[00] rresp=[00] rdata=[baadf00d12345678baadf00d12345678]
[85000] MASTER 0 W_VALID_RDY Handshake beat=1 wlast=0
[85000] MASTER 0 R_VALID_RDY Handshake beat=1 rlast=1
[85000] [MASTER MONITOR] READ mst_id=0 s_id=0 araddr=8fa37c0 arid=0 arlen=1 arsize=3 arburst=1 rid=[00] rresp=[00] rdata=[baadf00d12345678baadf00d12345678]
[85000] MASTER 1 W_VALID_RDY Handshake beat=3 wlast=0
[85000] S1 MEMORY WRITE beat=0 addr=134180a8 data=af7823b624366014 id=04
[85000] AXI S0_WVALID_RDY HANDSHAKE
[85000] S0 MEMORY WRITE beat=2 addr=00a5d070 data=933e9ab8b83886ba id=1e
[85000] SCOREBOARD MATCH: decode_err expected = 0, actual =0
[85000] SCOREBOARD MATCH: slave_id expected = 0, actual =0
[85000] SCOREBOARD MATCH: araddr passthrough expected = 8fa37c0, actual =8fa37c0
[85000] SCOREBOARD MATCH: arlen passthrough expected = 1, actual =1
[85000] SCOREBOARD MATCH: arsize passthrough expected = 3, actual =3
[85000] SCOREBOARD MATCH: arburst passthrough expected = 1, actual =1
[85000] SCOREBOARD MATCH: rdata size check expected = 2, actual =2
[85000] SCOREBOARD MATCH: rdata passthrough beat=0 expected = baadf00d12345678, actual =baadf00d12345678
[85000] SCOREBOARD MATCH: rdata passthrough beat=1 expected = baadf00d12345678, actual =baadf00d12345678
[85000] SCOREBOARD MATCH: rresp size check expected = 2, actual =2
[85000] SCOREBOARD MATCH: rresp passthrough beat=0 expected = 0, actual =0
[85000] SCOREBOARD MATCH: rresp passthrough beat=1 expected = 0, actual =0
[85000] SCOREBOARD MATCH: response routed to correct master (read beat 0) expected = 0, actual =0
[85000] SCOREBOARD MATCH: response routed to correct master (read beat 1) expected = 0, actual =0
[85000] [SCOREBOARD-M] READ mst_id=0 s_id=0 araddr=8fa37c0 arid=0 arlen=1 arsize=3 arburst=1 rid=[00] rresp=[00] rdata=[baadf00d12345678baadf00d12345678]
[85000] [SCOREBOARD-S] READ mst_id=0 s_id=0 araddr=8fa37c0 arid=0 arlen=1 arsize=3 arburst=1 rid=[00] rresp=[00] rdata=[baadf00d12345678baadf00d12345678]
[85000] SCOREBOARD: Transaction 1 received. pass=14 fail=0
[85000] ALL PASS. Total transactions: 1
[95000] AXI S0_WVALID_RDY HANDSHAKE
[95000] S0 MEMORY WRITE beat=3 addr=00a5d080 data=9ff7eeebc122ad5f id=1e
[95000] S1 MEMORY WRITE beat=1 addr=134180aa data=92716733930ac131 id=04
[95000] MASTER 1 W_VALID_RDY Handshake beat=4 wlast=0
[95000] MASTER 0 W_VALID_RDY Handshake beat=2 wlast=0
[105000] MASTER 0 W_VALID_RDY Handshake beat=3 wlast=0
[105000] MASTER 1 W_VALID_RDY Handshake beat=5 wlast=0
[105000] S1 MEMORY WRITE beat=2 addr=134180ac data=ce8ff623f7dbacc0 id=04
[105000] AXI S0_WVALID_RDY HANDSHAKE
[105000] S0 MEMORY WRITE beat=4 addr=00a5d090 data=a1abc201d99e43a9 id=1e
[115000] AXI S0_WVALID_RDY HANDSHAKE
[115000] S0 MEMORY WRITE beat=5 addr=00a5d0a0 data=91d6ca6323cc1127 id=1e
[115000] S1 MEMORY WRITE beat=3 addr=134180ae data=1c120cd4e92b58d3 id=04
[115000] MASTER 1 W_VALID_RDY Handshake beat=6 wlast=0
[115000] MASTER 0 W_VALID_RDY Handshake beat=4 wlast=0
[125000] MASTER 0 W_VALID_RDY Handshake beat=5 wlast=0
[125000] MASTER 1 W_VALID_RDY Handshake beat=7 wlast=0
[125000] S1 MEMORY WRITE beat=4 addr=134180b0 data=fc361a05fe0819da id=04
[125000] AXI S0_WVALID_RDY HANDSHAKE
[125000] S0 MEMORY WRITE beat=6 addr=00a5d0b0 data=e4eebe8634ea5cba id=1e
[135000] AXI S0_WVALID_RDY HANDSHAKE
[135000] S0 MEMORY WRITE beat=7 addr=00a5d0c0 data=0e88a06331ceb94f id=1e
[135000] S1 MEMORY WRITE beat=5 addr=134180b2 data=f5e3c69aae837407 id=04
[135000] MASTER 1 W_VALID_RDY Handshake beat=8 wlast=0
[135000] MASTER 0 W_VALID_RDY Handshake beat=6 wlast=0
[145000] MASTER 0 W_VALID_RDY Handshake beat=7 wlast=0
[145000] MASTER 1 W_VALID_RDY Handshake beat=9 wlast=0
[145000] S1 MEMORY WRITE beat=6 addr=134180b4 data=17aeccdbcac61028 id=04
[145000] AXI S0_WVALID_RDY HANDSHAKE
[145000] S0 MEMORY WRITE beat=8 addr=00a5d0d0 data=d59aca76069a8088 id=1e
[155000] AXI S0_WVALID_RDY HANDSHAKE
[155000] S0 MEMORY WRITE beat=9 addr=00a5d0e0 data=3b84dd42a05f6ac6 id=1e
[155000] S1 MEMORY WRITE beat=7 addr=134180b6 data=c8ce2a0211f5d36e id=04
[155000] MASTER 1 W_VALID_RDY Handshake beat=10 wlast=0
[155000] MASTER 0 W_VALID_RDY Handshake beat=8 wlast=0
[165000] MASTER 0 W_VALID_RDY Handshake beat=9 wlast=0
[165000] MASTER 1 W_VALID_RDY Handshake beat=11 wlast=0
[165000] S1 MEMORY WRITE beat=8 addr=134180b8 data=c079477513e4e6e0 id=04
[165000] AXI S0_WVALID_RDY HANDSHAKE
[165000] S0 MEMORY WRITE beat=10 addr=00a5d0f0 data=d22e2415ba8988fc id=1e
[175000] AXI S0_WVALID_RDY HANDSHAKE
[175000] S0 MEMORY WRITE beat=11 addr=00a5d100 data=c1240984ca0d7da5 id=1e
[175000] S1 MEMORY WRITE beat=9 addr=134180ba data=deaaf708beb1f09c id=04
[175000] MASTER 1 W_VALID_RDY Handshake beat=12 wlast=0
[175000] MASTER 0 W_VALID_RDY Handshake beat=10 wlast=1
[185000] MASTER 1 W_VALID_RDY Handshake beat=13 wlast=0
[185000] S1 MEMORY WRITE beat=10 addr=134180bc data=d0a7c40ad8281450 id=04
[185000] AXI S0_WVALID_RDY HANDSHAKE
[185000] S0 MEMORY WRITE beat=12 addr=00a5d110 data=ea6ce86ba7c8ee8b id=1e
[195000] AXI S0_WVALID_RDY HANDSHAKE
[195000] S0 MEMORY WRITE beat=13 addr=00a5d120 data=e2527788fca8e6c6 id=1e
[195000] SLAVE1 sent B resp, id=4
[195000] [SLAVE MONITOR] mst_id=0 s_id=1 awaddr=134180a8 awid=100 awlen=10 awsize=1 awburst=2 wdata=[af7823b624366014 92716733930ac131 ce8ff623f7dbacc0 1c120cd4e92b58d3 fc361a05fe0819da f5e3c69aae837407 17aeccdbcac61028 c8ce2a0211f5d36e c079477513e4e6e0 deaaf708beb1f09c d0a7c40ad8281450 ] wstrb=[b 30 80 a7 39 d0 b2 44 1 32 eb ] bresp=0 bid=100
[195000] MASTER 1 W_VALID_RDY Handshake beat=14 wlast=0
[205000] MASTER 1 W_VALID_RDY Handshake beat=15 wlast=0
[205000] AXI S0_WVALID_RDY HANDSHAKE
[205000] S0 MEMORY WRITE beat=14 addr=00a5d130 data=c6b6646b3c9b0c81 id=1e
[215000] AXI S0_WVALID_RDY HANDSHAKE
[215000] S0 MEMORY WRITE beat=15 addr=00a5d140 data=e463fb0ca376810c id=1e
[215000] MASTER 1 W_VALID_RDY Handshake beat=16 wlast=0
[215000] MASTER 0 B_VALID_RDY Handshake
[215000] [MASTER MONITOR] mst_id=0 s_id=1 awaddr=134180a8 awid=100 awlen=10 awsize=1 awburst=2 wdata=[af7823b624366014 92716733930ac131 ce8ff623f7dbacc0 1c120cd4e92b58d3 fc361a05fe0819da f5e3c69aae837407 17aeccdbcac61028 c8ce2a0211f5d36e c079477513e4e6e0 deaaf708beb1f09c d0a7c40ad8281450 ] wstrb=[b 30 80 a7 39 d0 b2 44 1 32 eb ] bresp=0 bid=100
[215000] MASTER 0 RECEIVED BRESP. BRESP=0
[215000] [MASTER DRIVER] mst_id=0 s_id=0 awaddr=134180a8 awid=100 awlen=10 awsize=1 awburst=2 wdata=[af7823b624366014 92716733930ac131 ce8ff623f7dbacc0 1c120cd4e92b58d3 fc361a05fe0819da f5e3c69aae837407 17aeccdbcac61028 c8ce2a0211f5d36e c079477513e4e6e0 deaaf708beb1f09c d0a7c40ad8281450 ] wstrb=[b 30 80 a7 39 d0 b2 44 1 32 eb ] bresp=0 bid=100
[215000] SCOREBOARD MATCH: decode_err expected = 0, actual =0
[215000] SCOREBOARD MATCH: slave_id expected = 1, actual =1
[215000] SCOREBOARD MATCH: awaddr passthrough expected = 134180a8, actual =134180a8
[215000] SCOREBOARD MATCH: awlen passthrough expected = 10, actual =10
[215000] SCOREBOARD MATCH: awsize passthrough expected = 1, actual =1
[215000] SCOREBOARD MATCH: awburst passthrough expected = 2, actual =2
[215000] SCOREBOARD MATCH: wdata size check expected = b, actual =b
[215000] SCOREBOARD MATCH: wdata passthrough beat=0 expected = af7823b624366014, actual =af7823b624366014
[215000] SCOREBOARD MATCH: wdata passthrough beat=1 expected = 92716733930ac131, actual =92716733930ac131
[215000] SCOREBOARD MATCH: wdata passthrough beat=2 expected = ce8ff623f7dbacc0, actual =ce8ff623f7dbacc0
[215000] SCOREBOARD MATCH: wdata passthrough beat=3 expected = 1c120cd4e92b58d3, actual =1c120cd4e92b58d3
[215000] SCOREBOARD MATCH: wdata passthrough beat=4 expected = fc361a05fe0819da, actual =fc361a05fe0819da
[215000] SCOREBOARD MATCH: wdata passthrough beat=5 expected = f5e3c69aae837407, actual =f5e3c69aae837407
[215000] SCOREBOARD MATCH: wdata passthrough beat=6 expected = 17aeccdbcac61028, actual =17aeccdbcac61028
[215000] SCOREBOARD MATCH: wdata passthrough beat=7 expected = c8ce2a0211f5d36e, actual =c8ce2a0211f5d36e
[215000] SCOREBOARD MATCH: wdata passthrough beat=8 expected = c079477513e4e6e0, actual =c079477513e4e6e0
[215000] SCOREBOARD MATCH: wdata passthrough beat=9 expected = deaaf708beb1f09c, actual =deaaf708beb1f09c
[215000] SCOREBOARD MATCH: wdata passthrough beat=10 expected = d0a7c40ad8281450, actual =d0a7c40ad8281450
[215000] SCOREBOARD MATCH: wstrb size check expected = b, actual =b
[215000] SCOREBOARD MATCH: wstrb passthrough beat=0 expected = b, actual =b
[215000] SCOREBOARD MATCH: wstrb passthrough beat=1 expected = 30, actual =30
[215000] SCOREBOARD MATCH: wstrb passthrough beat=2 expected = 80, actual =80
[215000] SCOREBOARD MATCH: wstrb passthrough beat=3 expected = a7, actual =a7
[215000] SCOREBOARD MATCH: wstrb passthrough beat=4 expected = 39, actual =39
[215000] SCOREBOARD MATCH: wstrb passthrough beat=5 expected = d0, actual =d0
[215000] SCOREBOARD MATCH: wstrb passthrough beat=6 expected = b2, actual =b2
[215000] SCOREBOARD MATCH: wstrb passthrough beat=7 expected = 44, actual =44
[215000] SCOREBOARD MATCH: wstrb passthrough beat=8 expected = 1, actual =1
[215000] SCOREBOARD MATCH: wstrb passthrough beat=9 expected = 32, actual =32
[215000] SCOREBOARD MATCH: wstrb passthrough beat=10 expected = eb, actual =eb
[215000] SCOREBOARD MATCH: bresp passthrough expected = 0, actual =0
[215000] SCOREBOARD MATCH: response routed to correct master (write) expected = 0, actual =0
[215000] [SCOREBOARD-M] mst_id=0 s_id=1 awaddr=134180a8 awid=100 awlen=10 awsize=1 awburst=2 wdata=[af7823b624366014 92716733930ac131 ce8ff623f7dbacc0 1c120cd4e92b58d3 fc361a05fe0819da f5e3c69aae837407 17aeccdbcac61028 c8ce2a0211f5d36e c079477513e4e6e0 deaaf708beb1f09c d0a7c40ad8281450 ] wstrb=[b 30 80 a7 39 d0 b2 44 1 32 eb ] bresp=0 bid=100
[215000] [SCOREBOARD-S] mst_id=0 s_id=1 awaddr=134180a8 awid=100 awlen=10 awsize=1 awburst=2 wdata=[af7823b624366014 92716733930ac131 ce8ff623f7dbacc0 1c120cd4e92b58d3 fc361a05fe0819da f5e3c69aae837407 17aeccdbcac61028 c8ce2a0211f5d36e c079477513e4e6e0 deaaf708beb1f09c d0a7c40ad8281450 ] wstrb=[b 30 80 a7 39 d0 b2 44 1 32 eb ] bresp=0 bid=100
[215000] SCOREBOARD: Transaction 2 received. pass=46 fail=0
[215000] ALL PASS. Total transactions: 2
[225000] MASTER 1 W_VALID_RDY Handshake beat=17 wlast=0
[225000] AXI S0_WVALID_RDY HANDSHAKE
[225000] S0 MEMORY WRITE beat=16 addr=00a5d150 data=201f67d331234cd7 id=1e
[235000] AXI S0_WVALID_RDY HANDSHAKE
[235000] S0 MEMORY WRITE beat=17 addr=00a5d160 data=edbe5958c6b67294 id=1e
[235000] MASTER 1 W_VALID_RDY Handshake beat=18 wlast=0
[245000] MASTER 1 W_VALID_RDY Handshake beat=19 wlast=0
[245000] AXI S0_WVALID_RDY HANDSHAKE
[245000] S0 MEMORY WRITE beat=18 addr=00a5d170 data=ea2cf3a1e6d5cc3e id=1e
[255000] AXI S0_WVALID_RDY HANDSHAKE
[255000] S0 MEMORY WRITE beat=19 addr=00a5d180 data=97f91915d2225464 id=1e
[255000] MASTER 1 W_VALID_RDY Handshake beat=20 wlast=0
[265000] MASTER 1 W_VALID_RDY Handshake beat=21 wlast=0
[265000] AXI S0_WVALID_RDY HANDSHAKE
[265000] S0 MEMORY WRITE beat=20 addr=00a5d190 data=18d8c6f90a4c5b74 id=1e
[275000] AXI S0_WVALID_RDY HANDSHAKE
[275000] S0 MEMORY WRITE beat=21 addr=00a5d1a0 data=f12227b285b7726d id=1e
[275000] MASTER 1 W_VALID_RDY Handshake beat=22 wlast=0
[285000] MASTER 1 W_VALID_RDY Handshake beat=23 wlast=0
[285000] AXI S0_WVALID_RDY HANDSHAKE
[285000] S0 MEMORY WRITE beat=22 addr=00a5d1b0 data=d7d9c6d20305ba9a id=1e
[295000] AXI S0_WVALID_RDY HANDSHAKE
[295000] S0 MEMORY WRITE beat=23 addr=00a5d1c0 data=0d52160e091b40c8 id=1e
[295000] MASTER 1 W_VALID_RDY Handshake beat=24 wlast=0
[305000] MASTER 1 W_VALID_RDY Handshake beat=25 wlast=0
[305000] AXI S0_WVALID_RDY HANDSHAKE
[305000] S0 MEMORY WRITE beat=24 addr=00a5d1d0 data=8ed2b335f0b28dcb id=1e
[315000] AXI S0_WVALID_RDY HANDSHAKE
[315000] S0 MEMORY WRITE beat=25 addr=00a5d1e0 data=f3b84865fe743dc0 id=1e
[315000] MASTER 1 W_VALID_RDY Handshake beat=26 wlast=0
[325000] MASTER 1 W_VALID_RDY Handshake beat=27 wlast=0
[325000] AXI S0_WVALID_RDY HANDSHAKE
[325000] S0 MEMORY WRITE beat=26 addr=00a5d1f0 data=878f7e88e6ac7a07 id=1e
[335000] AXI S0_WVALID_RDY HANDSHAKE
[335000] S0 MEMORY WRITE beat=27 addr=00a5d200 data=d75f07d2010a5e73 id=1e
[335000] MASTER 1 W_VALID_RDY Handshake beat=28 wlast=0
[345000] MASTER 1 W_VALID_RDY Handshake beat=29 wlast=0
[345000] AXI S0_WVALID_RDY HANDSHAKE
[345000] S0 MEMORY WRITE beat=28 addr=00a5d210 data=ff7e9c33166231be id=1e
[355000] AXI S0_WVALID_RDY HANDSHAKE
[355000] S0 MEMORY WRITE beat=29 addr=00a5d220 data=fd0eabc5cb175037 id=1e
[355000] MASTER 1 W_VALID_RDY Handshake beat=30 wlast=0
[365000] MASTER 1 W_VALID_RDY Handshake beat=31 wlast=0
[365000] AXI S0_WVALID_RDY HANDSHAKE
[365000] S0 MEMORY WRITE beat=30 addr=00a5d230 data=cc21aeaa070e1abc id=1e
[375000] AXI S0_WVALID_RDY HANDSHAKE
[375000] S0 MEMORY WRITE beat=31 addr=00a5d240 data=1d704c7ad46db398 id=1e
[375000] MASTER 1 W_VALID_RDY Handshake beat=32 wlast=0
[385000] MASTER 1 W_VALID_RDY Handshake beat=33 wlast=0
[385000] AXI S0_WVALID_RDY HANDSHAKE
[385000] S0 MEMORY WRITE beat=32 addr=00a5d250 data=9f8503cfcba04ade id=1e
[395000] AXI S0_WVALID_RDY HANDSHAKE
[395000] S0 MEMORY WRITE beat=33 addr=00a5d260 data=d2ae659a9a7ef83f id=1e
[395000] MASTER 1 W_VALID_RDY Handshake beat=34 wlast=0
[405000] MASTER 1 W_VALID_RDY Handshake beat=35 wlast=0
[405000] AXI S0_WVALID_RDY HANDSHAKE
[405000] S0 MEMORY WRITE beat=34 addr=00a5d270 data=eeecabd7eba6b27a id=1e
[415000] AXI S0_WVALID_RDY HANDSHAKE
[415000] S0 MEMORY WRITE beat=35 addr=00a5d280 data=3746fd58f01eb214 id=1e
[415000] MASTER 1 W_VALID_RDY Handshake beat=36 wlast=0
[425000] MASTER 1 W_VALID_RDY Handshake beat=37 wlast=0
[425000] AXI S0_WVALID_RDY HANDSHAKE
[425000] S0 MEMORY WRITE beat=36 addr=00a5d290 data=8a9daa530e71afa7 id=1e
[435000] AXI S0_WVALID_RDY HANDSHAKE
[435000] S0 MEMORY WRITE beat=37 addr=00a5d2a0 data=fa18622109f562f2 id=1e
[435000] MASTER 1 W_VALID_RDY Handshake beat=38 wlast=0
[445000] MASTER 1 W_VALID_RDY Handshake beat=39 wlast=0
[445000] AXI S0_WVALID_RDY HANDSHAKE
[445000] S0 MEMORY WRITE beat=38 addr=00a5d2b0 data=fa141506f98a562b id=1e
[455000] AXI S0_WVALID_RDY HANDSHAKE
[455000] S0 MEMORY WRITE beat=39 addr=00a5d2c0 data=07fc05d2315f5f79 id=1e
[455000] MASTER 1 W_VALID_RDY Handshake beat=40 wlast=0
[465000] MASTER 1 W_VALID_RDY Handshake beat=41 wlast=0
[465000] AXI S0_WVALID_RDY HANDSHAKE
[465000] S0 MEMORY WRITE beat=40 addr=00a5d2d0 data=3b54c26b84b1bf59 id=1e
[475000] AXI S0_WVALID_RDY HANDSHAKE
[475000] S0 MEMORY WRITE beat=41 addr=00a5d2e0 data=fe3c1584021467f3 id=1e
[475000] MASTER 1 W_VALID_RDY Handshake beat=42 wlast=0
[485000] MASTER 1 W_VALID_RDY Handshake beat=43 wlast=0
[485000] AXI S0_WVALID_RDY HANDSHAKE
[485000] S0 MEMORY WRITE beat=42 addr=00a5d2f0 data=3373c76c3568d771 id=1e
[495000] AXI S0_WVALID_RDY HANDSHAKE
[495000] S0 MEMORY WRITE beat=43 addr=00a5d300 data=ba1a96ca86381b56 id=1e
[495000] MASTER 1 W_VALID_RDY Handshake beat=44 wlast=0
[505000] MASTER 1 W_VALID_RDY Handshake beat=45 wlast=0
[505000] AXI S0_WVALID_RDY HANDSHAKE
[505000] S0 MEMORY WRITE beat=44 addr=00a5d310 data=884c8349eec889d7 id=1e
[515000] AXI S0_WVALID_RDY HANDSHAKE
[515000] S0 MEMORY WRITE beat=45 addr=00a5d320 data=243161483856ac4f id=1e
[515000] MASTER 1 W_VALID_RDY Handshake beat=46 wlast=0
[525000] MASTER 1 W_VALID_RDY Handshake beat=47 wlast=0
[525000] AXI S0_WVALID_RDY HANDSHAKE
[525000] S0 MEMORY WRITE beat=46 addr=00a5d330 data=be8ec7a5bbc04ab5 id=1e
[535000] AXI S0_WVALID_RDY HANDSHAKE
[535000] S0 MEMORY WRITE beat=47 addr=00a5d340 data=aa88d48cde4bf812 id=1e
[535000] MASTER 1 W_VALID_RDY Handshake beat=48 wlast=0
[545000] MASTER 1 W_VALID_RDY Handshake beat=49 wlast=0
[545000] AXI S0_WVALID_RDY HANDSHAKE
[545000] S0 MEMORY WRITE beat=48 addr=00a5d350 data=96a2a461c6db4aef id=1e
[555000] AXI S0_WVALID_RDY HANDSHAKE
[555000] S0 MEMORY WRITE beat=49 addr=00a5d360 data=829b95a4ceba35d4 id=1e
[555000] MASTER 1 W_VALID_RDY Handshake beat=50 wlast=0
[565000] MASTER 1 W_VALID_RDY Handshake beat=51 wlast=0
[565000] AXI S0_WVALID_RDY HANDSHAKE
[565000] S0 MEMORY WRITE beat=50 addr=00a5d370 data=2d062de7d5316c07 id=1e
[575000] AXI S0_WVALID_RDY HANDSHAKE
[575000] S0 MEMORY WRITE beat=51 addr=00a5d380 data=1c0cb6f62d246a31 id=1e
[575000] MASTER 1 W_VALID_RDY Handshake beat=52 wlast=0
[585000] MASTER 1 W_VALID_RDY Handshake beat=53 wlast=0
[585000] AXI S0_WVALID_RDY HANDSHAKE
[585000] S0 MEMORY WRITE beat=52 addr=00a5d390 data=fbdea005c3a8d248 id=1e
[595000] AXI S0_WVALID_RDY HANDSHAKE
[595000] S0 MEMORY WRITE beat=53 addr=00a5d3a0 data=98da3e4f9ea84c9a id=1e
[595000] MASTER 1 W_VALID_RDY Handshake beat=54 wlast=0
[605000] MASTER 1 W_VALID_RDY Handshake beat=55 wlast=0
[605000] AXI S0_WVALID_RDY HANDSHAKE
[605000] S0 MEMORY WRITE beat=54 addr=00a5d3b0 data=cbccb6cba8e4cdec id=1e
[615000] AXI S0_WVALID_RDY HANDSHAKE
[615000] S0 MEMORY WRITE beat=55 addr=00a5d3c0 data=ec8da035b4e6f545 id=1e
[615000] MASTER 1 W_VALID_RDY Handshake beat=56 wlast=0
[625000] MASTER 1 W_VALID_RDY Handshake beat=57 wlast=0
[625000] AXI S0_WVALID_RDY HANDSHAKE
[625000] S0 MEMORY WRITE beat=56 addr=00a5d3d0 data=d38f41e0c7ab56d1 id=1e
[635000] AXI S0_WVALID_RDY HANDSHAKE
[635000] S0 MEMORY WRITE beat=57 addr=00a5d3e0 data=f09024bd8567de84 id=1e
[635000] MASTER 1 W_VALID_RDY Handshake beat=58 wlast=0
[645000] MASTER 1 W_VALID_RDY Handshake beat=59 wlast=0
[645000] AXI S0_WVALID_RDY HANDSHAKE
[645000] S0 MEMORY WRITE beat=58 addr=00a5d3f0 data=3a4ed3ca9f5bf8ab id=1e
[655000] AXI S0_WVALID_RDY HANDSHAKE
[655000] S0 MEMORY WRITE beat=59 addr=00a5d400 data=e7074f7cdd1dc4f2 id=1e
[655000] MASTER 1 W_VALID_RDY Handshake beat=60 wlast=0
[665000] MASTER 1 W_VALID_RDY Handshake beat=61 wlast=0
[665000] AXI S0_WVALID_RDY HANDSHAKE
[665000] S0 MEMORY WRITE beat=60 addr=00a5d410 data=e285a3770dde15aa id=1e
[675000] AXI S0_WVALID_RDY HANDSHAKE
[675000] S0 MEMORY WRITE beat=61 addr=00a5d420 data=ad3a0e55d797743a id=1e
[675000] MASTER 1 W_VALID_RDY Handshake beat=62 wlast=0
[685000] MASTER 1 W_VALID_RDY Handshake beat=63 wlast=0
[685000] AXI S0_WVALID_RDY HANDSHAKE
[685000] S0 MEMORY WRITE beat=62 addr=00a5d430 data=b4b5392c1cd47741 id=1e
[695000] AXI S0_WVALID_RDY HANDSHAKE
[695000] S0 MEMORY WRITE beat=63 addr=00a5d440 data=2ab28ceb14415dd2 id=1e
[695000] MASTER 1 W_VALID_RDY Handshake beat=64 wlast=0
[705000] MASTER 1 W_VALID_RDY Handshake beat=65 wlast=0
[705000] AXI S0_WVALID_RDY HANDSHAKE
[705000] S0 MEMORY WRITE beat=64 addr=00a5d450 data=ebd8d20c973adca3 id=1e
[715000] AXI S0_WVALID_RDY HANDSHAKE
[715000] S0 MEMORY WRITE beat=65 addr=00a5d460 data=b40f53e4d7ec9b40 id=1e
[715000] MASTER 1 W_VALID_RDY Handshake beat=66 wlast=0
[725000] MASTER 1 W_VALID_RDY Handshake beat=67 wlast=0
[725000] AXI S0_WVALID_RDY HANDSHAKE
[725000] S0 MEMORY WRITE beat=66 addr=00a5d470 data=ec2df912a08e0b38 id=1e
[735000] AXI S0_WVALID_RDY HANDSHAKE
[735000] S0 MEMORY WRITE beat=67 addr=00a5d480 data=37c8e7dcdec1e0cf id=1e
[735000] MASTER 1 W_VALID_RDY Handshake beat=68 wlast=0
[745000] MASTER 1 W_VALID_RDY Handshake beat=69 wlast=0
[745000] AXI S0_WVALID_RDY HANDSHAKE
[745000] S0 MEMORY WRITE beat=68 addr=00a5d490 data=36ae7c10d806cb1e id=1e
[755000] AXI S0_WVALID_RDY HANDSHAKE
[755000] S0 MEMORY WRITE beat=69 addr=00a5d4a0 data=f894d657ebd83bc0 id=1e
[755000] MASTER 1 W_VALID_RDY Handshake beat=70 wlast=0
[765000] MASTER 1 W_VALID_RDY Handshake beat=71 wlast=0
[765000] AXI S0_WVALID_RDY HANDSHAKE
[765000] S0 MEMORY WRITE beat=70 addr=00a5d4b0 data=ca9a1c90a2dc7522 id=1e
[775000] AXI S0_WVALID_RDY HANDSHAKE
[775000] S0 MEMORY WRITE beat=71 addr=00a5d4c0 data=fae34041305dbe33 id=1e
[775000] MASTER 1 W_VALID_RDY Handshake beat=72 wlast=0
[785000] MASTER 1 W_VALID_RDY Handshake beat=73 wlast=0
[785000] AXI S0_WVALID_RDY HANDSHAKE
[785000] S0 MEMORY WRITE beat=72 addr=00a5d4d0 data=9c35f9f3014898a0 id=1e
[795000] AXI S0_WVALID_RDY HANDSHAKE
[795000] S0 MEMORY WRITE beat=73 addr=00a5d4e0 data=a4250dc2f3781698 id=1e
[795000] MASTER 1 W_VALID_RDY Handshake beat=74 wlast=0
[805000] MASTER 1 W_VALID_RDY Handshake beat=75 wlast=0
[805000] AXI S0_WVALID_RDY HANDSHAKE
[805000] S0 MEMORY WRITE beat=74 addr=00a5d4f0 data=23d5d4cbe6d01683 id=1e
[815000] AXI S0_WVALID_RDY HANDSHAKE
[815000] S0 MEMORY WRITE beat=75 addr=00a5d500 data=e818af239f084e03 id=1e
[815000] MASTER 1 W_VALID_RDY Handshake beat=76 wlast=0
[825000] MASTER 1 W_VALID_RDY Handshake beat=77 wlast=0
[825000] AXI S0_WVALID_RDY HANDSHAKE
[825000] S0 MEMORY WRITE beat=76 addr=00a5d510 data=9280649bc00bcebe id=1e
[835000] AXI S0_WVALID_RDY HANDSHAKE
[835000] S0 MEMORY WRITE beat=77 addr=00a5d520 data=26dbe5420c3dbce6 id=1e
[835000] MASTER 1 W_VALID_RDY Handshake beat=78 wlast=0
[845000] MASTER 1 W_VALID_RDY Handshake beat=79 wlast=0
[845000] AXI S0_WVALID_RDY HANDSHAKE
[845000] S0 MEMORY WRITE beat=78 addr=00a5d530 data=ab460ae9b6563966 id=1e
[855000] AXI S0_WVALID_RDY HANDSHAKE
[855000] S0 MEMORY WRITE beat=79 addr=00a5d540 data=f66208258ef49465 id=1e
[855000] MASTER 1 W_VALID_RDY Handshake beat=80 wlast=0
[865000] MASTER 1 W_VALID_RDY Handshake beat=81 wlast=0
[865000] AXI S0_WVALID_RDY HANDSHAKE
[865000] S0 MEMORY WRITE beat=80 addr=00a5d550 data=9b32514b3dc66f85 id=1e
[875000] AXI S0_WVALID_RDY HANDSHAKE
[875000] S0 MEMORY WRITE beat=81 addr=00a5d560 data=f41ca8eb1d3ded67 id=1e
[875000] MASTER 1 W_VALID_RDY Handshake beat=82 wlast=0
[885000] MASTER 1 W_VALID_RDY Handshake beat=83 wlast=0
[885000] AXI S0_WVALID_RDY HANDSHAKE
[885000] S0 MEMORY WRITE beat=82 addr=00a5d570 data=ac3281ccc6785c35 id=1e
[895000] AXI S0_WVALID_RDY HANDSHAKE
[895000] S0 MEMORY WRITE beat=83 addr=00a5d580 data=043ecbbaea7eb110 id=1e
[895000] MASTER 1 W_VALID_RDY Handshake beat=84 wlast=0
[905000] MASTER 1 W_VALID_RDY Handshake beat=85 wlast=0
[905000] AXI S0_WVALID_RDY HANDSHAKE
[905000] S0 MEMORY WRITE beat=84 addr=00a5d590 data=87bc9e77c764d318 id=1e
[915000] AXI S0_WVALID_RDY HANDSHAKE
[915000] S0 MEMORY WRITE beat=85 addr=00a5d5a0 data=0ddd2f4df85b74a5 id=1e
[915000] MASTER 1 W_VALID_RDY Handshake beat=86 wlast=0
[925000] MASTER 1 W_VALID_RDY Handshake beat=87 wlast=0
[925000] AXI S0_WVALID_RDY HANDSHAKE
[925000] S0 MEMORY WRITE beat=86 addr=00a5d5b0 data=e2da25b633ef2044 id=1e
[935000] AXI S0_WVALID_RDY HANDSHAKE
[935000] S0 MEMORY WRITE beat=87 addr=00a5d5c0 data=fb53f35c121bfb07 id=1e
[935000] MASTER 1 W_VALID_RDY Handshake beat=88 wlast=0
[945000] MASTER 1 W_VALID_RDY Handshake beat=89 wlast=0
[945000] AXI S0_WVALID_RDY HANDSHAKE
[945000] S0 MEMORY WRITE beat=88 addr=00a5d5d0 data=8a776facea96c42d id=1e
[955000] AXI S0_WVALID_RDY HANDSHAKE
[955000] S0 MEMORY WRITE beat=89 addr=00a5d5e0 data=9e85e471093122a9 id=1e
[955000] MASTER 1 W_VALID_RDY Handshake beat=90 wlast=0
[965000] MASTER 1 W_VALID_RDY Handshake beat=91 wlast=0
[965000] AXI S0_WVALID_RDY HANDSHAKE
[965000] S0 MEMORY WRITE beat=90 addr=00a5d5f0 data=1b4d1db0ed519562 id=1e
[975000] AXI S0_WVALID_RDY HANDSHAKE
[975000] S0 MEMORY WRITE beat=91 addr=00a5d600 data=d7e8599099d9d7cd id=1e
[975000] MASTER 1 W_VALID_RDY Handshake beat=92 wlast=0
[985000] MASTER 1 W_VALID_RDY Handshake beat=93 wlast=0
[985000] AXI S0_WVALID_RDY HANDSHAKE
[985000] S0 MEMORY WRITE beat=92 addr=00a5d610 data=a30afa76a5c48d5c id=1e
[995000] AXI S0_WVALID_RDY HANDSHAKE
[995000] S0 MEMORY WRITE beat=93 addr=00a5d620 data=131622bff66e3e01 id=1e
[995000] MASTER 1 W_VALID_RDY Handshake beat=94 wlast=0
[1005000] MASTER 1 W_VALID_RDY Handshake beat=95 wlast=0
[1005000] AXI S0_WVALID_RDY HANDSHAKE
[1005000] S0 MEMORY WRITE beat=94 addr=00a5d630 data=104815cfbe581826 id=1e
[1015000] AXI S0_WVALID_RDY HANDSHAKE
[1015000] S0 MEMORY WRITE beat=95 addr=00a5d640 data=e41ca583eafe7c4f id=1e
[1015000] MASTER 1 W_VALID_RDY Handshake beat=96 wlast=0
[1025000] MASTER 1 W_VALID_RDY Handshake beat=97 wlast=0
[1025000] AXI S0_WVALID_RDY HANDSHAKE
[1025000] S0 MEMORY WRITE beat=96 addr=00a5d650 data=e16cba50b3531045 id=1e
[1035000] AXI S0_WVALID_RDY HANDSHAKE
[1035000] S0 MEMORY WRITE beat=97 addr=00a5d660 data=f1ab286cf732c842 id=1e
[1035000] MASTER 1 W_VALID_RDY Handshake beat=98 wlast=0
[1045000] MASTER 1 W_VALID_RDY Handshake beat=99 wlast=0
[1045000] AXI S0_WVALID_RDY HANDSHAKE
[1045000] S0 MEMORY WRITE beat=98 addr=00a5d670 data=e2314491f1b4d01f id=1e
[1055000] AXI S0_WVALID_RDY HANDSHAKE
[1055000] S0 MEMORY WRITE beat=99 addr=00a5d680 data=2507e065d5c7cdef id=1e
[1055000] MASTER 1 W_VALID_RDY Handshake beat=100 wlast=0
[1065000] MASTER 1 W_VALID_RDY Handshake beat=101 wlast=0
[1065000] AXI S0_WVALID_RDY HANDSHAKE
[1065000] S0 MEMORY WRITE beat=100 addr=00a5d690 data=ccfa9631c39dfee1 id=1e
[1075000] AXI S0_WVALID_RDY HANDSHAKE
[1075000] S0 MEMORY WRITE beat=101 addr=00a5d6a0 data=3552cf0116b308d1 id=1e
[1075000] MASTER 1 W_VALID_RDY Handshake beat=102 wlast=0
[1085000] MASTER 1 W_VALID_RDY Handshake beat=103 wlast=0
[1085000] AXI S0_WVALID_RDY HANDSHAKE
[1085000] S0 MEMORY WRITE beat=102 addr=00a5d6b0 data=ec7ad6c02f2bdac2 id=1e
[1095000] AXI S0_WVALID_RDY HANDSHAKE
[1095000] S0 MEMORY WRITE beat=103 addr=00a5d6c0 data=f2c9d9a3da5aaf66 id=1e
[1095000] MASTER 1 W_VALID_RDY Handshake beat=104 wlast=0
[1105000] MASTER 1 W_VALID_RDY Handshake beat=105 wlast=0
[1105000] AXI S0_WVALID_RDY HANDSHAKE
[1105000] S0 MEMORY WRITE beat=104 addr=00a5d6d0 data=f10db83739756cf1 id=1e
[1115000] AXI S0_WVALID_RDY HANDSHAKE
[1115000] S0 MEMORY WRITE beat=105 addr=00a5d6e0 data=e8a147b3a81ca8a4 id=1e
[1115000] MASTER 1 W_VALID_RDY Handshake beat=106 wlast=0
[1125000] MASTER 1 W_VALID_RDY Handshake beat=107 wlast=0
[1125000] AXI S0_WVALID_RDY HANDSHAKE
[1125000] S0 MEMORY WRITE beat=106 addr=00a5d6f0 data=8277580add888ef7 id=1e
[1135000] AXI S0_WVALID_RDY HANDSHAKE
[1135000] S0 MEMORY WRITE beat=107 addr=00a5d700 data=16fdfbe8db6b2156 id=1e
[1135000] MASTER 1 W_VALID_RDY Handshake beat=108 wlast=0
[1145000] MASTER 1 W_VALID_RDY Handshake beat=109 wlast=0
[1145000] AXI S0_WVALID_RDY HANDSHAKE
[1145000] S0 MEMORY WRITE beat=108 addr=00a5d710 data=0387c9fbf3851041 id=1e
[1155000] AXI S0_WVALID_RDY HANDSHAKE
[1155000] S0 MEMORY WRITE beat=109 addr=00a5d720 data=d10d9f38ff9f439b id=1e
[1155000] MASTER 1 W_VALID_RDY Handshake beat=110 wlast=0
[1165000] MASTER 1 W_VALID_RDY Handshake beat=111 wlast=0
[1165000] AXI S0_WVALID_RDY HANDSHAKE
[1165000] S0 MEMORY WRITE beat=110 addr=00a5d730 data=db0a64f185ff2205 id=1e
[1175000] AXI S0_WVALID_RDY HANDSHAKE
[1175000] S0 MEMORY WRITE beat=111 addr=00a5d740 data=f9843247e80b9b20 id=1e
[1175000] MASTER 1 W_VALID_RDY Handshake beat=112 wlast=0
[1185000] MASTER 1 W_VALID_RDY Handshake beat=113 wlast=0
[1185000] AXI S0_WVALID_RDY HANDSHAKE
[1185000] S0 MEMORY WRITE beat=112 addr=00a5d750 data=e7aadebbde922eec id=1e
[1195000] AXI S0_WVALID_RDY HANDSHAKE
[1195000] S0 MEMORY WRITE beat=113 addr=00a5d760 data=e49150f2ca91d17f id=1e
[1195000] MASTER 1 W_VALID_RDY Handshake beat=114 wlast=0
[1205000] MASTER 1 W_VALID_RDY Handshake beat=115 wlast=0
[1205000] AXI S0_WVALID_RDY HANDSHAKE
[1205000] S0 MEMORY WRITE beat=114 addr=00a5d770 data=329d6ca0c2b543ad id=1e
[1215000] AXI S0_WVALID_RDY HANDSHAKE
[1215000] S0 MEMORY WRITE beat=115 addr=00a5d780 data=a1477299de158339 id=1e
[1215000] MASTER 1 W_VALID_RDY Handshake beat=116 wlast=0
[1225000] MASTER 1 W_VALID_RDY Handshake beat=117 wlast=0
[1225000] AXI S0_WVALID_RDY HANDSHAKE
[1225000] S0 MEMORY WRITE beat=116 addr=00a5d790 data=a8a754b89a484b5b id=1e
[1235000] AXI S0_WVALID_RDY HANDSHAKE
[1235000] S0 MEMORY WRITE beat=117 addr=00a5d7a0 data=dcfd8f0885d8c38b id=1e
[1235000] MASTER 1 W_VALID_RDY Handshake beat=118 wlast=0
[1245000] MASTER 1 W_VALID_RDY Handshake beat=119 wlast=0
[1245000] AXI S0_WVALID_RDY HANDSHAKE
[1245000] S0 MEMORY WRITE beat=118 addr=00a5d7b0 data=e3ee46c4db44c158 id=1e
[1255000] AXI S0_WVALID_RDY HANDSHAKE
[1255000] S0 MEMORY WRITE beat=119 addr=00a5d7c0 data=f58d0cb4fe4501a2 id=1e
[1255000] MASTER 1 W_VALID_RDY Handshake beat=120 wlast=0
[1265000] MASTER 1 W_VALID_RDY Handshake beat=121 wlast=0
[1265000] AXI S0_WVALID_RDY HANDSHAKE
[1265000] S0 MEMORY WRITE beat=120 addr=00a5d7d0 data=841dc52d0c959b7d id=1e
[1275000] AXI S0_WVALID_RDY HANDSHAKE
[1275000] S0 MEMORY WRITE beat=121 addr=00a5d7e0 data=e7da5cd5d28a9bbc id=1e
[1275000] MASTER 1 W_VALID_RDY Handshake beat=122 wlast=0
[1285000] MASTER 1 W_VALID_RDY Handshake beat=123 wlast=0
[1285000] AXI S0_WVALID_RDY HANDSHAKE
[1285000] S0 MEMORY WRITE beat=122 addr=00a5d7f0 data=d0cf9d5ee80c0bf2 id=1e
[1295000] AXI S0_WVALID_RDY HANDSHAKE
[1295000] S0 MEMORY WRITE beat=123 addr=00a5d800 data=f4a1a76fdd676989 id=1e
[1295000] MASTER 1 W_VALID_RDY Handshake beat=124 wlast=0
[1305000] MASTER 1 W_VALID_RDY Handshake beat=125 wlast=0
[1305000] AXI S0_WVALID_RDY HANDSHAKE
[1305000] S0 MEMORY WRITE beat=124 addr=00a5d810 data=2ff20546d4ed628c id=1e
[1315000] AXI S0_WVALID_RDY HANDSHAKE
[1315000] S0 MEMORY WRITE beat=125 addr=00a5d820 data=3cf96e7edc7c0444 id=1e
[1315000] MASTER 1 W_VALID_RDY Handshake beat=126 wlast=0
[1325000] MASTER 1 W_VALID_RDY Handshake beat=127 wlast=0
[1325000] AXI S0_WVALID_RDY HANDSHAKE
[1325000] S0 MEMORY WRITE beat=126 addr=00a5d830 data=39e36dce80c1a2a4 id=1e
[1335000] AXI S0_WVALID_RDY HANDSHAKE
[1335000] S0 MEMORY WRITE beat=127 addr=00a5d840 data=d5af0530319b15ed id=1e
[1335000] MASTER 1 W_VALID_RDY Handshake beat=128 wlast=0
[1345000] MASTER 1 W_VALID_RDY Handshake beat=129 wlast=0
[1345000] AXI S0_WVALID_RDY HANDSHAKE
[1345000] S0 MEMORY WRITE beat=128 addr=00a5d850 data=8e171a31e9d57314 id=1e
[1355000] AXI S0_WVALID_RDY HANDSHAKE
[1355000] S0 MEMORY WRITE beat=129 addr=00a5d860 data=ea9715b892a873ae id=1e
[1355000] MASTER 1 W_VALID_RDY Handshake beat=130 wlast=0
[1365000] MASTER 1 W_VALID_RDY Handshake beat=131 wlast=0
[1365000] AXI S0_WVALID_RDY HANDSHAKE
[1365000] S0 MEMORY WRITE beat=130 addr=00a5d870 data=c443899bc7fa87ff id=1e
[1375000] AXI S0_WVALID_RDY HANDSHAKE
[1375000] S0 MEMORY WRITE beat=131 addr=00a5d880 data=b1cffb13c0461ae9 id=1e
[1375000] MASTER 1 W_VALID_RDY Handshake beat=132 wlast=0
[1385000] MASTER 1 W_VALID_RDY Handshake beat=133 wlast=0
[1385000] AXI S0_WVALID_RDY HANDSHAKE
[1385000] S0 MEMORY WRITE beat=132 addr=00a5d890 data=d2ee8e97d25aa3cd id=1e
[1395000] AXI S0_WVALID_RDY HANDSHAKE
[1395000] S0 MEMORY WRITE beat=133 addr=00a5d8a0 data=9a552bcc1c6710cc id=1e
[1395000] MASTER 1 W_VALID_RDY Handshake beat=134 wlast=0
[1405000] MASTER 1 W_VALID_RDY Handshake beat=135 wlast=0
[1405000] AXI S0_WVALID_RDY HANDSHAKE
[1405000] S0 MEMORY WRITE beat=134 addr=00a5d8b0 data=dcad2bb517321833 id=1e
[1415000] AXI S0_WVALID_RDY HANDSHAKE
[1415000] S0 MEMORY WRITE beat=135 addr=00a5d8c0 data=e98cbc00cc2526e0 id=1e
[1415000] MASTER 1 W_VALID_RDY Handshake beat=136 wlast=0
[1425000] MASTER 1 W_VALID_RDY Handshake beat=137 wlast=0
[1425000] AXI S0_WVALID_RDY HANDSHAKE
[1425000] S0 MEMORY WRITE beat=136 addr=00a5d8d0 data=e88c37acaf9bba4c id=1e
[1435000] AXI S0_WVALID_RDY HANDSHAKE
[1435000] S0 MEMORY WRITE beat=137 addr=00a5d8e0 data=c6cdd27f83e1e7cc id=1e
[1435000] MASTER 1 W_VALID_RDY Handshake beat=138 wlast=0
[1445000] MASTER 1 W_VALID_RDY Handshake beat=139 wlast=0
[1445000] AXI S0_WVALID_RDY HANDSHAKE
[1445000] S0 MEMORY WRITE beat=138 addr=00a5d8f0 data=d0070eacc5396361 id=1e
[1455000] AXI S0_WVALID_RDY HANDSHAKE
[1455000] S0 MEMORY WRITE beat=139 addr=00a5d900 data=f4d51dadb05a8e7f id=1e
[1455000] MASTER 1 W_VALID_RDY Handshake beat=140 wlast=0
[1465000] MASTER 1 W_VALID_RDY Handshake beat=141 wlast=0
[1465000] AXI S0_WVALID_RDY HANDSHAKE
[1465000] S0 MEMORY WRITE beat=140 addr=00a5d910 data=343c764cb8934658 id=1e
[1475000] AXI S0_WVALID_RDY HANDSHAKE
[1475000] S0 MEMORY WRITE beat=141 addr=00a5d920 data=fdcca9b93ba2f02d id=1e
[1475000] MASTER 1 W_VALID_RDY Handshake beat=142 wlast=0
[1485000] MASTER 1 W_VALID_RDY Handshake beat=143 wlast=0
[1485000] AXI S0_WVALID_RDY HANDSHAKE
[1485000] S0 MEMORY WRITE beat=142 addr=00a5d930 data=ebfd7eac844384f8 id=1e
[1495000] AXI S0_WVALID_RDY HANDSHAKE
[1495000] S0 MEMORY WRITE beat=143 addr=00a5d940 data=3cd6cb51f2a1c767 id=1e
[1495000] MASTER 1 W_VALID_RDY Handshake beat=144 wlast=0
[1505000] MASTER 1 W_VALID_RDY Handshake beat=145 wlast=0
[1505000] AXI S0_WVALID_RDY HANDSHAKE
[1505000] S0 MEMORY WRITE beat=144 addr=00a5d950 data=2e44b794a039f4f8 id=1e
[1515000] AXI S0_WVALID_RDY HANDSHAKE
[1515000] S0 MEMORY WRITE beat=145 addr=00a5d960 data=247d79f1baa3750a id=1e
[1515000] MASTER 1 W_VALID_RDY Handshake beat=146 wlast=0
[1525000] MASTER 1 W_VALID_RDY Handshake beat=147 wlast=0
[1525000] AXI S0_WVALID_RDY HANDSHAKE
[1525000] S0 MEMORY WRITE beat=146 addr=00a5d970 data=ad453c719a423640 id=1e
[1535000] AXI S0_WVALID_RDY HANDSHAKE
[1535000] S0 MEMORY WRITE beat=147 addr=00a5d980 data=3a7c2b39e1544542 id=1e
[1535000] MASTER 1 W_VALID_RDY Handshake beat=148 wlast=0
[1545000] MASTER 1 W_VALID_RDY Handshake beat=149 wlast=0
[1545000] AXI S0_WVALID_RDY HANDSHAKE
[1545000] S0 MEMORY WRITE beat=148 addr=00a5d990 data=9bf7ba4cdb89f405 id=1e
[1555000] AXI S0_WVALID_RDY HANDSHAKE
[1555000] S0 MEMORY WRITE beat=149 addr=00a5d9a0 data=f5cc2a46def9a52a id=1e
[1555000] MASTER 1 W_VALID_RDY Handshake beat=150 wlast=0
[1565000] MASTER 1 W_VALID_RDY Handshake beat=151 wlast=0
[1565000] AXI S0_WVALID_RDY HANDSHAKE
[1565000] S0 MEMORY WRITE beat=150 addr=00a5d9b0 data=c04dea6cc93cf6be id=1e
[1575000] AXI S0_WVALID_RDY HANDSHAKE
[1575000] S0 MEMORY WRITE beat=151 addr=00a5d9c0 data=a4c6eac33048557f id=1e
[1575000] MASTER 1 W_VALID_RDY Handshake beat=152 wlast=0
[1585000] MASTER 1 W_VALID_RDY Handshake beat=153 wlast=0
[1585000] AXI S0_WVALID_RDY HANDSHAKE
[1585000] S0 MEMORY WRITE beat=152 addr=00a5d9d0 data=0f41faa9dc45a4b8 id=1e
[1595000] AXI S0_WVALID_RDY HANDSHAKE
[1595000] S0 MEMORY WRITE beat=153 addr=00a5d9e0 data=a5829b769a931509 id=1e
[1595000] MASTER 1 W_VALID_RDY Handshake beat=154 wlast=0
[1605000] MASTER 1 W_VALID_RDY Handshake beat=155 wlast=0
[1605000] AXI S0_WVALID_RDY HANDSHAKE
[1605000] S0 MEMORY WRITE beat=154 addr=00a5d9f0 data=cadb6a88cf8fe515 id=1e
[1615000] AXI S0_WVALID_RDY HANDSHAKE
[1615000] S0 MEMORY WRITE beat=155 addr=00a5da00 data=abd589cdca49863a id=1e
[1615000] MASTER 1 W_VALID_RDY Handshake beat=156 wlast=0
[1625000] MASTER 1 W_VALID_RDY Handshake beat=157 wlast=0
[1625000] AXI S0_WVALID_RDY HANDSHAKE
[1625000] S0 MEMORY WRITE beat=156 addr=00a5da10 data=e4dc9b43da1d6531 id=1e
[1635000] AXI S0_WVALID_RDY HANDSHAKE
[1635000] S0 MEMORY WRITE beat=157 addr=00a5da20 data=a9ad4a46d1582544 id=1e
[1635000] MASTER 1 W_VALID_RDY Handshake beat=158 wlast=0
[1645000] MASTER 1 W_VALID_RDY Handshake beat=159 wlast=0
[1645000] AXI S0_WVALID_RDY HANDSHAKE
[1645000] S0 MEMORY WRITE beat=158 addr=00a5da30 data=1ba1ab7e2fb805cc id=1e
[1655000] AXI S0_WVALID_RDY HANDSHAKE
[1655000] S0 MEMORY WRITE beat=159 addr=00a5da40 data=89d56afdd582d414 id=1e
[1655000] MASTER 1 W_VALID_RDY Handshake beat=160 wlast=0
[1665000] MASTER 1 W_VALID_RDY Handshake beat=161 wlast=0
[1665000] AXI S0_WVALID_RDY HANDSHAKE
[1665000] S0 MEMORY WRITE beat=160 addr=00a5da50 data=26daf958807e46c1 id=1e
[1675000] AXI S0_WVALID_RDY HANDSHAKE
[1675000] S0 MEMORY WRITE beat=161 addr=00a5da60 data=b0364c8d3382b544 id=1e
[1675000] MASTER 1 W_VALID_RDY Handshake beat=162 wlast=0
[1685000] MASTER 1 W_VALID_RDY Handshake beat=163 wlast=0
[1685000] AXI S0_WVALID_RDY HANDSHAKE
[1685000] S0 MEMORY WRITE beat=162 addr=00a5da70 data=09058958c27ca4d6 id=1e
[1695000] AXI S0_WVALID_RDY HANDSHAKE
[1695000] S0 MEMORY WRITE beat=163 addr=00a5da80 data=c2faeb973a0bb78b id=1e
[1695000] MASTER 1 W_VALID_RDY Handshake beat=164 wlast=0
[1705000] MASTER 1 W_VALID_RDY Handshake beat=165 wlast=0
[1705000] AXI S0_WVALID_RDY HANDSHAKE
[1705000] S0 MEMORY WRITE beat=164 addr=00a5da90 data=ed8e6ccf2fe082b0 id=1e
[1715000] AXI S0_WVALID_RDY HANDSHAKE
[1715000] S0 MEMORY WRITE beat=165 addr=00a5daa0 data=f25d2786f3313825 id=1e
[1715000] MASTER 1 W_VALID_RDY Handshake beat=166 wlast=0
[1725000] MASTER 1 W_VALID_RDY Handshake beat=167 wlast=0
[1725000] AXI S0_WVALID_RDY HANDSHAKE
[1725000] S0 MEMORY WRITE beat=166 addr=00a5dab0 data=2d3cefb0f693f627 id=1e
[1735000] AXI S0_WVALID_RDY HANDSHAKE
[1735000] S0 MEMORY WRITE beat=167 addr=00a5dac0 data=267478d7b558131d id=1e
[1735000] MASTER 1 W_VALID_RDY Handshake beat=168 wlast=0
[1745000] MASTER 1 W_VALID_RDY Handshake beat=169 wlast=0
[1745000] AXI S0_WVALID_RDY HANDSHAKE
[1745000] S0 MEMORY WRITE beat=168 addr=00a5dad0 data=a8894b421acb5c7f id=1e
[1755000] AXI S0_WVALID_RDY HANDSHAKE
[1755000] S0 MEMORY WRITE beat=169 addr=00a5dae0 data=115f52a618d1a05d id=1e
[1755000] MASTER 1 W_VALID_RDY Handshake beat=170 wlast=0
[1765000] MASTER 1 W_VALID_RDY Handshake beat=171 wlast=0
[1765000] AXI S0_WVALID_RDY HANDSHAKE
[1765000] S0 MEMORY WRITE beat=170 addr=00a5daf0 data=ce29b37ad5c63af2 id=1e
[1775000] AXI S0_WVALID_RDY HANDSHAKE
[1775000] S0 MEMORY WRITE beat=171 addr=00a5db00 data=f091977137d3cb7d id=1e
[1775000] MASTER 1 W_VALID_RDY Handshake beat=172 wlast=0
[1785000] MASTER 1 W_VALID_RDY Handshake beat=173 wlast=0
[1785000] AXI S0_WVALID_RDY HANDSHAKE
[1785000] S0 MEMORY WRITE beat=172 addr=00a5db10 data=d0a56bdaf6b2febd id=1e
[1795000] AXI S0_WVALID_RDY HANDSHAKE
[1795000] S0 MEMORY WRITE beat=173 addr=00a5db20 data=cc7939af81f0ea17 id=1e
[1795000] MASTER 1 W_VALID_RDY Handshake beat=174 wlast=0
[1805000] MASTER 1 W_VALID_RDY Handshake beat=175 wlast=0
[1805000] AXI S0_WVALID_RDY HANDSHAKE
[1805000] S0 MEMORY WRITE beat=174 addr=00a5db30 data=b9c4b5949ecf1f54 id=1e
[1815000] AXI S0_WVALID_RDY HANDSHAKE
[1815000] S0 MEMORY WRITE beat=175 addr=00a5db40 data=95821e113d0ad121 id=1e
[1815000] MASTER 1 W_VALID_RDY Handshake beat=176 wlast=0
[1825000] MASTER 1 W_VALID_RDY Handshake beat=177 wlast=0
[1825000] AXI S0_WVALID_RDY HANDSHAKE
[1825000] S0 MEMORY WRITE beat=176 addr=00a5db50 data=befbbb388a6a216e id=1e
[1835000] AXI S0_WVALID_RDY HANDSHAKE
[1835000] S0 MEMORY WRITE beat=177 addr=00a5db60 data=293940c3e1fb57c1 id=1e
[1835000] MASTER 1 W_VALID_RDY Handshake beat=178 wlast=0
[1845000] MASTER 1 W_VALID_RDY Handshake beat=179 wlast=0
[1845000] AXI S0_WVALID_RDY HANDSHAKE
[1845000] S0 MEMORY WRITE beat=178 addr=00a5db70 data=1f0628e2f8c070cd id=1e
[1855000] AXI S0_WVALID_RDY HANDSHAKE
[1855000] S0 MEMORY WRITE beat=179 addr=00a5db80 data=832a923bbebb5ed4 id=1e
[1855000] MASTER 1 W_VALID_RDY Handshake beat=180 wlast=0
[1865000] MASTER 1 W_VALID_RDY Handshake beat=181 wlast=0
[1865000] AXI S0_WVALID_RDY HANDSHAKE
[1865000] S0 MEMORY WRITE beat=180 addr=00a5db90 data=a0b6b695de01e41a id=1e
[1875000] AXI S0_WVALID_RDY HANDSHAKE
[1875000] S0 MEMORY WRITE beat=181 addr=00a5dba0 data=d6c254e7ac63d2fe id=1e
[1875000] MASTER 1 W_VALID_RDY Handshake beat=182 wlast=0
[1885000] MASTER 1 W_VALID_RDY Handshake beat=183 wlast=0
[1885000] AXI S0_WVALID_RDY HANDSHAKE
[1885000] S0 MEMORY WRITE beat=182 addr=00a5dbb0 data=eb1f31d3bfbcdf77 id=1e
[1895000] AXI S0_WVALID_RDY HANDSHAKE
[1895000] S0 MEMORY WRITE beat=183 addr=00a5dbc0 data=1dbec392d9ece723 id=1e
[1895000] MASTER 1 W_VALID_RDY Handshake beat=184 wlast=0
[1905000] MASTER 1 W_VALID_RDY Handshake beat=185 wlast=0
[1905000] AXI S0_WVALID_RDY HANDSHAKE
[1905000] S0 MEMORY WRITE beat=184 addr=00a5dbd0 data=8650ba218bd5e868 id=1e
[1915000] AXI S0_WVALID_RDY HANDSHAKE
[1915000] S0 MEMORY WRITE beat=185 addr=00a5dbe0 data=cb92c7e0f4811879 id=1e
[1915000] MASTER 1 W_VALID_RDY Handshake beat=186 wlast=0
[1925000] MASTER 1 W_VALID_RDY Handshake beat=187 wlast=0
[1925000] AXI S0_WVALID_RDY HANDSHAKE
[1925000] S0 MEMORY WRITE beat=186 addr=00a5dbf0 data=ce6dff9cf16febf4 id=1e
[1935000] AXI S0_WVALID_RDY HANDSHAKE
[1935000] S0 MEMORY WRITE beat=187 addr=00a5dc00 data=fd45d45de9518b72 id=1e
[1935000] MASTER 1 W_VALID_RDY Handshake beat=188 wlast=0
[1945000] MASTER 1 W_VALID_RDY Handshake beat=189 wlast=0
[1945000] AXI S0_WVALID_RDY HANDSHAKE
[1945000] S0 MEMORY WRITE beat=188 addr=00a5dc10 data=ddd2a3ebd4beb9be id=1e
[1955000] AXI S0_WVALID_RDY HANDSHAKE
[1955000] S0 MEMORY WRITE beat=189 addr=00a5dc20 data=c62ea5b2c8d89c3d id=1e
[1955000] MASTER 1 W_VALID_RDY Handshake beat=190 wlast=0
[1965000] MASTER 1 W_VALID_RDY Handshake beat=191 wlast=0
[1965000] AXI S0_WVALID_RDY HANDSHAKE
[1965000] S0 MEMORY WRITE beat=190 addr=00a5dc30 data=322a27af2c40a388 id=1e
[1975000] AXI S0_WVALID_RDY HANDSHAKE
[1975000] S0 MEMORY WRITE beat=191 addr=00a5dc40 data=00ff5d46c3747a0f id=1e
[1975000] MASTER 1 W_VALID_RDY Handshake beat=192 wlast=0
[1985000] MASTER 1 W_VALID_RDY Handshake beat=193 wlast=0
[1985000] AXI S0_WVALID_RDY HANDSHAKE
[1985000] S0 MEMORY WRITE beat=192 addr=00a5dc50 data=8c4d164c8ffccb9a id=1e
[1995000] AXI S0_WVALID_RDY HANDSHAKE
[1995000] S0 MEMORY WRITE beat=193 addr=00a5dc60 data=bc3d6f22c72e02f8 id=1e
[1995000] MASTER 1 W_VALID_RDY Handshake beat=194 wlast=0
[2005000] MASTER 1 W_VALID_RDY Handshake beat=195 wlast=0
[2005000] AXI S0_WVALID_RDY HANDSHAKE
[2005000] S0 MEMORY WRITE beat=194 addr=00a5dc70 data=0aa27d08be773dfb id=1e
[2015000] AXI S0_WVALID_RDY HANDSHAKE
[2015000] S0 MEMORY WRITE beat=195 addr=00a5dc80 data=ce740996bd3ccc68 id=1e
[2015000] MASTER 1 W_VALID_RDY Handshake beat=196 wlast=0
[2025000] MASTER 1 W_VALID_RDY Handshake beat=197 wlast=0
[2025000] AXI S0_WVALID_RDY HANDSHAKE
[2025000] S0 MEMORY WRITE beat=196 addr=00a5dc90 data=046acf6196ef9354 id=1e
[2035000] AXI S0_WVALID_RDY HANDSHAKE
[2035000] S0 MEMORY WRITE beat=197 addr=00a5dca0 data=d566d1508ab178b8 id=1e
[2035000] MASTER 1 W_VALID_RDY Handshake beat=198 wlast=0
[2045000] MASTER 1 W_VALID_RDY Handshake beat=199 wlast=0
[2045000] AXI S0_WVALID_RDY HANDSHAKE
[2045000] S0 MEMORY WRITE beat=198 addr=00a5dcb0 data=c7ee45210f0d4c69 id=1e
[2055000] AXI S0_WVALID_RDY HANDSHAKE
[2055000] S0 MEMORY WRITE beat=199 addr=00a5dcc0 data=a5fcdfbd23dadae6 id=1e
[2055000] MASTER 1 W_VALID_RDY Handshake beat=200 wlast=0
[2065000] MASTER 1 W_VALID_RDY Handshake beat=201 wlast=0
[2065000] AXI S0_WVALID_RDY HANDSHAKE
[2065000] S0 MEMORY WRITE beat=200 addr=00a5dcd0 data=ae8c539ecc591482 id=1e
[2075000] AXI S0_WVALID_RDY HANDSHAKE
[2075000] S0 MEMORY WRITE beat=201 addr=00a5dce0 data=db6660ebfb63b10d id=1e
[2075000] MASTER 1 W_VALID_RDY Handshake beat=202 wlast=0
[2085000] MASTER 1 W_VALID_RDY Handshake beat=203 wlast=0
[2085000] AXI S0_WVALID_RDY HANDSHAKE
[2085000] S0 MEMORY WRITE beat=202 addr=00a5dcf0 data=9f3e8bf3f67a98bf id=1e
[2095000] AXI S0_WVALID_RDY HANDSHAKE
[2095000] S0 MEMORY WRITE beat=203 addr=00a5dd00 data=c2d3ad41816340a8 id=1e
[2095000] MASTER 1 W_VALID_RDY Handshake beat=204 wlast=0
[2105000] MASTER 1 W_VALID_RDY Handshake beat=205 wlast=0
[2105000] AXI S0_WVALID_RDY HANDSHAKE
[2105000] S0 MEMORY WRITE beat=204 addr=00a5dd10 data=fcc6f1b6cdcadf92 id=1e
[2115000] AXI S0_WVALID_RDY HANDSHAKE
[2115000] S0 MEMORY WRITE beat=205 addr=00a5dd20 data=c44578519e3a0e2c id=1e
[2115000] MASTER 1 W_VALID_RDY Handshake beat=206 wlast=0
[2125000] MASTER 1 W_VALID_RDY Handshake beat=207 wlast=0
[2125000] AXI S0_WVALID_RDY HANDSHAKE
[2125000] S0 MEMORY WRITE beat=206 addr=00a5dd30 data=1f9d4ed59c057da9 id=1e
[2135000] AXI S0_WVALID_RDY HANDSHAKE
[2135000] S0 MEMORY WRITE beat=207 addr=00a5dd40 data=e9d05d3b07192593 id=1e
[2135000] MASTER 1 W_VALID_RDY Handshake beat=208 wlast=0
[2145000] MASTER 1 W_VALID_RDY Handshake beat=209 wlast=0
[2145000] AXI S0_WVALID_RDY HANDSHAKE
[2145000] S0 MEMORY WRITE beat=208 addr=00a5dd50 data=a55333bf1c64408b id=1e
[2155000] AXI S0_WVALID_RDY HANDSHAKE
[2155000] S0 MEMORY WRITE beat=209 addr=00a5dd60 data=b869be342e15d58d id=1e
[2155000] MASTER 1 W_VALID_RDY Handshake beat=210 wlast=0
[2165000] MASTER 1 W_VALID_RDY Handshake beat=211 wlast=0
[2165000] AXI S0_WVALID_RDY HANDSHAKE
[2165000] S0 MEMORY WRITE beat=210 addr=00a5dd70 data=352efb20c4f08294 id=1e
[2175000] AXI S0_WVALID_RDY HANDSHAKE
[2175000] S0 MEMORY WRITE beat=211 addr=00a5dd80 data=e154c31f223a1b70 id=1e
[2175000] MASTER 1 W_VALID_RDY Handshake beat=212 wlast=0
[2185000] MASTER 1 W_VALID_RDY Handshake beat=213 wlast=0
[2185000] AXI S0_WVALID_RDY HANDSHAKE
[2185000] S0 MEMORY WRITE beat=212 addr=00a5dd90 data=d04ff0fdda822edf id=1e
[2195000] AXI S0_WVALID_RDY HANDSHAKE
[2195000] S0 MEMORY WRITE beat=213 addr=00a5dda0 data=1f72b17419be8154 id=1e
[2195000] MASTER 1 W_VALID_RDY Handshake beat=214 wlast=0
[2205000] MASTER 1 W_VALID_RDY Handshake beat=215 wlast=0
[2205000] AXI S0_WVALID_RDY HANDSHAKE
[2205000] S0 MEMORY WRITE beat=214 addr=00a5ddb0 data=3bf89cc4057eec1d id=1e
[2215000] AXI S0_WVALID_RDY HANDSHAKE
[2215000] S0 MEMORY WRITE beat=215 addr=00a5ddc0 data=e0011afc80c77493 id=1e
[2215000] MASTER 1 W_VALID_RDY Handshake beat=216 wlast=0
[2225000] MASTER 1 W_VALID_RDY Handshake beat=217 wlast=0
[2225000] AXI S0_WVALID_RDY HANDSHAKE
[2225000] S0 MEMORY WRITE beat=216 addr=00a5ddd0 data=9a85f5e70c488dc1 id=1e
[2235000] AXI S0_WVALID_RDY HANDSHAKE
[2235000] S0 MEMORY WRITE beat=217 addr=00a5dde0 data=11c779deff73cc70 id=1e
[2235000] MASTER 1 W_VALID_RDY Handshake beat=218 wlast=1
[2235000] MASTER_DRIVER1 received transaction, op=AXI_WRITE
[2245000] AXI S0_WVALID_RDY HANDSHAKE
[2245000] S0 MEMORY WRITE beat=218 addr=00a5ddf0 data=003b4104d67e92ab id=1e
[2255000] SLAVE0 sent B resp, id=14
[2255000] [SLAVE MONITOR] mst_id=1 s_id=0 awaddr=a5d050 awid=1110 awlen=218 awsize=4 awburst=1 wdata=[c65fa8f0e7bf6831 83d4223be08914a2 933e9ab8b83886ba 9ff7eeebc122ad5f a1abc201d99e43a9 91d6ca6323cc1127 e4eebe8634ea5cba e88a06331ceb94f d59aca76069a8088 3b84dd42a05f6ac6 d22e2415ba8988fc c1240984ca0d7da5 ea6ce86ba7c8ee8b e2527788fca8e6c6 c6b6646b3c9b0c81 e463fb0ca376810c 201f67d331234cd7 edbe5958c6b67294 ea2cf3a1e6d5cc3e 97f91915d2225464 18d8c6f90a4c5b74 f12227b285b7726d d7d9c6d20305ba9a d52160e091b40c8 8ed2b335f0b28dcb f3b84865fe743dc0 878f7e88e6ac7a07 d75f07d2010a5e73 ff7e9c33166231be fd0eabc5cb175037 cc21aeaa070e1abc 1d704c7ad46db398 9f8503cfcba04ade d2ae659a9a7ef83f eeecabd7eba6b27a 3746fd58f01eb214 8a9daa530e71afa7 fa18622109f562f2 fa141506f98a562b 7fc05d2315f5f79 3b54c26b84b1bf59 fe3c1584021467f3 3373c76c3568d771 ba1a96ca86381b56 884c8349eec889d7 243161483856ac4f be8ec7a5bbc04ab5 aa88d48cde4bf812 96a2a461c6db4aef 829b95a4ceba35d4 2d062de7d5316c07 1c0cb6f62d246a31 fbdea005c3a8d248 98da3e4f9ea84c9a cbccb6cba8e4cdec ec8da035b4e6f545 d38f41e0c7ab56d1 f09024bd8567de84 3a4ed3ca9f5bf8ab e7074f7cdd1dc4f2 e285a3770dde15aa ad3a0e55d797743a b4b5392c1cd47741 2ab28ceb14415dd2 ebd8d20c973adca3 b40f53e4d7ec9b40 ec2df912a08e0b38 37c8e7dcdec1e0cf 36ae7c10d806cb1e f894d657ebd83bc0 ca9a1c90a2dc7522 fae34041305dbe33 9c35f9f3014898a0 a4250dc2f3781698 23d5d4cbe6d01683 e818af239f084e03 9280649bc00bcebe 26dbe5420c3dbce6 ab460ae9b6563966 f66208258ef49465 9b32514b3dc66f85 f41ca8eb1d3ded67 ac3281ccc6785c35 43ecbbaea7eb110 87bc9e77c764d318 ddd2f4df85b74a5 e2da25b633ef2044 fb53f35c121bfb07 8a776facea96c42d 9e85e471093122a9 1b4d1db0ed519562 d7e8599099d9d7cd a30afa76a5c48d5c 131622bff66e3e01 104815cfbe581826 e41ca583eafe7c4f e16cba50b3531045 f1ab286cf732c842 e2314491f1b4d01f 2507e065d5c7cdef ccfa9631c39dfee1 3552cf0116b308d1 ec7ad6c02f2bdac2 f2c9d9a3da5aaf66 f10db83739756cf1 e8a147b3a81ca8a4 8277580add888ef7 16fdfbe8db6b2156 387c9fbf3851041 d10d9f38ff9f439b db0a64f185ff2205 f9843247e80b9b20 e7aadebbde922eec e49150f2ca91d17f 329d6ca0c2b543ad a1477299de158339 a8a754b89a484b5b dcfd8f0885d8c38b e3ee46c4db44c158 f58d0cb4fe4501a2 841dc52d0c959b7d e7da5cd5d28a9bbc d0cf9d5ee80c0bf2 f4a1a76fdd676989 2ff20546d4ed628c 3cf96e7edc7c0444 39e36dce80c1a2a4 d5af0530319b15ed 8e171a31e9d57314 ea9715b892a873ae c443899bc7fa87ff b1cffb13c0461ae9 d2ee8e97d25aa3cd 9a552bcc1c6710cc dcad2bb517321833 e98cbc00cc2526e0 e88c37acaf9bba4c c6cdd27f83e1e7cc d0070eacc5396361 f4d51dadb05a8e7f 343c764cb8934658 fdcca9b93ba2f02d ebfd7eac844384f8 3cd6cb51f2a1c767 2e44b794a039f4f8 247d79f1baa3750a ad453c719a423640 3a7c2b39e1544542 9bf7ba4cdb89f405 f5cc2a46def9a52a c04dea6cc93cf6be a4c6eac33048557f f41faa9dc45a4b8 a5829b769a931509 cadb6a88cf8fe515 abd589cdca49863a e4dc9b43da1d6531 a9ad4a46d1582544 1ba1ab7e2fb805cc 89d56afdd582d414 26daf958807e46c1 b0364c8d3382b544 9058958c27ca4d6 c2faeb973a0bb78b ed8e6ccf2fe082b0 f25d2786f3313825 2d3cefb0f693f627 267478d7b558131d a8894b421acb5c7f 115f52a618d1a05d ce29b37ad5c63af2 f091977137d3cb7d d0a56bdaf6b2febd cc7939af81f0ea17 b9c4b5949ecf1f54 95821e113d0ad121 befbbb388a6a216e 293940c3e1fb57c1 1f0628e2f8c070cd 832a923bbebb5ed4 a0b6b695de01e41a d6c254e7ac63d2fe eb1f31d3bfbcdf77 1dbec392d9ece723 8650ba218bd5e868 cb92c7e0f4811879 ce6dff9cf16febf4 fd45d45de9518b72 ddd2a3ebd4beb9be c62ea5b2c8d89c3d 322a27af2c40a388 ff5d46c3747a0f 8c4d164c8ffccb9a bc3d6f22c72e02f8 aa27d08be773dfb ce740996bd3ccc68 46acf6196ef9354 d566d1508ab178b8 c7ee45210f0d4c69 a5fcdfbd23dadae6 ae8c539ecc591482 db6660ebfb63b10d 9f3e8bf3f67a98bf c2d3ad41816340a8 fcc6f1b6cdcadf92 c44578519e3a0e2c 1f9d4ed59c057da9 e9d05d3b07192593 a55333bf1c64408b b869be342e15d58d 352efb20c4f08294 e154c31f223a1b70 d04ff0fdda822edf 1f72b17419be8154 3bf89cc4057eec1d e0011afc80c77493 9a85f5e70c488dc1 11c779deff73cc70 3b4104d67e92ab ] wstrb=[da 6c eb 4b 4a 97 4f 25 3 3a 70 4e d1 bf 73 d5 f9 e3 23 cb a2 96 a0 9b 79 c3 66 1b 59 6 b6 d2 c9 1d ed 22 23 a3 f4 ed c0 e1 f e4 85 4 d1 45 e5 e0 29 6a e4 fa b0 ca db d9 34 bf d4 e4 89 af be be 6e 92 a2 f8 41 60 b6 af f2 58 a7 33 b9 5d e3 ab b6 8a df 6f e8 c2 1a 9e 4c f9 d 34 bb 27 d2 8 21 df 3c dc 7 f e4 28 ee 21 4 f5 30 e9 1d 1e a 22 14 3a b 31 58 15 53 6c 4f 5e 9e a7 73 f1 14 c2 50 b2 6a c3 a3 7e 86 f3 30 f0 b7 d3 6e 3d c7 9e 2d 7e 71 9b bb 38 39 e8 b6 aa 83 71 e3 bc 59 99 66 dc b 49 98 64 e3 ff 41 ee 48 d9 52 2b d8 93 19 21 6d 6c 4c 45 ff 66 66 6c d2 b3 b2 d1 19 18 3e eb cb f0 bc e4 8 fa cf d4 ea 8c b8 f3 86 88 c7 71 14 7f 64 9a 7 ] bresp=0 bid=11110
[2255000] MASTER 1 AW_VALID_RDY Handshake
[2265000] ARB MONITOR: slave=0 m0_req=0 m1_req=1 winner=1
[2265000] AXI S0_AWVALID_RDY HANDSHAKE
[2275000] MASTER 1 W_VALID_RDY Handshake beat=0 wlast=0
[2275000] MASTER 1 B_VALID_RDY Handshake
[2275000] [MASTER MONITOR] mst_id=1 s_id=0 awaddr=a5d050 awid=1110 awlen=218 awsize=4 awburst=1 wdata=[c65fa8f0e7bf6831 83d4223be08914a2 933e9ab8b83886ba 9ff7eeebc122ad5f a1abc201d99e43a9 91d6ca6323cc1127 e4eebe8634ea5cba e88a06331ceb94f d59aca76069a8088 3b84dd42a05f6ac6 d22e2415ba8988fc c1240984ca0d7da5 ea6ce86ba7c8ee8b e2527788fca8e6c6 c6b6646b3c9b0c81 e463fb0ca376810c 201f67d331234cd7 edbe5958c6b67294 ea2cf3a1e6d5cc3e 97f91915d2225464 18d8c6f90a4c5b74 f12227b285b7726d d7d9c6d20305ba9a d52160e091b40c8 8ed2b335f0b28dcb f3b84865fe743dc0 878f7e88e6ac7a07 d75f07d2010a5e73 ff7e9c33166231be fd0eabc5cb175037 cc21aeaa070e1abc 1d704c7ad46db398 9f8503cfcba04ade d2ae659a9a7ef83f eeecabd7eba6b27a 3746fd58f01eb214 8a9daa530e71afa7 fa18622109f562f2 fa141506f98a562b 7fc05d2315f5f79 3b54c26b84b1bf59 fe3c1584021467f3 3373c76c3568d771 ba1a96ca86381b56 884c8349eec889d7 243161483856ac4f be8ec7a5bbc04ab5 aa88d48cde4bf812 96a2a461c6db4aef 829b95a4ceba35d4 2d062de7d5316c07 1c0cb6f62d246a31 fbdea005c3a8d248 98da3e4f9ea84c9a cbccb6cba8e4cdec ec8da035b4e6f545 d38f41e0c7ab56d1 f09024bd8567de84 3a4ed3ca9f5bf8ab e7074f7cdd1dc4f2 e285a3770dde15aa ad3a0e55d797743a b4b5392c1cd47741 2ab28ceb14415dd2 ebd8d20c973adca3 b40f53e4d7ec9b40 ec2df912a08e0b38 37c8e7dcdec1e0cf 36ae7c10d806cb1e f894d657ebd83bc0 ca9a1c90a2dc7522 fae34041305dbe33 9c35f9f3014898a0 a4250dc2f3781698 23d5d4cbe6d01683 e818af239f084e03 9280649bc00bcebe 26dbe5420c3dbce6 ab460ae9b6563966 f66208258ef49465 9b32514b3dc66f85 f41ca8eb1d3ded67 ac3281ccc6785c35 43ecbbaea7eb110 87bc9e77c764d318 ddd2f4df85b74a5 e2da25b633ef2044 fb53f35c121bfb07 8a776facea96c42d 9e85e471093122a9 1b4d1db0ed519562 d7e8599099d9d7cd a30afa76a5c48d5c 131622bff66e3e01 104815cfbe581826 e41ca583eafe7c4f e16cba50b3531045 f1ab286cf732c842 e2314491f1b4d01f 2507e065d5c7cdef ccfa9631c39dfee1 3552cf0116b308d1 ec7ad6c02f2bdac2 f2c9d9a3da5aaf66 f10db83739756cf1 e8a147b3a81ca8a4 8277580add888ef7 16fdfbe8db6b2156 387c9fbf3851041 d10d9f38ff9f439b db0a64f185ff2205 f9843247e80b9b20 e7aadebbde922eec e49150f2ca91d17f 329d6ca0c2b543ad a1477299de158339 a8a754b89a484b5b dcfd8f0885d8c38b e3ee46c4db44c158 f58d0cb4fe4501a2 841dc52d0c959b7d e7da5cd5d28a9bbc d0cf9d5ee80c0bf2 f4a1a76fdd676989 2ff20546d4ed628c 3cf96e7edc7c0444 39e36dce80c1a2a4 d5af0530319b15ed 8e171a31e9d57314 ea9715b892a873ae c443899bc7fa87ff b1cffb13c0461ae9 d2ee8e97d25aa3cd 9a552bcc1c6710cc dcad2bb517321833 e98cbc00cc2526e0 e88c37acaf9bba4c c6cdd27f83e1e7cc d0070eacc5396361 f4d51dadb05a8e7f 343c764cb8934658 fdcca9b93ba2f02d ebfd7eac844384f8 3cd6cb51f2a1c767 2e44b794a039f4f8 247d79f1baa3750a ad453c719a423640 3a7c2b39e1544542 9bf7ba4cdb89f405 f5cc2a46def9a52a c04dea6cc93cf6be a4c6eac33048557f f41faa9dc45a4b8 a5829b769a931509 cadb6a88cf8fe515 abd589cdca49863a e4dc9b43da1d6531 a9ad4a46d1582544 1ba1ab7e2fb805cc 89d56afdd582d414 26daf958807e46c1 b0364c8d3382b544 9058958c27ca4d6 c2faeb973a0bb78b ed8e6ccf2fe082b0 f25d2786f3313825 2d3cefb0f693f627 267478d7b558131d a8894b421acb5c7f 115f52a618d1a05d ce29b37ad5c63af2 f091977137d3cb7d d0a56bdaf6b2febd cc7939af81f0ea17 b9c4b5949ecf1f54 95821e113d0ad121 befbbb388a6a216e 293940c3e1fb57c1 1f0628e2f8c070cd 832a923bbebb5ed4 a0b6b695de01e41a d6c254e7ac63d2fe eb1f31d3bfbcdf77 1dbec392d9ece723 8650ba218bd5e868 cb92c7e0f4811879 ce6dff9cf16febf4 fd45d45de9518b72 ddd2a3ebd4beb9be c62ea5b2c8d89c3d 322a27af2c40a388 ff5d46c3747a0f 8c4d164c8ffccb9a bc3d6f22c72e02f8 aa27d08be773dfb ce740996bd3ccc68 46acf6196ef9354 d566d1508ab178b8 c7ee45210f0d4c69 a5fcdfbd23dadae6 ae8c539ecc591482 db6660ebfb63b10d 9f3e8bf3f67a98bf c2d3ad41816340a8 fcc6f1b6cdcadf92 c44578519e3a0e2c 1f9d4ed59c057da9 e9d05d3b07192593 a55333bf1c64408b b869be342e15d58d 352efb20c4f08294 e154c31f223a1b70 d04ff0fdda822edf 1f72b17419be8154 3bf89cc4057eec1d e0011afc80c77493 9a85f5e70c488dc1 11c779deff73cc70 3b4104d67e92ab ] wstrb=[da 6c eb 4b 4a 97 4f 25 3 3a 70 4e d1 bf 73 d5 f9 e3 23 cb a2 96 a0 9b 79 c3 66 1b 59 6 b6 d2 c9 1d ed 22 23 a3 f4 ed c0 e1 f e4 85 4 d1 45 e5 e0 29 6a e4 fa b0 ca db d9 34 bf d4 e4 89 af be be 6e 92 a2 f8 41 60 b6 af f2 58 a7 33 b9 5d e3 ab b6 8a df 6f e8 c2 1a 9e 4c f9 d 34 bb 27 d2 8 21 df 3c dc 7 f e4 28 ee 21 4 f5 30 e9 1d 1e a 22 14 3a b 31 58 15 53 6c 4f 5e 9e a7 73 f1 14 c2 50 b2 6a c3 a3 7e 86 f3 30 f0 b7 d3 6e 3d c7 9e 2d 7e 71 9b bb 38 39 e8 b6 aa 83 71 e3 bc 59 99 66 dc b 49 98 64 e3 ff 41 ee 48 d9 52 2b d8 93 19 21 6d 6c 4c 45 ff 66 66 6c d2 b3 b2 d1 19 18 3e eb cb f0 bc e4 8 fa cf d4 ea 8c b8 f3 86 88 c7 71 14 7f 64 9a 7 ] bresp=0 bid=1110
[2275000] MASTER 1 RECEIVED BRESP. BRESP=0
[2275000] [MASTER DRIVER] mst_id=1 s_id=0 awaddr=a5d050 awid=1110 awlen=218 awsize=4 awburst=1 wdata=[c65fa8f0e7bf6831 83d4223be08914a2 933e9ab8b83886ba 9ff7eeebc122ad5f a1abc201d99e43a9 91d6ca6323cc1127 e4eebe8634ea5cba e88a06331ceb94f d59aca76069a8088 3b84dd42a05f6ac6 d22e2415ba8988fc c1240984ca0d7da5 ea6ce86ba7c8ee8b e2527788fca8e6c6 c6b6646b3c9b0c81 e463fb0ca376810c 201f67d331234cd7 edbe5958c6b67294 ea2cf3a1e6d5cc3e 97f91915d2225464 18d8c6f90a4c5b74 f12227b285b7726d d7d9c6d20305ba9a d52160e091b40c8 8ed2b335f0b28dcb f3b84865fe743dc0 878f7e88e6ac7a07 d75f07d2010a5e73 ff7e9c33166231be fd0eabc5cb175037 cc21aeaa070e1abc 1d704c7ad46db398 9f8503cfcba04ade d2ae659a9a7ef83f eeecabd7eba6b27a 3746fd58f01eb214 8a9daa530e71afa7 fa18622109f562f2 fa141506f98a562b 7fc05d2315f5f79 3b54c26b84b1bf59 fe3c1584021467f3 3373c76c3568d771 ba1a96ca86381b56 884c8349eec889d7 243161483856ac4f be8ec7a5bbc04ab5 aa88d48cde4bf812 96a2a461c6db4aef 829b95a4ceba35d4 2d062de7d5316c07 1c0cb6f62d246a31 fbdea005c3a8d248 98da3e4f9ea84c9a cbccb6cba8e4cdec ec8da035b4e6f545 d38f41e0c7ab56d1 f09024bd8567de84 3a4ed3ca9f5bf8ab e7074f7cdd1dc4f2 e285a3770dde15aa ad3a0e55d797743a b4b5392c1cd47741 2ab28ceb14415dd2 ebd8d20c973adca3 b40f53e4d7ec9b40 ec2df912a08e0b38 37c8e7dcdec1e0cf 36ae7c10d806cb1e f894d657ebd83bc0 ca9a1c90a2dc7522 fae34041305dbe33 9c35f9f3014898a0 a4250dc2f3781698 23d5d4cbe6d01683 e818af239f084e03 9280649bc00bcebe 26dbe5420c3dbce6 ab460ae9b6563966 f66208258ef49465 9b32514b3dc66f85 f41ca8eb1d3ded67 ac3281ccc6785c35 43ecbbaea7eb110 87bc9e77c764d318 ddd2f4df85b74a5 e2da25b633ef2044 fb53f35c121bfb07 8a776facea96c42d 9e85e471093122a9 1b4d1db0ed519562 d7e8599099d9d7cd a30afa76a5c48d5c 131622bff66e3e01 104815cfbe581826 e41ca583eafe7c4f e16cba50b3531045 f1ab286cf732c842 e2314491f1b4d01f 2507e065d5c7cdef ccfa9631c39dfee1 3552cf0116b308d1 ec7ad6c02f2bdac2 f2c9d9a3da5aaf66 f10db83739756cf1 e8a147b3a81ca8a4 8277580add888ef7 16fdfbe8db6b2156 387c9fbf3851041 d10d9f38ff9f439b db0a64f185ff2205 f9843247e80b9b20 e7aadebbde922eec e49150f2ca91d17f 329d6ca0c2b543ad a1477299de158339 a8a754b89a484b5b dcfd8f0885d8c38b e3ee46c4db44c158 f58d0cb4fe4501a2 841dc52d0c959b7d e7da5cd5d28a9bbc d0cf9d5ee80c0bf2 f4a1a76fdd676989 2ff20546d4ed628c 3cf96e7edc7c0444 39e36dce80c1a2a4 d5af0530319b15ed 8e171a31e9d57314 ea9715b892a873ae c443899bc7fa87ff b1cffb13c0461ae9 d2ee8e97d25aa3cd 9a552bcc1c6710cc dcad2bb517321833 e98cbc00cc2526e0 e88c37acaf9bba4c c6cdd27f83e1e7cc d0070eacc5396361 f4d51dadb05a8e7f 343c764cb8934658 fdcca9b93ba2f02d ebfd7eac844384f8 3cd6cb51f2a1c767 2e44b794a039f4f8 247d79f1baa3750a ad453c719a423640 3a7c2b39e1544542 9bf7ba4cdb89f405 f5cc2a46def9a52a c04dea6cc93cf6be a4c6eac33048557f f41faa9dc45a4b8 a5829b769a931509 cadb6a88cf8fe515 abd589cdca49863a e4dc9b43da1d6531 a9ad4a46d1582544 1ba1ab7e2fb805cc 89d56afdd582d414 26daf958807e46c1 b0364c8d3382b544 9058958c27ca4d6 c2faeb973a0bb78b ed8e6ccf2fe082b0 f25d2786f3313825 2d3cefb0f693f627 267478d7b558131d a8894b421acb5c7f 115f52a618d1a05d ce29b37ad5c63af2 f091977137d3cb7d d0a56bdaf6b2febd cc7939af81f0ea17 b9c4b5949ecf1f54 95821e113d0ad121 befbbb388a6a216e 293940c3e1fb57c1 1f0628e2f8c070cd 832a923bbebb5ed4 a0b6b695de01e41a d6c254e7ac63d2fe eb1f31d3bfbcdf77 1dbec392d9ece723 8650ba218bd5e868 cb92c7e0f4811879 ce6dff9cf16febf4 fd45d45de9518b72 ddd2a3ebd4beb9be c62ea5b2c8d89c3d 322a27af2c40a388 ff5d46c3747a0f 8c4d164c8ffccb9a bc3d6f22c72e02f8 aa27d08be773dfb ce740996bd3ccc68 46acf6196ef9354 d566d1508ab178b8 c7ee45210f0d4c69 a5fcdfbd23dadae6 ae8c539ecc591482 db6660ebfb63b10d 9f3e8bf3f67a98bf c2d3ad41816340a8 fcc6f1b6cdcadf92 c44578519e3a0e2c 1f9d4ed59c057da9 e9d05d3b07192593 a55333bf1c64408b b869be342e15d58d 352efb20c4f08294 e154c31f223a1b70 d04ff0fdda822edf 1f72b17419be8154 3bf89cc4057eec1d e0011afc80c77493 9a85f5e70c488dc1 11c779deff73cc70 3b4104d67e92ab ] wstrb=[da 6c eb 4b 4a 97 4f 25 3 3a 70 4e d1 bf 73 d5 f9 e3 23 cb a2 96 a0 9b 79 c3 66 1b 59 6 b6 d2 c9 1d ed 22 23 a3 f4 ed c0 e1 f e4 85 4 d1 45 e5 e0 29 6a e4 fa b0 ca db d9 34 bf d4 e4 89 af be be 6e 92 a2 f8 41 60 b6 af f2 58 a7 33 b9 5d e3 ab b6 8a df 6f e8 c2 1a 9e 4c f9 d 34 bb 27 d2 8 21 df 3c dc 7 f e4 28 ee 21 4 f5 30 e9 1d 1e a 22 14 3a b 31 58 15 53 6c 4f 5e 9e a7 73 f1 14 c2 50 b2 6a c3 a3 7e 86 f3 30 f0 b7 d3 6e 3d c7 9e 2d 7e 71 9b bb 38 39 e8 b6 aa 83 71 e3 bc 59 99 66 dc b 49 98 64 e3 ff 41 ee 48 d9 52 2b d8 93 19 21 6d 6c 4c 45 ff 66 66 6c d2 b3 b2 d1 19 18 3e eb cb f0 bc e4 8 fa cf d4 ea 8c b8 f3 86 88 c7 71 14 7f 64 9a 7 ] bresp=0 bid=1110
[2275000] SCOREBOARD MATCH: decode_err expected = 0, actual =0
[2275000] SCOREBOARD MATCH: slave_id expected = 0, actual =0
[2275000] SCOREBOARD MATCH: awaddr passthrough expected = a5d050, actual =a5d050
[2275000] SCOREBOARD MATCH: awlen passthrough expected = 218, actual =218
[2275000] SCOREBOARD MATCH: awsize passthrough expected = 4, actual =4
[2275000] SCOREBOARD MATCH: awburst passthrough expected = 1, actual =1
[2275000] SCOREBOARD MATCH: wdata size check expected = db, actual =db
[2275000] SCOREBOARD MATCH: wdata passthrough beat=0 expected = c65fa8f0e7bf6831, actual =c65fa8f0e7bf6831
[2275000] SCOREBOARD MATCH: wdata passthrough beat=1 expected = 83d4223be08914a2, actual =83d4223be08914a2
[2275000] SCOREBOARD MATCH: wdata passthrough beat=2 expected = 933e9ab8b83886ba, actual =933e9ab8b83886ba
[2275000] SCOREBOARD MATCH: wdata passthrough beat=3 expected = 9ff7eeebc122ad5f, actual =9ff7eeebc122ad5f
[2275000] SCOREBOARD MATCH: wdata passthrough beat=4 expected = a1abc201d99e43a9, actual =a1abc201d99e43a9
[2275000] SCOREBOARD MATCH: wdata passthrough beat=5 expected = 91d6ca6323cc1127, actual =91d6ca6323cc1127
[2275000] SCOREBOARD MATCH: wdata passthrough beat=6 expected = e4eebe8634ea5cba, actual =e4eebe8634ea5cba
[2275000] SCOREBOARD MATCH: wdata passthrough beat=7 expected = e88a06331ceb94f, actual =e88a06331ceb94f
[2275000] SCOREBOARD MATCH: wdata passthrough beat=8 expected = d59aca76069a8088, actual =d59aca76069a8088
[2275000] SCOREBOARD MATCH: wdata passthrough beat=9 expected = 3b84dd42a05f6ac6, actual =3b84dd42a05f6ac6
[2275000] SCOREBOARD MATCH: wdata passthrough beat=10 expected = d22e2415ba8988fc, actual =d22e2415ba8988fc
[2275000] SCOREBOARD MATCH: wdata passthrough beat=11 expected = c1240984ca0d7da5, actual =c1240984ca0d7da5
[2275000] SCOREBOARD MATCH: wdata passthrough beat=12 expected = ea6ce86ba7c8ee8b, actual =ea6ce86ba7c8ee8b
[2275000] SCOREBOARD MATCH: wdata passthrough beat=13 expected = e2527788fca8e6c6, actual =e2527788fca8e6c6
[2275000] SCOREBOARD MATCH: wdata passthrough beat=14 expected = c6b6646b3c9b0c81, actual =c6b6646b3c9b0c81
[2275000] SCOREBOARD MATCH: wdata passthrough beat=15 expected = e463fb0ca376810c, actual =e463fb0ca376810c
[2275000] SCOREBOARD MATCH: wdata passthrough beat=16 expected = 201f67d331234cd7, actual =201f67d331234cd7
[2275000] SCOREBOARD MATCH: wdata passthrough beat=17 expected = edbe5958c6b67294, actual =edbe5958c6b67294
[2275000] SCOREBOARD MATCH: wdata passthrough beat=18 expected = ea2cf3a1e6d5cc3e, actual =ea2cf3a1e6d5cc3e
[2275000] SCOREBOARD MATCH: wdata passthrough beat=19 expected = 97f91915d2225464, actual =97f91915d2225464
[2275000] SCOREBOARD MATCH: wdata passthrough beat=20 expected = 18d8c6f90a4c5b74, actual =18d8c6f90a4c5b74
[2275000] SCOREBOARD MATCH: wdata passthrough beat=21 expected = f12227b285b7726d, actual =f12227b285b7726d
[2275000] SCOREBOARD MATCH: wdata passthrough beat=22 expected = d7d9c6d20305ba9a, actual =d7d9c6d20305ba9a
[2275000] SCOREBOARD MATCH: wdata passthrough beat=23 expected = d52160e091b40c8, actual =d52160e091b40c8
[2275000] SCOREBOARD MATCH: wdata passthrough beat=24 expected = 8ed2b335f0b28dcb, actual =8ed2b335f0b28dcb
[2275000] SCOREBOARD MATCH: wdata passthrough beat=25 expected = f3b84865fe743dc0, actual =f3b84865fe743dc0
[2275000] SCOREBOARD MATCH: wdata passthrough beat=26 expected = 878f7e88e6ac7a07, actual =878f7e88e6ac7a07
[2275000] SCOREBOARD MATCH: wdata passthrough beat=27 expected = d75f07d2010a5e73, actual =d75f07d2010a5e73
[2275000] SCOREBOARD MATCH: wdata passthrough beat=28 expected = ff7e9c33166231be, actual =ff7e9c33166231be
[2275000] SCOREBOARD MATCH: wdata passthrough beat=29 expected = fd0eabc5cb175037, actual =fd0eabc5cb175037
[2275000] SCOREBOARD MATCH: wdata passthrough beat=30 expected = cc21aeaa070e1abc, actual =cc21aeaa070e1abc
[2275000] SCOREBOARD MATCH: wdata passthrough beat=31 expected = 1d704c7ad46db398, actual =1d704c7ad46db398
[2275000] SCOREBOARD MATCH: wdata passthrough beat=32 expected = 9f8503cfcba04ade, actual =9f8503cfcba04ade
[2275000] SCOREBOARD MATCH: wdata passthrough beat=33 expected = d2ae659a9a7ef83f, actual =d2ae659a9a7ef83f
[2275000] SCOREBOARD MATCH: wdata passthrough beat=34 expected = eeecabd7eba6b27a, actual =eeecabd7eba6b27a
[2275000] SCOREBOARD MATCH: wdata passthrough beat=35 expected = 3746fd58f01eb214, actual =3746fd58f01eb214
[2275000] SCOREBOARD MATCH: wdata passthrough beat=36 expected = 8a9daa530e71afa7, actual =8a9daa530e71afa7
[2275000] SCOREBOARD MATCH: wdata passthrough beat=37 expected = fa18622109f562f2, actual =fa18622109f562f2
[2275000] SCOREBOARD MATCH: wdata passthrough beat=38 expected = fa141506f98a562b, actual =fa141506f98a562b
[2275000] SCOREBOARD MATCH: wdata passthrough beat=39 expected = 7fc05d2315f5f79, actual =7fc05d2315f5f79
[2275000] SCOREBOARD MATCH: wdata passthrough beat=40 expected = 3b54c26b84b1bf59, actual =3b54c26b84b1bf59
[2275000] SCOREBOARD MATCH: wdata passthrough beat=41 expected = fe3c1584021467f3, actual =fe3c1584021467f3
[2275000] SCOREBOARD MATCH: wdata passthrough beat=42 expected = 3373c76c3568d771, actual =3373c76c3568d771
[2275000] SCOREBOARD MATCH: wdata passthrough beat=43 expected = ba1a96ca86381b56, actual =ba1a96ca86381b56
[2275000] SCOREBOARD MATCH: wdata passthrough beat=44 expected = 884c8349eec889d7, actual =884c8349eec889d7
[2275000] SCOREBOARD MATCH: wdata passthrough beat=45 expected = 243161483856ac4f, actual =243161483856ac4f
[2275000] SCOREBOARD MATCH: wdata passthrough beat=46 expected = be8ec7a5bbc04ab5, actual =be8ec7a5bbc04ab5
[2275000] SCOREBOARD MATCH: wdata passthrough beat=47 expected = aa88d48cde4bf812, actual =aa88d48cde4bf812
[2275000] SCOREBOARD MATCH: wdata passthrough beat=48 expected = 96a2a461c6db4aef, actual =96a2a461c6db4aef
[2275000] SCOREBOARD MATCH: wdata passthrough beat=49 expected = 829b95a4ceba35d4, actual =829b95a4ceba35d4
[2275000] SCOREBOARD MATCH: wdata passthrough beat=50 expected = 2d062de7d5316c07, actual =2d062de7d5316c07
[2275000] SCOREBOARD MATCH: wdata passthrough beat=51 expected = 1c0cb6f62d246a31, actual =1c0cb6f62d246a31
[2275000] SCOREBOARD MATCH: wdata passthrough beat=52 expected = fbdea005c3a8d248, actual =fbdea005c3a8d248
[2275000] SCOREBOARD MATCH: wdata passthrough beat=53 expected = 98da3e4f9ea84c9a, actual =98da3e4f9ea84c9a
[2275000] SCOREBOARD MATCH: wdata passthrough beat=54 expected = cbccb6cba8e4cdec, actual =cbccb6cba8e4cdec
[2275000] SCOREBOARD MATCH: wdata passthrough beat=55 expected = ec8da035b4e6f545, actual =ec8da035b4e6f545
[2275000] SCOREBOARD MATCH: wdata passthrough beat=56 expected = d38f41e0c7ab56d1, actual =d38f41e0c7ab56d1
[2275000] SCOREBOARD MATCH: wdata passthrough beat=57 expected = f09024bd8567de84, actual =f09024bd8567de84
[2275000] SCOREBOARD MATCH: wdata passthrough beat=58 expected = 3a4ed3ca9f5bf8ab, actual =3a4ed3ca9f5bf8ab
[2275000] SCOREBOARD MATCH: wdata passthrough beat=59 expected = e7074f7cdd1dc4f2, actual =e7074f7cdd1dc4f2
[2275000] SCOREBOARD MATCH: wdata passthrough beat=60 expected = e285a3770dde15aa, actual =e285a3770dde15aa
[2275000] SCOREBOARD MATCH: wdata passthrough beat=61 expected = ad3a0e55d797743a, actual =ad3a0e55d797743a
[2275000] SCOREBOARD MATCH: wdata passthrough beat=62 expected = b4b5392c1cd47741, actual =b4b5392c1cd47741
[2275000] SCOREBOARD MATCH: wdata passthrough beat=63 expected = 2ab28ceb14415dd2, actual =2ab28ceb14415dd2
[2275000] SCOREBOARD MATCH: wdata passthrough beat=64 expected = ebd8d20c973adca3, actual =ebd8d20c973adca3
[2275000] SCOREBOARD MATCH: wdata passthrough beat=65 expected = b40f53e4d7ec9b40, actual =b40f53e4d7ec9b40
[2275000] SCOREBOARD MATCH: wdata passthrough beat=66 expected = ec2df912a08e0b38, actual =ec2df912a08e0b38
[2275000] SCOREBOARD MATCH: wdata passthrough beat=67 expected = 37c8e7dcdec1e0cf, actual =37c8e7dcdec1e0cf
[2275000] SCOREBOARD MATCH: wdata passthrough beat=68 expected = 36ae7c10d806cb1e, actual =36ae7c10d806cb1e
[2275000] SCOREBOARD MATCH: wdata passthrough beat=69 expected = f894d657ebd83bc0, actual =f894d657ebd83bc0
[2275000] SCOREBOARD MATCH: wdata passthrough beat=70 expected = ca9a1c90a2dc7522, actual =ca9a1c90a2dc7522
[2275000] SCOREBOARD MATCH: wdata passthrough beat=71 expected = fae34041305dbe33, actual =fae34041305dbe33
[2275000] SCOREBOARD MATCH: wdata passthrough beat=72 expected = 9c35f9f3014898a0, actual =9c35f9f3014898a0
[2275000] SCOREBOARD MATCH: wdata passthrough beat=73 expected = a4250dc2f3781698, actual =a4250dc2f3781698
[2275000] SCOREBOARD MATCH: wdata passthrough beat=74 expected = 23d5d4cbe6d01683, actual =23d5d4cbe6d01683
[2275000] SCOREBOARD MATCH: wdata passthrough beat=75 expected = e818af239f084e03, actual =e818af239f084e03
[2275000] SCOREBOARD MATCH: wdata passthrough beat=76 expected = 9280649bc00bcebe, actual =9280649bc00bcebe
[2275000] SCOREBOARD MATCH: wdata passthrough beat=77 expected = 26dbe5420c3dbce6, actual =26dbe5420c3dbce6
[2275000] SCOREBOARD MATCH: wdata passthrough beat=78 expected = ab460ae9b6563966, actual =ab460ae9b6563966
[2275000] SCOREBOARD MATCH: wdata passthrough beat=79 expected = f66208258ef49465, actual =f66208258ef49465
[2275000] SCOREBOARD MATCH: wdata passthrough beat=80 expected = 9b32514b3dc66f85, actual =9b32514b3dc66f85
[2275000] SCOREBOARD MATCH: wdata passthrough beat=81 expected = f41ca8eb1d3ded67, actual =f41ca8eb1d3ded67
[2275000] SCOREBOARD MATCH: wdata passthrough beat=82 expected = ac3281ccc6785c35, actual =ac3281ccc6785c35
[2275000] SCOREBOARD MATCH: wdata passthrough beat=83 expected = 43ecbbaea7eb110, actual =43ecbbaea7eb110
[2275000] SCOREBOARD MATCH: wdata passthrough beat=84 expected = 87bc9e77c764d318, actual =87bc9e77c764d318
[2275000] SCOREBOARD MATCH: wdata passthrough beat=85 expected = ddd2f4df85b74a5, actual =ddd2f4df85b74a5
[2275000] SCOREBOARD MATCH: wdata passthrough beat=86 expected = e2da25b633ef2044, actual =e2da25b633ef2044
[2275000] SCOREBOARD MATCH: wdata passthrough beat=87 expected = fb53f35c121bfb07, actual =fb53f35c121bfb07
[2275000] SCOREBOARD MATCH: wdata passthrough beat=88 expected = 8a776facea96c42d, actual =8a776facea96c42d
[2275000] SCOREBOARD MATCH: wdata passthrough beat=89 expected = 9e85e471093122a9, actual =9e85e471093122a9
[2275000] SCOREBOARD MATCH: wdata passthrough beat=90 expected = 1b4d1db0ed519562, actual =1b4d1db0ed519562
[2275000] SCOREBOARD MATCH: wdata passthrough beat=91 expected = d7e8599099d9d7cd, actual =d7e8599099d9d7cd
[2275000] SCOREBOARD MATCH: wdata passthrough beat=92 expected = a30afa76a5c48d5c, actual =a30afa76a5c48d5c
[2275000] SCOREBOARD MATCH: wdata passthrough beat=93 expected = 131622bff66e3e01, actual =131622bff66e3e01
[2275000] SCOREBOARD MATCH: wdata passthrough beat=94 expected = 104815cfbe581826, actual =104815cfbe581826
[2275000] SCOREBOARD MATCH: wdata passthrough beat=95 expected = e41ca583eafe7c4f, actual =e41ca583eafe7c4f
[2275000] SCOREBOARD MATCH: wdata passthrough beat=96 expected = e16cba50b3531045, actual =e16cba50b3531045
[2275000] SCOREBOARD MATCH: wdata passthrough beat=97 expected = f1ab286cf732c842, actual =f1ab286cf732c842
[2275000] SCOREBOARD MATCH: wdata passthrough beat=98 expected = e2314491f1b4d01f, actual =e2314491f1b4d01f
[2275000] SCOREBOARD MATCH: wdata passthrough beat=99 expected = 2507e065d5c7cdef, actual =2507e065d5c7cdef
[2275000] SCOREBOARD MATCH: wdata passthrough beat=100 expected = ccfa9631c39dfee1, actual =ccfa9631c39dfee1
[2275000] SCOREBOARD MATCH: wdata passthrough beat=101 expected = 3552cf0116b308d1, actual =3552cf0116b308d1
[2275000] SCOREBOARD MATCH: wdata passthrough beat=102 expected = ec7ad6c02f2bdac2, actual =ec7ad6c02f2bdac2
[2275000] SCOREBOARD MATCH: wdata passthrough beat=103 expected = f2c9d9a3da5aaf66, actual =f2c9d9a3da5aaf66
[2275000] SCOREBOARD MATCH: wdata passthrough beat=104 expected = f10db83739756cf1, actual =f10db83739756cf1
[2275000] SCOREBOARD MATCH: wdata passthrough beat=105 expected = e8a147b3a81ca8a4, actual =e8a147b3a81ca8a4
[2275000] SCOREBOARD MATCH: wdata passthrough beat=106 expected = 8277580add888ef7, actual =8277580add888ef7
[2275000] SCOREBOARD MATCH: wdata passthrough beat=107 expected = 16fdfbe8db6b2156, actual =16fdfbe8db6b2156
[2275000] SCOREBOARD MATCH: wdata passthrough beat=108 expected = 387c9fbf3851041, actual =387c9fbf3851041
[2275000] SCOREBOARD MATCH: wdata passthrough beat=109 expected = d10d9f38ff9f439b, actual =d10d9f38ff9f439b
[2275000] SCOREBOARD MATCH: wdata passthrough beat=110 expected = db0a64f185ff2205, actual =db0a64f185ff2205
[2275000] SCOREBOARD MATCH: wdata passthrough beat=111 expected = f9843247e80b9b20, actual =f9843247e80b9b20
[2275000] SCOREBOARD MATCH: wdata passthrough beat=112 expected = e7aadebbde922eec, actual =e7aadebbde922eec
[2275000] SCOREBOARD MATCH: wdata passthrough beat=113 expected = e49150f2ca91d17f, actual =e49150f2ca91d17f
[2275000] SCOREBOARD MATCH: wdata passthrough beat=114 expected = 329d6ca0c2b543ad, actual =329d6ca0c2b543ad
[2275000] SCOREBOARD MATCH: wdata passthrough beat=115 expected = a1477299de158339, actual =a1477299de158339
[2275000] SCOREBOARD MATCH: wdata passthrough beat=116 expected = a8a754b89a484b5b, actual =a8a754b89a484b5b
[2275000] SCOREBOARD MATCH: wdata passthrough beat=117 expected = dcfd8f0885d8c38b, actual =dcfd8f0885d8c38b
[2275000] SCOREBOARD MATCH: wdata passthrough beat=118 expected = e3ee46c4db44c158, actual =e3ee46c4db44c158
[2275000] SCOREBOARD MATCH: wdata passthrough beat=119 expected = f58d0cb4fe4501a2, actual =f58d0cb4fe4501a2
[2275000] SCOREBOARD MATCH: wdata passthrough beat=120 expected = 841dc52d0c959b7d, actual =841dc52d0c959b7d
[2275000] SCOREBOARD MATCH: wdata passthrough beat=121 expected = e7da5cd5d28a9bbc, actual =e7da5cd5d28a9bbc
[2275000] SCOREBOARD MATCH: wdata passthrough beat=122 expected = d0cf9d5ee80c0bf2, actual =d0cf9d5ee80c0bf2
[2275000] SCOREBOARD MATCH: wdata passthrough beat=123 expected = f4a1a76fdd676989, actual =f4a1a76fdd676989
[2275000] SCOREBOARD MATCH: wdata passthrough beat=124 expected = 2ff20546d4ed628c, actual =2ff20546d4ed628c
[2275000] SCOREBOARD MATCH: wdata passthrough beat=125 expected = 3cf96e7edc7c0444, actual =3cf96e7edc7c0444
[2275000] SCOREBOARD MATCH: wdata passthrough beat=126 expected = 39e36dce80c1a2a4, actual =39e36dce80c1a2a4
[2275000] SCOREBOARD MATCH: wdata passthrough beat=127 expected = d5af0530319b15ed, actual =d5af0530319b15ed
[2275000] SCOREBOARD MATCH: wdata passthrough beat=128 expected = 8e171a31e9d57314, actual =8e171a31e9d57314
[2275000] SCOREBOARD MATCH: wdata passthrough beat=129 expected = ea9715b892a873ae, actual =ea9715b892a873ae
[2275000] SCOREBOARD MATCH: wdata passthrough beat=130 expected = c443899bc7fa87ff, actual =c443899bc7fa87ff
[2275000] SCOREBOARD MATCH: wdata passthrough beat=131 expected = b1cffb13c0461ae9, actual =b1cffb13c0461ae9
[2275000] SCOREBOARD MATCH: wdata passthrough beat=132 expected = d2ee8e97d25aa3cd, actual =d2ee8e97d25aa3cd
[2275000] SCOREBOARD MATCH: wdata passthrough beat=133 expected = 9a552bcc1c6710cc, actual =9a552bcc1c6710cc
[2275000] SCOREBOARD MATCH: wdata passthrough beat=134 expected = dcad2bb517321833, actual =dcad2bb517321833
[2275000] SCOREBOARD MATCH: wdata passthrough beat=135 expected = e98cbc00cc2526e0, actual =e98cbc00cc2526e0
[2275000] SCOREBOARD MATCH: wdata passthrough beat=136 expected = e88c37acaf9bba4c, actual =e88c37acaf9bba4c
[2275000] SCOREBOARD MATCH: wdata passthrough beat=137 expected = c6cdd27f83e1e7cc, actual =c6cdd27f83e1e7cc
[2275000] SCOREBOARD MATCH: wdata passthrough beat=138 expected = d0070eacc5396361, actual =d0070eacc5396361
[2275000] SCOREBOARD MATCH: wdata passthrough beat=139 expected = f4d51dadb05a8e7f, actual =f4d51dadb05a8e7f
[2275000] SCOREBOARD MATCH: wdata passthrough beat=140 expected = 343c764cb8934658, actual =343c764cb8934658
[2275000] SCOREBOARD MATCH: wdata passthrough beat=141 expected = fdcca9b93ba2f02d, actual =fdcca9b93ba2f02d
[2275000] SCOREBOARD MATCH: wdata passthrough beat=142 expected = ebfd7eac844384f8, actual =ebfd7eac844384f8
[2275000] SCOREBOARD MATCH: wdata passthrough beat=143 expected = 3cd6cb51f2a1c767, actual =3cd6cb51f2a1c767
[2275000] SCOREBOARD MATCH: wdata passthrough beat=144 expected = 2e44b794a039f4f8, actual =2e44b794a039f4f8
[2275000] SCOREBOARD MATCH: wdata passthrough beat=145 expected = 247d79f1baa3750a, actual =247d79f1baa3750a
[2275000] SCOREBOARD MATCH: wdata passthrough beat=146 expected = ad453c719a423640, actual =ad453c719a423640
[2275000] SCOREBOARD MATCH: wdata passthrough beat=147 expected = 3a7c2b39e1544542, actual =3a7c2b39e1544542
[2275000] SCOREBOARD MATCH: wdata passthrough beat=148 expected = 9bf7ba4cdb89f405, actual =9bf7ba4cdb89f405
[2275000] SCOREBOARD MATCH: wdata passthrough beat=149 expected = f5cc2a46def9a52a, actual =f5cc2a46def9a52a
[2275000] SCOREBOARD MATCH: wdata passthrough beat=150 expected = c04dea6cc93cf6be, actual =c04dea6cc93cf6be
[2275000] SCOREBOARD MATCH: wdata passthrough beat=151 expected = a4c6eac33048557f, actual =a4c6eac33048557f
[2275000] SCOREBOARD MATCH: wdata passthrough beat=152 expected = f41faa9dc45a4b8, actual =f41faa9dc45a4b8
[2275000] SCOREBOARD MATCH: wdata passthrough beat=153 expected = a5829b769a931509, actual =a5829b769a931509
[2275000] SCOREBOARD MATCH: wdata passthrough beat=154 expected = cadb6a88cf8fe515, actual =cadb6a88cf8fe515
[2275000] SCOREBOARD MATCH: wdata passthrough beat=155 expected = abd589cdca49863a, actual =abd589cdca49863a
[2275000] SCOREBOARD MATCH: wdata passthrough beat=156 expected = e4dc9b43da1d6531, actual =e4dc9b43da1d6531
[2275000] SCOREBOARD MATCH: wdata passthrough beat=157 expected = a9ad4a46d1582544, actual =a9ad4a46d1582544
[2275000] SCOREBOARD MATCH: wdata passthrough beat=158 expected = 1ba1ab7e2fb805cc, actual =1ba1ab7e2fb805cc
[2275000] SCOREBOARD MATCH: wdata passthrough beat=159 expected = 89d56afdd582d414, actual =89d56afdd582d414
[2275000] SCOREBOARD MATCH: wdata passthrough beat=160 expected = 26daf958807e46c1, actual =26daf958807e46c1
[2275000] SCOREBOARD MATCH: wdata passthrough beat=161 expected = b0364c8d3382b544, actual =b0364c8d3382b544
[2275000] SCOREBOARD MATCH: wdata passthrough beat=162 expected = 9058958c27ca4d6, actual =9058958c27ca4d6
[2275000] SCOREBOARD MATCH: wdata passthrough beat=163 expected = c2faeb973a0bb78b, actual =c2faeb973a0bb78b
[2275000] SCOREBOARD MATCH: wdata passthrough beat=164 expected = ed8e6ccf2fe082b0, actual =ed8e6ccf2fe082b0
[2275000] SCOREBOARD MATCH: wdata passthrough beat=165 expected = f25d2786f3313825, actual =f25d2786f3313825
[2275000] SCOREBOARD MATCH: wdata passthrough beat=166 expected = 2d3cefb0f693f627, actual =2d3cefb0f693f627
[2275000] SCOREBOARD MATCH: wdata passthrough beat=167 expected = 267478d7b558131d, actual =267478d7b558131d
[2275000] SCOREBOARD MATCH: wdata passthrough beat=168 expected = a8894b421acb5c7f, actual =a8894b421acb5c7f
[2275000] SCOREBOARD MATCH: wdata passthrough beat=169 expected = 115f52a618d1a05d, actual =115f52a618d1a05d
[2275000] SCOREBOARD MATCH: wdata passthrough beat=170 expected = ce29b37ad5c63af2, actual =ce29b37ad5c63af2
[2275000] SCOREBOARD MATCH: wdata passthrough beat=171 expected = f091977137d3cb7d, actual =f091977137d3cb7d
[2275000] SCOREBOARD MATCH: wdata passthrough beat=172 expected = d0a56bdaf6b2febd, actual =d0a56bdaf6b2febd
[2275000] SCOREBOARD MATCH: wdata passthrough beat=173 expected = cc7939af81f0ea17, actual =cc7939af81f0ea17
[2275000] SCOREBOARD MATCH: wdata passthrough beat=174 expected = b9c4b5949ecf1f54, actual =b9c4b5949ecf1f54
[2275000] SCOREBOARD MATCH: wdata passthrough beat=175 expected = 95821e113d0ad121, actual =95821e113d0ad121
[2275000] SCOREBOARD MATCH: wdata passthrough beat=176 expected = befbbb388a6a216e, actual =befbbb388a6a216e
[2275000] SCOREBOARD MATCH: wdata passthrough beat=177 expected = 293940c3e1fb57c1, actual =293940c3e1fb57c1
[2275000] SCOREBOARD MATCH: wdata passthrough beat=178 expected = 1f0628e2f8c070cd, actual =1f0628e2f8c070cd
[2275000] SCOREBOARD MATCH: wdata passthrough beat=179 expected = 832a923bbebb5ed4, actual =832a923bbebb5ed4
[2275000] SCOREBOARD MATCH: wdata passthrough beat=180 expected = a0b6b695de01e41a, actual =a0b6b695de01e41a
[2275000] SCOREBOARD MATCH: wdata passthrough beat=181 expected = d6c254e7ac63d2fe, actual =d6c254e7ac63d2fe
[2275000] SCOREBOARD MATCH: wdata passthrough beat=182 expected = eb1f31d3bfbcdf77, actual =eb1f31d3bfbcdf77
[2275000] SCOREBOARD MATCH: wdata passthrough beat=183 expected = 1dbec392d9ece723, actual =1dbec392d9ece723
[2275000] SCOREBOARD MATCH: wdata passthrough beat=184 expected = 8650ba218bd5e868, actual =8650ba218bd5e868
[2275000] SCOREBOARD MATCH: wdata passthrough beat=185 expected = cb92c7e0f4811879, actual =cb92c7e0f4811879
[2275000] SCOREBOARD MATCH: wdata passthrough beat=186 expected = ce6dff9cf16febf4, actual =ce6dff9cf16febf4
[2275000] SCOREBOARD MATCH: wdata passthrough beat=187 expected = fd45d45de9518b72, actual =fd45d45de9518b72
[2275000] SCOREBOARD MATCH: wdata passthrough beat=188 expected = ddd2a3ebd4beb9be, actual =ddd2a3ebd4beb9be
[2275000] SCOREBOARD MATCH: wdata passthrough beat=189 expected = c62ea5b2c8d89c3d, actual =c62ea5b2c8d89c3d
[2275000] SCOREBOARD MATCH: wdata passthrough beat=190 expected = 322a27af2c40a388, actual =322a27af2c40a388
[2275000] SCOREBOARD MATCH: wdata passthrough beat=191 expected = ff5d46c3747a0f, actual =ff5d46c3747a0f
[2275000] SCOREBOARD MATCH: wdata passthrough beat=192 expected = 8c4d164c8ffccb9a, actual =8c4d164c8ffccb9a
[2275000] SCOREBOARD MATCH: wdata passthrough beat=193 expected = bc3d6f22c72e02f8, actual =bc3d6f22c72e02f8
[2275000] SCOREBOARD MATCH: wdata passthrough beat=194 expected = aa27d08be773dfb, actual =aa27d08be773dfb
[2275000] SCOREBOARD MATCH: wdata passthrough beat=195 expected = ce740996bd3ccc68, actual =ce740996bd3ccc68
[2275000] SCOREBOARD MATCH: wdata passthrough beat=196 expected = 46acf6196ef9354, actual =46acf6196ef9354
[2275000] SCOREBOARD MATCH: wdata passthrough beat=197 expected = d566d1508ab178b8, actual =d566d1508ab178b8
[2275000] SCOREBOARD MATCH: wdata passthrough beat=198 expected = c7ee45210f0d4c69, actual =c7ee45210f0d4c69
[2275000] SCOREBOARD MATCH: wdata passthrough beat=199 expected = a5fcdfbd23dadae6, actual =a5fcdfbd23dadae6
[2275000] SCOREBOARD MATCH: wdata passthrough beat=200 expected = ae8c539ecc591482, actual =ae8c539ecc591482
[2275000] SCOREBOARD MATCH: wdata passthrough beat=201 expected = db6660ebfb63b10d, actual =db6660ebfb63b10d
[2275000] SCOREBOARD MATCH: wdata passthrough beat=202 expected = 9f3e8bf3f67a98bf, actual =9f3e8bf3f67a98bf
[2275000] SCOREBOARD MATCH: wdata passthrough beat=203 expected = c2d3ad41816340a8, actual =c2d3ad41816340a8
[2275000] SCOREBOARD MATCH: wdata passthrough beat=204 expected = fcc6f1b6cdcadf92, actual =fcc6f1b6cdcadf92
[2275000] SCOREBOARD MATCH: wdata passthrough beat=205 expected = c44578519e3a0e2c, actual =c44578519e3a0e2c
[2275000] SCOREBOARD MATCH: wdata passthrough beat=206 expected = 1f9d4ed59c057da9, actual =1f9d4ed59c057da9
[2275000] SCOREBOARD MATCH: wdata passthrough beat=207 expected = e9d05d3b07192593, actual =e9d05d3b07192593
[2275000] SCOREBOARD MATCH: wdata passthrough beat=208 expected = a55333bf1c64408b, actual =a55333bf1c64408b
[2275000] SCOREBOARD MATCH: wdata passthrough beat=209 expected = b869be342e15d58d, actual =b869be342e15d58d
[2275000] SCOREBOARD MATCH: wdata passthrough beat=210 expected = 352efb20c4f08294, actual =352efb20c4f08294
[2275000] SCOREBOARD MATCH: wdata passthrough beat=211 expected = e154c31f223a1b70, actual =e154c31f223a1b70
[2275000] SCOREBOARD MATCH: wdata passthrough beat=212 expected = d04ff0fdda822edf, actual =d04ff0fdda822edf
[2275000] SCOREBOARD MATCH: wdata passthrough beat=213 expected = 1f72b17419be8154, actual =1f72b17419be8154
[2275000] SCOREBOARD MATCH: wdata passthrough beat=214 expected = 3bf89cc4057eec1d, actual =3bf89cc4057eec1d
[2275000] SCOREBOARD MATCH: wdata passthrough beat=215 expected = e0011afc80c77493, actual =e0011afc80c77493
[2275000] SCOREBOARD MATCH: wdata passthrough beat=216 expected = 9a85f5e70c488dc1, actual =9a85f5e70c488dc1
[2275000] SCOREBOARD MATCH: wdata passthrough beat=217 expected = 11c779deff73cc70, actual =11c779deff73cc70
[2275000] SCOREBOARD MATCH: wdata passthrough beat=218 expected = 3b4104d67e92ab, actual =3b4104d67e92ab
[2275000] SCOREBOARD MATCH: wstrb size check expected = db, actual =db
[2275000] SCOREBOARD MATCH: wstrb passthrough beat=0 expected = da, actual =da
[2275000] SCOREBOARD MATCH: wstrb passthrough beat=1 expected = 6c, actual =6c
[2275000] SCOREBOARD MATCH: wstrb passthrough beat=2 expected = eb, actual =eb
[2275000] SCOREBOARD MATCH: wstrb passthrough beat=3 expected = 4b, actual =4b
[2275000] SCOREBOARD MATCH: wstrb passthrough beat=4 expected = 4a, actual =4a
[2275000] SCOREBOARD MATCH: wstrb passthrough beat=5 expected = 97, actual =97
[2275000] SCOREBOARD MATCH: wstrb passthrough beat=6 expected = 4f, actual =4f
[2275000] SCOREBOARD MATCH: wstrb passthrough beat=7 expected = 25, actual =25
[2275000] SCOREBOARD MATCH: wstrb passthrough beat=8 expected = 3, actual =3
[2275000] SCOREBOARD MATCH: wstrb passthrough beat=9 expected = 3a, actual =3a
[2275000] SCOREBOARD MATCH: wstrb passthrough beat=10 expected = 70, actual =70
[2275000] SCOREBOARD MATCH: wstrb passthrough beat=11 expected = 4e, actual =4e
[2275000] SCOREBOARD MATCH: wstrb passthrough beat=12 expected = d1, actual =d1
[2275000] SCOREBOARD MATCH: wstrb passthrough beat=13 expected = bf, actual =bf
[2275000] SCOREBOARD MATCH: wstrb passthrough beat=14 expected = 73, actual =73
[2275000] SCOREBOARD MATCH: wstrb passthrough beat=15 expected = d5, actual =d5
[2275000] SCOREBOARD MATCH: wstrb passthrough beat=16 expected = f9, actual =f9
[2275000] SCOREBOARD MATCH: wstrb passthrough beat=17 expected = e3, actual =e3
[2275000] SCOREBOARD MATCH: wstrb passthrough beat=18 expected = 23, actual =23
[2275000] SCOREBOARD MATCH: wstrb passthrough beat=19 expected = cb, actual =cb
[2275000] SCOREBOARD MATCH: wstrb passthrough beat=20 expected = a2, actual =a2
[2275000] SCOREBOARD MATCH: wstrb passthrough beat=21 expected = 96, actual =96
[2275000] SCOREBOARD MATCH: wstrb passthrough beat=22 expected = a0, actual =a0
[2275000] SCOREBOARD MATCH: wstrb passthrough beat=23 expected = 9b, actual =9b
[2275000] SCOREBOARD MATCH: wstrb passthrough beat=24 expected = 79, actual =79
[2275000] SCOREBOARD MATCH: wstrb passthrough beat=25 expected = c3, actual =c3
[2275000] SCOREBOARD MATCH: wstrb passthrough beat=26 expected = 66, actual =66
[2275000] SCOREBOARD MATCH: wstrb passthrough beat=27 expected = 1b, actual =1b
[2275000] SCOREBOARD MATCH: wstrb passthrough beat=28 expected = 59, actual =59
[2275000] SCOREBOARD MATCH: wstrb passthrough beat=29 expected = 6, actual =6
[2275000] SCOREBOARD MATCH: wstrb passthrough beat=30 expected = b6, actual =b6
[2275000] SCOREBOARD MATCH: wstrb passthrough beat=31 expected = d2, actual =d2
[2275000] SCOREBOARD MATCH: wstrb passthrough beat=32 expected = c9, actual =c9
[2275000] SCOREBOARD MATCH: wstrb passthrough beat=33 expected = 1d, actual =1d
[2275000] SCOREBOARD MATCH: wstrb passthrough beat=34 expected = ed, actual =ed
[2275000] SCOREBOARD MATCH: wstrb passthrough beat=35 expected = 22, actual =22
[2275000] SCOREBOARD MATCH: wstrb passthrough beat=36 expected = 23, actual =23
[2275000] SCOREBOARD MATCH: wstrb passthrough beat=37 expected = a3, actual =a3
[2275000] SCOREBOARD MATCH: wstrb passthrough beat=38 expected = f4, actual =f4
[2275000] SCOREBOARD MATCH: wstrb passthrough beat=39 expected = ed, actual =ed
[2275000] SCOREBOARD MATCH: wstrb passthrough beat=40 expected = c0, actual =c0
[2275000] SCOREBOARD MATCH: wstrb passthrough beat=41 expected = e1, actual =e1
[2275000] SCOREBOARD MATCH: wstrb passthrough beat=42 expected = f, actual =f
[2275000] SCOREBOARD MATCH: wstrb passthrough beat=43 expected = e4, actual =e4
[2275000] SCOREBOARD MATCH: wstrb passthrough beat=44 expected = 85, actual =85
[2275000] SCOREBOARD MATCH: wstrb passthrough beat=45 expected = 4, actual =4
[2275000] SCOREBOARD MATCH: wstrb passthrough beat=46 expected = d1, actual =d1
[2275000] SCOREBOARD MATCH: wstrb passthrough beat=47 expected = 45, actual =45
[2275000] SCOREBOARD MATCH: wstrb passthrough beat=48 expected = e5, actual =e5
[2275000] SCOREBOARD MATCH: wstrb passthrough beat=49 expected = e0, actual =e0
[2275000] SCOREBOARD MATCH: wstrb passthrough beat=50 expected = 29, actual =29
[2275000] SCOREBOARD MATCH: wstrb passthrough beat=51 expected = 6a, actual =6a
[2275000] SCOREBOARD MATCH: wstrb passthrough beat=52 expected = e4, actual =e4
[2275000] SCOREBOARD MATCH: wstrb passthrough beat=53 expected = fa, actual =fa
[2275000] SCOREBOARD MATCH: wstrb passthrough beat=54 expected = b0, actual =b0
[2275000] SCOREBOARD MATCH: wstrb passthrough beat=55 expected = ca, actual =ca
[2275000] SCOREBOARD MATCH: wstrb passthrough beat=56 expected = db, actual =db
[2275000] SCOREBOARD MATCH: wstrb passthrough beat=57 expected = d9, actual =d9
[2275000] SCOREBOARD MATCH: wstrb passthrough beat=58 expected = 34, actual =34
[2275000] SCOREBOARD MATCH: wstrb passthrough beat=59 expected = bf, actual =bf
[2275000] SCOREBOARD MATCH: wstrb passthrough beat=60 expected = d4, actual =d4
[2275000] SCOREBOARD MATCH: wstrb passthrough beat=61 expected = e4, actual =e4
[2275000] SCOREBOARD MATCH: wstrb passthrough beat=62 expected = 89, actual =89
[2275000] SCOREBOARD MATCH: wstrb passthrough beat=63 expected = af, actual =af
[2275000] SCOREBOARD MATCH: wstrb passthrough beat=64 expected = be, actual =be
[2275000] SCOREBOARD MATCH: wstrb passthrough beat=65 expected = be, actual =be
[2275000] SCOREBOARD MATCH: wstrb passthrough beat=66 expected = 6e, actual =6e
[2275000] SCOREBOARD MATCH: wstrb passthrough beat=67 expected = 92, actual =92
[2275000] SCOREBOARD MATCH: wstrb passthrough beat=68 expected = a2, actual =a2
[2275000] SCOREBOARD MATCH: wstrb passthrough beat=69 expected = f8, actual =f8
[2275000] SCOREBOARD MATCH: wstrb passthrough beat=70 expected = 41, actual =41
[2275000] SCOREBOARD MATCH: wstrb passthrough beat=71 expected = 60, actual =60
[2275000] SCOREBOARD MATCH: wstrb passthrough beat=72 expected = b6, actual =b6
[2275000] SCOREBOARD MATCH: wstrb passthrough beat=73 expected = af, actual =af
[2275000] SCOREBOARD MATCH: wstrb passthrough beat=74 expected = f2, actual =f2
[2275000] SCOREBOARD MATCH: wstrb passthrough beat=75 expected = 58, actual =58
[2275000] SCOREBOARD MATCH: wstrb passthrough beat=76 expected = a7, actual =a7
[2275000] SCOREBOARD MATCH: wstrb passthrough beat=77 expected = 33, actual =33
[2275000] SCOREBOARD MATCH: wstrb passthrough beat=78 expected = b9, actual =b9
[2275000] SCOREBOARD MATCH: wstrb passthrough beat=79 expected = 5d, actual =5d
[2275000] SCOREBOARD MATCH: wstrb passthrough beat=80 expected = e3, actual =e3
[2275000] SCOREBOARD MATCH: wstrb passthrough beat=81 expected = ab, actual =ab
[2275000] SCOREBOARD MATCH: wstrb passthrough beat=82 expected = b6, actual =b6
[2275000] SCOREBOARD MATCH: wstrb passthrough beat=83 expected = 8a, actual =8a
[2275000] SCOREBOARD MATCH: wstrb passthrough beat=84 expected = df, actual =df
[2275000] SCOREBOARD MATCH: wstrb passthrough beat=85 expected = 6f, actual =6f
[2275000] SCOREBOARD MATCH: wstrb passthrough beat=86 expected = e8, actual =e8
[2275000] SCOREBOARD MATCH: wstrb passthrough beat=87 expected = c2, actual =c2
[2275000] SCOREBOARD MATCH: wstrb passthrough beat=88 expected = 1a, actual =1a
[2275000] SCOREBOARD MATCH: wstrb passthrough beat=89 expected = 9e, actual =9e
[2275000] SCOREBOARD MATCH: wstrb passthrough beat=90 expected = 4c, actual =4c
[2275000] SCOREBOARD MATCH: wstrb passthrough beat=91 expected = f9, actual =f9
[2275000] SCOREBOARD MATCH: wstrb passthrough beat=92 expected = d, actual =d
[2275000] SCOREBOARD MATCH: wstrb passthrough beat=93 expected = 34, actual =34
[2275000] SCOREBOARD MATCH: wstrb passthrough beat=94 expected = bb, actual =bb
[2275000] SCOREBOARD MATCH: wstrb passthrough beat=95 expected = 27, actual =27
[2275000] SCOREBOARD MATCH: wstrb passthrough beat=96 expected = d2, actual =d2
[2275000] SCOREBOARD MATCH: wstrb passthrough beat=97 expected = 8, actual =8
[2275000] SCOREBOARD MATCH: wstrb passthrough beat=98 expected = 21, actual =21
[2275000] SCOREBOARD MATCH: wstrb passthrough beat=99 expected = df, actual =df
[2275000] SCOREBOARD MATCH: wstrb passthrough beat=100 expected = 3c, actual =3c
[2275000] SCOREBOARD MATCH: wstrb passthrough beat=101 expected = dc, actual =dc
[2275000] SCOREBOARD MATCH: wstrb passthrough beat=102 expected = 7, actual =7
[2275000] SCOREBOARD MATCH: wstrb passthrough beat=103 expected = f, actual =f
[2275000] SCOREBOARD MATCH: wstrb passthrough beat=104 expected = e4, actual =e4
[2275000] SCOREBOARD MATCH: wstrb passthrough beat=105 expected = 28, actual =28
[2275000] SCOREBOARD MATCH: wstrb passthrough beat=106 expected = ee, actual =ee
[2275000] SCOREBOARD MATCH: wstrb passthrough beat=107 expected = 21, actual =21
[2275000] SCOREBOARD MATCH: wstrb passthrough beat=108 expected = 4, actual =4
[2275000] SCOREBOARD MATCH: wstrb passthrough beat=109 expected = f5, actual =f5
[2275000] SCOREBOARD MATCH: wstrb passthrough beat=110 expected = 30, actual =30
[2275000] SCOREBOARD MATCH: wstrb passthrough beat=111 expected = e9, actual =e9
[2275000] SCOREBOARD MATCH: wstrb passthrough beat=112 expected = 1d, actual =1d
[2275000] SCOREBOARD MATCH: wstrb passthrough beat=113 expected = 1e, actual =1e
[2275000] SCOREBOARD MATCH: wstrb passthrough beat=114 expected = a, actual =a
[2275000] SCOREBOARD MATCH: wstrb passthrough beat=115 expected = 22, actual =22
[2275000] SCOREBOARD MATCH: wstrb passthrough beat=116 expected = 14, actual =14
[2275000] SCOREBOARD MATCH: wstrb passthrough beat=117 expected = 3a, actual =3a
[2275000] SCOREBOARD MATCH: wstrb passthrough beat=118 expected = b, actual =b
[2275000] SCOREBOARD MATCH: wstrb passthrough beat=119 expected = 31, actual =31
[2275000] SCOREBOARD MATCH: wstrb passthrough beat=120 expected = 58, actual =58
[2275000] SCOREBOARD MATCH: wstrb passthrough beat=121 expected = 15, actual =15
[2275000] SCOREBOARD MATCH: wstrb passthrough beat=122 expected = 53, actual =53
[2275000] SCOREBOARD MATCH: wstrb passthrough beat=123 expected = 6c, actual =6c
[2275000] SCOREBOARD MATCH: wstrb passthrough beat=124 expected = 4f, actual =4f
[2275000] SCOREBOARD MATCH: wstrb passthrough beat=125 expected = 5e, actual =5e
[2275000] SCOREBOARD MATCH: wstrb passthrough beat=126 expected = 9e, actual =9e
[2275000] SCOREBOARD MATCH: wstrb passthrough beat=127 expected = a7, actual =a7
[2275000] SCOREBOARD MATCH: wstrb passthrough beat=128 expected = 73, actual =73
[2275000] SCOREBOARD MATCH: wstrb passthrough beat=129 expected = f1, actual =f1
[2275000] SCOREBOARD MATCH: wstrb passthrough beat=130 expected = 14, actual =14
[2275000] SCOREBOARD MATCH: wstrb passthrough beat=131 expected = c2, actual =c2
[2275000] SCOREBOARD MATCH: wstrb passthrough beat=132 expected = 50, actual =50
[2275000] SCOREBOARD MATCH: wstrb passthrough beat=133 expected = b2, actual =b2
[2275000] SCOREBOARD MATCH: wstrb passthrough beat=134 expected = 6a, actual =6a
[2275000] SCOREBOARD MATCH: wstrb passthrough beat=135 expected = c3, actual =c3
[2275000] SCOREBOARD MATCH: wstrb passthrough beat=136 expected = a3, actual =a3
[2275000] SCOREBOARD MATCH: wstrb passthrough beat=137 expected = 7e, actual =7e
[2275000] SCOREBOARD MATCH: wstrb passthrough beat=138 expected = 86, actual =86
[2275000] SCOREBOARD MATCH: wstrb passthrough beat=139 expected = f3, actual =f3
[2275000] SCOREBOARD MATCH: wstrb passthrough beat=140 expected = 30, actual =30
[2275000] SCOREBOARD MATCH: wstrb passthrough beat=141 expected = f0, actual =f0
[2275000] SCOREBOARD MATCH: wstrb passthrough beat=142 expected = b7, actual =b7
[2275000] SCOREBOARD MATCH: wstrb passthrough beat=143 expected = d3, actual =d3
[2275000] SCOREBOARD MATCH: wstrb passthrough beat=144 expected = 6e, actual =6e
[2275000] SCOREBOARD MATCH: wstrb passthrough beat=145 expected = 3d, actual =3d
[2275000] SCOREBOARD MATCH: wstrb passthrough beat=146 expected = c7, actual =c7
[2275000] SCOREBOARD MATCH: wstrb passthrough beat=147 expected = 9e, actual =9e
[2275000] SCOREBOARD MATCH: wstrb passthrough beat=148 expected = 2d, actual =2d
[2275000] SCOREBOARD MATCH: wstrb passthrough beat=149 expected = 7e, actual =7e
[2275000] SCOREBOARD MATCH: wstrb passthrough beat=150 expected = 71, actual =71
[2275000] SCOREBOARD MATCH: wstrb passthrough beat=151 expected = 9b, actual =9b
[2275000] SCOREBOARD MATCH: wstrb passthrough beat=152 expected = bb, actual =bb
[2275000] SCOREBOARD MATCH: wstrb passthrough beat=153 expected = 38, actual =38
[2275000] SCOREBOARD MATCH: wstrb passthrough beat=154 expected = 39, actual =39
[2275000] SCOREBOARD MATCH: wstrb passthrough beat=155 expected = e8, actual =e8
[2275000] SCOREBOARD MATCH: wstrb passthrough beat=156 expected = b6, actual =b6
[2275000] SCOREBOARD MATCH: wstrb passthrough beat=157 expected = aa, actual =aa
[2275000] SCOREBOARD MATCH: wstrb passthrough beat=158 expected = 83, actual =83
[2275000] SCOREBOARD MATCH: wstrb passthrough beat=159 expected = 71, actual =71
[2275000] SCOREBOARD MATCH: wstrb passthrough beat=160 expected = e3, actual =e3
[2275000] SCOREBOARD MATCH: wstrb passthrough beat=161 expected = bc, actual =bc
[2275000] SCOREBOARD MATCH: wstrb passthrough beat=162 expected = 59, actual =59
[2275000] SCOREBOARD MATCH: wstrb passthrough beat=163 expected = 99, actual =99
[2275000] SCOREBOARD MATCH: wstrb passthrough beat=164 expected = 66, actual =66
[2275000] SCOREBOARD MATCH: wstrb passthrough beat=165 expected = dc, actual =dc
[2275000] SCOREBOARD MATCH: wstrb passthrough beat=166 expected = b, actual =b
[2275000] SCOREBOARD MATCH: wstrb passthrough beat=167 expected = 49, actual =49
[2275000] SCOREBOARD MATCH: wstrb passthrough beat=168 expected = 98, actual =98
[2275000] SCOREBOARD MATCH: wstrb passthrough beat=169 expected = 64, actual =64
[2275000] SCOREBOARD MATCH: wstrb passthrough beat=170 expected = e3, actual =e3
[2275000] SCOREBOARD MATCH: wstrb passthrough beat=171 expected = ff, actual =ff
[2275000] SCOREBOARD MATCH: wstrb passthrough beat=172 expected = 41, actual =41
[2275000] SCOREBOARD MATCH: wstrb passthrough beat=173 expected = ee, actual =ee
[2275000] SCOREBOARD MATCH: wstrb passthrough beat=174 expected = 48, actual =48
[2275000] SCOREBOARD MATCH: wstrb passthrough beat=175 expected = d9, actual =d9
[2275000] SCOREBOARD MATCH: wstrb passthrough beat=176 expected = 52, actual =52
[2275000] SCOREBOARD MATCH: wstrb passthrough beat=177 expected = 2b, actual =2b
[2275000] SCOREBOARD MATCH: wstrb passthrough beat=178 expected = d8, actual =d8
[2275000] SCOREBOARD MATCH: wstrb passthrough beat=179 expected = 93, actual =93
[2275000] SCOREBOARD MATCH: wstrb passthrough beat=180 expected = 19, actual =19
[2275000] SCOREBOARD MATCH: wstrb passthrough beat=181 expected = 21, actual =21
[2275000] SCOREBOARD MATCH: wstrb passthrough beat=182 expected = 6d, actual =6d
[2275000] SCOREBOARD MATCH: wstrb passthrough beat=183 expected = 6c, actual =6c
[2275000] SCOREBOARD MATCH: wstrb passthrough beat=184 expected = 4c, actual =4c
[2275000] SCOREBOARD MATCH: wstrb passthrough beat=185 expected = 45, actual =45
[2275000] SCOREBOARD MATCH: wstrb passthrough beat=186 expected = ff, actual =ff
[2275000] SCOREBOARD MATCH: wstrb passthrough beat=187 expected = 66, actual =66
[2275000] SCOREBOARD MATCH: wstrb passthrough beat=188 expected = 66, actual =66
[2275000] SCOREBOARD MATCH: wstrb passthrough beat=189 expected = 6c, actual =6c
[2275000] SCOREBOARD MATCH: wstrb passthrough beat=190 expected = d2, actual =d2
[2275000] SCOREBOARD MATCH: wstrb passthrough beat=191 expected = b3, actual =b3
[2275000] SCOREBOARD MATCH: wstrb passthrough beat=192 expected = b2, actual =b2
[2275000] SCOREBOARD MATCH: wstrb passthrough beat=193 expected = d1, actual =d1
[2275000] SCOREBOARD MATCH: wstrb passthrough beat=194 expected = 19, actual =19
[2275000] SCOREBOARD MATCH: wstrb passthrough beat=195 expected = 18, actual =18
[2275000] SCOREBOARD MATCH: wstrb passthrough beat=196 expected = 3e, actual =3e
[2275000] SCOREBOARD MATCH: wstrb passthrough beat=197 expected = eb, actual =eb
[2275000] SCOREBOARD MATCH: wstrb passthrough beat=198 expected = cb, actual =cb
[2275000] SCOREBOARD MATCH: wstrb passthrough beat=199 expected = f0, actual =f0
[2275000] SCOREBOARD MATCH: wstrb passthrough beat=200 expected = bc, actual =bc
[2275000] SCOREBOARD MATCH: wstrb passthrough beat=201 expected = e4, actual =e4
[2275000] SCOREBOARD MATCH: wstrb passthrough beat=202 expected = 8, actual =8
[2275000] SCOREBOARD MATCH: wstrb passthrough beat=203 expected = fa, actual =fa
[2275000] SCOREBOARD MATCH: wstrb passthrough beat=204 expected = cf, actual =cf
[2275000] SCOREBOARD MATCH: wstrb passthrough beat=205 expected = d4, actual =d4
[2275000] SCOREBOARD MATCH: wstrb passthrough beat=206 expected = ea, actual =ea
[2275000] SCOREBOARD MATCH: wstrb passthrough beat=207 expected = 8c, actual =8c
[2275000] SCOREBOARD MATCH: wstrb passthrough beat=208 expected = b8, actual =b8
[2275000] SCOREBOARD MATCH: wstrb passthrough beat=209 expected = f3, actual =f3
[2275000] SCOREBOARD MATCH: wstrb passthrough beat=210 expected = 86, actual =86
[2275000] SCOREBOARD MATCH: wstrb passthrough beat=211 expected = 88, actual =88
[2275000] SCOREBOARD MATCH: wstrb passthrough beat=212 expected = c7, actual =c7
[2275000] SCOREBOARD MATCH: wstrb passthrough beat=213 expected = 71, actual =71
[2275000] SCOREBOARD MATCH: wstrb passthrough beat=214 expected = 14, actual =14
[2275000] SCOREBOARD MATCH: wstrb passthrough beat=215 expected = 7f, actual =7f
[2275000] SCOREBOARD MATCH: wstrb passthrough beat=216 expected = 64, actual =64
[2275000] SCOREBOARD MATCH: wstrb passthrough beat=217 expected = 9a, actual =9a
[2275000] SCOREBOARD MATCH: wstrb passthrough beat=218 expected = 7, actual =7
[2275000] SCOREBOARD MATCH: bresp passthrough expected = 0, actual =0
[2275000] SCOREBOARD MATCH: response routed to correct master (write) expected = 1, actual =1
[2275000] [SCOREBOARD-M] mst_id=1 s_id=0 awaddr=a5d050 awid=1110 awlen=218 awsize=4 awburst=1 wdata=[c65fa8f0e7bf6831 83d4223be08914a2 933e9ab8b83886ba 9ff7eeebc122ad5f a1abc201d99e43a9 91d6ca6323cc1127 e4eebe8634ea5cba e88a06331ceb94f d59aca76069a8088 3b84dd42a05f6ac6 d22e2415ba8988fc c1240984ca0d7da5 ea6ce86ba7c8ee8b e2527788fca8e6c6 c6b6646b3c9b0c81 e463fb0ca376810c 201f67d331234cd7 edbe5958c6b67294 ea2cf3a1e6d5cc3e 97f91915d2225464 18d8c6f90a4c5b74 f12227b285b7726d d7d9c6d20305ba9a d52160e091b40c8 8ed2b335f0b28dcb f3b84865fe743dc0 878f7e88e6ac7a07 d75f07d2010a5e73 ff7e9c33166231be fd0eabc5cb175037 cc21aeaa070e1abc 1d704c7ad46db398 9f8503cfcba04ade d2ae659a9a7ef83f eeecabd7eba6b27a 3746fd58f01eb214 8a9daa530e71afa7 fa18622109f562f2 fa141506f98a562b 7fc05d2315f5f79 3b54c26b84b1bf59 fe3c1584021467f3 3373c76c3568d771 ba1a96ca86381b56 884c8349eec889d7 243161483856ac4f be8ec7a5bbc04ab5 aa88d48cde4bf812 96a2a461c6db4aef 829b95a4ceba35d4 2d062de7d5316c07 1c0cb6f62d246a31 fbdea005c3a8d248 98da3e4f9ea84c9a cbccb6cba8e4cdec ec8da035b4e6f545 d38f41e0c7ab56d1 f09024bd8567de84 3a4ed3ca9f5bf8ab e7074f7cdd1dc4f2 e285a3770dde15aa ad3a0e55d797743a b4b5392c1cd47741 2ab28ceb14415dd2 ebd8d20c973adca3 b40f53e4d7ec9b40 ec2df912a08e0b38 37c8e7dcdec1e0cf 36ae7c10d806cb1e f894d657ebd83bc0 ca9a1c90a2dc7522 fae34041305dbe33 9c35f9f3014898a0 a4250dc2f3781698 23d5d4cbe6d01683 e818af239f084e03 9280649bc00bcebe 26dbe5420c3dbce6 ab460ae9b6563966 f66208258ef49465 9b32514b3dc66f85 f41ca8eb1d3ded67 ac3281ccc6785c35 43ecbbaea7eb110 87bc9e77c764d318 ddd2f4df85b74a5 e2da25b633ef2044 fb53f35c121bfb07 8a776facea96c42d 9e85e471093122a9 1b4d1db0ed519562 d7e8599099d9d7cd a30afa76a5c48d5c 131622bff66e3e01 104815cfbe581826 e41ca583eafe7c4f e16cba50b3531045 f1ab286cf732c842 e2314491f1b4d01f 2507e065d5c7cdef ccfa9631c39dfee1 3552cf0116b308d1 ec7ad6c02f2bdac2 f2c9d9a3da5aaf66 f10db83739756cf1 e8a147b3a81ca8a4 8277580add888ef7 16fdfbe8db6b2156 387c9fbf3851041 d10d9f38ff9f439b db0a64f185ff2205 f9843247e80b9b20 e7aadebbde922eec e49150f2ca91d17f 329d6ca0c2b543ad a1477299de158339 a8a754b89a484b5b dcfd8f0885d8c38b e3ee46c4db44c158 f58d0cb4fe4501a2 841dc52d0c959b7d e7da5cd5d28a9bbc d0cf9d5ee80c0bf2 f4a1a76fdd676989 2ff20546d4ed628c 3cf96e7edc7c0444 39e36dce80c1a2a4 d5af0530319b15ed 8e171a31e9d57314 ea9715b892a873ae c443899bc7fa87ff b1cffb13c0461ae9 d2ee8e97d25aa3cd 9a552bcc1c6710cc dcad2bb517321833 e98cbc00cc2526e0 e88c37acaf9bba4c c6cdd27f83e1e7cc d0070eacc5396361 f4d51dadb05a8e7f 343c764cb8934658 fdcca9b93ba2f02d ebfd7eac844384f8 3cd6cb51f2a1c767 2e44b794a039f4f8 247d79f1baa3750a ad453c719a423640 3a7c2b39e1544542 9bf7ba4cdb89f405 f5cc2a46def9a52a c04dea6cc93cf6be a4c6eac33048557f f41faa9dc45a4b8 a5829b769a931509 cadb6a88cf8fe515 abd589cdca49863a e4dc9b43da1d6531 a9ad4a46d1582544 1ba1ab7e2fb805cc 89d56afdd582d414 26daf958807e46c1 b0364c8d3382b544 9058958c27ca4d6 c2faeb973a0bb78b ed8e6ccf2fe082b0 f25d2786f3313825 2d3cefb0f693f627 267478d7b558131d a8894b421acb5c7f 115f52a618d1a05d ce29b37ad5c63af2 f091977137d3cb7d d0a56bdaf6b2febd cc7939af81f0ea17 b9c4b5949ecf1f54 95821e113d0ad121 befbbb388a6a216e 293940c3e1fb57c1 1f0628e2f8c070cd 832a923bbebb5ed4 a0b6b695de01e41a d6c254e7ac63d2fe eb1f31d3bfbcdf77 1dbec392d9ece723 8650ba218bd5e868 cb92c7e0f4811879 ce6dff9cf16febf4 fd45d45de9518b72 ddd2a3ebd4beb9be c62ea5b2c8d89c3d 322a27af2c40a388 ff5d46c3747a0f 8c4d164c8ffccb9a bc3d6f22c72e02f8 aa27d08be773dfb ce740996bd3ccc68 46acf6196ef9354 d566d1508ab178b8 c7ee45210f0d4c69 a5fcdfbd23dadae6 ae8c539ecc591482 db6660ebfb63b10d 9f3e8bf3f67a98bf c2d3ad41816340a8 fcc6f1b6cdcadf92 c44578519e3a0e2c 1f9d4ed59c057da9 e9d05d3b07192593 a55333bf1c64408b b869be342e15d58d 352efb20c4f08294 e154c31f223a1b70 d04ff0fdda822edf 1f72b17419be8154 3bf89cc4057eec1d e0011afc80c77493 9a85f5e70c488dc1 11c779deff73cc70 3b4104d67e92ab ] wstrb=[da 6c eb 4b 4a 97 4f 25 3 3a 70 4e d1 bf 73 d5 f9 e3 23 cb a2 96 a0 9b 79 c3 66 1b 59 6 b6 d2 c9 1d ed 22 23 a3 f4 ed c0 e1 f e4 85 4 d1 45 e5 e0 29 6a e4 fa b0 ca db d9 34 bf d4 e4 89 af be be 6e 92 a2 f8 41 60 b6 af f2 58 a7 33 b9 5d e3 ab b6 8a df 6f e8 c2 1a 9e 4c f9 d 34 bb 27 d2 8 21 df 3c dc 7 f e4 28 ee 21 4 f5 30 e9 1d 1e a 22 14 3a b 31 58 15 53 6c 4f 5e 9e a7 73 f1 14 c2 50 b2 6a c3 a3 7e 86 f3 30 f0 b7 d3 6e 3d c7 9e 2d 7e 71 9b bb 38 39 e8 b6 aa 83 71 e3 bc 59 99 66 dc b 49 98 64 e3 ff 41 ee 48 d9 52 2b d8 93 19 21 6d 6c 4c 45 ff 66 66 6c d2 b3 b2 d1 19 18 3e eb cb f0 bc e4 8 fa cf d4 ea 8c b8 f3 86 88 c7 71 14 7f 64 9a 7 ] bresp=0 bid=1110
[2275000] [SCOREBOARD-S] mst_id=1 s_id=0 awaddr=a5d050 awid=1110 awlen=218 awsize=4 awburst=1 wdata=[c65fa8f0e7bf6831 83d4223be08914a2 933e9ab8b83886ba 9ff7eeebc122ad5f a1abc201d99e43a9 91d6ca6323cc1127 e4eebe8634ea5cba e88a06331ceb94f d59aca76069a8088 3b84dd42a05f6ac6 d22e2415ba8988fc c1240984ca0d7da5 ea6ce86ba7c8ee8b e2527788fca8e6c6 c6b6646b3c9b0c81 e463fb0ca376810c 201f67d331234cd7 edbe5958c6b67294 ea2cf3a1e6d5cc3e 97f91915d2225464 18d8c6f90a4c5b74 f12227b285b7726d d7d9c6d20305ba9a d52160e091b40c8 8ed2b335f0b28dcb f3b84865fe743dc0 878f7e88e6ac7a07 d75f07d2010a5e73 ff7e9c33166231be fd0eabc5cb175037 cc21aeaa070e1abc 1d704c7ad46db398 9f8503cfcba04ade d2ae659a9a7ef83f eeecabd7eba6b27a 3746fd58f01eb214 8a9daa530e71afa7 fa18622109f562f2 fa141506f98a562b 7fc05d2315f5f79 3b54c26b84b1bf59 fe3c1584021467f3 3373c76c3568d771 ba1a96ca86381b56 884c8349eec889d7 243161483856ac4f be8ec7a5bbc04ab5 aa88d48cde4bf812 96a2a461c6db4aef 829b95a4ceba35d4 2d062de7d5316c07 1c0cb6f62d246a31 fbdea005c3a8d248 98da3e4f9ea84c9a cbccb6cba8e4cdec ec8da035b4e6f545 d38f41e0c7ab56d1 f09024bd8567de84 3a4ed3ca9f5bf8ab e7074f7cdd1dc4f2 e285a3770dde15aa ad3a0e55d797743a b4b5392c1cd47741 2ab28ceb14415dd2 ebd8d20c973adca3 b40f53e4d7ec9b40 ec2df912a08e0b38 37c8e7dcdec1e0cf 36ae7c10d806cb1e f894d657ebd83bc0 ca9a1c90a2dc7522 fae34041305dbe33 9c35f9f3014898a0 a4250dc2f3781698 23d5d4cbe6d01683 e818af239f084e03 9280649bc00bcebe 26dbe5420c3dbce6 ab460ae9b6563966 f66208258ef49465 9b32514b3dc66f85 f41ca8eb1d3ded67 ac3281ccc6785c35 43ecbbaea7eb110 87bc9e77c764d318 ddd2f4df85b74a5 e2da25b633ef2044 fb53f35c121bfb07 8a776facea96c42d 9e85e471093122a9 1b4d1db0ed519562 d7e8599099d9d7cd a30afa76a5c48d5c 131622bff66e3e01 104815cfbe581826 e41ca583eafe7c4f e16cba50b3531045 f1ab286cf732c842 e2314491f1b4d01f 2507e065d5c7cdef ccfa9631c39dfee1 3552cf0116b308d1 ec7ad6c02f2bdac2 f2c9d9a3da5aaf66 f10db83739756cf1 e8a147b3a81ca8a4 8277580add888ef7 16fdfbe8db6b2156 387c9fbf3851041 d10d9f38ff9f439b db0a64f185ff2205 f9843247e80b9b20 e7aadebbde922eec e49150f2ca91d17f 329d6ca0c2b543ad a1477299de158339 a8a754b89a484b5b dcfd8f0885d8c38b e3ee46c4db44c158 f58d0cb4fe4501a2 841dc52d0c959b7d e7da5cd5d28a9bbc d0cf9d5ee80c0bf2 f4a1a76fdd676989 2ff20546d4ed628c 3cf96e7edc7c0444 39e36dce80c1a2a4 d5af0530319b15ed 8e171a31e9d57314 ea9715b892a873ae c443899bc7fa87ff b1cffb13c0461ae9 d2ee8e97d25aa3cd 9a552bcc1c6710cc dcad2bb517321833 e98cbc00cc2526e0 e88c37acaf9bba4c c6cdd27f83e1e7cc d0070eacc5396361 f4d51dadb05a8e7f 343c764cb8934658 fdcca9b93ba2f02d ebfd7eac844384f8 3cd6cb51f2a1c767 2e44b794a039f4f8 247d79f1baa3750a ad453c719a423640 3a7c2b39e1544542 9bf7ba4cdb89f405 f5cc2a46def9a52a c04dea6cc93cf6be a4c6eac33048557f f41faa9dc45a4b8 a5829b769a931509 cadb6a88cf8fe515 abd589cdca49863a e4dc9b43da1d6531 a9ad4a46d1582544 1ba1ab7e2fb805cc 89d56afdd582d414 26daf958807e46c1 b0364c8d3382b544 9058958c27ca4d6 c2faeb973a0bb78b ed8e6ccf2fe082b0 f25d2786f3313825 2d3cefb0f693f627 267478d7b558131d a8894b421acb5c7f 115f52a618d1a05d ce29b37ad5c63af2 f091977137d3cb7d d0a56bdaf6b2febd cc7939af81f0ea17 b9c4b5949ecf1f54 95821e113d0ad121 befbbb388a6a216e 293940c3e1fb57c1 1f0628e2f8c070cd 832a923bbebb5ed4 a0b6b695de01e41a d6c254e7ac63d2fe eb1f31d3bfbcdf77 1dbec392d9ece723 8650ba218bd5e868 cb92c7e0f4811879 ce6dff9cf16febf4 fd45d45de9518b72 ddd2a3ebd4beb9be c62ea5b2c8d89c3d 322a27af2c40a388 ff5d46c3747a0f 8c4d164c8ffccb9a bc3d6f22c72e02f8 aa27d08be773dfb ce740996bd3ccc68 46acf6196ef9354 d566d1508ab178b8 c7ee45210f0d4c69 a5fcdfbd23dadae6 ae8c539ecc591482 db6660ebfb63b10d 9f3e8bf3f67a98bf c2d3ad41816340a8 fcc6f1b6cdcadf92 c44578519e3a0e2c 1f9d4ed59c057da9 e9d05d3b07192593 a55333bf1c64408b b869be342e15d58d 352efb20c4f08294 e154c31f223a1b70 d04ff0fdda822edf 1f72b17419be8154 3bf89cc4057eec1d e0011afc80c77493 9a85f5e70c488dc1 11c779deff73cc70 3b4104d67e92ab ] wstrb=[da 6c eb 4b 4a 97 4f 25 3 3a 70 4e d1 bf 73 d5 f9 e3 23 cb a2 96 a0 9b 79 c3 66 1b 59 6 b6 d2 c9 1d ed 22 23 a3 f4 ed c0 e1 f e4 85 4 d1 45 e5 e0 29 6a e4 fa b0 ca db d9 34 bf d4 e4 89 af be be 6e 92 a2 f8 41 60 b6 af f2 58 a7 33 b9 5d e3 ab b6 8a df 6f e8 c2 1a 9e 4c f9 d 34 bb 27 d2 8 21 df 3c dc 7 f e4 28 ee 21 4 f5 30 e9 1d 1e a 22 14 3a b 31 58 15 53 6c 4f 5e 9e a7 73 f1 14 c2 50 b2 6a c3 a3 7e 86 f3 30 f0 b7 d3 6e 3d c7 9e 2d 7e 71 9b bb 38 39 e8 b6 aa 83 71 e3 bc 59 99 66 dc b 49 98 64 e3 ff 41 ee 48 d9 52 2b d8 93 19 21 6d 6c 4c 45 ff 66 66 6c d2 b3 b2 d1 19 18 3e eb cb f0 bc e4 8 fa cf d4 ea 8c b8 f3 86 88 c7 71 14 7f 64 9a 7 ] bresp=0 bid=11110
[2275000] SCOREBOARD: Transaction 3 received. pass=494 fail=0
[2275000] ALL PASS. Total transactions: 3
[2285000] MASTER 1 W_VALID_RDY Handshake beat=1 wlast=0
[2285000] AXI S0_WVALID_RDY HANDSHAKE
[2285000] S0 MEMORY WRITE beat=0 addr=0b6c1708 data=3de62c05d13c01cf id=12
[2295000] AXI S0_WVALID_RDY HANDSHAKE
[2295000] S0 MEMORY WRITE beat=1 addr=0b6c1788 data=c13e5610e57bdf43 id=12
[2295000] MASTER 1 W_VALID_RDY Handshake beat=2 wlast=0
[2305000] MASTER 1 W_VALID_RDY Handshake beat=3 wlast=0
[2305000] AXI S0_WVALID_RDY HANDSHAKE
[2305000] S0 MEMORY WRITE beat=2 addr=0b6c1808 data=ee2147a0d4593c8f id=12
[2315000] AXI S0_WVALID_RDY HANDSHAKE
[2315000] S0 MEMORY WRITE beat=3 addr=0b6c1888 data=a5953e5e8b824fd8 id=12
[2315000] MASTER 1 W_VALID_RDY Handshake beat=4 wlast=0
[2325000] MASTER 1 W_VALID_RDY Handshake beat=5 wlast=0
[2325000] AXI S0_WVALID_RDY HANDSHAKE
[2325000] S0 MEMORY WRITE beat=4 addr=0b6c1908 data=f0fe2f1c2c0773a5 id=12
[2335000] AXI S0_WVALID_RDY HANDSHAKE
[2335000] S0 MEMORY WRITE beat=5 addr=0b6c1988 data=8060b034e6d3946e id=12
[2335000] MASTER 1 W_VALID_RDY Handshake beat=6 wlast=0
[2345000] MASTER 1 W_VALID_RDY Handshake beat=7 wlast=0
[2345000] AXI S0_WVALID_RDY HANDSHAKE
[2345000] S0 MEMORY WRITE beat=6 addr=0b6c1a08 data=f255e447df1f76bc id=12
[2355000] AXI S0_WVALID_RDY HANDSHAKE
[2355000] S0 MEMORY WRITE beat=7 addr=0b6c1a88 data=0b26ea6125f5ee93 id=12
[2355000] MASTER 1 W_VALID_RDY Handshake beat=8 wlast=0
[2365000] MASTER 1 W_VALID_RDY Handshake beat=9 wlast=0
[2365000] AXI S0_WVALID_RDY HANDSHAKE
[2365000] S0 MEMORY WRITE beat=8 addr=0b6c1b08 data=8cc98301e3541363 id=12
[2375000] AXI S0_WVALID_RDY HANDSHAKE
[2375000] S0 MEMORY WRITE beat=9 addr=0b6c1b88 data=c2738a1f8b879a95 id=12
[2375000] MASTER 1 W_VALID_RDY Handshake beat=10 wlast=0
[2385000] MASTER 1 W_VALID_RDY Handshake beat=11 wlast=0
[2385000] AXI S0_WVALID_RDY HANDSHAKE
[2385000] S0 MEMORY WRITE beat=10 addr=0b6c1c08 data=b17d8928ff1f6748 id=12
[2395000] AXI S0_WVALID_RDY HANDSHAKE
[2395000] S0 MEMORY WRITE beat=11 addr=0b6c1c88 data=e2737aabcd9a7480 id=12
[2395000] MASTER 1 W_VALID_RDY Handshake beat=12 wlast=0
[2405000] MASTER 1 W_VALID_RDY Handshake beat=13 wlast=0
[2405000] AXI S0_WVALID_RDY HANDSHAKE
[2405000] S0 MEMORY WRITE beat=12 addr=0b6c1d08 data=d9220f153e470c2a id=12
[2415000] AXI S0_WVALID_RDY HANDSHAKE
[2415000] S0 MEMORY WRITE beat=13 addr=0b6c1d88 data=bd667372a4e704ca id=12
[2415000] MASTER 1 W_VALID_RDY Handshake beat=14 wlast=0
[2425000] MASTER 1 W_VALID_RDY Handshake beat=15 wlast=0
[2425000] AXI S0_WVALID_RDY HANDSHAKE
[2425000] S0 MEMORY WRITE beat=14 addr=0b6c1e08 data=f281794a0a9f983e id=12
[2435000] AXI S0_WVALID_RDY HANDSHAKE
[2435000] S0 MEMORY WRITE beat=15 addr=0b6c1e88 data=c8e6a4681fd9ee1e id=12
[2435000] MASTER 1 W_VALID_RDY Handshake beat=16 wlast=0
[2445000] MASTER 1 W_VALID_RDY Handshake beat=17 wlast=0
[2445000] AXI S0_WVALID_RDY HANDSHAKE
[2445000] S0 MEMORY WRITE beat=16 addr=0b6c1f08 data=c4c0f2e8cba38860 id=12
[2455000] AXI S0_WVALID_RDY HANDSHAKE
[2455000] S0 MEMORY WRITE beat=17 addr=0b6c1f88 data=d643209e864d17da id=12
[2455000] MASTER 1 W_VALID_RDY Handshake beat=18 wlast=0
[2465000] MASTER 1 W_VALID_RDY Handshake beat=19 wlast=0
[2465000] AXI S0_WVALID_RDY HANDSHAKE
[2465000] S0 MEMORY WRITE beat=18 addr=0b6c2008 data=a62705f837426c33 id=12
[2475000] AXI S0_WVALID_RDY HANDSHAKE
[2475000] S0 MEMORY WRITE beat=19 addr=0b6c2088 data=02e5f4931f29c506 id=12
[2475000] MASTER 1 W_VALID_RDY Handshake beat=20 wlast=0
[2485000] MASTER 1 W_VALID_RDY Handshake beat=21 wlast=0
[2485000] AXI S0_WVALID_RDY HANDSHAKE
[2485000] S0 MEMORY WRITE beat=20 addr=0b6c2108 data=a576dce0eae7f8e1 id=12
[2495000] AXI S0_WVALID_RDY HANDSHAKE
[2495000] S0 MEMORY WRITE beat=21 addr=0b6c2188 data=222a6514d9291531 id=12
[2495000] MASTER 1 W_VALID_RDY Handshake beat=22 wlast=0
[2505000] MASTER 1 W_VALID_RDY Handshake beat=23 wlast=0
[2505000] AXI S0_WVALID_RDY HANDSHAKE
[2505000] S0 MEMORY WRITE beat=22 addr=0b6c2208 data=f852da37cb9de2d9 id=12
[2515000] AXI S0_WVALID_RDY HANDSHAKE
[2515000] S0 MEMORY WRITE beat=23 addr=0b6c2288 data=3685dbba251059a7 id=12
[2515000] MASTER 1 W_VALID_RDY Handshake beat=24 wlast=0
[2525000] MASTER 1 W_VALID_RDY Handshake beat=25 wlast=0
[2525000] AXI S0_WVALID_RDY HANDSHAKE
[2525000] S0 MEMORY WRITE beat=24 addr=0b6c2308 data=fe396ed89dc9b717 id=12
[2535000] AXI S0_WVALID_RDY HANDSHAKE
[2535000] S0 MEMORY WRITE beat=25 addr=0b6c2388 data=e96799f0d8b040ce id=12
[2535000] MASTER 1 W_VALID_RDY Handshake beat=26 wlast=0
[2545000] MASTER 1 W_VALID_RDY Handshake beat=27 wlast=0
[2545000] AXI S0_WVALID_RDY HANDSHAKE
[2545000] S0 MEMORY WRITE beat=26 addr=0b6c2408 data=fdc09a75f68c490f id=12
[2555000] AXI S0_WVALID_RDY HANDSHAKE
[2555000] S0 MEMORY WRITE beat=27 addr=0b6c2488 data=945600269fed75aa id=12
[2555000] MASTER 1 W_VALID_RDY Handshake beat=28 wlast=0
[2565000] MASTER 1 W_VALID_RDY Handshake beat=29 wlast=0
[2565000] AXI S0_WVALID_RDY HANDSHAKE
[2565000] S0 MEMORY WRITE beat=28 addr=0b6c2508 data=f89db678fbfa094d id=12
[2575000] AXI S0_WVALID_RDY HANDSHAKE
[2575000] S0 MEMORY WRITE beat=29 addr=0b6c2588 data=f286525cfdbd9a17 id=12
[2575000] MASTER 1 W_VALID_RDY Handshake beat=30 wlast=0
[2585000] MASTER 1 W_VALID_RDY Handshake beat=31 wlast=0
[2585000] AXI S0_WVALID_RDY HANDSHAKE
[2585000] S0 MEMORY WRITE beat=30 addr=0b6c2608 data=9dab0fc1f65e50ed id=12
[2595000] AXI S0_WVALID_RDY HANDSHAKE
[2595000] S0 MEMORY WRITE beat=31 addr=0b6c2688 data=f2585a3a86dc5282 id=12
[2595000] MASTER 1 W_VALID_RDY Handshake beat=32 wlast=0
[2605000] MASTER 1 W_VALID_RDY Handshake beat=33 wlast=0
[2605000] AXI S0_WVALID_RDY HANDSHAKE
[2605000] S0 MEMORY WRITE beat=32 addr=0b6c2708 data=8499ec991648c63a id=12
[2615000] AXI S0_WVALID_RDY HANDSHAKE
[2615000] S0 MEMORY WRITE beat=33 addr=0b6c2788 data=8ca71727e4deac96 id=12
[2615000] MASTER 1 W_VALID_RDY Handshake beat=34 wlast=0
[2625000] MASTER 1 W_VALID_RDY Handshake beat=35 wlast=0
[2625000] AXI S0_WVALID_RDY HANDSHAKE
[2625000] S0 MEMORY WRITE beat=34 addr=0b6c2808 data=ebbaff192244fc5b id=12
[2635000] AXI S0_WVALID_RDY HANDSHAKE
[2635000] S0 MEMORY WRITE beat=35 addr=0b6c2888 data=388dc295feff7162 id=12
[2635000] MASTER 1 W_VALID_RDY Handshake beat=36 wlast=0
[2645000] MASTER 1 W_VALID_RDY Handshake beat=37 wlast=0
[2645000] AXI S0_WVALID_RDY HANDSHAKE
[2645000] S0 MEMORY WRITE beat=36 addr=0b6c2908 data=e3de1df8f054ebb2 id=12
[2655000] AXI S0_WVALID_RDY HANDSHAKE
[2655000] S0 MEMORY WRITE beat=37 addr=0b6c2988 data=9299e80dc534d9bc id=12
[2655000] MASTER 1 W_VALID_RDY Handshake beat=38 wlast=0
[2665000] MASTER 1 W_VALID_RDY Handshake beat=39 wlast=0
[2665000] AXI S0_WVALID_RDY HANDSHAKE
[2665000] S0 MEMORY WRITE beat=38 addr=0b6c2a08 data=c4344b1ecf991d11 id=12
[2675000] AXI S0_WVALID_RDY HANDSHAKE
[2675000] S0 MEMORY WRITE beat=39 addr=0b6c2a88 data=3fee08c4cb27aaa2 id=12
[2675000] MASTER 1 W_VALID_RDY Handshake beat=40 wlast=0
[2685000] MASTER 1 W_VALID_RDY Handshake beat=41 wlast=0
[2685000] AXI S0_WVALID_RDY HANDSHAKE
[2685000] S0 MEMORY WRITE beat=40 addr=0b6c2b08 data=105c845f28126917 id=12
[2695000] AXI S0_WVALID_RDY HANDSHAKE
[2695000] S0 MEMORY WRITE beat=41 addr=0b6c2b88 data=f7ab8628d287f0d1 id=12
[2695000] MASTER 1 W_VALID_RDY Handshake beat=42 wlast=0
[2705000] MASTER 1 W_VALID_RDY Handshake beat=43 wlast=0
[2705000] AXI S0_WVALID_RDY HANDSHAKE
[2705000] S0 MEMORY WRITE beat=42 addr=0b6c2c08 data=1daf9b74d490cf7d id=12
[2715000] AXI S0_WVALID_RDY HANDSHAKE
[2715000] S0 MEMORY WRITE beat=43 addr=0b6c2c88 data=fca33894b7998eec id=12
[2715000] MASTER 1 W_VALID_RDY Handshake beat=44 wlast=0
[2725000] MASTER 1 W_VALID_RDY Handshake beat=45 wlast=0
[2725000] AXI S0_WVALID_RDY HANDSHAKE
[2725000] S0 MEMORY WRITE beat=44 addr=0b6c2d08 data=0a217fbe2e0c1fd3 id=12
[2735000] AXI S0_WVALID_RDY HANDSHAKE
[2735000] S0 MEMORY WRITE beat=45 addr=0b6c2d88 data=829cef50f44ebebd id=12
[2735000] MASTER 1 W_VALID_RDY Handshake beat=46 wlast=0
[2745000] MASTER 1 W_VALID_RDY Handshake beat=47 wlast=0
[2745000] AXI S0_WVALID_RDY HANDSHAKE
[2745000] S0 MEMORY WRITE beat=46 addr=0b6c2e08 data=abe84da927d11b32 id=12
[2755000] AXI S0_WVALID_RDY HANDSHAKE
[2755000] S0 MEMORY WRITE beat=47 addr=0b6c2e88 data=d5dd3b05ff4027e5 id=12
[2755000] MASTER 1 W_VALID_RDY Handshake beat=48 wlast=0
[2765000] MASTER 1 W_VALID_RDY Handshake beat=49 wlast=0
[2765000] AXI S0_WVALID_RDY HANDSHAKE
[2765000] S0 MEMORY WRITE beat=48 addr=0b6c2f08 data=f38ee6a2b609cd67 id=12
[2775000] AXI S0_WVALID_RDY HANDSHAKE
[2775000] S0 MEMORY WRITE beat=49 addr=0b6c2f88 data=dddae899d87a2a55 id=12
[2775000] MASTER 1 W_VALID_RDY Handshake beat=50 wlast=0
[2785000] MASTER 1 W_VALID_RDY Handshake beat=51 wlast=0
[2785000] AXI S0_WVALID_RDY HANDSHAKE
[2785000] S0 MEMORY WRITE beat=50 addr=0b6c3008 data=d7ba523a9f77344b id=12
[2795000] AXI S0_WVALID_RDY HANDSHAKE
[2795000] S0 MEMORY WRITE beat=51 addr=0b6c3088 data=d58101b3b3b8239e id=12
[2795000] MASTER 1 W_VALID_RDY Handshake beat=52 wlast=0
[2805000] MASTER 1 W_VALID_RDY Handshake beat=53 wlast=0
[2805000] AXI S0_WVALID_RDY HANDSHAKE
[2805000] S0 MEMORY WRITE beat=52 addr=0b6c3108 data=0c324df4cb4938dc id=12
[2815000] AXI S0_WVALID_RDY HANDSHAKE
[2815000] S0 MEMORY WRITE beat=53 addr=0b6c3188 data=eac06d28b35bea4c id=12
[2815000] MASTER 1 W_VALID_RDY Handshake beat=54 wlast=0
[2825000] MASTER 1 W_VALID_RDY Handshake beat=55 wlast=0
[2825000] AXI S0_WVALID_RDY HANDSHAKE
[2825000] S0 MEMORY WRITE beat=54 addr=0b6c3208 data=e7140debe3eca02e id=12
[2835000] AXI S0_WVALID_RDY HANDSHAKE
[2835000] S0 MEMORY WRITE beat=55 addr=0b6c3288 data=2f35d90bc0416edb id=12
[2835000] MASTER 1 W_VALID_RDY Handshake beat=56 wlast=0
[2845000] MASTER 1 W_VALID_RDY Handshake beat=57 wlast=0
[2845000] AXI S0_WVALID_RDY HANDSHAKE
[2845000] S0 MEMORY WRITE beat=56 addr=0b6c3308 data=f39d5927f3465bdf id=12
[2855000] AXI S0_WVALID_RDY HANDSHAKE
[2855000] S0 MEMORY WRITE beat=57 addr=0b6c3388 data=d732fc0d19f64633 id=12
[2855000] MASTER 1 W_VALID_RDY Handshake beat=58 wlast=0
[2865000] MASTER 1 W_VALID_RDY Handshake beat=59 wlast=0
[2865000] AXI S0_WVALID_RDY HANDSHAKE
[2865000] S0 MEMORY WRITE beat=58 addr=0b6c3408 data=da37b50edab16712 id=12
[2875000] AXI S0_WVALID_RDY HANDSHAKE
[2875000] S0 MEMORY WRITE beat=59 addr=0b6c3488 data=cdf7c2f18668d518 id=12
[2875000] MASTER 1 W_VALID_RDY Handshake beat=60 wlast=0
[2885000] MASTER 1 W_VALID_RDY Handshake beat=61 wlast=0
[2885000] AXI S0_WVALID_RDY HANDSHAKE
[2885000] S0 MEMORY WRITE beat=60 addr=0b6c3508 data=a05f1b4bcdd50e35 id=12
[2895000] AXI S0_WVALID_RDY HANDSHAKE
[2895000] S0 MEMORY WRITE beat=61 addr=0b6c3588 data=28867548252abeff id=12
[2895000] MASTER 1 W_VALID_RDY Handshake beat=62 wlast=0
[2905000] MASTER 1 W_VALID_RDY Handshake beat=63 wlast=0
[2905000] AXI S0_WVALID_RDY HANDSHAKE
[2905000] S0 MEMORY WRITE beat=62 addr=0b6c3608 data=ab939417fa96d059 id=12
[2915000] AXI S0_WVALID_RDY HANDSHAKE
[2915000] S0 MEMORY WRITE beat=63 addr=0b6c3688 data=c86bde8ff67e3839 id=12
[2915000] MASTER 1 W_VALID_RDY Handshake beat=64 wlast=0
[2925000] MASTER 1 W_VALID_RDY Handshake beat=65 wlast=0
[2925000] AXI S0_WVALID_RDY HANDSHAKE
[2925000] S0 MEMORY WRITE beat=64 addr=0b6c3708 data=9ba8f738cbf2af63 id=12
[2935000] AXI S0_WVALID_RDY HANDSHAKE
[2935000] S0 MEMORY WRITE beat=65 addr=0b6c3788 data=c6897fbcf0f253d7 id=12
[2935000] MASTER 1 W_VALID_RDY Handshake beat=66 wlast=0
[2945000] MASTER 1 W_VALID_RDY Handshake beat=67 wlast=0
[2945000] AXI S0_WVALID_RDY HANDSHAKE
[2945000] S0 MEMORY WRITE beat=66 addr=0b6c3808 data=e7708c10c73c8b50 id=12
[2955000] AXI S0_WVALID_RDY HANDSHAKE
[2955000] S0 MEMORY WRITE beat=67 addr=0b6c3888 data=132f3ab38ef55e4b id=12
[2955000] MASTER 1 W_VALID_RDY Handshake beat=68 wlast=0
[2965000] MASTER 1 W_VALID_RDY Handshake beat=69 wlast=0
[2965000] AXI S0_WVALID_RDY HANDSHAKE
[2965000] S0 MEMORY WRITE beat=68 addr=0b6c3908 data=ffe7b22203198349 id=12
[2975000] AXI S0_WVALID_RDY HANDSHAKE
[2975000] S0 MEMORY WRITE beat=69 addr=0b6c3988 data=ca560e99d9b8ba6f id=12
[2975000] MASTER 1 W_VALID_RDY Handshake beat=70 wlast=0
[2985000] MASTER 1 W_VALID_RDY Handshake beat=71 wlast=0
[2985000] AXI S0_WVALID_RDY HANDSHAKE
[2985000] S0 MEMORY WRITE beat=70 addr=0b6c3a08 data=e8ae18bbe7583e33 id=12
[2995000] AXI S0_WVALID_RDY HANDSHAKE
[2995000] S0 MEMORY WRITE beat=71 addr=0b6c3a88 data=ea71c17cdd85494c id=12
[2995000] MASTER 1 W_VALID_RDY Handshake beat=72 wlast=0
[3005000] MASTER 1 W_VALID_RDY Handshake beat=73 wlast=0
[3005000] AXI S0_WVALID_RDY HANDSHAKE
[3005000] S0 MEMORY WRITE beat=72 addr=0b6c3b08 data=b73e03bbe895cadd id=12
[3015000] AXI S0_WVALID_RDY HANDSHAKE
[3015000] S0 MEMORY WRITE beat=73 addr=0b6c3b88 data=cfee091034c7d015 id=12
[3015000] MASTER 1 W_VALID_RDY Handshake beat=74 wlast=0
[3025000] MASTER 1 W_VALID_RDY Handshake beat=75 wlast=0
[3025000] AXI S0_WVALID_RDY HANDSHAKE
[3025000] S0 MEMORY WRITE beat=74 addr=0b6c3c08 data=124d19619fec1c76 id=12
[3035000] AXI S0_WVALID_RDY HANDSHAKE
[3035000] S0 MEMORY WRITE beat=75 addr=0b6c3c88 data=0881e754ba5fca8c id=12
[3035000] MASTER 1 W_VALID_RDY Handshake beat=76 wlast=0
[3045000] MASTER 1 W_VALID_RDY Handshake beat=77 wlast=0
[3045000] AXI S0_WVALID_RDY HANDSHAKE
[3045000] S0 MEMORY WRITE beat=76 addr=0b6c3d08 data=ef279aa1c98b1d1c id=12
[3055000] AXI S0_WVALID_RDY HANDSHAKE
[3055000] S0 MEMORY WRITE beat=77 addr=0b6c3d88 data=e9773993d86ff064 id=12
[3055000] MASTER 1 W_VALID_RDY Handshake beat=78 wlast=0
[3065000] MASTER 1 W_VALID_RDY Handshake beat=79 wlast=0
[3065000] AXI S0_WVALID_RDY HANDSHAKE
[3065000] S0 MEMORY WRITE beat=78 addr=0b6c3e08 data=12cfbaf18174b402 id=12
[3075000] AXI S0_WVALID_RDY HANDSHAKE
[3075000] S0 MEMORY WRITE beat=79 addr=0b6c3e88 data=caffd11ff1f920e7 id=12
[3075000] MASTER 1 W_VALID_RDY Handshake beat=80 wlast=0
[3085000] MASTER 1 W_VALID_RDY Handshake beat=81 wlast=0
[3085000] AXI S0_WVALID_RDY HANDSHAKE
[3085000] S0 MEMORY WRITE beat=80 addr=0b6c3f08 data=ca69114b81f75592 id=12
[3095000] AXI S0_WVALID_RDY HANDSHAKE
[3095000] S0 MEMORY WRITE beat=81 addr=0b6c3f88 data=036c099534770ab2 id=12
[3095000] MASTER 1 W_VALID_RDY Handshake beat=82 wlast=0
[3105000] MASTER 1 W_VALID_RDY Handshake beat=83 wlast=0
[3105000] AXI S0_WVALID_RDY HANDSHAKE
[3105000] S0 MEMORY WRITE beat=82 addr=0b6c4008 data=26702b99dd38cc3c id=12
[3115000] AXI S0_WVALID_RDY HANDSHAKE
[3115000] S0 MEMORY WRITE beat=83 addr=0b6c4088 data=df3021cfce6bdab4 id=12
[3115000] MASTER 1 W_VALID_RDY Handshake beat=84 wlast=0
[3125000] MASTER 1 W_VALID_RDY Handshake beat=85 wlast=0
[3125000] AXI S0_WVALID_RDY HANDSHAKE
[3125000] S0 MEMORY WRITE beat=84 addr=0b6c4108 data=02e2e566f0d93ce4 id=12
[3135000] AXI S0_WVALID_RDY HANDSHAKE
[3135000] S0 MEMORY WRITE beat=85 addr=0b6c4188 data=ce120921e29c2b64 id=12
[3135000] MASTER 1 W_VALID_RDY Handshake beat=86 wlast=0
[3145000] MASTER 1 W_VALID_RDY Handshake beat=87 wlast=0
[3145000] AXI S0_WVALID_RDY HANDSHAKE
[3145000] S0 MEMORY WRITE beat=86 addr=0b6c4208 data=31080618295310ff id=12
[3155000] AXI S0_WVALID_RDY HANDSHAKE
[3155000] S0 MEMORY WRITE beat=87 addr=0b6c4288 data=9a2c4de32d422af0 id=12
[3155000] MASTER 1 W_VALID_RDY Handshake beat=88 wlast=0
[3165000] MASTER 1 W_VALID_RDY Handshake beat=89 wlast=0
[3165000] AXI S0_WVALID_RDY HANDSHAKE
[3165000] S0 MEMORY WRITE beat=88 addr=0b6c4308 data=0fde565433eaeb7e id=12
[3175000] AXI S0_WVALID_RDY HANDSHAKE
[3175000] S0 MEMORY WRITE beat=89 addr=0b6c4388 data=dd3dfc7de83e5704 id=12
[3175000] MASTER 1 W_VALID_RDY Handshake beat=90 wlast=0
[3185000] MASTER 1 W_VALID_RDY Handshake beat=91 wlast=0
[3185000] AXI S0_WVALID_RDY HANDSHAKE
[3185000] S0 MEMORY WRITE beat=90 addr=0b6c4408 data=958081f4c0e65c6c id=12
[3195000] AXI S0_WVALID_RDY HANDSHAKE
[3195000] S0 MEMORY WRITE beat=91 addr=0b6c4488 data=f4d147eaf76a4a60 id=12
[3195000] MASTER 1 W_VALID_RDY Handshake beat=92 wlast=0
[3205000] MASTER 1 W_VALID_RDY Handshake beat=93 wlast=0
[3205000] AXI S0_WVALID_RDY HANDSHAKE
[3205000] S0 MEMORY WRITE beat=92 addr=0b6c4508 data=dfa8a165a55ed848 id=12
[3215000] AXI S0_WVALID_RDY HANDSHAKE
[3215000] S0 MEMORY WRITE beat=93 addr=0b6c4588 data=e64534b4d20f4467 id=12
[3215000] MASTER 1 W_VALID_RDY Handshake beat=94 wlast=0
[3225000] MASTER 1 W_VALID_RDY Handshake beat=95 wlast=0
[3225000] AXI S0_WVALID_RDY HANDSHAKE
[3225000] S0 MEMORY WRITE beat=94 addr=0b6c4608 data=c9798ec7f5292359 id=12
[3235000] AXI S0_WVALID_RDY HANDSHAKE
[3235000] S0 MEMORY WRITE beat=95 addr=0b6c4688 data=1a87fba2db167c9e id=12
[3235000] MASTER 1 W_VALID_RDY Handshake beat=96 wlast=0
[3245000] MASTER 1 W_VALID_RDY Handshake beat=97 wlast=0
[3245000] AXI S0_WVALID_RDY HANDSHAKE
[3245000] S0 MEMORY WRITE beat=96 addr=0b6c4708 data=ad25c105a922302c id=12
[3255000] AXI S0_WVALID_RDY HANDSHAKE
[3255000] S0 MEMORY WRITE beat=97 addr=0b6c4788 data=1e4b538680cd3056 id=12
[3255000] MASTER 1 W_VALID_RDY Handshake beat=98 wlast=0
[3265000] MASTER 1 W_VALID_RDY Handshake beat=99 wlast=0
[3265000] AXI S0_WVALID_RDY HANDSHAKE
[3265000] S0 MEMORY WRITE beat=98 addr=0b6c4808 data=dbe3acf5f69f4fcd id=12
[3275000] AXI S0_WVALID_RDY HANDSHAKE
[3275000] S0 MEMORY WRITE beat=99 addr=0b6c4888 data=9fc17ff938d34f28 id=12
[3275000] MASTER 1 W_VALID_RDY Handshake beat=100 wlast=0
[3285000] MASTER 1 W_VALID_RDY Handshake beat=101 wlast=0
[3285000] AXI S0_WVALID_RDY HANDSHAKE
[3285000] S0 MEMORY WRITE beat=100 addr=0b6c4908 data=b9a07f7e89096dfa id=12
[3295000] AXI S0_WVALID_RDY HANDSHAKE
[3295000] S0 MEMORY WRITE beat=101 addr=0b6c4988 data=ffa8bdc7be0cd37f id=12
[3295000] MASTER 1 W_VALID_RDY Handshake beat=102 wlast=0
[3305000] MASTER 1 W_VALID_RDY Handshake beat=103 wlast=0
[3305000] AXI S0_WVALID_RDY HANDSHAKE
[3305000] S0 MEMORY WRITE beat=102 addr=0b6c4a08 data=f6e022a795842c73 id=12
[3315000] AXI S0_WVALID_RDY HANDSHAKE
[3315000] S0 MEMORY WRITE beat=103 addr=0b6c4a88 data=1e8d9a6e1f6a3dc1 id=12
[3315000] MASTER 1 W_VALID_RDY Handshake beat=104 wlast=0
[3325000] MASTER 1 W_VALID_RDY Handshake beat=105 wlast=0
[3325000] AXI S0_WVALID_RDY HANDSHAKE
[3325000] S0 MEMORY WRITE beat=104 addr=0b6c4b08 data=dd7711403080a226 id=12
[3335000] AXI S0_WVALID_RDY HANDSHAKE
[3335000] S0 MEMORY WRITE beat=105 addr=0b6c4b88 data=c604ce999e365835 id=12
[3335000] MASTER 1 W_VALID_RDY Handshake beat=106 wlast=0
[3345000] MASTER 1 W_VALID_RDY Handshake beat=107 wlast=0
[3345000] AXI S0_WVALID_RDY HANDSHAKE
[3345000] S0 MEMORY WRITE beat=106 addr=0b6c4c08 data=bda095f6d45733e8 id=12
[3355000] AXI S0_WVALID_RDY HANDSHAKE
[3355000] S0 MEMORY WRITE beat=107 addr=0b6c4c88 data=04d7d60ee4926907 id=12
[3355000] MASTER 1 W_VALID_RDY Handshake beat=108 wlast=0
[3365000] MASTER 1 W_VALID_RDY Handshake beat=109 wlast=0
[3365000] AXI S0_WVALID_RDY HANDSHAKE
[3365000] S0 MEMORY WRITE beat=108 addr=0b6c4d08 data=02c8c13d1b17a737 id=12
[3375000] AXI S0_WVALID_RDY HANDSHAKE
[3375000] S0 MEMORY WRITE beat=109 addr=0b6c4d88 data=ef6edb1fcadca4a7 id=12
[3375000] MASTER 1 W_VALID_RDY Handshake beat=110 wlast=0
[3385000] MASTER 1 W_VALID_RDY Handshake beat=111 wlast=0
[3385000] AXI S0_WVALID_RDY HANDSHAKE
[3385000] S0 MEMORY WRITE beat=110 addr=0b6c4e08 data=2f6f0dafc0695733 id=12
[3395000] AXI S0_WVALID_RDY HANDSHAKE
[3395000] S0 MEMORY WRITE beat=111 addr=0b6c4e88 data=db80fe6af446b12d id=12
[3395000] MASTER 1 W_VALID_RDY Handshake beat=112 wlast=0
[3405000] MASTER 1 W_VALID_RDY Handshake beat=113 wlast=0
[3405000] AXI S0_WVALID_RDY HANDSHAKE
[3405000] S0 MEMORY WRITE beat=112 addr=0b6c4f08 data=bf2355d43237ceec id=12
[3415000] AXI S0_WVALID_RDY HANDSHAKE
[3415000] S0 MEMORY WRITE beat=113 addr=0b6c4f88 data=f2a1261fcaefd989 id=12
[3415000] MASTER 1 W_VALID_RDY Handshake beat=114 wlast=0
[3425000] MASTER 1 W_VALID_RDY Handshake beat=115 wlast=0
[3425000] AXI S0_WVALID_RDY HANDSHAKE
[3425000] S0 MEMORY WRITE beat=114 addr=0b6c5008 data=bf368ab6ee926383 id=12
[3435000] AXI S0_WVALID_RDY HANDSHAKE
[3435000] S0 MEMORY WRITE beat=115 addr=0b6c5088 data=a0ca326fce22248a id=12
[3435000] MASTER 1 W_VALID_RDY Handshake beat=116 wlast=0
[3445000] MASTER 1 W_VALID_RDY Handshake beat=117 wlast=0
[3445000] AXI S0_WVALID_RDY HANDSHAKE
[3445000] S0 MEMORY WRITE beat=116 addr=0b6c5108 data=9911fe13fe59e08b id=12
[3455000] AXI S0_WVALID_RDY HANDSHAKE
[3455000] S0 MEMORY WRITE beat=117 addr=0b6c5188 data=ecec440e136b588f id=12
[3455000] MASTER 1 W_VALID_RDY Handshake beat=118 wlast=0
[3465000] MASTER 1 W_VALID_RDY Handshake beat=119 wlast=0
[3465000] AXI S0_WVALID_RDY HANDSHAKE
[3465000] S0 MEMORY WRITE beat=118 addr=0b6c5208 data=e18d7d19d84888ca id=12
[3475000] AXI S0_WVALID_RDY HANDSHAKE
[3475000] S0 MEMORY WRITE beat=119 addr=0b6c5288 data=d6a269550db6767e id=12
[3475000] MASTER 1 W_VALID_RDY Handshake beat=120 wlast=0
[3485000] MASTER 1 W_VALID_RDY Handshake beat=121 wlast=0
[3485000] AXI S0_WVALID_RDY HANDSHAKE
[3485000] S0 MEMORY WRITE beat=120 addr=0b6c5308 data=2121cf0dfa9f7b2c id=12
[3495000] AXI S0_WVALID_RDY HANDSHAKE
[3495000] S0 MEMORY WRITE beat=121 addr=0b6c5388 data=d2e803f6c38ead63 id=12
[3495000] MASTER 1 W_VALID_RDY Handshake beat=122 wlast=0
[3505000] MASTER 1 W_VALID_RDY Handshake beat=123 wlast=0
[3505000] AXI S0_WVALID_RDY HANDSHAKE
[3505000] S0 MEMORY WRITE beat=122 addr=0b6c5408 data=d14523e102af4c26 id=12
[3515000] AXI S0_WVALID_RDY HANDSHAKE
[3515000] S0 MEMORY WRITE beat=123 addr=0b6c5488 data=fd4ec752a98a6d4b id=12
[3515000] MASTER 1 W_VALID_RDY Handshake beat=124 wlast=0
[3525000] MASTER 1 W_VALID_RDY Handshake beat=125 wlast=0
[3525000] AXI S0_WVALID_RDY HANDSHAKE
[3525000] S0 MEMORY WRITE beat=124 addr=0b6c5508 data=ed191aaff266f2ee id=12
[3535000] AXI S0_WVALID_RDY HANDSHAKE
[3535000] S0 MEMORY WRITE beat=125 addr=0b6c5588 data=f5163f14d036cb49 id=12
[3535000] MASTER 1 W_VALID_RDY Handshake beat=126 wlast=0
[3545000] MASTER 1 W_VALID_RDY Handshake beat=127 wlast=0
[3545000] AXI S0_WVALID_RDY HANDSHAKE
[3545000] S0 MEMORY WRITE beat=126 addr=0b6c5608 data=f9c13894be5e3e90 id=12
[3555000] AXI S0_WVALID_RDY HANDSHAKE
[3555000] S0 MEMORY WRITE beat=127 addr=0b6c5688 data=30c5317ff2650667 id=12
[3555000] MASTER 1 W_VALID_RDY Handshake beat=128 wlast=0
[3565000] MASTER 1 W_VALID_RDY Handshake beat=129 wlast=0
[3565000] AXI S0_WVALID_RDY HANDSHAKE
[3565000] S0 MEMORY WRITE beat=128 addr=0b6c5708 data=c29bd1b0e6da5343 id=12
[3575000] AXI S0_WVALID_RDY HANDSHAKE
[3575000] S0 MEMORY WRITE beat=129 addr=0b6c5788 data=253891d4a5db7093 id=12
[3575000] MASTER 1 W_VALID_RDY Handshake beat=130 wlast=0
[3585000] MASTER 1 W_VALID_RDY Handshake beat=131 wlast=0
[3585000] AXI S0_WVALID_RDY HANDSHAKE
[3585000] S0 MEMORY WRITE beat=130 addr=0b6c5808 data=984076fabc5d0a44 id=12
[3595000] AXI S0_WVALID_RDY HANDSHAKE
[3595000] S0 MEMORY WRITE beat=131 addr=0b6c5888 data=23375d88d5fdc353 id=12
[3595000] MASTER 1 W_VALID_RDY Handshake beat=132 wlast=0
[3605000] MASTER 1 W_VALID_RDY Handshake beat=133 wlast=0
[3605000] AXI S0_WVALID_RDY HANDSHAKE
[3605000] S0 MEMORY WRITE beat=132 addr=0b6c5908 data=fbd933e6dadc48aa id=12
[3615000] AXI S0_WVALID_RDY HANDSHAKE
[3615000] S0 MEMORY WRITE beat=133 addr=0b6c5988 data=173952efc86fef5c id=12
[3615000] MASTER 1 W_VALID_RDY Handshake beat=134 wlast=0
[3625000] MASTER 1 W_VALID_RDY Handshake beat=135 wlast=0
[3625000] AXI S0_WVALID_RDY HANDSHAKE
[3625000] S0 MEMORY WRITE beat=134 addr=0b6c5a08 data=1e6db2af1419aae1 id=12
[3635000] AXI S0_WVALID_RDY HANDSHAKE
[3635000] S0 MEMORY WRITE beat=135 addr=0b6c5a88 data=eef5f38b3a70b077 id=12
[3635000] MASTER 1 W_VALID_RDY Handshake beat=136 wlast=0
[3645000] MASTER 1 W_VALID_RDY Handshake beat=137 wlast=0
[3645000] AXI S0_WVALID_RDY HANDSHAKE
[3645000] S0 MEMORY WRITE beat=136 addr=0b6c5b08 data=02e09fd39a46e695 id=12
[3655000] AXI S0_WVALID_RDY HANDSHAKE
[3655000] S0 MEMORY WRITE beat=137 addr=0b6c5b88 data=ae609176862f467a id=12
[3655000] MASTER 1 W_VALID_RDY Handshake beat=138 wlast=1
[3655000] MASTER_DRIVER1 received transaction, op=AXI_READ
[3665000] AXI S0_WVALID_RDY HANDSHAKE
[3665000] S0 MEMORY WRITE beat=138 addr=0b6c5c08 data=c09ff6f1214e5282 id=12
[3675000] SLAVE0 sent B resp, id=2
[3675000] [SLAVE MONITOR] mst_id=1 s_id=0 awaddr=b6c1708 awid=10 awlen=138 awsize=7 awburst=1 wdata=[3de62c05d13c01cf c13e5610e57bdf43 ee2147a0d4593c8f a5953e5e8b824fd8 f0fe2f1c2c0773a5 8060b034e6d3946e f255e447df1f76bc b26ea6125f5ee93 8cc98301e3541363 c2738a1f8b879a95 b17d8928ff1f6748 e2737aabcd9a7480 d9220f153e470c2a bd667372a4e704ca f281794a0a9f983e c8e6a4681fd9ee1e c4c0f2e8cba38860 d643209e864d17da a62705f837426c33 2e5f4931f29c506 a576dce0eae7f8e1 222a6514d9291531 f852da37cb9de2d9 3685dbba251059a7 fe396ed89dc9b717 e96799f0d8b040ce fdc09a75f68c490f 945600269fed75aa f89db678fbfa094d f286525cfdbd9a17 9dab0fc1f65e50ed f2585a3a86dc5282 8499ec991648c63a 8ca71727e4deac96 ebbaff192244fc5b 388dc295feff7162 e3de1df8f054ebb2 9299e80dc534d9bc c4344b1ecf991d11 3fee08c4cb27aaa2 105c845f28126917 f7ab8628d287f0d1 1daf9b74d490cf7d fca33894b7998eec a217fbe2e0c1fd3 829cef50f44ebebd abe84da927d11b32 d5dd3b05ff4027e5 f38ee6a2b609cd67 dddae899d87a2a55 d7ba523a9f77344b d58101b3b3b8239e c324df4cb4938dc eac06d28b35bea4c e7140debe3eca02e 2f35d90bc0416edb f39d5927f3465bdf d732fc0d19f64633 da37b50edab16712 cdf7c2f18668d518 a05f1b4bcdd50e35 28867548252abeff ab939417fa96d059 c86bde8ff67e3839 9ba8f738cbf2af63 c6897fbcf0f253d7 e7708c10c73c8b50 132f3ab38ef55e4b ffe7b22203198349 ca560e99d9b8ba6f e8ae18bbe7583e33 ea71c17cdd85494c b73e03bbe895cadd cfee091034c7d015 124d19619fec1c76 881e754ba5fca8c ef279aa1c98b1d1c e9773993d86ff064 12cfbaf18174b402 caffd11ff1f920e7 ca69114b81f75592 36c099534770ab2 26702b99dd38cc3c df3021cfce6bdab4 2e2e566f0d93ce4 ce120921e29c2b64 31080618295310ff 9a2c4de32d422af0 fde565433eaeb7e dd3dfc7de83e5704 958081f4c0e65c6c f4d147eaf76a4a60 dfa8a165a55ed848 e64534b4d20f4467 c9798ec7f5292359 1a87fba2db167c9e ad25c105a922302c 1e4b538680cd3056 dbe3acf5f69f4fcd 9fc17ff938d34f28 b9a07f7e89096dfa ffa8bdc7be0cd37f f6e022a795842c73 1e8d9a6e1f6a3dc1 dd7711403080a226 c604ce999e365835 bda095f6d45733e8 4d7d60ee4926907 2c8c13d1b17a737 ef6edb1fcadca4a7 2f6f0dafc0695733 db80fe6af446b12d bf2355d43237ceec f2a1261fcaefd989 bf368ab6ee926383 a0ca326fce22248a 9911fe13fe59e08b ecec440e136b588f e18d7d19d84888ca d6a269550db6767e 2121cf0dfa9f7b2c d2e803f6c38ead63 d14523e102af4c26 fd4ec752a98a6d4b ed191aaff266f2ee f5163f14d036cb49 f9c13894be5e3e90 30c5317ff2650667 c29bd1b0e6da5343 253891d4a5db7093 984076fabc5d0a44 23375d88d5fdc353 fbd933e6dadc48aa 173952efc86fef5c 1e6db2af1419aae1 eef5f38b3a70b077 2e09fd39a46e695 ae609176862f467a c09ff6f1214e5282 ] wstrb=[2 17 c4 7c 8e 46 6e 90 5e 32 c ec 79 7a 7c d7 ad 88 c3 26 3 3f fd b0 c7 c0 d6 ca ff d3 7a c6 93 50 91 92 23 b 58 b6 5c e9 48 7f f5 a1 36 51 8a 7e d0 7f 1f 6 d0 aa 85 a1 29 a4 a7 fa 4e 2c 9b 78 d1 42 72 1f 6f d 97 40 4f 9 5f be 16 f7 fe 66 0 5e 24 17 55 23 7d 55 81 a1 6c d6 c4 e9 2b 45 8b 98 1b 4f 81 47 95 c df b0 5c 60 f7 f1 6d d6 a1 c9 37 99 ba a4 6f 5b 6d a6 f4 27 4a 64 82 b7 a 77 de 55 db 61 c e5 d8 ] bresp=0 bid=10010
[3685000] ARB MONITOR: slave=0 m0_req=0 m1_req=1 winner=1
[3685000] AXI S0_ARVALID_RDY HANDSHAKE
[3685000] MEMORY READ MISS beat=0 addr=e519430 -> default data id=18
[3695000] MEMORY READ MISS beat=1 addr=e519438 -> default data id=18
[3695000] SLAVE 0 R_VALID_RDY Handshake beat=0 rlast=0
[3695000] MASTER 1 B_VALID_RDY Handshake
[3695000] [MASTER MONITOR] mst_id=1 s_id=0 awaddr=b6c1708 awid=10 awlen=138 awsize=7 awburst=1 wdata=[3de62c05d13c01cf c13e5610e57bdf43 ee2147a0d4593c8f a5953e5e8b824fd8 f0fe2f1c2c0773a5 8060b034e6d3946e f255e447df1f76bc b26ea6125f5ee93 8cc98301e3541363 c2738a1f8b879a95 b17d8928ff1f6748 e2737aabcd9a7480 d9220f153e470c2a bd667372a4e704ca f281794a0a9f983e c8e6a4681fd9ee1e c4c0f2e8cba38860 d643209e864d17da a62705f837426c33 2e5f4931f29c506 a576dce0eae7f8e1 222a6514d9291531 f852da37cb9de2d9 3685dbba251059a7 fe396ed89dc9b717 e96799f0d8b040ce fdc09a75f68c490f 945600269fed75aa f89db678fbfa094d f286525cfdbd9a17 9dab0fc1f65e50ed f2585a3a86dc5282 8499ec991648c63a 8ca71727e4deac96 ebbaff192244fc5b 388dc295feff7162 e3de1df8f054ebb2 9299e80dc534d9bc c4344b1ecf991d11 3fee08c4cb27aaa2 105c845f28126917 f7ab8628d287f0d1 1daf9b74d490cf7d fca33894b7998eec a217fbe2e0c1fd3 829cef50f44ebebd abe84da927d11b32 d5dd3b05ff4027e5 f38ee6a2b609cd67 dddae899d87a2a55 d7ba523a9f77344b d58101b3b3b8239e c324df4cb4938dc eac06d28b35bea4c e7140debe3eca02e 2f35d90bc0416edb f39d5927f3465bdf d732fc0d19f64633 da37b50edab16712 cdf7c2f18668d518 a05f1b4bcdd50e35 28867548252abeff ab939417fa96d059 c86bde8ff67e3839 9ba8f738cbf2af63 c6897fbcf0f253d7 e7708c10c73c8b50 132f3ab38ef55e4b ffe7b22203198349 ca560e99d9b8ba6f e8ae18bbe7583e33 ea71c17cdd85494c b73e03bbe895cadd cfee091034c7d015 124d19619fec1c76 881e754ba5fca8c ef279aa1c98b1d1c e9773993d86ff064 12cfbaf18174b402 caffd11ff1f920e7 ca69114b81f75592 36c099534770ab2 26702b99dd38cc3c df3021cfce6bdab4 2e2e566f0d93ce4 ce120921e29c2b64 31080618295310ff 9a2c4de32d422af0 fde565433eaeb7e dd3dfc7de83e5704 958081f4c0e65c6c f4d147eaf76a4a60 dfa8a165a55ed848 e64534b4d20f4467 c9798ec7f5292359 1a87fba2db167c9e ad25c105a922302c 1e4b538680cd3056 dbe3acf5f69f4fcd 9fc17ff938d34f28 b9a07f7e89096dfa ffa8bdc7be0cd37f f6e022a795842c73 1e8d9a6e1f6a3dc1 dd7711403080a226 c604ce999e365835 bda095f6d45733e8 4d7d60ee4926907 2c8c13d1b17a737 ef6edb1fcadca4a7 2f6f0dafc0695733 db80fe6af446b12d bf2355d43237ceec f2a1261fcaefd989 bf368ab6ee926383 a0ca326fce22248a 9911fe13fe59e08b ecec440e136b588f e18d7d19d84888ca d6a269550db6767e 2121cf0dfa9f7b2c d2e803f6c38ead63 d14523e102af4c26 fd4ec752a98a6d4b ed191aaff266f2ee f5163f14d036cb49 f9c13894be5e3e90 30c5317ff2650667 c29bd1b0e6da5343 253891d4a5db7093 984076fabc5d0a44 23375d88d5fdc353 fbd933e6dadc48aa 173952efc86fef5c 1e6db2af1419aae1 eef5f38b3a70b077 2e09fd39a46e695 ae609176862f467a c09ff6f1214e5282 ] wstrb=[2 17 c4 7c 8e 46 6e 90 5e 32 c ec 79 7a 7c d7 ad 88 c3 26 3 3f fd b0 c7 c0 d6 ca ff d3 7a c6 93 50 91 92 23 b 58 b6 5c e9 48 7f f5 a1 36 51 8a 7e d0 7f 1f 6 d0 aa 85 a1 29 a4 a7 fa 4e 2c 9b 78 d1 42 72 1f 6f d 97 40 4f 9 5f be 16 f7 fe 66 0 5e 24 17 55 23 7d 55 81 a1 6c d6 c4 e9 2b 45 8b 98 1b 4f 81 47 95 c df b0 5c 60 f7 f1 6d d6 a1 c9 37 99 ba a4 6f 5b 6d a6 f4 27 4a 64 82 b7 a 77 de 55 db 61 c e5 d8 ] bresp=0 bid=10
[3695000] MASTER 1 RECEIVED BRESP. BRESP=0
[3695000] [MASTER DRIVER] mst_id=1 s_id=0 awaddr=b6c1708 awid=10 awlen=138 awsize=7 awburst=1 wdata=[3de62c05d13c01cf c13e5610e57bdf43 ee2147a0d4593c8f a5953e5e8b824fd8 f0fe2f1c2c0773a5 8060b034e6d3946e f255e447df1f76bc b26ea6125f5ee93 8cc98301e3541363 c2738a1f8b879a95 b17d8928ff1f6748 e2737aabcd9a7480 d9220f153e470c2a bd667372a4e704ca f281794a0a9f983e c8e6a4681fd9ee1e c4c0f2e8cba38860 d643209e864d17da a62705f837426c33 2e5f4931f29c506 a576dce0eae7f8e1 222a6514d9291531 f852da37cb9de2d9 3685dbba251059a7 fe396ed89dc9b717 e96799f0d8b040ce fdc09a75f68c490f 945600269fed75aa f89db678fbfa094d f286525cfdbd9a17 9dab0fc1f65e50ed f2585a3a86dc5282 8499ec991648c63a 8ca71727e4deac96 ebbaff192244fc5b 388dc295feff7162 e3de1df8f054ebb2 9299e80dc534d9bc c4344b1ecf991d11 3fee08c4cb27aaa2 105c845f28126917 f7ab8628d287f0d1 1daf9b74d490cf7d fca33894b7998eec a217fbe2e0c1fd3 829cef50f44ebebd abe84da927d11b32 d5dd3b05ff4027e5 f38ee6a2b609cd67 dddae899d87a2a55 d7ba523a9f77344b d58101b3b3b8239e c324df4cb4938dc eac06d28b35bea4c e7140debe3eca02e 2f35d90bc0416edb f39d5927f3465bdf d732fc0d19f64633 da37b50edab16712 cdf7c2f18668d518 a05f1b4bcdd50e35 28867548252abeff ab939417fa96d059 c86bde8ff67e3839 9ba8f738cbf2af63 c6897fbcf0f253d7 e7708c10c73c8b50 132f3ab38ef55e4b ffe7b22203198349 ca560e99d9b8ba6f e8ae18bbe7583e33 ea71c17cdd85494c b73e03bbe895cadd cfee091034c7d015 124d19619fec1c76 881e754ba5fca8c ef279aa1c98b1d1c e9773993d86ff064 12cfbaf18174b402 caffd11ff1f920e7 ca69114b81f75592 36c099534770ab2 26702b99dd38cc3c df3021cfce6bdab4 2e2e566f0d93ce4 ce120921e29c2b64 31080618295310ff 9a2c4de32d422af0 fde565433eaeb7e dd3dfc7de83e5704 958081f4c0e65c6c f4d147eaf76a4a60 dfa8a165a55ed848 e64534b4d20f4467 c9798ec7f5292359 1a87fba2db167c9e ad25c105a922302c 1e4b538680cd3056 dbe3acf5f69f4fcd 9fc17ff938d34f28 b9a07f7e89096dfa ffa8bdc7be0cd37f f6e022a795842c73 1e8d9a6e1f6a3dc1 dd7711403080a226 c604ce999e365835 bda095f6d45733e8 4d7d60ee4926907 2c8c13d1b17a737 ef6edb1fcadca4a7 2f6f0dafc0695733 db80fe6af446b12d bf2355d43237ceec f2a1261fcaefd989 bf368ab6ee926383 a0ca326fce22248a 9911fe13fe59e08b ecec440e136b588f e18d7d19d84888ca d6a269550db6767e 2121cf0dfa9f7b2c d2e803f6c38ead63 d14523e102af4c26 fd4ec752a98a6d4b ed191aaff266f2ee f5163f14d036cb49 f9c13894be5e3e90 30c5317ff2650667 c29bd1b0e6da5343 253891d4a5db7093 984076fabc5d0a44 23375d88d5fdc353 fbd933e6dadc48aa 173952efc86fef5c 1e6db2af1419aae1 eef5f38b3a70b077 2e09fd39a46e695 ae609176862f467a c09ff6f1214e5282 ] wstrb=[2 17 c4 7c 8e 46 6e 90 5e 32 c ec 79 7a 7c d7 ad 88 c3 26 3 3f fd b0 c7 c0 d6 ca ff d3 7a c6 93 50 91 92 23 b 58 b6 5c e9 48 7f f5 a1 36 51 8a 7e d0 7f 1f 6 d0 aa 85 a1 29 a4 a7 fa 4e 2c 9b 78 d1 42 72 1f 6f d 97 40 4f 9 5f be 16 f7 fe 66 0 5e 24 17 55 23 7d 55 81 a1 6c d6 c4 e9 2b 45 8b 98 1b 4f 81 47 95 c df b0 5c 60 f7 f1 6d d6 a1 c9 37 99 ba a4 6f 5b 6d a6 f4 27 4a 64 82 b7 a 77 de 55 db 61 c e5 d8 ] bresp=0 bid=10
[3695000] SCOREBOARD MATCH: decode_err expected = 0, actual =0
[3695000] SCOREBOARD MATCH: slave_id expected = 0, actual =0
[3695000] SCOREBOARD MATCH: awaddr passthrough expected = b6c1708, actual =b6c1708
[3695000] SCOREBOARD MATCH: awlen passthrough expected = 138, actual =138
[3695000] SCOREBOARD MATCH: awsize passthrough expected = 7, actual =7
[3695000] SCOREBOARD MATCH: awburst passthrough expected = 1, actual =1
[3695000] SCOREBOARD MATCH: wdata size check expected = 8b, actual =8b
[3695000] SCOREBOARD MATCH: wdata passthrough beat=0 expected = 3de62c05d13c01cf, actual =3de62c05d13c01cf
[3695000] SCOREBOARD MATCH: wdata passthrough beat=1 expected = c13e5610e57bdf43, actual =c13e5610e57bdf43
[3695000] SCOREBOARD MATCH: wdata passthrough beat=2 expected = ee2147a0d4593c8f, actual =ee2147a0d4593c8f
[3695000] SCOREBOARD MATCH: wdata passthrough beat=3 expected = a5953e5e8b824fd8, actual =a5953e5e8b824fd8
[3695000] SCOREBOARD MATCH: wdata passthrough beat=4 expected = f0fe2f1c2c0773a5, actual =f0fe2f1c2c0773a5
[3695000] SCOREBOARD MATCH: wdata passthrough beat=5 expected = 8060b034e6d3946e, actual =8060b034e6d3946e
[3695000] SCOREBOARD MATCH: wdata passthrough beat=6 expected = f255e447df1f76bc, actual =f255e447df1f76bc
[3695000] SCOREBOARD MATCH: wdata passthrough beat=7 expected = b26ea6125f5ee93, actual =b26ea6125f5ee93
[3695000] SCOREBOARD MATCH: wdata passthrough beat=8 expected = 8cc98301e3541363, actual =8cc98301e3541363
[3695000] SCOREBOARD MATCH: wdata passthrough beat=9 expected = c2738a1f8b879a95, actual =c2738a1f8b879a95
[3695000] SCOREBOARD MATCH: wdata passthrough beat=10 expected = b17d8928ff1f6748, actual =b17d8928ff1f6748
[3695000] SCOREBOARD MATCH: wdata passthrough beat=11 expected = e2737aabcd9a7480, actual =e2737aabcd9a7480
[3695000] SCOREBOARD MATCH: wdata passthrough beat=12 expected = d9220f153e470c2a, actual =d9220f153e470c2a
[3695000] SCOREBOARD MATCH: wdata passthrough beat=13 expected = bd667372a4e704ca, actual =bd667372a4e704ca
[3695000] SCOREBOARD MATCH: wdata passthrough beat=14 expected = f281794a0a9f983e, actual =f281794a0a9f983e
[3695000] SCOREBOARD MATCH: wdata passthrough beat=15 expected = c8e6a4681fd9ee1e, actual =c8e6a4681fd9ee1e
[3695000] SCOREBOARD MATCH: wdata passthrough beat=16 expected = c4c0f2e8cba38860, actual =c4c0f2e8cba38860
[3695000] SCOREBOARD MATCH: wdata passthrough beat=17 expected = d643209e864d17da, actual =d643209e864d17da
[3695000] SCOREBOARD MATCH: wdata passthrough beat=18 expected = a62705f837426c33, actual =a62705f837426c33
[3695000] SCOREBOARD MATCH: wdata passthrough beat=19 expected = 2e5f4931f29c506, actual =2e5f4931f29c506
[3695000] SCOREBOARD MATCH: wdata passthrough beat=20 expected = a576dce0eae7f8e1, actual =a576dce0eae7f8e1
[3695000] SCOREBOARD MATCH: wdata passthrough beat=21 expected = 222a6514d9291531, actual =222a6514d9291531
[3695000] SCOREBOARD MATCH: wdata passthrough beat=22 expected = f852da37cb9de2d9, actual =f852da37cb9de2d9
[3695000] SCOREBOARD MATCH: wdata passthrough beat=23 expected = 3685dbba251059a7, actual =3685dbba251059a7
[3695000] SCOREBOARD MATCH: wdata passthrough beat=24 expected = fe396ed89dc9b717, actual =fe396ed89dc9b717
[3695000] SCOREBOARD MATCH: wdata passthrough beat=25 expected = e96799f0d8b040ce, actual =e96799f0d8b040ce
[3695000] SCOREBOARD MATCH: wdata passthrough beat=26 expected = fdc09a75f68c490f, actual =fdc09a75f68c490f
[3695000] SCOREBOARD MATCH: wdata passthrough beat=27 expected = 945600269fed75aa, actual =945600269fed75aa
[3695000] SCOREBOARD MATCH: wdata passthrough beat=28 expected = f89db678fbfa094d, actual =f89db678fbfa094d
[3695000] SCOREBOARD MATCH: wdata passthrough beat=29 expected = f286525cfdbd9a17, actual =f286525cfdbd9a17
[3695000] SCOREBOARD MATCH: wdata passthrough beat=30 expected = 9dab0fc1f65e50ed, actual =9dab0fc1f65e50ed
[3695000] SCOREBOARD MATCH: wdata passthrough beat=31 expected = f2585a3a86dc5282, actual =f2585a3a86dc5282
[3695000] SCOREBOARD MATCH: wdata passthrough beat=32 expected = 8499ec991648c63a, actual =8499ec991648c63a
[3695000] SCOREBOARD MATCH: wdata passthrough beat=33 expected = 8ca71727e4deac96, actual =8ca71727e4deac96
[3695000] SCOREBOARD MATCH: wdata passthrough beat=34 expected = ebbaff192244fc5b, actual =ebbaff192244fc5b
[3695000] SCOREBOARD MATCH: wdata passthrough beat=35 expected = 388dc295feff7162, actual =388dc295feff7162
[3695000] SCOREBOARD MATCH: wdata passthrough beat=36 expected = e3de1df8f054ebb2, actual =e3de1df8f054ebb2
[3695000] SCOREBOARD MATCH: wdata passthrough beat=37 expected = 9299e80dc534d9bc, actual =9299e80dc534d9bc
[3695000] SCOREBOARD MATCH: wdata passthrough beat=38 expected = c4344b1ecf991d11, actual =c4344b1ecf991d11
[3695000] SCOREBOARD MATCH: wdata passthrough beat=39 expected = 3fee08c4cb27aaa2, actual =3fee08c4cb27aaa2
[3695000] SCOREBOARD MATCH: wdata passthrough beat=40 expected = 105c845f28126917, actual =105c845f28126917
[3695000] SCOREBOARD MATCH: wdata passthrough beat=41 expected = f7ab8628d287f0d1, actual =f7ab8628d287f0d1
[3695000] SCOREBOARD MATCH: wdata passthrough beat=42 expected = 1daf9b74d490cf7d, actual =1daf9b74d490cf7d
[3695000] SCOREBOARD MATCH: wdata passthrough beat=43 expected = fca33894b7998eec, actual =fca33894b7998eec
[3695000] SCOREBOARD MATCH: wdata passthrough beat=44 expected = a217fbe2e0c1fd3, actual =a217fbe2e0c1fd3
[3695000] SCOREBOARD MATCH: wdata passthrough beat=45 expected = 829cef50f44ebebd, actual =829cef50f44ebebd
[3695000] SCOREBOARD MATCH: wdata passthrough beat=46 expected = abe84da927d11b32, actual =abe84da927d11b32
[3695000] SCOREBOARD MATCH: wdata passthrough beat=47 expected = d5dd3b05ff4027e5, actual =d5dd3b05ff4027e5
[3695000] SCOREBOARD MATCH: wdata passthrough beat=48 expected = f38ee6a2b609cd67, actual =f38ee6a2b609cd67
[3695000] SCOREBOARD MATCH: wdata passthrough beat=49 expected = dddae899d87a2a55, actual =dddae899d87a2a55
[3695000] SCOREBOARD MATCH: wdata passthrough beat=50 expected = d7ba523a9f77344b, actual =d7ba523a9f77344b
[3695000] SCOREBOARD MATCH: wdata passthrough beat=51 expected = d58101b3b3b8239e, actual =d58101b3b3b8239e
[3695000] SCOREBOARD MATCH: wdata passthrough beat=52 expected = c324df4cb4938dc, actual =c324df4cb4938dc
[3695000] SCOREBOARD MATCH: wdata passthrough beat=53 expected = eac06d28b35bea4c, actual =eac06d28b35bea4c
[3695000] SCOREBOARD MATCH: wdata passthrough beat=54 expected = e7140debe3eca02e, actual =e7140debe3eca02e
[3695000] SCOREBOARD MATCH: wdata passthrough beat=55 expected = 2f35d90bc0416edb, actual =2f35d90bc0416edb
[3695000] SCOREBOARD MATCH: wdata passthrough beat=56 expected = f39d5927f3465bdf, actual =f39d5927f3465bdf
[3695000] SCOREBOARD MATCH: wdata passthrough beat=57 expected = d732fc0d19f64633, actual =d732fc0d19f64633
[3695000] SCOREBOARD MATCH: wdata passthrough beat=58 expected = da37b50edab16712, actual =da37b50edab16712
[3695000] SCOREBOARD MATCH: wdata passthrough beat=59 expected = cdf7c2f18668d518, actual =cdf7c2f18668d518
[3695000] SCOREBOARD MATCH: wdata passthrough beat=60 expected = a05f1b4bcdd50e35, actual =a05f1b4bcdd50e35
[3695000] SCOREBOARD MATCH: wdata passthrough beat=61 expected = 28867548252abeff, actual =28867548252abeff
[3695000] SCOREBOARD MATCH: wdata passthrough beat=62 expected = ab939417fa96d059, actual =ab939417fa96d059
[3695000] SCOREBOARD MATCH: wdata passthrough beat=63 expected = c86bde8ff67e3839, actual =c86bde8ff67e3839
[3695000] SCOREBOARD MATCH: wdata passthrough beat=64 expected = 9ba8f738cbf2af63, actual =9ba8f738cbf2af63
[3695000] SCOREBOARD MATCH: wdata passthrough beat=65 expected = c6897fbcf0f253d7, actual =c6897fbcf0f253d7
[3695000] SCOREBOARD MATCH: wdata passthrough beat=66 expected = e7708c10c73c8b50, actual =e7708c10c73c8b50
[3695000] SCOREBOARD MATCH: wdata passthrough beat=67 expected = 132f3ab38ef55e4b, actual =132f3ab38ef55e4b
[3695000] SCOREBOARD MATCH: wdata passthrough beat=68 expected = ffe7b22203198349, actual =ffe7b22203198349
[3695000] SCOREBOARD MATCH: wdata passthrough beat=69 expected = ca560e99d9b8ba6f, actual =ca560e99d9b8ba6f
[3695000] SCOREBOARD MATCH: wdata passthrough beat=70 expected = e8ae18bbe7583e33, actual =e8ae18bbe7583e33
[3695000] SCOREBOARD MATCH: wdata passthrough beat=71 expected = ea71c17cdd85494c, actual =ea71c17cdd85494c
[3695000] SCOREBOARD MATCH: wdata passthrough beat=72 expected = b73e03bbe895cadd, actual =b73e03bbe895cadd
[3695000] SCOREBOARD MATCH: wdata passthrough beat=73 expected = cfee091034c7d015, actual =cfee091034c7d015
[3695000] SCOREBOARD MATCH: wdata passthrough beat=74 expected = 124d19619fec1c76, actual =124d19619fec1c76
[3695000] SCOREBOARD MATCH: wdata passthrough beat=75 expected = 881e754ba5fca8c, actual =881e754ba5fca8c
[3695000] SCOREBOARD MATCH: wdata passthrough beat=76 expected = ef279aa1c98b1d1c, actual =ef279aa1c98b1d1c
[3695000] SCOREBOARD MATCH: wdata passthrough beat=77 expected = e9773993d86ff064, actual =e9773993d86ff064
[3695000] SCOREBOARD MATCH: wdata passthrough beat=78 expected = 12cfbaf18174b402, actual =12cfbaf18174b402
[3695000] SCOREBOARD MATCH: wdata passthrough beat=79 expected = caffd11ff1f920e7, actual =caffd11ff1f920e7
[3695000] SCOREBOARD MATCH: wdata passthrough beat=80 expected = ca69114b81f75592, actual =ca69114b81f75592
[3695000] SCOREBOARD MATCH: wdata passthrough beat=81 expected = 36c099534770ab2, actual =36c099534770ab2
[3695000] SCOREBOARD MATCH: wdata passthrough beat=82 expected = 26702b99dd38cc3c, actual =26702b99dd38cc3c
[3695000] SCOREBOARD MATCH: wdata passthrough beat=83 expected = df3021cfce6bdab4, actual =df3021cfce6bdab4
[3695000] SCOREBOARD MATCH: wdata passthrough beat=84 expected = 2e2e566f0d93ce4, actual =2e2e566f0d93ce4
[3695000] SCOREBOARD MATCH: wdata passthrough beat=85 expected = ce120921e29c2b64, actual =ce120921e29c2b64
[3695000] SCOREBOARD MATCH: wdata passthrough beat=86 expected = 31080618295310ff, actual =31080618295310ff
[3695000] SCOREBOARD MATCH: wdata passthrough beat=87 expected = 9a2c4de32d422af0, actual =9a2c4de32d422af0
[3695000] SCOREBOARD MATCH: wdata passthrough beat=88 expected = fde565433eaeb7e, actual =fde565433eaeb7e
[3695000] SCOREBOARD MATCH: wdata passthrough beat=89 expected = dd3dfc7de83e5704, actual =dd3dfc7de83e5704
[3695000] SCOREBOARD MATCH: wdata passthrough beat=90 expected = 958081f4c0e65c6c, actual =958081f4c0e65c6c
[3695000] SCOREBOARD MATCH: wdata passthrough beat=91 expected = f4d147eaf76a4a60, actual =f4d147eaf76a4a60
[3695000] SCOREBOARD MATCH: wdata passthrough beat=92 expected = dfa8a165a55ed848, actual =dfa8a165a55ed848
[3695000] SCOREBOARD MATCH: wdata passthrough beat=93 expected = e64534b4d20f4467, actual =e64534b4d20f4467
[3695000] SCOREBOARD MATCH: wdata passthrough beat=94 expected = c9798ec7f5292359, actual =c9798ec7f5292359
[3695000] SCOREBOARD MATCH: wdata passthrough beat=95 expected = 1a87fba2db167c9e, actual =1a87fba2db167c9e
[3695000] SCOREBOARD MATCH: wdata passthrough beat=96 expected = ad25c105a922302c, actual =ad25c105a922302c
[3695000] SCOREBOARD MATCH: wdata passthrough beat=97 expected = 1e4b538680cd3056, actual =1e4b538680cd3056
[3695000] SCOREBOARD MATCH: wdata passthrough beat=98 expected = dbe3acf5f69f4fcd, actual =dbe3acf5f69f4fcd
[3695000] SCOREBOARD MATCH: wdata passthrough beat=99 expected = 9fc17ff938d34f28, actual =9fc17ff938d34f28
[3695000] SCOREBOARD MATCH: wdata passthrough beat=100 expected = b9a07f7e89096dfa, actual =b9a07f7e89096dfa
[3695000] SCOREBOARD MATCH: wdata passthrough beat=101 expected = ffa8bdc7be0cd37f, actual =ffa8bdc7be0cd37f
[3695000] SCOREBOARD MATCH: wdata passthrough beat=102 expected = f6e022a795842c73, actual =f6e022a795842c73
[3695000] SCOREBOARD MATCH: wdata passthrough beat=103 expected = 1e8d9a6e1f6a3dc1, actual =1e8d9a6e1f6a3dc1
[3695000] SCOREBOARD MATCH: wdata passthrough beat=104 expected = dd7711403080a226, actual =dd7711403080a226
[3695000] SCOREBOARD MATCH: wdata passthrough beat=105 expected = c604ce999e365835, actual =c604ce999e365835
[3695000] SCOREBOARD MATCH: wdata passthrough beat=106 expected = bda095f6d45733e8, actual =bda095f6d45733e8
[3695000] SCOREBOARD MATCH: wdata passthrough beat=107 expected = 4d7d60ee4926907, actual =4d7d60ee4926907
[3695000] SCOREBOARD MATCH: wdata passthrough beat=108 expected = 2c8c13d1b17a737, actual =2c8c13d1b17a737
[3695000] SCOREBOARD MATCH: wdata passthrough beat=109 expected = ef6edb1fcadca4a7, actual =ef6edb1fcadca4a7
[3695000] SCOREBOARD MATCH: wdata passthrough beat=110 expected = 2f6f0dafc0695733, actual =2f6f0dafc0695733
[3695000] SCOREBOARD MATCH: wdata passthrough beat=111 expected = db80fe6af446b12d, actual =db80fe6af446b12d
[3695000] SCOREBOARD MATCH: wdata passthrough beat=112 expected = bf2355d43237ceec, actual =bf2355d43237ceec
[3695000] SCOREBOARD MATCH: wdata passthrough beat=113 expected = f2a1261fcaefd989, actual =f2a1261fcaefd989
[3695000] SCOREBOARD MATCH: wdata passthrough beat=114 expected = bf368ab6ee926383, actual =bf368ab6ee926383
[3695000] SCOREBOARD MATCH: wdata passthrough beat=115 expected = a0ca326fce22248a, actual =a0ca326fce22248a
[3695000] SCOREBOARD MATCH: wdata passthrough beat=116 expected = 9911fe13fe59e08b, actual =9911fe13fe59e08b
[3695000] SCOREBOARD MATCH: wdata passthrough beat=117 expected = ecec440e136b588f, actual =ecec440e136b588f
[3695000] SCOREBOARD MATCH: wdata passthrough beat=118 expected = e18d7d19d84888ca, actual =e18d7d19d84888ca
[3695000] SCOREBOARD MATCH: wdata passthrough beat=119 expected = d6a269550db6767e, actual =d6a269550db6767e
[3695000] SCOREBOARD MATCH: wdata passthrough beat=120 expected = 2121cf0dfa9f7b2c, actual =2121cf0dfa9f7b2c
[3695000] SCOREBOARD MATCH: wdata passthrough beat=121 expected = d2e803f6c38ead63, actual =d2e803f6c38ead63
[3695000] SCOREBOARD MATCH: wdata passthrough beat=122 expected = d14523e102af4c26, actual =d14523e102af4c26
[3695000] SCOREBOARD MATCH: wdata passthrough beat=123 expected = fd4ec752a98a6d4b, actual =fd4ec752a98a6d4b
[3695000] SCOREBOARD MATCH: wdata passthrough beat=124 expected = ed191aaff266f2ee, actual =ed191aaff266f2ee
[3695000] SCOREBOARD MATCH: wdata passthrough beat=125 expected = f5163f14d036cb49, actual =f5163f14d036cb49
[3695000] SCOREBOARD MATCH: wdata passthrough beat=126 expected = f9c13894be5e3e90, actual =f9c13894be5e3e90
[3695000] SCOREBOARD MATCH: wdata passthrough beat=127 expected = 30c5317ff2650667, actual =30c5317ff2650667
[3695000] SCOREBOARD MATCH: wdata passthrough beat=128 expected = c29bd1b0e6da5343, actual =c29bd1b0e6da5343
[3695000] SCOREBOARD MATCH: wdata passthrough beat=129 expected = 253891d4a5db7093, actual =253891d4a5db7093
[3695000] SCOREBOARD MATCH: wdata passthrough beat=130 expected = 984076fabc5d0a44, actual =984076fabc5d0a44
[3695000] SCOREBOARD MATCH: wdata passthrough beat=131 expected = 23375d88d5fdc353, actual =23375d88d5fdc353
[3695000] SCOREBOARD MATCH: wdata passthrough beat=132 expected = fbd933e6dadc48aa, actual =fbd933e6dadc48aa
[3695000] SCOREBOARD MATCH: wdata passthrough beat=133 expected = 173952efc86fef5c, actual =173952efc86fef5c
[3695000] SCOREBOARD MATCH: wdata passthrough beat=134 expected = 1e6db2af1419aae1, actual =1e6db2af1419aae1
[3695000] SCOREBOARD MATCH: wdata passthrough beat=135 expected = eef5f38b3a70b077, actual =eef5f38b3a70b077
[3695000] SCOREBOARD MATCH: wdata passthrough beat=136 expected = 2e09fd39a46e695, actual =2e09fd39a46e695
[3695000] SCOREBOARD MATCH: wdata passthrough beat=137 expected = ae609176862f467a, actual =ae609176862f467a
[3695000] SCOREBOARD MATCH: wdata passthrough beat=138 expected = c09ff6f1214e5282, actual =c09ff6f1214e5282
[3695000] SCOREBOARD MATCH: wstrb size check expected = 8b, actual =8b
[3695000] SCOREBOARD MATCH: wstrb passthrough beat=0 expected = 2, actual =2
[3695000] SCOREBOARD MATCH: wstrb passthrough beat=1 expected = 17, actual =17
[3695000] SCOREBOARD MATCH: wstrb passthrough beat=2 expected = c4, actual =c4
[3695000] SCOREBOARD MATCH: wstrb passthrough beat=3 expected = 7c, actual =7c
[3695000] SCOREBOARD MATCH: wstrb passthrough beat=4 expected = 8e, actual =8e
[3695000] SCOREBOARD MATCH: wstrb passthrough beat=5 expected = 46, actual =46
[3695000] SCOREBOARD MATCH: wstrb passthrough beat=6 expected = 6e, actual =6e
[3695000] SCOREBOARD MATCH: wstrb passthrough beat=7 expected = 90, actual =90
[3695000] SCOREBOARD MATCH: wstrb passthrough beat=8 expected = 5e, actual =5e
[3695000] SCOREBOARD MATCH: wstrb passthrough beat=9 expected = 32, actual =32
[3695000] SCOREBOARD MATCH: wstrb passthrough beat=10 expected = c, actual =c
[3695000] SCOREBOARD MATCH: wstrb passthrough beat=11 expected = ec, actual =ec
[3695000] SCOREBOARD MATCH: wstrb passthrough beat=12 expected = 79, actual =79
[3695000] SCOREBOARD MATCH: wstrb passthrough beat=13 expected = 7a, actual =7a
[3695000] SCOREBOARD MATCH: wstrb passthrough beat=14 expected = 7c, actual =7c
[3695000] SCOREBOARD MATCH: wstrb passthrough beat=15 expected = d7, actual =d7
[3695000] SCOREBOARD MATCH: wstrb passthrough beat=16 expected = ad, actual =ad
[3695000] SCOREBOARD MATCH: wstrb passthrough beat=17 expected = 88, actual =88
[3695000] SCOREBOARD MATCH: wstrb passthrough beat=18 expected = c3, actual =c3
[3695000] SCOREBOARD MATCH: wstrb passthrough beat=19 expected = 26, actual =26
[3695000] SCOREBOARD MATCH: wstrb passthrough beat=20 expected = 3, actual =3
[3695000] SCOREBOARD MATCH: wstrb passthrough beat=21 expected = 3f, actual =3f
[3695000] SCOREBOARD MATCH: wstrb passthrough beat=22 expected = fd, actual =fd
[3695000] SCOREBOARD MATCH: wstrb passthrough beat=23 expected = b0, actual =b0
[3695000] SCOREBOARD MATCH: wstrb passthrough beat=24 expected = c7, actual =c7
[3695000] SCOREBOARD MATCH: wstrb passthrough beat=25 expected = c0, actual =c0
[3695000] SCOREBOARD MATCH: wstrb passthrough beat=26 expected = d6, actual =d6
[3695000] SCOREBOARD MATCH: wstrb passthrough beat=27 expected = ca, actual =ca
[3695000] SCOREBOARD MATCH: wstrb passthrough beat=28 expected = ff, actual =ff
[3695000] SCOREBOARD MATCH: wstrb passthrough beat=29 expected = d3, actual =d3
[3695000] SCOREBOARD MATCH: wstrb passthrough beat=30 expected = 7a, actual =7a
[3695000] SCOREBOARD MATCH: wstrb passthrough beat=31 expected = c6, actual =c6
[3695000] SCOREBOARD MATCH: wstrb passthrough beat=32 expected = 93, actual =93
[3695000] SCOREBOARD MATCH: wstrb passthrough beat=33 expected = 50, actual =50
[3695000] SCOREBOARD MATCH: wstrb passthrough beat=34 expected = 91, actual =91
[3695000] SCOREBOARD MATCH: wstrb passthrough beat=35 expected = 92, actual =92
[3695000] SCOREBOARD MATCH: wstrb passthrough beat=36 expected = 23, actual =23
[3695000] SCOREBOARD MATCH: wstrb passthrough beat=37 expected = b, actual =b
[3695000] SCOREBOARD MATCH: wstrb passthrough beat=38 expected = 58, actual =58
[3695000] SCOREBOARD MATCH: wstrb passthrough beat=39 expected = b6, actual =b6
[3695000] SCOREBOARD MATCH: wstrb passthrough beat=40 expected = 5c, actual =5c
[3695000] SCOREBOARD MATCH: wstrb passthrough beat=41 expected = e9, actual =e9
[3695000] SCOREBOARD MATCH: wstrb passthrough beat=42 expected = 48, actual =48
[3695000] SCOREBOARD MATCH: wstrb passthrough beat=43 expected = 7f, actual =7f
[3695000] SCOREBOARD MATCH: wstrb passthrough beat=44 expected = f5, actual =f5
[3695000] SCOREBOARD MATCH: wstrb passthrough beat=45 expected = a1, actual =a1
[3695000] SCOREBOARD MATCH: wstrb passthrough beat=46 expected = 36, actual =36
[3695000] SCOREBOARD MATCH: wstrb passthrough beat=47 expected = 51, actual =51
[3695000] SCOREBOARD MATCH: wstrb passthrough beat=48 expected = 8a, actual =8a
[3695000] SCOREBOARD MATCH: wstrb passthrough beat=49 expected = 7e, actual =7e
[3695000] SCOREBOARD MATCH: wstrb passthrough beat=50 expected = d0, actual =d0
[3695000] SCOREBOARD MATCH: wstrb passthrough beat=51 expected = 7f, actual =7f
[3695000] SCOREBOARD MATCH: wstrb passthrough beat=52 expected = 1f, actual =1f
[3695000] SCOREBOARD MATCH: wstrb passthrough beat=53 expected = 6, actual =6
[3695000] SCOREBOARD MATCH: wstrb passthrough beat=54 expected = d0, actual =d0
[3695000] SCOREBOARD MATCH: wstrb passthrough beat=55 expected = aa, actual =aa
[3695000] SCOREBOARD MATCH: wstrb passthrough beat=56 expected = 85, actual =85
[3695000] SCOREBOARD MATCH: wstrb passthrough beat=57 expected = a1, actual =a1
[3695000] SCOREBOARD MATCH: wstrb passthrough beat=58 expected = 29, actual =29
[3695000] SCOREBOARD MATCH: wstrb passthrough beat=59 expected = a4, actual =a4
[3695000] SCOREBOARD MATCH: wstrb passthrough beat=60 expected = a7, actual =a7
[3695000] SCOREBOARD MATCH: wstrb passthrough beat=61 expected = fa, actual =fa
[3695000] SCOREBOARD MATCH: wstrb passthrough beat=62 expected = 4e, actual =4e
[3695000] SCOREBOARD MATCH: wstrb passthrough beat=63 expected = 2c, actual =2c
[3695000] SCOREBOARD MATCH: wstrb passthrough beat=64 expected = 9b, actual =9b
[3695000] SCOREBOARD MATCH: wstrb passthrough beat=65 expected = 78, actual =78
[3695000] SCOREBOARD MATCH: wstrb passthrough beat=66 expected = d1, actual =d1
[3695000] SCOREBOARD MATCH: wstrb passthrough beat=67 expected = 42, actual =42
[3695000] SCOREBOARD MATCH: wstrb passthrough beat=68 expected = 72, actual =72
[3695000] SCOREBOARD MATCH: wstrb passthrough beat=69 expected = 1f, actual =1f
[3695000] SCOREBOARD MATCH: wstrb passthrough beat=70 expected = 6f, actual =6f
[3695000] SCOREBOARD MATCH: wstrb passthrough beat=71 expected = d, actual =d
[3695000] SCOREBOARD MATCH: wstrb passthrough beat=72 expected = 97, actual =97
[3695000] SCOREBOARD MATCH: wstrb passthrough beat=73 expected = 40, actual =40
[3695000] SCOREBOARD MATCH: wstrb passthrough beat=74 expected = 4f, actual =4f
[3695000] SCOREBOARD MATCH: wstrb passthrough beat=75 expected = 9, actual =9
[3695000] SCOREBOARD MATCH: wstrb passthrough beat=76 expected = 5f, actual =5f
[3695000] SCOREBOARD MATCH: wstrb passthrough beat=77 expected = be, actual =be
[3695000] SCOREBOARD MATCH: wstrb passthrough beat=78 expected = 16, actual =16
[3695000] SCOREBOARD MATCH: wstrb passthrough beat=79 expected = f7, actual =f7
[3695000] SCOREBOARD MATCH: wstrb passthrough beat=80 expected = fe, actual =fe
[3695000] SCOREBOARD MATCH: wstrb passthrough beat=81 expected = 66, actual =66
[3695000] SCOREBOARD MATCH: wstrb passthrough beat=82 expected = 0, actual =0
[3695000] SCOREBOARD MATCH: wstrb passthrough beat=83 expected = 5e, actual =5e
[3695000] SCOREBOARD MATCH: wstrb passthrough beat=84 expected = 24, actual =24
[3695000] SCOREBOARD MATCH: wstrb passthrough beat=85 expected = 17, actual =17
[3695000] SCOREBOARD MATCH: wstrb passthrough beat=86 expected = 55, actual =55
[3695000] SCOREBOARD MATCH: wstrb passthrough beat=87 expected = 23, actual =23
[3695000] SCOREBOARD MATCH: wstrb passthrough beat=88 expected = 7d, actual =7d
[3695000] SCOREBOARD MATCH: wstrb passthrough beat=89 expected = 55, actual =55
[3695000] SCOREBOARD MATCH: wstrb passthrough beat=90 expected = 81, actual =81
[3695000] SCOREBOARD MATCH: wstrb passthrough beat=91 expected = a1, actual =a1
[3695000] SCOREBOARD MATCH: wstrb passthrough beat=92 expected = 6c, actual =6c
[3695000] SCOREBOARD MATCH: wstrb passthrough beat=93 expected = d6, actual =d6
[3695000] SCOREBOARD MATCH: wstrb passthrough beat=94 expected = c4, actual =c4
[3695000] SCOREBOARD MATCH: wstrb passthrough beat=95 expected = e9, actual =e9
[3695000] SCOREBOARD MATCH: wstrb passthrough beat=96 expected = 2b, actual =2b
[3695000] SCOREBOARD MATCH: wstrb passthrough beat=97 expected = 45, actual =45
[3695000] SCOREBOARD MATCH: wstrb passthrough beat=98 expected = 8b, actual =8b
[3695000] SCOREBOARD MATCH: wstrb passthrough beat=99 expected = 98, actual =98
[3695000] SCOREBOARD MATCH: wstrb passthrough beat=100 expected = 1b, actual =1b
[3695000] SCOREBOARD MATCH: wstrb passthrough beat=101 expected = 4f, actual =4f
[3695000] SCOREBOARD MATCH: wstrb passthrough beat=102 expected = 81, actual =81
[3695000] SCOREBOARD MATCH: wstrb passthrough beat=103 expected = 47, actual =47
[3695000] SCOREBOARD MATCH: wstrb passthrough beat=104 expected = 95, actual =95
[3695000] SCOREBOARD MATCH: wstrb passthrough beat=105 expected = c, actual =c
[3695000] SCOREBOARD MATCH: wstrb passthrough beat=106 expected = df, actual =df
[3695000] SCOREBOARD MATCH: wstrb passthrough beat=107 expected = b0, actual =b0
[3695000] SCOREBOARD MATCH: wstrb passthrough beat=108 expected = 5c, actual =5c
[3695000] SCOREBOARD MATCH: wstrb passthrough beat=109 expected = 60, actual =60
[3695000] SCOREBOARD MATCH: wstrb passthrough beat=110 expected = f7, actual =f7
[3695000] SCOREBOARD MATCH: wstrb passthrough beat=111 expected = f1, actual =f1
[3695000] SCOREBOARD MATCH: wstrb passthrough beat=112 expected = 6d, actual =6d
[3695000] SCOREBOARD MATCH: wstrb passthrough beat=113 expected = d6, actual =d6
[3695000] SCOREBOARD MATCH: wstrb passthrough beat=114 expected = a1, actual =a1
[3695000] SCOREBOARD MATCH: wstrb passthrough beat=115 expected = c9, actual =c9
[3695000] SCOREBOARD MATCH: wstrb passthrough beat=116 expected = 37, actual =37
[3695000] SCOREBOARD MATCH: wstrb passthrough beat=117 expected = 99, actual =99
[3695000] SCOREBOARD MATCH: wstrb passthrough beat=118 expected = ba, actual =ba
[3695000] SCOREBOARD MATCH: wstrb passthrough beat=119 expected = a4, actual =a4
[3695000] SCOREBOARD MATCH: wstrb passthrough beat=120 expected = 6f, actual =6f
[3695000] SCOREBOARD MATCH: wstrb passthrough beat=121 expected = 5b, actual =5b
[3695000] SCOREBOARD MATCH: wstrb passthrough beat=122 expected = 6d, actual =6d
[3695000] SCOREBOARD MATCH: wstrb passthrough beat=123 expected = a6, actual =a6
[3695000] SCOREBOARD MATCH: wstrb passthrough beat=124 expected = f4, actual =f4
[3695000] SCOREBOARD MATCH: wstrb passthrough beat=125 expected = 27, actual =27
[3695000] SCOREBOARD MATCH: wstrb passthrough beat=126 expected = 4a, actual =4a
[3695000] SCOREBOARD MATCH: wstrb passthrough beat=127 expected = 64, actual =64
[3695000] SCOREBOARD MATCH: wstrb passthrough beat=128 expected = 82, actual =82
[3695000] SCOREBOARD MATCH: wstrb passthrough beat=129 expected = b7, actual =b7
[3695000] SCOREBOARD MATCH: wstrb passthrough beat=130 expected = a, actual =a
[3695000] SCOREBOARD MATCH: wstrb passthrough beat=131 expected = 77, actual =77
[3695000] SCOREBOARD MATCH: wstrb passthrough beat=132 expected = de, actual =de
[3695000] SCOREBOARD MATCH: wstrb passthrough beat=133 expected = 55, actual =55
[3695000] SCOREBOARD MATCH: wstrb passthrough beat=134 expected = db, actual =db
[3695000] SCOREBOARD MATCH: wstrb passthrough beat=135 expected = 61, actual =61
[3695000] SCOREBOARD MATCH: wstrb passthrough beat=136 expected = c, actual =c
[3695000] SCOREBOARD MATCH: wstrb passthrough beat=137 expected = e5, actual =e5
[3695000] SCOREBOARD MATCH: wstrb passthrough beat=138 expected = d8, actual =d8
[3695000] SCOREBOARD MATCH: bresp passthrough expected = 0, actual =0
[3695000] SCOREBOARD MATCH: response routed to correct master (write) expected = 1, actual =1
[3695000] [SCOREBOARD-M] mst_id=1 s_id=0 awaddr=b6c1708 awid=10 awlen=138 awsize=7 awburst=1 wdata=[3de62c05d13c01cf c13e5610e57bdf43 ee2147a0d4593c8f a5953e5e8b824fd8 f0fe2f1c2c0773a5 8060b034e6d3946e f255e447df1f76bc b26ea6125f5ee93 8cc98301e3541363 c2738a1f8b879a95 b17d8928ff1f6748 e2737aabcd9a7480 d9220f153e470c2a bd667372a4e704ca f281794a0a9f983e c8e6a4681fd9ee1e c4c0f2e8cba38860 d643209e864d17da a62705f837426c33 2e5f4931f29c506 a576dce0eae7f8e1 222a6514d9291531 f852da37cb9de2d9 3685dbba251059a7 fe396ed89dc9b717 e96799f0d8b040ce fdc09a75f68c490f 945600269fed75aa f89db678fbfa094d f286525cfdbd9a17 9dab0fc1f65e50ed f2585a3a86dc5282 8499ec991648c63a 8ca71727e4deac96 ebbaff192244fc5b 388dc295feff7162 e3de1df8f054ebb2 9299e80dc534d9bc c4344b1ecf991d11 3fee08c4cb27aaa2 105c845f28126917 f7ab8628d287f0d1 1daf9b74d490cf7d fca33894b7998eec a217fbe2e0c1fd3 829cef50f44ebebd abe84da927d11b32 d5dd3b05ff4027e5 f38ee6a2b609cd67 dddae899d87a2a55 d7ba523a9f77344b d58101b3b3b8239e c324df4cb4938dc eac06d28b35bea4c e7140debe3eca02e 2f35d90bc0416edb f39d5927f3465bdf d732fc0d19f64633 da37b50edab16712 cdf7c2f18668d518 a05f1b4bcdd50e35 28867548252abeff ab939417fa96d059 c86bde8ff67e3839 9ba8f738cbf2af63 c6897fbcf0f253d7 e7708c10c73c8b50 132f3ab38ef55e4b ffe7b22203198349 ca560e99d9b8ba6f e8ae18bbe7583e33 ea71c17cdd85494c b73e03bbe895cadd cfee091034c7d015 124d19619fec1c76 881e754ba5fca8c ef279aa1c98b1d1c e9773993d86ff064 12cfbaf18174b402 caffd11ff1f920e7 ca69114b81f75592 36c099534770ab2 26702b99dd38cc3c df3021cfce6bdab4 2e2e566f0d93ce4 ce120921e29c2b64 31080618295310ff 9a2c4de32d422af0 fde565433eaeb7e dd3dfc7de83e5704 958081f4c0e65c6c f4d147eaf76a4a60 dfa8a165a55ed848 e64534b4d20f4467 c9798ec7f5292359 1a87fba2db167c9e ad25c105a922302c 1e4b538680cd3056 dbe3acf5f69f4fcd 9fc17ff938d34f28 b9a07f7e89096dfa ffa8bdc7be0cd37f f6e022a795842c73 1e8d9a6e1f6a3dc1 dd7711403080a226 c604ce999e365835 bda095f6d45733e8 4d7d60ee4926907 2c8c13d1b17a737 ef6edb1fcadca4a7 2f6f0dafc0695733 db80fe6af446b12d bf2355d43237ceec f2a1261fcaefd989 bf368ab6ee926383 a0ca326fce22248a 9911fe13fe59e08b ecec440e136b588f e18d7d19d84888ca d6a269550db6767e 2121cf0dfa9f7b2c d2e803f6c38ead63 d14523e102af4c26 fd4ec752a98a6d4b ed191aaff266f2ee f5163f14d036cb49 f9c13894be5e3e90 30c5317ff2650667 c29bd1b0e6da5343 253891d4a5db7093 984076fabc5d0a44 23375d88d5fdc353 fbd933e6dadc48aa 173952efc86fef5c 1e6db2af1419aae1 eef5f38b3a70b077 2e09fd39a46e695 ae609176862f467a c09ff6f1214e5282 ] wstrb=[2 17 c4 7c 8e 46 6e 90 5e 32 c ec 79 7a 7c d7 ad 88 c3 26 3 3f fd b0 c7 c0 d6 ca ff d3 7a c6 93 50 91 92 23 b 58 b6 5c e9 48 7f f5 a1 36 51 8a 7e d0 7f 1f 6 d0 aa 85 a1 29 a4 a7 fa 4e 2c 9b 78 d1 42 72 1f 6f d 97 40 4f 9 5f be 16 f7 fe 66 0 5e 24 17 55 23 7d 55 81 a1 6c d6 c4 e9 2b 45 8b 98 1b 4f 81 47 95 c df b0 5c 60 f7 f1 6d d6 a1 c9 37 99 ba a4 6f 5b 6d a6 f4 27 4a 64 82 b7 a 77 de 55 db 61 c e5 d8 ] bresp=0 bid=10
[3695000] [SCOREBOARD-S] mst_id=1 s_id=0 awaddr=b6c1708 awid=10 awlen=138 awsize=7 awburst=1 wdata=[3de62c05d13c01cf c13e5610e57bdf43 ee2147a0d4593c8f a5953e5e8b824fd8 f0fe2f1c2c0773a5 8060b034e6d3946e f255e447df1f76bc b26ea6125f5ee93 8cc98301e3541363 c2738a1f8b879a95 b17d8928ff1f6748 e2737aabcd9a7480 d9220f153e470c2a bd667372a4e704ca f281794a0a9f983e c8e6a4681fd9ee1e c4c0f2e8cba38860 d643209e864d17da a62705f837426c33 2e5f4931f29c506 a576dce0eae7f8e1 222a6514d9291531 f852da37cb9de2d9 3685dbba251059a7 fe396ed89dc9b717 e96799f0d8b040ce fdc09a75f68c490f 945600269fed75aa f89db678fbfa094d f286525cfdbd9a17 9dab0fc1f65e50ed f2585a3a86dc5282 8499ec991648c63a 8ca71727e4deac96 ebbaff192244fc5b 388dc295feff7162 e3de1df8f054ebb2 9299e80dc534d9bc c4344b1ecf991d11 3fee08c4cb27aaa2 105c845f28126917 f7ab8628d287f0d1 1daf9b74d490cf7d fca33894b7998eec a217fbe2e0c1fd3 829cef50f44ebebd abe84da927d11b32 d5dd3b05ff4027e5 f38ee6a2b609cd67 dddae899d87a2a55 d7ba523a9f77344b d58101b3b3b8239e c324df4cb4938dc eac06d28b35bea4c e7140debe3eca02e 2f35d90bc0416edb f39d5927f3465bdf d732fc0d19f64633 da37b50edab16712 cdf7c2f18668d518 a05f1b4bcdd50e35 28867548252abeff ab939417fa96d059 c86bde8ff67e3839 9ba8f738cbf2af63 c6897fbcf0f253d7 e7708c10c73c8b50 132f3ab38ef55e4b ffe7b22203198349 ca560e99d9b8ba6f e8ae18bbe7583e33 ea71c17cdd85494c b73e03bbe895cadd cfee091034c7d015 124d19619fec1c76 881e754ba5fca8c ef279aa1c98b1d1c e9773993d86ff064 12cfbaf18174b402 caffd11ff1f920e7 ca69114b81f75592 36c099534770ab2 26702b99dd38cc3c df3021cfce6bdab4 2e2e566f0d93ce4 ce120921e29c2b64 31080618295310ff 9a2c4de32d422af0 fde565433eaeb7e dd3dfc7de83e5704 958081f4c0e65c6c f4d147eaf76a4a60 dfa8a165a55ed848 e64534b4d20f4467 c9798ec7f5292359 1a87fba2db167c9e ad25c105a922302c 1e4b538680cd3056 dbe3acf5f69f4fcd 9fc17ff938d34f28 b9a07f7e89096dfa ffa8bdc7be0cd37f f6e022a795842c73 1e8d9a6e1f6a3dc1 dd7711403080a226 c604ce999e365835 bda095f6d45733e8 4d7d60ee4926907 2c8c13d1b17a737 ef6edb1fcadca4a7 2f6f0dafc0695733 db80fe6af446b12d bf2355d43237ceec f2a1261fcaefd989 bf368ab6ee926383 a0ca326fce22248a 9911fe13fe59e08b ecec440e136b588f e18d7d19d84888ca d6a269550db6767e 2121cf0dfa9f7b2c d2e803f6c38ead63 d14523e102af4c26 fd4ec752a98a6d4b ed191aaff266f2ee f5163f14d036cb49 f9c13894be5e3e90 30c5317ff2650667 c29bd1b0e6da5343 253891d4a5db7093 984076fabc5d0a44 23375d88d5fdc353 fbd933e6dadc48aa 173952efc86fef5c 1e6db2af1419aae1 eef5f38b3a70b077 2e09fd39a46e695 ae609176862f467a c09ff6f1214e5282 ] wstrb=[2 17 c4 7c 8e 46 6e 90 5e 32 c ec 79 7a 7c d7 ad 88 c3 26 3 3f fd b0 c7 c0 d6 ca ff d3 7a c6 93 50 91 92 23 b 58 b6 5c e9 48 7f f5 a1 36 51 8a 7e d0 7f 1f 6 d0 aa 85 a1 29 a4 a7 fa 4e 2c 9b 78 d1 42 72 1f 6f d 97 40 4f 9 5f be 16 f7 fe 66 0 5e 24 17 55 23 7d 55 81 a1 6c d6 c4 e9 2b 45 8b 98 1b 4f 81 47 95 c df b0 5c 60 f7 f1 6d d6 a1 c9 37 99 ba a4 6f 5b 6d a6 f4 27 4a 64 82 b7 a 77 de 55 db 61 c e5 d8 ] bresp=0 bid=10010
[3695000] SCOREBOARD: Transaction 4 received. pass=782 fail=0
[3695000] ALL PASS. Total transactions: 4
[3705000] SLAVE 0 R_VALID_RDY Handshake beat=1 rlast=1
[3705000] [SLAVE MONITOR] READ mst_id=1 s_id=0 araddr=e519430 arid=2 arlen=1 arsize=3 arburst=1 rid=[1212] rresp=[00] rdata=[baadf00d12345678baadf00d12345678]
[3715000] MASTER 1 R_VALID_RDY Handshake beat=0 rlast=0
[3725000] [MASTER DRIVER] READ mst_id=1 s_id=0 araddr=e519430 arid=2 arlen=1 arsize=3 arburst=1 rid=[22] rresp=[00] rdata=[baadf00d12345678baadf00d12345678]
[3725000] MASTER 1 R_VALID_RDY Handshake beat=1 rlast=1
[3725000] [MASTER MONITOR] READ mst_id=1 s_id=0 araddr=e519430 arid=2 arlen=1 arsize=3 arburst=1 rid=[22] rresp=[00] rdata=[baadf00d12345678baadf00d12345678]
[3725000] SCOREBOARD MATCH: decode_err expected = 0, actual =0
[3725000] SCOREBOARD MATCH: slave_id expected = 0, actual =0
[3725000] SCOREBOARD MATCH: araddr passthrough expected = e519430, actual =e519430
[3725000] SCOREBOARD MATCH: arlen passthrough expected = 1, actual =1
[3725000] SCOREBOARD MATCH: arsize passthrough expected = 3, actual =3
[3725000] SCOREBOARD MATCH: arburst passthrough expected = 1, actual =1
[3725000] SCOREBOARD MATCH: rdata size check expected = 2, actual =2
[3725000] SCOREBOARD MATCH: rdata passthrough beat=0 expected = baadf00d12345678, actual =baadf00d12345678
[3725000] SCOREBOARD MATCH: rdata passthrough beat=1 expected = baadf00d12345678, actual =baadf00d12345678
[3725000] SCOREBOARD MATCH: rresp size check expected = 2, actual =2
[3725000] SCOREBOARD MATCH: rresp passthrough beat=0 expected = 0, actual =0
[3725000] SCOREBOARD MATCH: rresp passthrough beat=1 expected = 0, actual =0
[3725000] SCOREBOARD MATCH: response routed to correct master (read beat 0) expected = 1, actual =1
[3725000] SCOREBOARD MATCH: response routed to correct master (read beat 1) expected = 1, actual =1
[3725000] [SCOREBOARD-M] READ mst_id=1 s_id=0 araddr=e519430 arid=2 arlen=1 arsize=3 arburst=1 rid=[22] rresp=[00] rdata=[baadf00d12345678baadf00d12345678]
[3725000] [SCOREBOARD-S] READ mst_id=1 s_id=0 araddr=e519430 arid=2 arlen=1 arsize=3 arburst=1 rid=[1212] rresp=[00] rdata=[baadf00d12345678baadf00d12345678]
[3725000] SCOREBOARD: Transaction 5 received. pass=796 fail=0
[3725000] SCOREBOARD: Expected 5 transactions completed, PASS=796 FAIL=0
[3725000] ALL PASS. Total transactions: 5
[3725000] ALL TRANSACTIONS MONITORED
$finish called at time : 3745 ns : File "/home/nashita/Desktop/practice/axi_xbar/tb/top/axi_tb_top.sv" Line 220
exit
INFO: xsimkernel Simulation Memory Usage: 289464 KB (Peak: 337864 KB), Simulation CPU Usage: 1190 ms
INFO: [Common 17-206] Exiting xsim at Thu Sep 10 18:28:16 2026...
