#-----------------------------------------------------------
# xsim v2025.2 (64-bit)
# SW Build 6299465 on Fri Nov 14 12:34:56 MST 2025
# IP Build 6300035 on Fri Nov 14 10:48:45 MST 2025
# SharedData Build 6298862 on Thu Nov 13 04:50:51 MST 2025
# Start of session at: Fri Sep 11 11:33:42 2026
# Process ID         : 676987
# Current directory  : /home/nashita/Desktop/practice/axi_xbar/sim
# Command line       : xsim -log regress_results/BT_run155.log -mode tcl -source {xsim.dir/tb_top_snap/xsim_script.tcl}
# Log file           : /home/nashita/Desktop/practice/axi_xbar/sim/regress_results/BT_run155.log
# Journal file       : /home/nashita/Desktop/practice/axi_xbar/sim/xsim.jou
# Running On         : vlsi-vivado
# Platform           : Ubuntu
# Operating System   : Ubuntu 24.04.4 LTS
# Processor Detail   : Intel(R) Core(TM) i5-10400 CPU @ 2.90GHz
# CPU Frequency      : 4009.662 MHz
# CPU Physical cores : 6
# CPU Logical cores  : 12
# Host memory        : 41875 MB
# Swap memory        : 27648 MB
# Total Virtual      : 69524 MB
# Available Virtual  : 63139 MB
#-----------------------------------------------------------
source xsim.dir/tb_top_snap/xsim_script.tcl
# xsim {tb_top_snap} -testplusarg BT -autoloadwcfg -runall -sv_seed 156
Time resolution is 1 ps
run -all
[0] RUNNING BASE TEST
[0] INSIDE THE BASE TEST CONSTRUCTOR
[0] ENV: before agent
[0] SLAVE CONSTRUCTED
[0] MASTER MONITOR CONSTRUCTED
[0] MASTER MONITOR CONSTRUCTED
[0] SLAVE MONITOR CONSTRUCTED
[0] SLAVE MONITOR CONSTRUCTED
[0] ARB MONITOR CONSTRUCTED
GENERATOR CONSTRUCTED
[0] ENV: after agent
[0] ENV: before scoreboard
[0] ENV: after scoreboard
[15000] [SEQUENCER] mst_id=0 s_id=0 awaddr=cb78020 awid=11 awlen=104 awsize=3 awburst=1 wdata=[9fe8372370b1478 e440cab4ff904c00 2eb3076d03b5513d 3ac065b536454b4c b5d5974c38b18adf 3c66dc1c1f013069 d5467bb5e4889eb9 9d3a2998f72741d1 1628723a8b1c1301 efa4b1bbd9a105b4 d0c84785eb6eedef f68b00f08cdedb53 e67fe108e6f0b9bf d25fa7aee62fb2ab f30e8dffb748288d 1e38e24dc8eaa89f af1a5b4ad98e6f07 90d69794f09889fb b983329aa228e949 fbb75850af0f79e1 1fa803dde89d8de5 8ac6772e0c8defe5 bb9d69c6d92b3677 c1c8c45c067dcf7f 130bbf64db456da3 3470a41bcc8f3b8b d30d0b0acea9292a 29ee96cef6396877 c2c8a402e618ca6e b4c1f398de5f3ae9 d498a36095d5af0c fbee797adeb08a66 bd0fc54f17614763 ad36f66f30b06d13 8f60f77911a868b0 2909b01329256fea d9d5dcfdcc70bcc9 de192579d640a682 ff66166ce936d476 b5a7913f0722d58c dd637c0ed93bf369 c272c7e093c0b6b8 9ae38c44dcc9927b b60585e4f81a591f bdb0fd8f8470853 d5109acef8784dc4 f092a6e4a6be9c1c 9f05a46f8b1620b2 38e6e77fc6db6bc a32c52d8f4163f3d ff2c5ff0f421155b f08ecc17c231f748 b648368502bace67 f6dbe3c293bb1eef d5ed1637b5749675 b82f64dce76aafd9 fb25cec80c354cbd c1a9e332af0b489e 9675f877d112e500 dd4831bdf9d9480f a8e490ad119bc740 e2aeac409ef214ef 98cb5cfe3f5a8925 d0f650653ff6ddfd dee8f2ecc1afedac 10a76d133a4fca5 f39bdaa2f7b44feb 39643d97d200c736 5a5c3dbd284cd8e ca391d793a6eb468 c6f7b9ef9419e7d cbc66c0b839d5b10 be0c0f7812153f79 b56ddf615ff8985 999ce495ca7b8b16 dc90ca8fd71d4a01 ed1cd386d7a8f40e a2247f24e7e7a885 3f04f28706b9b81c de62ac2afeb549b4 e69cf239ac21c60d b2db7e2980872b4e ff3c7502a5a1e4c0 d1c3aace913e2a53 11c555a2e5d9673c 8b7b4bfc849f28f7 15dd534b9101caa4 f6db31e0dd3ef6ca e1de1fc227a2a8ed b8a4739102567ddd df9574a7f7bb730d 1f5e1bfa2f7fa572 31d6234fc1739469 b92f0776d8028f8b 878234fd916b97f6 d2df2c60d88d2370 308fb2fcb958584c cac3f0438c0e33d6 e49b5747b811e7f9 f16a40461da31ca3 a9b15079152b0a43 cd3cf23c3c2e3089 d9d14d2c8e4ca7c0 a377b203bea73282 fad5630b83829da5 ] wstrb=[40 66 37 c2 69 dd ce a9 43 5 6c ac e2 3a 56 25 3f c2 d2 22 fc 28 47 3b ea 19 5d e6 41 a5 21 2b be 7f 11 0 24 33 2b e2 b2 3d e2 d6 70 e b8 22 4b 9b f8 bb a9 b0 dd f4 4b d5 af f4 85 8c e8 d1 61 97 c5 e6 23 ae b7 84 45 7d 6b 69 2b 22 ed 70 9f 58 d9 ca 7b c7 3b 1a 1f 14 e5 9a db 20 b5 fb 34 9a 95 10 ba 4a b ee e4 ] bresp=0 bid=0
[15000] [SEQUENCER] READ mst_id=0 s_id=0 araddr=15492c48 arid=1 arlen=1 arsize=3 arburst=1 rid=[] rresp=[] rdata=[]
[15000] [SEQUENCER] mst_id=0 s_id=0 awaddr=1e7d1618 awid=110 awlen=174 awsize=4 awburst=1 wdata=[9e71f19cfab6a74a 37f8f5fcc045a51c 9cc723ca3625f4e2 30dc9c2c3d0ae771 fd508c8d3b391567 f15f0a49e8d59228 25e079999a17b057 d550c5be223ba675 b11389d23310626 bd48b67dc6afd007 e8eb767c30f1b236 d422b85c12997c3c d9494c43f3fcaf19 a4ee614f916b6ed9 a404eb15c234c2c0 b63171d9f91119ab a7c8885fd4e3759 3f82fa19db1fd329 d430ecd4ae81739a abcfaaf3f5b46bf2 d0d43f1bdead7559 d2ee8f4eb52a50c e10710ff25052bf0 83b2a149b8fe93e7 245138f4b1db501a d6e07c0a90e18a3d c9e01e25055849f3 b7339a0dda931d54 eb74a791ee315719 f389a10c0e141618 e8a7336cb554c5b6 a3861ccfaabd3b19 b8d15131d41bdafd 970a0b4970fbddb c1ccf8f5a178849d f5945f9bacf6bd83 c4067b5ffa9e4a26 1c16cec4ff05004f abfbbdd205d37454 8071be7a11ab2e5f 10b02eaef0023931 f5d5ad859c888d3e ae33bb9dbcabec80 2cae25b2f6476c00 92cff93ebee3ea4b fb8fd6cca283d337 98cb3f37c103b4dc ffe79f27283dfc7e cac1cfb52b9b3876 ec9eed52fb7775f3 a3b57271e38d0eed f284763ec868c79 e7fe026dee774227 d2045114fbc734b5 e84dc12e8bb374de fa2ab705e12c9877 dcf3cd2cd04bc39b dbff387acc2f0819 ad5ba090c5418e5a 158d51f6d629ef7f 2258f7998a4f6dbc cf90fc17f18c8a70 c7b679efcfb49829 da0405e6e51e4e0d d6aad87dea0f7188 39c409b2299501fd eb3500a9e61526c 870c3f513c80f98 3d5d1195e55e2887 83bf7af3c234cda7 d5fcdd3fcc10619f 316e8a268c303ee8 ce650c8f1359eed4 df6a5073b52e0519 c15e4402a461e9ce b7bbd8a210d8da99 c606dfb28fc35091 34253a6097262915 a7ff03ae876523b4 17287446ebe11302 3073c18ee05e361 f56b0715cb4daea6 b72ec1a8ab063fc6 990c23278c937b5b d7e12a01ba35fdc0 e53c3d870e772a3d 9b0aa5980f0febaa c945e96afe4860ae 8cbf8aebf2ebcf9a 1fbbb44ae8226f1 2cca87a027ca3084 1ab6001ecb41a4ae f9c3cba0b98a128b e154430f1cb1bb62 e7f36010268e5340 e01865cbfc0a432d 98bbfe8fe1b72bb0 88457ef0c16ca8db bd76ec0800af5ea0 e2668a50e85de4bc 29ca8d97d632ea98 d6e24938eaac0941 d309edfde741799f bd746437b948d388 a3f4dcc9fcd47b94 e415f5339456ad6f cd9f80f8f6fecac6 f3d3465a218a596b b5e106daf1945dc1 e8932888d7e93b8e f97394f9838087d2 f514e594dc666ee2 b44faa70af549bd3 32d523a6dda80e1c ba0e7cfeadc33f69 dd17db3d27ea093a 5921756ee5e276f 9c2166d80fecfee3 37d7081dbfa09454 adfebbc3f9394215 892640f83d691f73 fd09b3c7ca20229c c35964b1c0fd4915 fe6668882b086f8b f5289227cc7fa5aa 8d7ceebffb701c50 26788bdbb881f6d8 85019c820be35748 75373981ba11e02 d42314da127e8b42 1e61e28a2dcbff73 c96d1d75d924b15d eba33c9f25b55622 d38155959d90324f f6b4e3ac0a051f29 2fba754b1cee730a ba7ea559e258204b ec5d3f74033bcae0 202a3dea31338906 938ba9519c17b4bf 9f537f9fdaa8e343 8bdc6c49ffe8e8c6 9c009d85bf7dbd89 1a26a0cd1f68159b 1f50fe613b541d25 fad1daaea6030d16 c56b22b1bb519be6 f6a5b90b94f87b7b 3afb8892e4bc2112 200dbcf9f17793ba 86700f358066ab43 e522cc5696b37604 882b09bec16b97c7 c1d2430b0530894f 9be3ff530e9b18f4 d006b0bb26f50f61 2c2598b0240f0912 32aa220691d8f3c6 b8ce0327c8099803 ec18a11582b0d2c1 1489c688e4f39bd7 2cfd33db9ec2c31b 217395ddcd57c9af 324b65879915d4f0 37d8980c35fd5c65 83552614df489962 f85e6e52d94c2de9 f498a4eb5a08b9b 94e924fdb037065e 89833447929eb062 c83f3bfe0d479350 bd7e99ae98ccbe95 2b6b6ef8dd2860fb ea6ff44bc701cdf6 dfce8c8bf3aaaaf6 ] wstrb=[fa f1 83 f0 3d 79 7b 37 6b ff 27 a8 78 a2 df e3 a1 6 8b 1a a8 6a fd 4a 70 89 64 19 f3 61 63 64 ea c7 7d de 28 e0 42 13 a7 bf f1 cf 9f 33 e2 46 f2 d3 15 91 6 f8 d7 f8 cb ec 89 d2 e4 60 ca b0 4d 54 82 31 b4 4c e1 1 a0 63 33 55 b0 14 56 50 78 89 a5 28 9e fc 78 16 85 1e 3e 23 1a b6 39 9f d4 77 c3 ee 2e fc 8e 2 74 51 f1 a2 4d 7f a4 c1 d0 95 63 1d 14 8 df e4 9d 42 2 b2 4a e1 96 e8 23 98 9a 6e 79 30 56 9d c9 f0 b 42 20 61 df e9 51 ea 2c 71 4b b 5b 9c f6 87 e 41 92 69 de 88 f0 ec ca 82 55 a8 b 45 94 d5 c7 e9 7d d2 2e ] bresp=0 bid=0
[15000] [SEQUENCER] mst_id=1 s_id=0 awaddr=92e5698 awid=101 awlen=4 awsize=4 awburst=2 wdata=[d0459f60905101b2 fc786e6f2522fa74 dc721f84c194ff29 d1e600db2a16c924 cf39c398acb7bee4 ] wstrb=[4b d 1c 6f e9 ] bresp=0 bid=0
[15000] [SEQUENCER] mst_id=1 s_id=0 awaddr=b31c710 awid=1101 awlen=5 awsize=1 awburst=2 wdata=[7047befc3f31dad ffd7f20fe96e093e e625cc5f2bc3d5d8 efb6f385e7dfc26a d14dcba8ed2a484e 18ee1e26ef8ee594 ] wstrb=[7 fe ab 55 a7 3f ] bresp=0 bid=0
[15000] MASTER_DRIVER0 received transaction, op=AXI_WRITE
[15000] MASTER_DRIVER1 received transaction, op=AXI_WRITE
[35000] MASTER 1 AW_VALID_RDY Handshake
[35000] MASTER 0 AW_VALID_RDY Handshake
[45000] ARB MONITOR: slave=0 m0_req=1 m1_req=1 winner=0
[45000] AXI S0_AWVALID_RDY HANDSHAKE
[45000] SCOREBOARD MATCH: arbitration winner (slave 0) expected = 0, actual =0
[55000] MASTER 1 W_VALID_RDY Handshake beat=0 wlast=0
[55000] MASTER 0 W_VALID_RDY Handshake beat=0 wlast=0
[65000] MASTER 0 W_VALID_RDY Handshake beat=1 wlast=0
[65000] MASTER 1 W_VALID_RDY Handshake beat=1 wlast=0
[65000] AXI S0_WVALID_RDY HANDSHAKE
[65000] S0 MEMORY WRITE beat=0 addr=0cb78020 data=09fe8372370b1478 id=03
[75000] AXI S0_WVALID_RDY HANDSHAKE
[75000] S0 MEMORY WRITE beat=1 addr=0cb78028 data=e440cab4ff904c00 id=03
[75000] MASTER 1 W_VALID_RDY Handshake beat=2 wlast=0
[75000] MASTER 0 W_VALID_RDY Handshake beat=2 wlast=0
[85000] MASTER 0 W_VALID_RDY Handshake beat=3 wlast=0
[85000] MASTER 1 W_VALID_RDY Handshake beat=3 wlast=0
[85000] AXI S0_WVALID_RDY HANDSHAKE
[85000] S0 MEMORY WRITE beat=2 addr=0cb78030 data=2eb3076d03b5513d id=03
[95000] AXI S0_WVALID_RDY HANDSHAKE
[95000] S0 MEMORY WRITE beat=3 addr=0cb78038 data=3ac065b536454b4c id=03
[95000] MASTER 1 W_VALID_RDY Handshake beat=4 wlast=1
[95000] MASTER 0 W_VALID_RDY Handshake beat=4 wlast=0
[95000] MASTER_DRIVER1 received transaction, op=AXI_WRITE
[105000] MASTER 0 W_VALID_RDY Handshake beat=5 wlast=0
[105000] AXI S0_WVALID_RDY HANDSHAKE
[105000] S0 MEMORY WRITE beat=4 addr=0cb78040 data=b5d5974c38b18adf id=03
[115000] AXI S0_WVALID_RDY HANDSHAKE
[115000] S0 MEMORY WRITE beat=5 addr=0cb78048 data=3c66dc1c1f013069 id=03
[115000] MASTER 1 AW_VALID_RDY Handshake
[115000] MASTER 0 W_VALID_RDY Handshake beat=6 wlast=0
[125000] MASTER 0 W_VALID_RDY Handshake beat=7 wlast=0
[125000] AXI S0_WVALID_RDY HANDSHAKE
[125000] S0 MEMORY WRITE beat=6 addr=0cb78050 data=d5467bb5e4889eb9 id=03
[135000] AXI S0_WVALID_RDY HANDSHAKE
[135000] S0 MEMORY WRITE beat=7 addr=0cb78058 data=9d3a2998f72741d1 id=03
[135000] MASTER 1 W_VALID_RDY Handshake beat=0 wlast=0
[135000] MASTER 0 W_VALID_RDY Handshake beat=8 wlast=0
[145000] MASTER 0 W_VALID_RDY Handshake beat=9 wlast=0
[145000] MASTER 1 W_VALID_RDY Handshake beat=1 wlast=0
[145000] AXI S0_WVALID_RDY HANDSHAKE
[145000] S0 MEMORY WRITE beat=8 addr=0cb78060 data=1628723a8b1c1301 id=03
[155000] AXI S0_WVALID_RDY HANDSHAKE
[155000] S0 MEMORY WRITE beat=9 addr=0cb78068 data=efa4b1bbd9a105b4 id=03
[155000] MASTER 1 W_VALID_RDY Handshake beat=2 wlast=0
[155000] MASTER 0 W_VALID_RDY Handshake beat=10 wlast=0
[165000] MASTER 0 W_VALID_RDY Handshake beat=11 wlast=0
[165000] AXI S0_WVALID_RDY HANDSHAKE
[165000] S0 MEMORY WRITE beat=10 addr=0cb78070 data=d0c84785eb6eedef id=03
[175000] AXI S0_WVALID_RDY HANDSHAKE
[175000] S0 MEMORY WRITE beat=11 addr=0cb78078 data=f68b00f08cdedb53 id=03
[175000] MASTER 0 W_VALID_RDY Handshake beat=12 wlast=0
[185000] MASTER 0 W_VALID_RDY Handshake beat=13 wlast=0
[185000] AXI S0_WVALID_RDY HANDSHAKE
[185000] S0 MEMORY WRITE beat=12 addr=0cb78080 data=e67fe108e6f0b9bf id=03
[195000] AXI S0_WVALID_RDY HANDSHAKE
[195000] S0 MEMORY WRITE beat=13 addr=0cb78088 data=d25fa7aee62fb2ab id=03
[195000] MASTER 0 W_VALID_RDY Handshake beat=14 wlast=0
[205000] MASTER 0 W_VALID_RDY Handshake beat=15 wlast=0
[205000] AXI S0_WVALID_RDY HANDSHAKE
[205000] S0 MEMORY WRITE beat=14 addr=0cb78090 data=f30e8dffb748288d id=03
[215000] AXI S0_WVALID_RDY HANDSHAKE
[215000] S0 MEMORY WRITE beat=15 addr=0cb78098 data=1e38e24dc8eaa89f id=03
[215000] MASTER 0 W_VALID_RDY Handshake beat=16 wlast=0
[225000] MASTER 0 W_VALID_RDY Handshake beat=17 wlast=0
[225000] AXI S0_WVALID_RDY HANDSHAKE
[225000] S0 MEMORY WRITE beat=16 addr=0cb780a0 data=af1a5b4ad98e6f07 id=03
[235000] AXI S0_WVALID_RDY HANDSHAKE
[235000] S0 MEMORY WRITE beat=17 addr=0cb780a8 data=90d69794f09889fb id=03
[235000] MASTER 0 W_VALID_RDY Handshake beat=18 wlast=0
[245000] MASTER 0 W_VALID_RDY Handshake beat=19 wlast=0
[245000] AXI S0_WVALID_RDY HANDSHAKE
[245000] S0 MEMORY WRITE beat=18 addr=0cb780b0 data=b983329aa228e949 id=03
[255000] AXI S0_WVALID_RDY HANDSHAKE
[255000] S0 MEMORY WRITE beat=19 addr=0cb780b8 data=fbb75850af0f79e1 id=03
[255000] MASTER 0 W_VALID_RDY Handshake beat=20 wlast=0
[265000] MASTER 0 W_VALID_RDY Handshake beat=21 wlast=0
[265000] AXI S0_WVALID_RDY HANDSHAKE
[265000] S0 MEMORY WRITE beat=20 addr=0cb780c0 data=1fa803dde89d8de5 id=03
[275000] AXI S0_WVALID_RDY HANDSHAKE
[275000] S0 MEMORY WRITE beat=21 addr=0cb780c8 data=8ac6772e0c8defe5 id=03
[275000] MASTER 0 W_VALID_RDY Handshake beat=22 wlast=0
[285000] MASTER 0 W_VALID_RDY Handshake beat=23 wlast=0
[285000] AXI S0_WVALID_RDY HANDSHAKE
[285000] S0 MEMORY WRITE beat=22 addr=0cb780d0 data=bb9d69c6d92b3677 id=03
[295000] AXI S0_WVALID_RDY HANDSHAKE
[295000] S0 MEMORY WRITE beat=23 addr=0cb780d8 data=c1c8c45c067dcf7f id=03
[295000] MASTER 0 W_VALID_RDY Handshake beat=24 wlast=0
[305000] MASTER 0 W_VALID_RDY Handshake beat=25 wlast=0
[305000] AXI S0_WVALID_RDY HANDSHAKE
[305000] S0 MEMORY WRITE beat=24 addr=0cb780e0 data=130bbf64db456da3 id=03
[315000] AXI S0_WVALID_RDY HANDSHAKE
[315000] S0 MEMORY WRITE beat=25 addr=0cb780e8 data=3470a41bcc8f3b8b id=03
[315000] MASTER 0 W_VALID_RDY Handshake beat=26 wlast=0
[325000] MASTER 0 W_VALID_RDY Handshake beat=27 wlast=0
[325000] AXI S0_WVALID_RDY HANDSHAKE
[325000] S0 MEMORY WRITE beat=26 addr=0cb780f0 data=d30d0b0acea9292a id=03
[335000] AXI S0_WVALID_RDY HANDSHAKE
[335000] S0 MEMORY WRITE beat=27 addr=0cb780f8 data=29ee96cef6396877 id=03
[335000] MASTER 0 W_VALID_RDY Handshake beat=28 wlast=0
[345000] MASTER 0 W_VALID_RDY Handshake beat=29 wlast=0
[345000] AXI S0_WVALID_RDY HANDSHAKE
[345000] S0 MEMORY WRITE beat=28 addr=0cb78100 data=c2c8a402e618ca6e id=03
[355000] AXI S0_WVALID_RDY HANDSHAKE
[355000] S0 MEMORY WRITE beat=29 addr=0cb78108 data=b4c1f398de5f3ae9 id=03
[355000] MASTER 0 W_VALID_RDY Handshake beat=30 wlast=0
[365000] MASTER 0 W_VALID_RDY Handshake beat=31 wlast=0
[365000] AXI S0_WVALID_RDY HANDSHAKE
[365000] S0 MEMORY WRITE beat=30 addr=0cb78110 data=d498a36095d5af0c id=03
[375000] AXI S0_WVALID_RDY HANDSHAKE
[375000] S0 MEMORY WRITE beat=31 addr=0cb78118 data=fbee797adeb08a66 id=03
[375000] MASTER 0 W_VALID_RDY Handshake beat=32 wlast=0
[385000] MASTER 0 W_VALID_RDY Handshake beat=33 wlast=0
[385000] AXI S0_WVALID_RDY HANDSHAKE
[385000] S0 MEMORY WRITE beat=32 addr=0cb78120 data=bd0fc54f17614763 id=03
[395000] AXI S0_WVALID_RDY HANDSHAKE
[395000] S0 MEMORY WRITE beat=33 addr=0cb78128 data=ad36f66f30b06d13 id=03
[395000] MASTER 0 W_VALID_RDY Handshake beat=34 wlast=0
[405000] MASTER 0 W_VALID_RDY Handshake beat=35 wlast=0
[405000] AXI S0_WVALID_RDY HANDSHAKE
[405000] S0 MEMORY WRITE beat=34 addr=0cb78130 data=8f60f77911a868b0 id=03
[415000] AXI S0_WVALID_RDY HANDSHAKE
[415000] S0 MEMORY WRITE beat=35 addr=0cb78138 data=2909b01329256fea id=03
[415000] MASTER 0 W_VALID_RDY Handshake beat=36 wlast=0
[425000] MASTER 0 W_VALID_RDY Handshake beat=37 wlast=0
[425000] AXI S0_WVALID_RDY HANDSHAKE
[425000] S0 MEMORY WRITE beat=36 addr=0cb78140 data=d9d5dcfdcc70bcc9 id=03
[435000] AXI S0_WVALID_RDY HANDSHAKE
[435000] S0 MEMORY WRITE beat=37 addr=0cb78148 data=de192579d640a682 id=03
[435000] MASTER 0 W_VALID_RDY Handshake beat=38 wlast=0
[445000] MASTER 0 W_VALID_RDY Handshake beat=39 wlast=0
[445000] AXI S0_WVALID_RDY HANDSHAKE
[445000] S0 MEMORY WRITE beat=38 addr=0cb78150 data=ff66166ce936d476 id=03
[455000] AXI S0_WVALID_RDY HANDSHAKE
[455000] S0 MEMORY WRITE beat=39 addr=0cb78158 data=b5a7913f0722d58c id=03
[455000] MASTER 0 W_VALID_RDY Handshake beat=40 wlast=0
[465000] MASTER 0 W_VALID_RDY Handshake beat=41 wlast=0
[465000] AXI S0_WVALID_RDY HANDSHAKE
[465000] S0 MEMORY WRITE beat=40 addr=0cb78160 data=dd637c0ed93bf369 id=03
[475000] AXI S0_WVALID_RDY HANDSHAKE
[475000] S0 MEMORY WRITE beat=41 addr=0cb78168 data=c272c7e093c0b6b8 id=03
[475000] MASTER 0 W_VALID_RDY Handshake beat=42 wlast=0
[485000] MASTER 0 W_VALID_RDY Handshake beat=43 wlast=0
[485000] AXI S0_WVALID_RDY HANDSHAKE
[485000] S0 MEMORY WRITE beat=42 addr=0cb78170 data=9ae38c44dcc9927b id=03
[495000] AXI S0_WVALID_RDY HANDSHAKE
[495000] S0 MEMORY WRITE beat=43 addr=0cb78178 data=b60585e4f81a591f id=03
[495000] MASTER 0 W_VALID_RDY Handshake beat=44 wlast=0
[505000] MASTER 0 W_VALID_RDY Handshake beat=45 wlast=0
[505000] AXI S0_WVALID_RDY HANDSHAKE
[505000] S0 MEMORY WRITE beat=44 addr=0cb78180 data=0bdb0fd8f8470853 id=03
[515000] AXI S0_WVALID_RDY HANDSHAKE
[515000] S0 MEMORY WRITE beat=45 addr=0cb78188 data=d5109acef8784dc4 id=03
[515000] MASTER 0 W_VALID_RDY Handshake beat=46 wlast=0
[525000] MASTER 0 W_VALID_RDY Handshake beat=47 wlast=0
[525000] AXI S0_WVALID_RDY HANDSHAKE
[525000] S0 MEMORY WRITE beat=46 addr=0cb78190 data=f092a6e4a6be9c1c id=03
[535000] AXI S0_WVALID_RDY HANDSHAKE
[535000] S0 MEMORY WRITE beat=47 addr=0cb78198 data=9f05a46f8b1620b2 id=03
[535000] MASTER 0 W_VALID_RDY Handshake beat=48 wlast=0
[545000] MASTER 0 W_VALID_RDY Handshake beat=49 wlast=0
[545000] AXI S0_WVALID_RDY HANDSHAKE
[545000] S0 MEMORY WRITE beat=48 addr=0cb781a0 data=038e6e77fc6db6bc id=03
[555000] AXI S0_WVALID_RDY HANDSHAKE
[555000] S0 MEMORY WRITE beat=49 addr=0cb781a8 data=a32c52d8f4163f3d id=03
[555000] MASTER 0 W_VALID_RDY Handshake beat=50 wlast=0
[565000] MASTER 0 W_VALID_RDY Handshake beat=51 wlast=0
[565000] AXI S0_WVALID_RDY HANDSHAKE
[565000] S0 MEMORY WRITE beat=50 addr=0cb781b0 data=ff2c5ff0f421155b id=03
[575000] AXI S0_WVALID_RDY HANDSHAKE
[575000] S0 MEMORY WRITE beat=51 addr=0cb781b8 data=f08ecc17c231f748 id=03
[575000] MASTER 0 W_VALID_RDY Handshake beat=52 wlast=0
[585000] MASTER 0 W_VALID_RDY Handshake beat=53 wlast=0
[585000] AXI S0_WVALID_RDY HANDSHAKE
[585000] S0 MEMORY WRITE beat=52 addr=0cb781c0 data=b648368502bace67 id=03
[595000] AXI S0_WVALID_RDY HANDSHAKE
[595000] S0 MEMORY WRITE beat=53 addr=0cb781c8 data=f6dbe3c293bb1eef id=03
[595000] MASTER 0 W_VALID_RDY Handshake beat=54 wlast=0
[605000] MASTER 0 W_VALID_RDY Handshake beat=55 wlast=0
[605000] AXI S0_WVALID_RDY HANDSHAKE
[605000] S0 MEMORY WRITE beat=54 addr=0cb781d0 data=d5ed1637b5749675 id=03
[615000] AXI S0_WVALID_RDY HANDSHAKE
[615000] S0 MEMORY WRITE beat=55 addr=0cb781d8 data=b82f64dce76aafd9 id=03
[615000] MASTER 0 W_VALID_RDY Handshake beat=56 wlast=0
[625000] MASTER 0 W_VALID_RDY Handshake beat=57 wlast=0
[625000] AXI S0_WVALID_RDY HANDSHAKE
[625000] S0 MEMORY WRITE beat=56 addr=0cb781e0 data=fb25cec80c354cbd id=03
[635000] AXI S0_WVALID_RDY HANDSHAKE
[635000] S0 MEMORY WRITE beat=57 addr=0cb781e8 data=c1a9e332af0b489e id=03
[635000] MASTER 0 W_VALID_RDY Handshake beat=58 wlast=0
[645000] MASTER 0 W_VALID_RDY Handshake beat=59 wlast=0
[645000] AXI S0_WVALID_RDY HANDSHAKE
[645000] S0 MEMORY WRITE beat=58 addr=0cb781f0 data=9675f877d112e500 id=03
[655000] AXI S0_WVALID_RDY HANDSHAKE
[655000] S0 MEMORY WRITE beat=59 addr=0cb781f8 data=dd4831bdf9d9480f id=03
[655000] MASTER 0 W_VALID_RDY Handshake beat=60 wlast=0
[665000] MASTER 0 W_VALID_RDY Handshake beat=61 wlast=0
[665000] AXI S0_WVALID_RDY HANDSHAKE
[665000] S0 MEMORY WRITE beat=60 addr=0cb78200 data=a8e490ad119bc740 id=03
[675000] AXI S0_WVALID_RDY HANDSHAKE
[675000] S0 MEMORY WRITE beat=61 addr=0cb78208 data=e2aeac409ef214ef id=03
[675000] MASTER 0 W_VALID_RDY Handshake beat=62 wlast=0
[685000] MASTER 0 W_VALID_RDY Handshake beat=63 wlast=0
[685000] AXI S0_WVALID_RDY HANDSHAKE
[685000] S0 MEMORY WRITE beat=62 addr=0cb78210 data=98cb5cfe3f5a8925 id=03
[695000] AXI S0_WVALID_RDY HANDSHAKE
[695000] S0 MEMORY WRITE beat=63 addr=0cb78218 data=d0f650653ff6ddfd id=03
[695000] MASTER 0 W_VALID_RDY Handshake beat=64 wlast=0
[705000] MASTER 0 W_VALID_RDY Handshake beat=65 wlast=0
[705000] AXI S0_WVALID_RDY HANDSHAKE
[705000] S0 MEMORY WRITE beat=64 addr=0cb78220 data=dee8f2ecc1afedac id=03
[715000] AXI S0_WVALID_RDY HANDSHAKE
[715000] S0 MEMORY WRITE beat=65 addr=0cb78228 data=010a76d133a4fca5 id=03
[715000] MASTER 0 W_VALID_RDY Handshake beat=66 wlast=0
[725000] MASTER 0 W_VALID_RDY Handshake beat=67 wlast=0
[725000] AXI S0_WVALID_RDY HANDSHAKE
[725000] S0 MEMORY WRITE beat=66 addr=0cb78230 data=f39bdaa2f7b44feb id=03
[735000] AXI S0_WVALID_RDY HANDSHAKE
[735000] S0 MEMORY WRITE beat=67 addr=0cb78238 data=39643d97d200c736 id=03
[735000] MASTER 0 W_VALID_RDY Handshake beat=68 wlast=0
[745000] MASTER 0 W_VALID_RDY Handshake beat=69 wlast=0
[745000] AXI S0_WVALID_RDY HANDSHAKE
[745000] S0 MEMORY WRITE beat=68 addr=0cb78240 data=05a5c3dbd284cd8e id=03
[755000] AXI S0_WVALID_RDY HANDSHAKE
[755000] S0 MEMORY WRITE beat=69 addr=0cb78248 data=ca391d793a6eb468 id=03
[755000] MASTER 0 W_VALID_RDY Handshake beat=70 wlast=0
[765000] MASTER 0 W_VALID_RDY Handshake beat=71 wlast=0
[765000] AXI S0_WVALID_RDY HANDSHAKE
[765000] S0 MEMORY WRITE beat=70 addr=0cb78250 data=0c6f7b9ef9419e7d id=03
[775000] AXI S0_WVALID_RDY HANDSHAKE
[775000] S0 MEMORY WRITE beat=71 addr=0cb78258 data=cbc66c0b839d5b10 id=03
[775000] MASTER 0 W_VALID_RDY Handshake beat=72 wlast=0
[785000] MASTER 0 W_VALID_RDY Handshake beat=73 wlast=0
[785000] AXI S0_WVALID_RDY HANDSHAKE
[785000] S0 MEMORY WRITE beat=72 addr=0cb78260 data=be0c0f7812153f79 id=03
[795000] AXI S0_WVALID_RDY HANDSHAKE
[795000] S0 MEMORY WRITE beat=73 addr=0cb78268 data=0b56ddf615ff8985 id=03
[795000] MASTER 0 W_VALID_RDY Handshake beat=74 wlast=0
[805000] MASTER 0 W_VALID_RDY Handshake beat=75 wlast=0
[805000] AXI S0_WVALID_RDY HANDSHAKE
[805000] S0 MEMORY WRITE beat=74 addr=0cb78270 data=999ce495ca7b8b16 id=03
[815000] AXI S0_WVALID_RDY HANDSHAKE
[815000] S0 MEMORY WRITE beat=75 addr=0cb78278 data=dc90ca8fd71d4a01 id=03
[815000] MASTER 0 W_VALID_RDY Handshake beat=76 wlast=0
[825000] MASTER 0 W_VALID_RDY Handshake beat=77 wlast=0
[825000] AXI S0_WVALID_RDY HANDSHAKE
[825000] S0 MEMORY WRITE beat=76 addr=0cb78280 data=ed1cd386d7a8f40e id=03
[835000] AXI S0_WVALID_RDY HANDSHAKE
[835000] S0 MEMORY WRITE beat=77 addr=0cb78288 data=a2247f24e7e7a885 id=03
[835000] MASTER 0 W_VALID_RDY Handshake beat=78 wlast=0
[845000] MASTER 0 W_VALID_RDY Handshake beat=79 wlast=0
[845000] AXI S0_WVALID_RDY HANDSHAKE
[845000] S0 MEMORY WRITE beat=78 addr=0cb78290 data=3f04f28706b9b81c id=03
[855000] AXI S0_WVALID_RDY HANDSHAKE
[855000] S0 MEMORY WRITE beat=79 addr=0cb78298 data=de62ac2afeb549b4 id=03
[855000] MASTER 0 W_VALID_RDY Handshake beat=80 wlast=0
[865000] MASTER 0 W_VALID_RDY Handshake beat=81 wlast=0
[865000] AXI S0_WVALID_RDY HANDSHAKE
[865000] S0 MEMORY WRITE beat=80 addr=0cb782a0 data=e69cf239ac21c60d id=03
[875000] AXI S0_WVALID_RDY HANDSHAKE
[875000] S0 MEMORY WRITE beat=81 addr=0cb782a8 data=b2db7e2980872b4e id=03
[875000] MASTER 0 W_VALID_RDY Handshake beat=82 wlast=0
[885000] MASTER 0 W_VALID_RDY Handshake beat=83 wlast=0
[885000] AXI S0_WVALID_RDY HANDSHAKE
[885000] S0 MEMORY WRITE beat=82 addr=0cb782b0 data=ff3c7502a5a1e4c0 id=03
[895000] AXI S0_WVALID_RDY HANDSHAKE
[895000] S0 MEMORY WRITE beat=83 addr=0cb782b8 data=d1c3aace913e2a53 id=03
[895000] MASTER 0 W_VALID_RDY Handshake beat=84 wlast=0
[905000] MASTER 0 W_VALID_RDY Handshake beat=85 wlast=0
[905000] AXI S0_WVALID_RDY HANDSHAKE
[905000] S0 MEMORY WRITE beat=84 addr=0cb782c0 data=11c555a2e5d9673c id=03
[915000] AXI S0_WVALID_RDY HANDSHAKE
[915000] S0 MEMORY WRITE beat=85 addr=0cb782c8 data=8b7b4bfc849f28f7 id=03
[915000] MASTER 0 W_VALID_RDY Handshake beat=86 wlast=0
[925000] MASTER 0 W_VALID_RDY Handshake beat=87 wlast=0
[925000] AXI S0_WVALID_RDY HANDSHAKE
[925000] S0 MEMORY WRITE beat=86 addr=0cb782d0 data=15dd534b9101caa4 id=03
[935000] AXI S0_WVALID_RDY HANDSHAKE
[935000] S0 MEMORY WRITE beat=87 addr=0cb782d8 data=f6db31e0dd3ef6ca id=03
[935000] MASTER 0 W_VALID_RDY Handshake beat=88 wlast=0
[945000] MASTER 0 W_VALID_RDY Handshake beat=89 wlast=0
[945000] AXI S0_WVALID_RDY HANDSHAKE
[945000] S0 MEMORY WRITE beat=88 addr=0cb782e0 data=e1de1fc227a2a8ed id=03
[955000] AXI S0_WVALID_RDY HANDSHAKE
[955000] S0 MEMORY WRITE beat=89 addr=0cb782e8 data=b8a4739102567ddd id=03
[955000] MASTER 0 W_VALID_RDY Handshake beat=90 wlast=0
[965000] MASTER 0 W_VALID_RDY Handshake beat=91 wlast=0
[965000] AXI S0_WVALID_RDY HANDSHAKE
[965000] S0 MEMORY WRITE beat=90 addr=0cb782f0 data=df9574a7f7bb730d id=03
[975000] AXI S0_WVALID_RDY HANDSHAKE
[975000] S0 MEMORY WRITE beat=91 addr=0cb782f8 data=1f5e1bfa2f7fa572 id=03
[975000] MASTER 0 W_VALID_RDY Handshake beat=92 wlast=0
[985000] MASTER 0 W_VALID_RDY Handshake beat=93 wlast=0
[985000] AXI S0_WVALID_RDY HANDSHAKE
[985000] S0 MEMORY WRITE beat=92 addr=0cb78300 data=31d6234fc1739469 id=03
[995000] AXI S0_WVALID_RDY HANDSHAKE
[995000] S0 MEMORY WRITE beat=93 addr=0cb78308 data=b92f0776d8028f8b id=03
[995000] MASTER 0 W_VALID_RDY Handshake beat=94 wlast=0
[1005000] MASTER 0 W_VALID_RDY Handshake beat=95 wlast=0
[1005000] AXI S0_WVALID_RDY HANDSHAKE
[1005000] S0 MEMORY WRITE beat=94 addr=0cb78310 data=878234fd916b97f6 id=03
[1015000] AXI S0_WVALID_RDY HANDSHAKE
[1015000] S0 MEMORY WRITE beat=95 addr=0cb78318 data=d2df2c60d88d2370 id=03
[1015000] MASTER 0 W_VALID_RDY Handshake beat=96 wlast=0
[1025000] MASTER 0 W_VALID_RDY Handshake beat=97 wlast=0
[1025000] AXI S0_WVALID_RDY HANDSHAKE
[1025000] S0 MEMORY WRITE beat=96 addr=0cb78320 data=308fb2fcb958584c id=03
[1035000] AXI S0_WVALID_RDY HANDSHAKE
[1035000] S0 MEMORY WRITE beat=97 addr=0cb78328 data=cac3f0438c0e33d6 id=03
[1035000] MASTER 0 W_VALID_RDY Handshake beat=98 wlast=0
[1045000] MASTER 0 W_VALID_RDY Handshake beat=99 wlast=0
[1045000] AXI S0_WVALID_RDY HANDSHAKE
[1045000] S0 MEMORY WRITE beat=98 addr=0cb78330 data=e49b5747b811e7f9 id=03
[1055000] AXI S0_WVALID_RDY HANDSHAKE
[1055000] S0 MEMORY WRITE beat=99 addr=0cb78338 data=f16a40461da31ca3 id=03
[1055000] MASTER 0 W_VALID_RDY Handshake beat=100 wlast=0
[1065000] MASTER 0 W_VALID_RDY Handshake beat=101 wlast=0
[1065000] AXI S0_WVALID_RDY HANDSHAKE
[1065000] S0 MEMORY WRITE beat=100 addr=0cb78340 data=a9b15079152b0a43 id=03
[1075000] AXI S0_WVALID_RDY HANDSHAKE
[1075000] S0 MEMORY WRITE beat=101 addr=0cb78348 data=cd3cf23c3c2e3089 id=03
[1075000] MASTER 0 W_VALID_RDY Handshake beat=102 wlast=0
[1085000] MASTER 0 W_VALID_RDY Handshake beat=103 wlast=0
[1085000] AXI S0_WVALID_RDY HANDSHAKE
[1085000] S0 MEMORY WRITE beat=102 addr=0cb78350 data=d9d14d2c8e4ca7c0 id=03
[1095000] AXI S0_WVALID_RDY HANDSHAKE
[1095000] S0 MEMORY WRITE beat=103 addr=0cb78358 data=a377b203bea73282 id=03
[1095000] MASTER 0 W_VALID_RDY Handshake beat=104 wlast=1
[1095000] MASTER_DRIVER0 received transaction, op=AXI_READ
[1105000] AXI S0_WVALID_RDY HANDSHAKE
[1105000] S0 MEMORY WRITE beat=104 addr=0cb78360 data=fad5630b83829da5 id=03
[1115000] SLAVE0 sent B resp, id=3
[1115000] [SLAVE MONITOR] mst_id=0 s_id=0 awaddr=cb78020 awid=11 awlen=104 awsize=3 awburst=1 wdata=[9fe8372370b1478 e440cab4ff904c00 2eb3076d03b5513d 3ac065b536454b4c b5d5974c38b18adf 3c66dc1c1f013069 d5467bb5e4889eb9 9d3a2998f72741d1 1628723a8b1c1301 efa4b1bbd9a105b4 d0c84785eb6eedef f68b00f08cdedb53 e67fe108e6f0b9bf d25fa7aee62fb2ab f30e8dffb748288d 1e38e24dc8eaa89f af1a5b4ad98e6f07 90d69794f09889fb b983329aa228e949 fbb75850af0f79e1 1fa803dde89d8de5 8ac6772e0c8defe5 bb9d69c6d92b3677 c1c8c45c067dcf7f 130bbf64db456da3 3470a41bcc8f3b8b d30d0b0acea9292a 29ee96cef6396877 c2c8a402e618ca6e b4c1f398de5f3ae9 d498a36095d5af0c fbee797adeb08a66 bd0fc54f17614763 ad36f66f30b06d13 8f60f77911a868b0 2909b01329256fea d9d5dcfdcc70bcc9 de192579d640a682 ff66166ce936d476 b5a7913f0722d58c dd637c0ed93bf369 c272c7e093c0b6b8 9ae38c44dcc9927b b60585e4f81a591f bdb0fd8f8470853 d5109acef8784dc4 f092a6e4a6be9c1c 9f05a46f8b1620b2 38e6e77fc6db6bc a32c52d8f4163f3d ff2c5ff0f421155b f08ecc17c231f748 b648368502bace67 f6dbe3c293bb1eef d5ed1637b5749675 b82f64dce76aafd9 fb25cec80c354cbd c1a9e332af0b489e 9675f877d112e500 dd4831bdf9d9480f a8e490ad119bc740 e2aeac409ef214ef 98cb5cfe3f5a8925 d0f650653ff6ddfd dee8f2ecc1afedac 10a76d133a4fca5 f39bdaa2f7b44feb 39643d97d200c736 5a5c3dbd284cd8e ca391d793a6eb468 c6f7b9ef9419e7d cbc66c0b839d5b10 be0c0f7812153f79 b56ddf615ff8985 999ce495ca7b8b16 dc90ca8fd71d4a01 ed1cd386d7a8f40e a2247f24e7e7a885 3f04f28706b9b81c de62ac2afeb549b4 e69cf239ac21c60d b2db7e2980872b4e ff3c7502a5a1e4c0 d1c3aace913e2a53 11c555a2e5d9673c 8b7b4bfc849f28f7 15dd534b9101caa4 f6db31e0dd3ef6ca e1de1fc227a2a8ed b8a4739102567ddd df9574a7f7bb730d 1f5e1bfa2f7fa572 31d6234fc1739469 b92f0776d8028f8b 878234fd916b97f6 d2df2c60d88d2370 308fb2fcb958584c cac3f0438c0e33d6 e49b5747b811e7f9 f16a40461da31ca3 a9b15079152b0a43 cd3cf23c3c2e3089 d9d14d2c8e4ca7c0 a377b203bea73282 fad5630b83829da5 ] wstrb=[40 66 37 c2 69 dd ce a9 43 5 6c ac e2 3a 56 25 3f c2 d2 22 fc 28 47 3b ea 19 5d e6 41 a5 21 2b be 7f 11 0 24 33 2b e2 b2 3d e2 d6 70 e b8 22 4b 9b f8 bb a9 b0 dd f4 4b d5 af f4 85 8c e8 d1 61 97 c5 e6 23 ae b7 84 45 7d 6b 69 2b 22 ed 70 9f 58 d9 ca 7b c7 3b 1a 1f 14 e5 9a db 20 b5 fb 34 9a 95 10 ba 4a b ee e4 ] bresp=0 bid=11
[1115000] MASTER_DRIVER0 received transaction, op=AXI_WRITE
[1125000] ARB MONITOR: slave=0 m0_req=0 m1_req=1 winner=1
[1125000] ARB MONITOR: slave=1 m0_req=1 m1_req=0 winner=0
[1125000] AXI S0_ARVALID_RDY HANDSHAKE
[1125000] MEMORY READ MISS beat=0 addr=15492c48 -> default data id=1
[1125000] AXI S0_AWVALID_RDY HANDSHAKE
[1135000] AXI S0_WVALID_RDY HANDSHAKE
[1135000] S0 MEMORY WRITE beat=0 addr=092e5698 data=d0459f60905101b2 id=15
[1135000] MEMORY READ MISS beat=1 addr=15492c50 -> default data id=1
[1135000] SLAVE 1 R_VALID_RDY Handshake beat=0 rlast=0
[1135000] MASTER 0 AW_VALID_RDY Handshake
[1135000] MASTER 0 B_VALID_RDY Handshake
[1135000] [MASTER MONITOR] mst_id=0 s_id=0 awaddr=cb78020 awid=11 awlen=104 awsize=3 awburst=1 wdata=[9fe8372370b1478 e440cab4ff904c00 2eb3076d03b5513d 3ac065b536454b4c b5d5974c38b18adf 3c66dc1c1f013069 d5467bb5e4889eb9 9d3a2998f72741d1 1628723a8b1c1301 efa4b1bbd9a105b4 d0c84785eb6eedef f68b00f08cdedb53 e67fe108e6f0b9bf d25fa7aee62fb2ab f30e8dffb748288d 1e38e24dc8eaa89f af1a5b4ad98e6f07 90d69794f09889fb b983329aa228e949 fbb75850af0f79e1 1fa803dde89d8de5 8ac6772e0c8defe5 bb9d69c6d92b3677 c1c8c45c067dcf7f 130bbf64db456da3 3470a41bcc8f3b8b d30d0b0acea9292a 29ee96cef6396877 c2c8a402e618ca6e b4c1f398de5f3ae9 d498a36095d5af0c fbee797adeb08a66 bd0fc54f17614763 ad36f66f30b06d13 8f60f77911a868b0 2909b01329256fea d9d5dcfdcc70bcc9 de192579d640a682 ff66166ce936d476 b5a7913f0722d58c dd637c0ed93bf369 c272c7e093c0b6b8 9ae38c44dcc9927b b60585e4f81a591f bdb0fd8f8470853 d5109acef8784dc4 f092a6e4a6be9c1c 9f05a46f8b1620b2 38e6e77fc6db6bc a32c52d8f4163f3d ff2c5ff0f421155b f08ecc17c231f748 b648368502bace67 f6dbe3c293bb1eef d5ed1637b5749675 b82f64dce76aafd9 fb25cec80c354cbd c1a9e332af0b489e 9675f877d112e500 dd4831bdf9d9480f a8e490ad119bc740 e2aeac409ef214ef 98cb5cfe3f5a8925 d0f650653ff6ddfd dee8f2ecc1afedac 10a76d133a4fca5 f39bdaa2f7b44feb 39643d97d200c736 5a5c3dbd284cd8e ca391d793a6eb468 c6f7b9ef9419e7d cbc66c0b839d5b10 be0c0f7812153f79 b56ddf615ff8985 999ce495ca7b8b16 dc90ca8fd71d4a01 ed1cd386d7a8f40e a2247f24e7e7a885 3f04f28706b9b81c de62ac2afeb549b4 e69cf239ac21c60d b2db7e2980872b4e ff3c7502a5a1e4c0 d1c3aace913e2a53 11c555a2e5d9673c 8b7b4bfc849f28f7 15dd534b9101caa4 f6db31e0dd3ef6ca e1de1fc227a2a8ed b8a4739102567ddd df9574a7f7bb730d 1f5e1bfa2f7fa572 31d6234fc1739469 b92f0776d8028f8b 878234fd916b97f6 d2df2c60d88d2370 308fb2fcb958584c cac3f0438c0e33d6 e49b5747b811e7f9 f16a40461da31ca3 a9b15079152b0a43 cd3cf23c3c2e3089 d9d14d2c8e4ca7c0 a377b203bea73282 fad5630b83829da5 ] wstrb=[40 66 37 c2 69 dd ce a9 43 5 6c ac e2 3a 56 25 3f c2 d2 22 fc 28 47 3b ea 19 5d e6 41 a5 21 2b be 7f 11 0 24 33 2b e2 b2 3d e2 d6 70 e b8 22 4b 9b f8 bb a9 b0 dd f4 4b d5 af f4 85 8c e8 d1 61 97 c5 e6 23 ae b7 84 45 7d 6b 69 2b 22 ed 70 9f 58 d9 ca 7b c7 3b 1a 1f 14 e5 9a db 20 b5 fb 34 9a 95 10 ba 4a b ee e4 ] bresp=0 bid=11
[1135000] MASTER 0 RECEIVED BRESP. BRESP=0
[1135000] [MASTER DRIVER] mst_id=0 s_id=0 awaddr=cb78020 awid=11 awlen=104 awsize=3 awburst=1 wdata=[9fe8372370b1478 e440cab4ff904c00 2eb3076d03b5513d 3ac065b536454b4c b5d5974c38b18adf 3c66dc1c1f013069 d5467bb5e4889eb9 9d3a2998f72741d1 1628723a8b1c1301 efa4b1bbd9a105b4 d0c84785eb6eedef f68b00f08cdedb53 e67fe108e6f0b9bf d25fa7aee62fb2ab f30e8dffb748288d 1e38e24dc8eaa89f af1a5b4ad98e6f07 90d69794f09889fb b983329aa228e949 fbb75850af0f79e1 1fa803dde89d8de5 8ac6772e0c8defe5 bb9d69c6d92b3677 c1c8c45c067dcf7f 130bbf64db456da3 3470a41bcc8f3b8b d30d0b0acea9292a 29ee96cef6396877 c2c8a402e618ca6e b4c1f398de5f3ae9 d498a36095d5af0c fbee797adeb08a66 bd0fc54f17614763 ad36f66f30b06d13 8f60f77911a868b0 2909b01329256fea d9d5dcfdcc70bcc9 de192579d640a682 ff66166ce936d476 b5a7913f0722d58c dd637c0ed93bf369 c272c7e093c0b6b8 9ae38c44dcc9927b b60585e4f81a591f bdb0fd8f8470853 d5109acef8784dc4 f092a6e4a6be9c1c 9f05a46f8b1620b2 38e6e77fc6db6bc a32c52d8f4163f3d ff2c5ff0f421155b f08ecc17c231f748 b648368502bace67 f6dbe3c293bb1eef d5ed1637b5749675 b82f64dce76aafd9 fb25cec80c354cbd c1a9e332af0b489e 9675f877d112e500 dd4831bdf9d9480f a8e490ad119bc740 e2aeac409ef214ef 98cb5cfe3f5a8925 d0f650653ff6ddfd dee8f2ecc1afedac 10a76d133a4fca5 f39bdaa2f7b44feb 39643d97d200c736 5a5c3dbd284cd8e ca391d793a6eb468 c6f7b9ef9419e7d cbc66c0b839d5b10 be0c0f7812153f79 b56ddf615ff8985 999ce495ca7b8b16 dc90ca8fd71d4a01 ed1cd386d7a8f40e a2247f24e7e7a885 3f04f28706b9b81c de62ac2afeb549b4 e69cf239ac21c60d b2db7e2980872b4e ff3c7502a5a1e4c0 d1c3aace913e2a53 11c555a2e5d9673c 8b7b4bfc849f28f7 15dd534b9101caa4 f6db31e0dd3ef6ca e1de1fc227a2a8ed b8a4739102567ddd df9574a7f7bb730d 1f5e1bfa2f7fa572 31d6234fc1739469 b92f0776d8028f8b 878234fd916b97f6 d2df2c60d88d2370 308fb2fcb958584c cac3f0438c0e33d6 e49b5747b811e7f9 f16a40461da31ca3 a9b15079152b0a43 cd3cf23c3c2e3089 d9d14d2c8e4ca7c0 a377b203bea73282 fad5630b83829da5 ] wstrb=[40 66 37 c2 69 dd ce a9 43 5 6c ac e2 3a 56 25 3f c2 d2 22 fc 28 47 3b ea 19 5d e6 41 a5 21 2b be 7f 11 0 24 33 2b e2 b2 3d e2 d6 70 e b8 22 4b 9b f8 bb a9 b0 dd f4 4b d5 af f4 85 8c e8 d1 61 97 c5 e6 23 ae b7 84 45 7d 6b 69 2b 22 ed 70 9f 58 d9 ca 7b c7 3b 1a 1f 14 e5 9a db 20 b5 fb 34 9a 95 10 ba 4a b ee e4 ] bresp=0 bid=11
[1135000] SCOREBOARD MATCH: decode_err expected = 0, actual =0
[1135000] SCOREBOARD MATCH: slave_id expected = 0, actual =0
[1135000] SCOREBOARD MATCH: awaddr passthrough expected = cb78020, actual =cb78020
[1135000] SCOREBOARD MATCH: awlen passthrough expected = 104, actual =104
[1135000] SCOREBOARD MATCH: awsize passthrough expected = 3, actual =3
[1135000] SCOREBOARD MATCH: awburst passthrough expected = 1, actual =1
[1135000] SCOREBOARD MATCH: wdata size check expected = 69, actual =69
[1135000] SCOREBOARD MATCH: wdata passthrough beat=0 expected = 9fe8372370b1478, actual =9fe8372370b1478
[1135000] SCOREBOARD MATCH: wdata passthrough beat=1 expected = e440cab4ff904c00, actual =e440cab4ff904c00
[1135000] SCOREBOARD MATCH: wdata passthrough beat=2 expected = 2eb3076d03b5513d, actual =2eb3076d03b5513d
[1135000] SCOREBOARD MATCH: wdata passthrough beat=3 expected = 3ac065b536454b4c, actual =3ac065b536454b4c
[1135000] SCOREBOARD MATCH: wdata passthrough beat=4 expected = b5d5974c38b18adf, actual =b5d5974c38b18adf
[1135000] SCOREBOARD MATCH: wdata passthrough beat=5 expected = 3c66dc1c1f013069, actual =3c66dc1c1f013069
[1135000] SCOREBOARD MATCH: wdata passthrough beat=6 expected = d5467bb5e4889eb9, actual =d5467bb5e4889eb9
[1135000] SCOREBOARD MATCH: wdata passthrough beat=7 expected = 9d3a2998f72741d1, actual =9d3a2998f72741d1
[1135000] SCOREBOARD MATCH: wdata passthrough beat=8 expected = 1628723a8b1c1301, actual =1628723a8b1c1301
[1135000] SCOREBOARD MATCH: wdata passthrough beat=9 expected = efa4b1bbd9a105b4, actual =efa4b1bbd9a105b4
[1135000] SCOREBOARD MATCH: wdata passthrough beat=10 expected = d0c84785eb6eedef, actual =d0c84785eb6eedef
[1135000] SCOREBOARD MATCH: wdata passthrough beat=11 expected = f68b00f08cdedb53, actual =f68b00f08cdedb53
[1135000] SCOREBOARD MATCH: wdata passthrough beat=12 expected = e67fe108e6f0b9bf, actual =e67fe108e6f0b9bf
[1135000] SCOREBOARD MATCH: wdata passthrough beat=13 expected = d25fa7aee62fb2ab, actual =d25fa7aee62fb2ab
[1135000] SCOREBOARD MATCH: wdata passthrough beat=14 expected = f30e8dffb748288d, actual =f30e8dffb748288d
[1135000] SCOREBOARD MATCH: wdata passthrough beat=15 expected = 1e38e24dc8eaa89f, actual =1e38e24dc8eaa89f
[1135000] SCOREBOARD MATCH: wdata passthrough beat=16 expected = af1a5b4ad98e6f07, actual =af1a5b4ad98e6f07
[1135000] SCOREBOARD MATCH: wdata passthrough beat=17 expected = 90d69794f09889fb, actual =90d69794f09889fb
[1135000] SCOREBOARD MATCH: wdata passthrough beat=18 expected = b983329aa228e949, actual =b983329aa228e949
[1135000] SCOREBOARD MATCH: wdata passthrough beat=19 expected = fbb75850af0f79e1, actual =fbb75850af0f79e1
[1135000] SCOREBOARD MATCH: wdata passthrough beat=20 expected = 1fa803dde89d8de5, actual =1fa803dde89d8de5
[1135000] SCOREBOARD MATCH: wdata passthrough beat=21 expected = 8ac6772e0c8defe5, actual =8ac6772e0c8defe5
[1135000] SCOREBOARD MATCH: wdata passthrough beat=22 expected = bb9d69c6d92b3677, actual =bb9d69c6d92b3677
[1135000] SCOREBOARD MATCH: wdata passthrough beat=23 expected = c1c8c45c067dcf7f, actual =c1c8c45c067dcf7f
[1135000] SCOREBOARD MATCH: wdata passthrough beat=24 expected = 130bbf64db456da3, actual =130bbf64db456da3
[1135000] SCOREBOARD MATCH: wdata passthrough beat=25 expected = 3470a41bcc8f3b8b, actual =3470a41bcc8f3b8b
[1135000] SCOREBOARD MATCH: wdata passthrough beat=26 expected = d30d0b0acea9292a, actual =d30d0b0acea9292a
[1135000] SCOREBOARD MATCH: wdata passthrough beat=27 expected = 29ee96cef6396877, actual =29ee96cef6396877
[1135000] SCOREBOARD MATCH: wdata passthrough beat=28 expected = c2c8a402e618ca6e, actual =c2c8a402e618ca6e
[1135000] SCOREBOARD MATCH: wdata passthrough beat=29 expected = b4c1f398de5f3ae9, actual =b4c1f398de5f3ae9
[1135000] SCOREBOARD MATCH: wdata passthrough beat=30 expected = d498a36095d5af0c, actual =d498a36095d5af0c
[1135000] SCOREBOARD MATCH: wdata passthrough beat=31 expected = fbee797adeb08a66, actual =fbee797adeb08a66
[1135000] SCOREBOARD MATCH: wdata passthrough beat=32 expected = bd0fc54f17614763, actual =bd0fc54f17614763
[1135000] SCOREBOARD MATCH: wdata passthrough beat=33 expected = ad36f66f30b06d13, actual =ad36f66f30b06d13
[1135000] SCOREBOARD MATCH: wdata passthrough beat=34 expected = 8f60f77911a868b0, actual =8f60f77911a868b0
[1135000] SCOREBOARD MATCH: wdata passthrough beat=35 expected = 2909b01329256fea, actual =2909b01329256fea
[1135000] SCOREBOARD MATCH: wdata passthrough beat=36 expected = d9d5dcfdcc70bcc9, actual =d9d5dcfdcc70bcc9
[1135000] SCOREBOARD MATCH: wdata passthrough beat=37 expected = de192579d640a682, actual =de192579d640a682
[1135000] SCOREBOARD MATCH: wdata passthrough beat=38 expected = ff66166ce936d476, actual =ff66166ce936d476
[1135000] SCOREBOARD MATCH: wdata passthrough beat=39 expected = b5a7913f0722d58c, actual =b5a7913f0722d58c
[1135000] SCOREBOARD MATCH: wdata passthrough beat=40 expected = dd637c0ed93bf369, actual =dd637c0ed93bf369
[1135000] SCOREBOARD MATCH: wdata passthrough beat=41 expected = c272c7e093c0b6b8, actual =c272c7e093c0b6b8
[1135000] SCOREBOARD MATCH: wdata passthrough beat=42 expected = 9ae38c44dcc9927b, actual =9ae38c44dcc9927b
[1135000] SCOREBOARD MATCH: wdata passthrough beat=43 expected = b60585e4f81a591f, actual =b60585e4f81a591f
[1135000] SCOREBOARD MATCH: wdata passthrough beat=44 expected = bdb0fd8f8470853, actual =bdb0fd8f8470853
[1135000] SCOREBOARD MATCH: wdata passthrough beat=45 expected = d5109acef8784dc4, actual =d5109acef8784dc4
[1135000] SCOREBOARD MATCH: wdata passthrough beat=46 expected = f092a6e4a6be9c1c, actual =f092a6e4a6be9c1c
[1135000] SCOREBOARD MATCH: wdata passthrough beat=47 expected = 9f05a46f8b1620b2, actual =9f05a46f8b1620b2
[1135000] SCOREBOARD MATCH: wdata passthrough beat=48 expected = 38e6e77fc6db6bc, actual =38e6e77fc6db6bc
[1135000] SCOREBOARD MATCH: wdata passthrough beat=49 expected = a32c52d8f4163f3d, actual =a32c52d8f4163f3d
[1135000] SCOREBOARD MATCH: wdata passthrough beat=50 expected = ff2c5ff0f421155b, actual =ff2c5ff0f421155b
[1135000] SCOREBOARD MATCH: wdata passthrough beat=51 expected = f08ecc17c231f748, actual =f08ecc17c231f748
[1135000] SCOREBOARD MATCH: wdata passthrough beat=52 expected = b648368502bace67, actual =b648368502bace67
[1135000] SCOREBOARD MATCH: wdata passthrough beat=53 expected = f6dbe3c293bb1eef, actual =f6dbe3c293bb1eef
[1135000] SCOREBOARD MATCH: wdata passthrough beat=54 expected = d5ed1637b5749675, actual =d5ed1637b5749675
[1135000] SCOREBOARD MATCH: wdata passthrough beat=55 expected = b82f64dce76aafd9, actual =b82f64dce76aafd9
[1135000] SCOREBOARD MATCH: wdata passthrough beat=56 expected = fb25cec80c354cbd, actual =fb25cec80c354cbd
[1135000] SCOREBOARD MATCH: wdata passthrough beat=57 expected = c1a9e332af0b489e, actual =c1a9e332af0b489e
[1135000] SCOREBOARD MATCH: wdata passthrough beat=58 expected = 9675f877d112e500, actual =9675f877d112e500
[1135000] SCOREBOARD MATCH: wdata passthrough beat=59 expected = dd4831bdf9d9480f, actual =dd4831bdf9d9480f
[1135000] SCOREBOARD MATCH: wdata passthrough beat=60 expected = a8e490ad119bc740, actual =a8e490ad119bc740
[1135000] SCOREBOARD MATCH: wdata passthrough beat=61 expected = e2aeac409ef214ef, actual =e2aeac409ef214ef
[1135000] SCOREBOARD MATCH: wdata passthrough beat=62 expected = 98cb5cfe3f5a8925, actual =98cb5cfe3f5a8925
[1135000] SCOREBOARD MATCH: wdata passthrough beat=63 expected = d0f650653ff6ddfd, actual =d0f650653ff6ddfd
[1135000] SCOREBOARD MATCH: wdata passthrough beat=64 expected = dee8f2ecc1afedac, actual =dee8f2ecc1afedac
[1135000] SCOREBOARD MATCH: wdata passthrough beat=65 expected = 10a76d133a4fca5, actual =10a76d133a4fca5
[1135000] SCOREBOARD MATCH: wdata passthrough beat=66 expected = f39bdaa2f7b44feb, actual =f39bdaa2f7b44feb
[1135000] SCOREBOARD MATCH: wdata passthrough beat=67 expected = 39643d97d200c736, actual =39643d97d200c736
[1135000] SCOREBOARD MATCH: wdata passthrough beat=68 expected = 5a5c3dbd284cd8e, actual =5a5c3dbd284cd8e
[1135000] SCOREBOARD MATCH: wdata passthrough beat=69 expected = ca391d793a6eb468, actual =ca391d793a6eb468
[1135000] SCOREBOARD MATCH: wdata passthrough beat=70 expected = c6f7b9ef9419e7d, actual =c6f7b9ef9419e7d
[1135000] SCOREBOARD MATCH: wdata passthrough beat=71 expected = cbc66c0b839d5b10, actual =cbc66c0b839d5b10
[1135000] SCOREBOARD MATCH: wdata passthrough beat=72 expected = be0c0f7812153f79, actual =be0c0f7812153f79
[1135000] SCOREBOARD MATCH: wdata passthrough beat=73 expected = b56ddf615ff8985, actual =b56ddf615ff8985
[1135000] SCOREBOARD MATCH: wdata passthrough beat=74 expected = 999ce495ca7b8b16, actual =999ce495ca7b8b16
[1135000] SCOREBOARD MATCH: wdata passthrough beat=75 expected = dc90ca8fd71d4a01, actual =dc90ca8fd71d4a01
[1135000] SCOREBOARD MATCH: wdata passthrough beat=76 expected = ed1cd386d7a8f40e, actual =ed1cd386d7a8f40e
[1135000] SCOREBOARD MATCH: wdata passthrough beat=77 expected = a2247f24e7e7a885, actual =a2247f24e7e7a885
[1135000] SCOREBOARD MATCH: wdata passthrough beat=78 expected = 3f04f28706b9b81c, actual =3f04f28706b9b81c
[1135000] SCOREBOARD MATCH: wdata passthrough beat=79 expected = de62ac2afeb549b4, actual =de62ac2afeb549b4
[1135000] SCOREBOARD MATCH: wdata passthrough beat=80 expected = e69cf239ac21c60d, actual =e69cf239ac21c60d
[1135000] SCOREBOARD MATCH: wdata passthrough beat=81 expected = b2db7e2980872b4e, actual =b2db7e2980872b4e
[1135000] SCOREBOARD MATCH: wdata passthrough beat=82 expected = ff3c7502a5a1e4c0, actual =ff3c7502a5a1e4c0
[1135000] SCOREBOARD MATCH: wdata passthrough beat=83 expected = d1c3aace913e2a53, actual =d1c3aace913e2a53
[1135000] SCOREBOARD MATCH: wdata passthrough beat=84 expected = 11c555a2e5d9673c, actual =11c555a2e5d9673c
[1135000] SCOREBOARD MATCH: wdata passthrough beat=85 expected = 8b7b4bfc849f28f7, actual =8b7b4bfc849f28f7
[1135000] SCOREBOARD MATCH: wdata passthrough beat=86 expected = 15dd534b9101caa4, actual =15dd534b9101caa4
[1135000] SCOREBOARD MATCH: wdata passthrough beat=87 expected = f6db31e0dd3ef6ca, actual =f6db31e0dd3ef6ca
[1135000] SCOREBOARD MATCH: wdata passthrough beat=88 expected = e1de1fc227a2a8ed, actual =e1de1fc227a2a8ed
[1135000] SCOREBOARD MATCH: wdata passthrough beat=89 expected = b8a4739102567ddd, actual =b8a4739102567ddd
[1135000] SCOREBOARD MATCH: wdata passthrough beat=90 expected = df9574a7f7bb730d, actual =df9574a7f7bb730d
[1135000] SCOREBOARD MATCH: wdata passthrough beat=91 expected = 1f5e1bfa2f7fa572, actual =1f5e1bfa2f7fa572
[1135000] SCOREBOARD MATCH: wdata passthrough beat=92 expected = 31d6234fc1739469, actual =31d6234fc1739469
[1135000] SCOREBOARD MATCH: wdata passthrough beat=93 expected = b92f0776d8028f8b, actual =b92f0776d8028f8b
[1135000] SCOREBOARD MATCH: wdata passthrough beat=94 expected = 878234fd916b97f6, actual =878234fd916b97f6
[1135000] SCOREBOARD MATCH: wdata passthrough beat=95 expected = d2df2c60d88d2370, actual =d2df2c60d88d2370
[1135000] SCOREBOARD MATCH: wdata passthrough beat=96 expected = 308fb2fcb958584c, actual =308fb2fcb958584c
[1135000] SCOREBOARD MATCH: wdata passthrough beat=97 expected = cac3f0438c0e33d6, actual =cac3f0438c0e33d6
[1135000] SCOREBOARD MATCH: wdata passthrough beat=98 expected = e49b5747b811e7f9, actual =e49b5747b811e7f9
[1135000] SCOREBOARD MATCH: wdata passthrough beat=99 expected = f16a40461da31ca3, actual =f16a40461da31ca3
[1135000] SCOREBOARD MATCH: wdata passthrough beat=100 expected = a9b15079152b0a43, actual =a9b15079152b0a43
[1135000] SCOREBOARD MATCH: wdata passthrough beat=101 expected = cd3cf23c3c2e3089, actual =cd3cf23c3c2e3089
[1135000] SCOREBOARD MATCH: wdata passthrough beat=102 expected = d9d14d2c8e4ca7c0, actual =d9d14d2c8e4ca7c0
[1135000] SCOREBOARD MATCH: wdata passthrough beat=103 expected = a377b203bea73282, actual =a377b203bea73282
[1135000] SCOREBOARD MATCH: wdata passthrough beat=104 expected = fad5630b83829da5, actual =fad5630b83829da5
[1135000] SCOREBOARD MATCH: wstrb size check expected = 69, actual =69
[1135000] SCOREBOARD MATCH: wstrb passthrough beat=0 expected = 40, actual =40
[1135000] SCOREBOARD MATCH: wstrb passthrough beat=1 expected = 66, actual =66
[1135000] SCOREBOARD MATCH: wstrb passthrough beat=2 expected = 37, actual =37
[1135000] SCOREBOARD MATCH: wstrb passthrough beat=3 expected = c2, actual =c2
[1135000] SCOREBOARD MATCH: wstrb passthrough beat=4 expected = 69, actual =69
[1135000] SCOREBOARD MATCH: wstrb passthrough beat=5 expected = dd, actual =dd
[1135000] SCOREBOARD MATCH: wstrb passthrough beat=6 expected = ce, actual =ce
[1135000] SCOREBOARD MATCH: wstrb passthrough beat=7 expected = a9, actual =a9
[1135000] SCOREBOARD MATCH: wstrb passthrough beat=8 expected = 43, actual =43
[1135000] SCOREBOARD MATCH: wstrb passthrough beat=9 expected = 5, actual =5
[1135000] SCOREBOARD MATCH: wstrb passthrough beat=10 expected = 6c, actual =6c
[1135000] SCOREBOARD MATCH: wstrb passthrough beat=11 expected = ac, actual =ac
[1135000] SCOREBOARD MATCH: wstrb passthrough beat=12 expected = e2, actual =e2
[1135000] SCOREBOARD MATCH: wstrb passthrough beat=13 expected = 3a, actual =3a
[1135000] SCOREBOARD MATCH: wstrb passthrough beat=14 expected = 56, actual =56
[1135000] SCOREBOARD MATCH: wstrb passthrough beat=15 expected = 25, actual =25
[1135000] SCOREBOARD MATCH: wstrb passthrough beat=16 expected = 3f, actual =3f
[1135000] SCOREBOARD MATCH: wstrb passthrough beat=17 expected = c2, actual =c2
[1135000] SCOREBOARD MATCH: wstrb passthrough beat=18 expected = d2, actual =d2
[1135000] SCOREBOARD MATCH: wstrb passthrough beat=19 expected = 22, actual =22
[1135000] SCOREBOARD MATCH: wstrb passthrough beat=20 expected = fc, actual =fc
[1135000] SCOREBOARD MATCH: wstrb passthrough beat=21 expected = 28, actual =28
[1135000] SCOREBOARD MATCH: wstrb passthrough beat=22 expected = 47, actual =47
[1135000] SCOREBOARD MATCH: wstrb passthrough beat=23 expected = 3b, actual =3b
[1135000] SCOREBOARD MATCH: wstrb passthrough beat=24 expected = ea, actual =ea
[1135000] SCOREBOARD MATCH: wstrb passthrough beat=25 expected = 19, actual =19
[1135000] SCOREBOARD MATCH: wstrb passthrough beat=26 expected = 5d, actual =5d
[1135000] SCOREBOARD MATCH: wstrb passthrough beat=27 expected = e6, actual =e6
[1135000] SCOREBOARD MATCH: wstrb passthrough beat=28 expected = 41, actual =41
[1135000] SCOREBOARD MATCH: wstrb passthrough beat=29 expected = a5, actual =a5
[1135000] SCOREBOARD MATCH: wstrb passthrough beat=30 expected = 21, actual =21
[1135000] SCOREBOARD MATCH: wstrb passthrough beat=31 expected = 2b, actual =2b
[1135000] SCOREBOARD MATCH: wstrb passthrough beat=32 expected = be, actual =be
[1135000] SCOREBOARD MATCH: wstrb passthrough beat=33 expected = 7f, actual =7f
[1135000] SCOREBOARD MATCH: wstrb passthrough beat=34 expected = 11, actual =11
[1135000] SCOREBOARD MATCH: wstrb passthrough beat=35 expected = 0, actual =0
[1135000] SCOREBOARD MATCH: wstrb passthrough beat=36 expected = 24, actual =24
[1135000] SCOREBOARD MATCH: wstrb passthrough beat=37 expected = 33, actual =33
[1135000] SCOREBOARD MATCH: wstrb passthrough beat=38 expected = 2b, actual =2b
[1135000] SCOREBOARD MATCH: wstrb passthrough beat=39 expected = e2, actual =e2
[1135000] SCOREBOARD MATCH: wstrb passthrough beat=40 expected = b2, actual =b2
[1135000] SCOREBOARD MATCH: wstrb passthrough beat=41 expected = 3d, actual =3d
[1135000] SCOREBOARD MATCH: wstrb passthrough beat=42 expected = e2, actual =e2
[1135000] SCOREBOARD MATCH: wstrb passthrough beat=43 expected = d6, actual =d6
[1135000] SCOREBOARD MATCH: wstrb passthrough beat=44 expected = 70, actual =70
[1135000] SCOREBOARD MATCH: wstrb passthrough beat=45 expected = e, actual =e
[1135000] SCOREBOARD MATCH: wstrb passthrough beat=46 expected = b8, actual =b8
[1135000] SCOREBOARD MATCH: wstrb passthrough beat=47 expected = 22, actual =22
[1135000] SCOREBOARD MATCH: wstrb passthrough beat=48 expected = 4b, actual =4b
[1135000] SCOREBOARD MATCH: wstrb passthrough beat=49 expected = 9b, actual =9b
[1135000] SCOREBOARD MATCH: wstrb passthrough beat=50 expected = f8, actual =f8
[1135000] SCOREBOARD MATCH: wstrb passthrough beat=51 expected = bb, actual =bb
[1135000] SCOREBOARD MATCH: wstrb passthrough beat=52 expected = a9, actual =a9
[1135000] SCOREBOARD MATCH: wstrb passthrough beat=53 expected = b0, actual =b0
[1135000] SCOREBOARD MATCH: wstrb passthrough beat=54 expected = dd, actual =dd
[1135000] SCOREBOARD MATCH: wstrb passthrough beat=55 expected = f4, actual =f4
[1135000] SCOREBOARD MATCH: wstrb passthrough beat=56 expected = 4b, actual =4b
[1135000] SCOREBOARD MATCH: wstrb passthrough beat=57 expected = d5, actual =d5
[1135000] SCOREBOARD MATCH: wstrb passthrough beat=58 expected = af, actual =af
[1135000] SCOREBOARD MATCH: wstrb passthrough beat=59 expected = f4, actual =f4
[1135000] SCOREBOARD MATCH: wstrb passthrough beat=60 expected = 85, actual =85
[1135000] SCOREBOARD MATCH: wstrb passthrough beat=61 expected = 8c, actual =8c
[1135000] SCOREBOARD MATCH: wstrb passthrough beat=62 expected = e8, actual =e8
[1135000] SCOREBOARD MATCH: wstrb passthrough beat=63 expected = d1, actual =d1
[1135000] SCOREBOARD MATCH: wstrb passthrough beat=64 expected = 61, actual =61
[1135000] SCOREBOARD MATCH: wstrb passthrough beat=65 expected = 97, actual =97
[1135000] SCOREBOARD MATCH: wstrb passthrough beat=66 expected = c5, actual =c5
[1135000] SCOREBOARD MATCH: wstrb passthrough beat=67 expected = e6, actual =e6
[1135000] SCOREBOARD MATCH: wstrb passthrough beat=68 expected = 23, actual =23
[1135000] SCOREBOARD MATCH: wstrb passthrough beat=69 expected = ae, actual =ae
[1135000] SCOREBOARD MATCH: wstrb passthrough beat=70 expected = b7, actual =b7
[1135000] SCOREBOARD MATCH: wstrb passthrough beat=71 expected = 84, actual =84
[1135000] SCOREBOARD MATCH: wstrb passthrough beat=72 expected = 45, actual =45
[1135000] SCOREBOARD MATCH: wstrb passthrough beat=73 expected = 7d, actual =7d
[1135000] SCOREBOARD MATCH: wstrb passthrough beat=74 expected = 6b, actual =6b
[1135000] SCOREBOARD MATCH: wstrb passthrough beat=75 expected = 69, actual =69
[1135000] SCOREBOARD MATCH: wstrb passthrough beat=76 expected = 2b, actual =2b
[1135000] SCOREBOARD MATCH: wstrb passthrough beat=77 expected = 22, actual =22
[1135000] SCOREBOARD MATCH: wstrb passthrough beat=78 expected = ed, actual =ed
[1135000] SCOREBOARD MATCH: wstrb passthrough beat=79 expected = 70, actual =70
[1135000] SCOREBOARD MATCH: wstrb passthrough beat=80 expected = 9f, actual =9f
[1135000] SCOREBOARD MATCH: wstrb passthrough beat=81 expected = 58, actual =58
[1135000] SCOREBOARD MATCH: wstrb passthrough beat=82 expected = d9, actual =d9
[1135000] SCOREBOARD MATCH: wstrb passthrough beat=83 expected = ca, actual =ca
[1135000] SCOREBOARD MATCH: wstrb passthrough beat=84 expected = 7b, actual =7b
[1135000] SCOREBOARD MATCH: wstrb passthrough beat=85 expected = c7, actual =c7
[1135000] SCOREBOARD MATCH: wstrb passthrough beat=86 expected = 3b, actual =3b
[1135000] SCOREBOARD MATCH: wstrb passthrough beat=87 expected = 1a, actual =1a
[1135000] SCOREBOARD MATCH: wstrb passthrough beat=88 expected = 1f, actual =1f
[1135000] SCOREBOARD MATCH: wstrb passthrough beat=89 expected = 14, actual =14
[1135000] SCOREBOARD MATCH: wstrb passthrough beat=90 expected = e5, actual =e5
[1135000] SCOREBOARD MATCH: wstrb passthrough beat=91 expected = 9a, actual =9a
[1135000] SCOREBOARD MATCH: wstrb passthrough beat=92 expected = db, actual =db
[1135000] SCOREBOARD MATCH: wstrb passthrough beat=93 expected = 20, actual =20
[1135000] SCOREBOARD MATCH: wstrb passthrough beat=94 expected = b5, actual =b5
[1135000] SCOREBOARD MATCH: wstrb passthrough beat=95 expected = fb, actual =fb
[1135000] SCOREBOARD MATCH: wstrb passthrough beat=96 expected = 34, actual =34
[1135000] SCOREBOARD MATCH: wstrb passthrough beat=97 expected = 9a, actual =9a
[1135000] SCOREBOARD MATCH: wstrb passthrough beat=98 expected = 95, actual =95
[1135000] SCOREBOARD MATCH: wstrb passthrough beat=99 expected = 10, actual =10
[1135000] SCOREBOARD MATCH: wstrb passthrough beat=100 expected = ba, actual =ba
[1135000] SCOREBOARD MATCH: wstrb passthrough beat=101 expected = 4a, actual =4a
[1135000] SCOREBOARD MATCH: wstrb passthrough beat=102 expected = b, actual =b
[1135000] SCOREBOARD MATCH: wstrb passthrough beat=103 expected = ee, actual =ee
[1135000] SCOREBOARD MATCH: wstrb passthrough beat=104 expected = e4, actual =e4
[1135000] SCOREBOARD MATCH: bresp passthrough expected = 0, actual =0
[1135000] SCOREBOARD MATCH: response routed to correct master (write) expected = 0, actual =0
[1135000] [SCOREBOARD-M] mst_id=0 s_id=0 awaddr=cb78020 awid=11 awlen=104 awsize=3 awburst=1 wdata=[9fe8372370b1478 e440cab4ff904c00 2eb3076d03b5513d 3ac065b536454b4c b5d5974c38b18adf 3c66dc1c1f013069 d5467bb5e4889eb9 9d3a2998f72741d1 1628723a8b1c1301 efa4b1bbd9a105b4 d0c84785eb6eedef f68b00f08cdedb53 e67fe108e6f0b9bf d25fa7aee62fb2ab f30e8dffb748288d 1e38e24dc8eaa89f af1a5b4ad98e6f07 90d69794f09889fb b983329aa228e949 fbb75850af0f79e1 1fa803dde89d8de5 8ac6772e0c8defe5 bb9d69c6d92b3677 c1c8c45c067dcf7f 130bbf64db456da3 3470a41bcc8f3b8b d30d0b0acea9292a 29ee96cef6396877 c2c8a402e618ca6e b4c1f398de5f3ae9 d498a36095d5af0c fbee797adeb08a66 bd0fc54f17614763 ad36f66f30b06d13 8f60f77911a868b0 2909b01329256fea d9d5dcfdcc70bcc9 de192579d640a682 ff66166ce936d476 b5a7913f0722d58c dd637c0ed93bf369 c272c7e093c0b6b8 9ae38c44dcc9927b b60585e4f81a591f bdb0fd8f8470853 d5109acef8784dc4 f092a6e4a6be9c1c 9f05a46f8b1620b2 38e6e77fc6db6bc a32c52d8f4163f3d ff2c5ff0f421155b f08ecc17c231f748 b648368502bace67 f6dbe3c293bb1eef d5ed1637b5749675 b82f64dce76aafd9 fb25cec80c354cbd c1a9e332af0b489e 9675f877d112e500 dd4831bdf9d9480f a8e490ad119bc740 e2aeac409ef214ef 98cb5cfe3f5a8925 d0f650653ff6ddfd dee8f2ecc1afedac 10a76d133a4fca5 f39bdaa2f7b44feb 39643d97d200c736 5a5c3dbd284cd8e ca391d793a6eb468 c6f7b9ef9419e7d cbc66c0b839d5b10 be0c0f7812153f79 b56ddf615ff8985 999ce495ca7b8b16 dc90ca8fd71d4a01 ed1cd386d7a8f40e a2247f24e7e7a885 3f04f28706b9b81c de62ac2afeb549b4 e69cf239ac21c60d b2db7e2980872b4e ff3c7502a5a1e4c0 d1c3aace913e2a53 11c555a2e5d9673c 8b7b4bfc849f28f7 15dd534b9101caa4 f6db31e0dd3ef6ca e1de1fc227a2a8ed b8a4739102567ddd df9574a7f7bb730d 1f5e1bfa2f7fa572 31d6234fc1739469 b92f0776d8028f8b 878234fd916b97f6 d2df2c60d88d2370 308fb2fcb958584c cac3f0438c0e33d6 e49b5747b811e7f9 f16a40461da31ca3 a9b15079152b0a43 cd3cf23c3c2e3089 d9d14d2c8e4ca7c0 a377b203bea73282 fad5630b83829da5 ] wstrb=[40 66 37 c2 69 dd ce a9 43 5 6c ac e2 3a 56 25 3f c2 d2 22 fc 28 47 3b ea 19 5d e6 41 a5 21 2b be 7f 11 0 24 33 2b e2 b2 3d e2 d6 70 e b8 22 4b 9b f8 bb a9 b0 dd f4 4b d5 af f4 85 8c e8 d1 61 97 c5 e6 23 ae b7 84 45 7d 6b 69 2b 22 ed 70 9f 58 d9 ca 7b c7 3b 1a 1f 14 e5 9a db 20 b5 fb 34 9a 95 10 ba 4a b ee e4 ] bresp=0 bid=11
[1135000] [SCOREBOARD-S] mst_id=0 s_id=0 awaddr=cb78020 awid=11 awlen=104 awsize=3 awburst=1 wdata=[9fe8372370b1478 e440cab4ff904c00 2eb3076d03b5513d 3ac065b536454b4c b5d5974c38b18adf 3c66dc1c1f013069 d5467bb5e4889eb9 9d3a2998f72741d1 1628723a8b1c1301 efa4b1bbd9a105b4 d0c84785eb6eedef f68b00f08cdedb53 e67fe108e6f0b9bf d25fa7aee62fb2ab f30e8dffb748288d 1e38e24dc8eaa89f af1a5b4ad98e6f07 90d69794f09889fb b983329aa228e949 fbb75850af0f79e1 1fa803dde89d8de5 8ac6772e0c8defe5 bb9d69c6d92b3677 c1c8c45c067dcf7f 130bbf64db456da3 3470a41bcc8f3b8b d30d0b0acea9292a 29ee96cef6396877 c2c8a402e618ca6e b4c1f398de5f3ae9 d498a36095d5af0c fbee797adeb08a66 bd0fc54f17614763 ad36f66f30b06d13 8f60f77911a868b0 2909b01329256fea d9d5dcfdcc70bcc9 de192579d640a682 ff66166ce936d476 b5a7913f0722d58c dd637c0ed93bf369 c272c7e093c0b6b8 9ae38c44dcc9927b b60585e4f81a591f bdb0fd8f8470853 d5109acef8784dc4 f092a6e4a6be9c1c 9f05a46f8b1620b2 38e6e77fc6db6bc a32c52d8f4163f3d ff2c5ff0f421155b f08ecc17c231f748 b648368502bace67 f6dbe3c293bb1eef d5ed1637b5749675 b82f64dce76aafd9 fb25cec80c354cbd c1a9e332af0b489e 9675f877d112e500 dd4831bdf9d9480f a8e490ad119bc740 e2aeac409ef214ef 98cb5cfe3f5a8925 d0f650653ff6ddfd dee8f2ecc1afedac 10a76d133a4fca5 f39bdaa2f7b44feb 39643d97d200c736 5a5c3dbd284cd8e ca391d793a6eb468 c6f7b9ef9419e7d cbc66c0b839d5b10 be0c0f7812153f79 b56ddf615ff8985 999ce495ca7b8b16 dc90ca8fd71d4a01 ed1cd386d7a8f40e a2247f24e7e7a885 3f04f28706b9b81c de62ac2afeb549b4 e69cf239ac21c60d b2db7e2980872b4e ff3c7502a5a1e4c0 d1c3aace913e2a53 11c555a2e5d9673c 8b7b4bfc849f28f7 15dd534b9101caa4 f6db31e0dd3ef6ca e1de1fc227a2a8ed b8a4739102567ddd df9574a7f7bb730d 1f5e1bfa2f7fa572 31d6234fc1739469 b92f0776d8028f8b 878234fd916b97f6 d2df2c60d88d2370 308fb2fcb958584c cac3f0438c0e33d6 e49b5747b811e7f9 f16a40461da31ca3 a9b15079152b0a43 cd3cf23c3c2e3089 d9d14d2c8e4ca7c0 a377b203bea73282 fad5630b83829da5 ] wstrb=[40 66 37 c2 69 dd ce a9 43 5 6c ac e2 3a 56 25 3f c2 d2 22 fc 28 47 3b ea 19 5d e6 41 a5 21 2b be 7f 11 0 24 33 2b e2 b2 3d e2 d6 70 e b8 22 4b 9b f8 bb a9 b0 dd f4 4b d5 af f4 85 8c e8 d1 61 97 c5 e6 23 ae b7 84 45 7d 6b 69 2b 22 ed 70 9f 58 d9 ca 7b c7 3b 1a 1f 14 e5 9a db 20 b5 fb 34 9a 95 10 ba 4a b ee e4 ] bresp=0 bid=11
[1135000] SCOREBOARD: Transaction 1 received. pass=221 fail=0
[1135000] ALL PASS. Total transactions: 1
[1145000] MASTER 1 W_VALID_RDY Handshake beat=3 wlast=0
[1145000] ARB MONITOR: slave=1 m0_req=1 m1_req=0 winner=0
[1145000] SLAVE 1 R_VALID_RDY Handshake beat=1 rlast=1
[1145000] [SLAVE MONITOR] READ mst_id=0 s_id=1 araddr=15492c48 arid=1 arlen=1 arsize=3 arburst=1 rid=[11] rresp=[00] rdata=[baadf00d12345678baadf00d12345678]
[1145000] AXI S1_AWVALID_RDY HANDSHAKE
[1145000] AXI S0_WVALID_RDY HANDSHAKE
[1145000] S0 MEMORY WRITE beat=1 addr=092e56a8 data=fc786e6f2522fa74 id=15
[1155000] AXI S0_WVALID_RDY HANDSHAKE
[1155000] S0 MEMORY WRITE beat=2 addr=092e56b8 data=dc721f84c194ff29 id=15
[1155000] MASTER 1 W_VALID_RDY Handshake beat=4 wlast=0
[1155000] MASTER 0 R_VALID_RDY Handshake beat=0 rlast=0
[1155000] MASTER 0 W_VALID_RDY Handshake beat=0 wlast=0
[1165000] [MASTER DRIVER] READ mst_id=0 s_id=0 araddr=15492c48 arid=1 arlen=1 arsize=3 arburst=1 rid=[11] rresp=[00] rdata=[baadf00d12345678baadf00d12345678]
[1165000] MASTER 0 W_VALID_RDY Handshake beat=1 wlast=0
[1165000] MASTER 0 R_VALID_RDY Handshake beat=1 rlast=1
[1165000] [MASTER MONITOR] READ mst_id=0 s_id=1 araddr=15492c48 arid=1 arlen=1 arsize=3 arburst=1 rid=[11] rresp=[00] rdata=[baadf00d12345678baadf00d12345678]
[1165000] MASTER 1 W_VALID_RDY Handshake beat=5 wlast=1
[1165000] S1 MEMORY WRITE beat=0 addr=1e7d1618 data=9e71f19cfab6a74a id=06
[1165000] AXI S0_WVALID_RDY HANDSHAKE
[1165000] S0 MEMORY WRITE beat=3 addr=092e56c8 data=d1e600db2a16c924 id=15
[1165000] SCOREBOARD MATCH: decode_err expected = 0, actual =0
[1165000] SCOREBOARD MATCH: slave_id expected = 1, actual =1
[1165000] SCOREBOARD MATCH: araddr passthrough expected = 15492c48, actual =15492c48
[1165000] SCOREBOARD MATCH: arlen passthrough expected = 1, actual =1
[1165000] SCOREBOARD MATCH: arsize passthrough expected = 3, actual =3
[1165000] SCOREBOARD MATCH: arburst passthrough expected = 1, actual =1
[1165000] SCOREBOARD MATCH: rdata size check expected = 2, actual =2
[1165000] SCOREBOARD MATCH: rdata passthrough beat=0 expected = baadf00d12345678, actual =baadf00d12345678
[1165000] SCOREBOARD MATCH: rdata passthrough beat=1 expected = baadf00d12345678, actual =baadf00d12345678
[1165000] SCOREBOARD MATCH: rresp size check expected = 2, actual =2
[1165000] SCOREBOARD MATCH: rresp passthrough beat=0 expected = 0, actual =0
[1165000] SCOREBOARD MATCH: rresp passthrough beat=1 expected = 0, actual =0
[1165000] SCOREBOARD MATCH: response routed to correct master (read beat 0) expected = 0, actual =0
[1165000] SCOREBOARD MATCH: response routed to correct master (read beat 1) expected = 0, actual =0
[1165000] [SCOREBOARD-M] READ mst_id=0 s_id=1 araddr=15492c48 arid=1 arlen=1 arsize=3 arburst=1 rid=[11] rresp=[00] rdata=[baadf00d12345678baadf00d12345678]
[1165000] [SCOREBOARD-S] READ mst_id=0 s_id=1 araddr=15492c48 arid=1 arlen=1 arsize=3 arburst=1 rid=[11] rresp=[00] rdata=[baadf00d12345678baadf00d12345678]
[1165000] SCOREBOARD: Transaction 2 received. pass=235 fail=0
[1165000] ALL PASS. Total transactions: 2
[1175000] AXI S0_WVALID_RDY HANDSHAKE
[1175000] S0 MEMORY WRITE beat=4 addr=092e56d8 data=cf39c398acb7bee4 id=15
[1175000] S1 MEMORY WRITE beat=1 addr=1e7d1628 data=37f8f5fcc045a51c id=06
[1175000] MASTER 0 W_VALID_RDY Handshake beat=2 wlast=0
[1185000] MASTER 0 W_VALID_RDY Handshake beat=3 wlast=0
[1185000] S1 MEMORY WRITE beat=2 addr=1e7d1638 data=9cc723ca3625f4e2 id=06
[1185000] SLAVE0 sent B resp, id=5
[1195000] AXI S0_AWVALID_RDY HANDSHAKE
[1195000] S1 MEMORY WRITE beat=3 addr=1e7d1648 data=30dc9c2c3d0ae771 id=06
[1195000] [SLAVE MONITOR] mst_id=1 s_id=0 awaddr=92e5698 awid=101 awlen=4 awsize=4 awburst=2 wdata=[d0459f60905101b2 fc786e6f2522fa74 dc721f84c194ff29 d1e600db2a16c924 cf39c398acb7bee4 ] wstrb=[4b d 1c 6f e9 ] bresp=0 bid=10101
[1195000] ARB MONITOR: slave=0 m0_req=0 m1_req=0 winner=1
[1195000] MASTER 0 W_VALID_RDY Handshake beat=4 wlast=0
[1205000] MASTER 1 RECEIVED BRESP. BRESP=0
[1205000] [MASTER DRIVER] mst_id=1 s_id=0 awaddr=92e5698 awid=101 awlen=4 awsize=4 awburst=2 wdata=[d0459f60905101b2 fc786e6f2522fa74 dc721f84c194ff29 d1e600db2a16c924 cf39c398acb7bee4 ] wstrb=[4b d 1c 6f e9 ] bresp=0 bid=101
[1205000] MASTER 0 W_VALID_RDY Handshake beat=5 wlast=0
[1205000] MASTER 1 B_VALID_RDY Handshake
[1205000] [MASTER MONITOR] mst_id=1 s_id=0 awaddr=92e5698 awid=101 awlen=4 awsize=4 awburst=2 wdata=[d0459f60905101b2 fc786e6f2522fa74 dc721f84c194ff29 d1e600db2a16c924 cf39c398acb7bee4 ] wstrb=[4b d 1c 6f e9 ] bresp=0 bid=101
[1205000] S1 MEMORY WRITE beat=4 addr=1e7d1658 data=fd508c8d3b391567 id=06
[1205000] AXI S0_WVALID_RDY HANDSHAKE
[1205000] S0 MEMORY WRITE beat=0 addr=0b31c710 data=07047befc3f31dad id=1d
[1205000] SCOREBOARD MATCH: decode_err expected = 0, actual =0
[1205000] SCOREBOARD MATCH: slave_id expected = 0, actual =0
[1205000] SCOREBOARD MATCH: awaddr passthrough expected = 92e5698, actual =92e5698
[1205000] SCOREBOARD MATCH: awlen passthrough expected = 4, actual =4
[1205000] SCOREBOARD MATCH: awsize passthrough expected = 4, actual =4
[1205000] SCOREBOARD MATCH: awburst passthrough expected = 2, actual =2
[1205000] SCOREBOARD MATCH: wdata size check expected = 5, actual =5
[1205000] SCOREBOARD MATCH: wdata passthrough beat=0 expected = d0459f60905101b2, actual =d0459f60905101b2
[1205000] SCOREBOARD MATCH: wdata passthrough beat=1 expected = fc786e6f2522fa74, actual =fc786e6f2522fa74
[1205000] SCOREBOARD MATCH: wdata passthrough beat=2 expected = dc721f84c194ff29, actual =dc721f84c194ff29
[1205000] SCOREBOARD MATCH: wdata passthrough beat=3 expected = d1e600db2a16c924, actual =d1e600db2a16c924
[1205000] SCOREBOARD MATCH: wdata passthrough beat=4 expected = cf39c398acb7bee4, actual =cf39c398acb7bee4
[1205000] SCOREBOARD MATCH: wstrb size check expected = 5, actual =5
[1205000] SCOREBOARD MATCH: wstrb passthrough beat=0 expected = 4b, actual =4b
[1205000] SCOREBOARD MATCH: wstrb passthrough beat=1 expected = d, actual =d
[1205000] SCOREBOARD MATCH: wstrb passthrough beat=2 expected = 1c, actual =1c
[1205000] SCOREBOARD MATCH: wstrb passthrough beat=3 expected = 6f, actual =6f
[1205000] SCOREBOARD MATCH: wstrb passthrough beat=4 expected = e9, actual =e9
[1205000] SCOREBOARD MATCH: bresp passthrough expected = 0, actual =0
[1205000] SCOREBOARD MATCH: response routed to correct master (write) expected = 1, actual =1
[1205000] [SCOREBOARD-M] mst_id=1 s_id=0 awaddr=92e5698 awid=101 awlen=4 awsize=4 awburst=2 wdata=[d0459f60905101b2 fc786e6f2522fa74 dc721f84c194ff29 d1e600db2a16c924 cf39c398acb7bee4 ] wstrb=[4b d 1c 6f e9 ] bresp=0 bid=101
[1205000] [SCOREBOARD-S] mst_id=1 s_id=0 awaddr=92e5698 awid=101 awlen=4 awsize=4 awburst=2 wdata=[d0459f60905101b2 fc786e6f2522fa74 dc721f84c194ff29 d1e600db2a16c924 cf39c398acb7bee4 ] wstrb=[4b d 1c 6f e9 ] bresp=0 bid=10101
[1205000] SCOREBOARD: Transaction 3 received. pass=255 fail=0
[1205000] ALL PASS. Total transactions: 3
[1215000] AXI S0_WVALID_RDY HANDSHAKE
[1215000] S0 MEMORY WRITE beat=1 addr=0b31c712 data=ffd7f20fe96e093e id=1d
[1215000] S1 MEMORY WRITE beat=5 addr=1e7d1668 data=f15f0a49e8d59228 id=06
[1215000] MASTER 0 W_VALID_RDY Handshake beat=6 wlast=0
[1225000] MASTER 0 W_VALID_RDY Handshake beat=7 wlast=0
[1225000] S1 MEMORY WRITE beat=6 addr=1e7d1678 data=25e079999a17b057 id=06
[1225000] AXI S0_WVALID_RDY HANDSHAKE
[1225000] S0 MEMORY WRITE beat=2 addr=0b31c708 data=e625cc5f2bc3d5d8 id=1d
[1235000] AXI S0_WVALID_RDY HANDSHAKE
[1235000] S0 MEMORY WRITE beat=3 addr=0b31c70a data=efb6f385e7dfc26a id=1d
[1235000] S1 MEMORY WRITE beat=7 addr=1e7d1688 data=d550c5be223ba675 id=06
[1235000] MASTER 0 W_VALID_RDY Handshake beat=8 wlast=0
[1245000] MASTER 0 W_VALID_RDY Handshake beat=9 wlast=0
[1245000] S1 MEMORY WRITE beat=8 addr=1e7d1698 data=0b11389d23310626 id=06
[1245000] AXI S0_WVALID_RDY HANDSHAKE
[1245000] S0 MEMORY WRITE beat=4 addr=0b31c70c data=d14dcba8ed2a484e id=1d
[1255000] AXI S0_WVALID_RDY HANDSHAKE
[1255000] S0 MEMORY WRITE beat=5 addr=0b31c70e data=18ee1e26ef8ee594 id=1d
[1255000] S1 MEMORY WRITE beat=9 addr=1e7d16a8 data=bd48b67dc6afd007 id=06
[1255000] MASTER 0 W_VALID_RDY Handshake beat=10 wlast=0
[1265000] MASTER 0 W_VALID_RDY Handshake beat=11 wlast=0
[1265000] S1 MEMORY WRITE beat=10 addr=1e7d16b8 data=e8eb767c30f1b236 id=06
[1265000] SLAVE0 sent B resp, id=13
[1275000] S1 MEMORY WRITE beat=11 addr=1e7d16c8 data=d422b85c12997c3c id=06
[1275000] [SLAVE MONITOR] mst_id=1 s_id=0 awaddr=b31c710 awid=1101 awlen=5 awsize=1 awburst=2 wdata=[7047befc3f31dad ffd7f20fe96e093e e625cc5f2bc3d5d8 efb6f385e7dfc26a d14dcba8ed2a484e 18ee1e26ef8ee594 ] wstrb=[7 fe ab 55 a7 3f ] bresp=0 bid=11101
[1275000] MASTER 0 W_VALID_RDY Handshake beat=12 wlast=0
[1285000] MASTER 1 RECEIVED BRESP. BRESP=0
[1285000] [MASTER DRIVER] mst_id=1 s_id=0 awaddr=b31c710 awid=1101 awlen=5 awsize=1 awburst=2 wdata=[7047befc3f31dad ffd7f20fe96e093e e625cc5f2bc3d5d8 efb6f385e7dfc26a d14dcba8ed2a484e 18ee1e26ef8ee594 ] wstrb=[7 fe ab 55 a7 3f ] bresp=0 bid=1101
[1285000] MASTER 0 W_VALID_RDY Handshake beat=13 wlast=0
[1285000] MASTER 1 B_VALID_RDY Handshake
[1285000] [MASTER MONITOR] mst_id=1 s_id=0 awaddr=b31c710 awid=1101 awlen=5 awsize=1 awburst=2 wdata=[7047befc3f31dad ffd7f20fe96e093e e625cc5f2bc3d5d8 efb6f385e7dfc26a d14dcba8ed2a484e 18ee1e26ef8ee594 ] wstrb=[7 fe ab 55 a7 3f ] bresp=0 bid=1101
[1285000] S1 MEMORY WRITE beat=12 addr=1e7d16d8 data=d9494c43f3fcaf19 id=06
[1285000] SCOREBOARD MATCH: decode_err expected = 0, actual =0
[1285000] SCOREBOARD MATCH: slave_id expected = 0, actual =0
[1285000] SCOREBOARD MATCH: awaddr passthrough expected = b31c710, actual =b31c710
[1285000] SCOREBOARD MATCH: awlen passthrough expected = 5, actual =5
[1285000] SCOREBOARD MATCH: awsize passthrough expected = 1, actual =1
[1285000] SCOREBOARD MATCH: awburst passthrough expected = 2, actual =2
[1285000] SCOREBOARD MATCH: wdata size check expected = 6, actual =6
[1285000] SCOREBOARD MATCH: wdata passthrough beat=0 expected = 7047befc3f31dad, actual =7047befc3f31dad
[1285000] SCOREBOARD MATCH: wdata passthrough beat=1 expected = ffd7f20fe96e093e, actual =ffd7f20fe96e093e
[1285000] SCOREBOARD MATCH: wdata passthrough beat=2 expected = e625cc5f2bc3d5d8, actual =e625cc5f2bc3d5d8
[1285000] SCOREBOARD MATCH: wdata passthrough beat=3 expected = efb6f385e7dfc26a, actual =efb6f385e7dfc26a
[1285000] SCOREBOARD MATCH: wdata passthrough beat=4 expected = d14dcba8ed2a484e, actual =d14dcba8ed2a484e
[1285000] SCOREBOARD MATCH: wdata passthrough beat=5 expected = 18ee1e26ef8ee594, actual =18ee1e26ef8ee594
[1285000] SCOREBOARD MATCH: wstrb size check expected = 6, actual =6
[1285000] SCOREBOARD MATCH: wstrb passthrough beat=0 expected = 7, actual =7
[1285000] SCOREBOARD MATCH: wstrb passthrough beat=1 expected = fe, actual =fe
[1285000] SCOREBOARD MATCH: wstrb passthrough beat=2 expected = ab, actual =ab
[1285000] SCOREBOARD MATCH: wstrb passthrough beat=3 expected = 55, actual =55
[1285000] SCOREBOARD MATCH: wstrb passthrough beat=4 expected = a7, actual =a7
[1285000] SCOREBOARD MATCH: wstrb passthrough beat=5 expected = 3f, actual =3f
[1285000] SCOREBOARD MATCH: bresp passthrough expected = 0, actual =0
[1285000] SCOREBOARD MATCH: response routed to correct master (write) expected = 1, actual =1
[1285000] [SCOREBOARD-M] mst_id=1 s_id=0 awaddr=b31c710 awid=1101 awlen=5 awsize=1 awburst=2 wdata=[7047befc3f31dad ffd7f20fe96e093e e625cc5f2bc3d5d8 efb6f385e7dfc26a d14dcba8ed2a484e 18ee1e26ef8ee594 ] wstrb=[7 fe ab 55 a7 3f ] bresp=0 bid=1101
[1285000] [SCOREBOARD-S] mst_id=1 s_id=0 awaddr=b31c710 awid=1101 awlen=5 awsize=1 awburst=2 wdata=[7047befc3f31dad ffd7f20fe96e093e e625cc5f2bc3d5d8 efb6f385e7dfc26a d14dcba8ed2a484e 18ee1e26ef8ee594 ] wstrb=[7 fe ab 55 a7 3f ] bresp=0 bid=11101
[1285000] SCOREBOARD: Transaction 4 received. pass=277 fail=0
[1285000] ALL PASS. Total transactions: 4
[1295000] S1 MEMORY WRITE beat=13 addr=1e7d16e8 data=a4ee614f916b6ed9 id=06
[1295000] MASTER 0 W_VALID_RDY Handshake beat=14 wlast=0
[1305000] MASTER 0 W_VALID_RDY Handshake beat=15 wlast=0
[1305000] S1 MEMORY WRITE beat=14 addr=1e7d16f8 data=a404eb15c234c2c0 id=06
[1315000] S1 MEMORY WRITE beat=15 addr=1e7d1708 data=b63171d9f91119ab id=06
[1315000] MASTER 0 W_VALID_RDY Handshake beat=16 wlast=0
[1325000] MASTER 0 W_VALID_RDY Handshake beat=17 wlast=0
[1325000] S1 MEMORY WRITE beat=16 addr=1e7d1718 data=0a7c8885fd4e3759 id=06
[1335000] S1 MEMORY WRITE beat=17 addr=1e7d1728 data=3f82fa19db1fd329 id=06
[1335000] MASTER 0 W_VALID_RDY Handshake beat=18 wlast=0
[1345000] MASTER 0 W_VALID_RDY Handshake beat=19 wlast=0
[1345000] S1 MEMORY WRITE beat=18 addr=1e7d1738 data=d430ecd4ae81739a id=06
[1355000] S1 MEMORY WRITE beat=19 addr=1e7d1748 data=abcfaaf3f5b46bf2 id=06
[1355000] MASTER 0 W_VALID_RDY Handshake beat=20 wlast=0
[1365000] MASTER 0 W_VALID_RDY Handshake beat=21 wlast=0
[1365000] S1 MEMORY WRITE beat=20 addr=1e7d1758 data=d0d43f1bdead7559 id=06
[1375000] S1 MEMORY WRITE beat=21 addr=1e7d1768 data=0d2ee8f4eb52a50c id=06
[1375000] MASTER 0 W_VALID_RDY Handshake beat=22 wlast=0
[1385000] MASTER 0 W_VALID_RDY Handshake beat=23 wlast=0
[1385000] S1 MEMORY WRITE beat=22 addr=1e7d1778 data=e10710ff25052bf0 id=06
[1395000] S1 MEMORY WRITE beat=23 addr=1e7d1788 data=83b2a149b8fe93e7 id=06
[1395000] MASTER 0 W_VALID_RDY Handshake beat=24 wlast=0
[1405000] MASTER 0 W_VALID_RDY Handshake beat=25 wlast=0
[1405000] S1 MEMORY WRITE beat=24 addr=1e7d1798 data=245138f4b1db501a id=06
[1415000] S1 MEMORY WRITE beat=25 addr=1e7d17a8 data=d6e07c0a90e18a3d id=06
[1415000] MASTER 0 W_VALID_RDY Handshake beat=26 wlast=0
[1425000] MASTER 0 W_VALID_RDY Handshake beat=27 wlast=0
[1425000] S1 MEMORY WRITE beat=26 addr=1e7d17b8 data=c9e01e25055849f3 id=06
[1435000] S1 MEMORY WRITE beat=27 addr=1e7d17c8 data=b7339a0dda931d54 id=06
[1435000] MASTER 0 W_VALID_RDY Handshake beat=28 wlast=0
[1445000] MASTER 0 W_VALID_RDY Handshake beat=29 wlast=0
[1445000] S1 MEMORY WRITE beat=28 addr=1e7d17d8 data=eb74a791ee315719 id=06
[1455000] S1 MEMORY WRITE beat=29 addr=1e7d17e8 data=f389a10c0e141618 id=06
[1455000] MASTER 0 W_VALID_RDY Handshake beat=30 wlast=0
[1465000] MASTER 0 W_VALID_RDY Handshake beat=31 wlast=0
[1465000] S1 MEMORY WRITE beat=30 addr=1e7d17f8 data=e8a7336cb554c5b6 id=06
[1475000] S1 MEMORY WRITE beat=31 addr=1e7d1808 data=a3861ccfaabd3b19 id=06
[1475000] MASTER 0 W_VALID_RDY Handshake beat=32 wlast=0
[1485000] MASTER 0 W_VALID_RDY Handshake beat=33 wlast=0
[1485000] S1 MEMORY WRITE beat=32 addr=1e7d1818 data=b8d15131d41bdafd id=06
[1495000] S1 MEMORY WRITE beat=33 addr=1e7d1828 data=0970a0b4970fbddb id=06
[1495000] MASTER 0 W_VALID_RDY Handshake beat=34 wlast=0
[1505000] MASTER 0 W_VALID_RDY Handshake beat=35 wlast=0
[1505000] S1 MEMORY WRITE beat=34 addr=1e7d1838 data=c1ccf8f5a178849d id=06
[1515000] S1 MEMORY WRITE beat=35 addr=1e7d1848 data=f5945f9bacf6bd83 id=06
[1515000] MASTER 0 W_VALID_RDY Handshake beat=36 wlast=0
[1525000] MASTER 0 W_VALID_RDY Handshake beat=37 wlast=0
[1525000] S1 MEMORY WRITE beat=36 addr=1e7d1858 data=c4067b5ffa9e4a26 id=06
[1535000] S1 MEMORY WRITE beat=37 addr=1e7d1868 data=1c16cec4ff05004f id=06
[1535000] MASTER 0 W_VALID_RDY Handshake beat=38 wlast=0
[1545000] MASTER 0 W_VALID_RDY Handshake beat=39 wlast=0
[1545000] S1 MEMORY WRITE beat=38 addr=1e7d1878 data=abfbbdd205d37454 id=06
[1555000] S1 MEMORY WRITE beat=39 addr=1e7d1888 data=8071be7a11ab2e5f id=06
[1555000] MASTER 0 W_VALID_RDY Handshake beat=40 wlast=0
[1565000] MASTER 0 W_VALID_RDY Handshake beat=41 wlast=0
[1565000] S1 MEMORY WRITE beat=40 addr=1e7d1898 data=10b02eaef0023931 id=06
[1575000] S1 MEMORY WRITE beat=41 addr=1e7d18a8 data=f5d5ad859c888d3e id=06
[1575000] MASTER 0 W_VALID_RDY Handshake beat=42 wlast=0
[1585000] MASTER 0 W_VALID_RDY Handshake beat=43 wlast=0
[1585000] S1 MEMORY WRITE beat=42 addr=1e7d18b8 data=ae33bb9dbcabec80 id=06
[1595000] S1 MEMORY WRITE beat=43 addr=1e7d18c8 data=2cae25b2f6476c00 id=06
[1595000] MASTER 0 W_VALID_RDY Handshake beat=44 wlast=0
[1605000] MASTER 0 W_VALID_RDY Handshake beat=45 wlast=0
[1605000] S1 MEMORY WRITE beat=44 addr=1e7d18d8 data=92cff93ebee3ea4b id=06
[1615000] S1 MEMORY WRITE beat=45 addr=1e7d18e8 data=fb8fd6cca283d337 id=06
[1615000] MASTER 0 W_VALID_RDY Handshake beat=46 wlast=0
[1625000] MASTER 0 W_VALID_RDY Handshake beat=47 wlast=0
[1625000] S1 MEMORY WRITE beat=46 addr=1e7d18f8 data=98cb3f37c103b4dc id=06
[1635000] S1 MEMORY WRITE beat=47 addr=1e7d1908 data=ffe79f27283dfc7e id=06
[1635000] MASTER 0 W_VALID_RDY Handshake beat=48 wlast=0
[1645000] MASTER 0 W_VALID_RDY Handshake beat=49 wlast=0
[1645000] S1 MEMORY WRITE beat=48 addr=1e7d1918 data=cac1cfb52b9b3876 id=06
[1655000] S1 MEMORY WRITE beat=49 addr=1e7d1928 data=ec9eed52fb7775f3 id=06
[1655000] MASTER 0 W_VALID_RDY Handshake beat=50 wlast=0
[1665000] MASTER 0 W_VALID_RDY Handshake beat=51 wlast=0
[1665000] S1 MEMORY WRITE beat=50 addr=1e7d1938 data=a3b57271e38d0eed id=06
[1675000] S1 MEMORY WRITE beat=51 addr=1e7d1948 data=0f284763ec868c79 id=06
[1675000] MASTER 0 W_VALID_RDY Handshake beat=52 wlast=0
[1685000] MASTER 0 W_VALID_RDY Handshake beat=53 wlast=0
[1685000] S1 MEMORY WRITE beat=52 addr=1e7d1958 data=e7fe026dee774227 id=06
[1695000] S1 MEMORY WRITE beat=53 addr=1e7d1968 data=d2045114fbc734b5 id=06
[1695000] MASTER 0 W_VALID_RDY Handshake beat=54 wlast=0
[1705000] MASTER 0 W_VALID_RDY Handshake beat=55 wlast=0
[1705000] S1 MEMORY WRITE beat=54 addr=1e7d1978 data=e84dc12e8bb374de id=06
[1715000] S1 MEMORY WRITE beat=55 addr=1e7d1988 data=fa2ab705e12c9877 id=06
[1715000] MASTER 0 W_VALID_RDY Handshake beat=56 wlast=0
[1725000] MASTER 0 W_VALID_RDY Handshake beat=57 wlast=0
[1725000] S1 MEMORY WRITE beat=56 addr=1e7d1998 data=dcf3cd2cd04bc39b id=06
[1735000] S1 MEMORY WRITE beat=57 addr=1e7d19a8 data=dbff387acc2f0819 id=06
[1735000] MASTER 0 W_VALID_RDY Handshake beat=58 wlast=0
[1745000] MASTER 0 W_VALID_RDY Handshake beat=59 wlast=0
[1745000] S1 MEMORY WRITE beat=58 addr=1e7d19b8 data=ad5ba090c5418e5a id=06
[1755000] S1 MEMORY WRITE beat=59 addr=1e7d19c8 data=158d51f6d629ef7f id=06
[1755000] MASTER 0 W_VALID_RDY Handshake beat=60 wlast=0
[1765000] MASTER 0 W_VALID_RDY Handshake beat=61 wlast=0
[1765000] S1 MEMORY WRITE beat=60 addr=1e7d19d8 data=2258f7998a4f6dbc id=06
[1775000] S1 MEMORY WRITE beat=61 addr=1e7d19e8 data=cf90fc17f18c8a70 id=06
[1775000] MASTER 0 W_VALID_RDY Handshake beat=62 wlast=0
[1785000] MASTER 0 W_VALID_RDY Handshake beat=63 wlast=0
[1785000] S1 MEMORY WRITE beat=62 addr=1e7d19f8 data=c7b679efcfb49829 id=06
[1795000] S1 MEMORY WRITE beat=63 addr=1e7d1a08 data=da0405e6e51e4e0d id=06
[1795000] MASTER 0 W_VALID_RDY Handshake beat=64 wlast=0
[1805000] MASTER 0 W_VALID_RDY Handshake beat=65 wlast=0
[1805000] S1 MEMORY WRITE beat=64 addr=1e7d1a18 data=d6aad87dea0f7188 id=06
[1815000] S1 MEMORY WRITE beat=65 addr=1e7d1a28 data=39c409b2299501fd id=06
[1815000] MASTER 0 W_VALID_RDY Handshake beat=66 wlast=0
[1825000] MASTER 0 W_VALID_RDY Handshake beat=67 wlast=0
[1825000] S1 MEMORY WRITE beat=66 addr=1e7d1a38 data=0eb3500a9e61526c id=06
[1835000] S1 MEMORY WRITE beat=67 addr=1e7d1a48 data=0870c3f513c80f98 id=06
[1835000] MASTER 0 W_VALID_RDY Handshake beat=68 wlast=0
[1845000] MASTER 0 W_VALID_RDY Handshake beat=69 wlast=0
[1845000] S1 MEMORY WRITE beat=68 addr=1e7d1a58 data=3d5d1195e55e2887 id=06
[1855000] S1 MEMORY WRITE beat=69 addr=1e7d1a68 data=83bf7af3c234cda7 id=06
[1855000] MASTER 0 W_VALID_RDY Handshake beat=70 wlast=0
[1865000] MASTER 0 W_VALID_RDY Handshake beat=71 wlast=0
[1865000] S1 MEMORY WRITE beat=70 addr=1e7d1a78 data=d5fcdd3fcc10619f id=06
[1875000] S1 MEMORY WRITE beat=71 addr=1e7d1a88 data=316e8a268c303ee8 id=06
[1875000] MASTER 0 W_VALID_RDY Handshake beat=72 wlast=0
[1885000] MASTER 0 W_VALID_RDY Handshake beat=73 wlast=0
[1885000] S1 MEMORY WRITE beat=72 addr=1e7d1a98 data=ce650c8f1359eed4 id=06
[1895000] S1 MEMORY WRITE beat=73 addr=1e7d1aa8 data=df6a5073b52e0519 id=06
[1895000] MASTER 0 W_VALID_RDY Handshake beat=74 wlast=0
[1905000] MASTER 0 W_VALID_RDY Handshake beat=75 wlast=0
[1905000] S1 MEMORY WRITE beat=74 addr=1e7d1ab8 data=c15e4402a461e9ce id=06
[1915000] S1 MEMORY WRITE beat=75 addr=1e7d1ac8 data=b7bbd8a210d8da99 id=06
[1915000] MASTER 0 W_VALID_RDY Handshake beat=76 wlast=0
[1925000] MASTER 0 W_VALID_RDY Handshake beat=77 wlast=0
[1925000] S1 MEMORY WRITE beat=76 addr=1e7d1ad8 data=c606dfb28fc35091 id=06
[1935000] S1 MEMORY WRITE beat=77 addr=1e7d1ae8 data=34253a6097262915 id=06
[1935000] MASTER 0 W_VALID_RDY Handshake beat=78 wlast=0
[1945000] MASTER 0 W_VALID_RDY Handshake beat=79 wlast=0
[1945000] S1 MEMORY WRITE beat=78 addr=1e7d1af8 data=a7ff03ae876523b4 id=06
[1955000] S1 MEMORY WRITE beat=79 addr=1e7d1b08 data=17287446ebe11302 id=06
[1955000] MASTER 0 W_VALID_RDY Handshake beat=80 wlast=0
[1965000] MASTER 0 W_VALID_RDY Handshake beat=81 wlast=0
[1965000] S1 MEMORY WRITE beat=80 addr=1e7d1b18 data=03073c18ee05e361 id=06
[1975000] S1 MEMORY WRITE beat=81 addr=1e7d1b28 data=f56b0715cb4daea6 id=06
[1975000] MASTER 0 W_VALID_RDY Handshake beat=82 wlast=0
[1985000] MASTER 0 W_VALID_RDY Handshake beat=83 wlast=0
[1985000] S1 MEMORY WRITE beat=82 addr=1e7d1b38 data=b72ec1a8ab063fc6 id=06
[1995000] S1 MEMORY WRITE beat=83 addr=1e7d1b48 data=990c23278c937b5b id=06
[1995000] MASTER 0 W_VALID_RDY Handshake beat=84 wlast=0
[2005000] MASTER 0 W_VALID_RDY Handshake beat=85 wlast=0
[2005000] S1 MEMORY WRITE beat=84 addr=1e7d1b58 data=d7e12a01ba35fdc0 id=06
[2015000] S1 MEMORY WRITE beat=85 addr=1e7d1b68 data=e53c3d870e772a3d id=06
[2015000] MASTER 0 W_VALID_RDY Handshake beat=86 wlast=0
[2025000] MASTER 0 W_VALID_RDY Handshake beat=87 wlast=0
[2025000] S1 MEMORY WRITE beat=86 addr=1e7d1b78 data=9b0aa5980f0febaa id=06
[2035000] S1 MEMORY WRITE beat=87 addr=1e7d1b88 data=c945e96afe4860ae id=06
[2035000] MASTER 0 W_VALID_RDY Handshake beat=88 wlast=0
[2045000] MASTER 0 W_VALID_RDY Handshake beat=89 wlast=0
[2045000] S1 MEMORY WRITE beat=88 addr=1e7d1b98 data=8cbf8aebf2ebcf9a id=06
[2055000] S1 MEMORY WRITE beat=89 addr=1e7d1ba8 data=01fbbb44ae8226f1 id=06
[2055000] MASTER 0 W_VALID_RDY Handshake beat=90 wlast=0
[2065000] MASTER 0 W_VALID_RDY Handshake beat=91 wlast=0
[2065000] S1 MEMORY WRITE beat=90 addr=1e7d1bb8 data=2cca87a027ca3084 id=06
[2075000] S1 MEMORY WRITE beat=91 addr=1e7d1bc8 data=1ab6001ecb41a4ae id=06
[2075000] MASTER 0 W_VALID_RDY Handshake beat=92 wlast=0
[2085000] MASTER 0 W_VALID_RDY Handshake beat=93 wlast=0
[2085000] S1 MEMORY WRITE beat=92 addr=1e7d1bd8 data=f9c3cba0b98a128b id=06
[2095000] S1 MEMORY WRITE beat=93 addr=1e7d1be8 data=e154430f1cb1bb62 id=06
[2095000] MASTER 0 W_VALID_RDY Handshake beat=94 wlast=0
[2105000] MASTER 0 W_VALID_RDY Handshake beat=95 wlast=0
[2105000] S1 MEMORY WRITE beat=94 addr=1e7d1bf8 data=e7f36010268e5340 id=06
[2115000] S1 MEMORY WRITE beat=95 addr=1e7d1c08 data=e01865cbfc0a432d id=06
[2115000] MASTER 0 W_VALID_RDY Handshake beat=96 wlast=0
[2125000] MASTER 0 W_VALID_RDY Handshake beat=97 wlast=0
[2125000] S1 MEMORY WRITE beat=96 addr=1e7d1c18 data=98bbfe8fe1b72bb0 id=06
[2135000] S1 MEMORY WRITE beat=97 addr=1e7d1c28 data=88457ef0c16ca8db id=06
[2135000] MASTER 0 W_VALID_RDY Handshake beat=98 wlast=0
[2145000] MASTER 0 W_VALID_RDY Handshake beat=99 wlast=0
[2145000] S1 MEMORY WRITE beat=98 addr=1e7d1c38 data=bd76ec0800af5ea0 id=06
[2155000] S1 MEMORY WRITE beat=99 addr=1e7d1c48 data=e2668a50e85de4bc id=06
[2155000] MASTER 0 W_VALID_RDY Handshake beat=100 wlast=0
[2165000] MASTER 0 W_VALID_RDY Handshake beat=101 wlast=0
[2165000] S1 MEMORY WRITE beat=100 addr=1e7d1c58 data=29ca8d97d632ea98 id=06
[2175000] S1 MEMORY WRITE beat=101 addr=1e7d1c68 data=d6e24938eaac0941 id=06
[2175000] MASTER 0 W_VALID_RDY Handshake beat=102 wlast=0
[2185000] MASTER 0 W_VALID_RDY Handshake beat=103 wlast=0
[2185000] S1 MEMORY WRITE beat=102 addr=1e7d1c78 data=d309edfde741799f id=06
[2195000] S1 MEMORY WRITE beat=103 addr=1e7d1c88 data=bd746437b948d388 id=06
[2195000] MASTER 0 W_VALID_RDY Handshake beat=104 wlast=0
[2205000] MASTER 0 W_VALID_RDY Handshake beat=105 wlast=0
[2205000] S1 MEMORY WRITE beat=104 addr=1e7d1c98 data=a3f4dcc9fcd47b94 id=06
[2215000] S1 MEMORY WRITE beat=105 addr=1e7d1ca8 data=e415f5339456ad6f id=06
[2215000] MASTER 0 W_VALID_RDY Handshake beat=106 wlast=0
[2225000] MASTER 0 W_VALID_RDY Handshake beat=107 wlast=0
[2225000] S1 MEMORY WRITE beat=106 addr=1e7d1cb8 data=cd9f80f8f6fecac6 id=06
[2235000] S1 MEMORY WRITE beat=107 addr=1e7d1cc8 data=f3d3465a218a596b id=06
[2235000] MASTER 0 W_VALID_RDY Handshake beat=108 wlast=0
[2245000] MASTER 0 W_VALID_RDY Handshake beat=109 wlast=0
[2245000] S1 MEMORY WRITE beat=108 addr=1e7d1cd8 data=b5e106daf1945dc1 id=06
[2255000] S1 MEMORY WRITE beat=109 addr=1e7d1ce8 data=e8932888d7e93b8e id=06
[2255000] MASTER 0 W_VALID_RDY Handshake beat=110 wlast=0
[2265000] MASTER 0 W_VALID_RDY Handshake beat=111 wlast=0
[2265000] S1 MEMORY WRITE beat=110 addr=1e7d1cf8 data=f97394f9838087d2 id=06
[2275000] S1 MEMORY WRITE beat=111 addr=1e7d1d08 data=f514e594dc666ee2 id=06
[2275000] MASTER 0 W_VALID_RDY Handshake beat=112 wlast=0
[2285000] MASTER 0 W_VALID_RDY Handshake beat=113 wlast=0
[2285000] S1 MEMORY WRITE beat=112 addr=1e7d1d18 data=b44faa70af549bd3 id=06
[2295000] S1 MEMORY WRITE beat=113 addr=1e7d1d28 data=32d523a6dda80e1c id=06
[2295000] MASTER 0 W_VALID_RDY Handshake beat=114 wlast=0
[2305000] MASTER 0 W_VALID_RDY Handshake beat=115 wlast=0
[2305000] S1 MEMORY WRITE beat=114 addr=1e7d1d38 data=ba0e7cfeadc33f69 id=06
[2315000] S1 MEMORY WRITE beat=115 addr=1e7d1d48 data=dd17db3d27ea093a id=06
[2315000] MASTER 0 W_VALID_RDY Handshake beat=116 wlast=0
[2325000] MASTER 0 W_VALID_RDY Handshake beat=117 wlast=0
[2325000] S1 MEMORY WRITE beat=116 addr=1e7d1d58 data=05921756ee5e276f id=06
[2335000] S1 MEMORY WRITE beat=117 addr=1e7d1d68 data=9c2166d80fecfee3 id=06
[2335000] MASTER 0 W_VALID_RDY Handshake beat=118 wlast=0
[2345000] MASTER 0 W_VALID_RDY Handshake beat=119 wlast=0
[2345000] S1 MEMORY WRITE beat=118 addr=1e7d1d78 data=37d7081dbfa09454 id=06
[2355000] S1 MEMORY WRITE beat=119 addr=1e7d1d88 data=adfebbc3f9394215 id=06
[2355000] MASTER 0 W_VALID_RDY Handshake beat=120 wlast=0
[2365000] MASTER 0 W_VALID_RDY Handshake beat=121 wlast=0
[2365000] S1 MEMORY WRITE beat=120 addr=1e7d1d98 data=892640f83d691f73 id=06
[2375000] S1 MEMORY WRITE beat=121 addr=1e7d1da8 data=fd09b3c7ca20229c id=06
[2375000] MASTER 0 W_VALID_RDY Handshake beat=122 wlast=0
[2385000] MASTER 0 W_VALID_RDY Handshake beat=123 wlast=0
[2385000] S1 MEMORY WRITE beat=122 addr=1e7d1db8 data=c35964b1c0fd4915 id=06
[2395000] S1 MEMORY WRITE beat=123 addr=1e7d1dc8 data=fe6668882b086f8b id=06
[2395000] MASTER 0 W_VALID_RDY Handshake beat=124 wlast=0
[2405000] MASTER 0 W_VALID_RDY Handshake beat=125 wlast=0
[2405000] S1 MEMORY WRITE beat=124 addr=1e7d1dd8 data=f5289227cc7fa5aa id=06
[2415000] S1 MEMORY WRITE beat=125 addr=1e7d1de8 data=8d7ceebffb701c50 id=06
[2415000] MASTER 0 W_VALID_RDY Handshake beat=126 wlast=0
[2425000] MASTER 0 W_VALID_RDY Handshake beat=127 wlast=0
[2425000] S1 MEMORY WRITE beat=126 addr=1e7d1df8 data=26788bdbb881f6d8 id=06
[2435000] S1 MEMORY WRITE beat=127 addr=1e7d1e08 data=85019c820be35748 id=06
[2435000] MASTER 0 W_VALID_RDY Handshake beat=128 wlast=0
[2445000] MASTER 0 W_VALID_RDY Handshake beat=129 wlast=0
[2445000] S1 MEMORY WRITE beat=128 addr=1e7d1e18 data=075373981ba11e02 id=06
[2455000] S1 MEMORY WRITE beat=129 addr=1e7d1e28 data=d42314da127e8b42 id=06
[2455000] MASTER 0 W_VALID_RDY Handshake beat=130 wlast=0
[2465000] MASTER 0 W_VALID_RDY Handshake beat=131 wlast=0
[2465000] S1 MEMORY WRITE beat=130 addr=1e7d1e38 data=1e61e28a2dcbff73 id=06
[2475000] S1 MEMORY WRITE beat=131 addr=1e7d1e48 data=c96d1d75d924b15d id=06
[2475000] MASTER 0 W_VALID_RDY Handshake beat=132 wlast=0
[2485000] MASTER 0 W_VALID_RDY Handshake beat=133 wlast=0
[2485000] S1 MEMORY WRITE beat=132 addr=1e7d1e58 data=eba33c9f25b55622 id=06
[2495000] S1 MEMORY WRITE beat=133 addr=1e7d1e68 data=d38155959d90324f id=06
[2495000] MASTER 0 W_VALID_RDY Handshake beat=134 wlast=0
[2505000] MASTER 0 W_VALID_RDY Handshake beat=135 wlast=0
[2505000] S1 MEMORY WRITE beat=134 addr=1e7d1e78 data=f6b4e3ac0a051f29 id=06
[2515000] S1 MEMORY WRITE beat=135 addr=1e7d1e88 data=2fba754b1cee730a id=06
[2515000] MASTER 0 W_VALID_RDY Handshake beat=136 wlast=0
[2525000] MASTER 0 W_VALID_RDY Handshake beat=137 wlast=0
[2525000] S1 MEMORY WRITE beat=136 addr=1e7d1e98 data=ba7ea559e258204b id=06
[2535000] S1 MEMORY WRITE beat=137 addr=1e7d1ea8 data=ec5d3f74033bcae0 id=06
[2535000] MASTER 0 W_VALID_RDY Handshake beat=138 wlast=0
[2545000] MASTER 0 W_VALID_RDY Handshake beat=139 wlast=0
[2545000] S1 MEMORY WRITE beat=138 addr=1e7d1eb8 data=202a3dea31338906 id=06
[2555000] S1 MEMORY WRITE beat=139 addr=1e7d1ec8 data=938ba9519c17b4bf id=06
[2555000] MASTER 0 W_VALID_RDY Handshake beat=140 wlast=0
[2565000] MASTER 0 W_VALID_RDY Handshake beat=141 wlast=0
[2565000] S1 MEMORY WRITE beat=140 addr=1e7d1ed8 data=9f537f9fdaa8e343 id=06
[2575000] S1 MEMORY WRITE beat=141 addr=1e7d1ee8 data=8bdc6c49ffe8e8c6 id=06
[2575000] MASTER 0 W_VALID_RDY Handshake beat=142 wlast=0
[2585000] MASTER 0 W_VALID_RDY Handshake beat=143 wlast=0
[2585000] S1 MEMORY WRITE beat=142 addr=1e7d1ef8 data=9c009d85bf7dbd89 id=06
[2595000] S1 MEMORY WRITE beat=143 addr=1e7d1f08 data=1a26a0cd1f68159b id=06
[2595000] MASTER 0 W_VALID_RDY Handshake beat=144 wlast=0
[2605000] MASTER 0 W_VALID_RDY Handshake beat=145 wlast=0
[2605000] S1 MEMORY WRITE beat=144 addr=1e7d1f18 data=1f50fe613b541d25 id=06
[2615000] S1 MEMORY WRITE beat=145 addr=1e7d1f28 data=fad1daaea6030d16 id=06
[2615000] MASTER 0 W_VALID_RDY Handshake beat=146 wlast=0
[2625000] MASTER 0 W_VALID_RDY Handshake beat=147 wlast=0
[2625000] S1 MEMORY WRITE beat=146 addr=1e7d1f38 data=c56b22b1bb519be6 id=06
[2635000] S1 MEMORY WRITE beat=147 addr=1e7d1f48 data=f6a5b90b94f87b7b id=06
[2635000] MASTER 0 W_VALID_RDY Handshake beat=148 wlast=0
[2645000] MASTER 0 W_VALID_RDY Handshake beat=149 wlast=0
[2645000] S1 MEMORY WRITE beat=148 addr=1e7d1f58 data=3afb8892e4bc2112 id=06
[2655000] S1 MEMORY WRITE beat=149 addr=1e7d1f68 data=200dbcf9f17793ba id=06
[2655000] MASTER 0 W_VALID_RDY Handshake beat=150 wlast=0
[2665000] MASTER 0 W_VALID_RDY Handshake beat=151 wlast=0
[2665000] S1 MEMORY WRITE beat=150 addr=1e7d1f78 data=86700f358066ab43 id=06
[2675000] S1 MEMORY WRITE beat=151 addr=1e7d1f88 data=e522cc5696b37604 id=06
[2675000] MASTER 0 W_VALID_RDY Handshake beat=152 wlast=0
[2685000] MASTER 0 W_VALID_RDY Handshake beat=153 wlast=0
[2685000] S1 MEMORY WRITE beat=152 addr=1e7d1f98 data=882b09bec16b97c7 id=06
[2695000] S1 MEMORY WRITE beat=153 addr=1e7d1fa8 data=c1d2430b0530894f id=06
[2695000] MASTER 0 W_VALID_RDY Handshake beat=154 wlast=0
[2705000] MASTER 0 W_VALID_RDY Handshake beat=155 wlast=0
[2705000] S1 MEMORY WRITE beat=154 addr=1e7d1fb8 data=9be3ff530e9b18f4 id=06
[2715000] S1 MEMORY WRITE beat=155 addr=1e7d1fc8 data=d006b0bb26f50f61 id=06
[2715000] MASTER 0 W_VALID_RDY Handshake beat=156 wlast=0
[2725000] MASTER 0 W_VALID_RDY Handshake beat=157 wlast=0
[2725000] S1 MEMORY WRITE beat=156 addr=1e7d1fd8 data=2c2598b0240f0912 id=06
[2735000] S1 MEMORY WRITE beat=157 addr=1e7d1fe8 data=32aa220691d8f3c6 id=06
[2735000] MASTER 0 W_VALID_RDY Handshake beat=158 wlast=0
[2745000] MASTER 0 W_VALID_RDY Handshake beat=159 wlast=0
[2745000] S1 MEMORY WRITE beat=158 addr=1e7d1ff8 data=b8ce0327c8099803 id=06
[2755000] S1 MEMORY WRITE beat=159 addr=1e7d2008 data=ec18a11582b0d2c1 id=06
[2755000] MASTER 0 W_VALID_RDY Handshake beat=160 wlast=0
[2765000] MASTER 0 W_VALID_RDY Handshake beat=161 wlast=0
[2765000] S1 MEMORY WRITE beat=160 addr=1e7d2018 data=1489c688e4f39bd7 id=06
[2775000] S1 MEMORY WRITE beat=161 addr=1e7d2028 data=2cfd33db9ec2c31b id=06
[2775000] MASTER 0 W_VALID_RDY Handshake beat=162 wlast=0
[2785000] MASTER 0 W_VALID_RDY Handshake beat=163 wlast=0
[2785000] S1 MEMORY WRITE beat=162 addr=1e7d2038 data=217395ddcd57c9af id=06
[2795000] S1 MEMORY WRITE beat=163 addr=1e7d2048 data=324b65879915d4f0 id=06
[2795000] MASTER 0 W_VALID_RDY Handshake beat=164 wlast=0
[2805000] MASTER 0 W_VALID_RDY Handshake beat=165 wlast=0
[2805000] S1 MEMORY WRITE beat=164 addr=1e7d2058 data=37d8980c35fd5c65 id=06
[2815000] S1 MEMORY WRITE beat=165 addr=1e7d2068 data=83552614df489962 id=06
[2815000] MASTER 0 W_VALID_RDY Handshake beat=166 wlast=0
[2825000] MASTER 0 W_VALID_RDY Handshake beat=167 wlast=0
[2825000] S1 MEMORY WRITE beat=166 addr=1e7d2078 data=f85e6e52d94c2de9 id=06
[2835000] S1 MEMORY WRITE beat=167 addr=1e7d2088 data=0f498a4eb5a08b9b id=06
[2835000] MASTER 0 W_VALID_RDY Handshake beat=168 wlast=0
[2845000] MASTER 0 W_VALID_RDY Handshake beat=169 wlast=0
[2845000] S1 MEMORY WRITE beat=168 addr=1e7d2098 data=94e924fdb037065e id=06
[2855000] S1 MEMORY WRITE beat=169 addr=1e7d20a8 data=89833447929eb062 id=06
[2855000] MASTER 0 W_VALID_RDY Handshake beat=170 wlast=0
[2865000] MASTER 0 W_VALID_RDY Handshake beat=171 wlast=0
[2865000] S1 MEMORY WRITE beat=170 addr=1e7d20b8 data=c83f3bfe0d479350 id=06
[2875000] S1 MEMORY WRITE beat=171 addr=1e7d20c8 data=bd7e99ae98ccbe95 id=06
[2875000] MASTER 0 W_VALID_RDY Handshake beat=172 wlast=0
[2885000] MASTER 0 W_VALID_RDY Handshake beat=173 wlast=0
[2885000] S1 MEMORY WRITE beat=172 addr=1e7d20d8 data=2b6b6ef8dd2860fb id=06
[2895000] S1 MEMORY WRITE beat=173 addr=1e7d20e8 data=ea6ff44bc701cdf6 id=06
[2895000] MASTER 0 W_VALID_RDY Handshake beat=174 wlast=1
[2905000] S1 MEMORY WRITE beat=174 addr=1e7d20f8 data=dfce8c8bf3aaaaf6 id=06
[2915000] SLAVE1 sent B resp, id=6
[2915000] [SLAVE MONITOR] mst_id=0 s_id=1 awaddr=1e7d1618 awid=110 awlen=174 awsize=4 awburst=1 wdata=[9e71f19cfab6a74a 37f8f5fcc045a51c 9cc723ca3625f4e2 30dc9c2c3d0ae771 fd508c8d3b391567 f15f0a49e8d59228 25e079999a17b057 d550c5be223ba675 b11389d23310626 bd48b67dc6afd007 e8eb767c30f1b236 d422b85c12997c3c d9494c43f3fcaf19 a4ee614f916b6ed9 a404eb15c234c2c0 b63171d9f91119ab a7c8885fd4e3759 3f82fa19db1fd329 d430ecd4ae81739a abcfaaf3f5b46bf2 d0d43f1bdead7559 d2ee8f4eb52a50c e10710ff25052bf0 83b2a149b8fe93e7 245138f4b1db501a d6e07c0a90e18a3d c9e01e25055849f3 b7339a0dda931d54 eb74a791ee315719 f389a10c0e141618 e8a7336cb554c5b6 a3861ccfaabd3b19 b8d15131d41bdafd 970a0b4970fbddb c1ccf8f5a178849d f5945f9bacf6bd83 c4067b5ffa9e4a26 1c16cec4ff05004f abfbbdd205d37454 8071be7a11ab2e5f 10b02eaef0023931 f5d5ad859c888d3e ae33bb9dbcabec80 2cae25b2f6476c00 92cff93ebee3ea4b fb8fd6cca283d337 98cb3f37c103b4dc ffe79f27283dfc7e cac1cfb52b9b3876 ec9eed52fb7775f3 a3b57271e38d0eed f284763ec868c79 e7fe026dee774227 d2045114fbc734b5 e84dc12e8bb374de fa2ab705e12c9877 dcf3cd2cd04bc39b dbff387acc2f0819 ad5ba090c5418e5a 158d51f6d629ef7f 2258f7998a4f6dbc cf90fc17f18c8a70 c7b679efcfb49829 da0405e6e51e4e0d d6aad87dea0f7188 39c409b2299501fd eb3500a9e61526c 870c3f513c80f98 3d5d1195e55e2887 83bf7af3c234cda7 d5fcdd3fcc10619f 316e8a268c303ee8 ce650c8f1359eed4 df6a5073b52e0519 c15e4402a461e9ce b7bbd8a210d8da99 c606dfb28fc35091 34253a6097262915 a7ff03ae876523b4 17287446ebe11302 3073c18ee05e361 f56b0715cb4daea6 b72ec1a8ab063fc6 990c23278c937b5b d7e12a01ba35fdc0 e53c3d870e772a3d 9b0aa5980f0febaa c945e96afe4860ae 8cbf8aebf2ebcf9a 1fbbb44ae8226f1 2cca87a027ca3084 1ab6001ecb41a4ae f9c3cba0b98a128b e154430f1cb1bb62 e7f36010268e5340 e01865cbfc0a432d 98bbfe8fe1b72bb0 88457ef0c16ca8db bd76ec0800af5ea0 e2668a50e85de4bc 29ca8d97d632ea98 d6e24938eaac0941 d309edfde741799f bd746437b948d388 a3f4dcc9fcd47b94 e415f5339456ad6f cd9f80f8f6fecac6 f3d3465a218a596b b5e106daf1945dc1 e8932888d7e93b8e f97394f9838087d2 f514e594dc666ee2 b44faa70af549bd3 32d523a6dda80e1c ba0e7cfeadc33f69 dd17db3d27ea093a 5921756ee5e276f 9c2166d80fecfee3 37d7081dbfa09454 adfebbc3f9394215 892640f83d691f73 fd09b3c7ca20229c c35964b1c0fd4915 fe6668882b086f8b f5289227cc7fa5aa 8d7ceebffb701c50 26788bdbb881f6d8 85019c820be35748 75373981ba11e02 d42314da127e8b42 1e61e28a2dcbff73 c96d1d75d924b15d eba33c9f25b55622 d38155959d90324f f6b4e3ac0a051f29 2fba754b1cee730a ba7ea559e258204b ec5d3f74033bcae0 202a3dea31338906 938ba9519c17b4bf 9f537f9fdaa8e343 8bdc6c49ffe8e8c6 9c009d85bf7dbd89 1a26a0cd1f68159b 1f50fe613b541d25 fad1daaea6030d16 c56b22b1bb519be6 f6a5b90b94f87b7b 3afb8892e4bc2112 200dbcf9f17793ba 86700f358066ab43 e522cc5696b37604 882b09bec16b97c7 c1d2430b0530894f 9be3ff530e9b18f4 d006b0bb26f50f61 2c2598b0240f0912 32aa220691d8f3c6 b8ce0327c8099803 ec18a11582b0d2c1 1489c688e4f39bd7 2cfd33db9ec2c31b 217395ddcd57c9af 324b65879915d4f0 37d8980c35fd5c65 83552614df489962 f85e6e52d94c2de9 f498a4eb5a08b9b 94e924fdb037065e 89833447929eb062 c83f3bfe0d479350 bd7e99ae98ccbe95 2b6b6ef8dd2860fb ea6ff44bc701cdf6 dfce8c8bf3aaaaf6 ] wstrb=[fa f1 83 f0 3d 79 7b 37 6b ff 27 a8 78 a2 df e3 a1 6 8b 1a a8 6a fd 4a 70 89 64 19 f3 61 63 64 ea c7 7d de 28 e0 42 13 a7 bf f1 cf 9f 33 e2 46 f2 d3 15 91 6 f8 d7 f8 cb ec 89 d2 e4 60 ca b0 4d 54 82 31 b4 4c e1 1 a0 63 33 55 b0 14 56 50 78 89 a5 28 9e fc 78 16 85 1e 3e 23 1a b6 39 9f d4 77 c3 ee 2e fc 8e 2 74 51 f1 a2 4d 7f a4 c1 d0 95 63 1d 14 8 df e4 9d 42 2 b2 4a e1 96 e8 23 98 9a 6e 79 30 56 9d c9 f0 b 42 20 61 df e9 51 ea 2c 71 4b b 5b 9c f6 87 e 41 92 69 de 88 f0 ec ca 82 55 a8 b 45 94 d5 c7 e9 7d d2 2e ] bresp=0 bid=110
[2935000] MASTER 0 B_VALID_RDY Handshake
[2935000] [MASTER MONITOR] mst_id=0 s_id=1 awaddr=1e7d1618 awid=110 awlen=174 awsize=4 awburst=1 wdata=[9e71f19cfab6a74a 37f8f5fcc045a51c 9cc723ca3625f4e2 30dc9c2c3d0ae771 fd508c8d3b391567 f15f0a49e8d59228 25e079999a17b057 d550c5be223ba675 b11389d23310626 bd48b67dc6afd007 e8eb767c30f1b236 d422b85c12997c3c d9494c43f3fcaf19 a4ee614f916b6ed9 a404eb15c234c2c0 b63171d9f91119ab a7c8885fd4e3759 3f82fa19db1fd329 d430ecd4ae81739a abcfaaf3f5b46bf2 d0d43f1bdead7559 d2ee8f4eb52a50c e10710ff25052bf0 83b2a149b8fe93e7 245138f4b1db501a d6e07c0a90e18a3d c9e01e25055849f3 b7339a0dda931d54 eb74a791ee315719 f389a10c0e141618 e8a7336cb554c5b6 a3861ccfaabd3b19 b8d15131d41bdafd 970a0b4970fbddb c1ccf8f5a178849d f5945f9bacf6bd83 c4067b5ffa9e4a26 1c16cec4ff05004f abfbbdd205d37454 8071be7a11ab2e5f 10b02eaef0023931 f5d5ad859c888d3e ae33bb9dbcabec80 2cae25b2f6476c00 92cff93ebee3ea4b fb8fd6cca283d337 98cb3f37c103b4dc ffe79f27283dfc7e cac1cfb52b9b3876 ec9eed52fb7775f3 a3b57271e38d0eed f284763ec868c79 e7fe026dee774227 d2045114fbc734b5 e84dc12e8bb374de fa2ab705e12c9877 dcf3cd2cd04bc39b dbff387acc2f0819 ad5ba090c5418e5a 158d51f6d629ef7f 2258f7998a4f6dbc cf90fc17f18c8a70 c7b679efcfb49829 da0405e6e51e4e0d d6aad87dea0f7188 39c409b2299501fd eb3500a9e61526c 870c3f513c80f98 3d5d1195e55e2887 83bf7af3c234cda7 d5fcdd3fcc10619f 316e8a268c303ee8 ce650c8f1359eed4 df6a5073b52e0519 c15e4402a461e9ce b7bbd8a210d8da99 c606dfb28fc35091 34253a6097262915 a7ff03ae876523b4 17287446ebe11302 3073c18ee05e361 f56b0715cb4daea6 b72ec1a8ab063fc6 990c23278c937b5b d7e12a01ba35fdc0 e53c3d870e772a3d 9b0aa5980f0febaa c945e96afe4860ae 8cbf8aebf2ebcf9a 1fbbb44ae8226f1 2cca87a027ca3084 1ab6001ecb41a4ae f9c3cba0b98a128b e154430f1cb1bb62 e7f36010268e5340 e01865cbfc0a432d 98bbfe8fe1b72bb0 88457ef0c16ca8db bd76ec0800af5ea0 e2668a50e85de4bc 29ca8d97d632ea98 d6e24938eaac0941 d309edfde741799f bd746437b948d388 a3f4dcc9fcd47b94 e415f5339456ad6f cd9f80f8f6fecac6 f3d3465a218a596b b5e106daf1945dc1 e8932888d7e93b8e f97394f9838087d2 f514e594dc666ee2 b44faa70af549bd3 32d523a6dda80e1c ba0e7cfeadc33f69 dd17db3d27ea093a 5921756ee5e276f 9c2166d80fecfee3 37d7081dbfa09454 adfebbc3f9394215 892640f83d691f73 fd09b3c7ca20229c c35964b1c0fd4915 fe6668882b086f8b f5289227cc7fa5aa 8d7ceebffb701c50 26788bdbb881f6d8 85019c820be35748 75373981ba11e02 d42314da127e8b42 1e61e28a2dcbff73 c96d1d75d924b15d eba33c9f25b55622 d38155959d90324f f6b4e3ac0a051f29 2fba754b1cee730a ba7ea559e258204b ec5d3f74033bcae0 202a3dea31338906 938ba9519c17b4bf 9f537f9fdaa8e343 8bdc6c49ffe8e8c6 9c009d85bf7dbd89 1a26a0cd1f68159b 1f50fe613b541d25 fad1daaea6030d16 c56b22b1bb519be6 f6a5b90b94f87b7b 3afb8892e4bc2112 200dbcf9f17793ba 86700f358066ab43 e522cc5696b37604 882b09bec16b97c7 c1d2430b0530894f 9be3ff530e9b18f4 d006b0bb26f50f61 2c2598b0240f0912 32aa220691d8f3c6 b8ce0327c8099803 ec18a11582b0d2c1 1489c688e4f39bd7 2cfd33db9ec2c31b 217395ddcd57c9af 324b65879915d4f0 37d8980c35fd5c65 83552614df489962 f85e6e52d94c2de9 f498a4eb5a08b9b 94e924fdb037065e 89833447929eb062 c83f3bfe0d479350 bd7e99ae98ccbe95 2b6b6ef8dd2860fb ea6ff44bc701cdf6 dfce8c8bf3aaaaf6 ] wstrb=[fa f1 83 f0 3d 79 7b 37 6b ff 27 a8 78 a2 df e3 a1 6 8b 1a a8 6a fd 4a 70 89 64 19 f3 61 63 64 ea c7 7d de 28 e0 42 13 a7 bf f1 cf 9f 33 e2 46 f2 d3 15 91 6 f8 d7 f8 cb ec 89 d2 e4 60 ca b0 4d 54 82 31 b4 4c e1 1 a0 63 33 55 b0 14 56 50 78 89 a5 28 9e fc 78 16 85 1e 3e 23 1a b6 39 9f d4 77 c3 ee 2e fc 8e 2 74 51 f1 a2 4d 7f a4 c1 d0 95 63 1d 14 8 df e4 9d 42 2 b2 4a e1 96 e8 23 98 9a 6e 79 30 56 9d c9 f0 b 42 20 61 df e9 51 ea 2c 71 4b b 5b 9c f6 87 e 41 92 69 de 88 f0 ec ca 82 55 a8 b 45 94 d5 c7 e9 7d d2 2e ] bresp=0 bid=110
[2935000] MASTER 0 RECEIVED BRESP. BRESP=0
[2935000] [MASTER DRIVER] mst_id=0 s_id=0 awaddr=1e7d1618 awid=110 awlen=174 awsize=4 awburst=1 wdata=[9e71f19cfab6a74a 37f8f5fcc045a51c 9cc723ca3625f4e2 30dc9c2c3d0ae771 fd508c8d3b391567 f15f0a49e8d59228 25e079999a17b057 d550c5be223ba675 b11389d23310626 bd48b67dc6afd007 e8eb767c30f1b236 d422b85c12997c3c d9494c43f3fcaf19 a4ee614f916b6ed9 a404eb15c234c2c0 b63171d9f91119ab a7c8885fd4e3759 3f82fa19db1fd329 d430ecd4ae81739a abcfaaf3f5b46bf2 d0d43f1bdead7559 d2ee8f4eb52a50c e10710ff25052bf0 83b2a149b8fe93e7 245138f4b1db501a d6e07c0a90e18a3d c9e01e25055849f3 b7339a0dda931d54 eb74a791ee315719 f389a10c0e141618 e8a7336cb554c5b6 a3861ccfaabd3b19 b8d15131d41bdafd 970a0b4970fbddb c1ccf8f5a178849d f5945f9bacf6bd83 c4067b5ffa9e4a26 1c16cec4ff05004f abfbbdd205d37454 8071be7a11ab2e5f 10b02eaef0023931 f5d5ad859c888d3e ae33bb9dbcabec80 2cae25b2f6476c00 92cff93ebee3ea4b fb8fd6cca283d337 98cb3f37c103b4dc ffe79f27283dfc7e cac1cfb52b9b3876 ec9eed52fb7775f3 a3b57271e38d0eed f284763ec868c79 e7fe026dee774227 d2045114fbc734b5 e84dc12e8bb374de fa2ab705e12c9877 dcf3cd2cd04bc39b dbff387acc2f0819 ad5ba090c5418e5a 158d51f6d629ef7f 2258f7998a4f6dbc cf90fc17f18c8a70 c7b679efcfb49829 da0405e6e51e4e0d d6aad87dea0f7188 39c409b2299501fd eb3500a9e61526c 870c3f513c80f98 3d5d1195e55e2887 83bf7af3c234cda7 d5fcdd3fcc10619f 316e8a268c303ee8 ce650c8f1359eed4 df6a5073b52e0519 c15e4402a461e9ce b7bbd8a210d8da99 c606dfb28fc35091 34253a6097262915 a7ff03ae876523b4 17287446ebe11302 3073c18ee05e361 f56b0715cb4daea6 b72ec1a8ab063fc6 990c23278c937b5b d7e12a01ba35fdc0 e53c3d870e772a3d 9b0aa5980f0febaa c945e96afe4860ae 8cbf8aebf2ebcf9a 1fbbb44ae8226f1 2cca87a027ca3084 1ab6001ecb41a4ae f9c3cba0b98a128b e154430f1cb1bb62 e7f36010268e5340 e01865cbfc0a432d 98bbfe8fe1b72bb0 88457ef0c16ca8db bd76ec0800af5ea0 e2668a50e85de4bc 29ca8d97d632ea98 d6e24938eaac0941 d309edfde741799f bd746437b948d388 a3f4dcc9fcd47b94 e415f5339456ad6f cd9f80f8f6fecac6 f3d3465a218a596b b5e106daf1945dc1 e8932888d7e93b8e f97394f9838087d2 f514e594dc666ee2 b44faa70af549bd3 32d523a6dda80e1c ba0e7cfeadc33f69 dd17db3d27ea093a 5921756ee5e276f 9c2166d80fecfee3 37d7081dbfa09454 adfebbc3f9394215 892640f83d691f73 fd09b3c7ca20229c c35964b1c0fd4915 fe6668882b086f8b f5289227cc7fa5aa 8d7ceebffb701c50 26788bdbb881f6d8 85019c820be35748 75373981ba11e02 d42314da127e8b42 1e61e28a2dcbff73 c96d1d75d924b15d eba33c9f25b55622 d38155959d90324f f6b4e3ac0a051f29 2fba754b1cee730a ba7ea559e258204b ec5d3f74033bcae0 202a3dea31338906 938ba9519c17b4bf 9f537f9fdaa8e343 8bdc6c49ffe8e8c6 9c009d85bf7dbd89 1a26a0cd1f68159b 1f50fe613b541d25 fad1daaea6030d16 c56b22b1bb519be6 f6a5b90b94f87b7b 3afb8892e4bc2112 200dbcf9f17793ba 86700f358066ab43 e522cc5696b37604 882b09bec16b97c7 c1d2430b0530894f 9be3ff530e9b18f4 d006b0bb26f50f61 2c2598b0240f0912 32aa220691d8f3c6 b8ce0327c8099803 ec18a11582b0d2c1 1489c688e4f39bd7 2cfd33db9ec2c31b 217395ddcd57c9af 324b65879915d4f0 37d8980c35fd5c65 83552614df489962 f85e6e52d94c2de9 f498a4eb5a08b9b 94e924fdb037065e 89833447929eb062 c83f3bfe0d479350 bd7e99ae98ccbe95 2b6b6ef8dd2860fb ea6ff44bc701cdf6 dfce8c8bf3aaaaf6 ] wstrb=[fa f1 83 f0 3d 79 7b 37 6b ff 27 a8 78 a2 df e3 a1 6 8b 1a a8 6a fd 4a 70 89 64 19 f3 61 63 64 ea c7 7d de 28 e0 42 13 a7 bf f1 cf 9f 33 e2 46 f2 d3 15 91 6 f8 d7 f8 cb ec 89 d2 e4 60 ca b0 4d 54 82 31 b4 4c e1 1 a0 63 33 55 b0 14 56 50 78 89 a5 28 9e fc 78 16 85 1e 3e 23 1a b6 39 9f d4 77 c3 ee 2e fc 8e 2 74 51 f1 a2 4d 7f a4 c1 d0 95 63 1d 14 8 df e4 9d 42 2 b2 4a e1 96 e8 23 98 9a 6e 79 30 56 9d c9 f0 b 42 20 61 df e9 51 ea 2c 71 4b b 5b 9c f6 87 e 41 92 69 de 88 f0 ec ca 82 55 a8 b 45 94 d5 c7 e9 7d d2 2e ] bresp=0 bid=110
[2935000] SCOREBOARD MATCH: decode_err expected = 0, actual =0
[2935000] SCOREBOARD MATCH: slave_id expected = 1, actual =1
[2935000] SCOREBOARD MATCH: awaddr passthrough expected = 1e7d1618, actual =1e7d1618
[2935000] SCOREBOARD MATCH: awlen passthrough expected = 174, actual =174
[2935000] SCOREBOARD MATCH: awsize passthrough expected = 4, actual =4
[2935000] SCOREBOARD MATCH: awburst passthrough expected = 1, actual =1
[2935000] SCOREBOARD MATCH: wdata size check expected = af, actual =af
[2935000] SCOREBOARD MATCH: wdata passthrough beat=0 expected = 9e71f19cfab6a74a, actual =9e71f19cfab6a74a
[2935000] SCOREBOARD MATCH: wdata passthrough beat=1 expected = 37f8f5fcc045a51c, actual =37f8f5fcc045a51c
[2935000] SCOREBOARD MATCH: wdata passthrough beat=2 expected = 9cc723ca3625f4e2, actual =9cc723ca3625f4e2
[2935000] SCOREBOARD MATCH: wdata passthrough beat=3 expected = 30dc9c2c3d0ae771, actual =30dc9c2c3d0ae771
[2935000] SCOREBOARD MATCH: wdata passthrough beat=4 expected = fd508c8d3b391567, actual =fd508c8d3b391567
[2935000] SCOREBOARD MATCH: wdata passthrough beat=5 expected = f15f0a49e8d59228, actual =f15f0a49e8d59228
[2935000] SCOREBOARD MATCH: wdata passthrough beat=6 expected = 25e079999a17b057, actual =25e079999a17b057
[2935000] SCOREBOARD MATCH: wdata passthrough beat=7 expected = d550c5be223ba675, actual =d550c5be223ba675
[2935000] SCOREBOARD MATCH: wdata passthrough beat=8 expected = b11389d23310626, actual =b11389d23310626
[2935000] SCOREBOARD MATCH: wdata passthrough beat=9 expected = bd48b67dc6afd007, actual =bd48b67dc6afd007
[2935000] SCOREBOARD MATCH: wdata passthrough beat=10 expected = e8eb767c30f1b236, actual =e8eb767c30f1b236
[2935000] SCOREBOARD MATCH: wdata passthrough beat=11 expected = d422b85c12997c3c, actual =d422b85c12997c3c
[2935000] SCOREBOARD MATCH: wdata passthrough beat=12 expected = d9494c43f3fcaf19, actual =d9494c43f3fcaf19
[2935000] SCOREBOARD MATCH: wdata passthrough beat=13 expected = a4ee614f916b6ed9, actual =a4ee614f916b6ed9
[2935000] SCOREBOARD MATCH: wdata passthrough beat=14 expected = a404eb15c234c2c0, actual =a404eb15c234c2c0
[2935000] SCOREBOARD MATCH: wdata passthrough beat=15 expected = b63171d9f91119ab, actual =b63171d9f91119ab
[2935000] SCOREBOARD MATCH: wdata passthrough beat=16 expected = a7c8885fd4e3759, actual =a7c8885fd4e3759
[2935000] SCOREBOARD MATCH: wdata passthrough beat=17 expected = 3f82fa19db1fd329, actual =3f82fa19db1fd329
[2935000] SCOREBOARD MATCH: wdata passthrough beat=18 expected = d430ecd4ae81739a, actual =d430ecd4ae81739a
[2935000] SCOREBOARD MATCH: wdata passthrough beat=19 expected = abcfaaf3f5b46bf2, actual =abcfaaf3f5b46bf2
[2935000] SCOREBOARD MATCH: wdata passthrough beat=20 expected = d0d43f1bdead7559, actual =d0d43f1bdead7559
[2935000] SCOREBOARD MATCH: wdata passthrough beat=21 expected = d2ee8f4eb52a50c, actual =d2ee8f4eb52a50c
[2935000] SCOREBOARD MATCH: wdata passthrough beat=22 expected = e10710ff25052bf0, actual =e10710ff25052bf0
[2935000] SCOREBOARD MATCH: wdata passthrough beat=23 expected = 83b2a149b8fe93e7, actual =83b2a149b8fe93e7
[2935000] SCOREBOARD MATCH: wdata passthrough beat=24 expected = 245138f4b1db501a, actual =245138f4b1db501a
[2935000] SCOREBOARD MATCH: wdata passthrough beat=25 expected = d6e07c0a90e18a3d, actual =d6e07c0a90e18a3d
[2935000] SCOREBOARD MATCH: wdata passthrough beat=26 expected = c9e01e25055849f3, actual =c9e01e25055849f3
[2935000] SCOREBOARD MATCH: wdata passthrough beat=27 expected = b7339a0dda931d54, actual =b7339a0dda931d54
[2935000] SCOREBOARD MATCH: wdata passthrough beat=28 expected = eb74a791ee315719, actual =eb74a791ee315719
[2935000] SCOREBOARD MATCH: wdata passthrough beat=29 expected = f389a10c0e141618, actual =f389a10c0e141618
[2935000] SCOREBOARD MATCH: wdata passthrough beat=30 expected = e8a7336cb554c5b6, actual =e8a7336cb554c5b6
[2935000] SCOREBOARD MATCH: wdata passthrough beat=31 expected = a3861ccfaabd3b19, actual =a3861ccfaabd3b19
[2935000] SCOREBOARD MATCH: wdata passthrough beat=32 expected = b8d15131d41bdafd, actual =b8d15131d41bdafd
[2935000] SCOREBOARD MATCH: wdata passthrough beat=33 expected = 970a0b4970fbddb, actual =970a0b4970fbddb
[2935000] SCOREBOARD MATCH: wdata passthrough beat=34 expected = c1ccf8f5a178849d, actual =c1ccf8f5a178849d
[2935000] SCOREBOARD MATCH: wdata passthrough beat=35 expected = f5945f9bacf6bd83, actual =f5945f9bacf6bd83
[2935000] SCOREBOARD MATCH: wdata passthrough beat=36 expected = c4067b5ffa9e4a26, actual =c4067b5ffa9e4a26
[2935000] SCOREBOARD MATCH: wdata passthrough beat=37 expected = 1c16cec4ff05004f, actual =1c16cec4ff05004f
[2935000] SCOREBOARD MATCH: wdata passthrough beat=38 expected = abfbbdd205d37454, actual =abfbbdd205d37454
[2935000] SCOREBOARD MATCH: wdata passthrough beat=39 expected = 8071be7a11ab2e5f, actual =8071be7a11ab2e5f
[2935000] SCOREBOARD MATCH: wdata passthrough beat=40 expected = 10b02eaef0023931, actual =10b02eaef0023931
[2935000] SCOREBOARD MATCH: wdata passthrough beat=41 expected = f5d5ad859c888d3e, actual =f5d5ad859c888d3e
[2935000] SCOREBOARD MATCH: wdata passthrough beat=42 expected = ae33bb9dbcabec80, actual =ae33bb9dbcabec80
[2935000] SCOREBOARD MATCH: wdata passthrough beat=43 expected = 2cae25b2f6476c00, actual =2cae25b2f6476c00
[2935000] SCOREBOARD MATCH: wdata passthrough beat=44 expected = 92cff93ebee3ea4b, actual =92cff93ebee3ea4b
[2935000] SCOREBOARD MATCH: wdata passthrough beat=45 expected = fb8fd6cca283d337, actual =fb8fd6cca283d337
[2935000] SCOREBOARD MATCH: wdata passthrough beat=46 expected = 98cb3f37c103b4dc, actual =98cb3f37c103b4dc
[2935000] SCOREBOARD MATCH: wdata passthrough beat=47 expected = ffe79f27283dfc7e, actual =ffe79f27283dfc7e
[2935000] SCOREBOARD MATCH: wdata passthrough beat=48 expected = cac1cfb52b9b3876, actual =cac1cfb52b9b3876
[2935000] SCOREBOARD MATCH: wdata passthrough beat=49 expected = ec9eed52fb7775f3, actual =ec9eed52fb7775f3
[2935000] SCOREBOARD MATCH: wdata passthrough beat=50 expected = a3b57271e38d0eed, actual =a3b57271e38d0eed
[2935000] SCOREBOARD MATCH: wdata passthrough beat=51 expected = f284763ec868c79, actual =f284763ec868c79
[2935000] SCOREBOARD MATCH: wdata passthrough beat=52 expected = e7fe026dee774227, actual =e7fe026dee774227
[2935000] SCOREBOARD MATCH: wdata passthrough beat=53 expected = d2045114fbc734b5, actual =d2045114fbc734b5
[2935000] SCOREBOARD MATCH: wdata passthrough beat=54 expected = e84dc12e8bb374de, actual =e84dc12e8bb374de
[2935000] SCOREBOARD MATCH: wdata passthrough beat=55 expected = fa2ab705e12c9877, actual =fa2ab705e12c9877
[2935000] SCOREBOARD MATCH: wdata passthrough beat=56 expected = dcf3cd2cd04bc39b, actual =dcf3cd2cd04bc39b
[2935000] SCOREBOARD MATCH: wdata passthrough beat=57 expected = dbff387acc2f0819, actual =dbff387acc2f0819
[2935000] SCOREBOARD MATCH: wdata passthrough beat=58 expected = ad5ba090c5418e5a, actual =ad5ba090c5418e5a
[2935000] SCOREBOARD MATCH: wdata passthrough beat=59 expected = 158d51f6d629ef7f, actual =158d51f6d629ef7f
[2935000] SCOREBOARD MATCH: wdata passthrough beat=60 expected = 2258f7998a4f6dbc, actual =2258f7998a4f6dbc
[2935000] SCOREBOARD MATCH: wdata passthrough beat=61 expected = cf90fc17f18c8a70, actual =cf90fc17f18c8a70
[2935000] SCOREBOARD MATCH: wdata passthrough beat=62 expected = c7b679efcfb49829, actual =c7b679efcfb49829
[2935000] SCOREBOARD MATCH: wdata passthrough beat=63 expected = da0405e6e51e4e0d, actual =da0405e6e51e4e0d
[2935000] SCOREBOARD MATCH: wdata passthrough beat=64 expected = d6aad87dea0f7188, actual =d6aad87dea0f7188
[2935000] SCOREBOARD MATCH: wdata passthrough beat=65 expected = 39c409b2299501fd, actual =39c409b2299501fd
[2935000] SCOREBOARD MATCH: wdata passthrough beat=66 expected = eb3500a9e61526c, actual =eb3500a9e61526c
[2935000] SCOREBOARD MATCH: wdata passthrough beat=67 expected = 870c3f513c80f98, actual =870c3f513c80f98
[2935000] SCOREBOARD MATCH: wdata passthrough beat=68 expected = 3d5d1195e55e2887, actual =3d5d1195e55e2887
[2935000] SCOREBOARD MATCH: wdata passthrough beat=69 expected = 83bf7af3c234cda7, actual =83bf7af3c234cda7
[2935000] SCOREBOARD MATCH: wdata passthrough beat=70 expected = d5fcdd3fcc10619f, actual =d5fcdd3fcc10619f
[2935000] SCOREBOARD MATCH: wdata passthrough beat=71 expected = 316e8a268c303ee8, actual =316e8a268c303ee8
[2935000] SCOREBOARD MATCH: wdata passthrough beat=72 expected = ce650c8f1359eed4, actual =ce650c8f1359eed4
[2935000] SCOREBOARD MATCH: wdata passthrough beat=73 expected = df6a5073b52e0519, actual =df6a5073b52e0519
[2935000] SCOREBOARD MATCH: wdata passthrough beat=74 expected = c15e4402a461e9ce, actual =c15e4402a461e9ce
[2935000] SCOREBOARD MATCH: wdata passthrough beat=75 expected = b7bbd8a210d8da99, actual =b7bbd8a210d8da99
[2935000] SCOREBOARD MATCH: wdata passthrough beat=76 expected = c606dfb28fc35091, actual =c606dfb28fc35091
[2935000] SCOREBOARD MATCH: wdata passthrough beat=77 expected = 34253a6097262915, actual =34253a6097262915
[2935000] SCOREBOARD MATCH: wdata passthrough beat=78 expected = a7ff03ae876523b4, actual =a7ff03ae876523b4
[2935000] SCOREBOARD MATCH: wdata passthrough beat=79 expected = 17287446ebe11302, actual =17287446ebe11302
[2935000] SCOREBOARD MATCH: wdata passthrough beat=80 expected = 3073c18ee05e361, actual =3073c18ee05e361
[2935000] SCOREBOARD MATCH: wdata passthrough beat=81 expected = f56b0715cb4daea6, actual =f56b0715cb4daea6
[2935000] SCOREBOARD MATCH: wdata passthrough beat=82 expected = b72ec1a8ab063fc6, actual =b72ec1a8ab063fc6
[2935000] SCOREBOARD MATCH: wdata passthrough beat=83 expected = 990c23278c937b5b, actual =990c23278c937b5b
[2935000] SCOREBOARD MATCH: wdata passthrough beat=84 expected = d7e12a01ba35fdc0, actual =d7e12a01ba35fdc0
[2935000] SCOREBOARD MATCH: wdata passthrough beat=85 expected = e53c3d870e772a3d, actual =e53c3d870e772a3d
[2935000] SCOREBOARD MATCH: wdata passthrough beat=86 expected = 9b0aa5980f0febaa, actual =9b0aa5980f0febaa
[2935000] SCOREBOARD MATCH: wdata passthrough beat=87 expected = c945e96afe4860ae, actual =c945e96afe4860ae
[2935000] SCOREBOARD MATCH: wdata passthrough beat=88 expected = 8cbf8aebf2ebcf9a, actual =8cbf8aebf2ebcf9a
[2935000] SCOREBOARD MATCH: wdata passthrough beat=89 expected = 1fbbb44ae8226f1, actual =1fbbb44ae8226f1
[2935000] SCOREBOARD MATCH: wdata passthrough beat=90 expected = 2cca87a027ca3084, actual =2cca87a027ca3084
[2935000] SCOREBOARD MATCH: wdata passthrough beat=91 expected = 1ab6001ecb41a4ae, actual =1ab6001ecb41a4ae
[2935000] SCOREBOARD MATCH: wdata passthrough beat=92 expected = f9c3cba0b98a128b, actual =f9c3cba0b98a128b
[2935000] SCOREBOARD MATCH: wdata passthrough beat=93 expected = e154430f1cb1bb62, actual =e154430f1cb1bb62
[2935000] SCOREBOARD MATCH: wdata passthrough beat=94 expected = e7f36010268e5340, actual =e7f36010268e5340
[2935000] SCOREBOARD MATCH: wdata passthrough beat=95 expected = e01865cbfc0a432d, actual =e01865cbfc0a432d
[2935000] SCOREBOARD MATCH: wdata passthrough beat=96 expected = 98bbfe8fe1b72bb0, actual =98bbfe8fe1b72bb0
[2935000] SCOREBOARD MATCH: wdata passthrough beat=97 expected = 88457ef0c16ca8db, actual =88457ef0c16ca8db
[2935000] SCOREBOARD MATCH: wdata passthrough beat=98 expected = bd76ec0800af5ea0, actual =bd76ec0800af5ea0
[2935000] SCOREBOARD MATCH: wdata passthrough beat=99 expected = e2668a50e85de4bc, actual =e2668a50e85de4bc
[2935000] SCOREBOARD MATCH: wdata passthrough beat=100 expected = 29ca8d97d632ea98, actual =29ca8d97d632ea98
[2935000] SCOREBOARD MATCH: wdata passthrough beat=101 expected = d6e24938eaac0941, actual =d6e24938eaac0941
[2935000] SCOREBOARD MATCH: wdata passthrough beat=102 expected = d309edfde741799f, actual =d309edfde741799f
[2935000] SCOREBOARD MATCH: wdata passthrough beat=103 expected = bd746437b948d388, actual =bd746437b948d388
[2935000] SCOREBOARD MATCH: wdata passthrough beat=104 expected = a3f4dcc9fcd47b94, actual =a3f4dcc9fcd47b94
[2935000] SCOREBOARD MATCH: wdata passthrough beat=105 expected = e415f5339456ad6f, actual =e415f5339456ad6f
[2935000] SCOREBOARD MATCH: wdata passthrough beat=106 expected = cd9f80f8f6fecac6, actual =cd9f80f8f6fecac6
[2935000] SCOREBOARD MATCH: wdata passthrough beat=107 expected = f3d3465a218a596b, actual =f3d3465a218a596b
[2935000] SCOREBOARD MATCH: wdata passthrough beat=108 expected = b5e106daf1945dc1, actual =b5e106daf1945dc1
[2935000] SCOREBOARD MATCH: wdata passthrough beat=109 expected = e8932888d7e93b8e, actual =e8932888d7e93b8e
[2935000] SCOREBOARD MATCH: wdata passthrough beat=110 expected = f97394f9838087d2, actual =f97394f9838087d2
[2935000] SCOREBOARD MATCH: wdata passthrough beat=111 expected = f514e594dc666ee2, actual =f514e594dc666ee2
[2935000] SCOREBOARD MATCH: wdata passthrough beat=112 expected = b44faa70af549bd3, actual =b44faa70af549bd3
[2935000] SCOREBOARD MATCH: wdata passthrough beat=113 expected = 32d523a6dda80e1c, actual =32d523a6dda80e1c
[2935000] SCOREBOARD MATCH: wdata passthrough beat=114 expected = ba0e7cfeadc33f69, actual =ba0e7cfeadc33f69
[2935000] SCOREBOARD MATCH: wdata passthrough beat=115 expected = dd17db3d27ea093a, actual =dd17db3d27ea093a
[2935000] SCOREBOARD MATCH: wdata passthrough beat=116 expected = 5921756ee5e276f, actual =5921756ee5e276f
[2935000] SCOREBOARD MATCH: wdata passthrough beat=117 expected = 9c2166d80fecfee3, actual =9c2166d80fecfee3
[2935000] SCOREBOARD MATCH: wdata passthrough beat=118 expected = 37d7081dbfa09454, actual =37d7081dbfa09454
[2935000] SCOREBOARD MATCH: wdata passthrough beat=119 expected = adfebbc3f9394215, actual =adfebbc3f9394215
[2935000] SCOREBOARD MATCH: wdata passthrough beat=120 expected = 892640f83d691f73, actual =892640f83d691f73
[2935000] SCOREBOARD MATCH: wdata passthrough beat=121 expected = fd09b3c7ca20229c, actual =fd09b3c7ca20229c
[2935000] SCOREBOARD MATCH: wdata passthrough beat=122 expected = c35964b1c0fd4915, actual =c35964b1c0fd4915
[2935000] SCOREBOARD MATCH: wdata passthrough beat=123 expected = fe6668882b086f8b, actual =fe6668882b086f8b
[2935000] SCOREBOARD MATCH: wdata passthrough beat=124 expected = f5289227cc7fa5aa, actual =f5289227cc7fa5aa
[2935000] SCOREBOARD MATCH: wdata passthrough beat=125 expected = 8d7ceebffb701c50, actual =8d7ceebffb701c50
[2935000] SCOREBOARD MATCH: wdata passthrough beat=126 expected = 26788bdbb881f6d8, actual =26788bdbb881f6d8
[2935000] SCOREBOARD MATCH: wdata passthrough beat=127 expected = 85019c820be35748, actual =85019c820be35748
[2935000] SCOREBOARD MATCH: wdata passthrough beat=128 expected = 75373981ba11e02, actual =75373981ba11e02
[2935000] SCOREBOARD MATCH: wdata passthrough beat=129 expected = d42314da127e8b42, actual =d42314da127e8b42
[2935000] SCOREBOARD MATCH: wdata passthrough beat=130 expected = 1e61e28a2dcbff73, actual =1e61e28a2dcbff73
[2935000] SCOREBOARD MATCH: wdata passthrough beat=131 expected = c96d1d75d924b15d, actual =c96d1d75d924b15d
[2935000] SCOREBOARD MATCH: wdata passthrough beat=132 expected = eba33c9f25b55622, actual =eba33c9f25b55622
[2935000] SCOREBOARD MATCH: wdata passthrough beat=133 expected = d38155959d90324f, actual =d38155959d90324f
[2935000] SCOREBOARD MATCH: wdata passthrough beat=134 expected = f6b4e3ac0a051f29, actual =f6b4e3ac0a051f29
[2935000] SCOREBOARD MATCH: wdata passthrough beat=135 expected = 2fba754b1cee730a, actual =2fba754b1cee730a
[2935000] SCOREBOARD MATCH: wdata passthrough beat=136 expected = ba7ea559e258204b, actual =ba7ea559e258204b
[2935000] SCOREBOARD MATCH: wdata passthrough beat=137 expected = ec5d3f74033bcae0, actual =ec5d3f74033bcae0
[2935000] SCOREBOARD MATCH: wdata passthrough beat=138 expected = 202a3dea31338906, actual =202a3dea31338906
[2935000] SCOREBOARD MATCH: wdata passthrough beat=139 expected = 938ba9519c17b4bf, actual =938ba9519c17b4bf
[2935000] SCOREBOARD MATCH: wdata passthrough beat=140 expected = 9f537f9fdaa8e343, actual =9f537f9fdaa8e343
[2935000] SCOREBOARD MATCH: wdata passthrough beat=141 expected = 8bdc6c49ffe8e8c6, actual =8bdc6c49ffe8e8c6
[2935000] SCOREBOARD MATCH: wdata passthrough beat=142 expected = 9c009d85bf7dbd89, actual =9c009d85bf7dbd89
[2935000] SCOREBOARD MATCH: wdata passthrough beat=143 expected = 1a26a0cd1f68159b, actual =1a26a0cd1f68159b
[2935000] SCOREBOARD MATCH: wdata passthrough beat=144 expected = 1f50fe613b541d25, actual =1f50fe613b541d25
[2935000] SCOREBOARD MATCH: wdata passthrough beat=145 expected = fad1daaea6030d16, actual =fad1daaea6030d16
[2935000] SCOREBOARD MATCH: wdata passthrough beat=146 expected = c56b22b1bb519be6, actual =c56b22b1bb519be6
[2935000] SCOREBOARD MATCH: wdata passthrough beat=147 expected = f6a5b90b94f87b7b, actual =f6a5b90b94f87b7b
[2935000] SCOREBOARD MATCH: wdata passthrough beat=148 expected = 3afb8892e4bc2112, actual =3afb8892e4bc2112
[2935000] SCOREBOARD MATCH: wdata passthrough beat=149 expected = 200dbcf9f17793ba, actual =200dbcf9f17793ba
[2935000] SCOREBOARD MATCH: wdata passthrough beat=150 expected = 86700f358066ab43, actual =86700f358066ab43
[2935000] SCOREBOARD MATCH: wdata passthrough beat=151 expected = e522cc5696b37604, actual =e522cc5696b37604
[2935000] SCOREBOARD MATCH: wdata passthrough beat=152 expected = 882b09bec16b97c7, actual =882b09bec16b97c7
[2935000] SCOREBOARD MATCH: wdata passthrough beat=153 expected = c1d2430b0530894f, actual =c1d2430b0530894f
[2935000] SCOREBOARD MATCH: wdata passthrough beat=154 expected = 9be3ff530e9b18f4, actual =9be3ff530e9b18f4
[2935000] SCOREBOARD MATCH: wdata passthrough beat=155 expected = d006b0bb26f50f61, actual =d006b0bb26f50f61
[2935000] SCOREBOARD MATCH: wdata passthrough beat=156 expected = 2c2598b0240f0912, actual =2c2598b0240f0912
[2935000] SCOREBOARD MATCH: wdata passthrough beat=157 expected = 32aa220691d8f3c6, actual =32aa220691d8f3c6
[2935000] SCOREBOARD MATCH: wdata passthrough beat=158 expected = b8ce0327c8099803, actual =b8ce0327c8099803
[2935000] SCOREBOARD MATCH: wdata passthrough beat=159 expected = ec18a11582b0d2c1, actual =ec18a11582b0d2c1
[2935000] SCOREBOARD MATCH: wdata passthrough beat=160 expected = 1489c688e4f39bd7, actual =1489c688e4f39bd7
[2935000] SCOREBOARD MATCH: wdata passthrough beat=161 expected = 2cfd33db9ec2c31b, actual =2cfd33db9ec2c31b
[2935000] SCOREBOARD MATCH: wdata passthrough beat=162 expected = 217395ddcd57c9af, actual =217395ddcd57c9af
[2935000] SCOREBOARD MATCH: wdata passthrough beat=163 expected = 324b65879915d4f0, actual =324b65879915d4f0
[2935000] SCOREBOARD MATCH: wdata passthrough beat=164 expected = 37d8980c35fd5c65, actual =37d8980c35fd5c65
[2935000] SCOREBOARD MATCH: wdata passthrough beat=165 expected = 83552614df489962, actual =83552614df489962
[2935000] SCOREBOARD MATCH: wdata passthrough beat=166 expected = f85e6e52d94c2de9, actual =f85e6e52d94c2de9
[2935000] SCOREBOARD MATCH: wdata passthrough beat=167 expected = f498a4eb5a08b9b, actual =f498a4eb5a08b9b
[2935000] SCOREBOARD MATCH: wdata passthrough beat=168 expected = 94e924fdb037065e, actual =94e924fdb037065e
[2935000] SCOREBOARD MATCH: wdata passthrough beat=169 expected = 89833447929eb062, actual =89833447929eb062
[2935000] SCOREBOARD MATCH: wdata passthrough beat=170 expected = c83f3bfe0d479350, actual =c83f3bfe0d479350
[2935000] SCOREBOARD MATCH: wdata passthrough beat=171 expected = bd7e99ae98ccbe95, actual =bd7e99ae98ccbe95
[2935000] SCOREBOARD MATCH: wdata passthrough beat=172 expected = 2b6b6ef8dd2860fb, actual =2b6b6ef8dd2860fb
[2935000] SCOREBOARD MATCH: wdata passthrough beat=173 expected = ea6ff44bc701cdf6, actual =ea6ff44bc701cdf6
[2935000] SCOREBOARD MATCH: wdata passthrough beat=174 expected = dfce8c8bf3aaaaf6, actual =dfce8c8bf3aaaaf6
[2935000] SCOREBOARD MATCH: wstrb size check expected = af, actual =af
[2935000] SCOREBOARD MATCH: wstrb passthrough beat=0 expected = fa, actual =fa
[2935000] SCOREBOARD MATCH: wstrb passthrough beat=1 expected = f1, actual =f1
[2935000] SCOREBOARD MATCH: wstrb passthrough beat=2 expected = 83, actual =83
[2935000] SCOREBOARD MATCH: wstrb passthrough beat=3 expected = f0, actual =f0
[2935000] SCOREBOARD MATCH: wstrb passthrough beat=4 expected = 3d, actual =3d
[2935000] SCOREBOARD MATCH: wstrb passthrough beat=5 expected = 79, actual =79
[2935000] SCOREBOARD MATCH: wstrb passthrough beat=6 expected = 7b, actual =7b
[2935000] SCOREBOARD MATCH: wstrb passthrough beat=7 expected = 37, actual =37
[2935000] SCOREBOARD MATCH: wstrb passthrough beat=8 expected = 6b, actual =6b
[2935000] SCOREBOARD MATCH: wstrb passthrough beat=9 expected = ff, actual =ff
[2935000] SCOREBOARD MATCH: wstrb passthrough beat=10 expected = 27, actual =27
[2935000] SCOREBOARD MATCH: wstrb passthrough beat=11 expected = a8, actual =a8
[2935000] SCOREBOARD MATCH: wstrb passthrough beat=12 expected = 78, actual =78
[2935000] SCOREBOARD MATCH: wstrb passthrough beat=13 expected = a2, actual =a2
[2935000] SCOREBOARD MATCH: wstrb passthrough beat=14 expected = df, actual =df
[2935000] SCOREBOARD MATCH: wstrb passthrough beat=15 expected = e3, actual =e3
[2935000] SCOREBOARD MATCH: wstrb passthrough beat=16 expected = a1, actual =a1
[2935000] SCOREBOARD MATCH: wstrb passthrough beat=17 expected = 6, actual =6
[2935000] SCOREBOARD MATCH: wstrb passthrough beat=18 expected = 8b, actual =8b
[2935000] SCOREBOARD MATCH: wstrb passthrough beat=19 expected = 1a, actual =1a
[2935000] SCOREBOARD MATCH: wstrb passthrough beat=20 expected = a8, actual =a8
[2935000] SCOREBOARD MATCH: wstrb passthrough beat=21 expected = 6a, actual =6a
[2935000] SCOREBOARD MATCH: wstrb passthrough beat=22 expected = fd, actual =fd
[2935000] SCOREBOARD MATCH: wstrb passthrough beat=23 expected = 4a, actual =4a
[2935000] SCOREBOARD MATCH: wstrb passthrough beat=24 expected = 70, actual =70
[2935000] SCOREBOARD MATCH: wstrb passthrough beat=25 expected = 89, actual =89
[2935000] SCOREBOARD MATCH: wstrb passthrough beat=26 expected = 64, actual =64
[2935000] SCOREBOARD MATCH: wstrb passthrough beat=27 expected = 19, actual =19
[2935000] SCOREBOARD MATCH: wstrb passthrough beat=28 expected = f3, actual =f3
[2935000] SCOREBOARD MATCH: wstrb passthrough beat=29 expected = 61, actual =61
[2935000] SCOREBOARD MATCH: wstrb passthrough beat=30 expected = 63, actual =63
[2935000] SCOREBOARD MATCH: wstrb passthrough beat=31 expected = 64, actual =64
[2935000] SCOREBOARD MATCH: wstrb passthrough beat=32 expected = ea, actual =ea
[2935000] SCOREBOARD MATCH: wstrb passthrough beat=33 expected = c7, actual =c7
[2935000] SCOREBOARD MATCH: wstrb passthrough beat=34 expected = 7d, actual =7d
[2935000] SCOREBOARD MATCH: wstrb passthrough beat=35 expected = de, actual =de
[2935000] SCOREBOARD MATCH: wstrb passthrough beat=36 expected = 28, actual =28
[2935000] SCOREBOARD MATCH: wstrb passthrough beat=37 expected = e0, actual =e0
[2935000] SCOREBOARD MATCH: wstrb passthrough beat=38 expected = 42, actual =42
[2935000] SCOREBOARD MATCH: wstrb passthrough beat=39 expected = 13, actual =13
[2935000] SCOREBOARD MATCH: wstrb passthrough beat=40 expected = a7, actual =a7
[2935000] SCOREBOARD MATCH: wstrb passthrough beat=41 expected = bf, actual =bf
[2935000] SCOREBOARD MATCH: wstrb passthrough beat=42 expected = f1, actual =f1
[2935000] SCOREBOARD MATCH: wstrb passthrough beat=43 expected = cf, actual =cf
[2935000] SCOREBOARD MATCH: wstrb passthrough beat=44 expected = 9f, actual =9f
[2935000] SCOREBOARD MATCH: wstrb passthrough beat=45 expected = 33, actual =33
[2935000] SCOREBOARD MATCH: wstrb passthrough beat=46 expected = e2, actual =e2
[2935000] SCOREBOARD MATCH: wstrb passthrough beat=47 expected = 46, actual =46
[2935000] SCOREBOARD MATCH: wstrb passthrough beat=48 expected = f2, actual =f2
[2935000] SCOREBOARD MATCH: wstrb passthrough beat=49 expected = d3, actual =d3
[2935000] SCOREBOARD MATCH: wstrb passthrough beat=50 expected = 15, actual =15
[2935000] SCOREBOARD MATCH: wstrb passthrough beat=51 expected = 91, actual =91
[2935000] SCOREBOARD MATCH: wstrb passthrough beat=52 expected = 6, actual =6
[2935000] SCOREBOARD MATCH: wstrb passthrough beat=53 expected = f8, actual =f8
[2935000] SCOREBOARD MATCH: wstrb passthrough beat=54 expected = d7, actual =d7
[2935000] SCOREBOARD MATCH: wstrb passthrough beat=55 expected = f8, actual =f8
[2935000] SCOREBOARD MATCH: wstrb passthrough beat=56 expected = cb, actual =cb
[2935000] SCOREBOARD MATCH: wstrb passthrough beat=57 expected = ec, actual =ec
[2935000] SCOREBOARD MATCH: wstrb passthrough beat=58 expected = 89, actual =89
[2935000] SCOREBOARD MATCH: wstrb passthrough beat=59 expected = d2, actual =d2
[2935000] SCOREBOARD MATCH: wstrb passthrough beat=60 expected = e4, actual =e4
[2935000] SCOREBOARD MATCH: wstrb passthrough beat=61 expected = 60, actual =60
[2935000] SCOREBOARD MATCH: wstrb passthrough beat=62 expected = ca, actual =ca
[2935000] SCOREBOARD MATCH: wstrb passthrough beat=63 expected = b0, actual =b0
[2935000] SCOREBOARD MATCH: wstrb passthrough beat=64 expected = 4d, actual =4d
[2935000] SCOREBOARD MATCH: wstrb passthrough beat=65 expected = 54, actual =54
[2935000] SCOREBOARD MATCH: wstrb passthrough beat=66 expected = 82, actual =82
[2935000] SCOREBOARD MATCH: wstrb passthrough beat=67 expected = 31, actual =31
[2935000] SCOREBOARD MATCH: wstrb passthrough beat=68 expected = b4, actual =b4
[2935000] SCOREBOARD MATCH: wstrb passthrough beat=69 expected = 4c, actual =4c
[2935000] SCOREBOARD MATCH: wstrb passthrough beat=70 expected = e1, actual =e1
[2935000] SCOREBOARD MATCH: wstrb passthrough beat=71 expected = 1, actual =1
[2935000] SCOREBOARD MATCH: wstrb passthrough beat=72 expected = a0, actual =a0
[2935000] SCOREBOARD MATCH: wstrb passthrough beat=73 expected = 63, actual =63
[2935000] SCOREBOARD MATCH: wstrb passthrough beat=74 expected = 33, actual =33
[2935000] SCOREBOARD MATCH: wstrb passthrough beat=75 expected = 55, actual =55
[2935000] SCOREBOARD MATCH: wstrb passthrough beat=76 expected = b0, actual =b0
[2935000] SCOREBOARD MATCH: wstrb passthrough beat=77 expected = 14, actual =14
[2935000] SCOREBOARD MATCH: wstrb passthrough beat=78 expected = 56, actual =56
[2935000] SCOREBOARD MATCH: wstrb passthrough beat=79 expected = 50, actual =50
[2935000] SCOREBOARD MATCH: wstrb passthrough beat=80 expected = 78, actual =78
[2935000] SCOREBOARD MATCH: wstrb passthrough beat=81 expected = 89, actual =89
[2935000] SCOREBOARD MATCH: wstrb passthrough beat=82 expected = a5, actual =a5
[2935000] SCOREBOARD MATCH: wstrb passthrough beat=83 expected = 28, actual =28
[2935000] SCOREBOARD MATCH: wstrb passthrough beat=84 expected = 9e, actual =9e
[2935000] SCOREBOARD MATCH: wstrb passthrough beat=85 expected = fc, actual =fc
[2935000] SCOREBOARD MATCH: wstrb passthrough beat=86 expected = 78, actual =78
[2935000] SCOREBOARD MATCH: wstrb passthrough beat=87 expected = 16, actual =16
[2935000] SCOREBOARD MATCH: wstrb passthrough beat=88 expected = 85, actual =85
[2935000] SCOREBOARD MATCH: wstrb passthrough beat=89 expected = 1e, actual =1e
[2935000] SCOREBOARD MATCH: wstrb passthrough beat=90 expected = 3e, actual =3e
[2935000] SCOREBOARD MATCH: wstrb passthrough beat=91 expected = 23, actual =23
[2935000] SCOREBOARD MATCH: wstrb passthrough beat=92 expected = 1a, actual =1a
[2935000] SCOREBOARD MATCH: wstrb passthrough beat=93 expected = b6, actual =b6
[2935000] SCOREBOARD MATCH: wstrb passthrough beat=94 expected = 39, actual =39
[2935000] SCOREBOARD MATCH: wstrb passthrough beat=95 expected = 9f, actual =9f
[2935000] SCOREBOARD MATCH: wstrb passthrough beat=96 expected = d4, actual =d4
[2935000] SCOREBOARD MATCH: wstrb passthrough beat=97 expected = 77, actual =77
[2935000] SCOREBOARD MATCH: wstrb passthrough beat=98 expected = c3, actual =c3
[2935000] SCOREBOARD MATCH: wstrb passthrough beat=99 expected = ee, actual =ee
[2935000] SCOREBOARD MATCH: wstrb passthrough beat=100 expected = 2e, actual =2e
[2935000] SCOREBOARD MATCH: wstrb passthrough beat=101 expected = fc, actual =fc
[2935000] SCOREBOARD MATCH: wstrb passthrough beat=102 expected = 8e, actual =8e
[2935000] SCOREBOARD MATCH: wstrb passthrough beat=103 expected = 2, actual =2
[2935000] SCOREBOARD MATCH: wstrb passthrough beat=104 expected = 74, actual =74
[2935000] SCOREBOARD MATCH: wstrb passthrough beat=105 expected = 51, actual =51
[2935000] SCOREBOARD MATCH: wstrb passthrough beat=106 expected = f1, actual =f1
[2935000] SCOREBOARD MATCH: wstrb passthrough beat=107 expected = a2, actual =a2
[2935000] SCOREBOARD MATCH: wstrb passthrough beat=108 expected = 4d, actual =4d
[2935000] SCOREBOARD MATCH: wstrb passthrough beat=109 expected = 7f, actual =7f
[2935000] SCOREBOARD MATCH: wstrb passthrough beat=110 expected = a4, actual =a4
[2935000] SCOREBOARD MATCH: wstrb passthrough beat=111 expected = c1, actual =c1
[2935000] SCOREBOARD MATCH: wstrb passthrough beat=112 expected = d0, actual =d0
[2935000] SCOREBOARD MATCH: wstrb passthrough beat=113 expected = 95, actual =95
[2935000] SCOREBOARD MATCH: wstrb passthrough beat=114 expected = 63, actual =63
[2935000] SCOREBOARD MATCH: wstrb passthrough beat=115 expected = 1d, actual =1d
[2935000] SCOREBOARD MATCH: wstrb passthrough beat=116 expected = 14, actual =14
[2935000] SCOREBOARD MATCH: wstrb passthrough beat=117 expected = 8, actual =8
[2935000] SCOREBOARD MATCH: wstrb passthrough beat=118 expected = df, actual =df
[2935000] SCOREBOARD MATCH: wstrb passthrough beat=119 expected = e4, actual =e4
[2935000] SCOREBOARD MATCH: wstrb passthrough beat=120 expected = 9d, actual =9d
[2935000] SCOREBOARD MATCH: wstrb passthrough beat=121 expected = 42, actual =42
[2935000] SCOREBOARD MATCH: wstrb passthrough beat=122 expected = 2, actual =2
[2935000] SCOREBOARD MATCH: wstrb passthrough beat=123 expected = b2, actual =b2
[2935000] SCOREBOARD MATCH: wstrb passthrough beat=124 expected = 4a, actual =4a
[2935000] SCOREBOARD MATCH: wstrb passthrough beat=125 expected = e1, actual =e1
[2935000] SCOREBOARD MATCH: wstrb passthrough beat=126 expected = 96, actual =96
[2935000] SCOREBOARD MATCH: wstrb passthrough beat=127 expected = e8, actual =e8
[2935000] SCOREBOARD MATCH: wstrb passthrough beat=128 expected = 23, actual =23
[2935000] SCOREBOARD MATCH: wstrb passthrough beat=129 expected = 98, actual =98
[2935000] SCOREBOARD MATCH: wstrb passthrough beat=130 expected = 9a, actual =9a
[2935000] SCOREBOARD MATCH: wstrb passthrough beat=131 expected = 6e, actual =6e
[2935000] SCOREBOARD MATCH: wstrb passthrough beat=132 expected = 79, actual =79
[2935000] SCOREBOARD MATCH: wstrb passthrough beat=133 expected = 30, actual =30
[2935000] SCOREBOARD MATCH: wstrb passthrough beat=134 expected = 56, actual =56
[2935000] SCOREBOARD MATCH: wstrb passthrough beat=135 expected = 9d, actual =9d
[2935000] SCOREBOARD MATCH: wstrb passthrough beat=136 expected = c9, actual =c9
[2935000] SCOREBOARD MATCH: wstrb passthrough beat=137 expected = f0, actual =f0
[2935000] SCOREBOARD MATCH: wstrb passthrough beat=138 expected = b, actual =b
[2935000] SCOREBOARD MATCH: wstrb passthrough beat=139 expected = 42, actual =42
[2935000] SCOREBOARD MATCH: wstrb passthrough beat=140 expected = 20, actual =20
[2935000] SCOREBOARD MATCH: wstrb passthrough beat=141 expected = 61, actual =61
[2935000] SCOREBOARD MATCH: wstrb passthrough beat=142 expected = df, actual =df
[2935000] SCOREBOARD MATCH: wstrb passthrough beat=143 expected = e9, actual =e9
[2935000] SCOREBOARD MATCH: wstrb passthrough beat=144 expected = 51, actual =51
[2935000] SCOREBOARD MATCH: wstrb passthrough beat=145 expected = ea, actual =ea
[2935000] SCOREBOARD MATCH: wstrb passthrough beat=146 expected = 2c, actual =2c
[2935000] SCOREBOARD MATCH: wstrb passthrough beat=147 expected = 71, actual =71
[2935000] SCOREBOARD MATCH: wstrb passthrough beat=148 expected = 4b, actual =4b
[2935000] SCOREBOARD MATCH: wstrb passthrough beat=149 expected = b, actual =b
[2935000] SCOREBOARD MATCH: wstrb passthrough beat=150 expected = 5b, actual =5b
[2935000] SCOREBOARD MATCH: wstrb passthrough beat=151 expected = 9c, actual =9c
[2935000] SCOREBOARD MATCH: wstrb passthrough beat=152 expected = f6, actual =f6
[2935000] SCOREBOARD MATCH: wstrb passthrough beat=153 expected = 87, actual =87
[2935000] SCOREBOARD MATCH: wstrb passthrough beat=154 expected = e, actual =e
[2935000] SCOREBOARD MATCH: wstrb passthrough beat=155 expected = 41, actual =41
[2935000] SCOREBOARD MATCH: wstrb passthrough beat=156 expected = 92, actual =92
[2935000] SCOREBOARD MATCH: wstrb passthrough beat=157 expected = 69, actual =69
[2935000] SCOREBOARD MATCH: wstrb passthrough beat=158 expected = de, actual =de
[2935000] SCOREBOARD MATCH: wstrb passthrough beat=159 expected = 88, actual =88
[2935000] SCOREBOARD MATCH: wstrb passthrough beat=160 expected = f0, actual =f0
[2935000] SCOREBOARD MATCH: wstrb passthrough beat=161 expected = ec, actual =ec
[2935000] SCOREBOARD MATCH: wstrb passthrough beat=162 expected = ca, actual =ca
[2935000] SCOREBOARD MATCH: wstrb passthrough beat=163 expected = 82, actual =82
[2935000] SCOREBOARD MATCH: wstrb passthrough beat=164 expected = 55, actual =55
[2935000] SCOREBOARD MATCH: wstrb passthrough beat=165 expected = a8, actual =a8
[2935000] SCOREBOARD MATCH: wstrb passthrough beat=166 expected = b, actual =b
[2935000] SCOREBOARD MATCH: wstrb passthrough beat=167 expected = 45, actual =45
[2935000] SCOREBOARD MATCH: wstrb passthrough beat=168 expected = 94, actual =94
[2935000] SCOREBOARD MATCH: wstrb passthrough beat=169 expected = d5, actual =d5
[2935000] SCOREBOARD MATCH: wstrb passthrough beat=170 expected = c7, actual =c7
[2935000] SCOREBOARD MATCH: wstrb passthrough beat=171 expected = e9, actual =e9
[2935000] SCOREBOARD MATCH: wstrb passthrough beat=172 expected = 7d, actual =7d
[2935000] SCOREBOARD MATCH: wstrb passthrough beat=173 expected = d2, actual =d2
[2935000] SCOREBOARD MATCH: wstrb passthrough beat=174 expected = 2e, actual =2e
[2935000] SCOREBOARD MATCH: bresp passthrough expected = 0, actual =0
[2935000] SCOREBOARD MATCH: response routed to correct master (write) expected = 0, actual =0
[2935000] [SCOREBOARD-M] mst_id=0 s_id=1 awaddr=1e7d1618 awid=110 awlen=174 awsize=4 awburst=1 wdata=[9e71f19cfab6a74a 37f8f5fcc045a51c 9cc723ca3625f4e2 30dc9c2c3d0ae771 fd508c8d3b391567 f15f0a49e8d59228 25e079999a17b057 d550c5be223ba675 b11389d23310626 bd48b67dc6afd007 e8eb767c30f1b236 d422b85c12997c3c d9494c43f3fcaf19 a4ee614f916b6ed9 a404eb15c234c2c0 b63171d9f91119ab a7c8885fd4e3759 3f82fa19db1fd329 d430ecd4ae81739a abcfaaf3f5b46bf2 d0d43f1bdead7559 d2ee8f4eb52a50c e10710ff25052bf0 83b2a149b8fe93e7 245138f4b1db501a d6e07c0a90e18a3d c9e01e25055849f3 b7339a0dda931d54 eb74a791ee315719 f389a10c0e141618 e8a7336cb554c5b6 a3861ccfaabd3b19 b8d15131d41bdafd 970a0b4970fbddb c1ccf8f5a178849d f5945f9bacf6bd83 c4067b5ffa9e4a26 1c16cec4ff05004f abfbbdd205d37454 8071be7a11ab2e5f 10b02eaef0023931 f5d5ad859c888d3e ae33bb9dbcabec80 2cae25b2f6476c00 92cff93ebee3ea4b fb8fd6cca283d337 98cb3f37c103b4dc ffe79f27283dfc7e cac1cfb52b9b3876 ec9eed52fb7775f3 a3b57271e38d0eed f284763ec868c79 e7fe026dee774227 d2045114fbc734b5 e84dc12e8bb374de fa2ab705e12c9877 dcf3cd2cd04bc39b dbff387acc2f0819 ad5ba090c5418e5a 158d51f6d629ef7f 2258f7998a4f6dbc cf90fc17f18c8a70 c7b679efcfb49829 da0405e6e51e4e0d d6aad87dea0f7188 39c409b2299501fd eb3500a9e61526c 870c3f513c80f98 3d5d1195e55e2887 83bf7af3c234cda7 d5fcdd3fcc10619f 316e8a268c303ee8 ce650c8f1359eed4 df6a5073b52e0519 c15e4402a461e9ce b7bbd8a210d8da99 c606dfb28fc35091 34253a6097262915 a7ff03ae876523b4 17287446ebe11302 3073c18ee05e361 f56b0715cb4daea6 b72ec1a8ab063fc6 990c23278c937b5b d7e12a01ba35fdc0 e53c3d870e772a3d 9b0aa5980f0febaa c945e96afe4860ae 8cbf8aebf2ebcf9a 1fbbb44ae8226f1 2cca87a027ca3084 1ab6001ecb41a4ae f9c3cba0b98a128b e154430f1cb1bb62 e7f36010268e5340 e01865cbfc0a432d 98bbfe8fe1b72bb0 88457ef0c16ca8db bd76ec0800af5ea0 e2668a50e85de4bc 29ca8d97d632ea98 d6e24938eaac0941 d309edfde741799f bd746437b948d388 a3f4dcc9fcd47b94 e415f5339456ad6f cd9f80f8f6fecac6 f3d3465a218a596b b5e106daf1945dc1 e8932888d7e93b8e f97394f9838087d2 f514e594dc666ee2 b44faa70af549bd3 32d523a6dda80e1c ba0e7cfeadc33f69 dd17db3d27ea093a 5921756ee5e276f 9c2166d80fecfee3 37d7081dbfa09454 adfebbc3f9394215 892640f83d691f73 fd09b3c7ca20229c c35964b1c0fd4915 fe6668882b086f8b f5289227cc7fa5aa 8d7ceebffb701c50 26788bdbb881f6d8 85019c820be35748 75373981ba11e02 d42314da127e8b42 1e61e28a2dcbff73 c96d1d75d924b15d eba33c9f25b55622 d38155959d90324f f6b4e3ac0a051f29 2fba754b1cee730a ba7ea559e258204b ec5d3f74033bcae0 202a3dea31338906 938ba9519c17b4bf 9f537f9fdaa8e343 8bdc6c49ffe8e8c6 9c009d85bf7dbd89 1a26a0cd1f68159b 1f50fe613b541d25 fad1daaea6030d16 c56b22b1bb519be6 f6a5b90b94f87b7b 3afb8892e4bc2112 200dbcf9f17793ba 86700f358066ab43 e522cc5696b37604 882b09bec16b97c7 c1d2430b0530894f 9be3ff530e9b18f4 d006b0bb26f50f61 2c2598b0240f0912 32aa220691d8f3c6 b8ce0327c8099803 ec18a11582b0d2c1 1489c688e4f39bd7 2cfd33db9ec2c31b 217395ddcd57c9af 324b65879915d4f0 37d8980c35fd5c65 83552614df489962 f85e6e52d94c2de9 f498a4eb5a08b9b 94e924fdb037065e 89833447929eb062 c83f3bfe0d479350 bd7e99ae98ccbe95 2b6b6ef8dd2860fb ea6ff44bc701cdf6 dfce8c8bf3aaaaf6 ] wstrb=[fa f1 83 f0 3d 79 7b 37 6b ff 27 a8 78 a2 df e3 a1 6 8b 1a a8 6a fd 4a 70 89 64 19 f3 61 63 64 ea c7 7d de 28 e0 42 13 a7 bf f1 cf 9f 33 e2 46 f2 d3 15 91 6 f8 d7 f8 cb ec 89 d2 e4 60 ca b0 4d 54 82 31 b4 4c e1 1 a0 63 33 55 b0 14 56 50 78 89 a5 28 9e fc 78 16 85 1e 3e 23 1a b6 39 9f d4 77 c3 ee 2e fc 8e 2 74 51 f1 a2 4d 7f a4 c1 d0 95 63 1d 14 8 df e4 9d 42 2 b2 4a e1 96 e8 23 98 9a 6e 79 30 56 9d c9 f0 b 42 20 61 df e9 51 ea 2c 71 4b b 5b 9c f6 87 e 41 92 69 de 88 f0 ec ca 82 55 a8 b 45 94 d5 c7 e9 7d d2 2e ] bresp=0 bid=110
[2935000] [SCOREBOARD-S] mst_id=0 s_id=1 awaddr=1e7d1618 awid=110 awlen=174 awsize=4 awburst=1 wdata=[9e71f19cfab6a74a 37f8f5fcc045a51c 9cc723ca3625f4e2 30dc9c2c3d0ae771 fd508c8d3b391567 f15f0a49e8d59228 25e079999a17b057 d550c5be223ba675 b11389d23310626 bd48b67dc6afd007 e8eb767c30f1b236 d422b85c12997c3c d9494c43f3fcaf19 a4ee614f916b6ed9 a404eb15c234c2c0 b63171d9f91119ab a7c8885fd4e3759 3f82fa19db1fd329 d430ecd4ae81739a abcfaaf3f5b46bf2 d0d43f1bdead7559 d2ee8f4eb52a50c e10710ff25052bf0 83b2a149b8fe93e7 245138f4b1db501a d6e07c0a90e18a3d c9e01e25055849f3 b7339a0dda931d54 eb74a791ee315719 f389a10c0e141618 e8a7336cb554c5b6 a3861ccfaabd3b19 b8d15131d41bdafd 970a0b4970fbddb c1ccf8f5a178849d f5945f9bacf6bd83 c4067b5ffa9e4a26 1c16cec4ff05004f abfbbdd205d37454 8071be7a11ab2e5f 10b02eaef0023931 f5d5ad859c888d3e ae33bb9dbcabec80 2cae25b2f6476c00 92cff93ebee3ea4b fb8fd6cca283d337 98cb3f37c103b4dc ffe79f27283dfc7e cac1cfb52b9b3876 ec9eed52fb7775f3 a3b57271e38d0eed f284763ec868c79 e7fe026dee774227 d2045114fbc734b5 e84dc12e8bb374de fa2ab705e12c9877 dcf3cd2cd04bc39b dbff387acc2f0819 ad5ba090c5418e5a 158d51f6d629ef7f 2258f7998a4f6dbc cf90fc17f18c8a70 c7b679efcfb49829 da0405e6e51e4e0d d6aad87dea0f7188 39c409b2299501fd eb3500a9e61526c 870c3f513c80f98 3d5d1195e55e2887 83bf7af3c234cda7 d5fcdd3fcc10619f 316e8a268c303ee8 ce650c8f1359eed4 df6a5073b52e0519 c15e4402a461e9ce b7bbd8a210d8da99 c606dfb28fc35091 34253a6097262915 a7ff03ae876523b4 17287446ebe11302 3073c18ee05e361 f56b0715cb4daea6 b72ec1a8ab063fc6 990c23278c937b5b d7e12a01ba35fdc0 e53c3d870e772a3d 9b0aa5980f0febaa c945e96afe4860ae 8cbf8aebf2ebcf9a 1fbbb44ae8226f1 2cca87a027ca3084 1ab6001ecb41a4ae f9c3cba0b98a128b e154430f1cb1bb62 e7f36010268e5340 e01865cbfc0a432d 98bbfe8fe1b72bb0 88457ef0c16ca8db bd76ec0800af5ea0 e2668a50e85de4bc 29ca8d97d632ea98 d6e24938eaac0941 d309edfde741799f bd746437b948d388 a3f4dcc9fcd47b94 e415f5339456ad6f cd9f80f8f6fecac6 f3d3465a218a596b b5e106daf1945dc1 e8932888d7e93b8e f97394f9838087d2 f514e594dc666ee2 b44faa70af549bd3 32d523a6dda80e1c ba0e7cfeadc33f69 dd17db3d27ea093a 5921756ee5e276f 9c2166d80fecfee3 37d7081dbfa09454 adfebbc3f9394215 892640f83d691f73 fd09b3c7ca20229c c35964b1c0fd4915 fe6668882b086f8b f5289227cc7fa5aa 8d7ceebffb701c50 26788bdbb881f6d8 85019c820be35748 75373981ba11e02 d42314da127e8b42 1e61e28a2dcbff73 c96d1d75d924b15d eba33c9f25b55622 d38155959d90324f f6b4e3ac0a051f29 2fba754b1cee730a ba7ea559e258204b ec5d3f74033bcae0 202a3dea31338906 938ba9519c17b4bf 9f537f9fdaa8e343 8bdc6c49ffe8e8c6 9c009d85bf7dbd89 1a26a0cd1f68159b 1f50fe613b541d25 fad1daaea6030d16 c56b22b1bb519be6 f6a5b90b94f87b7b 3afb8892e4bc2112 200dbcf9f17793ba 86700f358066ab43 e522cc5696b37604 882b09bec16b97c7 c1d2430b0530894f 9be3ff530e9b18f4 d006b0bb26f50f61 2c2598b0240f0912 32aa220691d8f3c6 b8ce0327c8099803 ec18a11582b0d2c1 1489c688e4f39bd7 2cfd33db9ec2c31b 217395ddcd57c9af 324b65879915d4f0 37d8980c35fd5c65 83552614df489962 f85e6e52d94c2de9 f498a4eb5a08b9b 94e924fdb037065e 89833447929eb062 c83f3bfe0d479350 bd7e99ae98ccbe95 2b6b6ef8dd2860fb ea6ff44bc701cdf6 dfce8c8bf3aaaaf6 ] wstrb=[fa f1 83 f0 3d 79 7b 37 6b ff 27 a8 78 a2 df e3 a1 6 8b 1a a8 6a fd 4a 70 89 64 19 f3 61 63 64 ea c7 7d de 28 e0 42 13 a7 bf f1 cf 9f 33 e2 46 f2 d3 15 91 6 f8 d7 f8 cb ec 89 d2 e4 60 ca b0 4d 54 82 31 b4 4c e1 1 a0 63 33 55 b0 14 56 50 78 89 a5 28 9e fc 78 16 85 1e 3e 23 1a b6 39 9f d4 77 c3 ee 2e fc 8e 2 74 51 f1 a2 4d 7f a4 c1 d0 95 63 1d 14 8 df e4 9d 42 2 b2 4a e1 96 e8 23 98 9a 6e 79 30 56 9d c9 f0 b 42 20 61 df e9 51 ea 2c 71 4b b 5b 9c f6 87 e 41 92 69 de 88 f0 ec ca 82 55 a8 b 45 94 d5 c7 e9 7d d2 2e ] bresp=0 bid=110
[2935000] SCOREBOARD: Transaction 5 received. pass=637 fail=0
[2935000] SCOREBOARD: Expected 5 transactions completed, PASS=637 FAIL=0
[2935000] ALL PASS. Total transactions: 5
[2935000] ALL TRANSACTIONS MONITORED
$finish called at time : 2955 ns : File "/home/nashita/Desktop/practice/axi_xbar/tb/top/axi_tb_top.sv" Line 220
exit
INFO: xsimkernel Simulation Memory Usage: 289464 KB (Peak: 337864 KB), Simulation CPU Usage: 1180 ms
INFO: [Common 17-206] Exiting xsim at Fri Sep 11 11:33:46 2026...
