#-----------------------------------------------------------
# xsim v2025.2 (64-bit)
# SW Build 6299465 on Fri Nov 14 12:34:56 MST 2025
# IP Build 6300035 on Fri Nov 14 10:48:45 MST 2025
# SharedData Build 6298862 on Thu Nov 13 04:50:51 MST 2025
# Start of session at: Thu Sep 10 18:30:09 2026
# Process ID         : 3632712
# Current directory  : /home/nashita/Desktop/practice/axi_xbar/sim
# Command line       : xsim -log regress_results/BT_run255.log -mode tcl -source {xsim.dir/tb_top_snap/xsim_script.tcl}
# Log file           : /home/nashita/Desktop/practice/axi_xbar/sim/regress_results/BT_run255.log
# Journal file       : /home/nashita/Desktop/practice/axi_xbar/sim/xsim.jou
# Running On         : vlsi-vivado
# Platform           : Ubuntu
# Operating System   : Ubuntu 24.04.4 LTS
# Processor Detail   : Intel(R) Core(TM) i5-10400 CPU @ 2.90GHz
# CPU Frequency      : 3999.283 MHz
# CPU Physical cores : 6
# CPU Logical cores  : 12
# Host memory        : 41875 MB
# Swap memory        : 27648 MB
# Total Virtual      : 69524 MB
# Available Virtual  : 62914 MB
#-----------------------------------------------------------
source xsim.dir/tb_top_snap/xsim_script.tcl
# xsim {tb_top_snap} -testplusarg BT -autoloadwcfg -runall -sv_seed 256
Time resolution is 1 ps
run -all
[0] RUNNING BASE TEST
[0] INSIDE THE BASE TEST CONSTRUCTOR
[0] ENV: before agent
[0] SLAVE CONSTRUCTED
[0] MASTER MONITOR CONSTRUCTED
[0] MASTER MONITOR CONSTRUCTED
[0] SLAVE MONITOR CONSTRUCTED
[0] SLAVE MONITOR CONSTRUCTED
[0] ARB MONITOR CONSTRUCTED
GENERATOR CONSTRUCTED
[0] ENV: after agent
[0] ENV: before scoreboard
[0] ENV: after scoreboard
[15000] [SEQUENCER] mst_id=0 s_id=0 awaddr=a70698 awid=1 awlen=14 awsize=7 awburst=0 wdata=[85f62d44f38332dc e57151a4e34fad71 dc4d150f8303d3be f687069ae03b75e7 c38b2358e2434253 e5471612dbf8583e 3c33ce269fd83867 21b7abbdbce1cac 37c674ebffbef17e 1f9729e6e76290cd c330ad79f3fa4311 f3b9348f21b2a4a1 915356efaf72264 eef1657593505e75 b5030316cc45e2e7 ] wstrb=[5 4c 84 7a c1 6c 91 c6 b8 15 41 79 81 d2 40 ] bresp=0 bid=0
[15000] [SEQUENCER] READ mst_id=0 s_id=0 araddr=25eb6a8 arid=1 arlen=1 arsize=3 arburst=1 rid=[] rresp=[] rdata=[]
[15000] [SEQUENCER] mst_id=0 s_id=0 awaddr=663f3c0 awid=1000 awlen=3 awsize=1 awburst=0 wdata=[d671056c800c6f9 92f92e9ea31a1a52 e1049d3ffc6d939b c46e5a94e2d8d4f6 ] wstrb=[95 48 33 30 ] bresp=0 bid=0
[15000] [SEQUENCER] mst_id=0 s_id=0 awaddr=290e468 awid=100 awlen=168 awsize=3 awburst=1 wdata=[31da92ad88f2917f 175d4d4de393ff46 e8365c4bb4956e39 3d87ffb90a1a25a8 edae24ee1a10eef8 cea65d31d4e54d06 deff72aed5e48139 eff570318c2e5cea e113a9f0ccad979c 229218d63e9bcd63 caca2a4dc0131c9e cc0b43b92878907 d123566a2bddd43e ebf0f0dc2f52cd11 c1da56181bed80b8 c7cb54f6f8b1a517 a804722812fdac83 2eeb2d3bb3bc45d2 2c6deaeae9dec841 fcdc74c4f6b68231 aa72c803d4725d12 be5125532bc7a1ff 227e2430d6e0b2ed 2b531000bb2d9a17 e6f53c16ccf0ec33 23d19f21e9a43553 24d1cf6b89736046 d6644c7acf24af21 b8c8e4748bc70b81 153a6bc8fa35eb9b c95a9abcdd9ab3df e961bf61eb9eb842 e5d4a3dd82237f30 dfbe3310fe9c2b29 ea3ae36b2f2f3e99 b152bdc9c91ff271 c7bc1d9ad00f8748 ff3ec5e19110f0d9 da30e34a31f70105 206884db09183aa c1a27484a1ed00e4 d3e401e901454e2e b1d6d1d89bd357ce 3dc058b3d5ea8a36 d72fd864f379465c f4c9e2b91a45a9c e78ee4d30906aa3d fc7ff099cd0cf6de deb1517abebebd37 c7c567748bcc8ec4 d8d985a2c640364d 4fef385c445580e d011e6d2378ad71d fdcb0d6accc45af9 9109b30728eb6c75 e076439282ca00ef cf8e5be9e11b99da a07064fde4150fc e10b51ece0980ef0 c1b3a8caea7d49e1 c8be9add3099add5 9131bcc5cbbaaf19 b637f8faa9c9ecc9 da639a9ed2e56590 9ea014a9fef693d8 a8c080a1eb955764 3e7abcf4d4d80da4 d3cea17c03241b40 eeb972a4dd1ad19d b1f2df41fc8f221d ffb33d5d2d342f98 8a4f013585c180bd 250a2dbee6cb001 9ba0df993c41e077 c20361348203e038 f070903a25efe0cf e231c146c454040f c657e4488c116fd3 b20150a2a435227a e889268a36c87482 c2d9e455943311e8 386834632ee10ad2 e5a97f54f4db34f8 890e46e020f15aed cfd265bfa88363a9 9d5e98a1c1767b43 e267d630357be513 ddff48bc266cdf82 e7e35ac5b23a3bef e7b62102fb5de15e 21cac0e0ca4b30f6 fc856ce5c5b569bf c1134b1d89ae1ba5 d3f94c9be43b8de8 29f0f7a7e2de0bfd ec8c27a2d07eb981 34ba4769eb0442c4 cde24ec1c085743e 11042dbfdeab3f10 c9af81d4ba6e7663 faf3eaa1c5be7528 2469b4381791d095 d20046f88bf81860 d1b68d88ee19360c 5ab06a1ccf4319a d8ec49faf62041c0 e43977ccd7ab4d99 a49f7f332aa2d783 a0c31943e9e47e6d c18fcc07fd8bc92e 282ea0b104fc9110 eee10f7de62f4b3a e3bb1468c8f1b9f4 cdee4b04b070db84 16a026bf8be9b519 d4db6f0e3ccf5a82 ed403606fa5b3b27 644f041a2c9ba12 df99149483e05cc5 fe3b97eddb205f4f fdea1961ccd94a9b d0b9a7600480882e dfa0e77ddd832df6 2a5c7891cef53f4d d375c77bdd8b00de bb0e2ed4fb161ff1 ca0b5f3fb316aef8 10a1afd7e56aa765 e080c7579d8126ba d097d5b3cbafdeab 311a86112a8c2696 c80d4d50e139858a ace96435119b4d68 3c2773fe98a52303 f9dea88dde03ea46 ef9f37ae8434c14e 1cd9e45226c80cc3 84cbf709abc6abac 2ffb6cfb96b88cdf bd8099a2f46b2eb8 a031da64ccd5514d e38dde2cc24c90ac 36b7bf64d02d475f 9d0298ac210e77cf e35b087bd6e999c8 2716e128009076d9 219eeea81a12c7df f0fc61a7c41979d4 c4a9f0ad04f9f723 1f0cbf02981342cf dc2cbca4e648df55 eb42d678900920a9 281c6379a0d6ad51 71f8ca78a4f957a 1a58b6240449201d a51fcd6ef262631f fcb1f89ac275199d c6be39baac3f5a15 1ea1bd35170aaebe d97fc85bebde0728 181d613e1b53b5cf 325e648d203e0215 8c1c093d36bf1e73 d212d4420bde2ce8 2c1c2efda4396a7b daf888ee047138cf 104f65b7b838383a dc71a2b6ad0b5d30 b17c95ff3c6b94b4 ] wstrb=[a4 ee b6 d5 a4 6a d4 49 59 8b 1e fd f5 f2 46 4e 7d 64 4c 73 57 92 c1 d4 f7 d 47 4e a0 9 22 97 16 6a e5 b6 73 7 4d 89 71 32 40 e4 3a 8d 6e ab c0 ae 90 fa 3b fe a5 fb ac 35 f5 e7 33 9b e3 df d0 d8 c7 4 73 aa e3 44 82 aa 48 f6 54 2b 3a d7 d6 82 cd 2a ad 7 1 83 89 ce ae 36 d5 af ba 5e 7e 68 95 53 17 4f b2 95 b7 47 e9 ce 96 9b 64 4d e2 4d 1b 78 e8 7f c5 ca cc e0 42 b4 60 7 7e 2c e7 c0 e1 47 c7 5f 74 af 20 55 f6 e7 b4 6a 96 d4 bf 8d bc 74 f7 52 48 b7 df 4 2b d7 57 73 8e 36 78 b9 d cf 2c 9b 5 a4 54 ] bresp=0 bid=0
[15000] [SEQUENCER] READ mst_id=0 s_id=0 araddr=16430050 arid=4 arlen=1 arsize=3 arburst=1 rid=[] rresp=[] rdata=[]
[15000] MASTER_DRIVER0 received transaction, op=AXI_WRITE
[35000] MASTER 0 AW_VALID_RDY Handshake
[45000] ARB MONITOR: slave=0 m0_req=1 m1_req=0 winner=0
[45000] AXI S0_AWVALID_RDY HANDSHAKE
[55000] MASTER 0 W_VALID_RDY Handshake beat=0 wlast=0
[65000] MASTER 0 W_VALID_RDY Handshake beat=1 wlast=0
[65000] AXI S0_WVALID_RDY HANDSHAKE
[65000] S0 MEMORY WRITE beat=0 addr=00a70698 data=85f62d44f38332dc id=01
[75000] AXI S0_WVALID_RDY HANDSHAKE
[75000] S0 MEMORY WRITE beat=1 addr=00a70698 data=e57151a4e34fad71 id=01
[75000] MASTER 0 W_VALID_RDY Handshake beat=2 wlast=0
[85000] MASTER 0 W_VALID_RDY Handshake beat=3 wlast=0
[85000] AXI S0_WVALID_RDY HANDSHAKE
[85000] S0 MEMORY WRITE beat=2 addr=00a70698 data=dc4d150f8303d3be id=01
[95000] AXI S0_WVALID_RDY HANDSHAKE
[95000] S0 MEMORY WRITE beat=3 addr=00a70698 data=f687069ae03b75e7 id=01
[95000] MASTER 0 W_VALID_RDY Handshake beat=4 wlast=0
[105000] MASTER 0 W_VALID_RDY Handshake beat=5 wlast=0
[105000] AXI S0_WVALID_RDY HANDSHAKE
[105000] S0 MEMORY WRITE beat=4 addr=00a70698 data=c38b2358e2434253 id=01
[115000] AXI S0_WVALID_RDY HANDSHAKE
[115000] S0 MEMORY WRITE beat=5 addr=00a70698 data=e5471612dbf8583e id=01
[115000] MASTER 0 W_VALID_RDY Handshake beat=6 wlast=0
[125000] MASTER 0 W_VALID_RDY Handshake beat=7 wlast=0
[125000] AXI S0_WVALID_RDY HANDSHAKE
[125000] S0 MEMORY WRITE beat=6 addr=00a70698 data=3c33ce269fd83867 id=01
[135000] AXI S0_WVALID_RDY HANDSHAKE
[135000] S0 MEMORY WRITE beat=7 addr=00a70698 data=021b7abbdbce1cac id=01
[135000] MASTER 0 W_VALID_RDY Handshake beat=8 wlast=0
[145000] MASTER 0 W_VALID_RDY Handshake beat=9 wlast=0
[145000] AXI S0_WVALID_RDY HANDSHAKE
[145000] S0 MEMORY WRITE beat=8 addr=00a70698 data=37c674ebffbef17e id=01
[155000] AXI S0_WVALID_RDY HANDSHAKE
[155000] S0 MEMORY WRITE beat=9 addr=00a70698 data=1f9729e6e76290cd id=01
[155000] MASTER 0 W_VALID_RDY Handshake beat=10 wlast=0
[165000] MASTER 0 W_VALID_RDY Handshake beat=11 wlast=0
[165000] AXI S0_WVALID_RDY HANDSHAKE
[165000] S0 MEMORY WRITE beat=10 addr=00a70698 data=c330ad79f3fa4311 id=01
[175000] AXI S0_WVALID_RDY HANDSHAKE
[175000] S0 MEMORY WRITE beat=11 addr=00a70698 data=f3b9348f21b2a4a1 id=01
[175000] MASTER 0 W_VALID_RDY Handshake beat=12 wlast=0
[185000] MASTER 0 W_VALID_RDY Handshake beat=13 wlast=0
[185000] AXI S0_WVALID_RDY HANDSHAKE
[185000] S0 MEMORY WRITE beat=12 addr=00a70698 data=0915356efaf72264 id=01
[195000] AXI S0_WVALID_RDY HANDSHAKE
[195000] S0 MEMORY WRITE beat=13 addr=00a70698 data=eef1657593505e75 id=01
[195000] MASTER 0 W_VALID_RDY Handshake beat=14 wlast=1
[195000] MASTER_DRIVER0 received transaction, op=AXI_READ
[205000] AXI S0_WVALID_RDY HANDSHAKE
[205000] S0 MEMORY WRITE beat=14 addr=00a70698 data=b5030316cc45e2e7 id=01
[215000] SLAVE0 sent B resp, id=1
[215000] [SLAVE MONITOR] mst_id=0 s_id=0 awaddr=a70698 awid=1 awlen=14 awsize=7 awburst=0 wdata=[85f62d44f38332dc e57151a4e34fad71 dc4d150f8303d3be f687069ae03b75e7 c38b2358e2434253 e5471612dbf8583e 3c33ce269fd83867 21b7abbdbce1cac 37c674ebffbef17e 1f9729e6e76290cd c330ad79f3fa4311 f3b9348f21b2a4a1 915356efaf72264 eef1657593505e75 b5030316cc45e2e7 ] wstrb=[5 4c 84 7a c1 6c 91 c6 b8 15 41 79 81 d2 40 ] bresp=0 bid=1
[215000] MASTER_DRIVER0 received transaction, op=AXI_WRITE
[225000] ARB MONITOR: slave=0 m0_req=1 m1_req=0 winner=0
[225000] AXI S0_ARVALID_RDY HANDSHAKE
[225000] MEMORY READ MISS beat=0 addr=25eb6a8 -> default data id=1
[235000] MEMORY READ MISS beat=1 addr=25eb6b0 -> default data id=1
[235000] SLAVE 0 R_VALID_RDY Handshake beat=0 rlast=0
[235000] MASTER 0 AW_VALID_RDY Handshake
[235000] MASTER 0 B_VALID_RDY Handshake
[235000] [MASTER MONITOR] mst_id=0 s_id=0 awaddr=a70698 awid=1 awlen=14 awsize=7 awburst=0 wdata=[85f62d44f38332dc e57151a4e34fad71 dc4d150f8303d3be f687069ae03b75e7 c38b2358e2434253 e5471612dbf8583e 3c33ce269fd83867 21b7abbdbce1cac 37c674ebffbef17e 1f9729e6e76290cd c330ad79f3fa4311 f3b9348f21b2a4a1 915356efaf72264 eef1657593505e75 b5030316cc45e2e7 ] wstrb=[5 4c 84 7a c1 6c 91 c6 b8 15 41 79 81 d2 40 ] bresp=0 bid=1
[235000] MASTER 0 RECEIVED BRESP. BRESP=0
[235000] [MASTER DRIVER] mst_id=0 s_id=0 awaddr=a70698 awid=1 awlen=14 awsize=7 awburst=0 wdata=[85f62d44f38332dc e57151a4e34fad71 dc4d150f8303d3be f687069ae03b75e7 c38b2358e2434253 e5471612dbf8583e 3c33ce269fd83867 21b7abbdbce1cac 37c674ebffbef17e 1f9729e6e76290cd c330ad79f3fa4311 f3b9348f21b2a4a1 915356efaf72264 eef1657593505e75 b5030316cc45e2e7 ] wstrb=[5 4c 84 7a c1 6c 91 c6 b8 15 41 79 81 d2 40 ] bresp=0 bid=1
[235000] SCOREBOARD MATCH: decode_err expected = 0, actual =0
[235000] SCOREBOARD MATCH: slave_id expected = 0, actual =0
[235000] SCOREBOARD MATCH: awaddr passthrough expected = a70698, actual =a70698
[235000] SCOREBOARD MATCH: awlen passthrough expected = 14, actual =14
[235000] SCOREBOARD MATCH: awsize passthrough expected = 7, actual =7
[235000] SCOREBOARD MATCH: awburst passthrough expected = 0, actual =0
[235000] SCOREBOARD MATCH: wdata size check expected = f, actual =f
[235000] SCOREBOARD MATCH: wdata passthrough beat=0 expected = 85f62d44f38332dc, actual =85f62d44f38332dc
[235000] SCOREBOARD MATCH: wdata passthrough beat=1 expected = e57151a4e34fad71, actual =e57151a4e34fad71
[235000] SCOREBOARD MATCH: wdata passthrough beat=2 expected = dc4d150f8303d3be, actual =dc4d150f8303d3be
[235000] SCOREBOARD MATCH: wdata passthrough beat=3 expected = f687069ae03b75e7, actual =f687069ae03b75e7
[235000] SCOREBOARD MATCH: wdata passthrough beat=4 expected = c38b2358e2434253, actual =c38b2358e2434253
[235000] SCOREBOARD MATCH: wdata passthrough beat=5 expected = e5471612dbf8583e, actual =e5471612dbf8583e
[235000] SCOREBOARD MATCH: wdata passthrough beat=6 expected = 3c33ce269fd83867, actual =3c33ce269fd83867
[235000] SCOREBOARD MATCH: wdata passthrough beat=7 expected = 21b7abbdbce1cac, actual =21b7abbdbce1cac
[235000] SCOREBOARD MATCH: wdata passthrough beat=8 expected = 37c674ebffbef17e, actual =37c674ebffbef17e
[235000] SCOREBOARD MATCH: wdata passthrough beat=9 expected = 1f9729e6e76290cd, actual =1f9729e6e76290cd
[235000] SCOREBOARD MATCH: wdata passthrough beat=10 expected = c330ad79f3fa4311, actual =c330ad79f3fa4311
[235000] SCOREBOARD MATCH: wdata passthrough beat=11 expected = f3b9348f21b2a4a1, actual =f3b9348f21b2a4a1
[235000] SCOREBOARD MATCH: wdata passthrough beat=12 expected = 915356efaf72264, actual =915356efaf72264
[235000] SCOREBOARD MATCH: wdata passthrough beat=13 expected = eef1657593505e75, actual =eef1657593505e75
[235000] SCOREBOARD MATCH: wdata passthrough beat=14 expected = b5030316cc45e2e7, actual =b5030316cc45e2e7
[235000] SCOREBOARD MATCH: wstrb size check expected = f, actual =f
[235000] SCOREBOARD MATCH: wstrb passthrough beat=0 expected = 5, actual =5
[235000] SCOREBOARD MATCH: wstrb passthrough beat=1 expected = 4c, actual =4c
[235000] SCOREBOARD MATCH: wstrb passthrough beat=2 expected = 84, actual =84
[235000] SCOREBOARD MATCH: wstrb passthrough beat=3 expected = 7a, actual =7a
[235000] SCOREBOARD MATCH: wstrb passthrough beat=4 expected = c1, actual =c1
[235000] SCOREBOARD MATCH: wstrb passthrough beat=5 expected = 6c, actual =6c
[235000] SCOREBOARD MATCH: wstrb passthrough beat=6 expected = 91, actual =91
[235000] SCOREBOARD MATCH: wstrb passthrough beat=7 expected = c6, actual =c6
[235000] SCOREBOARD MATCH: wstrb passthrough beat=8 expected = b8, actual =b8
[235000] SCOREBOARD MATCH: wstrb passthrough beat=9 expected = 15, actual =15
[235000] SCOREBOARD MATCH: wstrb passthrough beat=10 expected = 41, actual =41
[235000] SCOREBOARD MATCH: wstrb passthrough beat=11 expected = 79, actual =79
[235000] SCOREBOARD MATCH: wstrb passthrough beat=12 expected = 81, actual =81
[235000] SCOREBOARD MATCH: wstrb passthrough beat=13 expected = d2, actual =d2
[235000] SCOREBOARD MATCH: wstrb passthrough beat=14 expected = 40, actual =40
[235000] SCOREBOARD MATCH: bresp passthrough expected = 0, actual =0
[235000] SCOREBOARD MATCH: response routed to correct master (write) expected = 0, actual =0
[235000] [SCOREBOARD-M] mst_id=0 s_id=0 awaddr=a70698 awid=1 awlen=14 awsize=7 awburst=0 wdata=[85f62d44f38332dc e57151a4e34fad71 dc4d150f8303d3be f687069ae03b75e7 c38b2358e2434253 e5471612dbf8583e 3c33ce269fd83867 21b7abbdbce1cac 37c674ebffbef17e 1f9729e6e76290cd c330ad79f3fa4311 f3b9348f21b2a4a1 915356efaf72264 eef1657593505e75 b5030316cc45e2e7 ] wstrb=[5 4c 84 7a c1 6c 91 c6 b8 15 41 79 81 d2 40 ] bresp=0 bid=1
[235000] [SCOREBOARD-S] mst_id=0 s_id=0 awaddr=a70698 awid=1 awlen=14 awsize=7 awburst=0 wdata=[85f62d44f38332dc e57151a4e34fad71 dc4d150f8303d3be f687069ae03b75e7 c38b2358e2434253 e5471612dbf8583e 3c33ce269fd83867 21b7abbdbce1cac 37c674ebffbef17e 1f9729e6e76290cd c330ad79f3fa4311 f3b9348f21b2a4a1 915356efaf72264 eef1657593505e75 b5030316cc45e2e7 ] wstrb=[5 4c 84 7a c1 6c 91 c6 b8 15 41 79 81 d2 40 ] bresp=0 bid=1
[235000] SCOREBOARD: Transaction 1 received. pass=40 fail=0
[235000] ALL PASS. Total transactions: 1
[245000] ARB MONITOR: slave=0 m0_req=1 m1_req=0 winner=0
[245000] SLAVE 0 R_VALID_RDY Handshake beat=1 rlast=1
[245000] [SLAVE MONITOR] READ mst_id=0 s_id=0 araddr=25eb6a8 arid=1 arlen=1 arsize=3 arburst=1 rid=[11] rresp=[00] rdata=[baadf00d12345678baadf00d12345678]
[245000] AXI S0_AWVALID_RDY HANDSHAKE
[255000] MASTER 0 R_VALID_RDY Handshake beat=0 rlast=0
[255000] MASTER 0 W_VALID_RDY Handshake beat=0 wlast=0
[265000] [MASTER DRIVER] READ mst_id=0 s_id=0 araddr=25eb6a8 arid=1 arlen=1 arsize=3 arburst=1 rid=[11] rresp=[00] rdata=[baadf00d12345678baadf00d12345678]
[265000] MASTER 0 W_VALID_RDY Handshake beat=1 wlast=0
[265000] MASTER 0 R_VALID_RDY Handshake beat=1 rlast=1
[265000] [MASTER MONITOR] READ mst_id=0 s_id=0 araddr=25eb6a8 arid=1 arlen=1 arsize=3 arburst=1 rid=[11] rresp=[00] rdata=[baadf00d12345678baadf00d12345678]
[265000] AXI S0_WVALID_RDY HANDSHAKE
[265000] S0 MEMORY WRITE beat=0 addr=0663f3c0 data=0d671056c800c6f9 id=08
[265000] SCOREBOARD MATCH: decode_err expected = 0, actual =0
[265000] SCOREBOARD MATCH: slave_id expected = 0, actual =0
[265000] SCOREBOARD MATCH: araddr passthrough expected = 25eb6a8, actual =25eb6a8
[265000] SCOREBOARD MATCH: arlen passthrough expected = 1, actual =1
[265000] SCOREBOARD MATCH: arsize passthrough expected = 3, actual =3
[265000] SCOREBOARD MATCH: arburst passthrough expected = 1, actual =1
[265000] SCOREBOARD MATCH: rdata size check expected = 2, actual =2
[265000] SCOREBOARD MATCH: rdata passthrough beat=0 expected = baadf00d12345678, actual =baadf00d12345678
[265000] SCOREBOARD MATCH: rdata passthrough beat=1 expected = baadf00d12345678, actual =baadf00d12345678
[265000] SCOREBOARD MATCH: rresp size check expected = 2, actual =2
[265000] SCOREBOARD MATCH: rresp passthrough beat=0 expected = 0, actual =0
[265000] SCOREBOARD MATCH: rresp passthrough beat=1 expected = 0, actual =0
[265000] SCOREBOARD MATCH: response routed to correct master (read beat 0) expected = 0, actual =0
[265000] SCOREBOARD MATCH: response routed to correct master (read beat 1) expected = 0, actual =0
[265000] [SCOREBOARD-M] READ mst_id=0 s_id=0 araddr=25eb6a8 arid=1 arlen=1 arsize=3 arburst=1 rid=[11] rresp=[00] rdata=[baadf00d12345678baadf00d12345678]
[265000] [SCOREBOARD-S] READ mst_id=0 s_id=0 araddr=25eb6a8 arid=1 arlen=1 arsize=3 arburst=1 rid=[11] rresp=[00] rdata=[baadf00d12345678baadf00d12345678]
[265000] SCOREBOARD: Transaction 2 received. pass=54 fail=0
[265000] ALL PASS. Total transactions: 2
[275000] AXI S0_WVALID_RDY HANDSHAKE
[275000] S0 MEMORY WRITE beat=1 addr=0663f3c0 data=92f92e9ea31a1a52 id=08
[275000] MASTER 0 W_VALID_RDY Handshake beat=2 wlast=0
[285000] MASTER_DRIVER0 received transaction, op=AXI_WRITE
[285000] MASTER 0 W_VALID_RDY Handshake beat=3 wlast=1
[285000] AXI S0_WVALID_RDY HANDSHAKE
[285000] S0 MEMORY WRITE beat=2 addr=0663f3c0 data=e1049d3ffc6d939b id=08
[295000] AXI S0_WVALID_RDY HANDSHAKE
[295000] S0 MEMORY WRITE beat=3 addr=0663f3c0 data=c46e5a94e2d8d4f6 id=08
[305000] MASTER 0 AW_VALID_RDY Handshake
[305000] SLAVE0 sent B resp, id=8
[315000] AXI S0_AWVALID_RDY HANDSHAKE
[315000] [SLAVE MONITOR] mst_id=0 s_id=0 awaddr=663f3c0 awid=1000 awlen=3 awsize=1 awburst=0 wdata=[d671056c800c6f9 92f92e9ea31a1a52 e1049d3ffc6d939b c46e5a94e2d8d4f6 ] wstrb=[95 48 33 30 ] bresp=0 bid=1000
[315000] ARB MONITOR: slave=0 m0_req=1 m1_req=0 winner=0
[325000] MASTER 0 RECEIVED BRESP. BRESP=0
[325000] [MASTER DRIVER] mst_id=0 s_id=0 awaddr=663f3c0 awid=1000 awlen=3 awsize=1 awburst=0 wdata=[d671056c800c6f9 92f92e9ea31a1a52 e1049d3ffc6d939b c46e5a94e2d8d4f6 ] wstrb=[95 48 33 30 ] bresp=0 bid=1000
[325000] MASTER 0 W_VALID_RDY Handshake beat=0 wlast=0
[325000] MASTER 0 B_VALID_RDY Handshake
[325000] [MASTER MONITOR] mst_id=0 s_id=0 awaddr=663f3c0 awid=1000 awlen=3 awsize=1 awburst=0 wdata=[d671056c800c6f9 92f92e9ea31a1a52 e1049d3ffc6d939b c46e5a94e2d8d4f6 ] wstrb=[95 48 33 30 ] bresp=0 bid=1000
[325000] SCOREBOARD MATCH: decode_err expected = 0, actual =0
[325000] SCOREBOARD MATCH: slave_id expected = 0, actual =0
[325000] SCOREBOARD MATCH: awaddr passthrough expected = 663f3c0, actual =663f3c0
[325000] SCOREBOARD MATCH: awlen passthrough expected = 3, actual =3
[325000] SCOREBOARD MATCH: awsize passthrough expected = 1, actual =1
[325000] SCOREBOARD MATCH: awburst passthrough expected = 0, actual =0
[325000] SCOREBOARD MATCH: wdata size check expected = 4, actual =4
[325000] SCOREBOARD MATCH: wdata passthrough beat=0 expected = d671056c800c6f9, actual =d671056c800c6f9
[325000] SCOREBOARD MATCH: wdata passthrough beat=1 expected = 92f92e9ea31a1a52, actual =92f92e9ea31a1a52
[325000] SCOREBOARD MATCH: wdata passthrough beat=2 expected = e1049d3ffc6d939b, actual =e1049d3ffc6d939b
[325000] SCOREBOARD MATCH: wdata passthrough beat=3 expected = c46e5a94e2d8d4f6, actual =c46e5a94e2d8d4f6
[325000] SCOREBOARD MATCH: wstrb size check expected = 4, actual =4
[325000] SCOREBOARD MATCH: wstrb passthrough beat=0 expected = 95, actual =95
[325000] SCOREBOARD MATCH: wstrb passthrough beat=1 expected = 48, actual =48
[325000] SCOREBOARD MATCH: wstrb passthrough beat=2 expected = 33, actual =33
[325000] SCOREBOARD MATCH: wstrb passthrough beat=3 expected = 30, actual =30
[325000] SCOREBOARD MATCH: bresp passthrough expected = 0, actual =0
[325000] SCOREBOARD MATCH: response routed to correct master (write) expected = 0, actual =0
[325000] [SCOREBOARD-M] mst_id=0 s_id=0 awaddr=663f3c0 awid=1000 awlen=3 awsize=1 awburst=0 wdata=[d671056c800c6f9 92f92e9ea31a1a52 e1049d3ffc6d939b c46e5a94e2d8d4f6 ] wstrb=[95 48 33 30 ] bresp=0 bid=1000
[325000] [SCOREBOARD-S] mst_id=0 s_id=0 awaddr=663f3c0 awid=1000 awlen=3 awsize=1 awburst=0 wdata=[d671056c800c6f9 92f92e9ea31a1a52 e1049d3ffc6d939b c46e5a94e2d8d4f6 ] wstrb=[95 48 33 30 ] bresp=0 bid=1000
[325000] SCOREBOARD: Transaction 3 received. pass=72 fail=0
[325000] ALL PASS. Total transactions: 3
[335000] AXI S0_WVALID_RDY HANDSHAKE
[335000] S0 MEMORY WRITE beat=0 addr=0290e468 data=31da92ad88f2917f id=04
[335000] MASTER 0 W_VALID_RDY Handshake beat=1 wlast=0
[345000] MASTER 0 W_VALID_RDY Handshake beat=2 wlast=0
[345000] AXI S0_WVALID_RDY HANDSHAKE
[345000] S0 MEMORY WRITE beat=1 addr=0290e470 data=175d4d4de393ff46 id=04
[355000] AXI S0_WVALID_RDY HANDSHAKE
[355000] S0 MEMORY WRITE beat=2 addr=0290e478 data=e8365c4bb4956e39 id=04
[355000] MASTER 0 W_VALID_RDY Handshake beat=3 wlast=0
[365000] MASTER 0 W_VALID_RDY Handshake beat=4 wlast=0
[365000] AXI S0_WVALID_RDY HANDSHAKE
[365000] S0 MEMORY WRITE beat=3 addr=0290e480 data=3d87ffb90a1a25a8 id=04
[375000] AXI S0_WVALID_RDY HANDSHAKE
[375000] S0 MEMORY WRITE beat=4 addr=0290e488 data=edae24ee1a10eef8 id=04
[375000] MASTER 0 W_VALID_RDY Handshake beat=5 wlast=0
[385000] MASTER 0 W_VALID_RDY Handshake beat=6 wlast=0
[385000] AXI S0_WVALID_RDY HANDSHAKE
[385000] S0 MEMORY WRITE beat=5 addr=0290e490 data=cea65d31d4e54d06 id=04
[395000] AXI S0_WVALID_RDY HANDSHAKE
[395000] S0 MEMORY WRITE beat=6 addr=0290e498 data=deff72aed5e48139 id=04
[395000] MASTER 0 W_VALID_RDY Handshake beat=7 wlast=0
[405000] MASTER 0 W_VALID_RDY Handshake beat=8 wlast=0
[405000] AXI S0_WVALID_RDY HANDSHAKE
[405000] S0 MEMORY WRITE beat=7 addr=0290e4a0 data=eff570318c2e5cea id=04
[415000] AXI S0_WVALID_RDY HANDSHAKE
[415000] S0 MEMORY WRITE beat=8 addr=0290e4a8 data=e113a9f0ccad979c id=04
[415000] MASTER 0 W_VALID_RDY Handshake beat=9 wlast=0
[425000] MASTER 0 W_VALID_RDY Handshake beat=10 wlast=0
[425000] AXI S0_WVALID_RDY HANDSHAKE
[425000] S0 MEMORY WRITE beat=9 addr=0290e4b0 data=229218d63e9bcd63 id=04
[435000] AXI S0_WVALID_RDY HANDSHAKE
[435000] S0 MEMORY WRITE beat=10 addr=0290e4b8 data=caca2a4dc0131c9e id=04
[435000] MASTER 0 W_VALID_RDY Handshake beat=11 wlast=0
[445000] MASTER 0 W_VALID_RDY Handshake beat=12 wlast=0
[445000] AXI S0_WVALID_RDY HANDSHAKE
[445000] S0 MEMORY WRITE beat=11 addr=0290e4c0 data=0cc0b43b92878907 id=04
[455000] AXI S0_WVALID_RDY HANDSHAKE
[455000] S0 MEMORY WRITE beat=12 addr=0290e4c8 data=d123566a2bddd43e id=04
[455000] MASTER 0 W_VALID_RDY Handshake beat=13 wlast=0
[465000] MASTER 0 W_VALID_RDY Handshake beat=14 wlast=0
[465000] AXI S0_WVALID_RDY HANDSHAKE
[465000] S0 MEMORY WRITE beat=13 addr=0290e4d0 data=ebf0f0dc2f52cd11 id=04
[475000] AXI S0_WVALID_RDY HANDSHAKE
[475000] S0 MEMORY WRITE beat=14 addr=0290e4d8 data=c1da56181bed80b8 id=04
[475000] MASTER 0 W_VALID_RDY Handshake beat=15 wlast=0
[485000] MASTER 0 W_VALID_RDY Handshake beat=16 wlast=0
[485000] AXI S0_WVALID_RDY HANDSHAKE
[485000] S0 MEMORY WRITE beat=15 addr=0290e4e0 data=c7cb54f6f8b1a517 id=04
[495000] AXI S0_WVALID_RDY HANDSHAKE
[495000] S0 MEMORY WRITE beat=16 addr=0290e4e8 data=a804722812fdac83 id=04
[495000] MASTER 0 W_VALID_RDY Handshake beat=17 wlast=0
[505000] MASTER 0 W_VALID_RDY Handshake beat=18 wlast=0
[505000] AXI S0_WVALID_RDY HANDSHAKE
[505000] S0 MEMORY WRITE beat=17 addr=0290e4f0 data=2eeb2d3bb3bc45d2 id=04
[515000] AXI S0_WVALID_RDY HANDSHAKE
[515000] S0 MEMORY WRITE beat=18 addr=0290e4f8 data=2c6deaeae9dec841 id=04
[515000] MASTER 0 W_VALID_RDY Handshake beat=19 wlast=0
[525000] MASTER 0 W_VALID_RDY Handshake beat=20 wlast=0
[525000] AXI S0_WVALID_RDY HANDSHAKE
[525000] S0 MEMORY WRITE beat=19 addr=0290e500 data=fcdc74c4f6b68231 id=04
[535000] AXI S0_WVALID_RDY HANDSHAKE
[535000] S0 MEMORY WRITE beat=20 addr=0290e508 data=aa72c803d4725d12 id=04
[535000] MASTER 0 W_VALID_RDY Handshake beat=21 wlast=0
[545000] MASTER 0 W_VALID_RDY Handshake beat=22 wlast=0
[545000] AXI S0_WVALID_RDY HANDSHAKE
[545000] S0 MEMORY WRITE beat=21 addr=0290e510 data=be5125532bc7a1ff id=04
[555000] AXI S0_WVALID_RDY HANDSHAKE
[555000] S0 MEMORY WRITE beat=22 addr=0290e518 data=227e2430d6e0b2ed id=04
[555000] MASTER 0 W_VALID_RDY Handshake beat=23 wlast=0
[565000] MASTER 0 W_VALID_RDY Handshake beat=24 wlast=0
[565000] AXI S0_WVALID_RDY HANDSHAKE
[565000] S0 MEMORY WRITE beat=23 addr=0290e520 data=2b531000bb2d9a17 id=04
[575000] AXI S0_WVALID_RDY HANDSHAKE
[575000] S0 MEMORY WRITE beat=24 addr=0290e528 data=e6f53c16ccf0ec33 id=04
[575000] MASTER 0 W_VALID_RDY Handshake beat=25 wlast=0
[585000] MASTER 0 W_VALID_RDY Handshake beat=26 wlast=0
[585000] AXI S0_WVALID_RDY HANDSHAKE
[585000] S0 MEMORY WRITE beat=25 addr=0290e530 data=23d19f21e9a43553 id=04
[595000] AXI S0_WVALID_RDY HANDSHAKE
[595000] S0 MEMORY WRITE beat=26 addr=0290e538 data=24d1cf6b89736046 id=04
[595000] MASTER 0 W_VALID_RDY Handshake beat=27 wlast=0
[605000] MASTER 0 W_VALID_RDY Handshake beat=28 wlast=0
[605000] AXI S0_WVALID_RDY HANDSHAKE
[605000] S0 MEMORY WRITE beat=27 addr=0290e540 data=d6644c7acf24af21 id=04
[615000] AXI S0_WVALID_RDY HANDSHAKE
[615000] S0 MEMORY WRITE beat=28 addr=0290e548 data=b8c8e4748bc70b81 id=04
[615000] MASTER 0 W_VALID_RDY Handshake beat=29 wlast=0
[625000] MASTER 0 W_VALID_RDY Handshake beat=30 wlast=0
[625000] AXI S0_WVALID_RDY HANDSHAKE
[625000] S0 MEMORY WRITE beat=29 addr=0290e550 data=153a6bc8fa35eb9b id=04
[635000] AXI S0_WVALID_RDY HANDSHAKE
[635000] S0 MEMORY WRITE beat=30 addr=0290e558 data=c95a9abcdd9ab3df id=04
[635000] MASTER 0 W_VALID_RDY Handshake beat=31 wlast=0
[645000] MASTER 0 W_VALID_RDY Handshake beat=32 wlast=0
[645000] AXI S0_WVALID_RDY HANDSHAKE
[645000] S0 MEMORY WRITE beat=31 addr=0290e560 data=e961bf61eb9eb842 id=04
[655000] AXI S0_WVALID_RDY HANDSHAKE
[655000] S0 MEMORY WRITE beat=32 addr=0290e568 data=e5d4a3dd82237f30 id=04
[655000] MASTER 0 W_VALID_RDY Handshake beat=33 wlast=0
[665000] MASTER 0 W_VALID_RDY Handshake beat=34 wlast=0
[665000] AXI S0_WVALID_RDY HANDSHAKE
[665000] S0 MEMORY WRITE beat=33 addr=0290e570 data=dfbe3310fe9c2b29 id=04
[675000] AXI S0_WVALID_RDY HANDSHAKE
[675000] S0 MEMORY WRITE beat=34 addr=0290e578 data=ea3ae36b2f2f3e99 id=04
[675000] MASTER 0 W_VALID_RDY Handshake beat=35 wlast=0
[685000] MASTER 0 W_VALID_RDY Handshake beat=36 wlast=0
[685000] AXI S0_WVALID_RDY HANDSHAKE
[685000] S0 MEMORY WRITE beat=35 addr=0290e580 data=b152bdc9c91ff271 id=04
[695000] AXI S0_WVALID_RDY HANDSHAKE
[695000] S0 MEMORY WRITE beat=36 addr=0290e588 data=c7bc1d9ad00f8748 id=04
[695000] MASTER 0 W_VALID_RDY Handshake beat=37 wlast=0
[705000] MASTER 0 W_VALID_RDY Handshake beat=38 wlast=0
[705000] AXI S0_WVALID_RDY HANDSHAKE
[705000] S0 MEMORY WRITE beat=37 addr=0290e590 data=ff3ec5e19110f0d9 id=04
[715000] AXI S0_WVALID_RDY HANDSHAKE
[715000] S0 MEMORY WRITE beat=38 addr=0290e598 data=da30e34a31f70105 id=04
[715000] MASTER 0 W_VALID_RDY Handshake beat=39 wlast=0
[725000] MASTER 0 W_VALID_RDY Handshake beat=40 wlast=0
[725000] AXI S0_WVALID_RDY HANDSHAKE
[725000] S0 MEMORY WRITE beat=39 addr=0290e5a0 data=0206884db09183aa id=04
[735000] AXI S0_WVALID_RDY HANDSHAKE
[735000] S0 MEMORY WRITE beat=40 addr=0290e5a8 data=c1a27484a1ed00e4 id=04
[735000] MASTER 0 W_VALID_RDY Handshake beat=41 wlast=0
[745000] MASTER 0 W_VALID_RDY Handshake beat=42 wlast=0
[745000] AXI S0_WVALID_RDY HANDSHAKE
[745000] S0 MEMORY WRITE beat=41 addr=0290e5b0 data=d3e401e901454e2e id=04
[755000] AXI S0_WVALID_RDY HANDSHAKE
[755000] S0 MEMORY WRITE beat=42 addr=0290e5b8 data=b1d6d1d89bd357ce id=04
[755000] MASTER 0 W_VALID_RDY Handshake beat=43 wlast=0
[765000] MASTER 0 W_VALID_RDY Handshake beat=44 wlast=0
[765000] AXI S0_WVALID_RDY HANDSHAKE
[765000] S0 MEMORY WRITE beat=43 addr=0290e5c0 data=3dc058b3d5ea8a36 id=04
[775000] AXI S0_WVALID_RDY HANDSHAKE
[775000] S0 MEMORY WRITE beat=44 addr=0290e5c8 data=d72fd864f379465c id=04
[775000] MASTER 0 W_VALID_RDY Handshake beat=45 wlast=0
[785000] MASTER 0 W_VALID_RDY Handshake beat=46 wlast=0
[785000] AXI S0_WVALID_RDY HANDSHAKE
[785000] S0 MEMORY WRITE beat=45 addr=0290e5d0 data=0f4c9e2b91a45a9c id=04
[795000] AXI S0_WVALID_RDY HANDSHAKE
[795000] S0 MEMORY WRITE beat=46 addr=0290e5d8 data=e78ee4d30906aa3d id=04
[795000] MASTER 0 W_VALID_RDY Handshake beat=47 wlast=0
[805000] MASTER 0 W_VALID_RDY Handshake beat=48 wlast=0
[805000] AXI S0_WVALID_RDY HANDSHAKE
[805000] S0 MEMORY WRITE beat=47 addr=0290e5e0 data=fc7ff099cd0cf6de id=04
[815000] AXI S0_WVALID_RDY HANDSHAKE
[815000] S0 MEMORY WRITE beat=48 addr=0290e5e8 data=deb1517abebebd37 id=04
[815000] MASTER 0 W_VALID_RDY Handshake beat=49 wlast=0
[825000] MASTER 0 W_VALID_RDY Handshake beat=50 wlast=0
[825000] AXI S0_WVALID_RDY HANDSHAKE
[825000] S0 MEMORY WRITE beat=49 addr=0290e5f0 data=c7c567748bcc8ec4 id=04
[835000] AXI S0_WVALID_RDY HANDSHAKE
[835000] S0 MEMORY WRITE beat=50 addr=0290e5f8 data=d8d985a2c640364d id=04
[835000] MASTER 0 W_VALID_RDY Handshake beat=51 wlast=0
[845000] MASTER 0 W_VALID_RDY Handshake beat=52 wlast=0
[845000] AXI S0_WVALID_RDY HANDSHAKE
[845000] S0 MEMORY WRITE beat=51 addr=0290e600 data=04fef385c445580e id=04
[855000] AXI S0_WVALID_RDY HANDSHAKE
[855000] S0 MEMORY WRITE beat=52 addr=0290e608 data=d011e6d2378ad71d id=04
[855000] MASTER 0 W_VALID_RDY Handshake beat=53 wlast=0
[865000] MASTER 0 W_VALID_RDY Handshake beat=54 wlast=0
[865000] AXI S0_WVALID_RDY HANDSHAKE
[865000] S0 MEMORY WRITE beat=53 addr=0290e610 data=fdcb0d6accc45af9 id=04
[875000] AXI S0_WVALID_RDY HANDSHAKE
[875000] S0 MEMORY WRITE beat=54 addr=0290e618 data=9109b30728eb6c75 id=04
[875000] MASTER 0 W_VALID_RDY Handshake beat=55 wlast=0
[885000] MASTER 0 W_VALID_RDY Handshake beat=56 wlast=0
[885000] AXI S0_WVALID_RDY HANDSHAKE
[885000] S0 MEMORY WRITE beat=55 addr=0290e620 data=e076439282ca00ef id=04
[895000] AXI S0_WVALID_RDY HANDSHAKE
[895000] S0 MEMORY WRITE beat=56 addr=0290e628 data=cf8e5be9e11b99da id=04
[895000] MASTER 0 W_VALID_RDY Handshake beat=57 wlast=0
[905000] MASTER 0 W_VALID_RDY Handshake beat=58 wlast=0
[905000] AXI S0_WVALID_RDY HANDSHAKE
[905000] S0 MEMORY WRITE beat=57 addr=0290e630 data=0a07064fde4150fc id=04
[915000] AXI S0_WVALID_RDY HANDSHAKE
[915000] S0 MEMORY WRITE beat=58 addr=0290e638 data=e10b51ece0980ef0 id=04
[915000] MASTER 0 W_VALID_RDY Handshake beat=59 wlast=0
[925000] MASTER 0 W_VALID_RDY Handshake beat=60 wlast=0
[925000] AXI S0_WVALID_RDY HANDSHAKE
[925000] S0 MEMORY WRITE beat=59 addr=0290e640 data=c1b3a8caea7d49e1 id=04
[935000] AXI S0_WVALID_RDY HANDSHAKE
[935000] S0 MEMORY WRITE beat=60 addr=0290e648 data=c8be9add3099add5 id=04
[935000] MASTER 0 W_VALID_RDY Handshake beat=61 wlast=0
[945000] MASTER 0 W_VALID_RDY Handshake beat=62 wlast=0
[945000] AXI S0_WVALID_RDY HANDSHAKE
[945000] S0 MEMORY WRITE beat=61 addr=0290e650 data=9131bcc5cbbaaf19 id=04
[955000] AXI S0_WVALID_RDY HANDSHAKE
[955000] S0 MEMORY WRITE beat=62 addr=0290e658 data=b637f8faa9c9ecc9 id=04
[955000] MASTER 0 W_VALID_RDY Handshake beat=63 wlast=0
[965000] MASTER 0 W_VALID_RDY Handshake beat=64 wlast=0
[965000] AXI S0_WVALID_RDY HANDSHAKE
[965000] S0 MEMORY WRITE beat=63 addr=0290e660 data=da639a9ed2e56590 id=04
[975000] AXI S0_WVALID_RDY HANDSHAKE
[975000] S0 MEMORY WRITE beat=64 addr=0290e668 data=9ea014a9fef693d8 id=04
[975000] MASTER 0 W_VALID_RDY Handshake beat=65 wlast=0
[985000] MASTER 0 W_VALID_RDY Handshake beat=66 wlast=0
[985000] AXI S0_WVALID_RDY HANDSHAKE
[985000] S0 MEMORY WRITE beat=65 addr=0290e670 data=a8c080a1eb955764 id=04
[995000] AXI S0_WVALID_RDY HANDSHAKE
[995000] S0 MEMORY WRITE beat=66 addr=0290e678 data=3e7abcf4d4d80da4 id=04
[995000] MASTER 0 W_VALID_RDY Handshake beat=67 wlast=0
[1005000] MASTER 0 W_VALID_RDY Handshake beat=68 wlast=0
[1005000] AXI S0_WVALID_RDY HANDSHAKE
[1005000] S0 MEMORY WRITE beat=67 addr=0290e680 data=d3cea17c03241b40 id=04
[1015000] AXI S0_WVALID_RDY HANDSHAKE
[1015000] S0 MEMORY WRITE beat=68 addr=0290e688 data=eeb972a4dd1ad19d id=04
[1015000] MASTER 0 W_VALID_RDY Handshake beat=69 wlast=0
[1025000] MASTER 0 W_VALID_RDY Handshake beat=70 wlast=0
[1025000] AXI S0_WVALID_RDY HANDSHAKE
[1025000] S0 MEMORY WRITE beat=69 addr=0290e690 data=b1f2df41fc8f221d id=04
[1035000] AXI S0_WVALID_RDY HANDSHAKE
[1035000] S0 MEMORY WRITE beat=70 addr=0290e698 data=ffb33d5d2d342f98 id=04
[1035000] MASTER 0 W_VALID_RDY Handshake beat=71 wlast=0
[1045000] MASTER 0 W_VALID_RDY Handshake beat=72 wlast=0
[1045000] AXI S0_WVALID_RDY HANDSHAKE
[1045000] S0 MEMORY WRITE beat=71 addr=0290e6a0 data=8a4f013585c180bd id=04
[1055000] AXI S0_WVALID_RDY HANDSHAKE
[1055000] S0 MEMORY WRITE beat=72 addr=0290e6a8 data=0250a2dbee6cb001 id=04
[1055000] MASTER 0 W_VALID_RDY Handshake beat=73 wlast=0
[1065000] MASTER 0 W_VALID_RDY Handshake beat=74 wlast=0
[1065000] AXI S0_WVALID_RDY HANDSHAKE
[1065000] S0 MEMORY WRITE beat=73 addr=0290e6b0 data=9ba0df993c41e077 id=04
[1075000] AXI S0_WVALID_RDY HANDSHAKE
[1075000] S0 MEMORY WRITE beat=74 addr=0290e6b8 data=c20361348203e038 id=04
[1075000] MASTER 0 W_VALID_RDY Handshake beat=75 wlast=0
[1085000] MASTER 0 W_VALID_RDY Handshake beat=76 wlast=0
[1085000] AXI S0_WVALID_RDY HANDSHAKE
[1085000] S0 MEMORY WRITE beat=75 addr=0290e6c0 data=f070903a25efe0cf id=04
[1095000] AXI S0_WVALID_RDY HANDSHAKE
[1095000] S0 MEMORY WRITE beat=76 addr=0290e6c8 data=e231c146c454040f id=04
[1095000] MASTER 0 W_VALID_RDY Handshake beat=77 wlast=0
[1105000] MASTER 0 W_VALID_RDY Handshake beat=78 wlast=0
[1105000] AXI S0_WVALID_RDY HANDSHAKE
[1105000] S0 MEMORY WRITE beat=77 addr=0290e6d0 data=c657e4488c116fd3 id=04
[1115000] AXI S0_WVALID_RDY HANDSHAKE
[1115000] S0 MEMORY WRITE beat=78 addr=0290e6d8 data=b20150a2a435227a id=04
[1115000] MASTER 0 W_VALID_RDY Handshake beat=79 wlast=0
[1125000] MASTER 0 W_VALID_RDY Handshake beat=80 wlast=0
[1125000] AXI S0_WVALID_RDY HANDSHAKE
[1125000] S0 MEMORY WRITE beat=79 addr=0290e6e0 data=e889268a36c87482 id=04
[1135000] AXI S0_WVALID_RDY HANDSHAKE
[1135000] S0 MEMORY WRITE beat=80 addr=0290e6e8 data=c2d9e455943311e8 id=04
[1135000] MASTER 0 W_VALID_RDY Handshake beat=81 wlast=0
[1145000] MASTER 0 W_VALID_RDY Handshake beat=82 wlast=0
[1145000] AXI S0_WVALID_RDY HANDSHAKE
[1145000] S0 MEMORY WRITE beat=81 addr=0290e6f0 data=386834632ee10ad2 id=04
[1155000] AXI S0_WVALID_RDY HANDSHAKE
[1155000] S0 MEMORY WRITE beat=82 addr=0290e6f8 data=e5a97f54f4db34f8 id=04
[1155000] MASTER 0 W_VALID_RDY Handshake beat=83 wlast=0
[1165000] MASTER 0 W_VALID_RDY Handshake beat=84 wlast=0
[1165000] AXI S0_WVALID_RDY HANDSHAKE
[1165000] S0 MEMORY WRITE beat=83 addr=0290e700 data=890e46e020f15aed id=04
[1175000] AXI S0_WVALID_RDY HANDSHAKE
[1175000] S0 MEMORY WRITE beat=84 addr=0290e708 data=cfd265bfa88363a9 id=04
[1175000] MASTER 0 W_VALID_RDY Handshake beat=85 wlast=0
[1185000] MASTER 0 W_VALID_RDY Handshake beat=86 wlast=0
[1185000] AXI S0_WVALID_RDY HANDSHAKE
[1185000] S0 MEMORY WRITE beat=85 addr=0290e710 data=9d5e98a1c1767b43 id=04
[1195000] AXI S0_WVALID_RDY HANDSHAKE
[1195000] S0 MEMORY WRITE beat=86 addr=0290e718 data=e267d630357be513 id=04
[1195000] MASTER 0 W_VALID_RDY Handshake beat=87 wlast=0
[1205000] MASTER 0 W_VALID_RDY Handshake beat=88 wlast=0
[1205000] AXI S0_WVALID_RDY HANDSHAKE
[1205000] S0 MEMORY WRITE beat=87 addr=0290e720 data=ddff48bc266cdf82 id=04
[1215000] AXI S0_WVALID_RDY HANDSHAKE
[1215000] S0 MEMORY WRITE beat=88 addr=0290e728 data=e7e35ac5b23a3bef id=04
[1215000] MASTER 0 W_VALID_RDY Handshake beat=89 wlast=0
[1225000] MASTER 0 W_VALID_RDY Handshake beat=90 wlast=0
[1225000] AXI S0_WVALID_RDY HANDSHAKE
[1225000] S0 MEMORY WRITE beat=89 addr=0290e730 data=e7b62102fb5de15e id=04
[1235000] AXI S0_WVALID_RDY HANDSHAKE
[1235000] S0 MEMORY WRITE beat=90 addr=0290e738 data=21cac0e0ca4b30f6 id=04
[1235000] MASTER 0 W_VALID_RDY Handshake beat=91 wlast=0
[1245000] MASTER 0 W_VALID_RDY Handshake beat=92 wlast=0
[1245000] AXI S0_WVALID_RDY HANDSHAKE
[1245000] S0 MEMORY WRITE beat=91 addr=0290e740 data=fc856ce5c5b569bf id=04
[1255000] AXI S0_WVALID_RDY HANDSHAKE
[1255000] S0 MEMORY WRITE beat=92 addr=0290e748 data=c1134b1d89ae1ba5 id=04
[1255000] MASTER 0 W_VALID_RDY Handshake beat=93 wlast=0
[1265000] MASTER 0 W_VALID_RDY Handshake beat=94 wlast=0
[1265000] AXI S0_WVALID_RDY HANDSHAKE
[1265000] S0 MEMORY WRITE beat=93 addr=0290e750 data=d3f94c9be43b8de8 id=04
[1275000] AXI S0_WVALID_RDY HANDSHAKE
[1275000] S0 MEMORY WRITE beat=94 addr=0290e758 data=29f0f7a7e2de0bfd id=04
[1275000] MASTER 0 W_VALID_RDY Handshake beat=95 wlast=0
[1285000] MASTER 0 W_VALID_RDY Handshake beat=96 wlast=0
[1285000] AXI S0_WVALID_RDY HANDSHAKE
[1285000] S0 MEMORY WRITE beat=95 addr=0290e760 data=ec8c27a2d07eb981 id=04
[1295000] AXI S0_WVALID_RDY HANDSHAKE
[1295000] S0 MEMORY WRITE beat=96 addr=0290e768 data=34ba4769eb0442c4 id=04
[1295000] MASTER 0 W_VALID_RDY Handshake beat=97 wlast=0
[1305000] MASTER 0 W_VALID_RDY Handshake beat=98 wlast=0
[1305000] AXI S0_WVALID_RDY HANDSHAKE
[1305000] S0 MEMORY WRITE beat=97 addr=0290e770 data=cde24ec1c085743e id=04
[1315000] AXI S0_WVALID_RDY HANDSHAKE
[1315000] S0 MEMORY WRITE beat=98 addr=0290e778 data=11042dbfdeab3f10 id=04
[1315000] MASTER 0 W_VALID_RDY Handshake beat=99 wlast=0
[1325000] MASTER 0 W_VALID_RDY Handshake beat=100 wlast=0
[1325000] AXI S0_WVALID_RDY HANDSHAKE
[1325000] S0 MEMORY WRITE beat=99 addr=0290e780 data=c9af81d4ba6e7663 id=04
[1335000] AXI S0_WVALID_RDY HANDSHAKE
[1335000] S0 MEMORY WRITE beat=100 addr=0290e788 data=faf3eaa1c5be7528 id=04
[1335000] MASTER 0 W_VALID_RDY Handshake beat=101 wlast=0
[1345000] MASTER 0 W_VALID_RDY Handshake beat=102 wlast=0
[1345000] AXI S0_WVALID_RDY HANDSHAKE
[1345000] S0 MEMORY WRITE beat=101 addr=0290e790 data=2469b4381791d095 id=04
[1355000] AXI S0_WVALID_RDY HANDSHAKE
[1355000] S0 MEMORY WRITE beat=102 addr=0290e798 data=d20046f88bf81860 id=04
[1355000] MASTER 0 W_VALID_RDY Handshake beat=103 wlast=0
[1365000] MASTER 0 W_VALID_RDY Handshake beat=104 wlast=0
[1365000] AXI S0_WVALID_RDY HANDSHAKE
[1365000] S0 MEMORY WRITE beat=103 addr=0290e7a0 data=d1b68d88ee19360c id=04
[1375000] AXI S0_WVALID_RDY HANDSHAKE
[1375000] S0 MEMORY WRITE beat=104 addr=0290e7a8 data=05ab06a1ccf4319a id=04
[1375000] MASTER 0 W_VALID_RDY Handshake beat=105 wlast=0
[1385000] MASTER 0 W_VALID_RDY Handshake beat=106 wlast=0
[1385000] AXI S0_WVALID_RDY HANDSHAKE
[1385000] S0 MEMORY WRITE beat=105 addr=0290e7b0 data=d8ec49faf62041c0 id=04
[1395000] AXI S0_WVALID_RDY HANDSHAKE
[1395000] S0 MEMORY WRITE beat=106 addr=0290e7b8 data=e43977ccd7ab4d99 id=04
[1395000] MASTER 0 W_VALID_RDY Handshake beat=107 wlast=0
[1405000] MASTER 0 W_VALID_RDY Handshake beat=108 wlast=0
[1405000] AXI S0_WVALID_RDY HANDSHAKE
[1405000] S0 MEMORY WRITE beat=107 addr=0290e7c0 data=a49f7f332aa2d783 id=04
[1415000] AXI S0_WVALID_RDY HANDSHAKE
[1415000] S0 MEMORY WRITE beat=108 addr=0290e7c8 data=a0c31943e9e47e6d id=04
[1415000] MASTER 0 W_VALID_RDY Handshake beat=109 wlast=0
[1425000] MASTER 0 W_VALID_RDY Handshake beat=110 wlast=0
[1425000] AXI S0_WVALID_RDY HANDSHAKE
[1425000] S0 MEMORY WRITE beat=109 addr=0290e7d0 data=c18fcc07fd8bc92e id=04
[1435000] AXI S0_WVALID_RDY HANDSHAKE
[1435000] S0 MEMORY WRITE beat=110 addr=0290e7d8 data=282ea0b104fc9110 id=04
[1435000] MASTER 0 W_VALID_RDY Handshake beat=111 wlast=0
[1445000] MASTER 0 W_VALID_RDY Handshake beat=112 wlast=0
[1445000] AXI S0_WVALID_RDY HANDSHAKE
[1445000] S0 MEMORY WRITE beat=111 addr=0290e7e0 data=eee10f7de62f4b3a id=04
[1455000] AXI S0_WVALID_RDY HANDSHAKE
[1455000] S0 MEMORY WRITE beat=112 addr=0290e7e8 data=e3bb1468c8f1b9f4 id=04
[1455000] MASTER 0 W_VALID_RDY Handshake beat=113 wlast=0
[1465000] MASTER 0 W_VALID_RDY Handshake beat=114 wlast=0
[1465000] AXI S0_WVALID_RDY HANDSHAKE
[1465000] S0 MEMORY WRITE beat=113 addr=0290e7f0 data=cdee4b04b070db84 id=04
[1475000] AXI S0_WVALID_RDY HANDSHAKE
[1475000] S0 MEMORY WRITE beat=114 addr=0290e7f8 data=16a026bf8be9b519 id=04
[1475000] MASTER 0 W_VALID_RDY Handshake beat=115 wlast=0
[1485000] MASTER 0 W_VALID_RDY Handshake beat=116 wlast=0
[1485000] AXI S0_WVALID_RDY HANDSHAKE
[1485000] S0 MEMORY WRITE beat=115 addr=0290e800 data=d4db6f0e3ccf5a82 id=04
[1495000] AXI S0_WVALID_RDY HANDSHAKE
[1495000] S0 MEMORY WRITE beat=116 addr=0290e808 data=ed403606fa5b3b27 id=04
[1495000] MASTER 0 W_VALID_RDY Handshake beat=117 wlast=0
[1505000] MASTER 0 W_VALID_RDY Handshake beat=118 wlast=0
[1505000] AXI S0_WVALID_RDY HANDSHAKE
[1505000] S0 MEMORY WRITE beat=117 addr=0290e810 data=0644f041a2c9ba12 id=04
[1515000] AXI S0_WVALID_RDY HANDSHAKE
[1515000] S0 MEMORY WRITE beat=118 addr=0290e818 data=df99149483e05cc5 id=04
[1515000] MASTER 0 W_VALID_RDY Handshake beat=119 wlast=0
[1525000] MASTER 0 W_VALID_RDY Handshake beat=120 wlast=0
[1525000] AXI S0_WVALID_RDY HANDSHAKE
[1525000] S0 MEMORY WRITE beat=119 addr=0290e820 data=fe3b97eddb205f4f id=04
[1535000] AXI S0_WVALID_RDY HANDSHAKE
[1535000] S0 MEMORY WRITE beat=120 addr=0290e828 data=fdea1961ccd94a9b id=04
[1535000] MASTER 0 W_VALID_RDY Handshake beat=121 wlast=0
[1545000] MASTER 0 W_VALID_RDY Handshake beat=122 wlast=0
[1545000] AXI S0_WVALID_RDY HANDSHAKE
[1545000] S0 MEMORY WRITE beat=121 addr=0290e830 data=d0b9a7600480882e id=04
[1555000] AXI S0_WVALID_RDY HANDSHAKE
[1555000] S0 MEMORY WRITE beat=122 addr=0290e838 data=dfa0e77ddd832df6 id=04
[1555000] MASTER 0 W_VALID_RDY Handshake beat=123 wlast=0
[1565000] MASTER 0 W_VALID_RDY Handshake beat=124 wlast=0
[1565000] AXI S0_WVALID_RDY HANDSHAKE
[1565000] S0 MEMORY WRITE beat=123 addr=0290e840 data=2a5c7891cef53f4d id=04
[1575000] AXI S0_WVALID_RDY HANDSHAKE
[1575000] S0 MEMORY WRITE beat=124 addr=0290e848 data=d375c77bdd8b00de id=04
[1575000] MASTER 0 W_VALID_RDY Handshake beat=125 wlast=0
[1585000] MASTER 0 W_VALID_RDY Handshake beat=126 wlast=0
[1585000] AXI S0_WVALID_RDY HANDSHAKE
[1585000] S0 MEMORY WRITE beat=125 addr=0290e850 data=bb0e2ed4fb161ff1 id=04
[1595000] AXI S0_WVALID_RDY HANDSHAKE
[1595000] S0 MEMORY WRITE beat=126 addr=0290e858 data=ca0b5f3fb316aef8 id=04
[1595000] MASTER 0 W_VALID_RDY Handshake beat=127 wlast=0
[1605000] MASTER 0 W_VALID_RDY Handshake beat=128 wlast=0
[1605000] AXI S0_WVALID_RDY HANDSHAKE
[1605000] S0 MEMORY WRITE beat=127 addr=0290e860 data=10a1afd7e56aa765 id=04
[1615000] AXI S0_WVALID_RDY HANDSHAKE
[1615000] S0 MEMORY WRITE beat=128 addr=0290e868 data=e080c7579d8126ba id=04
[1615000] MASTER 0 W_VALID_RDY Handshake beat=129 wlast=0
[1625000] MASTER 0 W_VALID_RDY Handshake beat=130 wlast=0
[1625000] AXI S0_WVALID_RDY HANDSHAKE
[1625000] S0 MEMORY WRITE beat=129 addr=0290e870 data=d097d5b3cbafdeab id=04
[1635000] AXI S0_WVALID_RDY HANDSHAKE
[1635000] S0 MEMORY WRITE beat=130 addr=0290e878 data=311a86112a8c2696 id=04
[1635000] MASTER 0 W_VALID_RDY Handshake beat=131 wlast=0
[1645000] MASTER 0 W_VALID_RDY Handshake beat=132 wlast=0
[1645000] AXI S0_WVALID_RDY HANDSHAKE
[1645000] S0 MEMORY WRITE beat=131 addr=0290e880 data=c80d4d50e139858a id=04
[1655000] AXI S0_WVALID_RDY HANDSHAKE
[1655000] S0 MEMORY WRITE beat=132 addr=0290e888 data=ace96435119b4d68 id=04
[1655000] MASTER 0 W_VALID_RDY Handshake beat=133 wlast=0
[1665000] MASTER 0 W_VALID_RDY Handshake beat=134 wlast=0
[1665000] AXI S0_WVALID_RDY HANDSHAKE
[1665000] S0 MEMORY WRITE beat=133 addr=0290e890 data=3c2773fe98a52303 id=04
[1675000] AXI S0_WVALID_RDY HANDSHAKE
[1675000] S0 MEMORY WRITE beat=134 addr=0290e898 data=f9dea88dde03ea46 id=04
[1675000] MASTER 0 W_VALID_RDY Handshake beat=135 wlast=0
[1685000] MASTER 0 W_VALID_RDY Handshake beat=136 wlast=0
[1685000] AXI S0_WVALID_RDY HANDSHAKE
[1685000] S0 MEMORY WRITE beat=135 addr=0290e8a0 data=ef9f37ae8434c14e id=04
[1695000] AXI S0_WVALID_RDY HANDSHAKE
[1695000] S0 MEMORY WRITE beat=136 addr=0290e8a8 data=1cd9e45226c80cc3 id=04
[1695000] MASTER 0 W_VALID_RDY Handshake beat=137 wlast=0
[1705000] MASTER 0 W_VALID_RDY Handshake beat=138 wlast=0
[1705000] AXI S0_WVALID_RDY HANDSHAKE
[1705000] S0 MEMORY WRITE beat=137 addr=0290e8b0 data=84cbf709abc6abac id=04
[1715000] AXI S0_WVALID_RDY HANDSHAKE
[1715000] S0 MEMORY WRITE beat=138 addr=0290e8b8 data=2ffb6cfb96b88cdf id=04
[1715000] MASTER 0 W_VALID_RDY Handshake beat=139 wlast=0
[1725000] MASTER 0 W_VALID_RDY Handshake beat=140 wlast=0
[1725000] AXI S0_WVALID_RDY HANDSHAKE
[1725000] S0 MEMORY WRITE beat=139 addr=0290e8c0 data=bd8099a2f46b2eb8 id=04
[1735000] AXI S0_WVALID_RDY HANDSHAKE
[1735000] S0 MEMORY WRITE beat=140 addr=0290e8c8 data=a031da64ccd5514d id=04
[1735000] MASTER 0 W_VALID_RDY Handshake beat=141 wlast=0
[1745000] MASTER 0 W_VALID_RDY Handshake beat=142 wlast=0
[1745000] AXI S0_WVALID_RDY HANDSHAKE
[1745000] S0 MEMORY WRITE beat=141 addr=0290e8d0 data=e38dde2cc24c90ac id=04
[1755000] AXI S0_WVALID_RDY HANDSHAKE
[1755000] S0 MEMORY WRITE beat=142 addr=0290e8d8 data=36b7bf64d02d475f id=04
[1755000] MASTER 0 W_VALID_RDY Handshake beat=143 wlast=0
[1765000] MASTER 0 W_VALID_RDY Handshake beat=144 wlast=0
[1765000] AXI S0_WVALID_RDY HANDSHAKE
[1765000] S0 MEMORY WRITE beat=143 addr=0290e8e0 data=9d0298ac210e77cf id=04
[1775000] AXI S0_WVALID_RDY HANDSHAKE
[1775000] S0 MEMORY WRITE beat=144 addr=0290e8e8 data=e35b087bd6e999c8 id=04
[1775000] MASTER 0 W_VALID_RDY Handshake beat=145 wlast=0
[1785000] MASTER 0 W_VALID_RDY Handshake beat=146 wlast=0
[1785000] AXI S0_WVALID_RDY HANDSHAKE
[1785000] S0 MEMORY WRITE beat=145 addr=0290e8f0 data=2716e128009076d9 id=04
[1795000] AXI S0_WVALID_RDY HANDSHAKE
[1795000] S0 MEMORY WRITE beat=146 addr=0290e8f8 data=219eeea81a12c7df id=04
[1795000] MASTER 0 W_VALID_RDY Handshake beat=147 wlast=0
[1805000] MASTER 0 W_VALID_RDY Handshake beat=148 wlast=0
[1805000] AXI S0_WVALID_RDY HANDSHAKE
[1805000] S0 MEMORY WRITE beat=147 addr=0290e900 data=f0fc61a7c41979d4 id=04
[1815000] AXI S0_WVALID_RDY HANDSHAKE
[1815000] S0 MEMORY WRITE beat=148 addr=0290e908 data=c4a9f0ad04f9f723 id=04
[1815000] MASTER 0 W_VALID_RDY Handshake beat=149 wlast=0
[1825000] MASTER 0 W_VALID_RDY Handshake beat=150 wlast=0
[1825000] AXI S0_WVALID_RDY HANDSHAKE
[1825000] S0 MEMORY WRITE beat=149 addr=0290e910 data=1f0cbf02981342cf id=04
[1835000] AXI S0_WVALID_RDY HANDSHAKE
[1835000] S0 MEMORY WRITE beat=150 addr=0290e918 data=dc2cbca4e648df55 id=04
[1835000] MASTER 0 W_VALID_RDY Handshake beat=151 wlast=0
[1845000] MASTER 0 W_VALID_RDY Handshake beat=152 wlast=0
[1845000] AXI S0_WVALID_RDY HANDSHAKE
[1845000] S0 MEMORY WRITE beat=151 addr=0290e920 data=eb42d678900920a9 id=04
[1855000] AXI S0_WVALID_RDY HANDSHAKE
[1855000] S0 MEMORY WRITE beat=152 addr=0290e928 data=281c6379a0d6ad51 id=04
[1855000] MASTER 0 W_VALID_RDY Handshake beat=153 wlast=0
[1865000] MASTER 0 W_VALID_RDY Handshake beat=154 wlast=0
[1865000] AXI S0_WVALID_RDY HANDSHAKE
[1865000] S0 MEMORY WRITE beat=153 addr=0290e930 data=071f8ca78a4f957a id=04
[1875000] AXI S0_WVALID_RDY HANDSHAKE
[1875000] S0 MEMORY WRITE beat=154 addr=0290e938 data=1a58b6240449201d id=04
[1875000] MASTER 0 W_VALID_RDY Handshake beat=155 wlast=0
[1885000] MASTER 0 W_VALID_RDY Handshake beat=156 wlast=0
[1885000] AXI S0_WVALID_RDY HANDSHAKE
[1885000] S0 MEMORY WRITE beat=155 addr=0290e940 data=a51fcd6ef262631f id=04
[1895000] AXI S0_WVALID_RDY HANDSHAKE
[1895000] S0 MEMORY WRITE beat=156 addr=0290e948 data=fcb1f89ac275199d id=04
[1895000] MASTER 0 W_VALID_RDY Handshake beat=157 wlast=0
[1905000] MASTER 0 W_VALID_RDY Handshake beat=158 wlast=0
[1905000] AXI S0_WVALID_RDY HANDSHAKE
[1905000] S0 MEMORY WRITE beat=157 addr=0290e950 data=c6be39baac3f5a15 id=04
[1915000] AXI S0_WVALID_RDY HANDSHAKE
[1915000] S0 MEMORY WRITE beat=158 addr=0290e958 data=1ea1bd35170aaebe id=04
[1915000] MASTER 0 W_VALID_RDY Handshake beat=159 wlast=0
[1925000] MASTER 0 W_VALID_RDY Handshake beat=160 wlast=0
[1925000] AXI S0_WVALID_RDY HANDSHAKE
[1925000] S0 MEMORY WRITE beat=159 addr=0290e960 data=d97fc85bebde0728 id=04
[1935000] AXI S0_WVALID_RDY HANDSHAKE
[1935000] S0 MEMORY WRITE beat=160 addr=0290e968 data=181d613e1b53b5cf id=04
[1935000] MASTER 0 W_VALID_RDY Handshake beat=161 wlast=0
[1945000] MASTER 0 W_VALID_RDY Handshake beat=162 wlast=0
[1945000] AXI S0_WVALID_RDY HANDSHAKE
[1945000] S0 MEMORY WRITE beat=161 addr=0290e970 data=325e648d203e0215 id=04
[1955000] AXI S0_WVALID_RDY HANDSHAKE
[1955000] S0 MEMORY WRITE beat=162 addr=0290e978 data=8c1c093d36bf1e73 id=04
[1955000] MASTER 0 W_VALID_RDY Handshake beat=163 wlast=0
[1965000] MASTER 0 W_VALID_RDY Handshake beat=164 wlast=0
[1965000] AXI S0_WVALID_RDY HANDSHAKE
[1965000] S0 MEMORY WRITE beat=163 addr=0290e980 data=d212d4420bde2ce8 id=04
[1975000] AXI S0_WVALID_RDY HANDSHAKE
[1975000] S0 MEMORY WRITE beat=164 addr=0290e988 data=2c1c2efda4396a7b id=04
[1975000] MASTER 0 W_VALID_RDY Handshake beat=165 wlast=0
[1985000] MASTER 0 W_VALID_RDY Handshake beat=166 wlast=0
[1985000] AXI S0_WVALID_RDY HANDSHAKE
[1985000] S0 MEMORY WRITE beat=165 addr=0290e990 data=daf888ee047138cf id=04
[1995000] AXI S0_WVALID_RDY HANDSHAKE
[1995000] S0 MEMORY WRITE beat=166 addr=0290e998 data=104f65b7b838383a id=04
[1995000] MASTER 0 W_VALID_RDY Handshake beat=167 wlast=0
[2005000] MASTER_DRIVER0 received transaction, op=AXI_READ
[2005000] MASTER 0 W_VALID_RDY Handshake beat=168 wlast=1
[2005000] AXI S0_WVALID_RDY HANDSHAKE
[2005000] S0 MEMORY WRITE beat=167 addr=0290e9a0 data=dc71a2b6ad0b5d30 id=04
[2015000] AXI S0_WVALID_RDY HANDSHAKE
[2015000] S0 MEMORY WRITE beat=168 addr=0290e9a8 data=b17c95ff3c6b94b4 id=04
[2025000] SLAVE0 sent B resp, id=4
[2035000] AXI S0_ARVALID_RDY HANDSHAKE
[2035000] MEMORY READ MISS beat=0 addr=16430050 -> default data id=4
[2035000] [SLAVE MONITOR] mst_id=0 s_id=0 awaddr=290e468 awid=100 awlen=168 awsize=3 awburst=1 wdata=[31da92ad88f2917f 175d4d4de393ff46 e8365c4bb4956e39 3d87ffb90a1a25a8 edae24ee1a10eef8 cea65d31d4e54d06 deff72aed5e48139 eff570318c2e5cea e113a9f0ccad979c 229218d63e9bcd63 caca2a4dc0131c9e cc0b43b92878907 d123566a2bddd43e ebf0f0dc2f52cd11 c1da56181bed80b8 c7cb54f6f8b1a517 a804722812fdac83 2eeb2d3bb3bc45d2 2c6deaeae9dec841 fcdc74c4f6b68231 aa72c803d4725d12 be5125532bc7a1ff 227e2430d6e0b2ed 2b531000bb2d9a17 e6f53c16ccf0ec33 23d19f21e9a43553 24d1cf6b89736046 d6644c7acf24af21 b8c8e4748bc70b81 153a6bc8fa35eb9b c95a9abcdd9ab3df e961bf61eb9eb842 e5d4a3dd82237f30 dfbe3310fe9c2b29 ea3ae36b2f2f3e99 b152bdc9c91ff271 c7bc1d9ad00f8748 ff3ec5e19110f0d9 da30e34a31f70105 206884db09183aa c1a27484a1ed00e4 d3e401e901454e2e b1d6d1d89bd357ce 3dc058b3d5ea8a36 d72fd864f379465c f4c9e2b91a45a9c e78ee4d30906aa3d fc7ff099cd0cf6de deb1517abebebd37 c7c567748bcc8ec4 d8d985a2c640364d 4fef385c445580e d011e6d2378ad71d fdcb0d6accc45af9 9109b30728eb6c75 e076439282ca00ef cf8e5be9e11b99da a07064fde4150fc e10b51ece0980ef0 c1b3a8caea7d49e1 c8be9add3099add5 9131bcc5cbbaaf19 b637f8faa9c9ecc9 da639a9ed2e56590 9ea014a9fef693d8 a8c080a1eb955764 3e7abcf4d4d80da4 d3cea17c03241b40 eeb972a4dd1ad19d b1f2df41fc8f221d ffb33d5d2d342f98 8a4f013585c180bd 250a2dbee6cb001 9ba0df993c41e077 c20361348203e038 f070903a25efe0cf e231c146c454040f c657e4488c116fd3 b20150a2a435227a e889268a36c87482 c2d9e455943311e8 386834632ee10ad2 e5a97f54f4db34f8 890e46e020f15aed cfd265bfa88363a9 9d5e98a1c1767b43 e267d630357be513 ddff48bc266cdf82 e7e35ac5b23a3bef e7b62102fb5de15e 21cac0e0ca4b30f6 fc856ce5c5b569bf c1134b1d89ae1ba5 d3f94c9be43b8de8 29f0f7a7e2de0bfd ec8c27a2d07eb981 34ba4769eb0442c4 cde24ec1c085743e 11042dbfdeab3f10 c9af81d4ba6e7663 faf3eaa1c5be7528 2469b4381791d095 d20046f88bf81860 d1b68d88ee19360c 5ab06a1ccf4319a d8ec49faf62041c0 e43977ccd7ab4d99 a49f7f332aa2d783 a0c31943e9e47e6d c18fcc07fd8bc92e 282ea0b104fc9110 eee10f7de62f4b3a e3bb1468c8f1b9f4 cdee4b04b070db84 16a026bf8be9b519 d4db6f0e3ccf5a82 ed403606fa5b3b27 644f041a2c9ba12 df99149483e05cc5 fe3b97eddb205f4f fdea1961ccd94a9b d0b9a7600480882e dfa0e77ddd832df6 2a5c7891cef53f4d d375c77bdd8b00de bb0e2ed4fb161ff1 ca0b5f3fb316aef8 10a1afd7e56aa765 e080c7579d8126ba d097d5b3cbafdeab 311a86112a8c2696 c80d4d50e139858a ace96435119b4d68 3c2773fe98a52303 f9dea88dde03ea46 ef9f37ae8434c14e 1cd9e45226c80cc3 84cbf709abc6abac 2ffb6cfb96b88cdf bd8099a2f46b2eb8 a031da64ccd5514d e38dde2cc24c90ac 36b7bf64d02d475f 9d0298ac210e77cf e35b087bd6e999c8 2716e128009076d9 219eeea81a12c7df f0fc61a7c41979d4 c4a9f0ad04f9f723 1f0cbf02981342cf dc2cbca4e648df55 eb42d678900920a9 281c6379a0d6ad51 71f8ca78a4f957a 1a58b6240449201d a51fcd6ef262631f fcb1f89ac275199d c6be39baac3f5a15 1ea1bd35170aaebe d97fc85bebde0728 181d613e1b53b5cf 325e648d203e0215 8c1c093d36bf1e73 d212d4420bde2ce8 2c1c2efda4396a7b daf888ee047138cf 104f65b7b838383a dc71a2b6ad0b5d30 b17c95ff3c6b94b4 ] wstrb=[a4 ee b6 d5 a4 6a d4 49 59 8b 1e fd f5 f2 46 4e 7d 64 4c 73 57 92 c1 d4 f7 d 47 4e a0 9 22 97 16 6a e5 b6 73 7 4d 89 71 32 40 e4 3a 8d 6e ab c0 ae 90 fa 3b fe a5 fb ac 35 f5 e7 33 9b e3 df d0 d8 c7 4 73 aa e3 44 82 aa 48 f6 54 2b 3a d7 d6 82 cd 2a ad 7 1 83 89 ce ae 36 d5 af ba 5e 7e 68 95 53 17 4f b2 95 b7 47 e9 ce 96 9b 64 4d e2 4d 1b 78 e8 7f c5 ca cc e0 42 b4 60 7 7e 2c e7 c0 e1 47 c7 5f 74 af 20 55 f6 e7 b4 6a 96 d4 bf 8d bc 74 f7 52 48 b7 df 4 2b d7 57 73 8e 36 78 b9 d cf 2c 9b 5 a4 54 ] bresp=0 bid=100
[2035000] ARB MONITOR: slave=1 m0_req=1 m1_req=0 winner=0
[2045000] MASTER 0 RECEIVED BRESP. BRESP=0
[2045000] [MASTER DRIVER] mst_id=0 s_id=0 awaddr=290e468 awid=100 awlen=168 awsize=3 awburst=1 wdata=[31da92ad88f2917f 175d4d4de393ff46 e8365c4bb4956e39 3d87ffb90a1a25a8 edae24ee1a10eef8 cea65d31d4e54d06 deff72aed5e48139 eff570318c2e5cea e113a9f0ccad979c 229218d63e9bcd63 caca2a4dc0131c9e cc0b43b92878907 d123566a2bddd43e ebf0f0dc2f52cd11 c1da56181bed80b8 c7cb54f6f8b1a517 a804722812fdac83 2eeb2d3bb3bc45d2 2c6deaeae9dec841 fcdc74c4f6b68231 aa72c803d4725d12 be5125532bc7a1ff 227e2430d6e0b2ed 2b531000bb2d9a17 e6f53c16ccf0ec33 23d19f21e9a43553 24d1cf6b89736046 d6644c7acf24af21 b8c8e4748bc70b81 153a6bc8fa35eb9b c95a9abcdd9ab3df e961bf61eb9eb842 e5d4a3dd82237f30 dfbe3310fe9c2b29 ea3ae36b2f2f3e99 b152bdc9c91ff271 c7bc1d9ad00f8748 ff3ec5e19110f0d9 da30e34a31f70105 206884db09183aa c1a27484a1ed00e4 d3e401e901454e2e b1d6d1d89bd357ce 3dc058b3d5ea8a36 d72fd864f379465c f4c9e2b91a45a9c e78ee4d30906aa3d fc7ff099cd0cf6de deb1517abebebd37 c7c567748bcc8ec4 d8d985a2c640364d 4fef385c445580e d011e6d2378ad71d fdcb0d6accc45af9 9109b30728eb6c75 e076439282ca00ef cf8e5be9e11b99da a07064fde4150fc e10b51ece0980ef0 c1b3a8caea7d49e1 c8be9add3099add5 9131bcc5cbbaaf19 b637f8faa9c9ecc9 da639a9ed2e56590 9ea014a9fef693d8 a8c080a1eb955764 3e7abcf4d4d80da4 d3cea17c03241b40 eeb972a4dd1ad19d b1f2df41fc8f221d ffb33d5d2d342f98 8a4f013585c180bd 250a2dbee6cb001 9ba0df993c41e077 c20361348203e038 f070903a25efe0cf e231c146c454040f c657e4488c116fd3 b20150a2a435227a e889268a36c87482 c2d9e455943311e8 386834632ee10ad2 e5a97f54f4db34f8 890e46e020f15aed cfd265bfa88363a9 9d5e98a1c1767b43 e267d630357be513 ddff48bc266cdf82 e7e35ac5b23a3bef e7b62102fb5de15e 21cac0e0ca4b30f6 fc856ce5c5b569bf c1134b1d89ae1ba5 d3f94c9be43b8de8 29f0f7a7e2de0bfd ec8c27a2d07eb981 34ba4769eb0442c4 cde24ec1c085743e 11042dbfdeab3f10 c9af81d4ba6e7663 faf3eaa1c5be7528 2469b4381791d095 d20046f88bf81860 d1b68d88ee19360c 5ab06a1ccf4319a d8ec49faf62041c0 e43977ccd7ab4d99 a49f7f332aa2d783 a0c31943e9e47e6d c18fcc07fd8bc92e 282ea0b104fc9110 eee10f7de62f4b3a e3bb1468c8f1b9f4 cdee4b04b070db84 16a026bf8be9b519 d4db6f0e3ccf5a82 ed403606fa5b3b27 644f041a2c9ba12 df99149483e05cc5 fe3b97eddb205f4f fdea1961ccd94a9b d0b9a7600480882e dfa0e77ddd832df6 2a5c7891cef53f4d d375c77bdd8b00de bb0e2ed4fb161ff1 ca0b5f3fb316aef8 10a1afd7e56aa765 e080c7579d8126ba d097d5b3cbafdeab 311a86112a8c2696 c80d4d50e139858a ace96435119b4d68 3c2773fe98a52303 f9dea88dde03ea46 ef9f37ae8434c14e 1cd9e45226c80cc3 84cbf709abc6abac 2ffb6cfb96b88cdf bd8099a2f46b2eb8 a031da64ccd5514d e38dde2cc24c90ac 36b7bf64d02d475f 9d0298ac210e77cf e35b087bd6e999c8 2716e128009076d9 219eeea81a12c7df f0fc61a7c41979d4 c4a9f0ad04f9f723 1f0cbf02981342cf dc2cbca4e648df55 eb42d678900920a9 281c6379a0d6ad51 71f8ca78a4f957a 1a58b6240449201d a51fcd6ef262631f fcb1f89ac275199d c6be39baac3f5a15 1ea1bd35170aaebe d97fc85bebde0728 181d613e1b53b5cf 325e648d203e0215 8c1c093d36bf1e73 d212d4420bde2ce8 2c1c2efda4396a7b daf888ee047138cf 104f65b7b838383a dc71a2b6ad0b5d30 b17c95ff3c6b94b4 ] wstrb=[a4 ee b6 d5 a4 6a d4 49 59 8b 1e fd f5 f2 46 4e 7d 64 4c 73 57 92 c1 d4 f7 d 47 4e a0 9 22 97 16 6a e5 b6 73 7 4d 89 71 32 40 e4 3a 8d 6e ab c0 ae 90 fa 3b fe a5 fb ac 35 f5 e7 33 9b e3 df d0 d8 c7 4 73 aa e3 44 82 aa 48 f6 54 2b 3a d7 d6 82 cd 2a ad 7 1 83 89 ce ae 36 d5 af ba 5e 7e 68 95 53 17 4f b2 95 b7 47 e9 ce 96 9b 64 4d e2 4d 1b 78 e8 7f c5 ca cc e0 42 b4 60 7 7e 2c e7 c0 e1 47 c7 5f 74 af 20 55 f6 e7 b4 6a 96 d4 bf 8d bc 74 f7 52 48 b7 df 4 2b d7 57 73 8e 36 78 b9 d cf 2c 9b 5 a4 54 ] bresp=0 bid=100
[2045000] MASTER 0 B_VALID_RDY Handshake
[2045000] [MASTER MONITOR] mst_id=0 s_id=0 awaddr=290e468 awid=100 awlen=168 awsize=3 awburst=1 wdata=[31da92ad88f2917f 175d4d4de393ff46 e8365c4bb4956e39 3d87ffb90a1a25a8 edae24ee1a10eef8 cea65d31d4e54d06 deff72aed5e48139 eff570318c2e5cea e113a9f0ccad979c 229218d63e9bcd63 caca2a4dc0131c9e cc0b43b92878907 d123566a2bddd43e ebf0f0dc2f52cd11 c1da56181bed80b8 c7cb54f6f8b1a517 a804722812fdac83 2eeb2d3bb3bc45d2 2c6deaeae9dec841 fcdc74c4f6b68231 aa72c803d4725d12 be5125532bc7a1ff 227e2430d6e0b2ed 2b531000bb2d9a17 e6f53c16ccf0ec33 23d19f21e9a43553 24d1cf6b89736046 d6644c7acf24af21 b8c8e4748bc70b81 153a6bc8fa35eb9b c95a9abcdd9ab3df e961bf61eb9eb842 e5d4a3dd82237f30 dfbe3310fe9c2b29 ea3ae36b2f2f3e99 b152bdc9c91ff271 c7bc1d9ad00f8748 ff3ec5e19110f0d9 da30e34a31f70105 206884db09183aa c1a27484a1ed00e4 d3e401e901454e2e b1d6d1d89bd357ce 3dc058b3d5ea8a36 d72fd864f379465c f4c9e2b91a45a9c e78ee4d30906aa3d fc7ff099cd0cf6de deb1517abebebd37 c7c567748bcc8ec4 d8d985a2c640364d 4fef385c445580e d011e6d2378ad71d fdcb0d6accc45af9 9109b30728eb6c75 e076439282ca00ef cf8e5be9e11b99da a07064fde4150fc e10b51ece0980ef0 c1b3a8caea7d49e1 c8be9add3099add5 9131bcc5cbbaaf19 b637f8faa9c9ecc9 da639a9ed2e56590 9ea014a9fef693d8 a8c080a1eb955764 3e7abcf4d4d80da4 d3cea17c03241b40 eeb972a4dd1ad19d b1f2df41fc8f221d ffb33d5d2d342f98 8a4f013585c180bd 250a2dbee6cb001 9ba0df993c41e077 c20361348203e038 f070903a25efe0cf e231c146c454040f c657e4488c116fd3 b20150a2a435227a e889268a36c87482 c2d9e455943311e8 386834632ee10ad2 e5a97f54f4db34f8 890e46e020f15aed cfd265bfa88363a9 9d5e98a1c1767b43 e267d630357be513 ddff48bc266cdf82 e7e35ac5b23a3bef e7b62102fb5de15e 21cac0e0ca4b30f6 fc856ce5c5b569bf c1134b1d89ae1ba5 d3f94c9be43b8de8 29f0f7a7e2de0bfd ec8c27a2d07eb981 34ba4769eb0442c4 cde24ec1c085743e 11042dbfdeab3f10 c9af81d4ba6e7663 faf3eaa1c5be7528 2469b4381791d095 d20046f88bf81860 d1b68d88ee19360c 5ab06a1ccf4319a d8ec49faf62041c0 e43977ccd7ab4d99 a49f7f332aa2d783 a0c31943e9e47e6d c18fcc07fd8bc92e 282ea0b104fc9110 eee10f7de62f4b3a e3bb1468c8f1b9f4 cdee4b04b070db84 16a026bf8be9b519 d4db6f0e3ccf5a82 ed403606fa5b3b27 644f041a2c9ba12 df99149483e05cc5 fe3b97eddb205f4f fdea1961ccd94a9b d0b9a7600480882e dfa0e77ddd832df6 2a5c7891cef53f4d d375c77bdd8b00de bb0e2ed4fb161ff1 ca0b5f3fb316aef8 10a1afd7e56aa765 e080c7579d8126ba d097d5b3cbafdeab 311a86112a8c2696 c80d4d50e139858a ace96435119b4d68 3c2773fe98a52303 f9dea88dde03ea46 ef9f37ae8434c14e 1cd9e45226c80cc3 84cbf709abc6abac 2ffb6cfb96b88cdf bd8099a2f46b2eb8 a031da64ccd5514d e38dde2cc24c90ac 36b7bf64d02d475f 9d0298ac210e77cf e35b087bd6e999c8 2716e128009076d9 219eeea81a12c7df f0fc61a7c41979d4 c4a9f0ad04f9f723 1f0cbf02981342cf dc2cbca4e648df55 eb42d678900920a9 281c6379a0d6ad51 71f8ca78a4f957a 1a58b6240449201d a51fcd6ef262631f fcb1f89ac275199d c6be39baac3f5a15 1ea1bd35170aaebe d97fc85bebde0728 181d613e1b53b5cf 325e648d203e0215 8c1c093d36bf1e73 d212d4420bde2ce8 2c1c2efda4396a7b daf888ee047138cf 104f65b7b838383a dc71a2b6ad0b5d30 b17c95ff3c6b94b4 ] wstrb=[a4 ee b6 d5 a4 6a d4 49 59 8b 1e fd f5 f2 46 4e 7d 64 4c 73 57 92 c1 d4 f7 d 47 4e a0 9 22 97 16 6a e5 b6 73 7 4d 89 71 32 40 e4 3a 8d 6e ab c0 ae 90 fa 3b fe a5 fb ac 35 f5 e7 33 9b e3 df d0 d8 c7 4 73 aa e3 44 82 aa 48 f6 54 2b 3a d7 d6 82 cd 2a ad 7 1 83 89 ce ae 36 d5 af ba 5e 7e 68 95 53 17 4f b2 95 b7 47 e9 ce 96 9b 64 4d e2 4d 1b 78 e8 7f c5 ca cc e0 42 b4 60 7 7e 2c e7 c0 e1 47 c7 5f 74 af 20 55 f6 e7 b4 6a 96 d4 bf 8d bc 74 f7 52 48 b7 df 4 2b d7 57 73 8e 36 78 b9 d cf 2c 9b 5 a4 54 ] bresp=0 bid=100
[2045000] SLAVE 1 R_VALID_RDY Handshake beat=0 rlast=0
[2045000] MEMORY READ MISS beat=1 addr=16430058 -> default data id=4
[2045000] SCOREBOARD MATCH: decode_err expected = 0, actual =0
[2045000] SCOREBOARD MATCH: slave_id expected = 0, actual =0
[2045000] SCOREBOARD MATCH: awaddr passthrough expected = 290e468, actual =290e468
[2045000] SCOREBOARD MATCH: awlen passthrough expected = 168, actual =168
[2045000] SCOREBOARD MATCH: awsize passthrough expected = 3, actual =3
[2045000] SCOREBOARD MATCH: awburst passthrough expected = 1, actual =1
[2045000] SCOREBOARD MATCH: wdata size check expected = a9, actual =a9
[2045000] SCOREBOARD MATCH: wdata passthrough beat=0 expected = 31da92ad88f2917f, actual =31da92ad88f2917f
[2045000] SCOREBOARD MATCH: wdata passthrough beat=1 expected = 175d4d4de393ff46, actual =175d4d4de393ff46
[2045000] SCOREBOARD MATCH: wdata passthrough beat=2 expected = e8365c4bb4956e39, actual =e8365c4bb4956e39
[2045000] SCOREBOARD MATCH: wdata passthrough beat=3 expected = 3d87ffb90a1a25a8, actual =3d87ffb90a1a25a8
[2045000] SCOREBOARD MATCH: wdata passthrough beat=4 expected = edae24ee1a10eef8, actual =edae24ee1a10eef8
[2045000] SCOREBOARD MATCH: wdata passthrough beat=5 expected = cea65d31d4e54d06, actual =cea65d31d4e54d06
[2045000] SCOREBOARD MATCH: wdata passthrough beat=6 expected = deff72aed5e48139, actual =deff72aed5e48139
[2045000] SCOREBOARD MATCH: wdata passthrough beat=7 expected = eff570318c2e5cea, actual =eff570318c2e5cea
[2045000] SCOREBOARD MATCH: wdata passthrough beat=8 expected = e113a9f0ccad979c, actual =e113a9f0ccad979c
[2045000] SCOREBOARD MATCH: wdata passthrough beat=9 expected = 229218d63e9bcd63, actual =229218d63e9bcd63
[2045000] SCOREBOARD MATCH: wdata passthrough beat=10 expected = caca2a4dc0131c9e, actual =caca2a4dc0131c9e
[2045000] SCOREBOARD MATCH: wdata passthrough beat=11 expected = cc0b43b92878907, actual =cc0b43b92878907
[2045000] SCOREBOARD MATCH: wdata passthrough beat=12 expected = d123566a2bddd43e, actual =d123566a2bddd43e
[2045000] SCOREBOARD MATCH: wdata passthrough beat=13 expected = ebf0f0dc2f52cd11, actual =ebf0f0dc2f52cd11
[2045000] SCOREBOARD MATCH: wdata passthrough beat=14 expected = c1da56181bed80b8, actual =c1da56181bed80b8
[2045000] SCOREBOARD MATCH: wdata passthrough beat=15 expected = c7cb54f6f8b1a517, actual =c7cb54f6f8b1a517
[2045000] SCOREBOARD MATCH: wdata passthrough beat=16 expected = a804722812fdac83, actual =a804722812fdac83
[2045000] SCOREBOARD MATCH: wdata passthrough beat=17 expected = 2eeb2d3bb3bc45d2, actual =2eeb2d3bb3bc45d2
[2045000] SCOREBOARD MATCH: wdata passthrough beat=18 expected = 2c6deaeae9dec841, actual =2c6deaeae9dec841
[2045000] SCOREBOARD MATCH: wdata passthrough beat=19 expected = fcdc74c4f6b68231, actual =fcdc74c4f6b68231
[2045000] SCOREBOARD MATCH: wdata passthrough beat=20 expected = aa72c803d4725d12, actual =aa72c803d4725d12
[2045000] SCOREBOARD MATCH: wdata passthrough beat=21 expected = be5125532bc7a1ff, actual =be5125532bc7a1ff
[2045000] SCOREBOARD MATCH: wdata passthrough beat=22 expected = 227e2430d6e0b2ed, actual =227e2430d6e0b2ed
[2045000] SCOREBOARD MATCH: wdata passthrough beat=23 expected = 2b531000bb2d9a17, actual =2b531000bb2d9a17
[2045000] SCOREBOARD MATCH: wdata passthrough beat=24 expected = e6f53c16ccf0ec33, actual =e6f53c16ccf0ec33
[2045000] SCOREBOARD MATCH: wdata passthrough beat=25 expected = 23d19f21e9a43553, actual =23d19f21e9a43553
[2045000] SCOREBOARD MATCH: wdata passthrough beat=26 expected = 24d1cf6b89736046, actual =24d1cf6b89736046
[2045000] SCOREBOARD MATCH: wdata passthrough beat=27 expected = d6644c7acf24af21, actual =d6644c7acf24af21
[2045000] SCOREBOARD MATCH: wdata passthrough beat=28 expected = b8c8e4748bc70b81, actual =b8c8e4748bc70b81
[2045000] SCOREBOARD MATCH: wdata passthrough beat=29 expected = 153a6bc8fa35eb9b, actual =153a6bc8fa35eb9b
[2045000] SCOREBOARD MATCH: wdata passthrough beat=30 expected = c95a9abcdd9ab3df, actual =c95a9abcdd9ab3df
[2045000] SCOREBOARD MATCH: wdata passthrough beat=31 expected = e961bf61eb9eb842, actual =e961bf61eb9eb842
[2045000] SCOREBOARD MATCH: wdata passthrough beat=32 expected = e5d4a3dd82237f30, actual =e5d4a3dd82237f30
[2045000] SCOREBOARD MATCH: wdata passthrough beat=33 expected = dfbe3310fe9c2b29, actual =dfbe3310fe9c2b29
[2045000] SCOREBOARD MATCH: wdata passthrough beat=34 expected = ea3ae36b2f2f3e99, actual =ea3ae36b2f2f3e99
[2045000] SCOREBOARD MATCH: wdata passthrough beat=35 expected = b152bdc9c91ff271, actual =b152bdc9c91ff271
[2045000] SCOREBOARD MATCH: wdata passthrough beat=36 expected = c7bc1d9ad00f8748, actual =c7bc1d9ad00f8748
[2045000] SCOREBOARD MATCH: wdata passthrough beat=37 expected = ff3ec5e19110f0d9, actual =ff3ec5e19110f0d9
[2045000] SCOREBOARD MATCH: wdata passthrough beat=38 expected = da30e34a31f70105, actual =da30e34a31f70105
[2045000] SCOREBOARD MATCH: wdata passthrough beat=39 expected = 206884db09183aa, actual =206884db09183aa
[2045000] SCOREBOARD MATCH: wdata passthrough beat=40 expected = c1a27484a1ed00e4, actual =c1a27484a1ed00e4
[2045000] SCOREBOARD MATCH: wdata passthrough beat=41 expected = d3e401e901454e2e, actual =d3e401e901454e2e
[2045000] SCOREBOARD MATCH: wdata passthrough beat=42 expected = b1d6d1d89bd357ce, actual =b1d6d1d89bd357ce
[2045000] SCOREBOARD MATCH: wdata passthrough beat=43 expected = 3dc058b3d5ea8a36, actual =3dc058b3d5ea8a36
[2045000] SCOREBOARD MATCH: wdata passthrough beat=44 expected = d72fd864f379465c, actual =d72fd864f379465c
[2045000] SCOREBOARD MATCH: wdata passthrough beat=45 expected = f4c9e2b91a45a9c, actual =f4c9e2b91a45a9c
[2045000] SCOREBOARD MATCH: wdata passthrough beat=46 expected = e78ee4d30906aa3d, actual =e78ee4d30906aa3d
[2045000] SCOREBOARD MATCH: wdata passthrough beat=47 expected = fc7ff099cd0cf6de, actual =fc7ff099cd0cf6de
[2045000] SCOREBOARD MATCH: wdata passthrough beat=48 expected = deb1517abebebd37, actual =deb1517abebebd37
[2045000] SCOREBOARD MATCH: wdata passthrough beat=49 expected = c7c567748bcc8ec4, actual =c7c567748bcc8ec4
[2045000] SCOREBOARD MATCH: wdata passthrough beat=50 expected = d8d985a2c640364d, actual =d8d985a2c640364d
[2045000] SCOREBOARD MATCH: wdata passthrough beat=51 expected = 4fef385c445580e, actual =4fef385c445580e
[2045000] SCOREBOARD MATCH: wdata passthrough beat=52 expected = d011e6d2378ad71d, actual =d011e6d2378ad71d
[2045000] SCOREBOARD MATCH: wdata passthrough beat=53 expected = fdcb0d6accc45af9, actual =fdcb0d6accc45af9
[2045000] SCOREBOARD MATCH: wdata passthrough beat=54 expected = 9109b30728eb6c75, actual =9109b30728eb6c75
[2045000] SCOREBOARD MATCH: wdata passthrough beat=55 expected = e076439282ca00ef, actual =e076439282ca00ef
[2045000] SCOREBOARD MATCH: wdata passthrough beat=56 expected = cf8e5be9e11b99da, actual =cf8e5be9e11b99da
[2045000] SCOREBOARD MATCH: wdata passthrough beat=57 expected = a07064fde4150fc, actual =a07064fde4150fc
[2045000] SCOREBOARD MATCH: wdata passthrough beat=58 expected = e10b51ece0980ef0, actual =e10b51ece0980ef0
[2045000] SCOREBOARD MATCH: wdata passthrough beat=59 expected = c1b3a8caea7d49e1, actual =c1b3a8caea7d49e1
[2045000] SCOREBOARD MATCH: wdata passthrough beat=60 expected = c8be9add3099add5, actual =c8be9add3099add5
[2045000] SCOREBOARD MATCH: wdata passthrough beat=61 expected = 9131bcc5cbbaaf19, actual =9131bcc5cbbaaf19
[2045000] SCOREBOARD MATCH: wdata passthrough beat=62 expected = b637f8faa9c9ecc9, actual =b637f8faa9c9ecc9
[2045000] SCOREBOARD MATCH: wdata passthrough beat=63 expected = da639a9ed2e56590, actual =da639a9ed2e56590
[2045000] SCOREBOARD MATCH: wdata passthrough beat=64 expected = 9ea014a9fef693d8, actual =9ea014a9fef693d8
[2045000] SCOREBOARD MATCH: wdata passthrough beat=65 expected = a8c080a1eb955764, actual =a8c080a1eb955764
[2045000] SCOREBOARD MATCH: wdata passthrough beat=66 expected = 3e7abcf4d4d80da4, actual =3e7abcf4d4d80da4
[2045000] SCOREBOARD MATCH: wdata passthrough beat=67 expected = d3cea17c03241b40, actual =d3cea17c03241b40
[2045000] SCOREBOARD MATCH: wdata passthrough beat=68 expected = eeb972a4dd1ad19d, actual =eeb972a4dd1ad19d
[2045000] SCOREBOARD MATCH: wdata passthrough beat=69 expected = b1f2df41fc8f221d, actual =b1f2df41fc8f221d
[2045000] SCOREBOARD MATCH: wdata passthrough beat=70 expected = ffb33d5d2d342f98, actual =ffb33d5d2d342f98
[2045000] SCOREBOARD MATCH: wdata passthrough beat=71 expected = 8a4f013585c180bd, actual =8a4f013585c180bd
[2045000] SCOREBOARD MATCH: wdata passthrough beat=72 expected = 250a2dbee6cb001, actual =250a2dbee6cb001
[2045000] SCOREBOARD MATCH: wdata passthrough beat=73 expected = 9ba0df993c41e077, actual =9ba0df993c41e077
[2045000] SCOREBOARD MATCH: wdata passthrough beat=74 expected = c20361348203e038, actual =c20361348203e038
[2045000] SCOREBOARD MATCH: wdata passthrough beat=75 expected = f070903a25efe0cf, actual =f070903a25efe0cf
[2045000] SCOREBOARD MATCH: wdata passthrough beat=76 expected = e231c146c454040f, actual =e231c146c454040f
[2045000] SCOREBOARD MATCH: wdata passthrough beat=77 expected = c657e4488c116fd3, actual =c657e4488c116fd3
[2045000] SCOREBOARD MATCH: wdata passthrough beat=78 expected = b20150a2a435227a, actual =b20150a2a435227a
[2045000] SCOREBOARD MATCH: wdata passthrough beat=79 expected = e889268a36c87482, actual =e889268a36c87482
[2045000] SCOREBOARD MATCH: wdata passthrough beat=80 expected = c2d9e455943311e8, actual =c2d9e455943311e8
[2045000] SCOREBOARD MATCH: wdata passthrough beat=81 expected = 386834632ee10ad2, actual =386834632ee10ad2
[2045000] SCOREBOARD MATCH: wdata passthrough beat=82 expected = e5a97f54f4db34f8, actual =e5a97f54f4db34f8
[2045000] SCOREBOARD MATCH: wdata passthrough beat=83 expected = 890e46e020f15aed, actual =890e46e020f15aed
[2045000] SCOREBOARD MATCH: wdata passthrough beat=84 expected = cfd265bfa88363a9, actual =cfd265bfa88363a9
[2045000] SCOREBOARD MATCH: wdata passthrough beat=85 expected = 9d5e98a1c1767b43, actual =9d5e98a1c1767b43
[2045000] SCOREBOARD MATCH: wdata passthrough beat=86 expected = e267d630357be513, actual =e267d630357be513
[2045000] SCOREBOARD MATCH: wdata passthrough beat=87 expected = ddff48bc266cdf82, actual =ddff48bc266cdf82
[2045000] SCOREBOARD MATCH: wdata passthrough beat=88 expected = e7e35ac5b23a3bef, actual =e7e35ac5b23a3bef
[2045000] SCOREBOARD MATCH: wdata passthrough beat=89 expected = e7b62102fb5de15e, actual =e7b62102fb5de15e
[2045000] SCOREBOARD MATCH: wdata passthrough beat=90 expected = 21cac0e0ca4b30f6, actual =21cac0e0ca4b30f6
[2045000] SCOREBOARD MATCH: wdata passthrough beat=91 expected = fc856ce5c5b569bf, actual =fc856ce5c5b569bf
[2045000] SCOREBOARD MATCH: wdata passthrough beat=92 expected = c1134b1d89ae1ba5, actual =c1134b1d89ae1ba5
[2045000] SCOREBOARD MATCH: wdata passthrough beat=93 expected = d3f94c9be43b8de8, actual =d3f94c9be43b8de8
[2045000] SCOREBOARD MATCH: wdata passthrough beat=94 expected = 29f0f7a7e2de0bfd, actual =29f0f7a7e2de0bfd
[2045000] SCOREBOARD MATCH: wdata passthrough beat=95 expected = ec8c27a2d07eb981, actual =ec8c27a2d07eb981
[2045000] SCOREBOARD MATCH: wdata passthrough beat=96 expected = 34ba4769eb0442c4, actual =34ba4769eb0442c4
[2045000] SCOREBOARD MATCH: wdata passthrough beat=97 expected = cde24ec1c085743e, actual =cde24ec1c085743e
[2045000] SCOREBOARD MATCH: wdata passthrough beat=98 expected = 11042dbfdeab3f10, actual =11042dbfdeab3f10
[2045000] SCOREBOARD MATCH: wdata passthrough beat=99 expected = c9af81d4ba6e7663, actual =c9af81d4ba6e7663
[2045000] SCOREBOARD MATCH: wdata passthrough beat=100 expected = faf3eaa1c5be7528, actual =faf3eaa1c5be7528
[2045000] SCOREBOARD MATCH: wdata passthrough beat=101 expected = 2469b4381791d095, actual =2469b4381791d095
[2045000] SCOREBOARD MATCH: wdata passthrough beat=102 expected = d20046f88bf81860, actual =d20046f88bf81860
[2045000] SCOREBOARD MATCH: wdata passthrough beat=103 expected = d1b68d88ee19360c, actual =d1b68d88ee19360c
[2045000] SCOREBOARD MATCH: wdata passthrough beat=104 expected = 5ab06a1ccf4319a, actual =5ab06a1ccf4319a
[2045000] SCOREBOARD MATCH: wdata passthrough beat=105 expected = d8ec49faf62041c0, actual =d8ec49faf62041c0
[2045000] SCOREBOARD MATCH: wdata passthrough beat=106 expected = e43977ccd7ab4d99, actual =e43977ccd7ab4d99
[2045000] SCOREBOARD MATCH: wdata passthrough beat=107 expected = a49f7f332aa2d783, actual =a49f7f332aa2d783
[2045000] SCOREBOARD MATCH: wdata passthrough beat=108 expected = a0c31943e9e47e6d, actual =a0c31943e9e47e6d
[2045000] SCOREBOARD MATCH: wdata passthrough beat=109 expected = c18fcc07fd8bc92e, actual =c18fcc07fd8bc92e
[2045000] SCOREBOARD MATCH: wdata passthrough beat=110 expected = 282ea0b104fc9110, actual =282ea0b104fc9110
[2045000] SCOREBOARD MATCH: wdata passthrough beat=111 expected = eee10f7de62f4b3a, actual =eee10f7de62f4b3a
[2045000] SCOREBOARD MATCH: wdata passthrough beat=112 expected = e3bb1468c8f1b9f4, actual =e3bb1468c8f1b9f4
[2045000] SCOREBOARD MATCH: wdata passthrough beat=113 expected = cdee4b04b070db84, actual =cdee4b04b070db84
[2045000] SCOREBOARD MATCH: wdata passthrough beat=114 expected = 16a026bf8be9b519, actual =16a026bf8be9b519
[2045000] SCOREBOARD MATCH: wdata passthrough beat=115 expected = d4db6f0e3ccf5a82, actual =d4db6f0e3ccf5a82
[2045000] SCOREBOARD MATCH: wdata passthrough beat=116 expected = ed403606fa5b3b27, actual =ed403606fa5b3b27
[2045000] SCOREBOARD MATCH: wdata passthrough beat=117 expected = 644f041a2c9ba12, actual =644f041a2c9ba12
[2045000] SCOREBOARD MATCH: wdata passthrough beat=118 expected = df99149483e05cc5, actual =df99149483e05cc5
[2045000] SCOREBOARD MATCH: wdata passthrough beat=119 expected = fe3b97eddb205f4f, actual =fe3b97eddb205f4f
[2045000] SCOREBOARD MATCH: wdata passthrough beat=120 expected = fdea1961ccd94a9b, actual =fdea1961ccd94a9b
[2045000] SCOREBOARD MATCH: wdata passthrough beat=121 expected = d0b9a7600480882e, actual =d0b9a7600480882e
[2045000] SCOREBOARD MATCH: wdata passthrough beat=122 expected = dfa0e77ddd832df6, actual =dfa0e77ddd832df6
[2045000] SCOREBOARD MATCH: wdata passthrough beat=123 expected = 2a5c7891cef53f4d, actual =2a5c7891cef53f4d
[2045000] SCOREBOARD MATCH: wdata passthrough beat=124 expected = d375c77bdd8b00de, actual =d375c77bdd8b00de
[2045000] SCOREBOARD MATCH: wdata passthrough beat=125 expected = bb0e2ed4fb161ff1, actual =bb0e2ed4fb161ff1
[2045000] SCOREBOARD MATCH: wdata passthrough beat=126 expected = ca0b5f3fb316aef8, actual =ca0b5f3fb316aef8
[2045000] SCOREBOARD MATCH: wdata passthrough beat=127 expected = 10a1afd7e56aa765, actual =10a1afd7e56aa765
[2045000] SCOREBOARD MATCH: wdata passthrough beat=128 expected = e080c7579d8126ba, actual =e080c7579d8126ba
[2045000] SCOREBOARD MATCH: wdata passthrough beat=129 expected = d097d5b3cbafdeab, actual =d097d5b3cbafdeab
[2045000] SCOREBOARD MATCH: wdata passthrough beat=130 expected = 311a86112a8c2696, actual =311a86112a8c2696
[2045000] SCOREBOARD MATCH: wdata passthrough beat=131 expected = c80d4d50e139858a, actual =c80d4d50e139858a
[2045000] SCOREBOARD MATCH: wdata passthrough beat=132 expected = ace96435119b4d68, actual =ace96435119b4d68
[2045000] SCOREBOARD MATCH: wdata passthrough beat=133 expected = 3c2773fe98a52303, actual =3c2773fe98a52303
[2045000] SCOREBOARD MATCH: wdata passthrough beat=134 expected = f9dea88dde03ea46, actual =f9dea88dde03ea46
[2045000] SCOREBOARD MATCH: wdata passthrough beat=135 expected = ef9f37ae8434c14e, actual =ef9f37ae8434c14e
[2045000] SCOREBOARD MATCH: wdata passthrough beat=136 expected = 1cd9e45226c80cc3, actual =1cd9e45226c80cc3
[2045000] SCOREBOARD MATCH: wdata passthrough beat=137 expected = 84cbf709abc6abac, actual =84cbf709abc6abac
[2045000] SCOREBOARD MATCH: wdata passthrough beat=138 expected = 2ffb6cfb96b88cdf, actual =2ffb6cfb96b88cdf
[2045000] SCOREBOARD MATCH: wdata passthrough beat=139 expected = bd8099a2f46b2eb8, actual =bd8099a2f46b2eb8
[2045000] SCOREBOARD MATCH: wdata passthrough beat=140 expected = a031da64ccd5514d, actual =a031da64ccd5514d
[2045000] SCOREBOARD MATCH: wdata passthrough beat=141 expected = e38dde2cc24c90ac, actual =e38dde2cc24c90ac
[2045000] SCOREBOARD MATCH: wdata passthrough beat=142 expected = 36b7bf64d02d475f, actual =36b7bf64d02d475f
[2045000] SCOREBOARD MATCH: wdata passthrough beat=143 expected = 9d0298ac210e77cf, actual =9d0298ac210e77cf
[2045000] SCOREBOARD MATCH: wdata passthrough beat=144 expected = e35b087bd6e999c8, actual =e35b087bd6e999c8
[2045000] SCOREBOARD MATCH: wdata passthrough beat=145 expected = 2716e128009076d9, actual =2716e128009076d9
[2045000] SCOREBOARD MATCH: wdata passthrough beat=146 expected = 219eeea81a12c7df, actual =219eeea81a12c7df
[2045000] SCOREBOARD MATCH: wdata passthrough beat=147 expected = f0fc61a7c41979d4, actual =f0fc61a7c41979d4
[2045000] SCOREBOARD MATCH: wdata passthrough beat=148 expected = c4a9f0ad04f9f723, actual =c4a9f0ad04f9f723
[2045000] SCOREBOARD MATCH: wdata passthrough beat=149 expected = 1f0cbf02981342cf, actual =1f0cbf02981342cf
[2045000] SCOREBOARD MATCH: wdata passthrough beat=150 expected = dc2cbca4e648df55, actual =dc2cbca4e648df55
[2045000] SCOREBOARD MATCH: wdata passthrough beat=151 expected = eb42d678900920a9, actual =eb42d678900920a9
[2045000] SCOREBOARD MATCH: wdata passthrough beat=152 expected = 281c6379a0d6ad51, actual =281c6379a0d6ad51
[2045000] SCOREBOARD MATCH: wdata passthrough beat=153 expected = 71f8ca78a4f957a, actual =71f8ca78a4f957a
[2045000] SCOREBOARD MATCH: wdata passthrough beat=154 expected = 1a58b6240449201d, actual =1a58b6240449201d
[2045000] SCOREBOARD MATCH: wdata passthrough beat=155 expected = a51fcd6ef262631f, actual =a51fcd6ef262631f
[2045000] SCOREBOARD MATCH: wdata passthrough beat=156 expected = fcb1f89ac275199d, actual =fcb1f89ac275199d
[2045000] SCOREBOARD MATCH: wdata passthrough beat=157 expected = c6be39baac3f5a15, actual =c6be39baac3f5a15
[2045000] SCOREBOARD MATCH: wdata passthrough beat=158 expected = 1ea1bd35170aaebe, actual =1ea1bd35170aaebe
[2045000] SCOREBOARD MATCH: wdata passthrough beat=159 expected = d97fc85bebde0728, actual =d97fc85bebde0728
[2045000] SCOREBOARD MATCH: wdata passthrough beat=160 expected = 181d613e1b53b5cf, actual =181d613e1b53b5cf
[2045000] SCOREBOARD MATCH: wdata passthrough beat=161 expected = 325e648d203e0215, actual =325e648d203e0215
[2045000] SCOREBOARD MATCH: wdata passthrough beat=162 expected = 8c1c093d36bf1e73, actual =8c1c093d36bf1e73
[2045000] SCOREBOARD MATCH: wdata passthrough beat=163 expected = d212d4420bde2ce8, actual =d212d4420bde2ce8
[2045000] SCOREBOARD MATCH: wdata passthrough beat=164 expected = 2c1c2efda4396a7b, actual =2c1c2efda4396a7b
[2045000] SCOREBOARD MATCH: wdata passthrough beat=165 expected = daf888ee047138cf, actual =daf888ee047138cf
[2045000] SCOREBOARD MATCH: wdata passthrough beat=166 expected = 104f65b7b838383a, actual =104f65b7b838383a
[2045000] SCOREBOARD MATCH: wdata passthrough beat=167 expected = dc71a2b6ad0b5d30, actual =dc71a2b6ad0b5d30
[2045000] SCOREBOARD MATCH: wdata passthrough beat=168 expected = b17c95ff3c6b94b4, actual =b17c95ff3c6b94b4
[2045000] SCOREBOARD MATCH: wstrb size check expected = a9, actual =a9
[2045000] SCOREBOARD MATCH: wstrb passthrough beat=0 expected = a4, actual =a4
[2045000] SCOREBOARD MATCH: wstrb passthrough beat=1 expected = ee, actual =ee
[2045000] SCOREBOARD MATCH: wstrb passthrough beat=2 expected = b6, actual =b6
[2045000] SCOREBOARD MATCH: wstrb passthrough beat=3 expected = d5, actual =d5
[2045000] SCOREBOARD MATCH: wstrb passthrough beat=4 expected = a4, actual =a4
[2045000] SCOREBOARD MATCH: wstrb passthrough beat=5 expected = 6a, actual =6a
[2045000] SCOREBOARD MATCH: wstrb passthrough beat=6 expected = d4, actual =d4
[2045000] SCOREBOARD MATCH: wstrb passthrough beat=7 expected = 49, actual =49
[2045000] SCOREBOARD MATCH: wstrb passthrough beat=8 expected = 59, actual =59
[2045000] SCOREBOARD MATCH: wstrb passthrough beat=9 expected = 8b, actual =8b
[2045000] SCOREBOARD MATCH: wstrb passthrough beat=10 expected = 1e, actual =1e
[2045000] SCOREBOARD MATCH: wstrb passthrough beat=11 expected = fd, actual =fd
[2045000] SCOREBOARD MATCH: wstrb passthrough beat=12 expected = f5, actual =f5
[2045000] SCOREBOARD MATCH: wstrb passthrough beat=13 expected = f2, actual =f2
[2045000] SCOREBOARD MATCH: wstrb passthrough beat=14 expected = 46, actual =46
[2045000] SCOREBOARD MATCH: wstrb passthrough beat=15 expected = 4e, actual =4e
[2045000] SCOREBOARD MATCH: wstrb passthrough beat=16 expected = 7d, actual =7d
[2045000] SCOREBOARD MATCH: wstrb passthrough beat=17 expected = 64, actual =64
[2045000] SCOREBOARD MATCH: wstrb passthrough beat=18 expected = 4c, actual =4c
[2045000] SCOREBOARD MATCH: wstrb passthrough beat=19 expected = 73, actual =73
[2045000] SCOREBOARD MATCH: wstrb passthrough beat=20 expected = 57, actual =57
[2045000] SCOREBOARD MATCH: wstrb passthrough beat=21 expected = 92, actual =92
[2045000] SCOREBOARD MATCH: wstrb passthrough beat=22 expected = c1, actual =c1
[2045000] SCOREBOARD MATCH: wstrb passthrough beat=23 expected = d4, actual =d4
[2045000] SCOREBOARD MATCH: wstrb passthrough beat=24 expected = f7, actual =f7
[2045000] SCOREBOARD MATCH: wstrb passthrough beat=25 expected = d, actual =d
[2045000] SCOREBOARD MATCH: wstrb passthrough beat=26 expected = 47, actual =47
[2045000] SCOREBOARD MATCH: wstrb passthrough beat=27 expected = 4e, actual =4e
[2045000] SCOREBOARD MATCH: wstrb passthrough beat=28 expected = a0, actual =a0
[2045000] SCOREBOARD MATCH: wstrb passthrough beat=29 expected = 9, actual =9
[2045000] SCOREBOARD MATCH: wstrb passthrough beat=30 expected = 22, actual =22
[2045000] SCOREBOARD MATCH: wstrb passthrough beat=31 expected = 97, actual =97
[2045000] SCOREBOARD MATCH: wstrb passthrough beat=32 expected = 16, actual =16
[2045000] SCOREBOARD MATCH: wstrb passthrough beat=33 expected = 6a, actual =6a
[2045000] SCOREBOARD MATCH: wstrb passthrough beat=34 expected = e5, actual =e5
[2045000] SCOREBOARD MATCH: wstrb passthrough beat=35 expected = b6, actual =b6
[2045000] SCOREBOARD MATCH: wstrb passthrough beat=36 expected = 73, actual =73
[2045000] SCOREBOARD MATCH: wstrb passthrough beat=37 expected = 7, actual =7
[2045000] SCOREBOARD MATCH: wstrb passthrough beat=38 expected = 4d, actual =4d
[2045000] SCOREBOARD MATCH: wstrb passthrough beat=39 expected = 89, actual =89
[2045000] SCOREBOARD MATCH: wstrb passthrough beat=40 expected = 71, actual =71
[2045000] SCOREBOARD MATCH: wstrb passthrough beat=41 expected = 32, actual =32
[2045000] SCOREBOARD MATCH: wstrb passthrough beat=42 expected = 40, actual =40
[2045000] SCOREBOARD MATCH: wstrb passthrough beat=43 expected = e4, actual =e4
[2045000] SCOREBOARD MATCH: wstrb passthrough beat=44 expected = 3a, actual =3a
[2045000] SCOREBOARD MATCH: wstrb passthrough beat=45 expected = 8d, actual =8d
[2045000] SCOREBOARD MATCH: wstrb passthrough beat=46 expected = 6e, actual =6e
[2045000] SCOREBOARD MATCH: wstrb passthrough beat=47 expected = ab, actual =ab
[2045000] SCOREBOARD MATCH: wstrb passthrough beat=48 expected = c0, actual =c0
[2045000] SCOREBOARD MATCH: wstrb passthrough beat=49 expected = ae, actual =ae
[2045000] SCOREBOARD MATCH: wstrb passthrough beat=50 expected = 90, actual =90
[2045000] SCOREBOARD MATCH: wstrb passthrough beat=51 expected = fa, actual =fa
[2045000] SCOREBOARD MATCH: wstrb passthrough beat=52 expected = 3b, actual =3b
[2045000] SCOREBOARD MATCH: wstrb passthrough beat=53 expected = fe, actual =fe
[2045000] SCOREBOARD MATCH: wstrb passthrough beat=54 expected = a5, actual =a5
[2045000] SCOREBOARD MATCH: wstrb passthrough beat=55 expected = fb, actual =fb
[2045000] SCOREBOARD MATCH: wstrb passthrough beat=56 expected = ac, actual =ac
[2045000] SCOREBOARD MATCH: wstrb passthrough beat=57 expected = 35, actual =35
[2045000] SCOREBOARD MATCH: wstrb passthrough beat=58 expected = f5, actual =f5
[2045000] SCOREBOARD MATCH: wstrb passthrough beat=59 expected = e7, actual =e7
[2045000] SCOREBOARD MATCH: wstrb passthrough beat=60 expected = 33, actual =33
[2045000] SCOREBOARD MATCH: wstrb passthrough beat=61 expected = 9b, actual =9b
[2045000] SCOREBOARD MATCH: wstrb passthrough beat=62 expected = e3, actual =e3
[2045000] SCOREBOARD MATCH: wstrb passthrough beat=63 expected = df, actual =df
[2045000] SCOREBOARD MATCH: wstrb passthrough beat=64 expected = d0, actual =d0
[2045000] SCOREBOARD MATCH: wstrb passthrough beat=65 expected = d8, actual =d8
[2045000] SCOREBOARD MATCH: wstrb passthrough beat=66 expected = c7, actual =c7
[2045000] SCOREBOARD MATCH: wstrb passthrough beat=67 expected = 4, actual =4
[2045000] SCOREBOARD MATCH: wstrb passthrough beat=68 expected = 73, actual =73
[2045000] SCOREBOARD MATCH: wstrb passthrough beat=69 expected = aa, actual =aa
[2045000] SCOREBOARD MATCH: wstrb passthrough beat=70 expected = e3, actual =e3
[2045000] SCOREBOARD MATCH: wstrb passthrough beat=71 expected = 44, actual =44
[2045000] SCOREBOARD MATCH: wstrb passthrough beat=72 expected = 82, actual =82
[2045000] SCOREBOARD MATCH: wstrb passthrough beat=73 expected = aa, actual =aa
[2045000] SCOREBOARD MATCH: wstrb passthrough beat=74 expected = 48, actual =48
[2045000] SCOREBOARD MATCH: wstrb passthrough beat=75 expected = f6, actual =f6
[2045000] SCOREBOARD MATCH: wstrb passthrough beat=76 expected = 54, actual =54
[2045000] SCOREBOARD MATCH: wstrb passthrough beat=77 expected = 2b, actual =2b
[2045000] SCOREBOARD MATCH: wstrb passthrough beat=78 expected = 3a, actual =3a
[2045000] SCOREBOARD MATCH: wstrb passthrough beat=79 expected = d7, actual =d7
[2045000] SCOREBOARD MATCH: wstrb passthrough beat=80 expected = d6, actual =d6
[2045000] SCOREBOARD MATCH: wstrb passthrough beat=81 expected = 82, actual =82
[2045000] SCOREBOARD MATCH: wstrb passthrough beat=82 expected = cd, actual =cd
[2045000] SCOREBOARD MATCH: wstrb passthrough beat=83 expected = 2a, actual =2a
[2045000] SCOREBOARD MATCH: wstrb passthrough beat=84 expected = ad, actual =ad
[2045000] SCOREBOARD MATCH: wstrb passthrough beat=85 expected = 7, actual =7
[2045000] SCOREBOARD MATCH: wstrb passthrough beat=86 expected = 1, actual =1
[2045000] SCOREBOARD MATCH: wstrb passthrough beat=87 expected = 83, actual =83
[2045000] SCOREBOARD MATCH: wstrb passthrough beat=88 expected = 89, actual =89
[2045000] SCOREBOARD MATCH: wstrb passthrough beat=89 expected = ce, actual =ce
[2045000] SCOREBOARD MATCH: wstrb passthrough beat=90 expected = ae, actual =ae
[2045000] SCOREBOARD MATCH: wstrb passthrough beat=91 expected = 36, actual =36
[2045000] SCOREBOARD MATCH: wstrb passthrough beat=92 expected = d5, actual =d5
[2045000] SCOREBOARD MATCH: wstrb passthrough beat=93 expected = af, actual =af
[2045000] SCOREBOARD MATCH: wstrb passthrough beat=94 expected = ba, actual =ba
[2045000] SCOREBOARD MATCH: wstrb passthrough beat=95 expected = 5e, actual =5e
[2045000] SCOREBOARD MATCH: wstrb passthrough beat=96 expected = 7e, actual =7e
[2045000] SCOREBOARD MATCH: wstrb passthrough beat=97 expected = 68, actual =68
[2045000] SCOREBOARD MATCH: wstrb passthrough beat=98 expected = 95, actual =95
[2045000] SCOREBOARD MATCH: wstrb passthrough beat=99 expected = 53, actual =53
[2045000] SCOREBOARD MATCH: wstrb passthrough beat=100 expected = 17, actual =17
[2045000] SCOREBOARD MATCH: wstrb passthrough beat=101 expected = 4f, actual =4f
[2045000] SCOREBOARD MATCH: wstrb passthrough beat=102 expected = b2, actual =b2
[2045000] SCOREBOARD MATCH: wstrb passthrough beat=103 expected = 95, actual =95
[2045000] SCOREBOARD MATCH: wstrb passthrough beat=104 expected = b7, actual =b7
[2045000] SCOREBOARD MATCH: wstrb passthrough beat=105 expected = 47, actual =47
[2045000] SCOREBOARD MATCH: wstrb passthrough beat=106 expected = e9, actual =e9
[2045000] SCOREBOARD MATCH: wstrb passthrough beat=107 expected = ce, actual =ce
[2045000] SCOREBOARD MATCH: wstrb passthrough beat=108 expected = 96, actual =96
[2045000] SCOREBOARD MATCH: wstrb passthrough beat=109 expected = 9b, actual =9b
[2045000] SCOREBOARD MATCH: wstrb passthrough beat=110 expected = 64, actual =64
[2045000] SCOREBOARD MATCH: wstrb passthrough beat=111 expected = 4d, actual =4d
[2045000] SCOREBOARD MATCH: wstrb passthrough beat=112 expected = e2, actual =e2
[2045000] SCOREBOARD MATCH: wstrb passthrough beat=113 expected = 4d, actual =4d
[2045000] SCOREBOARD MATCH: wstrb passthrough beat=114 expected = 1b, actual =1b
[2045000] SCOREBOARD MATCH: wstrb passthrough beat=115 expected = 78, actual =78
[2045000] SCOREBOARD MATCH: wstrb passthrough beat=116 expected = e8, actual =e8
[2045000] SCOREBOARD MATCH: wstrb passthrough beat=117 expected = 7f, actual =7f
[2045000] SCOREBOARD MATCH: wstrb passthrough beat=118 expected = c5, actual =c5
[2045000] SCOREBOARD MATCH: wstrb passthrough beat=119 expected = ca, actual =ca
[2045000] SCOREBOARD MATCH: wstrb passthrough beat=120 expected = cc, actual =cc
[2045000] SCOREBOARD MATCH: wstrb passthrough beat=121 expected = e0, actual =e0
[2045000] SCOREBOARD MATCH: wstrb passthrough beat=122 expected = 42, actual =42
[2045000] SCOREBOARD MATCH: wstrb passthrough beat=123 expected = b4, actual =b4
[2045000] SCOREBOARD MATCH: wstrb passthrough beat=124 expected = 60, actual =60
[2045000] SCOREBOARD MATCH: wstrb passthrough beat=125 expected = 7, actual =7
[2045000] SCOREBOARD MATCH: wstrb passthrough beat=126 expected = 7e, actual =7e
[2045000] SCOREBOARD MATCH: wstrb passthrough beat=127 expected = 2c, actual =2c
[2045000] SCOREBOARD MATCH: wstrb passthrough beat=128 expected = e7, actual =e7
[2045000] SCOREBOARD MATCH: wstrb passthrough beat=129 expected = c0, actual =c0
[2045000] SCOREBOARD MATCH: wstrb passthrough beat=130 expected = e1, actual =e1
[2045000] SCOREBOARD MATCH: wstrb passthrough beat=131 expected = 47, actual =47
[2045000] SCOREBOARD MATCH: wstrb passthrough beat=132 expected = c7, actual =c7
[2045000] SCOREBOARD MATCH: wstrb passthrough beat=133 expected = 5f, actual =5f
[2045000] SCOREBOARD MATCH: wstrb passthrough beat=134 expected = 74, actual =74
[2045000] SCOREBOARD MATCH: wstrb passthrough beat=135 expected = af, actual =af
[2045000] SCOREBOARD MATCH: wstrb passthrough beat=136 expected = 20, actual =20
[2045000] SCOREBOARD MATCH: wstrb passthrough beat=137 expected = 55, actual =55
[2045000] SCOREBOARD MATCH: wstrb passthrough beat=138 expected = f6, actual =f6
[2045000] SCOREBOARD MATCH: wstrb passthrough beat=139 expected = e7, actual =e7
[2045000] SCOREBOARD MATCH: wstrb passthrough beat=140 expected = b4, actual =b4
[2045000] SCOREBOARD MATCH: wstrb passthrough beat=141 expected = 6a, actual =6a
[2045000] SCOREBOARD MATCH: wstrb passthrough beat=142 expected = 96, actual =96
[2045000] SCOREBOARD MATCH: wstrb passthrough beat=143 expected = d4, actual =d4
[2045000] SCOREBOARD MATCH: wstrb passthrough beat=144 expected = bf, actual =bf
[2045000] SCOREBOARD MATCH: wstrb passthrough beat=145 expected = 8d, actual =8d
[2045000] SCOREBOARD MATCH: wstrb passthrough beat=146 expected = bc, actual =bc
[2045000] SCOREBOARD MATCH: wstrb passthrough beat=147 expected = 74, actual =74
[2045000] SCOREBOARD MATCH: wstrb passthrough beat=148 expected = f7, actual =f7
[2045000] SCOREBOARD MATCH: wstrb passthrough beat=149 expected = 52, actual =52
[2045000] SCOREBOARD MATCH: wstrb passthrough beat=150 expected = 48, actual =48
[2045000] SCOREBOARD MATCH: wstrb passthrough beat=151 expected = b7, actual =b7
[2045000] SCOREBOARD MATCH: wstrb passthrough beat=152 expected = df, actual =df
[2045000] SCOREBOARD MATCH: wstrb passthrough beat=153 expected = 4, actual =4
[2045000] SCOREBOARD MATCH: wstrb passthrough beat=154 expected = 2b, actual =2b
[2045000] SCOREBOARD MATCH: wstrb passthrough beat=155 expected = d7, actual =d7
[2045000] SCOREBOARD MATCH: wstrb passthrough beat=156 expected = 57, actual =57
[2045000] SCOREBOARD MATCH: wstrb passthrough beat=157 expected = 73, actual =73
[2045000] SCOREBOARD MATCH: wstrb passthrough beat=158 expected = 8e, actual =8e
[2045000] SCOREBOARD MATCH: wstrb passthrough beat=159 expected = 36, actual =36
[2045000] SCOREBOARD MATCH: wstrb passthrough beat=160 expected = 78, actual =78
[2045000] SCOREBOARD MATCH: wstrb passthrough beat=161 expected = b9, actual =b9
[2045000] SCOREBOARD MATCH: wstrb passthrough beat=162 expected = d, actual =d
[2045000] SCOREBOARD MATCH: wstrb passthrough beat=163 expected = cf, actual =cf
[2045000] SCOREBOARD MATCH: wstrb passthrough beat=164 expected = 2c, actual =2c
[2045000] SCOREBOARD MATCH: wstrb passthrough beat=165 expected = 9b, actual =9b
[2045000] SCOREBOARD MATCH: wstrb passthrough beat=166 expected = 5, actual =5
[2045000] SCOREBOARD MATCH: wstrb passthrough beat=167 expected = a4, actual =a4
[2045000] SCOREBOARD MATCH: wstrb passthrough beat=168 expected = 54, actual =54
[2045000] SCOREBOARD MATCH: bresp passthrough expected = 0, actual =0
[2045000] SCOREBOARD MATCH: response routed to correct master (write) expected = 0, actual =0
[2045000] [SCOREBOARD-M] mst_id=0 s_id=0 awaddr=290e468 awid=100 awlen=168 awsize=3 awburst=1 wdata=[31da92ad88f2917f 175d4d4de393ff46 e8365c4bb4956e39 3d87ffb90a1a25a8 edae24ee1a10eef8 cea65d31d4e54d06 deff72aed5e48139 eff570318c2e5cea e113a9f0ccad979c 229218d63e9bcd63 caca2a4dc0131c9e cc0b43b92878907 d123566a2bddd43e ebf0f0dc2f52cd11 c1da56181bed80b8 c7cb54f6f8b1a517 a804722812fdac83 2eeb2d3bb3bc45d2 2c6deaeae9dec841 fcdc74c4f6b68231 aa72c803d4725d12 be5125532bc7a1ff 227e2430d6e0b2ed 2b531000bb2d9a17 e6f53c16ccf0ec33 23d19f21e9a43553 24d1cf6b89736046 d6644c7acf24af21 b8c8e4748bc70b81 153a6bc8fa35eb9b c95a9abcdd9ab3df e961bf61eb9eb842 e5d4a3dd82237f30 dfbe3310fe9c2b29 ea3ae36b2f2f3e99 b152bdc9c91ff271 c7bc1d9ad00f8748 ff3ec5e19110f0d9 da30e34a31f70105 206884db09183aa c1a27484a1ed00e4 d3e401e901454e2e b1d6d1d89bd357ce 3dc058b3d5ea8a36 d72fd864f379465c f4c9e2b91a45a9c e78ee4d30906aa3d fc7ff099cd0cf6de deb1517abebebd37 c7c567748bcc8ec4 d8d985a2c640364d 4fef385c445580e d011e6d2378ad71d fdcb0d6accc45af9 9109b30728eb6c75 e076439282ca00ef cf8e5be9e11b99da a07064fde4150fc e10b51ece0980ef0 c1b3a8caea7d49e1 c8be9add3099add5 9131bcc5cbbaaf19 b637f8faa9c9ecc9 da639a9ed2e56590 9ea014a9fef693d8 a8c080a1eb955764 3e7abcf4d4d80da4 d3cea17c03241b40 eeb972a4dd1ad19d b1f2df41fc8f221d ffb33d5d2d342f98 8a4f013585c180bd 250a2dbee6cb001 9ba0df993c41e077 c20361348203e038 f070903a25efe0cf e231c146c454040f c657e4488c116fd3 b20150a2a435227a e889268a36c87482 c2d9e455943311e8 386834632ee10ad2 e5a97f54f4db34f8 890e46e020f15aed cfd265bfa88363a9 9d5e98a1c1767b43 e267d630357be513 ddff48bc266cdf82 e7e35ac5b23a3bef e7b62102fb5de15e 21cac0e0ca4b30f6 fc856ce5c5b569bf c1134b1d89ae1ba5 d3f94c9be43b8de8 29f0f7a7e2de0bfd ec8c27a2d07eb981 34ba4769eb0442c4 cde24ec1c085743e 11042dbfdeab3f10 c9af81d4ba6e7663 faf3eaa1c5be7528 2469b4381791d095 d20046f88bf81860 d1b68d88ee19360c 5ab06a1ccf4319a d8ec49faf62041c0 e43977ccd7ab4d99 a49f7f332aa2d783 a0c31943e9e47e6d c18fcc07fd8bc92e 282ea0b104fc9110 eee10f7de62f4b3a e3bb1468c8f1b9f4 cdee4b04b070db84 16a026bf8be9b519 d4db6f0e3ccf5a82 ed403606fa5b3b27 644f041a2c9ba12 df99149483e05cc5 fe3b97eddb205f4f fdea1961ccd94a9b d0b9a7600480882e dfa0e77ddd832df6 2a5c7891cef53f4d d375c77bdd8b00de bb0e2ed4fb161ff1 ca0b5f3fb316aef8 10a1afd7e56aa765 e080c7579d8126ba d097d5b3cbafdeab 311a86112a8c2696 c80d4d50e139858a ace96435119b4d68 3c2773fe98a52303 f9dea88dde03ea46 ef9f37ae8434c14e 1cd9e45226c80cc3 84cbf709abc6abac 2ffb6cfb96b88cdf bd8099a2f46b2eb8 a031da64ccd5514d e38dde2cc24c90ac 36b7bf64d02d475f 9d0298ac210e77cf e35b087bd6e999c8 2716e128009076d9 219eeea81a12c7df f0fc61a7c41979d4 c4a9f0ad04f9f723 1f0cbf02981342cf dc2cbca4e648df55 eb42d678900920a9 281c6379a0d6ad51 71f8ca78a4f957a 1a58b6240449201d a51fcd6ef262631f fcb1f89ac275199d c6be39baac3f5a15 1ea1bd35170aaebe d97fc85bebde0728 181d613e1b53b5cf 325e648d203e0215 8c1c093d36bf1e73 d212d4420bde2ce8 2c1c2efda4396a7b daf888ee047138cf 104f65b7b838383a dc71a2b6ad0b5d30 b17c95ff3c6b94b4 ] wstrb=[a4 ee b6 d5 a4 6a d4 49 59 8b 1e fd f5 f2 46 4e 7d 64 4c 73 57 92 c1 d4 f7 d 47 4e a0 9 22 97 16 6a e5 b6 73 7 4d 89 71 32 40 e4 3a 8d 6e ab c0 ae 90 fa 3b fe a5 fb ac 35 f5 e7 33 9b e3 df d0 d8 c7 4 73 aa e3 44 82 aa 48 f6 54 2b 3a d7 d6 82 cd 2a ad 7 1 83 89 ce ae 36 d5 af ba 5e 7e 68 95 53 17 4f b2 95 b7 47 e9 ce 96 9b 64 4d e2 4d 1b 78 e8 7f c5 ca cc e0 42 b4 60 7 7e 2c e7 c0 e1 47 c7 5f 74 af 20 55 f6 e7 b4 6a 96 d4 bf 8d bc 74 f7 52 48 b7 df 4 2b d7 57 73 8e 36 78 b9 d cf 2c 9b 5 a4 54 ] bresp=0 bid=100
[2045000] [SCOREBOARD-S] mst_id=0 s_id=0 awaddr=290e468 awid=100 awlen=168 awsize=3 awburst=1 wdata=[31da92ad88f2917f 175d4d4de393ff46 e8365c4bb4956e39 3d87ffb90a1a25a8 edae24ee1a10eef8 cea65d31d4e54d06 deff72aed5e48139 eff570318c2e5cea e113a9f0ccad979c 229218d63e9bcd63 caca2a4dc0131c9e cc0b43b92878907 d123566a2bddd43e ebf0f0dc2f52cd11 c1da56181bed80b8 c7cb54f6f8b1a517 a804722812fdac83 2eeb2d3bb3bc45d2 2c6deaeae9dec841 fcdc74c4f6b68231 aa72c803d4725d12 be5125532bc7a1ff 227e2430d6e0b2ed 2b531000bb2d9a17 e6f53c16ccf0ec33 23d19f21e9a43553 24d1cf6b89736046 d6644c7acf24af21 b8c8e4748bc70b81 153a6bc8fa35eb9b c95a9abcdd9ab3df e961bf61eb9eb842 e5d4a3dd82237f30 dfbe3310fe9c2b29 ea3ae36b2f2f3e99 b152bdc9c91ff271 c7bc1d9ad00f8748 ff3ec5e19110f0d9 da30e34a31f70105 206884db09183aa c1a27484a1ed00e4 d3e401e901454e2e b1d6d1d89bd357ce 3dc058b3d5ea8a36 d72fd864f379465c f4c9e2b91a45a9c e78ee4d30906aa3d fc7ff099cd0cf6de deb1517abebebd37 c7c567748bcc8ec4 d8d985a2c640364d 4fef385c445580e d011e6d2378ad71d fdcb0d6accc45af9 9109b30728eb6c75 e076439282ca00ef cf8e5be9e11b99da a07064fde4150fc e10b51ece0980ef0 c1b3a8caea7d49e1 c8be9add3099add5 9131bcc5cbbaaf19 b637f8faa9c9ecc9 da639a9ed2e56590 9ea014a9fef693d8 a8c080a1eb955764 3e7abcf4d4d80da4 d3cea17c03241b40 eeb972a4dd1ad19d b1f2df41fc8f221d ffb33d5d2d342f98 8a4f013585c180bd 250a2dbee6cb001 9ba0df993c41e077 c20361348203e038 f070903a25efe0cf e231c146c454040f c657e4488c116fd3 b20150a2a435227a e889268a36c87482 c2d9e455943311e8 386834632ee10ad2 e5a97f54f4db34f8 890e46e020f15aed cfd265bfa88363a9 9d5e98a1c1767b43 e267d630357be513 ddff48bc266cdf82 e7e35ac5b23a3bef e7b62102fb5de15e 21cac0e0ca4b30f6 fc856ce5c5b569bf c1134b1d89ae1ba5 d3f94c9be43b8de8 29f0f7a7e2de0bfd ec8c27a2d07eb981 34ba4769eb0442c4 cde24ec1c085743e 11042dbfdeab3f10 c9af81d4ba6e7663 faf3eaa1c5be7528 2469b4381791d095 d20046f88bf81860 d1b68d88ee19360c 5ab06a1ccf4319a d8ec49faf62041c0 e43977ccd7ab4d99 a49f7f332aa2d783 a0c31943e9e47e6d c18fcc07fd8bc92e 282ea0b104fc9110 eee10f7de62f4b3a e3bb1468c8f1b9f4 cdee4b04b070db84 16a026bf8be9b519 d4db6f0e3ccf5a82 ed403606fa5b3b27 644f041a2c9ba12 df99149483e05cc5 fe3b97eddb205f4f fdea1961ccd94a9b d0b9a7600480882e dfa0e77ddd832df6 2a5c7891cef53f4d d375c77bdd8b00de bb0e2ed4fb161ff1 ca0b5f3fb316aef8 10a1afd7e56aa765 e080c7579d8126ba d097d5b3cbafdeab 311a86112a8c2696 c80d4d50e139858a ace96435119b4d68 3c2773fe98a52303 f9dea88dde03ea46 ef9f37ae8434c14e 1cd9e45226c80cc3 84cbf709abc6abac 2ffb6cfb96b88cdf bd8099a2f46b2eb8 a031da64ccd5514d e38dde2cc24c90ac 36b7bf64d02d475f 9d0298ac210e77cf e35b087bd6e999c8 2716e128009076d9 219eeea81a12c7df f0fc61a7c41979d4 c4a9f0ad04f9f723 1f0cbf02981342cf dc2cbca4e648df55 eb42d678900920a9 281c6379a0d6ad51 71f8ca78a4f957a 1a58b6240449201d a51fcd6ef262631f fcb1f89ac275199d c6be39baac3f5a15 1ea1bd35170aaebe d97fc85bebde0728 181d613e1b53b5cf 325e648d203e0215 8c1c093d36bf1e73 d212d4420bde2ce8 2c1c2efda4396a7b daf888ee047138cf 104f65b7b838383a dc71a2b6ad0b5d30 b17c95ff3c6b94b4 ] wstrb=[a4 ee b6 d5 a4 6a d4 49 59 8b 1e fd f5 f2 46 4e 7d 64 4c 73 57 92 c1 d4 f7 d 47 4e a0 9 22 97 16 6a e5 b6 73 7 4d 89 71 32 40 e4 3a 8d 6e ab c0 ae 90 fa 3b fe a5 fb ac 35 f5 e7 33 9b e3 df d0 d8 c7 4 73 aa e3 44 82 aa 48 f6 54 2b 3a d7 d6 82 cd 2a ad 7 1 83 89 ce ae 36 d5 af ba 5e 7e 68 95 53 17 4f b2 95 b7 47 e9 ce 96 9b 64 4d e2 4d 1b 78 e8 7f c5 ca cc e0 42 b4 60 7 7e 2c e7 c0 e1 47 c7 5f 74 af 20 55 f6 e7 b4 6a 96 d4 bf 8d bc 74 f7 52 48 b7 df 4 2b d7 57 73 8e 36 78 b9 d cf 2c 9b 5 a4 54 ] bresp=0 bid=100
[2045000] SCOREBOARD: Transaction 4 received. pass=420 fail=0
[2045000] ALL PASS. Total transactions: 4
[2055000] SLAVE 1 R_VALID_RDY Handshake beat=1 rlast=1
[2055000] [SLAVE MONITOR] READ mst_id=0 s_id=1 araddr=16430050 arid=4 arlen=1 arsize=3 arburst=1 rid=[44] rresp=[00] rdata=[baadf00d12345678baadf00d12345678]
[2065000] MASTER 0 R_VALID_RDY Handshake beat=0 rlast=0
[2075000] MASTER 0 R_VALID_RDY Handshake beat=1 rlast=1
[2075000] [MASTER MONITOR] READ mst_id=0 s_id=1 araddr=16430050 arid=4 arlen=1 arsize=3 arburst=1 rid=[44] rresp=[00] rdata=[baadf00d12345678baadf00d12345678]
[2075000] [MASTER DRIVER] READ mst_id=0 s_id=0 araddr=16430050 arid=4 arlen=1 arsize=3 arburst=1 rid=[44] rresp=[00] rdata=[baadf00d12345678baadf00d12345678]
[2075000] SCOREBOARD MATCH: decode_err expected = 0, actual =0
[2075000] SCOREBOARD MATCH: slave_id expected = 1, actual =1
[2075000] SCOREBOARD MATCH: araddr passthrough expected = 16430050, actual =16430050
[2075000] SCOREBOARD MATCH: arlen passthrough expected = 1, actual =1
[2075000] SCOREBOARD MATCH: arsize passthrough expected = 3, actual =3
[2075000] SCOREBOARD MATCH: arburst passthrough expected = 1, actual =1
[2075000] SCOREBOARD MATCH: rdata size check expected = 2, actual =2
[2075000] SCOREBOARD MATCH: rdata passthrough beat=0 expected = baadf00d12345678, actual =baadf00d12345678
[2075000] SCOREBOARD MATCH: rdata passthrough beat=1 expected = baadf00d12345678, actual =baadf00d12345678
[2075000] SCOREBOARD MATCH: rresp size check expected = 2, actual =2
[2075000] SCOREBOARD MATCH: rresp passthrough beat=0 expected = 0, actual =0
[2075000] SCOREBOARD MATCH: rresp passthrough beat=1 expected = 0, actual =0
[2075000] SCOREBOARD MATCH: response routed to correct master (read beat 0) expected = 0, actual =0
[2075000] SCOREBOARD MATCH: response routed to correct master (read beat 1) expected = 0, actual =0
[2075000] [SCOREBOARD-M] READ mst_id=0 s_id=1 araddr=16430050 arid=4 arlen=1 arsize=3 arburst=1 rid=[44] rresp=[00] rdata=[baadf00d12345678baadf00d12345678]
[2075000] [SCOREBOARD-S] READ mst_id=0 s_id=1 araddr=16430050 arid=4 arlen=1 arsize=3 arburst=1 rid=[44] rresp=[00] rdata=[baadf00d12345678baadf00d12345678]
[2075000] SCOREBOARD: Transaction 5 received. pass=434 fail=0
[2075000] SCOREBOARD: Expected 5 transactions completed, PASS=434 FAIL=0
[2075000] ALL PASS. Total transactions: 5
[2075000] ALL TRANSACTIONS MONITORED
$finish called at time : 2095 ns : File "/home/nashita/Desktop/practice/axi_xbar/tb/top/axi_tb_top.sv" Line 220
exit
INFO: xsimkernel Simulation Memory Usage: 289464 KB (Peak: 337864 KB), Simulation CPU Usage: 1170 ms
INFO: [Common 17-206] Exiting xsim at Thu Sep 10 18:30:12 2026...
