#-----------------------------------------------------------
# xsim v2025.2 (64-bit)
# SW Build 6299465 on Fri Nov 14 12:34:56 MST 2025
# IP Build 6300035 on Fri Nov 14 10:48:45 MST 2025
# SharedData Build 6298862 on Thu Nov 13 04:50:51 MST 2025
# Start of session at: Fri Sep 11 11:48:30 2026
# Process ID         : 716586
# Current directory  : /home/nashita/Desktop/practice/axi_xbar/sim
# Command line       : xsim -log regress_results/BT_run134.log -mode tcl -source {xsim.dir/tb_top_snap/xsim_script.tcl}
# Log file           : /home/nashita/Desktop/practice/axi_xbar/sim/regress_results/BT_run134.log
# Journal file       : /home/nashita/Desktop/practice/axi_xbar/sim/xsim.jou
# Running On         : vlsi-vivado
# Platform           : Ubuntu
# Operating System   : Ubuntu 24.04.4 LTS
# Processor Detail   : Intel(R) Core(TM) i5-10400 CPU @ 2.90GHz
# CPU Frequency      : 800.000 MHz
# CPU Physical cores : 6
# CPU Logical cores  : 12
# Host memory        : 41875 MB
# Swap memory        : 27648 MB
# Total Virtual      : 69524 MB
# Available Virtual  : 62599 MB
#-----------------------------------------------------------
source xsim.dir/tb_top_snap/xsim_script.tcl
# xsim {tb_top_snap} -testplusarg BT -autoloadwcfg -runall -sv_seed 135
Time resolution is 1 ps
run -all
[0] RUNNING BASE TEST
[0] INSIDE THE BASE TEST CONSTRUCTOR
[0] ENV: before agent
[0] SLAVE CONSTRUCTED
[0] MASTER MONITOR CONSTRUCTED
[0] MASTER MONITOR CONSTRUCTED
[0] SLAVE MONITOR CONSTRUCTED
[0] SLAVE MONITOR CONSTRUCTED
[0] ARB MONITOR CONSTRUCTED
GENERATOR CONSTRUCTED
[0] ENV: after agent
[0] ENV: before scoreboard
[0] ENV: after scoreboard
[15000] [SEQUENCER] mst_id=1 s_id=0 awaddr=4d629c8 awid=1001 awlen=110 awsize=7 awburst=1 wdata=[c461b36c3b72bc5d 22c879fd96eea646 3b896b8011c7e826 cd3aa483f6d9d10b dc87752ffeb1eec 91b30712f0031e80 e6dcef8bc951e2d2 c93d01bedeedab95 cef0ca15f4a566dd bdf749afdaf008d1 b9ddb46635cdb9a1 aa73207e07344b6e e224543f08ce7e7c 3e9c381de86a6a2e ef9eb59c9c0208a5 a4d08721e90f589b d179c2c9d1c309db edc51280e36cbf3e cc7c17dac1187865 92db8240129599a2 f60258e09df5daa3 df0e530900a094c1 13362e63c27e70ba e0744b5ef1e9d549 f28a6a0a89388743 cbb6f7fe3f829e67 b16c73b085c0986d ef91fb12c2b435c ebade1c323f6ddbb a9b77628dab017af 6db5b0b9d1a5573 c111332eb8b095d9 9360ad88f2893cce 8fa39241eac8a957 a3793f309a3c0893 8cc54561d0b4c570 3b7d6ec736d9ecb9 d115f54c1c68d7a3 ed1d9d13def6adf7 95d09ab0dddb3aae fa441251289b0bda 8791b9d1e6e68ffd c4c1caabe761af64 ffcbb3e1d625482 448e47f3f05dcfc 26678c60978e750f b4f0c991c90aaf2a 8108c263664479e cdf2bcadb939ae10 82445d3a2e781886 e4dc602402e3863f bc1d344f8a54e960 b8cd01e6b2cf1cd1 b5b2a3103e61918a c8b67aea9da9620a d0787edcf1cfd760 303168ea01837cd1 9f2cdedb862b21ec f7faf94cf8e7e3d4 fa6b60a5efa55db7 f5d07fa4a82c6236 2114460b19983f81 893d9d38edcb78f0 15f7db279b7fa6b0 b517e631ff0e1cdc ecd995cd370c2132 d28bc7e23e55836a bd63a04602d170f4 39dd922607a3ae14 c5f9317eaa3d3613 ad0ea7078c695a08 940d081c835cd1c4 2d9a07d8e6ec392d f3559336da06399a dd630b5fdaa8aedf c194e80d87629b52 e168d4ed0afd1337 e5a5c21634ea7b43 bc4d16953ecbe04c c9c8f383a73aaa23 dc2525669db5eb82 dc81cbceaf6eb599 d6a95fbd18723bfc b628277ea64abf51 d5b974ebb2ce8523 cb40c11f12a9f34d b8f4b29e2c62d4a8 df3159cb0168e89e 1412dbeb8eae2789 bb10fc312a721aeb 2bdb0389cd078e89 dbb5b6131a4255fd c4b470e83feddf74 8cf56dfd96c6b244 b1090841f08f7471 307d53e5e8ab2410 ff71d655f5bd7929 e64ced9abd72c1e2 261de5f3b07ade96 263857c096ca417f d43d0362258fbc48 d60a9ade8c85455a 234f86dafa5ae955 1feaa59dfc42f29e 8c837f9f78c8a3c f1e77391f5f5407b f238331a2c17bed3 23a4490f11d2192e 87c759a9fb006b13 271829e6158bbca0 275dd5cef9ff8cc3 ] wstrb=[f5 d6 77 95 bc 3b 63 b1 11 da 46 ce 15 a9 7f 27 84 c6 f5 99 6f 74 c0 f3 3a b5 8d aa 2a 4d 9d 64 3 2a e 2d 78 ac 91 7b d6 a0 a8 4e 4c 39 c9 22 d9 71 71 25 ab 3a 48 84 ac b9 aa 57 f3 f2 db 9f ab 85 f6 9e 77 d2 3e 22 57 34 c1 cf 6 ff f1 5e 33 b2 2d 3a b1 1e 98 e5 d1 c5 1f 82 e3 b7 67 b4 7c 86 37 5f 3d 9e 14 b9 25 4b 19 62 e9 2d 1c ] bresp=0 bid=0
[15000] [SEQUENCER] READ mst_id=0 s_id=0 araddr=18ec17e0 arid=0 arlen=1 arsize=3 arburst=1 rid=[] rresp=[] rdata=[]
[15000] [SEQUENCER] mst_id=1 s_id=0 awaddr=1014e740 awid=1 awlen=10 awsize=0 awburst=2 wdata=[97fd1be3db632b29 caffe73f18715948 c0598e1c1e2320cc f9864bf5f69cdf34 f0e387cd856aa00 f679caccc4863335 3b231269cf67c698 a7be7098f00016c1 b48649f6ca314ae5 9999117d9e383b64 e385226efa95c5f ] wstrb=[16 44 1c 7a c2 7c a0 d8 c0 bd 52 ] bresp=0 bid=0
[15000] [SEQUENCER] mst_id=0 s_id=0 awaddr=1bbc7e68 awid=10 awlen=247 awsize=0 awburst=1 wdata=[28cc621cf4d007c4 a940da0d3672a723 1c24947fea24da13 def4e1d81cfc7d3a d36f245dc4f0f69b af15d0ae8835bbe5 a532391fef93b8dc 3484af778e0ab286 16406e6cf8a15d7c e8351658e39a8025 f1a532acbb72a78b 341405089cb9c5cf 5445f507e5a118 c35848a39c491b60 3902e130f1f978a1 f9df19b9f76c4dab 13b5690c39572725 2b509fc6bd37625c 34a3b008ccb84a3c 60f7161252fb97f e2671bdbc8591914 1511635031601127 d68fcaa6970acbe3 df63e4f71b20d4b1 cc80e5d8b8f6e681 d001b265f4754847 8f961cf82310b07e dc0796ffaf65975c 23dadfa4dc1702d0 ff27b34eac094964 db6ee0c1b370fc9c f87ff6ddb2f4a4e 873893b2ff49c065 b2babd018eafb2bb e9defd09e2a77473 e1f134d8c242bc6e d0f26f2af11790bc d3bf052f14abf1da d6eeae48bad16c33 abe8fcef35b03a08 ca5c2be2a7e11d72 e2b289a6ffa8021f 35583c27a14ada2a c92bf79d8e9b8695 8e4388b4ffb46809 a0ff42332bde8143 ba7a07d8c39bc4db c3502ce4ea2b39d0 9609bb13c8bd908d 8c595568e44f6f18 ce7aa8e8d083c2ec 19415379cfa9824d 33f8f165e48463fc 350826e8a59aa8e1 f5442b2e82739a4d e6f7fe49ce497a61 f3e42342a93d1c93 2bb0b6e19c002531 ea499f92e9284e71 92656b0492a8b52a 2ea8da5cde2dc2d5 c7561146be1621e5 d0bed71098f279ee f7203cc3d9bb7c4a 17d19e30ff67b16c 985a2b5abe764e09 1831ca54e8907540 e7f826ac0f7a681e cdf0b62730036884 1893ddc480525206 8fccba24e622807b 9625e8ff008c0470 80de5676ddbd704c c3dff0c7aeb9c6c3 af45cb3310ab109b ee6880e7da05d9c7 88bfa08a302421aa c0cf3245b24871ae 8c4e4b7538056bbe e8298d682f37b32c e18024da150dec00 cd1357be28f8bfad d83072d9edce7050 2dc5c50353ce526 de35a4d3b9b097b3 a77f0803cfefb40e 52c9934366617ac f016af5faa5b6453 fa4b1861e3623e07 19c855b31795b763 c1f11bb6ff77b195 e2d9ef9c89df0512 a174bc753c3c3418 bbb3e5adfca2454f 6814a62e365d82c 1fa20c441e8dd54a 9b301a99a7f606d7 8b5bdf03db55f1f1 f9e3c73ba1b164fb c9a76bd3aafdeb47 653dd391513e1d5 b6c546d0d5034ad6 1361e8037a474 954b8649806cb2a3 d56ffd7a06551357 868cb7cbcc10cd1a cc7d7fbdd5713398 dbc646ef1bd83e15 e7e90b2fa1ed7d37 f75eb0cfe252feba fe2b3ccfb4668aec d6540824d324f7be 3577f679e61447fe 1a7ad2ebcdb2b8f3 20d7b0b2b3a33348 19b77b47f0cedb0f be819402d64fa72b 89f2da7334324e32 25012941df5944b4 b5a8ebdfa3aa55ba d7dca3ece382bd43 c2dc01f83f9bc653 e3461c0dfcddcd2d e0608a71f884edd7 b820b42a3b22bffa b8008d27233c8c69 9bc17a401b66d038 d689903298611798 bb9da401d3e22e6b ef48fea38e8a1d59 26eb34f2d75f1e42 2b414cadc5d28ed5 d45cac2ee288d8f3 b9e7f7351a8a4b50 e05cda25fb47e120 ddd0ba14e52943e2 ffb38f32b4b98653 3001677497b8b149 fce1f52ce0106957 14c9efab0dd22188 a58ad2d1fc95845e dca5edb6c4cb571f d29d78a7a26cc7fd 1f024c5cf16fdd61 363b3480f8284b78 1a951376fba83a12 ed18177308d8ad27 8100f89f39975fd2 353f99e423534bf3 2c2bf91a9b960c15 d52d6be72257b157 c5aafd4aad2cf1b9 c8c2fdcf8a6d05cb acc4b722f1d6f664 9f03e81d9df069b6 285d6f82f26fb46c e446aad0e7c6e5ec 5b74fa3d52226a4 c791db11034a92ee eb1178da2e14bf25 8336e5c9abd885e1 af2318cff0c8c87d 9edd87a2cac8c0da f6a146bc1a3491aa 8afd5a2722146d6c ecdd2e46a5c45f8b bff8f13529dae1ca cbef4f36e37e7502 942d48ecaf64b5d f4d12d27b8cc7d7c 1c4af27fc93bc5c3 94321120c0c07c5d f98cf9d9258dc70d eec98cd089033e47 c9c3baa495d7ec58 bb65b36502fb9df1 8bfedc38c350b47e d928a0d62a2f4036 2d2ade27d5c296dd 19134b5b148e543c 3ebd9472b929ba5f 8eec513cf23bec31 86ca406debe87299 a5122cf8a7ff9c97 1a3b88c9c587d4df b170477833fe7e35 dbfe1acca105c936 e68d9e16d6827471 a80f2a6f639a395 173f6ccc97fde58e ee8059ffe67f0d72 dcb8b108fdcd0ae2 95caf070f9014ca5 df805a18f3f81dd4 f1c528b6044b4a70 fd4c97153c390b20 303128f487901926 8bdb6396dcccf12d 9905fc4d21f651aa a9866ad00927faac e5f4ebd9c9372541 eb2d76eb3561ce67 3e89c913fefae827 c8320d6814b3e1bc ca15b023a47eb4ec a3799d13335f8454 c8136610089f7936 ad1e2e22ebabaa7c 1f0b2ed012291633 1ac88f69d097cb36 3c4375b2e71e94e0 f947ab13c7e6bd8b 987e88c1db4ea482 c26d396214103a7c dbf6f807d4c1fe73 b010a2f53bb4e475 cfc51ef1f47580c9 c9377f3cf27ddc57 ae32c0ccabbc16f8 a03197c1f9482232 ebc5fe89fdf7dfbd 29b3f6b6e96916fe e2b1393019f8bf56 97f09f13c9e58e77 b34ea575ce7737b9 e86ff70fc1a495c9 b8a244195ffdea5 e477165f00609623 c2052becbed8c9b6 d4d8a85ccce70d6e cd47a391cd8f502d c6819e4394fbebb 8636cc290f4ccf7e dcdc1fabe140c240 1a9080fbd37e6fbb e2cb3f39e944398f ca84fbcfa0c74d24 f445bcdfbfa75ee4 28eb9874e5157cca 5dcc9efd710fc18 16b85afdf3709443 d886110efa2286ce d13382e73fa3f371 b31487b4de62dafd d88561cbe7ebdde4 278fd1558b9a98c2 e9fd73bfa9b8e4b2 91a4c296daa45909 ] wstrb=[8b cc eb 3d 8b f5 d4 16 c1 bf 54 4c b4 28 63 75 e7 b7 c2 9c df 25 11 c6 dc d3 62 bb f8 74 81 d4 47 e4 8f 40 58 11 14 9f f5 a4 df 4d b5 f4 ec aa 98 cc f7 4d c0 e3 f7 58 af ee a5 6f d1 9c c7 81 8a 6c f0 5b 8 b8 dc 92 24 cd ee 2d 85 ca bf a9 97 ad d6 1c 78 96 c6 f 43 9c 2c bb 32 f2 cb 76 8e f7 31 c1 e9 fc 37 77 f3 68 38 dc 65 6f 54 58 d8 8c 35 3d fc 89 95 d4 15 ca 11 11 53 a6 e5 69 71 f6 7a c4 9d 60 2d e 56 a8 d2 f3 8 0 1 5e a8 d4 52 b0 d4 53 e 7c 27 60 2c fb b4 3a 77 db 9b a3 d7 4f de 4e 2a 79 f2 1 c8 d0 50 f2 49 42 f4 11 12 44 3 5b 86 f7 6c 98 3b 6f f3 c1 67 5f 59 a2 ce 4c 64 35 ab bd d8 7a a 3c af b5 f9 87 2f 3 c3 df b9 bd 66 e8 c0 2a c7 79 e7 2e 62 a7 58 29 21 3f 57 83 e6 af ac 7 ee 4 8a d5 b3 37 dc a2 3b 67 77 ee 9e 53 ] bresp=0 bid=0
[15000] [SEQUENCER] READ mst_id=1 s_id=0 araddr=1c5bc5f0 arid=2 arlen=1 arsize=3 arburst=1 rid=[] rresp=[] rdata=[]
[15000] MASTER_DRIVER1 received transaction, op=AXI_WRITE
[15000] MASTER_DRIVER0 received transaction, op=AXI_READ
[35000] MASTER 1 AW_VALID_RDY Handshake
[35000] MASTER_DRIVER0 received transaction, op=AXI_WRITE
[45000] ARB MONITOR: slave=0 m0_req=0 m1_req=1 winner=1
[45000] ARB MONITOR: slave=1 m0_req=1 m1_req=0 winner=0
[45000] AXI S0_ARVALID_RDY HANDSHAKE
[45000] MEMORY READ MISS beat=0 addr=18ec17e0 -> default data id=0
[45000] AXI S0_AWVALID_RDY HANDSHAKE
[55000] MEMORY READ MISS beat=1 addr=18ec17e8 -> default data id=0
[55000] SLAVE 1 R_VALID_RDY Handshake beat=0 rlast=0
[55000] MASTER 1 W_VALID_RDY Handshake beat=0 wlast=0
[55000] MASTER 0 AW_VALID_RDY Handshake
[65000] MASTER 1 W_VALID_RDY Handshake beat=1 wlast=0
[65000] ARB MONITOR: slave=1 m0_req=1 m1_req=0 winner=0
[65000] SLAVE 1 R_VALID_RDY Handshake beat=1 rlast=1
[65000] [SLAVE MONITOR] READ mst_id=0 s_id=1 araddr=18ec17e0 arid=0 arlen=1 arsize=3 arburst=1 rid=[00] rresp=[00] rdata=[baadf00d12345678baadf00d12345678]
[65000] AXI S1_AWVALID_RDY HANDSHAKE
[65000] AXI S0_WVALID_RDY HANDSHAKE
[65000] S0 MEMORY WRITE beat=0 addr=04d629c8 data=c461b36c3b72bc5d id=19
[75000] AXI S0_WVALID_RDY HANDSHAKE
[75000] S0 MEMORY WRITE beat=1 addr=04d62a48 data=22c879fd96eea646 id=19
[75000] MASTER 1 W_VALID_RDY Handshake beat=2 wlast=0
[75000] MASTER 0 R_VALID_RDY Handshake beat=0 rlast=0
[75000] MASTER 0 W_VALID_RDY Handshake beat=0 wlast=0
[85000] [MASTER DRIVER] READ mst_id=0 s_id=0 araddr=18ec17e0 arid=0 arlen=1 arsize=3 arburst=1 rid=[00] rresp=[00] rdata=[baadf00d12345678baadf00d12345678]
[85000] MASTER 0 W_VALID_RDY Handshake beat=1 wlast=0
[85000] MASTER 0 R_VALID_RDY Handshake beat=1 rlast=1
[85000] [MASTER MONITOR] READ mst_id=0 s_id=1 araddr=18ec17e0 arid=0 arlen=1 arsize=3 arburst=1 rid=[00] rresp=[00] rdata=[baadf00d12345678baadf00d12345678]
[85000] MASTER 1 W_VALID_RDY Handshake beat=3 wlast=0
[85000] S1 MEMORY WRITE beat=0 addr=1bbc7e68 data=28cc621cf4d007c4 id=02
[85000] AXI S0_WVALID_RDY HANDSHAKE
[85000] S0 MEMORY WRITE beat=2 addr=04d62ac8 data=3b896b8011c7e826 id=19
[85000] SCOREBOARD MATCH: decode_err expected = 0, actual =0
[85000] SCOREBOARD MATCH: slave_id expected = 1, actual =1
[85000] SCOREBOARD MATCH: araddr passthrough expected = 18ec17e0, actual =18ec17e0
[85000] SCOREBOARD MATCH: arlen passthrough expected = 1, actual =1
[85000] SCOREBOARD MATCH: arsize passthrough expected = 3, actual =3
[85000] SCOREBOARD MATCH: arburst passthrough expected = 1, actual =1
[85000] SCOREBOARD MATCH: rdata size check expected = 2, actual =2
[85000] SCOREBOARD MATCH: rdata passthrough beat=0 expected = baadf00d12345678, actual =baadf00d12345678
[85000] SCOREBOARD MATCH: rdata passthrough beat=1 expected = baadf00d12345678, actual =baadf00d12345678
[85000] SCOREBOARD MATCH: rresp size check expected = 2, actual =2
[85000] SCOREBOARD MATCH: rresp passthrough beat=0 expected = 0, actual =0
[85000] SCOREBOARD MATCH: rresp passthrough beat=1 expected = 0, actual =0
[85000] SCOREBOARD MATCH: response routed to correct master (read beat 0) expected = 0, actual =0
[85000] SCOREBOARD MATCH: response routed to correct master (read beat 1) expected = 0, actual =0
[85000] [SCOREBOARD-M] READ mst_id=0 s_id=1 araddr=18ec17e0 arid=0 arlen=1 arsize=3 arburst=1 rid=[00] rresp=[00] rdata=[baadf00d12345678baadf00d12345678]
[85000] [SCOREBOARD-S] READ mst_id=0 s_id=1 araddr=18ec17e0 arid=0 arlen=1 arsize=3 arburst=1 rid=[00] rresp=[00] rdata=[baadf00d12345678baadf00d12345678]
[85000] SCOREBOARD: Transaction 1 received. pass=14 fail=0
[85000] ALL PASS. Total transactions: 1
[95000] AXI S0_WVALID_RDY HANDSHAKE
[95000] S0 MEMORY WRITE beat=3 addr=04d62b48 data=cd3aa483f6d9d10b id=19
[95000] S1 MEMORY WRITE beat=1 addr=1bbc7e69 data=a940da0d3672a723 id=02
[95000] MASTER 1 W_VALID_RDY Handshake beat=4 wlast=0
[95000] MASTER 0 W_VALID_RDY Handshake beat=2 wlast=0
[105000] MASTER 0 W_VALID_RDY Handshake beat=3 wlast=0
[105000] MASTER 1 W_VALID_RDY Handshake beat=5 wlast=0
[105000] S1 MEMORY WRITE beat=2 addr=1bbc7e6a data=1c24947fea24da13 id=02
[105000] AXI S0_WVALID_RDY HANDSHAKE
[105000] S0 MEMORY WRITE beat=4 addr=04d62bc8 data=0dc87752ffeb1eec id=19
[115000] AXI S0_WVALID_RDY HANDSHAKE
[115000] S0 MEMORY WRITE beat=5 addr=04d62c48 data=91b30712f0031e80 id=19
[115000] S1 MEMORY WRITE beat=3 addr=1bbc7e6b data=def4e1d81cfc7d3a id=02
[115000] MASTER 1 W_VALID_RDY Handshake beat=6 wlast=0
[115000] MASTER 0 W_VALID_RDY Handshake beat=4 wlast=0
[125000] MASTER 0 W_VALID_RDY Handshake beat=5 wlast=0
[125000] MASTER 1 W_VALID_RDY Handshake beat=7 wlast=0
[125000] S1 MEMORY WRITE beat=4 addr=1bbc7e6c data=d36f245dc4f0f69b id=02
[125000] AXI S0_WVALID_RDY HANDSHAKE
[125000] S0 MEMORY WRITE beat=6 addr=04d62cc8 data=e6dcef8bc951e2d2 id=19
[135000] AXI S0_WVALID_RDY HANDSHAKE
[135000] S0 MEMORY WRITE beat=7 addr=04d62d48 data=c93d01bedeedab95 id=19
[135000] S1 MEMORY WRITE beat=5 addr=1bbc7e6d data=af15d0ae8835bbe5 id=02
[135000] MASTER 1 W_VALID_RDY Handshake beat=8 wlast=0
[135000] MASTER 0 W_VALID_RDY Handshake beat=6 wlast=0
[145000] MASTER 0 W_VALID_RDY Handshake beat=7 wlast=0
[145000] MASTER 1 W_VALID_RDY Handshake beat=9 wlast=0
[145000] S1 MEMORY WRITE beat=6 addr=1bbc7e6e data=a532391fef93b8dc id=02
[145000] AXI S0_WVALID_RDY HANDSHAKE
[145000] S0 MEMORY WRITE beat=8 addr=04d62dc8 data=cef0ca15f4a566dd id=19
[155000] AXI S0_WVALID_RDY HANDSHAKE
[155000] S0 MEMORY WRITE beat=9 addr=04d62e48 data=bdf749afdaf008d1 id=19
[155000] S1 MEMORY WRITE beat=7 addr=1bbc7e6f data=3484af778e0ab286 id=02
[155000] MASTER 1 W_VALID_RDY Handshake beat=10 wlast=0
[155000] MASTER 0 W_VALID_RDY Handshake beat=8 wlast=0
[165000] MASTER 0 W_VALID_RDY Handshake beat=9 wlast=0
[165000] MASTER 1 W_VALID_RDY Handshake beat=11 wlast=0
[165000] S1 MEMORY WRITE beat=8 addr=1bbc7e70 data=16406e6cf8a15d7c id=02
[165000] AXI S0_WVALID_RDY HANDSHAKE
[165000] S0 MEMORY WRITE beat=10 addr=04d62ec8 data=b9ddb46635cdb9a1 id=19
[175000] AXI S0_WVALID_RDY HANDSHAKE
[175000] S0 MEMORY WRITE beat=11 addr=04d62f48 data=aa73207e07344b6e id=19
[175000] S1 MEMORY WRITE beat=9 addr=1bbc7e71 data=e8351658e39a8025 id=02
[175000] MASTER 1 W_VALID_RDY Handshake beat=12 wlast=0
[175000] MASTER 0 W_VALID_RDY Handshake beat=10 wlast=0
[185000] MASTER 0 W_VALID_RDY Handshake beat=11 wlast=0
[185000] MASTER 1 W_VALID_RDY Handshake beat=13 wlast=0
[185000] S1 MEMORY WRITE beat=10 addr=1bbc7e72 data=f1a532acbb72a78b id=02
[185000] AXI S0_WVALID_RDY HANDSHAKE
[185000] S0 MEMORY WRITE beat=12 addr=04d62fc8 data=e224543f08ce7e7c id=19
[195000] AXI S0_WVALID_RDY HANDSHAKE
[195000] S0 MEMORY WRITE beat=13 addr=04d63048 data=3e9c381de86a6a2e id=19
[195000] S1 MEMORY WRITE beat=11 addr=1bbc7e73 data=341405089cb9c5cf id=02
[195000] MASTER 1 W_VALID_RDY Handshake beat=14 wlast=0
[195000] MASTER 0 W_VALID_RDY Handshake beat=12 wlast=0
[205000] MASTER 0 W_VALID_RDY Handshake beat=13 wlast=0
[205000] MASTER 1 W_VALID_RDY Handshake beat=15 wlast=0
[205000] S1 MEMORY WRITE beat=12 addr=1bbc7e74 data=005445f507e5a118 id=02
[205000] AXI S0_WVALID_RDY HANDSHAKE
[205000] S0 MEMORY WRITE beat=14 addr=04d630c8 data=ef9eb59c9c0208a5 id=19
[215000] AXI S0_WVALID_RDY HANDSHAKE
[215000] S0 MEMORY WRITE beat=15 addr=04d63148 data=a4d08721e90f589b id=19
[215000] S1 MEMORY WRITE beat=13 addr=1bbc7e75 data=c35848a39c491b60 id=02
[215000] MASTER 1 W_VALID_RDY Handshake beat=16 wlast=0
[215000] MASTER 0 W_VALID_RDY Handshake beat=14 wlast=0
[225000] MASTER 0 W_VALID_RDY Handshake beat=15 wlast=0
[225000] MASTER 1 W_VALID_RDY Handshake beat=17 wlast=0
[225000] S1 MEMORY WRITE beat=14 addr=1bbc7e76 data=3902e130f1f978a1 id=02
[225000] AXI S0_WVALID_RDY HANDSHAKE
[225000] S0 MEMORY WRITE beat=16 addr=04d631c8 data=d179c2c9d1c309db id=19
[235000] AXI S0_WVALID_RDY HANDSHAKE
[235000] S0 MEMORY WRITE beat=17 addr=04d63248 data=edc51280e36cbf3e id=19
[235000] S1 MEMORY WRITE beat=15 addr=1bbc7e77 data=f9df19b9f76c4dab id=02
[235000] MASTER 1 W_VALID_RDY Handshake beat=18 wlast=0
[235000] MASTER 0 W_VALID_RDY Handshake beat=16 wlast=0
[245000] MASTER 0 W_VALID_RDY Handshake beat=17 wlast=0
[245000] MASTER 1 W_VALID_RDY Handshake beat=19 wlast=0
[245000] S1 MEMORY WRITE beat=16 addr=1bbc7e78 data=13b5690c39572725 id=02
[245000] AXI S0_WVALID_RDY HANDSHAKE
[245000] S0 MEMORY WRITE beat=18 addr=04d632c8 data=cc7c17dac1187865 id=19
[255000] AXI S0_WVALID_RDY HANDSHAKE
[255000] S0 MEMORY WRITE beat=19 addr=04d63348 data=92db8240129599a2 id=19
[255000] S1 MEMORY WRITE beat=17 addr=1bbc7e79 data=2b509fc6bd37625c id=02
[255000] MASTER 1 W_VALID_RDY Handshake beat=20 wlast=0
[255000] MASTER 0 W_VALID_RDY Handshake beat=18 wlast=0
[265000] MASTER 0 W_VALID_RDY Handshake beat=19 wlast=0
[265000] MASTER 1 W_VALID_RDY Handshake beat=21 wlast=0
[265000] S1 MEMORY WRITE beat=18 addr=1bbc7e7a data=34a3b008ccb84a3c id=02
[265000] AXI S0_WVALID_RDY HANDSHAKE
[265000] S0 MEMORY WRITE beat=20 addr=04d633c8 data=f60258e09df5daa3 id=19
[275000] AXI S0_WVALID_RDY HANDSHAKE
[275000] S0 MEMORY WRITE beat=21 addr=04d63448 data=df0e530900a094c1 id=19
[275000] S1 MEMORY WRITE beat=19 addr=1bbc7e7b data=060f7161252fb97f id=02
[275000] MASTER 1 W_VALID_RDY Handshake beat=22 wlast=0
[275000] MASTER 0 W_VALID_RDY Handshake beat=20 wlast=0
[285000] MASTER 0 W_VALID_RDY Handshake beat=21 wlast=0
[285000] MASTER 1 W_VALID_RDY Handshake beat=23 wlast=0
[285000] S1 MEMORY WRITE beat=20 addr=1bbc7e7c data=e2671bdbc8591914 id=02
[285000] AXI S0_WVALID_RDY HANDSHAKE
[285000] S0 MEMORY WRITE beat=22 addr=04d634c8 data=13362e63c27e70ba id=19
[295000] AXI S0_WVALID_RDY HANDSHAKE
[295000] S0 MEMORY WRITE beat=23 addr=04d63548 data=e0744b5ef1e9d549 id=19
[295000] S1 MEMORY WRITE beat=21 addr=1bbc7e7d data=1511635031601127 id=02
[295000] MASTER 1 W_VALID_RDY Handshake beat=24 wlast=0
[295000] MASTER 0 W_VALID_RDY Handshake beat=22 wlast=0
[305000] MASTER 0 W_VALID_RDY Handshake beat=23 wlast=0
[305000] MASTER 1 W_VALID_RDY Handshake beat=25 wlast=0
[305000] S1 MEMORY WRITE beat=22 addr=1bbc7e7e data=d68fcaa6970acbe3 id=02
[305000] AXI S0_WVALID_RDY HANDSHAKE
[305000] S0 MEMORY WRITE beat=24 addr=04d635c8 data=f28a6a0a89388743 id=19
[315000] AXI S0_WVALID_RDY HANDSHAKE
[315000] S0 MEMORY WRITE beat=25 addr=04d63648 data=cbb6f7fe3f829e67 id=19
[315000] S1 MEMORY WRITE beat=23 addr=1bbc7e7f data=df63e4f71b20d4b1 id=02
[315000] MASTER 1 W_VALID_RDY Handshake beat=26 wlast=0
[315000] MASTER 0 W_VALID_RDY Handshake beat=24 wlast=0
[325000] MASTER 0 W_VALID_RDY Handshake beat=25 wlast=0
[325000] MASTER 1 W_VALID_RDY Handshake beat=27 wlast=0
[325000] S1 MEMORY WRITE beat=24 addr=1bbc7e80 data=cc80e5d8b8f6e681 id=02
[325000] AXI S0_WVALID_RDY HANDSHAKE
[325000] S0 MEMORY WRITE beat=26 addr=04d636c8 data=b16c73b085c0986d id=19
[335000] AXI S0_WVALID_RDY HANDSHAKE
[335000] S0 MEMORY WRITE beat=27 addr=04d63748 data=0ef91fb12c2b435c id=19
[335000] S1 MEMORY WRITE beat=25 addr=1bbc7e81 data=d001b265f4754847 id=02
[335000] MASTER 1 W_VALID_RDY Handshake beat=28 wlast=0
[335000] MASTER 0 W_VALID_RDY Handshake beat=26 wlast=0
[345000] MASTER 0 W_VALID_RDY Handshake beat=27 wlast=0
[345000] MASTER 1 W_VALID_RDY Handshake beat=29 wlast=0
[345000] S1 MEMORY WRITE beat=26 addr=1bbc7e82 data=8f961cf82310b07e id=02
[345000] AXI S0_WVALID_RDY HANDSHAKE
[345000] S0 MEMORY WRITE beat=28 addr=04d637c8 data=ebade1c323f6ddbb id=19
[355000] AXI S0_WVALID_RDY HANDSHAKE
[355000] S0 MEMORY WRITE beat=29 addr=04d63848 data=a9b77628dab017af id=19
[355000] S1 MEMORY WRITE beat=27 addr=1bbc7e83 data=dc0796ffaf65975c id=02
[355000] MASTER 1 W_VALID_RDY Handshake beat=30 wlast=0
[355000] MASTER 0 W_VALID_RDY Handshake beat=28 wlast=0
[365000] MASTER 0 W_VALID_RDY Handshake beat=29 wlast=0
[365000] MASTER 1 W_VALID_RDY Handshake beat=31 wlast=0
[365000] S1 MEMORY WRITE beat=28 addr=1bbc7e84 data=23dadfa4dc1702d0 id=02
[365000] AXI S0_WVALID_RDY HANDSHAKE
[365000] S0 MEMORY WRITE beat=30 addr=04d638c8 data=06db5b0b9d1a5573 id=19
[375000] AXI S0_WVALID_RDY HANDSHAKE
[375000] S0 MEMORY WRITE beat=31 addr=04d63948 data=c111332eb8b095d9 id=19
[375000] S1 MEMORY WRITE beat=29 addr=1bbc7e85 data=ff27b34eac094964 id=02
[375000] MASTER 1 W_VALID_RDY Handshake beat=32 wlast=0
[375000] MASTER 0 W_VALID_RDY Handshake beat=30 wlast=0
[385000] MASTER 0 W_VALID_RDY Handshake beat=31 wlast=0
[385000] MASTER 1 W_VALID_RDY Handshake beat=33 wlast=0
[385000] S1 MEMORY WRITE beat=30 addr=1bbc7e86 data=db6ee0c1b370fc9c id=02
[385000] AXI S0_WVALID_RDY HANDSHAKE
[385000] S0 MEMORY WRITE beat=32 addr=04d639c8 data=9360ad88f2893cce id=19
[395000] AXI S0_WVALID_RDY HANDSHAKE
[395000] S0 MEMORY WRITE beat=33 addr=04d63a48 data=8fa39241eac8a957 id=19
[395000] S1 MEMORY WRITE beat=31 addr=1bbc7e87 data=0f87ff6ddb2f4a4e id=02
[395000] MASTER 1 W_VALID_RDY Handshake beat=34 wlast=0
[395000] MASTER 0 W_VALID_RDY Handshake beat=32 wlast=0
[405000] MASTER 0 W_VALID_RDY Handshake beat=33 wlast=0
[405000] MASTER 1 W_VALID_RDY Handshake beat=35 wlast=0
[405000] S1 MEMORY WRITE beat=32 addr=1bbc7e88 data=873893b2ff49c065 id=02
[405000] AXI S0_WVALID_RDY HANDSHAKE
[405000] S0 MEMORY WRITE beat=34 addr=04d63ac8 data=a3793f309a3c0893 id=19
[415000] AXI S0_WVALID_RDY HANDSHAKE
[415000] S0 MEMORY WRITE beat=35 addr=04d63b48 data=8cc54561d0b4c570 id=19
[415000] S1 MEMORY WRITE beat=33 addr=1bbc7e89 data=b2babd018eafb2bb id=02
[415000] MASTER 1 W_VALID_RDY Handshake beat=36 wlast=0
[415000] MASTER 0 W_VALID_RDY Handshake beat=34 wlast=0
[425000] MASTER 0 W_VALID_RDY Handshake beat=35 wlast=0
[425000] MASTER 1 W_VALID_RDY Handshake beat=37 wlast=0
[425000] S1 MEMORY WRITE beat=34 addr=1bbc7e8a data=e9defd09e2a77473 id=02
[425000] AXI S0_WVALID_RDY HANDSHAKE
[425000] S0 MEMORY WRITE beat=36 addr=04d63bc8 data=3b7d6ec736d9ecb9 id=19
[435000] AXI S0_WVALID_RDY HANDSHAKE
[435000] S0 MEMORY WRITE beat=37 addr=04d63c48 data=d115f54c1c68d7a3 id=19
[435000] S1 MEMORY WRITE beat=35 addr=1bbc7e8b data=e1f134d8c242bc6e id=02
[435000] MASTER 1 W_VALID_RDY Handshake beat=38 wlast=0
[435000] MASTER 0 W_VALID_RDY Handshake beat=36 wlast=0
[445000] MASTER 0 W_VALID_RDY Handshake beat=37 wlast=0
[445000] MASTER 1 W_VALID_RDY Handshake beat=39 wlast=0
[445000] S1 MEMORY WRITE beat=36 addr=1bbc7e8c data=d0f26f2af11790bc id=02
[445000] AXI S0_WVALID_RDY HANDSHAKE
[445000] S0 MEMORY WRITE beat=38 addr=04d63cc8 data=ed1d9d13def6adf7 id=19
[455000] AXI S0_WVALID_RDY HANDSHAKE
[455000] S0 MEMORY WRITE beat=39 addr=04d63d48 data=95d09ab0dddb3aae id=19
[455000] S1 MEMORY WRITE beat=37 addr=1bbc7e8d data=d3bf052f14abf1da id=02
[455000] MASTER 1 W_VALID_RDY Handshake beat=40 wlast=0
[455000] MASTER 0 W_VALID_RDY Handshake beat=38 wlast=0
[465000] MASTER 0 W_VALID_RDY Handshake beat=39 wlast=0
[465000] MASTER 1 W_VALID_RDY Handshake beat=41 wlast=0
[465000] S1 MEMORY WRITE beat=38 addr=1bbc7e8e data=d6eeae48bad16c33 id=02
[465000] AXI S0_WVALID_RDY HANDSHAKE
[465000] S0 MEMORY WRITE beat=40 addr=04d63dc8 data=fa441251289b0bda id=19
[475000] AXI S0_WVALID_RDY HANDSHAKE
[475000] S0 MEMORY WRITE beat=41 addr=04d63e48 data=8791b9d1e6e68ffd id=19
[475000] S1 MEMORY WRITE beat=39 addr=1bbc7e8f data=abe8fcef35b03a08 id=02
[475000] MASTER 1 W_VALID_RDY Handshake beat=42 wlast=0
[475000] MASTER 0 W_VALID_RDY Handshake beat=40 wlast=0
[485000] MASTER 0 W_VALID_RDY Handshake beat=41 wlast=0
[485000] MASTER 1 W_VALID_RDY Handshake beat=43 wlast=0
[485000] S1 MEMORY WRITE beat=40 addr=1bbc7e90 data=ca5c2be2a7e11d72 id=02
[485000] AXI S0_WVALID_RDY HANDSHAKE
[485000] S0 MEMORY WRITE beat=42 addr=04d63ec8 data=c4c1caabe761af64 id=19
[495000] AXI S0_WVALID_RDY HANDSHAKE
[495000] S0 MEMORY WRITE beat=43 addr=04d63f48 data=0ffcbb3e1d625482 id=19
[495000] S1 MEMORY WRITE beat=41 addr=1bbc7e91 data=e2b289a6ffa8021f id=02
[495000] MASTER 1 W_VALID_RDY Handshake beat=44 wlast=0
[495000] MASTER 0 W_VALID_RDY Handshake beat=42 wlast=0
[505000] MASTER 0 W_VALID_RDY Handshake beat=43 wlast=0
[505000] MASTER 1 W_VALID_RDY Handshake beat=45 wlast=0
[505000] S1 MEMORY WRITE beat=42 addr=1bbc7e92 data=35583c27a14ada2a id=02
[505000] AXI S0_WVALID_RDY HANDSHAKE
[505000] S0 MEMORY WRITE beat=44 addr=04d63fc8 data=0448e47f3f05dcfc id=19
[515000] AXI S0_WVALID_RDY HANDSHAKE
[515000] S0 MEMORY WRITE beat=45 addr=04d64048 data=26678c60978e750f id=19
[515000] S1 MEMORY WRITE beat=43 addr=1bbc7e93 data=c92bf79d8e9b8695 id=02
[515000] MASTER 1 W_VALID_RDY Handshake beat=46 wlast=0
[515000] MASTER 0 W_VALID_RDY Handshake beat=44 wlast=0
[525000] MASTER 0 W_VALID_RDY Handshake beat=45 wlast=0
[525000] MASTER 1 W_VALID_RDY Handshake beat=47 wlast=0
[525000] S1 MEMORY WRITE beat=44 addr=1bbc7e94 data=8e4388b4ffb46809 id=02
[525000] AXI S0_WVALID_RDY HANDSHAKE
[525000] S0 MEMORY WRITE beat=46 addr=04d640c8 data=b4f0c991c90aaf2a id=19
[535000] AXI S0_WVALID_RDY HANDSHAKE
[535000] S0 MEMORY WRITE beat=47 addr=04d64148 data=08108c263664479e id=19
[535000] S1 MEMORY WRITE beat=45 addr=1bbc7e95 data=a0ff42332bde8143 id=02
[535000] MASTER 1 W_VALID_RDY Handshake beat=48 wlast=0
[535000] MASTER 0 W_VALID_RDY Handshake beat=46 wlast=0
[545000] MASTER 0 W_VALID_RDY Handshake beat=47 wlast=0
[545000] MASTER 1 W_VALID_RDY Handshake beat=49 wlast=0
[545000] S1 MEMORY WRITE beat=46 addr=1bbc7e96 data=ba7a07d8c39bc4db id=02
[545000] AXI S0_WVALID_RDY HANDSHAKE
[545000] S0 MEMORY WRITE beat=48 addr=04d641c8 data=cdf2bcadb939ae10 id=19
[555000] AXI S0_WVALID_RDY HANDSHAKE
[555000] S0 MEMORY WRITE beat=49 addr=04d64248 data=82445d3a2e781886 id=19
[555000] S1 MEMORY WRITE beat=47 addr=1bbc7e97 data=c3502ce4ea2b39d0 id=02
[555000] MASTER 1 W_VALID_RDY Handshake beat=50 wlast=0
[555000] MASTER 0 W_VALID_RDY Handshake beat=48 wlast=0
[565000] MASTER 0 W_VALID_RDY Handshake beat=49 wlast=0
[565000] MASTER 1 W_VALID_RDY Handshake beat=51 wlast=0
[565000] S1 MEMORY WRITE beat=48 addr=1bbc7e98 data=9609bb13c8bd908d id=02
[565000] AXI S0_WVALID_RDY HANDSHAKE
[565000] S0 MEMORY WRITE beat=50 addr=04d642c8 data=e4dc602402e3863f id=19
[575000] AXI S0_WVALID_RDY HANDSHAKE
[575000] S0 MEMORY WRITE beat=51 addr=04d64348 data=bc1d344f8a54e960 id=19
[575000] S1 MEMORY WRITE beat=49 addr=1bbc7e99 data=8c595568e44f6f18 id=02
[575000] MASTER 1 W_VALID_RDY Handshake beat=52 wlast=0
[575000] MASTER 0 W_VALID_RDY Handshake beat=50 wlast=0
[585000] MASTER 0 W_VALID_RDY Handshake beat=51 wlast=0
[585000] MASTER 1 W_VALID_RDY Handshake beat=53 wlast=0
[585000] S1 MEMORY WRITE beat=50 addr=1bbc7e9a data=ce7aa8e8d083c2ec id=02
[585000] AXI S0_WVALID_RDY HANDSHAKE
[585000] S0 MEMORY WRITE beat=52 addr=04d643c8 data=b8cd01e6b2cf1cd1 id=19
[595000] AXI S0_WVALID_RDY HANDSHAKE
[595000] S0 MEMORY WRITE beat=53 addr=04d64448 data=b5b2a3103e61918a id=19
[595000] S1 MEMORY WRITE beat=51 addr=1bbc7e9b data=19415379cfa9824d id=02
[595000] MASTER 1 W_VALID_RDY Handshake beat=54 wlast=0
[595000] MASTER 0 W_VALID_RDY Handshake beat=52 wlast=0
[605000] MASTER 0 W_VALID_RDY Handshake beat=53 wlast=0
[605000] MASTER 1 W_VALID_RDY Handshake beat=55 wlast=0
[605000] S1 MEMORY WRITE beat=52 addr=1bbc7e9c data=33f8f165e48463fc id=02
[605000] AXI S0_WVALID_RDY HANDSHAKE
[605000] S0 MEMORY WRITE beat=54 addr=04d644c8 data=c8b67aea9da9620a id=19
[615000] AXI S0_WVALID_RDY HANDSHAKE
[615000] S0 MEMORY WRITE beat=55 addr=04d64548 data=d0787edcf1cfd760 id=19
[615000] S1 MEMORY WRITE beat=53 addr=1bbc7e9d data=350826e8a59aa8e1 id=02
[615000] MASTER 1 W_VALID_RDY Handshake beat=56 wlast=0
[615000] MASTER 0 W_VALID_RDY Handshake beat=54 wlast=0
[625000] MASTER 0 W_VALID_RDY Handshake beat=55 wlast=0
[625000] MASTER 1 W_VALID_RDY Handshake beat=57 wlast=0
[625000] S1 MEMORY WRITE beat=54 addr=1bbc7e9e data=f5442b2e82739a4d id=02
[625000] AXI S0_WVALID_RDY HANDSHAKE
[625000] S0 MEMORY WRITE beat=56 addr=04d645c8 data=303168ea01837cd1 id=19
[635000] AXI S0_WVALID_RDY HANDSHAKE
[635000] S0 MEMORY WRITE beat=57 addr=04d64648 data=9f2cdedb862b21ec id=19
[635000] S1 MEMORY WRITE beat=55 addr=1bbc7e9f data=e6f7fe49ce497a61 id=02
[635000] MASTER 1 W_VALID_RDY Handshake beat=58 wlast=0
[635000] MASTER 0 W_VALID_RDY Handshake beat=56 wlast=0
[645000] MASTER 0 W_VALID_RDY Handshake beat=57 wlast=0
[645000] MASTER 1 W_VALID_RDY Handshake beat=59 wlast=0
[645000] S1 MEMORY WRITE beat=56 addr=1bbc7ea0 data=f3e42342a93d1c93 id=02
[645000] AXI S0_WVALID_RDY HANDSHAKE
[645000] S0 MEMORY WRITE beat=58 addr=04d646c8 data=f7faf94cf8e7e3d4 id=19
[655000] AXI S0_WVALID_RDY HANDSHAKE
[655000] S0 MEMORY WRITE beat=59 addr=04d64748 data=fa6b60a5efa55db7 id=19
[655000] S1 MEMORY WRITE beat=57 addr=1bbc7ea1 data=2bb0b6e19c002531 id=02
[655000] MASTER 1 W_VALID_RDY Handshake beat=60 wlast=0
[655000] MASTER 0 W_VALID_RDY Handshake beat=58 wlast=0
[665000] MASTER 0 W_VALID_RDY Handshake beat=59 wlast=0
[665000] MASTER 1 W_VALID_RDY Handshake beat=61 wlast=0
[665000] S1 MEMORY WRITE beat=58 addr=1bbc7ea2 data=ea499f92e9284e71 id=02
[665000] AXI S0_WVALID_RDY HANDSHAKE
[665000] S0 MEMORY WRITE beat=60 addr=04d647c8 data=f5d07fa4a82c6236 id=19
[675000] AXI S0_WVALID_RDY HANDSHAKE
[675000] S0 MEMORY WRITE beat=61 addr=04d64848 data=2114460b19983f81 id=19
[675000] S1 MEMORY WRITE beat=59 addr=1bbc7ea3 data=92656b0492a8b52a id=02
[675000] MASTER 1 W_VALID_RDY Handshake beat=62 wlast=0
[675000] MASTER 0 W_VALID_RDY Handshake beat=60 wlast=0
[685000] MASTER 0 W_VALID_RDY Handshake beat=61 wlast=0
[685000] MASTER 1 W_VALID_RDY Handshake beat=63 wlast=0
[685000] S1 MEMORY WRITE beat=60 addr=1bbc7ea4 data=2ea8da5cde2dc2d5 id=02
[685000] AXI S0_WVALID_RDY HANDSHAKE
[685000] S0 MEMORY WRITE beat=62 addr=04d648c8 data=893d9d38edcb78f0 id=19
[695000] AXI S0_WVALID_RDY HANDSHAKE
[695000] S0 MEMORY WRITE beat=63 addr=04d64948 data=15f7db279b7fa6b0 id=19
[695000] S1 MEMORY WRITE beat=61 addr=1bbc7ea5 data=c7561146be1621e5 id=02
[695000] MASTER 1 W_VALID_RDY Handshake beat=64 wlast=0
[695000] MASTER 0 W_VALID_RDY Handshake beat=62 wlast=0
[705000] MASTER 0 W_VALID_RDY Handshake beat=63 wlast=0
[705000] MASTER 1 W_VALID_RDY Handshake beat=65 wlast=0
[705000] S1 MEMORY WRITE beat=62 addr=1bbc7ea6 data=d0bed71098f279ee id=02
[705000] AXI S0_WVALID_RDY HANDSHAKE
[705000] S0 MEMORY WRITE beat=64 addr=04d649c8 data=b517e631ff0e1cdc id=19
[715000] AXI S0_WVALID_RDY HANDSHAKE
[715000] S0 MEMORY WRITE beat=65 addr=04d64a48 data=ecd995cd370c2132 id=19
[715000] S1 MEMORY WRITE beat=63 addr=1bbc7ea7 data=f7203cc3d9bb7c4a id=02
[715000] MASTER 1 W_VALID_RDY Handshake beat=66 wlast=0
[715000] MASTER 0 W_VALID_RDY Handshake beat=64 wlast=0
[725000] MASTER 0 W_VALID_RDY Handshake beat=65 wlast=0
[725000] MASTER 1 W_VALID_RDY Handshake beat=67 wlast=0
[725000] S1 MEMORY WRITE beat=64 addr=1bbc7ea8 data=17d19e30ff67b16c id=02
[725000] AXI S0_WVALID_RDY HANDSHAKE
[725000] S0 MEMORY WRITE beat=66 addr=04d64ac8 data=d28bc7e23e55836a id=19
[735000] AXI S0_WVALID_RDY HANDSHAKE
[735000] S0 MEMORY WRITE beat=67 addr=04d64b48 data=bd63a04602d170f4 id=19
[735000] S1 MEMORY WRITE beat=65 addr=1bbc7ea9 data=985a2b5abe764e09 id=02
[735000] MASTER 1 W_VALID_RDY Handshake beat=68 wlast=0
[735000] MASTER 0 W_VALID_RDY Handshake beat=66 wlast=0
[745000] MASTER 0 W_VALID_RDY Handshake beat=67 wlast=0
[745000] MASTER 1 W_VALID_RDY Handshake beat=69 wlast=0
[745000] S1 MEMORY WRITE beat=66 addr=1bbc7eaa data=1831ca54e8907540 id=02
[745000] AXI S0_WVALID_RDY HANDSHAKE
[745000] S0 MEMORY WRITE beat=68 addr=04d64bc8 data=39dd922607a3ae14 id=19
[755000] AXI S0_WVALID_RDY HANDSHAKE
[755000] S0 MEMORY WRITE beat=69 addr=04d64c48 data=c5f9317eaa3d3613 id=19
[755000] S1 MEMORY WRITE beat=67 addr=1bbc7eab data=e7f826ac0f7a681e id=02
[755000] MASTER 1 W_VALID_RDY Handshake beat=70 wlast=0
[755000] MASTER 0 W_VALID_RDY Handshake beat=68 wlast=0
[765000] MASTER 0 W_VALID_RDY Handshake beat=69 wlast=0
[765000] MASTER 1 W_VALID_RDY Handshake beat=71 wlast=0
[765000] S1 MEMORY WRITE beat=68 addr=1bbc7eac data=cdf0b62730036884 id=02
[765000] AXI S0_WVALID_RDY HANDSHAKE
[765000] S0 MEMORY WRITE beat=70 addr=04d64cc8 data=ad0ea7078c695a08 id=19
[775000] AXI S0_WVALID_RDY HANDSHAKE
[775000] S0 MEMORY WRITE beat=71 addr=04d64d48 data=940d081c835cd1c4 id=19
[775000] S1 MEMORY WRITE beat=69 addr=1bbc7ead data=1893ddc480525206 id=02
[775000] MASTER 1 W_VALID_RDY Handshake beat=72 wlast=0
[775000] MASTER 0 W_VALID_RDY Handshake beat=70 wlast=0
[785000] MASTER 0 W_VALID_RDY Handshake beat=71 wlast=0
[785000] MASTER 1 W_VALID_RDY Handshake beat=73 wlast=0
[785000] S1 MEMORY WRITE beat=70 addr=1bbc7eae data=8fccba24e622807b id=02
[785000] AXI S0_WVALID_RDY HANDSHAKE
[785000] S0 MEMORY WRITE beat=72 addr=04d64dc8 data=2d9a07d8e6ec392d id=19
[795000] AXI S0_WVALID_RDY HANDSHAKE
[795000] S0 MEMORY WRITE beat=73 addr=04d64e48 data=f3559336da06399a id=19
[795000] S1 MEMORY WRITE beat=71 addr=1bbc7eaf data=9625e8ff008c0470 id=02
[795000] MASTER 1 W_VALID_RDY Handshake beat=74 wlast=0
[795000] MASTER 0 W_VALID_RDY Handshake beat=72 wlast=0
[805000] MASTER 0 W_VALID_RDY Handshake beat=73 wlast=0
[805000] MASTER 1 W_VALID_RDY Handshake beat=75 wlast=0
[805000] S1 MEMORY WRITE beat=72 addr=1bbc7eb0 data=80de5676ddbd704c id=02
[805000] AXI S0_WVALID_RDY HANDSHAKE
[805000] S0 MEMORY WRITE beat=74 addr=04d64ec8 data=dd630b5fdaa8aedf id=19
[815000] AXI S0_WVALID_RDY HANDSHAKE
[815000] S0 MEMORY WRITE beat=75 addr=04d64f48 data=c194e80d87629b52 id=19
[815000] S1 MEMORY WRITE beat=73 addr=1bbc7eb1 data=c3dff0c7aeb9c6c3 id=02
[815000] MASTER 1 W_VALID_RDY Handshake beat=76 wlast=0
[815000] MASTER 0 W_VALID_RDY Handshake beat=74 wlast=0
[825000] MASTER 0 W_VALID_RDY Handshake beat=75 wlast=0
[825000] MASTER 1 W_VALID_RDY Handshake beat=77 wlast=0
[825000] S1 MEMORY WRITE beat=74 addr=1bbc7eb2 data=af45cb3310ab109b id=02
[825000] AXI S0_WVALID_RDY HANDSHAKE
[825000] S0 MEMORY WRITE beat=76 addr=04d64fc8 data=e168d4ed0afd1337 id=19
[835000] AXI S0_WVALID_RDY HANDSHAKE
[835000] S0 MEMORY WRITE beat=77 addr=04d65048 data=e5a5c21634ea7b43 id=19
[835000] S1 MEMORY WRITE beat=75 addr=1bbc7eb3 data=ee6880e7da05d9c7 id=02
[835000] MASTER 1 W_VALID_RDY Handshake beat=78 wlast=0
[835000] MASTER 0 W_VALID_RDY Handshake beat=76 wlast=0
[845000] MASTER 0 W_VALID_RDY Handshake beat=77 wlast=0
[845000] MASTER 1 W_VALID_RDY Handshake beat=79 wlast=0
[845000] S1 MEMORY WRITE beat=76 addr=1bbc7eb4 data=88bfa08a302421aa id=02
[845000] AXI S0_WVALID_RDY HANDSHAKE
[845000] S0 MEMORY WRITE beat=78 addr=04d650c8 data=bc4d16953ecbe04c id=19
[855000] AXI S0_WVALID_RDY HANDSHAKE
[855000] S0 MEMORY WRITE beat=79 addr=04d65148 data=c9c8f383a73aaa23 id=19
[855000] S1 MEMORY WRITE beat=77 addr=1bbc7eb5 data=c0cf3245b24871ae id=02
[855000] MASTER 1 W_VALID_RDY Handshake beat=80 wlast=0
[855000] MASTER 0 W_VALID_RDY Handshake beat=78 wlast=0
[865000] MASTER 0 W_VALID_RDY Handshake beat=79 wlast=0
[865000] MASTER 1 W_VALID_RDY Handshake beat=81 wlast=0
[865000] S1 MEMORY WRITE beat=78 addr=1bbc7eb6 data=8c4e4b7538056bbe id=02
[865000] AXI S0_WVALID_RDY HANDSHAKE
[865000] S0 MEMORY WRITE beat=80 addr=04d651c8 data=dc2525669db5eb82 id=19
[875000] AXI S0_WVALID_RDY HANDSHAKE
[875000] S0 MEMORY WRITE beat=81 addr=04d65248 data=dc81cbceaf6eb599 id=19
[875000] S1 MEMORY WRITE beat=79 addr=1bbc7eb7 data=e8298d682f37b32c id=02
[875000] MASTER 1 W_VALID_RDY Handshake beat=82 wlast=0
[875000] MASTER 0 W_VALID_RDY Handshake beat=80 wlast=0
[885000] MASTER 0 W_VALID_RDY Handshake beat=81 wlast=0
[885000] MASTER 1 W_VALID_RDY Handshake beat=83 wlast=0
[885000] S1 MEMORY WRITE beat=80 addr=1bbc7eb8 data=e18024da150dec00 id=02
[885000] AXI S0_WVALID_RDY HANDSHAKE
[885000] S0 MEMORY WRITE beat=82 addr=04d652c8 data=d6a95fbd18723bfc id=19
[895000] AXI S0_WVALID_RDY HANDSHAKE
[895000] S0 MEMORY WRITE beat=83 addr=04d65348 data=b628277ea64abf51 id=19
[895000] S1 MEMORY WRITE beat=81 addr=1bbc7eb9 data=cd1357be28f8bfad id=02
[895000] MASTER 1 W_VALID_RDY Handshake beat=84 wlast=0
[895000] MASTER 0 W_VALID_RDY Handshake beat=82 wlast=0
[905000] MASTER 0 W_VALID_RDY Handshake beat=83 wlast=0
[905000] MASTER 1 W_VALID_RDY Handshake beat=85 wlast=0
[905000] S1 MEMORY WRITE beat=82 addr=1bbc7eba data=d83072d9edce7050 id=02
[905000] AXI S0_WVALID_RDY HANDSHAKE
[905000] S0 MEMORY WRITE beat=84 addr=04d653c8 data=d5b974ebb2ce8523 id=19
[915000] AXI S0_WVALID_RDY HANDSHAKE
[915000] S0 MEMORY WRITE beat=85 addr=04d65448 data=cb40c11f12a9f34d id=19
[915000] S1 MEMORY WRITE beat=83 addr=1bbc7ebb data=02dc5c50353ce526 id=02
[915000] MASTER 1 W_VALID_RDY Handshake beat=86 wlast=0
[915000] MASTER 0 W_VALID_RDY Handshake beat=84 wlast=0
[925000] MASTER 0 W_VALID_RDY Handshake beat=85 wlast=0
[925000] MASTER 1 W_VALID_RDY Handshake beat=87 wlast=0
[925000] S1 MEMORY WRITE beat=84 addr=1bbc7ebc data=de35a4d3b9b097b3 id=02
[925000] AXI S0_WVALID_RDY HANDSHAKE
[925000] S0 MEMORY WRITE beat=86 addr=04d654c8 data=b8f4b29e2c62d4a8 id=19
[935000] AXI S0_WVALID_RDY HANDSHAKE
[935000] S0 MEMORY WRITE beat=87 addr=04d65548 data=df3159cb0168e89e id=19
[935000] S1 MEMORY WRITE beat=85 addr=1bbc7ebd data=a77f0803cfefb40e id=02
[935000] MASTER 1 W_VALID_RDY Handshake beat=88 wlast=0
[935000] MASTER 0 W_VALID_RDY Handshake beat=86 wlast=0
[945000] MASTER 0 W_VALID_RDY Handshake beat=87 wlast=0
[945000] MASTER 1 W_VALID_RDY Handshake beat=89 wlast=0
[945000] S1 MEMORY WRITE beat=86 addr=1bbc7ebe data=052c9934366617ac id=02
[945000] AXI S0_WVALID_RDY HANDSHAKE
[945000] S0 MEMORY WRITE beat=88 addr=04d655c8 data=1412dbeb8eae2789 id=19
[955000] AXI S0_WVALID_RDY HANDSHAKE
[955000] S0 MEMORY WRITE beat=89 addr=04d65648 data=bb10fc312a721aeb id=19
[955000] S1 MEMORY WRITE beat=87 addr=1bbc7ebf data=f016af5faa5b6453 id=02
[955000] MASTER 1 W_VALID_RDY Handshake beat=90 wlast=0
[955000] MASTER 0 W_VALID_RDY Handshake beat=88 wlast=0
[965000] MASTER 0 W_VALID_RDY Handshake beat=89 wlast=0
[965000] MASTER 1 W_VALID_RDY Handshake beat=91 wlast=0
[965000] S1 MEMORY WRITE beat=88 addr=1bbc7ec0 data=fa4b1861e3623e07 id=02
[965000] AXI S0_WVALID_RDY HANDSHAKE
[965000] S0 MEMORY WRITE beat=90 addr=04d656c8 data=2bdb0389cd078e89 id=19
[975000] AXI S0_WVALID_RDY HANDSHAKE
[975000] S0 MEMORY WRITE beat=91 addr=04d65748 data=dbb5b6131a4255fd id=19
[975000] S1 MEMORY WRITE beat=89 addr=1bbc7ec1 data=19c855b31795b763 id=02
[975000] MASTER 1 W_VALID_RDY Handshake beat=92 wlast=0
[975000] MASTER 0 W_VALID_RDY Handshake beat=90 wlast=0
[985000] MASTER 0 W_VALID_RDY Handshake beat=91 wlast=0
[985000] MASTER 1 W_VALID_RDY Handshake beat=93 wlast=0
[985000] S1 MEMORY WRITE beat=90 addr=1bbc7ec2 data=c1f11bb6ff77b195 id=02
[985000] AXI S0_WVALID_RDY HANDSHAKE
[985000] S0 MEMORY WRITE beat=92 addr=04d657c8 data=c4b470e83feddf74 id=19
[995000] AXI S0_WVALID_RDY HANDSHAKE
[995000] S0 MEMORY WRITE beat=93 addr=04d65848 data=8cf56dfd96c6b244 id=19
[995000] S1 MEMORY WRITE beat=91 addr=1bbc7ec3 data=e2d9ef9c89df0512 id=02
[995000] MASTER 1 W_VALID_RDY Handshake beat=94 wlast=0
[995000] MASTER 0 W_VALID_RDY Handshake beat=92 wlast=0
[1005000] MASTER 0 W_VALID_RDY Handshake beat=93 wlast=0
[1005000] MASTER 1 W_VALID_RDY Handshake beat=95 wlast=0
[1005000] S1 MEMORY WRITE beat=92 addr=1bbc7ec4 data=a174bc753c3c3418 id=02
[1005000] AXI S0_WVALID_RDY HANDSHAKE
[1005000] S0 MEMORY WRITE beat=94 addr=04d658c8 data=b1090841f08f7471 id=19
[1015000] AXI S0_WVALID_RDY HANDSHAKE
[1015000] S0 MEMORY WRITE beat=95 addr=04d65948 data=307d53e5e8ab2410 id=19
[1015000] S1 MEMORY WRITE beat=93 addr=1bbc7ec5 data=bbb3e5adfca2454f id=02
[1015000] MASTER 1 W_VALID_RDY Handshake beat=96 wlast=0
[1015000] MASTER 0 W_VALID_RDY Handshake beat=94 wlast=0
[1025000] MASTER 0 W_VALID_RDY Handshake beat=95 wlast=0
[1025000] MASTER 1 W_VALID_RDY Handshake beat=97 wlast=0
[1025000] S1 MEMORY WRITE beat=94 addr=1bbc7ec6 data=06814a62e365d82c id=02
[1025000] AXI S0_WVALID_RDY HANDSHAKE
[1025000] S0 MEMORY WRITE beat=96 addr=04d659c8 data=ff71d655f5bd7929 id=19
[1035000] AXI S0_WVALID_RDY HANDSHAKE
[1035000] S0 MEMORY WRITE beat=97 addr=04d65a48 data=e64ced9abd72c1e2 id=19
[1035000] S1 MEMORY WRITE beat=95 addr=1bbc7ec7 data=1fa20c441e8dd54a id=02
[1035000] MASTER 1 W_VALID_RDY Handshake beat=98 wlast=0
[1035000] MASTER 0 W_VALID_RDY Handshake beat=96 wlast=0
[1045000] MASTER 0 W_VALID_RDY Handshake beat=97 wlast=0
[1045000] MASTER 1 W_VALID_RDY Handshake beat=99 wlast=0
[1045000] S1 MEMORY WRITE beat=96 addr=1bbc7ec8 data=9b301a99a7f606d7 id=02
[1045000] AXI S0_WVALID_RDY HANDSHAKE
[1045000] S0 MEMORY WRITE beat=98 addr=04d65ac8 data=261de5f3b07ade96 id=19
[1055000] AXI S0_WVALID_RDY HANDSHAKE
[1055000] S0 MEMORY WRITE beat=99 addr=04d65b48 data=263857c096ca417f id=19
[1055000] S1 MEMORY WRITE beat=97 addr=1bbc7ec9 data=8b5bdf03db55f1f1 id=02
[1055000] MASTER 1 W_VALID_RDY Handshake beat=100 wlast=0
[1055000] MASTER 0 W_VALID_RDY Handshake beat=98 wlast=0
[1065000] MASTER 0 W_VALID_RDY Handshake beat=99 wlast=0
[1065000] MASTER 1 W_VALID_RDY Handshake beat=101 wlast=0
[1065000] S1 MEMORY WRITE beat=98 addr=1bbc7eca data=f9e3c73ba1b164fb id=02
[1065000] AXI S0_WVALID_RDY HANDSHAKE
[1065000] S0 MEMORY WRITE beat=100 addr=04d65bc8 data=d43d0362258fbc48 id=19
[1075000] AXI S0_WVALID_RDY HANDSHAKE
[1075000] S0 MEMORY WRITE beat=101 addr=04d65c48 data=d60a9ade8c85455a id=19
[1075000] S1 MEMORY WRITE beat=99 addr=1bbc7ecb data=c9a76bd3aafdeb47 id=02
[1075000] MASTER 1 W_VALID_RDY Handshake beat=102 wlast=0
[1075000] MASTER 0 W_VALID_RDY Handshake beat=100 wlast=0
[1085000] MASTER 0 W_VALID_RDY Handshake beat=101 wlast=0
[1085000] MASTER 1 W_VALID_RDY Handshake beat=103 wlast=0
[1085000] S1 MEMORY WRITE beat=100 addr=1bbc7ecc data=0653dd391513e1d5 id=02
[1085000] AXI S0_WVALID_RDY HANDSHAKE
[1085000] S0 MEMORY WRITE beat=102 addr=04d65cc8 data=234f86dafa5ae955 id=19
[1095000] AXI S0_WVALID_RDY HANDSHAKE
[1095000] S0 MEMORY WRITE beat=103 addr=04d65d48 data=1feaa59dfc42f29e id=19
[1095000] S1 MEMORY WRITE beat=101 addr=1bbc7ecd data=b6c546d0d5034ad6 id=02
[1095000] MASTER 1 W_VALID_RDY Handshake beat=104 wlast=0
[1095000] MASTER 0 W_VALID_RDY Handshake beat=102 wlast=0
[1105000] MASTER 0 W_VALID_RDY Handshake beat=103 wlast=0
[1105000] MASTER 1 W_VALID_RDY Handshake beat=105 wlast=0
[1105000] S1 MEMORY WRITE beat=102 addr=1bbc7ece data=0001361e8037a474 id=02
[1105000] AXI S0_WVALID_RDY HANDSHAKE
[1105000] S0 MEMORY WRITE beat=104 addr=04d65dc8 data=08c837f9f78c8a3c id=19
[1115000] AXI S0_WVALID_RDY HANDSHAKE
[1115000] S0 MEMORY WRITE beat=105 addr=04d65e48 data=f1e77391f5f5407b id=19
[1115000] S1 MEMORY WRITE beat=103 addr=1bbc7ecf data=954b8649806cb2a3 id=02
[1115000] MASTER 1 W_VALID_RDY Handshake beat=106 wlast=0
[1115000] MASTER 0 W_VALID_RDY Handshake beat=104 wlast=0
[1125000] MASTER 0 W_VALID_RDY Handshake beat=105 wlast=0
[1125000] MASTER 1 W_VALID_RDY Handshake beat=107 wlast=0
[1125000] S1 MEMORY WRITE beat=104 addr=1bbc7ed0 data=d56ffd7a06551357 id=02
[1125000] AXI S0_WVALID_RDY HANDSHAKE
[1125000] S0 MEMORY WRITE beat=106 addr=04d65ec8 data=f238331a2c17bed3 id=19
[1135000] AXI S0_WVALID_RDY HANDSHAKE
[1135000] S0 MEMORY WRITE beat=107 addr=04d65f48 data=23a4490f11d2192e id=19
[1135000] S1 MEMORY WRITE beat=105 addr=1bbc7ed1 data=868cb7cbcc10cd1a id=02
[1135000] MASTER 1 W_VALID_RDY Handshake beat=108 wlast=0
[1135000] MASTER 0 W_VALID_RDY Handshake beat=106 wlast=0
[1145000] MASTER 0 W_VALID_RDY Handshake beat=107 wlast=0
[1145000] MASTER 1 W_VALID_RDY Handshake beat=109 wlast=0
[1145000] S1 MEMORY WRITE beat=106 addr=1bbc7ed2 data=cc7d7fbdd5713398 id=02
[1145000] AXI S0_WVALID_RDY HANDSHAKE
[1145000] S0 MEMORY WRITE beat=108 addr=04d65fc8 data=87c759a9fb006b13 id=19
[1155000] AXI S0_WVALID_RDY HANDSHAKE
[1155000] S0 MEMORY WRITE beat=109 addr=04d66048 data=271829e6158bbca0 id=19
[1155000] S1 MEMORY WRITE beat=107 addr=1bbc7ed3 data=dbc646ef1bd83e15 id=02
[1155000] MASTER 1 W_VALID_RDY Handshake beat=110 wlast=1
[1155000] MASTER 0 W_VALID_RDY Handshake beat=108 wlast=0
[1155000] MASTER_DRIVER1 received transaction, op=AXI_WRITE
[1165000] MASTER 0 W_VALID_RDY Handshake beat=109 wlast=0
[1165000] S1 MEMORY WRITE beat=108 addr=1bbc7ed4 data=e7e90b2fa1ed7d37 id=02
[1165000] AXI S0_WVALID_RDY HANDSHAKE
[1165000] S0 MEMORY WRITE beat=110 addr=04d660c8 data=275dd5cef9ff8cc3 id=19
[1175000] SLAVE0 sent B resp, id=9
[1175000] S1 MEMORY WRITE beat=109 addr=1bbc7ed5 data=f75eb0cfe252feba id=02
[1175000] [SLAVE MONITOR] mst_id=1 s_id=0 awaddr=4d629c8 awid=1001 awlen=110 awsize=7 awburst=1 wdata=[c461b36c3b72bc5d 22c879fd96eea646 3b896b8011c7e826 cd3aa483f6d9d10b dc87752ffeb1eec 91b30712f0031e80 e6dcef8bc951e2d2 c93d01bedeedab95 cef0ca15f4a566dd bdf749afdaf008d1 b9ddb46635cdb9a1 aa73207e07344b6e e224543f08ce7e7c 3e9c381de86a6a2e ef9eb59c9c0208a5 a4d08721e90f589b d179c2c9d1c309db edc51280e36cbf3e cc7c17dac1187865 92db8240129599a2 f60258e09df5daa3 df0e530900a094c1 13362e63c27e70ba e0744b5ef1e9d549 f28a6a0a89388743 cbb6f7fe3f829e67 b16c73b085c0986d ef91fb12c2b435c ebade1c323f6ddbb a9b77628dab017af 6db5b0b9d1a5573 c111332eb8b095d9 9360ad88f2893cce 8fa39241eac8a957 a3793f309a3c0893 8cc54561d0b4c570 3b7d6ec736d9ecb9 d115f54c1c68d7a3 ed1d9d13def6adf7 95d09ab0dddb3aae fa441251289b0bda 8791b9d1e6e68ffd c4c1caabe761af64 ffcbb3e1d625482 448e47f3f05dcfc 26678c60978e750f b4f0c991c90aaf2a 8108c263664479e cdf2bcadb939ae10 82445d3a2e781886 e4dc602402e3863f bc1d344f8a54e960 b8cd01e6b2cf1cd1 b5b2a3103e61918a c8b67aea9da9620a d0787edcf1cfd760 303168ea01837cd1 9f2cdedb862b21ec f7faf94cf8e7e3d4 fa6b60a5efa55db7 f5d07fa4a82c6236 2114460b19983f81 893d9d38edcb78f0 15f7db279b7fa6b0 b517e631ff0e1cdc ecd995cd370c2132 d28bc7e23e55836a bd63a04602d170f4 39dd922607a3ae14 c5f9317eaa3d3613 ad0ea7078c695a08 940d081c835cd1c4 2d9a07d8e6ec392d f3559336da06399a dd630b5fdaa8aedf c194e80d87629b52 e168d4ed0afd1337 e5a5c21634ea7b43 bc4d16953ecbe04c c9c8f383a73aaa23 dc2525669db5eb82 dc81cbceaf6eb599 d6a95fbd18723bfc b628277ea64abf51 d5b974ebb2ce8523 cb40c11f12a9f34d b8f4b29e2c62d4a8 df3159cb0168e89e 1412dbeb8eae2789 bb10fc312a721aeb 2bdb0389cd078e89 dbb5b6131a4255fd c4b470e83feddf74 8cf56dfd96c6b244 b1090841f08f7471 307d53e5e8ab2410 ff71d655f5bd7929 e64ced9abd72c1e2 261de5f3b07ade96 263857c096ca417f d43d0362258fbc48 d60a9ade8c85455a 234f86dafa5ae955 1feaa59dfc42f29e 8c837f9f78c8a3c f1e77391f5f5407b f238331a2c17bed3 23a4490f11d2192e 87c759a9fb006b13 271829e6158bbca0 275dd5cef9ff8cc3 ] wstrb=[f5 d6 77 95 bc 3b 63 b1 11 da 46 ce 15 a9 7f 27 84 c6 f5 99 6f 74 c0 f3 3a b5 8d aa 2a 4d 9d 64 3 2a e 2d 78 ac 91 7b d6 a0 a8 4e 4c 39 c9 22 d9 71 71 25 ab 3a 48 84 ac b9 aa 57 f3 f2 db 9f ab 85 f6 9e 77 d2 3e 22 57 34 c1 cf 6 ff f1 5e 33 b2 2d 3a b1 1e 98 e5 d1 c5 1f 82 e3 b7 67 b4 7c 86 37 5f 3d 9e 14 b9 25 4b 19 62 e9 2d 1c ] bresp=0 bid=11001
[1175000] MASTER 1 AW_VALID_RDY Handshake
[1175000] MASTER 0 W_VALID_RDY Handshake beat=110 wlast=0
[1185000] MASTER 0 W_VALID_RDY Handshake beat=111 wlast=0
[1185000] S1 MEMORY WRITE beat=110 addr=1bbc7ed6 data=fe2b3ccfb4668aec id=02
[1195000] S1 MEMORY WRITE beat=111 addr=1bbc7ed7 data=d6540824d324f7be id=02
[1195000] MASTER 1 W_VALID_RDY Handshake beat=0 wlast=0
[1195000] MASTER 1 B_VALID_RDY Handshake
[1195000] [MASTER MONITOR] mst_id=1 s_id=0 awaddr=4d629c8 awid=1001 awlen=110 awsize=7 awburst=1 wdata=[c461b36c3b72bc5d 22c879fd96eea646 3b896b8011c7e826 cd3aa483f6d9d10b dc87752ffeb1eec 91b30712f0031e80 e6dcef8bc951e2d2 c93d01bedeedab95 cef0ca15f4a566dd bdf749afdaf008d1 b9ddb46635cdb9a1 aa73207e07344b6e e224543f08ce7e7c 3e9c381de86a6a2e ef9eb59c9c0208a5 a4d08721e90f589b d179c2c9d1c309db edc51280e36cbf3e cc7c17dac1187865 92db8240129599a2 f60258e09df5daa3 df0e530900a094c1 13362e63c27e70ba e0744b5ef1e9d549 f28a6a0a89388743 cbb6f7fe3f829e67 b16c73b085c0986d ef91fb12c2b435c ebade1c323f6ddbb a9b77628dab017af 6db5b0b9d1a5573 c111332eb8b095d9 9360ad88f2893cce 8fa39241eac8a957 a3793f309a3c0893 8cc54561d0b4c570 3b7d6ec736d9ecb9 d115f54c1c68d7a3 ed1d9d13def6adf7 95d09ab0dddb3aae fa441251289b0bda 8791b9d1e6e68ffd c4c1caabe761af64 ffcbb3e1d625482 448e47f3f05dcfc 26678c60978e750f b4f0c991c90aaf2a 8108c263664479e cdf2bcadb939ae10 82445d3a2e781886 e4dc602402e3863f bc1d344f8a54e960 b8cd01e6b2cf1cd1 b5b2a3103e61918a c8b67aea9da9620a d0787edcf1cfd760 303168ea01837cd1 9f2cdedb862b21ec f7faf94cf8e7e3d4 fa6b60a5efa55db7 f5d07fa4a82c6236 2114460b19983f81 893d9d38edcb78f0 15f7db279b7fa6b0 b517e631ff0e1cdc ecd995cd370c2132 d28bc7e23e55836a bd63a04602d170f4 39dd922607a3ae14 c5f9317eaa3d3613 ad0ea7078c695a08 940d081c835cd1c4 2d9a07d8e6ec392d f3559336da06399a dd630b5fdaa8aedf c194e80d87629b52 e168d4ed0afd1337 e5a5c21634ea7b43 bc4d16953ecbe04c c9c8f383a73aaa23 dc2525669db5eb82 dc81cbceaf6eb599 d6a95fbd18723bfc b628277ea64abf51 d5b974ebb2ce8523 cb40c11f12a9f34d b8f4b29e2c62d4a8 df3159cb0168e89e 1412dbeb8eae2789 bb10fc312a721aeb 2bdb0389cd078e89 dbb5b6131a4255fd c4b470e83feddf74 8cf56dfd96c6b244 b1090841f08f7471 307d53e5e8ab2410 ff71d655f5bd7929 e64ced9abd72c1e2 261de5f3b07ade96 263857c096ca417f d43d0362258fbc48 d60a9ade8c85455a 234f86dafa5ae955 1feaa59dfc42f29e 8c837f9f78c8a3c f1e77391f5f5407b f238331a2c17bed3 23a4490f11d2192e 87c759a9fb006b13 271829e6158bbca0 275dd5cef9ff8cc3 ] wstrb=[f5 d6 77 95 bc 3b 63 b1 11 da 46 ce 15 a9 7f 27 84 c6 f5 99 6f 74 c0 f3 3a b5 8d aa 2a 4d 9d 64 3 2a e 2d 78 ac 91 7b d6 a0 a8 4e 4c 39 c9 22 d9 71 71 25 ab 3a 48 84 ac b9 aa 57 f3 f2 db 9f ab 85 f6 9e 77 d2 3e 22 57 34 c1 cf 6 ff f1 5e 33 b2 2d 3a b1 1e 98 e5 d1 c5 1f 82 e3 b7 67 b4 7c 86 37 5f 3d 9e 14 b9 25 4b 19 62 e9 2d 1c ] bresp=0 bid=1001
[1195000] MASTER 0 W_VALID_RDY Handshake beat=112 wlast=0
[1195000] MASTER 1 RECEIVED BRESP. BRESP=0
[1195000] [MASTER DRIVER] mst_id=1 s_id=0 awaddr=4d629c8 awid=1001 awlen=110 awsize=7 awburst=1 wdata=[c461b36c3b72bc5d 22c879fd96eea646 3b896b8011c7e826 cd3aa483f6d9d10b dc87752ffeb1eec 91b30712f0031e80 e6dcef8bc951e2d2 c93d01bedeedab95 cef0ca15f4a566dd bdf749afdaf008d1 b9ddb46635cdb9a1 aa73207e07344b6e e224543f08ce7e7c 3e9c381de86a6a2e ef9eb59c9c0208a5 a4d08721e90f589b d179c2c9d1c309db edc51280e36cbf3e cc7c17dac1187865 92db8240129599a2 f60258e09df5daa3 df0e530900a094c1 13362e63c27e70ba e0744b5ef1e9d549 f28a6a0a89388743 cbb6f7fe3f829e67 b16c73b085c0986d ef91fb12c2b435c ebade1c323f6ddbb a9b77628dab017af 6db5b0b9d1a5573 c111332eb8b095d9 9360ad88f2893cce 8fa39241eac8a957 a3793f309a3c0893 8cc54561d0b4c570 3b7d6ec736d9ecb9 d115f54c1c68d7a3 ed1d9d13def6adf7 95d09ab0dddb3aae fa441251289b0bda 8791b9d1e6e68ffd c4c1caabe761af64 ffcbb3e1d625482 448e47f3f05dcfc 26678c60978e750f b4f0c991c90aaf2a 8108c263664479e cdf2bcadb939ae10 82445d3a2e781886 e4dc602402e3863f bc1d344f8a54e960 b8cd01e6b2cf1cd1 b5b2a3103e61918a c8b67aea9da9620a d0787edcf1cfd760 303168ea01837cd1 9f2cdedb862b21ec f7faf94cf8e7e3d4 fa6b60a5efa55db7 f5d07fa4a82c6236 2114460b19983f81 893d9d38edcb78f0 15f7db279b7fa6b0 b517e631ff0e1cdc ecd995cd370c2132 d28bc7e23e55836a bd63a04602d170f4 39dd922607a3ae14 c5f9317eaa3d3613 ad0ea7078c695a08 940d081c835cd1c4 2d9a07d8e6ec392d f3559336da06399a dd630b5fdaa8aedf c194e80d87629b52 e168d4ed0afd1337 e5a5c21634ea7b43 bc4d16953ecbe04c c9c8f383a73aaa23 dc2525669db5eb82 dc81cbceaf6eb599 d6a95fbd18723bfc b628277ea64abf51 d5b974ebb2ce8523 cb40c11f12a9f34d b8f4b29e2c62d4a8 df3159cb0168e89e 1412dbeb8eae2789 bb10fc312a721aeb 2bdb0389cd078e89 dbb5b6131a4255fd c4b470e83feddf74 8cf56dfd96c6b244 b1090841f08f7471 307d53e5e8ab2410 ff71d655f5bd7929 e64ced9abd72c1e2 261de5f3b07ade96 263857c096ca417f d43d0362258fbc48 d60a9ade8c85455a 234f86dafa5ae955 1feaa59dfc42f29e 8c837f9f78c8a3c f1e77391f5f5407b f238331a2c17bed3 23a4490f11d2192e 87c759a9fb006b13 271829e6158bbca0 275dd5cef9ff8cc3 ] wstrb=[f5 d6 77 95 bc 3b 63 b1 11 da 46 ce 15 a9 7f 27 84 c6 f5 99 6f 74 c0 f3 3a b5 8d aa 2a 4d 9d 64 3 2a e 2d 78 ac 91 7b d6 a0 a8 4e 4c 39 c9 22 d9 71 71 25 ab 3a 48 84 ac b9 aa 57 f3 f2 db 9f ab 85 f6 9e 77 d2 3e 22 57 34 c1 cf 6 ff f1 5e 33 b2 2d 3a b1 1e 98 e5 d1 c5 1f 82 e3 b7 67 b4 7c 86 37 5f 3d 9e 14 b9 25 4b 19 62 e9 2d 1c ] bresp=0 bid=1001
[1195000] SCOREBOARD MATCH: decode_err expected = 0, actual =0
[1195000] SCOREBOARD MATCH: slave_id expected = 0, actual =0
[1195000] SCOREBOARD MATCH: awaddr passthrough expected = 4d629c8, actual =4d629c8
[1195000] SCOREBOARD MATCH: awlen passthrough expected = 110, actual =110
[1195000] SCOREBOARD MATCH: awsize passthrough expected = 7, actual =7
[1195000] SCOREBOARD MATCH: awburst passthrough expected = 1, actual =1
[1195000] SCOREBOARD MATCH: wdata size check expected = 6f, actual =6f
[1195000] SCOREBOARD MATCH: wdata passthrough beat=0 expected = c461b36c3b72bc5d, actual =c461b36c3b72bc5d
[1195000] SCOREBOARD MATCH: wdata passthrough beat=1 expected = 22c879fd96eea646, actual =22c879fd96eea646
[1195000] SCOREBOARD MATCH: wdata passthrough beat=2 expected = 3b896b8011c7e826, actual =3b896b8011c7e826
[1195000] SCOREBOARD MATCH: wdata passthrough beat=3 expected = cd3aa483f6d9d10b, actual =cd3aa483f6d9d10b
[1195000] SCOREBOARD MATCH: wdata passthrough beat=4 expected = dc87752ffeb1eec, actual =dc87752ffeb1eec
[1195000] SCOREBOARD MATCH: wdata passthrough beat=5 expected = 91b30712f0031e80, actual =91b30712f0031e80
[1195000] SCOREBOARD MATCH: wdata passthrough beat=6 expected = e6dcef8bc951e2d2, actual =e6dcef8bc951e2d2
[1195000] SCOREBOARD MATCH: wdata passthrough beat=7 expected = c93d01bedeedab95, actual =c93d01bedeedab95
[1195000] SCOREBOARD MATCH: wdata passthrough beat=8 expected = cef0ca15f4a566dd, actual =cef0ca15f4a566dd
[1195000] SCOREBOARD MATCH: wdata passthrough beat=9 expected = bdf749afdaf008d1, actual =bdf749afdaf008d1
[1195000] SCOREBOARD MATCH: wdata passthrough beat=10 expected = b9ddb46635cdb9a1, actual =b9ddb46635cdb9a1
[1195000] SCOREBOARD MATCH: wdata passthrough beat=11 expected = aa73207e07344b6e, actual =aa73207e07344b6e
[1195000] SCOREBOARD MATCH: wdata passthrough beat=12 expected = e224543f08ce7e7c, actual =e224543f08ce7e7c
[1195000] SCOREBOARD MATCH: wdata passthrough beat=13 expected = 3e9c381de86a6a2e, actual =3e9c381de86a6a2e
[1195000] SCOREBOARD MATCH: wdata passthrough beat=14 expected = ef9eb59c9c0208a5, actual =ef9eb59c9c0208a5
[1195000] SCOREBOARD MATCH: wdata passthrough beat=15 expected = a4d08721e90f589b, actual =a4d08721e90f589b
[1195000] SCOREBOARD MATCH: wdata passthrough beat=16 expected = d179c2c9d1c309db, actual =d179c2c9d1c309db
[1195000] SCOREBOARD MATCH: wdata passthrough beat=17 expected = edc51280e36cbf3e, actual =edc51280e36cbf3e
[1195000] SCOREBOARD MATCH: wdata passthrough beat=18 expected = cc7c17dac1187865, actual =cc7c17dac1187865
[1195000] SCOREBOARD MATCH: wdata passthrough beat=19 expected = 92db8240129599a2, actual =92db8240129599a2
[1195000] SCOREBOARD MATCH: wdata passthrough beat=20 expected = f60258e09df5daa3, actual =f60258e09df5daa3
[1195000] SCOREBOARD MATCH: wdata passthrough beat=21 expected = df0e530900a094c1, actual =df0e530900a094c1
[1195000] SCOREBOARD MATCH: wdata passthrough beat=22 expected = 13362e63c27e70ba, actual =13362e63c27e70ba
[1195000] SCOREBOARD MATCH: wdata passthrough beat=23 expected = e0744b5ef1e9d549, actual =e0744b5ef1e9d549
[1195000] SCOREBOARD MATCH: wdata passthrough beat=24 expected = f28a6a0a89388743, actual =f28a6a0a89388743
[1195000] SCOREBOARD MATCH: wdata passthrough beat=25 expected = cbb6f7fe3f829e67, actual =cbb6f7fe3f829e67
[1195000] SCOREBOARD MATCH: wdata passthrough beat=26 expected = b16c73b085c0986d, actual =b16c73b085c0986d
[1195000] SCOREBOARD MATCH: wdata passthrough beat=27 expected = ef91fb12c2b435c, actual =ef91fb12c2b435c
[1195000] SCOREBOARD MATCH: wdata passthrough beat=28 expected = ebade1c323f6ddbb, actual =ebade1c323f6ddbb
[1195000] SCOREBOARD MATCH: wdata passthrough beat=29 expected = a9b77628dab017af, actual =a9b77628dab017af
[1195000] SCOREBOARD MATCH: wdata passthrough beat=30 expected = 6db5b0b9d1a5573, actual =6db5b0b9d1a5573
[1195000] SCOREBOARD MATCH: wdata passthrough beat=31 expected = c111332eb8b095d9, actual =c111332eb8b095d9
[1195000] SCOREBOARD MATCH: wdata passthrough beat=32 expected = 9360ad88f2893cce, actual =9360ad88f2893cce
[1195000] SCOREBOARD MATCH: wdata passthrough beat=33 expected = 8fa39241eac8a957, actual =8fa39241eac8a957
[1195000] SCOREBOARD MATCH: wdata passthrough beat=34 expected = a3793f309a3c0893, actual =a3793f309a3c0893
[1195000] SCOREBOARD MATCH: wdata passthrough beat=35 expected = 8cc54561d0b4c570, actual =8cc54561d0b4c570
[1195000] SCOREBOARD MATCH: wdata passthrough beat=36 expected = 3b7d6ec736d9ecb9, actual =3b7d6ec736d9ecb9
[1195000] SCOREBOARD MATCH: wdata passthrough beat=37 expected = d115f54c1c68d7a3, actual =d115f54c1c68d7a3
[1195000] SCOREBOARD MATCH: wdata passthrough beat=38 expected = ed1d9d13def6adf7, actual =ed1d9d13def6adf7
[1195000] SCOREBOARD MATCH: wdata passthrough beat=39 expected = 95d09ab0dddb3aae, actual =95d09ab0dddb3aae
[1195000] SCOREBOARD MATCH: wdata passthrough beat=40 expected = fa441251289b0bda, actual =fa441251289b0bda
[1195000] SCOREBOARD MATCH: wdata passthrough beat=41 expected = 8791b9d1e6e68ffd, actual =8791b9d1e6e68ffd
[1195000] SCOREBOARD MATCH: wdata passthrough beat=42 expected = c4c1caabe761af64, actual =c4c1caabe761af64
[1195000] SCOREBOARD MATCH: wdata passthrough beat=43 expected = ffcbb3e1d625482, actual =ffcbb3e1d625482
[1195000] SCOREBOARD MATCH: wdata passthrough beat=44 expected = 448e47f3f05dcfc, actual =448e47f3f05dcfc
[1195000] SCOREBOARD MATCH: wdata passthrough beat=45 expected = 26678c60978e750f, actual =26678c60978e750f
[1195000] SCOREBOARD MATCH: wdata passthrough beat=46 expected = b4f0c991c90aaf2a, actual =b4f0c991c90aaf2a
[1195000] SCOREBOARD MATCH: wdata passthrough beat=47 expected = 8108c263664479e, actual =8108c263664479e
[1195000] SCOREBOARD MATCH: wdata passthrough beat=48 expected = cdf2bcadb939ae10, actual =cdf2bcadb939ae10
[1195000] SCOREBOARD MATCH: wdata passthrough beat=49 expected = 82445d3a2e781886, actual =82445d3a2e781886
[1195000] SCOREBOARD MATCH: wdata passthrough beat=50 expected = e4dc602402e3863f, actual =e4dc602402e3863f
[1195000] SCOREBOARD MATCH: wdata passthrough beat=51 expected = bc1d344f8a54e960, actual =bc1d344f8a54e960
[1195000] SCOREBOARD MATCH: wdata passthrough beat=52 expected = b8cd01e6b2cf1cd1, actual =b8cd01e6b2cf1cd1
[1195000] SCOREBOARD MATCH: wdata passthrough beat=53 expected = b5b2a3103e61918a, actual =b5b2a3103e61918a
[1195000] SCOREBOARD MATCH: wdata passthrough beat=54 expected = c8b67aea9da9620a, actual =c8b67aea9da9620a
[1195000] SCOREBOARD MATCH: wdata passthrough beat=55 expected = d0787edcf1cfd760, actual =d0787edcf1cfd760
[1195000] SCOREBOARD MATCH: wdata passthrough beat=56 expected = 303168ea01837cd1, actual =303168ea01837cd1
[1195000] SCOREBOARD MATCH: wdata passthrough beat=57 expected = 9f2cdedb862b21ec, actual =9f2cdedb862b21ec
[1195000] SCOREBOARD MATCH: wdata passthrough beat=58 expected = f7faf94cf8e7e3d4, actual =f7faf94cf8e7e3d4
[1195000] SCOREBOARD MATCH: wdata passthrough beat=59 expected = fa6b60a5efa55db7, actual =fa6b60a5efa55db7
[1195000] SCOREBOARD MATCH: wdata passthrough beat=60 expected = f5d07fa4a82c6236, actual =f5d07fa4a82c6236
[1195000] SCOREBOARD MATCH: wdata passthrough beat=61 expected = 2114460b19983f81, actual =2114460b19983f81
[1195000] SCOREBOARD MATCH: wdata passthrough beat=62 expected = 893d9d38edcb78f0, actual =893d9d38edcb78f0
[1195000] SCOREBOARD MATCH: wdata passthrough beat=63 expected = 15f7db279b7fa6b0, actual =15f7db279b7fa6b0
[1195000] SCOREBOARD MATCH: wdata passthrough beat=64 expected = b517e631ff0e1cdc, actual =b517e631ff0e1cdc
[1195000] SCOREBOARD MATCH: wdata passthrough beat=65 expected = ecd995cd370c2132, actual =ecd995cd370c2132
[1195000] SCOREBOARD MATCH: wdata passthrough beat=66 expected = d28bc7e23e55836a, actual =d28bc7e23e55836a
[1195000] SCOREBOARD MATCH: wdata passthrough beat=67 expected = bd63a04602d170f4, actual =bd63a04602d170f4
[1195000] SCOREBOARD MATCH: wdata passthrough beat=68 expected = 39dd922607a3ae14, actual =39dd922607a3ae14
[1195000] SCOREBOARD MATCH: wdata passthrough beat=69 expected = c5f9317eaa3d3613, actual =c5f9317eaa3d3613
[1195000] SCOREBOARD MATCH: wdata passthrough beat=70 expected = ad0ea7078c695a08, actual =ad0ea7078c695a08
[1195000] SCOREBOARD MATCH: wdata passthrough beat=71 expected = 940d081c835cd1c4, actual =940d081c835cd1c4
[1195000] SCOREBOARD MATCH: wdata passthrough beat=72 expected = 2d9a07d8e6ec392d, actual =2d9a07d8e6ec392d
[1195000] SCOREBOARD MATCH: wdata passthrough beat=73 expected = f3559336da06399a, actual =f3559336da06399a
[1195000] SCOREBOARD MATCH: wdata passthrough beat=74 expected = dd630b5fdaa8aedf, actual =dd630b5fdaa8aedf
[1195000] SCOREBOARD MATCH: wdata passthrough beat=75 expected = c194e80d87629b52, actual =c194e80d87629b52
[1195000] SCOREBOARD MATCH: wdata passthrough beat=76 expected = e168d4ed0afd1337, actual =e168d4ed0afd1337
[1195000] SCOREBOARD MATCH: wdata passthrough beat=77 expected = e5a5c21634ea7b43, actual =e5a5c21634ea7b43
[1195000] SCOREBOARD MATCH: wdata passthrough beat=78 expected = bc4d16953ecbe04c, actual =bc4d16953ecbe04c
[1195000] SCOREBOARD MATCH: wdata passthrough beat=79 expected = c9c8f383a73aaa23, actual =c9c8f383a73aaa23
[1195000] SCOREBOARD MATCH: wdata passthrough beat=80 expected = dc2525669db5eb82, actual =dc2525669db5eb82
[1195000] SCOREBOARD MATCH: wdata passthrough beat=81 expected = dc81cbceaf6eb599, actual =dc81cbceaf6eb599
[1195000] SCOREBOARD MATCH: wdata passthrough beat=82 expected = d6a95fbd18723bfc, actual =d6a95fbd18723bfc
[1195000] SCOREBOARD MATCH: wdata passthrough beat=83 expected = b628277ea64abf51, actual =b628277ea64abf51
[1195000] SCOREBOARD MATCH: wdata passthrough beat=84 expected = d5b974ebb2ce8523, actual =d5b974ebb2ce8523
[1195000] SCOREBOARD MATCH: wdata passthrough beat=85 expected = cb40c11f12a9f34d, actual =cb40c11f12a9f34d
[1195000] SCOREBOARD MATCH: wdata passthrough beat=86 expected = b8f4b29e2c62d4a8, actual =b8f4b29e2c62d4a8
[1195000] SCOREBOARD MATCH: wdata passthrough beat=87 expected = df3159cb0168e89e, actual =df3159cb0168e89e
[1195000] SCOREBOARD MATCH: wdata passthrough beat=88 expected = 1412dbeb8eae2789, actual =1412dbeb8eae2789
[1195000] SCOREBOARD MATCH: wdata passthrough beat=89 expected = bb10fc312a721aeb, actual =bb10fc312a721aeb
[1195000] SCOREBOARD MATCH: wdata passthrough beat=90 expected = 2bdb0389cd078e89, actual =2bdb0389cd078e89
[1195000] SCOREBOARD MATCH: wdata passthrough beat=91 expected = dbb5b6131a4255fd, actual =dbb5b6131a4255fd
[1195000] SCOREBOARD MATCH: wdata passthrough beat=92 expected = c4b470e83feddf74, actual =c4b470e83feddf74
[1195000] SCOREBOARD MATCH: wdata passthrough beat=93 expected = 8cf56dfd96c6b244, actual =8cf56dfd96c6b244
[1195000] SCOREBOARD MATCH: wdata passthrough beat=94 expected = b1090841f08f7471, actual =b1090841f08f7471
[1195000] SCOREBOARD MATCH: wdata passthrough beat=95 expected = 307d53e5e8ab2410, actual =307d53e5e8ab2410
[1195000] SCOREBOARD MATCH: wdata passthrough beat=96 expected = ff71d655f5bd7929, actual =ff71d655f5bd7929
[1195000] SCOREBOARD MATCH: wdata passthrough beat=97 expected = e64ced9abd72c1e2, actual =e64ced9abd72c1e2
[1195000] SCOREBOARD MATCH: wdata passthrough beat=98 expected = 261de5f3b07ade96, actual =261de5f3b07ade96
[1195000] SCOREBOARD MATCH: wdata passthrough beat=99 expected = 263857c096ca417f, actual =263857c096ca417f
[1195000] SCOREBOARD MATCH: wdata passthrough beat=100 expected = d43d0362258fbc48, actual =d43d0362258fbc48
[1195000] SCOREBOARD MATCH: wdata passthrough beat=101 expected = d60a9ade8c85455a, actual =d60a9ade8c85455a
[1195000] SCOREBOARD MATCH: wdata passthrough beat=102 expected = 234f86dafa5ae955, actual =234f86dafa5ae955
[1195000] SCOREBOARD MATCH: wdata passthrough beat=103 expected = 1feaa59dfc42f29e, actual =1feaa59dfc42f29e
[1195000] SCOREBOARD MATCH: wdata passthrough beat=104 expected = 8c837f9f78c8a3c, actual =8c837f9f78c8a3c
[1195000] SCOREBOARD MATCH: wdata passthrough beat=105 expected = f1e77391f5f5407b, actual =f1e77391f5f5407b
[1195000] SCOREBOARD MATCH: wdata passthrough beat=106 expected = f238331a2c17bed3, actual =f238331a2c17bed3
[1195000] SCOREBOARD MATCH: wdata passthrough beat=107 expected = 23a4490f11d2192e, actual =23a4490f11d2192e
[1195000] SCOREBOARD MATCH: wdata passthrough beat=108 expected = 87c759a9fb006b13, actual =87c759a9fb006b13
[1195000] SCOREBOARD MATCH: wdata passthrough beat=109 expected = 271829e6158bbca0, actual =271829e6158bbca0
[1195000] SCOREBOARD MATCH: wdata passthrough beat=110 expected = 275dd5cef9ff8cc3, actual =275dd5cef9ff8cc3
[1195000] SCOREBOARD MATCH: wstrb size check expected = 6f, actual =6f
[1195000] SCOREBOARD MATCH: wstrb passthrough beat=0 expected = f5, actual =f5
[1195000] SCOREBOARD MATCH: wstrb passthrough beat=1 expected = d6, actual =d6
[1195000] SCOREBOARD MATCH: wstrb passthrough beat=2 expected = 77, actual =77
[1195000] SCOREBOARD MATCH: wstrb passthrough beat=3 expected = 95, actual =95
[1195000] SCOREBOARD MATCH: wstrb passthrough beat=4 expected = bc, actual =bc
[1195000] SCOREBOARD MATCH: wstrb passthrough beat=5 expected = 3b, actual =3b
[1195000] SCOREBOARD MATCH: wstrb passthrough beat=6 expected = 63, actual =63
[1195000] SCOREBOARD MATCH: wstrb passthrough beat=7 expected = b1, actual =b1
[1195000] SCOREBOARD MATCH: wstrb passthrough beat=8 expected = 11, actual =11
[1195000] SCOREBOARD MATCH: wstrb passthrough beat=9 expected = da, actual =da
[1195000] SCOREBOARD MATCH: wstrb passthrough beat=10 expected = 46, actual =46
[1195000] SCOREBOARD MATCH: wstrb passthrough beat=11 expected = ce, actual =ce
[1195000] SCOREBOARD MATCH: wstrb passthrough beat=12 expected = 15, actual =15
[1195000] SCOREBOARD MATCH: wstrb passthrough beat=13 expected = a9, actual =a9
[1195000] SCOREBOARD MATCH: wstrb passthrough beat=14 expected = 7f, actual =7f
[1195000] SCOREBOARD MATCH: wstrb passthrough beat=15 expected = 27, actual =27
[1195000] SCOREBOARD MATCH: wstrb passthrough beat=16 expected = 84, actual =84
[1195000] SCOREBOARD MATCH: wstrb passthrough beat=17 expected = c6, actual =c6
[1195000] SCOREBOARD MATCH: wstrb passthrough beat=18 expected = f5, actual =f5
[1195000] SCOREBOARD MATCH: wstrb passthrough beat=19 expected = 99, actual =99
[1195000] SCOREBOARD MATCH: wstrb passthrough beat=20 expected = 6f, actual =6f
[1195000] SCOREBOARD MATCH: wstrb passthrough beat=21 expected = 74, actual =74
[1195000] SCOREBOARD MATCH: wstrb passthrough beat=22 expected = c0, actual =c0
[1195000] SCOREBOARD MATCH: wstrb passthrough beat=23 expected = f3, actual =f3
[1195000] SCOREBOARD MATCH: wstrb passthrough beat=24 expected = 3a, actual =3a
[1195000] SCOREBOARD MATCH: wstrb passthrough beat=25 expected = b5, actual =b5
[1195000] SCOREBOARD MATCH: wstrb passthrough beat=26 expected = 8d, actual =8d
[1195000] SCOREBOARD MATCH: wstrb passthrough beat=27 expected = aa, actual =aa
[1195000] SCOREBOARD MATCH: wstrb passthrough beat=28 expected = 2a, actual =2a
[1195000] SCOREBOARD MATCH: wstrb passthrough beat=29 expected = 4d, actual =4d
[1195000] SCOREBOARD MATCH: wstrb passthrough beat=30 expected = 9d, actual =9d
[1195000] SCOREBOARD MATCH: wstrb passthrough beat=31 expected = 64, actual =64
[1195000] SCOREBOARD MATCH: wstrb passthrough beat=32 expected = 3, actual =3
[1195000] SCOREBOARD MATCH: wstrb passthrough beat=33 expected = 2a, actual =2a
[1195000] SCOREBOARD MATCH: wstrb passthrough beat=34 expected = e, actual =e
[1195000] SCOREBOARD MATCH: wstrb passthrough beat=35 expected = 2d, actual =2d
[1195000] SCOREBOARD MATCH: wstrb passthrough beat=36 expected = 78, actual =78
[1195000] SCOREBOARD MATCH: wstrb passthrough beat=37 expected = ac, actual =ac
[1195000] SCOREBOARD MATCH: wstrb passthrough beat=38 expected = 91, actual =91
[1195000] SCOREBOARD MATCH: wstrb passthrough beat=39 expected = 7b, actual =7b
[1195000] SCOREBOARD MATCH: wstrb passthrough beat=40 expected = d6, actual =d6
[1195000] SCOREBOARD MATCH: wstrb passthrough beat=41 expected = a0, actual =a0
[1195000] SCOREBOARD MATCH: wstrb passthrough beat=42 expected = a8, actual =a8
[1195000] SCOREBOARD MATCH: wstrb passthrough beat=43 expected = 4e, actual =4e
[1195000] SCOREBOARD MATCH: wstrb passthrough beat=44 expected = 4c, actual =4c
[1195000] SCOREBOARD MATCH: wstrb passthrough beat=45 expected = 39, actual =39
[1195000] SCOREBOARD MATCH: wstrb passthrough beat=46 expected = c9, actual =c9
[1195000] SCOREBOARD MATCH: wstrb passthrough beat=47 expected = 22, actual =22
[1195000] SCOREBOARD MATCH: wstrb passthrough beat=48 expected = d9, actual =d9
[1195000] SCOREBOARD MATCH: wstrb passthrough beat=49 expected = 71, actual =71
[1195000] SCOREBOARD MATCH: wstrb passthrough beat=50 expected = 71, actual =71
[1195000] SCOREBOARD MATCH: wstrb passthrough beat=51 expected = 25, actual =25
[1195000] SCOREBOARD MATCH: wstrb passthrough beat=52 expected = ab, actual =ab
[1195000] SCOREBOARD MATCH: wstrb passthrough beat=53 expected = 3a, actual =3a
[1195000] SCOREBOARD MATCH: wstrb passthrough beat=54 expected = 48, actual =48
[1195000] SCOREBOARD MATCH: wstrb passthrough beat=55 expected = 84, actual =84
[1195000] SCOREBOARD MATCH: wstrb passthrough beat=56 expected = ac, actual =ac
[1195000] SCOREBOARD MATCH: wstrb passthrough beat=57 expected = b9, actual =b9
[1195000] SCOREBOARD MATCH: wstrb passthrough beat=58 expected = aa, actual =aa
[1195000] SCOREBOARD MATCH: wstrb passthrough beat=59 expected = 57, actual =57
[1195000] SCOREBOARD MATCH: wstrb passthrough beat=60 expected = f3, actual =f3
[1195000] SCOREBOARD MATCH: wstrb passthrough beat=61 expected = f2, actual =f2
[1195000] SCOREBOARD MATCH: wstrb passthrough beat=62 expected = db, actual =db
[1195000] SCOREBOARD MATCH: wstrb passthrough beat=63 expected = 9f, actual =9f
[1195000] SCOREBOARD MATCH: wstrb passthrough beat=64 expected = ab, actual =ab
[1195000] SCOREBOARD MATCH: wstrb passthrough beat=65 expected = 85, actual =85
[1195000] SCOREBOARD MATCH: wstrb passthrough beat=66 expected = f6, actual =f6
[1195000] SCOREBOARD MATCH: wstrb passthrough beat=67 expected = 9e, actual =9e
[1195000] SCOREBOARD MATCH: wstrb passthrough beat=68 expected = 77, actual =77
[1195000] SCOREBOARD MATCH: wstrb passthrough beat=69 expected = d2, actual =d2
[1195000] SCOREBOARD MATCH: wstrb passthrough beat=70 expected = 3e, actual =3e
[1195000] SCOREBOARD MATCH: wstrb passthrough beat=71 expected = 22, actual =22
[1195000] SCOREBOARD MATCH: wstrb passthrough beat=72 expected = 57, actual =57
[1195000] SCOREBOARD MATCH: wstrb passthrough beat=73 expected = 34, actual =34
[1195000] SCOREBOARD MATCH: wstrb passthrough beat=74 expected = c1, actual =c1
[1195000] SCOREBOARD MATCH: wstrb passthrough beat=75 expected = cf, actual =cf
[1195000] SCOREBOARD MATCH: wstrb passthrough beat=76 expected = 6, actual =6
[1195000] SCOREBOARD MATCH: wstrb passthrough beat=77 expected = ff, actual =ff
[1195000] SCOREBOARD MATCH: wstrb passthrough beat=78 expected = f1, actual =f1
[1195000] SCOREBOARD MATCH: wstrb passthrough beat=79 expected = 5e, actual =5e
[1195000] SCOREBOARD MATCH: wstrb passthrough beat=80 expected = 33, actual =33
[1195000] SCOREBOARD MATCH: wstrb passthrough beat=81 expected = b2, actual =b2
[1195000] SCOREBOARD MATCH: wstrb passthrough beat=82 expected = 2d, actual =2d
[1195000] SCOREBOARD MATCH: wstrb passthrough beat=83 expected = 3a, actual =3a
[1195000] SCOREBOARD MATCH: wstrb passthrough beat=84 expected = b1, actual =b1
[1195000] SCOREBOARD MATCH: wstrb passthrough beat=85 expected = 1e, actual =1e
[1195000] SCOREBOARD MATCH: wstrb passthrough beat=86 expected = 98, actual =98
[1195000] SCOREBOARD MATCH: wstrb passthrough beat=87 expected = e5, actual =e5
[1195000] SCOREBOARD MATCH: wstrb passthrough beat=88 expected = d1, actual =d1
[1195000] SCOREBOARD MATCH: wstrb passthrough beat=89 expected = c5, actual =c5
[1195000] SCOREBOARD MATCH: wstrb passthrough beat=90 expected = 1f, actual =1f
[1195000] SCOREBOARD MATCH: wstrb passthrough beat=91 expected = 82, actual =82
[1195000] SCOREBOARD MATCH: wstrb passthrough beat=92 expected = e3, actual =e3
[1195000] SCOREBOARD MATCH: wstrb passthrough beat=93 expected = b7, actual =b7
[1195000] SCOREBOARD MATCH: wstrb passthrough beat=94 expected = 67, actual =67
[1195000] SCOREBOARD MATCH: wstrb passthrough beat=95 expected = b4, actual =b4
[1195000] SCOREBOARD MATCH: wstrb passthrough beat=96 expected = 7c, actual =7c
[1195000] SCOREBOARD MATCH: wstrb passthrough beat=97 expected = 86, actual =86
[1195000] SCOREBOARD MATCH: wstrb passthrough beat=98 expected = 37, actual =37
[1195000] SCOREBOARD MATCH: wstrb passthrough beat=99 expected = 5f, actual =5f
[1195000] SCOREBOARD MATCH: wstrb passthrough beat=100 expected = 3d, actual =3d
[1195000] SCOREBOARD MATCH: wstrb passthrough beat=101 expected = 9e, actual =9e
[1195000] SCOREBOARD MATCH: wstrb passthrough beat=102 expected = 14, actual =14
[1195000] SCOREBOARD MATCH: wstrb passthrough beat=103 expected = b9, actual =b9
[1195000] SCOREBOARD MATCH: wstrb passthrough beat=104 expected = 25, actual =25
[1195000] SCOREBOARD MATCH: wstrb passthrough beat=105 expected = 4b, actual =4b
[1195000] SCOREBOARD MATCH: wstrb passthrough beat=106 expected = 19, actual =19
[1195000] SCOREBOARD MATCH: wstrb passthrough beat=107 expected = 62, actual =62
[1195000] SCOREBOARD MATCH: wstrb passthrough beat=108 expected = e9, actual =e9
[1195000] SCOREBOARD MATCH: wstrb passthrough beat=109 expected = 2d, actual =2d
[1195000] SCOREBOARD MATCH: wstrb passthrough beat=110 expected = 1c, actual =1c
[1195000] SCOREBOARD MATCH: bresp passthrough expected = 0, actual =0
[1195000] SCOREBOARD MATCH: response routed to correct master (write) expected = 1, actual =1
[1195000] [SCOREBOARD-M] mst_id=1 s_id=0 awaddr=4d629c8 awid=1001 awlen=110 awsize=7 awburst=1 wdata=[c461b36c3b72bc5d 22c879fd96eea646 3b896b8011c7e826 cd3aa483f6d9d10b dc87752ffeb1eec 91b30712f0031e80 e6dcef8bc951e2d2 c93d01bedeedab95 cef0ca15f4a566dd bdf749afdaf008d1 b9ddb46635cdb9a1 aa73207e07344b6e e224543f08ce7e7c 3e9c381de86a6a2e ef9eb59c9c0208a5 a4d08721e90f589b d179c2c9d1c309db edc51280e36cbf3e cc7c17dac1187865 92db8240129599a2 f60258e09df5daa3 df0e530900a094c1 13362e63c27e70ba e0744b5ef1e9d549 f28a6a0a89388743 cbb6f7fe3f829e67 b16c73b085c0986d ef91fb12c2b435c ebade1c323f6ddbb a9b77628dab017af 6db5b0b9d1a5573 c111332eb8b095d9 9360ad88f2893cce 8fa39241eac8a957 a3793f309a3c0893 8cc54561d0b4c570 3b7d6ec736d9ecb9 d115f54c1c68d7a3 ed1d9d13def6adf7 95d09ab0dddb3aae fa441251289b0bda 8791b9d1e6e68ffd c4c1caabe761af64 ffcbb3e1d625482 448e47f3f05dcfc 26678c60978e750f b4f0c991c90aaf2a 8108c263664479e cdf2bcadb939ae10 82445d3a2e781886 e4dc602402e3863f bc1d344f8a54e960 b8cd01e6b2cf1cd1 b5b2a3103e61918a c8b67aea9da9620a d0787edcf1cfd760 303168ea01837cd1 9f2cdedb862b21ec f7faf94cf8e7e3d4 fa6b60a5efa55db7 f5d07fa4a82c6236 2114460b19983f81 893d9d38edcb78f0 15f7db279b7fa6b0 b517e631ff0e1cdc ecd995cd370c2132 d28bc7e23e55836a bd63a04602d170f4 39dd922607a3ae14 c5f9317eaa3d3613 ad0ea7078c695a08 940d081c835cd1c4 2d9a07d8e6ec392d f3559336da06399a dd630b5fdaa8aedf c194e80d87629b52 e168d4ed0afd1337 e5a5c21634ea7b43 bc4d16953ecbe04c c9c8f383a73aaa23 dc2525669db5eb82 dc81cbceaf6eb599 d6a95fbd18723bfc b628277ea64abf51 d5b974ebb2ce8523 cb40c11f12a9f34d b8f4b29e2c62d4a8 df3159cb0168e89e 1412dbeb8eae2789 bb10fc312a721aeb 2bdb0389cd078e89 dbb5b6131a4255fd c4b470e83feddf74 8cf56dfd96c6b244 b1090841f08f7471 307d53e5e8ab2410 ff71d655f5bd7929 e64ced9abd72c1e2 261de5f3b07ade96 263857c096ca417f d43d0362258fbc48 d60a9ade8c85455a 234f86dafa5ae955 1feaa59dfc42f29e 8c837f9f78c8a3c f1e77391f5f5407b f238331a2c17bed3 23a4490f11d2192e 87c759a9fb006b13 271829e6158bbca0 275dd5cef9ff8cc3 ] wstrb=[f5 d6 77 95 bc 3b 63 b1 11 da 46 ce 15 a9 7f 27 84 c6 f5 99 6f 74 c0 f3 3a b5 8d aa 2a 4d 9d 64 3 2a e 2d 78 ac 91 7b d6 a0 a8 4e 4c 39 c9 22 d9 71 71 25 ab 3a 48 84 ac b9 aa 57 f3 f2 db 9f ab 85 f6 9e 77 d2 3e 22 57 34 c1 cf 6 ff f1 5e 33 b2 2d 3a b1 1e 98 e5 d1 c5 1f 82 e3 b7 67 b4 7c 86 37 5f 3d 9e 14 b9 25 4b 19 62 e9 2d 1c ] bresp=0 bid=1001
[1195000] [SCOREBOARD-S] mst_id=1 s_id=0 awaddr=4d629c8 awid=1001 awlen=110 awsize=7 awburst=1 wdata=[c461b36c3b72bc5d 22c879fd96eea646 3b896b8011c7e826 cd3aa483f6d9d10b dc87752ffeb1eec 91b30712f0031e80 e6dcef8bc951e2d2 c93d01bedeedab95 cef0ca15f4a566dd bdf749afdaf008d1 b9ddb46635cdb9a1 aa73207e07344b6e e224543f08ce7e7c 3e9c381de86a6a2e ef9eb59c9c0208a5 a4d08721e90f589b d179c2c9d1c309db edc51280e36cbf3e cc7c17dac1187865 92db8240129599a2 f60258e09df5daa3 df0e530900a094c1 13362e63c27e70ba e0744b5ef1e9d549 f28a6a0a89388743 cbb6f7fe3f829e67 b16c73b085c0986d ef91fb12c2b435c ebade1c323f6ddbb a9b77628dab017af 6db5b0b9d1a5573 c111332eb8b095d9 9360ad88f2893cce 8fa39241eac8a957 a3793f309a3c0893 8cc54561d0b4c570 3b7d6ec736d9ecb9 d115f54c1c68d7a3 ed1d9d13def6adf7 95d09ab0dddb3aae fa441251289b0bda 8791b9d1e6e68ffd c4c1caabe761af64 ffcbb3e1d625482 448e47f3f05dcfc 26678c60978e750f b4f0c991c90aaf2a 8108c263664479e cdf2bcadb939ae10 82445d3a2e781886 e4dc602402e3863f bc1d344f8a54e960 b8cd01e6b2cf1cd1 b5b2a3103e61918a c8b67aea9da9620a d0787edcf1cfd760 303168ea01837cd1 9f2cdedb862b21ec f7faf94cf8e7e3d4 fa6b60a5efa55db7 f5d07fa4a82c6236 2114460b19983f81 893d9d38edcb78f0 15f7db279b7fa6b0 b517e631ff0e1cdc ecd995cd370c2132 d28bc7e23e55836a bd63a04602d170f4 39dd922607a3ae14 c5f9317eaa3d3613 ad0ea7078c695a08 940d081c835cd1c4 2d9a07d8e6ec392d f3559336da06399a dd630b5fdaa8aedf c194e80d87629b52 e168d4ed0afd1337 e5a5c21634ea7b43 bc4d16953ecbe04c c9c8f383a73aaa23 dc2525669db5eb82 dc81cbceaf6eb599 d6a95fbd18723bfc b628277ea64abf51 d5b974ebb2ce8523 cb40c11f12a9f34d b8f4b29e2c62d4a8 df3159cb0168e89e 1412dbeb8eae2789 bb10fc312a721aeb 2bdb0389cd078e89 dbb5b6131a4255fd c4b470e83feddf74 8cf56dfd96c6b244 b1090841f08f7471 307d53e5e8ab2410 ff71d655f5bd7929 e64ced9abd72c1e2 261de5f3b07ade96 263857c096ca417f d43d0362258fbc48 d60a9ade8c85455a 234f86dafa5ae955 1feaa59dfc42f29e 8c837f9f78c8a3c f1e77391f5f5407b f238331a2c17bed3 23a4490f11d2192e 87c759a9fb006b13 271829e6158bbca0 275dd5cef9ff8cc3 ] wstrb=[f5 d6 77 95 bc 3b 63 b1 11 da 46 ce 15 a9 7f 27 84 c6 f5 99 6f 74 c0 f3 3a b5 8d aa 2a 4d 9d 64 3 2a e 2d 78 ac 91 7b d6 a0 a8 4e 4c 39 c9 22 d9 71 71 25 ab 3a 48 84 ac b9 aa 57 f3 f2 db 9f ab 85 f6 9e 77 d2 3e 22 57 34 c1 cf 6 ff f1 5e 33 b2 2d 3a b1 1e 98 e5 d1 c5 1f 82 e3 b7 67 b4 7c 86 37 5f 3d 9e 14 b9 25 4b 19 62 e9 2d 1c ] bresp=0 bid=11001
[1195000] SCOREBOARD: Transaction 2 received. pass=246 fail=0
[1195000] ALL PASS. Total transactions: 2
[1205000] MASTER 0 W_VALID_RDY Handshake beat=113 wlast=0
[1205000] MASTER 1 W_VALID_RDY Handshake beat=1 wlast=0
[1205000] S1 MEMORY WRITE beat=112 addr=1bbc7ed8 data=3577f679e61447fe id=02
[1215000] S1 MEMORY WRITE beat=113 addr=1bbc7ed9 data=1a7ad2ebcdb2b8f3 id=02
[1215000] MASTER 1 W_VALID_RDY Handshake beat=2 wlast=0
[1215000] MASTER 0 W_VALID_RDY Handshake beat=114 wlast=0
[1225000] MASTER 0 W_VALID_RDY Handshake beat=115 wlast=0
[1225000] MASTER 1 W_VALID_RDY Handshake beat=3 wlast=0
[1225000] S1 MEMORY WRITE beat=114 addr=1bbc7eda data=20d7b0b2b3a33348 id=02
[1235000] S1 MEMORY WRITE beat=115 addr=1bbc7edb data=19b77b47f0cedb0f id=02
[1235000] MASTER 1 W_VALID_RDY Handshake beat=4 wlast=0
[1235000] MASTER 0 W_VALID_RDY Handshake beat=116 wlast=0
[1245000] MASTER 0 W_VALID_RDY Handshake beat=117 wlast=0
[1245000] MASTER 1 W_VALID_RDY Handshake beat=5 wlast=0
[1245000] S1 MEMORY WRITE beat=116 addr=1bbc7edc data=be819402d64fa72b id=02
[1255000] S1 MEMORY WRITE beat=117 addr=1bbc7edd data=89f2da7334324e32 id=02
[1255000] MASTER 1 W_VALID_RDY Handshake beat=6 wlast=0
[1255000] MASTER 0 W_VALID_RDY Handshake beat=118 wlast=0
[1265000] MASTER 0 W_VALID_RDY Handshake beat=119 wlast=0
[1265000] MASTER 1 W_VALID_RDY Handshake beat=7 wlast=0
[1265000] S1 MEMORY WRITE beat=118 addr=1bbc7ede data=25012941df5944b4 id=02
[1275000] S1 MEMORY WRITE beat=119 addr=1bbc7edf data=b5a8ebdfa3aa55ba id=02
[1275000] MASTER 0 W_VALID_RDY Handshake beat=120 wlast=0
[1285000] MASTER 0 W_VALID_RDY Handshake beat=121 wlast=0
[1285000] S1 MEMORY WRITE beat=120 addr=1bbc7ee0 data=d7dca3ece382bd43 id=02
[1295000] S1 MEMORY WRITE beat=121 addr=1bbc7ee1 data=c2dc01f83f9bc653 id=02
[1295000] MASTER 0 W_VALID_RDY Handshake beat=122 wlast=0
[1305000] MASTER 0 W_VALID_RDY Handshake beat=123 wlast=0
[1305000] S1 MEMORY WRITE beat=122 addr=1bbc7ee2 data=e3461c0dfcddcd2d id=02
[1315000] S1 MEMORY WRITE beat=123 addr=1bbc7ee3 data=e0608a71f884edd7 id=02
[1315000] MASTER 0 W_VALID_RDY Handshake beat=124 wlast=0
[1325000] MASTER 0 W_VALID_RDY Handshake beat=125 wlast=0
[1325000] S1 MEMORY WRITE beat=124 addr=1bbc7ee4 data=b820b42a3b22bffa id=02
[1335000] S1 MEMORY WRITE beat=125 addr=1bbc7ee5 data=b8008d27233c8c69 id=02
[1335000] MASTER 0 W_VALID_RDY Handshake beat=126 wlast=0
[1345000] MASTER 0 W_VALID_RDY Handshake beat=127 wlast=0
[1345000] S1 MEMORY WRITE beat=126 addr=1bbc7ee6 data=9bc17a401b66d038 id=02
[1355000] S1 MEMORY WRITE beat=127 addr=1bbc7ee7 data=d689903298611798 id=02
[1355000] MASTER 0 W_VALID_RDY Handshake beat=128 wlast=0
[1365000] MASTER 0 W_VALID_RDY Handshake beat=129 wlast=0
[1365000] S1 MEMORY WRITE beat=128 addr=1bbc7ee8 data=bb9da401d3e22e6b id=02
[1375000] S1 MEMORY WRITE beat=129 addr=1bbc7ee9 data=ef48fea38e8a1d59 id=02
[1375000] MASTER 0 W_VALID_RDY Handshake beat=130 wlast=0
[1385000] MASTER 0 W_VALID_RDY Handshake beat=131 wlast=0
[1385000] S1 MEMORY WRITE beat=130 addr=1bbc7eea data=26eb34f2d75f1e42 id=02
[1395000] S1 MEMORY WRITE beat=131 addr=1bbc7eeb data=2b414cadc5d28ed5 id=02
[1395000] MASTER 0 W_VALID_RDY Handshake beat=132 wlast=0
[1405000] MASTER 0 W_VALID_RDY Handshake beat=133 wlast=0
[1405000] S1 MEMORY WRITE beat=132 addr=1bbc7eec data=d45cac2ee288d8f3 id=02
[1415000] S1 MEMORY WRITE beat=133 addr=1bbc7eed data=b9e7f7351a8a4b50 id=02
[1415000] MASTER 0 W_VALID_RDY Handshake beat=134 wlast=0
[1425000] MASTER 0 W_VALID_RDY Handshake beat=135 wlast=0
[1425000] S1 MEMORY WRITE beat=134 addr=1bbc7eee data=e05cda25fb47e120 id=02
[1435000] S1 MEMORY WRITE beat=135 addr=1bbc7eef data=ddd0ba14e52943e2 id=02
[1435000] MASTER 0 W_VALID_RDY Handshake beat=136 wlast=0
[1445000] MASTER 0 W_VALID_RDY Handshake beat=137 wlast=0
[1445000] S1 MEMORY WRITE beat=136 addr=1bbc7ef0 data=ffb38f32b4b98653 id=02
[1455000] S1 MEMORY WRITE beat=137 addr=1bbc7ef1 data=3001677497b8b149 id=02
[1455000] MASTER 0 W_VALID_RDY Handshake beat=138 wlast=0
[1465000] MASTER 0 W_VALID_RDY Handshake beat=139 wlast=0
[1465000] S1 MEMORY WRITE beat=138 addr=1bbc7ef2 data=fce1f52ce0106957 id=02
[1475000] S1 MEMORY WRITE beat=139 addr=1bbc7ef3 data=14c9efab0dd22188 id=02
[1475000] MASTER 0 W_VALID_RDY Handshake beat=140 wlast=0
[1485000] MASTER 0 W_VALID_RDY Handshake beat=141 wlast=0
[1485000] S1 MEMORY WRITE beat=140 addr=1bbc7ef4 data=a58ad2d1fc95845e id=02
[1495000] S1 MEMORY WRITE beat=141 addr=1bbc7ef5 data=dca5edb6c4cb571f id=02
[1495000] MASTER 0 W_VALID_RDY Handshake beat=142 wlast=0
[1505000] MASTER 0 W_VALID_RDY Handshake beat=143 wlast=0
[1505000] S1 MEMORY WRITE beat=142 addr=1bbc7ef6 data=d29d78a7a26cc7fd id=02
[1515000] S1 MEMORY WRITE beat=143 addr=1bbc7ef7 data=1f024c5cf16fdd61 id=02
[1515000] MASTER 0 W_VALID_RDY Handshake beat=144 wlast=0
[1525000] MASTER 0 W_VALID_RDY Handshake beat=145 wlast=0
[1525000] S1 MEMORY WRITE beat=144 addr=1bbc7ef8 data=363b3480f8284b78 id=02
[1535000] S1 MEMORY WRITE beat=145 addr=1bbc7ef9 data=1a951376fba83a12 id=02
[1535000] MASTER 0 W_VALID_RDY Handshake beat=146 wlast=0
[1545000] MASTER 0 W_VALID_RDY Handshake beat=147 wlast=0
[1545000] S1 MEMORY WRITE beat=146 addr=1bbc7efa data=ed18177308d8ad27 id=02
[1555000] S1 MEMORY WRITE beat=147 addr=1bbc7efb data=8100f89f39975fd2 id=02
[1555000] MASTER 0 W_VALID_RDY Handshake beat=148 wlast=0
[1565000] MASTER 0 W_VALID_RDY Handshake beat=149 wlast=0
[1565000] S1 MEMORY WRITE beat=148 addr=1bbc7efc data=353f99e423534bf3 id=02
[1575000] S1 MEMORY WRITE beat=149 addr=1bbc7efd data=2c2bf91a9b960c15 id=02
[1575000] MASTER 0 W_VALID_RDY Handshake beat=150 wlast=0
[1585000] MASTER 0 W_VALID_RDY Handshake beat=151 wlast=0
[1585000] S1 MEMORY WRITE beat=150 addr=1bbc7efe data=d52d6be72257b157 id=02
[1595000] S1 MEMORY WRITE beat=151 addr=1bbc7eff data=c5aafd4aad2cf1b9 id=02
[1595000] MASTER 0 W_VALID_RDY Handshake beat=152 wlast=0
[1605000] MASTER 0 W_VALID_RDY Handshake beat=153 wlast=0
[1605000] S1 MEMORY WRITE beat=152 addr=1bbc7f00 data=c8c2fdcf8a6d05cb id=02
[1615000] S1 MEMORY WRITE beat=153 addr=1bbc7f01 data=acc4b722f1d6f664 id=02
[1615000] MASTER 0 W_VALID_RDY Handshake beat=154 wlast=0
[1625000] MASTER 0 W_VALID_RDY Handshake beat=155 wlast=0
[1625000] S1 MEMORY WRITE beat=154 addr=1bbc7f02 data=9f03e81d9df069b6 id=02
[1635000] S1 MEMORY WRITE beat=155 addr=1bbc7f03 data=285d6f82f26fb46c id=02
[1635000] MASTER 0 W_VALID_RDY Handshake beat=156 wlast=0
[1645000] MASTER 0 W_VALID_RDY Handshake beat=157 wlast=0
[1645000] S1 MEMORY WRITE beat=156 addr=1bbc7f04 data=e446aad0e7c6e5ec id=02
[1655000] S1 MEMORY WRITE beat=157 addr=1bbc7f05 data=05b74fa3d52226a4 id=02
[1655000] MASTER 0 W_VALID_RDY Handshake beat=158 wlast=0
[1665000] MASTER 0 W_VALID_RDY Handshake beat=159 wlast=0
[1665000] S1 MEMORY WRITE beat=158 addr=1bbc7f06 data=c791db11034a92ee id=02
[1675000] S1 MEMORY WRITE beat=159 addr=1bbc7f07 data=eb1178da2e14bf25 id=02
[1675000] MASTER 0 W_VALID_RDY Handshake beat=160 wlast=0
[1685000] MASTER 0 W_VALID_RDY Handshake beat=161 wlast=0
[1685000] S1 MEMORY WRITE beat=160 addr=1bbc7f08 data=8336e5c9abd885e1 id=02
[1695000] S1 MEMORY WRITE beat=161 addr=1bbc7f09 data=af2318cff0c8c87d id=02
[1695000] MASTER 0 W_VALID_RDY Handshake beat=162 wlast=0
[1705000] MASTER 0 W_VALID_RDY Handshake beat=163 wlast=0
[1705000] S1 MEMORY WRITE beat=162 addr=1bbc7f0a data=9edd87a2cac8c0da id=02
[1715000] S1 MEMORY WRITE beat=163 addr=1bbc7f0b data=f6a146bc1a3491aa id=02
[1715000] MASTER 0 W_VALID_RDY Handshake beat=164 wlast=0
[1725000] MASTER 0 W_VALID_RDY Handshake beat=165 wlast=0
[1725000] S1 MEMORY WRITE beat=164 addr=1bbc7f0c data=8afd5a2722146d6c id=02
[1735000] S1 MEMORY WRITE beat=165 addr=1bbc7f0d data=ecdd2e46a5c45f8b id=02
[1735000] MASTER 0 W_VALID_RDY Handshake beat=166 wlast=0
[1745000] MASTER 0 W_VALID_RDY Handshake beat=167 wlast=0
[1745000] S1 MEMORY WRITE beat=166 addr=1bbc7f0e data=bff8f13529dae1ca id=02
[1755000] S1 MEMORY WRITE beat=167 addr=1bbc7f0f data=cbef4f36e37e7502 id=02
[1755000] MASTER 0 W_VALID_RDY Handshake beat=168 wlast=0
[1765000] MASTER 0 W_VALID_RDY Handshake beat=169 wlast=0
[1765000] S1 MEMORY WRITE beat=168 addr=1bbc7f10 data=0942d48ecaf64b5d id=02
[1775000] S1 MEMORY WRITE beat=169 addr=1bbc7f11 data=f4d12d27b8cc7d7c id=02
[1775000] MASTER 0 W_VALID_RDY Handshake beat=170 wlast=0
[1785000] MASTER 0 W_VALID_RDY Handshake beat=171 wlast=0
[1785000] S1 MEMORY WRITE beat=170 addr=1bbc7f12 data=1c4af27fc93bc5c3 id=02
[1795000] S1 MEMORY WRITE beat=171 addr=1bbc7f13 data=94321120c0c07c5d id=02
[1795000] MASTER 0 W_VALID_RDY Handshake beat=172 wlast=0
[1805000] MASTER 0 W_VALID_RDY Handshake beat=173 wlast=0
[1805000] S1 MEMORY WRITE beat=172 addr=1bbc7f14 data=f98cf9d9258dc70d id=02
[1815000] S1 MEMORY WRITE beat=173 addr=1bbc7f15 data=eec98cd089033e47 id=02
[1815000] MASTER 0 W_VALID_RDY Handshake beat=174 wlast=0
[1825000] MASTER 0 W_VALID_RDY Handshake beat=175 wlast=0
[1825000] S1 MEMORY WRITE beat=174 addr=1bbc7f16 data=c9c3baa495d7ec58 id=02
[1835000] S1 MEMORY WRITE beat=175 addr=1bbc7f17 data=bb65b36502fb9df1 id=02
[1835000] MASTER 0 W_VALID_RDY Handshake beat=176 wlast=0
[1845000] MASTER 0 W_VALID_RDY Handshake beat=177 wlast=0
[1845000] S1 MEMORY WRITE beat=176 addr=1bbc7f18 data=8bfedc38c350b47e id=02
[1855000] S1 MEMORY WRITE beat=177 addr=1bbc7f19 data=d928a0d62a2f4036 id=02
[1855000] MASTER 0 W_VALID_RDY Handshake beat=178 wlast=0
[1865000] MASTER 0 W_VALID_RDY Handshake beat=179 wlast=0
[1865000] S1 MEMORY WRITE beat=178 addr=1bbc7f1a data=2d2ade27d5c296dd id=02
[1875000] S1 MEMORY WRITE beat=179 addr=1bbc7f1b data=19134b5b148e543c id=02
[1875000] MASTER 0 W_VALID_RDY Handshake beat=180 wlast=0
[1885000] MASTER 0 W_VALID_RDY Handshake beat=181 wlast=0
[1885000] S1 MEMORY WRITE beat=180 addr=1bbc7f1c data=3ebd9472b929ba5f id=02
[1895000] S1 MEMORY WRITE beat=181 addr=1bbc7f1d data=8eec513cf23bec31 id=02
[1895000] MASTER 0 W_VALID_RDY Handshake beat=182 wlast=0
[1905000] MASTER 0 W_VALID_RDY Handshake beat=183 wlast=0
[1905000] S1 MEMORY WRITE beat=182 addr=1bbc7f1e data=86ca406debe87299 id=02
[1915000] S1 MEMORY WRITE beat=183 addr=1bbc7f1f data=a5122cf8a7ff9c97 id=02
[1915000] MASTER 0 W_VALID_RDY Handshake beat=184 wlast=0
[1925000] MASTER 0 W_VALID_RDY Handshake beat=185 wlast=0
[1925000] S1 MEMORY WRITE beat=184 addr=1bbc7f20 data=1a3b88c9c587d4df id=02
[1935000] S1 MEMORY WRITE beat=185 addr=1bbc7f21 data=b170477833fe7e35 id=02
[1935000] MASTER 0 W_VALID_RDY Handshake beat=186 wlast=0
[1945000] MASTER 0 W_VALID_RDY Handshake beat=187 wlast=0
[1945000] S1 MEMORY WRITE beat=186 addr=1bbc7f22 data=dbfe1acca105c936 id=02
[1955000] S1 MEMORY WRITE beat=187 addr=1bbc7f23 data=e68d9e16d6827471 id=02
[1955000] MASTER 0 W_VALID_RDY Handshake beat=188 wlast=0
[1965000] MASTER 0 W_VALID_RDY Handshake beat=189 wlast=0
[1965000] S1 MEMORY WRITE beat=188 addr=1bbc7f24 data=0a80f2a6f639a395 id=02
[1975000] S1 MEMORY WRITE beat=189 addr=1bbc7f25 data=173f6ccc97fde58e id=02
[1975000] MASTER 0 W_VALID_RDY Handshake beat=190 wlast=0
[1985000] MASTER 0 W_VALID_RDY Handshake beat=191 wlast=0
[1985000] S1 MEMORY WRITE beat=190 addr=1bbc7f26 data=ee8059ffe67f0d72 id=02
[1995000] S1 MEMORY WRITE beat=191 addr=1bbc7f27 data=dcb8b108fdcd0ae2 id=02
[1995000] MASTER 0 W_VALID_RDY Handshake beat=192 wlast=0
[2005000] MASTER 0 W_VALID_RDY Handshake beat=193 wlast=0
[2005000] S1 MEMORY WRITE beat=192 addr=1bbc7f28 data=95caf070f9014ca5 id=02
[2015000] S1 MEMORY WRITE beat=193 addr=1bbc7f29 data=df805a18f3f81dd4 id=02
[2015000] MASTER 0 W_VALID_RDY Handshake beat=194 wlast=0
[2025000] MASTER 0 W_VALID_RDY Handshake beat=195 wlast=0
[2025000] S1 MEMORY WRITE beat=194 addr=1bbc7f2a data=f1c528b6044b4a70 id=02
[2035000] S1 MEMORY WRITE beat=195 addr=1bbc7f2b data=fd4c97153c390b20 id=02
[2035000] MASTER 0 W_VALID_RDY Handshake beat=196 wlast=0
[2045000] MASTER 0 W_VALID_RDY Handshake beat=197 wlast=0
[2045000] S1 MEMORY WRITE beat=196 addr=1bbc7f2c data=303128f487901926 id=02
[2055000] S1 MEMORY WRITE beat=197 addr=1bbc7f2d data=8bdb6396dcccf12d id=02
[2055000] MASTER 0 W_VALID_RDY Handshake beat=198 wlast=0
[2065000] MASTER 0 W_VALID_RDY Handshake beat=199 wlast=0
[2065000] S1 MEMORY WRITE beat=198 addr=1bbc7f2e data=9905fc4d21f651aa id=02
[2075000] S1 MEMORY WRITE beat=199 addr=1bbc7f2f data=a9866ad00927faac id=02
[2075000] MASTER 0 W_VALID_RDY Handshake beat=200 wlast=0
[2085000] MASTER 0 W_VALID_RDY Handshake beat=201 wlast=0
[2085000] S1 MEMORY WRITE beat=200 addr=1bbc7f30 data=e5f4ebd9c9372541 id=02
[2095000] S1 MEMORY WRITE beat=201 addr=1bbc7f31 data=eb2d76eb3561ce67 id=02
[2095000] MASTER 0 W_VALID_RDY Handshake beat=202 wlast=0
[2105000] MASTER 0 W_VALID_RDY Handshake beat=203 wlast=0
[2105000] S1 MEMORY WRITE beat=202 addr=1bbc7f32 data=3e89c913fefae827 id=02
[2115000] S1 MEMORY WRITE beat=203 addr=1bbc7f33 data=c8320d6814b3e1bc id=02
[2115000] MASTER 0 W_VALID_RDY Handshake beat=204 wlast=0
[2125000] MASTER 0 W_VALID_RDY Handshake beat=205 wlast=0
[2125000] S1 MEMORY WRITE beat=204 addr=1bbc7f34 data=ca15b023a47eb4ec id=02
[2135000] S1 MEMORY WRITE beat=205 addr=1bbc7f35 data=a3799d13335f8454 id=02
[2135000] MASTER 0 W_VALID_RDY Handshake beat=206 wlast=0
[2145000] MASTER 0 W_VALID_RDY Handshake beat=207 wlast=0
[2145000] S1 MEMORY WRITE beat=206 addr=1bbc7f36 data=c8136610089f7936 id=02
[2155000] S1 MEMORY WRITE beat=207 addr=1bbc7f37 data=ad1e2e22ebabaa7c id=02
[2155000] MASTER 0 W_VALID_RDY Handshake beat=208 wlast=0
[2165000] MASTER 0 W_VALID_RDY Handshake beat=209 wlast=0
[2165000] S1 MEMORY WRITE beat=208 addr=1bbc7f38 data=1f0b2ed012291633 id=02
[2175000] S1 MEMORY WRITE beat=209 addr=1bbc7f39 data=1ac88f69d097cb36 id=02
[2175000] MASTER 0 W_VALID_RDY Handshake beat=210 wlast=0
[2185000] MASTER 0 W_VALID_RDY Handshake beat=211 wlast=0
[2185000] S1 MEMORY WRITE beat=210 addr=1bbc7f3a data=3c4375b2e71e94e0 id=02
[2195000] S1 MEMORY WRITE beat=211 addr=1bbc7f3b data=f947ab13c7e6bd8b id=02
[2195000] MASTER 0 W_VALID_RDY Handshake beat=212 wlast=0
[2205000] MASTER 0 W_VALID_RDY Handshake beat=213 wlast=0
[2205000] S1 MEMORY WRITE beat=212 addr=1bbc7f3c data=987e88c1db4ea482 id=02
[2215000] S1 MEMORY WRITE beat=213 addr=1bbc7f3d data=c26d396214103a7c id=02
[2215000] MASTER 0 W_VALID_RDY Handshake beat=214 wlast=0
[2225000] MASTER 0 W_VALID_RDY Handshake beat=215 wlast=0
[2225000] S1 MEMORY WRITE beat=214 addr=1bbc7f3e data=dbf6f807d4c1fe73 id=02
[2235000] S1 MEMORY WRITE beat=215 addr=1bbc7f3f data=b010a2f53bb4e475 id=02
[2235000] MASTER 0 W_VALID_RDY Handshake beat=216 wlast=0
[2245000] MASTER 0 W_VALID_RDY Handshake beat=217 wlast=0
[2245000] S1 MEMORY WRITE beat=216 addr=1bbc7f40 data=cfc51ef1f47580c9 id=02
[2255000] S1 MEMORY WRITE beat=217 addr=1bbc7f41 data=c9377f3cf27ddc57 id=02
[2255000] MASTER 0 W_VALID_RDY Handshake beat=218 wlast=0
[2265000] MASTER 0 W_VALID_RDY Handshake beat=219 wlast=0
[2265000] S1 MEMORY WRITE beat=218 addr=1bbc7f42 data=ae32c0ccabbc16f8 id=02
[2275000] S1 MEMORY WRITE beat=219 addr=1bbc7f43 data=a03197c1f9482232 id=02
[2275000] MASTER 0 W_VALID_RDY Handshake beat=220 wlast=0
[2285000] MASTER 0 W_VALID_RDY Handshake beat=221 wlast=0
[2285000] S1 MEMORY WRITE beat=220 addr=1bbc7f44 data=ebc5fe89fdf7dfbd id=02
[2295000] S1 MEMORY WRITE beat=221 addr=1bbc7f45 data=29b3f6b6e96916fe id=02
[2295000] MASTER 0 W_VALID_RDY Handshake beat=222 wlast=0
[2305000] MASTER 0 W_VALID_RDY Handshake beat=223 wlast=0
[2305000] S1 MEMORY WRITE beat=222 addr=1bbc7f46 data=e2b1393019f8bf56 id=02
[2315000] S1 MEMORY WRITE beat=223 addr=1bbc7f47 data=97f09f13c9e58e77 id=02
[2315000] MASTER 0 W_VALID_RDY Handshake beat=224 wlast=0
[2325000] MASTER 0 W_VALID_RDY Handshake beat=225 wlast=0
[2325000] S1 MEMORY WRITE beat=224 addr=1bbc7f48 data=b34ea575ce7737b9 id=02
[2335000] S1 MEMORY WRITE beat=225 addr=1bbc7f49 data=e86ff70fc1a495c9 id=02
[2335000] MASTER 0 W_VALID_RDY Handshake beat=226 wlast=0
[2345000] MASTER 0 W_VALID_RDY Handshake beat=227 wlast=0
[2345000] S1 MEMORY WRITE beat=226 addr=1bbc7f4a data=0b8a244195ffdea5 id=02
[2355000] S1 MEMORY WRITE beat=227 addr=1bbc7f4b data=e477165f00609623 id=02
[2355000] MASTER 0 W_VALID_RDY Handshake beat=228 wlast=0
[2365000] MASTER 0 W_VALID_RDY Handshake beat=229 wlast=0
[2365000] S1 MEMORY WRITE beat=228 addr=1bbc7f4c data=c2052becbed8c9b6 id=02
[2375000] S1 MEMORY WRITE beat=229 addr=1bbc7f4d data=d4d8a85ccce70d6e id=02
[2375000] MASTER 0 W_VALID_RDY Handshake beat=230 wlast=0
[2385000] MASTER 0 W_VALID_RDY Handshake beat=231 wlast=0
[2385000] S1 MEMORY WRITE beat=230 addr=1bbc7f4e data=cd47a391cd8f502d id=02
[2395000] S1 MEMORY WRITE beat=231 addr=1bbc7f4f data=0c6819e4394fbebb id=02
[2395000] MASTER 0 W_VALID_RDY Handshake beat=232 wlast=0
[2405000] MASTER 0 W_VALID_RDY Handshake beat=233 wlast=0
[2405000] S1 MEMORY WRITE beat=232 addr=1bbc7f50 data=8636cc290f4ccf7e id=02
[2415000] S1 MEMORY WRITE beat=233 addr=1bbc7f51 data=dcdc1fabe140c240 id=02
[2415000] MASTER 0 W_VALID_RDY Handshake beat=234 wlast=0
[2425000] MASTER 0 W_VALID_RDY Handshake beat=235 wlast=0
[2425000] S1 MEMORY WRITE beat=234 addr=1bbc7f52 data=1a9080fbd37e6fbb id=02
[2435000] S1 MEMORY WRITE beat=235 addr=1bbc7f53 data=e2cb3f39e944398f id=02
[2435000] MASTER 0 W_VALID_RDY Handshake beat=236 wlast=0
[2445000] MASTER 0 W_VALID_RDY Handshake beat=237 wlast=0
[2445000] S1 MEMORY WRITE beat=236 addr=1bbc7f54 data=ca84fbcfa0c74d24 id=02
[2455000] S1 MEMORY WRITE beat=237 addr=1bbc7f55 data=f445bcdfbfa75ee4 id=02
[2455000] MASTER 0 W_VALID_RDY Handshake beat=238 wlast=0
[2465000] MASTER 0 W_VALID_RDY Handshake beat=239 wlast=0
[2465000] S1 MEMORY WRITE beat=238 addr=1bbc7f56 data=28eb9874e5157cca id=02
[2475000] S1 MEMORY WRITE beat=239 addr=1bbc7f57 data=05dcc9efd710fc18 id=02
[2475000] MASTER 0 W_VALID_RDY Handshake beat=240 wlast=0
[2485000] MASTER 0 W_VALID_RDY Handshake beat=241 wlast=0
[2485000] S1 MEMORY WRITE beat=240 addr=1bbc7f58 data=16b85afdf3709443 id=02
[2495000] S1 MEMORY WRITE beat=241 addr=1bbc7f59 data=d886110efa2286ce id=02
[2495000] MASTER 0 W_VALID_RDY Handshake beat=242 wlast=0
[2505000] MASTER 0 W_VALID_RDY Handshake beat=243 wlast=0
[2505000] S1 MEMORY WRITE beat=242 addr=1bbc7f5a data=d13382e73fa3f371 id=02
[2515000] S1 MEMORY WRITE beat=243 addr=1bbc7f5b data=b31487b4de62dafd id=02
[2515000] MASTER 0 W_VALID_RDY Handshake beat=244 wlast=0
[2525000] MASTER 0 W_VALID_RDY Handshake beat=245 wlast=0
[2525000] S1 MEMORY WRITE beat=244 addr=1bbc7f5c data=d88561cbe7ebdde4 id=02
[2535000] S1 MEMORY WRITE beat=245 addr=1bbc7f5d data=278fd1558b9a98c2 id=02
[2535000] MASTER 0 W_VALID_RDY Handshake beat=246 wlast=0
[2545000] MASTER 0 W_VALID_RDY Handshake beat=247 wlast=1
[2545000] S1 MEMORY WRITE beat=246 addr=1bbc7f5e data=e9fd73bfa9b8e4b2 id=02
[2555000] S1 MEMORY WRITE beat=247 addr=1bbc7f5f data=91a4c296daa45909 id=02
[2565000] SLAVE1 sent B resp, id=2
[2575000] AXI S1_AWVALID_RDY HANDSHAKE
[2575000] [SLAVE MONITOR] mst_id=0 s_id=1 awaddr=1bbc7e68 awid=10 awlen=247 awsize=0 awburst=1 wdata=[28cc621cf4d007c4 a940da0d3672a723 1c24947fea24da13 def4e1d81cfc7d3a d36f245dc4f0f69b af15d0ae8835bbe5 a532391fef93b8dc 3484af778e0ab286 16406e6cf8a15d7c e8351658e39a8025 f1a532acbb72a78b 341405089cb9c5cf 5445f507e5a118 c35848a39c491b60 3902e130f1f978a1 f9df19b9f76c4dab 13b5690c39572725 2b509fc6bd37625c 34a3b008ccb84a3c 60f7161252fb97f e2671bdbc8591914 1511635031601127 d68fcaa6970acbe3 df63e4f71b20d4b1 cc80e5d8b8f6e681 d001b265f4754847 8f961cf82310b07e dc0796ffaf65975c 23dadfa4dc1702d0 ff27b34eac094964 db6ee0c1b370fc9c f87ff6ddb2f4a4e 873893b2ff49c065 b2babd018eafb2bb e9defd09e2a77473 e1f134d8c242bc6e d0f26f2af11790bc d3bf052f14abf1da d6eeae48bad16c33 abe8fcef35b03a08 ca5c2be2a7e11d72 e2b289a6ffa8021f 35583c27a14ada2a c92bf79d8e9b8695 8e4388b4ffb46809 a0ff42332bde8143 ba7a07d8c39bc4db c3502ce4ea2b39d0 9609bb13c8bd908d 8c595568e44f6f18 ce7aa8e8d083c2ec 19415379cfa9824d 33f8f165e48463fc 350826e8a59aa8e1 f5442b2e82739a4d e6f7fe49ce497a61 f3e42342a93d1c93 2bb0b6e19c002531 ea499f92e9284e71 92656b0492a8b52a 2ea8da5cde2dc2d5 c7561146be1621e5 d0bed71098f279ee f7203cc3d9bb7c4a 17d19e30ff67b16c 985a2b5abe764e09 1831ca54e8907540 e7f826ac0f7a681e cdf0b62730036884 1893ddc480525206 8fccba24e622807b 9625e8ff008c0470 80de5676ddbd704c c3dff0c7aeb9c6c3 af45cb3310ab109b ee6880e7da05d9c7 88bfa08a302421aa c0cf3245b24871ae 8c4e4b7538056bbe e8298d682f37b32c e18024da150dec00 cd1357be28f8bfad d83072d9edce7050 2dc5c50353ce526 de35a4d3b9b097b3 a77f0803cfefb40e 52c9934366617ac f016af5faa5b6453 fa4b1861e3623e07 19c855b31795b763 c1f11bb6ff77b195 e2d9ef9c89df0512 a174bc753c3c3418 bbb3e5adfca2454f 6814a62e365d82c 1fa20c441e8dd54a 9b301a99a7f606d7 8b5bdf03db55f1f1 f9e3c73ba1b164fb c9a76bd3aafdeb47 653dd391513e1d5 b6c546d0d5034ad6 1361e8037a474 954b8649806cb2a3 d56ffd7a06551357 868cb7cbcc10cd1a cc7d7fbdd5713398 dbc646ef1bd83e15 e7e90b2fa1ed7d37 f75eb0cfe252feba fe2b3ccfb4668aec d6540824d324f7be 3577f679e61447fe 1a7ad2ebcdb2b8f3 20d7b0b2b3a33348 19b77b47f0cedb0f be819402d64fa72b 89f2da7334324e32 25012941df5944b4 b5a8ebdfa3aa55ba d7dca3ece382bd43 c2dc01f83f9bc653 e3461c0dfcddcd2d e0608a71f884edd7 b820b42a3b22bffa b8008d27233c8c69 9bc17a401b66d038 d689903298611798 bb9da401d3e22e6b ef48fea38e8a1d59 26eb34f2d75f1e42 2b414cadc5d28ed5 d45cac2ee288d8f3 b9e7f7351a8a4b50 e05cda25fb47e120 ddd0ba14e52943e2 ffb38f32b4b98653 3001677497b8b149 fce1f52ce0106957 14c9efab0dd22188 a58ad2d1fc95845e dca5edb6c4cb571f d29d78a7a26cc7fd 1f024c5cf16fdd61 363b3480f8284b78 1a951376fba83a12 ed18177308d8ad27 8100f89f39975fd2 353f99e423534bf3 2c2bf91a9b960c15 d52d6be72257b157 c5aafd4aad2cf1b9 c8c2fdcf8a6d05cb acc4b722f1d6f664 9f03e81d9df069b6 285d6f82f26fb46c e446aad0e7c6e5ec 5b74fa3d52226a4 c791db11034a92ee eb1178da2e14bf25 8336e5c9abd885e1 af2318cff0c8c87d 9edd87a2cac8c0da f6a146bc1a3491aa 8afd5a2722146d6c ecdd2e46a5c45f8b bff8f13529dae1ca cbef4f36e37e7502 942d48ecaf64b5d f4d12d27b8cc7d7c 1c4af27fc93bc5c3 94321120c0c07c5d f98cf9d9258dc70d eec98cd089033e47 c9c3baa495d7ec58 bb65b36502fb9df1 8bfedc38c350b47e d928a0d62a2f4036 2d2ade27d5c296dd 19134b5b148e543c 3ebd9472b929ba5f 8eec513cf23bec31 86ca406debe87299 a5122cf8a7ff9c97 1a3b88c9c587d4df b170477833fe7e35 dbfe1acca105c936 e68d9e16d6827471 a80f2a6f639a395 173f6ccc97fde58e ee8059ffe67f0d72 dcb8b108fdcd0ae2 95caf070f9014ca5 df805a18f3f81dd4 f1c528b6044b4a70 fd4c97153c390b20 303128f487901926 8bdb6396dcccf12d 9905fc4d21f651aa a9866ad00927faac e5f4ebd9c9372541 eb2d76eb3561ce67 3e89c913fefae827 c8320d6814b3e1bc ca15b023a47eb4ec a3799d13335f8454 c8136610089f7936 ad1e2e22ebabaa7c 1f0b2ed012291633 1ac88f69d097cb36 3c4375b2e71e94e0 f947ab13c7e6bd8b 987e88c1db4ea482 c26d396214103a7c dbf6f807d4c1fe73 b010a2f53bb4e475 cfc51ef1f47580c9 c9377f3cf27ddc57 ae32c0ccabbc16f8 a03197c1f9482232 ebc5fe89fdf7dfbd 29b3f6b6e96916fe e2b1393019f8bf56 97f09f13c9e58e77 b34ea575ce7737b9 e86ff70fc1a495c9 b8a244195ffdea5 e477165f00609623 c2052becbed8c9b6 d4d8a85ccce70d6e cd47a391cd8f502d c6819e4394fbebb 8636cc290f4ccf7e dcdc1fabe140c240 1a9080fbd37e6fbb e2cb3f39e944398f ca84fbcfa0c74d24 f445bcdfbfa75ee4 28eb9874e5157cca 5dcc9efd710fc18 16b85afdf3709443 d886110efa2286ce d13382e73fa3f371 b31487b4de62dafd d88561cbe7ebdde4 278fd1558b9a98c2 e9fd73bfa9b8e4b2 91a4c296daa45909 ] wstrb=[8b cc eb 3d 8b f5 d4 16 c1 bf 54 4c b4 28 63 75 e7 b7 c2 9c df 25 11 c6 dc d3 62 bb f8 74 81 d4 47 e4 8f 40 58 11 14 9f f5 a4 df 4d b5 f4 ec aa 98 cc f7 4d c0 e3 f7 58 af ee a5 6f d1 9c c7 81 8a 6c f0 5b 8 b8 dc 92 24 cd ee 2d 85 ca bf a9 97 ad d6 1c 78 96 c6 f 43 9c 2c bb 32 f2 cb 76 8e f7 31 c1 e9 fc 37 77 f3 68 38 dc 65 6f 54 58 d8 8c 35 3d fc 89 95 d4 15 ca 11 11 53 a6 e5 69 71 f6 7a c4 9d 60 2d e 56 a8 d2 f3 8 0 1 5e a8 d4 52 b0 d4 53 e 7c 27 60 2c fb b4 3a 77 db 9b a3 d7 4f de 4e 2a 79 f2 1 c8 d0 50 f2 49 42 f4 11 12 44 3 5b 86 f7 6c 98 3b 6f f3 c1 67 5f 59 a2 ce 4c 64 35 ab bd d8 7a a 3c af b5 f9 87 2f 3 c3 df b9 bd 66 e8 c0 2a c7 79 e7 2e 62 a7 58 29 21 3f 57 83 e6 af ac 7 ee 4 8a d5 b3 37 dc a2 3b 67 77 ee 9e 53 ] bresp=0 bid=10
[2575000] ARB MONITOR: slave=1 m0_req=0 m1_req=1 winner=1
[2585000] MASTER 0 RECEIVED BRESP. BRESP=0
[2585000] [MASTER DRIVER] mst_id=0 s_id=0 awaddr=1bbc7e68 awid=10 awlen=247 awsize=0 awburst=1 wdata=[28cc621cf4d007c4 a940da0d3672a723 1c24947fea24da13 def4e1d81cfc7d3a d36f245dc4f0f69b af15d0ae8835bbe5 a532391fef93b8dc 3484af778e0ab286 16406e6cf8a15d7c e8351658e39a8025 f1a532acbb72a78b 341405089cb9c5cf 5445f507e5a118 c35848a39c491b60 3902e130f1f978a1 f9df19b9f76c4dab 13b5690c39572725 2b509fc6bd37625c 34a3b008ccb84a3c 60f7161252fb97f e2671bdbc8591914 1511635031601127 d68fcaa6970acbe3 df63e4f71b20d4b1 cc80e5d8b8f6e681 d001b265f4754847 8f961cf82310b07e dc0796ffaf65975c 23dadfa4dc1702d0 ff27b34eac094964 db6ee0c1b370fc9c f87ff6ddb2f4a4e 873893b2ff49c065 b2babd018eafb2bb e9defd09e2a77473 e1f134d8c242bc6e d0f26f2af11790bc d3bf052f14abf1da d6eeae48bad16c33 abe8fcef35b03a08 ca5c2be2a7e11d72 e2b289a6ffa8021f 35583c27a14ada2a c92bf79d8e9b8695 8e4388b4ffb46809 a0ff42332bde8143 ba7a07d8c39bc4db c3502ce4ea2b39d0 9609bb13c8bd908d 8c595568e44f6f18 ce7aa8e8d083c2ec 19415379cfa9824d 33f8f165e48463fc 350826e8a59aa8e1 f5442b2e82739a4d e6f7fe49ce497a61 f3e42342a93d1c93 2bb0b6e19c002531 ea499f92e9284e71 92656b0492a8b52a 2ea8da5cde2dc2d5 c7561146be1621e5 d0bed71098f279ee f7203cc3d9bb7c4a 17d19e30ff67b16c 985a2b5abe764e09 1831ca54e8907540 e7f826ac0f7a681e cdf0b62730036884 1893ddc480525206 8fccba24e622807b 9625e8ff008c0470 80de5676ddbd704c c3dff0c7aeb9c6c3 af45cb3310ab109b ee6880e7da05d9c7 88bfa08a302421aa c0cf3245b24871ae 8c4e4b7538056bbe e8298d682f37b32c e18024da150dec00 cd1357be28f8bfad d83072d9edce7050 2dc5c50353ce526 de35a4d3b9b097b3 a77f0803cfefb40e 52c9934366617ac f016af5faa5b6453 fa4b1861e3623e07 19c855b31795b763 c1f11bb6ff77b195 e2d9ef9c89df0512 a174bc753c3c3418 bbb3e5adfca2454f 6814a62e365d82c 1fa20c441e8dd54a 9b301a99a7f606d7 8b5bdf03db55f1f1 f9e3c73ba1b164fb c9a76bd3aafdeb47 653dd391513e1d5 b6c546d0d5034ad6 1361e8037a474 954b8649806cb2a3 d56ffd7a06551357 868cb7cbcc10cd1a cc7d7fbdd5713398 dbc646ef1bd83e15 e7e90b2fa1ed7d37 f75eb0cfe252feba fe2b3ccfb4668aec d6540824d324f7be 3577f679e61447fe 1a7ad2ebcdb2b8f3 20d7b0b2b3a33348 19b77b47f0cedb0f be819402d64fa72b 89f2da7334324e32 25012941df5944b4 b5a8ebdfa3aa55ba d7dca3ece382bd43 c2dc01f83f9bc653 e3461c0dfcddcd2d e0608a71f884edd7 b820b42a3b22bffa b8008d27233c8c69 9bc17a401b66d038 d689903298611798 bb9da401d3e22e6b ef48fea38e8a1d59 26eb34f2d75f1e42 2b414cadc5d28ed5 d45cac2ee288d8f3 b9e7f7351a8a4b50 e05cda25fb47e120 ddd0ba14e52943e2 ffb38f32b4b98653 3001677497b8b149 fce1f52ce0106957 14c9efab0dd22188 a58ad2d1fc95845e dca5edb6c4cb571f d29d78a7a26cc7fd 1f024c5cf16fdd61 363b3480f8284b78 1a951376fba83a12 ed18177308d8ad27 8100f89f39975fd2 353f99e423534bf3 2c2bf91a9b960c15 d52d6be72257b157 c5aafd4aad2cf1b9 c8c2fdcf8a6d05cb acc4b722f1d6f664 9f03e81d9df069b6 285d6f82f26fb46c e446aad0e7c6e5ec 5b74fa3d52226a4 c791db11034a92ee eb1178da2e14bf25 8336e5c9abd885e1 af2318cff0c8c87d 9edd87a2cac8c0da f6a146bc1a3491aa 8afd5a2722146d6c ecdd2e46a5c45f8b bff8f13529dae1ca cbef4f36e37e7502 942d48ecaf64b5d f4d12d27b8cc7d7c 1c4af27fc93bc5c3 94321120c0c07c5d f98cf9d9258dc70d eec98cd089033e47 c9c3baa495d7ec58 bb65b36502fb9df1 8bfedc38c350b47e d928a0d62a2f4036 2d2ade27d5c296dd 19134b5b148e543c 3ebd9472b929ba5f 8eec513cf23bec31 86ca406debe87299 a5122cf8a7ff9c97 1a3b88c9c587d4df b170477833fe7e35 dbfe1acca105c936 e68d9e16d6827471 a80f2a6f639a395 173f6ccc97fde58e ee8059ffe67f0d72 dcb8b108fdcd0ae2 95caf070f9014ca5 df805a18f3f81dd4 f1c528b6044b4a70 fd4c97153c390b20 303128f487901926 8bdb6396dcccf12d 9905fc4d21f651aa a9866ad00927faac e5f4ebd9c9372541 eb2d76eb3561ce67 3e89c913fefae827 c8320d6814b3e1bc ca15b023a47eb4ec a3799d13335f8454 c8136610089f7936 ad1e2e22ebabaa7c 1f0b2ed012291633 1ac88f69d097cb36 3c4375b2e71e94e0 f947ab13c7e6bd8b 987e88c1db4ea482 c26d396214103a7c dbf6f807d4c1fe73 b010a2f53bb4e475 cfc51ef1f47580c9 c9377f3cf27ddc57 ae32c0ccabbc16f8 a03197c1f9482232 ebc5fe89fdf7dfbd 29b3f6b6e96916fe e2b1393019f8bf56 97f09f13c9e58e77 b34ea575ce7737b9 e86ff70fc1a495c9 b8a244195ffdea5 e477165f00609623 c2052becbed8c9b6 d4d8a85ccce70d6e cd47a391cd8f502d c6819e4394fbebb 8636cc290f4ccf7e dcdc1fabe140c240 1a9080fbd37e6fbb e2cb3f39e944398f ca84fbcfa0c74d24 f445bcdfbfa75ee4 28eb9874e5157cca 5dcc9efd710fc18 16b85afdf3709443 d886110efa2286ce d13382e73fa3f371 b31487b4de62dafd d88561cbe7ebdde4 278fd1558b9a98c2 e9fd73bfa9b8e4b2 91a4c296daa45909 ] wstrb=[8b cc eb 3d 8b f5 d4 16 c1 bf 54 4c b4 28 63 75 e7 b7 c2 9c df 25 11 c6 dc d3 62 bb f8 74 81 d4 47 e4 8f 40 58 11 14 9f f5 a4 df 4d b5 f4 ec aa 98 cc f7 4d c0 e3 f7 58 af ee a5 6f d1 9c c7 81 8a 6c f0 5b 8 b8 dc 92 24 cd ee 2d 85 ca bf a9 97 ad d6 1c 78 96 c6 f 43 9c 2c bb 32 f2 cb 76 8e f7 31 c1 e9 fc 37 77 f3 68 38 dc 65 6f 54 58 d8 8c 35 3d fc 89 95 d4 15 ca 11 11 53 a6 e5 69 71 f6 7a c4 9d 60 2d e 56 a8 d2 f3 8 0 1 5e a8 d4 52 b0 d4 53 e 7c 27 60 2c fb b4 3a 77 db 9b a3 d7 4f de 4e 2a 79 f2 1 c8 d0 50 f2 49 42 f4 11 12 44 3 5b 86 f7 6c 98 3b 6f f3 c1 67 5f 59 a2 ce 4c 64 35 ab bd d8 7a a 3c af b5 f9 87 2f 3 c3 df b9 bd 66 e8 c0 2a c7 79 e7 2e 62 a7 58 29 21 3f 57 83 e6 af ac 7 ee 4 8a d5 b3 37 dc a2 3b 67 77 ee 9e 53 ] bresp=0 bid=10
[2585000] MASTER 0 B_VALID_RDY Handshake
[2585000] [MASTER MONITOR] mst_id=0 s_id=1 awaddr=1bbc7e68 awid=10 awlen=247 awsize=0 awburst=1 wdata=[28cc621cf4d007c4 a940da0d3672a723 1c24947fea24da13 def4e1d81cfc7d3a d36f245dc4f0f69b af15d0ae8835bbe5 a532391fef93b8dc 3484af778e0ab286 16406e6cf8a15d7c e8351658e39a8025 f1a532acbb72a78b 341405089cb9c5cf 5445f507e5a118 c35848a39c491b60 3902e130f1f978a1 f9df19b9f76c4dab 13b5690c39572725 2b509fc6bd37625c 34a3b008ccb84a3c 60f7161252fb97f e2671bdbc8591914 1511635031601127 d68fcaa6970acbe3 df63e4f71b20d4b1 cc80e5d8b8f6e681 d001b265f4754847 8f961cf82310b07e dc0796ffaf65975c 23dadfa4dc1702d0 ff27b34eac094964 db6ee0c1b370fc9c f87ff6ddb2f4a4e 873893b2ff49c065 b2babd018eafb2bb e9defd09e2a77473 e1f134d8c242bc6e d0f26f2af11790bc d3bf052f14abf1da d6eeae48bad16c33 abe8fcef35b03a08 ca5c2be2a7e11d72 e2b289a6ffa8021f 35583c27a14ada2a c92bf79d8e9b8695 8e4388b4ffb46809 a0ff42332bde8143 ba7a07d8c39bc4db c3502ce4ea2b39d0 9609bb13c8bd908d 8c595568e44f6f18 ce7aa8e8d083c2ec 19415379cfa9824d 33f8f165e48463fc 350826e8a59aa8e1 f5442b2e82739a4d e6f7fe49ce497a61 f3e42342a93d1c93 2bb0b6e19c002531 ea499f92e9284e71 92656b0492a8b52a 2ea8da5cde2dc2d5 c7561146be1621e5 d0bed71098f279ee f7203cc3d9bb7c4a 17d19e30ff67b16c 985a2b5abe764e09 1831ca54e8907540 e7f826ac0f7a681e cdf0b62730036884 1893ddc480525206 8fccba24e622807b 9625e8ff008c0470 80de5676ddbd704c c3dff0c7aeb9c6c3 af45cb3310ab109b ee6880e7da05d9c7 88bfa08a302421aa c0cf3245b24871ae 8c4e4b7538056bbe e8298d682f37b32c e18024da150dec00 cd1357be28f8bfad d83072d9edce7050 2dc5c50353ce526 de35a4d3b9b097b3 a77f0803cfefb40e 52c9934366617ac f016af5faa5b6453 fa4b1861e3623e07 19c855b31795b763 c1f11bb6ff77b195 e2d9ef9c89df0512 a174bc753c3c3418 bbb3e5adfca2454f 6814a62e365d82c 1fa20c441e8dd54a 9b301a99a7f606d7 8b5bdf03db55f1f1 f9e3c73ba1b164fb c9a76bd3aafdeb47 653dd391513e1d5 b6c546d0d5034ad6 1361e8037a474 954b8649806cb2a3 d56ffd7a06551357 868cb7cbcc10cd1a cc7d7fbdd5713398 dbc646ef1bd83e15 e7e90b2fa1ed7d37 f75eb0cfe252feba fe2b3ccfb4668aec d6540824d324f7be 3577f679e61447fe 1a7ad2ebcdb2b8f3 20d7b0b2b3a33348 19b77b47f0cedb0f be819402d64fa72b 89f2da7334324e32 25012941df5944b4 b5a8ebdfa3aa55ba d7dca3ece382bd43 c2dc01f83f9bc653 e3461c0dfcddcd2d e0608a71f884edd7 b820b42a3b22bffa b8008d27233c8c69 9bc17a401b66d038 d689903298611798 bb9da401d3e22e6b ef48fea38e8a1d59 26eb34f2d75f1e42 2b414cadc5d28ed5 d45cac2ee288d8f3 b9e7f7351a8a4b50 e05cda25fb47e120 ddd0ba14e52943e2 ffb38f32b4b98653 3001677497b8b149 fce1f52ce0106957 14c9efab0dd22188 a58ad2d1fc95845e dca5edb6c4cb571f d29d78a7a26cc7fd 1f024c5cf16fdd61 363b3480f8284b78 1a951376fba83a12 ed18177308d8ad27 8100f89f39975fd2 353f99e423534bf3 2c2bf91a9b960c15 d52d6be72257b157 c5aafd4aad2cf1b9 c8c2fdcf8a6d05cb acc4b722f1d6f664 9f03e81d9df069b6 285d6f82f26fb46c e446aad0e7c6e5ec 5b74fa3d52226a4 c791db11034a92ee eb1178da2e14bf25 8336e5c9abd885e1 af2318cff0c8c87d 9edd87a2cac8c0da f6a146bc1a3491aa 8afd5a2722146d6c ecdd2e46a5c45f8b bff8f13529dae1ca cbef4f36e37e7502 942d48ecaf64b5d f4d12d27b8cc7d7c 1c4af27fc93bc5c3 94321120c0c07c5d f98cf9d9258dc70d eec98cd089033e47 c9c3baa495d7ec58 bb65b36502fb9df1 8bfedc38c350b47e d928a0d62a2f4036 2d2ade27d5c296dd 19134b5b148e543c 3ebd9472b929ba5f 8eec513cf23bec31 86ca406debe87299 a5122cf8a7ff9c97 1a3b88c9c587d4df b170477833fe7e35 dbfe1acca105c936 e68d9e16d6827471 a80f2a6f639a395 173f6ccc97fde58e ee8059ffe67f0d72 dcb8b108fdcd0ae2 95caf070f9014ca5 df805a18f3f81dd4 f1c528b6044b4a70 fd4c97153c390b20 303128f487901926 8bdb6396dcccf12d 9905fc4d21f651aa a9866ad00927faac e5f4ebd9c9372541 eb2d76eb3561ce67 3e89c913fefae827 c8320d6814b3e1bc ca15b023a47eb4ec a3799d13335f8454 c8136610089f7936 ad1e2e22ebabaa7c 1f0b2ed012291633 1ac88f69d097cb36 3c4375b2e71e94e0 f947ab13c7e6bd8b 987e88c1db4ea482 c26d396214103a7c dbf6f807d4c1fe73 b010a2f53bb4e475 cfc51ef1f47580c9 c9377f3cf27ddc57 ae32c0ccabbc16f8 a03197c1f9482232 ebc5fe89fdf7dfbd 29b3f6b6e96916fe e2b1393019f8bf56 97f09f13c9e58e77 b34ea575ce7737b9 e86ff70fc1a495c9 b8a244195ffdea5 e477165f00609623 c2052becbed8c9b6 d4d8a85ccce70d6e cd47a391cd8f502d c6819e4394fbebb 8636cc290f4ccf7e dcdc1fabe140c240 1a9080fbd37e6fbb e2cb3f39e944398f ca84fbcfa0c74d24 f445bcdfbfa75ee4 28eb9874e5157cca 5dcc9efd710fc18 16b85afdf3709443 d886110efa2286ce d13382e73fa3f371 b31487b4de62dafd d88561cbe7ebdde4 278fd1558b9a98c2 e9fd73bfa9b8e4b2 91a4c296daa45909 ] wstrb=[8b cc eb 3d 8b f5 d4 16 c1 bf 54 4c b4 28 63 75 e7 b7 c2 9c df 25 11 c6 dc d3 62 bb f8 74 81 d4 47 e4 8f 40 58 11 14 9f f5 a4 df 4d b5 f4 ec aa 98 cc f7 4d c0 e3 f7 58 af ee a5 6f d1 9c c7 81 8a 6c f0 5b 8 b8 dc 92 24 cd ee 2d 85 ca bf a9 97 ad d6 1c 78 96 c6 f 43 9c 2c bb 32 f2 cb 76 8e f7 31 c1 e9 fc 37 77 f3 68 38 dc 65 6f 54 58 d8 8c 35 3d fc 89 95 d4 15 ca 11 11 53 a6 e5 69 71 f6 7a c4 9d 60 2d e 56 a8 d2 f3 8 0 1 5e a8 d4 52 b0 d4 53 e 7c 27 60 2c fb b4 3a 77 db 9b a3 d7 4f de 4e 2a 79 f2 1 c8 d0 50 f2 49 42 f4 11 12 44 3 5b 86 f7 6c 98 3b 6f f3 c1 67 5f 59 a2 ce 4c 64 35 ab bd d8 7a a 3c af b5 f9 87 2f 3 c3 df b9 bd 66 e8 c0 2a c7 79 e7 2e 62 a7 58 29 21 3f 57 83 e6 af ac 7 ee 4 8a d5 b3 37 dc a2 3b 67 77 ee 9e 53 ] bresp=0 bid=10
[2585000] S1 MEMORY WRITE beat=0 addr=1014e740 data=97fd1be3db632b29 id=11
[2585000] SCOREBOARD MATCH: decode_err expected = 0, actual =0
[2585000] SCOREBOARD MATCH: slave_id expected = 1, actual =1
[2585000] SCOREBOARD MATCH: awaddr passthrough expected = 1bbc7e68, actual =1bbc7e68
[2585000] SCOREBOARD MATCH: awlen passthrough expected = 247, actual =247
[2585000] SCOREBOARD MATCH: awsize passthrough expected = 0, actual =0
[2585000] SCOREBOARD MATCH: awburst passthrough expected = 1, actual =1
[2585000] SCOREBOARD MATCH: wdata size check expected = f8, actual =f8
[2585000] SCOREBOARD MATCH: wdata passthrough beat=0 expected = 28cc621cf4d007c4, actual =28cc621cf4d007c4
[2585000] SCOREBOARD MATCH: wdata passthrough beat=1 expected = a940da0d3672a723, actual =a940da0d3672a723
[2585000] SCOREBOARD MATCH: wdata passthrough beat=2 expected = 1c24947fea24da13, actual =1c24947fea24da13
[2585000] SCOREBOARD MATCH: wdata passthrough beat=3 expected = def4e1d81cfc7d3a, actual =def4e1d81cfc7d3a
[2585000] SCOREBOARD MATCH: wdata passthrough beat=4 expected = d36f245dc4f0f69b, actual =d36f245dc4f0f69b
[2585000] SCOREBOARD MATCH: wdata passthrough beat=5 expected = af15d0ae8835bbe5, actual =af15d0ae8835bbe5
[2585000] SCOREBOARD MATCH: wdata passthrough beat=6 expected = a532391fef93b8dc, actual =a532391fef93b8dc
[2585000] SCOREBOARD MATCH: wdata passthrough beat=7 expected = 3484af778e0ab286, actual =3484af778e0ab286
[2585000] SCOREBOARD MATCH: wdata passthrough beat=8 expected = 16406e6cf8a15d7c, actual =16406e6cf8a15d7c
[2585000] SCOREBOARD MATCH: wdata passthrough beat=9 expected = e8351658e39a8025, actual =e8351658e39a8025
[2585000] SCOREBOARD MATCH: wdata passthrough beat=10 expected = f1a532acbb72a78b, actual =f1a532acbb72a78b
[2585000] SCOREBOARD MATCH: wdata passthrough beat=11 expected = 341405089cb9c5cf, actual =341405089cb9c5cf
[2585000] SCOREBOARD MATCH: wdata passthrough beat=12 expected = 5445f507e5a118, actual =5445f507e5a118
[2585000] SCOREBOARD MATCH: wdata passthrough beat=13 expected = c35848a39c491b60, actual =c35848a39c491b60
[2585000] SCOREBOARD MATCH: wdata passthrough beat=14 expected = 3902e130f1f978a1, actual =3902e130f1f978a1
[2585000] SCOREBOARD MATCH: wdata passthrough beat=15 expected = f9df19b9f76c4dab, actual =f9df19b9f76c4dab
[2585000] SCOREBOARD MATCH: wdata passthrough beat=16 expected = 13b5690c39572725, actual =13b5690c39572725
[2585000] SCOREBOARD MATCH: wdata passthrough beat=17 expected = 2b509fc6bd37625c, actual =2b509fc6bd37625c
[2585000] SCOREBOARD MATCH: wdata passthrough beat=18 expected = 34a3b008ccb84a3c, actual =34a3b008ccb84a3c
[2585000] SCOREBOARD MATCH: wdata passthrough beat=19 expected = 60f7161252fb97f, actual =60f7161252fb97f
[2585000] SCOREBOARD MATCH: wdata passthrough beat=20 expected = e2671bdbc8591914, actual =e2671bdbc8591914
[2585000] SCOREBOARD MATCH: wdata passthrough beat=21 expected = 1511635031601127, actual =1511635031601127
[2585000] SCOREBOARD MATCH: wdata passthrough beat=22 expected = d68fcaa6970acbe3, actual =d68fcaa6970acbe3
[2585000] SCOREBOARD MATCH: wdata passthrough beat=23 expected = df63e4f71b20d4b1, actual =df63e4f71b20d4b1
[2585000] SCOREBOARD MATCH: wdata passthrough beat=24 expected = cc80e5d8b8f6e681, actual =cc80e5d8b8f6e681
[2585000] SCOREBOARD MATCH: wdata passthrough beat=25 expected = d001b265f4754847, actual =d001b265f4754847
[2585000] SCOREBOARD MATCH: wdata passthrough beat=26 expected = 8f961cf82310b07e, actual =8f961cf82310b07e
[2585000] SCOREBOARD MATCH: wdata passthrough beat=27 expected = dc0796ffaf65975c, actual =dc0796ffaf65975c
[2585000] SCOREBOARD MATCH: wdata passthrough beat=28 expected = 23dadfa4dc1702d0, actual =23dadfa4dc1702d0
[2585000] SCOREBOARD MATCH: wdata passthrough beat=29 expected = ff27b34eac094964, actual =ff27b34eac094964
[2585000] SCOREBOARD MATCH: wdata passthrough beat=30 expected = db6ee0c1b370fc9c, actual =db6ee0c1b370fc9c
[2585000] SCOREBOARD MATCH: wdata passthrough beat=31 expected = f87ff6ddb2f4a4e, actual =f87ff6ddb2f4a4e
[2585000] SCOREBOARD MATCH: wdata passthrough beat=32 expected = 873893b2ff49c065, actual =873893b2ff49c065
[2585000] SCOREBOARD MATCH: wdata passthrough beat=33 expected = b2babd018eafb2bb, actual =b2babd018eafb2bb
[2585000] SCOREBOARD MATCH: wdata passthrough beat=34 expected = e9defd09e2a77473, actual =e9defd09e2a77473
[2585000] SCOREBOARD MATCH: wdata passthrough beat=35 expected = e1f134d8c242bc6e, actual =e1f134d8c242bc6e
[2585000] SCOREBOARD MATCH: wdata passthrough beat=36 expected = d0f26f2af11790bc, actual =d0f26f2af11790bc
[2585000] SCOREBOARD MATCH: wdata passthrough beat=37 expected = d3bf052f14abf1da, actual =d3bf052f14abf1da
[2585000] SCOREBOARD MATCH: wdata passthrough beat=38 expected = d6eeae48bad16c33, actual =d6eeae48bad16c33
[2585000] SCOREBOARD MATCH: wdata passthrough beat=39 expected = abe8fcef35b03a08, actual =abe8fcef35b03a08
[2585000] SCOREBOARD MATCH: wdata passthrough beat=40 expected = ca5c2be2a7e11d72, actual =ca5c2be2a7e11d72
[2585000] SCOREBOARD MATCH: wdata passthrough beat=41 expected = e2b289a6ffa8021f, actual =e2b289a6ffa8021f
[2585000] SCOREBOARD MATCH: wdata passthrough beat=42 expected = 35583c27a14ada2a, actual =35583c27a14ada2a
[2585000] SCOREBOARD MATCH: wdata passthrough beat=43 expected = c92bf79d8e9b8695, actual =c92bf79d8e9b8695
[2585000] SCOREBOARD MATCH: wdata passthrough beat=44 expected = 8e4388b4ffb46809, actual =8e4388b4ffb46809
[2585000] SCOREBOARD MATCH: wdata passthrough beat=45 expected = a0ff42332bde8143, actual =a0ff42332bde8143
[2585000] SCOREBOARD MATCH: wdata passthrough beat=46 expected = ba7a07d8c39bc4db, actual =ba7a07d8c39bc4db
[2585000] SCOREBOARD MATCH: wdata passthrough beat=47 expected = c3502ce4ea2b39d0, actual =c3502ce4ea2b39d0
[2585000] SCOREBOARD MATCH: wdata passthrough beat=48 expected = 9609bb13c8bd908d, actual =9609bb13c8bd908d
[2585000] SCOREBOARD MATCH: wdata passthrough beat=49 expected = 8c595568e44f6f18, actual =8c595568e44f6f18
[2585000] SCOREBOARD MATCH: wdata passthrough beat=50 expected = ce7aa8e8d083c2ec, actual =ce7aa8e8d083c2ec
[2585000] SCOREBOARD MATCH: wdata passthrough beat=51 expected = 19415379cfa9824d, actual =19415379cfa9824d
[2585000] SCOREBOARD MATCH: wdata passthrough beat=52 expected = 33f8f165e48463fc, actual =33f8f165e48463fc
[2585000] SCOREBOARD MATCH: wdata passthrough beat=53 expected = 350826e8a59aa8e1, actual =350826e8a59aa8e1
[2585000] SCOREBOARD MATCH: wdata passthrough beat=54 expected = f5442b2e82739a4d, actual =f5442b2e82739a4d
[2585000] SCOREBOARD MATCH: wdata passthrough beat=55 expected = e6f7fe49ce497a61, actual =e6f7fe49ce497a61
[2585000] SCOREBOARD MATCH: wdata passthrough beat=56 expected = f3e42342a93d1c93, actual =f3e42342a93d1c93
[2585000] SCOREBOARD MATCH: wdata passthrough beat=57 expected = 2bb0b6e19c002531, actual =2bb0b6e19c002531
[2585000] SCOREBOARD MATCH: wdata passthrough beat=58 expected = ea499f92e9284e71, actual =ea499f92e9284e71
[2585000] SCOREBOARD MATCH: wdata passthrough beat=59 expected = 92656b0492a8b52a, actual =92656b0492a8b52a
[2585000] SCOREBOARD MATCH: wdata passthrough beat=60 expected = 2ea8da5cde2dc2d5, actual =2ea8da5cde2dc2d5
[2585000] SCOREBOARD MATCH: wdata passthrough beat=61 expected = c7561146be1621e5, actual =c7561146be1621e5
[2585000] SCOREBOARD MATCH: wdata passthrough beat=62 expected = d0bed71098f279ee, actual =d0bed71098f279ee
[2585000] SCOREBOARD MATCH: wdata passthrough beat=63 expected = f7203cc3d9bb7c4a, actual =f7203cc3d9bb7c4a
[2585000] SCOREBOARD MATCH: wdata passthrough beat=64 expected = 17d19e30ff67b16c, actual =17d19e30ff67b16c
[2585000] SCOREBOARD MATCH: wdata passthrough beat=65 expected = 985a2b5abe764e09, actual =985a2b5abe764e09
[2585000] SCOREBOARD MATCH: wdata passthrough beat=66 expected = 1831ca54e8907540, actual =1831ca54e8907540
[2585000] SCOREBOARD MATCH: wdata passthrough beat=67 expected = e7f826ac0f7a681e, actual =e7f826ac0f7a681e
[2585000] SCOREBOARD MATCH: wdata passthrough beat=68 expected = cdf0b62730036884, actual =cdf0b62730036884
[2585000] SCOREBOARD MATCH: wdata passthrough beat=69 expected = 1893ddc480525206, actual =1893ddc480525206
[2585000] SCOREBOARD MATCH: wdata passthrough beat=70 expected = 8fccba24e622807b, actual =8fccba24e622807b
[2585000] SCOREBOARD MATCH: wdata passthrough beat=71 expected = 9625e8ff008c0470, actual =9625e8ff008c0470
[2585000] SCOREBOARD MATCH: wdata passthrough beat=72 expected = 80de5676ddbd704c, actual =80de5676ddbd704c
[2585000] SCOREBOARD MATCH: wdata passthrough beat=73 expected = c3dff0c7aeb9c6c3, actual =c3dff0c7aeb9c6c3
[2585000] SCOREBOARD MATCH: wdata passthrough beat=74 expected = af45cb3310ab109b, actual =af45cb3310ab109b
[2585000] SCOREBOARD MATCH: wdata passthrough beat=75 expected = ee6880e7da05d9c7, actual =ee6880e7da05d9c7
[2585000] SCOREBOARD MATCH: wdata passthrough beat=76 expected = 88bfa08a302421aa, actual =88bfa08a302421aa
[2585000] SCOREBOARD MATCH: wdata passthrough beat=77 expected = c0cf3245b24871ae, actual =c0cf3245b24871ae
[2585000] SCOREBOARD MATCH: wdata passthrough beat=78 expected = 8c4e4b7538056bbe, actual =8c4e4b7538056bbe
[2585000] SCOREBOARD MATCH: wdata passthrough beat=79 expected = e8298d682f37b32c, actual =e8298d682f37b32c
[2585000] SCOREBOARD MATCH: wdata passthrough beat=80 expected = e18024da150dec00, actual =e18024da150dec00
[2585000] SCOREBOARD MATCH: wdata passthrough beat=81 expected = cd1357be28f8bfad, actual =cd1357be28f8bfad
[2585000] SCOREBOARD MATCH: wdata passthrough beat=82 expected = d83072d9edce7050, actual =d83072d9edce7050
[2585000] SCOREBOARD MATCH: wdata passthrough beat=83 expected = 2dc5c50353ce526, actual =2dc5c50353ce526
[2585000] SCOREBOARD MATCH: wdata passthrough beat=84 expected = de35a4d3b9b097b3, actual =de35a4d3b9b097b3
[2585000] SCOREBOARD MATCH: wdata passthrough beat=85 expected = a77f0803cfefb40e, actual =a77f0803cfefb40e
[2585000] SCOREBOARD MATCH: wdata passthrough beat=86 expected = 52c9934366617ac, actual =52c9934366617ac
[2585000] SCOREBOARD MATCH: wdata passthrough beat=87 expected = f016af5faa5b6453, actual =f016af5faa5b6453
[2585000] SCOREBOARD MATCH: wdata passthrough beat=88 expected = fa4b1861e3623e07, actual =fa4b1861e3623e07
[2585000] SCOREBOARD MATCH: wdata passthrough beat=89 expected = 19c855b31795b763, actual =19c855b31795b763
[2585000] SCOREBOARD MATCH: wdata passthrough beat=90 expected = c1f11bb6ff77b195, actual =c1f11bb6ff77b195
[2585000] SCOREBOARD MATCH: wdata passthrough beat=91 expected = e2d9ef9c89df0512, actual =e2d9ef9c89df0512
[2585000] SCOREBOARD MATCH: wdata passthrough beat=92 expected = a174bc753c3c3418, actual =a174bc753c3c3418
[2585000] SCOREBOARD MATCH: wdata passthrough beat=93 expected = bbb3e5adfca2454f, actual =bbb3e5adfca2454f
[2585000] SCOREBOARD MATCH: wdata passthrough beat=94 expected = 6814a62e365d82c, actual =6814a62e365d82c
[2585000] SCOREBOARD MATCH: wdata passthrough beat=95 expected = 1fa20c441e8dd54a, actual =1fa20c441e8dd54a
[2585000] SCOREBOARD MATCH: wdata passthrough beat=96 expected = 9b301a99a7f606d7, actual =9b301a99a7f606d7
[2585000] SCOREBOARD MATCH: wdata passthrough beat=97 expected = 8b5bdf03db55f1f1, actual =8b5bdf03db55f1f1
[2585000] SCOREBOARD MATCH: wdata passthrough beat=98 expected = f9e3c73ba1b164fb, actual =f9e3c73ba1b164fb
[2585000] SCOREBOARD MATCH: wdata passthrough beat=99 expected = c9a76bd3aafdeb47, actual =c9a76bd3aafdeb47
[2585000] SCOREBOARD MATCH: wdata passthrough beat=100 expected = 653dd391513e1d5, actual =653dd391513e1d5
[2585000] SCOREBOARD MATCH: wdata passthrough beat=101 expected = b6c546d0d5034ad6, actual =b6c546d0d5034ad6
[2585000] SCOREBOARD MATCH: wdata passthrough beat=102 expected = 1361e8037a474, actual =1361e8037a474
[2585000] SCOREBOARD MATCH: wdata passthrough beat=103 expected = 954b8649806cb2a3, actual =954b8649806cb2a3
[2585000] SCOREBOARD MATCH: wdata passthrough beat=104 expected = d56ffd7a06551357, actual =d56ffd7a06551357
[2585000] SCOREBOARD MATCH: wdata passthrough beat=105 expected = 868cb7cbcc10cd1a, actual =868cb7cbcc10cd1a
[2585000] SCOREBOARD MATCH: wdata passthrough beat=106 expected = cc7d7fbdd5713398, actual =cc7d7fbdd5713398
[2585000] SCOREBOARD MATCH: wdata passthrough beat=107 expected = dbc646ef1bd83e15, actual =dbc646ef1bd83e15
[2585000] SCOREBOARD MATCH: wdata passthrough beat=108 expected = e7e90b2fa1ed7d37, actual =e7e90b2fa1ed7d37
[2585000] SCOREBOARD MATCH: wdata passthrough beat=109 expected = f75eb0cfe252feba, actual =f75eb0cfe252feba
[2585000] SCOREBOARD MATCH: wdata passthrough beat=110 expected = fe2b3ccfb4668aec, actual =fe2b3ccfb4668aec
[2585000] SCOREBOARD MATCH: wdata passthrough beat=111 expected = d6540824d324f7be, actual =d6540824d324f7be
[2585000] SCOREBOARD MATCH: wdata passthrough beat=112 expected = 3577f679e61447fe, actual =3577f679e61447fe
[2585000] SCOREBOARD MATCH: wdata passthrough beat=113 expected = 1a7ad2ebcdb2b8f3, actual =1a7ad2ebcdb2b8f3
[2585000] SCOREBOARD MATCH: wdata passthrough beat=114 expected = 20d7b0b2b3a33348, actual =20d7b0b2b3a33348
[2585000] SCOREBOARD MATCH: wdata passthrough beat=115 expected = 19b77b47f0cedb0f, actual =19b77b47f0cedb0f
[2585000] SCOREBOARD MATCH: wdata passthrough beat=116 expected = be819402d64fa72b, actual =be819402d64fa72b
[2585000] SCOREBOARD MATCH: wdata passthrough beat=117 expected = 89f2da7334324e32, actual =89f2da7334324e32
[2585000] SCOREBOARD MATCH: wdata passthrough beat=118 expected = 25012941df5944b4, actual =25012941df5944b4
[2585000] SCOREBOARD MATCH: wdata passthrough beat=119 expected = b5a8ebdfa3aa55ba, actual =b5a8ebdfa3aa55ba
[2585000] SCOREBOARD MATCH: wdata passthrough beat=120 expected = d7dca3ece382bd43, actual =d7dca3ece382bd43
[2585000] SCOREBOARD MATCH: wdata passthrough beat=121 expected = c2dc01f83f9bc653, actual =c2dc01f83f9bc653
[2585000] SCOREBOARD MATCH: wdata passthrough beat=122 expected = e3461c0dfcddcd2d, actual =e3461c0dfcddcd2d
[2585000] SCOREBOARD MATCH: wdata passthrough beat=123 expected = e0608a71f884edd7, actual =e0608a71f884edd7
[2585000] SCOREBOARD MATCH: wdata passthrough beat=124 expected = b820b42a3b22bffa, actual =b820b42a3b22bffa
[2585000] SCOREBOARD MATCH: wdata passthrough beat=125 expected = b8008d27233c8c69, actual =b8008d27233c8c69
[2585000] SCOREBOARD MATCH: wdata passthrough beat=126 expected = 9bc17a401b66d038, actual =9bc17a401b66d038
[2585000] SCOREBOARD MATCH: wdata passthrough beat=127 expected = d689903298611798, actual =d689903298611798
[2585000] SCOREBOARD MATCH: wdata passthrough beat=128 expected = bb9da401d3e22e6b, actual =bb9da401d3e22e6b
[2585000] SCOREBOARD MATCH: wdata passthrough beat=129 expected = ef48fea38e8a1d59, actual =ef48fea38e8a1d59
[2585000] SCOREBOARD MATCH: wdata passthrough beat=130 expected = 26eb34f2d75f1e42, actual =26eb34f2d75f1e42
[2585000] SCOREBOARD MATCH: wdata passthrough beat=131 expected = 2b414cadc5d28ed5, actual =2b414cadc5d28ed5
[2585000] SCOREBOARD MATCH: wdata passthrough beat=132 expected = d45cac2ee288d8f3, actual =d45cac2ee288d8f3
[2585000] SCOREBOARD MATCH: wdata passthrough beat=133 expected = b9e7f7351a8a4b50, actual =b9e7f7351a8a4b50
[2585000] SCOREBOARD MATCH: wdata passthrough beat=134 expected = e05cda25fb47e120, actual =e05cda25fb47e120
[2585000] SCOREBOARD MATCH: wdata passthrough beat=135 expected = ddd0ba14e52943e2, actual =ddd0ba14e52943e2
[2585000] SCOREBOARD MATCH: wdata passthrough beat=136 expected = ffb38f32b4b98653, actual =ffb38f32b4b98653
[2585000] SCOREBOARD MATCH: wdata passthrough beat=137 expected = 3001677497b8b149, actual =3001677497b8b149
[2585000] SCOREBOARD MATCH: wdata passthrough beat=138 expected = fce1f52ce0106957, actual =fce1f52ce0106957
[2585000] SCOREBOARD MATCH: wdata passthrough beat=139 expected = 14c9efab0dd22188, actual =14c9efab0dd22188
[2585000] SCOREBOARD MATCH: wdata passthrough beat=140 expected = a58ad2d1fc95845e, actual =a58ad2d1fc95845e
[2585000] SCOREBOARD MATCH: wdata passthrough beat=141 expected = dca5edb6c4cb571f, actual =dca5edb6c4cb571f
[2585000] SCOREBOARD MATCH: wdata passthrough beat=142 expected = d29d78a7a26cc7fd, actual =d29d78a7a26cc7fd
[2585000] SCOREBOARD MATCH: wdata passthrough beat=143 expected = 1f024c5cf16fdd61, actual =1f024c5cf16fdd61
[2585000] SCOREBOARD MATCH: wdata passthrough beat=144 expected = 363b3480f8284b78, actual =363b3480f8284b78
[2585000] SCOREBOARD MATCH: wdata passthrough beat=145 expected = 1a951376fba83a12, actual =1a951376fba83a12
[2585000] SCOREBOARD MATCH: wdata passthrough beat=146 expected = ed18177308d8ad27, actual =ed18177308d8ad27
[2585000] SCOREBOARD MATCH: wdata passthrough beat=147 expected = 8100f89f39975fd2, actual =8100f89f39975fd2
[2585000] SCOREBOARD MATCH: wdata passthrough beat=148 expected = 353f99e423534bf3, actual =353f99e423534bf3
[2585000] SCOREBOARD MATCH: wdata passthrough beat=149 expected = 2c2bf91a9b960c15, actual =2c2bf91a9b960c15
[2585000] SCOREBOARD MATCH: wdata passthrough beat=150 expected = d52d6be72257b157, actual =d52d6be72257b157
[2585000] SCOREBOARD MATCH: wdata passthrough beat=151 expected = c5aafd4aad2cf1b9, actual =c5aafd4aad2cf1b9
[2585000] SCOREBOARD MATCH: wdata passthrough beat=152 expected = c8c2fdcf8a6d05cb, actual =c8c2fdcf8a6d05cb
[2585000] SCOREBOARD MATCH: wdata passthrough beat=153 expected = acc4b722f1d6f664, actual =acc4b722f1d6f664
[2585000] SCOREBOARD MATCH: wdata passthrough beat=154 expected = 9f03e81d9df069b6, actual =9f03e81d9df069b6
[2585000] SCOREBOARD MATCH: wdata passthrough beat=155 expected = 285d6f82f26fb46c, actual =285d6f82f26fb46c
[2585000] SCOREBOARD MATCH: wdata passthrough beat=156 expected = e446aad0e7c6e5ec, actual =e446aad0e7c6e5ec
[2585000] SCOREBOARD MATCH: wdata passthrough beat=157 expected = 5b74fa3d52226a4, actual =5b74fa3d52226a4
[2585000] SCOREBOARD MATCH: wdata passthrough beat=158 expected = c791db11034a92ee, actual =c791db11034a92ee
[2585000] SCOREBOARD MATCH: wdata passthrough beat=159 expected = eb1178da2e14bf25, actual =eb1178da2e14bf25
[2585000] SCOREBOARD MATCH: wdata passthrough beat=160 expected = 8336e5c9abd885e1, actual =8336e5c9abd885e1
[2585000] SCOREBOARD MATCH: wdata passthrough beat=161 expected = af2318cff0c8c87d, actual =af2318cff0c8c87d
[2585000] SCOREBOARD MATCH: wdata passthrough beat=162 expected = 9edd87a2cac8c0da, actual =9edd87a2cac8c0da
[2585000] SCOREBOARD MATCH: wdata passthrough beat=163 expected = f6a146bc1a3491aa, actual =f6a146bc1a3491aa
[2585000] SCOREBOARD MATCH: wdata passthrough beat=164 expected = 8afd5a2722146d6c, actual =8afd5a2722146d6c
[2585000] SCOREBOARD MATCH: wdata passthrough beat=165 expected = ecdd2e46a5c45f8b, actual =ecdd2e46a5c45f8b
[2585000] SCOREBOARD MATCH: wdata passthrough beat=166 expected = bff8f13529dae1ca, actual =bff8f13529dae1ca
[2585000] SCOREBOARD MATCH: wdata passthrough beat=167 expected = cbef4f36e37e7502, actual =cbef4f36e37e7502
[2585000] SCOREBOARD MATCH: wdata passthrough beat=168 expected = 942d48ecaf64b5d, actual =942d48ecaf64b5d
[2585000] SCOREBOARD MATCH: wdata passthrough beat=169 expected = f4d12d27b8cc7d7c, actual =f4d12d27b8cc7d7c
[2585000] SCOREBOARD MATCH: wdata passthrough beat=170 expected = 1c4af27fc93bc5c3, actual =1c4af27fc93bc5c3
[2585000] SCOREBOARD MATCH: wdata passthrough beat=171 expected = 94321120c0c07c5d, actual =94321120c0c07c5d
[2585000] SCOREBOARD MATCH: wdata passthrough beat=172 expected = f98cf9d9258dc70d, actual =f98cf9d9258dc70d
[2585000] SCOREBOARD MATCH: wdata passthrough beat=173 expected = eec98cd089033e47, actual =eec98cd089033e47
[2585000] SCOREBOARD MATCH: wdata passthrough beat=174 expected = c9c3baa495d7ec58, actual =c9c3baa495d7ec58
[2585000] SCOREBOARD MATCH: wdata passthrough beat=175 expected = bb65b36502fb9df1, actual =bb65b36502fb9df1
[2585000] SCOREBOARD MATCH: wdata passthrough beat=176 expected = 8bfedc38c350b47e, actual =8bfedc38c350b47e
[2585000] SCOREBOARD MATCH: wdata passthrough beat=177 expected = d928a0d62a2f4036, actual =d928a0d62a2f4036
[2585000] SCOREBOARD MATCH: wdata passthrough beat=178 expected = 2d2ade27d5c296dd, actual =2d2ade27d5c296dd
[2585000] SCOREBOARD MATCH: wdata passthrough beat=179 expected = 19134b5b148e543c, actual =19134b5b148e543c
[2585000] SCOREBOARD MATCH: wdata passthrough beat=180 expected = 3ebd9472b929ba5f, actual =3ebd9472b929ba5f
[2585000] SCOREBOARD MATCH: wdata passthrough beat=181 expected = 8eec513cf23bec31, actual =8eec513cf23bec31
[2585000] SCOREBOARD MATCH: wdata passthrough beat=182 expected = 86ca406debe87299, actual =86ca406debe87299
[2585000] SCOREBOARD MATCH: wdata passthrough beat=183 expected = a5122cf8a7ff9c97, actual =a5122cf8a7ff9c97
[2585000] SCOREBOARD MATCH: wdata passthrough beat=184 expected = 1a3b88c9c587d4df, actual =1a3b88c9c587d4df
[2585000] SCOREBOARD MATCH: wdata passthrough beat=185 expected = b170477833fe7e35, actual =b170477833fe7e35
[2585000] SCOREBOARD MATCH: wdata passthrough beat=186 expected = dbfe1acca105c936, actual =dbfe1acca105c936
[2585000] SCOREBOARD MATCH: wdata passthrough beat=187 expected = e68d9e16d6827471, actual =e68d9e16d6827471
[2585000] SCOREBOARD MATCH: wdata passthrough beat=188 expected = a80f2a6f639a395, actual =a80f2a6f639a395
[2585000] SCOREBOARD MATCH: wdata passthrough beat=189 expected = 173f6ccc97fde58e, actual =173f6ccc97fde58e
[2585000] SCOREBOARD MATCH: wdata passthrough beat=190 expected = ee8059ffe67f0d72, actual =ee8059ffe67f0d72
[2585000] SCOREBOARD MATCH: wdata passthrough beat=191 expected = dcb8b108fdcd0ae2, actual =dcb8b108fdcd0ae2
[2585000] SCOREBOARD MATCH: wdata passthrough beat=192 expected = 95caf070f9014ca5, actual =95caf070f9014ca5
[2585000] SCOREBOARD MATCH: wdata passthrough beat=193 expected = df805a18f3f81dd4, actual =df805a18f3f81dd4
[2585000] SCOREBOARD MATCH: wdata passthrough beat=194 expected = f1c528b6044b4a70, actual =f1c528b6044b4a70
[2585000] SCOREBOARD MATCH: wdata passthrough beat=195 expected = fd4c97153c390b20, actual =fd4c97153c390b20
[2585000] SCOREBOARD MATCH: wdata passthrough beat=196 expected = 303128f487901926, actual =303128f487901926
[2585000] SCOREBOARD MATCH: wdata passthrough beat=197 expected = 8bdb6396dcccf12d, actual =8bdb6396dcccf12d
[2585000] SCOREBOARD MATCH: wdata passthrough beat=198 expected = 9905fc4d21f651aa, actual =9905fc4d21f651aa
[2585000] SCOREBOARD MATCH: wdata passthrough beat=199 expected = a9866ad00927faac, actual =a9866ad00927faac
[2585000] SCOREBOARD MATCH: wdata passthrough beat=200 expected = e5f4ebd9c9372541, actual =e5f4ebd9c9372541
[2585000] SCOREBOARD MATCH: wdata passthrough beat=201 expected = eb2d76eb3561ce67, actual =eb2d76eb3561ce67
[2585000] SCOREBOARD MATCH: wdata passthrough beat=202 expected = 3e89c913fefae827, actual =3e89c913fefae827
[2585000] SCOREBOARD MATCH: wdata passthrough beat=203 expected = c8320d6814b3e1bc, actual =c8320d6814b3e1bc
[2585000] SCOREBOARD MATCH: wdata passthrough beat=204 expected = ca15b023a47eb4ec, actual =ca15b023a47eb4ec
[2585000] SCOREBOARD MATCH: wdata passthrough beat=205 expected = a3799d13335f8454, actual =a3799d13335f8454
[2585000] SCOREBOARD MATCH: wdata passthrough beat=206 expected = c8136610089f7936, actual =c8136610089f7936
[2585000] SCOREBOARD MATCH: wdata passthrough beat=207 expected = ad1e2e22ebabaa7c, actual =ad1e2e22ebabaa7c
[2585000] SCOREBOARD MATCH: wdata passthrough beat=208 expected = 1f0b2ed012291633, actual =1f0b2ed012291633
[2585000] SCOREBOARD MATCH: wdata passthrough beat=209 expected = 1ac88f69d097cb36, actual =1ac88f69d097cb36
[2585000] SCOREBOARD MATCH: wdata passthrough beat=210 expected = 3c4375b2e71e94e0, actual =3c4375b2e71e94e0
[2585000] SCOREBOARD MATCH: wdata passthrough beat=211 expected = f947ab13c7e6bd8b, actual =f947ab13c7e6bd8b
[2585000] SCOREBOARD MATCH: wdata passthrough beat=212 expected = 987e88c1db4ea482, actual =987e88c1db4ea482
[2585000] SCOREBOARD MATCH: wdata passthrough beat=213 expected = c26d396214103a7c, actual =c26d396214103a7c
[2585000] SCOREBOARD MATCH: wdata passthrough beat=214 expected = dbf6f807d4c1fe73, actual =dbf6f807d4c1fe73
[2585000] SCOREBOARD MATCH: wdata passthrough beat=215 expected = b010a2f53bb4e475, actual =b010a2f53bb4e475
[2585000] SCOREBOARD MATCH: wdata passthrough beat=216 expected = cfc51ef1f47580c9, actual =cfc51ef1f47580c9
[2585000] SCOREBOARD MATCH: wdata passthrough beat=217 expected = c9377f3cf27ddc57, actual =c9377f3cf27ddc57
[2585000] SCOREBOARD MATCH: wdata passthrough beat=218 expected = ae32c0ccabbc16f8, actual =ae32c0ccabbc16f8
[2585000] SCOREBOARD MATCH: wdata passthrough beat=219 expected = a03197c1f9482232, actual =a03197c1f9482232
[2585000] SCOREBOARD MATCH: wdata passthrough beat=220 expected = ebc5fe89fdf7dfbd, actual =ebc5fe89fdf7dfbd
[2585000] SCOREBOARD MATCH: wdata passthrough beat=221 expected = 29b3f6b6e96916fe, actual =29b3f6b6e96916fe
[2585000] SCOREBOARD MATCH: wdata passthrough beat=222 expected = e2b1393019f8bf56, actual =e2b1393019f8bf56
[2585000] SCOREBOARD MATCH: wdata passthrough beat=223 expected = 97f09f13c9e58e77, actual =97f09f13c9e58e77
[2585000] SCOREBOARD MATCH: wdata passthrough beat=224 expected = b34ea575ce7737b9, actual =b34ea575ce7737b9
[2585000] SCOREBOARD MATCH: wdata passthrough beat=225 expected = e86ff70fc1a495c9, actual =e86ff70fc1a495c9
[2585000] SCOREBOARD MATCH: wdata passthrough beat=226 expected = b8a244195ffdea5, actual =b8a244195ffdea5
[2585000] SCOREBOARD MATCH: wdata passthrough beat=227 expected = e477165f00609623, actual =e477165f00609623
[2585000] SCOREBOARD MATCH: wdata passthrough beat=228 expected = c2052becbed8c9b6, actual =c2052becbed8c9b6
[2585000] SCOREBOARD MATCH: wdata passthrough beat=229 expected = d4d8a85ccce70d6e, actual =d4d8a85ccce70d6e
[2585000] SCOREBOARD MATCH: wdata passthrough beat=230 expected = cd47a391cd8f502d, actual =cd47a391cd8f502d
[2585000] SCOREBOARD MATCH: wdata passthrough beat=231 expected = c6819e4394fbebb, actual =c6819e4394fbebb
[2585000] SCOREBOARD MATCH: wdata passthrough beat=232 expected = 8636cc290f4ccf7e, actual =8636cc290f4ccf7e
[2585000] SCOREBOARD MATCH: wdata passthrough beat=233 expected = dcdc1fabe140c240, actual =dcdc1fabe140c240
[2585000] SCOREBOARD MATCH: wdata passthrough beat=234 expected = 1a9080fbd37e6fbb, actual =1a9080fbd37e6fbb
[2585000] SCOREBOARD MATCH: wdata passthrough beat=235 expected = e2cb3f39e944398f, actual =e2cb3f39e944398f
[2585000] SCOREBOARD MATCH: wdata passthrough beat=236 expected = ca84fbcfa0c74d24, actual =ca84fbcfa0c74d24
[2585000] SCOREBOARD MATCH: wdata passthrough beat=237 expected = f445bcdfbfa75ee4, actual =f445bcdfbfa75ee4
[2585000] SCOREBOARD MATCH: wdata passthrough beat=238 expected = 28eb9874e5157cca, actual =28eb9874e5157cca
[2585000] SCOREBOARD MATCH: wdata passthrough beat=239 expected = 5dcc9efd710fc18, actual =5dcc9efd710fc18
[2585000] SCOREBOARD MATCH: wdata passthrough beat=240 expected = 16b85afdf3709443, actual =16b85afdf3709443
[2585000] SCOREBOARD MATCH: wdata passthrough beat=241 expected = d886110efa2286ce, actual =d886110efa2286ce
[2585000] SCOREBOARD MATCH: wdata passthrough beat=242 expected = d13382e73fa3f371, actual =d13382e73fa3f371
[2585000] SCOREBOARD MATCH: wdata passthrough beat=243 expected = b31487b4de62dafd, actual =b31487b4de62dafd
[2585000] SCOREBOARD MATCH: wdata passthrough beat=244 expected = d88561cbe7ebdde4, actual =d88561cbe7ebdde4
[2585000] SCOREBOARD MATCH: wdata passthrough beat=245 expected = 278fd1558b9a98c2, actual =278fd1558b9a98c2
[2585000] SCOREBOARD MATCH: wdata passthrough beat=246 expected = e9fd73bfa9b8e4b2, actual =e9fd73bfa9b8e4b2
[2585000] SCOREBOARD MATCH: wdata passthrough beat=247 expected = 91a4c296daa45909, actual =91a4c296daa45909
[2585000] SCOREBOARD MATCH: wstrb size check expected = f8, actual =f8
[2585000] SCOREBOARD MATCH: wstrb passthrough beat=0 expected = 8b, actual =8b
[2585000] SCOREBOARD MATCH: wstrb passthrough beat=1 expected = cc, actual =cc
[2585000] SCOREBOARD MATCH: wstrb passthrough beat=2 expected = eb, actual =eb
[2585000] SCOREBOARD MATCH: wstrb passthrough beat=3 expected = 3d, actual =3d
[2585000] SCOREBOARD MATCH: wstrb passthrough beat=4 expected = 8b, actual =8b
[2585000] SCOREBOARD MATCH: wstrb passthrough beat=5 expected = f5, actual =f5
[2585000] SCOREBOARD MATCH: wstrb passthrough beat=6 expected = d4, actual =d4
[2585000] SCOREBOARD MATCH: wstrb passthrough beat=7 expected = 16, actual =16
[2585000] SCOREBOARD MATCH: wstrb passthrough beat=8 expected = c1, actual =c1
[2585000] SCOREBOARD MATCH: wstrb passthrough beat=9 expected = bf, actual =bf
[2585000] SCOREBOARD MATCH: wstrb passthrough beat=10 expected = 54, actual =54
[2585000] SCOREBOARD MATCH: wstrb passthrough beat=11 expected = 4c, actual =4c
[2585000] SCOREBOARD MATCH: wstrb passthrough beat=12 expected = b4, actual =b4
[2585000] SCOREBOARD MATCH: wstrb passthrough beat=13 expected = 28, actual =28
[2585000] SCOREBOARD MATCH: wstrb passthrough beat=14 expected = 63, actual =63
[2585000] SCOREBOARD MATCH: wstrb passthrough beat=15 expected = 75, actual =75
[2585000] SCOREBOARD MATCH: wstrb passthrough beat=16 expected = e7, actual =e7
[2585000] SCOREBOARD MATCH: wstrb passthrough beat=17 expected = b7, actual =b7
[2585000] SCOREBOARD MATCH: wstrb passthrough beat=18 expected = c2, actual =c2
[2585000] SCOREBOARD MATCH: wstrb passthrough beat=19 expected = 9c, actual =9c
[2585000] SCOREBOARD MATCH: wstrb passthrough beat=20 expected = df, actual =df
[2585000] SCOREBOARD MATCH: wstrb passthrough beat=21 expected = 25, actual =25
[2585000] SCOREBOARD MATCH: wstrb passthrough beat=22 expected = 11, actual =11
[2585000] SCOREBOARD MATCH: wstrb passthrough beat=23 expected = c6, actual =c6
[2585000] SCOREBOARD MATCH: wstrb passthrough beat=24 expected = dc, actual =dc
[2585000] SCOREBOARD MATCH: wstrb passthrough beat=25 expected = d3, actual =d3
[2585000] SCOREBOARD MATCH: wstrb passthrough beat=26 expected = 62, actual =62
[2585000] SCOREBOARD MATCH: wstrb passthrough beat=27 expected = bb, actual =bb
[2585000] SCOREBOARD MATCH: wstrb passthrough beat=28 expected = f8, actual =f8
[2585000] SCOREBOARD MATCH: wstrb passthrough beat=29 expected = 74, actual =74
[2585000] SCOREBOARD MATCH: wstrb passthrough beat=30 expected = 81, actual =81
[2585000] SCOREBOARD MATCH: wstrb passthrough beat=31 expected = d4, actual =d4
[2585000] SCOREBOARD MATCH: wstrb passthrough beat=32 expected = 47, actual =47
[2585000] SCOREBOARD MATCH: wstrb passthrough beat=33 expected = e4, actual =e4
[2585000] SCOREBOARD MATCH: wstrb passthrough beat=34 expected = 8f, actual =8f
[2585000] SCOREBOARD MATCH: wstrb passthrough beat=35 expected = 40, actual =40
[2585000] SCOREBOARD MATCH: wstrb passthrough beat=36 expected = 58, actual =58
[2585000] SCOREBOARD MATCH: wstrb passthrough beat=37 expected = 11, actual =11
[2585000] SCOREBOARD MATCH: wstrb passthrough beat=38 expected = 14, actual =14
[2585000] SCOREBOARD MATCH: wstrb passthrough beat=39 expected = 9f, actual =9f
[2585000] SCOREBOARD MATCH: wstrb passthrough beat=40 expected = f5, actual =f5
[2585000] SCOREBOARD MATCH: wstrb passthrough beat=41 expected = a4, actual =a4
[2585000] SCOREBOARD MATCH: wstrb passthrough beat=42 expected = df, actual =df
[2585000] SCOREBOARD MATCH: wstrb passthrough beat=43 expected = 4d, actual =4d
[2585000] SCOREBOARD MATCH: wstrb passthrough beat=44 expected = b5, actual =b5
[2585000] SCOREBOARD MATCH: wstrb passthrough beat=45 expected = f4, actual =f4
[2585000] SCOREBOARD MATCH: wstrb passthrough beat=46 expected = ec, actual =ec
[2585000] SCOREBOARD MATCH: wstrb passthrough beat=47 expected = aa, actual =aa
[2585000] SCOREBOARD MATCH: wstrb passthrough beat=48 expected = 98, actual =98
[2585000] SCOREBOARD MATCH: wstrb passthrough beat=49 expected = cc, actual =cc
[2585000] SCOREBOARD MATCH: wstrb passthrough beat=50 expected = f7, actual =f7
[2585000] SCOREBOARD MATCH: wstrb passthrough beat=51 expected = 4d, actual =4d
[2585000] SCOREBOARD MATCH: wstrb passthrough beat=52 expected = c0, actual =c0
[2585000] SCOREBOARD MATCH: wstrb passthrough beat=53 expected = e3, actual =e3
[2585000] SCOREBOARD MATCH: wstrb passthrough beat=54 expected = f7, actual =f7
[2585000] SCOREBOARD MATCH: wstrb passthrough beat=55 expected = 58, actual =58
[2585000] SCOREBOARD MATCH: wstrb passthrough beat=56 expected = af, actual =af
[2585000] SCOREBOARD MATCH: wstrb passthrough beat=57 expected = ee, actual =ee
[2585000] SCOREBOARD MATCH: wstrb passthrough beat=58 expected = a5, actual =a5
[2585000] SCOREBOARD MATCH: wstrb passthrough beat=59 expected = 6f, actual =6f
[2585000] SCOREBOARD MATCH: wstrb passthrough beat=60 expected = d1, actual =d1
[2585000] SCOREBOARD MATCH: wstrb passthrough beat=61 expected = 9c, actual =9c
[2585000] SCOREBOARD MATCH: wstrb passthrough beat=62 expected = c7, actual =c7
[2585000] SCOREBOARD MATCH: wstrb passthrough beat=63 expected = 81, actual =81
[2585000] SCOREBOARD MATCH: wstrb passthrough beat=64 expected = 8a, actual =8a
[2585000] SCOREBOARD MATCH: wstrb passthrough beat=65 expected = 6c, actual =6c
[2585000] SCOREBOARD MATCH: wstrb passthrough beat=66 expected = f0, actual =f0
[2585000] SCOREBOARD MATCH: wstrb passthrough beat=67 expected = 5b, actual =5b
[2585000] SCOREBOARD MATCH: wstrb passthrough beat=68 expected = 8, actual =8
[2585000] SCOREBOARD MATCH: wstrb passthrough beat=69 expected = b8, actual =b8
[2585000] SCOREBOARD MATCH: wstrb passthrough beat=70 expected = dc, actual =dc
[2585000] SCOREBOARD MATCH: wstrb passthrough beat=71 expected = 92, actual =92
[2585000] SCOREBOARD MATCH: wstrb passthrough beat=72 expected = 24, actual =24
[2585000] SCOREBOARD MATCH: wstrb passthrough beat=73 expected = cd, actual =cd
[2585000] SCOREBOARD MATCH: wstrb passthrough beat=74 expected = ee, actual =ee
[2585000] SCOREBOARD MATCH: wstrb passthrough beat=75 expected = 2d, actual =2d
[2585000] SCOREBOARD MATCH: wstrb passthrough beat=76 expected = 85, actual =85
[2585000] SCOREBOARD MATCH: wstrb passthrough beat=77 expected = ca, actual =ca
[2585000] SCOREBOARD MATCH: wstrb passthrough beat=78 expected = bf, actual =bf
[2585000] SCOREBOARD MATCH: wstrb passthrough beat=79 expected = a9, actual =a9
[2585000] SCOREBOARD MATCH: wstrb passthrough beat=80 expected = 97, actual =97
[2585000] SCOREBOARD MATCH: wstrb passthrough beat=81 expected = ad, actual =ad
[2585000] SCOREBOARD MATCH: wstrb passthrough beat=82 expected = d6, actual =d6
[2585000] SCOREBOARD MATCH: wstrb passthrough beat=83 expected = 1c, actual =1c
[2585000] SCOREBOARD MATCH: wstrb passthrough beat=84 expected = 78, actual =78
[2585000] SCOREBOARD MATCH: wstrb passthrough beat=85 expected = 96, actual =96
[2585000] SCOREBOARD MATCH: wstrb passthrough beat=86 expected = c6, actual =c6
[2585000] SCOREBOARD MATCH: wstrb passthrough beat=87 expected = f, actual =f
[2585000] SCOREBOARD MATCH: wstrb passthrough beat=88 expected = 43, actual =43
[2585000] SCOREBOARD MATCH: wstrb passthrough beat=89 expected = 9c, actual =9c
[2585000] SCOREBOARD MATCH: wstrb passthrough beat=90 expected = 2c, actual =2c
[2585000] SCOREBOARD MATCH: wstrb passthrough beat=91 expected = bb, actual =bb
[2585000] SCOREBOARD MATCH: wstrb passthrough beat=92 expected = 32, actual =32
[2585000] SCOREBOARD MATCH: wstrb passthrough beat=93 expected = f2, actual =f2
[2585000] SCOREBOARD MATCH: wstrb passthrough beat=94 expected = cb, actual =cb
[2585000] SCOREBOARD MATCH: wstrb passthrough beat=95 expected = 76, actual =76
[2585000] SCOREBOARD MATCH: wstrb passthrough beat=96 expected = 8e, actual =8e
[2585000] SCOREBOARD MATCH: wstrb passthrough beat=97 expected = f7, actual =f7
[2585000] SCOREBOARD MATCH: wstrb passthrough beat=98 expected = 31, actual =31
[2585000] SCOREBOARD MATCH: wstrb passthrough beat=99 expected = c1, actual =c1
[2585000] SCOREBOARD MATCH: wstrb passthrough beat=100 expected = e9, actual =e9
[2585000] SCOREBOARD MATCH: wstrb passthrough beat=101 expected = fc, actual =fc
[2585000] SCOREBOARD MATCH: wstrb passthrough beat=102 expected = 37, actual =37
[2585000] SCOREBOARD MATCH: wstrb passthrough beat=103 expected = 77, actual =77
[2585000] SCOREBOARD MATCH: wstrb passthrough beat=104 expected = f3, actual =f3
[2585000] SCOREBOARD MATCH: wstrb passthrough beat=105 expected = 68, actual =68
[2585000] SCOREBOARD MATCH: wstrb passthrough beat=106 expected = 38, actual =38
[2585000] SCOREBOARD MATCH: wstrb passthrough beat=107 expected = dc, actual =dc
[2585000] SCOREBOARD MATCH: wstrb passthrough beat=108 expected = 65, actual =65
[2585000] SCOREBOARD MATCH: wstrb passthrough beat=109 expected = 6f, actual =6f
[2585000] SCOREBOARD MATCH: wstrb passthrough beat=110 expected = 54, actual =54
[2585000] SCOREBOARD MATCH: wstrb passthrough beat=111 expected = 58, actual =58
[2585000] SCOREBOARD MATCH: wstrb passthrough beat=112 expected = d8, actual =d8
[2585000] SCOREBOARD MATCH: wstrb passthrough beat=113 expected = 8c, actual =8c
[2585000] SCOREBOARD MATCH: wstrb passthrough beat=114 expected = 35, actual =35
[2585000] SCOREBOARD MATCH: wstrb passthrough beat=115 expected = 3d, actual =3d
[2585000] SCOREBOARD MATCH: wstrb passthrough beat=116 expected = fc, actual =fc
[2585000] SCOREBOARD MATCH: wstrb passthrough beat=117 expected = 89, actual =89
[2585000] SCOREBOARD MATCH: wstrb passthrough beat=118 expected = 95, actual =95
[2585000] SCOREBOARD MATCH: wstrb passthrough beat=119 expected = d4, actual =d4
[2585000] SCOREBOARD MATCH: wstrb passthrough beat=120 expected = 15, actual =15
[2585000] SCOREBOARD MATCH: wstrb passthrough beat=121 expected = ca, actual =ca
[2585000] SCOREBOARD MATCH: wstrb passthrough beat=122 expected = 11, actual =11
[2585000] SCOREBOARD MATCH: wstrb passthrough beat=123 expected = 11, actual =11
[2585000] SCOREBOARD MATCH: wstrb passthrough beat=124 expected = 53, actual =53
[2585000] SCOREBOARD MATCH: wstrb passthrough beat=125 expected = a6, actual =a6
[2585000] SCOREBOARD MATCH: wstrb passthrough beat=126 expected = e5, actual =e5
[2585000] SCOREBOARD MATCH: wstrb passthrough beat=127 expected = 69, actual =69
[2585000] SCOREBOARD MATCH: wstrb passthrough beat=128 expected = 71, actual =71
[2585000] SCOREBOARD MATCH: wstrb passthrough beat=129 expected = f6, actual =f6
[2585000] SCOREBOARD MATCH: wstrb passthrough beat=130 expected = 7a, actual =7a
[2585000] SCOREBOARD MATCH: wstrb passthrough beat=131 expected = c4, actual =c4
[2585000] SCOREBOARD MATCH: wstrb passthrough beat=132 expected = 9d, actual =9d
[2585000] SCOREBOARD MATCH: wstrb passthrough beat=133 expected = 60, actual =60
[2585000] SCOREBOARD MATCH: wstrb passthrough beat=134 expected = 2d, actual =2d
[2585000] SCOREBOARD MATCH: wstrb passthrough beat=135 expected = e, actual =e
[2585000] SCOREBOARD MATCH: wstrb passthrough beat=136 expected = 56, actual =56
[2585000] SCOREBOARD MATCH: wstrb passthrough beat=137 expected = a8, actual =a8
[2585000] SCOREBOARD MATCH: wstrb passthrough beat=138 expected = d2, actual =d2
[2585000] SCOREBOARD MATCH: wstrb passthrough beat=139 expected = f3, actual =f3
[2585000] SCOREBOARD MATCH: wstrb passthrough beat=140 expected = 8, actual =8
[2585000] SCOREBOARD MATCH: wstrb passthrough beat=141 expected = 0, actual =0
[2585000] SCOREBOARD MATCH: wstrb passthrough beat=142 expected = 1, actual =1
[2585000] SCOREBOARD MATCH: wstrb passthrough beat=143 expected = 5e, actual =5e
[2585000] SCOREBOARD MATCH: wstrb passthrough beat=144 expected = a8, actual =a8
[2585000] SCOREBOARD MATCH: wstrb passthrough beat=145 expected = d4, actual =d4
[2585000] SCOREBOARD MATCH: wstrb passthrough beat=146 expected = 52, actual =52
[2585000] SCOREBOARD MATCH: wstrb passthrough beat=147 expected = b0, actual =b0
[2585000] SCOREBOARD MATCH: wstrb passthrough beat=148 expected = d4, actual =d4
[2585000] SCOREBOARD MATCH: wstrb passthrough beat=149 expected = 53, actual =53
[2585000] SCOREBOARD MATCH: wstrb passthrough beat=150 expected = e, actual =e
[2585000] SCOREBOARD MATCH: wstrb passthrough beat=151 expected = 7c, actual =7c
[2585000] SCOREBOARD MATCH: wstrb passthrough beat=152 expected = 27, actual =27
[2585000] SCOREBOARD MATCH: wstrb passthrough beat=153 expected = 60, actual =60
[2585000] SCOREBOARD MATCH: wstrb passthrough beat=154 expected = 2c, actual =2c
[2585000] SCOREBOARD MATCH: wstrb passthrough beat=155 expected = fb, actual =fb
[2585000] SCOREBOARD MATCH: wstrb passthrough beat=156 expected = b4, actual =b4
[2585000] SCOREBOARD MATCH: wstrb passthrough beat=157 expected = 3a, actual =3a
[2585000] SCOREBOARD MATCH: wstrb passthrough beat=158 expected = 77, actual =77
[2585000] SCOREBOARD MATCH: wstrb passthrough beat=159 expected = db, actual =db
[2585000] SCOREBOARD MATCH: wstrb passthrough beat=160 expected = 9b, actual =9b
[2585000] SCOREBOARD MATCH: wstrb passthrough beat=161 expected = a3, actual =a3
[2585000] SCOREBOARD MATCH: wstrb passthrough beat=162 expected = d7, actual =d7
[2585000] SCOREBOARD MATCH: wstrb passthrough beat=163 expected = 4f, actual =4f
[2585000] SCOREBOARD MATCH: wstrb passthrough beat=164 expected = de, actual =de
[2585000] SCOREBOARD MATCH: wstrb passthrough beat=165 expected = 4e, actual =4e
[2585000] SCOREBOARD MATCH: wstrb passthrough beat=166 expected = 2a, actual =2a
[2585000] SCOREBOARD MATCH: wstrb passthrough beat=167 expected = 79, actual =79
[2585000] SCOREBOARD MATCH: wstrb passthrough beat=168 expected = f2, actual =f2
[2585000] SCOREBOARD MATCH: wstrb passthrough beat=169 expected = 1, actual =1
[2585000] SCOREBOARD MATCH: wstrb passthrough beat=170 expected = c8, actual =c8
[2585000] SCOREBOARD MATCH: wstrb passthrough beat=171 expected = d0, actual =d0
[2585000] SCOREBOARD MATCH: wstrb passthrough beat=172 expected = 50, actual =50
[2585000] SCOREBOARD MATCH: wstrb passthrough beat=173 expected = f2, actual =f2
[2585000] SCOREBOARD MATCH: wstrb passthrough beat=174 expected = 49, actual =49
[2585000] SCOREBOARD MATCH: wstrb passthrough beat=175 expected = 42, actual =42
[2585000] SCOREBOARD MATCH: wstrb passthrough beat=176 expected = f4, actual =f4
[2585000] SCOREBOARD MATCH: wstrb passthrough beat=177 expected = 11, actual =11
[2585000] SCOREBOARD MATCH: wstrb passthrough beat=178 expected = 12, actual =12
[2585000] SCOREBOARD MATCH: wstrb passthrough beat=179 expected = 44, actual =44
[2585000] SCOREBOARD MATCH: wstrb passthrough beat=180 expected = 3, actual =3
[2585000] SCOREBOARD MATCH: wstrb passthrough beat=181 expected = 5b, actual =5b
[2585000] SCOREBOARD MATCH: wstrb passthrough beat=182 expected = 86, actual =86
[2585000] SCOREBOARD MATCH: wstrb passthrough beat=183 expected = f7, actual =f7
[2585000] SCOREBOARD MATCH: wstrb passthrough beat=184 expected = 6c, actual =6c
[2585000] SCOREBOARD MATCH: wstrb passthrough beat=185 expected = 98, actual =98
[2585000] SCOREBOARD MATCH: wstrb passthrough beat=186 expected = 3b, actual =3b
[2585000] SCOREBOARD MATCH: wstrb passthrough beat=187 expected = 6f, actual =6f
[2585000] SCOREBOARD MATCH: wstrb passthrough beat=188 expected = f3, actual =f3
[2585000] SCOREBOARD MATCH: wstrb passthrough beat=189 expected = c1, actual =c1
[2585000] SCOREBOARD MATCH: wstrb passthrough beat=190 expected = 67, actual =67
[2585000] SCOREBOARD MATCH: wstrb passthrough beat=191 expected = 5f, actual =5f
[2585000] SCOREBOARD MATCH: wstrb passthrough beat=192 expected = 59, actual =59
[2585000] SCOREBOARD MATCH: wstrb passthrough beat=193 expected = a2, actual =a2
[2585000] SCOREBOARD MATCH: wstrb passthrough beat=194 expected = ce, actual =ce
[2585000] SCOREBOARD MATCH: wstrb passthrough beat=195 expected = 4c, actual =4c
[2585000] SCOREBOARD MATCH: wstrb passthrough beat=196 expected = 64, actual =64
[2585000] SCOREBOARD MATCH: wstrb passthrough beat=197 expected = 35, actual =35
[2585000] SCOREBOARD MATCH: wstrb passthrough beat=198 expected = ab, actual =ab
[2585000] SCOREBOARD MATCH: wstrb passthrough beat=199 expected = bd, actual =bd
[2585000] SCOREBOARD MATCH: wstrb passthrough beat=200 expected = d8, actual =d8
[2585000] SCOREBOARD MATCH: wstrb passthrough beat=201 expected = 7a, actual =7a
[2585000] SCOREBOARD MATCH: wstrb passthrough beat=202 expected = a, actual =a
[2585000] SCOREBOARD MATCH: wstrb passthrough beat=203 expected = 3c, actual =3c
[2585000] SCOREBOARD MATCH: wstrb passthrough beat=204 expected = af, actual =af
[2585000] SCOREBOARD MATCH: wstrb passthrough beat=205 expected = b5, actual =b5
[2585000] SCOREBOARD MATCH: wstrb passthrough beat=206 expected = f9, actual =f9
[2585000] SCOREBOARD MATCH: wstrb passthrough beat=207 expected = 87, actual =87
[2585000] SCOREBOARD MATCH: wstrb passthrough beat=208 expected = 2f, actual =2f
[2585000] SCOREBOARD MATCH: wstrb passthrough beat=209 expected = 3, actual =3
[2585000] SCOREBOARD MATCH: wstrb passthrough beat=210 expected = c3, actual =c3
[2585000] SCOREBOARD MATCH: wstrb passthrough beat=211 expected = df, actual =df
[2585000] SCOREBOARD MATCH: wstrb passthrough beat=212 expected = b9, actual =b9
[2585000] SCOREBOARD MATCH: wstrb passthrough beat=213 expected = bd, actual =bd
[2585000] SCOREBOARD MATCH: wstrb passthrough beat=214 expected = 66, actual =66
[2585000] SCOREBOARD MATCH: wstrb passthrough beat=215 expected = e8, actual =e8
[2585000] SCOREBOARD MATCH: wstrb passthrough beat=216 expected = c0, actual =c0
[2585000] SCOREBOARD MATCH: wstrb passthrough beat=217 expected = 2a, actual =2a
[2585000] SCOREBOARD MATCH: wstrb passthrough beat=218 expected = c7, actual =c7
[2585000] SCOREBOARD MATCH: wstrb passthrough beat=219 expected = 79, actual =79
[2585000] SCOREBOARD MATCH: wstrb passthrough beat=220 expected = e7, actual =e7
[2585000] SCOREBOARD MATCH: wstrb passthrough beat=221 expected = 2e, actual =2e
[2585000] SCOREBOARD MATCH: wstrb passthrough beat=222 expected = 62, actual =62
[2585000] SCOREBOARD MATCH: wstrb passthrough beat=223 expected = a7, actual =a7
[2585000] SCOREBOARD MATCH: wstrb passthrough beat=224 expected = 58, actual =58
[2585000] SCOREBOARD MATCH: wstrb passthrough beat=225 expected = 29, actual =29
[2585000] SCOREBOARD MATCH: wstrb passthrough beat=226 expected = 21, actual =21
[2585000] SCOREBOARD MATCH: wstrb passthrough beat=227 expected = 3f, actual =3f
[2585000] SCOREBOARD MATCH: wstrb passthrough beat=228 expected = 57, actual =57
[2585000] SCOREBOARD MATCH: wstrb passthrough beat=229 expected = 83, actual =83
[2585000] SCOREBOARD MATCH: wstrb passthrough beat=230 expected = e6, actual =e6
[2585000] SCOREBOARD MATCH: wstrb passthrough beat=231 expected = af, actual =af
[2585000] SCOREBOARD MATCH: wstrb passthrough beat=232 expected = ac, actual =ac
[2585000] SCOREBOARD MATCH: wstrb passthrough beat=233 expected = 7, actual =7
[2585000] SCOREBOARD MATCH: wstrb passthrough beat=234 expected = ee, actual =ee
[2585000] SCOREBOARD MATCH: wstrb passthrough beat=235 expected = 4, actual =4
[2585000] SCOREBOARD MATCH: wstrb passthrough beat=236 expected = 8a, actual =8a
[2585000] SCOREBOARD MATCH: wstrb passthrough beat=237 expected = d5, actual =d5
[2585000] SCOREBOARD MATCH: wstrb passthrough beat=238 expected = b3, actual =b3
[2585000] SCOREBOARD MATCH: wstrb passthrough beat=239 expected = 37, actual =37
[2585000] SCOREBOARD MATCH: wstrb passthrough beat=240 expected = dc, actual =dc
[2585000] SCOREBOARD MATCH: wstrb passthrough beat=241 expected = a2, actual =a2
[2585000] SCOREBOARD MATCH: wstrb passthrough beat=242 expected = 3b, actual =3b
[2585000] SCOREBOARD MATCH: wstrb passthrough beat=243 expected = 67, actual =67
[2585000] SCOREBOARD MATCH: wstrb passthrough beat=244 expected = 77, actual =77
[2585000] SCOREBOARD MATCH: wstrb passthrough beat=245 expected = ee, actual =ee
[2585000] SCOREBOARD MATCH: wstrb passthrough beat=246 expected = 9e, actual =9e
[2585000] SCOREBOARD MATCH: wstrb passthrough beat=247 expected = 53, actual =53
[2585000] SCOREBOARD MATCH: bresp passthrough expected = 0, actual =0
[2585000] SCOREBOARD MATCH: response routed to correct master (write) expected = 0, actual =0
[2585000] [SCOREBOARD-M] mst_id=0 s_id=1 awaddr=1bbc7e68 awid=10 awlen=247 awsize=0 awburst=1 wdata=[28cc621cf4d007c4 a940da0d3672a723 1c24947fea24da13 def4e1d81cfc7d3a d36f245dc4f0f69b af15d0ae8835bbe5 a532391fef93b8dc 3484af778e0ab286 16406e6cf8a15d7c e8351658e39a8025 f1a532acbb72a78b 341405089cb9c5cf 5445f507e5a118 c35848a39c491b60 3902e130f1f978a1 f9df19b9f76c4dab 13b5690c39572725 2b509fc6bd37625c 34a3b008ccb84a3c 60f7161252fb97f e2671bdbc8591914 1511635031601127 d68fcaa6970acbe3 df63e4f71b20d4b1 cc80e5d8b8f6e681 d001b265f4754847 8f961cf82310b07e dc0796ffaf65975c 23dadfa4dc1702d0 ff27b34eac094964 db6ee0c1b370fc9c f87ff6ddb2f4a4e 873893b2ff49c065 b2babd018eafb2bb e9defd09e2a77473 e1f134d8c242bc6e d0f26f2af11790bc d3bf052f14abf1da d6eeae48bad16c33 abe8fcef35b03a08 ca5c2be2a7e11d72 e2b289a6ffa8021f 35583c27a14ada2a c92bf79d8e9b8695 8e4388b4ffb46809 a0ff42332bde8143 ba7a07d8c39bc4db c3502ce4ea2b39d0 9609bb13c8bd908d 8c595568e44f6f18 ce7aa8e8d083c2ec 19415379cfa9824d 33f8f165e48463fc 350826e8a59aa8e1 f5442b2e82739a4d e6f7fe49ce497a61 f3e42342a93d1c93 2bb0b6e19c002531 ea499f92e9284e71 92656b0492a8b52a 2ea8da5cde2dc2d5 c7561146be1621e5 d0bed71098f279ee f7203cc3d9bb7c4a 17d19e30ff67b16c 985a2b5abe764e09 1831ca54e8907540 e7f826ac0f7a681e cdf0b62730036884 1893ddc480525206 8fccba24e622807b 9625e8ff008c0470 80de5676ddbd704c c3dff0c7aeb9c6c3 af45cb3310ab109b ee6880e7da05d9c7 88bfa08a302421aa c0cf3245b24871ae 8c4e4b7538056bbe e8298d682f37b32c e18024da150dec00 cd1357be28f8bfad d83072d9edce7050 2dc5c50353ce526 de35a4d3b9b097b3 a77f0803cfefb40e 52c9934366617ac f016af5faa5b6453 fa4b1861e3623e07 19c855b31795b763 c1f11bb6ff77b195 e2d9ef9c89df0512 a174bc753c3c3418 bbb3e5adfca2454f 6814a62e365d82c 1fa20c441e8dd54a 9b301a99a7f606d7 8b5bdf03db55f1f1 f9e3c73ba1b164fb c9a76bd3aafdeb47 653dd391513e1d5 b6c546d0d5034ad6 1361e8037a474 954b8649806cb2a3 d56ffd7a06551357 868cb7cbcc10cd1a cc7d7fbdd5713398 dbc646ef1bd83e15 e7e90b2fa1ed7d37 f75eb0cfe252feba fe2b3ccfb4668aec d6540824d324f7be 3577f679e61447fe 1a7ad2ebcdb2b8f3 20d7b0b2b3a33348 19b77b47f0cedb0f be819402d64fa72b 89f2da7334324e32 25012941df5944b4 b5a8ebdfa3aa55ba d7dca3ece382bd43 c2dc01f83f9bc653 e3461c0dfcddcd2d e0608a71f884edd7 b820b42a3b22bffa b8008d27233c8c69 9bc17a401b66d038 d689903298611798 bb9da401d3e22e6b ef48fea38e8a1d59 26eb34f2d75f1e42 2b414cadc5d28ed5 d45cac2ee288d8f3 b9e7f7351a8a4b50 e05cda25fb47e120 ddd0ba14e52943e2 ffb38f32b4b98653 3001677497b8b149 fce1f52ce0106957 14c9efab0dd22188 a58ad2d1fc95845e dca5edb6c4cb571f d29d78a7a26cc7fd 1f024c5cf16fdd61 363b3480f8284b78 1a951376fba83a12 ed18177308d8ad27 8100f89f39975fd2 353f99e423534bf3 2c2bf91a9b960c15 d52d6be72257b157 c5aafd4aad2cf1b9 c8c2fdcf8a6d05cb acc4b722f1d6f664 9f03e81d9df069b6 285d6f82f26fb46c e446aad0e7c6e5ec 5b74fa3d52226a4 c791db11034a92ee eb1178da2e14bf25 8336e5c9abd885e1 af2318cff0c8c87d 9edd87a2cac8c0da f6a146bc1a3491aa 8afd5a2722146d6c ecdd2e46a5c45f8b bff8f13529dae1ca cbef4f36e37e7502 942d48ecaf64b5d f4d12d27b8cc7d7c 1c4af27fc93bc5c3 94321120c0c07c5d f98cf9d9258dc70d eec98cd089033e47 c9c3baa495d7ec58 bb65b36502fb9df1 8bfedc38c350b47e d928a0d62a2f4036 2d2ade27d5c296dd 19134b5b148e543c 3ebd9472b929ba5f 8eec513cf23bec31 86ca406debe87299 a5122cf8a7ff9c97 1a3b88c9c587d4df b170477833fe7e35 dbfe1acca105c936 e68d9e16d6827471 a80f2a6f639a395 173f6ccc97fde58e ee8059ffe67f0d72 dcb8b108fdcd0ae2 95caf070f9014ca5 df805a18f3f81dd4 f1c528b6044b4a70 fd4c97153c390b20 303128f487901926 8bdb6396dcccf12d 9905fc4d21f651aa a9866ad00927faac e5f4ebd9c9372541 eb2d76eb3561ce67 3e89c913fefae827 c8320d6814b3e1bc ca15b023a47eb4ec a3799d13335f8454 c8136610089f7936 ad1e2e22ebabaa7c 1f0b2ed012291633 1ac88f69d097cb36 3c4375b2e71e94e0 f947ab13c7e6bd8b 987e88c1db4ea482 c26d396214103a7c dbf6f807d4c1fe73 b010a2f53bb4e475 cfc51ef1f47580c9 c9377f3cf27ddc57 ae32c0ccabbc16f8 a03197c1f9482232 ebc5fe89fdf7dfbd 29b3f6b6e96916fe e2b1393019f8bf56 97f09f13c9e58e77 b34ea575ce7737b9 e86ff70fc1a495c9 b8a244195ffdea5 e477165f00609623 c2052becbed8c9b6 d4d8a85ccce70d6e cd47a391cd8f502d c6819e4394fbebb 8636cc290f4ccf7e dcdc1fabe140c240 1a9080fbd37e6fbb e2cb3f39e944398f ca84fbcfa0c74d24 f445bcdfbfa75ee4 28eb9874e5157cca 5dcc9efd710fc18 16b85afdf3709443 d886110efa2286ce d13382e73fa3f371 b31487b4de62dafd d88561cbe7ebdde4 278fd1558b9a98c2 e9fd73bfa9b8e4b2 91a4c296daa45909 ] wstrb=[8b cc eb 3d 8b f5 d4 16 c1 bf 54 4c b4 28 63 75 e7 b7 c2 9c df 25 11 c6 dc d3 62 bb f8 74 81 d4 47 e4 8f 40 58 11 14 9f f5 a4 df 4d b5 f4 ec aa 98 cc f7 4d c0 e3 f7 58 af ee a5 6f d1 9c c7 81 8a 6c f0 5b 8 b8 dc 92 24 cd ee 2d 85 ca bf a9 97 ad d6 1c 78 96 c6 f 43 9c 2c bb 32 f2 cb 76 8e f7 31 c1 e9 fc 37 77 f3 68 38 dc 65 6f 54 58 d8 8c 35 3d fc 89 95 d4 15 ca 11 11 53 a6 e5 69 71 f6 7a c4 9d 60 2d e 56 a8 d2 f3 8 0 1 5e a8 d4 52 b0 d4 53 e 7c 27 60 2c fb b4 3a 77 db 9b a3 d7 4f de 4e 2a 79 f2 1 c8 d0 50 f2 49 42 f4 11 12 44 3 5b 86 f7 6c 98 3b 6f f3 c1 67 5f 59 a2 ce 4c 64 35 ab bd d8 7a a 3c af b5 f9 87 2f 3 c3 df b9 bd 66 e8 c0 2a c7 79 e7 2e 62 a7 58 29 21 3f 57 83 e6 af ac 7 ee 4 8a d5 b3 37 dc a2 3b 67 77 ee 9e 53 ] bresp=0 bid=10
[2585000] [SCOREBOARD-S] mst_id=0 s_id=1 awaddr=1bbc7e68 awid=10 awlen=247 awsize=0 awburst=1 wdata=[28cc621cf4d007c4 a940da0d3672a723 1c24947fea24da13 def4e1d81cfc7d3a d36f245dc4f0f69b af15d0ae8835bbe5 a532391fef93b8dc 3484af778e0ab286 16406e6cf8a15d7c e8351658e39a8025 f1a532acbb72a78b 341405089cb9c5cf 5445f507e5a118 c35848a39c491b60 3902e130f1f978a1 f9df19b9f76c4dab 13b5690c39572725 2b509fc6bd37625c 34a3b008ccb84a3c 60f7161252fb97f e2671bdbc8591914 1511635031601127 d68fcaa6970acbe3 df63e4f71b20d4b1 cc80e5d8b8f6e681 d001b265f4754847 8f961cf82310b07e dc0796ffaf65975c 23dadfa4dc1702d0 ff27b34eac094964 db6ee0c1b370fc9c f87ff6ddb2f4a4e 873893b2ff49c065 b2babd018eafb2bb e9defd09e2a77473 e1f134d8c242bc6e d0f26f2af11790bc d3bf052f14abf1da d6eeae48bad16c33 abe8fcef35b03a08 ca5c2be2a7e11d72 e2b289a6ffa8021f 35583c27a14ada2a c92bf79d8e9b8695 8e4388b4ffb46809 a0ff42332bde8143 ba7a07d8c39bc4db c3502ce4ea2b39d0 9609bb13c8bd908d 8c595568e44f6f18 ce7aa8e8d083c2ec 19415379cfa9824d 33f8f165e48463fc 350826e8a59aa8e1 f5442b2e82739a4d e6f7fe49ce497a61 f3e42342a93d1c93 2bb0b6e19c002531 ea499f92e9284e71 92656b0492a8b52a 2ea8da5cde2dc2d5 c7561146be1621e5 d0bed71098f279ee f7203cc3d9bb7c4a 17d19e30ff67b16c 985a2b5abe764e09 1831ca54e8907540 e7f826ac0f7a681e cdf0b62730036884 1893ddc480525206 8fccba24e622807b 9625e8ff008c0470 80de5676ddbd704c c3dff0c7aeb9c6c3 af45cb3310ab109b ee6880e7da05d9c7 88bfa08a302421aa c0cf3245b24871ae 8c4e4b7538056bbe e8298d682f37b32c e18024da150dec00 cd1357be28f8bfad d83072d9edce7050 2dc5c50353ce526 de35a4d3b9b097b3 a77f0803cfefb40e 52c9934366617ac f016af5faa5b6453 fa4b1861e3623e07 19c855b31795b763 c1f11bb6ff77b195 e2d9ef9c89df0512 a174bc753c3c3418 bbb3e5adfca2454f 6814a62e365d82c 1fa20c441e8dd54a 9b301a99a7f606d7 8b5bdf03db55f1f1 f9e3c73ba1b164fb c9a76bd3aafdeb47 653dd391513e1d5 b6c546d0d5034ad6 1361e8037a474 954b8649806cb2a3 d56ffd7a06551357 868cb7cbcc10cd1a cc7d7fbdd5713398 dbc646ef1bd83e15 e7e90b2fa1ed7d37 f75eb0cfe252feba fe2b3ccfb4668aec d6540824d324f7be 3577f679e61447fe 1a7ad2ebcdb2b8f3 20d7b0b2b3a33348 19b77b47f0cedb0f be819402d64fa72b 89f2da7334324e32 25012941df5944b4 b5a8ebdfa3aa55ba d7dca3ece382bd43 c2dc01f83f9bc653 e3461c0dfcddcd2d e0608a71f884edd7 b820b42a3b22bffa b8008d27233c8c69 9bc17a401b66d038 d689903298611798 bb9da401d3e22e6b ef48fea38e8a1d59 26eb34f2d75f1e42 2b414cadc5d28ed5 d45cac2ee288d8f3 b9e7f7351a8a4b50 e05cda25fb47e120 ddd0ba14e52943e2 ffb38f32b4b98653 3001677497b8b149 fce1f52ce0106957 14c9efab0dd22188 a58ad2d1fc95845e dca5edb6c4cb571f d29d78a7a26cc7fd 1f024c5cf16fdd61 363b3480f8284b78 1a951376fba83a12 ed18177308d8ad27 8100f89f39975fd2 353f99e423534bf3 2c2bf91a9b960c15 d52d6be72257b157 c5aafd4aad2cf1b9 c8c2fdcf8a6d05cb acc4b722f1d6f664 9f03e81d9df069b6 285d6f82f26fb46c e446aad0e7c6e5ec 5b74fa3d52226a4 c791db11034a92ee eb1178da2e14bf25 8336e5c9abd885e1 af2318cff0c8c87d 9edd87a2cac8c0da f6a146bc1a3491aa 8afd5a2722146d6c ecdd2e46a5c45f8b bff8f13529dae1ca cbef4f36e37e7502 942d48ecaf64b5d f4d12d27b8cc7d7c 1c4af27fc93bc5c3 94321120c0c07c5d f98cf9d9258dc70d eec98cd089033e47 c9c3baa495d7ec58 bb65b36502fb9df1 8bfedc38c350b47e d928a0d62a2f4036 2d2ade27d5c296dd 19134b5b148e543c 3ebd9472b929ba5f 8eec513cf23bec31 86ca406debe87299 a5122cf8a7ff9c97 1a3b88c9c587d4df b170477833fe7e35 dbfe1acca105c936 e68d9e16d6827471 a80f2a6f639a395 173f6ccc97fde58e ee8059ffe67f0d72 dcb8b108fdcd0ae2 95caf070f9014ca5 df805a18f3f81dd4 f1c528b6044b4a70 fd4c97153c390b20 303128f487901926 8bdb6396dcccf12d 9905fc4d21f651aa a9866ad00927faac e5f4ebd9c9372541 eb2d76eb3561ce67 3e89c913fefae827 c8320d6814b3e1bc ca15b023a47eb4ec a3799d13335f8454 c8136610089f7936 ad1e2e22ebabaa7c 1f0b2ed012291633 1ac88f69d097cb36 3c4375b2e71e94e0 f947ab13c7e6bd8b 987e88c1db4ea482 c26d396214103a7c dbf6f807d4c1fe73 b010a2f53bb4e475 cfc51ef1f47580c9 c9377f3cf27ddc57 ae32c0ccabbc16f8 a03197c1f9482232 ebc5fe89fdf7dfbd 29b3f6b6e96916fe e2b1393019f8bf56 97f09f13c9e58e77 b34ea575ce7737b9 e86ff70fc1a495c9 b8a244195ffdea5 e477165f00609623 c2052becbed8c9b6 d4d8a85ccce70d6e cd47a391cd8f502d c6819e4394fbebb 8636cc290f4ccf7e dcdc1fabe140c240 1a9080fbd37e6fbb e2cb3f39e944398f ca84fbcfa0c74d24 f445bcdfbfa75ee4 28eb9874e5157cca 5dcc9efd710fc18 16b85afdf3709443 d886110efa2286ce d13382e73fa3f371 b31487b4de62dafd d88561cbe7ebdde4 278fd1558b9a98c2 e9fd73bfa9b8e4b2 91a4c296daa45909 ] wstrb=[8b cc eb 3d 8b f5 d4 16 c1 bf 54 4c b4 28 63 75 e7 b7 c2 9c df 25 11 c6 dc d3 62 bb f8 74 81 d4 47 e4 8f 40 58 11 14 9f f5 a4 df 4d b5 f4 ec aa 98 cc f7 4d c0 e3 f7 58 af ee a5 6f d1 9c c7 81 8a 6c f0 5b 8 b8 dc 92 24 cd ee 2d 85 ca bf a9 97 ad d6 1c 78 96 c6 f 43 9c 2c bb 32 f2 cb 76 8e f7 31 c1 e9 fc 37 77 f3 68 38 dc 65 6f 54 58 d8 8c 35 3d fc 89 95 d4 15 ca 11 11 53 a6 e5 69 71 f6 7a c4 9d 60 2d e 56 a8 d2 f3 8 0 1 5e a8 d4 52 b0 d4 53 e 7c 27 60 2c fb b4 3a 77 db 9b a3 d7 4f de 4e 2a 79 f2 1 c8 d0 50 f2 49 42 f4 11 12 44 3 5b 86 f7 6c 98 3b 6f f3 c1 67 5f 59 a2 ce 4c 64 35 ab bd d8 7a a 3c af b5 f9 87 2f 3 c3 df b9 bd 66 e8 c0 2a c7 79 e7 2e 62 a7 58 29 21 3f 57 83 e6 af ac 7 ee 4 8a d5 b3 37 dc a2 3b 67 77 ee 9e 53 ] bresp=0 bid=10
[2585000] SCOREBOARD: Transaction 3 received. pass=752 fail=0
[2585000] ALL PASS. Total transactions: 3
[2595000] S1 MEMORY WRITE beat=1 addr=1014e741 data=caffe73f18715948 id=11
[2595000] MASTER 1 W_VALID_RDY Handshake beat=8 wlast=0
[2605000] MASTER 1 W_VALID_RDY Handshake beat=9 wlast=0
[2605000] S1 MEMORY WRITE beat=2 addr=1014e742 data=c0598e1c1e2320cc id=11
[2615000] S1 MEMORY WRITE beat=3 addr=1014e743 data=f9864bf5f69cdf34 id=11
[2615000] MASTER 1 W_VALID_RDY Handshake beat=10 wlast=1
[2615000] MASTER_DRIVER1 received transaction, op=AXI_READ
[2625000] S1 MEMORY WRITE beat=4 addr=1014e744 data=0f0e387cd856aa00 id=11
[2635000] S1 MEMORY WRITE beat=5 addr=1014e745 data=f679caccc4863335 id=11
[2645000] ARB MONITOR: slave=1 m0_req=0 m1_req=1 winner=1
[2645000] AXI S0_ARVALID_RDY HANDSHAKE
[2645000] MEMORY READ MISS beat=0 addr=1c5bc5f0 -> default data id=18
[2645000] S1 MEMORY WRITE beat=6 addr=1014e73b data=3b231269cf67c698 id=11
[2655000] S1 MEMORY WRITE beat=7 addr=1014e73c data=a7be7098f00016c1 id=11
[2655000] MEMORY READ MISS beat=1 addr=1c5bc5f8 -> default data id=18
[2655000] SLAVE 1 R_VALID_RDY Handshake beat=0 rlast=0
[2665000] SLAVE 1 R_VALID_RDY Handshake beat=1 rlast=1
[2665000] [SLAVE MONITOR] READ mst_id=1 s_id=1 araddr=1c5bc5f0 arid=2 arlen=1 arsize=3 arburst=1 rid=[1212] rresp=[00] rdata=[baadf00d12345678baadf00d12345678]
[2665000] S1 MEMORY WRITE beat=8 addr=1014e73d data=b48649f6ca314ae5 id=11
[2675000] S1 MEMORY WRITE beat=9 addr=1014e73e data=9999117d9e383b64 id=11
[2675000] MASTER 1 R_VALID_RDY Handshake beat=0 rlast=0
[2685000] [MASTER DRIVER] READ mst_id=1 s_id=0 araddr=1c5bc5f0 arid=2 arlen=1 arsize=3 arburst=1 rid=[22] rresp=[00] rdata=[baadf00d12345678baadf00d12345678]
[2685000] MASTER 1 R_VALID_RDY Handshake beat=1 rlast=1
[2685000] [MASTER MONITOR] READ mst_id=1 s_id=1 araddr=1c5bc5f0 arid=2 arlen=1 arsize=3 arburst=1 rid=[22] rresp=[00] rdata=[baadf00d12345678baadf00d12345678]
[2685000] S1 MEMORY WRITE beat=10 addr=1014e73f data=0e385226efa95c5f id=11
[2685000] SCOREBOARD MATCH: decode_err expected = 0, actual =0
[2685000] SCOREBOARD MATCH: slave_id expected = 1, actual =1
[2685000] SCOREBOARD MATCH: araddr passthrough expected = 1c5bc5f0, actual =1c5bc5f0
[2685000] SCOREBOARD MATCH: arlen passthrough expected = 1, actual =1
[2685000] SCOREBOARD MATCH: arsize passthrough expected = 3, actual =3
[2685000] SCOREBOARD MATCH: arburst passthrough expected = 1, actual =1
[2685000] SCOREBOARD MATCH: rdata size check expected = 2, actual =2
[2685000] SCOREBOARD MATCH: rdata passthrough beat=0 expected = baadf00d12345678, actual =baadf00d12345678
[2685000] SCOREBOARD MATCH: rdata passthrough beat=1 expected = baadf00d12345678, actual =baadf00d12345678
[2685000] SCOREBOARD MATCH: rresp size check expected = 2, actual =2
[2685000] SCOREBOARD MATCH: rresp passthrough beat=0 expected = 0, actual =0
[2685000] SCOREBOARD MATCH: rresp passthrough beat=1 expected = 0, actual =0
[2685000] SCOREBOARD MATCH: response routed to correct master (read beat 0) expected = 1, actual =1
[2685000] SCOREBOARD MATCH: response routed to correct master (read beat 1) expected = 1, actual =1
[2685000] [SCOREBOARD-M] READ mst_id=1 s_id=1 araddr=1c5bc5f0 arid=2 arlen=1 arsize=3 arburst=1 rid=[22] rresp=[00] rdata=[baadf00d12345678baadf00d12345678]
[2685000] [SCOREBOARD-S] READ mst_id=1 s_id=1 araddr=1c5bc5f0 arid=2 arlen=1 arsize=3 arburst=1 rid=[1212] rresp=[00] rdata=[baadf00d12345678baadf00d12345678]
[2685000] SCOREBOARD: Transaction 4 received. pass=766 fail=0
[2685000] ALL PASS. Total transactions: 4
[2695000] SLAVE1 sent B resp, id=1
[2695000] [SLAVE MONITOR] mst_id=1 s_id=1 awaddr=1014e740 awid=1 awlen=10 awsize=0 awburst=2 wdata=[97fd1be3db632b29 caffe73f18715948 c0598e1c1e2320cc f9864bf5f69cdf34 f0e387cd856aa00 f679caccc4863335 3b231269cf67c698 a7be7098f00016c1 b48649f6ca314ae5 9999117d9e383b64 e385226efa95c5f ] wstrb=[16 44 1c 7a c2 7c a0 d8 c0 bd 52 ] bresp=0 bid=10001
[2715000] MASTER 1 B_VALID_RDY Handshake
[2715000] [MASTER MONITOR] mst_id=1 s_id=1 awaddr=1014e740 awid=1 awlen=10 awsize=0 awburst=2 wdata=[97fd1be3db632b29 caffe73f18715948 c0598e1c1e2320cc f9864bf5f69cdf34 f0e387cd856aa00 f679caccc4863335 3b231269cf67c698 a7be7098f00016c1 b48649f6ca314ae5 9999117d9e383b64 e385226efa95c5f ] wstrb=[16 44 1c 7a c2 7c a0 d8 c0 bd 52 ] bresp=0 bid=1
[2715000] MASTER 1 RECEIVED BRESP. BRESP=0
[2715000] [MASTER DRIVER] mst_id=1 s_id=0 awaddr=1014e740 awid=1 awlen=10 awsize=0 awburst=2 wdata=[97fd1be3db632b29 caffe73f18715948 c0598e1c1e2320cc f9864bf5f69cdf34 f0e387cd856aa00 f679caccc4863335 3b231269cf67c698 a7be7098f00016c1 b48649f6ca314ae5 9999117d9e383b64 e385226efa95c5f ] wstrb=[16 44 1c 7a c2 7c a0 d8 c0 bd 52 ] bresp=0 bid=1
[2715000] SCOREBOARD MATCH: decode_err expected = 0, actual =0
[2715000] SCOREBOARD MATCH: slave_id expected = 1, actual =1
[2715000] SCOREBOARD MATCH: awaddr passthrough expected = 1014e740, actual =1014e740
[2715000] SCOREBOARD MATCH: awlen passthrough expected = 10, actual =10
[2715000] SCOREBOARD MATCH: awsize passthrough expected = 0, actual =0
[2715000] SCOREBOARD MATCH: awburst passthrough expected = 2, actual =2
[2715000] SCOREBOARD MATCH: wdata size check expected = b, actual =b
[2715000] SCOREBOARD MATCH: wdata passthrough beat=0 expected = 97fd1be3db632b29, actual =97fd1be3db632b29
[2715000] SCOREBOARD MATCH: wdata passthrough beat=1 expected = caffe73f18715948, actual =caffe73f18715948
[2715000] SCOREBOARD MATCH: wdata passthrough beat=2 expected = c0598e1c1e2320cc, actual =c0598e1c1e2320cc
[2715000] SCOREBOARD MATCH: wdata passthrough beat=3 expected = f9864bf5f69cdf34, actual =f9864bf5f69cdf34
[2715000] SCOREBOARD MATCH: wdata passthrough beat=4 expected = f0e387cd856aa00, actual =f0e387cd856aa00
[2715000] SCOREBOARD MATCH: wdata passthrough beat=5 expected = f679caccc4863335, actual =f679caccc4863335
[2715000] SCOREBOARD MATCH: wdata passthrough beat=6 expected = 3b231269cf67c698, actual =3b231269cf67c698
[2715000] SCOREBOARD MATCH: wdata passthrough beat=7 expected = a7be7098f00016c1, actual =a7be7098f00016c1
[2715000] SCOREBOARD MATCH: wdata passthrough beat=8 expected = b48649f6ca314ae5, actual =b48649f6ca314ae5
[2715000] SCOREBOARD MATCH: wdata passthrough beat=9 expected = 9999117d9e383b64, actual =9999117d9e383b64
[2715000] SCOREBOARD MATCH: wdata passthrough beat=10 expected = e385226efa95c5f, actual =e385226efa95c5f
[2715000] SCOREBOARD MATCH: wstrb size check expected = b, actual =b
[2715000] SCOREBOARD MATCH: wstrb passthrough beat=0 expected = 16, actual =16
[2715000] SCOREBOARD MATCH: wstrb passthrough beat=1 expected = 44, actual =44
[2715000] SCOREBOARD MATCH: wstrb passthrough beat=2 expected = 1c, actual =1c
[2715000] SCOREBOARD MATCH: wstrb passthrough beat=3 expected = 7a, actual =7a
[2715000] SCOREBOARD MATCH: wstrb passthrough beat=4 expected = c2, actual =c2
[2715000] SCOREBOARD MATCH: wstrb passthrough beat=5 expected = 7c, actual =7c
[2715000] SCOREBOARD MATCH: wstrb passthrough beat=6 expected = a0, actual =a0
[2715000] SCOREBOARD MATCH: wstrb passthrough beat=7 expected = d8, actual =d8
[2715000] SCOREBOARD MATCH: wstrb passthrough beat=8 expected = c0, actual =c0
[2715000] SCOREBOARD MATCH: wstrb passthrough beat=9 expected = bd, actual =bd
[2715000] SCOREBOARD MATCH: wstrb passthrough beat=10 expected = 52, actual =52
[2715000] SCOREBOARD MATCH: bresp passthrough expected = 0, actual =0
[2715000] SCOREBOARD MATCH: response routed to correct master (write) expected = 1, actual =1
[2715000] [SCOREBOARD-M] mst_id=1 s_id=1 awaddr=1014e740 awid=1 awlen=10 awsize=0 awburst=2 wdata=[97fd1be3db632b29 caffe73f18715948 c0598e1c1e2320cc f9864bf5f69cdf34 f0e387cd856aa00 f679caccc4863335 3b231269cf67c698 a7be7098f00016c1 b48649f6ca314ae5 9999117d9e383b64 e385226efa95c5f ] wstrb=[16 44 1c 7a c2 7c a0 d8 c0 bd 52 ] bresp=0 bid=1
[2715000] [SCOREBOARD-S] mst_id=1 s_id=1 awaddr=1014e740 awid=1 awlen=10 awsize=0 awburst=2 wdata=[97fd1be3db632b29 caffe73f18715948 c0598e1c1e2320cc f9864bf5f69cdf34 f0e387cd856aa00 f679caccc4863335 3b231269cf67c698 a7be7098f00016c1 b48649f6ca314ae5 9999117d9e383b64 e385226efa95c5f ] wstrb=[16 44 1c 7a c2 7c a0 d8 c0 bd 52 ] bresp=0 bid=10001
[2715000] SCOREBOARD: Transaction 5 received. pass=798 fail=0
[2715000] SCOREBOARD: Expected 5 transactions completed, PASS=798 FAIL=0
[2715000] ALL PASS. Total transactions: 5
[2715000] ALL TRANSACTIONS MONITORED
$finish called at time : 2735 ns : File "/home/nashita/Desktop/practice/axi_xbar/tb/top/axi_tb_top.sv" Line 220
exit
INFO: xsimkernel Simulation Memory Usage: 289468 KB (Peak: 337868 KB), Simulation CPU Usage: 1220 ms
INFO: [Common 17-206] Exiting xsim at Fri Sep 11 11:48:33 2026...
