#-----------------------------------------------------------
# xsim v2025.2 (64-bit)
# SW Build 6299465 on Fri Nov 14 12:34:56 MST 2025
# IP Build 6300035 on Fri Nov 14 10:48:45 MST 2025
# SharedData Build 6298862 on Thu Nov 13 04:50:51 MST 2025
# Start of session at: Fri Sep 11 11:27:34 2026
# Process ID         : 660403
# Current directory  : /home/nashita/Desktop/practice/axi_xbar/sim
# Command line       : xsim -log regress_results/BT_run76.log -mode tcl -source {xsim.dir/tb_top_snap/xsim_script.tcl}
# Log file           : /home/nashita/Desktop/practice/axi_xbar/sim/regress_results/BT_run76.log
# Journal file       : /home/nashita/Desktop/practice/axi_xbar/sim/xsim.jou
# Running On         : vlsi-vivado
# Platform           : Ubuntu
# Operating System   : Ubuntu 24.04.4 LTS
# Processor Detail   : Intel(R) Core(TM) i5-10400 CPU @ 2.90GHz
# CPU Frequency      : 4000.001 MHz
# CPU Physical cores : 6
# CPU Logical cores  : 12
# Host memory        : 41875 MB
# Swap memory        : 27648 MB
# Total Virtual      : 69524 MB
# Available Virtual  : 63076 MB
#-----------------------------------------------------------
source xsim.dir/tb_top_snap/xsim_script.tcl
# xsim {tb_top_snap} -testplusarg BT -autoloadwcfg -runall -sv_seed 77
Time resolution is 1 ps
run -all
[0] RUNNING BASE TEST
[0] INSIDE THE BASE TEST CONSTRUCTOR
[0] ENV: before agent
[0] SLAVE CONSTRUCTED
[0] MASTER MONITOR CONSTRUCTED
[0] MASTER MONITOR CONSTRUCTED
[0] SLAVE MONITOR CONSTRUCTED
[0] SLAVE MONITOR CONSTRUCTED
[0] ARB MONITOR CONSTRUCTED
GENERATOR CONSTRUCTED
[0] ENV: after agent
[0] ENV: before scoreboard
[0] ENV: after scoreboard
[15000] [SEQUENCER] READ mst_id=1 s_id=0 araddr=cd320f0 arid=0 arlen=1 arsize=3 arburst=1 rid=[] rresp=[] rdata=[]
[15000] [SEQUENCER] mst_id=1 s_id=0 awaddr=3a9d470 awid=1011 awlen=4 awsize=4 awburst=1 wdata=[d3380479f7f27821 d08edff7f82b3e88 dcf872a0ef2b957d e71e0d9fe06224f6 d88d637eb0307719 ] wstrb=[96 97 1e 8c 36 ] bresp=0 bid=0
[15000] [SEQUENCER] READ mst_id=0 s_id=0 araddr=d48f920 arid=0 arlen=1 arsize=3 arburst=1 rid=[] rresp=[] rdata=[]
[15000] [SEQUENCER] mst_id=0 s_id=0 awaddr=1837bdc0 awid=1100 awlen=229 awsize=5 awburst=1 wdata=[a7e6057b19ec6c3d eba3045d88457e45 db70a9dbf2c2434f 8caeaf8c1c609436 a4a6127b0356af57 f618f2a6f851b3ea 14b248200016bc57 36d6bae02c7a233 fb19561db9585a9b b96f16f2f9865e54 fc4e00870fcb9e3d c923f8d8bcdc82a0 3662e0f5f76756a4 8732f4e102930fcb bf6f926bb2b0e17c 2a183821d056edba d2e9fd85f5d27360 288354ddb14b2d02 81a21abc92598ff0 82c0351d29b8cfe 83e6ba00d48c1841 e6e5a83230af582e 34ae52c0588d4bd da14ecfeef11ab83 1fc103b187319f2c 8cba73e9c0fa9530 b00c40b3230be8dd aa3d8809e6cf60e8 a7c9f618cfcd4464 f2d92d4136f7fbf3 1dc75cdbd7d636cc a7a37b301d16b54b d40eb13ec59152f3 9d6789bf1a7ca872 37935dbdf1d60e19 b767610cc50b04f0 df87ad620ba20efb fd781d14d4ceeacc 19d9efbc171b0b1f 22bd1a1ab4df7e20 89ae68ecf9619d1e 107ca83d2035372e d514b54ea38858a8 9ce9f5c63339c257 d36ef985dec31e3b 824b76e3ad669e03 e0a0605aa883aed3 8746cd0e1f356caa cc9c0aadb40f59df dc9308b3099243f2 28c7b09c2d3c6b08 e14bc4e7e3d9d5c1 ed6c19b3f563bb49 a2a02651bddecd9a 21b8a35c9633ca4f b97859903ebeb39 c1cab8d38f24bd0f 2558875fae37abea b2239723e3835c2f f2a8193f30f00cf8 df27b8e2f3ee4ff7 d771ac261800a09e c8f0ad96114b5006 5399ffdca19c565 e21a6603a8186678 b963b67edcab4c23 26c51189ab0b1399 d3237a12be9d567b 1b48a29f88df778c 33ea8b268c873090 cb24870cc20db428 caed2bb4070e0538 939535c8e66d29ab 287addd3fed7b6da 85e5bc12deb9bcd4 c526e67ff3680987 f23fc062197af1db f834aeafeda1c452 e109cddaf8257c74 91a06e4f3d5b952f aafd5981d3498e3c cb6f0ab009d51cff c730b22e8c07275b df50b597dd0f7900 e6e495fff22e0baf fe35330b2abfc048 7cf39482e15482d a04353dcdd85e8a2 8845a8eaeeb3cf47 1cc917749e7886e7 fbfe6f8a9014e232 fec8b179bd0c6b50 db84f23884441874 1458faa79b91c8ed d89e343ed78361c2 dbc77a369321ac20 2eb3750e34232676 ba68838f02074dd 34220fe0751a94c 3b74cfc2e76e026e d78e774c31f5960c 39473f58c71b57fa ae895a68dad0984a cc62e56f4bc0f1a 3bd767148617d1b4 e0e869fec60d6dae 3ac97cc8ea60c17c f0789331edae9854 b3bc0602f6a0e3dc e101a558d160fd2f 3f0f9584ee8582ca e52666a6d17a3889 22db35b9f2cb9b86 e1511e51c6280bff 97a24488e1eacb3d d4b666c3c67784f7 8c9f90f6ba7d7a41 9c68457eb6078514 fc7f0a0c2441d57f debf4fc0f11eac42 a7263156891e9b02 ad607081fb27953f ec464181a3a53b62 2cc3d6650c1fc042 7475581936c72d7 3711ae3ada2446e6 e6440728f38d9702 86fa09d9e3d5849f bdf9cb85ed8b5ca9 e118f3abbe0bb813 a1e13cb2243dd2ae 91c92f57e812fd85 a61eb598dfdb0838 418dae6f2e22303 daf52088c7fff24b 27dafa8395e20a3d 88c42d408113d620 c913c86b2bf3d569 c1d5dfa6e3b94dc8 e4cd23e9f0eec2ee 9ce29857ca9a0ce7 ae535aafade0ec54 1ecfaf43deb877fe 295284e593207e98 c1016aedbbb2479a 9a6abf98d7a5df94 eac65e2ddfd11a30 9b8361cac3bd447d 1b6324122bc7c91a b98e34a35ee2163 f9ab65e00629823f 31f14b59a71c4514 dd0a6677950e89f2 9b380c313d8a2ea3 e4a673b7d6b5cc58 ebc4564acd29578a 8ab3862dc1b0da2f 1866a68706fc627c d425ba06ef59f9e5 310ad414842afcd1 8b275f4dded94034 ce333a19c9717a9b cd9c776cdf4d1954 3e265988ff3e0e2d c8af88c8d8c3d6ba 3810f00e0c5993a1 b97a1ce964c0034 ef0fd6eef6374996 290dd37d4472a96 ea932acaa720c6fc 9d5810920e287f05 e26fa99bd9a301b9 80c3c8b59fe8edc9 ae116ccecd02d465 a6a5d61e1e1bd948 be04c71190811669 dd83eacf27699ed4 c585781cec1633e0 fc974a498429c0ed ab935fc1838a3f2d efa0730dda1b3518 de44f606f118d7dd f4a3170bec37bd57 c652f26f89d855c7 faf12da5e4438a18 d07b476fa497e875 2e703e3def9444b0 d3d7cec816ce39df bb66225429616be2 18f5b09224531638 3b215017e9d66091 9337cc73eccd7f5a 91209592f687726b e05dd2fdac2d7d05 18fafc60cc41e5a9 c2c95815f3959f70 1fc31c76aa1b91f2 f65d779c23272b12 96bcca8238be18d6 e2d9aac83926cfb1 dc4dfac3b67fe6f8 ef3dffced9372264 925df215f30ac545 298aac3ed217aa97 ab4eccfbeeabecd8 e1b6b21e98c8ac0c eae056a33dacbf11 ac58abe90b415e5c a40a0a68162f239f d3dbe2b08e0f5e07 9950bc630eea610c 251984ab80348e99 e43eca13d5ac6cc cc4527d8f8f5675b f929f5f4a794a904 e4ef6fd0f15eac83 ea5413de876de295 2f028b9ab13497a8 a293442be37e09d2 eaebec6893f1fb6a c52693138ce75809 f06561dc19ee7802 ade0736ce7b9d73e f4a12f48db514e44 f53fc646f307067f dac0ddbee5069124 c057df68a32039b2 16274032cf620d06 34689e2a3597a5ae d8b7df60f0e81df0 ] wstrb=[92 f6 92 40 20 82 a0 b2 78 33 f2 98 b5 92 4a 2e c5 3c c6 7b cf 11 a9 94 4d 6f f 1c 80 b8 b1 ce 28 c0 ea a8 79 9b 76 a1 5c 61 49 d5 fc c0 76 58 21 bf 2d 1d 7f a3 76 a0 63 a3 be e2 47 34 83 aa d7 41 8c 1e 75 f c8 4c 50 55 6b c5 64 33 12 b5 88 7d 7a ed b0 8c a2 39 9 1c 26 ba a9 c8 f3 b2 e4 19 6c 8d e1 5f 40 c5 78 ac 53 59 c 93 1f 84 3f 72 de 4b 5 fd d0 44 6f ae 90 74 ab 60 b8 1a e 48 8e b9 a8 46 d3 b6 8f 61 6f 37 a7 42 ee 36 a3 5d 6e 4b a0 5c 81 43 b9 ef 8e 59 4b 10 9d 5 ff 2b 5e 4b 3b fb 50 3b 27 ae 86 62 aa d6 9d d1 84 23 33 2e f9 d1 ff 7e f4 33 ac ee 4 ac 6c f8 df 18 e6 e3 c4 52 db a3 6b c2 86 2f 14 62 d3 7f 24 59 af 38 bb 82 b8 df db 67 18 97 e9 d0 76 c4 37 8e 5b 20 5e d2 ] bresp=0 bid=0
[15000] [SEQUENCER] READ mst_id=0 s_id=0 araddr=17a60d20 arid=2 arlen=1 arsize=3 arburst=1 rid=[] rresp=[] rdata=[]
[15000] MASTER_DRIVER1 received transaction, op=AXI_READ
[15000] MASTER_DRIVER0 received transaction, op=AXI_READ
[35000] MASTER_DRIVER1 received transaction, op=AXI_WRITE
[35000] MASTER_DRIVER0 received transaction, op=AXI_WRITE
[45000] ARB MONITOR: slave=0 m0_req=1 m1_req=1 winner=0
[45000] AXI S0_ARVALID_RDY HANDSHAKE
[45000] MEMORY READ MISS beat=0 addr=d48f920 -> default data id=0
[45000] SCOREBOARD MATCH: arbitration winner (slave 0) expected = 0, actual =0
[55000] MEMORY READ MISS beat=1 addr=d48f928 -> default data id=0
[55000] SLAVE 0 R_VALID_RDY Handshake beat=0 rlast=0
[55000] MASTER 1 AW_VALID_RDY Handshake
[55000] MASTER 0 AW_VALID_RDY Handshake
[65000] ARB MONITOR: slave=0 m0_req=0 m1_req=1 winner=1
[65000] ARB MONITOR: slave=1 m0_req=1 m1_req=0 winner=0
[65000] SLAVE 0 R_VALID_RDY Handshake beat=1 rlast=1
[65000] [SLAVE MONITOR] READ mst_id=0 s_id=0 araddr=d48f920 arid=0 arlen=1 arsize=3 arburst=1 rid=[00] rresp=[00] rdata=[baadf00d12345678baadf00d12345678]
[65000] AXI S1_AWVALID_RDY HANDSHAKE
[65000] AXI S0_AWVALID_RDY HANDSHAKE
[75000] AXI S0_ARVALID_RDY HANDSHAKE
[75000] MEMORY READ MISS beat=0 addr=cd320f0 -> default data id=16
[75000] ARB MONITOR: slave=0 m0_req=0 m1_req=1 winner=1
[75000] MASTER 1 W_VALID_RDY Handshake beat=0 wlast=0
[75000] MASTER 0 R_VALID_RDY Handshake beat=0 rlast=0
[75000] MASTER 0 W_VALID_RDY Handshake beat=0 wlast=0
[85000] [MASTER DRIVER] READ mst_id=0 s_id=0 araddr=d48f920 arid=0 arlen=1 arsize=3 arburst=1 rid=[00] rresp=[00] rdata=[baadf00d12345678baadf00d12345678]
[85000] MASTER 0 W_VALID_RDY Handshake beat=1 wlast=0
[85000] MASTER 0 R_VALID_RDY Handshake beat=1 rlast=1
[85000] [MASTER MONITOR] READ mst_id=0 s_id=0 araddr=d48f920 arid=0 arlen=1 arsize=3 arburst=1 rid=[00] rresp=[00] rdata=[baadf00d12345678baadf00d12345678]
[85000] MASTER 1 W_VALID_RDY Handshake beat=1 wlast=0
[85000] SLAVE 0 R_VALID_RDY Handshake beat=0 rlast=0
[85000] MEMORY READ MISS beat=1 addr=cd320f8 -> default data id=16
[85000] S1 MEMORY WRITE beat=0 addr=1837bdc0 data=a7e6057b19ec6c3d id=0c
[85000] AXI S0_WVALID_RDY HANDSHAKE
[85000] S0 MEMORY WRITE beat=0 addr=03a9d470 data=d3380479f7f27821 id=1b
[85000] SCOREBOARD MATCH: decode_err expected = 0, actual =0
[85000] SCOREBOARD MATCH: slave_id expected = 0, actual =0
[85000] SCOREBOARD MATCH: araddr passthrough expected = d48f920, actual =d48f920
[85000] SCOREBOARD MATCH: arlen passthrough expected = 1, actual =1
[85000] SCOREBOARD MATCH: arsize passthrough expected = 3, actual =3
[85000] SCOREBOARD MATCH: arburst passthrough expected = 1, actual =1
[85000] SCOREBOARD MATCH: rdata size check expected = 2, actual =2
[85000] SCOREBOARD MATCH: rdata passthrough beat=0 expected = baadf00d12345678, actual =baadf00d12345678
[85000] SCOREBOARD MATCH: rdata passthrough beat=1 expected = baadf00d12345678, actual =baadf00d12345678
[85000] SCOREBOARD MATCH: rresp size check expected = 2, actual =2
[85000] SCOREBOARD MATCH: rresp passthrough beat=0 expected = 0, actual =0
[85000] SCOREBOARD MATCH: rresp passthrough beat=1 expected = 0, actual =0
[85000] SCOREBOARD MATCH: response routed to correct master (read beat 0) expected = 0, actual =0
[85000] SCOREBOARD MATCH: response routed to correct master (read beat 1) expected = 0, actual =0
[85000] [SCOREBOARD-M] READ mst_id=0 s_id=0 araddr=d48f920 arid=0 arlen=1 arsize=3 arburst=1 rid=[00] rresp=[00] rdata=[baadf00d12345678baadf00d12345678]
[85000] [SCOREBOARD-S] READ mst_id=0 s_id=0 araddr=d48f920 arid=0 arlen=1 arsize=3 arburst=1 rid=[00] rresp=[00] rdata=[baadf00d12345678baadf00d12345678]
[85000] SCOREBOARD: Transaction 1 received. pass=15 fail=0
[85000] ALL PASS. Total transactions: 1
[95000] AXI S0_WVALID_RDY HANDSHAKE
[95000] S0 MEMORY WRITE beat=1 addr=03a9d480 data=d08edff7f82b3e88 id=1b
[95000] S1 MEMORY WRITE beat=1 addr=1837bde0 data=eba3045d88457e45 id=0c
[95000] SLAVE 0 R_VALID_RDY Handshake beat=1 rlast=1
[95000] [SLAVE MONITOR] READ mst_id=1 s_id=0 araddr=cd320f0 arid=0 arlen=1 arsize=3 arburst=1 rid=[1010] rresp=[00] rdata=[baadf00d12345678baadf00d12345678]
[95000] MASTER 1 W_VALID_RDY Handshake beat=2 wlast=0
[95000] MASTER 0 W_VALID_RDY Handshake beat=2 wlast=0
[105000] MASTER 0 W_VALID_RDY Handshake beat=3 wlast=0
[105000] MASTER 1 W_VALID_RDY Handshake beat=3 wlast=0
[105000] MASTER 1 R_VALID_RDY Handshake beat=0 rlast=0
[105000] S1 MEMORY WRITE beat=2 addr=1837be00 data=db70a9dbf2c2434f id=0c
[105000] AXI S0_WVALID_RDY HANDSHAKE
[105000] S0 MEMORY WRITE beat=2 addr=03a9d490 data=dcf872a0ef2b957d id=1b
[115000] AXI S0_WVALID_RDY HANDSHAKE
[115000] S0 MEMORY WRITE beat=3 addr=03a9d4a0 data=e71e0d9fe06224f6 id=1b
[115000] S1 MEMORY WRITE beat=3 addr=1837be20 data=8caeaf8c1c609436 id=0c
[115000] MASTER 1 R_VALID_RDY Handshake beat=1 rlast=1
[115000] [MASTER MONITOR] READ mst_id=1 s_id=0 araddr=cd320f0 arid=0 arlen=1 arsize=3 arburst=1 rid=[00] rresp=[00] rdata=[baadf00d12345678baadf00d12345678]
[115000] MASTER 1 W_VALID_RDY Handshake beat=4 wlast=1
[115000] MASTER 0 W_VALID_RDY Handshake beat=4 wlast=0
[115000] [MASTER DRIVER] READ mst_id=1 s_id=0 araddr=cd320f0 arid=0 arlen=1 arsize=3 arburst=1 rid=[00] rresp=[00] rdata=[baadf00d12345678baadf00d12345678]
[115000] SCOREBOARD MATCH: decode_err expected = 0, actual =0
[115000] SCOREBOARD MATCH: slave_id expected = 0, actual =0
[115000] SCOREBOARD MATCH: araddr passthrough expected = cd320f0, actual =cd320f0
[115000] SCOREBOARD MATCH: arlen passthrough expected = 1, actual =1
[115000] SCOREBOARD MATCH: arsize passthrough expected = 3, actual =3
[115000] SCOREBOARD MATCH: arburst passthrough expected = 1, actual =1
[115000] SCOREBOARD MATCH: rdata size check expected = 2, actual =2
[115000] SCOREBOARD MATCH: rdata passthrough beat=0 expected = baadf00d12345678, actual =baadf00d12345678
[115000] SCOREBOARD MATCH: rdata passthrough beat=1 expected = baadf00d12345678, actual =baadf00d12345678
[115000] SCOREBOARD MATCH: rresp size check expected = 2, actual =2
[115000] SCOREBOARD MATCH: rresp passthrough beat=0 expected = 0, actual =0
[115000] SCOREBOARD MATCH: rresp passthrough beat=1 expected = 0, actual =0
[115000] SCOREBOARD MATCH: response routed to correct master (read beat 0) expected = 1, actual =1
[115000] SCOREBOARD MATCH: response routed to correct master (read beat 1) expected = 1, actual =1
[115000] [SCOREBOARD-M] READ mst_id=1 s_id=0 araddr=cd320f0 arid=0 arlen=1 arsize=3 arburst=1 rid=[00] rresp=[00] rdata=[baadf00d12345678baadf00d12345678]
[115000] [SCOREBOARD-S] READ mst_id=1 s_id=0 araddr=cd320f0 arid=0 arlen=1 arsize=3 arburst=1 rid=[1010] rresp=[00] rdata=[baadf00d12345678baadf00d12345678]
[115000] SCOREBOARD: Transaction 2 received. pass=29 fail=0
[115000] ALL PASS. Total transactions: 2
[125000] MASTER 0 W_VALID_RDY Handshake beat=5 wlast=0
[125000] S1 MEMORY WRITE beat=4 addr=1837be40 data=a4a6127b0356af57 id=0c
[125000] AXI S0_WVALID_RDY HANDSHAKE
[125000] S0 MEMORY WRITE beat=4 addr=03a9d4b0 data=d88d637eb0307719 id=1b
[135000] SLAVE0 sent B resp, id=11
[135000] S1 MEMORY WRITE beat=5 addr=1837be60 data=f618f2a6f851b3ea id=0c
[135000] [SLAVE MONITOR] mst_id=1 s_id=0 awaddr=3a9d470 awid=1011 awlen=4 awsize=4 awburst=1 wdata=[d3380479f7f27821 d08edff7f82b3e88 dcf872a0ef2b957d e71e0d9fe06224f6 d88d637eb0307719 ] wstrb=[96 97 1e 8c 36 ] bresp=0 bid=11011
[135000] MASTER 0 W_VALID_RDY Handshake beat=6 wlast=0
[145000] MASTER 0 W_VALID_RDY Handshake beat=7 wlast=0
[145000] S1 MEMORY WRITE beat=6 addr=1837be80 data=14b248200016bc57 id=0c
[155000] S1 MEMORY WRITE beat=7 addr=1837bea0 data=036d6bae02c7a233 id=0c
[155000] MASTER 1 B_VALID_RDY Handshake
[155000] [MASTER MONITOR] mst_id=1 s_id=0 awaddr=3a9d470 awid=1011 awlen=4 awsize=4 awburst=1 wdata=[d3380479f7f27821 d08edff7f82b3e88 dcf872a0ef2b957d e71e0d9fe06224f6 d88d637eb0307719 ] wstrb=[96 97 1e 8c 36 ] bresp=0 bid=1011
[155000] MASTER 0 W_VALID_RDY Handshake beat=8 wlast=0
[155000] MASTER 1 RECEIVED BRESP. BRESP=0
[155000] [MASTER DRIVER] mst_id=1 s_id=0 awaddr=3a9d470 awid=1011 awlen=4 awsize=4 awburst=1 wdata=[d3380479f7f27821 d08edff7f82b3e88 dcf872a0ef2b957d e71e0d9fe06224f6 d88d637eb0307719 ] wstrb=[96 97 1e 8c 36 ] bresp=0 bid=1011
[155000] SCOREBOARD MATCH: decode_err expected = 0, actual =0
[155000] SCOREBOARD MATCH: slave_id expected = 0, actual =0
[155000] SCOREBOARD MATCH: awaddr passthrough expected = 3a9d470, actual =3a9d470
[155000] SCOREBOARD MATCH: awlen passthrough expected = 4, actual =4
[155000] SCOREBOARD MATCH: awsize passthrough expected = 4, actual =4
[155000] SCOREBOARD MATCH: awburst passthrough expected = 1, actual =1
[155000] SCOREBOARD MATCH: wdata size check expected = 5, actual =5
[155000] SCOREBOARD MATCH: wdata passthrough beat=0 expected = d3380479f7f27821, actual =d3380479f7f27821
[155000] SCOREBOARD MATCH: wdata passthrough beat=1 expected = d08edff7f82b3e88, actual =d08edff7f82b3e88
[155000] SCOREBOARD MATCH: wdata passthrough beat=2 expected = dcf872a0ef2b957d, actual =dcf872a0ef2b957d
[155000] SCOREBOARD MATCH: wdata passthrough beat=3 expected = e71e0d9fe06224f6, actual =e71e0d9fe06224f6
[155000] SCOREBOARD MATCH: wdata passthrough beat=4 expected = d88d637eb0307719, actual =d88d637eb0307719
[155000] SCOREBOARD MATCH: wstrb size check expected = 5, actual =5
[155000] SCOREBOARD MATCH: wstrb passthrough beat=0 expected = 96, actual =96
[155000] SCOREBOARD MATCH: wstrb passthrough beat=1 expected = 97, actual =97
[155000] SCOREBOARD MATCH: wstrb passthrough beat=2 expected = 1e, actual =1e
[155000] SCOREBOARD MATCH: wstrb passthrough beat=3 expected = 8c, actual =8c
[155000] SCOREBOARD MATCH: wstrb passthrough beat=4 expected = 36, actual =36
[155000] SCOREBOARD MATCH: bresp passthrough expected = 0, actual =0
[155000] SCOREBOARD MATCH: response routed to correct master (write) expected = 1, actual =1
[155000] [SCOREBOARD-M] mst_id=1 s_id=0 awaddr=3a9d470 awid=1011 awlen=4 awsize=4 awburst=1 wdata=[d3380479f7f27821 d08edff7f82b3e88 dcf872a0ef2b957d e71e0d9fe06224f6 d88d637eb0307719 ] wstrb=[96 97 1e 8c 36 ] bresp=0 bid=1011
[155000] [SCOREBOARD-S] mst_id=1 s_id=0 awaddr=3a9d470 awid=1011 awlen=4 awsize=4 awburst=1 wdata=[d3380479f7f27821 d08edff7f82b3e88 dcf872a0ef2b957d e71e0d9fe06224f6 d88d637eb0307719 ] wstrb=[96 97 1e 8c 36 ] bresp=0 bid=11011
[155000] SCOREBOARD: Transaction 3 received. pass=49 fail=0
[155000] ALL PASS. Total transactions: 3
[165000] MASTER 0 W_VALID_RDY Handshake beat=9 wlast=0
[165000] S1 MEMORY WRITE beat=8 addr=1837bec0 data=fb19561db9585a9b id=0c
[175000] S1 MEMORY WRITE beat=9 addr=1837bee0 data=b96f16f2f9865e54 id=0c
[175000] MASTER 0 W_VALID_RDY Handshake beat=10 wlast=0
[185000] MASTER 0 W_VALID_RDY Handshake beat=11 wlast=0
[185000] S1 MEMORY WRITE beat=10 addr=1837bf00 data=fc4e00870fcb9e3d id=0c
[195000] S1 MEMORY WRITE beat=11 addr=1837bf20 data=c923f8d8bcdc82a0 id=0c
[195000] MASTER 0 W_VALID_RDY Handshake beat=12 wlast=0
[205000] MASTER 0 W_VALID_RDY Handshake beat=13 wlast=0
[205000] S1 MEMORY WRITE beat=12 addr=1837bf40 data=3662e0f5f76756a4 id=0c
[215000] S1 MEMORY WRITE beat=13 addr=1837bf60 data=8732f4e102930fcb id=0c
[215000] MASTER 0 W_VALID_RDY Handshake beat=14 wlast=0
[225000] MASTER 0 W_VALID_RDY Handshake beat=15 wlast=0
[225000] S1 MEMORY WRITE beat=14 addr=1837bf80 data=bf6f926bb2b0e17c id=0c
[235000] S1 MEMORY WRITE beat=15 addr=1837bfa0 data=2a183821d056edba id=0c
[235000] MASTER 0 W_VALID_RDY Handshake beat=16 wlast=0
[245000] MASTER 0 W_VALID_RDY Handshake beat=17 wlast=0
[245000] S1 MEMORY WRITE beat=16 addr=1837bfc0 data=d2e9fd85f5d27360 id=0c
[255000] S1 MEMORY WRITE beat=17 addr=1837bfe0 data=288354ddb14b2d02 id=0c
[255000] MASTER 0 W_VALID_RDY Handshake beat=18 wlast=0
[265000] MASTER 0 W_VALID_RDY Handshake beat=19 wlast=0
[265000] S1 MEMORY WRITE beat=18 addr=1837c000 data=81a21abc92598ff0 id=0c
[275000] S1 MEMORY WRITE beat=19 addr=1837c020 data=082c0351d29b8cfe id=0c
[275000] MASTER 0 W_VALID_RDY Handshake beat=20 wlast=0
[285000] MASTER 0 W_VALID_RDY Handshake beat=21 wlast=0
[285000] S1 MEMORY WRITE beat=20 addr=1837c040 data=83e6ba00d48c1841 id=0c
[295000] S1 MEMORY WRITE beat=21 addr=1837c060 data=e6e5a83230af582e id=0c
[295000] MASTER 0 W_VALID_RDY Handshake beat=22 wlast=0
[305000] MASTER 0 W_VALID_RDY Handshake beat=23 wlast=0
[305000] S1 MEMORY WRITE beat=22 addr=1837c080 data=034ae52c0588d4bd id=0c
[315000] S1 MEMORY WRITE beat=23 addr=1837c0a0 data=da14ecfeef11ab83 id=0c
[315000] MASTER 0 W_VALID_RDY Handshake beat=24 wlast=0
[325000] MASTER 0 W_VALID_RDY Handshake beat=25 wlast=0
[325000] S1 MEMORY WRITE beat=24 addr=1837c0c0 data=1fc103b187319f2c id=0c
[335000] S1 MEMORY WRITE beat=25 addr=1837c0e0 data=8cba73e9c0fa9530 id=0c
[335000] MASTER 0 W_VALID_RDY Handshake beat=26 wlast=0
[345000] MASTER 0 W_VALID_RDY Handshake beat=27 wlast=0
[345000] S1 MEMORY WRITE beat=26 addr=1837c100 data=b00c40b3230be8dd id=0c
[355000] S1 MEMORY WRITE beat=27 addr=1837c120 data=aa3d8809e6cf60e8 id=0c
[355000] MASTER 0 W_VALID_RDY Handshake beat=28 wlast=0
[365000] MASTER 0 W_VALID_RDY Handshake beat=29 wlast=0
[365000] S1 MEMORY WRITE beat=28 addr=1837c140 data=a7c9f618cfcd4464 id=0c
[375000] S1 MEMORY WRITE beat=29 addr=1837c160 data=f2d92d4136f7fbf3 id=0c
[375000] MASTER 0 W_VALID_RDY Handshake beat=30 wlast=0
[385000] MASTER 0 W_VALID_RDY Handshake beat=31 wlast=0
[385000] S1 MEMORY WRITE beat=30 addr=1837c180 data=1dc75cdbd7d636cc id=0c
[395000] S1 MEMORY WRITE beat=31 addr=1837c1a0 data=a7a37b301d16b54b id=0c
[395000] MASTER 0 W_VALID_RDY Handshake beat=32 wlast=0
[405000] MASTER 0 W_VALID_RDY Handshake beat=33 wlast=0
[405000] S1 MEMORY WRITE beat=32 addr=1837c1c0 data=d40eb13ec59152f3 id=0c
[415000] S1 MEMORY WRITE beat=33 addr=1837c1e0 data=9d6789bf1a7ca872 id=0c
[415000] MASTER 0 W_VALID_RDY Handshake beat=34 wlast=0
[425000] MASTER 0 W_VALID_RDY Handshake beat=35 wlast=0
[425000] S1 MEMORY WRITE beat=34 addr=1837c200 data=37935dbdf1d60e19 id=0c
[435000] S1 MEMORY WRITE beat=35 addr=1837c220 data=b767610cc50b04f0 id=0c
[435000] MASTER 0 W_VALID_RDY Handshake beat=36 wlast=0
[445000] MASTER 0 W_VALID_RDY Handshake beat=37 wlast=0
[445000] S1 MEMORY WRITE beat=36 addr=1837c240 data=df87ad620ba20efb id=0c
[455000] S1 MEMORY WRITE beat=37 addr=1837c260 data=fd781d14d4ceeacc id=0c
[455000] MASTER 0 W_VALID_RDY Handshake beat=38 wlast=0
[465000] MASTER 0 W_VALID_RDY Handshake beat=39 wlast=0
[465000] S1 MEMORY WRITE beat=38 addr=1837c280 data=19d9efbc171b0b1f id=0c
[475000] S1 MEMORY WRITE beat=39 addr=1837c2a0 data=22bd1a1ab4df7e20 id=0c
[475000] MASTER 0 W_VALID_RDY Handshake beat=40 wlast=0
[485000] MASTER 0 W_VALID_RDY Handshake beat=41 wlast=0
[485000] S1 MEMORY WRITE beat=40 addr=1837c2c0 data=89ae68ecf9619d1e id=0c
[495000] S1 MEMORY WRITE beat=41 addr=1837c2e0 data=107ca83d2035372e id=0c
[495000] MASTER 0 W_VALID_RDY Handshake beat=42 wlast=0
[505000] MASTER 0 W_VALID_RDY Handshake beat=43 wlast=0
[505000] S1 MEMORY WRITE beat=42 addr=1837c300 data=d514b54ea38858a8 id=0c
[515000] S1 MEMORY WRITE beat=43 addr=1837c320 data=9ce9f5c63339c257 id=0c
[515000] MASTER 0 W_VALID_RDY Handshake beat=44 wlast=0
[525000] MASTER 0 W_VALID_RDY Handshake beat=45 wlast=0
[525000] S1 MEMORY WRITE beat=44 addr=1837c340 data=d36ef985dec31e3b id=0c
[535000] S1 MEMORY WRITE beat=45 addr=1837c360 data=824b76e3ad669e03 id=0c
[535000] MASTER 0 W_VALID_RDY Handshake beat=46 wlast=0
[545000] MASTER 0 W_VALID_RDY Handshake beat=47 wlast=0
[545000] S1 MEMORY WRITE beat=46 addr=1837c380 data=e0a0605aa883aed3 id=0c
[555000] S1 MEMORY WRITE beat=47 addr=1837c3a0 data=8746cd0e1f356caa id=0c
[555000] MASTER 0 W_VALID_RDY Handshake beat=48 wlast=0
[565000] MASTER 0 W_VALID_RDY Handshake beat=49 wlast=0
[565000] S1 MEMORY WRITE beat=48 addr=1837c3c0 data=cc9c0aadb40f59df id=0c
[575000] S1 MEMORY WRITE beat=49 addr=1837c3e0 data=dc9308b3099243f2 id=0c
[575000] MASTER 0 W_VALID_RDY Handshake beat=50 wlast=0
[585000] MASTER 0 W_VALID_RDY Handshake beat=51 wlast=0
[585000] S1 MEMORY WRITE beat=50 addr=1837c400 data=28c7b09c2d3c6b08 id=0c
[595000] S1 MEMORY WRITE beat=51 addr=1837c420 data=e14bc4e7e3d9d5c1 id=0c
[595000] MASTER 0 W_VALID_RDY Handshake beat=52 wlast=0
[605000] MASTER 0 W_VALID_RDY Handshake beat=53 wlast=0
[605000] S1 MEMORY WRITE beat=52 addr=1837c440 data=ed6c19b3f563bb49 id=0c
[615000] S1 MEMORY WRITE beat=53 addr=1837c460 data=a2a02651bddecd9a id=0c
[615000] MASTER 0 W_VALID_RDY Handshake beat=54 wlast=0
[625000] MASTER 0 W_VALID_RDY Handshake beat=55 wlast=0
[625000] S1 MEMORY WRITE beat=54 addr=1837c480 data=21b8a35c9633ca4f id=0c
[635000] S1 MEMORY WRITE beat=55 addr=1837c4a0 data=0b97859903ebeb39 id=0c
[635000] MASTER 0 W_VALID_RDY Handshake beat=56 wlast=0
[645000] MASTER 0 W_VALID_RDY Handshake beat=57 wlast=0
[645000] S1 MEMORY WRITE beat=56 addr=1837c4c0 data=c1cab8d38f24bd0f id=0c
[655000] S1 MEMORY WRITE beat=57 addr=1837c4e0 data=2558875fae37abea id=0c
[655000] MASTER 0 W_VALID_RDY Handshake beat=58 wlast=0
[665000] MASTER 0 W_VALID_RDY Handshake beat=59 wlast=0
[665000] S1 MEMORY WRITE beat=58 addr=1837c500 data=b2239723e3835c2f id=0c
[675000] S1 MEMORY WRITE beat=59 addr=1837c520 data=f2a8193f30f00cf8 id=0c
[675000] MASTER 0 W_VALID_RDY Handshake beat=60 wlast=0
[685000] MASTER 0 W_VALID_RDY Handshake beat=61 wlast=0
[685000] S1 MEMORY WRITE beat=60 addr=1837c540 data=df27b8e2f3ee4ff7 id=0c
[695000] S1 MEMORY WRITE beat=61 addr=1837c560 data=d771ac261800a09e id=0c
[695000] MASTER 0 W_VALID_RDY Handshake beat=62 wlast=0
[705000] MASTER 0 W_VALID_RDY Handshake beat=63 wlast=0
[705000] S1 MEMORY WRITE beat=62 addr=1837c580 data=c8f0ad96114b5006 id=0c
[715000] S1 MEMORY WRITE beat=63 addr=1837c5a0 data=05399ffdca19c565 id=0c
[715000] MASTER 0 W_VALID_RDY Handshake beat=64 wlast=0
[725000] MASTER 0 W_VALID_RDY Handshake beat=65 wlast=0
[725000] S1 MEMORY WRITE beat=64 addr=1837c5c0 data=e21a6603a8186678 id=0c
[735000] S1 MEMORY WRITE beat=65 addr=1837c5e0 data=b963b67edcab4c23 id=0c
[735000] MASTER 0 W_VALID_RDY Handshake beat=66 wlast=0
[745000] MASTER 0 W_VALID_RDY Handshake beat=67 wlast=0
[745000] S1 MEMORY WRITE beat=66 addr=1837c600 data=26c51189ab0b1399 id=0c
[755000] S1 MEMORY WRITE beat=67 addr=1837c620 data=d3237a12be9d567b id=0c
[755000] MASTER 0 W_VALID_RDY Handshake beat=68 wlast=0
[765000] MASTER 0 W_VALID_RDY Handshake beat=69 wlast=0
[765000] S1 MEMORY WRITE beat=68 addr=1837c640 data=1b48a29f88df778c id=0c
[775000] S1 MEMORY WRITE beat=69 addr=1837c660 data=33ea8b268c873090 id=0c
[775000] MASTER 0 W_VALID_RDY Handshake beat=70 wlast=0
[785000] MASTER 0 W_VALID_RDY Handshake beat=71 wlast=0
[785000] S1 MEMORY WRITE beat=70 addr=1837c680 data=cb24870cc20db428 id=0c
[795000] S1 MEMORY WRITE beat=71 addr=1837c6a0 data=caed2bb4070e0538 id=0c
[795000] MASTER 0 W_VALID_RDY Handshake beat=72 wlast=0
[805000] MASTER 0 W_VALID_RDY Handshake beat=73 wlast=0
[805000] S1 MEMORY WRITE beat=72 addr=1837c6c0 data=939535c8e66d29ab id=0c
[815000] S1 MEMORY WRITE beat=73 addr=1837c6e0 data=287addd3fed7b6da id=0c
[815000] MASTER 0 W_VALID_RDY Handshake beat=74 wlast=0
[825000] MASTER 0 W_VALID_RDY Handshake beat=75 wlast=0
[825000] S1 MEMORY WRITE beat=74 addr=1837c700 data=85e5bc12deb9bcd4 id=0c
[835000] S1 MEMORY WRITE beat=75 addr=1837c720 data=c526e67ff3680987 id=0c
[835000] MASTER 0 W_VALID_RDY Handshake beat=76 wlast=0
[845000] MASTER 0 W_VALID_RDY Handshake beat=77 wlast=0
[845000] S1 MEMORY WRITE beat=76 addr=1837c740 data=f23fc062197af1db id=0c
[855000] S1 MEMORY WRITE beat=77 addr=1837c760 data=f834aeafeda1c452 id=0c
[855000] MASTER 0 W_VALID_RDY Handshake beat=78 wlast=0
[865000] MASTER 0 W_VALID_RDY Handshake beat=79 wlast=0
[865000] S1 MEMORY WRITE beat=78 addr=1837c780 data=e109cddaf8257c74 id=0c
[875000] S1 MEMORY WRITE beat=79 addr=1837c7a0 data=91a06e4f3d5b952f id=0c
[875000] MASTER 0 W_VALID_RDY Handshake beat=80 wlast=0
[885000] MASTER 0 W_VALID_RDY Handshake beat=81 wlast=0
[885000] S1 MEMORY WRITE beat=80 addr=1837c7c0 data=aafd5981d3498e3c id=0c
[895000] S1 MEMORY WRITE beat=81 addr=1837c7e0 data=cb6f0ab009d51cff id=0c
[895000] MASTER 0 W_VALID_RDY Handshake beat=82 wlast=0
[905000] MASTER 0 W_VALID_RDY Handshake beat=83 wlast=0
[905000] S1 MEMORY WRITE beat=82 addr=1837c800 data=c730b22e8c07275b id=0c
[915000] S1 MEMORY WRITE beat=83 addr=1837c820 data=df50b597dd0f7900 id=0c
[915000] MASTER 0 W_VALID_RDY Handshake beat=84 wlast=0
[925000] MASTER 0 W_VALID_RDY Handshake beat=85 wlast=0
[925000] S1 MEMORY WRITE beat=84 addr=1837c840 data=e6e495fff22e0baf id=0c
[935000] S1 MEMORY WRITE beat=85 addr=1837c860 data=fe35330b2abfc048 id=0c
[935000] MASTER 0 W_VALID_RDY Handshake beat=86 wlast=0
[945000] MASTER 0 W_VALID_RDY Handshake beat=87 wlast=0
[945000] S1 MEMORY WRITE beat=86 addr=1837c880 data=07cf39482e15482d id=0c
[955000] S1 MEMORY WRITE beat=87 addr=1837c8a0 data=a04353dcdd85e8a2 id=0c
[955000] MASTER 0 W_VALID_RDY Handshake beat=88 wlast=0
[965000] MASTER 0 W_VALID_RDY Handshake beat=89 wlast=0
[965000] S1 MEMORY WRITE beat=88 addr=1837c8c0 data=8845a8eaeeb3cf47 id=0c
[975000] S1 MEMORY WRITE beat=89 addr=1837c8e0 data=1cc917749e7886e7 id=0c
[975000] MASTER 0 W_VALID_RDY Handshake beat=90 wlast=0
[985000] MASTER 0 W_VALID_RDY Handshake beat=91 wlast=0
[985000] S1 MEMORY WRITE beat=90 addr=1837c900 data=fbfe6f8a9014e232 id=0c
[995000] S1 MEMORY WRITE beat=91 addr=1837c920 data=fec8b179bd0c6b50 id=0c
[995000] MASTER 0 W_VALID_RDY Handshake beat=92 wlast=0
[1005000] MASTER 0 W_VALID_RDY Handshake beat=93 wlast=0
[1005000] S1 MEMORY WRITE beat=92 addr=1837c940 data=db84f23884441874 id=0c
[1015000] S1 MEMORY WRITE beat=93 addr=1837c960 data=1458faa79b91c8ed id=0c
[1015000] MASTER 0 W_VALID_RDY Handshake beat=94 wlast=0
[1025000] MASTER 0 W_VALID_RDY Handshake beat=95 wlast=0
[1025000] S1 MEMORY WRITE beat=94 addr=1837c980 data=d89e343ed78361c2 id=0c
[1035000] S1 MEMORY WRITE beat=95 addr=1837c9a0 data=dbc77a369321ac20 id=0c
[1035000] MASTER 0 W_VALID_RDY Handshake beat=96 wlast=0
[1045000] MASTER 0 W_VALID_RDY Handshake beat=97 wlast=0
[1045000] S1 MEMORY WRITE beat=96 addr=1837c9c0 data=2eb3750e34232676 id=0c
[1055000] S1 MEMORY WRITE beat=97 addr=1837c9e0 data=0ba68838f02074dd id=0c
[1055000] MASTER 0 W_VALID_RDY Handshake beat=98 wlast=0
[1065000] MASTER 0 W_VALID_RDY Handshake beat=99 wlast=0
[1065000] S1 MEMORY WRITE beat=98 addr=1837ca00 data=034220fe0751a94c id=0c
[1075000] S1 MEMORY WRITE beat=99 addr=1837ca20 data=3b74cfc2e76e026e id=0c
[1075000] MASTER 0 W_VALID_RDY Handshake beat=100 wlast=0
[1085000] MASTER 0 W_VALID_RDY Handshake beat=101 wlast=0
[1085000] S1 MEMORY WRITE beat=100 addr=1837ca40 data=d78e774c31f5960c id=0c
[1095000] S1 MEMORY WRITE beat=101 addr=1837ca60 data=39473f58c71b57fa id=0c
[1095000] MASTER 0 W_VALID_RDY Handshake beat=102 wlast=0
[1105000] MASTER 0 W_VALID_RDY Handshake beat=103 wlast=0
[1105000] S1 MEMORY WRITE beat=102 addr=1837ca80 data=ae895a68dad0984a id=0c
[1115000] S1 MEMORY WRITE beat=103 addr=1837caa0 data=0cc62e56f4bc0f1a id=0c
[1115000] MASTER 0 W_VALID_RDY Handshake beat=104 wlast=0
[1125000] MASTER 0 W_VALID_RDY Handshake beat=105 wlast=0
[1125000] S1 MEMORY WRITE beat=104 addr=1837cac0 data=3bd767148617d1b4 id=0c
[1135000] S1 MEMORY WRITE beat=105 addr=1837cae0 data=e0e869fec60d6dae id=0c
[1135000] MASTER 0 W_VALID_RDY Handshake beat=106 wlast=0
[1145000] MASTER 0 W_VALID_RDY Handshake beat=107 wlast=0
[1145000] S1 MEMORY WRITE beat=106 addr=1837cb00 data=3ac97cc8ea60c17c id=0c
[1155000] S1 MEMORY WRITE beat=107 addr=1837cb20 data=f0789331edae9854 id=0c
[1155000] MASTER 0 W_VALID_RDY Handshake beat=108 wlast=0
[1165000] MASTER 0 W_VALID_RDY Handshake beat=109 wlast=0
[1165000] S1 MEMORY WRITE beat=108 addr=1837cb40 data=b3bc0602f6a0e3dc id=0c
[1175000] S1 MEMORY WRITE beat=109 addr=1837cb60 data=e101a558d160fd2f id=0c
[1175000] MASTER 0 W_VALID_RDY Handshake beat=110 wlast=0
[1185000] MASTER 0 W_VALID_RDY Handshake beat=111 wlast=0
[1185000] S1 MEMORY WRITE beat=110 addr=1837cb80 data=3f0f9584ee8582ca id=0c
[1195000] S1 MEMORY WRITE beat=111 addr=1837cba0 data=e52666a6d17a3889 id=0c
[1195000] MASTER 0 W_VALID_RDY Handshake beat=112 wlast=0
[1205000] MASTER 0 W_VALID_RDY Handshake beat=113 wlast=0
[1205000] S1 MEMORY WRITE beat=112 addr=1837cbc0 data=22db35b9f2cb9b86 id=0c
[1215000] S1 MEMORY WRITE beat=113 addr=1837cbe0 data=e1511e51c6280bff id=0c
[1215000] MASTER 0 W_VALID_RDY Handshake beat=114 wlast=0
[1225000] MASTER 0 W_VALID_RDY Handshake beat=115 wlast=0
[1225000] S1 MEMORY WRITE beat=114 addr=1837cc00 data=97a24488e1eacb3d id=0c
[1235000] S1 MEMORY WRITE beat=115 addr=1837cc20 data=d4b666c3c67784f7 id=0c
[1235000] MASTER 0 W_VALID_RDY Handshake beat=116 wlast=0
[1245000] MASTER 0 W_VALID_RDY Handshake beat=117 wlast=0
[1245000] S1 MEMORY WRITE beat=116 addr=1837cc40 data=8c9f90f6ba7d7a41 id=0c
[1255000] S1 MEMORY WRITE beat=117 addr=1837cc60 data=9c68457eb6078514 id=0c
[1255000] MASTER 0 W_VALID_RDY Handshake beat=118 wlast=0
[1265000] MASTER 0 W_VALID_RDY Handshake beat=119 wlast=0
[1265000] S1 MEMORY WRITE beat=118 addr=1837cc80 data=fc7f0a0c2441d57f id=0c
[1275000] S1 MEMORY WRITE beat=119 addr=1837cca0 data=debf4fc0f11eac42 id=0c
[1275000] MASTER 0 W_VALID_RDY Handshake beat=120 wlast=0
[1285000] MASTER 0 W_VALID_RDY Handshake beat=121 wlast=0
[1285000] S1 MEMORY WRITE beat=120 addr=1837ccc0 data=a7263156891e9b02 id=0c
[1295000] S1 MEMORY WRITE beat=121 addr=1837cce0 data=ad607081fb27953f id=0c
[1295000] MASTER 0 W_VALID_RDY Handshake beat=122 wlast=0
[1305000] MASTER 0 W_VALID_RDY Handshake beat=123 wlast=0
[1305000] S1 MEMORY WRITE beat=122 addr=1837cd00 data=ec464181a3a53b62 id=0c
[1315000] S1 MEMORY WRITE beat=123 addr=1837cd20 data=2cc3d6650c1fc042 id=0c
[1315000] MASTER 0 W_VALID_RDY Handshake beat=124 wlast=0
[1325000] MASTER 0 W_VALID_RDY Handshake beat=125 wlast=0
[1325000] S1 MEMORY WRITE beat=124 addr=1837cd40 data=07475581936c72d7 id=0c
[1335000] S1 MEMORY WRITE beat=125 addr=1837cd60 data=3711ae3ada2446e6 id=0c
[1335000] MASTER 0 W_VALID_RDY Handshake beat=126 wlast=0
[1345000] MASTER 0 W_VALID_RDY Handshake beat=127 wlast=0
[1345000] S1 MEMORY WRITE beat=126 addr=1837cd80 data=e6440728f38d9702 id=0c
[1355000] S1 MEMORY WRITE beat=127 addr=1837cda0 data=86fa09d9e3d5849f id=0c
[1355000] MASTER 0 W_VALID_RDY Handshake beat=128 wlast=0
[1365000] MASTER 0 W_VALID_RDY Handshake beat=129 wlast=0
[1365000] S1 MEMORY WRITE beat=128 addr=1837cdc0 data=bdf9cb85ed8b5ca9 id=0c
[1375000] S1 MEMORY WRITE beat=129 addr=1837cde0 data=e118f3abbe0bb813 id=0c
[1375000] MASTER 0 W_VALID_RDY Handshake beat=130 wlast=0
[1385000] MASTER 0 W_VALID_RDY Handshake beat=131 wlast=0
[1385000] S1 MEMORY WRITE beat=130 addr=1837ce00 data=a1e13cb2243dd2ae id=0c
[1395000] S1 MEMORY WRITE beat=131 addr=1837ce20 data=91c92f57e812fd85 id=0c
[1395000] MASTER 0 W_VALID_RDY Handshake beat=132 wlast=0
[1405000] MASTER 0 W_VALID_RDY Handshake beat=133 wlast=0
[1405000] S1 MEMORY WRITE beat=132 addr=1837ce40 data=a61eb598dfdb0838 id=0c
[1415000] S1 MEMORY WRITE beat=133 addr=1837ce60 data=0418dae6f2e22303 id=0c
[1415000] MASTER 0 W_VALID_RDY Handshake beat=134 wlast=0
[1425000] MASTER 0 W_VALID_RDY Handshake beat=135 wlast=0
[1425000] S1 MEMORY WRITE beat=134 addr=1837ce80 data=daf52088c7fff24b id=0c
[1435000] S1 MEMORY WRITE beat=135 addr=1837cea0 data=27dafa8395e20a3d id=0c
[1435000] MASTER 0 W_VALID_RDY Handshake beat=136 wlast=0
[1445000] MASTER 0 W_VALID_RDY Handshake beat=137 wlast=0
[1445000] S1 MEMORY WRITE beat=136 addr=1837cec0 data=88c42d408113d620 id=0c
[1455000] S1 MEMORY WRITE beat=137 addr=1837cee0 data=c913c86b2bf3d569 id=0c
[1455000] MASTER 0 W_VALID_RDY Handshake beat=138 wlast=0
[1465000] MASTER 0 W_VALID_RDY Handshake beat=139 wlast=0
[1465000] S1 MEMORY WRITE beat=138 addr=1837cf00 data=c1d5dfa6e3b94dc8 id=0c
[1475000] S1 MEMORY WRITE beat=139 addr=1837cf20 data=e4cd23e9f0eec2ee id=0c
[1475000] MASTER 0 W_VALID_RDY Handshake beat=140 wlast=0
[1485000] MASTER 0 W_VALID_RDY Handshake beat=141 wlast=0
[1485000] S1 MEMORY WRITE beat=140 addr=1837cf40 data=9ce29857ca9a0ce7 id=0c
[1495000] S1 MEMORY WRITE beat=141 addr=1837cf60 data=ae535aafade0ec54 id=0c
[1495000] MASTER 0 W_VALID_RDY Handshake beat=142 wlast=0
[1505000] MASTER 0 W_VALID_RDY Handshake beat=143 wlast=0
[1505000] S1 MEMORY WRITE beat=142 addr=1837cf80 data=1ecfaf43deb877fe id=0c
[1515000] S1 MEMORY WRITE beat=143 addr=1837cfa0 data=295284e593207e98 id=0c
[1515000] MASTER 0 W_VALID_RDY Handshake beat=144 wlast=0
[1525000] MASTER 0 W_VALID_RDY Handshake beat=145 wlast=0
[1525000] S1 MEMORY WRITE beat=144 addr=1837cfc0 data=c1016aedbbb2479a id=0c
[1535000] S1 MEMORY WRITE beat=145 addr=1837cfe0 data=9a6abf98d7a5df94 id=0c
[1535000] MASTER 0 W_VALID_RDY Handshake beat=146 wlast=0
[1545000] MASTER 0 W_VALID_RDY Handshake beat=147 wlast=0
[1545000] S1 MEMORY WRITE beat=146 addr=1837d000 data=eac65e2ddfd11a30 id=0c
[1555000] S1 MEMORY WRITE beat=147 addr=1837d020 data=9b8361cac3bd447d id=0c
[1555000] MASTER 0 W_VALID_RDY Handshake beat=148 wlast=0
[1565000] MASTER 0 W_VALID_RDY Handshake beat=149 wlast=0
[1565000] S1 MEMORY WRITE beat=148 addr=1837d040 data=1b6324122bc7c91a id=0c
[1575000] S1 MEMORY WRITE beat=149 addr=1837d060 data=0b98e34a35ee2163 id=0c
[1575000] MASTER 0 W_VALID_RDY Handshake beat=150 wlast=0
[1585000] MASTER 0 W_VALID_RDY Handshake beat=151 wlast=0
[1585000] S1 MEMORY WRITE beat=150 addr=1837d080 data=f9ab65e00629823f id=0c
[1595000] S1 MEMORY WRITE beat=151 addr=1837d0a0 data=31f14b59a71c4514 id=0c
[1595000] MASTER 0 W_VALID_RDY Handshake beat=152 wlast=0
[1605000] MASTER 0 W_VALID_RDY Handshake beat=153 wlast=0
[1605000] S1 MEMORY WRITE beat=152 addr=1837d0c0 data=dd0a6677950e89f2 id=0c
[1615000] S1 MEMORY WRITE beat=153 addr=1837d0e0 data=9b380c313d8a2ea3 id=0c
[1615000] MASTER 0 W_VALID_RDY Handshake beat=154 wlast=0
[1625000] MASTER 0 W_VALID_RDY Handshake beat=155 wlast=0
[1625000] S1 MEMORY WRITE beat=154 addr=1837d100 data=e4a673b7d6b5cc58 id=0c
[1635000] S1 MEMORY WRITE beat=155 addr=1837d120 data=ebc4564acd29578a id=0c
[1635000] MASTER 0 W_VALID_RDY Handshake beat=156 wlast=0
[1645000] MASTER 0 W_VALID_RDY Handshake beat=157 wlast=0
[1645000] S1 MEMORY WRITE beat=156 addr=1837d140 data=8ab3862dc1b0da2f id=0c
[1655000] S1 MEMORY WRITE beat=157 addr=1837d160 data=1866a68706fc627c id=0c
[1655000] MASTER 0 W_VALID_RDY Handshake beat=158 wlast=0
[1665000] MASTER 0 W_VALID_RDY Handshake beat=159 wlast=0
[1665000] S1 MEMORY WRITE beat=158 addr=1837d180 data=d425ba06ef59f9e5 id=0c
[1675000] S1 MEMORY WRITE beat=159 addr=1837d1a0 data=310ad414842afcd1 id=0c
[1675000] MASTER 0 W_VALID_RDY Handshake beat=160 wlast=0
[1685000] MASTER 0 W_VALID_RDY Handshake beat=161 wlast=0
[1685000] S1 MEMORY WRITE beat=160 addr=1837d1c0 data=8b275f4dded94034 id=0c
[1695000] S1 MEMORY WRITE beat=161 addr=1837d1e0 data=ce333a19c9717a9b id=0c
[1695000] MASTER 0 W_VALID_RDY Handshake beat=162 wlast=0
[1705000] MASTER 0 W_VALID_RDY Handshake beat=163 wlast=0
[1705000] S1 MEMORY WRITE beat=162 addr=1837d200 data=cd9c776cdf4d1954 id=0c
[1715000] S1 MEMORY WRITE beat=163 addr=1837d220 data=3e265988ff3e0e2d id=0c
[1715000] MASTER 0 W_VALID_RDY Handshake beat=164 wlast=0
[1725000] MASTER 0 W_VALID_RDY Handshake beat=165 wlast=0
[1725000] S1 MEMORY WRITE beat=164 addr=1837d240 data=c8af88c8d8c3d6ba id=0c
[1735000] S1 MEMORY WRITE beat=165 addr=1837d260 data=3810f00e0c5993a1 id=0c
[1735000] MASTER 0 W_VALID_RDY Handshake beat=166 wlast=0
[1745000] MASTER 0 W_VALID_RDY Handshake beat=167 wlast=0
[1745000] S1 MEMORY WRITE beat=166 addr=1837d280 data=0b97a1ce964c0034 id=0c
[1755000] S1 MEMORY WRITE beat=167 addr=1837d2a0 data=ef0fd6eef6374996 id=0c
[1755000] MASTER 0 W_VALID_RDY Handshake beat=168 wlast=0
[1765000] MASTER 0 W_VALID_RDY Handshake beat=169 wlast=0
[1765000] S1 MEMORY WRITE beat=168 addr=1837d2c0 data=0290dd37d4472a96 id=0c
[1775000] S1 MEMORY WRITE beat=169 addr=1837d2e0 data=ea932acaa720c6fc id=0c
[1775000] MASTER 0 W_VALID_RDY Handshake beat=170 wlast=0
[1785000] MASTER 0 W_VALID_RDY Handshake beat=171 wlast=0
[1785000] S1 MEMORY WRITE beat=170 addr=1837d300 data=9d5810920e287f05 id=0c
[1795000] S1 MEMORY WRITE beat=171 addr=1837d320 data=e26fa99bd9a301b9 id=0c
[1795000] MASTER 0 W_VALID_RDY Handshake beat=172 wlast=0
[1805000] MASTER 0 W_VALID_RDY Handshake beat=173 wlast=0
[1805000] S1 MEMORY WRITE beat=172 addr=1837d340 data=80c3c8b59fe8edc9 id=0c
[1815000] S1 MEMORY WRITE beat=173 addr=1837d360 data=ae116ccecd02d465 id=0c
[1815000] MASTER 0 W_VALID_RDY Handshake beat=174 wlast=0
[1825000] MASTER 0 W_VALID_RDY Handshake beat=175 wlast=0
[1825000] S1 MEMORY WRITE beat=174 addr=1837d380 data=a6a5d61e1e1bd948 id=0c
[1835000] S1 MEMORY WRITE beat=175 addr=1837d3a0 data=be04c71190811669 id=0c
[1835000] MASTER 0 W_VALID_RDY Handshake beat=176 wlast=0
[1845000] MASTER 0 W_VALID_RDY Handshake beat=177 wlast=0
[1845000] S1 MEMORY WRITE beat=176 addr=1837d3c0 data=dd83eacf27699ed4 id=0c
[1855000] S1 MEMORY WRITE beat=177 addr=1837d3e0 data=c585781cec1633e0 id=0c
[1855000] MASTER 0 W_VALID_RDY Handshake beat=178 wlast=0
[1865000] MASTER 0 W_VALID_RDY Handshake beat=179 wlast=0
[1865000] S1 MEMORY WRITE beat=178 addr=1837d400 data=fc974a498429c0ed id=0c
[1875000] S1 MEMORY WRITE beat=179 addr=1837d420 data=ab935fc1838a3f2d id=0c
[1875000] MASTER 0 W_VALID_RDY Handshake beat=180 wlast=0
[1885000] MASTER 0 W_VALID_RDY Handshake beat=181 wlast=0
[1885000] S1 MEMORY WRITE beat=180 addr=1837d440 data=efa0730dda1b3518 id=0c
[1895000] S1 MEMORY WRITE beat=181 addr=1837d460 data=de44f606f118d7dd id=0c
[1895000] MASTER 0 W_VALID_RDY Handshake beat=182 wlast=0
[1905000] MASTER 0 W_VALID_RDY Handshake beat=183 wlast=0
[1905000] S1 MEMORY WRITE beat=182 addr=1837d480 data=f4a3170bec37bd57 id=0c
[1915000] S1 MEMORY WRITE beat=183 addr=1837d4a0 data=c652f26f89d855c7 id=0c
[1915000] MASTER 0 W_VALID_RDY Handshake beat=184 wlast=0
[1925000] MASTER 0 W_VALID_RDY Handshake beat=185 wlast=0
[1925000] S1 MEMORY WRITE beat=184 addr=1837d4c0 data=faf12da5e4438a18 id=0c
[1935000] S1 MEMORY WRITE beat=185 addr=1837d4e0 data=d07b476fa497e875 id=0c
[1935000] MASTER 0 W_VALID_RDY Handshake beat=186 wlast=0
[1945000] MASTER 0 W_VALID_RDY Handshake beat=187 wlast=0
[1945000] S1 MEMORY WRITE beat=186 addr=1837d500 data=2e703e3def9444b0 id=0c
[1955000] S1 MEMORY WRITE beat=187 addr=1837d520 data=d3d7cec816ce39df id=0c
[1955000] MASTER 0 W_VALID_RDY Handshake beat=188 wlast=0
[1965000] MASTER 0 W_VALID_RDY Handshake beat=189 wlast=0
[1965000] S1 MEMORY WRITE beat=188 addr=1837d540 data=bb66225429616be2 id=0c
[1975000] S1 MEMORY WRITE beat=189 addr=1837d560 data=18f5b09224531638 id=0c
[1975000] MASTER 0 W_VALID_RDY Handshake beat=190 wlast=0
[1985000] MASTER 0 W_VALID_RDY Handshake beat=191 wlast=0
[1985000] S1 MEMORY WRITE beat=190 addr=1837d580 data=3b215017e9d66091 id=0c
[1995000] S1 MEMORY WRITE beat=191 addr=1837d5a0 data=9337cc73eccd7f5a id=0c
[1995000] MASTER 0 W_VALID_RDY Handshake beat=192 wlast=0
[2005000] MASTER 0 W_VALID_RDY Handshake beat=193 wlast=0
[2005000] S1 MEMORY WRITE beat=192 addr=1837d5c0 data=91209592f687726b id=0c
[2015000] S1 MEMORY WRITE beat=193 addr=1837d5e0 data=e05dd2fdac2d7d05 id=0c
[2015000] MASTER 0 W_VALID_RDY Handshake beat=194 wlast=0
[2025000] MASTER 0 W_VALID_RDY Handshake beat=195 wlast=0
[2025000] S1 MEMORY WRITE beat=194 addr=1837d600 data=18fafc60cc41e5a9 id=0c
[2035000] S1 MEMORY WRITE beat=195 addr=1837d620 data=c2c95815f3959f70 id=0c
[2035000] MASTER 0 W_VALID_RDY Handshake beat=196 wlast=0
[2045000] MASTER 0 W_VALID_RDY Handshake beat=197 wlast=0
[2045000] S1 MEMORY WRITE beat=196 addr=1837d640 data=1fc31c76aa1b91f2 id=0c
[2055000] S1 MEMORY WRITE beat=197 addr=1837d660 data=f65d779c23272b12 id=0c
[2055000] MASTER 0 W_VALID_RDY Handshake beat=198 wlast=0
[2065000] MASTER 0 W_VALID_RDY Handshake beat=199 wlast=0
[2065000] S1 MEMORY WRITE beat=198 addr=1837d680 data=96bcca8238be18d6 id=0c
[2075000] S1 MEMORY WRITE beat=199 addr=1837d6a0 data=e2d9aac83926cfb1 id=0c
[2075000] MASTER 0 W_VALID_RDY Handshake beat=200 wlast=0
[2085000] MASTER 0 W_VALID_RDY Handshake beat=201 wlast=0
[2085000] S1 MEMORY WRITE beat=200 addr=1837d6c0 data=dc4dfac3b67fe6f8 id=0c
[2095000] S1 MEMORY WRITE beat=201 addr=1837d6e0 data=ef3dffced9372264 id=0c
[2095000] MASTER 0 W_VALID_RDY Handshake beat=202 wlast=0
[2105000] MASTER 0 W_VALID_RDY Handshake beat=203 wlast=0
[2105000] S1 MEMORY WRITE beat=202 addr=1837d700 data=925df215f30ac545 id=0c
[2115000] S1 MEMORY WRITE beat=203 addr=1837d720 data=298aac3ed217aa97 id=0c
[2115000] MASTER 0 W_VALID_RDY Handshake beat=204 wlast=0
[2125000] MASTER 0 W_VALID_RDY Handshake beat=205 wlast=0
[2125000] S1 MEMORY WRITE beat=204 addr=1837d740 data=ab4eccfbeeabecd8 id=0c
[2135000] S1 MEMORY WRITE beat=205 addr=1837d760 data=e1b6b21e98c8ac0c id=0c
[2135000] MASTER 0 W_VALID_RDY Handshake beat=206 wlast=0
[2145000] MASTER 0 W_VALID_RDY Handshake beat=207 wlast=0
[2145000] S1 MEMORY WRITE beat=206 addr=1837d780 data=eae056a33dacbf11 id=0c
[2155000] S1 MEMORY WRITE beat=207 addr=1837d7a0 data=ac58abe90b415e5c id=0c
[2155000] MASTER 0 W_VALID_RDY Handshake beat=208 wlast=0
[2165000] MASTER 0 W_VALID_RDY Handshake beat=209 wlast=0
[2165000] S1 MEMORY WRITE beat=208 addr=1837d7c0 data=a40a0a68162f239f id=0c
[2175000] S1 MEMORY WRITE beat=209 addr=1837d7e0 data=d3dbe2b08e0f5e07 id=0c
[2175000] MASTER 0 W_VALID_RDY Handshake beat=210 wlast=0
[2185000] MASTER 0 W_VALID_RDY Handshake beat=211 wlast=0
[2185000] S1 MEMORY WRITE beat=210 addr=1837d800 data=9950bc630eea610c id=0c
[2195000] S1 MEMORY WRITE beat=211 addr=1837d820 data=251984ab80348e99 id=0c
[2195000] MASTER 0 W_VALID_RDY Handshake beat=212 wlast=0
[2205000] MASTER 0 W_VALID_RDY Handshake beat=213 wlast=0
[2205000] S1 MEMORY WRITE beat=212 addr=1837d840 data=0e43eca13d5ac6cc id=0c
[2215000] S1 MEMORY WRITE beat=213 addr=1837d860 data=cc4527d8f8f5675b id=0c
[2215000] MASTER 0 W_VALID_RDY Handshake beat=214 wlast=0
[2225000] MASTER 0 W_VALID_RDY Handshake beat=215 wlast=0
[2225000] S1 MEMORY WRITE beat=214 addr=1837d880 data=f929f5f4a794a904 id=0c
[2235000] S1 MEMORY WRITE beat=215 addr=1837d8a0 data=e4ef6fd0f15eac83 id=0c
[2235000] MASTER 0 W_VALID_RDY Handshake beat=216 wlast=0
[2245000] MASTER 0 W_VALID_RDY Handshake beat=217 wlast=0
[2245000] S1 MEMORY WRITE beat=216 addr=1837d8c0 data=ea5413de876de295 id=0c
[2255000] S1 MEMORY WRITE beat=217 addr=1837d8e0 data=2f028b9ab13497a8 id=0c
[2255000] MASTER 0 W_VALID_RDY Handshake beat=218 wlast=0
[2265000] MASTER 0 W_VALID_RDY Handshake beat=219 wlast=0
[2265000] S1 MEMORY WRITE beat=218 addr=1837d900 data=a293442be37e09d2 id=0c
[2275000] S1 MEMORY WRITE beat=219 addr=1837d920 data=eaebec6893f1fb6a id=0c
[2275000] MASTER 0 W_VALID_RDY Handshake beat=220 wlast=0
[2285000] MASTER 0 W_VALID_RDY Handshake beat=221 wlast=0
[2285000] S1 MEMORY WRITE beat=220 addr=1837d940 data=c52693138ce75809 id=0c
[2295000] S1 MEMORY WRITE beat=221 addr=1837d960 data=f06561dc19ee7802 id=0c
[2295000] MASTER 0 W_VALID_RDY Handshake beat=222 wlast=0
[2305000] MASTER 0 W_VALID_RDY Handshake beat=223 wlast=0
[2305000] S1 MEMORY WRITE beat=222 addr=1837d980 data=ade0736ce7b9d73e id=0c
[2315000] S1 MEMORY WRITE beat=223 addr=1837d9a0 data=f4a12f48db514e44 id=0c
[2315000] MASTER 0 W_VALID_RDY Handshake beat=224 wlast=0
[2325000] MASTER 0 W_VALID_RDY Handshake beat=225 wlast=0
[2325000] S1 MEMORY WRITE beat=224 addr=1837d9c0 data=f53fc646f307067f id=0c
[2335000] S1 MEMORY WRITE beat=225 addr=1837d9e0 data=dac0ddbee5069124 id=0c
[2335000] MASTER 0 W_VALID_RDY Handshake beat=226 wlast=0
[2345000] MASTER 0 W_VALID_RDY Handshake beat=227 wlast=0
[2345000] S1 MEMORY WRITE beat=226 addr=1837da00 data=c057df68a32039b2 id=0c
[2355000] S1 MEMORY WRITE beat=227 addr=1837da20 data=16274032cf620d06 id=0c
[2355000] MASTER 0 W_VALID_RDY Handshake beat=228 wlast=0
[2365000] MASTER_DRIVER0 received transaction, op=AXI_READ
[2365000] MASTER 0 W_VALID_RDY Handshake beat=229 wlast=1
[2365000] S1 MEMORY WRITE beat=228 addr=1837da40 data=34689e2a3597a5ae id=0c
[2375000] S1 MEMORY WRITE beat=229 addr=1837da60 data=d8b7df60f0e81df0 id=0c
[2385000] SLAVE1 sent B resp, id=12
[2395000] AXI S0_ARVALID_RDY HANDSHAKE
[2395000] MEMORY READ MISS beat=0 addr=17a60d20 -> default data id=2
[2395000] [SLAVE MONITOR] mst_id=0 s_id=1 awaddr=1837bdc0 awid=1100 awlen=229 awsize=5 awburst=1 wdata=[a7e6057b19ec6c3d eba3045d88457e45 db70a9dbf2c2434f 8caeaf8c1c609436 a4a6127b0356af57 f618f2a6f851b3ea 14b248200016bc57 36d6bae02c7a233 fb19561db9585a9b b96f16f2f9865e54 fc4e00870fcb9e3d c923f8d8bcdc82a0 3662e0f5f76756a4 8732f4e102930fcb bf6f926bb2b0e17c 2a183821d056edba d2e9fd85f5d27360 288354ddb14b2d02 81a21abc92598ff0 82c0351d29b8cfe 83e6ba00d48c1841 e6e5a83230af582e 34ae52c0588d4bd da14ecfeef11ab83 1fc103b187319f2c 8cba73e9c0fa9530 b00c40b3230be8dd aa3d8809e6cf60e8 a7c9f618cfcd4464 f2d92d4136f7fbf3 1dc75cdbd7d636cc a7a37b301d16b54b d40eb13ec59152f3 9d6789bf1a7ca872 37935dbdf1d60e19 b767610cc50b04f0 df87ad620ba20efb fd781d14d4ceeacc 19d9efbc171b0b1f 22bd1a1ab4df7e20 89ae68ecf9619d1e 107ca83d2035372e d514b54ea38858a8 9ce9f5c63339c257 d36ef985dec31e3b 824b76e3ad669e03 e0a0605aa883aed3 8746cd0e1f356caa cc9c0aadb40f59df dc9308b3099243f2 28c7b09c2d3c6b08 e14bc4e7e3d9d5c1 ed6c19b3f563bb49 a2a02651bddecd9a 21b8a35c9633ca4f b97859903ebeb39 c1cab8d38f24bd0f 2558875fae37abea b2239723e3835c2f f2a8193f30f00cf8 df27b8e2f3ee4ff7 d771ac261800a09e c8f0ad96114b5006 5399ffdca19c565 e21a6603a8186678 b963b67edcab4c23 26c51189ab0b1399 d3237a12be9d567b 1b48a29f88df778c 33ea8b268c873090 cb24870cc20db428 caed2bb4070e0538 939535c8e66d29ab 287addd3fed7b6da 85e5bc12deb9bcd4 c526e67ff3680987 f23fc062197af1db f834aeafeda1c452 e109cddaf8257c74 91a06e4f3d5b952f aafd5981d3498e3c cb6f0ab009d51cff c730b22e8c07275b df50b597dd0f7900 e6e495fff22e0baf fe35330b2abfc048 7cf39482e15482d a04353dcdd85e8a2 8845a8eaeeb3cf47 1cc917749e7886e7 fbfe6f8a9014e232 fec8b179bd0c6b50 db84f23884441874 1458faa79b91c8ed d89e343ed78361c2 dbc77a369321ac20 2eb3750e34232676 ba68838f02074dd 34220fe0751a94c 3b74cfc2e76e026e d78e774c31f5960c 39473f58c71b57fa ae895a68dad0984a cc62e56f4bc0f1a 3bd767148617d1b4 e0e869fec60d6dae 3ac97cc8ea60c17c f0789331edae9854 b3bc0602f6a0e3dc e101a558d160fd2f 3f0f9584ee8582ca e52666a6d17a3889 22db35b9f2cb9b86 e1511e51c6280bff 97a24488e1eacb3d d4b666c3c67784f7 8c9f90f6ba7d7a41 9c68457eb6078514 fc7f0a0c2441d57f debf4fc0f11eac42 a7263156891e9b02 ad607081fb27953f ec464181a3a53b62 2cc3d6650c1fc042 7475581936c72d7 3711ae3ada2446e6 e6440728f38d9702 86fa09d9e3d5849f bdf9cb85ed8b5ca9 e118f3abbe0bb813 a1e13cb2243dd2ae 91c92f57e812fd85 a61eb598dfdb0838 418dae6f2e22303 daf52088c7fff24b 27dafa8395e20a3d 88c42d408113d620 c913c86b2bf3d569 c1d5dfa6e3b94dc8 e4cd23e9f0eec2ee 9ce29857ca9a0ce7 ae535aafade0ec54 1ecfaf43deb877fe 295284e593207e98 c1016aedbbb2479a 9a6abf98d7a5df94 eac65e2ddfd11a30 9b8361cac3bd447d 1b6324122bc7c91a b98e34a35ee2163 f9ab65e00629823f 31f14b59a71c4514 dd0a6677950e89f2 9b380c313d8a2ea3 e4a673b7d6b5cc58 ebc4564acd29578a 8ab3862dc1b0da2f 1866a68706fc627c d425ba06ef59f9e5 310ad414842afcd1 8b275f4dded94034 ce333a19c9717a9b cd9c776cdf4d1954 3e265988ff3e0e2d c8af88c8d8c3d6ba 3810f00e0c5993a1 b97a1ce964c0034 ef0fd6eef6374996 290dd37d4472a96 ea932acaa720c6fc 9d5810920e287f05 e26fa99bd9a301b9 80c3c8b59fe8edc9 ae116ccecd02d465 a6a5d61e1e1bd948 be04c71190811669 dd83eacf27699ed4 c585781cec1633e0 fc974a498429c0ed ab935fc1838a3f2d efa0730dda1b3518 de44f606f118d7dd f4a3170bec37bd57 c652f26f89d855c7 faf12da5e4438a18 d07b476fa497e875 2e703e3def9444b0 d3d7cec816ce39df bb66225429616be2 18f5b09224531638 3b215017e9d66091 9337cc73eccd7f5a 91209592f687726b e05dd2fdac2d7d05 18fafc60cc41e5a9 c2c95815f3959f70 1fc31c76aa1b91f2 f65d779c23272b12 96bcca8238be18d6 e2d9aac83926cfb1 dc4dfac3b67fe6f8 ef3dffced9372264 925df215f30ac545 298aac3ed217aa97 ab4eccfbeeabecd8 e1b6b21e98c8ac0c eae056a33dacbf11 ac58abe90b415e5c a40a0a68162f239f d3dbe2b08e0f5e07 9950bc630eea610c 251984ab80348e99 e43eca13d5ac6cc cc4527d8f8f5675b f929f5f4a794a904 e4ef6fd0f15eac83 ea5413de876de295 2f028b9ab13497a8 a293442be37e09d2 eaebec6893f1fb6a c52693138ce75809 f06561dc19ee7802 ade0736ce7b9d73e f4a12f48db514e44 f53fc646f307067f dac0ddbee5069124 c057df68a32039b2 16274032cf620d06 34689e2a3597a5ae d8b7df60f0e81df0 ] wstrb=[92 f6 92 40 20 82 a0 b2 78 33 f2 98 b5 92 4a 2e c5 3c c6 7b cf 11 a9 94 4d 6f f 1c 80 b8 b1 ce 28 c0 ea a8 79 9b 76 a1 5c 61 49 d5 fc c0 76 58 21 bf 2d 1d 7f a3 76 a0 63 a3 be e2 47 34 83 aa d7 41 8c 1e 75 f c8 4c 50 55 6b c5 64 33 12 b5 88 7d 7a ed b0 8c a2 39 9 1c 26 ba a9 c8 f3 b2 e4 19 6c 8d e1 5f 40 c5 78 ac 53 59 c 93 1f 84 3f 72 de 4b 5 fd d0 44 6f ae 90 74 ab 60 b8 1a e 48 8e b9 a8 46 d3 b6 8f 61 6f 37 a7 42 ee 36 a3 5d 6e 4b a0 5c 81 43 b9 ef 8e 59 4b 10 9d 5 ff 2b 5e 4b 3b fb 50 3b 27 ae 86 62 aa d6 9d d1 84 23 33 2e f9 d1 ff 7e f4 33 ac ee 4 ac 6c f8 df 18 e6 e3 c4 52 db a3 6b c2 86 2f 14 62 d3 7f 24 59 af 38 bb 82 b8 df db 67 18 97 e9 d0 76 c4 37 8e 5b 20 5e d2 ] bresp=0 bid=1100
[2395000] ARB MONITOR: slave=1 m0_req=1 m1_req=0 winner=0
[2405000] MASTER 0 RECEIVED BRESP. BRESP=0
[2405000] [MASTER DRIVER] mst_id=0 s_id=0 awaddr=1837bdc0 awid=1100 awlen=229 awsize=5 awburst=1 wdata=[a7e6057b19ec6c3d eba3045d88457e45 db70a9dbf2c2434f 8caeaf8c1c609436 a4a6127b0356af57 f618f2a6f851b3ea 14b248200016bc57 36d6bae02c7a233 fb19561db9585a9b b96f16f2f9865e54 fc4e00870fcb9e3d c923f8d8bcdc82a0 3662e0f5f76756a4 8732f4e102930fcb bf6f926bb2b0e17c 2a183821d056edba d2e9fd85f5d27360 288354ddb14b2d02 81a21abc92598ff0 82c0351d29b8cfe 83e6ba00d48c1841 e6e5a83230af582e 34ae52c0588d4bd da14ecfeef11ab83 1fc103b187319f2c 8cba73e9c0fa9530 b00c40b3230be8dd aa3d8809e6cf60e8 a7c9f618cfcd4464 f2d92d4136f7fbf3 1dc75cdbd7d636cc a7a37b301d16b54b d40eb13ec59152f3 9d6789bf1a7ca872 37935dbdf1d60e19 b767610cc50b04f0 df87ad620ba20efb fd781d14d4ceeacc 19d9efbc171b0b1f 22bd1a1ab4df7e20 89ae68ecf9619d1e 107ca83d2035372e d514b54ea38858a8 9ce9f5c63339c257 d36ef985dec31e3b 824b76e3ad669e03 e0a0605aa883aed3 8746cd0e1f356caa cc9c0aadb40f59df dc9308b3099243f2 28c7b09c2d3c6b08 e14bc4e7e3d9d5c1 ed6c19b3f563bb49 a2a02651bddecd9a 21b8a35c9633ca4f b97859903ebeb39 c1cab8d38f24bd0f 2558875fae37abea b2239723e3835c2f f2a8193f30f00cf8 df27b8e2f3ee4ff7 d771ac261800a09e c8f0ad96114b5006 5399ffdca19c565 e21a6603a8186678 b963b67edcab4c23 26c51189ab0b1399 d3237a12be9d567b 1b48a29f88df778c 33ea8b268c873090 cb24870cc20db428 caed2bb4070e0538 939535c8e66d29ab 287addd3fed7b6da 85e5bc12deb9bcd4 c526e67ff3680987 f23fc062197af1db f834aeafeda1c452 e109cddaf8257c74 91a06e4f3d5b952f aafd5981d3498e3c cb6f0ab009d51cff c730b22e8c07275b df50b597dd0f7900 e6e495fff22e0baf fe35330b2abfc048 7cf39482e15482d a04353dcdd85e8a2 8845a8eaeeb3cf47 1cc917749e7886e7 fbfe6f8a9014e232 fec8b179bd0c6b50 db84f23884441874 1458faa79b91c8ed d89e343ed78361c2 dbc77a369321ac20 2eb3750e34232676 ba68838f02074dd 34220fe0751a94c 3b74cfc2e76e026e d78e774c31f5960c 39473f58c71b57fa ae895a68dad0984a cc62e56f4bc0f1a 3bd767148617d1b4 e0e869fec60d6dae 3ac97cc8ea60c17c f0789331edae9854 b3bc0602f6a0e3dc e101a558d160fd2f 3f0f9584ee8582ca e52666a6d17a3889 22db35b9f2cb9b86 e1511e51c6280bff 97a24488e1eacb3d d4b666c3c67784f7 8c9f90f6ba7d7a41 9c68457eb6078514 fc7f0a0c2441d57f debf4fc0f11eac42 a7263156891e9b02 ad607081fb27953f ec464181a3a53b62 2cc3d6650c1fc042 7475581936c72d7 3711ae3ada2446e6 e6440728f38d9702 86fa09d9e3d5849f bdf9cb85ed8b5ca9 e118f3abbe0bb813 a1e13cb2243dd2ae 91c92f57e812fd85 a61eb598dfdb0838 418dae6f2e22303 daf52088c7fff24b 27dafa8395e20a3d 88c42d408113d620 c913c86b2bf3d569 c1d5dfa6e3b94dc8 e4cd23e9f0eec2ee 9ce29857ca9a0ce7 ae535aafade0ec54 1ecfaf43deb877fe 295284e593207e98 c1016aedbbb2479a 9a6abf98d7a5df94 eac65e2ddfd11a30 9b8361cac3bd447d 1b6324122bc7c91a b98e34a35ee2163 f9ab65e00629823f 31f14b59a71c4514 dd0a6677950e89f2 9b380c313d8a2ea3 e4a673b7d6b5cc58 ebc4564acd29578a 8ab3862dc1b0da2f 1866a68706fc627c d425ba06ef59f9e5 310ad414842afcd1 8b275f4dded94034 ce333a19c9717a9b cd9c776cdf4d1954 3e265988ff3e0e2d c8af88c8d8c3d6ba 3810f00e0c5993a1 b97a1ce964c0034 ef0fd6eef6374996 290dd37d4472a96 ea932acaa720c6fc 9d5810920e287f05 e26fa99bd9a301b9 80c3c8b59fe8edc9 ae116ccecd02d465 a6a5d61e1e1bd948 be04c71190811669 dd83eacf27699ed4 c585781cec1633e0 fc974a498429c0ed ab935fc1838a3f2d efa0730dda1b3518 de44f606f118d7dd f4a3170bec37bd57 c652f26f89d855c7 faf12da5e4438a18 d07b476fa497e875 2e703e3def9444b0 d3d7cec816ce39df bb66225429616be2 18f5b09224531638 3b215017e9d66091 9337cc73eccd7f5a 91209592f687726b e05dd2fdac2d7d05 18fafc60cc41e5a9 c2c95815f3959f70 1fc31c76aa1b91f2 f65d779c23272b12 96bcca8238be18d6 e2d9aac83926cfb1 dc4dfac3b67fe6f8 ef3dffced9372264 925df215f30ac545 298aac3ed217aa97 ab4eccfbeeabecd8 e1b6b21e98c8ac0c eae056a33dacbf11 ac58abe90b415e5c a40a0a68162f239f d3dbe2b08e0f5e07 9950bc630eea610c 251984ab80348e99 e43eca13d5ac6cc cc4527d8f8f5675b f929f5f4a794a904 e4ef6fd0f15eac83 ea5413de876de295 2f028b9ab13497a8 a293442be37e09d2 eaebec6893f1fb6a c52693138ce75809 f06561dc19ee7802 ade0736ce7b9d73e f4a12f48db514e44 f53fc646f307067f dac0ddbee5069124 c057df68a32039b2 16274032cf620d06 34689e2a3597a5ae d8b7df60f0e81df0 ] wstrb=[92 f6 92 40 20 82 a0 b2 78 33 f2 98 b5 92 4a 2e c5 3c c6 7b cf 11 a9 94 4d 6f f 1c 80 b8 b1 ce 28 c0 ea a8 79 9b 76 a1 5c 61 49 d5 fc c0 76 58 21 bf 2d 1d 7f a3 76 a0 63 a3 be e2 47 34 83 aa d7 41 8c 1e 75 f c8 4c 50 55 6b c5 64 33 12 b5 88 7d 7a ed b0 8c a2 39 9 1c 26 ba a9 c8 f3 b2 e4 19 6c 8d e1 5f 40 c5 78 ac 53 59 c 93 1f 84 3f 72 de 4b 5 fd d0 44 6f ae 90 74 ab 60 b8 1a e 48 8e b9 a8 46 d3 b6 8f 61 6f 37 a7 42 ee 36 a3 5d 6e 4b a0 5c 81 43 b9 ef 8e 59 4b 10 9d 5 ff 2b 5e 4b 3b fb 50 3b 27 ae 86 62 aa d6 9d d1 84 23 33 2e f9 d1 ff 7e f4 33 ac ee 4 ac 6c f8 df 18 e6 e3 c4 52 db a3 6b c2 86 2f 14 62 d3 7f 24 59 af 38 bb 82 b8 df db 67 18 97 e9 d0 76 c4 37 8e 5b 20 5e d2 ] bresp=0 bid=1100
[2405000] MASTER 0 B_VALID_RDY Handshake
[2405000] [MASTER MONITOR] mst_id=0 s_id=1 awaddr=1837bdc0 awid=1100 awlen=229 awsize=5 awburst=1 wdata=[a7e6057b19ec6c3d eba3045d88457e45 db70a9dbf2c2434f 8caeaf8c1c609436 a4a6127b0356af57 f618f2a6f851b3ea 14b248200016bc57 36d6bae02c7a233 fb19561db9585a9b b96f16f2f9865e54 fc4e00870fcb9e3d c923f8d8bcdc82a0 3662e0f5f76756a4 8732f4e102930fcb bf6f926bb2b0e17c 2a183821d056edba d2e9fd85f5d27360 288354ddb14b2d02 81a21abc92598ff0 82c0351d29b8cfe 83e6ba00d48c1841 e6e5a83230af582e 34ae52c0588d4bd da14ecfeef11ab83 1fc103b187319f2c 8cba73e9c0fa9530 b00c40b3230be8dd aa3d8809e6cf60e8 a7c9f618cfcd4464 f2d92d4136f7fbf3 1dc75cdbd7d636cc a7a37b301d16b54b d40eb13ec59152f3 9d6789bf1a7ca872 37935dbdf1d60e19 b767610cc50b04f0 df87ad620ba20efb fd781d14d4ceeacc 19d9efbc171b0b1f 22bd1a1ab4df7e20 89ae68ecf9619d1e 107ca83d2035372e d514b54ea38858a8 9ce9f5c63339c257 d36ef985dec31e3b 824b76e3ad669e03 e0a0605aa883aed3 8746cd0e1f356caa cc9c0aadb40f59df dc9308b3099243f2 28c7b09c2d3c6b08 e14bc4e7e3d9d5c1 ed6c19b3f563bb49 a2a02651bddecd9a 21b8a35c9633ca4f b97859903ebeb39 c1cab8d38f24bd0f 2558875fae37abea b2239723e3835c2f f2a8193f30f00cf8 df27b8e2f3ee4ff7 d771ac261800a09e c8f0ad96114b5006 5399ffdca19c565 e21a6603a8186678 b963b67edcab4c23 26c51189ab0b1399 d3237a12be9d567b 1b48a29f88df778c 33ea8b268c873090 cb24870cc20db428 caed2bb4070e0538 939535c8e66d29ab 287addd3fed7b6da 85e5bc12deb9bcd4 c526e67ff3680987 f23fc062197af1db f834aeafeda1c452 e109cddaf8257c74 91a06e4f3d5b952f aafd5981d3498e3c cb6f0ab009d51cff c730b22e8c07275b df50b597dd0f7900 e6e495fff22e0baf fe35330b2abfc048 7cf39482e15482d a04353dcdd85e8a2 8845a8eaeeb3cf47 1cc917749e7886e7 fbfe6f8a9014e232 fec8b179bd0c6b50 db84f23884441874 1458faa79b91c8ed d89e343ed78361c2 dbc77a369321ac20 2eb3750e34232676 ba68838f02074dd 34220fe0751a94c 3b74cfc2e76e026e d78e774c31f5960c 39473f58c71b57fa ae895a68dad0984a cc62e56f4bc0f1a 3bd767148617d1b4 e0e869fec60d6dae 3ac97cc8ea60c17c f0789331edae9854 b3bc0602f6a0e3dc e101a558d160fd2f 3f0f9584ee8582ca e52666a6d17a3889 22db35b9f2cb9b86 e1511e51c6280bff 97a24488e1eacb3d d4b666c3c67784f7 8c9f90f6ba7d7a41 9c68457eb6078514 fc7f0a0c2441d57f debf4fc0f11eac42 a7263156891e9b02 ad607081fb27953f ec464181a3a53b62 2cc3d6650c1fc042 7475581936c72d7 3711ae3ada2446e6 e6440728f38d9702 86fa09d9e3d5849f bdf9cb85ed8b5ca9 e118f3abbe0bb813 a1e13cb2243dd2ae 91c92f57e812fd85 a61eb598dfdb0838 418dae6f2e22303 daf52088c7fff24b 27dafa8395e20a3d 88c42d408113d620 c913c86b2bf3d569 c1d5dfa6e3b94dc8 e4cd23e9f0eec2ee 9ce29857ca9a0ce7 ae535aafade0ec54 1ecfaf43deb877fe 295284e593207e98 c1016aedbbb2479a 9a6abf98d7a5df94 eac65e2ddfd11a30 9b8361cac3bd447d 1b6324122bc7c91a b98e34a35ee2163 f9ab65e00629823f 31f14b59a71c4514 dd0a6677950e89f2 9b380c313d8a2ea3 e4a673b7d6b5cc58 ebc4564acd29578a 8ab3862dc1b0da2f 1866a68706fc627c d425ba06ef59f9e5 310ad414842afcd1 8b275f4dded94034 ce333a19c9717a9b cd9c776cdf4d1954 3e265988ff3e0e2d c8af88c8d8c3d6ba 3810f00e0c5993a1 b97a1ce964c0034 ef0fd6eef6374996 290dd37d4472a96 ea932acaa720c6fc 9d5810920e287f05 e26fa99bd9a301b9 80c3c8b59fe8edc9 ae116ccecd02d465 a6a5d61e1e1bd948 be04c71190811669 dd83eacf27699ed4 c585781cec1633e0 fc974a498429c0ed ab935fc1838a3f2d efa0730dda1b3518 de44f606f118d7dd f4a3170bec37bd57 c652f26f89d855c7 faf12da5e4438a18 d07b476fa497e875 2e703e3def9444b0 d3d7cec816ce39df bb66225429616be2 18f5b09224531638 3b215017e9d66091 9337cc73eccd7f5a 91209592f687726b e05dd2fdac2d7d05 18fafc60cc41e5a9 c2c95815f3959f70 1fc31c76aa1b91f2 f65d779c23272b12 96bcca8238be18d6 e2d9aac83926cfb1 dc4dfac3b67fe6f8 ef3dffced9372264 925df215f30ac545 298aac3ed217aa97 ab4eccfbeeabecd8 e1b6b21e98c8ac0c eae056a33dacbf11 ac58abe90b415e5c a40a0a68162f239f d3dbe2b08e0f5e07 9950bc630eea610c 251984ab80348e99 e43eca13d5ac6cc cc4527d8f8f5675b f929f5f4a794a904 e4ef6fd0f15eac83 ea5413de876de295 2f028b9ab13497a8 a293442be37e09d2 eaebec6893f1fb6a c52693138ce75809 f06561dc19ee7802 ade0736ce7b9d73e f4a12f48db514e44 f53fc646f307067f dac0ddbee5069124 c057df68a32039b2 16274032cf620d06 34689e2a3597a5ae d8b7df60f0e81df0 ] wstrb=[92 f6 92 40 20 82 a0 b2 78 33 f2 98 b5 92 4a 2e c5 3c c6 7b cf 11 a9 94 4d 6f f 1c 80 b8 b1 ce 28 c0 ea a8 79 9b 76 a1 5c 61 49 d5 fc c0 76 58 21 bf 2d 1d 7f a3 76 a0 63 a3 be e2 47 34 83 aa d7 41 8c 1e 75 f c8 4c 50 55 6b c5 64 33 12 b5 88 7d 7a ed b0 8c a2 39 9 1c 26 ba a9 c8 f3 b2 e4 19 6c 8d e1 5f 40 c5 78 ac 53 59 c 93 1f 84 3f 72 de 4b 5 fd d0 44 6f ae 90 74 ab 60 b8 1a e 48 8e b9 a8 46 d3 b6 8f 61 6f 37 a7 42 ee 36 a3 5d 6e 4b a0 5c 81 43 b9 ef 8e 59 4b 10 9d 5 ff 2b 5e 4b 3b fb 50 3b 27 ae 86 62 aa d6 9d d1 84 23 33 2e f9 d1 ff 7e f4 33 ac ee 4 ac 6c f8 df 18 e6 e3 c4 52 db a3 6b c2 86 2f 14 62 d3 7f 24 59 af 38 bb 82 b8 df db 67 18 97 e9 d0 76 c4 37 8e 5b 20 5e d2 ] bresp=0 bid=1100
[2405000] SLAVE 1 R_VALID_RDY Handshake beat=0 rlast=0
[2405000] MEMORY READ MISS beat=1 addr=17a60d28 -> default data id=2
[2405000] SCOREBOARD MATCH: decode_err expected = 0, actual =0
[2405000] SCOREBOARD MATCH: slave_id expected = 1, actual =1
[2405000] SCOREBOARD MATCH: awaddr passthrough expected = 1837bdc0, actual =1837bdc0
[2405000] SCOREBOARD MATCH: awlen passthrough expected = 229, actual =229
[2405000] SCOREBOARD MATCH: awsize passthrough expected = 5, actual =5
[2405000] SCOREBOARD MATCH: awburst passthrough expected = 1, actual =1
[2405000] SCOREBOARD MATCH: wdata size check expected = e6, actual =e6
[2405000] SCOREBOARD MATCH: wdata passthrough beat=0 expected = a7e6057b19ec6c3d, actual =a7e6057b19ec6c3d
[2405000] SCOREBOARD MATCH: wdata passthrough beat=1 expected = eba3045d88457e45, actual =eba3045d88457e45
[2405000] SCOREBOARD MATCH: wdata passthrough beat=2 expected = db70a9dbf2c2434f, actual =db70a9dbf2c2434f
[2405000] SCOREBOARD MATCH: wdata passthrough beat=3 expected = 8caeaf8c1c609436, actual =8caeaf8c1c609436
[2405000] SCOREBOARD MATCH: wdata passthrough beat=4 expected = a4a6127b0356af57, actual =a4a6127b0356af57
[2405000] SCOREBOARD MATCH: wdata passthrough beat=5 expected = f618f2a6f851b3ea, actual =f618f2a6f851b3ea
[2405000] SCOREBOARD MATCH: wdata passthrough beat=6 expected = 14b248200016bc57, actual =14b248200016bc57
[2405000] SCOREBOARD MATCH: wdata passthrough beat=7 expected = 36d6bae02c7a233, actual =36d6bae02c7a233
[2405000] SCOREBOARD MATCH: wdata passthrough beat=8 expected = fb19561db9585a9b, actual =fb19561db9585a9b
[2405000] SCOREBOARD MATCH: wdata passthrough beat=9 expected = b96f16f2f9865e54, actual =b96f16f2f9865e54
[2405000] SCOREBOARD MATCH: wdata passthrough beat=10 expected = fc4e00870fcb9e3d, actual =fc4e00870fcb9e3d
[2405000] SCOREBOARD MATCH: wdata passthrough beat=11 expected = c923f8d8bcdc82a0, actual =c923f8d8bcdc82a0
[2405000] SCOREBOARD MATCH: wdata passthrough beat=12 expected = 3662e0f5f76756a4, actual =3662e0f5f76756a4
[2405000] SCOREBOARD MATCH: wdata passthrough beat=13 expected = 8732f4e102930fcb, actual =8732f4e102930fcb
[2405000] SCOREBOARD MATCH: wdata passthrough beat=14 expected = bf6f926bb2b0e17c, actual =bf6f926bb2b0e17c
[2405000] SCOREBOARD MATCH: wdata passthrough beat=15 expected = 2a183821d056edba, actual =2a183821d056edba
[2405000] SCOREBOARD MATCH: wdata passthrough beat=16 expected = d2e9fd85f5d27360, actual =d2e9fd85f5d27360
[2405000] SCOREBOARD MATCH: wdata passthrough beat=17 expected = 288354ddb14b2d02, actual =288354ddb14b2d02
[2405000] SCOREBOARD MATCH: wdata passthrough beat=18 expected = 81a21abc92598ff0, actual =81a21abc92598ff0
[2405000] SCOREBOARD MATCH: wdata passthrough beat=19 expected = 82c0351d29b8cfe, actual =82c0351d29b8cfe
[2405000] SCOREBOARD MATCH: wdata passthrough beat=20 expected = 83e6ba00d48c1841, actual =83e6ba00d48c1841
[2405000] SCOREBOARD MATCH: wdata passthrough beat=21 expected = e6e5a83230af582e, actual =e6e5a83230af582e
[2405000] SCOREBOARD MATCH: wdata passthrough beat=22 expected = 34ae52c0588d4bd, actual =34ae52c0588d4bd
[2405000] SCOREBOARD MATCH: wdata passthrough beat=23 expected = da14ecfeef11ab83, actual =da14ecfeef11ab83
[2405000] SCOREBOARD MATCH: wdata passthrough beat=24 expected = 1fc103b187319f2c, actual =1fc103b187319f2c
[2405000] SCOREBOARD MATCH: wdata passthrough beat=25 expected = 8cba73e9c0fa9530, actual =8cba73e9c0fa9530
[2405000] SCOREBOARD MATCH: wdata passthrough beat=26 expected = b00c40b3230be8dd, actual =b00c40b3230be8dd
[2405000] SCOREBOARD MATCH: wdata passthrough beat=27 expected = aa3d8809e6cf60e8, actual =aa3d8809e6cf60e8
[2405000] SCOREBOARD MATCH: wdata passthrough beat=28 expected = a7c9f618cfcd4464, actual =a7c9f618cfcd4464
[2405000] SCOREBOARD MATCH: wdata passthrough beat=29 expected = f2d92d4136f7fbf3, actual =f2d92d4136f7fbf3
[2405000] SCOREBOARD MATCH: wdata passthrough beat=30 expected = 1dc75cdbd7d636cc, actual =1dc75cdbd7d636cc
[2405000] SCOREBOARD MATCH: wdata passthrough beat=31 expected = a7a37b301d16b54b, actual =a7a37b301d16b54b
[2405000] SCOREBOARD MATCH: wdata passthrough beat=32 expected = d40eb13ec59152f3, actual =d40eb13ec59152f3
[2405000] SCOREBOARD MATCH: wdata passthrough beat=33 expected = 9d6789bf1a7ca872, actual =9d6789bf1a7ca872
[2405000] SCOREBOARD MATCH: wdata passthrough beat=34 expected = 37935dbdf1d60e19, actual =37935dbdf1d60e19
[2405000] SCOREBOARD MATCH: wdata passthrough beat=35 expected = b767610cc50b04f0, actual =b767610cc50b04f0
[2405000] SCOREBOARD MATCH: wdata passthrough beat=36 expected = df87ad620ba20efb, actual =df87ad620ba20efb
[2405000] SCOREBOARD MATCH: wdata passthrough beat=37 expected = fd781d14d4ceeacc, actual =fd781d14d4ceeacc
[2405000] SCOREBOARD MATCH: wdata passthrough beat=38 expected = 19d9efbc171b0b1f, actual =19d9efbc171b0b1f
[2405000] SCOREBOARD MATCH: wdata passthrough beat=39 expected = 22bd1a1ab4df7e20, actual =22bd1a1ab4df7e20
[2405000] SCOREBOARD MATCH: wdata passthrough beat=40 expected = 89ae68ecf9619d1e, actual =89ae68ecf9619d1e
[2405000] SCOREBOARD MATCH: wdata passthrough beat=41 expected = 107ca83d2035372e, actual =107ca83d2035372e
[2405000] SCOREBOARD MATCH: wdata passthrough beat=42 expected = d514b54ea38858a8, actual =d514b54ea38858a8
[2405000] SCOREBOARD MATCH: wdata passthrough beat=43 expected = 9ce9f5c63339c257, actual =9ce9f5c63339c257
[2405000] SCOREBOARD MATCH: wdata passthrough beat=44 expected = d36ef985dec31e3b, actual =d36ef985dec31e3b
[2405000] SCOREBOARD MATCH: wdata passthrough beat=45 expected = 824b76e3ad669e03, actual =824b76e3ad669e03
[2405000] SCOREBOARD MATCH: wdata passthrough beat=46 expected = e0a0605aa883aed3, actual =e0a0605aa883aed3
[2405000] SCOREBOARD MATCH: wdata passthrough beat=47 expected = 8746cd0e1f356caa, actual =8746cd0e1f356caa
[2405000] SCOREBOARD MATCH: wdata passthrough beat=48 expected = cc9c0aadb40f59df, actual =cc9c0aadb40f59df
[2405000] SCOREBOARD MATCH: wdata passthrough beat=49 expected = dc9308b3099243f2, actual =dc9308b3099243f2
[2405000] SCOREBOARD MATCH: wdata passthrough beat=50 expected = 28c7b09c2d3c6b08, actual =28c7b09c2d3c6b08
[2405000] SCOREBOARD MATCH: wdata passthrough beat=51 expected = e14bc4e7e3d9d5c1, actual =e14bc4e7e3d9d5c1
[2405000] SCOREBOARD MATCH: wdata passthrough beat=52 expected = ed6c19b3f563bb49, actual =ed6c19b3f563bb49
[2405000] SCOREBOARD MATCH: wdata passthrough beat=53 expected = a2a02651bddecd9a, actual =a2a02651bddecd9a
[2405000] SCOREBOARD MATCH: wdata passthrough beat=54 expected = 21b8a35c9633ca4f, actual =21b8a35c9633ca4f
[2405000] SCOREBOARD MATCH: wdata passthrough beat=55 expected = b97859903ebeb39, actual =b97859903ebeb39
[2405000] SCOREBOARD MATCH: wdata passthrough beat=56 expected = c1cab8d38f24bd0f, actual =c1cab8d38f24bd0f
[2405000] SCOREBOARD MATCH: wdata passthrough beat=57 expected = 2558875fae37abea, actual =2558875fae37abea
[2405000] SCOREBOARD MATCH: wdata passthrough beat=58 expected = b2239723e3835c2f, actual =b2239723e3835c2f
[2405000] SCOREBOARD MATCH: wdata passthrough beat=59 expected = f2a8193f30f00cf8, actual =f2a8193f30f00cf8
[2405000] SCOREBOARD MATCH: wdata passthrough beat=60 expected = df27b8e2f3ee4ff7, actual =df27b8e2f3ee4ff7
[2405000] SCOREBOARD MATCH: wdata passthrough beat=61 expected = d771ac261800a09e, actual =d771ac261800a09e
[2405000] SCOREBOARD MATCH: wdata passthrough beat=62 expected = c8f0ad96114b5006, actual =c8f0ad96114b5006
[2405000] SCOREBOARD MATCH: wdata passthrough beat=63 expected = 5399ffdca19c565, actual =5399ffdca19c565
[2405000] SCOREBOARD MATCH: wdata passthrough beat=64 expected = e21a6603a8186678, actual =e21a6603a8186678
[2405000] SCOREBOARD MATCH: wdata passthrough beat=65 expected = b963b67edcab4c23, actual =b963b67edcab4c23
[2405000] SCOREBOARD MATCH: wdata passthrough beat=66 expected = 26c51189ab0b1399, actual =26c51189ab0b1399
[2405000] SCOREBOARD MATCH: wdata passthrough beat=67 expected = d3237a12be9d567b, actual =d3237a12be9d567b
[2405000] SCOREBOARD MATCH: wdata passthrough beat=68 expected = 1b48a29f88df778c, actual =1b48a29f88df778c
[2405000] SCOREBOARD MATCH: wdata passthrough beat=69 expected = 33ea8b268c873090, actual =33ea8b268c873090
[2405000] SCOREBOARD MATCH: wdata passthrough beat=70 expected = cb24870cc20db428, actual =cb24870cc20db428
[2405000] SCOREBOARD MATCH: wdata passthrough beat=71 expected = caed2bb4070e0538, actual =caed2bb4070e0538
[2405000] SCOREBOARD MATCH: wdata passthrough beat=72 expected = 939535c8e66d29ab, actual =939535c8e66d29ab
[2405000] SCOREBOARD MATCH: wdata passthrough beat=73 expected = 287addd3fed7b6da, actual =287addd3fed7b6da
[2405000] SCOREBOARD MATCH: wdata passthrough beat=74 expected = 85e5bc12deb9bcd4, actual =85e5bc12deb9bcd4
[2405000] SCOREBOARD MATCH: wdata passthrough beat=75 expected = c526e67ff3680987, actual =c526e67ff3680987
[2405000] SCOREBOARD MATCH: wdata passthrough beat=76 expected = f23fc062197af1db, actual =f23fc062197af1db
[2405000] SCOREBOARD MATCH: wdata passthrough beat=77 expected = f834aeafeda1c452, actual =f834aeafeda1c452
[2405000] SCOREBOARD MATCH: wdata passthrough beat=78 expected = e109cddaf8257c74, actual =e109cddaf8257c74
[2405000] SCOREBOARD MATCH: wdata passthrough beat=79 expected = 91a06e4f3d5b952f, actual =91a06e4f3d5b952f
[2405000] SCOREBOARD MATCH: wdata passthrough beat=80 expected = aafd5981d3498e3c, actual =aafd5981d3498e3c
[2405000] SCOREBOARD MATCH: wdata passthrough beat=81 expected = cb6f0ab009d51cff, actual =cb6f0ab009d51cff
[2405000] SCOREBOARD MATCH: wdata passthrough beat=82 expected = c730b22e8c07275b, actual =c730b22e8c07275b
[2405000] SCOREBOARD MATCH: wdata passthrough beat=83 expected = df50b597dd0f7900, actual =df50b597dd0f7900
[2405000] SCOREBOARD MATCH: wdata passthrough beat=84 expected = e6e495fff22e0baf, actual =e6e495fff22e0baf
[2405000] SCOREBOARD MATCH: wdata passthrough beat=85 expected = fe35330b2abfc048, actual =fe35330b2abfc048
[2405000] SCOREBOARD MATCH: wdata passthrough beat=86 expected = 7cf39482e15482d, actual =7cf39482e15482d
[2405000] SCOREBOARD MATCH: wdata passthrough beat=87 expected = a04353dcdd85e8a2, actual =a04353dcdd85e8a2
[2405000] SCOREBOARD MATCH: wdata passthrough beat=88 expected = 8845a8eaeeb3cf47, actual =8845a8eaeeb3cf47
[2405000] SCOREBOARD MATCH: wdata passthrough beat=89 expected = 1cc917749e7886e7, actual =1cc917749e7886e7
[2405000] SCOREBOARD MATCH: wdata passthrough beat=90 expected = fbfe6f8a9014e232, actual =fbfe6f8a9014e232
[2405000] SCOREBOARD MATCH: wdata passthrough beat=91 expected = fec8b179bd0c6b50, actual =fec8b179bd0c6b50
[2405000] SCOREBOARD MATCH: wdata passthrough beat=92 expected = db84f23884441874, actual =db84f23884441874
[2405000] SCOREBOARD MATCH: wdata passthrough beat=93 expected = 1458faa79b91c8ed, actual =1458faa79b91c8ed
[2405000] SCOREBOARD MATCH: wdata passthrough beat=94 expected = d89e343ed78361c2, actual =d89e343ed78361c2
[2405000] SCOREBOARD MATCH: wdata passthrough beat=95 expected = dbc77a369321ac20, actual =dbc77a369321ac20
[2405000] SCOREBOARD MATCH: wdata passthrough beat=96 expected = 2eb3750e34232676, actual =2eb3750e34232676
[2405000] SCOREBOARD MATCH: wdata passthrough beat=97 expected = ba68838f02074dd, actual =ba68838f02074dd
[2405000] SCOREBOARD MATCH: wdata passthrough beat=98 expected = 34220fe0751a94c, actual =34220fe0751a94c
[2405000] SCOREBOARD MATCH: wdata passthrough beat=99 expected = 3b74cfc2e76e026e, actual =3b74cfc2e76e026e
[2405000] SCOREBOARD MATCH: wdata passthrough beat=100 expected = d78e774c31f5960c, actual =d78e774c31f5960c
[2405000] SCOREBOARD MATCH: wdata passthrough beat=101 expected = 39473f58c71b57fa, actual =39473f58c71b57fa
[2405000] SCOREBOARD MATCH: wdata passthrough beat=102 expected = ae895a68dad0984a, actual =ae895a68dad0984a
[2405000] SCOREBOARD MATCH: wdata passthrough beat=103 expected = cc62e56f4bc0f1a, actual =cc62e56f4bc0f1a
[2405000] SCOREBOARD MATCH: wdata passthrough beat=104 expected = 3bd767148617d1b4, actual =3bd767148617d1b4
[2405000] SCOREBOARD MATCH: wdata passthrough beat=105 expected = e0e869fec60d6dae, actual =e0e869fec60d6dae
[2405000] SCOREBOARD MATCH: wdata passthrough beat=106 expected = 3ac97cc8ea60c17c, actual =3ac97cc8ea60c17c
[2405000] SCOREBOARD MATCH: wdata passthrough beat=107 expected = f0789331edae9854, actual =f0789331edae9854
[2405000] SCOREBOARD MATCH: wdata passthrough beat=108 expected = b3bc0602f6a0e3dc, actual =b3bc0602f6a0e3dc
[2405000] SCOREBOARD MATCH: wdata passthrough beat=109 expected = e101a558d160fd2f, actual =e101a558d160fd2f
[2405000] SCOREBOARD MATCH: wdata passthrough beat=110 expected = 3f0f9584ee8582ca, actual =3f0f9584ee8582ca
[2405000] SCOREBOARD MATCH: wdata passthrough beat=111 expected = e52666a6d17a3889, actual =e52666a6d17a3889
[2405000] SCOREBOARD MATCH: wdata passthrough beat=112 expected = 22db35b9f2cb9b86, actual =22db35b9f2cb9b86
[2405000] SCOREBOARD MATCH: wdata passthrough beat=113 expected = e1511e51c6280bff, actual =e1511e51c6280bff
[2405000] SCOREBOARD MATCH: wdata passthrough beat=114 expected = 97a24488e1eacb3d, actual =97a24488e1eacb3d
[2405000] SCOREBOARD MATCH: wdata passthrough beat=115 expected = d4b666c3c67784f7, actual =d4b666c3c67784f7
[2405000] SCOREBOARD MATCH: wdata passthrough beat=116 expected = 8c9f90f6ba7d7a41, actual =8c9f90f6ba7d7a41
[2405000] SCOREBOARD MATCH: wdata passthrough beat=117 expected = 9c68457eb6078514, actual =9c68457eb6078514
[2405000] SCOREBOARD MATCH: wdata passthrough beat=118 expected = fc7f0a0c2441d57f, actual =fc7f0a0c2441d57f
[2405000] SCOREBOARD MATCH: wdata passthrough beat=119 expected = debf4fc0f11eac42, actual =debf4fc0f11eac42
[2405000] SCOREBOARD MATCH: wdata passthrough beat=120 expected = a7263156891e9b02, actual =a7263156891e9b02
[2405000] SCOREBOARD MATCH: wdata passthrough beat=121 expected = ad607081fb27953f, actual =ad607081fb27953f
[2405000] SCOREBOARD MATCH: wdata passthrough beat=122 expected = ec464181a3a53b62, actual =ec464181a3a53b62
[2405000] SCOREBOARD MATCH: wdata passthrough beat=123 expected = 2cc3d6650c1fc042, actual =2cc3d6650c1fc042
[2405000] SCOREBOARD MATCH: wdata passthrough beat=124 expected = 7475581936c72d7, actual =7475581936c72d7
[2405000] SCOREBOARD MATCH: wdata passthrough beat=125 expected = 3711ae3ada2446e6, actual =3711ae3ada2446e6
[2405000] SCOREBOARD MATCH: wdata passthrough beat=126 expected = e6440728f38d9702, actual =e6440728f38d9702
[2405000] SCOREBOARD MATCH: wdata passthrough beat=127 expected = 86fa09d9e3d5849f, actual =86fa09d9e3d5849f
[2405000] SCOREBOARD MATCH: wdata passthrough beat=128 expected = bdf9cb85ed8b5ca9, actual =bdf9cb85ed8b5ca9
[2405000] SCOREBOARD MATCH: wdata passthrough beat=129 expected = e118f3abbe0bb813, actual =e118f3abbe0bb813
[2405000] SCOREBOARD MATCH: wdata passthrough beat=130 expected = a1e13cb2243dd2ae, actual =a1e13cb2243dd2ae
[2405000] SCOREBOARD MATCH: wdata passthrough beat=131 expected = 91c92f57e812fd85, actual =91c92f57e812fd85
[2405000] SCOREBOARD MATCH: wdata passthrough beat=132 expected = a61eb598dfdb0838, actual =a61eb598dfdb0838
[2405000] SCOREBOARD MATCH: wdata passthrough beat=133 expected = 418dae6f2e22303, actual =418dae6f2e22303
[2405000] SCOREBOARD MATCH: wdata passthrough beat=134 expected = daf52088c7fff24b, actual =daf52088c7fff24b
[2405000] SCOREBOARD MATCH: wdata passthrough beat=135 expected = 27dafa8395e20a3d, actual =27dafa8395e20a3d
[2405000] SCOREBOARD MATCH: wdata passthrough beat=136 expected = 88c42d408113d620, actual =88c42d408113d620
[2405000] SCOREBOARD MATCH: wdata passthrough beat=137 expected = c913c86b2bf3d569, actual =c913c86b2bf3d569
[2405000] SCOREBOARD MATCH: wdata passthrough beat=138 expected = c1d5dfa6e3b94dc8, actual =c1d5dfa6e3b94dc8
[2405000] SCOREBOARD MATCH: wdata passthrough beat=139 expected = e4cd23e9f0eec2ee, actual =e4cd23e9f0eec2ee
[2405000] SCOREBOARD MATCH: wdata passthrough beat=140 expected = 9ce29857ca9a0ce7, actual =9ce29857ca9a0ce7
[2405000] SCOREBOARD MATCH: wdata passthrough beat=141 expected = ae535aafade0ec54, actual =ae535aafade0ec54
[2405000] SCOREBOARD MATCH: wdata passthrough beat=142 expected = 1ecfaf43deb877fe, actual =1ecfaf43deb877fe
[2405000] SCOREBOARD MATCH: wdata passthrough beat=143 expected = 295284e593207e98, actual =295284e593207e98
[2405000] SCOREBOARD MATCH: wdata passthrough beat=144 expected = c1016aedbbb2479a, actual =c1016aedbbb2479a
[2405000] SCOREBOARD MATCH: wdata passthrough beat=145 expected = 9a6abf98d7a5df94, actual =9a6abf98d7a5df94
[2405000] SCOREBOARD MATCH: wdata passthrough beat=146 expected = eac65e2ddfd11a30, actual =eac65e2ddfd11a30
[2405000] SCOREBOARD MATCH: wdata passthrough beat=147 expected = 9b8361cac3bd447d, actual =9b8361cac3bd447d
[2405000] SCOREBOARD MATCH: wdata passthrough beat=148 expected = 1b6324122bc7c91a, actual =1b6324122bc7c91a
[2405000] SCOREBOARD MATCH: wdata passthrough beat=149 expected = b98e34a35ee2163, actual =b98e34a35ee2163
[2405000] SCOREBOARD MATCH: wdata passthrough beat=150 expected = f9ab65e00629823f, actual =f9ab65e00629823f
[2405000] SCOREBOARD MATCH: wdata passthrough beat=151 expected = 31f14b59a71c4514, actual =31f14b59a71c4514
[2405000] SCOREBOARD MATCH: wdata passthrough beat=152 expected = dd0a6677950e89f2, actual =dd0a6677950e89f2
[2405000] SCOREBOARD MATCH: wdata passthrough beat=153 expected = 9b380c313d8a2ea3, actual =9b380c313d8a2ea3
[2405000] SCOREBOARD MATCH: wdata passthrough beat=154 expected = e4a673b7d6b5cc58, actual =e4a673b7d6b5cc58
[2405000] SCOREBOARD MATCH: wdata passthrough beat=155 expected = ebc4564acd29578a, actual =ebc4564acd29578a
[2405000] SCOREBOARD MATCH: wdata passthrough beat=156 expected = 8ab3862dc1b0da2f, actual =8ab3862dc1b0da2f
[2405000] SCOREBOARD MATCH: wdata passthrough beat=157 expected = 1866a68706fc627c, actual =1866a68706fc627c
[2405000] SCOREBOARD MATCH: wdata passthrough beat=158 expected = d425ba06ef59f9e5, actual =d425ba06ef59f9e5
[2405000] SCOREBOARD MATCH: wdata passthrough beat=159 expected = 310ad414842afcd1, actual =310ad414842afcd1
[2405000] SCOREBOARD MATCH: wdata passthrough beat=160 expected = 8b275f4dded94034, actual =8b275f4dded94034
[2405000] SCOREBOARD MATCH: wdata passthrough beat=161 expected = ce333a19c9717a9b, actual =ce333a19c9717a9b
[2405000] SCOREBOARD MATCH: wdata passthrough beat=162 expected = cd9c776cdf4d1954, actual =cd9c776cdf4d1954
[2405000] SCOREBOARD MATCH: wdata passthrough beat=163 expected = 3e265988ff3e0e2d, actual =3e265988ff3e0e2d
[2405000] SCOREBOARD MATCH: wdata passthrough beat=164 expected = c8af88c8d8c3d6ba, actual =c8af88c8d8c3d6ba
[2405000] SCOREBOARD MATCH: wdata passthrough beat=165 expected = 3810f00e0c5993a1, actual =3810f00e0c5993a1
[2405000] SCOREBOARD MATCH: wdata passthrough beat=166 expected = b97a1ce964c0034, actual =b97a1ce964c0034
[2405000] SCOREBOARD MATCH: wdata passthrough beat=167 expected = ef0fd6eef6374996, actual =ef0fd6eef6374996
[2405000] SCOREBOARD MATCH: wdata passthrough beat=168 expected = 290dd37d4472a96, actual =290dd37d4472a96
[2405000] SCOREBOARD MATCH: wdata passthrough beat=169 expected = ea932acaa720c6fc, actual =ea932acaa720c6fc
[2405000] SCOREBOARD MATCH: wdata passthrough beat=170 expected = 9d5810920e287f05, actual =9d5810920e287f05
[2405000] SCOREBOARD MATCH: wdata passthrough beat=171 expected = e26fa99bd9a301b9, actual =e26fa99bd9a301b9
[2405000] SCOREBOARD MATCH: wdata passthrough beat=172 expected = 80c3c8b59fe8edc9, actual =80c3c8b59fe8edc9
[2405000] SCOREBOARD MATCH: wdata passthrough beat=173 expected = ae116ccecd02d465, actual =ae116ccecd02d465
[2405000] SCOREBOARD MATCH: wdata passthrough beat=174 expected = a6a5d61e1e1bd948, actual =a6a5d61e1e1bd948
[2405000] SCOREBOARD MATCH: wdata passthrough beat=175 expected = be04c71190811669, actual =be04c71190811669
[2405000] SCOREBOARD MATCH: wdata passthrough beat=176 expected = dd83eacf27699ed4, actual =dd83eacf27699ed4
[2405000] SCOREBOARD MATCH: wdata passthrough beat=177 expected = c585781cec1633e0, actual =c585781cec1633e0
[2405000] SCOREBOARD MATCH: wdata passthrough beat=178 expected = fc974a498429c0ed, actual =fc974a498429c0ed
[2405000] SCOREBOARD MATCH: wdata passthrough beat=179 expected = ab935fc1838a3f2d, actual =ab935fc1838a3f2d
[2405000] SCOREBOARD MATCH: wdata passthrough beat=180 expected = efa0730dda1b3518, actual =efa0730dda1b3518
[2405000] SCOREBOARD MATCH: wdata passthrough beat=181 expected = de44f606f118d7dd, actual =de44f606f118d7dd
[2405000] SCOREBOARD MATCH: wdata passthrough beat=182 expected = f4a3170bec37bd57, actual =f4a3170bec37bd57
[2405000] SCOREBOARD MATCH: wdata passthrough beat=183 expected = c652f26f89d855c7, actual =c652f26f89d855c7
[2405000] SCOREBOARD MATCH: wdata passthrough beat=184 expected = faf12da5e4438a18, actual =faf12da5e4438a18
[2405000] SCOREBOARD MATCH: wdata passthrough beat=185 expected = d07b476fa497e875, actual =d07b476fa497e875
[2405000] SCOREBOARD MATCH: wdata passthrough beat=186 expected = 2e703e3def9444b0, actual =2e703e3def9444b0
[2405000] SCOREBOARD MATCH: wdata passthrough beat=187 expected = d3d7cec816ce39df, actual =d3d7cec816ce39df
[2405000] SCOREBOARD MATCH: wdata passthrough beat=188 expected = bb66225429616be2, actual =bb66225429616be2
[2405000] SCOREBOARD MATCH: wdata passthrough beat=189 expected = 18f5b09224531638, actual =18f5b09224531638
[2405000] SCOREBOARD MATCH: wdata passthrough beat=190 expected = 3b215017e9d66091, actual =3b215017e9d66091
[2405000] SCOREBOARD MATCH: wdata passthrough beat=191 expected = 9337cc73eccd7f5a, actual =9337cc73eccd7f5a
[2405000] SCOREBOARD MATCH: wdata passthrough beat=192 expected = 91209592f687726b, actual =91209592f687726b
[2405000] SCOREBOARD MATCH: wdata passthrough beat=193 expected = e05dd2fdac2d7d05, actual =e05dd2fdac2d7d05
[2405000] SCOREBOARD MATCH: wdata passthrough beat=194 expected = 18fafc60cc41e5a9, actual =18fafc60cc41e5a9
[2405000] SCOREBOARD MATCH: wdata passthrough beat=195 expected = c2c95815f3959f70, actual =c2c95815f3959f70
[2405000] SCOREBOARD MATCH: wdata passthrough beat=196 expected = 1fc31c76aa1b91f2, actual =1fc31c76aa1b91f2
[2405000] SCOREBOARD MATCH: wdata passthrough beat=197 expected = f65d779c23272b12, actual =f65d779c23272b12
[2405000] SCOREBOARD MATCH: wdata passthrough beat=198 expected = 96bcca8238be18d6, actual =96bcca8238be18d6
[2405000] SCOREBOARD MATCH: wdata passthrough beat=199 expected = e2d9aac83926cfb1, actual =e2d9aac83926cfb1
[2405000] SCOREBOARD MATCH: wdata passthrough beat=200 expected = dc4dfac3b67fe6f8, actual =dc4dfac3b67fe6f8
[2405000] SCOREBOARD MATCH: wdata passthrough beat=201 expected = ef3dffced9372264, actual =ef3dffced9372264
[2405000] SCOREBOARD MATCH: wdata passthrough beat=202 expected = 925df215f30ac545, actual =925df215f30ac545
[2405000] SCOREBOARD MATCH: wdata passthrough beat=203 expected = 298aac3ed217aa97, actual =298aac3ed217aa97
[2405000] SCOREBOARD MATCH: wdata passthrough beat=204 expected = ab4eccfbeeabecd8, actual =ab4eccfbeeabecd8
[2405000] SCOREBOARD MATCH: wdata passthrough beat=205 expected = e1b6b21e98c8ac0c, actual =e1b6b21e98c8ac0c
[2405000] SCOREBOARD MATCH: wdata passthrough beat=206 expected = eae056a33dacbf11, actual =eae056a33dacbf11
[2405000] SCOREBOARD MATCH: wdata passthrough beat=207 expected = ac58abe90b415e5c, actual =ac58abe90b415e5c
[2405000] SCOREBOARD MATCH: wdata passthrough beat=208 expected = a40a0a68162f239f, actual =a40a0a68162f239f
[2405000] SCOREBOARD MATCH: wdata passthrough beat=209 expected = d3dbe2b08e0f5e07, actual =d3dbe2b08e0f5e07
[2405000] SCOREBOARD MATCH: wdata passthrough beat=210 expected = 9950bc630eea610c, actual =9950bc630eea610c
[2405000] SCOREBOARD MATCH: wdata passthrough beat=211 expected = 251984ab80348e99, actual =251984ab80348e99
[2405000] SCOREBOARD MATCH: wdata passthrough beat=212 expected = e43eca13d5ac6cc, actual =e43eca13d5ac6cc
[2405000] SCOREBOARD MATCH: wdata passthrough beat=213 expected = cc4527d8f8f5675b, actual =cc4527d8f8f5675b
[2405000] SCOREBOARD MATCH: wdata passthrough beat=214 expected = f929f5f4a794a904, actual =f929f5f4a794a904
[2405000] SCOREBOARD MATCH: wdata passthrough beat=215 expected = e4ef6fd0f15eac83, actual =e4ef6fd0f15eac83
[2405000] SCOREBOARD MATCH: wdata passthrough beat=216 expected = ea5413de876de295, actual =ea5413de876de295
[2405000] SCOREBOARD MATCH: wdata passthrough beat=217 expected = 2f028b9ab13497a8, actual =2f028b9ab13497a8
[2405000] SCOREBOARD MATCH: wdata passthrough beat=218 expected = a293442be37e09d2, actual =a293442be37e09d2
[2405000] SCOREBOARD MATCH: wdata passthrough beat=219 expected = eaebec6893f1fb6a, actual =eaebec6893f1fb6a
[2405000] SCOREBOARD MATCH: wdata passthrough beat=220 expected = c52693138ce75809, actual =c52693138ce75809
[2405000] SCOREBOARD MATCH: wdata passthrough beat=221 expected = f06561dc19ee7802, actual =f06561dc19ee7802
[2405000] SCOREBOARD MATCH: wdata passthrough beat=222 expected = ade0736ce7b9d73e, actual =ade0736ce7b9d73e
[2405000] SCOREBOARD MATCH: wdata passthrough beat=223 expected = f4a12f48db514e44, actual =f4a12f48db514e44
[2405000] SCOREBOARD MATCH: wdata passthrough beat=224 expected = f53fc646f307067f, actual =f53fc646f307067f
[2405000] SCOREBOARD MATCH: wdata passthrough beat=225 expected = dac0ddbee5069124, actual =dac0ddbee5069124
[2405000] SCOREBOARD MATCH: wdata passthrough beat=226 expected = c057df68a32039b2, actual =c057df68a32039b2
[2405000] SCOREBOARD MATCH: wdata passthrough beat=227 expected = 16274032cf620d06, actual =16274032cf620d06
[2405000] SCOREBOARD MATCH: wdata passthrough beat=228 expected = 34689e2a3597a5ae, actual =34689e2a3597a5ae
[2405000] SCOREBOARD MATCH: wdata passthrough beat=229 expected = d8b7df60f0e81df0, actual =d8b7df60f0e81df0
[2405000] SCOREBOARD MATCH: wstrb size check expected = e6, actual =e6
[2405000] SCOREBOARD MATCH: wstrb passthrough beat=0 expected = 92, actual =92
[2405000] SCOREBOARD MATCH: wstrb passthrough beat=1 expected = f6, actual =f6
[2405000] SCOREBOARD MATCH: wstrb passthrough beat=2 expected = 92, actual =92
[2405000] SCOREBOARD MATCH: wstrb passthrough beat=3 expected = 40, actual =40
[2405000] SCOREBOARD MATCH: wstrb passthrough beat=4 expected = 20, actual =20
[2405000] SCOREBOARD MATCH: wstrb passthrough beat=5 expected = 82, actual =82
[2405000] SCOREBOARD MATCH: wstrb passthrough beat=6 expected = a0, actual =a0
[2405000] SCOREBOARD MATCH: wstrb passthrough beat=7 expected = b2, actual =b2
[2405000] SCOREBOARD MATCH: wstrb passthrough beat=8 expected = 78, actual =78
[2405000] SCOREBOARD MATCH: wstrb passthrough beat=9 expected = 33, actual =33
[2405000] SCOREBOARD MATCH: wstrb passthrough beat=10 expected = f2, actual =f2
[2405000] SCOREBOARD MATCH: wstrb passthrough beat=11 expected = 98, actual =98
[2405000] SCOREBOARD MATCH: wstrb passthrough beat=12 expected = b5, actual =b5
[2405000] SCOREBOARD MATCH: wstrb passthrough beat=13 expected = 92, actual =92
[2405000] SCOREBOARD MATCH: wstrb passthrough beat=14 expected = 4a, actual =4a
[2405000] SCOREBOARD MATCH: wstrb passthrough beat=15 expected = 2e, actual =2e
[2405000] SCOREBOARD MATCH: wstrb passthrough beat=16 expected = c5, actual =c5
[2405000] SCOREBOARD MATCH: wstrb passthrough beat=17 expected = 3c, actual =3c
[2405000] SCOREBOARD MATCH: wstrb passthrough beat=18 expected = c6, actual =c6
[2405000] SCOREBOARD MATCH: wstrb passthrough beat=19 expected = 7b, actual =7b
[2405000] SCOREBOARD MATCH: wstrb passthrough beat=20 expected = cf, actual =cf
[2405000] SCOREBOARD MATCH: wstrb passthrough beat=21 expected = 11, actual =11
[2405000] SCOREBOARD MATCH: wstrb passthrough beat=22 expected = a9, actual =a9
[2405000] SCOREBOARD MATCH: wstrb passthrough beat=23 expected = 94, actual =94
[2405000] SCOREBOARD MATCH: wstrb passthrough beat=24 expected = 4d, actual =4d
[2405000] SCOREBOARD MATCH: wstrb passthrough beat=25 expected = 6f, actual =6f
[2405000] SCOREBOARD MATCH: wstrb passthrough beat=26 expected = f, actual =f
[2405000] SCOREBOARD MATCH: wstrb passthrough beat=27 expected = 1c, actual =1c
[2405000] SCOREBOARD MATCH: wstrb passthrough beat=28 expected = 80, actual =80
[2405000] SCOREBOARD MATCH: wstrb passthrough beat=29 expected = b8, actual =b8
[2405000] SCOREBOARD MATCH: wstrb passthrough beat=30 expected = b1, actual =b1
[2405000] SCOREBOARD MATCH: wstrb passthrough beat=31 expected = ce, actual =ce
[2405000] SCOREBOARD MATCH: wstrb passthrough beat=32 expected = 28, actual =28
[2405000] SCOREBOARD MATCH: wstrb passthrough beat=33 expected = c0, actual =c0
[2405000] SCOREBOARD MATCH: wstrb passthrough beat=34 expected = ea, actual =ea
[2405000] SCOREBOARD MATCH: wstrb passthrough beat=35 expected = a8, actual =a8
[2405000] SCOREBOARD MATCH: wstrb passthrough beat=36 expected = 79, actual =79
[2405000] SCOREBOARD MATCH: wstrb passthrough beat=37 expected = 9b, actual =9b
[2405000] SCOREBOARD MATCH: wstrb passthrough beat=38 expected = 76, actual =76
[2405000] SCOREBOARD MATCH: wstrb passthrough beat=39 expected = a1, actual =a1
[2405000] SCOREBOARD MATCH: wstrb passthrough beat=40 expected = 5c, actual =5c
[2405000] SCOREBOARD MATCH: wstrb passthrough beat=41 expected = 61, actual =61
[2405000] SCOREBOARD MATCH: wstrb passthrough beat=42 expected = 49, actual =49
[2405000] SCOREBOARD MATCH: wstrb passthrough beat=43 expected = d5, actual =d5
[2405000] SCOREBOARD MATCH: wstrb passthrough beat=44 expected = fc, actual =fc
[2405000] SCOREBOARD MATCH: wstrb passthrough beat=45 expected = c0, actual =c0
[2405000] SCOREBOARD MATCH: wstrb passthrough beat=46 expected = 76, actual =76
[2405000] SCOREBOARD MATCH: wstrb passthrough beat=47 expected = 58, actual =58
[2405000] SCOREBOARD MATCH: wstrb passthrough beat=48 expected = 21, actual =21
[2405000] SCOREBOARD MATCH: wstrb passthrough beat=49 expected = bf, actual =bf
[2405000] SCOREBOARD MATCH: wstrb passthrough beat=50 expected = 2d, actual =2d
[2405000] SCOREBOARD MATCH: wstrb passthrough beat=51 expected = 1d, actual =1d
[2405000] SCOREBOARD MATCH: wstrb passthrough beat=52 expected = 7f, actual =7f
[2405000] SCOREBOARD MATCH: wstrb passthrough beat=53 expected = a3, actual =a3
[2405000] SCOREBOARD MATCH: wstrb passthrough beat=54 expected = 76, actual =76
[2405000] SCOREBOARD MATCH: wstrb passthrough beat=55 expected = a0, actual =a0
[2405000] SCOREBOARD MATCH: wstrb passthrough beat=56 expected = 63, actual =63
[2405000] SCOREBOARD MATCH: wstrb passthrough beat=57 expected = a3, actual =a3
[2405000] SCOREBOARD MATCH: wstrb passthrough beat=58 expected = be, actual =be
[2405000] SCOREBOARD MATCH: wstrb passthrough beat=59 expected = e2, actual =e2
[2405000] SCOREBOARD MATCH: wstrb passthrough beat=60 expected = 47, actual =47
[2405000] SCOREBOARD MATCH: wstrb passthrough beat=61 expected = 34, actual =34
[2405000] SCOREBOARD MATCH: wstrb passthrough beat=62 expected = 83, actual =83
[2405000] SCOREBOARD MATCH: wstrb passthrough beat=63 expected = aa, actual =aa
[2405000] SCOREBOARD MATCH: wstrb passthrough beat=64 expected = d7, actual =d7
[2405000] SCOREBOARD MATCH: wstrb passthrough beat=65 expected = 41, actual =41
[2405000] SCOREBOARD MATCH: wstrb passthrough beat=66 expected = 8c, actual =8c
[2405000] SCOREBOARD MATCH: wstrb passthrough beat=67 expected = 1e, actual =1e
[2405000] SCOREBOARD MATCH: wstrb passthrough beat=68 expected = 75, actual =75
[2405000] SCOREBOARD MATCH: wstrb passthrough beat=69 expected = f, actual =f
[2405000] SCOREBOARD MATCH: wstrb passthrough beat=70 expected = c8, actual =c8
[2405000] SCOREBOARD MATCH: wstrb passthrough beat=71 expected = 4c, actual =4c
[2405000] SCOREBOARD MATCH: wstrb passthrough beat=72 expected = 50, actual =50
[2405000] SCOREBOARD MATCH: wstrb passthrough beat=73 expected = 55, actual =55
[2405000] SCOREBOARD MATCH: wstrb passthrough beat=74 expected = 6b, actual =6b
[2405000] SCOREBOARD MATCH: wstrb passthrough beat=75 expected = c5, actual =c5
[2405000] SCOREBOARD MATCH: wstrb passthrough beat=76 expected = 64, actual =64
[2405000] SCOREBOARD MATCH: wstrb passthrough beat=77 expected = 33, actual =33
[2405000] SCOREBOARD MATCH: wstrb passthrough beat=78 expected = 12, actual =12
[2405000] SCOREBOARD MATCH: wstrb passthrough beat=79 expected = b5, actual =b5
[2405000] SCOREBOARD MATCH: wstrb passthrough beat=80 expected = 88, actual =88
[2405000] SCOREBOARD MATCH: wstrb passthrough beat=81 expected = 7d, actual =7d
[2405000] SCOREBOARD MATCH: wstrb passthrough beat=82 expected = 7a, actual =7a
[2405000] SCOREBOARD MATCH: wstrb passthrough beat=83 expected = ed, actual =ed
[2405000] SCOREBOARD MATCH: wstrb passthrough beat=84 expected = b0, actual =b0
[2405000] SCOREBOARD MATCH: wstrb passthrough beat=85 expected = 8c, actual =8c
[2405000] SCOREBOARD MATCH: wstrb passthrough beat=86 expected = a2, actual =a2
[2405000] SCOREBOARD MATCH: wstrb passthrough beat=87 expected = 39, actual =39
[2405000] SCOREBOARD MATCH: wstrb passthrough beat=88 expected = 9, actual =9
[2405000] SCOREBOARD MATCH: wstrb passthrough beat=89 expected = 1c, actual =1c
[2405000] SCOREBOARD MATCH: wstrb passthrough beat=90 expected = 26, actual =26
[2405000] SCOREBOARD MATCH: wstrb passthrough beat=91 expected = ba, actual =ba
[2405000] SCOREBOARD MATCH: wstrb passthrough beat=92 expected = a9, actual =a9
[2405000] SCOREBOARD MATCH: wstrb passthrough beat=93 expected = c8, actual =c8
[2405000] SCOREBOARD MATCH: wstrb passthrough beat=94 expected = f3, actual =f3
[2405000] SCOREBOARD MATCH: wstrb passthrough beat=95 expected = b2, actual =b2
[2405000] SCOREBOARD MATCH: wstrb passthrough beat=96 expected = e4, actual =e4
[2405000] SCOREBOARD MATCH: wstrb passthrough beat=97 expected = 19, actual =19
[2405000] SCOREBOARD MATCH: wstrb passthrough beat=98 expected = 6c, actual =6c
[2405000] SCOREBOARD MATCH: wstrb passthrough beat=99 expected = 8d, actual =8d
[2405000] SCOREBOARD MATCH: wstrb passthrough beat=100 expected = e1, actual =e1
[2405000] SCOREBOARD MATCH: wstrb passthrough beat=101 expected = 5f, actual =5f
[2405000] SCOREBOARD MATCH: wstrb passthrough beat=102 expected = 40, actual =40
[2405000] SCOREBOARD MATCH: wstrb passthrough beat=103 expected = c5, actual =c5
[2405000] SCOREBOARD MATCH: wstrb passthrough beat=104 expected = 78, actual =78
[2405000] SCOREBOARD MATCH: wstrb passthrough beat=105 expected = ac, actual =ac
[2405000] SCOREBOARD MATCH: wstrb passthrough beat=106 expected = 53, actual =53
[2405000] SCOREBOARD MATCH: wstrb passthrough beat=107 expected = 59, actual =59
[2405000] SCOREBOARD MATCH: wstrb passthrough beat=108 expected = c, actual =c
[2405000] SCOREBOARD MATCH: wstrb passthrough beat=109 expected = 93, actual =93
[2405000] SCOREBOARD MATCH: wstrb passthrough beat=110 expected = 1f, actual =1f
[2405000] SCOREBOARD MATCH: wstrb passthrough beat=111 expected = 84, actual =84
[2405000] SCOREBOARD MATCH: wstrb passthrough beat=112 expected = 3f, actual =3f
[2405000] SCOREBOARD MATCH: wstrb passthrough beat=113 expected = 72, actual =72
[2405000] SCOREBOARD MATCH: wstrb passthrough beat=114 expected = de, actual =de
[2405000] SCOREBOARD MATCH: wstrb passthrough beat=115 expected = 4b, actual =4b
[2405000] SCOREBOARD MATCH: wstrb passthrough beat=116 expected = 5, actual =5
[2405000] SCOREBOARD MATCH: wstrb passthrough beat=117 expected = fd, actual =fd
[2405000] SCOREBOARD MATCH: wstrb passthrough beat=118 expected = d0, actual =d0
[2405000] SCOREBOARD MATCH: wstrb passthrough beat=119 expected = 44, actual =44
[2405000] SCOREBOARD MATCH: wstrb passthrough beat=120 expected = 6f, actual =6f
[2405000] SCOREBOARD MATCH: wstrb passthrough beat=121 expected = ae, actual =ae
[2405000] SCOREBOARD MATCH: wstrb passthrough beat=122 expected = 90, actual =90
[2405000] SCOREBOARD MATCH: wstrb passthrough beat=123 expected = 74, actual =74
[2405000] SCOREBOARD MATCH: wstrb passthrough beat=124 expected = ab, actual =ab
[2405000] SCOREBOARD MATCH: wstrb passthrough beat=125 expected = 60, actual =60
[2405000] SCOREBOARD MATCH: wstrb passthrough beat=126 expected = b8, actual =b8
[2405000] SCOREBOARD MATCH: wstrb passthrough beat=127 expected = 1a, actual =1a
[2405000] SCOREBOARD MATCH: wstrb passthrough beat=128 expected = e, actual =e
[2405000] SCOREBOARD MATCH: wstrb passthrough beat=129 expected = 48, actual =48
[2405000] SCOREBOARD MATCH: wstrb passthrough beat=130 expected = 8e, actual =8e
[2405000] SCOREBOARD MATCH: wstrb passthrough beat=131 expected = b9, actual =b9
[2405000] SCOREBOARD MATCH: wstrb passthrough beat=132 expected = a8, actual =a8
[2405000] SCOREBOARD MATCH: wstrb passthrough beat=133 expected = 46, actual =46
[2405000] SCOREBOARD MATCH: wstrb passthrough beat=134 expected = d3, actual =d3
[2405000] SCOREBOARD MATCH: wstrb passthrough beat=135 expected = b6, actual =b6
[2405000] SCOREBOARD MATCH: wstrb passthrough beat=136 expected = 8f, actual =8f
[2405000] SCOREBOARD MATCH: wstrb passthrough beat=137 expected = 61, actual =61
[2405000] SCOREBOARD MATCH: wstrb passthrough beat=138 expected = 6f, actual =6f
[2405000] SCOREBOARD MATCH: wstrb passthrough beat=139 expected = 37, actual =37
[2405000] SCOREBOARD MATCH: wstrb passthrough beat=140 expected = a7, actual =a7
[2405000] SCOREBOARD MATCH: wstrb passthrough beat=141 expected = 42, actual =42
[2405000] SCOREBOARD MATCH: wstrb passthrough beat=142 expected = ee, actual =ee
[2405000] SCOREBOARD MATCH: wstrb passthrough beat=143 expected = 36, actual =36
[2405000] SCOREBOARD MATCH: wstrb passthrough beat=144 expected = a3, actual =a3
[2405000] SCOREBOARD MATCH: wstrb passthrough beat=145 expected = 5d, actual =5d
[2405000] SCOREBOARD MATCH: wstrb passthrough beat=146 expected = 6e, actual =6e
[2405000] SCOREBOARD MATCH: wstrb passthrough beat=147 expected = 4b, actual =4b
[2405000] SCOREBOARD MATCH: wstrb passthrough beat=148 expected = a0, actual =a0
[2405000] SCOREBOARD MATCH: wstrb passthrough beat=149 expected = 5c, actual =5c
[2405000] SCOREBOARD MATCH: wstrb passthrough beat=150 expected = 81, actual =81
[2405000] SCOREBOARD MATCH: wstrb passthrough beat=151 expected = 43, actual =43
[2405000] SCOREBOARD MATCH: wstrb passthrough beat=152 expected = b9, actual =b9
[2405000] SCOREBOARD MATCH: wstrb passthrough beat=153 expected = ef, actual =ef
[2405000] SCOREBOARD MATCH: wstrb passthrough beat=154 expected = 8e, actual =8e
[2405000] SCOREBOARD MATCH: wstrb passthrough beat=155 expected = 59, actual =59
[2405000] SCOREBOARD MATCH: wstrb passthrough beat=156 expected = 4b, actual =4b
[2405000] SCOREBOARD MATCH: wstrb passthrough beat=157 expected = 10, actual =10
[2405000] SCOREBOARD MATCH: wstrb passthrough beat=158 expected = 9d, actual =9d
[2405000] SCOREBOARD MATCH: wstrb passthrough beat=159 expected = 5, actual =5
[2405000] SCOREBOARD MATCH: wstrb passthrough beat=160 expected = ff, actual =ff
[2405000] SCOREBOARD MATCH: wstrb passthrough beat=161 expected = 2b, actual =2b
[2405000] SCOREBOARD MATCH: wstrb passthrough beat=162 expected = 5e, actual =5e
[2405000] SCOREBOARD MATCH: wstrb passthrough beat=163 expected = 4b, actual =4b
[2405000] SCOREBOARD MATCH: wstrb passthrough beat=164 expected = 3b, actual =3b
[2405000] SCOREBOARD MATCH: wstrb passthrough beat=165 expected = fb, actual =fb
[2405000] SCOREBOARD MATCH: wstrb passthrough beat=166 expected = 50, actual =50
[2405000] SCOREBOARD MATCH: wstrb passthrough beat=167 expected = 3b, actual =3b
[2405000] SCOREBOARD MATCH: wstrb passthrough beat=168 expected = 27, actual =27
[2405000] SCOREBOARD MATCH: wstrb passthrough beat=169 expected = ae, actual =ae
[2405000] SCOREBOARD MATCH: wstrb passthrough beat=170 expected = 86, actual =86
[2405000] SCOREBOARD MATCH: wstrb passthrough beat=171 expected = 62, actual =62
[2405000] SCOREBOARD MATCH: wstrb passthrough beat=172 expected = aa, actual =aa
[2405000] SCOREBOARD MATCH: wstrb passthrough beat=173 expected = d6, actual =d6
[2405000] SCOREBOARD MATCH: wstrb passthrough beat=174 expected = 9d, actual =9d
[2405000] SCOREBOARD MATCH: wstrb passthrough beat=175 expected = d1, actual =d1
[2405000] SCOREBOARD MATCH: wstrb passthrough beat=176 expected = 84, actual =84
[2405000] SCOREBOARD MATCH: wstrb passthrough beat=177 expected = 23, actual =23
[2405000] SCOREBOARD MATCH: wstrb passthrough beat=178 expected = 33, actual =33
[2405000] SCOREBOARD MATCH: wstrb passthrough beat=179 expected = 2e, actual =2e
[2405000] SCOREBOARD MATCH: wstrb passthrough beat=180 expected = f9, actual =f9
[2405000] SCOREBOARD MATCH: wstrb passthrough beat=181 expected = d1, actual =d1
[2405000] SCOREBOARD MATCH: wstrb passthrough beat=182 expected = ff, actual =ff
[2405000] SCOREBOARD MATCH: wstrb passthrough beat=183 expected = 7e, actual =7e
[2405000] SCOREBOARD MATCH: wstrb passthrough beat=184 expected = f4, actual =f4
[2405000] SCOREBOARD MATCH: wstrb passthrough beat=185 expected = 33, actual =33
[2405000] SCOREBOARD MATCH: wstrb passthrough beat=186 expected = ac, actual =ac
[2405000] SCOREBOARD MATCH: wstrb passthrough beat=187 expected = ee, actual =ee
[2405000] SCOREBOARD MATCH: wstrb passthrough beat=188 expected = 4, actual =4
[2405000] SCOREBOARD MATCH: wstrb passthrough beat=189 expected = ac, actual =ac
[2405000] SCOREBOARD MATCH: wstrb passthrough beat=190 expected = 6c, actual =6c
[2405000] SCOREBOARD MATCH: wstrb passthrough beat=191 expected = f8, actual =f8
[2405000] SCOREBOARD MATCH: wstrb passthrough beat=192 expected = df, actual =df
[2405000] SCOREBOARD MATCH: wstrb passthrough beat=193 expected = 18, actual =18
[2405000] SCOREBOARD MATCH: wstrb passthrough beat=194 expected = e6, actual =e6
[2405000] SCOREBOARD MATCH: wstrb passthrough beat=195 expected = e3, actual =e3
[2405000] SCOREBOARD MATCH: wstrb passthrough beat=196 expected = c4, actual =c4
[2405000] SCOREBOARD MATCH: wstrb passthrough beat=197 expected = 52, actual =52
[2405000] SCOREBOARD MATCH: wstrb passthrough beat=198 expected = db, actual =db
[2405000] SCOREBOARD MATCH: wstrb passthrough beat=199 expected = a3, actual =a3
[2405000] SCOREBOARD MATCH: wstrb passthrough beat=200 expected = 6b, actual =6b
[2405000] SCOREBOARD MATCH: wstrb passthrough beat=201 expected = c2, actual =c2
[2405000] SCOREBOARD MATCH: wstrb passthrough beat=202 expected = 86, actual =86
[2405000] SCOREBOARD MATCH: wstrb passthrough beat=203 expected = 2f, actual =2f
[2405000] SCOREBOARD MATCH: wstrb passthrough beat=204 expected = 14, actual =14
[2405000] SCOREBOARD MATCH: wstrb passthrough beat=205 expected = 62, actual =62
[2405000] SCOREBOARD MATCH: wstrb passthrough beat=206 expected = d3, actual =d3
[2405000] SCOREBOARD MATCH: wstrb passthrough beat=207 expected = 7f, actual =7f
[2405000] SCOREBOARD MATCH: wstrb passthrough beat=208 expected = 24, actual =24
[2405000] SCOREBOARD MATCH: wstrb passthrough beat=209 expected = 59, actual =59
[2405000] SCOREBOARD MATCH: wstrb passthrough beat=210 expected = af, actual =af
[2405000] SCOREBOARD MATCH: wstrb passthrough beat=211 expected = 38, actual =38
[2405000] SCOREBOARD MATCH: wstrb passthrough beat=212 expected = bb, actual =bb
[2405000] SCOREBOARD MATCH: wstrb passthrough beat=213 expected = 82, actual =82
[2405000] SCOREBOARD MATCH: wstrb passthrough beat=214 expected = b8, actual =b8
[2405000] SCOREBOARD MATCH: wstrb passthrough beat=215 expected = df, actual =df
[2405000] SCOREBOARD MATCH: wstrb passthrough beat=216 expected = db, actual =db
[2405000] SCOREBOARD MATCH: wstrb passthrough beat=217 expected = 67, actual =67
[2405000] SCOREBOARD MATCH: wstrb passthrough beat=218 expected = 18, actual =18
[2405000] SCOREBOARD MATCH: wstrb passthrough beat=219 expected = 97, actual =97
[2405000] SCOREBOARD MATCH: wstrb passthrough beat=220 expected = e9, actual =e9
[2405000] SCOREBOARD MATCH: wstrb passthrough beat=221 expected = d0, actual =d0
[2405000] SCOREBOARD MATCH: wstrb passthrough beat=222 expected = 76, actual =76
[2405000] SCOREBOARD MATCH: wstrb passthrough beat=223 expected = c4, actual =c4
[2405000] SCOREBOARD MATCH: wstrb passthrough beat=224 expected = 37, actual =37
[2405000] SCOREBOARD MATCH: wstrb passthrough beat=225 expected = 8e, actual =8e
[2405000] SCOREBOARD MATCH: wstrb passthrough beat=226 expected = 5b, actual =5b
[2405000] SCOREBOARD MATCH: wstrb passthrough beat=227 expected = 20, actual =20
[2405000] SCOREBOARD MATCH: wstrb passthrough beat=228 expected = 5e, actual =5e
[2405000] SCOREBOARD MATCH: wstrb passthrough beat=229 expected = d2, actual =d2
[2405000] SCOREBOARD MATCH: bresp passthrough expected = 0, actual =0
[2405000] SCOREBOARD MATCH: response routed to correct master (write) expected = 0, actual =0
[2405000] [SCOREBOARD-M] mst_id=0 s_id=1 awaddr=1837bdc0 awid=1100 awlen=229 awsize=5 awburst=1 wdata=[a7e6057b19ec6c3d eba3045d88457e45 db70a9dbf2c2434f 8caeaf8c1c609436 a4a6127b0356af57 f618f2a6f851b3ea 14b248200016bc57 36d6bae02c7a233 fb19561db9585a9b b96f16f2f9865e54 fc4e00870fcb9e3d c923f8d8bcdc82a0 3662e0f5f76756a4 8732f4e102930fcb bf6f926bb2b0e17c 2a183821d056edba d2e9fd85f5d27360 288354ddb14b2d02 81a21abc92598ff0 82c0351d29b8cfe 83e6ba00d48c1841 e6e5a83230af582e 34ae52c0588d4bd da14ecfeef11ab83 1fc103b187319f2c 8cba73e9c0fa9530 b00c40b3230be8dd aa3d8809e6cf60e8 a7c9f618cfcd4464 f2d92d4136f7fbf3 1dc75cdbd7d636cc a7a37b301d16b54b d40eb13ec59152f3 9d6789bf1a7ca872 37935dbdf1d60e19 b767610cc50b04f0 df87ad620ba20efb fd781d14d4ceeacc 19d9efbc171b0b1f 22bd1a1ab4df7e20 89ae68ecf9619d1e 107ca83d2035372e d514b54ea38858a8 9ce9f5c63339c257 d36ef985dec31e3b 824b76e3ad669e03 e0a0605aa883aed3 8746cd0e1f356caa cc9c0aadb40f59df dc9308b3099243f2 28c7b09c2d3c6b08 e14bc4e7e3d9d5c1 ed6c19b3f563bb49 a2a02651bddecd9a 21b8a35c9633ca4f b97859903ebeb39 c1cab8d38f24bd0f 2558875fae37abea b2239723e3835c2f f2a8193f30f00cf8 df27b8e2f3ee4ff7 d771ac261800a09e c8f0ad96114b5006 5399ffdca19c565 e21a6603a8186678 b963b67edcab4c23 26c51189ab0b1399 d3237a12be9d567b 1b48a29f88df778c 33ea8b268c873090 cb24870cc20db428 caed2bb4070e0538 939535c8e66d29ab 287addd3fed7b6da 85e5bc12deb9bcd4 c526e67ff3680987 f23fc062197af1db f834aeafeda1c452 e109cddaf8257c74 91a06e4f3d5b952f aafd5981d3498e3c cb6f0ab009d51cff c730b22e8c07275b df50b597dd0f7900 e6e495fff22e0baf fe35330b2abfc048 7cf39482e15482d a04353dcdd85e8a2 8845a8eaeeb3cf47 1cc917749e7886e7 fbfe6f8a9014e232 fec8b179bd0c6b50 db84f23884441874 1458faa79b91c8ed d89e343ed78361c2 dbc77a369321ac20 2eb3750e34232676 ba68838f02074dd 34220fe0751a94c 3b74cfc2e76e026e d78e774c31f5960c 39473f58c71b57fa ae895a68dad0984a cc62e56f4bc0f1a 3bd767148617d1b4 e0e869fec60d6dae 3ac97cc8ea60c17c f0789331edae9854 b3bc0602f6a0e3dc e101a558d160fd2f 3f0f9584ee8582ca e52666a6d17a3889 22db35b9f2cb9b86 e1511e51c6280bff 97a24488e1eacb3d d4b666c3c67784f7 8c9f90f6ba7d7a41 9c68457eb6078514 fc7f0a0c2441d57f debf4fc0f11eac42 a7263156891e9b02 ad607081fb27953f ec464181a3a53b62 2cc3d6650c1fc042 7475581936c72d7 3711ae3ada2446e6 e6440728f38d9702 86fa09d9e3d5849f bdf9cb85ed8b5ca9 e118f3abbe0bb813 a1e13cb2243dd2ae 91c92f57e812fd85 a61eb598dfdb0838 418dae6f2e22303 daf52088c7fff24b 27dafa8395e20a3d 88c42d408113d620 c913c86b2bf3d569 c1d5dfa6e3b94dc8 e4cd23e9f0eec2ee 9ce29857ca9a0ce7 ae535aafade0ec54 1ecfaf43deb877fe 295284e593207e98 c1016aedbbb2479a 9a6abf98d7a5df94 eac65e2ddfd11a30 9b8361cac3bd447d 1b6324122bc7c91a b98e34a35ee2163 f9ab65e00629823f 31f14b59a71c4514 dd0a6677950e89f2 9b380c313d8a2ea3 e4a673b7d6b5cc58 ebc4564acd29578a 8ab3862dc1b0da2f 1866a68706fc627c d425ba06ef59f9e5 310ad414842afcd1 8b275f4dded94034 ce333a19c9717a9b cd9c776cdf4d1954 3e265988ff3e0e2d c8af88c8d8c3d6ba 3810f00e0c5993a1 b97a1ce964c0034 ef0fd6eef6374996 290dd37d4472a96 ea932acaa720c6fc 9d5810920e287f05 e26fa99bd9a301b9 80c3c8b59fe8edc9 ae116ccecd02d465 a6a5d61e1e1bd948 be04c71190811669 dd83eacf27699ed4 c585781cec1633e0 fc974a498429c0ed ab935fc1838a3f2d efa0730dda1b3518 de44f606f118d7dd f4a3170bec37bd57 c652f26f89d855c7 faf12da5e4438a18 d07b476fa497e875 2e703e3def9444b0 d3d7cec816ce39df bb66225429616be2 18f5b09224531638 3b215017e9d66091 9337cc73eccd7f5a 91209592f687726b e05dd2fdac2d7d05 18fafc60cc41e5a9 c2c95815f3959f70 1fc31c76aa1b91f2 f65d779c23272b12 96bcca8238be18d6 e2d9aac83926cfb1 dc4dfac3b67fe6f8 ef3dffced9372264 925df215f30ac545 298aac3ed217aa97 ab4eccfbeeabecd8 e1b6b21e98c8ac0c eae056a33dacbf11 ac58abe90b415e5c a40a0a68162f239f d3dbe2b08e0f5e07 9950bc630eea610c 251984ab80348e99 e43eca13d5ac6cc cc4527d8f8f5675b f929f5f4a794a904 e4ef6fd0f15eac83 ea5413de876de295 2f028b9ab13497a8 a293442be37e09d2 eaebec6893f1fb6a c52693138ce75809 f06561dc19ee7802 ade0736ce7b9d73e f4a12f48db514e44 f53fc646f307067f dac0ddbee5069124 c057df68a32039b2 16274032cf620d06 34689e2a3597a5ae d8b7df60f0e81df0 ] wstrb=[92 f6 92 40 20 82 a0 b2 78 33 f2 98 b5 92 4a 2e c5 3c c6 7b cf 11 a9 94 4d 6f f 1c 80 b8 b1 ce 28 c0 ea a8 79 9b 76 a1 5c 61 49 d5 fc c0 76 58 21 bf 2d 1d 7f a3 76 a0 63 a3 be e2 47 34 83 aa d7 41 8c 1e 75 f c8 4c 50 55 6b c5 64 33 12 b5 88 7d 7a ed b0 8c a2 39 9 1c 26 ba a9 c8 f3 b2 e4 19 6c 8d e1 5f 40 c5 78 ac 53 59 c 93 1f 84 3f 72 de 4b 5 fd d0 44 6f ae 90 74 ab 60 b8 1a e 48 8e b9 a8 46 d3 b6 8f 61 6f 37 a7 42 ee 36 a3 5d 6e 4b a0 5c 81 43 b9 ef 8e 59 4b 10 9d 5 ff 2b 5e 4b 3b fb 50 3b 27 ae 86 62 aa d6 9d d1 84 23 33 2e f9 d1 ff 7e f4 33 ac ee 4 ac 6c f8 df 18 e6 e3 c4 52 db a3 6b c2 86 2f 14 62 d3 7f 24 59 af 38 bb 82 b8 df db 67 18 97 e9 d0 76 c4 37 8e 5b 20 5e d2 ] bresp=0 bid=1100
[2405000] [SCOREBOARD-S] mst_id=0 s_id=1 awaddr=1837bdc0 awid=1100 awlen=229 awsize=5 awburst=1 wdata=[a7e6057b19ec6c3d eba3045d88457e45 db70a9dbf2c2434f 8caeaf8c1c609436 a4a6127b0356af57 f618f2a6f851b3ea 14b248200016bc57 36d6bae02c7a233 fb19561db9585a9b b96f16f2f9865e54 fc4e00870fcb9e3d c923f8d8bcdc82a0 3662e0f5f76756a4 8732f4e102930fcb bf6f926bb2b0e17c 2a183821d056edba d2e9fd85f5d27360 288354ddb14b2d02 81a21abc92598ff0 82c0351d29b8cfe 83e6ba00d48c1841 e6e5a83230af582e 34ae52c0588d4bd da14ecfeef11ab83 1fc103b187319f2c 8cba73e9c0fa9530 b00c40b3230be8dd aa3d8809e6cf60e8 a7c9f618cfcd4464 f2d92d4136f7fbf3 1dc75cdbd7d636cc a7a37b301d16b54b d40eb13ec59152f3 9d6789bf1a7ca872 37935dbdf1d60e19 b767610cc50b04f0 df87ad620ba20efb fd781d14d4ceeacc 19d9efbc171b0b1f 22bd1a1ab4df7e20 89ae68ecf9619d1e 107ca83d2035372e d514b54ea38858a8 9ce9f5c63339c257 d36ef985dec31e3b 824b76e3ad669e03 e0a0605aa883aed3 8746cd0e1f356caa cc9c0aadb40f59df dc9308b3099243f2 28c7b09c2d3c6b08 e14bc4e7e3d9d5c1 ed6c19b3f563bb49 a2a02651bddecd9a 21b8a35c9633ca4f b97859903ebeb39 c1cab8d38f24bd0f 2558875fae37abea b2239723e3835c2f f2a8193f30f00cf8 df27b8e2f3ee4ff7 d771ac261800a09e c8f0ad96114b5006 5399ffdca19c565 e21a6603a8186678 b963b67edcab4c23 26c51189ab0b1399 d3237a12be9d567b 1b48a29f88df778c 33ea8b268c873090 cb24870cc20db428 caed2bb4070e0538 939535c8e66d29ab 287addd3fed7b6da 85e5bc12deb9bcd4 c526e67ff3680987 f23fc062197af1db f834aeafeda1c452 e109cddaf8257c74 91a06e4f3d5b952f aafd5981d3498e3c cb6f0ab009d51cff c730b22e8c07275b df50b597dd0f7900 e6e495fff22e0baf fe35330b2abfc048 7cf39482e15482d a04353dcdd85e8a2 8845a8eaeeb3cf47 1cc917749e7886e7 fbfe6f8a9014e232 fec8b179bd0c6b50 db84f23884441874 1458faa79b91c8ed d89e343ed78361c2 dbc77a369321ac20 2eb3750e34232676 ba68838f02074dd 34220fe0751a94c 3b74cfc2e76e026e d78e774c31f5960c 39473f58c71b57fa ae895a68dad0984a cc62e56f4bc0f1a 3bd767148617d1b4 e0e869fec60d6dae 3ac97cc8ea60c17c f0789331edae9854 b3bc0602f6a0e3dc e101a558d160fd2f 3f0f9584ee8582ca e52666a6d17a3889 22db35b9f2cb9b86 e1511e51c6280bff 97a24488e1eacb3d d4b666c3c67784f7 8c9f90f6ba7d7a41 9c68457eb6078514 fc7f0a0c2441d57f debf4fc0f11eac42 a7263156891e9b02 ad607081fb27953f ec464181a3a53b62 2cc3d6650c1fc042 7475581936c72d7 3711ae3ada2446e6 e6440728f38d9702 86fa09d9e3d5849f bdf9cb85ed8b5ca9 e118f3abbe0bb813 a1e13cb2243dd2ae 91c92f57e812fd85 a61eb598dfdb0838 418dae6f2e22303 daf52088c7fff24b 27dafa8395e20a3d 88c42d408113d620 c913c86b2bf3d569 c1d5dfa6e3b94dc8 e4cd23e9f0eec2ee 9ce29857ca9a0ce7 ae535aafade0ec54 1ecfaf43deb877fe 295284e593207e98 c1016aedbbb2479a 9a6abf98d7a5df94 eac65e2ddfd11a30 9b8361cac3bd447d 1b6324122bc7c91a b98e34a35ee2163 f9ab65e00629823f 31f14b59a71c4514 dd0a6677950e89f2 9b380c313d8a2ea3 e4a673b7d6b5cc58 ebc4564acd29578a 8ab3862dc1b0da2f 1866a68706fc627c d425ba06ef59f9e5 310ad414842afcd1 8b275f4dded94034 ce333a19c9717a9b cd9c776cdf4d1954 3e265988ff3e0e2d c8af88c8d8c3d6ba 3810f00e0c5993a1 b97a1ce964c0034 ef0fd6eef6374996 290dd37d4472a96 ea932acaa720c6fc 9d5810920e287f05 e26fa99bd9a301b9 80c3c8b59fe8edc9 ae116ccecd02d465 a6a5d61e1e1bd948 be04c71190811669 dd83eacf27699ed4 c585781cec1633e0 fc974a498429c0ed ab935fc1838a3f2d efa0730dda1b3518 de44f606f118d7dd f4a3170bec37bd57 c652f26f89d855c7 faf12da5e4438a18 d07b476fa497e875 2e703e3def9444b0 d3d7cec816ce39df bb66225429616be2 18f5b09224531638 3b215017e9d66091 9337cc73eccd7f5a 91209592f687726b e05dd2fdac2d7d05 18fafc60cc41e5a9 c2c95815f3959f70 1fc31c76aa1b91f2 f65d779c23272b12 96bcca8238be18d6 e2d9aac83926cfb1 dc4dfac3b67fe6f8 ef3dffced9372264 925df215f30ac545 298aac3ed217aa97 ab4eccfbeeabecd8 e1b6b21e98c8ac0c eae056a33dacbf11 ac58abe90b415e5c a40a0a68162f239f d3dbe2b08e0f5e07 9950bc630eea610c 251984ab80348e99 e43eca13d5ac6cc cc4527d8f8f5675b f929f5f4a794a904 e4ef6fd0f15eac83 ea5413de876de295 2f028b9ab13497a8 a293442be37e09d2 eaebec6893f1fb6a c52693138ce75809 f06561dc19ee7802 ade0736ce7b9d73e f4a12f48db514e44 f53fc646f307067f dac0ddbee5069124 c057df68a32039b2 16274032cf620d06 34689e2a3597a5ae d8b7df60f0e81df0 ] wstrb=[92 f6 92 40 20 82 a0 b2 78 33 f2 98 b5 92 4a 2e c5 3c c6 7b cf 11 a9 94 4d 6f f 1c 80 b8 b1 ce 28 c0 ea a8 79 9b 76 a1 5c 61 49 d5 fc c0 76 58 21 bf 2d 1d 7f a3 76 a0 63 a3 be e2 47 34 83 aa d7 41 8c 1e 75 f c8 4c 50 55 6b c5 64 33 12 b5 88 7d 7a ed b0 8c a2 39 9 1c 26 ba a9 c8 f3 b2 e4 19 6c 8d e1 5f 40 c5 78 ac 53 59 c 93 1f 84 3f 72 de 4b 5 fd d0 44 6f ae 90 74 ab 60 b8 1a e 48 8e b9 a8 46 d3 b6 8f 61 6f 37 a7 42 ee 36 a3 5d 6e 4b a0 5c 81 43 b9 ef 8e 59 4b 10 9d 5 ff 2b 5e 4b 3b fb 50 3b 27 ae 86 62 aa d6 9d d1 84 23 33 2e f9 d1 ff 7e f4 33 ac ee 4 ac 6c f8 df 18 e6 e3 c4 52 db a3 6b c2 86 2f 14 62 d3 7f 24 59 af 38 bb 82 b8 df db 67 18 97 e9 d0 76 c4 37 8e 5b 20 5e d2 ] bresp=0 bid=1100
[2405000] SCOREBOARD: Transaction 4 received. pass=519 fail=0
[2405000] ALL PASS. Total transactions: 4
[2415000] SLAVE 1 R_VALID_RDY Handshake beat=1 rlast=1
[2415000] [SLAVE MONITOR] READ mst_id=0 s_id=1 araddr=17a60d20 arid=2 arlen=1 arsize=3 arburst=1 rid=[22] rresp=[00] rdata=[baadf00d12345678baadf00d12345678]
[2425000] MASTER 0 R_VALID_RDY Handshake beat=0 rlast=0
[2435000] MASTER 0 R_VALID_RDY Handshake beat=1 rlast=1
[2435000] [MASTER MONITOR] READ mst_id=0 s_id=1 araddr=17a60d20 arid=2 arlen=1 arsize=3 arburst=1 rid=[22] rresp=[00] rdata=[baadf00d12345678baadf00d12345678]
[2435000] [MASTER DRIVER] READ mst_id=0 s_id=0 araddr=17a60d20 arid=2 arlen=1 arsize=3 arburst=1 rid=[22] rresp=[00] rdata=[baadf00d12345678baadf00d12345678]
[2435000] SCOREBOARD MATCH: decode_err expected = 0, actual =0
[2435000] SCOREBOARD MATCH: slave_id expected = 1, actual =1
[2435000] SCOREBOARD MATCH: araddr passthrough expected = 17a60d20, actual =17a60d20
[2435000] SCOREBOARD MATCH: arlen passthrough expected = 1, actual =1
[2435000] SCOREBOARD MATCH: arsize passthrough expected = 3, actual =3
[2435000] SCOREBOARD MATCH: arburst passthrough expected = 1, actual =1
[2435000] SCOREBOARD MATCH: rdata size check expected = 2, actual =2
[2435000] SCOREBOARD MATCH: rdata passthrough beat=0 expected = baadf00d12345678, actual =baadf00d12345678
[2435000] SCOREBOARD MATCH: rdata passthrough beat=1 expected = baadf00d12345678, actual =baadf00d12345678
[2435000] SCOREBOARD MATCH: rresp size check expected = 2, actual =2
[2435000] SCOREBOARD MATCH: rresp passthrough beat=0 expected = 0, actual =0
[2435000] SCOREBOARD MATCH: rresp passthrough beat=1 expected = 0, actual =0
[2435000] SCOREBOARD MATCH: response routed to correct master (read beat 0) expected = 0, actual =0
[2435000] SCOREBOARD MATCH: response routed to correct master (read beat 1) expected = 0, actual =0
[2435000] [SCOREBOARD-M] READ mst_id=0 s_id=1 araddr=17a60d20 arid=2 arlen=1 arsize=3 arburst=1 rid=[22] rresp=[00] rdata=[baadf00d12345678baadf00d12345678]
[2435000] [SCOREBOARD-S] READ mst_id=0 s_id=1 araddr=17a60d20 arid=2 arlen=1 arsize=3 arburst=1 rid=[22] rresp=[00] rdata=[baadf00d12345678baadf00d12345678]
[2435000] SCOREBOARD: Transaction 5 received. pass=533 fail=0
[2435000] SCOREBOARD: Expected 5 transactions completed, PASS=533 FAIL=0
[2435000] ALL PASS. Total transactions: 5
[2435000] ALL TRANSACTIONS MONITORED
$finish called at time : 2455 ns : File "/home/nashita/Desktop/practice/axi_xbar/tb/top/axi_tb_top.sv" Line 220
exit
INFO: xsimkernel Simulation Memory Usage: 289464 KB (Peak: 337864 KB), Simulation CPU Usage: 1190 ms
INFO: [Common 17-206] Exiting xsim at Fri Sep 11 11:27:37 2026...
