#-----------------------------------------------------------
# xsim v2025.2 (64-bit)
# SW Build 6299465 on Fri Nov 14 12:34:56 MST 2025
# IP Build 6300035 on Fri Nov 14 10:48:45 MST 2025
# SharedData Build 6298862 on Thu Nov 13 04:50:51 MST 2025
# Start of session at: Thu Sep 10 18:37:00 2026
# Process ID         : 3651154
# Current directory  : /home/nashita/Desktop/practice/axi_xbar/sim
# Command line       : xsim -log regress_results/BT_run343.log -mode tcl -source {xsim.dir/tb_top_snap/xsim_script.tcl}
# Log file           : /home/nashita/Desktop/practice/axi_xbar/sim/regress_results/BT_run343.log
# Journal file       : /home/nashita/Desktop/practice/axi_xbar/sim/xsim.jou
# Running On         : vlsi-vivado
# Platform           : Ubuntu
# Operating System   : Ubuntu 24.04.4 LTS
# Processor Detail   : Intel(R) Core(TM) i5-10400 CPU @ 2.90GHz
# CPU Frequency      : 800.000 MHz
# CPU Physical cores : 6
# CPU Logical cores  : 12
# Host memory        : 41875 MB
# Swap memory        : 27648 MB
# Total Virtual      : 69524 MB
# Available Virtual  : 62758 MB
#-----------------------------------------------------------
source xsim.dir/tb_top_snap/xsim_script.tcl
# xsim {tb_top_snap} -testplusarg BT -autoloadwcfg -runall -sv_seed 344
Time resolution is 1 ps
run -all
[0] RUNNING BASE TEST
[0] INSIDE THE BASE TEST CONSTRUCTOR
[0] ENV: before agent
[0] SLAVE CONSTRUCTED
[0] MASTER MONITOR CONSTRUCTED
[0] MASTER MONITOR CONSTRUCTED
[0] SLAVE MONITOR CONSTRUCTED
[0] SLAVE MONITOR CONSTRUCTED
[0] ARB MONITOR CONSTRUCTED
GENERATOR CONSTRUCTED
[0] ENV: after agent
[0] ENV: before scoreboard
[0] ENV: after scoreboard
[15000] [SEQUENCER] READ mst_id=1 s_id=0 araddr=b18f140 arid=0 arlen=1 arsize=3 arburst=1 rid=[] rresp=[] rdata=[]
[15000] [SEQUENCER] mst_id=1 s_id=0 awaddr=19a4a038 awid=1000 awlen=113 awsize=7 awburst=1 wdata=[afa822ad3bc8a055 e395be4fd1d8dca8 3b076b1ac1a21bcc fd6abc21c0ce719c 12a74e45eaaf8dc7 ac51a993e1007a70 a1ceec0ccdaeb95f b85e4726a9bc65b4 8abce024b4763a51 8224f3b0e4aff0ba 8e6c566e2c8bcc31 e10206823a833ad7 1f332b9119293693 c5b502c4e326fa33 1daa350aad9f81ff c6c8b892a6b70946 89de03793cdd609b ea7ce29a8c7dbb56 3334c49da7883883 e465991e31459b2d bdc35683bd12c816 e49b009acee27bb9 2816e6f0f81b20 2e0ae337c90099b8 97e31571bdeb6d69 2ee3888a12a5e3d1 dba67d89980b2c57 d5f699c1dcee6bc1 ef944f92f38992fb 8b94bf5204da224b e1c88e0ccb3acd1b bec46016e18b5913 e6657b5ed15cdd9e 9c97aab9ca591f69 abe4787cc82e096a 998ae708db5c0ad0 25b52a391249f3db da77fd45362291c2 117e9c92d199a2b5 e3e39690f402e44e 2a2576103733c6cb 88cd69803e5b93d6 325e78243ba412a2 f2d7d96decb10011 2b0c93e7dc83ee34 182800d6fba542ed e85642fedd6b0c0b 39eefa3f0affda43 86a51d309362d6e5 f0cde2f0d216fb15 dd16d558eefb602f 825e3714aabcdd2f fcd3d844e3bbf288 d2b752b7f32c1a05 9de8f734d9eaad9c 3da6a025d51589cc c841a3d11abccf79 f4a77d15905df2dc e5737ca8e62a9b05 80e76a7eb24e1d3a c2ac1017adb52079 13dfbb7ff58ee794 a7dd04cea81f8cbf d5d4ad3994c725fd 8a560d91ea8914e5 12a8a1a5e9b468b8 fe7b8eb532331260 9cbc2745e87d4ede d231b79608d19c47 3b04aea7af64c8ea 97e217c8d0ad464b d97ee292d7c0d5ec 7259ed7ea13cf5e 3ac115aa94839139 ec4467269f07b69f 91b85fe943ff83c 28c38976f36a05fd 9271bc9cc3dc9ba8 d81c93e41507f09c 871f6999b8d429a df69de4280e01d5a 95e80df69ae3b335 3670f5d037867227 b8668f819e5a048f 393db7c595dad412 cd614639ce4e9d78 eca8a207efaead95 858981a705c7d5bb d4167333a5e659cc 95950761d2eac7e1 d8b29d9cc0bf153a e6a56f071b1e8909 ee0950ea2cc910cf ed882609fc3a7668 9758ff71c6bbee86 f384ff55d42d9510 d0680b798562505b cc1e3ee1e10d255e 353aba6fe7c10aea ed235b46bfa33e36 20b0639505a2c5e8 ed63d0d2b9419a27 f8e4d85ed5eb1e04 db8de3ecda872c18 13c8c64019953bf3 ef8059f7c8f1b4be 2378e0d70cad9e9e 2642da91cb0e3de3 93fff2a13741a717 c3ef45b515c33488 e0d1726bb778d378 eeba7a8fea322046 fff554cef4d1650c 2c4a3885b2a9c044 ] wstrb=[39 8a 14 45 58 59 ca 91 e3 df d7 3c 38 a1 cd 1b 80 a4 57 b8 46 25 d4 c6 c9 2b 7f f 50 53 d6 1a 7e 55 29 cf a8 ff e9 26 54 12 f5 fc 12 de 23 66 f1 18 63 3 f7 86 69 e8 9e cc eb 95 52 54 7d f1 21 68 86 73 bd 4 64 de 6c eb 51 29 ef b6 7 5b a1 59 85 90 f 8c eb b0 e5 70 40 f4 fd 2b a4 e2 9c e4 d7 99 10 7b 7b ac 60 52 45 70 ce c0 1c 2e 13 61 ] bresp=0 bid=0
[15000] [SEQUENCER] mst_id=0 s_id=0 awaddr=de0edf8 awid=101 awlen=10 awsize=2 awburst=2 wdata=[90bbb92e1ae4a5c5 f525e0a4e754f3a6 ec55933e28f5be0d c3da63d2a112e907 8867dcadfd114c6c a6070a79b9004476 da132d7ef4bd6feb f1cebc58e9e16e4b 22e1b2c2e27b0a2b d7387a1797d5c6d1 1b7351dfcf4e040 ] wstrb=[6f 6b df 40 82 1f 5d f1 8a 3c 32 ] bresp=0 bid=0
[15000] [SEQUENCER] READ mst_id=1 s_id=0 araddr=a3c7820 arid=2 arlen=1 arsize=3 arburst=1 rid=[] rresp=[] rdata=[]
[15000] [SEQUENCER] mst_id=1 s_id=0 awaddr=176b6358 awid=1001 awlen=171 awsize=2 awburst=1 wdata=[e0cb8750ba48ebf3 cb67229e815e709f eb3c8b84c4bc3414 ff052008beddd765 c03c4805cc0812d4 10c446e9ca6c42a6 94a1a0cab78d389 f780e65e0fc966f1 da35a997c9866211 f4ff359a08452d47 180e9438e37fc3a3 ad0625b4ec801bf8 f4c5493ff2443dcf d5c4017322055b4f 8e8577478cd3dd77 ff181b4782ca2727 a4cf8276034ac087 901e9dfed4dc1cba d7a643e13354f9be 369fba458f36b945 e412d5fffc75c658 2fcac016c6be5843 d5f511893bb919e1 382ee039e66a7a5b ad28d29eba07e788 f5c10169e7f9a04f ce641aaa831de427 3d25cbb0adefe1a2 95e981f1fb8ced48 feaad170b2e6cd19 e0d6aebce44d9c9b dfda89e43bd09d20 eeb76a39f6c030ad db0dcd49de855b54 1a55f874cf8e18f5 c64e49a33ae8572d 196db281890d62ad d89b7ba3215c16ec dc446e1933c3aaf5 bcd10da21ee9c546 c045dc32f5b2209a 2975cb8f956c8945 b4564e8b1c8a4a4b 123c6ae5e646d931 fbb36277f49c2abd 912675083bb23674 a1f90fa5b009b102 24a5dbc0a362dfed df1516619dac721c cdb6231fb5cc50c8 d92f30b6010e2607 9eba9823f25bfedf a8284fa7b8444717 b9526d1eec70bb42 deccba218157805d 399bc775d80d0542 c47dc08406f509c9 884c8a26f2ee3493 cafb39d5234a7aa6 2a3f846fc1e8519b 34d6862f0f78fa5a 32c37500b28c0e95 f4746031ffd1c004 8f4aba5edd02f96f 8f8f0804294ae660 a91ca664c20e2f5e 9f1128cd84036835 ad4e4e95386760c3 fa7590212ea030d2 b2a39907d66af4fa ed255bd1986b8ef c826e9c1dff1e79d 365cdc978947e5de a2ce9ecdfaca82c8 dabc6a65c52f3254 ce771832eaf5888e e5c00b57911946fc d6487950f145b700 dc3b3f8ec07c75bc d195bcb924bf9183 16054883c1fb4ae5 277c0a2a7de3609 cc9dc78cf2408811 343bd2f7d40d7d5b fbebb364e2a3100f d4e3982136b39399 ac110f4c8897af1 ab2c8b00091f6b18 3fd2feb186acc458 cf363f4980102321 892f8e39ca940fa5 d140d3fdfa62ca4a fa72ed6bc9028cea 93969c8f20771347 1ad9dd9103a27ba5 cca5088fe4d7708d 54e83d4954ccafc 98ef46a1e03ba51f c51315ac20286165 b5752c61e5944f31 c5cff450ca619980 ea89fae5ce647303 33f8c2340ae309fc d544a37c9fff2746 ee639a49f9c8b684 4abc0803fce9e61 dfcdc5a7a25c5c7d 9c251301d9f063fc 19bf025dce315ff1 f08dbc6ea0d0d381 fac1377df98cc804 c7be27f50cb2cf70 ad83a2f1948039da e0d01df384be464 c4feb3d42844da6f bcc51449d5cb29d4 8e170e38f28256c5 9ac73134cad21628 209d3ffdd315c20c c59818d2d78c457e a25e5ba6aeb44e35 1ca1042e05f4a06 b7eb8f84c2fb9ba3 f1afe9d9c7622914 a7c1731ada49eb2b 9d4586cef379fa1b 3adc232fdfad029f 39f6edca8ef570a7 826f6ac2e29d9649 c24a98e8d73c7498 e631e540bd4b8df1 1fe9243bfc4186b2 d37dfb4be8a15002 25ecddf4e233bd23 de7543d639afe08b a251308dc5d6022f a809bf5231f33f21 eba31facc83e0e81 8e1410b0867f0328 b87242498df45039 d6325ebb361dd003 bc9cd32ba41561f5 3209b22fe4466f6b 9a643f6ef50f1575 9924776a083c10ea ec828055d701129a cc10280fcb2e2999 d36a3a8306e6bfc4 dde7d25ee5349f79 3062c9133fecbad9 c6d37a9d29f7fa6d 8f2c99e683cd0396 c3b9be6f24bb4cfb ceb34768bf8f62f9 c35c66908a8d390c af488607dddfe14e 1d6f4448871624ff 11a35e0cfdfbcd6f dbdbaebee0cbaad8 e7e1cfd7c0ebe413 3ee7b183f94af306 da169ddef9852de3 3a7111f71ac36041 140e5347c1f86db5 3b7d9b99f958c37a 141c23bbee24f125 b01d5edaf5eead90 ef47710a282a7702 164f6827eb9afa73 e189a803036394c5 2b8e0bc7c66cc701 3207c175d0d1190d ] wstrb=[ee d2 78 ef 99 86 64 87 58 dd 77 f2 63 db 79 bb b8 f0 ad 1b cc 27 d7 84 17 84 a0 e3 ab 77 68 c3 fb 8 a6 a7 7f e 6a 7a 16 10 21 95 1f 8b 10 35 9c 31 cb bb bd db f0 59 c bb 14 c9 96 4 22 a3 c0 36 6c 56 3b 8f f9 fb c5 66 51 0 f5 4b fb ba b1 4d bb a6 98 b6 60 49 3 1b ef 9b d2 4f e4 d5 6b d3 71 3d 23 55 12 8e 29 83 cb 4c d9 dd da 2 61 a5 4e 3a 82 28 3c e3 cd 8a 1d 4f b2 59 33 7f e3 50 ce 95 aa 1 14 8d 52 e3 23 fc e4 37 89 36 1a ac 32 ff e4 bc 35 fe 68 68 fd 4c 24 33 4b 8c 9b 48 d9 bf 7b 24 4b 16 6c 24 d5 e8 ] bresp=0 bid=0
[15000] MASTER_DRIVER1 received transaction, op=AXI_READ
[15000] MASTER_DRIVER0 received transaction, op=AXI_WRITE
[35000] MASTER 0 AW_VALID_RDY Handshake
[35000] MASTER_DRIVER1 received transaction, op=AXI_WRITE
[45000] ARB MONITOR: slave=0 m0_req=1 m1_req=0 winner=0
[45000] ARB MONITOR: slave=0 m0_req=0 m1_req=1 winner=1
[45000] AXI S0_ARVALID_RDY HANDSHAKE
[45000] MEMORY READ MISS beat=0 addr=b18f140 -> default data id=16
[45000] AXI S0_AWVALID_RDY HANDSHAKE
[55000] MEMORY READ MISS beat=1 addr=b18f148 -> default data id=16
[55000] SLAVE 0 R_VALID_RDY Handshake beat=0 rlast=0
[55000] MASTER 1 AW_VALID_RDY Handshake
[55000] MASTER 0 W_VALID_RDY Handshake beat=0 wlast=0
[65000] MASTER 0 W_VALID_RDY Handshake beat=1 wlast=0
[65000] ARB MONITOR: slave=1 m0_req=0 m1_req=1 winner=1
[65000] SLAVE 0 R_VALID_RDY Handshake beat=1 rlast=1
[65000] [SLAVE MONITOR] READ mst_id=1 s_id=0 araddr=b18f140 arid=0 arlen=1 arsize=3 arburst=1 rid=[1010] rresp=[00] rdata=[baadf00d12345678baadf00d12345678]
[65000] AXI S1_AWVALID_RDY HANDSHAKE
[65000] AXI S0_WVALID_RDY HANDSHAKE
[65000] S0 MEMORY WRITE beat=0 addr=0de0edf8 data=90bbb92e1ae4a5c5 id=05
[75000] AXI S0_WVALID_RDY HANDSHAKE
[75000] S0 MEMORY WRITE beat=1 addr=0de0edfc data=f525e0a4e754f3a6 id=05
[75000] MASTER 1 R_VALID_RDY Handshake beat=0 rlast=0
[75000] MASTER 1 W_VALID_RDY Handshake beat=0 wlast=0
[75000] MASTER 0 W_VALID_RDY Handshake beat=2 wlast=0
[85000] [MASTER DRIVER] READ mst_id=1 s_id=0 araddr=b18f140 arid=0 arlen=1 arsize=3 arburst=1 rid=[00] rresp=[00] rdata=[baadf00d12345678baadf00d12345678]
[85000] MASTER 0 W_VALID_RDY Handshake beat=3 wlast=0
[85000] MASTER 1 W_VALID_RDY Handshake beat=1 wlast=0
[85000] MASTER 1 R_VALID_RDY Handshake beat=1 rlast=1
[85000] [MASTER MONITOR] READ mst_id=1 s_id=0 araddr=b18f140 arid=0 arlen=1 arsize=3 arburst=1 rid=[00] rresp=[00] rdata=[baadf00d12345678baadf00d12345678]
[85000] S1 MEMORY WRITE beat=0 addr=19a4a038 data=afa822ad3bc8a055 id=18
[85000] AXI S0_WVALID_RDY HANDSHAKE
[85000] S0 MEMORY WRITE beat=2 addr=0de0ee00 data=ec55933e28f5be0d id=05
[85000] SCOREBOARD MATCH: decode_err expected = 0, actual =0
[85000] SCOREBOARD MATCH: slave_id expected = 0, actual =0
[85000] SCOREBOARD MATCH: araddr passthrough expected = b18f140, actual =b18f140
[85000] SCOREBOARD MATCH: arlen passthrough expected = 1, actual =1
[85000] SCOREBOARD MATCH: arsize passthrough expected = 3, actual =3
[85000] SCOREBOARD MATCH: arburst passthrough expected = 1, actual =1
[85000] SCOREBOARD MATCH: rdata size check expected = 2, actual =2
[85000] SCOREBOARD MATCH: rdata passthrough beat=0 expected = baadf00d12345678, actual =baadf00d12345678
[85000] SCOREBOARD MATCH: rdata passthrough beat=1 expected = baadf00d12345678, actual =baadf00d12345678
[85000] SCOREBOARD MATCH: rresp size check expected = 2, actual =2
[85000] SCOREBOARD MATCH: rresp passthrough beat=0 expected = 0, actual =0
[85000] SCOREBOARD MATCH: rresp passthrough beat=1 expected = 0, actual =0
[85000] SCOREBOARD MATCH: response routed to correct master (read beat 0) expected = 1, actual =1
[85000] SCOREBOARD MATCH: response routed to correct master (read beat 1) expected = 1, actual =1
[85000] [SCOREBOARD-M] READ mst_id=1 s_id=0 araddr=b18f140 arid=0 arlen=1 arsize=3 arburst=1 rid=[00] rresp=[00] rdata=[baadf00d12345678baadf00d12345678]
[85000] [SCOREBOARD-S] READ mst_id=1 s_id=0 araddr=b18f140 arid=0 arlen=1 arsize=3 arburst=1 rid=[1010] rresp=[00] rdata=[baadf00d12345678baadf00d12345678]
[85000] SCOREBOARD: Transaction 1 received. pass=14 fail=0
[85000] ALL PASS. Total transactions: 1
[95000] AXI S0_WVALID_RDY HANDSHAKE
[95000] S0 MEMORY WRITE beat=3 addr=0de0ee04 data=c3da63d2a112e907 id=05
[95000] S1 MEMORY WRITE beat=1 addr=19a4a0b8 data=e395be4fd1d8dca8 id=18
[95000] MASTER 1 W_VALID_RDY Handshake beat=2 wlast=0
[95000] MASTER 0 W_VALID_RDY Handshake beat=4 wlast=0
[105000] MASTER 0 W_VALID_RDY Handshake beat=5 wlast=0
[105000] MASTER 1 W_VALID_RDY Handshake beat=3 wlast=0
[105000] S1 MEMORY WRITE beat=2 addr=19a4a138 data=3b076b1ac1a21bcc id=18
[105000] AXI S0_WVALID_RDY HANDSHAKE
[105000] S0 MEMORY WRITE beat=4 addr=0de0ee08 data=8867dcadfd114c6c id=05
[115000] AXI S0_WVALID_RDY HANDSHAKE
[115000] S0 MEMORY WRITE beat=5 addr=0de0ee0c data=a6070a79b9004476 id=05
[115000] S1 MEMORY WRITE beat=3 addr=19a4a1b8 data=fd6abc21c0ce719c id=18
[115000] MASTER 1 W_VALID_RDY Handshake beat=4 wlast=0
[115000] MASTER 0 W_VALID_RDY Handshake beat=6 wlast=0
[125000] MASTER 0 W_VALID_RDY Handshake beat=7 wlast=0
[125000] MASTER 1 W_VALID_RDY Handshake beat=5 wlast=0
[125000] S1 MEMORY WRITE beat=4 addr=19a4a238 data=12a74e45eaaf8dc7 id=18
[125000] AXI S0_WVALID_RDY HANDSHAKE
[125000] S0 MEMORY WRITE beat=6 addr=0de0ee10 data=da132d7ef4bd6feb id=05
[135000] AXI S0_WVALID_RDY HANDSHAKE
[135000] S0 MEMORY WRITE beat=7 addr=0de0ee14 data=f1cebc58e9e16e4b id=05
[135000] S1 MEMORY WRITE beat=5 addr=19a4a2b8 data=ac51a993e1007a70 id=18
[135000] MASTER 1 W_VALID_RDY Handshake beat=6 wlast=0
[135000] MASTER 0 W_VALID_RDY Handshake beat=8 wlast=0
[145000] MASTER 0 W_VALID_RDY Handshake beat=9 wlast=0
[145000] MASTER 1 W_VALID_RDY Handshake beat=7 wlast=0
[145000] S1 MEMORY WRITE beat=6 addr=19a4a338 data=a1ceec0ccdaeb95f id=18
[145000] AXI S0_WVALID_RDY HANDSHAKE
[145000] S0 MEMORY WRITE beat=8 addr=0de0ee18 data=22e1b2c2e27b0a2b id=05
[155000] AXI S0_WVALID_RDY HANDSHAKE
[155000] S0 MEMORY WRITE beat=9 addr=0de0ee1c data=d7387a1797d5c6d1 id=05
[155000] S1 MEMORY WRITE beat=7 addr=19a4a3b8 data=b85e4726a9bc65b4 id=18
[155000] MASTER 1 W_VALID_RDY Handshake beat=8 wlast=0
[155000] MASTER 0 W_VALID_RDY Handshake beat=10 wlast=1
[165000] MASTER 1 W_VALID_RDY Handshake beat=9 wlast=0
[165000] S1 MEMORY WRITE beat=8 addr=19a4a438 data=8abce024b4763a51 id=18
[165000] AXI S0_WVALID_RDY HANDSHAKE
[165000] S0 MEMORY WRITE beat=10 addr=0de0edf4 data=01b7351dfcf4e040 id=05
[175000] SLAVE0 sent B resp, id=5
[175000] S1 MEMORY WRITE beat=9 addr=19a4a4b8 data=8224f3b0e4aff0ba id=18
[175000] [SLAVE MONITOR] mst_id=0 s_id=0 awaddr=de0edf8 awid=101 awlen=10 awsize=2 awburst=2 wdata=[90bbb92e1ae4a5c5 f525e0a4e754f3a6 ec55933e28f5be0d c3da63d2a112e907 8867dcadfd114c6c a6070a79b9004476 da132d7ef4bd6feb f1cebc58e9e16e4b 22e1b2c2e27b0a2b d7387a1797d5c6d1 1b7351dfcf4e040 ] wstrb=[6f 6b df 40 82 1f 5d f1 8a 3c 32 ] bresp=0 bid=101
[175000] MASTER 1 W_VALID_RDY Handshake beat=10 wlast=0
[185000] MASTER 1 W_VALID_RDY Handshake beat=11 wlast=0
[185000] S1 MEMORY WRITE beat=10 addr=19a4a538 data=8e6c566e2c8bcc31 id=18
[195000] S1 MEMORY WRITE beat=11 addr=19a4a5b8 data=e10206823a833ad7 id=18
[195000] MASTER 1 W_VALID_RDY Handshake beat=12 wlast=0
[195000] MASTER 0 B_VALID_RDY Handshake
[195000] [MASTER MONITOR] mst_id=0 s_id=0 awaddr=de0edf8 awid=101 awlen=10 awsize=2 awburst=2 wdata=[90bbb92e1ae4a5c5 f525e0a4e754f3a6 ec55933e28f5be0d c3da63d2a112e907 8867dcadfd114c6c a6070a79b9004476 da132d7ef4bd6feb f1cebc58e9e16e4b 22e1b2c2e27b0a2b d7387a1797d5c6d1 1b7351dfcf4e040 ] wstrb=[6f 6b df 40 82 1f 5d f1 8a 3c 32 ] bresp=0 bid=101
[195000] MASTER 0 RECEIVED BRESP. BRESP=0
[195000] [MASTER DRIVER] mst_id=0 s_id=0 awaddr=de0edf8 awid=101 awlen=10 awsize=2 awburst=2 wdata=[90bbb92e1ae4a5c5 f525e0a4e754f3a6 ec55933e28f5be0d c3da63d2a112e907 8867dcadfd114c6c a6070a79b9004476 da132d7ef4bd6feb f1cebc58e9e16e4b 22e1b2c2e27b0a2b d7387a1797d5c6d1 1b7351dfcf4e040 ] wstrb=[6f 6b df 40 82 1f 5d f1 8a 3c 32 ] bresp=0 bid=101
[195000] SCOREBOARD MATCH: decode_err expected = 0, actual =0
[195000] SCOREBOARD MATCH: slave_id expected = 0, actual =0
[195000] SCOREBOARD MATCH: awaddr passthrough expected = de0edf8, actual =de0edf8
[195000] SCOREBOARD MATCH: awlen passthrough expected = 10, actual =10
[195000] SCOREBOARD MATCH: awsize passthrough expected = 2, actual =2
[195000] SCOREBOARD MATCH: awburst passthrough expected = 2, actual =2
[195000] SCOREBOARD MATCH: wdata size check expected = b, actual =b
[195000] SCOREBOARD MATCH: wdata passthrough beat=0 expected = 90bbb92e1ae4a5c5, actual =90bbb92e1ae4a5c5
[195000] SCOREBOARD MATCH: wdata passthrough beat=1 expected = f525e0a4e754f3a6, actual =f525e0a4e754f3a6
[195000] SCOREBOARD MATCH: wdata passthrough beat=2 expected = ec55933e28f5be0d, actual =ec55933e28f5be0d
[195000] SCOREBOARD MATCH: wdata passthrough beat=3 expected = c3da63d2a112e907, actual =c3da63d2a112e907
[195000] SCOREBOARD MATCH: wdata passthrough beat=4 expected = 8867dcadfd114c6c, actual =8867dcadfd114c6c
[195000] SCOREBOARD MATCH: wdata passthrough beat=5 expected = a6070a79b9004476, actual =a6070a79b9004476
[195000] SCOREBOARD MATCH: wdata passthrough beat=6 expected = da132d7ef4bd6feb, actual =da132d7ef4bd6feb
[195000] SCOREBOARD MATCH: wdata passthrough beat=7 expected = f1cebc58e9e16e4b, actual =f1cebc58e9e16e4b
[195000] SCOREBOARD MATCH: wdata passthrough beat=8 expected = 22e1b2c2e27b0a2b, actual =22e1b2c2e27b0a2b
[195000] SCOREBOARD MATCH: wdata passthrough beat=9 expected = d7387a1797d5c6d1, actual =d7387a1797d5c6d1
[195000] SCOREBOARD MATCH: wdata passthrough beat=10 expected = 1b7351dfcf4e040, actual =1b7351dfcf4e040
[195000] SCOREBOARD MATCH: wstrb size check expected = b, actual =b
[195000] SCOREBOARD MATCH: wstrb passthrough beat=0 expected = 6f, actual =6f
[195000] SCOREBOARD MATCH: wstrb passthrough beat=1 expected = 6b, actual =6b
[195000] SCOREBOARD MATCH: wstrb passthrough beat=2 expected = df, actual =df
[195000] SCOREBOARD MATCH: wstrb passthrough beat=3 expected = 40, actual =40
[195000] SCOREBOARD MATCH: wstrb passthrough beat=4 expected = 82, actual =82
[195000] SCOREBOARD MATCH: wstrb passthrough beat=5 expected = 1f, actual =1f
[195000] SCOREBOARD MATCH: wstrb passthrough beat=6 expected = 5d, actual =5d
[195000] SCOREBOARD MATCH: wstrb passthrough beat=7 expected = f1, actual =f1
[195000] SCOREBOARD MATCH: wstrb passthrough beat=8 expected = 8a, actual =8a
[195000] SCOREBOARD MATCH: wstrb passthrough beat=9 expected = 3c, actual =3c
[195000] SCOREBOARD MATCH: wstrb passthrough beat=10 expected = 32, actual =32
[195000] SCOREBOARD MATCH: bresp passthrough expected = 0, actual =0
[195000] SCOREBOARD MATCH: response routed to correct master (write) expected = 0, actual =0
[195000] [SCOREBOARD-M] mst_id=0 s_id=0 awaddr=de0edf8 awid=101 awlen=10 awsize=2 awburst=2 wdata=[90bbb92e1ae4a5c5 f525e0a4e754f3a6 ec55933e28f5be0d c3da63d2a112e907 8867dcadfd114c6c a6070a79b9004476 da132d7ef4bd6feb f1cebc58e9e16e4b 22e1b2c2e27b0a2b d7387a1797d5c6d1 1b7351dfcf4e040 ] wstrb=[6f 6b df 40 82 1f 5d f1 8a 3c 32 ] bresp=0 bid=101
[195000] [SCOREBOARD-S] mst_id=0 s_id=0 awaddr=de0edf8 awid=101 awlen=10 awsize=2 awburst=2 wdata=[90bbb92e1ae4a5c5 f525e0a4e754f3a6 ec55933e28f5be0d c3da63d2a112e907 8867dcadfd114c6c a6070a79b9004476 da132d7ef4bd6feb f1cebc58e9e16e4b 22e1b2c2e27b0a2b d7387a1797d5c6d1 1b7351dfcf4e040 ] wstrb=[6f 6b df 40 82 1f 5d f1 8a 3c 32 ] bresp=0 bid=101
[195000] SCOREBOARD: Transaction 2 received. pass=46 fail=0
[195000] ALL PASS. Total transactions: 2
[205000] MASTER 1 W_VALID_RDY Handshake beat=13 wlast=0
[205000] S1 MEMORY WRITE beat=12 addr=19a4a638 data=1f332b9119293693 id=18
[215000] S1 MEMORY WRITE beat=13 addr=19a4a6b8 data=c5b502c4e326fa33 id=18
[215000] MASTER 1 W_VALID_RDY Handshake beat=14 wlast=0
[225000] MASTER 1 W_VALID_RDY Handshake beat=15 wlast=0
[225000] S1 MEMORY WRITE beat=14 addr=19a4a738 data=1daa350aad9f81ff id=18
[235000] S1 MEMORY WRITE beat=15 addr=19a4a7b8 data=c6c8b892a6b70946 id=18
[235000] MASTER 1 W_VALID_RDY Handshake beat=16 wlast=0
[245000] MASTER 1 W_VALID_RDY Handshake beat=17 wlast=0
[245000] S1 MEMORY WRITE beat=16 addr=19a4a838 data=89de03793cdd609b id=18
[255000] S1 MEMORY WRITE beat=17 addr=19a4a8b8 data=ea7ce29a8c7dbb56 id=18
[255000] MASTER 1 W_VALID_RDY Handshake beat=18 wlast=0
[265000] MASTER 1 W_VALID_RDY Handshake beat=19 wlast=0
[265000] S1 MEMORY WRITE beat=18 addr=19a4a938 data=3334c49da7883883 id=18
[275000] S1 MEMORY WRITE beat=19 addr=19a4a9b8 data=e465991e31459b2d id=18
[275000] MASTER 1 W_VALID_RDY Handshake beat=20 wlast=0
[285000] MASTER 1 W_VALID_RDY Handshake beat=21 wlast=0
[285000] S1 MEMORY WRITE beat=20 addr=19a4aa38 data=bdc35683bd12c816 id=18
[295000] S1 MEMORY WRITE beat=21 addr=19a4aab8 data=e49b009acee27bb9 id=18
[295000] MASTER 1 W_VALID_RDY Handshake beat=22 wlast=0
[305000] MASTER 1 W_VALID_RDY Handshake beat=23 wlast=0
[305000] S1 MEMORY WRITE beat=22 addr=19a4ab38 data=002816e6f0f81b20 id=18
[315000] S1 MEMORY WRITE beat=23 addr=19a4abb8 data=2e0ae337c90099b8 id=18
[315000] MASTER 1 W_VALID_RDY Handshake beat=24 wlast=0
[325000] MASTER 1 W_VALID_RDY Handshake beat=25 wlast=0
[325000] S1 MEMORY WRITE beat=24 addr=19a4ac38 data=97e31571bdeb6d69 id=18
[335000] S1 MEMORY WRITE beat=25 addr=19a4acb8 data=2ee3888a12a5e3d1 id=18
[335000] MASTER 1 W_VALID_RDY Handshake beat=26 wlast=0
[345000] MASTER 1 W_VALID_RDY Handshake beat=27 wlast=0
[345000] S1 MEMORY WRITE beat=26 addr=19a4ad38 data=dba67d89980b2c57 id=18
[355000] S1 MEMORY WRITE beat=27 addr=19a4adb8 data=d5f699c1dcee6bc1 id=18
[355000] MASTER 1 W_VALID_RDY Handshake beat=28 wlast=0
[365000] MASTER 1 W_VALID_RDY Handshake beat=29 wlast=0
[365000] S1 MEMORY WRITE beat=28 addr=19a4ae38 data=ef944f92f38992fb id=18
[375000] S1 MEMORY WRITE beat=29 addr=19a4aeb8 data=8b94bf5204da224b id=18
[375000] MASTER 1 W_VALID_RDY Handshake beat=30 wlast=0
[385000] MASTER 1 W_VALID_RDY Handshake beat=31 wlast=0
[385000] S1 MEMORY WRITE beat=30 addr=19a4af38 data=e1c88e0ccb3acd1b id=18
[395000] S1 MEMORY WRITE beat=31 addr=19a4afb8 data=bec46016e18b5913 id=18
[395000] MASTER 1 W_VALID_RDY Handshake beat=32 wlast=0
[405000] MASTER 1 W_VALID_RDY Handshake beat=33 wlast=0
[405000] S1 MEMORY WRITE beat=32 addr=19a4b038 data=e6657b5ed15cdd9e id=18
[415000] S1 MEMORY WRITE beat=33 addr=19a4b0b8 data=9c97aab9ca591f69 id=18
[415000] MASTER 1 W_VALID_RDY Handshake beat=34 wlast=0
[425000] MASTER 1 W_VALID_RDY Handshake beat=35 wlast=0
[425000] S1 MEMORY WRITE beat=34 addr=19a4b138 data=abe4787cc82e096a id=18
[435000] S1 MEMORY WRITE beat=35 addr=19a4b1b8 data=998ae708db5c0ad0 id=18
[435000] MASTER 1 W_VALID_RDY Handshake beat=36 wlast=0
[445000] MASTER 1 W_VALID_RDY Handshake beat=37 wlast=0
[445000] S1 MEMORY WRITE beat=36 addr=19a4b238 data=25b52a391249f3db id=18
[455000] S1 MEMORY WRITE beat=37 addr=19a4b2b8 data=da77fd45362291c2 id=18
[455000] MASTER 1 W_VALID_RDY Handshake beat=38 wlast=0
[465000] MASTER 1 W_VALID_RDY Handshake beat=39 wlast=0
[465000] S1 MEMORY WRITE beat=38 addr=19a4b338 data=117e9c92d199a2b5 id=18
[475000] S1 MEMORY WRITE beat=39 addr=19a4b3b8 data=e3e39690f402e44e id=18
[475000] MASTER 1 W_VALID_RDY Handshake beat=40 wlast=0
[485000] MASTER 1 W_VALID_RDY Handshake beat=41 wlast=0
[485000] S1 MEMORY WRITE beat=40 addr=19a4b438 data=2a2576103733c6cb id=18
[495000] S1 MEMORY WRITE beat=41 addr=19a4b4b8 data=88cd69803e5b93d6 id=18
[495000] MASTER 1 W_VALID_RDY Handshake beat=42 wlast=0
[505000] MASTER 1 W_VALID_RDY Handshake beat=43 wlast=0
[505000] S1 MEMORY WRITE beat=42 addr=19a4b538 data=325e78243ba412a2 id=18
[515000] S1 MEMORY WRITE beat=43 addr=19a4b5b8 data=f2d7d96decb10011 id=18
[515000] MASTER 1 W_VALID_RDY Handshake beat=44 wlast=0
[525000] MASTER 1 W_VALID_RDY Handshake beat=45 wlast=0
[525000] S1 MEMORY WRITE beat=44 addr=19a4b638 data=2b0c93e7dc83ee34 id=18
[535000] S1 MEMORY WRITE beat=45 addr=19a4b6b8 data=182800d6fba542ed id=18
[535000] MASTER 1 W_VALID_RDY Handshake beat=46 wlast=0
[545000] MASTER 1 W_VALID_RDY Handshake beat=47 wlast=0
[545000] S1 MEMORY WRITE beat=46 addr=19a4b738 data=e85642fedd6b0c0b id=18
[555000] S1 MEMORY WRITE beat=47 addr=19a4b7b8 data=39eefa3f0affda43 id=18
[555000] MASTER 1 W_VALID_RDY Handshake beat=48 wlast=0
[565000] MASTER 1 W_VALID_RDY Handshake beat=49 wlast=0
[565000] S1 MEMORY WRITE beat=48 addr=19a4b838 data=86a51d309362d6e5 id=18
[575000] S1 MEMORY WRITE beat=49 addr=19a4b8b8 data=f0cde2f0d216fb15 id=18
[575000] MASTER 1 W_VALID_RDY Handshake beat=50 wlast=0
[585000] MASTER 1 W_VALID_RDY Handshake beat=51 wlast=0
[585000] S1 MEMORY WRITE beat=50 addr=19a4b938 data=dd16d558eefb602f id=18
[595000] S1 MEMORY WRITE beat=51 addr=19a4b9b8 data=825e3714aabcdd2f id=18
[595000] MASTER 1 W_VALID_RDY Handshake beat=52 wlast=0
[605000] MASTER 1 W_VALID_RDY Handshake beat=53 wlast=0
[605000] S1 MEMORY WRITE beat=52 addr=19a4ba38 data=fcd3d844e3bbf288 id=18
[615000] S1 MEMORY WRITE beat=53 addr=19a4bab8 data=d2b752b7f32c1a05 id=18
[615000] MASTER 1 W_VALID_RDY Handshake beat=54 wlast=0
[625000] MASTER 1 W_VALID_RDY Handshake beat=55 wlast=0
[625000] S1 MEMORY WRITE beat=54 addr=19a4bb38 data=9de8f734d9eaad9c id=18
[635000] S1 MEMORY WRITE beat=55 addr=19a4bbb8 data=3da6a025d51589cc id=18
[635000] MASTER 1 W_VALID_RDY Handshake beat=56 wlast=0
[645000] MASTER 1 W_VALID_RDY Handshake beat=57 wlast=0
[645000] S1 MEMORY WRITE beat=56 addr=19a4bc38 data=c841a3d11abccf79 id=18
[655000] S1 MEMORY WRITE beat=57 addr=19a4bcb8 data=f4a77d15905df2dc id=18
[655000] MASTER 1 W_VALID_RDY Handshake beat=58 wlast=0
[665000] MASTER 1 W_VALID_RDY Handshake beat=59 wlast=0
[665000] S1 MEMORY WRITE beat=58 addr=19a4bd38 data=e5737ca8e62a9b05 id=18
[675000] S1 MEMORY WRITE beat=59 addr=19a4bdb8 data=80e76a7eb24e1d3a id=18
[675000] MASTER 1 W_VALID_RDY Handshake beat=60 wlast=0
[685000] MASTER 1 W_VALID_RDY Handshake beat=61 wlast=0
[685000] S1 MEMORY WRITE beat=60 addr=19a4be38 data=c2ac1017adb52079 id=18
[695000] S1 MEMORY WRITE beat=61 addr=19a4beb8 data=13dfbb7ff58ee794 id=18
[695000] MASTER 1 W_VALID_RDY Handshake beat=62 wlast=0
[705000] MASTER 1 W_VALID_RDY Handshake beat=63 wlast=0
[705000] S1 MEMORY WRITE beat=62 addr=19a4bf38 data=a7dd04cea81f8cbf id=18
[715000] S1 MEMORY WRITE beat=63 addr=19a4bfb8 data=d5d4ad3994c725fd id=18
[715000] MASTER 1 W_VALID_RDY Handshake beat=64 wlast=0
[725000] MASTER 1 W_VALID_RDY Handshake beat=65 wlast=0
[725000] S1 MEMORY WRITE beat=64 addr=19a4c038 data=8a560d91ea8914e5 id=18
[735000] S1 MEMORY WRITE beat=65 addr=19a4c0b8 data=12a8a1a5e9b468b8 id=18
[735000] MASTER 1 W_VALID_RDY Handshake beat=66 wlast=0
[745000] MASTER 1 W_VALID_RDY Handshake beat=67 wlast=0
[745000] S1 MEMORY WRITE beat=66 addr=19a4c138 data=fe7b8eb532331260 id=18
[755000] S1 MEMORY WRITE beat=67 addr=19a4c1b8 data=9cbc2745e87d4ede id=18
[755000] MASTER 1 W_VALID_RDY Handshake beat=68 wlast=0
[765000] MASTER 1 W_VALID_RDY Handshake beat=69 wlast=0
[765000] S1 MEMORY WRITE beat=68 addr=19a4c238 data=d231b79608d19c47 id=18
[775000] S1 MEMORY WRITE beat=69 addr=19a4c2b8 data=3b04aea7af64c8ea id=18
[775000] MASTER 1 W_VALID_RDY Handshake beat=70 wlast=0
[785000] MASTER 1 W_VALID_RDY Handshake beat=71 wlast=0
[785000] S1 MEMORY WRITE beat=70 addr=19a4c338 data=97e217c8d0ad464b id=18
[795000] S1 MEMORY WRITE beat=71 addr=19a4c3b8 data=d97ee292d7c0d5ec id=18
[795000] MASTER 1 W_VALID_RDY Handshake beat=72 wlast=0
[805000] MASTER 1 W_VALID_RDY Handshake beat=73 wlast=0
[805000] S1 MEMORY WRITE beat=72 addr=19a4c438 data=07259ed7ea13cf5e id=18
[815000] S1 MEMORY WRITE beat=73 addr=19a4c4b8 data=3ac115aa94839139 id=18
[815000] MASTER 1 W_VALID_RDY Handshake beat=74 wlast=0
[825000] MASTER 1 W_VALID_RDY Handshake beat=75 wlast=0
[825000] S1 MEMORY WRITE beat=74 addr=19a4c538 data=ec4467269f07b69f id=18
[835000] S1 MEMORY WRITE beat=75 addr=19a4c5b8 data=091b85fe943ff83c id=18
[835000] MASTER 1 W_VALID_RDY Handshake beat=76 wlast=0
[845000] MASTER 1 W_VALID_RDY Handshake beat=77 wlast=0
[845000] S1 MEMORY WRITE beat=76 addr=19a4c638 data=28c38976f36a05fd id=18
[855000] S1 MEMORY WRITE beat=77 addr=19a4c6b8 data=9271bc9cc3dc9ba8 id=18
[855000] MASTER 1 W_VALID_RDY Handshake beat=78 wlast=0
[865000] MASTER 1 W_VALID_RDY Handshake beat=79 wlast=0
[865000] S1 MEMORY WRITE beat=78 addr=19a4c738 data=d81c93e41507f09c id=18
[875000] S1 MEMORY WRITE beat=79 addr=19a4c7b8 data=0871f6999b8d429a id=18
[875000] MASTER 1 W_VALID_RDY Handshake beat=80 wlast=0
[885000] MASTER 1 W_VALID_RDY Handshake beat=81 wlast=0
[885000] S1 MEMORY WRITE beat=80 addr=19a4c838 data=df69de4280e01d5a id=18
[895000] S1 MEMORY WRITE beat=81 addr=19a4c8b8 data=95e80df69ae3b335 id=18
[895000] MASTER 1 W_VALID_RDY Handshake beat=82 wlast=0
[905000] MASTER 1 W_VALID_RDY Handshake beat=83 wlast=0
[905000] S1 MEMORY WRITE beat=82 addr=19a4c938 data=3670f5d037867227 id=18
[915000] S1 MEMORY WRITE beat=83 addr=19a4c9b8 data=b8668f819e5a048f id=18
[915000] MASTER 1 W_VALID_RDY Handshake beat=84 wlast=0
[925000] MASTER 1 W_VALID_RDY Handshake beat=85 wlast=0
[925000] S1 MEMORY WRITE beat=84 addr=19a4ca38 data=393db7c595dad412 id=18
[935000] S1 MEMORY WRITE beat=85 addr=19a4cab8 data=cd614639ce4e9d78 id=18
[935000] MASTER 1 W_VALID_RDY Handshake beat=86 wlast=0
[945000] MASTER 1 W_VALID_RDY Handshake beat=87 wlast=0
[945000] S1 MEMORY WRITE beat=86 addr=19a4cb38 data=eca8a207efaead95 id=18
[955000] S1 MEMORY WRITE beat=87 addr=19a4cbb8 data=858981a705c7d5bb id=18
[955000] MASTER 1 W_VALID_RDY Handshake beat=88 wlast=0
[965000] MASTER 1 W_VALID_RDY Handshake beat=89 wlast=0
[965000] S1 MEMORY WRITE beat=88 addr=19a4cc38 data=d4167333a5e659cc id=18
[975000] S1 MEMORY WRITE beat=89 addr=19a4ccb8 data=95950761d2eac7e1 id=18
[975000] MASTER 1 W_VALID_RDY Handshake beat=90 wlast=0
[985000] MASTER 1 W_VALID_RDY Handshake beat=91 wlast=0
[985000] S1 MEMORY WRITE beat=90 addr=19a4cd38 data=d8b29d9cc0bf153a id=18
[995000] S1 MEMORY WRITE beat=91 addr=19a4cdb8 data=e6a56f071b1e8909 id=18
[995000] MASTER 1 W_VALID_RDY Handshake beat=92 wlast=0
[1005000] MASTER 1 W_VALID_RDY Handshake beat=93 wlast=0
[1005000] S1 MEMORY WRITE beat=92 addr=19a4ce38 data=ee0950ea2cc910cf id=18
[1015000] S1 MEMORY WRITE beat=93 addr=19a4ceb8 data=ed882609fc3a7668 id=18
[1015000] MASTER 1 W_VALID_RDY Handshake beat=94 wlast=0
[1025000] MASTER 1 W_VALID_RDY Handshake beat=95 wlast=0
[1025000] S1 MEMORY WRITE beat=94 addr=19a4cf38 data=9758ff71c6bbee86 id=18
[1035000] S1 MEMORY WRITE beat=95 addr=19a4cfb8 data=f384ff55d42d9510 id=18
[1035000] MASTER 1 W_VALID_RDY Handshake beat=96 wlast=0
[1045000] MASTER 1 W_VALID_RDY Handshake beat=97 wlast=0
[1045000] S1 MEMORY WRITE beat=96 addr=19a4d038 data=d0680b798562505b id=18
[1055000] S1 MEMORY WRITE beat=97 addr=19a4d0b8 data=cc1e3ee1e10d255e id=18
[1055000] MASTER 1 W_VALID_RDY Handshake beat=98 wlast=0
[1065000] MASTER 1 W_VALID_RDY Handshake beat=99 wlast=0
[1065000] S1 MEMORY WRITE beat=98 addr=19a4d138 data=353aba6fe7c10aea id=18
[1075000] S1 MEMORY WRITE beat=99 addr=19a4d1b8 data=ed235b46bfa33e36 id=18
[1075000] MASTER 1 W_VALID_RDY Handshake beat=100 wlast=0
[1085000] MASTER 1 W_VALID_RDY Handshake beat=101 wlast=0
[1085000] S1 MEMORY WRITE beat=100 addr=19a4d238 data=20b0639505a2c5e8 id=18
[1095000] S1 MEMORY WRITE beat=101 addr=19a4d2b8 data=ed63d0d2b9419a27 id=18
[1095000] MASTER 1 W_VALID_RDY Handshake beat=102 wlast=0
[1105000] MASTER 1 W_VALID_RDY Handshake beat=103 wlast=0
[1105000] S1 MEMORY WRITE beat=102 addr=19a4d338 data=f8e4d85ed5eb1e04 id=18
[1115000] S1 MEMORY WRITE beat=103 addr=19a4d3b8 data=db8de3ecda872c18 id=18
[1115000] MASTER 1 W_VALID_RDY Handshake beat=104 wlast=0
[1125000] MASTER 1 W_VALID_RDY Handshake beat=105 wlast=0
[1125000] S1 MEMORY WRITE beat=104 addr=19a4d438 data=13c8c64019953bf3 id=18
[1135000] S1 MEMORY WRITE beat=105 addr=19a4d4b8 data=ef8059f7c8f1b4be id=18
[1135000] MASTER 1 W_VALID_RDY Handshake beat=106 wlast=0
[1145000] MASTER 1 W_VALID_RDY Handshake beat=107 wlast=0
[1145000] S1 MEMORY WRITE beat=106 addr=19a4d538 data=2378e0d70cad9e9e id=18
[1155000] S1 MEMORY WRITE beat=107 addr=19a4d5b8 data=2642da91cb0e3de3 id=18
[1155000] MASTER 1 W_VALID_RDY Handshake beat=108 wlast=0
[1165000] MASTER 1 W_VALID_RDY Handshake beat=109 wlast=0
[1165000] S1 MEMORY WRITE beat=108 addr=19a4d638 data=93fff2a13741a717 id=18
[1175000] S1 MEMORY WRITE beat=109 addr=19a4d6b8 data=c3ef45b515c33488 id=18
[1175000] MASTER 1 W_VALID_RDY Handshake beat=110 wlast=0
[1185000] MASTER 1 W_VALID_RDY Handshake beat=111 wlast=0
[1185000] S1 MEMORY WRITE beat=110 addr=19a4d738 data=e0d1726bb778d378 id=18
[1195000] S1 MEMORY WRITE beat=111 addr=19a4d7b8 data=eeba7a8fea322046 id=18
[1195000] MASTER 1 W_VALID_RDY Handshake beat=112 wlast=0
[1205000] MASTER_DRIVER1 received transaction, op=AXI_READ
[1205000] MASTER 1 W_VALID_RDY Handshake beat=113 wlast=1
[1205000] S1 MEMORY WRITE beat=112 addr=19a4d838 data=fff554cef4d1650c id=18
[1215000] S1 MEMORY WRITE beat=113 addr=19a4d8b8 data=2c4a3885b2a9c044 id=18
[1225000] MASTER_DRIVER1 received transaction, op=AXI_WRITE
[1225000] SLAVE1 sent B resp, id=8
[1235000] AXI S0_ARVALID_RDY HANDSHAKE
[1235000] MEMORY READ MISS beat=0 addr=a3c7820 -> default data id=18
[1235000] [SLAVE MONITOR] mst_id=1 s_id=1 awaddr=19a4a038 awid=1000 awlen=113 awsize=7 awburst=1 wdata=[afa822ad3bc8a055 e395be4fd1d8dca8 3b076b1ac1a21bcc fd6abc21c0ce719c 12a74e45eaaf8dc7 ac51a993e1007a70 a1ceec0ccdaeb95f b85e4726a9bc65b4 8abce024b4763a51 8224f3b0e4aff0ba 8e6c566e2c8bcc31 e10206823a833ad7 1f332b9119293693 c5b502c4e326fa33 1daa350aad9f81ff c6c8b892a6b70946 89de03793cdd609b ea7ce29a8c7dbb56 3334c49da7883883 e465991e31459b2d bdc35683bd12c816 e49b009acee27bb9 2816e6f0f81b20 2e0ae337c90099b8 97e31571bdeb6d69 2ee3888a12a5e3d1 dba67d89980b2c57 d5f699c1dcee6bc1 ef944f92f38992fb 8b94bf5204da224b e1c88e0ccb3acd1b bec46016e18b5913 e6657b5ed15cdd9e 9c97aab9ca591f69 abe4787cc82e096a 998ae708db5c0ad0 25b52a391249f3db da77fd45362291c2 117e9c92d199a2b5 e3e39690f402e44e 2a2576103733c6cb 88cd69803e5b93d6 325e78243ba412a2 f2d7d96decb10011 2b0c93e7dc83ee34 182800d6fba542ed e85642fedd6b0c0b 39eefa3f0affda43 86a51d309362d6e5 f0cde2f0d216fb15 dd16d558eefb602f 825e3714aabcdd2f fcd3d844e3bbf288 d2b752b7f32c1a05 9de8f734d9eaad9c 3da6a025d51589cc c841a3d11abccf79 f4a77d15905df2dc e5737ca8e62a9b05 80e76a7eb24e1d3a c2ac1017adb52079 13dfbb7ff58ee794 a7dd04cea81f8cbf d5d4ad3994c725fd 8a560d91ea8914e5 12a8a1a5e9b468b8 fe7b8eb532331260 9cbc2745e87d4ede d231b79608d19c47 3b04aea7af64c8ea 97e217c8d0ad464b d97ee292d7c0d5ec 7259ed7ea13cf5e 3ac115aa94839139 ec4467269f07b69f 91b85fe943ff83c 28c38976f36a05fd 9271bc9cc3dc9ba8 d81c93e41507f09c 871f6999b8d429a df69de4280e01d5a 95e80df69ae3b335 3670f5d037867227 b8668f819e5a048f 393db7c595dad412 cd614639ce4e9d78 eca8a207efaead95 858981a705c7d5bb d4167333a5e659cc 95950761d2eac7e1 d8b29d9cc0bf153a e6a56f071b1e8909 ee0950ea2cc910cf ed882609fc3a7668 9758ff71c6bbee86 f384ff55d42d9510 d0680b798562505b cc1e3ee1e10d255e 353aba6fe7c10aea ed235b46bfa33e36 20b0639505a2c5e8 ed63d0d2b9419a27 f8e4d85ed5eb1e04 db8de3ecda872c18 13c8c64019953bf3 ef8059f7c8f1b4be 2378e0d70cad9e9e 2642da91cb0e3de3 93fff2a13741a717 c3ef45b515c33488 e0d1726bb778d378 eeba7a8fea322046 fff554cef4d1650c 2c4a3885b2a9c044 ] wstrb=[39 8a 14 45 58 59 ca 91 e3 df d7 3c 38 a1 cd 1b 80 a4 57 b8 46 25 d4 c6 c9 2b 7f f 50 53 d6 1a 7e 55 29 cf a8 ff e9 26 54 12 f5 fc 12 de 23 66 f1 18 63 3 f7 86 69 e8 9e cc eb 95 52 54 7d f1 21 68 86 73 bd 4 64 de 6c eb 51 29 ef b6 7 5b a1 59 85 90 f 8c eb b0 e5 70 40 f4 fd 2b a4 e2 9c e4 d7 99 10 7b 7b ac 60 52 45 70 ce c0 1c 2e 13 61 ] bresp=0 bid=11000
[1235000] ARB MONITOR: slave=0 m0_req=0 m1_req=1 winner=1
[1245000] MASTER 1 RECEIVED BRESP. BRESP=0
[1245000] [MASTER DRIVER] mst_id=1 s_id=0 awaddr=19a4a038 awid=1000 awlen=113 awsize=7 awburst=1 wdata=[afa822ad3bc8a055 e395be4fd1d8dca8 3b076b1ac1a21bcc fd6abc21c0ce719c 12a74e45eaaf8dc7 ac51a993e1007a70 a1ceec0ccdaeb95f b85e4726a9bc65b4 8abce024b4763a51 8224f3b0e4aff0ba 8e6c566e2c8bcc31 e10206823a833ad7 1f332b9119293693 c5b502c4e326fa33 1daa350aad9f81ff c6c8b892a6b70946 89de03793cdd609b ea7ce29a8c7dbb56 3334c49da7883883 e465991e31459b2d bdc35683bd12c816 e49b009acee27bb9 2816e6f0f81b20 2e0ae337c90099b8 97e31571bdeb6d69 2ee3888a12a5e3d1 dba67d89980b2c57 d5f699c1dcee6bc1 ef944f92f38992fb 8b94bf5204da224b e1c88e0ccb3acd1b bec46016e18b5913 e6657b5ed15cdd9e 9c97aab9ca591f69 abe4787cc82e096a 998ae708db5c0ad0 25b52a391249f3db da77fd45362291c2 117e9c92d199a2b5 e3e39690f402e44e 2a2576103733c6cb 88cd69803e5b93d6 325e78243ba412a2 f2d7d96decb10011 2b0c93e7dc83ee34 182800d6fba542ed e85642fedd6b0c0b 39eefa3f0affda43 86a51d309362d6e5 f0cde2f0d216fb15 dd16d558eefb602f 825e3714aabcdd2f fcd3d844e3bbf288 d2b752b7f32c1a05 9de8f734d9eaad9c 3da6a025d51589cc c841a3d11abccf79 f4a77d15905df2dc e5737ca8e62a9b05 80e76a7eb24e1d3a c2ac1017adb52079 13dfbb7ff58ee794 a7dd04cea81f8cbf d5d4ad3994c725fd 8a560d91ea8914e5 12a8a1a5e9b468b8 fe7b8eb532331260 9cbc2745e87d4ede d231b79608d19c47 3b04aea7af64c8ea 97e217c8d0ad464b d97ee292d7c0d5ec 7259ed7ea13cf5e 3ac115aa94839139 ec4467269f07b69f 91b85fe943ff83c 28c38976f36a05fd 9271bc9cc3dc9ba8 d81c93e41507f09c 871f6999b8d429a df69de4280e01d5a 95e80df69ae3b335 3670f5d037867227 b8668f819e5a048f 393db7c595dad412 cd614639ce4e9d78 eca8a207efaead95 858981a705c7d5bb d4167333a5e659cc 95950761d2eac7e1 d8b29d9cc0bf153a e6a56f071b1e8909 ee0950ea2cc910cf ed882609fc3a7668 9758ff71c6bbee86 f384ff55d42d9510 d0680b798562505b cc1e3ee1e10d255e 353aba6fe7c10aea ed235b46bfa33e36 20b0639505a2c5e8 ed63d0d2b9419a27 f8e4d85ed5eb1e04 db8de3ecda872c18 13c8c64019953bf3 ef8059f7c8f1b4be 2378e0d70cad9e9e 2642da91cb0e3de3 93fff2a13741a717 c3ef45b515c33488 e0d1726bb778d378 eeba7a8fea322046 fff554cef4d1650c 2c4a3885b2a9c044 ] wstrb=[39 8a 14 45 58 59 ca 91 e3 df d7 3c 38 a1 cd 1b 80 a4 57 b8 46 25 d4 c6 c9 2b 7f f 50 53 d6 1a 7e 55 29 cf a8 ff e9 26 54 12 f5 fc 12 de 23 66 f1 18 63 3 f7 86 69 e8 9e cc eb 95 52 54 7d f1 21 68 86 73 bd 4 64 de 6c eb 51 29 ef b6 7 5b a1 59 85 90 f 8c eb b0 e5 70 40 f4 fd 2b a4 e2 9c e4 d7 99 10 7b 7b ac 60 52 45 70 ce c0 1c 2e 13 61 ] bresp=0 bid=1000
[1245000] MASTER 1 AW_VALID_RDY Handshake
[1245000] MASTER 1 B_VALID_RDY Handshake
[1245000] [MASTER MONITOR] mst_id=1 s_id=1 awaddr=19a4a038 awid=1000 awlen=113 awsize=7 awburst=1 wdata=[afa822ad3bc8a055 e395be4fd1d8dca8 3b076b1ac1a21bcc fd6abc21c0ce719c 12a74e45eaaf8dc7 ac51a993e1007a70 a1ceec0ccdaeb95f b85e4726a9bc65b4 8abce024b4763a51 8224f3b0e4aff0ba 8e6c566e2c8bcc31 e10206823a833ad7 1f332b9119293693 c5b502c4e326fa33 1daa350aad9f81ff c6c8b892a6b70946 89de03793cdd609b ea7ce29a8c7dbb56 3334c49da7883883 e465991e31459b2d bdc35683bd12c816 e49b009acee27bb9 2816e6f0f81b20 2e0ae337c90099b8 97e31571bdeb6d69 2ee3888a12a5e3d1 dba67d89980b2c57 d5f699c1dcee6bc1 ef944f92f38992fb 8b94bf5204da224b e1c88e0ccb3acd1b bec46016e18b5913 e6657b5ed15cdd9e 9c97aab9ca591f69 abe4787cc82e096a 998ae708db5c0ad0 25b52a391249f3db da77fd45362291c2 117e9c92d199a2b5 e3e39690f402e44e 2a2576103733c6cb 88cd69803e5b93d6 325e78243ba412a2 f2d7d96decb10011 2b0c93e7dc83ee34 182800d6fba542ed e85642fedd6b0c0b 39eefa3f0affda43 86a51d309362d6e5 f0cde2f0d216fb15 dd16d558eefb602f 825e3714aabcdd2f fcd3d844e3bbf288 d2b752b7f32c1a05 9de8f734d9eaad9c 3da6a025d51589cc c841a3d11abccf79 f4a77d15905df2dc e5737ca8e62a9b05 80e76a7eb24e1d3a c2ac1017adb52079 13dfbb7ff58ee794 a7dd04cea81f8cbf d5d4ad3994c725fd 8a560d91ea8914e5 12a8a1a5e9b468b8 fe7b8eb532331260 9cbc2745e87d4ede d231b79608d19c47 3b04aea7af64c8ea 97e217c8d0ad464b d97ee292d7c0d5ec 7259ed7ea13cf5e 3ac115aa94839139 ec4467269f07b69f 91b85fe943ff83c 28c38976f36a05fd 9271bc9cc3dc9ba8 d81c93e41507f09c 871f6999b8d429a df69de4280e01d5a 95e80df69ae3b335 3670f5d037867227 b8668f819e5a048f 393db7c595dad412 cd614639ce4e9d78 eca8a207efaead95 858981a705c7d5bb d4167333a5e659cc 95950761d2eac7e1 d8b29d9cc0bf153a e6a56f071b1e8909 ee0950ea2cc910cf ed882609fc3a7668 9758ff71c6bbee86 f384ff55d42d9510 d0680b798562505b cc1e3ee1e10d255e 353aba6fe7c10aea ed235b46bfa33e36 20b0639505a2c5e8 ed63d0d2b9419a27 f8e4d85ed5eb1e04 db8de3ecda872c18 13c8c64019953bf3 ef8059f7c8f1b4be 2378e0d70cad9e9e 2642da91cb0e3de3 93fff2a13741a717 c3ef45b515c33488 e0d1726bb778d378 eeba7a8fea322046 fff554cef4d1650c 2c4a3885b2a9c044 ] wstrb=[39 8a 14 45 58 59 ca 91 e3 df d7 3c 38 a1 cd 1b 80 a4 57 b8 46 25 d4 c6 c9 2b 7f f 50 53 d6 1a 7e 55 29 cf a8 ff e9 26 54 12 f5 fc 12 de 23 66 f1 18 63 3 f7 86 69 e8 9e cc eb 95 52 54 7d f1 21 68 86 73 bd 4 64 de 6c eb 51 29 ef b6 7 5b a1 59 85 90 f 8c eb b0 e5 70 40 f4 fd 2b a4 e2 9c e4 d7 99 10 7b 7b ac 60 52 45 70 ce c0 1c 2e 13 61 ] bresp=0 bid=1000
[1245000] SLAVE 0 R_VALID_RDY Handshake beat=0 rlast=0
[1245000] MEMORY READ MISS beat=1 addr=a3c7828 -> default data id=18
[1245000] SCOREBOARD MATCH: decode_err expected = 0, actual =0
[1245000] SCOREBOARD MATCH: slave_id expected = 1, actual =1
[1245000] SCOREBOARD MATCH: awaddr passthrough expected = 19a4a038, actual =19a4a038
[1245000] SCOREBOARD MATCH: awlen passthrough expected = 113, actual =113
[1245000] SCOREBOARD MATCH: awsize passthrough expected = 7, actual =7
[1245000] SCOREBOARD MATCH: awburst passthrough expected = 1, actual =1
[1245000] SCOREBOARD MATCH: wdata size check expected = 72, actual =72
[1245000] SCOREBOARD MATCH: wdata passthrough beat=0 expected = afa822ad3bc8a055, actual =afa822ad3bc8a055
[1245000] SCOREBOARD MATCH: wdata passthrough beat=1 expected = e395be4fd1d8dca8, actual =e395be4fd1d8dca8
[1245000] SCOREBOARD MATCH: wdata passthrough beat=2 expected = 3b076b1ac1a21bcc, actual =3b076b1ac1a21bcc
[1245000] SCOREBOARD MATCH: wdata passthrough beat=3 expected = fd6abc21c0ce719c, actual =fd6abc21c0ce719c
[1245000] SCOREBOARD MATCH: wdata passthrough beat=4 expected = 12a74e45eaaf8dc7, actual =12a74e45eaaf8dc7
[1245000] SCOREBOARD MATCH: wdata passthrough beat=5 expected = ac51a993e1007a70, actual =ac51a993e1007a70
[1245000] SCOREBOARD MATCH: wdata passthrough beat=6 expected = a1ceec0ccdaeb95f, actual =a1ceec0ccdaeb95f
[1245000] SCOREBOARD MATCH: wdata passthrough beat=7 expected = b85e4726a9bc65b4, actual =b85e4726a9bc65b4
[1245000] SCOREBOARD MATCH: wdata passthrough beat=8 expected = 8abce024b4763a51, actual =8abce024b4763a51
[1245000] SCOREBOARD MATCH: wdata passthrough beat=9 expected = 8224f3b0e4aff0ba, actual =8224f3b0e4aff0ba
[1245000] SCOREBOARD MATCH: wdata passthrough beat=10 expected = 8e6c566e2c8bcc31, actual =8e6c566e2c8bcc31
[1245000] SCOREBOARD MATCH: wdata passthrough beat=11 expected = e10206823a833ad7, actual =e10206823a833ad7
[1245000] SCOREBOARD MATCH: wdata passthrough beat=12 expected = 1f332b9119293693, actual =1f332b9119293693
[1245000] SCOREBOARD MATCH: wdata passthrough beat=13 expected = c5b502c4e326fa33, actual =c5b502c4e326fa33
[1245000] SCOREBOARD MATCH: wdata passthrough beat=14 expected = 1daa350aad9f81ff, actual =1daa350aad9f81ff
[1245000] SCOREBOARD MATCH: wdata passthrough beat=15 expected = c6c8b892a6b70946, actual =c6c8b892a6b70946
[1245000] SCOREBOARD MATCH: wdata passthrough beat=16 expected = 89de03793cdd609b, actual =89de03793cdd609b
[1245000] SCOREBOARD MATCH: wdata passthrough beat=17 expected = ea7ce29a8c7dbb56, actual =ea7ce29a8c7dbb56
[1245000] SCOREBOARD MATCH: wdata passthrough beat=18 expected = 3334c49da7883883, actual =3334c49da7883883
[1245000] SCOREBOARD MATCH: wdata passthrough beat=19 expected = e465991e31459b2d, actual =e465991e31459b2d
[1245000] SCOREBOARD MATCH: wdata passthrough beat=20 expected = bdc35683bd12c816, actual =bdc35683bd12c816
[1245000] SCOREBOARD MATCH: wdata passthrough beat=21 expected = e49b009acee27bb9, actual =e49b009acee27bb9
[1245000] SCOREBOARD MATCH: wdata passthrough beat=22 expected = 2816e6f0f81b20, actual =2816e6f0f81b20
[1245000] SCOREBOARD MATCH: wdata passthrough beat=23 expected = 2e0ae337c90099b8, actual =2e0ae337c90099b8
[1245000] SCOREBOARD MATCH: wdata passthrough beat=24 expected = 97e31571bdeb6d69, actual =97e31571bdeb6d69
[1245000] SCOREBOARD MATCH: wdata passthrough beat=25 expected = 2ee3888a12a5e3d1, actual =2ee3888a12a5e3d1
[1245000] SCOREBOARD MATCH: wdata passthrough beat=26 expected = dba67d89980b2c57, actual =dba67d89980b2c57
[1245000] SCOREBOARD MATCH: wdata passthrough beat=27 expected = d5f699c1dcee6bc1, actual =d5f699c1dcee6bc1
[1245000] SCOREBOARD MATCH: wdata passthrough beat=28 expected = ef944f92f38992fb, actual =ef944f92f38992fb
[1245000] SCOREBOARD MATCH: wdata passthrough beat=29 expected = 8b94bf5204da224b, actual =8b94bf5204da224b
[1245000] SCOREBOARD MATCH: wdata passthrough beat=30 expected = e1c88e0ccb3acd1b, actual =e1c88e0ccb3acd1b
[1245000] SCOREBOARD MATCH: wdata passthrough beat=31 expected = bec46016e18b5913, actual =bec46016e18b5913
[1245000] SCOREBOARD MATCH: wdata passthrough beat=32 expected = e6657b5ed15cdd9e, actual =e6657b5ed15cdd9e
[1245000] SCOREBOARD MATCH: wdata passthrough beat=33 expected = 9c97aab9ca591f69, actual =9c97aab9ca591f69
[1245000] SCOREBOARD MATCH: wdata passthrough beat=34 expected = abe4787cc82e096a, actual =abe4787cc82e096a
[1245000] SCOREBOARD MATCH: wdata passthrough beat=35 expected = 998ae708db5c0ad0, actual =998ae708db5c0ad0
[1245000] SCOREBOARD MATCH: wdata passthrough beat=36 expected = 25b52a391249f3db, actual =25b52a391249f3db
[1245000] SCOREBOARD MATCH: wdata passthrough beat=37 expected = da77fd45362291c2, actual =da77fd45362291c2
[1245000] SCOREBOARD MATCH: wdata passthrough beat=38 expected = 117e9c92d199a2b5, actual =117e9c92d199a2b5
[1245000] SCOREBOARD MATCH: wdata passthrough beat=39 expected = e3e39690f402e44e, actual =e3e39690f402e44e
[1245000] SCOREBOARD MATCH: wdata passthrough beat=40 expected = 2a2576103733c6cb, actual =2a2576103733c6cb
[1245000] SCOREBOARD MATCH: wdata passthrough beat=41 expected = 88cd69803e5b93d6, actual =88cd69803e5b93d6
[1245000] SCOREBOARD MATCH: wdata passthrough beat=42 expected = 325e78243ba412a2, actual =325e78243ba412a2
[1245000] SCOREBOARD MATCH: wdata passthrough beat=43 expected = f2d7d96decb10011, actual =f2d7d96decb10011
[1245000] SCOREBOARD MATCH: wdata passthrough beat=44 expected = 2b0c93e7dc83ee34, actual =2b0c93e7dc83ee34
[1245000] SCOREBOARD MATCH: wdata passthrough beat=45 expected = 182800d6fba542ed, actual =182800d6fba542ed
[1245000] SCOREBOARD MATCH: wdata passthrough beat=46 expected = e85642fedd6b0c0b, actual =e85642fedd6b0c0b
[1245000] SCOREBOARD MATCH: wdata passthrough beat=47 expected = 39eefa3f0affda43, actual =39eefa3f0affda43
[1245000] SCOREBOARD MATCH: wdata passthrough beat=48 expected = 86a51d309362d6e5, actual =86a51d309362d6e5
[1245000] SCOREBOARD MATCH: wdata passthrough beat=49 expected = f0cde2f0d216fb15, actual =f0cde2f0d216fb15
[1245000] SCOREBOARD MATCH: wdata passthrough beat=50 expected = dd16d558eefb602f, actual =dd16d558eefb602f
[1245000] SCOREBOARD MATCH: wdata passthrough beat=51 expected = 825e3714aabcdd2f, actual =825e3714aabcdd2f
[1245000] SCOREBOARD MATCH: wdata passthrough beat=52 expected = fcd3d844e3bbf288, actual =fcd3d844e3bbf288
[1245000] SCOREBOARD MATCH: wdata passthrough beat=53 expected = d2b752b7f32c1a05, actual =d2b752b7f32c1a05
[1245000] SCOREBOARD MATCH: wdata passthrough beat=54 expected = 9de8f734d9eaad9c, actual =9de8f734d9eaad9c
[1245000] SCOREBOARD MATCH: wdata passthrough beat=55 expected = 3da6a025d51589cc, actual =3da6a025d51589cc
[1245000] SCOREBOARD MATCH: wdata passthrough beat=56 expected = c841a3d11abccf79, actual =c841a3d11abccf79
[1245000] SCOREBOARD MATCH: wdata passthrough beat=57 expected = f4a77d15905df2dc, actual =f4a77d15905df2dc
[1245000] SCOREBOARD MATCH: wdata passthrough beat=58 expected = e5737ca8e62a9b05, actual =e5737ca8e62a9b05
[1245000] SCOREBOARD MATCH: wdata passthrough beat=59 expected = 80e76a7eb24e1d3a, actual =80e76a7eb24e1d3a
[1245000] SCOREBOARD MATCH: wdata passthrough beat=60 expected = c2ac1017adb52079, actual =c2ac1017adb52079
[1245000] SCOREBOARD MATCH: wdata passthrough beat=61 expected = 13dfbb7ff58ee794, actual =13dfbb7ff58ee794
[1245000] SCOREBOARD MATCH: wdata passthrough beat=62 expected = a7dd04cea81f8cbf, actual =a7dd04cea81f8cbf
[1245000] SCOREBOARD MATCH: wdata passthrough beat=63 expected = d5d4ad3994c725fd, actual =d5d4ad3994c725fd
[1245000] SCOREBOARD MATCH: wdata passthrough beat=64 expected = 8a560d91ea8914e5, actual =8a560d91ea8914e5
[1245000] SCOREBOARD MATCH: wdata passthrough beat=65 expected = 12a8a1a5e9b468b8, actual =12a8a1a5e9b468b8
[1245000] SCOREBOARD MATCH: wdata passthrough beat=66 expected = fe7b8eb532331260, actual =fe7b8eb532331260
[1245000] SCOREBOARD MATCH: wdata passthrough beat=67 expected = 9cbc2745e87d4ede, actual =9cbc2745e87d4ede
[1245000] SCOREBOARD MATCH: wdata passthrough beat=68 expected = d231b79608d19c47, actual =d231b79608d19c47
[1245000] SCOREBOARD MATCH: wdata passthrough beat=69 expected = 3b04aea7af64c8ea, actual =3b04aea7af64c8ea
[1245000] SCOREBOARD MATCH: wdata passthrough beat=70 expected = 97e217c8d0ad464b, actual =97e217c8d0ad464b
[1245000] SCOREBOARD MATCH: wdata passthrough beat=71 expected = d97ee292d7c0d5ec, actual =d97ee292d7c0d5ec
[1245000] SCOREBOARD MATCH: wdata passthrough beat=72 expected = 7259ed7ea13cf5e, actual =7259ed7ea13cf5e
[1245000] SCOREBOARD MATCH: wdata passthrough beat=73 expected = 3ac115aa94839139, actual =3ac115aa94839139
[1245000] SCOREBOARD MATCH: wdata passthrough beat=74 expected = ec4467269f07b69f, actual =ec4467269f07b69f
[1245000] SCOREBOARD MATCH: wdata passthrough beat=75 expected = 91b85fe943ff83c, actual =91b85fe943ff83c
[1245000] SCOREBOARD MATCH: wdata passthrough beat=76 expected = 28c38976f36a05fd, actual =28c38976f36a05fd
[1245000] SCOREBOARD MATCH: wdata passthrough beat=77 expected = 9271bc9cc3dc9ba8, actual =9271bc9cc3dc9ba8
[1245000] SCOREBOARD MATCH: wdata passthrough beat=78 expected = d81c93e41507f09c, actual =d81c93e41507f09c
[1245000] SCOREBOARD MATCH: wdata passthrough beat=79 expected = 871f6999b8d429a, actual =871f6999b8d429a
[1245000] SCOREBOARD MATCH: wdata passthrough beat=80 expected = df69de4280e01d5a, actual =df69de4280e01d5a
[1245000] SCOREBOARD MATCH: wdata passthrough beat=81 expected = 95e80df69ae3b335, actual =95e80df69ae3b335
[1245000] SCOREBOARD MATCH: wdata passthrough beat=82 expected = 3670f5d037867227, actual =3670f5d037867227
[1245000] SCOREBOARD MATCH: wdata passthrough beat=83 expected = b8668f819e5a048f, actual =b8668f819e5a048f
[1245000] SCOREBOARD MATCH: wdata passthrough beat=84 expected = 393db7c595dad412, actual =393db7c595dad412
[1245000] SCOREBOARD MATCH: wdata passthrough beat=85 expected = cd614639ce4e9d78, actual =cd614639ce4e9d78
[1245000] SCOREBOARD MATCH: wdata passthrough beat=86 expected = eca8a207efaead95, actual =eca8a207efaead95
[1245000] SCOREBOARD MATCH: wdata passthrough beat=87 expected = 858981a705c7d5bb, actual =858981a705c7d5bb
[1245000] SCOREBOARD MATCH: wdata passthrough beat=88 expected = d4167333a5e659cc, actual =d4167333a5e659cc
[1245000] SCOREBOARD MATCH: wdata passthrough beat=89 expected = 95950761d2eac7e1, actual =95950761d2eac7e1
[1245000] SCOREBOARD MATCH: wdata passthrough beat=90 expected = d8b29d9cc0bf153a, actual =d8b29d9cc0bf153a
[1245000] SCOREBOARD MATCH: wdata passthrough beat=91 expected = e6a56f071b1e8909, actual =e6a56f071b1e8909
[1245000] SCOREBOARD MATCH: wdata passthrough beat=92 expected = ee0950ea2cc910cf, actual =ee0950ea2cc910cf
[1245000] SCOREBOARD MATCH: wdata passthrough beat=93 expected = ed882609fc3a7668, actual =ed882609fc3a7668
[1245000] SCOREBOARD MATCH: wdata passthrough beat=94 expected = 9758ff71c6bbee86, actual =9758ff71c6bbee86
[1245000] SCOREBOARD MATCH: wdata passthrough beat=95 expected = f384ff55d42d9510, actual =f384ff55d42d9510
[1245000] SCOREBOARD MATCH: wdata passthrough beat=96 expected = d0680b798562505b, actual =d0680b798562505b
[1245000] SCOREBOARD MATCH: wdata passthrough beat=97 expected = cc1e3ee1e10d255e, actual =cc1e3ee1e10d255e
[1245000] SCOREBOARD MATCH: wdata passthrough beat=98 expected = 353aba6fe7c10aea, actual =353aba6fe7c10aea
[1245000] SCOREBOARD MATCH: wdata passthrough beat=99 expected = ed235b46bfa33e36, actual =ed235b46bfa33e36
[1245000] SCOREBOARD MATCH: wdata passthrough beat=100 expected = 20b0639505a2c5e8, actual =20b0639505a2c5e8
[1245000] SCOREBOARD MATCH: wdata passthrough beat=101 expected = ed63d0d2b9419a27, actual =ed63d0d2b9419a27
[1245000] SCOREBOARD MATCH: wdata passthrough beat=102 expected = f8e4d85ed5eb1e04, actual =f8e4d85ed5eb1e04
[1245000] SCOREBOARD MATCH: wdata passthrough beat=103 expected = db8de3ecda872c18, actual =db8de3ecda872c18
[1245000] SCOREBOARD MATCH: wdata passthrough beat=104 expected = 13c8c64019953bf3, actual =13c8c64019953bf3
[1245000] SCOREBOARD MATCH: wdata passthrough beat=105 expected = ef8059f7c8f1b4be, actual =ef8059f7c8f1b4be
[1245000] SCOREBOARD MATCH: wdata passthrough beat=106 expected = 2378e0d70cad9e9e, actual =2378e0d70cad9e9e
[1245000] SCOREBOARD MATCH: wdata passthrough beat=107 expected = 2642da91cb0e3de3, actual =2642da91cb0e3de3
[1245000] SCOREBOARD MATCH: wdata passthrough beat=108 expected = 93fff2a13741a717, actual =93fff2a13741a717
[1245000] SCOREBOARD MATCH: wdata passthrough beat=109 expected = c3ef45b515c33488, actual =c3ef45b515c33488
[1245000] SCOREBOARD MATCH: wdata passthrough beat=110 expected = e0d1726bb778d378, actual =e0d1726bb778d378
[1245000] SCOREBOARD MATCH: wdata passthrough beat=111 expected = eeba7a8fea322046, actual =eeba7a8fea322046
[1245000] SCOREBOARD MATCH: wdata passthrough beat=112 expected = fff554cef4d1650c, actual =fff554cef4d1650c
[1245000] SCOREBOARD MATCH: wdata passthrough beat=113 expected = 2c4a3885b2a9c044, actual =2c4a3885b2a9c044
[1245000] SCOREBOARD MATCH: wstrb size check expected = 72, actual =72
[1245000] SCOREBOARD MATCH: wstrb passthrough beat=0 expected = 39, actual =39
[1245000] SCOREBOARD MATCH: wstrb passthrough beat=1 expected = 8a, actual =8a
[1245000] SCOREBOARD MATCH: wstrb passthrough beat=2 expected = 14, actual =14
[1245000] SCOREBOARD MATCH: wstrb passthrough beat=3 expected = 45, actual =45
[1245000] SCOREBOARD MATCH: wstrb passthrough beat=4 expected = 58, actual =58
[1245000] SCOREBOARD MATCH: wstrb passthrough beat=5 expected = 59, actual =59
[1245000] SCOREBOARD MATCH: wstrb passthrough beat=6 expected = ca, actual =ca
[1245000] SCOREBOARD MATCH: wstrb passthrough beat=7 expected = 91, actual =91
[1245000] SCOREBOARD MATCH: wstrb passthrough beat=8 expected = e3, actual =e3
[1245000] SCOREBOARD MATCH: wstrb passthrough beat=9 expected = df, actual =df
[1245000] SCOREBOARD MATCH: wstrb passthrough beat=10 expected = d7, actual =d7
[1245000] SCOREBOARD MATCH: wstrb passthrough beat=11 expected = 3c, actual =3c
[1245000] SCOREBOARD MATCH: wstrb passthrough beat=12 expected = 38, actual =38
[1245000] SCOREBOARD MATCH: wstrb passthrough beat=13 expected = a1, actual =a1
[1245000] SCOREBOARD MATCH: wstrb passthrough beat=14 expected = cd, actual =cd
[1245000] SCOREBOARD MATCH: wstrb passthrough beat=15 expected = 1b, actual =1b
[1245000] SCOREBOARD MATCH: wstrb passthrough beat=16 expected = 80, actual =80
[1245000] SCOREBOARD MATCH: wstrb passthrough beat=17 expected = a4, actual =a4
[1245000] SCOREBOARD MATCH: wstrb passthrough beat=18 expected = 57, actual =57
[1245000] SCOREBOARD MATCH: wstrb passthrough beat=19 expected = b8, actual =b8
[1245000] SCOREBOARD MATCH: wstrb passthrough beat=20 expected = 46, actual =46
[1245000] SCOREBOARD MATCH: wstrb passthrough beat=21 expected = 25, actual =25
[1245000] SCOREBOARD MATCH: wstrb passthrough beat=22 expected = d4, actual =d4
[1245000] SCOREBOARD MATCH: wstrb passthrough beat=23 expected = c6, actual =c6
[1245000] SCOREBOARD MATCH: wstrb passthrough beat=24 expected = c9, actual =c9
[1245000] SCOREBOARD MATCH: wstrb passthrough beat=25 expected = 2b, actual =2b
[1245000] SCOREBOARD MATCH: wstrb passthrough beat=26 expected = 7f, actual =7f
[1245000] SCOREBOARD MATCH: wstrb passthrough beat=27 expected = f, actual =f
[1245000] SCOREBOARD MATCH: wstrb passthrough beat=28 expected = 50, actual =50
[1245000] SCOREBOARD MATCH: wstrb passthrough beat=29 expected = 53, actual =53
[1245000] SCOREBOARD MATCH: wstrb passthrough beat=30 expected = d6, actual =d6
[1245000] SCOREBOARD MATCH: wstrb passthrough beat=31 expected = 1a, actual =1a
[1245000] SCOREBOARD MATCH: wstrb passthrough beat=32 expected = 7e, actual =7e
[1245000] SCOREBOARD MATCH: wstrb passthrough beat=33 expected = 55, actual =55
[1245000] SCOREBOARD MATCH: wstrb passthrough beat=34 expected = 29, actual =29
[1245000] SCOREBOARD MATCH: wstrb passthrough beat=35 expected = cf, actual =cf
[1245000] SCOREBOARD MATCH: wstrb passthrough beat=36 expected = a8, actual =a8
[1245000] SCOREBOARD MATCH: wstrb passthrough beat=37 expected = ff, actual =ff
[1245000] SCOREBOARD MATCH: wstrb passthrough beat=38 expected = e9, actual =e9
[1245000] SCOREBOARD MATCH: wstrb passthrough beat=39 expected = 26, actual =26
[1245000] SCOREBOARD MATCH: wstrb passthrough beat=40 expected = 54, actual =54
[1245000] SCOREBOARD MATCH: wstrb passthrough beat=41 expected = 12, actual =12
[1245000] SCOREBOARD MATCH: wstrb passthrough beat=42 expected = f5, actual =f5
[1245000] SCOREBOARD MATCH: wstrb passthrough beat=43 expected = fc, actual =fc
[1245000] SCOREBOARD MATCH: wstrb passthrough beat=44 expected = 12, actual =12
[1245000] SCOREBOARD MATCH: wstrb passthrough beat=45 expected = de, actual =de
[1245000] SCOREBOARD MATCH: wstrb passthrough beat=46 expected = 23, actual =23
[1245000] SCOREBOARD MATCH: wstrb passthrough beat=47 expected = 66, actual =66
[1245000] SCOREBOARD MATCH: wstrb passthrough beat=48 expected = f1, actual =f1
[1245000] SCOREBOARD MATCH: wstrb passthrough beat=49 expected = 18, actual =18
[1245000] SCOREBOARD MATCH: wstrb passthrough beat=50 expected = 63, actual =63
[1245000] SCOREBOARD MATCH: wstrb passthrough beat=51 expected = 3, actual =3
[1245000] SCOREBOARD MATCH: wstrb passthrough beat=52 expected = f7, actual =f7
[1245000] SCOREBOARD MATCH: wstrb passthrough beat=53 expected = 86, actual =86
[1245000] SCOREBOARD MATCH: wstrb passthrough beat=54 expected = 69, actual =69
[1245000] SCOREBOARD MATCH: wstrb passthrough beat=55 expected = e8, actual =e8
[1245000] SCOREBOARD MATCH: wstrb passthrough beat=56 expected = 9e, actual =9e
[1245000] SCOREBOARD MATCH: wstrb passthrough beat=57 expected = cc, actual =cc
[1245000] SCOREBOARD MATCH: wstrb passthrough beat=58 expected = eb, actual =eb
[1245000] SCOREBOARD MATCH: wstrb passthrough beat=59 expected = 95, actual =95
[1245000] SCOREBOARD MATCH: wstrb passthrough beat=60 expected = 52, actual =52
[1245000] SCOREBOARD MATCH: wstrb passthrough beat=61 expected = 54, actual =54
[1245000] SCOREBOARD MATCH: wstrb passthrough beat=62 expected = 7d, actual =7d
[1245000] SCOREBOARD MATCH: wstrb passthrough beat=63 expected = f1, actual =f1
[1245000] SCOREBOARD MATCH: wstrb passthrough beat=64 expected = 21, actual =21
[1245000] SCOREBOARD MATCH: wstrb passthrough beat=65 expected = 68, actual =68
[1245000] SCOREBOARD MATCH: wstrb passthrough beat=66 expected = 86, actual =86
[1245000] SCOREBOARD MATCH: wstrb passthrough beat=67 expected = 73, actual =73
[1245000] SCOREBOARD MATCH: wstrb passthrough beat=68 expected = bd, actual =bd
[1245000] SCOREBOARD MATCH: wstrb passthrough beat=69 expected = 4, actual =4
[1245000] SCOREBOARD MATCH: wstrb passthrough beat=70 expected = 64, actual =64
[1245000] SCOREBOARD MATCH: wstrb passthrough beat=71 expected = de, actual =de
[1245000] SCOREBOARD MATCH: wstrb passthrough beat=72 expected = 6c, actual =6c
[1245000] SCOREBOARD MATCH: wstrb passthrough beat=73 expected = eb, actual =eb
[1245000] SCOREBOARD MATCH: wstrb passthrough beat=74 expected = 51, actual =51
[1245000] SCOREBOARD MATCH: wstrb passthrough beat=75 expected = 29, actual =29
[1245000] SCOREBOARD MATCH: wstrb passthrough beat=76 expected = ef, actual =ef
[1245000] SCOREBOARD MATCH: wstrb passthrough beat=77 expected = b6, actual =b6
[1245000] SCOREBOARD MATCH: wstrb passthrough beat=78 expected = 7, actual =7
[1245000] SCOREBOARD MATCH: wstrb passthrough beat=79 expected = 5b, actual =5b
[1245000] SCOREBOARD MATCH: wstrb passthrough beat=80 expected = a1, actual =a1
[1245000] SCOREBOARD MATCH: wstrb passthrough beat=81 expected = 59, actual =59
[1245000] SCOREBOARD MATCH: wstrb passthrough beat=82 expected = 85, actual =85
[1245000] SCOREBOARD MATCH: wstrb passthrough beat=83 expected = 90, actual =90
[1245000] SCOREBOARD MATCH: wstrb passthrough beat=84 expected = f, actual =f
[1245000] SCOREBOARD MATCH: wstrb passthrough beat=85 expected = 8c, actual =8c
[1245000] SCOREBOARD MATCH: wstrb passthrough beat=86 expected = eb, actual =eb
[1245000] SCOREBOARD MATCH: wstrb passthrough beat=87 expected = b0, actual =b0
[1245000] SCOREBOARD MATCH: wstrb passthrough beat=88 expected = e5, actual =e5
[1245000] SCOREBOARD MATCH: wstrb passthrough beat=89 expected = 70, actual =70
[1245000] SCOREBOARD MATCH: wstrb passthrough beat=90 expected = 40, actual =40
[1245000] SCOREBOARD MATCH: wstrb passthrough beat=91 expected = f4, actual =f4
[1245000] SCOREBOARD MATCH: wstrb passthrough beat=92 expected = fd, actual =fd
[1245000] SCOREBOARD MATCH: wstrb passthrough beat=93 expected = 2b, actual =2b
[1245000] SCOREBOARD MATCH: wstrb passthrough beat=94 expected = a4, actual =a4
[1245000] SCOREBOARD MATCH: wstrb passthrough beat=95 expected = e2, actual =e2
[1245000] SCOREBOARD MATCH: wstrb passthrough beat=96 expected = 9c, actual =9c
[1245000] SCOREBOARD MATCH: wstrb passthrough beat=97 expected = e4, actual =e4
[1245000] SCOREBOARD MATCH: wstrb passthrough beat=98 expected = d7, actual =d7
[1245000] SCOREBOARD MATCH: wstrb passthrough beat=99 expected = 99, actual =99
[1245000] SCOREBOARD MATCH: wstrb passthrough beat=100 expected = 10, actual =10
[1245000] SCOREBOARD MATCH: wstrb passthrough beat=101 expected = 7b, actual =7b
[1245000] SCOREBOARD MATCH: wstrb passthrough beat=102 expected = 7b, actual =7b
[1245000] SCOREBOARD MATCH: wstrb passthrough beat=103 expected = ac, actual =ac
[1245000] SCOREBOARD MATCH: wstrb passthrough beat=104 expected = 60, actual =60
[1245000] SCOREBOARD MATCH: wstrb passthrough beat=105 expected = 52, actual =52
[1245000] SCOREBOARD MATCH: wstrb passthrough beat=106 expected = 45, actual =45
[1245000] SCOREBOARD MATCH: wstrb passthrough beat=107 expected = 70, actual =70
[1245000] SCOREBOARD MATCH: wstrb passthrough beat=108 expected = ce, actual =ce
[1245000] SCOREBOARD MATCH: wstrb passthrough beat=109 expected = c0, actual =c0
[1245000] SCOREBOARD MATCH: wstrb passthrough beat=110 expected = 1c, actual =1c
[1245000] SCOREBOARD MATCH: wstrb passthrough beat=111 expected = 2e, actual =2e
[1245000] SCOREBOARD MATCH: wstrb passthrough beat=112 expected = 13, actual =13
[1245000] SCOREBOARD MATCH: wstrb passthrough beat=113 expected = 61, actual =61
[1245000] SCOREBOARD MATCH: bresp passthrough expected = 0, actual =0
[1245000] SCOREBOARD MATCH: response routed to correct master (write) expected = 1, actual =1
[1245000] [SCOREBOARD-M] mst_id=1 s_id=1 awaddr=19a4a038 awid=1000 awlen=113 awsize=7 awburst=1 wdata=[afa822ad3bc8a055 e395be4fd1d8dca8 3b076b1ac1a21bcc fd6abc21c0ce719c 12a74e45eaaf8dc7 ac51a993e1007a70 a1ceec0ccdaeb95f b85e4726a9bc65b4 8abce024b4763a51 8224f3b0e4aff0ba 8e6c566e2c8bcc31 e10206823a833ad7 1f332b9119293693 c5b502c4e326fa33 1daa350aad9f81ff c6c8b892a6b70946 89de03793cdd609b ea7ce29a8c7dbb56 3334c49da7883883 e465991e31459b2d bdc35683bd12c816 e49b009acee27bb9 2816e6f0f81b20 2e0ae337c90099b8 97e31571bdeb6d69 2ee3888a12a5e3d1 dba67d89980b2c57 d5f699c1dcee6bc1 ef944f92f38992fb 8b94bf5204da224b e1c88e0ccb3acd1b bec46016e18b5913 e6657b5ed15cdd9e 9c97aab9ca591f69 abe4787cc82e096a 998ae708db5c0ad0 25b52a391249f3db da77fd45362291c2 117e9c92d199a2b5 e3e39690f402e44e 2a2576103733c6cb 88cd69803e5b93d6 325e78243ba412a2 f2d7d96decb10011 2b0c93e7dc83ee34 182800d6fba542ed e85642fedd6b0c0b 39eefa3f0affda43 86a51d309362d6e5 f0cde2f0d216fb15 dd16d558eefb602f 825e3714aabcdd2f fcd3d844e3bbf288 d2b752b7f32c1a05 9de8f734d9eaad9c 3da6a025d51589cc c841a3d11abccf79 f4a77d15905df2dc e5737ca8e62a9b05 80e76a7eb24e1d3a c2ac1017adb52079 13dfbb7ff58ee794 a7dd04cea81f8cbf d5d4ad3994c725fd 8a560d91ea8914e5 12a8a1a5e9b468b8 fe7b8eb532331260 9cbc2745e87d4ede d231b79608d19c47 3b04aea7af64c8ea 97e217c8d0ad464b d97ee292d7c0d5ec 7259ed7ea13cf5e 3ac115aa94839139 ec4467269f07b69f 91b85fe943ff83c 28c38976f36a05fd 9271bc9cc3dc9ba8 d81c93e41507f09c 871f6999b8d429a df69de4280e01d5a 95e80df69ae3b335 3670f5d037867227 b8668f819e5a048f 393db7c595dad412 cd614639ce4e9d78 eca8a207efaead95 858981a705c7d5bb d4167333a5e659cc 95950761d2eac7e1 d8b29d9cc0bf153a e6a56f071b1e8909 ee0950ea2cc910cf ed882609fc3a7668 9758ff71c6bbee86 f384ff55d42d9510 d0680b798562505b cc1e3ee1e10d255e 353aba6fe7c10aea ed235b46bfa33e36 20b0639505a2c5e8 ed63d0d2b9419a27 f8e4d85ed5eb1e04 db8de3ecda872c18 13c8c64019953bf3 ef8059f7c8f1b4be 2378e0d70cad9e9e 2642da91cb0e3de3 93fff2a13741a717 c3ef45b515c33488 e0d1726bb778d378 eeba7a8fea322046 fff554cef4d1650c 2c4a3885b2a9c044 ] wstrb=[39 8a 14 45 58 59 ca 91 e3 df d7 3c 38 a1 cd 1b 80 a4 57 b8 46 25 d4 c6 c9 2b 7f f 50 53 d6 1a 7e 55 29 cf a8 ff e9 26 54 12 f5 fc 12 de 23 66 f1 18 63 3 f7 86 69 e8 9e cc eb 95 52 54 7d f1 21 68 86 73 bd 4 64 de 6c eb 51 29 ef b6 7 5b a1 59 85 90 f 8c eb b0 e5 70 40 f4 fd 2b a4 e2 9c e4 d7 99 10 7b 7b ac 60 52 45 70 ce c0 1c 2e 13 61 ] bresp=0 bid=1000
[1245000] [SCOREBOARD-S] mst_id=1 s_id=1 awaddr=19a4a038 awid=1000 awlen=113 awsize=7 awburst=1 wdata=[afa822ad3bc8a055 e395be4fd1d8dca8 3b076b1ac1a21bcc fd6abc21c0ce719c 12a74e45eaaf8dc7 ac51a993e1007a70 a1ceec0ccdaeb95f b85e4726a9bc65b4 8abce024b4763a51 8224f3b0e4aff0ba 8e6c566e2c8bcc31 e10206823a833ad7 1f332b9119293693 c5b502c4e326fa33 1daa350aad9f81ff c6c8b892a6b70946 89de03793cdd609b ea7ce29a8c7dbb56 3334c49da7883883 e465991e31459b2d bdc35683bd12c816 e49b009acee27bb9 2816e6f0f81b20 2e0ae337c90099b8 97e31571bdeb6d69 2ee3888a12a5e3d1 dba67d89980b2c57 d5f699c1dcee6bc1 ef944f92f38992fb 8b94bf5204da224b e1c88e0ccb3acd1b bec46016e18b5913 e6657b5ed15cdd9e 9c97aab9ca591f69 abe4787cc82e096a 998ae708db5c0ad0 25b52a391249f3db da77fd45362291c2 117e9c92d199a2b5 e3e39690f402e44e 2a2576103733c6cb 88cd69803e5b93d6 325e78243ba412a2 f2d7d96decb10011 2b0c93e7dc83ee34 182800d6fba542ed e85642fedd6b0c0b 39eefa3f0affda43 86a51d309362d6e5 f0cde2f0d216fb15 dd16d558eefb602f 825e3714aabcdd2f fcd3d844e3bbf288 d2b752b7f32c1a05 9de8f734d9eaad9c 3da6a025d51589cc c841a3d11abccf79 f4a77d15905df2dc e5737ca8e62a9b05 80e76a7eb24e1d3a c2ac1017adb52079 13dfbb7ff58ee794 a7dd04cea81f8cbf d5d4ad3994c725fd 8a560d91ea8914e5 12a8a1a5e9b468b8 fe7b8eb532331260 9cbc2745e87d4ede d231b79608d19c47 3b04aea7af64c8ea 97e217c8d0ad464b d97ee292d7c0d5ec 7259ed7ea13cf5e 3ac115aa94839139 ec4467269f07b69f 91b85fe943ff83c 28c38976f36a05fd 9271bc9cc3dc9ba8 d81c93e41507f09c 871f6999b8d429a df69de4280e01d5a 95e80df69ae3b335 3670f5d037867227 b8668f819e5a048f 393db7c595dad412 cd614639ce4e9d78 eca8a207efaead95 858981a705c7d5bb d4167333a5e659cc 95950761d2eac7e1 d8b29d9cc0bf153a e6a56f071b1e8909 ee0950ea2cc910cf ed882609fc3a7668 9758ff71c6bbee86 f384ff55d42d9510 d0680b798562505b cc1e3ee1e10d255e 353aba6fe7c10aea ed235b46bfa33e36 20b0639505a2c5e8 ed63d0d2b9419a27 f8e4d85ed5eb1e04 db8de3ecda872c18 13c8c64019953bf3 ef8059f7c8f1b4be 2378e0d70cad9e9e 2642da91cb0e3de3 93fff2a13741a717 c3ef45b515c33488 e0d1726bb778d378 eeba7a8fea322046 fff554cef4d1650c 2c4a3885b2a9c044 ] wstrb=[39 8a 14 45 58 59 ca 91 e3 df d7 3c 38 a1 cd 1b 80 a4 57 b8 46 25 d4 c6 c9 2b 7f f 50 53 d6 1a 7e 55 29 cf a8 ff e9 26 54 12 f5 fc 12 de 23 66 f1 18 63 3 f7 86 69 e8 9e cc eb 95 52 54 7d f1 21 68 86 73 bd 4 64 de 6c eb 51 29 ef b6 7 5b a1 59 85 90 f 8c eb b0 e5 70 40 f4 fd 2b a4 e2 9c e4 d7 99 10 7b 7b ac 60 52 45 70 ce c0 1c 2e 13 61 ] bresp=0 bid=11000
[1245000] SCOREBOARD: Transaction 3 received. pass=284 fail=0
[1245000] ALL PASS. Total transactions: 3
[1255000] AXI S1_AWVALID_RDY HANDSHAKE
[1255000] SLAVE 0 R_VALID_RDY Handshake beat=1 rlast=1
[1255000] [SLAVE MONITOR] READ mst_id=1 s_id=0 araddr=a3c7820 arid=2 arlen=1 arsize=3 arburst=1 rid=[1212] rresp=[00] rdata=[baadf00d12345678baadf00d12345678]
[1255000] ARB MONITOR: slave=1 m0_req=0 m1_req=1 winner=1
[1265000] MASTER 1 W_VALID_RDY Handshake beat=0 wlast=0
[1265000] MASTER 1 R_VALID_RDY Handshake beat=0 rlast=0
[1275000] S1 MEMORY WRITE beat=0 addr=176b6358 data=e0cb8750ba48ebf3 id=19
[1275000] MASTER 1 R_VALID_RDY Handshake beat=1 rlast=1
[1275000] [MASTER MONITOR] READ mst_id=1 s_id=0 araddr=a3c7820 arid=2 arlen=1 arsize=3 arburst=1 rid=[22] rresp=[00] rdata=[baadf00d12345678baadf00d12345678]
[1275000] MASTER 1 W_VALID_RDY Handshake beat=1 wlast=0
[1275000] [MASTER DRIVER] READ mst_id=1 s_id=0 araddr=a3c7820 arid=2 arlen=1 arsize=3 arburst=1 rid=[22] rresp=[00] rdata=[baadf00d12345678baadf00d12345678]
[1275000] SCOREBOARD MATCH: decode_err expected = 0, actual =0
[1275000] SCOREBOARD MATCH: slave_id expected = 0, actual =0
[1275000] SCOREBOARD MATCH: araddr passthrough expected = a3c7820, actual =a3c7820
[1275000] SCOREBOARD MATCH: arlen passthrough expected = 1, actual =1
[1275000] SCOREBOARD MATCH: arsize passthrough expected = 3, actual =3
[1275000] SCOREBOARD MATCH: arburst passthrough expected = 1, actual =1
[1275000] SCOREBOARD MATCH: rdata size check expected = 2, actual =2
[1275000] SCOREBOARD MATCH: rdata passthrough beat=0 expected = baadf00d12345678, actual =baadf00d12345678
[1275000] SCOREBOARD MATCH: rdata passthrough beat=1 expected = baadf00d12345678, actual =baadf00d12345678
[1275000] SCOREBOARD MATCH: rresp size check expected = 2, actual =2
[1275000] SCOREBOARD MATCH: rresp passthrough beat=0 expected = 0, actual =0
[1275000] SCOREBOARD MATCH: rresp passthrough beat=1 expected = 0, actual =0
[1275000] SCOREBOARD MATCH: response routed to correct master (read beat 0) expected = 1, actual =1
[1275000] SCOREBOARD MATCH: response routed to correct master (read beat 1) expected = 1, actual =1
[1275000] [SCOREBOARD-M] READ mst_id=1 s_id=0 araddr=a3c7820 arid=2 arlen=1 arsize=3 arburst=1 rid=[22] rresp=[00] rdata=[baadf00d12345678baadf00d12345678]
[1275000] [SCOREBOARD-S] READ mst_id=1 s_id=0 araddr=a3c7820 arid=2 arlen=1 arsize=3 arburst=1 rid=[1212] rresp=[00] rdata=[baadf00d12345678baadf00d12345678]
[1275000] SCOREBOARD: Transaction 4 received. pass=298 fail=0
[1275000] ALL PASS. Total transactions: 4
[1285000] MASTER 1 W_VALID_RDY Handshake beat=2 wlast=0
[1285000] S1 MEMORY WRITE beat=1 addr=176b635c data=cb67229e815e709f id=19
[1295000] S1 MEMORY WRITE beat=2 addr=176b6360 data=eb3c8b84c4bc3414 id=19
[1295000] MASTER 1 W_VALID_RDY Handshake beat=3 wlast=0
[1305000] MASTER 1 W_VALID_RDY Handshake beat=4 wlast=0
[1305000] S1 MEMORY WRITE beat=3 addr=176b6364 data=ff052008beddd765 id=19
[1315000] S1 MEMORY WRITE beat=4 addr=176b6368 data=c03c4805cc0812d4 id=19
[1315000] MASTER 1 W_VALID_RDY Handshake beat=5 wlast=0
[1325000] MASTER 1 W_VALID_RDY Handshake beat=6 wlast=0
[1325000] S1 MEMORY WRITE beat=5 addr=176b636c data=10c446e9ca6c42a6 id=19
[1335000] S1 MEMORY WRITE beat=6 addr=176b6370 data=094a1a0cab78d389 id=19
[1335000] MASTER 1 W_VALID_RDY Handshake beat=7 wlast=0
[1345000] MASTER 1 W_VALID_RDY Handshake beat=8 wlast=0
[1345000] S1 MEMORY WRITE beat=7 addr=176b6374 data=f780e65e0fc966f1 id=19
[1355000] S1 MEMORY WRITE beat=8 addr=176b6378 data=da35a997c9866211 id=19
[1355000] MASTER 1 W_VALID_RDY Handshake beat=9 wlast=0
[1365000] MASTER 1 W_VALID_RDY Handshake beat=10 wlast=0
[1365000] S1 MEMORY WRITE beat=9 addr=176b637c data=f4ff359a08452d47 id=19
[1375000] S1 MEMORY WRITE beat=10 addr=176b6380 data=180e9438e37fc3a3 id=19
[1375000] MASTER 1 W_VALID_RDY Handshake beat=11 wlast=0
[1385000] MASTER 1 W_VALID_RDY Handshake beat=12 wlast=0
[1385000] S1 MEMORY WRITE beat=11 addr=176b6384 data=ad0625b4ec801bf8 id=19
[1395000] S1 MEMORY WRITE beat=12 addr=176b6388 data=f4c5493ff2443dcf id=19
[1395000] MASTER 1 W_VALID_RDY Handshake beat=13 wlast=0
[1405000] MASTER 1 W_VALID_RDY Handshake beat=14 wlast=0
[1405000] S1 MEMORY WRITE beat=13 addr=176b638c data=d5c4017322055b4f id=19
[1415000] S1 MEMORY WRITE beat=14 addr=176b6390 data=8e8577478cd3dd77 id=19
[1415000] MASTER 1 W_VALID_RDY Handshake beat=15 wlast=0
[1425000] MASTER 1 W_VALID_RDY Handshake beat=16 wlast=0
[1425000] S1 MEMORY WRITE beat=15 addr=176b6394 data=ff181b4782ca2727 id=19
[1435000] S1 MEMORY WRITE beat=16 addr=176b6398 data=a4cf8276034ac087 id=19
[1435000] MASTER 1 W_VALID_RDY Handshake beat=17 wlast=0
[1445000] MASTER 1 W_VALID_RDY Handshake beat=18 wlast=0
[1445000] S1 MEMORY WRITE beat=17 addr=176b639c data=901e9dfed4dc1cba id=19
[1455000] S1 MEMORY WRITE beat=18 addr=176b63a0 data=d7a643e13354f9be id=19
[1455000] MASTER 1 W_VALID_RDY Handshake beat=19 wlast=0
[1465000] MASTER 1 W_VALID_RDY Handshake beat=20 wlast=0
[1465000] S1 MEMORY WRITE beat=19 addr=176b63a4 data=369fba458f36b945 id=19
[1475000] S1 MEMORY WRITE beat=20 addr=176b63a8 data=e412d5fffc75c658 id=19
[1475000] MASTER 1 W_VALID_RDY Handshake beat=21 wlast=0
[1485000] MASTER 1 W_VALID_RDY Handshake beat=22 wlast=0
[1485000] S1 MEMORY WRITE beat=21 addr=176b63ac data=2fcac016c6be5843 id=19
[1495000] S1 MEMORY WRITE beat=22 addr=176b63b0 data=d5f511893bb919e1 id=19
[1495000] MASTER 1 W_VALID_RDY Handshake beat=23 wlast=0
[1505000] MASTER 1 W_VALID_RDY Handshake beat=24 wlast=0
[1505000] S1 MEMORY WRITE beat=23 addr=176b63b4 data=382ee039e66a7a5b id=19
[1515000] S1 MEMORY WRITE beat=24 addr=176b63b8 data=ad28d29eba07e788 id=19
[1515000] MASTER 1 W_VALID_RDY Handshake beat=25 wlast=0
[1525000] MASTER 1 W_VALID_RDY Handshake beat=26 wlast=0
[1525000] S1 MEMORY WRITE beat=25 addr=176b63bc data=f5c10169e7f9a04f id=19
[1535000] S1 MEMORY WRITE beat=26 addr=176b63c0 data=ce641aaa831de427 id=19
[1535000] MASTER 1 W_VALID_RDY Handshake beat=27 wlast=0
[1545000] MASTER 1 W_VALID_RDY Handshake beat=28 wlast=0
[1545000] S1 MEMORY WRITE beat=27 addr=176b63c4 data=3d25cbb0adefe1a2 id=19
[1555000] S1 MEMORY WRITE beat=28 addr=176b63c8 data=95e981f1fb8ced48 id=19
[1555000] MASTER 1 W_VALID_RDY Handshake beat=29 wlast=0
[1565000] MASTER 1 W_VALID_RDY Handshake beat=30 wlast=0
[1565000] S1 MEMORY WRITE beat=29 addr=176b63cc data=feaad170b2e6cd19 id=19
[1575000] S1 MEMORY WRITE beat=30 addr=176b63d0 data=e0d6aebce44d9c9b id=19
[1575000] MASTER 1 W_VALID_RDY Handshake beat=31 wlast=0
[1585000] MASTER 1 W_VALID_RDY Handshake beat=32 wlast=0
[1585000] S1 MEMORY WRITE beat=31 addr=176b63d4 data=dfda89e43bd09d20 id=19
[1595000] S1 MEMORY WRITE beat=32 addr=176b63d8 data=eeb76a39f6c030ad id=19
[1595000] MASTER 1 W_VALID_RDY Handshake beat=33 wlast=0
[1605000] MASTER 1 W_VALID_RDY Handshake beat=34 wlast=0
[1605000] S1 MEMORY WRITE beat=33 addr=176b63dc data=db0dcd49de855b54 id=19
[1615000] S1 MEMORY WRITE beat=34 addr=176b63e0 data=1a55f874cf8e18f5 id=19
[1615000] MASTER 1 W_VALID_RDY Handshake beat=35 wlast=0
[1625000] MASTER 1 W_VALID_RDY Handshake beat=36 wlast=0
[1625000] S1 MEMORY WRITE beat=35 addr=176b63e4 data=c64e49a33ae8572d id=19
[1635000] S1 MEMORY WRITE beat=36 addr=176b63e8 data=196db281890d62ad id=19
[1635000] MASTER 1 W_VALID_RDY Handshake beat=37 wlast=0
[1645000] MASTER 1 W_VALID_RDY Handshake beat=38 wlast=0
[1645000] S1 MEMORY WRITE beat=37 addr=176b63ec data=d89b7ba3215c16ec id=19
[1655000] S1 MEMORY WRITE beat=38 addr=176b63f0 data=dc446e1933c3aaf5 id=19
[1655000] MASTER 1 W_VALID_RDY Handshake beat=39 wlast=0
[1665000] MASTER 1 W_VALID_RDY Handshake beat=40 wlast=0
[1665000] S1 MEMORY WRITE beat=39 addr=176b63f4 data=bcd10da21ee9c546 id=19
[1675000] S1 MEMORY WRITE beat=40 addr=176b63f8 data=c045dc32f5b2209a id=19
[1675000] MASTER 1 W_VALID_RDY Handshake beat=41 wlast=0
[1685000] MASTER 1 W_VALID_RDY Handshake beat=42 wlast=0
[1685000] S1 MEMORY WRITE beat=41 addr=176b63fc data=2975cb8f956c8945 id=19
[1695000] S1 MEMORY WRITE beat=42 addr=176b6400 data=b4564e8b1c8a4a4b id=19
[1695000] MASTER 1 W_VALID_RDY Handshake beat=43 wlast=0
[1705000] MASTER 1 W_VALID_RDY Handshake beat=44 wlast=0
[1705000] S1 MEMORY WRITE beat=43 addr=176b6404 data=123c6ae5e646d931 id=19
[1715000] S1 MEMORY WRITE beat=44 addr=176b6408 data=fbb36277f49c2abd id=19
[1715000] MASTER 1 W_VALID_RDY Handshake beat=45 wlast=0
[1725000] MASTER 1 W_VALID_RDY Handshake beat=46 wlast=0
[1725000] S1 MEMORY WRITE beat=45 addr=176b640c data=912675083bb23674 id=19
[1735000] S1 MEMORY WRITE beat=46 addr=176b6410 data=a1f90fa5b009b102 id=19
[1735000] MASTER 1 W_VALID_RDY Handshake beat=47 wlast=0
[1745000] MASTER 1 W_VALID_RDY Handshake beat=48 wlast=0
[1745000] S1 MEMORY WRITE beat=47 addr=176b6414 data=24a5dbc0a362dfed id=19
[1755000] S1 MEMORY WRITE beat=48 addr=176b6418 data=df1516619dac721c id=19
[1755000] MASTER 1 W_VALID_RDY Handshake beat=49 wlast=0
[1765000] MASTER 1 W_VALID_RDY Handshake beat=50 wlast=0
[1765000] S1 MEMORY WRITE beat=49 addr=176b641c data=cdb6231fb5cc50c8 id=19
[1775000] S1 MEMORY WRITE beat=50 addr=176b6420 data=d92f30b6010e2607 id=19
[1775000] MASTER 1 W_VALID_RDY Handshake beat=51 wlast=0
[1785000] MASTER 1 W_VALID_RDY Handshake beat=52 wlast=0
[1785000] S1 MEMORY WRITE beat=51 addr=176b6424 data=9eba9823f25bfedf id=19
[1795000] S1 MEMORY WRITE beat=52 addr=176b6428 data=a8284fa7b8444717 id=19
[1795000] MASTER 1 W_VALID_RDY Handshake beat=53 wlast=0
[1805000] MASTER 1 W_VALID_RDY Handshake beat=54 wlast=0
[1805000] S1 MEMORY WRITE beat=53 addr=176b642c data=b9526d1eec70bb42 id=19
[1815000] S1 MEMORY WRITE beat=54 addr=176b6430 data=deccba218157805d id=19
[1815000] MASTER 1 W_VALID_RDY Handshake beat=55 wlast=0
[1825000] MASTER 1 W_VALID_RDY Handshake beat=56 wlast=0
[1825000] S1 MEMORY WRITE beat=55 addr=176b6434 data=399bc775d80d0542 id=19
[1835000] S1 MEMORY WRITE beat=56 addr=176b6438 data=c47dc08406f509c9 id=19
[1835000] MASTER 1 W_VALID_RDY Handshake beat=57 wlast=0
[1845000] MASTER 1 W_VALID_RDY Handshake beat=58 wlast=0
[1845000] S1 MEMORY WRITE beat=57 addr=176b643c data=884c8a26f2ee3493 id=19
[1855000] S1 MEMORY WRITE beat=58 addr=176b6440 data=cafb39d5234a7aa6 id=19
[1855000] MASTER 1 W_VALID_RDY Handshake beat=59 wlast=0
[1865000] MASTER 1 W_VALID_RDY Handshake beat=60 wlast=0
[1865000] S1 MEMORY WRITE beat=59 addr=176b6444 data=2a3f846fc1e8519b id=19
[1875000] S1 MEMORY WRITE beat=60 addr=176b6448 data=34d6862f0f78fa5a id=19
[1875000] MASTER 1 W_VALID_RDY Handshake beat=61 wlast=0
[1885000] MASTER 1 W_VALID_RDY Handshake beat=62 wlast=0
[1885000] S1 MEMORY WRITE beat=61 addr=176b644c data=32c37500b28c0e95 id=19
[1895000] S1 MEMORY WRITE beat=62 addr=176b6450 data=f4746031ffd1c004 id=19
[1895000] MASTER 1 W_VALID_RDY Handshake beat=63 wlast=0
[1905000] MASTER 1 W_VALID_RDY Handshake beat=64 wlast=0
[1905000] S1 MEMORY WRITE beat=63 addr=176b6454 data=8f4aba5edd02f96f id=19
[1915000] S1 MEMORY WRITE beat=64 addr=176b6458 data=8f8f0804294ae660 id=19
[1915000] MASTER 1 W_VALID_RDY Handshake beat=65 wlast=0
[1925000] MASTER 1 W_VALID_RDY Handshake beat=66 wlast=0
[1925000] S1 MEMORY WRITE beat=65 addr=176b645c data=a91ca664c20e2f5e id=19
[1935000] S1 MEMORY WRITE beat=66 addr=176b6460 data=9f1128cd84036835 id=19
[1935000] MASTER 1 W_VALID_RDY Handshake beat=67 wlast=0
[1945000] MASTER 1 W_VALID_RDY Handshake beat=68 wlast=0
[1945000] S1 MEMORY WRITE beat=67 addr=176b6464 data=ad4e4e95386760c3 id=19
[1955000] S1 MEMORY WRITE beat=68 addr=176b6468 data=fa7590212ea030d2 id=19
[1955000] MASTER 1 W_VALID_RDY Handshake beat=69 wlast=0
[1965000] MASTER 1 W_VALID_RDY Handshake beat=70 wlast=0
[1965000] S1 MEMORY WRITE beat=69 addr=176b646c data=b2a39907d66af4fa id=19
[1975000] S1 MEMORY WRITE beat=70 addr=176b6470 data=0ed255bd1986b8ef id=19
[1975000] MASTER 1 W_VALID_RDY Handshake beat=71 wlast=0
[1985000] MASTER 1 W_VALID_RDY Handshake beat=72 wlast=0
[1985000] S1 MEMORY WRITE beat=71 addr=176b6474 data=c826e9c1dff1e79d id=19
[1995000] S1 MEMORY WRITE beat=72 addr=176b6478 data=365cdc978947e5de id=19
[1995000] MASTER 1 W_VALID_RDY Handshake beat=73 wlast=0
[2005000] MASTER 1 W_VALID_RDY Handshake beat=74 wlast=0
[2005000] S1 MEMORY WRITE beat=73 addr=176b647c data=a2ce9ecdfaca82c8 id=19
[2015000] S1 MEMORY WRITE beat=74 addr=176b6480 data=dabc6a65c52f3254 id=19
[2015000] MASTER 1 W_VALID_RDY Handshake beat=75 wlast=0
[2025000] MASTER 1 W_VALID_RDY Handshake beat=76 wlast=0
[2025000] S1 MEMORY WRITE beat=75 addr=176b6484 data=ce771832eaf5888e id=19
[2035000] S1 MEMORY WRITE beat=76 addr=176b6488 data=e5c00b57911946fc id=19
[2035000] MASTER 1 W_VALID_RDY Handshake beat=77 wlast=0
[2045000] MASTER 1 W_VALID_RDY Handshake beat=78 wlast=0
[2045000] S1 MEMORY WRITE beat=77 addr=176b648c data=d6487950f145b700 id=19
[2055000] S1 MEMORY WRITE beat=78 addr=176b6490 data=dc3b3f8ec07c75bc id=19
[2055000] MASTER 1 W_VALID_RDY Handshake beat=79 wlast=0
[2065000] MASTER 1 W_VALID_RDY Handshake beat=80 wlast=0
[2065000] S1 MEMORY WRITE beat=79 addr=176b6494 data=d195bcb924bf9183 id=19
[2075000] S1 MEMORY WRITE beat=80 addr=176b6498 data=16054883c1fb4ae5 id=19
[2075000] MASTER 1 W_VALID_RDY Handshake beat=81 wlast=0
[2085000] MASTER 1 W_VALID_RDY Handshake beat=82 wlast=0
[2085000] S1 MEMORY WRITE beat=81 addr=176b649c data=0277c0a2a7de3609 id=19
[2095000] S1 MEMORY WRITE beat=82 addr=176b64a0 data=cc9dc78cf2408811 id=19
[2095000] MASTER 1 W_VALID_RDY Handshake beat=83 wlast=0
[2105000] MASTER 1 W_VALID_RDY Handshake beat=84 wlast=0
[2105000] S1 MEMORY WRITE beat=83 addr=176b64a4 data=343bd2f7d40d7d5b id=19
[2115000] S1 MEMORY WRITE beat=84 addr=176b64a8 data=fbebb364e2a3100f id=19
[2115000] MASTER 1 W_VALID_RDY Handshake beat=85 wlast=0
[2125000] MASTER 1 W_VALID_RDY Handshake beat=86 wlast=0
[2125000] S1 MEMORY WRITE beat=85 addr=176b64ac data=d4e3982136b39399 id=19
[2135000] S1 MEMORY WRITE beat=86 addr=176b64b0 data=0ac110f4c8897af1 id=19
[2135000] MASTER 1 W_VALID_RDY Handshake beat=87 wlast=0
[2145000] MASTER 1 W_VALID_RDY Handshake beat=88 wlast=0
[2145000] S1 MEMORY WRITE beat=87 addr=176b64b4 data=ab2c8b00091f6b18 id=19
[2155000] S1 MEMORY WRITE beat=88 addr=176b64b8 data=3fd2feb186acc458 id=19
[2155000] MASTER 1 W_VALID_RDY Handshake beat=89 wlast=0
[2165000] MASTER 1 W_VALID_RDY Handshake beat=90 wlast=0
[2165000] S1 MEMORY WRITE beat=89 addr=176b64bc data=cf363f4980102321 id=19
[2175000] S1 MEMORY WRITE beat=90 addr=176b64c0 data=892f8e39ca940fa5 id=19
[2175000] MASTER 1 W_VALID_RDY Handshake beat=91 wlast=0
[2185000] MASTER 1 W_VALID_RDY Handshake beat=92 wlast=0
[2185000] S1 MEMORY WRITE beat=91 addr=176b64c4 data=d140d3fdfa62ca4a id=19
[2195000] S1 MEMORY WRITE beat=92 addr=176b64c8 data=fa72ed6bc9028cea id=19
[2195000] MASTER 1 W_VALID_RDY Handshake beat=93 wlast=0
[2205000] MASTER 1 W_VALID_RDY Handshake beat=94 wlast=0
[2205000] S1 MEMORY WRITE beat=93 addr=176b64cc data=93969c8f20771347 id=19
[2215000] S1 MEMORY WRITE beat=94 addr=176b64d0 data=1ad9dd9103a27ba5 id=19
[2215000] MASTER 1 W_VALID_RDY Handshake beat=95 wlast=0
[2225000] MASTER 1 W_VALID_RDY Handshake beat=96 wlast=0
[2225000] S1 MEMORY WRITE beat=95 addr=176b64d4 data=cca5088fe4d7708d id=19
[2235000] S1 MEMORY WRITE beat=96 addr=176b64d8 data=054e83d4954ccafc id=19
[2235000] MASTER 1 W_VALID_RDY Handshake beat=97 wlast=0
[2245000] MASTER 1 W_VALID_RDY Handshake beat=98 wlast=0
[2245000] S1 MEMORY WRITE beat=97 addr=176b64dc data=98ef46a1e03ba51f id=19
[2255000] S1 MEMORY WRITE beat=98 addr=176b64e0 data=c51315ac20286165 id=19
[2255000] MASTER 1 W_VALID_RDY Handshake beat=99 wlast=0
[2265000] MASTER 1 W_VALID_RDY Handshake beat=100 wlast=0
[2265000] S1 MEMORY WRITE beat=99 addr=176b64e4 data=b5752c61e5944f31 id=19
[2275000] S1 MEMORY WRITE beat=100 addr=176b64e8 data=c5cff450ca619980 id=19
[2275000] MASTER 1 W_VALID_RDY Handshake beat=101 wlast=0
[2285000] MASTER 1 W_VALID_RDY Handshake beat=102 wlast=0
[2285000] S1 MEMORY WRITE beat=101 addr=176b64ec data=ea89fae5ce647303 id=19
[2295000] S1 MEMORY WRITE beat=102 addr=176b64f0 data=33f8c2340ae309fc id=19
[2295000] MASTER 1 W_VALID_RDY Handshake beat=103 wlast=0
[2305000] MASTER 1 W_VALID_RDY Handshake beat=104 wlast=0
[2305000] S1 MEMORY WRITE beat=103 addr=176b64f4 data=d544a37c9fff2746 id=19
[2315000] S1 MEMORY WRITE beat=104 addr=176b64f8 data=ee639a49f9c8b684 id=19
[2315000] MASTER 1 W_VALID_RDY Handshake beat=105 wlast=0
[2325000] MASTER 1 W_VALID_RDY Handshake beat=106 wlast=0
[2325000] S1 MEMORY WRITE beat=105 addr=176b64fc data=04abc0803fce9e61 id=19
[2335000] S1 MEMORY WRITE beat=106 addr=176b6500 data=dfcdc5a7a25c5c7d id=19
[2335000] MASTER 1 W_VALID_RDY Handshake beat=107 wlast=0
[2345000] MASTER 1 W_VALID_RDY Handshake beat=108 wlast=0
[2345000] S1 MEMORY WRITE beat=107 addr=176b6504 data=9c251301d9f063fc id=19
[2355000] S1 MEMORY WRITE beat=108 addr=176b6508 data=19bf025dce315ff1 id=19
[2355000] MASTER 1 W_VALID_RDY Handshake beat=109 wlast=0
[2365000] MASTER 1 W_VALID_RDY Handshake beat=110 wlast=0
[2365000] S1 MEMORY WRITE beat=109 addr=176b650c data=f08dbc6ea0d0d381 id=19
[2375000] S1 MEMORY WRITE beat=110 addr=176b6510 data=fac1377df98cc804 id=19
[2375000] MASTER 1 W_VALID_RDY Handshake beat=111 wlast=0
[2385000] MASTER 1 W_VALID_RDY Handshake beat=112 wlast=0
[2385000] S1 MEMORY WRITE beat=111 addr=176b6514 data=c7be27f50cb2cf70 id=19
[2395000] S1 MEMORY WRITE beat=112 addr=176b6518 data=ad83a2f1948039da id=19
[2395000] MASTER 1 W_VALID_RDY Handshake beat=113 wlast=0
[2405000] MASTER 1 W_VALID_RDY Handshake beat=114 wlast=0
[2405000] S1 MEMORY WRITE beat=113 addr=176b651c data=0e0d01df384be464 id=19
[2415000] S1 MEMORY WRITE beat=114 addr=176b6520 data=c4feb3d42844da6f id=19
[2415000] MASTER 1 W_VALID_RDY Handshake beat=115 wlast=0
[2425000] MASTER 1 W_VALID_RDY Handshake beat=116 wlast=0
[2425000] S1 MEMORY WRITE beat=115 addr=176b6524 data=bcc51449d5cb29d4 id=19
[2435000] S1 MEMORY WRITE beat=116 addr=176b6528 data=8e170e38f28256c5 id=19
[2435000] MASTER 1 W_VALID_RDY Handshake beat=117 wlast=0
[2445000] MASTER 1 W_VALID_RDY Handshake beat=118 wlast=0
[2445000] S1 MEMORY WRITE beat=117 addr=176b652c data=9ac73134cad21628 id=19
[2455000] S1 MEMORY WRITE beat=118 addr=176b6530 data=209d3ffdd315c20c id=19
[2455000] MASTER 1 W_VALID_RDY Handshake beat=119 wlast=0
[2465000] MASTER 1 W_VALID_RDY Handshake beat=120 wlast=0
[2465000] S1 MEMORY WRITE beat=119 addr=176b6534 data=c59818d2d78c457e id=19
[2475000] S1 MEMORY WRITE beat=120 addr=176b6538 data=a25e5ba6aeb44e35 id=19
[2475000] MASTER 1 W_VALID_RDY Handshake beat=121 wlast=0
[2485000] MASTER 1 W_VALID_RDY Handshake beat=122 wlast=0
[2485000] S1 MEMORY WRITE beat=121 addr=176b653c data=01ca1042e05f4a06 id=19
[2495000] S1 MEMORY WRITE beat=122 addr=176b6540 data=b7eb8f84c2fb9ba3 id=19
[2495000] MASTER 1 W_VALID_RDY Handshake beat=123 wlast=0
[2505000] MASTER 1 W_VALID_RDY Handshake beat=124 wlast=0
[2505000] S1 MEMORY WRITE beat=123 addr=176b6544 data=f1afe9d9c7622914 id=19
[2515000] S1 MEMORY WRITE beat=124 addr=176b6548 data=a7c1731ada49eb2b id=19
[2515000] MASTER 1 W_VALID_RDY Handshake beat=125 wlast=0
[2525000] MASTER 1 W_VALID_RDY Handshake beat=126 wlast=0
[2525000] S1 MEMORY WRITE beat=125 addr=176b654c data=9d4586cef379fa1b id=19
[2535000] S1 MEMORY WRITE beat=126 addr=176b6550 data=3adc232fdfad029f id=19
[2535000] MASTER 1 W_VALID_RDY Handshake beat=127 wlast=0
[2545000] MASTER 1 W_VALID_RDY Handshake beat=128 wlast=0
[2545000] S1 MEMORY WRITE beat=127 addr=176b6554 data=39f6edca8ef570a7 id=19
[2555000] S1 MEMORY WRITE beat=128 addr=176b6558 data=826f6ac2e29d9649 id=19
[2555000] MASTER 1 W_VALID_RDY Handshake beat=129 wlast=0
[2565000] MASTER 1 W_VALID_RDY Handshake beat=130 wlast=0
[2565000] S1 MEMORY WRITE beat=129 addr=176b655c data=c24a98e8d73c7498 id=19
[2575000] S1 MEMORY WRITE beat=130 addr=176b6560 data=e631e540bd4b8df1 id=19
[2575000] MASTER 1 W_VALID_RDY Handshake beat=131 wlast=0
[2585000] MASTER 1 W_VALID_RDY Handshake beat=132 wlast=0
[2585000] S1 MEMORY WRITE beat=131 addr=176b6564 data=1fe9243bfc4186b2 id=19
[2595000] S1 MEMORY WRITE beat=132 addr=176b6568 data=d37dfb4be8a15002 id=19
[2595000] MASTER 1 W_VALID_RDY Handshake beat=133 wlast=0
[2605000] MASTER 1 W_VALID_RDY Handshake beat=134 wlast=0
[2605000] S1 MEMORY WRITE beat=133 addr=176b656c data=25ecddf4e233bd23 id=19
[2615000] S1 MEMORY WRITE beat=134 addr=176b6570 data=de7543d639afe08b id=19
[2615000] MASTER 1 W_VALID_RDY Handshake beat=135 wlast=0
[2625000] MASTER 1 W_VALID_RDY Handshake beat=136 wlast=0
[2625000] S1 MEMORY WRITE beat=135 addr=176b6574 data=a251308dc5d6022f id=19
[2635000] S1 MEMORY WRITE beat=136 addr=176b6578 data=a809bf5231f33f21 id=19
[2635000] MASTER 1 W_VALID_RDY Handshake beat=137 wlast=0
[2645000] MASTER 1 W_VALID_RDY Handshake beat=138 wlast=0
[2645000] S1 MEMORY WRITE beat=137 addr=176b657c data=eba31facc83e0e81 id=19
[2655000] S1 MEMORY WRITE beat=138 addr=176b6580 data=8e1410b0867f0328 id=19
[2655000] MASTER 1 W_VALID_RDY Handshake beat=139 wlast=0
[2665000] MASTER 1 W_VALID_RDY Handshake beat=140 wlast=0
[2665000] S1 MEMORY WRITE beat=139 addr=176b6584 data=b87242498df45039 id=19
[2675000] S1 MEMORY WRITE beat=140 addr=176b6588 data=d6325ebb361dd003 id=19
[2675000] MASTER 1 W_VALID_RDY Handshake beat=141 wlast=0
[2685000] MASTER 1 W_VALID_RDY Handshake beat=142 wlast=0
[2685000] S1 MEMORY WRITE beat=141 addr=176b658c data=bc9cd32ba41561f5 id=19
[2695000] S1 MEMORY WRITE beat=142 addr=176b6590 data=3209b22fe4466f6b id=19
[2695000] MASTER 1 W_VALID_RDY Handshake beat=143 wlast=0
[2705000] MASTER 1 W_VALID_RDY Handshake beat=144 wlast=0
[2705000] S1 MEMORY WRITE beat=143 addr=176b6594 data=9a643f6ef50f1575 id=19
[2715000] S1 MEMORY WRITE beat=144 addr=176b6598 data=9924776a083c10ea id=19
[2715000] MASTER 1 W_VALID_RDY Handshake beat=145 wlast=0
[2725000] MASTER 1 W_VALID_RDY Handshake beat=146 wlast=0
[2725000] S1 MEMORY WRITE beat=145 addr=176b659c data=ec828055d701129a id=19
[2735000] S1 MEMORY WRITE beat=146 addr=176b65a0 data=cc10280fcb2e2999 id=19
[2735000] MASTER 1 W_VALID_RDY Handshake beat=147 wlast=0
[2745000] MASTER 1 W_VALID_RDY Handshake beat=148 wlast=0
[2745000] S1 MEMORY WRITE beat=147 addr=176b65a4 data=d36a3a8306e6bfc4 id=19
[2755000] S1 MEMORY WRITE beat=148 addr=176b65a8 data=dde7d25ee5349f79 id=19
[2755000] MASTER 1 W_VALID_RDY Handshake beat=149 wlast=0
[2765000] MASTER 1 W_VALID_RDY Handshake beat=150 wlast=0
[2765000] S1 MEMORY WRITE beat=149 addr=176b65ac data=3062c9133fecbad9 id=19
[2775000] S1 MEMORY WRITE beat=150 addr=176b65b0 data=c6d37a9d29f7fa6d id=19
[2775000] MASTER 1 W_VALID_RDY Handshake beat=151 wlast=0
[2785000] MASTER 1 W_VALID_RDY Handshake beat=152 wlast=0
[2785000] S1 MEMORY WRITE beat=151 addr=176b65b4 data=8f2c99e683cd0396 id=19
[2795000] S1 MEMORY WRITE beat=152 addr=176b65b8 data=c3b9be6f24bb4cfb id=19
[2795000] MASTER 1 W_VALID_RDY Handshake beat=153 wlast=0
[2805000] MASTER 1 W_VALID_RDY Handshake beat=154 wlast=0
[2805000] S1 MEMORY WRITE beat=153 addr=176b65bc data=ceb34768bf8f62f9 id=19
[2815000] S1 MEMORY WRITE beat=154 addr=176b65c0 data=c35c66908a8d390c id=19
[2815000] MASTER 1 W_VALID_RDY Handshake beat=155 wlast=0
[2825000] MASTER 1 W_VALID_RDY Handshake beat=156 wlast=0
[2825000] S1 MEMORY WRITE beat=155 addr=176b65c4 data=af488607dddfe14e id=19
[2835000] S1 MEMORY WRITE beat=156 addr=176b65c8 data=1d6f4448871624ff id=19
[2835000] MASTER 1 W_VALID_RDY Handshake beat=157 wlast=0
[2845000] MASTER 1 W_VALID_RDY Handshake beat=158 wlast=0
[2845000] S1 MEMORY WRITE beat=157 addr=176b65cc data=11a35e0cfdfbcd6f id=19
[2855000] S1 MEMORY WRITE beat=158 addr=176b65d0 data=dbdbaebee0cbaad8 id=19
[2855000] MASTER 1 W_VALID_RDY Handshake beat=159 wlast=0
[2865000] MASTER 1 W_VALID_RDY Handshake beat=160 wlast=0
[2865000] S1 MEMORY WRITE beat=159 addr=176b65d4 data=e7e1cfd7c0ebe413 id=19
[2875000] S1 MEMORY WRITE beat=160 addr=176b65d8 data=3ee7b183f94af306 id=19
[2875000] MASTER 1 W_VALID_RDY Handshake beat=161 wlast=0
[2885000] MASTER 1 W_VALID_RDY Handshake beat=162 wlast=0
[2885000] S1 MEMORY WRITE beat=161 addr=176b65dc data=da169ddef9852de3 id=19
[2895000] S1 MEMORY WRITE beat=162 addr=176b65e0 data=3a7111f71ac36041 id=19
[2895000] MASTER 1 W_VALID_RDY Handshake beat=163 wlast=0
[2905000] MASTER 1 W_VALID_RDY Handshake beat=164 wlast=0
[2905000] S1 MEMORY WRITE beat=163 addr=176b65e4 data=140e5347c1f86db5 id=19
[2915000] S1 MEMORY WRITE beat=164 addr=176b65e8 data=3b7d9b99f958c37a id=19
[2915000] MASTER 1 W_VALID_RDY Handshake beat=165 wlast=0
[2925000] MASTER 1 W_VALID_RDY Handshake beat=166 wlast=0
[2925000] S1 MEMORY WRITE beat=165 addr=176b65ec data=141c23bbee24f125 id=19
[2935000] S1 MEMORY WRITE beat=166 addr=176b65f0 data=b01d5edaf5eead90 id=19
[2935000] MASTER 1 W_VALID_RDY Handshake beat=167 wlast=0
[2945000] MASTER 1 W_VALID_RDY Handshake beat=168 wlast=0
[2945000] S1 MEMORY WRITE beat=167 addr=176b65f4 data=ef47710a282a7702 id=19
[2955000] S1 MEMORY WRITE beat=168 addr=176b65f8 data=164f6827eb9afa73 id=19
[2955000] MASTER 1 W_VALID_RDY Handshake beat=169 wlast=0
[2965000] MASTER 1 W_VALID_RDY Handshake beat=170 wlast=0
[2965000] S1 MEMORY WRITE beat=169 addr=176b65fc data=e189a803036394c5 id=19
[2975000] S1 MEMORY WRITE beat=170 addr=176b6600 data=2b8e0bc7c66cc701 id=19
[2975000] MASTER 1 W_VALID_RDY Handshake beat=171 wlast=1
[2985000] S1 MEMORY WRITE beat=171 addr=176b6604 data=3207c175d0d1190d id=19
[2995000] SLAVE1 sent B resp, id=9
[2995000] [SLAVE MONITOR] mst_id=1 s_id=1 awaddr=176b6358 awid=1001 awlen=171 awsize=2 awburst=1 wdata=[e0cb8750ba48ebf3 cb67229e815e709f eb3c8b84c4bc3414 ff052008beddd765 c03c4805cc0812d4 10c446e9ca6c42a6 94a1a0cab78d389 f780e65e0fc966f1 da35a997c9866211 f4ff359a08452d47 180e9438e37fc3a3 ad0625b4ec801bf8 f4c5493ff2443dcf d5c4017322055b4f 8e8577478cd3dd77 ff181b4782ca2727 a4cf8276034ac087 901e9dfed4dc1cba d7a643e13354f9be 369fba458f36b945 e412d5fffc75c658 2fcac016c6be5843 d5f511893bb919e1 382ee039e66a7a5b ad28d29eba07e788 f5c10169e7f9a04f ce641aaa831de427 3d25cbb0adefe1a2 95e981f1fb8ced48 feaad170b2e6cd19 e0d6aebce44d9c9b dfda89e43bd09d20 eeb76a39f6c030ad db0dcd49de855b54 1a55f874cf8e18f5 c64e49a33ae8572d 196db281890d62ad d89b7ba3215c16ec dc446e1933c3aaf5 bcd10da21ee9c546 c045dc32f5b2209a 2975cb8f956c8945 b4564e8b1c8a4a4b 123c6ae5e646d931 fbb36277f49c2abd 912675083bb23674 a1f90fa5b009b102 24a5dbc0a362dfed df1516619dac721c cdb6231fb5cc50c8 d92f30b6010e2607 9eba9823f25bfedf a8284fa7b8444717 b9526d1eec70bb42 deccba218157805d 399bc775d80d0542 c47dc08406f509c9 884c8a26f2ee3493 cafb39d5234a7aa6 2a3f846fc1e8519b 34d6862f0f78fa5a 32c37500b28c0e95 f4746031ffd1c004 8f4aba5edd02f96f 8f8f0804294ae660 a91ca664c20e2f5e 9f1128cd84036835 ad4e4e95386760c3 fa7590212ea030d2 b2a39907d66af4fa ed255bd1986b8ef c826e9c1dff1e79d 365cdc978947e5de a2ce9ecdfaca82c8 dabc6a65c52f3254 ce771832eaf5888e e5c00b57911946fc d6487950f145b700 dc3b3f8ec07c75bc d195bcb924bf9183 16054883c1fb4ae5 277c0a2a7de3609 cc9dc78cf2408811 343bd2f7d40d7d5b fbebb364e2a3100f d4e3982136b39399 ac110f4c8897af1 ab2c8b00091f6b18 3fd2feb186acc458 cf363f4980102321 892f8e39ca940fa5 d140d3fdfa62ca4a fa72ed6bc9028cea 93969c8f20771347 1ad9dd9103a27ba5 cca5088fe4d7708d 54e83d4954ccafc 98ef46a1e03ba51f c51315ac20286165 b5752c61e5944f31 c5cff450ca619980 ea89fae5ce647303 33f8c2340ae309fc d544a37c9fff2746 ee639a49f9c8b684 4abc0803fce9e61 dfcdc5a7a25c5c7d 9c251301d9f063fc 19bf025dce315ff1 f08dbc6ea0d0d381 fac1377df98cc804 c7be27f50cb2cf70 ad83a2f1948039da e0d01df384be464 c4feb3d42844da6f bcc51449d5cb29d4 8e170e38f28256c5 9ac73134cad21628 209d3ffdd315c20c c59818d2d78c457e a25e5ba6aeb44e35 1ca1042e05f4a06 b7eb8f84c2fb9ba3 f1afe9d9c7622914 a7c1731ada49eb2b 9d4586cef379fa1b 3adc232fdfad029f 39f6edca8ef570a7 826f6ac2e29d9649 c24a98e8d73c7498 e631e540bd4b8df1 1fe9243bfc4186b2 d37dfb4be8a15002 25ecddf4e233bd23 de7543d639afe08b a251308dc5d6022f a809bf5231f33f21 eba31facc83e0e81 8e1410b0867f0328 b87242498df45039 d6325ebb361dd003 bc9cd32ba41561f5 3209b22fe4466f6b 9a643f6ef50f1575 9924776a083c10ea ec828055d701129a cc10280fcb2e2999 d36a3a8306e6bfc4 dde7d25ee5349f79 3062c9133fecbad9 c6d37a9d29f7fa6d 8f2c99e683cd0396 c3b9be6f24bb4cfb ceb34768bf8f62f9 c35c66908a8d390c af488607dddfe14e 1d6f4448871624ff 11a35e0cfdfbcd6f dbdbaebee0cbaad8 e7e1cfd7c0ebe413 3ee7b183f94af306 da169ddef9852de3 3a7111f71ac36041 140e5347c1f86db5 3b7d9b99f958c37a 141c23bbee24f125 b01d5edaf5eead90 ef47710a282a7702 164f6827eb9afa73 e189a803036394c5 2b8e0bc7c66cc701 3207c175d0d1190d ] wstrb=[ee d2 78 ef 99 86 64 87 58 dd 77 f2 63 db 79 bb b8 f0 ad 1b cc 27 d7 84 17 84 a0 e3 ab 77 68 c3 fb 8 a6 a7 7f e 6a 7a 16 10 21 95 1f 8b 10 35 9c 31 cb bb bd db f0 59 c bb 14 c9 96 4 22 a3 c0 36 6c 56 3b 8f f9 fb c5 66 51 0 f5 4b fb ba b1 4d bb a6 98 b6 60 49 3 1b ef 9b d2 4f e4 d5 6b d3 71 3d 23 55 12 8e 29 83 cb 4c d9 dd da 2 61 a5 4e 3a 82 28 3c e3 cd 8a 1d 4f b2 59 33 7f e3 50 ce 95 aa 1 14 8d 52 e3 23 fc e4 37 89 36 1a ac 32 ff e4 bc 35 fe 68 68 fd 4c 24 33 4b 8c 9b 48 d9 bf 7b 24 4b 16 6c 24 d5 e8 ] bresp=0 bid=11001
[3015000] MASTER 1 B_VALID_RDY Handshake
[3015000] [MASTER MONITOR] mst_id=1 s_id=1 awaddr=176b6358 awid=1001 awlen=171 awsize=2 awburst=1 wdata=[e0cb8750ba48ebf3 cb67229e815e709f eb3c8b84c4bc3414 ff052008beddd765 c03c4805cc0812d4 10c446e9ca6c42a6 94a1a0cab78d389 f780e65e0fc966f1 da35a997c9866211 f4ff359a08452d47 180e9438e37fc3a3 ad0625b4ec801bf8 f4c5493ff2443dcf d5c4017322055b4f 8e8577478cd3dd77 ff181b4782ca2727 a4cf8276034ac087 901e9dfed4dc1cba d7a643e13354f9be 369fba458f36b945 e412d5fffc75c658 2fcac016c6be5843 d5f511893bb919e1 382ee039e66a7a5b ad28d29eba07e788 f5c10169e7f9a04f ce641aaa831de427 3d25cbb0adefe1a2 95e981f1fb8ced48 feaad170b2e6cd19 e0d6aebce44d9c9b dfda89e43bd09d20 eeb76a39f6c030ad db0dcd49de855b54 1a55f874cf8e18f5 c64e49a33ae8572d 196db281890d62ad d89b7ba3215c16ec dc446e1933c3aaf5 bcd10da21ee9c546 c045dc32f5b2209a 2975cb8f956c8945 b4564e8b1c8a4a4b 123c6ae5e646d931 fbb36277f49c2abd 912675083bb23674 a1f90fa5b009b102 24a5dbc0a362dfed df1516619dac721c cdb6231fb5cc50c8 d92f30b6010e2607 9eba9823f25bfedf a8284fa7b8444717 b9526d1eec70bb42 deccba218157805d 399bc775d80d0542 c47dc08406f509c9 884c8a26f2ee3493 cafb39d5234a7aa6 2a3f846fc1e8519b 34d6862f0f78fa5a 32c37500b28c0e95 f4746031ffd1c004 8f4aba5edd02f96f 8f8f0804294ae660 a91ca664c20e2f5e 9f1128cd84036835 ad4e4e95386760c3 fa7590212ea030d2 b2a39907d66af4fa ed255bd1986b8ef c826e9c1dff1e79d 365cdc978947e5de a2ce9ecdfaca82c8 dabc6a65c52f3254 ce771832eaf5888e e5c00b57911946fc d6487950f145b700 dc3b3f8ec07c75bc d195bcb924bf9183 16054883c1fb4ae5 277c0a2a7de3609 cc9dc78cf2408811 343bd2f7d40d7d5b fbebb364e2a3100f d4e3982136b39399 ac110f4c8897af1 ab2c8b00091f6b18 3fd2feb186acc458 cf363f4980102321 892f8e39ca940fa5 d140d3fdfa62ca4a fa72ed6bc9028cea 93969c8f20771347 1ad9dd9103a27ba5 cca5088fe4d7708d 54e83d4954ccafc 98ef46a1e03ba51f c51315ac20286165 b5752c61e5944f31 c5cff450ca619980 ea89fae5ce647303 33f8c2340ae309fc d544a37c9fff2746 ee639a49f9c8b684 4abc0803fce9e61 dfcdc5a7a25c5c7d 9c251301d9f063fc 19bf025dce315ff1 f08dbc6ea0d0d381 fac1377df98cc804 c7be27f50cb2cf70 ad83a2f1948039da e0d01df384be464 c4feb3d42844da6f bcc51449d5cb29d4 8e170e38f28256c5 9ac73134cad21628 209d3ffdd315c20c c59818d2d78c457e a25e5ba6aeb44e35 1ca1042e05f4a06 b7eb8f84c2fb9ba3 f1afe9d9c7622914 a7c1731ada49eb2b 9d4586cef379fa1b 3adc232fdfad029f 39f6edca8ef570a7 826f6ac2e29d9649 c24a98e8d73c7498 e631e540bd4b8df1 1fe9243bfc4186b2 d37dfb4be8a15002 25ecddf4e233bd23 de7543d639afe08b a251308dc5d6022f a809bf5231f33f21 eba31facc83e0e81 8e1410b0867f0328 b87242498df45039 d6325ebb361dd003 bc9cd32ba41561f5 3209b22fe4466f6b 9a643f6ef50f1575 9924776a083c10ea ec828055d701129a cc10280fcb2e2999 d36a3a8306e6bfc4 dde7d25ee5349f79 3062c9133fecbad9 c6d37a9d29f7fa6d 8f2c99e683cd0396 c3b9be6f24bb4cfb ceb34768bf8f62f9 c35c66908a8d390c af488607dddfe14e 1d6f4448871624ff 11a35e0cfdfbcd6f dbdbaebee0cbaad8 e7e1cfd7c0ebe413 3ee7b183f94af306 da169ddef9852de3 3a7111f71ac36041 140e5347c1f86db5 3b7d9b99f958c37a 141c23bbee24f125 b01d5edaf5eead90 ef47710a282a7702 164f6827eb9afa73 e189a803036394c5 2b8e0bc7c66cc701 3207c175d0d1190d ] wstrb=[ee d2 78 ef 99 86 64 87 58 dd 77 f2 63 db 79 bb b8 f0 ad 1b cc 27 d7 84 17 84 a0 e3 ab 77 68 c3 fb 8 a6 a7 7f e 6a 7a 16 10 21 95 1f 8b 10 35 9c 31 cb bb bd db f0 59 c bb 14 c9 96 4 22 a3 c0 36 6c 56 3b 8f f9 fb c5 66 51 0 f5 4b fb ba b1 4d bb a6 98 b6 60 49 3 1b ef 9b d2 4f e4 d5 6b d3 71 3d 23 55 12 8e 29 83 cb 4c d9 dd da 2 61 a5 4e 3a 82 28 3c e3 cd 8a 1d 4f b2 59 33 7f e3 50 ce 95 aa 1 14 8d 52 e3 23 fc e4 37 89 36 1a ac 32 ff e4 bc 35 fe 68 68 fd 4c 24 33 4b 8c 9b 48 d9 bf 7b 24 4b 16 6c 24 d5 e8 ] bresp=0 bid=1001
[3015000] MASTER 1 RECEIVED BRESP. BRESP=0
[3015000] [MASTER DRIVER] mst_id=1 s_id=0 awaddr=176b6358 awid=1001 awlen=171 awsize=2 awburst=1 wdata=[e0cb8750ba48ebf3 cb67229e815e709f eb3c8b84c4bc3414 ff052008beddd765 c03c4805cc0812d4 10c446e9ca6c42a6 94a1a0cab78d389 f780e65e0fc966f1 da35a997c9866211 f4ff359a08452d47 180e9438e37fc3a3 ad0625b4ec801bf8 f4c5493ff2443dcf d5c4017322055b4f 8e8577478cd3dd77 ff181b4782ca2727 a4cf8276034ac087 901e9dfed4dc1cba d7a643e13354f9be 369fba458f36b945 e412d5fffc75c658 2fcac016c6be5843 d5f511893bb919e1 382ee039e66a7a5b ad28d29eba07e788 f5c10169e7f9a04f ce641aaa831de427 3d25cbb0adefe1a2 95e981f1fb8ced48 feaad170b2e6cd19 e0d6aebce44d9c9b dfda89e43bd09d20 eeb76a39f6c030ad db0dcd49de855b54 1a55f874cf8e18f5 c64e49a33ae8572d 196db281890d62ad d89b7ba3215c16ec dc446e1933c3aaf5 bcd10da21ee9c546 c045dc32f5b2209a 2975cb8f956c8945 b4564e8b1c8a4a4b 123c6ae5e646d931 fbb36277f49c2abd 912675083bb23674 a1f90fa5b009b102 24a5dbc0a362dfed df1516619dac721c cdb6231fb5cc50c8 d92f30b6010e2607 9eba9823f25bfedf a8284fa7b8444717 b9526d1eec70bb42 deccba218157805d 399bc775d80d0542 c47dc08406f509c9 884c8a26f2ee3493 cafb39d5234a7aa6 2a3f846fc1e8519b 34d6862f0f78fa5a 32c37500b28c0e95 f4746031ffd1c004 8f4aba5edd02f96f 8f8f0804294ae660 a91ca664c20e2f5e 9f1128cd84036835 ad4e4e95386760c3 fa7590212ea030d2 b2a39907d66af4fa ed255bd1986b8ef c826e9c1dff1e79d 365cdc978947e5de a2ce9ecdfaca82c8 dabc6a65c52f3254 ce771832eaf5888e e5c00b57911946fc d6487950f145b700 dc3b3f8ec07c75bc d195bcb924bf9183 16054883c1fb4ae5 277c0a2a7de3609 cc9dc78cf2408811 343bd2f7d40d7d5b fbebb364e2a3100f d4e3982136b39399 ac110f4c8897af1 ab2c8b00091f6b18 3fd2feb186acc458 cf363f4980102321 892f8e39ca940fa5 d140d3fdfa62ca4a fa72ed6bc9028cea 93969c8f20771347 1ad9dd9103a27ba5 cca5088fe4d7708d 54e83d4954ccafc 98ef46a1e03ba51f c51315ac20286165 b5752c61e5944f31 c5cff450ca619980 ea89fae5ce647303 33f8c2340ae309fc d544a37c9fff2746 ee639a49f9c8b684 4abc0803fce9e61 dfcdc5a7a25c5c7d 9c251301d9f063fc 19bf025dce315ff1 f08dbc6ea0d0d381 fac1377df98cc804 c7be27f50cb2cf70 ad83a2f1948039da e0d01df384be464 c4feb3d42844da6f bcc51449d5cb29d4 8e170e38f28256c5 9ac73134cad21628 209d3ffdd315c20c c59818d2d78c457e a25e5ba6aeb44e35 1ca1042e05f4a06 b7eb8f84c2fb9ba3 f1afe9d9c7622914 a7c1731ada49eb2b 9d4586cef379fa1b 3adc232fdfad029f 39f6edca8ef570a7 826f6ac2e29d9649 c24a98e8d73c7498 e631e540bd4b8df1 1fe9243bfc4186b2 d37dfb4be8a15002 25ecddf4e233bd23 de7543d639afe08b a251308dc5d6022f a809bf5231f33f21 eba31facc83e0e81 8e1410b0867f0328 b87242498df45039 d6325ebb361dd003 bc9cd32ba41561f5 3209b22fe4466f6b 9a643f6ef50f1575 9924776a083c10ea ec828055d701129a cc10280fcb2e2999 d36a3a8306e6bfc4 dde7d25ee5349f79 3062c9133fecbad9 c6d37a9d29f7fa6d 8f2c99e683cd0396 c3b9be6f24bb4cfb ceb34768bf8f62f9 c35c66908a8d390c af488607dddfe14e 1d6f4448871624ff 11a35e0cfdfbcd6f dbdbaebee0cbaad8 e7e1cfd7c0ebe413 3ee7b183f94af306 da169ddef9852de3 3a7111f71ac36041 140e5347c1f86db5 3b7d9b99f958c37a 141c23bbee24f125 b01d5edaf5eead90 ef47710a282a7702 164f6827eb9afa73 e189a803036394c5 2b8e0bc7c66cc701 3207c175d0d1190d ] wstrb=[ee d2 78 ef 99 86 64 87 58 dd 77 f2 63 db 79 bb b8 f0 ad 1b cc 27 d7 84 17 84 a0 e3 ab 77 68 c3 fb 8 a6 a7 7f e 6a 7a 16 10 21 95 1f 8b 10 35 9c 31 cb bb bd db f0 59 c bb 14 c9 96 4 22 a3 c0 36 6c 56 3b 8f f9 fb c5 66 51 0 f5 4b fb ba b1 4d bb a6 98 b6 60 49 3 1b ef 9b d2 4f e4 d5 6b d3 71 3d 23 55 12 8e 29 83 cb 4c d9 dd da 2 61 a5 4e 3a 82 28 3c e3 cd 8a 1d 4f b2 59 33 7f e3 50 ce 95 aa 1 14 8d 52 e3 23 fc e4 37 89 36 1a ac 32 ff e4 bc 35 fe 68 68 fd 4c 24 33 4b 8c 9b 48 d9 bf 7b 24 4b 16 6c 24 d5 e8 ] bresp=0 bid=1001
[3015000] SCOREBOARD MATCH: decode_err expected = 0, actual =0
[3015000] SCOREBOARD MATCH: slave_id expected = 1, actual =1
[3015000] SCOREBOARD MATCH: awaddr passthrough expected = 176b6358, actual =176b6358
[3015000] SCOREBOARD MATCH: awlen passthrough expected = 171, actual =171
[3015000] SCOREBOARD MATCH: awsize passthrough expected = 2, actual =2
[3015000] SCOREBOARD MATCH: awburst passthrough expected = 1, actual =1
[3015000] SCOREBOARD MATCH: wdata size check expected = ac, actual =ac
[3015000] SCOREBOARD MATCH: wdata passthrough beat=0 expected = e0cb8750ba48ebf3, actual =e0cb8750ba48ebf3
[3015000] SCOREBOARD MATCH: wdata passthrough beat=1 expected = cb67229e815e709f, actual =cb67229e815e709f
[3015000] SCOREBOARD MATCH: wdata passthrough beat=2 expected = eb3c8b84c4bc3414, actual =eb3c8b84c4bc3414
[3015000] SCOREBOARD MATCH: wdata passthrough beat=3 expected = ff052008beddd765, actual =ff052008beddd765
[3015000] SCOREBOARD MATCH: wdata passthrough beat=4 expected = c03c4805cc0812d4, actual =c03c4805cc0812d4
[3015000] SCOREBOARD MATCH: wdata passthrough beat=5 expected = 10c446e9ca6c42a6, actual =10c446e9ca6c42a6
[3015000] SCOREBOARD MATCH: wdata passthrough beat=6 expected = 94a1a0cab78d389, actual =94a1a0cab78d389
[3015000] SCOREBOARD MATCH: wdata passthrough beat=7 expected = f780e65e0fc966f1, actual =f780e65e0fc966f1
[3015000] SCOREBOARD MATCH: wdata passthrough beat=8 expected = da35a997c9866211, actual =da35a997c9866211
[3015000] SCOREBOARD MATCH: wdata passthrough beat=9 expected = f4ff359a08452d47, actual =f4ff359a08452d47
[3015000] SCOREBOARD MATCH: wdata passthrough beat=10 expected = 180e9438e37fc3a3, actual =180e9438e37fc3a3
[3015000] SCOREBOARD MATCH: wdata passthrough beat=11 expected = ad0625b4ec801bf8, actual =ad0625b4ec801bf8
[3015000] SCOREBOARD MATCH: wdata passthrough beat=12 expected = f4c5493ff2443dcf, actual =f4c5493ff2443dcf
[3015000] SCOREBOARD MATCH: wdata passthrough beat=13 expected = d5c4017322055b4f, actual =d5c4017322055b4f
[3015000] SCOREBOARD MATCH: wdata passthrough beat=14 expected = 8e8577478cd3dd77, actual =8e8577478cd3dd77
[3015000] SCOREBOARD MATCH: wdata passthrough beat=15 expected = ff181b4782ca2727, actual =ff181b4782ca2727
[3015000] SCOREBOARD MATCH: wdata passthrough beat=16 expected = a4cf8276034ac087, actual =a4cf8276034ac087
[3015000] SCOREBOARD MATCH: wdata passthrough beat=17 expected = 901e9dfed4dc1cba, actual =901e9dfed4dc1cba
[3015000] SCOREBOARD MATCH: wdata passthrough beat=18 expected = d7a643e13354f9be, actual =d7a643e13354f9be
[3015000] SCOREBOARD MATCH: wdata passthrough beat=19 expected = 369fba458f36b945, actual =369fba458f36b945
[3015000] SCOREBOARD MATCH: wdata passthrough beat=20 expected = e412d5fffc75c658, actual =e412d5fffc75c658
[3015000] SCOREBOARD MATCH: wdata passthrough beat=21 expected = 2fcac016c6be5843, actual =2fcac016c6be5843
[3015000] SCOREBOARD MATCH: wdata passthrough beat=22 expected = d5f511893bb919e1, actual =d5f511893bb919e1
[3015000] SCOREBOARD MATCH: wdata passthrough beat=23 expected = 382ee039e66a7a5b, actual =382ee039e66a7a5b
[3015000] SCOREBOARD MATCH: wdata passthrough beat=24 expected = ad28d29eba07e788, actual =ad28d29eba07e788
[3015000] SCOREBOARD MATCH: wdata passthrough beat=25 expected = f5c10169e7f9a04f, actual =f5c10169e7f9a04f
[3015000] SCOREBOARD MATCH: wdata passthrough beat=26 expected = ce641aaa831de427, actual =ce641aaa831de427
[3015000] SCOREBOARD MATCH: wdata passthrough beat=27 expected = 3d25cbb0adefe1a2, actual =3d25cbb0adefe1a2
[3015000] SCOREBOARD MATCH: wdata passthrough beat=28 expected = 95e981f1fb8ced48, actual =95e981f1fb8ced48
[3015000] SCOREBOARD MATCH: wdata passthrough beat=29 expected = feaad170b2e6cd19, actual =feaad170b2e6cd19
[3015000] SCOREBOARD MATCH: wdata passthrough beat=30 expected = e0d6aebce44d9c9b, actual =e0d6aebce44d9c9b
[3015000] SCOREBOARD MATCH: wdata passthrough beat=31 expected = dfda89e43bd09d20, actual =dfda89e43bd09d20
[3015000] SCOREBOARD MATCH: wdata passthrough beat=32 expected = eeb76a39f6c030ad, actual =eeb76a39f6c030ad
[3015000] SCOREBOARD MATCH: wdata passthrough beat=33 expected = db0dcd49de855b54, actual =db0dcd49de855b54
[3015000] SCOREBOARD MATCH: wdata passthrough beat=34 expected = 1a55f874cf8e18f5, actual =1a55f874cf8e18f5
[3015000] SCOREBOARD MATCH: wdata passthrough beat=35 expected = c64e49a33ae8572d, actual =c64e49a33ae8572d
[3015000] SCOREBOARD MATCH: wdata passthrough beat=36 expected = 196db281890d62ad, actual =196db281890d62ad
[3015000] SCOREBOARD MATCH: wdata passthrough beat=37 expected = d89b7ba3215c16ec, actual =d89b7ba3215c16ec
[3015000] SCOREBOARD MATCH: wdata passthrough beat=38 expected = dc446e1933c3aaf5, actual =dc446e1933c3aaf5
[3015000] SCOREBOARD MATCH: wdata passthrough beat=39 expected = bcd10da21ee9c546, actual =bcd10da21ee9c546
[3015000] SCOREBOARD MATCH: wdata passthrough beat=40 expected = c045dc32f5b2209a, actual =c045dc32f5b2209a
[3015000] SCOREBOARD MATCH: wdata passthrough beat=41 expected = 2975cb8f956c8945, actual =2975cb8f956c8945
[3015000] SCOREBOARD MATCH: wdata passthrough beat=42 expected = b4564e8b1c8a4a4b, actual =b4564e8b1c8a4a4b
[3015000] SCOREBOARD MATCH: wdata passthrough beat=43 expected = 123c6ae5e646d931, actual =123c6ae5e646d931
[3015000] SCOREBOARD MATCH: wdata passthrough beat=44 expected = fbb36277f49c2abd, actual =fbb36277f49c2abd
[3015000] SCOREBOARD MATCH: wdata passthrough beat=45 expected = 912675083bb23674, actual =912675083bb23674
[3015000] SCOREBOARD MATCH: wdata passthrough beat=46 expected = a1f90fa5b009b102, actual =a1f90fa5b009b102
[3015000] SCOREBOARD MATCH: wdata passthrough beat=47 expected = 24a5dbc0a362dfed, actual =24a5dbc0a362dfed
[3015000] SCOREBOARD MATCH: wdata passthrough beat=48 expected = df1516619dac721c, actual =df1516619dac721c
[3015000] SCOREBOARD MATCH: wdata passthrough beat=49 expected = cdb6231fb5cc50c8, actual =cdb6231fb5cc50c8
[3015000] SCOREBOARD MATCH: wdata passthrough beat=50 expected = d92f30b6010e2607, actual =d92f30b6010e2607
[3015000] SCOREBOARD MATCH: wdata passthrough beat=51 expected = 9eba9823f25bfedf, actual =9eba9823f25bfedf
[3015000] SCOREBOARD MATCH: wdata passthrough beat=52 expected = a8284fa7b8444717, actual =a8284fa7b8444717
[3015000] SCOREBOARD MATCH: wdata passthrough beat=53 expected = b9526d1eec70bb42, actual =b9526d1eec70bb42
[3015000] SCOREBOARD MATCH: wdata passthrough beat=54 expected = deccba218157805d, actual =deccba218157805d
[3015000] SCOREBOARD MATCH: wdata passthrough beat=55 expected = 399bc775d80d0542, actual =399bc775d80d0542
[3015000] SCOREBOARD MATCH: wdata passthrough beat=56 expected = c47dc08406f509c9, actual =c47dc08406f509c9
[3015000] SCOREBOARD MATCH: wdata passthrough beat=57 expected = 884c8a26f2ee3493, actual =884c8a26f2ee3493
[3015000] SCOREBOARD MATCH: wdata passthrough beat=58 expected = cafb39d5234a7aa6, actual =cafb39d5234a7aa6
[3015000] SCOREBOARD MATCH: wdata passthrough beat=59 expected = 2a3f846fc1e8519b, actual =2a3f846fc1e8519b
[3015000] SCOREBOARD MATCH: wdata passthrough beat=60 expected = 34d6862f0f78fa5a, actual =34d6862f0f78fa5a
[3015000] SCOREBOARD MATCH: wdata passthrough beat=61 expected = 32c37500b28c0e95, actual =32c37500b28c0e95
[3015000] SCOREBOARD MATCH: wdata passthrough beat=62 expected = f4746031ffd1c004, actual =f4746031ffd1c004
[3015000] SCOREBOARD MATCH: wdata passthrough beat=63 expected = 8f4aba5edd02f96f, actual =8f4aba5edd02f96f
[3015000] SCOREBOARD MATCH: wdata passthrough beat=64 expected = 8f8f0804294ae660, actual =8f8f0804294ae660
[3015000] SCOREBOARD MATCH: wdata passthrough beat=65 expected = a91ca664c20e2f5e, actual =a91ca664c20e2f5e
[3015000] SCOREBOARD MATCH: wdata passthrough beat=66 expected = 9f1128cd84036835, actual =9f1128cd84036835
[3015000] SCOREBOARD MATCH: wdata passthrough beat=67 expected = ad4e4e95386760c3, actual =ad4e4e95386760c3
[3015000] SCOREBOARD MATCH: wdata passthrough beat=68 expected = fa7590212ea030d2, actual =fa7590212ea030d2
[3015000] SCOREBOARD MATCH: wdata passthrough beat=69 expected = b2a39907d66af4fa, actual =b2a39907d66af4fa
[3015000] SCOREBOARD MATCH: wdata passthrough beat=70 expected = ed255bd1986b8ef, actual =ed255bd1986b8ef
[3015000] SCOREBOARD MATCH: wdata passthrough beat=71 expected = c826e9c1dff1e79d, actual =c826e9c1dff1e79d
[3015000] SCOREBOARD MATCH: wdata passthrough beat=72 expected = 365cdc978947e5de, actual =365cdc978947e5de
[3015000] SCOREBOARD MATCH: wdata passthrough beat=73 expected = a2ce9ecdfaca82c8, actual =a2ce9ecdfaca82c8
[3015000] SCOREBOARD MATCH: wdata passthrough beat=74 expected = dabc6a65c52f3254, actual =dabc6a65c52f3254
[3015000] SCOREBOARD MATCH: wdata passthrough beat=75 expected = ce771832eaf5888e, actual =ce771832eaf5888e
[3015000] SCOREBOARD MATCH: wdata passthrough beat=76 expected = e5c00b57911946fc, actual =e5c00b57911946fc
[3015000] SCOREBOARD MATCH: wdata passthrough beat=77 expected = d6487950f145b700, actual =d6487950f145b700
[3015000] SCOREBOARD MATCH: wdata passthrough beat=78 expected = dc3b3f8ec07c75bc, actual =dc3b3f8ec07c75bc
[3015000] SCOREBOARD MATCH: wdata passthrough beat=79 expected = d195bcb924bf9183, actual =d195bcb924bf9183
[3015000] SCOREBOARD MATCH: wdata passthrough beat=80 expected = 16054883c1fb4ae5, actual =16054883c1fb4ae5
[3015000] SCOREBOARD MATCH: wdata passthrough beat=81 expected = 277c0a2a7de3609, actual =277c0a2a7de3609
[3015000] SCOREBOARD MATCH: wdata passthrough beat=82 expected = cc9dc78cf2408811, actual =cc9dc78cf2408811
[3015000] SCOREBOARD MATCH: wdata passthrough beat=83 expected = 343bd2f7d40d7d5b, actual =343bd2f7d40d7d5b
[3015000] SCOREBOARD MATCH: wdata passthrough beat=84 expected = fbebb364e2a3100f, actual =fbebb364e2a3100f
[3015000] SCOREBOARD MATCH: wdata passthrough beat=85 expected = d4e3982136b39399, actual =d4e3982136b39399
[3015000] SCOREBOARD MATCH: wdata passthrough beat=86 expected = ac110f4c8897af1, actual =ac110f4c8897af1
[3015000] SCOREBOARD MATCH: wdata passthrough beat=87 expected = ab2c8b00091f6b18, actual =ab2c8b00091f6b18
[3015000] SCOREBOARD MATCH: wdata passthrough beat=88 expected = 3fd2feb186acc458, actual =3fd2feb186acc458
[3015000] SCOREBOARD MATCH: wdata passthrough beat=89 expected = cf363f4980102321, actual =cf363f4980102321
[3015000] SCOREBOARD MATCH: wdata passthrough beat=90 expected = 892f8e39ca940fa5, actual =892f8e39ca940fa5
[3015000] SCOREBOARD MATCH: wdata passthrough beat=91 expected = d140d3fdfa62ca4a, actual =d140d3fdfa62ca4a
[3015000] SCOREBOARD MATCH: wdata passthrough beat=92 expected = fa72ed6bc9028cea, actual =fa72ed6bc9028cea
[3015000] SCOREBOARD MATCH: wdata passthrough beat=93 expected = 93969c8f20771347, actual =93969c8f20771347
[3015000] SCOREBOARD MATCH: wdata passthrough beat=94 expected = 1ad9dd9103a27ba5, actual =1ad9dd9103a27ba5
[3015000] SCOREBOARD MATCH: wdata passthrough beat=95 expected = cca5088fe4d7708d, actual =cca5088fe4d7708d
[3015000] SCOREBOARD MATCH: wdata passthrough beat=96 expected = 54e83d4954ccafc, actual =54e83d4954ccafc
[3015000] SCOREBOARD MATCH: wdata passthrough beat=97 expected = 98ef46a1e03ba51f, actual =98ef46a1e03ba51f
[3015000] SCOREBOARD MATCH: wdata passthrough beat=98 expected = c51315ac20286165, actual =c51315ac20286165
[3015000] SCOREBOARD MATCH: wdata passthrough beat=99 expected = b5752c61e5944f31, actual =b5752c61e5944f31
[3015000] SCOREBOARD MATCH: wdata passthrough beat=100 expected = c5cff450ca619980, actual =c5cff450ca619980
[3015000] SCOREBOARD MATCH: wdata passthrough beat=101 expected = ea89fae5ce647303, actual =ea89fae5ce647303
[3015000] SCOREBOARD MATCH: wdata passthrough beat=102 expected = 33f8c2340ae309fc, actual =33f8c2340ae309fc
[3015000] SCOREBOARD MATCH: wdata passthrough beat=103 expected = d544a37c9fff2746, actual =d544a37c9fff2746
[3015000] SCOREBOARD MATCH: wdata passthrough beat=104 expected = ee639a49f9c8b684, actual =ee639a49f9c8b684
[3015000] SCOREBOARD MATCH: wdata passthrough beat=105 expected = 4abc0803fce9e61, actual =4abc0803fce9e61
[3015000] SCOREBOARD MATCH: wdata passthrough beat=106 expected = dfcdc5a7a25c5c7d, actual =dfcdc5a7a25c5c7d
[3015000] SCOREBOARD MATCH: wdata passthrough beat=107 expected = 9c251301d9f063fc, actual =9c251301d9f063fc
[3015000] SCOREBOARD MATCH: wdata passthrough beat=108 expected = 19bf025dce315ff1, actual =19bf025dce315ff1
[3015000] SCOREBOARD MATCH: wdata passthrough beat=109 expected = f08dbc6ea0d0d381, actual =f08dbc6ea0d0d381
[3015000] SCOREBOARD MATCH: wdata passthrough beat=110 expected = fac1377df98cc804, actual =fac1377df98cc804
[3015000] SCOREBOARD MATCH: wdata passthrough beat=111 expected = c7be27f50cb2cf70, actual =c7be27f50cb2cf70
[3015000] SCOREBOARD MATCH: wdata passthrough beat=112 expected = ad83a2f1948039da, actual =ad83a2f1948039da
[3015000] SCOREBOARD MATCH: wdata passthrough beat=113 expected = e0d01df384be464, actual =e0d01df384be464
[3015000] SCOREBOARD MATCH: wdata passthrough beat=114 expected = c4feb3d42844da6f, actual =c4feb3d42844da6f
[3015000] SCOREBOARD MATCH: wdata passthrough beat=115 expected = bcc51449d5cb29d4, actual =bcc51449d5cb29d4
[3015000] SCOREBOARD MATCH: wdata passthrough beat=116 expected = 8e170e38f28256c5, actual =8e170e38f28256c5
[3015000] SCOREBOARD MATCH: wdata passthrough beat=117 expected = 9ac73134cad21628, actual =9ac73134cad21628
[3015000] SCOREBOARD MATCH: wdata passthrough beat=118 expected = 209d3ffdd315c20c, actual =209d3ffdd315c20c
[3015000] SCOREBOARD MATCH: wdata passthrough beat=119 expected = c59818d2d78c457e, actual =c59818d2d78c457e
[3015000] SCOREBOARD MATCH: wdata passthrough beat=120 expected = a25e5ba6aeb44e35, actual =a25e5ba6aeb44e35
[3015000] SCOREBOARD MATCH: wdata passthrough beat=121 expected = 1ca1042e05f4a06, actual =1ca1042e05f4a06
[3015000] SCOREBOARD MATCH: wdata passthrough beat=122 expected = b7eb8f84c2fb9ba3, actual =b7eb8f84c2fb9ba3
[3015000] SCOREBOARD MATCH: wdata passthrough beat=123 expected = f1afe9d9c7622914, actual =f1afe9d9c7622914
[3015000] SCOREBOARD MATCH: wdata passthrough beat=124 expected = a7c1731ada49eb2b, actual =a7c1731ada49eb2b
[3015000] SCOREBOARD MATCH: wdata passthrough beat=125 expected = 9d4586cef379fa1b, actual =9d4586cef379fa1b
[3015000] SCOREBOARD MATCH: wdata passthrough beat=126 expected = 3adc232fdfad029f, actual =3adc232fdfad029f
[3015000] SCOREBOARD MATCH: wdata passthrough beat=127 expected = 39f6edca8ef570a7, actual =39f6edca8ef570a7
[3015000] SCOREBOARD MATCH: wdata passthrough beat=128 expected = 826f6ac2e29d9649, actual =826f6ac2e29d9649
[3015000] SCOREBOARD MATCH: wdata passthrough beat=129 expected = c24a98e8d73c7498, actual =c24a98e8d73c7498
[3015000] SCOREBOARD MATCH: wdata passthrough beat=130 expected = e631e540bd4b8df1, actual =e631e540bd4b8df1
[3015000] SCOREBOARD MATCH: wdata passthrough beat=131 expected = 1fe9243bfc4186b2, actual =1fe9243bfc4186b2
[3015000] SCOREBOARD MATCH: wdata passthrough beat=132 expected = d37dfb4be8a15002, actual =d37dfb4be8a15002
[3015000] SCOREBOARD MATCH: wdata passthrough beat=133 expected = 25ecddf4e233bd23, actual =25ecddf4e233bd23
[3015000] SCOREBOARD MATCH: wdata passthrough beat=134 expected = de7543d639afe08b, actual =de7543d639afe08b
[3015000] SCOREBOARD MATCH: wdata passthrough beat=135 expected = a251308dc5d6022f, actual =a251308dc5d6022f
[3015000] SCOREBOARD MATCH: wdata passthrough beat=136 expected = a809bf5231f33f21, actual =a809bf5231f33f21
[3015000] SCOREBOARD MATCH: wdata passthrough beat=137 expected = eba31facc83e0e81, actual =eba31facc83e0e81
[3015000] SCOREBOARD MATCH: wdata passthrough beat=138 expected = 8e1410b0867f0328, actual =8e1410b0867f0328
[3015000] SCOREBOARD MATCH: wdata passthrough beat=139 expected = b87242498df45039, actual =b87242498df45039
[3015000] SCOREBOARD MATCH: wdata passthrough beat=140 expected = d6325ebb361dd003, actual =d6325ebb361dd003
[3015000] SCOREBOARD MATCH: wdata passthrough beat=141 expected = bc9cd32ba41561f5, actual =bc9cd32ba41561f5
[3015000] SCOREBOARD MATCH: wdata passthrough beat=142 expected = 3209b22fe4466f6b, actual =3209b22fe4466f6b
[3015000] SCOREBOARD MATCH: wdata passthrough beat=143 expected = 9a643f6ef50f1575, actual =9a643f6ef50f1575
[3015000] SCOREBOARD MATCH: wdata passthrough beat=144 expected = 9924776a083c10ea, actual =9924776a083c10ea
[3015000] SCOREBOARD MATCH: wdata passthrough beat=145 expected = ec828055d701129a, actual =ec828055d701129a
[3015000] SCOREBOARD MATCH: wdata passthrough beat=146 expected = cc10280fcb2e2999, actual =cc10280fcb2e2999
[3015000] SCOREBOARD MATCH: wdata passthrough beat=147 expected = d36a3a8306e6bfc4, actual =d36a3a8306e6bfc4
[3015000] SCOREBOARD MATCH: wdata passthrough beat=148 expected = dde7d25ee5349f79, actual =dde7d25ee5349f79
[3015000] SCOREBOARD MATCH: wdata passthrough beat=149 expected = 3062c9133fecbad9, actual =3062c9133fecbad9
[3015000] SCOREBOARD MATCH: wdata passthrough beat=150 expected = c6d37a9d29f7fa6d, actual =c6d37a9d29f7fa6d
[3015000] SCOREBOARD MATCH: wdata passthrough beat=151 expected = 8f2c99e683cd0396, actual =8f2c99e683cd0396
[3015000] SCOREBOARD MATCH: wdata passthrough beat=152 expected = c3b9be6f24bb4cfb, actual =c3b9be6f24bb4cfb
[3015000] SCOREBOARD MATCH: wdata passthrough beat=153 expected = ceb34768bf8f62f9, actual =ceb34768bf8f62f9
[3015000] SCOREBOARD MATCH: wdata passthrough beat=154 expected = c35c66908a8d390c, actual =c35c66908a8d390c
[3015000] SCOREBOARD MATCH: wdata passthrough beat=155 expected = af488607dddfe14e, actual =af488607dddfe14e
[3015000] SCOREBOARD MATCH: wdata passthrough beat=156 expected = 1d6f4448871624ff, actual =1d6f4448871624ff
[3015000] SCOREBOARD MATCH: wdata passthrough beat=157 expected = 11a35e0cfdfbcd6f, actual =11a35e0cfdfbcd6f
[3015000] SCOREBOARD MATCH: wdata passthrough beat=158 expected = dbdbaebee0cbaad8, actual =dbdbaebee0cbaad8
[3015000] SCOREBOARD MATCH: wdata passthrough beat=159 expected = e7e1cfd7c0ebe413, actual =e7e1cfd7c0ebe413
[3015000] SCOREBOARD MATCH: wdata passthrough beat=160 expected = 3ee7b183f94af306, actual =3ee7b183f94af306
[3015000] SCOREBOARD MATCH: wdata passthrough beat=161 expected = da169ddef9852de3, actual =da169ddef9852de3
[3015000] SCOREBOARD MATCH: wdata passthrough beat=162 expected = 3a7111f71ac36041, actual =3a7111f71ac36041
[3015000] SCOREBOARD MATCH: wdata passthrough beat=163 expected = 140e5347c1f86db5, actual =140e5347c1f86db5
[3015000] SCOREBOARD MATCH: wdata passthrough beat=164 expected = 3b7d9b99f958c37a, actual =3b7d9b99f958c37a
[3015000] SCOREBOARD MATCH: wdata passthrough beat=165 expected = 141c23bbee24f125, actual =141c23bbee24f125
[3015000] SCOREBOARD MATCH: wdata passthrough beat=166 expected = b01d5edaf5eead90, actual =b01d5edaf5eead90
[3015000] SCOREBOARD MATCH: wdata passthrough beat=167 expected = ef47710a282a7702, actual =ef47710a282a7702
[3015000] SCOREBOARD MATCH: wdata passthrough beat=168 expected = 164f6827eb9afa73, actual =164f6827eb9afa73
[3015000] SCOREBOARD MATCH: wdata passthrough beat=169 expected = e189a803036394c5, actual =e189a803036394c5
[3015000] SCOREBOARD MATCH: wdata passthrough beat=170 expected = 2b8e0bc7c66cc701, actual =2b8e0bc7c66cc701
[3015000] SCOREBOARD MATCH: wdata passthrough beat=171 expected = 3207c175d0d1190d, actual =3207c175d0d1190d
[3015000] SCOREBOARD MATCH: wstrb size check expected = ac, actual =ac
[3015000] SCOREBOARD MATCH: wstrb passthrough beat=0 expected = ee, actual =ee
[3015000] SCOREBOARD MATCH: wstrb passthrough beat=1 expected = d2, actual =d2
[3015000] SCOREBOARD MATCH: wstrb passthrough beat=2 expected = 78, actual =78
[3015000] SCOREBOARD MATCH: wstrb passthrough beat=3 expected = ef, actual =ef
[3015000] SCOREBOARD MATCH: wstrb passthrough beat=4 expected = 99, actual =99
[3015000] SCOREBOARD MATCH: wstrb passthrough beat=5 expected = 86, actual =86
[3015000] SCOREBOARD MATCH: wstrb passthrough beat=6 expected = 64, actual =64
[3015000] SCOREBOARD MATCH: wstrb passthrough beat=7 expected = 87, actual =87
[3015000] SCOREBOARD MATCH: wstrb passthrough beat=8 expected = 58, actual =58
[3015000] SCOREBOARD MATCH: wstrb passthrough beat=9 expected = dd, actual =dd
[3015000] SCOREBOARD MATCH: wstrb passthrough beat=10 expected = 77, actual =77
[3015000] SCOREBOARD MATCH: wstrb passthrough beat=11 expected = f2, actual =f2
[3015000] SCOREBOARD MATCH: wstrb passthrough beat=12 expected = 63, actual =63
[3015000] SCOREBOARD MATCH: wstrb passthrough beat=13 expected = db, actual =db
[3015000] SCOREBOARD MATCH: wstrb passthrough beat=14 expected = 79, actual =79
[3015000] SCOREBOARD MATCH: wstrb passthrough beat=15 expected = bb, actual =bb
[3015000] SCOREBOARD MATCH: wstrb passthrough beat=16 expected = b8, actual =b8
[3015000] SCOREBOARD MATCH: wstrb passthrough beat=17 expected = f0, actual =f0
[3015000] SCOREBOARD MATCH: wstrb passthrough beat=18 expected = ad, actual =ad
[3015000] SCOREBOARD MATCH: wstrb passthrough beat=19 expected = 1b, actual =1b
[3015000] SCOREBOARD MATCH: wstrb passthrough beat=20 expected = cc, actual =cc
[3015000] SCOREBOARD MATCH: wstrb passthrough beat=21 expected = 27, actual =27
[3015000] SCOREBOARD MATCH: wstrb passthrough beat=22 expected = d7, actual =d7
[3015000] SCOREBOARD MATCH: wstrb passthrough beat=23 expected = 84, actual =84
[3015000] SCOREBOARD MATCH: wstrb passthrough beat=24 expected = 17, actual =17
[3015000] SCOREBOARD MATCH: wstrb passthrough beat=25 expected = 84, actual =84
[3015000] SCOREBOARD MATCH: wstrb passthrough beat=26 expected = a0, actual =a0
[3015000] SCOREBOARD MATCH: wstrb passthrough beat=27 expected = e3, actual =e3
[3015000] SCOREBOARD MATCH: wstrb passthrough beat=28 expected = ab, actual =ab
[3015000] SCOREBOARD MATCH: wstrb passthrough beat=29 expected = 77, actual =77
[3015000] SCOREBOARD MATCH: wstrb passthrough beat=30 expected = 68, actual =68
[3015000] SCOREBOARD MATCH: wstrb passthrough beat=31 expected = c3, actual =c3
[3015000] SCOREBOARD MATCH: wstrb passthrough beat=32 expected = fb, actual =fb
[3015000] SCOREBOARD MATCH: wstrb passthrough beat=33 expected = 8, actual =8
[3015000] SCOREBOARD MATCH: wstrb passthrough beat=34 expected = a6, actual =a6
[3015000] SCOREBOARD MATCH: wstrb passthrough beat=35 expected = a7, actual =a7
[3015000] SCOREBOARD MATCH: wstrb passthrough beat=36 expected = 7f, actual =7f
[3015000] SCOREBOARD MATCH: wstrb passthrough beat=37 expected = e, actual =e
[3015000] SCOREBOARD MATCH: wstrb passthrough beat=38 expected = 6a, actual =6a
[3015000] SCOREBOARD MATCH: wstrb passthrough beat=39 expected = 7a, actual =7a
[3015000] SCOREBOARD MATCH: wstrb passthrough beat=40 expected = 16, actual =16
[3015000] SCOREBOARD MATCH: wstrb passthrough beat=41 expected = 10, actual =10
[3015000] SCOREBOARD MATCH: wstrb passthrough beat=42 expected = 21, actual =21
[3015000] SCOREBOARD MATCH: wstrb passthrough beat=43 expected = 95, actual =95
[3015000] SCOREBOARD MATCH: wstrb passthrough beat=44 expected = 1f, actual =1f
[3015000] SCOREBOARD MATCH: wstrb passthrough beat=45 expected = 8b, actual =8b
[3015000] SCOREBOARD MATCH: wstrb passthrough beat=46 expected = 10, actual =10
[3015000] SCOREBOARD MATCH: wstrb passthrough beat=47 expected = 35, actual =35
[3015000] SCOREBOARD MATCH: wstrb passthrough beat=48 expected = 9c, actual =9c
[3015000] SCOREBOARD MATCH: wstrb passthrough beat=49 expected = 31, actual =31
[3015000] SCOREBOARD MATCH: wstrb passthrough beat=50 expected = cb, actual =cb
[3015000] SCOREBOARD MATCH: wstrb passthrough beat=51 expected = bb, actual =bb
[3015000] SCOREBOARD MATCH: wstrb passthrough beat=52 expected = bd, actual =bd
[3015000] SCOREBOARD MATCH: wstrb passthrough beat=53 expected = db, actual =db
[3015000] SCOREBOARD MATCH: wstrb passthrough beat=54 expected = f0, actual =f0
[3015000] SCOREBOARD MATCH: wstrb passthrough beat=55 expected = 59, actual =59
[3015000] SCOREBOARD MATCH: wstrb passthrough beat=56 expected = c, actual =c
[3015000] SCOREBOARD MATCH: wstrb passthrough beat=57 expected = bb, actual =bb
[3015000] SCOREBOARD MATCH: wstrb passthrough beat=58 expected = 14, actual =14
[3015000] SCOREBOARD MATCH: wstrb passthrough beat=59 expected = c9, actual =c9
[3015000] SCOREBOARD MATCH: wstrb passthrough beat=60 expected = 96, actual =96
[3015000] SCOREBOARD MATCH: wstrb passthrough beat=61 expected = 4, actual =4
[3015000] SCOREBOARD MATCH: wstrb passthrough beat=62 expected = 22, actual =22
[3015000] SCOREBOARD MATCH: wstrb passthrough beat=63 expected = a3, actual =a3
[3015000] SCOREBOARD MATCH: wstrb passthrough beat=64 expected = c0, actual =c0
[3015000] SCOREBOARD MATCH: wstrb passthrough beat=65 expected = 36, actual =36
[3015000] SCOREBOARD MATCH: wstrb passthrough beat=66 expected = 6c, actual =6c
[3015000] SCOREBOARD MATCH: wstrb passthrough beat=67 expected = 56, actual =56
[3015000] SCOREBOARD MATCH: wstrb passthrough beat=68 expected = 3b, actual =3b
[3015000] SCOREBOARD MATCH: wstrb passthrough beat=69 expected = 8f, actual =8f
[3015000] SCOREBOARD MATCH: wstrb passthrough beat=70 expected = f9, actual =f9
[3015000] SCOREBOARD MATCH: wstrb passthrough beat=71 expected = fb, actual =fb
[3015000] SCOREBOARD MATCH: wstrb passthrough beat=72 expected = c5, actual =c5
[3015000] SCOREBOARD MATCH: wstrb passthrough beat=73 expected = 66, actual =66
[3015000] SCOREBOARD MATCH: wstrb passthrough beat=74 expected = 51, actual =51
[3015000] SCOREBOARD MATCH: wstrb passthrough beat=75 expected = 0, actual =0
[3015000] SCOREBOARD MATCH: wstrb passthrough beat=76 expected = f5, actual =f5
[3015000] SCOREBOARD MATCH: wstrb passthrough beat=77 expected = 4b, actual =4b
[3015000] SCOREBOARD MATCH: wstrb passthrough beat=78 expected = fb, actual =fb
[3015000] SCOREBOARD MATCH: wstrb passthrough beat=79 expected = ba, actual =ba
[3015000] SCOREBOARD MATCH: wstrb passthrough beat=80 expected = b1, actual =b1
[3015000] SCOREBOARD MATCH: wstrb passthrough beat=81 expected = 4d, actual =4d
[3015000] SCOREBOARD MATCH: wstrb passthrough beat=82 expected = bb, actual =bb
[3015000] SCOREBOARD MATCH: wstrb passthrough beat=83 expected = a6, actual =a6
[3015000] SCOREBOARD MATCH: wstrb passthrough beat=84 expected = 98, actual =98
[3015000] SCOREBOARD MATCH: wstrb passthrough beat=85 expected = b6, actual =b6
[3015000] SCOREBOARD MATCH: wstrb passthrough beat=86 expected = 60, actual =60
[3015000] SCOREBOARD MATCH: wstrb passthrough beat=87 expected = 49, actual =49
[3015000] SCOREBOARD MATCH: wstrb passthrough beat=88 expected = 3, actual =3
[3015000] SCOREBOARD MATCH: wstrb passthrough beat=89 expected = 1b, actual =1b
[3015000] SCOREBOARD MATCH: wstrb passthrough beat=90 expected = ef, actual =ef
[3015000] SCOREBOARD MATCH: wstrb passthrough beat=91 expected = 9b, actual =9b
[3015000] SCOREBOARD MATCH: wstrb passthrough beat=92 expected = d2, actual =d2
[3015000] SCOREBOARD MATCH: wstrb passthrough beat=93 expected = 4f, actual =4f
[3015000] SCOREBOARD MATCH: wstrb passthrough beat=94 expected = e4, actual =e4
[3015000] SCOREBOARD MATCH: wstrb passthrough beat=95 expected = d5, actual =d5
[3015000] SCOREBOARD MATCH: wstrb passthrough beat=96 expected = 6b, actual =6b
[3015000] SCOREBOARD MATCH: wstrb passthrough beat=97 expected = d3, actual =d3
[3015000] SCOREBOARD MATCH: wstrb passthrough beat=98 expected = 71, actual =71
[3015000] SCOREBOARD MATCH: wstrb passthrough beat=99 expected = 3d, actual =3d
[3015000] SCOREBOARD MATCH: wstrb passthrough beat=100 expected = 23, actual =23
[3015000] SCOREBOARD MATCH: wstrb passthrough beat=101 expected = 55, actual =55
[3015000] SCOREBOARD MATCH: wstrb passthrough beat=102 expected = 12, actual =12
[3015000] SCOREBOARD MATCH: wstrb passthrough beat=103 expected = 8e, actual =8e
[3015000] SCOREBOARD MATCH: wstrb passthrough beat=104 expected = 29, actual =29
[3015000] SCOREBOARD MATCH: wstrb passthrough beat=105 expected = 83, actual =83
[3015000] SCOREBOARD MATCH: wstrb passthrough beat=106 expected = cb, actual =cb
[3015000] SCOREBOARD MATCH: wstrb passthrough beat=107 expected = 4c, actual =4c
[3015000] SCOREBOARD MATCH: wstrb passthrough beat=108 expected = d9, actual =d9
[3015000] SCOREBOARD MATCH: wstrb passthrough beat=109 expected = dd, actual =dd
[3015000] SCOREBOARD MATCH: wstrb passthrough beat=110 expected = da, actual =da
[3015000] SCOREBOARD MATCH: wstrb passthrough beat=111 expected = 2, actual =2
[3015000] SCOREBOARD MATCH: wstrb passthrough beat=112 expected = 61, actual =61
[3015000] SCOREBOARD MATCH: wstrb passthrough beat=113 expected = a5, actual =a5
[3015000] SCOREBOARD MATCH: wstrb passthrough beat=114 expected = 4e, actual =4e
[3015000] SCOREBOARD MATCH: wstrb passthrough beat=115 expected = 3a, actual =3a
[3015000] SCOREBOARD MATCH: wstrb passthrough beat=116 expected = 82, actual =82
[3015000] SCOREBOARD MATCH: wstrb passthrough beat=117 expected = 28, actual =28
[3015000] SCOREBOARD MATCH: wstrb passthrough beat=118 expected = 3c, actual =3c
[3015000] SCOREBOARD MATCH: wstrb passthrough beat=119 expected = e3, actual =e3
[3015000] SCOREBOARD MATCH: wstrb passthrough beat=120 expected = cd, actual =cd
[3015000] SCOREBOARD MATCH: wstrb passthrough beat=121 expected = 8a, actual =8a
[3015000] SCOREBOARD MATCH: wstrb passthrough beat=122 expected = 1d, actual =1d
[3015000] SCOREBOARD MATCH: wstrb passthrough beat=123 expected = 4f, actual =4f
[3015000] SCOREBOARD MATCH: wstrb passthrough beat=124 expected = b2, actual =b2
[3015000] SCOREBOARD MATCH: wstrb passthrough beat=125 expected = 59, actual =59
[3015000] SCOREBOARD MATCH: wstrb passthrough beat=126 expected = 33, actual =33
[3015000] SCOREBOARD MATCH: wstrb passthrough beat=127 expected = 7f, actual =7f
[3015000] SCOREBOARD MATCH: wstrb passthrough beat=128 expected = e3, actual =e3
[3015000] SCOREBOARD MATCH: wstrb passthrough beat=129 expected = 50, actual =50
[3015000] SCOREBOARD MATCH: wstrb passthrough beat=130 expected = ce, actual =ce
[3015000] SCOREBOARD MATCH: wstrb passthrough beat=131 expected = 95, actual =95
[3015000] SCOREBOARD MATCH: wstrb passthrough beat=132 expected = aa, actual =aa
[3015000] SCOREBOARD MATCH: wstrb passthrough beat=133 expected = 1, actual =1
[3015000] SCOREBOARD MATCH: wstrb passthrough beat=134 expected = 14, actual =14
[3015000] SCOREBOARD MATCH: wstrb passthrough beat=135 expected = 8d, actual =8d
[3015000] SCOREBOARD MATCH: wstrb passthrough beat=136 expected = 52, actual =52
[3015000] SCOREBOARD MATCH: wstrb passthrough beat=137 expected = e3, actual =e3
[3015000] SCOREBOARD MATCH: wstrb passthrough beat=138 expected = 23, actual =23
[3015000] SCOREBOARD MATCH: wstrb passthrough beat=139 expected = fc, actual =fc
[3015000] SCOREBOARD MATCH: wstrb passthrough beat=140 expected = e4, actual =e4
[3015000] SCOREBOARD MATCH: wstrb passthrough beat=141 expected = 37, actual =37
[3015000] SCOREBOARD MATCH: wstrb passthrough beat=142 expected = 89, actual =89
[3015000] SCOREBOARD MATCH: wstrb passthrough beat=143 expected = 36, actual =36
[3015000] SCOREBOARD MATCH: wstrb passthrough beat=144 expected = 1a, actual =1a
[3015000] SCOREBOARD MATCH: wstrb passthrough beat=145 expected = ac, actual =ac
[3015000] SCOREBOARD MATCH: wstrb passthrough beat=146 expected = 32, actual =32
[3015000] SCOREBOARD MATCH: wstrb passthrough beat=147 expected = ff, actual =ff
[3015000] SCOREBOARD MATCH: wstrb passthrough beat=148 expected = e4, actual =e4
[3015000] SCOREBOARD MATCH: wstrb passthrough beat=149 expected = bc, actual =bc
[3015000] SCOREBOARD MATCH: wstrb passthrough beat=150 expected = 35, actual =35
[3015000] SCOREBOARD MATCH: wstrb passthrough beat=151 expected = fe, actual =fe
[3015000] SCOREBOARD MATCH: wstrb passthrough beat=152 expected = 68, actual =68
[3015000] SCOREBOARD MATCH: wstrb passthrough beat=153 expected = 68, actual =68
[3015000] SCOREBOARD MATCH: wstrb passthrough beat=154 expected = fd, actual =fd
[3015000] SCOREBOARD MATCH: wstrb passthrough beat=155 expected = 4c, actual =4c
[3015000] SCOREBOARD MATCH: wstrb passthrough beat=156 expected = 24, actual =24
[3015000] SCOREBOARD MATCH: wstrb passthrough beat=157 expected = 33, actual =33
[3015000] SCOREBOARD MATCH: wstrb passthrough beat=158 expected = 4b, actual =4b
[3015000] SCOREBOARD MATCH: wstrb passthrough beat=159 expected = 8c, actual =8c
[3015000] SCOREBOARD MATCH: wstrb passthrough beat=160 expected = 9b, actual =9b
[3015000] SCOREBOARD MATCH: wstrb passthrough beat=161 expected = 48, actual =48
[3015000] SCOREBOARD MATCH: wstrb passthrough beat=162 expected = d9, actual =d9
[3015000] SCOREBOARD MATCH: wstrb passthrough beat=163 expected = bf, actual =bf
[3015000] SCOREBOARD MATCH: wstrb passthrough beat=164 expected = 7b, actual =7b
[3015000] SCOREBOARD MATCH: wstrb passthrough beat=165 expected = 24, actual =24
[3015000] SCOREBOARD MATCH: wstrb passthrough beat=166 expected = 4b, actual =4b
[3015000] SCOREBOARD MATCH: wstrb passthrough beat=167 expected = 16, actual =16
[3015000] SCOREBOARD MATCH: wstrb passthrough beat=168 expected = 6c, actual =6c
[3015000] SCOREBOARD MATCH: wstrb passthrough beat=169 expected = 24, actual =24
[3015000] SCOREBOARD MATCH: wstrb passthrough beat=170 expected = d5, actual =d5
[3015000] SCOREBOARD MATCH: wstrb passthrough beat=171 expected = e8, actual =e8
[3015000] SCOREBOARD MATCH: bresp passthrough expected = 0, actual =0
[3015000] SCOREBOARD MATCH: response routed to correct master (write) expected = 1, actual =1
[3015000] [SCOREBOARD-M] mst_id=1 s_id=1 awaddr=176b6358 awid=1001 awlen=171 awsize=2 awburst=1 wdata=[e0cb8750ba48ebf3 cb67229e815e709f eb3c8b84c4bc3414 ff052008beddd765 c03c4805cc0812d4 10c446e9ca6c42a6 94a1a0cab78d389 f780e65e0fc966f1 da35a997c9866211 f4ff359a08452d47 180e9438e37fc3a3 ad0625b4ec801bf8 f4c5493ff2443dcf d5c4017322055b4f 8e8577478cd3dd77 ff181b4782ca2727 a4cf8276034ac087 901e9dfed4dc1cba d7a643e13354f9be 369fba458f36b945 e412d5fffc75c658 2fcac016c6be5843 d5f511893bb919e1 382ee039e66a7a5b ad28d29eba07e788 f5c10169e7f9a04f ce641aaa831de427 3d25cbb0adefe1a2 95e981f1fb8ced48 feaad170b2e6cd19 e0d6aebce44d9c9b dfda89e43bd09d20 eeb76a39f6c030ad db0dcd49de855b54 1a55f874cf8e18f5 c64e49a33ae8572d 196db281890d62ad d89b7ba3215c16ec dc446e1933c3aaf5 bcd10da21ee9c546 c045dc32f5b2209a 2975cb8f956c8945 b4564e8b1c8a4a4b 123c6ae5e646d931 fbb36277f49c2abd 912675083bb23674 a1f90fa5b009b102 24a5dbc0a362dfed df1516619dac721c cdb6231fb5cc50c8 d92f30b6010e2607 9eba9823f25bfedf a8284fa7b8444717 b9526d1eec70bb42 deccba218157805d 399bc775d80d0542 c47dc08406f509c9 884c8a26f2ee3493 cafb39d5234a7aa6 2a3f846fc1e8519b 34d6862f0f78fa5a 32c37500b28c0e95 f4746031ffd1c004 8f4aba5edd02f96f 8f8f0804294ae660 a91ca664c20e2f5e 9f1128cd84036835 ad4e4e95386760c3 fa7590212ea030d2 b2a39907d66af4fa ed255bd1986b8ef c826e9c1dff1e79d 365cdc978947e5de a2ce9ecdfaca82c8 dabc6a65c52f3254 ce771832eaf5888e e5c00b57911946fc d6487950f145b700 dc3b3f8ec07c75bc d195bcb924bf9183 16054883c1fb4ae5 277c0a2a7de3609 cc9dc78cf2408811 343bd2f7d40d7d5b fbebb364e2a3100f d4e3982136b39399 ac110f4c8897af1 ab2c8b00091f6b18 3fd2feb186acc458 cf363f4980102321 892f8e39ca940fa5 d140d3fdfa62ca4a fa72ed6bc9028cea 93969c8f20771347 1ad9dd9103a27ba5 cca5088fe4d7708d 54e83d4954ccafc 98ef46a1e03ba51f c51315ac20286165 b5752c61e5944f31 c5cff450ca619980 ea89fae5ce647303 33f8c2340ae309fc d544a37c9fff2746 ee639a49f9c8b684 4abc0803fce9e61 dfcdc5a7a25c5c7d 9c251301d9f063fc 19bf025dce315ff1 f08dbc6ea0d0d381 fac1377df98cc804 c7be27f50cb2cf70 ad83a2f1948039da e0d01df384be464 c4feb3d42844da6f bcc51449d5cb29d4 8e170e38f28256c5 9ac73134cad21628 209d3ffdd315c20c c59818d2d78c457e a25e5ba6aeb44e35 1ca1042e05f4a06 b7eb8f84c2fb9ba3 f1afe9d9c7622914 a7c1731ada49eb2b 9d4586cef379fa1b 3adc232fdfad029f 39f6edca8ef570a7 826f6ac2e29d9649 c24a98e8d73c7498 e631e540bd4b8df1 1fe9243bfc4186b2 d37dfb4be8a15002 25ecddf4e233bd23 de7543d639afe08b a251308dc5d6022f a809bf5231f33f21 eba31facc83e0e81 8e1410b0867f0328 b87242498df45039 d6325ebb361dd003 bc9cd32ba41561f5 3209b22fe4466f6b 9a643f6ef50f1575 9924776a083c10ea ec828055d701129a cc10280fcb2e2999 d36a3a8306e6bfc4 dde7d25ee5349f79 3062c9133fecbad9 c6d37a9d29f7fa6d 8f2c99e683cd0396 c3b9be6f24bb4cfb ceb34768bf8f62f9 c35c66908a8d390c af488607dddfe14e 1d6f4448871624ff 11a35e0cfdfbcd6f dbdbaebee0cbaad8 e7e1cfd7c0ebe413 3ee7b183f94af306 da169ddef9852de3 3a7111f71ac36041 140e5347c1f86db5 3b7d9b99f958c37a 141c23bbee24f125 b01d5edaf5eead90 ef47710a282a7702 164f6827eb9afa73 e189a803036394c5 2b8e0bc7c66cc701 3207c175d0d1190d ] wstrb=[ee d2 78 ef 99 86 64 87 58 dd 77 f2 63 db 79 bb b8 f0 ad 1b cc 27 d7 84 17 84 a0 e3 ab 77 68 c3 fb 8 a6 a7 7f e 6a 7a 16 10 21 95 1f 8b 10 35 9c 31 cb bb bd db f0 59 c bb 14 c9 96 4 22 a3 c0 36 6c 56 3b 8f f9 fb c5 66 51 0 f5 4b fb ba b1 4d bb a6 98 b6 60 49 3 1b ef 9b d2 4f e4 d5 6b d3 71 3d 23 55 12 8e 29 83 cb 4c d9 dd da 2 61 a5 4e 3a 82 28 3c e3 cd 8a 1d 4f b2 59 33 7f e3 50 ce 95 aa 1 14 8d 52 e3 23 fc e4 37 89 36 1a ac 32 ff e4 bc 35 fe 68 68 fd 4c 24 33 4b 8c 9b 48 d9 bf 7b 24 4b 16 6c 24 d5 e8 ] bresp=0 bid=1001
[3015000] [SCOREBOARD-S] mst_id=1 s_id=1 awaddr=176b6358 awid=1001 awlen=171 awsize=2 awburst=1 wdata=[e0cb8750ba48ebf3 cb67229e815e709f eb3c8b84c4bc3414 ff052008beddd765 c03c4805cc0812d4 10c446e9ca6c42a6 94a1a0cab78d389 f780e65e0fc966f1 da35a997c9866211 f4ff359a08452d47 180e9438e37fc3a3 ad0625b4ec801bf8 f4c5493ff2443dcf d5c4017322055b4f 8e8577478cd3dd77 ff181b4782ca2727 a4cf8276034ac087 901e9dfed4dc1cba d7a643e13354f9be 369fba458f36b945 e412d5fffc75c658 2fcac016c6be5843 d5f511893bb919e1 382ee039e66a7a5b ad28d29eba07e788 f5c10169e7f9a04f ce641aaa831de427 3d25cbb0adefe1a2 95e981f1fb8ced48 feaad170b2e6cd19 e0d6aebce44d9c9b dfda89e43bd09d20 eeb76a39f6c030ad db0dcd49de855b54 1a55f874cf8e18f5 c64e49a33ae8572d 196db281890d62ad d89b7ba3215c16ec dc446e1933c3aaf5 bcd10da21ee9c546 c045dc32f5b2209a 2975cb8f956c8945 b4564e8b1c8a4a4b 123c6ae5e646d931 fbb36277f49c2abd 912675083bb23674 a1f90fa5b009b102 24a5dbc0a362dfed df1516619dac721c cdb6231fb5cc50c8 d92f30b6010e2607 9eba9823f25bfedf a8284fa7b8444717 b9526d1eec70bb42 deccba218157805d 399bc775d80d0542 c47dc08406f509c9 884c8a26f2ee3493 cafb39d5234a7aa6 2a3f846fc1e8519b 34d6862f0f78fa5a 32c37500b28c0e95 f4746031ffd1c004 8f4aba5edd02f96f 8f8f0804294ae660 a91ca664c20e2f5e 9f1128cd84036835 ad4e4e95386760c3 fa7590212ea030d2 b2a39907d66af4fa ed255bd1986b8ef c826e9c1dff1e79d 365cdc978947e5de a2ce9ecdfaca82c8 dabc6a65c52f3254 ce771832eaf5888e e5c00b57911946fc d6487950f145b700 dc3b3f8ec07c75bc d195bcb924bf9183 16054883c1fb4ae5 277c0a2a7de3609 cc9dc78cf2408811 343bd2f7d40d7d5b fbebb364e2a3100f d4e3982136b39399 ac110f4c8897af1 ab2c8b00091f6b18 3fd2feb186acc458 cf363f4980102321 892f8e39ca940fa5 d140d3fdfa62ca4a fa72ed6bc9028cea 93969c8f20771347 1ad9dd9103a27ba5 cca5088fe4d7708d 54e83d4954ccafc 98ef46a1e03ba51f c51315ac20286165 b5752c61e5944f31 c5cff450ca619980 ea89fae5ce647303 33f8c2340ae309fc d544a37c9fff2746 ee639a49f9c8b684 4abc0803fce9e61 dfcdc5a7a25c5c7d 9c251301d9f063fc 19bf025dce315ff1 f08dbc6ea0d0d381 fac1377df98cc804 c7be27f50cb2cf70 ad83a2f1948039da e0d01df384be464 c4feb3d42844da6f bcc51449d5cb29d4 8e170e38f28256c5 9ac73134cad21628 209d3ffdd315c20c c59818d2d78c457e a25e5ba6aeb44e35 1ca1042e05f4a06 b7eb8f84c2fb9ba3 f1afe9d9c7622914 a7c1731ada49eb2b 9d4586cef379fa1b 3adc232fdfad029f 39f6edca8ef570a7 826f6ac2e29d9649 c24a98e8d73c7498 e631e540bd4b8df1 1fe9243bfc4186b2 d37dfb4be8a15002 25ecddf4e233bd23 de7543d639afe08b a251308dc5d6022f a809bf5231f33f21 eba31facc83e0e81 8e1410b0867f0328 b87242498df45039 d6325ebb361dd003 bc9cd32ba41561f5 3209b22fe4466f6b 9a643f6ef50f1575 9924776a083c10ea ec828055d701129a cc10280fcb2e2999 d36a3a8306e6bfc4 dde7d25ee5349f79 3062c9133fecbad9 c6d37a9d29f7fa6d 8f2c99e683cd0396 c3b9be6f24bb4cfb ceb34768bf8f62f9 c35c66908a8d390c af488607dddfe14e 1d6f4448871624ff 11a35e0cfdfbcd6f dbdbaebee0cbaad8 e7e1cfd7c0ebe413 3ee7b183f94af306 da169ddef9852de3 3a7111f71ac36041 140e5347c1f86db5 3b7d9b99f958c37a 141c23bbee24f125 b01d5edaf5eead90 ef47710a282a7702 164f6827eb9afa73 e189a803036394c5 2b8e0bc7c66cc701 3207c175d0d1190d ] wstrb=[ee d2 78 ef 99 86 64 87 58 dd 77 f2 63 db 79 bb b8 f0 ad 1b cc 27 d7 84 17 84 a0 e3 ab 77 68 c3 fb 8 a6 a7 7f e 6a 7a 16 10 21 95 1f 8b 10 35 9c 31 cb bb bd db f0 59 c bb 14 c9 96 4 22 a3 c0 36 6c 56 3b 8f f9 fb c5 66 51 0 f5 4b fb ba b1 4d bb a6 98 b6 60 49 3 1b ef 9b d2 4f e4 d5 6b d3 71 3d 23 55 12 8e 29 83 cb 4c d9 dd da 2 61 a5 4e 3a 82 28 3c e3 cd 8a 1d 4f b2 59 33 7f e3 50 ce 95 aa 1 14 8d 52 e3 23 fc e4 37 89 36 1a ac 32 ff e4 bc 35 fe 68 68 fd 4c 24 33 4b 8c 9b 48 d9 bf 7b 24 4b 16 6c 24 d5 e8 ] bresp=0 bid=11001
[3015000] SCOREBOARD: Transaction 5 received. pass=652 fail=0
[3015000] SCOREBOARD: Expected 5 transactions completed, PASS=652 FAIL=0
[3015000] ALL PASS. Total transactions: 5
[3015000] ALL TRANSACTIONS MONITORED
$finish called at time : 3035 ns : File "/home/nashita/Desktop/practice/axi_xbar/tb/top/axi_tb_top.sv" Line 220
exit
INFO: xsimkernel Simulation Memory Usage: 289464 KB (Peak: 337864 KB), Simulation CPU Usage: 1200 ms
INFO: [Common 17-206] Exiting xsim at Thu Sep 10 18:37:03 2026...
