#-----------------------------------------------------------
# xsim v2025.2 (64-bit)
# SW Build 6299465 on Fri Nov 14 12:34:56 MST 2025
# IP Build 6300035 on Fri Nov 14 10:48:45 MST 2025
# SharedData Build 6298862 on Thu Nov 13 04:50:51 MST 2025
# Start of session at: Thu Sep 10 18:30:00 2026
# Process ID         : 3632379
# Current directory  : /home/nashita/Desktop/practice/axi_xbar/sim
# Command line       : xsim -log regress_results/BT_run253.log -mode tcl -source {xsim.dir/tb_top_snap/xsim_script.tcl}
# Log file           : /home/nashita/Desktop/practice/axi_xbar/sim/regress_results/BT_run253.log
# Journal file       : /home/nashita/Desktop/practice/axi_xbar/sim/xsim.jou
# Running On         : vlsi-vivado
# Platform           : Ubuntu
# Operating System   : Ubuntu 24.04.4 LTS
# Processor Detail   : Intel(R) Core(TM) i5-10400 CPU @ 2.90GHz
# CPU Frequency      : 4045.752 MHz
# CPU Physical cores : 6
# CPU Logical cores  : 12
# Host memory        : 41875 MB
# Swap memory        : 27648 MB
# Total Virtual      : 69524 MB
# Available Virtual  : 62716 MB
#-----------------------------------------------------------
source xsim.dir/tb_top_snap/xsim_script.tcl
# xsim {tb_top_snap} -testplusarg BT -autoloadwcfg -runall -sv_seed 254
Time resolution is 1 ps
run -all
[0] RUNNING BASE TEST
[0] INSIDE THE BASE TEST CONSTRUCTOR
[0] ENV: before agent
[0] SLAVE CONSTRUCTED
[0] MASTER MONITOR CONSTRUCTED
[0] MASTER MONITOR CONSTRUCTED
[0] SLAVE MONITOR CONSTRUCTED
[0] SLAVE MONITOR CONSTRUCTED
[0] ARB MONITOR CONSTRUCTED
GENERATOR CONSTRUCTED
[0] ENV: after agent
[0] ENV: before scoreboard
[0] ENV: after scoreboard
[15000] [SEQUENCER] mst_id=0 s_id=0 awaddr=1c62d6c8 awid=1101 awlen=128 awsize=3 awburst=1 wdata=[b3e02f49c8e5973 fd91fc98e6a80139 88ffedb93255141c cee36d8f2520c208 bc8c341943df0ad c69304c9cc756a27 f1962c2f94c8b0fa 2906a1a815767259 e1ebdc80fd5eef70 1227a06bef99a671 851018cad38208b0 d0e0f8203b2e4213 aac7e884e6fbf54b 3a7dfdfbe308988b 9e36da9e2fd8014f 16d3f69a8b5ef61b ee678ea7c8fec323 f8d6c472d151f495 dcb0eab08c9e6945 d59d2c680faabb0c e0fcafa1cb187957 d7b6e29dce73f0da de1eabe6bdad9a51 8c613a9ad540f05 fbc7ffe0bf1b5b87 fcc8f5d9e07cf646 8dd1054bd9e6abc6 1902074e058f0982 e60bffc88999052b e37fb0f215cafd27 1b5a06a9f3dd0513 fd760a3ffc81b840 124cb56701660671 f5430b84e0f5bb31 dd7773712da6bc10 2f0cc281f2b915c3 d3aed0f4efc428d8 1d6ae4e8a44fce05 1708e3c9b1264465 a0ea6d3dcc77a769 f0c7756eeab7b4bd 1bddf923be555225 8accf98e87d05937 f2880df5bcc86660 fb1db886fb946efd 8364c8340e660718 cb2e6d7885eab214 817f2111f5ecd629 8452dd41c64c25fe cc36d81304e3e946 fad0bf6fcf814aba 95cd70b8cdb5f924 d299e26aff239cb1 cea4e76be20448cb 2fba41f0cd6aa1da cc8e3e8be4725823 c676a0ef8254245a cfbec6341b3325f6 ffa57e19f630e2df f88507399c4d04bf b7802ab5c61c1f08 bc4d01e7c843cd6e e490d22d3725a8cf fd41c7d734d20921 fd15d68f1c10fce3 d336a5b2398ec9bf ee60d2e0e1a6a8bc fdb7a59fd0786d89 8a073748eb76a96f cd1d522bd0ee4b51 2166b8dbf8680a28 e3deb397cad4f7cb 9bc3431cab6df023 23d5fa4c30fc05c3 fbd0fd8ebd29fbf7 e897ec1b87b4ade3 b8b0b3a6979440aa d4be3ca20c6de667 9422944ab481b134 cc15f1df3d5628bd c9c40f24ccd347f1 8154f92520d42e81 de2a573edde6a36e aab9eb5fcd6aeb04 ee3f198527ee6662 85d509d02c0ee485 f979cf89cc6970c3 f457d725308ef530 dc9dd9b5e7b8e90f b42259d2fa2ce0f6 2abbd626d617a93e bdd0924d287a30f8 22a711ee0759afdb dd715919f1f2ec20 1a6d1d18cd62e814 d4bc97ef1b41eb67 d34d7873d142f06 a77171ab22df108 cd6fdc6f27a1f49f e4b623a5df33af09 9161a011daa4b3f6 8246a895ef2d3abf ce60e9c8ded17c81 b9763077e6fccc3a d62a06f9dfc289d9 be94065a3bbcd90d a2b9a547a48af0c1 44d7a9bf80a36d2 33c70fdff8e3ac41 9d6e9d02c2e180f5 baebb7c7d680b526 cf646167a1bc179d e49d9893eeb2c7a6 c5337ccdecd2fe6a 8e8f16079f89505a e3c18019497de34 816adc9ef32cae9a 12b5fef5d36f94ce e80773020ff9f2a6 8326a14020f216f6 f461abc4e9724fa1 f96c424795dca035 b6ceb72bdc691ec6 c5db6e67fc92e387 126f83bdab3062ef 79981b6bf47b0ae 3bda9436c93e3ae8 f46e9dd8cd74f01d cbca0ccce4a17f3 ] wstrb=[8e db 2 ab b3 f5 77 41 d0 79 ed 84 6e 64 c5 3f de b2 c3 4c 17 88 8b f5 3b 4e 41 52 d7 cd 47 12 1b 88 64 f2 55 ab 4 71 33 68 63 89 13 68 fa 47 d0 5d d0 e4 c5 ca 2b 96 27 fb 7a ed c5 a5 83 ec a0 fd d9 65 a2 5c 51 42 59 2b a7 fb 87 f8 3d e1 23 e4 dc ab dd 1a 8c 0 fe 68 ab db 82 37 dc 81 a0 87 5c 22 bf 38 a3 5f c0 0 81 7f 38 25 de f8 25 5f 77 5d 84 55 56 a9 b5 cd 7 39 23 5d e3 d8 2a ] bresp=0 bid=0
[15000] [SEQUENCER] READ mst_id=1 s_id=0 araddr=1d54f140 arid=0 arlen=1 arsize=3 arburst=1 rid=[] rresp=[] rdata=[]
[15000] [SEQUENCER] mst_id=1 s_id=0 awaddr=1cfe7ac0 awid=1111 awlen=35 awsize=6 awburst=1 wdata=[feaaaa57fc9c68cc ebdda517cc888693 ec68fbb69e850af7 9b2173c3d8586a0e a4e0f0a1eb13a60d 998b10506ff18db df5782e99149ec57 fc5d9265a4ba24c8 abb93da30438738b 95825fe205f6436a aab068320b10c08d f49341891dff247 97d635b1d669a5d6 e17a6663a4cb93fa 36ab8642c2869de4 18f043baf0c39a7b 958f2e75ce81bbf3 910859d7fa6aaa1d eb2e4498cc3ab4b7 1abc70aba9f89d91 a46347ae80bd730d ccf827c5abc4ca82 d5bd68148f918c46 104eff54e7b49870 937962f2fa20afc2 9b23c09dd472719 c4fbbf89e936cb06 e3577ac91a013b5d f7486276d875227b c1abed82ed09b6d2 70af22f3c4421ff 94b9447a2503684b 120d1f1dfe5354a5 3a9776a4d66531fc fb689a471918114c 176b65f1cf50bb1e ] wstrb=[64 1b 95 b0 62 b3 a1 c7 ce 36 77 31 ea 19 f8 b8 4f 6f e9 39 88 e1 f2 d8 51 db 11 d9 bd 3 b1 e df c3 e7 9c ] bresp=0 bid=0
[15000] [SEQUENCER] READ mst_id=0 s_id=0 araddr=bb17080 arid=1 arlen=1 arsize=3 arburst=1 rid=[] rresp=[] rdata=[]
[15000] [SEQUENCER] mst_id=1 s_id=0 awaddr=bca5a40 awid=1010 awlen=134 awsize=4 awburst=1 wdata=[d47ec6a3e42a8209 93e60a0fd4b58c7c bb736502d8b7d912 bce25b1b95b49373 ea6a1fef0ff22ba6 e8aa04b8d0c8652b e67cf89e25dd84f2 35cfb098258c5fd4 f654c4ffd0e7188e f6c49d809e79b550 c4061524dcd1bd9d adb8d62b2c944e18 cb0e0368ba5ada23 172c97c1a47d73ab d111c1c30f14188d c96ef2b0c4e56dec e962e1981c1fc52c 2b33ddb9e09b8a71 2580f85eba74a35b d6946887f4a2d069 d53e5adb0ee3d9f6 c9587d5181c84640 f66b16aafabf5339 9a32d2f1fece5d9 a1b52c19cba97185 c668c4bed2fbaa80 f2e89059982042c3 e3c9b448d00bf1ed a3079c6d149dbc73 acbdff36aa327906 fa3e6af315f02cc7 2a8de93a1087b37f baba2c851d460761 33363428d74be870 e7d39bef34f89779 d23e9edaddc41d62 b51005d2228dc875 d7865fee0574d302 e338f0641ce3a1c2 3f716a3729c4fec8 2f39d1ca9848f636 b52c97f816f7ca25 c0bcc8ed1272c22e aabbb864f49e022f 8b95cc54eff69ab7 2695ce5dfe8505d d486528ccc529541 bc492ff8ad251549 8d0d65a6e01c1ee1 ac6eb422beb28cdd ebd7a227e193b833 c1afd714e8b7e41b a76a70f8f8e507cd da78c000ee1e8b36 d6d66f519342131f c271aed9c289714 a47224bfe40e04a 9182f369e69fdaed 2c87202e11d919c df5e71e69daa0e56 449e9440d0f944d ee2d25e9f0e16550 8e8b73a607125b46 1421ef93cd8b97d0 3e6cfd2092d55cea 99e7b830824f157c cfdaad4cccf870c6 dfcdcdb1ae09a7c3 3058bd408e47aa6c db401b33f9b585e1 27bf2da580336a8c e7b14f93b0de8e4 b4c36ec5d817eae5 d84b5571e9bb302c 24c91910dc829c6a b49a874fe6c66a6a d0819a96d98c87d5 360f24400ce5dcc1 f3ac472bf54ab3a6 ced73b7ceaa9ab8f f78f8850c42de1c2 b978956804e65fbc ef900b4beb3bcf7c 2f69b13e884fd0e4 8d3630a0e71f939c d25b6318e8e246a6 f132178bfcc63bec e3e5cf8801c51456 eaa75afcfe68482b fb2e8417364132a0 380646f6dbd97287 da41bab3df14539f 9555863fa2ada1f2 fe87147ad5703eca 3484926acd5bcd35 f0096f28d8c8cf2d ae390df7c9da18a9 1735e5dfee9083a2 c75952cfe2bda061 2c97b90b073f5507 f5cfd8a9f59260c6 d8500128c3cd9eea cb0cf3f13d292b78 b2bb8c3e04e7ba33 c8b5591dc0dccc9a fe05f8128b0b8d66 8ff3479913c24d0e d49f19a8b0c18450 3bcd11b7d8a8a0b6 ec6aedc4d2a511ba 8366960acbc05950 2468fa07c10a076c 93af1926bf33a7c1 af4011290d3e7cb d1ddef381715af31 d64956f22f5cfb19 c030e2e4e58d085e fca2b78fe13d5804 909a531d920ed21c f79bda7bd2ec0e82 b4296686d0cb3602 e2da081ef43e920a c72aa08cc4c3b9a4 158eefa6da75e299 ceb474a4fb540713 c017c0b7f868f7c4 d2deda5e95df1530 91331c43d5a6b05d ce0fa82121934f02 b7726432d14adcfa a6f18d57a0ee827f c281d181c8a58076 99f05d70f5013579 95efb7f8f9f435b4 c299b62ac0e1eac8 ] wstrb=[7a 41 9a 2e 39 62 58 b3 a3 f2 e1 dd 55 39 90 f8 2c 72 d5 81 ab 66 79 d7 d8 4f 58 83 b5 d2 5b 8d 21 b3 10 d6 85 6b 63 a6 1f 73 7c a4 df df 4b fe 53 c7 a2 32 a7 ed 30 fa b5 d2 2c 5c c0 5c 56 75 2e 82 d1 ee de 27 63 c a9 34 fb 87 5b 5e 93 4 93 8e 8b ee ed 1f f3 80 ad 7e 6e 9a 9d 61 1a 4b e0 89 e5 7d ea 0 c8 ca 89 ae 48 73 ae 10 3e 37 be 86 aa 6c 96 e8 a3 55 6e 4e c1 5 36 65 5a a5 b3 1b aa e9 80 4 8e ] bresp=0 bid=0
[15000] MASTER_DRIVER0 received transaction, op=AXI_WRITE
[15000] MASTER_DRIVER1 received transaction, op=AXI_READ
[35000] MASTER 0 AW_VALID_RDY Handshake
[35000] MASTER_DRIVER1 received transaction, op=AXI_WRITE
[45000] ARB MONITOR: slave=1 m0_req=1 m1_req=0 winner=0
[45000] ARB MONITOR: slave=1 m0_req=0 m1_req=1 winner=1
[45000] AXI S0_ARVALID_RDY HANDSHAKE
[45000] MEMORY READ MISS beat=0 addr=1d54f140 -> default data id=16
[45000] AXI S1_AWVALID_RDY HANDSHAKE
[55000] MEMORY READ MISS beat=1 addr=1d54f148 -> default data id=16
[55000] SLAVE 1 R_VALID_RDY Handshake beat=0 rlast=0
[55000] MASTER 1 AW_VALID_RDY Handshake
[55000] MASTER 0 W_VALID_RDY Handshake beat=0 wlast=0
[65000] MASTER 0 W_VALID_RDY Handshake beat=1 wlast=0
[65000] SLAVE 1 R_VALID_RDY Handshake beat=1 rlast=1
[65000] [SLAVE MONITOR] READ mst_id=1 s_id=1 araddr=1d54f140 arid=0 arlen=1 arsize=3 arburst=1 rid=[1010] rresp=[00] rdata=[baadf00d12345678baadf00d12345678]
[65000] S1 MEMORY WRITE beat=0 addr=1c62d6c8 data=0b3e02f49c8e5973 id=0d
[75000] S1 MEMORY WRITE beat=1 addr=1c62d6d0 data=fd91fc98e6a80139 id=0d
[75000] MASTER 1 R_VALID_RDY Handshake beat=0 rlast=0
[75000] MASTER 1 W_VALID_RDY Handshake beat=0 wlast=0
[75000] MASTER 0 W_VALID_RDY Handshake beat=2 wlast=0
[85000] [MASTER DRIVER] READ mst_id=1 s_id=0 araddr=1d54f140 arid=0 arlen=1 arsize=3 arburst=1 rid=[00] rresp=[00] rdata=[baadf00d12345678baadf00d12345678]
[85000] MASTER 0 W_VALID_RDY Handshake beat=3 wlast=0
[85000] MASTER 1 W_VALID_RDY Handshake beat=1 wlast=0
[85000] MASTER 1 R_VALID_RDY Handshake beat=1 rlast=1
[85000] [MASTER MONITOR] READ mst_id=1 s_id=1 araddr=1d54f140 arid=0 arlen=1 arsize=3 arburst=1 rid=[00] rresp=[00] rdata=[baadf00d12345678baadf00d12345678]
[85000] S1 MEMORY WRITE beat=2 addr=1c62d6d8 data=88ffedb93255141c id=0d
[85000] SCOREBOARD MATCH: decode_err expected = 0, actual =0
[85000] SCOREBOARD MATCH: slave_id expected = 1, actual =1
[85000] SCOREBOARD MATCH: araddr passthrough expected = 1d54f140, actual =1d54f140
[85000] SCOREBOARD MATCH: arlen passthrough expected = 1, actual =1
[85000] SCOREBOARD MATCH: arsize passthrough expected = 3, actual =3
[85000] SCOREBOARD MATCH: arburst passthrough expected = 1, actual =1
[85000] SCOREBOARD MATCH: rdata size check expected = 2, actual =2
[85000] SCOREBOARD MATCH: rdata passthrough beat=0 expected = baadf00d12345678, actual =baadf00d12345678
[85000] SCOREBOARD MATCH: rdata passthrough beat=1 expected = baadf00d12345678, actual =baadf00d12345678
[85000] SCOREBOARD MATCH: rresp size check expected = 2, actual =2
[85000] SCOREBOARD MATCH: rresp passthrough beat=0 expected = 0, actual =0
[85000] SCOREBOARD MATCH: rresp passthrough beat=1 expected = 0, actual =0
[85000] SCOREBOARD MATCH: response routed to correct master (read beat 0) expected = 1, actual =1
[85000] SCOREBOARD MATCH: response routed to correct master (read beat 1) expected = 1, actual =1
[85000] [SCOREBOARD-M] READ mst_id=1 s_id=1 araddr=1d54f140 arid=0 arlen=1 arsize=3 arburst=1 rid=[00] rresp=[00] rdata=[baadf00d12345678baadf00d12345678]
[85000] [SCOREBOARD-S] READ mst_id=1 s_id=1 araddr=1d54f140 arid=0 arlen=1 arsize=3 arburst=1 rid=[1010] rresp=[00] rdata=[baadf00d12345678baadf00d12345678]
[85000] SCOREBOARD: Transaction 1 received. pass=14 fail=0
[85000] ALL PASS. Total transactions: 1
[95000] S1 MEMORY WRITE beat=3 addr=1c62d6e0 data=cee36d8f2520c208 id=0d
[95000] MASTER 1 W_VALID_RDY Handshake beat=2 wlast=0
[95000] MASTER 0 W_VALID_RDY Handshake beat=4 wlast=0
[105000] MASTER 0 W_VALID_RDY Handshake beat=5 wlast=0
[105000] MASTER 1 W_VALID_RDY Handshake beat=3 wlast=0
[105000] S1 MEMORY WRITE beat=4 addr=1c62d6e8 data=0bc8c341943df0ad id=0d
[115000] S1 MEMORY WRITE beat=5 addr=1c62d6f0 data=c69304c9cc756a27 id=0d
[115000] MASTER 1 W_VALID_RDY Handshake beat=4 wlast=0
[115000] MASTER 0 W_VALID_RDY Handshake beat=6 wlast=0
[125000] MASTER 0 W_VALID_RDY Handshake beat=7 wlast=0
[125000] MASTER 1 W_VALID_RDY Handshake beat=5 wlast=0
[125000] S1 MEMORY WRITE beat=6 addr=1c62d6f8 data=f1962c2f94c8b0fa id=0d
[135000] S1 MEMORY WRITE beat=7 addr=1c62d700 data=2906a1a815767259 id=0d
[135000] MASTER 1 W_VALID_RDY Handshake beat=6 wlast=0
[135000] MASTER 0 W_VALID_RDY Handshake beat=8 wlast=0
[145000] MASTER 0 W_VALID_RDY Handshake beat=9 wlast=0
[145000] MASTER 1 W_VALID_RDY Handshake beat=7 wlast=0
[145000] S1 MEMORY WRITE beat=8 addr=1c62d708 data=e1ebdc80fd5eef70 id=0d
[155000] S1 MEMORY WRITE beat=9 addr=1c62d710 data=1227a06bef99a671 id=0d
[155000] MASTER 0 W_VALID_RDY Handshake beat=10 wlast=0
[165000] MASTER 0 W_VALID_RDY Handshake beat=11 wlast=0
[165000] S1 MEMORY WRITE beat=10 addr=1c62d718 data=851018cad38208b0 id=0d
[175000] S1 MEMORY WRITE beat=11 addr=1c62d720 data=d0e0f8203b2e4213 id=0d
[175000] MASTER 0 W_VALID_RDY Handshake beat=12 wlast=0
[185000] MASTER 0 W_VALID_RDY Handshake beat=13 wlast=0
[185000] S1 MEMORY WRITE beat=12 addr=1c62d728 data=aac7e884e6fbf54b id=0d
[195000] S1 MEMORY WRITE beat=13 addr=1c62d730 data=3a7dfdfbe308988b id=0d
[195000] MASTER 0 W_VALID_RDY Handshake beat=14 wlast=0
[205000] MASTER 0 W_VALID_RDY Handshake beat=15 wlast=0
[205000] S1 MEMORY WRITE beat=14 addr=1c62d738 data=9e36da9e2fd8014f id=0d
[215000] S1 MEMORY WRITE beat=15 addr=1c62d740 data=16d3f69a8b5ef61b id=0d
[215000] MASTER 0 W_VALID_RDY Handshake beat=16 wlast=0
[225000] MASTER 0 W_VALID_RDY Handshake beat=17 wlast=0
[225000] S1 MEMORY WRITE beat=16 addr=1c62d748 data=ee678ea7c8fec323 id=0d
[235000] S1 MEMORY WRITE beat=17 addr=1c62d750 data=f8d6c472d151f495 id=0d
[235000] MASTER 0 W_VALID_RDY Handshake beat=18 wlast=0
[245000] MASTER 0 W_VALID_RDY Handshake beat=19 wlast=0
[245000] S1 MEMORY WRITE beat=18 addr=1c62d758 data=dcb0eab08c9e6945 id=0d
[255000] S1 MEMORY WRITE beat=19 addr=1c62d760 data=d59d2c680faabb0c id=0d
[255000] MASTER 0 W_VALID_RDY Handshake beat=20 wlast=0
[265000] MASTER 0 W_VALID_RDY Handshake beat=21 wlast=0
[265000] S1 MEMORY WRITE beat=20 addr=1c62d768 data=e0fcafa1cb187957 id=0d
[275000] S1 MEMORY WRITE beat=21 addr=1c62d770 data=d7b6e29dce73f0da id=0d
[275000] MASTER 0 W_VALID_RDY Handshake beat=22 wlast=0
[285000] MASTER 0 W_VALID_RDY Handshake beat=23 wlast=0
[285000] S1 MEMORY WRITE beat=22 addr=1c62d778 data=de1eabe6bdad9a51 id=0d
[295000] S1 MEMORY WRITE beat=23 addr=1c62d780 data=08c613a9ad540f05 id=0d
[295000] MASTER 0 W_VALID_RDY Handshake beat=24 wlast=0
[305000] MASTER 0 W_VALID_RDY Handshake beat=25 wlast=0
[305000] S1 MEMORY WRITE beat=24 addr=1c62d788 data=fbc7ffe0bf1b5b87 id=0d
[315000] S1 MEMORY WRITE beat=25 addr=1c62d790 data=fcc8f5d9e07cf646 id=0d
[315000] MASTER 0 W_VALID_RDY Handshake beat=26 wlast=0
[325000] MASTER 0 W_VALID_RDY Handshake beat=27 wlast=0
[325000] S1 MEMORY WRITE beat=26 addr=1c62d798 data=8dd1054bd9e6abc6 id=0d
[335000] S1 MEMORY WRITE beat=27 addr=1c62d7a0 data=1902074e058f0982 id=0d
[335000] MASTER 0 W_VALID_RDY Handshake beat=28 wlast=0
[345000] MASTER 0 W_VALID_RDY Handshake beat=29 wlast=0
[345000] S1 MEMORY WRITE beat=28 addr=1c62d7a8 data=e60bffc88999052b id=0d
[355000] S1 MEMORY WRITE beat=29 addr=1c62d7b0 data=e37fb0f215cafd27 id=0d
[355000] MASTER 0 W_VALID_RDY Handshake beat=30 wlast=0
[365000] MASTER 0 W_VALID_RDY Handshake beat=31 wlast=0
[365000] S1 MEMORY WRITE beat=30 addr=1c62d7b8 data=1b5a06a9f3dd0513 id=0d
[375000] S1 MEMORY WRITE beat=31 addr=1c62d7c0 data=fd760a3ffc81b840 id=0d
[375000] MASTER 0 W_VALID_RDY Handshake beat=32 wlast=0
[385000] MASTER 0 W_VALID_RDY Handshake beat=33 wlast=0
[385000] S1 MEMORY WRITE beat=32 addr=1c62d7c8 data=124cb56701660671 id=0d
[395000] S1 MEMORY WRITE beat=33 addr=1c62d7d0 data=f5430b84e0f5bb31 id=0d
[395000] MASTER 0 W_VALID_RDY Handshake beat=34 wlast=0
[405000] MASTER 0 W_VALID_RDY Handshake beat=35 wlast=0
[405000] S1 MEMORY WRITE beat=34 addr=1c62d7d8 data=dd7773712da6bc10 id=0d
[415000] S1 MEMORY WRITE beat=35 addr=1c62d7e0 data=2f0cc281f2b915c3 id=0d
[415000] MASTER 0 W_VALID_RDY Handshake beat=36 wlast=0
[425000] MASTER 0 W_VALID_RDY Handshake beat=37 wlast=0
[425000] S1 MEMORY WRITE beat=36 addr=1c62d7e8 data=d3aed0f4efc428d8 id=0d
[435000] S1 MEMORY WRITE beat=37 addr=1c62d7f0 data=1d6ae4e8a44fce05 id=0d
[435000] MASTER 0 W_VALID_RDY Handshake beat=38 wlast=0
[445000] MASTER 0 W_VALID_RDY Handshake beat=39 wlast=0
[445000] S1 MEMORY WRITE beat=38 addr=1c62d7f8 data=1708e3c9b1264465 id=0d
[455000] S1 MEMORY WRITE beat=39 addr=1c62d800 data=a0ea6d3dcc77a769 id=0d
[455000] MASTER 0 W_VALID_RDY Handshake beat=40 wlast=0
[465000] MASTER 0 W_VALID_RDY Handshake beat=41 wlast=0
[465000] S1 MEMORY WRITE beat=40 addr=1c62d808 data=f0c7756eeab7b4bd id=0d
[475000] S1 MEMORY WRITE beat=41 addr=1c62d810 data=1bddf923be555225 id=0d
[475000] MASTER 0 W_VALID_RDY Handshake beat=42 wlast=0
[485000] MASTER 0 W_VALID_RDY Handshake beat=43 wlast=0
[485000] S1 MEMORY WRITE beat=42 addr=1c62d818 data=8accf98e87d05937 id=0d
[495000] S1 MEMORY WRITE beat=43 addr=1c62d820 data=f2880df5bcc86660 id=0d
[495000] MASTER 0 W_VALID_RDY Handshake beat=44 wlast=0
[505000] MASTER 0 W_VALID_RDY Handshake beat=45 wlast=0
[505000] S1 MEMORY WRITE beat=44 addr=1c62d828 data=fb1db886fb946efd id=0d
[515000] S1 MEMORY WRITE beat=45 addr=1c62d830 data=8364c8340e660718 id=0d
[515000] MASTER 0 W_VALID_RDY Handshake beat=46 wlast=0
[525000] MASTER 0 W_VALID_RDY Handshake beat=47 wlast=0
[525000] S1 MEMORY WRITE beat=46 addr=1c62d838 data=cb2e6d7885eab214 id=0d
[535000] S1 MEMORY WRITE beat=47 addr=1c62d840 data=817f2111f5ecd629 id=0d
[535000] MASTER 0 W_VALID_RDY Handshake beat=48 wlast=0
[545000] MASTER 0 W_VALID_RDY Handshake beat=49 wlast=0
[545000] S1 MEMORY WRITE beat=48 addr=1c62d848 data=8452dd41c64c25fe id=0d
[555000] S1 MEMORY WRITE beat=49 addr=1c62d850 data=cc36d81304e3e946 id=0d
[555000] MASTER 0 W_VALID_RDY Handshake beat=50 wlast=0
[565000] MASTER 0 W_VALID_RDY Handshake beat=51 wlast=0
[565000] S1 MEMORY WRITE beat=50 addr=1c62d858 data=fad0bf6fcf814aba id=0d
[575000] S1 MEMORY WRITE beat=51 addr=1c62d860 data=95cd70b8cdb5f924 id=0d
[575000] MASTER 0 W_VALID_RDY Handshake beat=52 wlast=0
[585000] MASTER 0 W_VALID_RDY Handshake beat=53 wlast=0
[585000] S1 MEMORY WRITE beat=52 addr=1c62d868 data=d299e26aff239cb1 id=0d
[595000] S1 MEMORY WRITE beat=53 addr=1c62d870 data=cea4e76be20448cb id=0d
[595000] MASTER 0 W_VALID_RDY Handshake beat=54 wlast=0
[605000] MASTER 0 W_VALID_RDY Handshake beat=55 wlast=0
[605000] S1 MEMORY WRITE beat=54 addr=1c62d878 data=2fba41f0cd6aa1da id=0d
[615000] S1 MEMORY WRITE beat=55 addr=1c62d880 data=cc8e3e8be4725823 id=0d
[615000] MASTER 0 W_VALID_RDY Handshake beat=56 wlast=0
[625000] MASTER 0 W_VALID_RDY Handshake beat=57 wlast=0
[625000] S1 MEMORY WRITE beat=56 addr=1c62d888 data=c676a0ef8254245a id=0d
[635000] S1 MEMORY WRITE beat=57 addr=1c62d890 data=cfbec6341b3325f6 id=0d
[635000] MASTER 0 W_VALID_RDY Handshake beat=58 wlast=0
[645000] MASTER 0 W_VALID_RDY Handshake beat=59 wlast=0
[645000] S1 MEMORY WRITE beat=58 addr=1c62d898 data=ffa57e19f630e2df id=0d
[655000] S1 MEMORY WRITE beat=59 addr=1c62d8a0 data=f88507399c4d04bf id=0d
[655000] MASTER 0 W_VALID_RDY Handshake beat=60 wlast=0
[665000] MASTER 0 W_VALID_RDY Handshake beat=61 wlast=0
[665000] S1 MEMORY WRITE beat=60 addr=1c62d8a8 data=b7802ab5c61c1f08 id=0d
[675000] S1 MEMORY WRITE beat=61 addr=1c62d8b0 data=bc4d01e7c843cd6e id=0d
[675000] MASTER 0 W_VALID_RDY Handshake beat=62 wlast=0
[685000] MASTER 0 W_VALID_RDY Handshake beat=63 wlast=0
[685000] S1 MEMORY WRITE beat=62 addr=1c62d8b8 data=e490d22d3725a8cf id=0d
[695000] S1 MEMORY WRITE beat=63 addr=1c62d8c0 data=fd41c7d734d20921 id=0d
[695000] MASTER 0 W_VALID_RDY Handshake beat=64 wlast=0
[705000] MASTER 0 W_VALID_RDY Handshake beat=65 wlast=0
[705000] S1 MEMORY WRITE beat=64 addr=1c62d8c8 data=fd15d68f1c10fce3 id=0d
[715000] S1 MEMORY WRITE beat=65 addr=1c62d8d0 data=d336a5b2398ec9bf id=0d
[715000] MASTER 0 W_VALID_RDY Handshake beat=66 wlast=0
[725000] MASTER 0 W_VALID_RDY Handshake beat=67 wlast=0
[725000] S1 MEMORY WRITE beat=66 addr=1c62d8d8 data=ee60d2e0e1a6a8bc id=0d
[735000] S1 MEMORY WRITE beat=67 addr=1c62d8e0 data=fdb7a59fd0786d89 id=0d
[735000] MASTER 0 W_VALID_RDY Handshake beat=68 wlast=0
[745000] MASTER 0 W_VALID_RDY Handshake beat=69 wlast=0
[745000] S1 MEMORY WRITE beat=68 addr=1c62d8e8 data=8a073748eb76a96f id=0d
[755000] S1 MEMORY WRITE beat=69 addr=1c62d8f0 data=cd1d522bd0ee4b51 id=0d
[755000] MASTER 0 W_VALID_RDY Handshake beat=70 wlast=0
[765000] MASTER 0 W_VALID_RDY Handshake beat=71 wlast=0
[765000] S1 MEMORY WRITE beat=70 addr=1c62d8f8 data=2166b8dbf8680a28 id=0d
[775000] S1 MEMORY WRITE beat=71 addr=1c62d900 data=e3deb397cad4f7cb id=0d
[775000] MASTER 0 W_VALID_RDY Handshake beat=72 wlast=0
[785000] MASTER 0 W_VALID_RDY Handshake beat=73 wlast=0
[785000] S1 MEMORY WRITE beat=72 addr=1c62d908 data=9bc3431cab6df023 id=0d
[795000] S1 MEMORY WRITE beat=73 addr=1c62d910 data=23d5fa4c30fc05c3 id=0d
[795000] MASTER 0 W_VALID_RDY Handshake beat=74 wlast=0
[805000] MASTER 0 W_VALID_RDY Handshake beat=75 wlast=0
[805000] S1 MEMORY WRITE beat=74 addr=1c62d918 data=fbd0fd8ebd29fbf7 id=0d
[815000] S1 MEMORY WRITE beat=75 addr=1c62d920 data=e897ec1b87b4ade3 id=0d
[815000] MASTER 0 W_VALID_RDY Handshake beat=76 wlast=0
[825000] MASTER 0 W_VALID_RDY Handshake beat=77 wlast=0
[825000] S1 MEMORY WRITE beat=76 addr=1c62d928 data=b8b0b3a6979440aa id=0d
[835000] S1 MEMORY WRITE beat=77 addr=1c62d930 data=d4be3ca20c6de667 id=0d
[835000] MASTER 0 W_VALID_RDY Handshake beat=78 wlast=0
[845000] MASTER 0 W_VALID_RDY Handshake beat=79 wlast=0
[845000] S1 MEMORY WRITE beat=78 addr=1c62d938 data=9422944ab481b134 id=0d
[855000] S1 MEMORY WRITE beat=79 addr=1c62d940 data=cc15f1df3d5628bd id=0d
[855000] MASTER 0 W_VALID_RDY Handshake beat=80 wlast=0
[865000] MASTER 0 W_VALID_RDY Handshake beat=81 wlast=0
[865000] S1 MEMORY WRITE beat=80 addr=1c62d948 data=c9c40f24ccd347f1 id=0d
[875000] S1 MEMORY WRITE beat=81 addr=1c62d950 data=8154f92520d42e81 id=0d
[875000] MASTER 0 W_VALID_RDY Handshake beat=82 wlast=0
[885000] MASTER 0 W_VALID_RDY Handshake beat=83 wlast=0
[885000] S1 MEMORY WRITE beat=82 addr=1c62d958 data=de2a573edde6a36e id=0d
[895000] S1 MEMORY WRITE beat=83 addr=1c62d960 data=aab9eb5fcd6aeb04 id=0d
[895000] MASTER 0 W_VALID_RDY Handshake beat=84 wlast=0
[905000] MASTER 0 W_VALID_RDY Handshake beat=85 wlast=0
[905000] S1 MEMORY WRITE beat=84 addr=1c62d968 data=ee3f198527ee6662 id=0d
[915000] S1 MEMORY WRITE beat=85 addr=1c62d970 data=85d509d02c0ee485 id=0d
[915000] MASTER 0 W_VALID_RDY Handshake beat=86 wlast=0
[925000] MASTER 0 W_VALID_RDY Handshake beat=87 wlast=0
[925000] S1 MEMORY WRITE beat=86 addr=1c62d978 data=f979cf89cc6970c3 id=0d
[935000] S1 MEMORY WRITE beat=87 addr=1c62d980 data=f457d725308ef530 id=0d
[935000] MASTER 0 W_VALID_RDY Handshake beat=88 wlast=0
[945000] MASTER 0 W_VALID_RDY Handshake beat=89 wlast=0
[945000] S1 MEMORY WRITE beat=88 addr=1c62d988 data=dc9dd9b5e7b8e90f id=0d
[955000] S1 MEMORY WRITE beat=89 addr=1c62d990 data=b42259d2fa2ce0f6 id=0d
[955000] MASTER 0 W_VALID_RDY Handshake beat=90 wlast=0
[965000] MASTER 0 W_VALID_RDY Handshake beat=91 wlast=0
[965000] S1 MEMORY WRITE beat=90 addr=1c62d998 data=2abbd626d617a93e id=0d
[975000] S1 MEMORY WRITE beat=91 addr=1c62d9a0 data=bdd0924d287a30f8 id=0d
[975000] MASTER 0 W_VALID_RDY Handshake beat=92 wlast=0
[985000] MASTER 0 W_VALID_RDY Handshake beat=93 wlast=0
[985000] S1 MEMORY WRITE beat=92 addr=1c62d9a8 data=22a711ee0759afdb id=0d
[995000] S1 MEMORY WRITE beat=93 addr=1c62d9b0 data=dd715919f1f2ec20 id=0d
[995000] MASTER 0 W_VALID_RDY Handshake beat=94 wlast=0
[1005000] MASTER 0 W_VALID_RDY Handshake beat=95 wlast=0
[1005000] S1 MEMORY WRITE beat=94 addr=1c62d9b8 data=1a6d1d18cd62e814 id=0d
[1015000] S1 MEMORY WRITE beat=95 addr=1c62d9c0 data=d4bc97ef1b41eb67 id=0d
[1015000] MASTER 0 W_VALID_RDY Handshake beat=96 wlast=0
[1025000] MASTER 0 W_VALID_RDY Handshake beat=97 wlast=0
[1025000] S1 MEMORY WRITE beat=96 addr=1c62d9c8 data=0d34d7873d142f06 id=0d
[1035000] S1 MEMORY WRITE beat=97 addr=1c62d9d0 data=0a77171ab22df108 id=0d
[1035000] MASTER 0 W_VALID_RDY Handshake beat=98 wlast=0
[1045000] MASTER 0 W_VALID_RDY Handshake beat=99 wlast=0
[1045000] S1 MEMORY WRITE beat=98 addr=1c62d9d8 data=cd6fdc6f27a1f49f id=0d
[1055000] S1 MEMORY WRITE beat=99 addr=1c62d9e0 data=e4b623a5df33af09 id=0d
[1055000] MASTER 0 W_VALID_RDY Handshake beat=100 wlast=0
[1065000] MASTER 0 W_VALID_RDY Handshake beat=101 wlast=0
[1065000] S1 MEMORY WRITE beat=100 addr=1c62d9e8 data=9161a011daa4b3f6 id=0d
[1075000] S1 MEMORY WRITE beat=101 addr=1c62d9f0 data=8246a895ef2d3abf id=0d
[1075000] MASTER 0 W_VALID_RDY Handshake beat=102 wlast=0
[1085000] MASTER 0 W_VALID_RDY Handshake beat=103 wlast=0
[1085000] S1 MEMORY WRITE beat=102 addr=1c62d9f8 data=ce60e9c8ded17c81 id=0d
[1095000] S1 MEMORY WRITE beat=103 addr=1c62da00 data=b9763077e6fccc3a id=0d
[1095000] MASTER 0 W_VALID_RDY Handshake beat=104 wlast=0
[1105000] MASTER 0 W_VALID_RDY Handshake beat=105 wlast=0
[1105000] S1 MEMORY WRITE beat=104 addr=1c62da08 data=d62a06f9dfc289d9 id=0d
[1115000] S1 MEMORY WRITE beat=105 addr=1c62da10 data=be94065a3bbcd90d id=0d
[1115000] MASTER 0 W_VALID_RDY Handshake beat=106 wlast=0
[1125000] MASTER 0 W_VALID_RDY Handshake beat=107 wlast=0
[1125000] S1 MEMORY WRITE beat=106 addr=1c62da18 data=a2b9a547a48af0c1 id=0d
[1135000] S1 MEMORY WRITE beat=107 addr=1c62da20 data=044d7a9bf80a36d2 id=0d
[1135000] MASTER 0 W_VALID_RDY Handshake beat=108 wlast=0
[1145000] MASTER 0 W_VALID_RDY Handshake beat=109 wlast=0
[1145000] S1 MEMORY WRITE beat=108 addr=1c62da28 data=33c70fdff8e3ac41 id=0d
[1155000] S1 MEMORY WRITE beat=109 addr=1c62da30 data=9d6e9d02c2e180f5 id=0d
[1155000] MASTER 0 W_VALID_RDY Handshake beat=110 wlast=0
[1165000] MASTER 0 W_VALID_RDY Handshake beat=111 wlast=0
[1165000] S1 MEMORY WRITE beat=110 addr=1c62da38 data=baebb7c7d680b526 id=0d
[1175000] S1 MEMORY WRITE beat=111 addr=1c62da40 data=cf646167a1bc179d id=0d
[1175000] MASTER 0 W_VALID_RDY Handshake beat=112 wlast=0
[1185000] MASTER 0 W_VALID_RDY Handshake beat=113 wlast=0
[1185000] S1 MEMORY WRITE beat=112 addr=1c62da48 data=e49d9893eeb2c7a6 id=0d
[1195000] S1 MEMORY WRITE beat=113 addr=1c62da50 data=c5337ccdecd2fe6a id=0d
[1195000] MASTER 0 W_VALID_RDY Handshake beat=114 wlast=0
[1205000] MASTER 0 W_VALID_RDY Handshake beat=115 wlast=0
[1205000] S1 MEMORY WRITE beat=114 addr=1c62da58 data=8e8f16079f89505a id=0d
[1215000] S1 MEMORY WRITE beat=115 addr=1c62da60 data=0e3c18019497de34 id=0d
[1215000] MASTER 0 W_VALID_RDY Handshake beat=116 wlast=0
[1225000] MASTER 0 W_VALID_RDY Handshake beat=117 wlast=0
[1225000] S1 MEMORY WRITE beat=116 addr=1c62da68 data=816adc9ef32cae9a id=0d
[1235000] S1 MEMORY WRITE beat=117 addr=1c62da70 data=12b5fef5d36f94ce id=0d
[1235000] MASTER 0 W_VALID_RDY Handshake beat=118 wlast=0
[1245000] MASTER 0 W_VALID_RDY Handshake beat=119 wlast=0
[1245000] S1 MEMORY WRITE beat=118 addr=1c62da78 data=e80773020ff9f2a6 id=0d
[1255000] S1 MEMORY WRITE beat=119 addr=1c62da80 data=8326a14020f216f6 id=0d
[1255000] MASTER 0 W_VALID_RDY Handshake beat=120 wlast=0
[1265000] MASTER 0 W_VALID_RDY Handshake beat=121 wlast=0
[1265000] S1 MEMORY WRITE beat=120 addr=1c62da88 data=f461abc4e9724fa1 id=0d
[1275000] S1 MEMORY WRITE beat=121 addr=1c62da90 data=f96c424795dca035 id=0d
[1275000] MASTER 0 W_VALID_RDY Handshake beat=122 wlast=0
[1285000] MASTER 0 W_VALID_RDY Handshake beat=123 wlast=0
[1285000] S1 MEMORY WRITE beat=122 addr=1c62da98 data=b6ceb72bdc691ec6 id=0d
[1295000] S1 MEMORY WRITE beat=123 addr=1c62daa0 data=c5db6e67fc92e387 id=0d
[1295000] MASTER 0 W_VALID_RDY Handshake beat=124 wlast=0
[1305000] MASTER 0 W_VALID_RDY Handshake beat=125 wlast=0
[1305000] S1 MEMORY WRITE beat=124 addr=1c62daa8 data=126f83bdab3062ef id=0d
[1315000] S1 MEMORY WRITE beat=125 addr=1c62dab0 data=079981b6bf47b0ae id=0d
[1315000] MASTER 0 W_VALID_RDY Handshake beat=126 wlast=0
[1325000] MASTER 0 W_VALID_RDY Handshake beat=127 wlast=0
[1325000] S1 MEMORY WRITE beat=126 addr=1c62dab8 data=3bda9436c93e3ae8 id=0d
[1335000] S1 MEMORY WRITE beat=127 addr=1c62dac0 data=f46e9dd8cd74f01d id=0d
[1335000] MASTER 0 W_VALID_RDY Handshake beat=128 wlast=1
[1335000] MASTER_DRIVER0 received transaction, op=AXI_READ
[1345000] S1 MEMORY WRITE beat=128 addr=1c62dac8 data=0cbca0ccce4a17f3 id=0d
[1355000] SLAVE1 sent B resp, id=13
[1355000] [SLAVE MONITOR] mst_id=0 s_id=1 awaddr=1c62d6c8 awid=1101 awlen=128 awsize=3 awburst=1 wdata=[b3e02f49c8e5973 fd91fc98e6a80139 88ffedb93255141c cee36d8f2520c208 bc8c341943df0ad c69304c9cc756a27 f1962c2f94c8b0fa 2906a1a815767259 e1ebdc80fd5eef70 1227a06bef99a671 851018cad38208b0 d0e0f8203b2e4213 aac7e884e6fbf54b 3a7dfdfbe308988b 9e36da9e2fd8014f 16d3f69a8b5ef61b ee678ea7c8fec323 f8d6c472d151f495 dcb0eab08c9e6945 d59d2c680faabb0c e0fcafa1cb187957 d7b6e29dce73f0da de1eabe6bdad9a51 8c613a9ad540f05 fbc7ffe0bf1b5b87 fcc8f5d9e07cf646 8dd1054bd9e6abc6 1902074e058f0982 e60bffc88999052b e37fb0f215cafd27 1b5a06a9f3dd0513 fd760a3ffc81b840 124cb56701660671 f5430b84e0f5bb31 dd7773712da6bc10 2f0cc281f2b915c3 d3aed0f4efc428d8 1d6ae4e8a44fce05 1708e3c9b1264465 a0ea6d3dcc77a769 f0c7756eeab7b4bd 1bddf923be555225 8accf98e87d05937 f2880df5bcc86660 fb1db886fb946efd 8364c8340e660718 cb2e6d7885eab214 817f2111f5ecd629 8452dd41c64c25fe cc36d81304e3e946 fad0bf6fcf814aba 95cd70b8cdb5f924 d299e26aff239cb1 cea4e76be20448cb 2fba41f0cd6aa1da cc8e3e8be4725823 c676a0ef8254245a cfbec6341b3325f6 ffa57e19f630e2df f88507399c4d04bf b7802ab5c61c1f08 bc4d01e7c843cd6e e490d22d3725a8cf fd41c7d734d20921 fd15d68f1c10fce3 d336a5b2398ec9bf ee60d2e0e1a6a8bc fdb7a59fd0786d89 8a073748eb76a96f cd1d522bd0ee4b51 2166b8dbf8680a28 e3deb397cad4f7cb 9bc3431cab6df023 23d5fa4c30fc05c3 fbd0fd8ebd29fbf7 e897ec1b87b4ade3 b8b0b3a6979440aa d4be3ca20c6de667 9422944ab481b134 cc15f1df3d5628bd c9c40f24ccd347f1 8154f92520d42e81 de2a573edde6a36e aab9eb5fcd6aeb04 ee3f198527ee6662 85d509d02c0ee485 f979cf89cc6970c3 f457d725308ef530 dc9dd9b5e7b8e90f b42259d2fa2ce0f6 2abbd626d617a93e bdd0924d287a30f8 22a711ee0759afdb dd715919f1f2ec20 1a6d1d18cd62e814 d4bc97ef1b41eb67 d34d7873d142f06 a77171ab22df108 cd6fdc6f27a1f49f e4b623a5df33af09 9161a011daa4b3f6 8246a895ef2d3abf ce60e9c8ded17c81 b9763077e6fccc3a d62a06f9dfc289d9 be94065a3bbcd90d a2b9a547a48af0c1 44d7a9bf80a36d2 33c70fdff8e3ac41 9d6e9d02c2e180f5 baebb7c7d680b526 cf646167a1bc179d e49d9893eeb2c7a6 c5337ccdecd2fe6a 8e8f16079f89505a e3c18019497de34 816adc9ef32cae9a 12b5fef5d36f94ce e80773020ff9f2a6 8326a14020f216f6 f461abc4e9724fa1 f96c424795dca035 b6ceb72bdc691ec6 c5db6e67fc92e387 126f83bdab3062ef 79981b6bf47b0ae 3bda9436c93e3ae8 f46e9dd8cd74f01d cbca0ccce4a17f3 ] wstrb=[8e db 2 ab b3 f5 77 41 d0 79 ed 84 6e 64 c5 3f de b2 c3 4c 17 88 8b f5 3b 4e 41 52 d7 cd 47 12 1b 88 64 f2 55 ab 4 71 33 68 63 89 13 68 fa 47 d0 5d d0 e4 c5 ca 2b 96 27 fb 7a ed c5 a5 83 ec a0 fd d9 65 a2 5c 51 42 59 2b a7 fb 87 f8 3d e1 23 e4 dc ab dd 1a 8c 0 fe 68 ab db 82 37 dc 81 a0 87 5c 22 bf 38 a3 5f c0 0 81 7f 38 25 de f8 25 5f 77 5d 84 55 56 a9 b5 cd 7 39 23 5d e3 d8 2a ] bresp=0 bid=1101
[1365000] ARB MONITOR: slave=0 m0_req=1 m1_req=0 winner=0
[1365000] ARB MONITOR: slave=1 m0_req=0 m1_req=1 winner=1
[1365000] AXI S0_ARVALID_RDY HANDSHAKE
[1365000] MEMORY READ MISS beat=0 addr=bb17080 -> default data id=1
[1365000] AXI S1_AWVALID_RDY HANDSHAKE
[1375000] S1 MEMORY WRITE beat=0 addr=1cfe7ac0 data=feaaaa57fc9c68cc id=1f
[1375000] MEMORY READ MISS beat=1 addr=bb17088 -> default data id=1
[1375000] SLAVE 0 R_VALID_RDY Handshake beat=0 rlast=0
[1375000] MASTER 0 B_VALID_RDY Handshake
[1375000] [MASTER MONITOR] mst_id=0 s_id=1 awaddr=1c62d6c8 awid=1101 awlen=128 awsize=3 awburst=1 wdata=[b3e02f49c8e5973 fd91fc98e6a80139 88ffedb93255141c cee36d8f2520c208 bc8c341943df0ad c69304c9cc756a27 f1962c2f94c8b0fa 2906a1a815767259 e1ebdc80fd5eef70 1227a06bef99a671 851018cad38208b0 d0e0f8203b2e4213 aac7e884e6fbf54b 3a7dfdfbe308988b 9e36da9e2fd8014f 16d3f69a8b5ef61b ee678ea7c8fec323 f8d6c472d151f495 dcb0eab08c9e6945 d59d2c680faabb0c e0fcafa1cb187957 d7b6e29dce73f0da de1eabe6bdad9a51 8c613a9ad540f05 fbc7ffe0bf1b5b87 fcc8f5d9e07cf646 8dd1054bd9e6abc6 1902074e058f0982 e60bffc88999052b e37fb0f215cafd27 1b5a06a9f3dd0513 fd760a3ffc81b840 124cb56701660671 f5430b84e0f5bb31 dd7773712da6bc10 2f0cc281f2b915c3 d3aed0f4efc428d8 1d6ae4e8a44fce05 1708e3c9b1264465 a0ea6d3dcc77a769 f0c7756eeab7b4bd 1bddf923be555225 8accf98e87d05937 f2880df5bcc86660 fb1db886fb946efd 8364c8340e660718 cb2e6d7885eab214 817f2111f5ecd629 8452dd41c64c25fe cc36d81304e3e946 fad0bf6fcf814aba 95cd70b8cdb5f924 d299e26aff239cb1 cea4e76be20448cb 2fba41f0cd6aa1da cc8e3e8be4725823 c676a0ef8254245a cfbec6341b3325f6 ffa57e19f630e2df f88507399c4d04bf b7802ab5c61c1f08 bc4d01e7c843cd6e e490d22d3725a8cf fd41c7d734d20921 fd15d68f1c10fce3 d336a5b2398ec9bf ee60d2e0e1a6a8bc fdb7a59fd0786d89 8a073748eb76a96f cd1d522bd0ee4b51 2166b8dbf8680a28 e3deb397cad4f7cb 9bc3431cab6df023 23d5fa4c30fc05c3 fbd0fd8ebd29fbf7 e897ec1b87b4ade3 b8b0b3a6979440aa d4be3ca20c6de667 9422944ab481b134 cc15f1df3d5628bd c9c40f24ccd347f1 8154f92520d42e81 de2a573edde6a36e aab9eb5fcd6aeb04 ee3f198527ee6662 85d509d02c0ee485 f979cf89cc6970c3 f457d725308ef530 dc9dd9b5e7b8e90f b42259d2fa2ce0f6 2abbd626d617a93e bdd0924d287a30f8 22a711ee0759afdb dd715919f1f2ec20 1a6d1d18cd62e814 d4bc97ef1b41eb67 d34d7873d142f06 a77171ab22df108 cd6fdc6f27a1f49f e4b623a5df33af09 9161a011daa4b3f6 8246a895ef2d3abf ce60e9c8ded17c81 b9763077e6fccc3a d62a06f9dfc289d9 be94065a3bbcd90d a2b9a547a48af0c1 44d7a9bf80a36d2 33c70fdff8e3ac41 9d6e9d02c2e180f5 baebb7c7d680b526 cf646167a1bc179d e49d9893eeb2c7a6 c5337ccdecd2fe6a 8e8f16079f89505a e3c18019497de34 816adc9ef32cae9a 12b5fef5d36f94ce e80773020ff9f2a6 8326a14020f216f6 f461abc4e9724fa1 f96c424795dca035 b6ceb72bdc691ec6 c5db6e67fc92e387 126f83bdab3062ef 79981b6bf47b0ae 3bda9436c93e3ae8 f46e9dd8cd74f01d cbca0ccce4a17f3 ] wstrb=[8e db 2 ab b3 f5 77 41 d0 79 ed 84 6e 64 c5 3f de b2 c3 4c 17 88 8b f5 3b 4e 41 52 d7 cd 47 12 1b 88 64 f2 55 ab 4 71 33 68 63 89 13 68 fa 47 d0 5d d0 e4 c5 ca 2b 96 27 fb 7a ed c5 a5 83 ec a0 fd d9 65 a2 5c 51 42 59 2b a7 fb 87 f8 3d e1 23 e4 dc ab dd 1a 8c 0 fe 68 ab db 82 37 dc 81 a0 87 5c 22 bf 38 a3 5f c0 0 81 7f 38 25 de f8 25 5f 77 5d 84 55 56 a9 b5 cd 7 39 23 5d e3 d8 2a ] bresp=0 bid=1101
[1375000] MASTER 0 RECEIVED BRESP. BRESP=0
[1375000] [MASTER DRIVER] mst_id=0 s_id=0 awaddr=1c62d6c8 awid=1101 awlen=128 awsize=3 awburst=1 wdata=[b3e02f49c8e5973 fd91fc98e6a80139 88ffedb93255141c cee36d8f2520c208 bc8c341943df0ad c69304c9cc756a27 f1962c2f94c8b0fa 2906a1a815767259 e1ebdc80fd5eef70 1227a06bef99a671 851018cad38208b0 d0e0f8203b2e4213 aac7e884e6fbf54b 3a7dfdfbe308988b 9e36da9e2fd8014f 16d3f69a8b5ef61b ee678ea7c8fec323 f8d6c472d151f495 dcb0eab08c9e6945 d59d2c680faabb0c e0fcafa1cb187957 d7b6e29dce73f0da de1eabe6bdad9a51 8c613a9ad540f05 fbc7ffe0bf1b5b87 fcc8f5d9e07cf646 8dd1054bd9e6abc6 1902074e058f0982 e60bffc88999052b e37fb0f215cafd27 1b5a06a9f3dd0513 fd760a3ffc81b840 124cb56701660671 f5430b84e0f5bb31 dd7773712da6bc10 2f0cc281f2b915c3 d3aed0f4efc428d8 1d6ae4e8a44fce05 1708e3c9b1264465 a0ea6d3dcc77a769 f0c7756eeab7b4bd 1bddf923be555225 8accf98e87d05937 f2880df5bcc86660 fb1db886fb946efd 8364c8340e660718 cb2e6d7885eab214 817f2111f5ecd629 8452dd41c64c25fe cc36d81304e3e946 fad0bf6fcf814aba 95cd70b8cdb5f924 d299e26aff239cb1 cea4e76be20448cb 2fba41f0cd6aa1da cc8e3e8be4725823 c676a0ef8254245a cfbec6341b3325f6 ffa57e19f630e2df f88507399c4d04bf b7802ab5c61c1f08 bc4d01e7c843cd6e e490d22d3725a8cf fd41c7d734d20921 fd15d68f1c10fce3 d336a5b2398ec9bf ee60d2e0e1a6a8bc fdb7a59fd0786d89 8a073748eb76a96f cd1d522bd0ee4b51 2166b8dbf8680a28 e3deb397cad4f7cb 9bc3431cab6df023 23d5fa4c30fc05c3 fbd0fd8ebd29fbf7 e897ec1b87b4ade3 b8b0b3a6979440aa d4be3ca20c6de667 9422944ab481b134 cc15f1df3d5628bd c9c40f24ccd347f1 8154f92520d42e81 de2a573edde6a36e aab9eb5fcd6aeb04 ee3f198527ee6662 85d509d02c0ee485 f979cf89cc6970c3 f457d725308ef530 dc9dd9b5e7b8e90f b42259d2fa2ce0f6 2abbd626d617a93e bdd0924d287a30f8 22a711ee0759afdb dd715919f1f2ec20 1a6d1d18cd62e814 d4bc97ef1b41eb67 d34d7873d142f06 a77171ab22df108 cd6fdc6f27a1f49f e4b623a5df33af09 9161a011daa4b3f6 8246a895ef2d3abf ce60e9c8ded17c81 b9763077e6fccc3a d62a06f9dfc289d9 be94065a3bbcd90d a2b9a547a48af0c1 44d7a9bf80a36d2 33c70fdff8e3ac41 9d6e9d02c2e180f5 baebb7c7d680b526 cf646167a1bc179d e49d9893eeb2c7a6 c5337ccdecd2fe6a 8e8f16079f89505a e3c18019497de34 816adc9ef32cae9a 12b5fef5d36f94ce e80773020ff9f2a6 8326a14020f216f6 f461abc4e9724fa1 f96c424795dca035 b6ceb72bdc691ec6 c5db6e67fc92e387 126f83bdab3062ef 79981b6bf47b0ae 3bda9436c93e3ae8 f46e9dd8cd74f01d cbca0ccce4a17f3 ] wstrb=[8e db 2 ab b3 f5 77 41 d0 79 ed 84 6e 64 c5 3f de b2 c3 4c 17 88 8b f5 3b 4e 41 52 d7 cd 47 12 1b 88 64 f2 55 ab 4 71 33 68 63 89 13 68 fa 47 d0 5d d0 e4 c5 ca 2b 96 27 fb 7a ed c5 a5 83 ec a0 fd d9 65 a2 5c 51 42 59 2b a7 fb 87 f8 3d e1 23 e4 dc ab dd 1a 8c 0 fe 68 ab db 82 37 dc 81 a0 87 5c 22 bf 38 a3 5f c0 0 81 7f 38 25 de f8 25 5f 77 5d 84 55 56 a9 b5 cd 7 39 23 5d e3 d8 2a ] bresp=0 bid=1101
[1375000] SCOREBOARD MATCH: decode_err expected = 0, actual =0
[1375000] SCOREBOARD MATCH: slave_id expected = 1, actual =1
[1375000] SCOREBOARD MATCH: awaddr passthrough expected = 1c62d6c8, actual =1c62d6c8
[1375000] SCOREBOARD MATCH: awlen passthrough expected = 128, actual =128
[1375000] SCOREBOARD MATCH: awsize passthrough expected = 3, actual =3
[1375000] SCOREBOARD MATCH: awburst passthrough expected = 1, actual =1
[1375000] SCOREBOARD MATCH: wdata size check expected = 81, actual =81
[1375000] SCOREBOARD MATCH: wdata passthrough beat=0 expected = b3e02f49c8e5973, actual =b3e02f49c8e5973
[1375000] SCOREBOARD MATCH: wdata passthrough beat=1 expected = fd91fc98e6a80139, actual =fd91fc98e6a80139
[1375000] SCOREBOARD MATCH: wdata passthrough beat=2 expected = 88ffedb93255141c, actual =88ffedb93255141c
[1375000] SCOREBOARD MATCH: wdata passthrough beat=3 expected = cee36d8f2520c208, actual =cee36d8f2520c208
[1375000] SCOREBOARD MATCH: wdata passthrough beat=4 expected = bc8c341943df0ad, actual =bc8c341943df0ad
[1375000] SCOREBOARD MATCH: wdata passthrough beat=5 expected = c69304c9cc756a27, actual =c69304c9cc756a27
[1375000] SCOREBOARD MATCH: wdata passthrough beat=6 expected = f1962c2f94c8b0fa, actual =f1962c2f94c8b0fa
[1375000] SCOREBOARD MATCH: wdata passthrough beat=7 expected = 2906a1a815767259, actual =2906a1a815767259
[1375000] SCOREBOARD MATCH: wdata passthrough beat=8 expected = e1ebdc80fd5eef70, actual =e1ebdc80fd5eef70
[1375000] SCOREBOARD MATCH: wdata passthrough beat=9 expected = 1227a06bef99a671, actual =1227a06bef99a671
[1375000] SCOREBOARD MATCH: wdata passthrough beat=10 expected = 851018cad38208b0, actual =851018cad38208b0
[1375000] SCOREBOARD MATCH: wdata passthrough beat=11 expected = d0e0f8203b2e4213, actual =d0e0f8203b2e4213
[1375000] SCOREBOARD MATCH: wdata passthrough beat=12 expected = aac7e884e6fbf54b, actual =aac7e884e6fbf54b
[1375000] SCOREBOARD MATCH: wdata passthrough beat=13 expected = 3a7dfdfbe308988b, actual =3a7dfdfbe308988b
[1375000] SCOREBOARD MATCH: wdata passthrough beat=14 expected = 9e36da9e2fd8014f, actual =9e36da9e2fd8014f
[1375000] SCOREBOARD MATCH: wdata passthrough beat=15 expected = 16d3f69a8b5ef61b, actual =16d3f69a8b5ef61b
[1375000] SCOREBOARD MATCH: wdata passthrough beat=16 expected = ee678ea7c8fec323, actual =ee678ea7c8fec323
[1375000] SCOREBOARD MATCH: wdata passthrough beat=17 expected = f8d6c472d151f495, actual =f8d6c472d151f495
[1375000] SCOREBOARD MATCH: wdata passthrough beat=18 expected = dcb0eab08c9e6945, actual =dcb0eab08c9e6945
[1375000] SCOREBOARD MATCH: wdata passthrough beat=19 expected = d59d2c680faabb0c, actual =d59d2c680faabb0c
[1375000] SCOREBOARD MATCH: wdata passthrough beat=20 expected = e0fcafa1cb187957, actual =e0fcafa1cb187957
[1375000] SCOREBOARD MATCH: wdata passthrough beat=21 expected = d7b6e29dce73f0da, actual =d7b6e29dce73f0da
[1375000] SCOREBOARD MATCH: wdata passthrough beat=22 expected = de1eabe6bdad9a51, actual =de1eabe6bdad9a51
[1375000] SCOREBOARD MATCH: wdata passthrough beat=23 expected = 8c613a9ad540f05, actual =8c613a9ad540f05
[1375000] SCOREBOARD MATCH: wdata passthrough beat=24 expected = fbc7ffe0bf1b5b87, actual =fbc7ffe0bf1b5b87
[1375000] SCOREBOARD MATCH: wdata passthrough beat=25 expected = fcc8f5d9e07cf646, actual =fcc8f5d9e07cf646
[1375000] SCOREBOARD MATCH: wdata passthrough beat=26 expected = 8dd1054bd9e6abc6, actual =8dd1054bd9e6abc6
[1375000] SCOREBOARD MATCH: wdata passthrough beat=27 expected = 1902074e058f0982, actual =1902074e058f0982
[1375000] SCOREBOARD MATCH: wdata passthrough beat=28 expected = e60bffc88999052b, actual =e60bffc88999052b
[1375000] SCOREBOARD MATCH: wdata passthrough beat=29 expected = e37fb0f215cafd27, actual =e37fb0f215cafd27
[1375000] SCOREBOARD MATCH: wdata passthrough beat=30 expected = 1b5a06a9f3dd0513, actual =1b5a06a9f3dd0513
[1375000] SCOREBOARD MATCH: wdata passthrough beat=31 expected = fd760a3ffc81b840, actual =fd760a3ffc81b840
[1375000] SCOREBOARD MATCH: wdata passthrough beat=32 expected = 124cb56701660671, actual =124cb56701660671
[1375000] SCOREBOARD MATCH: wdata passthrough beat=33 expected = f5430b84e0f5bb31, actual =f5430b84e0f5bb31
[1375000] SCOREBOARD MATCH: wdata passthrough beat=34 expected = dd7773712da6bc10, actual =dd7773712da6bc10
[1375000] SCOREBOARD MATCH: wdata passthrough beat=35 expected = 2f0cc281f2b915c3, actual =2f0cc281f2b915c3
[1375000] SCOREBOARD MATCH: wdata passthrough beat=36 expected = d3aed0f4efc428d8, actual =d3aed0f4efc428d8
[1375000] SCOREBOARD MATCH: wdata passthrough beat=37 expected = 1d6ae4e8a44fce05, actual =1d6ae4e8a44fce05
[1375000] SCOREBOARD MATCH: wdata passthrough beat=38 expected = 1708e3c9b1264465, actual =1708e3c9b1264465
[1375000] SCOREBOARD MATCH: wdata passthrough beat=39 expected = a0ea6d3dcc77a769, actual =a0ea6d3dcc77a769
[1375000] SCOREBOARD MATCH: wdata passthrough beat=40 expected = f0c7756eeab7b4bd, actual =f0c7756eeab7b4bd
[1375000] SCOREBOARD MATCH: wdata passthrough beat=41 expected = 1bddf923be555225, actual =1bddf923be555225
[1375000] SCOREBOARD MATCH: wdata passthrough beat=42 expected = 8accf98e87d05937, actual =8accf98e87d05937
[1375000] SCOREBOARD MATCH: wdata passthrough beat=43 expected = f2880df5bcc86660, actual =f2880df5bcc86660
[1375000] SCOREBOARD MATCH: wdata passthrough beat=44 expected = fb1db886fb946efd, actual =fb1db886fb946efd
[1375000] SCOREBOARD MATCH: wdata passthrough beat=45 expected = 8364c8340e660718, actual =8364c8340e660718
[1375000] SCOREBOARD MATCH: wdata passthrough beat=46 expected = cb2e6d7885eab214, actual =cb2e6d7885eab214
[1375000] SCOREBOARD MATCH: wdata passthrough beat=47 expected = 817f2111f5ecd629, actual =817f2111f5ecd629
[1375000] SCOREBOARD MATCH: wdata passthrough beat=48 expected = 8452dd41c64c25fe, actual =8452dd41c64c25fe
[1375000] SCOREBOARD MATCH: wdata passthrough beat=49 expected = cc36d81304e3e946, actual =cc36d81304e3e946
[1375000] SCOREBOARD MATCH: wdata passthrough beat=50 expected = fad0bf6fcf814aba, actual =fad0bf6fcf814aba
[1375000] SCOREBOARD MATCH: wdata passthrough beat=51 expected = 95cd70b8cdb5f924, actual =95cd70b8cdb5f924
[1375000] SCOREBOARD MATCH: wdata passthrough beat=52 expected = d299e26aff239cb1, actual =d299e26aff239cb1
[1375000] SCOREBOARD MATCH: wdata passthrough beat=53 expected = cea4e76be20448cb, actual =cea4e76be20448cb
[1375000] SCOREBOARD MATCH: wdata passthrough beat=54 expected = 2fba41f0cd6aa1da, actual =2fba41f0cd6aa1da
[1375000] SCOREBOARD MATCH: wdata passthrough beat=55 expected = cc8e3e8be4725823, actual =cc8e3e8be4725823
[1375000] SCOREBOARD MATCH: wdata passthrough beat=56 expected = c676a0ef8254245a, actual =c676a0ef8254245a
[1375000] SCOREBOARD MATCH: wdata passthrough beat=57 expected = cfbec6341b3325f6, actual =cfbec6341b3325f6
[1375000] SCOREBOARD MATCH: wdata passthrough beat=58 expected = ffa57e19f630e2df, actual =ffa57e19f630e2df
[1375000] SCOREBOARD MATCH: wdata passthrough beat=59 expected = f88507399c4d04bf, actual =f88507399c4d04bf
[1375000] SCOREBOARD MATCH: wdata passthrough beat=60 expected = b7802ab5c61c1f08, actual =b7802ab5c61c1f08
[1375000] SCOREBOARD MATCH: wdata passthrough beat=61 expected = bc4d01e7c843cd6e, actual =bc4d01e7c843cd6e
[1375000] SCOREBOARD MATCH: wdata passthrough beat=62 expected = e490d22d3725a8cf, actual =e490d22d3725a8cf
[1375000] SCOREBOARD MATCH: wdata passthrough beat=63 expected = fd41c7d734d20921, actual =fd41c7d734d20921
[1375000] SCOREBOARD MATCH: wdata passthrough beat=64 expected = fd15d68f1c10fce3, actual =fd15d68f1c10fce3
[1375000] SCOREBOARD MATCH: wdata passthrough beat=65 expected = d336a5b2398ec9bf, actual =d336a5b2398ec9bf
[1375000] SCOREBOARD MATCH: wdata passthrough beat=66 expected = ee60d2e0e1a6a8bc, actual =ee60d2e0e1a6a8bc
[1375000] SCOREBOARD MATCH: wdata passthrough beat=67 expected = fdb7a59fd0786d89, actual =fdb7a59fd0786d89
[1375000] SCOREBOARD MATCH: wdata passthrough beat=68 expected = 8a073748eb76a96f, actual =8a073748eb76a96f
[1375000] SCOREBOARD MATCH: wdata passthrough beat=69 expected = cd1d522bd0ee4b51, actual =cd1d522bd0ee4b51
[1375000] SCOREBOARD MATCH: wdata passthrough beat=70 expected = 2166b8dbf8680a28, actual =2166b8dbf8680a28
[1375000] SCOREBOARD MATCH: wdata passthrough beat=71 expected = e3deb397cad4f7cb, actual =e3deb397cad4f7cb
[1375000] SCOREBOARD MATCH: wdata passthrough beat=72 expected = 9bc3431cab6df023, actual =9bc3431cab6df023
[1375000] SCOREBOARD MATCH: wdata passthrough beat=73 expected = 23d5fa4c30fc05c3, actual =23d5fa4c30fc05c3
[1375000] SCOREBOARD MATCH: wdata passthrough beat=74 expected = fbd0fd8ebd29fbf7, actual =fbd0fd8ebd29fbf7
[1375000] SCOREBOARD MATCH: wdata passthrough beat=75 expected = e897ec1b87b4ade3, actual =e897ec1b87b4ade3
[1375000] SCOREBOARD MATCH: wdata passthrough beat=76 expected = b8b0b3a6979440aa, actual =b8b0b3a6979440aa
[1375000] SCOREBOARD MATCH: wdata passthrough beat=77 expected = d4be3ca20c6de667, actual =d4be3ca20c6de667
[1375000] SCOREBOARD MATCH: wdata passthrough beat=78 expected = 9422944ab481b134, actual =9422944ab481b134
[1375000] SCOREBOARD MATCH: wdata passthrough beat=79 expected = cc15f1df3d5628bd, actual =cc15f1df3d5628bd
[1375000] SCOREBOARD MATCH: wdata passthrough beat=80 expected = c9c40f24ccd347f1, actual =c9c40f24ccd347f1
[1375000] SCOREBOARD MATCH: wdata passthrough beat=81 expected = 8154f92520d42e81, actual =8154f92520d42e81
[1375000] SCOREBOARD MATCH: wdata passthrough beat=82 expected = de2a573edde6a36e, actual =de2a573edde6a36e
[1375000] SCOREBOARD MATCH: wdata passthrough beat=83 expected = aab9eb5fcd6aeb04, actual =aab9eb5fcd6aeb04
[1375000] SCOREBOARD MATCH: wdata passthrough beat=84 expected = ee3f198527ee6662, actual =ee3f198527ee6662
[1375000] SCOREBOARD MATCH: wdata passthrough beat=85 expected = 85d509d02c0ee485, actual =85d509d02c0ee485
[1375000] SCOREBOARD MATCH: wdata passthrough beat=86 expected = f979cf89cc6970c3, actual =f979cf89cc6970c3
[1375000] SCOREBOARD MATCH: wdata passthrough beat=87 expected = f457d725308ef530, actual =f457d725308ef530
[1375000] SCOREBOARD MATCH: wdata passthrough beat=88 expected = dc9dd9b5e7b8e90f, actual =dc9dd9b5e7b8e90f
[1375000] SCOREBOARD MATCH: wdata passthrough beat=89 expected = b42259d2fa2ce0f6, actual =b42259d2fa2ce0f6
[1375000] SCOREBOARD MATCH: wdata passthrough beat=90 expected = 2abbd626d617a93e, actual =2abbd626d617a93e
[1375000] SCOREBOARD MATCH: wdata passthrough beat=91 expected = bdd0924d287a30f8, actual =bdd0924d287a30f8
[1375000] SCOREBOARD MATCH: wdata passthrough beat=92 expected = 22a711ee0759afdb, actual =22a711ee0759afdb
[1375000] SCOREBOARD MATCH: wdata passthrough beat=93 expected = dd715919f1f2ec20, actual =dd715919f1f2ec20
[1375000] SCOREBOARD MATCH: wdata passthrough beat=94 expected = 1a6d1d18cd62e814, actual =1a6d1d18cd62e814
[1375000] SCOREBOARD MATCH: wdata passthrough beat=95 expected = d4bc97ef1b41eb67, actual =d4bc97ef1b41eb67
[1375000] SCOREBOARD MATCH: wdata passthrough beat=96 expected = d34d7873d142f06, actual =d34d7873d142f06
[1375000] SCOREBOARD MATCH: wdata passthrough beat=97 expected = a77171ab22df108, actual =a77171ab22df108
[1375000] SCOREBOARD MATCH: wdata passthrough beat=98 expected = cd6fdc6f27a1f49f, actual =cd6fdc6f27a1f49f
[1375000] SCOREBOARD MATCH: wdata passthrough beat=99 expected = e4b623a5df33af09, actual =e4b623a5df33af09
[1375000] SCOREBOARD MATCH: wdata passthrough beat=100 expected = 9161a011daa4b3f6, actual =9161a011daa4b3f6
[1375000] SCOREBOARD MATCH: wdata passthrough beat=101 expected = 8246a895ef2d3abf, actual =8246a895ef2d3abf
[1375000] SCOREBOARD MATCH: wdata passthrough beat=102 expected = ce60e9c8ded17c81, actual =ce60e9c8ded17c81
[1375000] SCOREBOARD MATCH: wdata passthrough beat=103 expected = b9763077e6fccc3a, actual =b9763077e6fccc3a
[1375000] SCOREBOARD MATCH: wdata passthrough beat=104 expected = d62a06f9dfc289d9, actual =d62a06f9dfc289d9
[1375000] SCOREBOARD MATCH: wdata passthrough beat=105 expected = be94065a3bbcd90d, actual =be94065a3bbcd90d
[1375000] SCOREBOARD MATCH: wdata passthrough beat=106 expected = a2b9a547a48af0c1, actual =a2b9a547a48af0c1
[1375000] SCOREBOARD MATCH: wdata passthrough beat=107 expected = 44d7a9bf80a36d2, actual =44d7a9bf80a36d2
[1375000] SCOREBOARD MATCH: wdata passthrough beat=108 expected = 33c70fdff8e3ac41, actual =33c70fdff8e3ac41
[1375000] SCOREBOARD MATCH: wdata passthrough beat=109 expected = 9d6e9d02c2e180f5, actual =9d6e9d02c2e180f5
[1375000] SCOREBOARD MATCH: wdata passthrough beat=110 expected = baebb7c7d680b526, actual =baebb7c7d680b526
[1375000] SCOREBOARD MATCH: wdata passthrough beat=111 expected = cf646167a1bc179d, actual =cf646167a1bc179d
[1375000] SCOREBOARD MATCH: wdata passthrough beat=112 expected = e49d9893eeb2c7a6, actual =e49d9893eeb2c7a6
[1375000] SCOREBOARD MATCH: wdata passthrough beat=113 expected = c5337ccdecd2fe6a, actual =c5337ccdecd2fe6a
[1375000] SCOREBOARD MATCH: wdata passthrough beat=114 expected = 8e8f16079f89505a, actual =8e8f16079f89505a
[1375000] SCOREBOARD MATCH: wdata passthrough beat=115 expected = e3c18019497de34, actual =e3c18019497de34
[1375000] SCOREBOARD MATCH: wdata passthrough beat=116 expected = 816adc9ef32cae9a, actual =816adc9ef32cae9a
[1375000] SCOREBOARD MATCH: wdata passthrough beat=117 expected = 12b5fef5d36f94ce, actual =12b5fef5d36f94ce
[1375000] SCOREBOARD MATCH: wdata passthrough beat=118 expected = e80773020ff9f2a6, actual =e80773020ff9f2a6
[1375000] SCOREBOARD MATCH: wdata passthrough beat=119 expected = 8326a14020f216f6, actual =8326a14020f216f6
[1375000] SCOREBOARD MATCH: wdata passthrough beat=120 expected = f461abc4e9724fa1, actual =f461abc4e9724fa1
[1375000] SCOREBOARD MATCH: wdata passthrough beat=121 expected = f96c424795dca035, actual =f96c424795dca035
[1375000] SCOREBOARD MATCH: wdata passthrough beat=122 expected = b6ceb72bdc691ec6, actual =b6ceb72bdc691ec6
[1375000] SCOREBOARD MATCH: wdata passthrough beat=123 expected = c5db6e67fc92e387, actual =c5db6e67fc92e387
[1375000] SCOREBOARD MATCH: wdata passthrough beat=124 expected = 126f83bdab3062ef, actual =126f83bdab3062ef
[1375000] SCOREBOARD MATCH: wdata passthrough beat=125 expected = 79981b6bf47b0ae, actual =79981b6bf47b0ae
[1375000] SCOREBOARD MATCH: wdata passthrough beat=126 expected = 3bda9436c93e3ae8, actual =3bda9436c93e3ae8
[1375000] SCOREBOARD MATCH: wdata passthrough beat=127 expected = f46e9dd8cd74f01d, actual =f46e9dd8cd74f01d
[1375000] SCOREBOARD MATCH: wdata passthrough beat=128 expected = cbca0ccce4a17f3, actual =cbca0ccce4a17f3
[1375000] SCOREBOARD MATCH: wstrb size check expected = 81, actual =81
[1375000] SCOREBOARD MATCH: wstrb passthrough beat=0 expected = 8e, actual =8e
[1375000] SCOREBOARD MATCH: wstrb passthrough beat=1 expected = db, actual =db
[1375000] SCOREBOARD MATCH: wstrb passthrough beat=2 expected = 2, actual =2
[1375000] SCOREBOARD MATCH: wstrb passthrough beat=3 expected = ab, actual =ab
[1375000] SCOREBOARD MATCH: wstrb passthrough beat=4 expected = b3, actual =b3
[1375000] SCOREBOARD MATCH: wstrb passthrough beat=5 expected = f5, actual =f5
[1375000] SCOREBOARD MATCH: wstrb passthrough beat=6 expected = 77, actual =77
[1375000] SCOREBOARD MATCH: wstrb passthrough beat=7 expected = 41, actual =41
[1375000] SCOREBOARD MATCH: wstrb passthrough beat=8 expected = d0, actual =d0
[1375000] SCOREBOARD MATCH: wstrb passthrough beat=9 expected = 79, actual =79
[1375000] SCOREBOARD MATCH: wstrb passthrough beat=10 expected = ed, actual =ed
[1375000] SCOREBOARD MATCH: wstrb passthrough beat=11 expected = 84, actual =84
[1375000] SCOREBOARD MATCH: wstrb passthrough beat=12 expected = 6e, actual =6e
[1375000] SCOREBOARD MATCH: wstrb passthrough beat=13 expected = 64, actual =64
[1375000] SCOREBOARD MATCH: wstrb passthrough beat=14 expected = c5, actual =c5
[1375000] SCOREBOARD MATCH: wstrb passthrough beat=15 expected = 3f, actual =3f
[1375000] SCOREBOARD MATCH: wstrb passthrough beat=16 expected = de, actual =de
[1375000] SCOREBOARD MATCH: wstrb passthrough beat=17 expected = b2, actual =b2
[1375000] SCOREBOARD MATCH: wstrb passthrough beat=18 expected = c3, actual =c3
[1375000] SCOREBOARD MATCH: wstrb passthrough beat=19 expected = 4c, actual =4c
[1375000] SCOREBOARD MATCH: wstrb passthrough beat=20 expected = 17, actual =17
[1375000] SCOREBOARD MATCH: wstrb passthrough beat=21 expected = 88, actual =88
[1375000] SCOREBOARD MATCH: wstrb passthrough beat=22 expected = 8b, actual =8b
[1375000] SCOREBOARD MATCH: wstrb passthrough beat=23 expected = f5, actual =f5
[1375000] SCOREBOARD MATCH: wstrb passthrough beat=24 expected = 3b, actual =3b
[1375000] SCOREBOARD MATCH: wstrb passthrough beat=25 expected = 4e, actual =4e
[1375000] SCOREBOARD MATCH: wstrb passthrough beat=26 expected = 41, actual =41
[1375000] SCOREBOARD MATCH: wstrb passthrough beat=27 expected = 52, actual =52
[1375000] SCOREBOARD MATCH: wstrb passthrough beat=28 expected = d7, actual =d7
[1375000] SCOREBOARD MATCH: wstrb passthrough beat=29 expected = cd, actual =cd
[1375000] SCOREBOARD MATCH: wstrb passthrough beat=30 expected = 47, actual =47
[1375000] SCOREBOARD MATCH: wstrb passthrough beat=31 expected = 12, actual =12
[1375000] SCOREBOARD MATCH: wstrb passthrough beat=32 expected = 1b, actual =1b
[1375000] SCOREBOARD MATCH: wstrb passthrough beat=33 expected = 88, actual =88
[1375000] SCOREBOARD MATCH: wstrb passthrough beat=34 expected = 64, actual =64
[1375000] SCOREBOARD MATCH: wstrb passthrough beat=35 expected = f2, actual =f2
[1375000] SCOREBOARD MATCH: wstrb passthrough beat=36 expected = 55, actual =55
[1375000] SCOREBOARD MATCH: wstrb passthrough beat=37 expected = ab, actual =ab
[1375000] SCOREBOARD MATCH: wstrb passthrough beat=38 expected = 4, actual =4
[1375000] SCOREBOARD MATCH: wstrb passthrough beat=39 expected = 71, actual =71
[1375000] SCOREBOARD MATCH: wstrb passthrough beat=40 expected = 33, actual =33
[1375000] SCOREBOARD MATCH: wstrb passthrough beat=41 expected = 68, actual =68
[1375000] SCOREBOARD MATCH: wstrb passthrough beat=42 expected = 63, actual =63
[1375000] SCOREBOARD MATCH: wstrb passthrough beat=43 expected = 89, actual =89
[1375000] SCOREBOARD MATCH: wstrb passthrough beat=44 expected = 13, actual =13
[1375000] SCOREBOARD MATCH: wstrb passthrough beat=45 expected = 68, actual =68
[1375000] SCOREBOARD MATCH: wstrb passthrough beat=46 expected = fa, actual =fa
[1375000] SCOREBOARD MATCH: wstrb passthrough beat=47 expected = 47, actual =47
[1375000] SCOREBOARD MATCH: wstrb passthrough beat=48 expected = d0, actual =d0
[1375000] SCOREBOARD MATCH: wstrb passthrough beat=49 expected = 5d, actual =5d
[1375000] SCOREBOARD MATCH: wstrb passthrough beat=50 expected = d0, actual =d0
[1375000] SCOREBOARD MATCH: wstrb passthrough beat=51 expected = e4, actual =e4
[1375000] SCOREBOARD MATCH: wstrb passthrough beat=52 expected = c5, actual =c5
[1375000] SCOREBOARD MATCH: wstrb passthrough beat=53 expected = ca, actual =ca
[1375000] SCOREBOARD MATCH: wstrb passthrough beat=54 expected = 2b, actual =2b
[1375000] SCOREBOARD MATCH: wstrb passthrough beat=55 expected = 96, actual =96
[1375000] SCOREBOARD MATCH: wstrb passthrough beat=56 expected = 27, actual =27
[1375000] SCOREBOARD MATCH: wstrb passthrough beat=57 expected = fb, actual =fb
[1375000] SCOREBOARD MATCH: wstrb passthrough beat=58 expected = 7a, actual =7a
[1375000] SCOREBOARD MATCH: wstrb passthrough beat=59 expected = ed, actual =ed
[1375000] SCOREBOARD MATCH: wstrb passthrough beat=60 expected = c5, actual =c5
[1375000] SCOREBOARD MATCH: wstrb passthrough beat=61 expected = a5, actual =a5
[1375000] SCOREBOARD MATCH: wstrb passthrough beat=62 expected = 83, actual =83
[1375000] SCOREBOARD MATCH: wstrb passthrough beat=63 expected = ec, actual =ec
[1375000] SCOREBOARD MATCH: wstrb passthrough beat=64 expected = a0, actual =a0
[1375000] SCOREBOARD MATCH: wstrb passthrough beat=65 expected = fd, actual =fd
[1375000] SCOREBOARD MATCH: wstrb passthrough beat=66 expected = d9, actual =d9
[1375000] SCOREBOARD MATCH: wstrb passthrough beat=67 expected = 65, actual =65
[1375000] SCOREBOARD MATCH: wstrb passthrough beat=68 expected = a2, actual =a2
[1375000] SCOREBOARD MATCH: wstrb passthrough beat=69 expected = 5c, actual =5c
[1375000] SCOREBOARD MATCH: wstrb passthrough beat=70 expected = 51, actual =51
[1375000] SCOREBOARD MATCH: wstrb passthrough beat=71 expected = 42, actual =42
[1375000] SCOREBOARD MATCH: wstrb passthrough beat=72 expected = 59, actual =59
[1375000] SCOREBOARD MATCH: wstrb passthrough beat=73 expected = 2b, actual =2b
[1375000] SCOREBOARD MATCH: wstrb passthrough beat=74 expected = a7, actual =a7
[1375000] SCOREBOARD MATCH: wstrb passthrough beat=75 expected = fb, actual =fb
[1375000] SCOREBOARD MATCH: wstrb passthrough beat=76 expected = 87, actual =87
[1375000] SCOREBOARD MATCH: wstrb passthrough beat=77 expected = f8, actual =f8
[1375000] SCOREBOARD MATCH: wstrb passthrough beat=78 expected = 3d, actual =3d
[1375000] SCOREBOARD MATCH: wstrb passthrough beat=79 expected = e1, actual =e1
[1375000] SCOREBOARD MATCH: wstrb passthrough beat=80 expected = 23, actual =23
[1375000] SCOREBOARD MATCH: wstrb passthrough beat=81 expected = e4, actual =e4
[1375000] SCOREBOARD MATCH: wstrb passthrough beat=82 expected = dc, actual =dc
[1375000] SCOREBOARD MATCH: wstrb passthrough beat=83 expected = ab, actual =ab
[1375000] SCOREBOARD MATCH: wstrb passthrough beat=84 expected = dd, actual =dd
[1375000] SCOREBOARD MATCH: wstrb passthrough beat=85 expected = 1a, actual =1a
[1375000] SCOREBOARD MATCH: wstrb passthrough beat=86 expected = 8c, actual =8c
[1375000] SCOREBOARD MATCH: wstrb passthrough beat=87 expected = 0, actual =0
[1375000] SCOREBOARD MATCH: wstrb passthrough beat=88 expected = fe, actual =fe
[1375000] SCOREBOARD MATCH: wstrb passthrough beat=89 expected = 68, actual =68
[1375000] SCOREBOARD MATCH: wstrb passthrough beat=90 expected = ab, actual =ab
[1375000] SCOREBOARD MATCH: wstrb passthrough beat=91 expected = db, actual =db
[1375000] SCOREBOARD MATCH: wstrb passthrough beat=92 expected = 82, actual =82
[1375000] SCOREBOARD MATCH: wstrb passthrough beat=93 expected = 37, actual =37
[1375000] SCOREBOARD MATCH: wstrb passthrough beat=94 expected = dc, actual =dc
[1375000] SCOREBOARD MATCH: wstrb passthrough beat=95 expected = 81, actual =81
[1375000] SCOREBOARD MATCH: wstrb passthrough beat=96 expected = a0, actual =a0
[1375000] SCOREBOARD MATCH: wstrb passthrough beat=97 expected = 87, actual =87
[1375000] SCOREBOARD MATCH: wstrb passthrough beat=98 expected = 5c, actual =5c
[1375000] SCOREBOARD MATCH: wstrb passthrough beat=99 expected = 22, actual =22
[1375000] SCOREBOARD MATCH: wstrb passthrough beat=100 expected = bf, actual =bf
[1375000] SCOREBOARD MATCH: wstrb passthrough beat=101 expected = 38, actual =38
[1375000] SCOREBOARD MATCH: wstrb passthrough beat=102 expected = a3, actual =a3
[1375000] SCOREBOARD MATCH: wstrb passthrough beat=103 expected = 5f, actual =5f
[1375000] SCOREBOARD MATCH: wstrb passthrough beat=104 expected = c0, actual =c0
[1375000] SCOREBOARD MATCH: wstrb passthrough beat=105 expected = 0, actual =0
[1375000] SCOREBOARD MATCH: wstrb passthrough beat=106 expected = 81, actual =81
[1375000] SCOREBOARD MATCH: wstrb passthrough beat=107 expected = 7f, actual =7f
[1375000] SCOREBOARD MATCH: wstrb passthrough beat=108 expected = 38, actual =38
[1375000] SCOREBOARD MATCH: wstrb passthrough beat=109 expected = 25, actual =25
[1375000] SCOREBOARD MATCH: wstrb passthrough beat=110 expected = de, actual =de
[1375000] SCOREBOARD MATCH: wstrb passthrough beat=111 expected = f8, actual =f8
[1375000] SCOREBOARD MATCH: wstrb passthrough beat=112 expected = 25, actual =25
[1375000] SCOREBOARD MATCH: wstrb passthrough beat=113 expected = 5f, actual =5f
[1375000] SCOREBOARD MATCH: wstrb passthrough beat=114 expected = 77, actual =77
[1375000] SCOREBOARD MATCH: wstrb passthrough beat=115 expected = 5d, actual =5d
[1375000] SCOREBOARD MATCH: wstrb passthrough beat=116 expected = 84, actual =84
[1375000] SCOREBOARD MATCH: wstrb passthrough beat=117 expected = 55, actual =55
[1375000] SCOREBOARD MATCH: wstrb passthrough beat=118 expected = 56, actual =56
[1375000] SCOREBOARD MATCH: wstrb passthrough beat=119 expected = a9, actual =a9
[1375000] SCOREBOARD MATCH: wstrb passthrough beat=120 expected = b5, actual =b5
[1375000] SCOREBOARD MATCH: wstrb passthrough beat=121 expected = cd, actual =cd
[1375000] SCOREBOARD MATCH: wstrb passthrough beat=122 expected = 7, actual =7
[1375000] SCOREBOARD MATCH: wstrb passthrough beat=123 expected = 39, actual =39
[1375000] SCOREBOARD MATCH: wstrb passthrough beat=124 expected = 23, actual =23
[1375000] SCOREBOARD MATCH: wstrb passthrough beat=125 expected = 5d, actual =5d
[1375000] SCOREBOARD MATCH: wstrb passthrough beat=126 expected = e3, actual =e3
[1375000] SCOREBOARD MATCH: wstrb passthrough beat=127 expected = d8, actual =d8
[1375000] SCOREBOARD MATCH: wstrb passthrough beat=128 expected = 2a, actual =2a
[1375000] SCOREBOARD MATCH: bresp passthrough expected = 0, actual =0
[1375000] SCOREBOARD MATCH: response routed to correct master (write) expected = 0, actual =0
[1375000] [SCOREBOARD-M] mst_id=0 s_id=1 awaddr=1c62d6c8 awid=1101 awlen=128 awsize=3 awburst=1 wdata=[b3e02f49c8e5973 fd91fc98e6a80139 88ffedb93255141c cee36d8f2520c208 bc8c341943df0ad c69304c9cc756a27 f1962c2f94c8b0fa 2906a1a815767259 e1ebdc80fd5eef70 1227a06bef99a671 851018cad38208b0 d0e0f8203b2e4213 aac7e884e6fbf54b 3a7dfdfbe308988b 9e36da9e2fd8014f 16d3f69a8b5ef61b ee678ea7c8fec323 f8d6c472d151f495 dcb0eab08c9e6945 d59d2c680faabb0c e0fcafa1cb187957 d7b6e29dce73f0da de1eabe6bdad9a51 8c613a9ad540f05 fbc7ffe0bf1b5b87 fcc8f5d9e07cf646 8dd1054bd9e6abc6 1902074e058f0982 e60bffc88999052b e37fb0f215cafd27 1b5a06a9f3dd0513 fd760a3ffc81b840 124cb56701660671 f5430b84e0f5bb31 dd7773712da6bc10 2f0cc281f2b915c3 d3aed0f4efc428d8 1d6ae4e8a44fce05 1708e3c9b1264465 a0ea6d3dcc77a769 f0c7756eeab7b4bd 1bddf923be555225 8accf98e87d05937 f2880df5bcc86660 fb1db886fb946efd 8364c8340e660718 cb2e6d7885eab214 817f2111f5ecd629 8452dd41c64c25fe cc36d81304e3e946 fad0bf6fcf814aba 95cd70b8cdb5f924 d299e26aff239cb1 cea4e76be20448cb 2fba41f0cd6aa1da cc8e3e8be4725823 c676a0ef8254245a cfbec6341b3325f6 ffa57e19f630e2df f88507399c4d04bf b7802ab5c61c1f08 bc4d01e7c843cd6e e490d22d3725a8cf fd41c7d734d20921 fd15d68f1c10fce3 d336a5b2398ec9bf ee60d2e0e1a6a8bc fdb7a59fd0786d89 8a073748eb76a96f cd1d522bd0ee4b51 2166b8dbf8680a28 e3deb397cad4f7cb 9bc3431cab6df023 23d5fa4c30fc05c3 fbd0fd8ebd29fbf7 e897ec1b87b4ade3 b8b0b3a6979440aa d4be3ca20c6de667 9422944ab481b134 cc15f1df3d5628bd c9c40f24ccd347f1 8154f92520d42e81 de2a573edde6a36e aab9eb5fcd6aeb04 ee3f198527ee6662 85d509d02c0ee485 f979cf89cc6970c3 f457d725308ef530 dc9dd9b5e7b8e90f b42259d2fa2ce0f6 2abbd626d617a93e bdd0924d287a30f8 22a711ee0759afdb dd715919f1f2ec20 1a6d1d18cd62e814 d4bc97ef1b41eb67 d34d7873d142f06 a77171ab22df108 cd6fdc6f27a1f49f e4b623a5df33af09 9161a011daa4b3f6 8246a895ef2d3abf ce60e9c8ded17c81 b9763077e6fccc3a d62a06f9dfc289d9 be94065a3bbcd90d a2b9a547a48af0c1 44d7a9bf80a36d2 33c70fdff8e3ac41 9d6e9d02c2e180f5 baebb7c7d680b526 cf646167a1bc179d e49d9893eeb2c7a6 c5337ccdecd2fe6a 8e8f16079f89505a e3c18019497de34 816adc9ef32cae9a 12b5fef5d36f94ce e80773020ff9f2a6 8326a14020f216f6 f461abc4e9724fa1 f96c424795dca035 b6ceb72bdc691ec6 c5db6e67fc92e387 126f83bdab3062ef 79981b6bf47b0ae 3bda9436c93e3ae8 f46e9dd8cd74f01d cbca0ccce4a17f3 ] wstrb=[8e db 2 ab b3 f5 77 41 d0 79 ed 84 6e 64 c5 3f de b2 c3 4c 17 88 8b f5 3b 4e 41 52 d7 cd 47 12 1b 88 64 f2 55 ab 4 71 33 68 63 89 13 68 fa 47 d0 5d d0 e4 c5 ca 2b 96 27 fb 7a ed c5 a5 83 ec a0 fd d9 65 a2 5c 51 42 59 2b a7 fb 87 f8 3d e1 23 e4 dc ab dd 1a 8c 0 fe 68 ab db 82 37 dc 81 a0 87 5c 22 bf 38 a3 5f c0 0 81 7f 38 25 de f8 25 5f 77 5d 84 55 56 a9 b5 cd 7 39 23 5d e3 d8 2a ] bresp=0 bid=1101
[1375000] [SCOREBOARD-S] mst_id=0 s_id=1 awaddr=1c62d6c8 awid=1101 awlen=128 awsize=3 awburst=1 wdata=[b3e02f49c8e5973 fd91fc98e6a80139 88ffedb93255141c cee36d8f2520c208 bc8c341943df0ad c69304c9cc756a27 f1962c2f94c8b0fa 2906a1a815767259 e1ebdc80fd5eef70 1227a06bef99a671 851018cad38208b0 d0e0f8203b2e4213 aac7e884e6fbf54b 3a7dfdfbe308988b 9e36da9e2fd8014f 16d3f69a8b5ef61b ee678ea7c8fec323 f8d6c472d151f495 dcb0eab08c9e6945 d59d2c680faabb0c e0fcafa1cb187957 d7b6e29dce73f0da de1eabe6bdad9a51 8c613a9ad540f05 fbc7ffe0bf1b5b87 fcc8f5d9e07cf646 8dd1054bd9e6abc6 1902074e058f0982 e60bffc88999052b e37fb0f215cafd27 1b5a06a9f3dd0513 fd760a3ffc81b840 124cb56701660671 f5430b84e0f5bb31 dd7773712da6bc10 2f0cc281f2b915c3 d3aed0f4efc428d8 1d6ae4e8a44fce05 1708e3c9b1264465 a0ea6d3dcc77a769 f0c7756eeab7b4bd 1bddf923be555225 8accf98e87d05937 f2880df5bcc86660 fb1db886fb946efd 8364c8340e660718 cb2e6d7885eab214 817f2111f5ecd629 8452dd41c64c25fe cc36d81304e3e946 fad0bf6fcf814aba 95cd70b8cdb5f924 d299e26aff239cb1 cea4e76be20448cb 2fba41f0cd6aa1da cc8e3e8be4725823 c676a0ef8254245a cfbec6341b3325f6 ffa57e19f630e2df f88507399c4d04bf b7802ab5c61c1f08 bc4d01e7c843cd6e e490d22d3725a8cf fd41c7d734d20921 fd15d68f1c10fce3 d336a5b2398ec9bf ee60d2e0e1a6a8bc fdb7a59fd0786d89 8a073748eb76a96f cd1d522bd0ee4b51 2166b8dbf8680a28 e3deb397cad4f7cb 9bc3431cab6df023 23d5fa4c30fc05c3 fbd0fd8ebd29fbf7 e897ec1b87b4ade3 b8b0b3a6979440aa d4be3ca20c6de667 9422944ab481b134 cc15f1df3d5628bd c9c40f24ccd347f1 8154f92520d42e81 de2a573edde6a36e aab9eb5fcd6aeb04 ee3f198527ee6662 85d509d02c0ee485 f979cf89cc6970c3 f457d725308ef530 dc9dd9b5e7b8e90f b42259d2fa2ce0f6 2abbd626d617a93e bdd0924d287a30f8 22a711ee0759afdb dd715919f1f2ec20 1a6d1d18cd62e814 d4bc97ef1b41eb67 d34d7873d142f06 a77171ab22df108 cd6fdc6f27a1f49f e4b623a5df33af09 9161a011daa4b3f6 8246a895ef2d3abf ce60e9c8ded17c81 b9763077e6fccc3a d62a06f9dfc289d9 be94065a3bbcd90d a2b9a547a48af0c1 44d7a9bf80a36d2 33c70fdff8e3ac41 9d6e9d02c2e180f5 baebb7c7d680b526 cf646167a1bc179d e49d9893eeb2c7a6 c5337ccdecd2fe6a 8e8f16079f89505a e3c18019497de34 816adc9ef32cae9a 12b5fef5d36f94ce e80773020ff9f2a6 8326a14020f216f6 f461abc4e9724fa1 f96c424795dca035 b6ceb72bdc691ec6 c5db6e67fc92e387 126f83bdab3062ef 79981b6bf47b0ae 3bda9436c93e3ae8 f46e9dd8cd74f01d cbca0ccce4a17f3 ] wstrb=[8e db 2 ab b3 f5 77 41 d0 79 ed 84 6e 64 c5 3f de b2 c3 4c 17 88 8b f5 3b 4e 41 52 d7 cd 47 12 1b 88 64 f2 55 ab 4 71 33 68 63 89 13 68 fa 47 d0 5d d0 e4 c5 ca 2b 96 27 fb 7a ed c5 a5 83 ec a0 fd d9 65 a2 5c 51 42 59 2b a7 fb 87 f8 3d e1 23 e4 dc ab dd 1a 8c 0 fe 68 ab db 82 37 dc 81 a0 87 5c 22 bf 38 a3 5f c0 0 81 7f 38 25 de f8 25 5f 77 5d 84 55 56 a9 b5 cd 7 39 23 5d e3 d8 2a ] bresp=0 bid=1101
[1375000] SCOREBOARD: Transaction 2 received. pass=282 fail=0
[1375000] ALL PASS. Total transactions: 2
[1385000] MASTER 1 W_VALID_RDY Handshake beat=8 wlast=0
[1385000] SLAVE 0 R_VALID_RDY Handshake beat=1 rlast=1
[1385000] [SLAVE MONITOR] READ mst_id=0 s_id=0 araddr=bb17080 arid=1 arlen=1 arsize=3 arburst=1 rid=[11] rresp=[00] rdata=[baadf00d12345678baadf00d12345678]
[1385000] S1 MEMORY WRITE beat=1 addr=1cfe7b00 data=ebdda517cc888693 id=1f
[1395000] S1 MEMORY WRITE beat=2 addr=1cfe7b40 data=ec68fbb69e850af7 id=1f
[1395000] MASTER 1 W_VALID_RDY Handshake beat=9 wlast=0
[1395000] MASTER 0 R_VALID_RDY Handshake beat=0 rlast=0
[1405000] [MASTER DRIVER] READ mst_id=0 s_id=0 araddr=bb17080 arid=1 arlen=1 arsize=3 arburst=1 rid=[11] rresp=[00] rdata=[baadf00d12345678baadf00d12345678]
[1405000] MASTER 0 R_VALID_RDY Handshake beat=1 rlast=1
[1405000] [MASTER MONITOR] READ mst_id=0 s_id=0 araddr=bb17080 arid=1 arlen=1 arsize=3 arburst=1 rid=[11] rresp=[00] rdata=[baadf00d12345678baadf00d12345678]
[1405000] MASTER 1 W_VALID_RDY Handshake beat=10 wlast=0
[1405000] S1 MEMORY WRITE beat=3 addr=1cfe7b80 data=9b2173c3d8586a0e id=1f
[1405000] SCOREBOARD MATCH: decode_err expected = 0, actual =0
[1405000] SCOREBOARD MATCH: slave_id expected = 0, actual =0
[1405000] SCOREBOARD MATCH: araddr passthrough expected = bb17080, actual =bb17080
[1405000] SCOREBOARD MATCH: arlen passthrough expected = 1, actual =1
[1405000] SCOREBOARD MATCH: arsize passthrough expected = 3, actual =3
[1405000] SCOREBOARD MATCH: arburst passthrough expected = 1, actual =1
[1405000] SCOREBOARD MATCH: rdata size check expected = 2, actual =2
[1405000] SCOREBOARD MATCH: rdata passthrough beat=0 expected = baadf00d12345678, actual =baadf00d12345678
[1405000] SCOREBOARD MATCH: rdata passthrough beat=1 expected = baadf00d12345678, actual =baadf00d12345678
[1405000] SCOREBOARD MATCH: rresp size check expected = 2, actual =2
[1405000] SCOREBOARD MATCH: rresp passthrough beat=0 expected = 0, actual =0
[1405000] SCOREBOARD MATCH: rresp passthrough beat=1 expected = 0, actual =0
[1405000] SCOREBOARD MATCH: response routed to correct master (read beat 0) expected = 0, actual =0
[1405000] SCOREBOARD MATCH: response routed to correct master (read beat 1) expected = 0, actual =0
[1405000] [SCOREBOARD-M] READ mst_id=0 s_id=0 araddr=bb17080 arid=1 arlen=1 arsize=3 arburst=1 rid=[11] rresp=[00] rdata=[baadf00d12345678baadf00d12345678]
[1405000] [SCOREBOARD-S] READ mst_id=0 s_id=0 araddr=bb17080 arid=1 arlen=1 arsize=3 arburst=1 rid=[11] rresp=[00] rdata=[baadf00d12345678baadf00d12345678]
[1405000] SCOREBOARD: Transaction 3 received. pass=296 fail=0
[1405000] ALL PASS. Total transactions: 3
[1415000] S1 MEMORY WRITE beat=4 addr=1cfe7bc0 data=a4e0f0a1eb13a60d id=1f
[1415000] MASTER 1 W_VALID_RDY Handshake beat=11 wlast=0
[1425000] MASTER 1 W_VALID_RDY Handshake beat=12 wlast=0
[1425000] S1 MEMORY WRITE beat=5 addr=1cfe7c00 data=0998b10506ff18db id=1f
[1435000] S1 MEMORY WRITE beat=6 addr=1cfe7c40 data=df5782e99149ec57 id=1f
[1435000] MASTER 1 W_VALID_RDY Handshake beat=13 wlast=0
[1445000] MASTER 1 W_VALID_RDY Handshake beat=14 wlast=0
[1445000] S1 MEMORY WRITE beat=7 addr=1cfe7c80 data=fc5d9265a4ba24c8 id=1f
[1455000] S1 MEMORY WRITE beat=8 addr=1cfe7cc0 data=abb93da30438738b id=1f
[1455000] MASTER 1 W_VALID_RDY Handshake beat=15 wlast=0
[1465000] MASTER 1 W_VALID_RDY Handshake beat=16 wlast=0
[1465000] S1 MEMORY WRITE beat=9 addr=1cfe7d00 data=95825fe205f6436a id=1f
[1475000] S1 MEMORY WRITE beat=10 addr=1cfe7d40 data=aab068320b10c08d id=1f
[1475000] MASTER 1 W_VALID_RDY Handshake beat=17 wlast=0
[1485000] MASTER 1 W_VALID_RDY Handshake beat=18 wlast=0
[1485000] S1 MEMORY WRITE beat=11 addr=1cfe7d80 data=0f49341891dff247 id=1f
[1495000] S1 MEMORY WRITE beat=12 addr=1cfe7dc0 data=97d635b1d669a5d6 id=1f
[1495000] MASTER 1 W_VALID_RDY Handshake beat=19 wlast=0
[1505000] MASTER 1 W_VALID_RDY Handshake beat=20 wlast=0
[1505000] S1 MEMORY WRITE beat=13 addr=1cfe7e00 data=e17a6663a4cb93fa id=1f
[1515000] S1 MEMORY WRITE beat=14 addr=1cfe7e40 data=36ab8642c2869de4 id=1f
[1515000] MASTER 1 W_VALID_RDY Handshake beat=21 wlast=0
[1525000] MASTER 1 W_VALID_RDY Handshake beat=22 wlast=0
[1525000] S1 MEMORY WRITE beat=15 addr=1cfe7e80 data=18f043baf0c39a7b id=1f
[1535000] S1 MEMORY WRITE beat=16 addr=1cfe7ec0 data=958f2e75ce81bbf3 id=1f
[1535000] MASTER 1 W_VALID_RDY Handshake beat=23 wlast=0
[1545000] MASTER 1 W_VALID_RDY Handshake beat=24 wlast=0
[1545000] S1 MEMORY WRITE beat=17 addr=1cfe7f00 data=910859d7fa6aaa1d id=1f
[1555000] S1 MEMORY WRITE beat=18 addr=1cfe7f40 data=eb2e4498cc3ab4b7 id=1f
[1555000] MASTER 1 W_VALID_RDY Handshake beat=25 wlast=0
[1565000] MASTER 1 W_VALID_RDY Handshake beat=26 wlast=0
[1565000] S1 MEMORY WRITE beat=19 addr=1cfe7f80 data=1abc70aba9f89d91 id=1f
[1575000] S1 MEMORY WRITE beat=20 addr=1cfe7fc0 data=a46347ae80bd730d id=1f
[1575000] MASTER 1 W_VALID_RDY Handshake beat=27 wlast=0
[1585000] MASTER 1 W_VALID_RDY Handshake beat=28 wlast=0
[1585000] S1 MEMORY WRITE beat=21 addr=1cfe8000 data=ccf827c5abc4ca82 id=1f
[1595000] S1 MEMORY WRITE beat=22 addr=1cfe8040 data=d5bd68148f918c46 id=1f
[1595000] MASTER 1 W_VALID_RDY Handshake beat=29 wlast=0
[1605000] MASTER 1 W_VALID_RDY Handshake beat=30 wlast=0
[1605000] S1 MEMORY WRITE beat=23 addr=1cfe8080 data=104eff54e7b49870 id=1f
[1615000] S1 MEMORY WRITE beat=24 addr=1cfe80c0 data=937962f2fa20afc2 id=1f
[1615000] MASTER 1 W_VALID_RDY Handshake beat=31 wlast=0
[1625000] MASTER 1 W_VALID_RDY Handshake beat=32 wlast=0
[1625000] S1 MEMORY WRITE beat=25 addr=1cfe8100 data=09b23c09dd472719 id=1f
[1635000] S1 MEMORY WRITE beat=26 addr=1cfe8140 data=c4fbbf89e936cb06 id=1f
[1635000] MASTER 1 W_VALID_RDY Handshake beat=33 wlast=0
[1645000] MASTER 1 W_VALID_RDY Handshake beat=34 wlast=0
[1645000] S1 MEMORY WRITE beat=27 addr=1cfe8180 data=e3577ac91a013b5d id=1f
[1655000] S1 MEMORY WRITE beat=28 addr=1cfe81c0 data=f7486276d875227b id=1f
[1655000] MASTER 1 W_VALID_RDY Handshake beat=35 wlast=1
[1655000] MASTER_DRIVER1 received transaction, op=AXI_WRITE
[1665000] S1 MEMORY WRITE beat=29 addr=1cfe8200 data=c1abed82ed09b6d2 id=1f
[1675000] S1 MEMORY WRITE beat=30 addr=1cfe8240 data=070af22f3c4421ff id=1f
[1675000] MASTER 1 AW_VALID_RDY Handshake
[1685000] S1 MEMORY WRITE beat=31 addr=1cfe8280 data=94b9447a2503684b id=1f
[1695000] S1 MEMORY WRITE beat=32 addr=1cfe82c0 data=120d1f1dfe5354a5 id=1f
[1695000] MASTER 1 W_VALID_RDY Handshake beat=0 wlast=0
[1705000] MASTER 1 W_VALID_RDY Handshake beat=1 wlast=0
[1705000] S1 MEMORY WRITE beat=33 addr=1cfe8300 data=3a9776a4d66531fc id=1f
[1715000] S1 MEMORY WRITE beat=34 addr=1cfe8340 data=fb689a471918114c id=1f
[1715000] MASTER 1 W_VALID_RDY Handshake beat=2 wlast=0
[1725000] MASTER 1 W_VALID_RDY Handshake beat=3 wlast=0
[1725000] S1 MEMORY WRITE beat=35 addr=1cfe8380 data=176b65f1cf50bb1e id=1f
[1735000] AXI S0_AWVALID_RDY HANDSHAKE
[1735000] SLAVE1 sent B resp, id=15
[1735000] [SLAVE MONITOR] mst_id=1 s_id=1 awaddr=1cfe7ac0 awid=1111 awlen=35 awsize=6 awburst=1 wdata=[feaaaa57fc9c68cc ebdda517cc888693 ec68fbb69e850af7 9b2173c3d8586a0e a4e0f0a1eb13a60d 998b10506ff18db df5782e99149ec57 fc5d9265a4ba24c8 abb93da30438738b 95825fe205f6436a aab068320b10c08d f49341891dff247 97d635b1d669a5d6 e17a6663a4cb93fa 36ab8642c2869de4 18f043baf0c39a7b 958f2e75ce81bbf3 910859d7fa6aaa1d eb2e4498cc3ab4b7 1abc70aba9f89d91 a46347ae80bd730d ccf827c5abc4ca82 d5bd68148f918c46 104eff54e7b49870 937962f2fa20afc2 9b23c09dd472719 c4fbbf89e936cb06 e3577ac91a013b5d f7486276d875227b c1abed82ed09b6d2 70af22f3c4421ff 94b9447a2503684b 120d1f1dfe5354a5 3a9776a4d66531fc fb689a471918114c 176b65f1cf50bb1e ] wstrb=[64 1b 95 b0 62 b3 a1 c7 ce 36 77 31 ea 19 f8 b8 4f 6f e9 39 88 e1 f2 d8 51 db 11 d9 bd 3 b1 e df c3 e7 9c ] bresp=0 bid=11111
[1735000] ARB MONITOR: slave=0 m0_req=0 m1_req=1 winner=1
[1735000] MASTER 1 W_VALID_RDY Handshake beat=4 wlast=0
[1745000] MASTER 1 W_VALID_RDY Handshake beat=5 wlast=0
[1745000] AXI S0_WVALID_RDY HANDSHAKE
[1745000] S0 MEMORY WRITE beat=0 addr=0bca5a40 data=d47ec6a3e42a8209 id=1a
[1755000] AXI S0_WVALID_RDY HANDSHAKE
[1755000] S0 MEMORY WRITE beat=1 addr=0bca5a50 data=93e60a0fd4b58c7c id=1a
[1755000] MASTER 1 W_VALID_RDY Handshake beat=6 wlast=0
[1755000] MASTER 1 B_VALID_RDY Handshake
[1755000] [MASTER MONITOR] mst_id=1 s_id=1 awaddr=1cfe7ac0 awid=1111 awlen=35 awsize=6 awburst=1 wdata=[feaaaa57fc9c68cc ebdda517cc888693 ec68fbb69e850af7 9b2173c3d8586a0e a4e0f0a1eb13a60d 998b10506ff18db df5782e99149ec57 fc5d9265a4ba24c8 abb93da30438738b 95825fe205f6436a aab068320b10c08d f49341891dff247 97d635b1d669a5d6 e17a6663a4cb93fa 36ab8642c2869de4 18f043baf0c39a7b 958f2e75ce81bbf3 910859d7fa6aaa1d eb2e4498cc3ab4b7 1abc70aba9f89d91 a46347ae80bd730d ccf827c5abc4ca82 d5bd68148f918c46 104eff54e7b49870 937962f2fa20afc2 9b23c09dd472719 c4fbbf89e936cb06 e3577ac91a013b5d f7486276d875227b c1abed82ed09b6d2 70af22f3c4421ff 94b9447a2503684b 120d1f1dfe5354a5 3a9776a4d66531fc fb689a471918114c 176b65f1cf50bb1e ] wstrb=[64 1b 95 b0 62 b3 a1 c7 ce 36 77 31 ea 19 f8 b8 4f 6f e9 39 88 e1 f2 d8 51 db 11 d9 bd 3 b1 e df c3 e7 9c ] bresp=0 bid=1111
[1755000] MASTER 1 RECEIVED BRESP. BRESP=0
[1755000] [MASTER DRIVER] mst_id=1 s_id=0 awaddr=1cfe7ac0 awid=1111 awlen=35 awsize=6 awburst=1 wdata=[feaaaa57fc9c68cc ebdda517cc888693 ec68fbb69e850af7 9b2173c3d8586a0e a4e0f0a1eb13a60d 998b10506ff18db df5782e99149ec57 fc5d9265a4ba24c8 abb93da30438738b 95825fe205f6436a aab068320b10c08d f49341891dff247 97d635b1d669a5d6 e17a6663a4cb93fa 36ab8642c2869de4 18f043baf0c39a7b 958f2e75ce81bbf3 910859d7fa6aaa1d eb2e4498cc3ab4b7 1abc70aba9f89d91 a46347ae80bd730d ccf827c5abc4ca82 d5bd68148f918c46 104eff54e7b49870 937962f2fa20afc2 9b23c09dd472719 c4fbbf89e936cb06 e3577ac91a013b5d f7486276d875227b c1abed82ed09b6d2 70af22f3c4421ff 94b9447a2503684b 120d1f1dfe5354a5 3a9776a4d66531fc fb689a471918114c 176b65f1cf50bb1e ] wstrb=[64 1b 95 b0 62 b3 a1 c7 ce 36 77 31 ea 19 f8 b8 4f 6f e9 39 88 e1 f2 d8 51 db 11 d9 bd 3 b1 e df c3 e7 9c ] bresp=0 bid=1111
[1755000] SCOREBOARD MATCH: decode_err expected = 0, actual =0
[1755000] SCOREBOARD MATCH: slave_id expected = 1, actual =1
[1755000] SCOREBOARD MATCH: awaddr passthrough expected = 1cfe7ac0, actual =1cfe7ac0
[1755000] SCOREBOARD MATCH: awlen passthrough expected = 35, actual =35
[1755000] SCOREBOARD MATCH: awsize passthrough expected = 6, actual =6
[1755000] SCOREBOARD MATCH: awburst passthrough expected = 1, actual =1
[1755000] SCOREBOARD MATCH: wdata size check expected = 24, actual =24
[1755000] SCOREBOARD MATCH: wdata passthrough beat=0 expected = feaaaa57fc9c68cc, actual =feaaaa57fc9c68cc
[1755000] SCOREBOARD MATCH: wdata passthrough beat=1 expected = ebdda517cc888693, actual =ebdda517cc888693
[1755000] SCOREBOARD MATCH: wdata passthrough beat=2 expected = ec68fbb69e850af7, actual =ec68fbb69e850af7
[1755000] SCOREBOARD MATCH: wdata passthrough beat=3 expected = 9b2173c3d8586a0e, actual =9b2173c3d8586a0e
[1755000] SCOREBOARD MATCH: wdata passthrough beat=4 expected = a4e0f0a1eb13a60d, actual =a4e0f0a1eb13a60d
[1755000] SCOREBOARD MATCH: wdata passthrough beat=5 expected = 998b10506ff18db, actual =998b10506ff18db
[1755000] SCOREBOARD MATCH: wdata passthrough beat=6 expected = df5782e99149ec57, actual =df5782e99149ec57
[1755000] SCOREBOARD MATCH: wdata passthrough beat=7 expected = fc5d9265a4ba24c8, actual =fc5d9265a4ba24c8
[1755000] SCOREBOARD MATCH: wdata passthrough beat=8 expected = abb93da30438738b, actual =abb93da30438738b
[1755000] SCOREBOARD MATCH: wdata passthrough beat=9 expected = 95825fe205f6436a, actual =95825fe205f6436a
[1755000] SCOREBOARD MATCH: wdata passthrough beat=10 expected = aab068320b10c08d, actual =aab068320b10c08d
[1755000] SCOREBOARD MATCH: wdata passthrough beat=11 expected = f49341891dff247, actual =f49341891dff247
[1755000] SCOREBOARD MATCH: wdata passthrough beat=12 expected = 97d635b1d669a5d6, actual =97d635b1d669a5d6
[1755000] SCOREBOARD MATCH: wdata passthrough beat=13 expected = e17a6663a4cb93fa, actual =e17a6663a4cb93fa
[1755000] SCOREBOARD MATCH: wdata passthrough beat=14 expected = 36ab8642c2869de4, actual =36ab8642c2869de4
[1755000] SCOREBOARD MATCH: wdata passthrough beat=15 expected = 18f043baf0c39a7b, actual =18f043baf0c39a7b
[1755000] SCOREBOARD MATCH: wdata passthrough beat=16 expected = 958f2e75ce81bbf3, actual =958f2e75ce81bbf3
[1755000] SCOREBOARD MATCH: wdata passthrough beat=17 expected = 910859d7fa6aaa1d, actual =910859d7fa6aaa1d
[1755000] SCOREBOARD MATCH: wdata passthrough beat=18 expected = eb2e4498cc3ab4b7, actual =eb2e4498cc3ab4b7
[1755000] SCOREBOARD MATCH: wdata passthrough beat=19 expected = 1abc70aba9f89d91, actual =1abc70aba9f89d91
[1755000] SCOREBOARD MATCH: wdata passthrough beat=20 expected = a46347ae80bd730d, actual =a46347ae80bd730d
[1755000] SCOREBOARD MATCH: wdata passthrough beat=21 expected = ccf827c5abc4ca82, actual =ccf827c5abc4ca82
[1755000] SCOREBOARD MATCH: wdata passthrough beat=22 expected = d5bd68148f918c46, actual =d5bd68148f918c46
[1755000] SCOREBOARD MATCH: wdata passthrough beat=23 expected = 104eff54e7b49870, actual =104eff54e7b49870
[1755000] SCOREBOARD MATCH: wdata passthrough beat=24 expected = 937962f2fa20afc2, actual =937962f2fa20afc2
[1755000] SCOREBOARD MATCH: wdata passthrough beat=25 expected = 9b23c09dd472719, actual =9b23c09dd472719
[1755000] SCOREBOARD MATCH: wdata passthrough beat=26 expected = c4fbbf89e936cb06, actual =c4fbbf89e936cb06
[1755000] SCOREBOARD MATCH: wdata passthrough beat=27 expected = e3577ac91a013b5d, actual =e3577ac91a013b5d
[1755000] SCOREBOARD MATCH: wdata passthrough beat=28 expected = f7486276d875227b, actual =f7486276d875227b
[1755000] SCOREBOARD MATCH: wdata passthrough beat=29 expected = c1abed82ed09b6d2, actual =c1abed82ed09b6d2
[1755000] SCOREBOARD MATCH: wdata passthrough beat=30 expected = 70af22f3c4421ff, actual =70af22f3c4421ff
[1755000] SCOREBOARD MATCH: wdata passthrough beat=31 expected = 94b9447a2503684b, actual =94b9447a2503684b
[1755000] SCOREBOARD MATCH: wdata passthrough beat=32 expected = 120d1f1dfe5354a5, actual =120d1f1dfe5354a5
[1755000] SCOREBOARD MATCH: wdata passthrough beat=33 expected = 3a9776a4d66531fc, actual =3a9776a4d66531fc
[1755000] SCOREBOARD MATCH: wdata passthrough beat=34 expected = fb689a471918114c, actual =fb689a471918114c
[1755000] SCOREBOARD MATCH: wdata passthrough beat=35 expected = 176b65f1cf50bb1e, actual =176b65f1cf50bb1e
[1755000] SCOREBOARD MATCH: wstrb size check expected = 24, actual =24
[1755000] SCOREBOARD MATCH: wstrb passthrough beat=0 expected = 64, actual =64
[1755000] SCOREBOARD MATCH: wstrb passthrough beat=1 expected = 1b, actual =1b
[1755000] SCOREBOARD MATCH: wstrb passthrough beat=2 expected = 95, actual =95
[1755000] SCOREBOARD MATCH: wstrb passthrough beat=3 expected = b0, actual =b0
[1755000] SCOREBOARD MATCH: wstrb passthrough beat=4 expected = 62, actual =62
[1755000] SCOREBOARD MATCH: wstrb passthrough beat=5 expected = b3, actual =b3
[1755000] SCOREBOARD MATCH: wstrb passthrough beat=6 expected = a1, actual =a1
[1755000] SCOREBOARD MATCH: wstrb passthrough beat=7 expected = c7, actual =c7
[1755000] SCOREBOARD MATCH: wstrb passthrough beat=8 expected = ce, actual =ce
[1755000] SCOREBOARD MATCH: wstrb passthrough beat=9 expected = 36, actual =36
[1755000] SCOREBOARD MATCH: wstrb passthrough beat=10 expected = 77, actual =77
[1755000] SCOREBOARD MATCH: wstrb passthrough beat=11 expected = 31, actual =31
[1755000] SCOREBOARD MATCH: wstrb passthrough beat=12 expected = ea, actual =ea
[1755000] SCOREBOARD MATCH: wstrb passthrough beat=13 expected = 19, actual =19
[1755000] SCOREBOARD MATCH: wstrb passthrough beat=14 expected = f8, actual =f8
[1755000] SCOREBOARD MATCH: wstrb passthrough beat=15 expected = b8, actual =b8
[1755000] SCOREBOARD MATCH: wstrb passthrough beat=16 expected = 4f, actual =4f
[1755000] SCOREBOARD MATCH: wstrb passthrough beat=17 expected = 6f, actual =6f
[1755000] SCOREBOARD MATCH: wstrb passthrough beat=18 expected = e9, actual =e9
[1755000] SCOREBOARD MATCH: wstrb passthrough beat=19 expected = 39, actual =39
[1755000] SCOREBOARD MATCH: wstrb passthrough beat=20 expected = 88, actual =88
[1755000] SCOREBOARD MATCH: wstrb passthrough beat=21 expected = e1, actual =e1
[1755000] SCOREBOARD MATCH: wstrb passthrough beat=22 expected = f2, actual =f2
[1755000] SCOREBOARD MATCH: wstrb passthrough beat=23 expected = d8, actual =d8
[1755000] SCOREBOARD MATCH: wstrb passthrough beat=24 expected = 51, actual =51
[1755000] SCOREBOARD MATCH: wstrb passthrough beat=25 expected = db, actual =db
[1755000] SCOREBOARD MATCH: wstrb passthrough beat=26 expected = 11, actual =11
[1755000] SCOREBOARD MATCH: wstrb passthrough beat=27 expected = d9, actual =d9
[1755000] SCOREBOARD MATCH: wstrb passthrough beat=28 expected = bd, actual =bd
[1755000] SCOREBOARD MATCH: wstrb passthrough beat=29 expected = 3, actual =3
[1755000] SCOREBOARD MATCH: wstrb passthrough beat=30 expected = b1, actual =b1
[1755000] SCOREBOARD MATCH: wstrb passthrough beat=31 expected = e, actual =e
[1755000] SCOREBOARD MATCH: wstrb passthrough beat=32 expected = df, actual =df
[1755000] SCOREBOARD MATCH: wstrb passthrough beat=33 expected = c3, actual =c3
[1755000] SCOREBOARD MATCH: wstrb passthrough beat=34 expected = e7, actual =e7
[1755000] SCOREBOARD MATCH: wstrb passthrough beat=35 expected = 9c, actual =9c
[1755000] SCOREBOARD MATCH: bresp passthrough expected = 0, actual =0
[1755000] SCOREBOARD MATCH: response routed to correct master (write) expected = 1, actual =1
[1755000] [SCOREBOARD-M] mst_id=1 s_id=1 awaddr=1cfe7ac0 awid=1111 awlen=35 awsize=6 awburst=1 wdata=[feaaaa57fc9c68cc ebdda517cc888693 ec68fbb69e850af7 9b2173c3d8586a0e a4e0f0a1eb13a60d 998b10506ff18db df5782e99149ec57 fc5d9265a4ba24c8 abb93da30438738b 95825fe205f6436a aab068320b10c08d f49341891dff247 97d635b1d669a5d6 e17a6663a4cb93fa 36ab8642c2869de4 18f043baf0c39a7b 958f2e75ce81bbf3 910859d7fa6aaa1d eb2e4498cc3ab4b7 1abc70aba9f89d91 a46347ae80bd730d ccf827c5abc4ca82 d5bd68148f918c46 104eff54e7b49870 937962f2fa20afc2 9b23c09dd472719 c4fbbf89e936cb06 e3577ac91a013b5d f7486276d875227b c1abed82ed09b6d2 70af22f3c4421ff 94b9447a2503684b 120d1f1dfe5354a5 3a9776a4d66531fc fb689a471918114c 176b65f1cf50bb1e ] wstrb=[64 1b 95 b0 62 b3 a1 c7 ce 36 77 31 ea 19 f8 b8 4f 6f e9 39 88 e1 f2 d8 51 db 11 d9 bd 3 b1 e df c3 e7 9c ] bresp=0 bid=1111
[1755000] [SCOREBOARD-S] mst_id=1 s_id=1 awaddr=1cfe7ac0 awid=1111 awlen=35 awsize=6 awburst=1 wdata=[feaaaa57fc9c68cc ebdda517cc888693 ec68fbb69e850af7 9b2173c3d8586a0e a4e0f0a1eb13a60d 998b10506ff18db df5782e99149ec57 fc5d9265a4ba24c8 abb93da30438738b 95825fe205f6436a aab068320b10c08d f49341891dff247 97d635b1d669a5d6 e17a6663a4cb93fa 36ab8642c2869de4 18f043baf0c39a7b 958f2e75ce81bbf3 910859d7fa6aaa1d eb2e4498cc3ab4b7 1abc70aba9f89d91 a46347ae80bd730d ccf827c5abc4ca82 d5bd68148f918c46 104eff54e7b49870 937962f2fa20afc2 9b23c09dd472719 c4fbbf89e936cb06 e3577ac91a013b5d f7486276d875227b c1abed82ed09b6d2 70af22f3c4421ff 94b9447a2503684b 120d1f1dfe5354a5 3a9776a4d66531fc fb689a471918114c 176b65f1cf50bb1e ] wstrb=[64 1b 95 b0 62 b3 a1 c7 ce 36 77 31 ea 19 f8 b8 4f 6f e9 39 88 e1 f2 d8 51 db 11 d9 bd 3 b1 e df c3 e7 9c ] bresp=0 bid=11111
[1755000] SCOREBOARD: Transaction 4 received. pass=378 fail=0
[1755000] ALL PASS. Total transactions: 4
[1765000] MASTER 1 W_VALID_RDY Handshake beat=7 wlast=0
[1765000] AXI S0_WVALID_RDY HANDSHAKE
[1765000] S0 MEMORY WRITE beat=2 addr=0bca5a60 data=bb736502d8b7d912 id=1a
[1775000] AXI S0_WVALID_RDY HANDSHAKE
[1775000] S0 MEMORY WRITE beat=3 addr=0bca5a70 data=bce25b1b95b49373 id=1a
[1775000] MASTER 1 W_VALID_RDY Handshake beat=8 wlast=0
[1785000] MASTER 1 W_VALID_RDY Handshake beat=9 wlast=0
[1785000] AXI S0_WVALID_RDY HANDSHAKE
[1785000] S0 MEMORY WRITE beat=4 addr=0bca5a80 data=ea6a1fef0ff22ba6 id=1a
[1795000] AXI S0_WVALID_RDY HANDSHAKE
[1795000] S0 MEMORY WRITE beat=5 addr=0bca5a90 data=e8aa04b8d0c8652b id=1a
[1795000] MASTER 1 W_VALID_RDY Handshake beat=10 wlast=0
[1805000] MASTER 1 W_VALID_RDY Handshake beat=11 wlast=0
[1805000] AXI S0_WVALID_RDY HANDSHAKE
[1805000] S0 MEMORY WRITE beat=6 addr=0bca5aa0 data=e67cf89e25dd84f2 id=1a
[1815000] AXI S0_WVALID_RDY HANDSHAKE
[1815000] S0 MEMORY WRITE beat=7 addr=0bca5ab0 data=35cfb098258c5fd4 id=1a
[1815000] MASTER 1 W_VALID_RDY Handshake beat=12 wlast=0
[1825000] MASTER 1 W_VALID_RDY Handshake beat=13 wlast=0
[1825000] AXI S0_WVALID_RDY HANDSHAKE
[1825000] S0 MEMORY WRITE beat=8 addr=0bca5ac0 data=f654c4ffd0e7188e id=1a
[1835000] AXI S0_WVALID_RDY HANDSHAKE
[1835000] S0 MEMORY WRITE beat=9 addr=0bca5ad0 data=f6c49d809e79b550 id=1a
[1835000] MASTER 1 W_VALID_RDY Handshake beat=14 wlast=0
[1845000] MASTER 1 W_VALID_RDY Handshake beat=15 wlast=0
[1845000] AXI S0_WVALID_RDY HANDSHAKE
[1845000] S0 MEMORY WRITE beat=10 addr=0bca5ae0 data=c4061524dcd1bd9d id=1a
[1855000] AXI S0_WVALID_RDY HANDSHAKE
[1855000] S0 MEMORY WRITE beat=11 addr=0bca5af0 data=adb8d62b2c944e18 id=1a
[1855000] MASTER 1 W_VALID_RDY Handshake beat=16 wlast=0
[1865000] MASTER 1 W_VALID_RDY Handshake beat=17 wlast=0
[1865000] AXI S0_WVALID_RDY HANDSHAKE
[1865000] S0 MEMORY WRITE beat=12 addr=0bca5b00 data=cb0e0368ba5ada23 id=1a
[1875000] AXI S0_WVALID_RDY HANDSHAKE
[1875000] S0 MEMORY WRITE beat=13 addr=0bca5b10 data=172c97c1a47d73ab id=1a
[1875000] MASTER 1 W_VALID_RDY Handshake beat=18 wlast=0
[1885000] MASTER 1 W_VALID_RDY Handshake beat=19 wlast=0
[1885000] AXI S0_WVALID_RDY HANDSHAKE
[1885000] S0 MEMORY WRITE beat=14 addr=0bca5b20 data=d111c1c30f14188d id=1a
[1895000] AXI S0_WVALID_RDY HANDSHAKE
[1895000] S0 MEMORY WRITE beat=15 addr=0bca5b30 data=c96ef2b0c4e56dec id=1a
[1895000] MASTER 1 W_VALID_RDY Handshake beat=20 wlast=0
[1905000] MASTER 1 W_VALID_RDY Handshake beat=21 wlast=0
[1905000] AXI S0_WVALID_RDY HANDSHAKE
[1905000] S0 MEMORY WRITE beat=16 addr=0bca5b40 data=e962e1981c1fc52c id=1a
[1915000] AXI S0_WVALID_RDY HANDSHAKE
[1915000] S0 MEMORY WRITE beat=17 addr=0bca5b50 data=2b33ddb9e09b8a71 id=1a
[1915000] MASTER 1 W_VALID_RDY Handshake beat=22 wlast=0
[1925000] MASTER 1 W_VALID_RDY Handshake beat=23 wlast=0
[1925000] AXI S0_WVALID_RDY HANDSHAKE
[1925000] S0 MEMORY WRITE beat=18 addr=0bca5b60 data=2580f85eba74a35b id=1a
[1935000] AXI S0_WVALID_RDY HANDSHAKE
[1935000] S0 MEMORY WRITE beat=19 addr=0bca5b70 data=d6946887f4a2d069 id=1a
[1935000] MASTER 1 W_VALID_RDY Handshake beat=24 wlast=0
[1945000] MASTER 1 W_VALID_RDY Handshake beat=25 wlast=0
[1945000] AXI S0_WVALID_RDY HANDSHAKE
[1945000] S0 MEMORY WRITE beat=20 addr=0bca5b80 data=d53e5adb0ee3d9f6 id=1a
[1955000] AXI S0_WVALID_RDY HANDSHAKE
[1955000] S0 MEMORY WRITE beat=21 addr=0bca5b90 data=c9587d5181c84640 id=1a
[1955000] MASTER 1 W_VALID_RDY Handshake beat=26 wlast=0
[1965000] MASTER 1 W_VALID_RDY Handshake beat=27 wlast=0
[1965000] AXI S0_WVALID_RDY HANDSHAKE
[1965000] S0 MEMORY WRITE beat=22 addr=0bca5ba0 data=f66b16aafabf5339 id=1a
[1975000] AXI S0_WVALID_RDY HANDSHAKE
[1975000] S0 MEMORY WRITE beat=23 addr=0bca5bb0 data=09a32d2f1fece5d9 id=1a
[1975000] MASTER 1 W_VALID_RDY Handshake beat=28 wlast=0
[1985000] MASTER 1 W_VALID_RDY Handshake beat=29 wlast=0
[1985000] AXI S0_WVALID_RDY HANDSHAKE
[1985000] S0 MEMORY WRITE beat=24 addr=0bca5bc0 data=a1b52c19cba97185 id=1a
[1995000] AXI S0_WVALID_RDY HANDSHAKE
[1995000] S0 MEMORY WRITE beat=25 addr=0bca5bd0 data=c668c4bed2fbaa80 id=1a
[1995000] MASTER 1 W_VALID_RDY Handshake beat=30 wlast=0
[2005000] MASTER 1 W_VALID_RDY Handshake beat=31 wlast=0
[2005000] AXI S0_WVALID_RDY HANDSHAKE
[2005000] S0 MEMORY WRITE beat=26 addr=0bca5be0 data=f2e89059982042c3 id=1a
[2015000] AXI S0_WVALID_RDY HANDSHAKE
[2015000] S0 MEMORY WRITE beat=27 addr=0bca5bf0 data=e3c9b448d00bf1ed id=1a
[2015000] MASTER 1 W_VALID_RDY Handshake beat=32 wlast=0
[2025000] MASTER 1 W_VALID_RDY Handshake beat=33 wlast=0
[2025000] AXI S0_WVALID_RDY HANDSHAKE
[2025000] S0 MEMORY WRITE beat=28 addr=0bca5c00 data=a3079c6d149dbc73 id=1a
[2035000] AXI S0_WVALID_RDY HANDSHAKE
[2035000] S0 MEMORY WRITE beat=29 addr=0bca5c10 data=acbdff36aa327906 id=1a
[2035000] MASTER 1 W_VALID_RDY Handshake beat=34 wlast=0
[2045000] MASTER 1 W_VALID_RDY Handshake beat=35 wlast=0
[2045000] AXI S0_WVALID_RDY HANDSHAKE
[2045000] S0 MEMORY WRITE beat=30 addr=0bca5c20 data=fa3e6af315f02cc7 id=1a
[2055000] AXI S0_WVALID_RDY HANDSHAKE
[2055000] S0 MEMORY WRITE beat=31 addr=0bca5c30 data=2a8de93a1087b37f id=1a
[2055000] MASTER 1 W_VALID_RDY Handshake beat=36 wlast=0
[2065000] MASTER 1 W_VALID_RDY Handshake beat=37 wlast=0
[2065000] AXI S0_WVALID_RDY HANDSHAKE
[2065000] S0 MEMORY WRITE beat=32 addr=0bca5c40 data=baba2c851d460761 id=1a
[2075000] AXI S0_WVALID_RDY HANDSHAKE
[2075000] S0 MEMORY WRITE beat=33 addr=0bca5c50 data=33363428d74be870 id=1a
[2075000] MASTER 1 W_VALID_RDY Handshake beat=38 wlast=0
[2085000] MASTER 1 W_VALID_RDY Handshake beat=39 wlast=0
[2085000] AXI S0_WVALID_RDY HANDSHAKE
[2085000] S0 MEMORY WRITE beat=34 addr=0bca5c60 data=e7d39bef34f89779 id=1a
[2095000] AXI S0_WVALID_RDY HANDSHAKE
[2095000] S0 MEMORY WRITE beat=35 addr=0bca5c70 data=d23e9edaddc41d62 id=1a
[2095000] MASTER 1 W_VALID_RDY Handshake beat=40 wlast=0
[2105000] MASTER 1 W_VALID_RDY Handshake beat=41 wlast=0
[2105000] AXI S0_WVALID_RDY HANDSHAKE
[2105000] S0 MEMORY WRITE beat=36 addr=0bca5c80 data=b51005d2228dc875 id=1a
[2115000] AXI S0_WVALID_RDY HANDSHAKE
[2115000] S0 MEMORY WRITE beat=37 addr=0bca5c90 data=d7865fee0574d302 id=1a
[2115000] MASTER 1 W_VALID_RDY Handshake beat=42 wlast=0
[2125000] MASTER 1 W_VALID_RDY Handshake beat=43 wlast=0
[2125000] AXI S0_WVALID_RDY HANDSHAKE
[2125000] S0 MEMORY WRITE beat=38 addr=0bca5ca0 data=e338f0641ce3a1c2 id=1a
[2135000] AXI S0_WVALID_RDY HANDSHAKE
[2135000] S0 MEMORY WRITE beat=39 addr=0bca5cb0 data=3f716a3729c4fec8 id=1a
[2135000] MASTER 1 W_VALID_RDY Handshake beat=44 wlast=0
[2145000] MASTER 1 W_VALID_RDY Handshake beat=45 wlast=0
[2145000] AXI S0_WVALID_RDY HANDSHAKE
[2145000] S0 MEMORY WRITE beat=40 addr=0bca5cc0 data=2f39d1ca9848f636 id=1a
[2155000] AXI S0_WVALID_RDY HANDSHAKE
[2155000] S0 MEMORY WRITE beat=41 addr=0bca5cd0 data=b52c97f816f7ca25 id=1a
[2155000] MASTER 1 W_VALID_RDY Handshake beat=46 wlast=0
[2165000] MASTER 1 W_VALID_RDY Handshake beat=47 wlast=0
[2165000] AXI S0_WVALID_RDY HANDSHAKE
[2165000] S0 MEMORY WRITE beat=42 addr=0bca5ce0 data=c0bcc8ed1272c22e id=1a
[2175000] AXI S0_WVALID_RDY HANDSHAKE
[2175000] S0 MEMORY WRITE beat=43 addr=0bca5cf0 data=aabbb864f49e022f id=1a
[2175000] MASTER 1 W_VALID_RDY Handshake beat=48 wlast=0
[2185000] MASTER 1 W_VALID_RDY Handshake beat=49 wlast=0
[2185000] AXI S0_WVALID_RDY HANDSHAKE
[2185000] S0 MEMORY WRITE beat=44 addr=0bca5d00 data=8b95cc54eff69ab7 id=1a
[2195000] AXI S0_WVALID_RDY HANDSHAKE
[2195000] S0 MEMORY WRITE beat=45 addr=0bca5d10 data=02695ce5dfe8505d id=1a
[2195000] MASTER 1 W_VALID_RDY Handshake beat=50 wlast=0
[2205000] MASTER 1 W_VALID_RDY Handshake beat=51 wlast=0
[2205000] AXI S0_WVALID_RDY HANDSHAKE
[2205000] S0 MEMORY WRITE beat=46 addr=0bca5d20 data=d486528ccc529541 id=1a
[2215000] AXI S0_WVALID_RDY HANDSHAKE
[2215000] S0 MEMORY WRITE beat=47 addr=0bca5d30 data=bc492ff8ad251549 id=1a
[2215000] MASTER 1 W_VALID_RDY Handshake beat=52 wlast=0
[2225000] MASTER 1 W_VALID_RDY Handshake beat=53 wlast=0
[2225000] AXI S0_WVALID_RDY HANDSHAKE
[2225000] S0 MEMORY WRITE beat=48 addr=0bca5d40 data=8d0d65a6e01c1ee1 id=1a
[2235000] AXI S0_WVALID_RDY HANDSHAKE
[2235000] S0 MEMORY WRITE beat=49 addr=0bca5d50 data=ac6eb422beb28cdd id=1a
[2235000] MASTER 1 W_VALID_RDY Handshake beat=54 wlast=0
[2245000] MASTER 1 W_VALID_RDY Handshake beat=55 wlast=0
[2245000] AXI S0_WVALID_RDY HANDSHAKE
[2245000] S0 MEMORY WRITE beat=50 addr=0bca5d60 data=ebd7a227e193b833 id=1a
[2255000] AXI S0_WVALID_RDY HANDSHAKE
[2255000] S0 MEMORY WRITE beat=51 addr=0bca5d70 data=c1afd714e8b7e41b id=1a
[2255000] MASTER 1 W_VALID_RDY Handshake beat=56 wlast=0
[2265000] MASTER 1 W_VALID_RDY Handshake beat=57 wlast=0
[2265000] AXI S0_WVALID_RDY HANDSHAKE
[2265000] S0 MEMORY WRITE beat=52 addr=0bca5d80 data=a76a70f8f8e507cd id=1a
[2275000] AXI S0_WVALID_RDY HANDSHAKE
[2275000] S0 MEMORY WRITE beat=53 addr=0bca5d90 data=da78c000ee1e8b36 id=1a
[2275000] MASTER 1 W_VALID_RDY Handshake beat=58 wlast=0
[2285000] MASTER 1 W_VALID_RDY Handshake beat=59 wlast=0
[2285000] AXI S0_WVALID_RDY HANDSHAKE
[2285000] S0 MEMORY WRITE beat=54 addr=0bca5da0 data=d6d66f519342131f id=1a
[2295000] AXI S0_WVALID_RDY HANDSHAKE
[2295000] S0 MEMORY WRITE beat=55 addr=0bca5db0 data=0c271aed9c289714 id=1a
[2295000] MASTER 1 W_VALID_RDY Handshake beat=60 wlast=0
[2305000] MASTER 1 W_VALID_RDY Handshake beat=61 wlast=0
[2305000] AXI S0_WVALID_RDY HANDSHAKE
[2305000] S0 MEMORY WRITE beat=56 addr=0bca5dc0 data=0a47224bfe40e04a id=1a
[2315000] AXI S0_WVALID_RDY HANDSHAKE
[2315000] S0 MEMORY WRITE beat=57 addr=0bca5dd0 data=9182f369e69fdaed id=1a
[2315000] MASTER 1 W_VALID_RDY Handshake beat=62 wlast=0
[2325000] MASTER 1 W_VALID_RDY Handshake beat=63 wlast=0
[2325000] AXI S0_WVALID_RDY HANDSHAKE
[2325000] S0 MEMORY WRITE beat=58 addr=0bca5de0 data=02c87202e11d919c id=1a
[2335000] AXI S0_WVALID_RDY HANDSHAKE
[2335000] S0 MEMORY WRITE beat=59 addr=0bca5df0 data=df5e71e69daa0e56 id=1a
[2335000] MASTER 1 W_VALID_RDY Handshake beat=64 wlast=0
[2345000] MASTER 1 W_VALID_RDY Handshake beat=65 wlast=0
[2345000] AXI S0_WVALID_RDY HANDSHAKE
[2345000] S0 MEMORY WRITE beat=60 addr=0bca5e00 data=0449e9440d0f944d id=1a
[2355000] AXI S0_WVALID_RDY HANDSHAKE
[2355000] S0 MEMORY WRITE beat=61 addr=0bca5e10 data=ee2d25e9f0e16550 id=1a
[2355000] MASTER 1 W_VALID_RDY Handshake beat=66 wlast=0
[2365000] MASTER 1 W_VALID_RDY Handshake beat=67 wlast=0
[2365000] AXI S0_WVALID_RDY HANDSHAKE
[2365000] S0 MEMORY WRITE beat=62 addr=0bca5e20 data=8e8b73a607125b46 id=1a
[2375000] AXI S0_WVALID_RDY HANDSHAKE
[2375000] S0 MEMORY WRITE beat=63 addr=0bca5e30 data=1421ef93cd8b97d0 id=1a
[2375000] MASTER 1 W_VALID_RDY Handshake beat=68 wlast=0
[2385000] MASTER 1 W_VALID_RDY Handshake beat=69 wlast=0
[2385000] AXI S0_WVALID_RDY HANDSHAKE
[2385000] S0 MEMORY WRITE beat=64 addr=0bca5e40 data=3e6cfd2092d55cea id=1a
[2395000] AXI S0_WVALID_RDY HANDSHAKE
[2395000] S0 MEMORY WRITE beat=65 addr=0bca5e50 data=99e7b830824f157c id=1a
[2395000] MASTER 1 W_VALID_RDY Handshake beat=70 wlast=0
[2405000] MASTER 1 W_VALID_RDY Handshake beat=71 wlast=0
[2405000] AXI S0_WVALID_RDY HANDSHAKE
[2405000] S0 MEMORY WRITE beat=66 addr=0bca5e60 data=cfdaad4cccf870c6 id=1a
[2415000] AXI S0_WVALID_RDY HANDSHAKE
[2415000] S0 MEMORY WRITE beat=67 addr=0bca5e70 data=dfcdcdb1ae09a7c3 id=1a
[2415000] MASTER 1 W_VALID_RDY Handshake beat=72 wlast=0
[2425000] MASTER 1 W_VALID_RDY Handshake beat=73 wlast=0
[2425000] AXI S0_WVALID_RDY HANDSHAKE
[2425000] S0 MEMORY WRITE beat=68 addr=0bca5e80 data=3058bd408e47aa6c id=1a
[2435000] AXI S0_WVALID_RDY HANDSHAKE
[2435000] S0 MEMORY WRITE beat=69 addr=0bca5e90 data=db401b33f9b585e1 id=1a
[2435000] MASTER 1 W_VALID_RDY Handshake beat=74 wlast=0
[2445000] MASTER 1 W_VALID_RDY Handshake beat=75 wlast=0
[2445000] AXI S0_WVALID_RDY HANDSHAKE
[2445000] S0 MEMORY WRITE beat=70 addr=0bca5ea0 data=27bf2da580336a8c id=1a
[2455000] AXI S0_WVALID_RDY HANDSHAKE
[2455000] S0 MEMORY WRITE beat=71 addr=0bca5eb0 data=0e7b14f93b0de8e4 id=1a
[2455000] MASTER 1 W_VALID_RDY Handshake beat=76 wlast=0
[2465000] MASTER 1 W_VALID_RDY Handshake beat=77 wlast=0
[2465000] AXI S0_WVALID_RDY HANDSHAKE
[2465000] S0 MEMORY WRITE beat=72 addr=0bca5ec0 data=b4c36ec5d817eae5 id=1a
[2475000] AXI S0_WVALID_RDY HANDSHAKE
[2475000] S0 MEMORY WRITE beat=73 addr=0bca5ed0 data=d84b5571e9bb302c id=1a
[2475000] MASTER 1 W_VALID_RDY Handshake beat=78 wlast=0
[2485000] MASTER 1 W_VALID_RDY Handshake beat=79 wlast=0
[2485000] AXI S0_WVALID_RDY HANDSHAKE
[2485000] S0 MEMORY WRITE beat=74 addr=0bca5ee0 data=24c91910dc829c6a id=1a
[2495000] AXI S0_WVALID_RDY HANDSHAKE
[2495000] S0 MEMORY WRITE beat=75 addr=0bca5ef0 data=b49a874fe6c66a6a id=1a
[2495000] MASTER 1 W_VALID_RDY Handshake beat=80 wlast=0
[2505000] MASTER 1 W_VALID_RDY Handshake beat=81 wlast=0
[2505000] AXI S0_WVALID_RDY HANDSHAKE
[2505000] S0 MEMORY WRITE beat=76 addr=0bca5f00 data=d0819a96d98c87d5 id=1a
[2515000] AXI S0_WVALID_RDY HANDSHAKE
[2515000] S0 MEMORY WRITE beat=77 addr=0bca5f10 data=360f24400ce5dcc1 id=1a
[2515000] MASTER 1 W_VALID_RDY Handshake beat=82 wlast=0
[2525000] MASTER 1 W_VALID_RDY Handshake beat=83 wlast=0
[2525000] AXI S0_WVALID_RDY HANDSHAKE
[2525000] S0 MEMORY WRITE beat=78 addr=0bca5f20 data=f3ac472bf54ab3a6 id=1a
[2535000] AXI S0_WVALID_RDY HANDSHAKE
[2535000] S0 MEMORY WRITE beat=79 addr=0bca5f30 data=ced73b7ceaa9ab8f id=1a
[2535000] MASTER 1 W_VALID_RDY Handshake beat=84 wlast=0
[2545000] MASTER 1 W_VALID_RDY Handshake beat=85 wlast=0
[2545000] AXI S0_WVALID_RDY HANDSHAKE
[2545000] S0 MEMORY WRITE beat=80 addr=0bca5f40 data=f78f8850c42de1c2 id=1a
[2555000] AXI S0_WVALID_RDY HANDSHAKE
[2555000] S0 MEMORY WRITE beat=81 addr=0bca5f50 data=b978956804e65fbc id=1a
[2555000] MASTER 1 W_VALID_RDY Handshake beat=86 wlast=0
[2565000] MASTER 1 W_VALID_RDY Handshake beat=87 wlast=0
[2565000] AXI S0_WVALID_RDY HANDSHAKE
[2565000] S0 MEMORY WRITE beat=82 addr=0bca5f60 data=ef900b4beb3bcf7c id=1a
[2575000] AXI S0_WVALID_RDY HANDSHAKE
[2575000] S0 MEMORY WRITE beat=83 addr=0bca5f70 data=2f69b13e884fd0e4 id=1a
[2575000] MASTER 1 W_VALID_RDY Handshake beat=88 wlast=0
[2585000] MASTER 1 W_VALID_RDY Handshake beat=89 wlast=0
[2585000] AXI S0_WVALID_RDY HANDSHAKE
[2585000] S0 MEMORY WRITE beat=84 addr=0bca5f80 data=8d3630a0e71f939c id=1a
[2595000] AXI S0_WVALID_RDY HANDSHAKE
[2595000] S0 MEMORY WRITE beat=85 addr=0bca5f90 data=d25b6318e8e246a6 id=1a
[2595000] MASTER 1 W_VALID_RDY Handshake beat=90 wlast=0
[2605000] MASTER 1 W_VALID_RDY Handshake beat=91 wlast=0
[2605000] AXI S0_WVALID_RDY HANDSHAKE
[2605000] S0 MEMORY WRITE beat=86 addr=0bca5fa0 data=f132178bfcc63bec id=1a
[2615000] AXI S0_WVALID_RDY HANDSHAKE
[2615000] S0 MEMORY WRITE beat=87 addr=0bca5fb0 data=e3e5cf8801c51456 id=1a
[2615000] MASTER 1 W_VALID_RDY Handshake beat=92 wlast=0
[2625000] MASTER 1 W_VALID_RDY Handshake beat=93 wlast=0
[2625000] AXI S0_WVALID_RDY HANDSHAKE
[2625000] S0 MEMORY WRITE beat=88 addr=0bca5fc0 data=eaa75afcfe68482b id=1a
[2635000] AXI S0_WVALID_RDY HANDSHAKE
[2635000] S0 MEMORY WRITE beat=89 addr=0bca5fd0 data=fb2e8417364132a0 id=1a
[2635000] MASTER 1 W_VALID_RDY Handshake beat=94 wlast=0
[2645000] MASTER 1 W_VALID_RDY Handshake beat=95 wlast=0
[2645000] AXI S0_WVALID_RDY HANDSHAKE
[2645000] S0 MEMORY WRITE beat=90 addr=0bca5fe0 data=380646f6dbd97287 id=1a
[2655000] AXI S0_WVALID_RDY HANDSHAKE
[2655000] S0 MEMORY WRITE beat=91 addr=0bca5ff0 data=da41bab3df14539f id=1a
[2655000] MASTER 1 W_VALID_RDY Handshake beat=96 wlast=0
[2665000] MASTER 1 W_VALID_RDY Handshake beat=97 wlast=0
[2665000] AXI S0_WVALID_RDY HANDSHAKE
[2665000] S0 MEMORY WRITE beat=92 addr=0bca6000 data=9555863fa2ada1f2 id=1a
[2675000] AXI S0_WVALID_RDY HANDSHAKE
[2675000] S0 MEMORY WRITE beat=93 addr=0bca6010 data=fe87147ad5703eca id=1a
[2675000] MASTER 1 W_VALID_RDY Handshake beat=98 wlast=0
[2685000] MASTER 1 W_VALID_RDY Handshake beat=99 wlast=0
[2685000] AXI S0_WVALID_RDY HANDSHAKE
[2685000] S0 MEMORY WRITE beat=94 addr=0bca6020 data=3484926acd5bcd35 id=1a
[2695000] AXI S0_WVALID_RDY HANDSHAKE
[2695000] S0 MEMORY WRITE beat=95 addr=0bca6030 data=f0096f28d8c8cf2d id=1a
[2695000] MASTER 1 W_VALID_RDY Handshake beat=100 wlast=0
[2705000] MASTER 1 W_VALID_RDY Handshake beat=101 wlast=0
[2705000] AXI S0_WVALID_RDY HANDSHAKE
[2705000] S0 MEMORY WRITE beat=96 addr=0bca6040 data=ae390df7c9da18a9 id=1a
[2715000] AXI S0_WVALID_RDY HANDSHAKE
[2715000] S0 MEMORY WRITE beat=97 addr=0bca6050 data=1735e5dfee9083a2 id=1a
[2715000] MASTER 1 W_VALID_RDY Handshake beat=102 wlast=0
[2725000] MASTER 1 W_VALID_RDY Handshake beat=103 wlast=0
[2725000] AXI S0_WVALID_RDY HANDSHAKE
[2725000] S0 MEMORY WRITE beat=98 addr=0bca6060 data=c75952cfe2bda061 id=1a
[2735000] AXI S0_WVALID_RDY HANDSHAKE
[2735000] S0 MEMORY WRITE beat=99 addr=0bca6070 data=2c97b90b073f5507 id=1a
[2735000] MASTER 1 W_VALID_RDY Handshake beat=104 wlast=0
[2745000] MASTER 1 W_VALID_RDY Handshake beat=105 wlast=0
[2745000] AXI S0_WVALID_RDY HANDSHAKE
[2745000] S0 MEMORY WRITE beat=100 addr=0bca6080 data=f5cfd8a9f59260c6 id=1a
[2755000] AXI S0_WVALID_RDY HANDSHAKE
[2755000] S0 MEMORY WRITE beat=101 addr=0bca6090 data=d8500128c3cd9eea id=1a
[2755000] MASTER 1 W_VALID_RDY Handshake beat=106 wlast=0
[2765000] MASTER 1 W_VALID_RDY Handshake beat=107 wlast=0
[2765000] AXI S0_WVALID_RDY HANDSHAKE
[2765000] S0 MEMORY WRITE beat=102 addr=0bca60a0 data=cb0cf3f13d292b78 id=1a
[2775000] AXI S0_WVALID_RDY HANDSHAKE
[2775000] S0 MEMORY WRITE beat=103 addr=0bca60b0 data=b2bb8c3e04e7ba33 id=1a
[2775000] MASTER 1 W_VALID_RDY Handshake beat=108 wlast=0
[2785000] MASTER 1 W_VALID_RDY Handshake beat=109 wlast=0
[2785000] AXI S0_WVALID_RDY HANDSHAKE
[2785000] S0 MEMORY WRITE beat=104 addr=0bca60c0 data=c8b5591dc0dccc9a id=1a
[2795000] AXI S0_WVALID_RDY HANDSHAKE
[2795000] S0 MEMORY WRITE beat=105 addr=0bca60d0 data=fe05f8128b0b8d66 id=1a
[2795000] MASTER 1 W_VALID_RDY Handshake beat=110 wlast=0
[2805000] MASTER 1 W_VALID_RDY Handshake beat=111 wlast=0
[2805000] AXI S0_WVALID_RDY HANDSHAKE
[2805000] S0 MEMORY WRITE beat=106 addr=0bca60e0 data=8ff3479913c24d0e id=1a
[2815000] AXI S0_WVALID_RDY HANDSHAKE
[2815000] S0 MEMORY WRITE beat=107 addr=0bca60f0 data=d49f19a8b0c18450 id=1a
[2815000] MASTER 1 W_VALID_RDY Handshake beat=112 wlast=0
[2825000] MASTER 1 W_VALID_RDY Handshake beat=113 wlast=0
[2825000] AXI S0_WVALID_RDY HANDSHAKE
[2825000] S0 MEMORY WRITE beat=108 addr=0bca6100 data=3bcd11b7d8a8a0b6 id=1a
[2835000] AXI S0_WVALID_RDY HANDSHAKE
[2835000] S0 MEMORY WRITE beat=109 addr=0bca6110 data=ec6aedc4d2a511ba id=1a
[2835000] MASTER 1 W_VALID_RDY Handshake beat=114 wlast=0
[2845000] MASTER 1 W_VALID_RDY Handshake beat=115 wlast=0
[2845000] AXI S0_WVALID_RDY HANDSHAKE
[2845000] S0 MEMORY WRITE beat=110 addr=0bca6120 data=8366960acbc05950 id=1a
[2855000] AXI S0_WVALID_RDY HANDSHAKE
[2855000] S0 MEMORY WRITE beat=111 addr=0bca6130 data=2468fa07c10a076c id=1a
[2855000] MASTER 1 W_VALID_RDY Handshake beat=116 wlast=0
[2865000] MASTER 1 W_VALID_RDY Handshake beat=117 wlast=0
[2865000] AXI S0_WVALID_RDY HANDSHAKE
[2865000] S0 MEMORY WRITE beat=112 addr=0bca6140 data=93af1926bf33a7c1 id=1a
[2875000] AXI S0_WVALID_RDY HANDSHAKE
[2875000] S0 MEMORY WRITE beat=113 addr=0bca6150 data=0af4011290d3e7cb id=1a
[2875000] MASTER 1 W_VALID_RDY Handshake beat=118 wlast=0
[2885000] MASTER 1 W_VALID_RDY Handshake beat=119 wlast=0
[2885000] AXI S0_WVALID_RDY HANDSHAKE
[2885000] S0 MEMORY WRITE beat=114 addr=0bca6160 data=d1ddef381715af31 id=1a
[2895000] AXI S0_WVALID_RDY HANDSHAKE
[2895000] S0 MEMORY WRITE beat=115 addr=0bca6170 data=d64956f22f5cfb19 id=1a
[2895000] MASTER 1 W_VALID_RDY Handshake beat=120 wlast=0
[2905000] MASTER 1 W_VALID_RDY Handshake beat=121 wlast=0
[2905000] AXI S0_WVALID_RDY HANDSHAKE
[2905000] S0 MEMORY WRITE beat=116 addr=0bca6180 data=c030e2e4e58d085e id=1a
[2915000] AXI S0_WVALID_RDY HANDSHAKE
[2915000] S0 MEMORY WRITE beat=117 addr=0bca6190 data=fca2b78fe13d5804 id=1a
[2915000] MASTER 1 W_VALID_RDY Handshake beat=122 wlast=0
[2925000] MASTER 1 W_VALID_RDY Handshake beat=123 wlast=0
[2925000] AXI S0_WVALID_RDY HANDSHAKE
[2925000] S0 MEMORY WRITE beat=118 addr=0bca61a0 data=909a531d920ed21c id=1a
[2935000] AXI S0_WVALID_RDY HANDSHAKE
[2935000] S0 MEMORY WRITE beat=119 addr=0bca61b0 data=f79bda7bd2ec0e82 id=1a
[2935000] MASTER 1 W_VALID_RDY Handshake beat=124 wlast=0
[2945000] MASTER 1 W_VALID_RDY Handshake beat=125 wlast=0
[2945000] AXI S0_WVALID_RDY HANDSHAKE
[2945000] S0 MEMORY WRITE beat=120 addr=0bca61c0 data=b4296686d0cb3602 id=1a
[2955000] AXI S0_WVALID_RDY HANDSHAKE
[2955000] S0 MEMORY WRITE beat=121 addr=0bca61d0 data=e2da081ef43e920a id=1a
[2955000] MASTER 1 W_VALID_RDY Handshake beat=126 wlast=0
[2965000] MASTER 1 W_VALID_RDY Handshake beat=127 wlast=0
[2965000] AXI S0_WVALID_RDY HANDSHAKE
[2965000] S0 MEMORY WRITE beat=122 addr=0bca61e0 data=c72aa08cc4c3b9a4 id=1a
[2975000] AXI S0_WVALID_RDY HANDSHAKE
[2975000] S0 MEMORY WRITE beat=123 addr=0bca61f0 data=158eefa6da75e299 id=1a
[2975000] MASTER 1 W_VALID_RDY Handshake beat=128 wlast=0
[2985000] MASTER 1 W_VALID_RDY Handshake beat=129 wlast=0
[2985000] AXI S0_WVALID_RDY HANDSHAKE
[2985000] S0 MEMORY WRITE beat=124 addr=0bca6200 data=ceb474a4fb540713 id=1a
[2995000] AXI S0_WVALID_RDY HANDSHAKE
[2995000] S0 MEMORY WRITE beat=125 addr=0bca6210 data=c017c0b7f868f7c4 id=1a
[2995000] MASTER 1 W_VALID_RDY Handshake beat=130 wlast=0
[3005000] MASTER 1 W_VALID_RDY Handshake beat=131 wlast=0
[3005000] AXI S0_WVALID_RDY HANDSHAKE
[3005000] S0 MEMORY WRITE beat=126 addr=0bca6220 data=d2deda5e95df1530 id=1a
[3015000] AXI S0_WVALID_RDY HANDSHAKE
[3015000] S0 MEMORY WRITE beat=127 addr=0bca6230 data=91331c43d5a6b05d id=1a
[3015000] MASTER 1 W_VALID_RDY Handshake beat=132 wlast=0
[3025000] MASTER 1 W_VALID_RDY Handshake beat=133 wlast=0
[3025000] AXI S0_WVALID_RDY HANDSHAKE
[3025000] S0 MEMORY WRITE beat=128 addr=0bca6240 data=ce0fa82121934f02 id=1a
[3035000] AXI S0_WVALID_RDY HANDSHAKE
[3035000] S0 MEMORY WRITE beat=129 addr=0bca6250 data=b7726432d14adcfa id=1a
[3035000] MASTER 1 W_VALID_RDY Handshake beat=134 wlast=1
[3045000] AXI S0_WVALID_RDY HANDSHAKE
[3045000] S0 MEMORY WRITE beat=130 addr=0bca6260 data=a6f18d57a0ee827f id=1a
[3055000] AXI S0_WVALID_RDY HANDSHAKE
[3055000] S0 MEMORY WRITE beat=131 addr=0bca6270 data=c281d181c8a58076 id=1a
[3065000] AXI S0_WVALID_RDY HANDSHAKE
[3065000] S0 MEMORY WRITE beat=132 addr=0bca6280 data=99f05d70f5013579 id=1a
[3075000] AXI S0_WVALID_RDY HANDSHAKE
[3075000] S0 MEMORY WRITE beat=133 addr=0bca6290 data=95efb7f8f9f435b4 id=1a
[3085000] AXI S0_WVALID_RDY HANDSHAKE
[3085000] S0 MEMORY WRITE beat=134 addr=0bca62a0 data=c299b62ac0e1eac8 id=1a
[3095000] SLAVE0 sent B resp, id=10
[3095000] [SLAVE MONITOR] mst_id=1 s_id=0 awaddr=bca5a40 awid=1010 awlen=134 awsize=4 awburst=1 wdata=[d47ec6a3e42a8209 93e60a0fd4b58c7c bb736502d8b7d912 bce25b1b95b49373 ea6a1fef0ff22ba6 e8aa04b8d0c8652b e67cf89e25dd84f2 35cfb098258c5fd4 f654c4ffd0e7188e f6c49d809e79b550 c4061524dcd1bd9d adb8d62b2c944e18 cb0e0368ba5ada23 172c97c1a47d73ab d111c1c30f14188d c96ef2b0c4e56dec e962e1981c1fc52c 2b33ddb9e09b8a71 2580f85eba74a35b d6946887f4a2d069 d53e5adb0ee3d9f6 c9587d5181c84640 f66b16aafabf5339 9a32d2f1fece5d9 a1b52c19cba97185 c668c4bed2fbaa80 f2e89059982042c3 e3c9b448d00bf1ed a3079c6d149dbc73 acbdff36aa327906 fa3e6af315f02cc7 2a8de93a1087b37f baba2c851d460761 33363428d74be870 e7d39bef34f89779 d23e9edaddc41d62 b51005d2228dc875 d7865fee0574d302 e338f0641ce3a1c2 3f716a3729c4fec8 2f39d1ca9848f636 b52c97f816f7ca25 c0bcc8ed1272c22e aabbb864f49e022f 8b95cc54eff69ab7 2695ce5dfe8505d d486528ccc529541 bc492ff8ad251549 8d0d65a6e01c1ee1 ac6eb422beb28cdd ebd7a227e193b833 c1afd714e8b7e41b a76a70f8f8e507cd da78c000ee1e8b36 d6d66f519342131f c271aed9c289714 a47224bfe40e04a 9182f369e69fdaed 2c87202e11d919c df5e71e69daa0e56 449e9440d0f944d ee2d25e9f0e16550 8e8b73a607125b46 1421ef93cd8b97d0 3e6cfd2092d55cea 99e7b830824f157c cfdaad4cccf870c6 dfcdcdb1ae09a7c3 3058bd408e47aa6c db401b33f9b585e1 27bf2da580336a8c e7b14f93b0de8e4 b4c36ec5d817eae5 d84b5571e9bb302c 24c91910dc829c6a b49a874fe6c66a6a d0819a96d98c87d5 360f24400ce5dcc1 f3ac472bf54ab3a6 ced73b7ceaa9ab8f f78f8850c42de1c2 b978956804e65fbc ef900b4beb3bcf7c 2f69b13e884fd0e4 8d3630a0e71f939c d25b6318e8e246a6 f132178bfcc63bec e3e5cf8801c51456 eaa75afcfe68482b fb2e8417364132a0 380646f6dbd97287 da41bab3df14539f 9555863fa2ada1f2 fe87147ad5703eca 3484926acd5bcd35 f0096f28d8c8cf2d ae390df7c9da18a9 1735e5dfee9083a2 c75952cfe2bda061 2c97b90b073f5507 f5cfd8a9f59260c6 d8500128c3cd9eea cb0cf3f13d292b78 b2bb8c3e04e7ba33 c8b5591dc0dccc9a fe05f8128b0b8d66 8ff3479913c24d0e d49f19a8b0c18450 3bcd11b7d8a8a0b6 ec6aedc4d2a511ba 8366960acbc05950 2468fa07c10a076c 93af1926bf33a7c1 af4011290d3e7cb d1ddef381715af31 d64956f22f5cfb19 c030e2e4e58d085e fca2b78fe13d5804 909a531d920ed21c f79bda7bd2ec0e82 b4296686d0cb3602 e2da081ef43e920a c72aa08cc4c3b9a4 158eefa6da75e299 ceb474a4fb540713 c017c0b7f868f7c4 d2deda5e95df1530 91331c43d5a6b05d ce0fa82121934f02 b7726432d14adcfa a6f18d57a0ee827f c281d181c8a58076 99f05d70f5013579 95efb7f8f9f435b4 c299b62ac0e1eac8 ] wstrb=[7a 41 9a 2e 39 62 58 b3 a3 f2 e1 dd 55 39 90 f8 2c 72 d5 81 ab 66 79 d7 d8 4f 58 83 b5 d2 5b 8d 21 b3 10 d6 85 6b 63 a6 1f 73 7c a4 df df 4b fe 53 c7 a2 32 a7 ed 30 fa b5 d2 2c 5c c0 5c 56 75 2e 82 d1 ee de 27 63 c a9 34 fb 87 5b 5e 93 4 93 8e 8b ee ed 1f f3 80 ad 7e 6e 9a 9d 61 1a 4b e0 89 e5 7d ea 0 c8 ca 89 ae 48 73 ae 10 3e 37 be 86 aa 6c 96 e8 a3 55 6e 4e c1 5 36 65 5a a5 b3 1b aa e9 80 4 8e ] bresp=0 bid=11010
[3115000] MASTER 1 B_VALID_RDY Handshake
[3115000] [MASTER MONITOR] mst_id=1 s_id=0 awaddr=bca5a40 awid=1010 awlen=134 awsize=4 awburst=1 wdata=[d47ec6a3e42a8209 93e60a0fd4b58c7c bb736502d8b7d912 bce25b1b95b49373 ea6a1fef0ff22ba6 e8aa04b8d0c8652b e67cf89e25dd84f2 35cfb098258c5fd4 f654c4ffd0e7188e f6c49d809e79b550 c4061524dcd1bd9d adb8d62b2c944e18 cb0e0368ba5ada23 172c97c1a47d73ab d111c1c30f14188d c96ef2b0c4e56dec e962e1981c1fc52c 2b33ddb9e09b8a71 2580f85eba74a35b d6946887f4a2d069 d53e5adb0ee3d9f6 c9587d5181c84640 f66b16aafabf5339 9a32d2f1fece5d9 a1b52c19cba97185 c668c4bed2fbaa80 f2e89059982042c3 e3c9b448d00bf1ed a3079c6d149dbc73 acbdff36aa327906 fa3e6af315f02cc7 2a8de93a1087b37f baba2c851d460761 33363428d74be870 e7d39bef34f89779 d23e9edaddc41d62 b51005d2228dc875 d7865fee0574d302 e338f0641ce3a1c2 3f716a3729c4fec8 2f39d1ca9848f636 b52c97f816f7ca25 c0bcc8ed1272c22e aabbb864f49e022f 8b95cc54eff69ab7 2695ce5dfe8505d d486528ccc529541 bc492ff8ad251549 8d0d65a6e01c1ee1 ac6eb422beb28cdd ebd7a227e193b833 c1afd714e8b7e41b a76a70f8f8e507cd da78c000ee1e8b36 d6d66f519342131f c271aed9c289714 a47224bfe40e04a 9182f369e69fdaed 2c87202e11d919c df5e71e69daa0e56 449e9440d0f944d ee2d25e9f0e16550 8e8b73a607125b46 1421ef93cd8b97d0 3e6cfd2092d55cea 99e7b830824f157c cfdaad4cccf870c6 dfcdcdb1ae09a7c3 3058bd408e47aa6c db401b33f9b585e1 27bf2da580336a8c e7b14f93b0de8e4 b4c36ec5d817eae5 d84b5571e9bb302c 24c91910dc829c6a b49a874fe6c66a6a d0819a96d98c87d5 360f24400ce5dcc1 f3ac472bf54ab3a6 ced73b7ceaa9ab8f f78f8850c42de1c2 b978956804e65fbc ef900b4beb3bcf7c 2f69b13e884fd0e4 8d3630a0e71f939c d25b6318e8e246a6 f132178bfcc63bec e3e5cf8801c51456 eaa75afcfe68482b fb2e8417364132a0 380646f6dbd97287 da41bab3df14539f 9555863fa2ada1f2 fe87147ad5703eca 3484926acd5bcd35 f0096f28d8c8cf2d ae390df7c9da18a9 1735e5dfee9083a2 c75952cfe2bda061 2c97b90b073f5507 f5cfd8a9f59260c6 d8500128c3cd9eea cb0cf3f13d292b78 b2bb8c3e04e7ba33 c8b5591dc0dccc9a fe05f8128b0b8d66 8ff3479913c24d0e d49f19a8b0c18450 3bcd11b7d8a8a0b6 ec6aedc4d2a511ba 8366960acbc05950 2468fa07c10a076c 93af1926bf33a7c1 af4011290d3e7cb d1ddef381715af31 d64956f22f5cfb19 c030e2e4e58d085e fca2b78fe13d5804 909a531d920ed21c f79bda7bd2ec0e82 b4296686d0cb3602 e2da081ef43e920a c72aa08cc4c3b9a4 158eefa6da75e299 ceb474a4fb540713 c017c0b7f868f7c4 d2deda5e95df1530 91331c43d5a6b05d ce0fa82121934f02 b7726432d14adcfa a6f18d57a0ee827f c281d181c8a58076 99f05d70f5013579 95efb7f8f9f435b4 c299b62ac0e1eac8 ] wstrb=[7a 41 9a 2e 39 62 58 b3 a3 f2 e1 dd 55 39 90 f8 2c 72 d5 81 ab 66 79 d7 d8 4f 58 83 b5 d2 5b 8d 21 b3 10 d6 85 6b 63 a6 1f 73 7c a4 df df 4b fe 53 c7 a2 32 a7 ed 30 fa b5 d2 2c 5c c0 5c 56 75 2e 82 d1 ee de 27 63 c a9 34 fb 87 5b 5e 93 4 93 8e 8b ee ed 1f f3 80 ad 7e 6e 9a 9d 61 1a 4b e0 89 e5 7d ea 0 c8 ca 89 ae 48 73 ae 10 3e 37 be 86 aa 6c 96 e8 a3 55 6e 4e c1 5 36 65 5a a5 b3 1b aa e9 80 4 8e ] bresp=0 bid=1010
[3115000] MASTER 1 RECEIVED BRESP. BRESP=0
[3115000] [MASTER DRIVER] mst_id=1 s_id=0 awaddr=bca5a40 awid=1010 awlen=134 awsize=4 awburst=1 wdata=[d47ec6a3e42a8209 93e60a0fd4b58c7c bb736502d8b7d912 bce25b1b95b49373 ea6a1fef0ff22ba6 e8aa04b8d0c8652b e67cf89e25dd84f2 35cfb098258c5fd4 f654c4ffd0e7188e f6c49d809e79b550 c4061524dcd1bd9d adb8d62b2c944e18 cb0e0368ba5ada23 172c97c1a47d73ab d111c1c30f14188d c96ef2b0c4e56dec e962e1981c1fc52c 2b33ddb9e09b8a71 2580f85eba74a35b d6946887f4a2d069 d53e5adb0ee3d9f6 c9587d5181c84640 f66b16aafabf5339 9a32d2f1fece5d9 a1b52c19cba97185 c668c4bed2fbaa80 f2e89059982042c3 e3c9b448d00bf1ed a3079c6d149dbc73 acbdff36aa327906 fa3e6af315f02cc7 2a8de93a1087b37f baba2c851d460761 33363428d74be870 e7d39bef34f89779 d23e9edaddc41d62 b51005d2228dc875 d7865fee0574d302 e338f0641ce3a1c2 3f716a3729c4fec8 2f39d1ca9848f636 b52c97f816f7ca25 c0bcc8ed1272c22e aabbb864f49e022f 8b95cc54eff69ab7 2695ce5dfe8505d d486528ccc529541 bc492ff8ad251549 8d0d65a6e01c1ee1 ac6eb422beb28cdd ebd7a227e193b833 c1afd714e8b7e41b a76a70f8f8e507cd da78c000ee1e8b36 d6d66f519342131f c271aed9c289714 a47224bfe40e04a 9182f369e69fdaed 2c87202e11d919c df5e71e69daa0e56 449e9440d0f944d ee2d25e9f0e16550 8e8b73a607125b46 1421ef93cd8b97d0 3e6cfd2092d55cea 99e7b830824f157c cfdaad4cccf870c6 dfcdcdb1ae09a7c3 3058bd408e47aa6c db401b33f9b585e1 27bf2da580336a8c e7b14f93b0de8e4 b4c36ec5d817eae5 d84b5571e9bb302c 24c91910dc829c6a b49a874fe6c66a6a d0819a96d98c87d5 360f24400ce5dcc1 f3ac472bf54ab3a6 ced73b7ceaa9ab8f f78f8850c42de1c2 b978956804e65fbc ef900b4beb3bcf7c 2f69b13e884fd0e4 8d3630a0e71f939c d25b6318e8e246a6 f132178bfcc63bec e3e5cf8801c51456 eaa75afcfe68482b fb2e8417364132a0 380646f6dbd97287 da41bab3df14539f 9555863fa2ada1f2 fe87147ad5703eca 3484926acd5bcd35 f0096f28d8c8cf2d ae390df7c9da18a9 1735e5dfee9083a2 c75952cfe2bda061 2c97b90b073f5507 f5cfd8a9f59260c6 d8500128c3cd9eea cb0cf3f13d292b78 b2bb8c3e04e7ba33 c8b5591dc0dccc9a fe05f8128b0b8d66 8ff3479913c24d0e d49f19a8b0c18450 3bcd11b7d8a8a0b6 ec6aedc4d2a511ba 8366960acbc05950 2468fa07c10a076c 93af1926bf33a7c1 af4011290d3e7cb d1ddef381715af31 d64956f22f5cfb19 c030e2e4e58d085e fca2b78fe13d5804 909a531d920ed21c f79bda7bd2ec0e82 b4296686d0cb3602 e2da081ef43e920a c72aa08cc4c3b9a4 158eefa6da75e299 ceb474a4fb540713 c017c0b7f868f7c4 d2deda5e95df1530 91331c43d5a6b05d ce0fa82121934f02 b7726432d14adcfa a6f18d57a0ee827f c281d181c8a58076 99f05d70f5013579 95efb7f8f9f435b4 c299b62ac0e1eac8 ] wstrb=[7a 41 9a 2e 39 62 58 b3 a3 f2 e1 dd 55 39 90 f8 2c 72 d5 81 ab 66 79 d7 d8 4f 58 83 b5 d2 5b 8d 21 b3 10 d6 85 6b 63 a6 1f 73 7c a4 df df 4b fe 53 c7 a2 32 a7 ed 30 fa b5 d2 2c 5c c0 5c 56 75 2e 82 d1 ee de 27 63 c a9 34 fb 87 5b 5e 93 4 93 8e 8b ee ed 1f f3 80 ad 7e 6e 9a 9d 61 1a 4b e0 89 e5 7d ea 0 c8 ca 89 ae 48 73 ae 10 3e 37 be 86 aa 6c 96 e8 a3 55 6e 4e c1 5 36 65 5a a5 b3 1b aa e9 80 4 8e ] bresp=0 bid=1010
[3115000] SCOREBOARD MATCH: decode_err expected = 0, actual =0
[3115000] SCOREBOARD MATCH: slave_id expected = 0, actual =0
[3115000] SCOREBOARD MATCH: awaddr passthrough expected = bca5a40, actual =bca5a40
[3115000] SCOREBOARD MATCH: awlen passthrough expected = 134, actual =134
[3115000] SCOREBOARD MATCH: awsize passthrough expected = 4, actual =4
[3115000] SCOREBOARD MATCH: awburst passthrough expected = 1, actual =1
[3115000] SCOREBOARD MATCH: wdata size check expected = 87, actual =87
[3115000] SCOREBOARD MATCH: wdata passthrough beat=0 expected = d47ec6a3e42a8209, actual =d47ec6a3e42a8209
[3115000] SCOREBOARD MATCH: wdata passthrough beat=1 expected = 93e60a0fd4b58c7c, actual =93e60a0fd4b58c7c
[3115000] SCOREBOARD MATCH: wdata passthrough beat=2 expected = bb736502d8b7d912, actual =bb736502d8b7d912
[3115000] SCOREBOARD MATCH: wdata passthrough beat=3 expected = bce25b1b95b49373, actual =bce25b1b95b49373
[3115000] SCOREBOARD MATCH: wdata passthrough beat=4 expected = ea6a1fef0ff22ba6, actual =ea6a1fef0ff22ba6
[3115000] SCOREBOARD MATCH: wdata passthrough beat=5 expected = e8aa04b8d0c8652b, actual =e8aa04b8d0c8652b
[3115000] SCOREBOARD MATCH: wdata passthrough beat=6 expected = e67cf89e25dd84f2, actual =e67cf89e25dd84f2
[3115000] SCOREBOARD MATCH: wdata passthrough beat=7 expected = 35cfb098258c5fd4, actual =35cfb098258c5fd4
[3115000] SCOREBOARD MATCH: wdata passthrough beat=8 expected = f654c4ffd0e7188e, actual =f654c4ffd0e7188e
[3115000] SCOREBOARD MATCH: wdata passthrough beat=9 expected = f6c49d809e79b550, actual =f6c49d809e79b550
[3115000] SCOREBOARD MATCH: wdata passthrough beat=10 expected = c4061524dcd1bd9d, actual =c4061524dcd1bd9d
[3115000] SCOREBOARD MATCH: wdata passthrough beat=11 expected = adb8d62b2c944e18, actual =adb8d62b2c944e18
[3115000] SCOREBOARD MATCH: wdata passthrough beat=12 expected = cb0e0368ba5ada23, actual =cb0e0368ba5ada23
[3115000] SCOREBOARD MATCH: wdata passthrough beat=13 expected = 172c97c1a47d73ab, actual =172c97c1a47d73ab
[3115000] SCOREBOARD MATCH: wdata passthrough beat=14 expected = d111c1c30f14188d, actual =d111c1c30f14188d
[3115000] SCOREBOARD MATCH: wdata passthrough beat=15 expected = c96ef2b0c4e56dec, actual =c96ef2b0c4e56dec
[3115000] SCOREBOARD MATCH: wdata passthrough beat=16 expected = e962e1981c1fc52c, actual =e962e1981c1fc52c
[3115000] SCOREBOARD MATCH: wdata passthrough beat=17 expected = 2b33ddb9e09b8a71, actual =2b33ddb9e09b8a71
[3115000] SCOREBOARD MATCH: wdata passthrough beat=18 expected = 2580f85eba74a35b, actual =2580f85eba74a35b
[3115000] SCOREBOARD MATCH: wdata passthrough beat=19 expected = d6946887f4a2d069, actual =d6946887f4a2d069
[3115000] SCOREBOARD MATCH: wdata passthrough beat=20 expected = d53e5adb0ee3d9f6, actual =d53e5adb0ee3d9f6
[3115000] SCOREBOARD MATCH: wdata passthrough beat=21 expected = c9587d5181c84640, actual =c9587d5181c84640
[3115000] SCOREBOARD MATCH: wdata passthrough beat=22 expected = f66b16aafabf5339, actual =f66b16aafabf5339
[3115000] SCOREBOARD MATCH: wdata passthrough beat=23 expected = 9a32d2f1fece5d9, actual =9a32d2f1fece5d9
[3115000] SCOREBOARD MATCH: wdata passthrough beat=24 expected = a1b52c19cba97185, actual =a1b52c19cba97185
[3115000] SCOREBOARD MATCH: wdata passthrough beat=25 expected = c668c4bed2fbaa80, actual =c668c4bed2fbaa80
[3115000] SCOREBOARD MATCH: wdata passthrough beat=26 expected = f2e89059982042c3, actual =f2e89059982042c3
[3115000] SCOREBOARD MATCH: wdata passthrough beat=27 expected = e3c9b448d00bf1ed, actual =e3c9b448d00bf1ed
[3115000] SCOREBOARD MATCH: wdata passthrough beat=28 expected = a3079c6d149dbc73, actual =a3079c6d149dbc73
[3115000] SCOREBOARD MATCH: wdata passthrough beat=29 expected = acbdff36aa327906, actual =acbdff36aa327906
[3115000] SCOREBOARD MATCH: wdata passthrough beat=30 expected = fa3e6af315f02cc7, actual =fa3e6af315f02cc7
[3115000] SCOREBOARD MATCH: wdata passthrough beat=31 expected = 2a8de93a1087b37f, actual =2a8de93a1087b37f
[3115000] SCOREBOARD MATCH: wdata passthrough beat=32 expected = baba2c851d460761, actual =baba2c851d460761
[3115000] SCOREBOARD MATCH: wdata passthrough beat=33 expected = 33363428d74be870, actual =33363428d74be870
[3115000] SCOREBOARD MATCH: wdata passthrough beat=34 expected = e7d39bef34f89779, actual =e7d39bef34f89779
[3115000] SCOREBOARD MATCH: wdata passthrough beat=35 expected = d23e9edaddc41d62, actual =d23e9edaddc41d62
[3115000] SCOREBOARD MATCH: wdata passthrough beat=36 expected = b51005d2228dc875, actual =b51005d2228dc875
[3115000] SCOREBOARD MATCH: wdata passthrough beat=37 expected = d7865fee0574d302, actual =d7865fee0574d302
[3115000] SCOREBOARD MATCH: wdata passthrough beat=38 expected = e338f0641ce3a1c2, actual =e338f0641ce3a1c2
[3115000] SCOREBOARD MATCH: wdata passthrough beat=39 expected = 3f716a3729c4fec8, actual =3f716a3729c4fec8
[3115000] SCOREBOARD MATCH: wdata passthrough beat=40 expected = 2f39d1ca9848f636, actual =2f39d1ca9848f636
[3115000] SCOREBOARD MATCH: wdata passthrough beat=41 expected = b52c97f816f7ca25, actual =b52c97f816f7ca25
[3115000] SCOREBOARD MATCH: wdata passthrough beat=42 expected = c0bcc8ed1272c22e, actual =c0bcc8ed1272c22e
[3115000] SCOREBOARD MATCH: wdata passthrough beat=43 expected = aabbb864f49e022f, actual =aabbb864f49e022f
[3115000] SCOREBOARD MATCH: wdata passthrough beat=44 expected = 8b95cc54eff69ab7, actual =8b95cc54eff69ab7
[3115000] SCOREBOARD MATCH: wdata passthrough beat=45 expected = 2695ce5dfe8505d, actual =2695ce5dfe8505d
[3115000] SCOREBOARD MATCH: wdata passthrough beat=46 expected = d486528ccc529541, actual =d486528ccc529541
[3115000] SCOREBOARD MATCH: wdata passthrough beat=47 expected = bc492ff8ad251549, actual =bc492ff8ad251549
[3115000] SCOREBOARD MATCH: wdata passthrough beat=48 expected = 8d0d65a6e01c1ee1, actual =8d0d65a6e01c1ee1
[3115000] SCOREBOARD MATCH: wdata passthrough beat=49 expected = ac6eb422beb28cdd, actual =ac6eb422beb28cdd
[3115000] SCOREBOARD MATCH: wdata passthrough beat=50 expected = ebd7a227e193b833, actual =ebd7a227e193b833
[3115000] SCOREBOARD MATCH: wdata passthrough beat=51 expected = c1afd714e8b7e41b, actual =c1afd714e8b7e41b
[3115000] SCOREBOARD MATCH: wdata passthrough beat=52 expected = a76a70f8f8e507cd, actual =a76a70f8f8e507cd
[3115000] SCOREBOARD MATCH: wdata passthrough beat=53 expected = da78c000ee1e8b36, actual =da78c000ee1e8b36
[3115000] SCOREBOARD MATCH: wdata passthrough beat=54 expected = d6d66f519342131f, actual =d6d66f519342131f
[3115000] SCOREBOARD MATCH: wdata passthrough beat=55 expected = c271aed9c289714, actual =c271aed9c289714
[3115000] SCOREBOARD MATCH: wdata passthrough beat=56 expected = a47224bfe40e04a, actual =a47224bfe40e04a
[3115000] SCOREBOARD MATCH: wdata passthrough beat=57 expected = 9182f369e69fdaed, actual =9182f369e69fdaed
[3115000] SCOREBOARD MATCH: wdata passthrough beat=58 expected = 2c87202e11d919c, actual =2c87202e11d919c
[3115000] SCOREBOARD MATCH: wdata passthrough beat=59 expected = df5e71e69daa0e56, actual =df5e71e69daa0e56
[3115000] SCOREBOARD MATCH: wdata passthrough beat=60 expected = 449e9440d0f944d, actual =449e9440d0f944d
[3115000] SCOREBOARD MATCH: wdata passthrough beat=61 expected = ee2d25e9f0e16550, actual =ee2d25e9f0e16550
[3115000] SCOREBOARD MATCH: wdata passthrough beat=62 expected = 8e8b73a607125b46, actual =8e8b73a607125b46
[3115000] SCOREBOARD MATCH: wdata passthrough beat=63 expected = 1421ef93cd8b97d0, actual =1421ef93cd8b97d0
[3115000] SCOREBOARD MATCH: wdata passthrough beat=64 expected = 3e6cfd2092d55cea, actual =3e6cfd2092d55cea
[3115000] SCOREBOARD MATCH: wdata passthrough beat=65 expected = 99e7b830824f157c, actual =99e7b830824f157c
[3115000] SCOREBOARD MATCH: wdata passthrough beat=66 expected = cfdaad4cccf870c6, actual =cfdaad4cccf870c6
[3115000] SCOREBOARD MATCH: wdata passthrough beat=67 expected = dfcdcdb1ae09a7c3, actual =dfcdcdb1ae09a7c3
[3115000] SCOREBOARD MATCH: wdata passthrough beat=68 expected = 3058bd408e47aa6c, actual =3058bd408e47aa6c
[3115000] SCOREBOARD MATCH: wdata passthrough beat=69 expected = db401b33f9b585e1, actual =db401b33f9b585e1
[3115000] SCOREBOARD MATCH: wdata passthrough beat=70 expected = 27bf2da580336a8c, actual =27bf2da580336a8c
[3115000] SCOREBOARD MATCH: wdata passthrough beat=71 expected = e7b14f93b0de8e4, actual =e7b14f93b0de8e4
[3115000] SCOREBOARD MATCH: wdata passthrough beat=72 expected = b4c36ec5d817eae5, actual =b4c36ec5d817eae5
[3115000] SCOREBOARD MATCH: wdata passthrough beat=73 expected = d84b5571e9bb302c, actual =d84b5571e9bb302c
[3115000] SCOREBOARD MATCH: wdata passthrough beat=74 expected = 24c91910dc829c6a, actual =24c91910dc829c6a
[3115000] SCOREBOARD MATCH: wdata passthrough beat=75 expected = b49a874fe6c66a6a, actual =b49a874fe6c66a6a
[3115000] SCOREBOARD MATCH: wdata passthrough beat=76 expected = d0819a96d98c87d5, actual =d0819a96d98c87d5
[3115000] SCOREBOARD MATCH: wdata passthrough beat=77 expected = 360f24400ce5dcc1, actual =360f24400ce5dcc1
[3115000] SCOREBOARD MATCH: wdata passthrough beat=78 expected = f3ac472bf54ab3a6, actual =f3ac472bf54ab3a6
[3115000] SCOREBOARD MATCH: wdata passthrough beat=79 expected = ced73b7ceaa9ab8f, actual =ced73b7ceaa9ab8f
[3115000] SCOREBOARD MATCH: wdata passthrough beat=80 expected = f78f8850c42de1c2, actual =f78f8850c42de1c2
[3115000] SCOREBOARD MATCH: wdata passthrough beat=81 expected = b978956804e65fbc, actual =b978956804e65fbc
[3115000] SCOREBOARD MATCH: wdata passthrough beat=82 expected = ef900b4beb3bcf7c, actual =ef900b4beb3bcf7c
[3115000] SCOREBOARD MATCH: wdata passthrough beat=83 expected = 2f69b13e884fd0e4, actual =2f69b13e884fd0e4
[3115000] SCOREBOARD MATCH: wdata passthrough beat=84 expected = 8d3630a0e71f939c, actual =8d3630a0e71f939c
[3115000] SCOREBOARD MATCH: wdata passthrough beat=85 expected = d25b6318e8e246a6, actual =d25b6318e8e246a6
[3115000] SCOREBOARD MATCH: wdata passthrough beat=86 expected = f132178bfcc63bec, actual =f132178bfcc63bec
[3115000] SCOREBOARD MATCH: wdata passthrough beat=87 expected = e3e5cf8801c51456, actual =e3e5cf8801c51456
[3115000] SCOREBOARD MATCH: wdata passthrough beat=88 expected = eaa75afcfe68482b, actual =eaa75afcfe68482b
[3115000] SCOREBOARD MATCH: wdata passthrough beat=89 expected = fb2e8417364132a0, actual =fb2e8417364132a0
[3115000] SCOREBOARD MATCH: wdata passthrough beat=90 expected = 380646f6dbd97287, actual =380646f6dbd97287
[3115000] SCOREBOARD MATCH: wdata passthrough beat=91 expected = da41bab3df14539f, actual =da41bab3df14539f
[3115000] SCOREBOARD MATCH: wdata passthrough beat=92 expected = 9555863fa2ada1f2, actual =9555863fa2ada1f2
[3115000] SCOREBOARD MATCH: wdata passthrough beat=93 expected = fe87147ad5703eca, actual =fe87147ad5703eca
[3115000] SCOREBOARD MATCH: wdata passthrough beat=94 expected = 3484926acd5bcd35, actual =3484926acd5bcd35
[3115000] SCOREBOARD MATCH: wdata passthrough beat=95 expected = f0096f28d8c8cf2d, actual =f0096f28d8c8cf2d
[3115000] SCOREBOARD MATCH: wdata passthrough beat=96 expected = ae390df7c9da18a9, actual =ae390df7c9da18a9
[3115000] SCOREBOARD MATCH: wdata passthrough beat=97 expected = 1735e5dfee9083a2, actual =1735e5dfee9083a2
[3115000] SCOREBOARD MATCH: wdata passthrough beat=98 expected = c75952cfe2bda061, actual =c75952cfe2bda061
[3115000] SCOREBOARD MATCH: wdata passthrough beat=99 expected = 2c97b90b073f5507, actual =2c97b90b073f5507
[3115000] SCOREBOARD MATCH: wdata passthrough beat=100 expected = f5cfd8a9f59260c6, actual =f5cfd8a9f59260c6
[3115000] SCOREBOARD MATCH: wdata passthrough beat=101 expected = d8500128c3cd9eea, actual =d8500128c3cd9eea
[3115000] SCOREBOARD MATCH: wdata passthrough beat=102 expected = cb0cf3f13d292b78, actual =cb0cf3f13d292b78
[3115000] SCOREBOARD MATCH: wdata passthrough beat=103 expected = b2bb8c3e04e7ba33, actual =b2bb8c3e04e7ba33
[3115000] SCOREBOARD MATCH: wdata passthrough beat=104 expected = c8b5591dc0dccc9a, actual =c8b5591dc0dccc9a
[3115000] SCOREBOARD MATCH: wdata passthrough beat=105 expected = fe05f8128b0b8d66, actual =fe05f8128b0b8d66
[3115000] SCOREBOARD MATCH: wdata passthrough beat=106 expected = 8ff3479913c24d0e, actual =8ff3479913c24d0e
[3115000] SCOREBOARD MATCH: wdata passthrough beat=107 expected = d49f19a8b0c18450, actual =d49f19a8b0c18450
[3115000] SCOREBOARD MATCH: wdata passthrough beat=108 expected = 3bcd11b7d8a8a0b6, actual =3bcd11b7d8a8a0b6
[3115000] SCOREBOARD MATCH: wdata passthrough beat=109 expected = ec6aedc4d2a511ba, actual =ec6aedc4d2a511ba
[3115000] SCOREBOARD MATCH: wdata passthrough beat=110 expected = 8366960acbc05950, actual =8366960acbc05950
[3115000] SCOREBOARD MATCH: wdata passthrough beat=111 expected = 2468fa07c10a076c, actual =2468fa07c10a076c
[3115000] SCOREBOARD MATCH: wdata passthrough beat=112 expected = 93af1926bf33a7c1, actual =93af1926bf33a7c1
[3115000] SCOREBOARD MATCH: wdata passthrough beat=113 expected = af4011290d3e7cb, actual =af4011290d3e7cb
[3115000] SCOREBOARD MATCH: wdata passthrough beat=114 expected = d1ddef381715af31, actual =d1ddef381715af31
[3115000] SCOREBOARD MATCH: wdata passthrough beat=115 expected = d64956f22f5cfb19, actual =d64956f22f5cfb19
[3115000] SCOREBOARD MATCH: wdata passthrough beat=116 expected = c030e2e4e58d085e, actual =c030e2e4e58d085e
[3115000] SCOREBOARD MATCH: wdata passthrough beat=117 expected = fca2b78fe13d5804, actual =fca2b78fe13d5804
[3115000] SCOREBOARD MATCH: wdata passthrough beat=118 expected = 909a531d920ed21c, actual =909a531d920ed21c
[3115000] SCOREBOARD MATCH: wdata passthrough beat=119 expected = f79bda7bd2ec0e82, actual =f79bda7bd2ec0e82
[3115000] SCOREBOARD MATCH: wdata passthrough beat=120 expected = b4296686d0cb3602, actual =b4296686d0cb3602
[3115000] SCOREBOARD MATCH: wdata passthrough beat=121 expected = e2da081ef43e920a, actual =e2da081ef43e920a
[3115000] SCOREBOARD MATCH: wdata passthrough beat=122 expected = c72aa08cc4c3b9a4, actual =c72aa08cc4c3b9a4
[3115000] SCOREBOARD MATCH: wdata passthrough beat=123 expected = 158eefa6da75e299, actual =158eefa6da75e299
[3115000] SCOREBOARD MATCH: wdata passthrough beat=124 expected = ceb474a4fb540713, actual =ceb474a4fb540713
[3115000] SCOREBOARD MATCH: wdata passthrough beat=125 expected = c017c0b7f868f7c4, actual =c017c0b7f868f7c4
[3115000] SCOREBOARD MATCH: wdata passthrough beat=126 expected = d2deda5e95df1530, actual =d2deda5e95df1530
[3115000] SCOREBOARD MATCH: wdata passthrough beat=127 expected = 91331c43d5a6b05d, actual =91331c43d5a6b05d
[3115000] SCOREBOARD MATCH: wdata passthrough beat=128 expected = ce0fa82121934f02, actual =ce0fa82121934f02
[3115000] SCOREBOARD MATCH: wdata passthrough beat=129 expected = b7726432d14adcfa, actual =b7726432d14adcfa
[3115000] SCOREBOARD MATCH: wdata passthrough beat=130 expected = a6f18d57a0ee827f, actual =a6f18d57a0ee827f
[3115000] SCOREBOARD MATCH: wdata passthrough beat=131 expected = c281d181c8a58076, actual =c281d181c8a58076
[3115000] SCOREBOARD MATCH: wdata passthrough beat=132 expected = 99f05d70f5013579, actual =99f05d70f5013579
[3115000] SCOREBOARD MATCH: wdata passthrough beat=133 expected = 95efb7f8f9f435b4, actual =95efb7f8f9f435b4
[3115000] SCOREBOARD MATCH: wdata passthrough beat=134 expected = c299b62ac0e1eac8, actual =c299b62ac0e1eac8
[3115000] SCOREBOARD MATCH: wstrb size check expected = 87, actual =87
[3115000] SCOREBOARD MATCH: wstrb passthrough beat=0 expected = 7a, actual =7a
[3115000] SCOREBOARD MATCH: wstrb passthrough beat=1 expected = 41, actual =41
[3115000] SCOREBOARD MATCH: wstrb passthrough beat=2 expected = 9a, actual =9a
[3115000] SCOREBOARD MATCH: wstrb passthrough beat=3 expected = 2e, actual =2e
[3115000] SCOREBOARD MATCH: wstrb passthrough beat=4 expected = 39, actual =39
[3115000] SCOREBOARD MATCH: wstrb passthrough beat=5 expected = 62, actual =62
[3115000] SCOREBOARD MATCH: wstrb passthrough beat=6 expected = 58, actual =58
[3115000] SCOREBOARD MATCH: wstrb passthrough beat=7 expected = b3, actual =b3
[3115000] SCOREBOARD MATCH: wstrb passthrough beat=8 expected = a3, actual =a3
[3115000] SCOREBOARD MATCH: wstrb passthrough beat=9 expected = f2, actual =f2
[3115000] SCOREBOARD MATCH: wstrb passthrough beat=10 expected = e1, actual =e1
[3115000] SCOREBOARD MATCH: wstrb passthrough beat=11 expected = dd, actual =dd
[3115000] SCOREBOARD MATCH: wstrb passthrough beat=12 expected = 55, actual =55
[3115000] SCOREBOARD MATCH: wstrb passthrough beat=13 expected = 39, actual =39
[3115000] SCOREBOARD MATCH: wstrb passthrough beat=14 expected = 90, actual =90
[3115000] SCOREBOARD MATCH: wstrb passthrough beat=15 expected = f8, actual =f8
[3115000] SCOREBOARD MATCH: wstrb passthrough beat=16 expected = 2c, actual =2c
[3115000] SCOREBOARD MATCH: wstrb passthrough beat=17 expected = 72, actual =72
[3115000] SCOREBOARD MATCH: wstrb passthrough beat=18 expected = d5, actual =d5
[3115000] SCOREBOARD MATCH: wstrb passthrough beat=19 expected = 81, actual =81
[3115000] SCOREBOARD MATCH: wstrb passthrough beat=20 expected = ab, actual =ab
[3115000] SCOREBOARD MATCH: wstrb passthrough beat=21 expected = 66, actual =66
[3115000] SCOREBOARD MATCH: wstrb passthrough beat=22 expected = 79, actual =79
[3115000] SCOREBOARD MATCH: wstrb passthrough beat=23 expected = d7, actual =d7
[3115000] SCOREBOARD MATCH: wstrb passthrough beat=24 expected = d8, actual =d8
[3115000] SCOREBOARD MATCH: wstrb passthrough beat=25 expected = 4f, actual =4f
[3115000] SCOREBOARD MATCH: wstrb passthrough beat=26 expected = 58, actual =58
[3115000] SCOREBOARD MATCH: wstrb passthrough beat=27 expected = 83, actual =83
[3115000] SCOREBOARD MATCH: wstrb passthrough beat=28 expected = b5, actual =b5
[3115000] SCOREBOARD MATCH: wstrb passthrough beat=29 expected = d2, actual =d2
[3115000] SCOREBOARD MATCH: wstrb passthrough beat=30 expected = 5b, actual =5b
[3115000] SCOREBOARD MATCH: wstrb passthrough beat=31 expected = 8d, actual =8d
[3115000] SCOREBOARD MATCH: wstrb passthrough beat=32 expected = 21, actual =21
[3115000] SCOREBOARD MATCH: wstrb passthrough beat=33 expected = b3, actual =b3
[3115000] SCOREBOARD MATCH: wstrb passthrough beat=34 expected = 10, actual =10
[3115000] SCOREBOARD MATCH: wstrb passthrough beat=35 expected = d6, actual =d6
[3115000] SCOREBOARD MATCH: wstrb passthrough beat=36 expected = 85, actual =85
[3115000] SCOREBOARD MATCH: wstrb passthrough beat=37 expected = 6b, actual =6b
[3115000] SCOREBOARD MATCH: wstrb passthrough beat=38 expected = 63, actual =63
[3115000] SCOREBOARD MATCH: wstrb passthrough beat=39 expected = a6, actual =a6
[3115000] SCOREBOARD MATCH: wstrb passthrough beat=40 expected = 1f, actual =1f
[3115000] SCOREBOARD MATCH: wstrb passthrough beat=41 expected = 73, actual =73
[3115000] SCOREBOARD MATCH: wstrb passthrough beat=42 expected = 7c, actual =7c
[3115000] SCOREBOARD MATCH: wstrb passthrough beat=43 expected = a4, actual =a4
[3115000] SCOREBOARD MATCH: wstrb passthrough beat=44 expected = df, actual =df
[3115000] SCOREBOARD MATCH: wstrb passthrough beat=45 expected = df, actual =df
[3115000] SCOREBOARD MATCH: wstrb passthrough beat=46 expected = 4b, actual =4b
[3115000] SCOREBOARD MATCH: wstrb passthrough beat=47 expected = fe, actual =fe
[3115000] SCOREBOARD MATCH: wstrb passthrough beat=48 expected = 53, actual =53
[3115000] SCOREBOARD MATCH: wstrb passthrough beat=49 expected = c7, actual =c7
[3115000] SCOREBOARD MATCH: wstrb passthrough beat=50 expected = a2, actual =a2
[3115000] SCOREBOARD MATCH: wstrb passthrough beat=51 expected = 32, actual =32
[3115000] SCOREBOARD MATCH: wstrb passthrough beat=52 expected = a7, actual =a7
[3115000] SCOREBOARD MATCH: wstrb passthrough beat=53 expected = ed, actual =ed
[3115000] SCOREBOARD MATCH: wstrb passthrough beat=54 expected = 30, actual =30
[3115000] SCOREBOARD MATCH: wstrb passthrough beat=55 expected = fa, actual =fa
[3115000] SCOREBOARD MATCH: wstrb passthrough beat=56 expected = b5, actual =b5
[3115000] SCOREBOARD MATCH: wstrb passthrough beat=57 expected = d2, actual =d2
[3115000] SCOREBOARD MATCH: wstrb passthrough beat=58 expected = 2c, actual =2c
[3115000] SCOREBOARD MATCH: wstrb passthrough beat=59 expected = 5c, actual =5c
[3115000] SCOREBOARD MATCH: wstrb passthrough beat=60 expected = c0, actual =c0
[3115000] SCOREBOARD MATCH: wstrb passthrough beat=61 expected = 5c, actual =5c
[3115000] SCOREBOARD MATCH: wstrb passthrough beat=62 expected = 56, actual =56
[3115000] SCOREBOARD MATCH: wstrb passthrough beat=63 expected = 75, actual =75
[3115000] SCOREBOARD MATCH: wstrb passthrough beat=64 expected = 2e, actual =2e
[3115000] SCOREBOARD MATCH: wstrb passthrough beat=65 expected = 82, actual =82
[3115000] SCOREBOARD MATCH: wstrb passthrough beat=66 expected = d1, actual =d1
[3115000] SCOREBOARD MATCH: wstrb passthrough beat=67 expected = ee, actual =ee
[3115000] SCOREBOARD MATCH: wstrb passthrough beat=68 expected = de, actual =de
[3115000] SCOREBOARD MATCH: wstrb passthrough beat=69 expected = 27, actual =27
[3115000] SCOREBOARD MATCH: wstrb passthrough beat=70 expected = 63, actual =63
[3115000] SCOREBOARD MATCH: wstrb passthrough beat=71 expected = c, actual =c
[3115000] SCOREBOARD MATCH: wstrb passthrough beat=72 expected = a9, actual =a9
[3115000] SCOREBOARD MATCH: wstrb passthrough beat=73 expected = 34, actual =34
[3115000] SCOREBOARD MATCH: wstrb passthrough beat=74 expected = fb, actual =fb
[3115000] SCOREBOARD MATCH: wstrb passthrough beat=75 expected = 87, actual =87
[3115000] SCOREBOARD MATCH: wstrb passthrough beat=76 expected = 5b, actual =5b
[3115000] SCOREBOARD MATCH: wstrb passthrough beat=77 expected = 5e, actual =5e
[3115000] SCOREBOARD MATCH: wstrb passthrough beat=78 expected = 93, actual =93
[3115000] SCOREBOARD MATCH: wstrb passthrough beat=79 expected = 4, actual =4
[3115000] SCOREBOARD MATCH: wstrb passthrough beat=80 expected = 93, actual =93
[3115000] SCOREBOARD MATCH: wstrb passthrough beat=81 expected = 8e, actual =8e
[3115000] SCOREBOARD MATCH: wstrb passthrough beat=82 expected = 8b, actual =8b
[3115000] SCOREBOARD MATCH: wstrb passthrough beat=83 expected = ee, actual =ee
[3115000] SCOREBOARD MATCH: wstrb passthrough beat=84 expected = ed, actual =ed
[3115000] SCOREBOARD MATCH: wstrb passthrough beat=85 expected = 1f, actual =1f
[3115000] SCOREBOARD MATCH: wstrb passthrough beat=86 expected = f3, actual =f3
[3115000] SCOREBOARD MATCH: wstrb passthrough beat=87 expected = 80, actual =80
[3115000] SCOREBOARD MATCH: wstrb passthrough beat=88 expected = ad, actual =ad
[3115000] SCOREBOARD MATCH: wstrb passthrough beat=89 expected = 7e, actual =7e
[3115000] SCOREBOARD MATCH: wstrb passthrough beat=90 expected = 6e, actual =6e
[3115000] SCOREBOARD MATCH: wstrb passthrough beat=91 expected = 9a, actual =9a
[3115000] SCOREBOARD MATCH: wstrb passthrough beat=92 expected = 9d, actual =9d
[3115000] SCOREBOARD MATCH: wstrb passthrough beat=93 expected = 61, actual =61
[3115000] SCOREBOARD MATCH: wstrb passthrough beat=94 expected = 1a, actual =1a
[3115000] SCOREBOARD MATCH: wstrb passthrough beat=95 expected = 4b, actual =4b
[3115000] SCOREBOARD MATCH: wstrb passthrough beat=96 expected = e0, actual =e0
[3115000] SCOREBOARD MATCH: wstrb passthrough beat=97 expected = 89, actual =89
[3115000] SCOREBOARD MATCH: wstrb passthrough beat=98 expected = e5, actual =e5
[3115000] SCOREBOARD MATCH: wstrb passthrough beat=99 expected = 7d, actual =7d
[3115000] SCOREBOARD MATCH: wstrb passthrough beat=100 expected = ea, actual =ea
[3115000] SCOREBOARD MATCH: wstrb passthrough beat=101 expected = 0, actual =0
[3115000] SCOREBOARD MATCH: wstrb passthrough beat=102 expected = c8, actual =c8
[3115000] SCOREBOARD MATCH: wstrb passthrough beat=103 expected = ca, actual =ca
[3115000] SCOREBOARD MATCH: wstrb passthrough beat=104 expected = 89, actual =89
[3115000] SCOREBOARD MATCH: wstrb passthrough beat=105 expected = ae, actual =ae
[3115000] SCOREBOARD MATCH: wstrb passthrough beat=106 expected = 48, actual =48
[3115000] SCOREBOARD MATCH: wstrb passthrough beat=107 expected = 73, actual =73
[3115000] SCOREBOARD MATCH: wstrb passthrough beat=108 expected = ae, actual =ae
[3115000] SCOREBOARD MATCH: wstrb passthrough beat=109 expected = 10, actual =10
[3115000] SCOREBOARD MATCH: wstrb passthrough beat=110 expected = 3e, actual =3e
[3115000] SCOREBOARD MATCH: wstrb passthrough beat=111 expected = 37, actual =37
[3115000] SCOREBOARD MATCH: wstrb passthrough beat=112 expected = be, actual =be
[3115000] SCOREBOARD MATCH: wstrb passthrough beat=113 expected = 86, actual =86
[3115000] SCOREBOARD MATCH: wstrb passthrough beat=114 expected = aa, actual =aa
[3115000] SCOREBOARD MATCH: wstrb passthrough beat=115 expected = 6c, actual =6c
[3115000] SCOREBOARD MATCH: wstrb passthrough beat=116 expected = 96, actual =96
[3115000] SCOREBOARD MATCH: wstrb passthrough beat=117 expected = e8, actual =e8
[3115000] SCOREBOARD MATCH: wstrb passthrough beat=118 expected = a3, actual =a3
[3115000] SCOREBOARD MATCH: wstrb passthrough beat=119 expected = 55, actual =55
[3115000] SCOREBOARD MATCH: wstrb passthrough beat=120 expected = 6e, actual =6e
[3115000] SCOREBOARD MATCH: wstrb passthrough beat=121 expected = 4e, actual =4e
[3115000] SCOREBOARD MATCH: wstrb passthrough beat=122 expected = c1, actual =c1
[3115000] SCOREBOARD MATCH: wstrb passthrough beat=123 expected = 5, actual =5
[3115000] SCOREBOARD MATCH: wstrb passthrough beat=124 expected = 36, actual =36
[3115000] SCOREBOARD MATCH: wstrb passthrough beat=125 expected = 65, actual =65
[3115000] SCOREBOARD MATCH: wstrb passthrough beat=126 expected = 5a, actual =5a
[3115000] SCOREBOARD MATCH: wstrb passthrough beat=127 expected = a5, actual =a5
[3115000] SCOREBOARD MATCH: wstrb passthrough beat=128 expected = b3, actual =b3
[3115000] SCOREBOARD MATCH: wstrb passthrough beat=129 expected = 1b, actual =1b
[3115000] SCOREBOARD MATCH: wstrb passthrough beat=130 expected = aa, actual =aa
[3115000] SCOREBOARD MATCH: wstrb passthrough beat=131 expected = e9, actual =e9
[3115000] SCOREBOARD MATCH: wstrb passthrough beat=132 expected = 80, actual =80
[3115000] SCOREBOARD MATCH: wstrb passthrough beat=133 expected = 4, actual =4
[3115000] SCOREBOARD MATCH: wstrb passthrough beat=134 expected = 8e, actual =8e
[3115000] SCOREBOARD MATCH: bresp passthrough expected = 0, actual =0
[3115000] SCOREBOARD MATCH: response routed to correct master (write) expected = 1, actual =1
[3115000] [SCOREBOARD-M] mst_id=1 s_id=0 awaddr=bca5a40 awid=1010 awlen=134 awsize=4 awburst=1 wdata=[d47ec6a3e42a8209 93e60a0fd4b58c7c bb736502d8b7d912 bce25b1b95b49373 ea6a1fef0ff22ba6 e8aa04b8d0c8652b e67cf89e25dd84f2 35cfb098258c5fd4 f654c4ffd0e7188e f6c49d809e79b550 c4061524dcd1bd9d adb8d62b2c944e18 cb0e0368ba5ada23 172c97c1a47d73ab d111c1c30f14188d c96ef2b0c4e56dec e962e1981c1fc52c 2b33ddb9e09b8a71 2580f85eba74a35b d6946887f4a2d069 d53e5adb0ee3d9f6 c9587d5181c84640 f66b16aafabf5339 9a32d2f1fece5d9 a1b52c19cba97185 c668c4bed2fbaa80 f2e89059982042c3 e3c9b448d00bf1ed a3079c6d149dbc73 acbdff36aa327906 fa3e6af315f02cc7 2a8de93a1087b37f baba2c851d460761 33363428d74be870 e7d39bef34f89779 d23e9edaddc41d62 b51005d2228dc875 d7865fee0574d302 e338f0641ce3a1c2 3f716a3729c4fec8 2f39d1ca9848f636 b52c97f816f7ca25 c0bcc8ed1272c22e aabbb864f49e022f 8b95cc54eff69ab7 2695ce5dfe8505d d486528ccc529541 bc492ff8ad251549 8d0d65a6e01c1ee1 ac6eb422beb28cdd ebd7a227e193b833 c1afd714e8b7e41b a76a70f8f8e507cd da78c000ee1e8b36 d6d66f519342131f c271aed9c289714 a47224bfe40e04a 9182f369e69fdaed 2c87202e11d919c df5e71e69daa0e56 449e9440d0f944d ee2d25e9f0e16550 8e8b73a607125b46 1421ef93cd8b97d0 3e6cfd2092d55cea 99e7b830824f157c cfdaad4cccf870c6 dfcdcdb1ae09a7c3 3058bd408e47aa6c db401b33f9b585e1 27bf2da580336a8c e7b14f93b0de8e4 b4c36ec5d817eae5 d84b5571e9bb302c 24c91910dc829c6a b49a874fe6c66a6a d0819a96d98c87d5 360f24400ce5dcc1 f3ac472bf54ab3a6 ced73b7ceaa9ab8f f78f8850c42de1c2 b978956804e65fbc ef900b4beb3bcf7c 2f69b13e884fd0e4 8d3630a0e71f939c d25b6318e8e246a6 f132178bfcc63bec e3e5cf8801c51456 eaa75afcfe68482b fb2e8417364132a0 380646f6dbd97287 da41bab3df14539f 9555863fa2ada1f2 fe87147ad5703eca 3484926acd5bcd35 f0096f28d8c8cf2d ae390df7c9da18a9 1735e5dfee9083a2 c75952cfe2bda061 2c97b90b073f5507 f5cfd8a9f59260c6 d8500128c3cd9eea cb0cf3f13d292b78 b2bb8c3e04e7ba33 c8b5591dc0dccc9a fe05f8128b0b8d66 8ff3479913c24d0e d49f19a8b0c18450 3bcd11b7d8a8a0b6 ec6aedc4d2a511ba 8366960acbc05950 2468fa07c10a076c 93af1926bf33a7c1 af4011290d3e7cb d1ddef381715af31 d64956f22f5cfb19 c030e2e4e58d085e fca2b78fe13d5804 909a531d920ed21c f79bda7bd2ec0e82 b4296686d0cb3602 e2da081ef43e920a c72aa08cc4c3b9a4 158eefa6da75e299 ceb474a4fb540713 c017c0b7f868f7c4 d2deda5e95df1530 91331c43d5a6b05d ce0fa82121934f02 b7726432d14adcfa a6f18d57a0ee827f c281d181c8a58076 99f05d70f5013579 95efb7f8f9f435b4 c299b62ac0e1eac8 ] wstrb=[7a 41 9a 2e 39 62 58 b3 a3 f2 e1 dd 55 39 90 f8 2c 72 d5 81 ab 66 79 d7 d8 4f 58 83 b5 d2 5b 8d 21 b3 10 d6 85 6b 63 a6 1f 73 7c a4 df df 4b fe 53 c7 a2 32 a7 ed 30 fa b5 d2 2c 5c c0 5c 56 75 2e 82 d1 ee de 27 63 c a9 34 fb 87 5b 5e 93 4 93 8e 8b ee ed 1f f3 80 ad 7e 6e 9a 9d 61 1a 4b e0 89 e5 7d ea 0 c8 ca 89 ae 48 73 ae 10 3e 37 be 86 aa 6c 96 e8 a3 55 6e 4e c1 5 36 65 5a a5 b3 1b aa e9 80 4 8e ] bresp=0 bid=1010
[3115000] [SCOREBOARD-S] mst_id=1 s_id=0 awaddr=bca5a40 awid=1010 awlen=134 awsize=4 awburst=1 wdata=[d47ec6a3e42a8209 93e60a0fd4b58c7c bb736502d8b7d912 bce25b1b95b49373 ea6a1fef0ff22ba6 e8aa04b8d0c8652b e67cf89e25dd84f2 35cfb098258c5fd4 f654c4ffd0e7188e f6c49d809e79b550 c4061524dcd1bd9d adb8d62b2c944e18 cb0e0368ba5ada23 172c97c1a47d73ab d111c1c30f14188d c96ef2b0c4e56dec e962e1981c1fc52c 2b33ddb9e09b8a71 2580f85eba74a35b d6946887f4a2d069 d53e5adb0ee3d9f6 c9587d5181c84640 f66b16aafabf5339 9a32d2f1fece5d9 a1b52c19cba97185 c668c4bed2fbaa80 f2e89059982042c3 e3c9b448d00bf1ed a3079c6d149dbc73 acbdff36aa327906 fa3e6af315f02cc7 2a8de93a1087b37f baba2c851d460761 33363428d74be870 e7d39bef34f89779 d23e9edaddc41d62 b51005d2228dc875 d7865fee0574d302 e338f0641ce3a1c2 3f716a3729c4fec8 2f39d1ca9848f636 b52c97f816f7ca25 c0bcc8ed1272c22e aabbb864f49e022f 8b95cc54eff69ab7 2695ce5dfe8505d d486528ccc529541 bc492ff8ad251549 8d0d65a6e01c1ee1 ac6eb422beb28cdd ebd7a227e193b833 c1afd714e8b7e41b a76a70f8f8e507cd da78c000ee1e8b36 d6d66f519342131f c271aed9c289714 a47224bfe40e04a 9182f369e69fdaed 2c87202e11d919c df5e71e69daa0e56 449e9440d0f944d ee2d25e9f0e16550 8e8b73a607125b46 1421ef93cd8b97d0 3e6cfd2092d55cea 99e7b830824f157c cfdaad4cccf870c6 dfcdcdb1ae09a7c3 3058bd408e47aa6c db401b33f9b585e1 27bf2da580336a8c e7b14f93b0de8e4 b4c36ec5d817eae5 d84b5571e9bb302c 24c91910dc829c6a b49a874fe6c66a6a d0819a96d98c87d5 360f24400ce5dcc1 f3ac472bf54ab3a6 ced73b7ceaa9ab8f f78f8850c42de1c2 b978956804e65fbc ef900b4beb3bcf7c 2f69b13e884fd0e4 8d3630a0e71f939c d25b6318e8e246a6 f132178bfcc63bec e3e5cf8801c51456 eaa75afcfe68482b fb2e8417364132a0 380646f6dbd97287 da41bab3df14539f 9555863fa2ada1f2 fe87147ad5703eca 3484926acd5bcd35 f0096f28d8c8cf2d ae390df7c9da18a9 1735e5dfee9083a2 c75952cfe2bda061 2c97b90b073f5507 f5cfd8a9f59260c6 d8500128c3cd9eea cb0cf3f13d292b78 b2bb8c3e04e7ba33 c8b5591dc0dccc9a fe05f8128b0b8d66 8ff3479913c24d0e d49f19a8b0c18450 3bcd11b7d8a8a0b6 ec6aedc4d2a511ba 8366960acbc05950 2468fa07c10a076c 93af1926bf33a7c1 af4011290d3e7cb d1ddef381715af31 d64956f22f5cfb19 c030e2e4e58d085e fca2b78fe13d5804 909a531d920ed21c f79bda7bd2ec0e82 b4296686d0cb3602 e2da081ef43e920a c72aa08cc4c3b9a4 158eefa6da75e299 ceb474a4fb540713 c017c0b7f868f7c4 d2deda5e95df1530 91331c43d5a6b05d ce0fa82121934f02 b7726432d14adcfa a6f18d57a0ee827f c281d181c8a58076 99f05d70f5013579 95efb7f8f9f435b4 c299b62ac0e1eac8 ] wstrb=[7a 41 9a 2e 39 62 58 b3 a3 f2 e1 dd 55 39 90 f8 2c 72 d5 81 ab 66 79 d7 d8 4f 58 83 b5 d2 5b 8d 21 b3 10 d6 85 6b 63 a6 1f 73 7c a4 df df 4b fe 53 c7 a2 32 a7 ed 30 fa b5 d2 2c 5c c0 5c 56 75 2e 82 d1 ee de 27 63 c a9 34 fb 87 5b 5e 93 4 93 8e 8b ee ed 1f f3 80 ad 7e 6e 9a 9d 61 1a 4b e0 89 e5 7d ea 0 c8 ca 89 ae 48 73 ae 10 3e 37 be 86 aa 6c 96 e8 a3 55 6e 4e c1 5 36 65 5a a5 b3 1b aa e9 80 4 8e ] bresp=0 bid=11010
[3115000] SCOREBOARD: Transaction 5 received. pass=658 fail=0
[3115000] SCOREBOARD: Expected 5 transactions completed, PASS=658 FAIL=0
[3115000] ALL PASS. Total transactions: 5
[3115000] ALL TRANSACTIONS MONITORED
$finish called at time : 3135 ns : File "/home/nashita/Desktop/practice/axi_xbar/tb/top/axi_tb_top.sv" Line 220
exit
INFO: xsimkernel Simulation Memory Usage: 289464 KB (Peak: 337864 KB), Simulation CPU Usage: 1180 ms
INFO: [Common 17-206] Exiting xsim at Thu Sep 10 18:30:03 2026...
