#-----------------------------------------------------------
# xsim v2025.2 (64-bit)
# SW Build 6299465 on Fri Nov 14 12:34:56 MST 2025
# IP Build 6300035 on Fri Nov 14 10:48:45 MST 2025
# SharedData Build 6298862 on Thu Nov 13 04:50:51 MST 2025
# Start of session at: Thu Sep 10 18:47:25 2026
# Process ID         : 3679165
# Current directory  : /home/nashita/Desktop/practice/axi_xbar/sim
# Command line       : xsim -log regress_results/BT_run477.log -mode tcl -source {xsim.dir/tb_top_snap/xsim_script.tcl}
# Log file           : /home/nashita/Desktop/practice/axi_xbar/sim/regress_results/BT_run477.log
# Journal file       : /home/nashita/Desktop/practice/axi_xbar/sim/xsim.jou
# Running On         : vlsi-vivado
# Platform           : Ubuntu
# Operating System   : Ubuntu 24.04.4 LTS
# Processor Detail   : Intel(R) Core(TM) i5-10400 CPU @ 2.90GHz
# CPU Frequency      : 4128.123 MHz
# CPU Physical cores : 6
# CPU Logical cores  : 12
# Host memory        : 41875 MB
# Swap memory        : 27648 MB
# Total Virtual      : 69524 MB
# Available Virtual  : 62517 MB
#-----------------------------------------------------------
source xsim.dir/tb_top_snap/xsim_script.tcl
# xsim {tb_top_snap} -testplusarg BT -autoloadwcfg -runall -sv_seed 478
Time resolution is 1 ps
run -all
[0] RUNNING BASE TEST
[0] INSIDE THE BASE TEST CONSTRUCTOR
[0] ENV: before agent
[0] SLAVE CONSTRUCTED
[0] MASTER MONITOR CONSTRUCTED
[0] MASTER MONITOR CONSTRUCTED
[0] SLAVE MONITOR CONSTRUCTED
[0] SLAVE MONITOR CONSTRUCTED
[0] ARB MONITOR CONSTRUCTED
GENERATOR CONSTRUCTED
[0] ENV: after agent
[0] ENV: before scoreboard
[0] ENV: after scoreboard
[15000] [SEQUENCER] READ mst_id=0 s_id=0 araddr=1c12c80 arid=0 arlen=1 arsize=3 arburst=1 rid=[] rresp=[] rdata=[]
[15000] [SEQUENCER] mst_id=1 s_id=0 awaddr=198a8168 awid=1 awlen=6 awsize=1 awburst=2 wdata=[c5435593f08877e5 c1a6cc78e532e117 fd872e84cd63ade6 bdec25cbf1add82c d6e0b943c2ca8418 902e31feff92f243 f140ca70d467e7c8 ] wstrb=[ca e0 b3 d de 7b 7d ] bresp=0 bid=0
[15000] [SEQUENCER] mst_id=0 s_id=0 awaddr=1c717d88 awid=1 awlen=13 awsize=6 awburst=0 wdata=[fbab1a10ef4450c2 fcf38c6dc4075bc9 fd20dcdaf8ce5ed9 e812af9b1bd0550b dfd7b0d4f8cbf6ea f19a55c3e5063c09 d69114dcf88dae d5c48498d9ad055e beb34167e0ae41e8 3da6cf97c75eda5b 210bdfbabf89d27b 20381464936b542f daca2e8bdfbf2121 1f48f39ddddee3fb ] wstrb=[45 2a 1 66 b5 fc 3 fa 26 4 61 dc 0 64 ] bresp=0 bid=0
[15000] [SEQUENCER] mst_id=0 s_id=0 awaddr=4e9a718 awid=110 awlen=195 awsize=6 awburst=1 wdata=[9a50475610147e14 2a95f5612c7c400b 1283872d14ccf51a 24e1732ec3b22360 f02e636bacd3ce83 c1a0c39dcf77688f 93298bef82b1ea98 2f85b91ce68236cb b5f99f5a0357ef5b 8609d9f3f1267cb9 d7a8b385c9232b4a cc7b1aa5b58f930f 26b60fc98da252df d6c57e29d284f498 81487a8fe5ec34e 8c01162da34098ce f5c58d672eca9771 2d295abfe2c69457 86072d25fdda150f 2ca4ac80b92a70ec 9bf10543fbccba8c f9a6cf9bd9ce073f 92f8782b21f83269 9dc4ecf5a64b7c1b 8019835a2ee97d6f d0e1afd8176bbc91 bdb738ac1311fb86 c1fb78f5eea69ccd 8612595e3dd0bc07 d0e2b78d12dd28cd 8183c59ac3c9920b 19a4e1212de3082 25bb594f07961ef9 cb5fb104d27d059f e55b3621a73f1ee9 aed53de2ccf9ff16 1f7704b50b168f70 b255ae59fa34eee6 c72eedfc04d23ad6 fe8ca46e12aec3c db5fdb22e6a5f2b1 eb782d87c23e789f a36964db228ec91f 8934bbd0fb60f7cd 3d9f706dfec93ffe 2158091df4ace958 f00de125e108d548 dfd21546aa8cc4ed 9f39ae45adad5192 eb626db812a1e63 2bb6e3510f478f6b bcf4e0fdee883c21 efb25a85caf09196 da382101cbab07d8 3a3343fa1b693dd6 e659cf6c172d01ff e2d809d729e59e7f c54edc55c091f06e d7bef26d9d0b4dd1 c6f0ec50aba8abc1 ec3a9c2fba96fc44 d7a24a168c3fc8a5 37e87467c3f98e9c fe908ae19e933666 2ad2ff0ca4231096 e81c9f33d632d4f7 f4c60b5de2bb7373 86de8409e6ad2a14 3cdfff0b9f990a69 82547ddceefb233c d5a84d50b1a60a68 d13f14d2093301e6 f82e252292884c5b c42e56c4d39392ae dcc69494cdd67273 e05ebece156d6b96 e900fe44d4f4b9b7 22cb2c2aa48d1592 b9fa8128c5c792d9 1abc4c908329eaf8 27b7008b22fb7f6d e8c312463d8778ba c0b163b2e1b181b3 84ad0120037f5ed6 c106d790e868643d ca19e5f1ed701366 f0ef723c81b83b42 ea209f80cec6e711 3c36fa78b1f649cc 33ae850f343a8571 83016c82ad266cb4 df1cb6811dcf248f d209aa00bf3866fa ec5ed3af12cb3b90 309a601fd50b1682 14437d7dcb7b8a30 de46c5c002a40a1f d7af20a100a2512c cc1ddb5c0ee125df 11852ffeebf29e1e ec94ef4a2a64a11c 3945c6fbe934509f d526eebeb8b2caa6 e3176bc2cacaf6f9 b3ff4798c1bbde08 fa6ea8af9c5d32bd e72829b689263656 cae2145fdd861471 f9e3472f1b27714f a44da7a5c550bd0e a2d6d17fe10b70e5 fc32e234ef2fbc04 b48079129cba18ae fdc58994208089da 8fb045ded7574a92 f4116340f9f86bc8 9a78f5a2c430bef1 1b880983f1d6ecd4 ebcf589d2a293b81 ee59fa728f996cc3 170599886484e3f b07189c009e203f5 997b70b8ed3fb235 f38800749ecb8432 a8ad88279aebca50 882b7c8523f98a35 c2c50e67c228f8e0 dd14c330fbb37cfa 1fad072feb72968f 2d9b8f6fe5403fb6 e0f3bcb0e2721596 cde4ac258ab0529f eff0925500a0c3df e312d975fb803b94 6308e34d0e44f05 d18512e430f7859b ac77c12ff6212089 c7056f8f3497ec5a e58f71f5b2a84f63 28c96fed988a8273 cd226ecd92073324 c4af8288efcedf7c 885961efb2b1e0c2 c4b913e7ed78f275 dd47d1f1d57bd0bd 882db17f0968966f f6e188e4e5a133e0 bb1d049dcce6c566 d64f5bd5d4295ad5 b9ca8eb5c34ab61d 90317b83cd30e4b9 a15a3f8ef4e79353 38324970e680d759 b3b1bc12db24ce44 d00c6197c863c4f3 aee49c4cd50bfba1 3030c9e5083eab07 d0a26ffae296585f 37a25400003d2b7c 87bd683ff870c47 e21d64a6e7d31de5 e8104961d91e467d d8a552c419bfb8a6 192d68bf08c1fe4 c9aa6661bac2b76a d4827010e9a31fec da2f3fd0224fb926 dd127090d615469b bfb86687a3d9a631 c6295f573194e0a1 87aa273c99e7a657 3dc14c89233bcfe8 d4d0b089c7628dc4 e14a341b83eaabe0 a7267bc8dc7ad7c5 a3dd65899f0b80a4 22f62c85fbf72c51 d8720417052799a5 a4331a49ca1ca84d c613d49ffc4f69a0 81770345c72946ce 1145ef1c1e85d8b6 9ad5425625aa1d8f ecd3645dd759c3bb f5df9c711c4c459c c1f6632bfe195379 d573173490b4dec7 ad012463aec9c788 2ce31b02cb52b3a5 dc07926deef7878e 1dc14f1782563236 cda8e5dc8908b6d0 f8003e5fcaa46a19 ccfa9c4f29b07849 b2b92f1915c18d76 e065f78f9aa3822b ] wstrb=[78 74 de ee 8e a 7d 6 7e 5c f5 c 66 72 13 e4 ce 8 f1 34 7a 4 19 49 c a 7d 86 e 96 cf 1a a0 4d a0 ae e3 70 c8 84 bd 69 32 a0 d9 fb 24 96 64 57 36 3d 52 5b d3 b6 b2 9 f3 4 64 c6 ba 16 cf ad 1a 34 73 d4 4a 42 81 65 76 f4 39 c1 37 bb 26 ad af 5f 6e e6 1a 94 94 ca f4 2 b0 e 97 44 d8 8b 47 89 99 de cd 72 69 14 fb 2 f2 c8 74 5b dd 6f 5e cf 38 d2 2b 15 42 89 e4 7a 5b f 8f 9d 98 73 17 f4 83 a6 91 1b 1a a9 f 9d 4f a1 b8 69 4a c8 6 99 69 bf 3 b3 87 9 4c f0 c8 4f a3 4f 59 ef 3f 21 3f e2 71 98 d2 b0 b9 11 93 2a a9 65 db 62 76 6e 8d 1f d3 68 81 49 d6 e 68 a9 76 e9 f2 4c f8 5a ] bresp=0 bid=0
[15000] [SEQUENCER] mst_id=1 s_id=0 awaddr=1d671fa8 awid=1 awlen=0 awsize=5 awburst=2 wdata=[ad4ac0df3d2000ab ] wstrb=[3e ] bresp=0 bid=0
[15000] MASTER_DRIVER0 received transaction, op=AXI_READ
[15000] MASTER_DRIVER1 received transaction, op=AXI_WRITE
[35000] MASTER 1 AW_VALID_RDY Handshake
[35000] MASTER_DRIVER0 received transaction, op=AXI_WRITE
[45000] ARB MONITOR: slave=0 m0_req=1 m1_req=0 winner=0
[45000] ARB MONITOR: slave=1 m0_req=0 m1_req=1 winner=1
[45000] AXI S0_ARVALID_RDY HANDSHAKE
[45000] MEMORY READ MISS beat=0 addr=1c12c80 -> default data id=0
[45000] AXI S1_AWVALID_RDY HANDSHAKE
[55000] MEMORY READ MISS beat=1 addr=1c12c88 -> default data id=0
[55000] SLAVE 0 R_VALID_RDY Handshake beat=0 rlast=0
[55000] MASTER 1 W_VALID_RDY Handshake beat=0 wlast=0
[55000] MASTER 0 AW_VALID_RDY Handshake
[65000] MASTER 1 W_VALID_RDY Handshake beat=1 wlast=0
[65000] SLAVE 0 R_VALID_RDY Handshake beat=1 rlast=1
[65000] [SLAVE MONITOR] READ mst_id=0 s_id=0 araddr=1c12c80 arid=0 arlen=1 arsize=3 arburst=1 rid=[00] rresp=[00] rdata=[baadf00d12345678baadf00d12345678]
[65000] S1 MEMORY WRITE beat=0 addr=198a8168 data=c5435593f08877e5 id=11
[75000] S1 MEMORY WRITE beat=1 addr=198a816a data=c1a6cc78e532e117 id=11
[75000] MASTER 1 W_VALID_RDY Handshake beat=2 wlast=0
[75000] MASTER 0 R_VALID_RDY Handshake beat=0 rlast=0
[75000] MASTER 0 W_VALID_RDY Handshake beat=0 wlast=0
[85000] [MASTER DRIVER] READ mst_id=0 s_id=0 araddr=1c12c80 arid=0 arlen=1 arsize=3 arburst=1 rid=[00] rresp=[00] rdata=[baadf00d12345678baadf00d12345678]
[85000] MASTER 0 W_VALID_RDY Handshake beat=1 wlast=0
[85000] MASTER 0 R_VALID_RDY Handshake beat=1 rlast=1
[85000] [MASTER MONITOR] READ mst_id=0 s_id=0 araddr=1c12c80 arid=0 arlen=1 arsize=3 arburst=1 rid=[00] rresp=[00] rdata=[baadf00d12345678baadf00d12345678]
[85000] MASTER 1 W_VALID_RDY Handshake beat=3 wlast=0
[85000] S1 MEMORY WRITE beat=2 addr=198a816c data=fd872e84cd63ade6 id=11
[85000] SCOREBOARD MATCH: decode_err expected = 0, actual =0
[85000] SCOREBOARD MATCH: slave_id expected = 0, actual =0
[85000] SCOREBOARD MATCH: araddr passthrough expected = 1c12c80, actual =1c12c80
[85000] SCOREBOARD MATCH: arlen passthrough expected = 1, actual =1
[85000] SCOREBOARD MATCH: arsize passthrough expected = 3, actual =3
[85000] SCOREBOARD MATCH: arburst passthrough expected = 1, actual =1
[85000] SCOREBOARD MATCH: rdata size check expected = 2, actual =2
[85000] SCOREBOARD MATCH: rdata passthrough beat=0 expected = baadf00d12345678, actual =baadf00d12345678
[85000] SCOREBOARD MATCH: rdata passthrough beat=1 expected = baadf00d12345678, actual =baadf00d12345678
[85000] SCOREBOARD MATCH: rresp size check expected = 2, actual =2
[85000] SCOREBOARD MATCH: rresp passthrough beat=0 expected = 0, actual =0
[85000] SCOREBOARD MATCH: rresp passthrough beat=1 expected = 0, actual =0
[85000] SCOREBOARD MATCH: response routed to correct master (read beat 0) expected = 0, actual =0
[85000] SCOREBOARD MATCH: response routed to correct master (read beat 1) expected = 0, actual =0
[85000] [SCOREBOARD-M] READ mst_id=0 s_id=0 araddr=1c12c80 arid=0 arlen=1 arsize=3 arburst=1 rid=[00] rresp=[00] rdata=[baadf00d12345678baadf00d12345678]
[85000] [SCOREBOARD-S] READ mst_id=0 s_id=0 araddr=1c12c80 arid=0 arlen=1 arsize=3 arburst=1 rid=[00] rresp=[00] rdata=[baadf00d12345678baadf00d12345678]
[85000] SCOREBOARD: Transaction 1 received. pass=14 fail=0
[85000] ALL PASS. Total transactions: 1
[95000] S1 MEMORY WRITE beat=3 addr=198a816e data=bdec25cbf1add82c id=11
[95000] MASTER 1 W_VALID_RDY Handshake beat=4 wlast=0
[95000] MASTER 0 W_VALID_RDY Handshake beat=2 wlast=0
[105000] MASTER 0 W_VALID_RDY Handshake beat=3 wlast=0
[105000] MASTER 1 W_VALID_RDY Handshake beat=5 wlast=0
[105000] S1 MEMORY WRITE beat=4 addr=198a8170 data=d6e0b943c2ca8418 id=11
[115000] S1 MEMORY WRITE beat=5 addr=198a8164 data=902e31feff92f243 id=11
[115000] MASTER 1 W_VALID_RDY Handshake beat=6 wlast=1
[115000] MASTER 0 W_VALID_RDY Handshake beat=4 wlast=0
[115000] MASTER_DRIVER1 received transaction, op=AXI_WRITE
[125000] MASTER 0 W_VALID_RDY Handshake beat=5 wlast=0
[125000] S1 MEMORY WRITE beat=6 addr=198a8166 data=f140ca70d467e7c8 id=11
[135000] SLAVE1 sent B resp, id=1
[135000] [SLAVE MONITOR] mst_id=1 s_id=1 awaddr=198a8168 awid=1 awlen=6 awsize=1 awburst=2 wdata=[c5435593f08877e5 c1a6cc78e532e117 fd872e84cd63ade6 bdec25cbf1add82c d6e0b943c2ca8418 902e31feff92f243 f140ca70d467e7c8 ] wstrb=[ca e0 b3 d de 7b 7d ] bresp=0 bid=10001
[135000] MASTER 1 AW_VALID_RDY Handshake
[135000] MASTER 0 W_VALID_RDY Handshake beat=6 wlast=0
[145000] MASTER 0 W_VALID_RDY Handshake beat=7 wlast=0
[145000] ARB MONITOR: slave=1 m0_req=1 m1_req=1 winner=0
[145000] AXI S1_AWVALID_RDY HANDSHAKE
[145000] SCOREBOARD MATCH: arbitration winner (slave 1) expected = 0, actual =0
[155000] S1 MEMORY WRITE beat=0 addr=1c717d88 data=fbab1a10ef4450c2 id=01
[155000] MASTER 1 W_VALID_RDY Handshake beat=0 wlast=1
[155000] MASTER 1 B_VALID_RDY Handshake
[155000] [MASTER MONITOR] mst_id=1 s_id=1 awaddr=198a8168 awid=1 awlen=6 awsize=1 awburst=2 wdata=[c5435593f08877e5 c1a6cc78e532e117 fd872e84cd63ade6 bdec25cbf1add82c d6e0b943c2ca8418 902e31feff92f243 f140ca70d467e7c8 ] wstrb=[ca e0 b3 d de 7b 7d ] bresp=0 bid=1
[155000] MASTER 1 RECEIVED BRESP. BRESP=0
[155000] [MASTER DRIVER] mst_id=1 s_id=0 awaddr=198a8168 awid=1 awlen=6 awsize=1 awburst=2 wdata=[c5435593f08877e5 c1a6cc78e532e117 fd872e84cd63ade6 bdec25cbf1add82c d6e0b943c2ca8418 902e31feff92f243 f140ca70d467e7c8 ] wstrb=[ca e0 b3 d de 7b 7d ] bresp=0 bid=1
[155000] SCOREBOARD MATCH: decode_err expected = 0, actual =0
[155000] SCOREBOARD MATCH: slave_id expected = 1, actual =1
[155000] SCOREBOARD MATCH: awaddr passthrough expected = 198a8168, actual =198a8168
[155000] SCOREBOARD MATCH: awlen passthrough expected = 6, actual =6
[155000] SCOREBOARD MATCH: awsize passthrough expected = 1, actual =1
[155000] SCOREBOARD MATCH: awburst passthrough expected = 2, actual =2
[155000] SCOREBOARD MATCH: wdata size check expected = 7, actual =7
[155000] SCOREBOARD MATCH: wdata passthrough beat=0 expected = c5435593f08877e5, actual =c5435593f08877e5
[155000] SCOREBOARD MATCH: wdata passthrough beat=1 expected = c1a6cc78e532e117, actual =c1a6cc78e532e117
[155000] SCOREBOARD MATCH: wdata passthrough beat=2 expected = fd872e84cd63ade6, actual =fd872e84cd63ade6
[155000] SCOREBOARD MATCH: wdata passthrough beat=3 expected = bdec25cbf1add82c, actual =bdec25cbf1add82c
[155000] SCOREBOARD MATCH: wdata passthrough beat=4 expected = d6e0b943c2ca8418, actual =d6e0b943c2ca8418
[155000] SCOREBOARD MATCH: wdata passthrough beat=5 expected = 902e31feff92f243, actual =902e31feff92f243
[155000] SCOREBOARD MATCH: wdata passthrough beat=6 expected = f140ca70d467e7c8, actual =f140ca70d467e7c8
[155000] SCOREBOARD MATCH: wstrb size check expected = 7, actual =7
[155000] SCOREBOARD MATCH: wstrb passthrough beat=0 expected = ca, actual =ca
[155000] SCOREBOARD MATCH: wstrb passthrough beat=1 expected = e0, actual =e0
[155000] SCOREBOARD MATCH: wstrb passthrough beat=2 expected = b3, actual =b3
[155000] SCOREBOARD MATCH: wstrb passthrough beat=3 expected = d, actual =d
[155000] SCOREBOARD MATCH: wstrb passthrough beat=4 expected = de, actual =de
[155000] SCOREBOARD MATCH: wstrb passthrough beat=5 expected = 7b, actual =7b
[155000] SCOREBOARD MATCH: wstrb passthrough beat=6 expected = 7d, actual =7d
[155000] SCOREBOARD MATCH: bresp passthrough expected = 0, actual =0
[155000] SCOREBOARD MATCH: response routed to correct master (write) expected = 1, actual =1
[155000] [SCOREBOARD-M] mst_id=1 s_id=1 awaddr=198a8168 awid=1 awlen=6 awsize=1 awburst=2 wdata=[c5435593f08877e5 c1a6cc78e532e117 fd872e84cd63ade6 bdec25cbf1add82c d6e0b943c2ca8418 902e31feff92f243 f140ca70d467e7c8 ] wstrb=[ca e0 b3 d de 7b 7d ] bresp=0 bid=1
[155000] [SCOREBOARD-S] mst_id=1 s_id=1 awaddr=198a8168 awid=1 awlen=6 awsize=1 awburst=2 wdata=[c5435593f08877e5 c1a6cc78e532e117 fd872e84cd63ade6 bdec25cbf1add82c d6e0b943c2ca8418 902e31feff92f243 f140ca70d467e7c8 ] wstrb=[ca e0 b3 d de 7b 7d ] bresp=0 bid=10001
[155000] SCOREBOARD: Transaction 2 received. pass=39 fail=0
[155000] ALL PASS. Total transactions: 2
[165000] MASTER 0 W_VALID_RDY Handshake beat=8 wlast=0
[165000] S1 MEMORY WRITE beat=1 addr=1c717d88 data=fcf38c6dc4075bc9 id=01
[175000] S1 MEMORY WRITE beat=2 addr=1c717d88 data=fd20dcdaf8ce5ed9 id=01
[175000] MASTER 0 W_VALID_RDY Handshake beat=9 wlast=0
[185000] MASTER 0 W_VALID_RDY Handshake beat=10 wlast=0
[185000] S1 MEMORY WRITE beat=3 addr=1c717d88 data=e812af9b1bd0550b id=01
[195000] S1 MEMORY WRITE beat=4 addr=1c717d88 data=dfd7b0d4f8cbf6ea id=01
[195000] MASTER 0 W_VALID_RDY Handshake beat=11 wlast=0
[205000] MASTER 0 W_VALID_RDY Handshake beat=12 wlast=0
[205000] S1 MEMORY WRITE beat=5 addr=1c717d88 data=f19a55c3e5063c09 id=01
[215000] S1 MEMORY WRITE beat=6 addr=1c717d88 data=00d69114dcf88dae id=01
[215000] MASTER 0 W_VALID_RDY Handshake beat=13 wlast=1
[215000] MASTER_DRIVER0 received transaction, op=AXI_WRITE
[225000] S1 MEMORY WRITE beat=7 addr=1c717d88 data=d5c48498d9ad055e id=01
[235000] S1 MEMORY WRITE beat=8 addr=1c717d88 data=beb34167e0ae41e8 id=01
[235000] MASTER 0 AW_VALID_RDY Handshake
[245000] S1 MEMORY WRITE beat=9 addr=1c717d88 data=3da6cf97c75eda5b id=01
[255000] S1 MEMORY WRITE beat=10 addr=1c717d88 data=210bdfbabf89d27b id=01
[255000] MASTER 0 W_VALID_RDY Handshake beat=0 wlast=0
[265000] MASTER 0 W_VALID_RDY Handshake beat=1 wlast=0
[265000] S1 MEMORY WRITE beat=11 addr=1c717d88 data=20381464936b542f id=01
[275000] S1 MEMORY WRITE beat=12 addr=1c717d88 data=daca2e8bdfbf2121 id=01
[275000] MASTER 0 W_VALID_RDY Handshake beat=2 wlast=0
[285000] MASTER 0 W_VALID_RDY Handshake beat=3 wlast=0
[285000] S1 MEMORY WRITE beat=13 addr=1c717d88 data=1f48f39ddddee3fb id=01
[295000] AXI S0_AWVALID_RDY HANDSHAKE
[295000] SLAVE1 sent B resp, id=1
[295000] [SLAVE MONITOR] mst_id=0 s_id=1 awaddr=1c717d88 awid=1 awlen=13 awsize=6 awburst=0 wdata=[fbab1a10ef4450c2 fcf38c6dc4075bc9 fd20dcdaf8ce5ed9 e812af9b1bd0550b dfd7b0d4f8cbf6ea f19a55c3e5063c09 d69114dcf88dae d5c48498d9ad055e beb34167e0ae41e8 3da6cf97c75eda5b 210bdfbabf89d27b 20381464936b542f daca2e8bdfbf2121 1f48f39ddddee3fb ] wstrb=[45 2a 1 66 b5 fc 3 fa 26 4 61 dc 0 64 ] bresp=0 bid=1
[295000] ARB MONITOR: slave=0 m0_req=1 m1_req=0 winner=0
[295000] MASTER 0 W_VALID_RDY Handshake beat=4 wlast=0
[305000] MASTER 0 W_VALID_RDY Handshake beat=5 wlast=0
[305000] ARB MONITOR: slave=1 m0_req=0 m1_req=1 winner=1
[305000] AXI S1_AWVALID_RDY HANDSHAKE
[305000] AXI S0_WVALID_RDY HANDSHAKE
[305000] S0 MEMORY WRITE beat=0 addr=04e9a718 data=9a50475610147e14 id=06
[315000] AXI S0_WVALID_RDY HANDSHAKE
[315000] S0 MEMORY WRITE beat=1 addr=04e9a758 data=2a95f5612c7c400b id=06
[315000] S1 MEMORY WRITE beat=0 addr=1d671fa8 data=ad4ac0df3d2000ab id=11
[315000] MASTER 0 W_VALID_RDY Handshake beat=6 wlast=0
[315000] MASTER 0 B_VALID_RDY Handshake
[315000] [MASTER MONITOR] mst_id=0 s_id=1 awaddr=1c717d88 awid=1 awlen=13 awsize=6 awburst=0 wdata=[fbab1a10ef4450c2 fcf38c6dc4075bc9 fd20dcdaf8ce5ed9 e812af9b1bd0550b dfd7b0d4f8cbf6ea f19a55c3e5063c09 d69114dcf88dae d5c48498d9ad055e beb34167e0ae41e8 3da6cf97c75eda5b 210bdfbabf89d27b 20381464936b542f daca2e8bdfbf2121 1f48f39ddddee3fb ] wstrb=[45 2a 1 66 b5 fc 3 fa 26 4 61 dc 0 64 ] bresp=0 bid=1
[315000] MASTER 0 RECEIVED BRESP. BRESP=0
[315000] [MASTER DRIVER] mst_id=0 s_id=0 awaddr=1c717d88 awid=1 awlen=13 awsize=6 awburst=0 wdata=[fbab1a10ef4450c2 fcf38c6dc4075bc9 fd20dcdaf8ce5ed9 e812af9b1bd0550b dfd7b0d4f8cbf6ea f19a55c3e5063c09 d69114dcf88dae d5c48498d9ad055e beb34167e0ae41e8 3da6cf97c75eda5b 210bdfbabf89d27b 20381464936b542f daca2e8bdfbf2121 1f48f39ddddee3fb ] wstrb=[45 2a 1 66 b5 fc 3 fa 26 4 61 dc 0 64 ] bresp=0 bid=1
[315000] SCOREBOARD MATCH: decode_err expected = 0, actual =0
[315000] SCOREBOARD MATCH: slave_id expected = 1, actual =1
[315000] SCOREBOARD MATCH: awaddr passthrough expected = 1c717d88, actual =1c717d88
[315000] SCOREBOARD MATCH: awlen passthrough expected = 13, actual =13
[315000] SCOREBOARD MATCH: awsize passthrough expected = 6, actual =6
[315000] SCOREBOARD MATCH: awburst passthrough expected = 0, actual =0
[315000] SCOREBOARD MATCH: wdata size check expected = e, actual =e
[315000] SCOREBOARD MATCH: wdata passthrough beat=0 expected = fbab1a10ef4450c2, actual =fbab1a10ef4450c2
[315000] SCOREBOARD MATCH: wdata passthrough beat=1 expected = fcf38c6dc4075bc9, actual =fcf38c6dc4075bc9
[315000] SCOREBOARD MATCH: wdata passthrough beat=2 expected = fd20dcdaf8ce5ed9, actual =fd20dcdaf8ce5ed9
[315000] SCOREBOARD MATCH: wdata passthrough beat=3 expected = e812af9b1bd0550b, actual =e812af9b1bd0550b
[315000] SCOREBOARD MATCH: wdata passthrough beat=4 expected = dfd7b0d4f8cbf6ea, actual =dfd7b0d4f8cbf6ea
[315000] SCOREBOARD MATCH: wdata passthrough beat=5 expected = f19a55c3e5063c09, actual =f19a55c3e5063c09
[315000] SCOREBOARD MATCH: wdata passthrough beat=6 expected = d69114dcf88dae, actual =d69114dcf88dae
[315000] SCOREBOARD MATCH: wdata passthrough beat=7 expected = d5c48498d9ad055e, actual =d5c48498d9ad055e
[315000] SCOREBOARD MATCH: wdata passthrough beat=8 expected = beb34167e0ae41e8, actual =beb34167e0ae41e8
[315000] SCOREBOARD MATCH: wdata passthrough beat=9 expected = 3da6cf97c75eda5b, actual =3da6cf97c75eda5b
[315000] SCOREBOARD MATCH: wdata passthrough beat=10 expected = 210bdfbabf89d27b, actual =210bdfbabf89d27b
[315000] SCOREBOARD MATCH: wdata passthrough beat=11 expected = 20381464936b542f, actual =20381464936b542f
[315000] SCOREBOARD MATCH: wdata passthrough beat=12 expected = daca2e8bdfbf2121, actual =daca2e8bdfbf2121
[315000] SCOREBOARD MATCH: wdata passthrough beat=13 expected = 1f48f39ddddee3fb, actual =1f48f39ddddee3fb
[315000] SCOREBOARD MATCH: wstrb size check expected = e, actual =e
[315000] SCOREBOARD MATCH: wstrb passthrough beat=0 expected = 45, actual =45
[315000] SCOREBOARD MATCH: wstrb passthrough beat=1 expected = 2a, actual =2a
[315000] SCOREBOARD MATCH: wstrb passthrough beat=2 expected = 1, actual =1
[315000] SCOREBOARD MATCH: wstrb passthrough beat=3 expected = 66, actual =66
[315000] SCOREBOARD MATCH: wstrb passthrough beat=4 expected = b5, actual =b5
[315000] SCOREBOARD MATCH: wstrb passthrough beat=5 expected = fc, actual =fc
[315000] SCOREBOARD MATCH: wstrb passthrough beat=6 expected = 3, actual =3
[315000] SCOREBOARD MATCH: wstrb passthrough beat=7 expected = fa, actual =fa
[315000] SCOREBOARD MATCH: wstrb passthrough beat=8 expected = 26, actual =26
[315000] SCOREBOARD MATCH: wstrb passthrough beat=9 expected = 4, actual =4
[315000] SCOREBOARD MATCH: wstrb passthrough beat=10 expected = 61, actual =61
[315000] SCOREBOARD MATCH: wstrb passthrough beat=11 expected = dc, actual =dc
[315000] SCOREBOARD MATCH: wstrb passthrough beat=12 expected = 0, actual =0
[315000] SCOREBOARD MATCH: wstrb passthrough beat=13 expected = 64, actual =64
[315000] SCOREBOARD MATCH: bresp passthrough expected = 0, actual =0
[315000] SCOREBOARD MATCH: response routed to correct master (write) expected = 0, actual =0
[315000] [SCOREBOARD-M] mst_id=0 s_id=1 awaddr=1c717d88 awid=1 awlen=13 awsize=6 awburst=0 wdata=[fbab1a10ef4450c2 fcf38c6dc4075bc9 fd20dcdaf8ce5ed9 e812af9b1bd0550b dfd7b0d4f8cbf6ea f19a55c3e5063c09 d69114dcf88dae d5c48498d9ad055e beb34167e0ae41e8 3da6cf97c75eda5b 210bdfbabf89d27b 20381464936b542f daca2e8bdfbf2121 1f48f39ddddee3fb ] wstrb=[45 2a 1 66 b5 fc 3 fa 26 4 61 dc 0 64 ] bresp=0 bid=1
[315000] [SCOREBOARD-S] mst_id=0 s_id=1 awaddr=1c717d88 awid=1 awlen=13 awsize=6 awburst=0 wdata=[fbab1a10ef4450c2 fcf38c6dc4075bc9 fd20dcdaf8ce5ed9 e812af9b1bd0550b dfd7b0d4f8cbf6ea f19a55c3e5063c09 d69114dcf88dae d5c48498d9ad055e beb34167e0ae41e8 3da6cf97c75eda5b 210bdfbabf89d27b 20381464936b542f daca2e8bdfbf2121 1f48f39ddddee3fb ] wstrb=[45 2a 1 66 b5 fc 3 fa 26 4 61 dc 0 64 ] bresp=0 bid=1
[315000] SCOREBOARD: Transaction 3 received. pass=77 fail=0
[315000] ALL PASS. Total transactions: 3
[325000] MASTER 0 W_VALID_RDY Handshake beat=7 wlast=0
[325000] SLAVE1 sent B resp, id=1
[325000] AXI S0_WVALID_RDY HANDSHAKE
[325000] S0 MEMORY WRITE beat=2 addr=04e9a798 data=1283872d14ccf51a id=06
[335000] AXI S0_WVALID_RDY HANDSHAKE
[335000] S0 MEMORY WRITE beat=3 addr=04e9a7d8 data=24e1732ec3b22360 id=06
[335000] [SLAVE MONITOR] mst_id=1 s_id=1 awaddr=1d671fa8 awid=1 awlen=0 awsize=5 awburst=2 wdata=[ad4ac0df3d2000ab ] wstrb=[3e ] bresp=0 bid=10001
[335000] MASTER 0 W_VALID_RDY Handshake beat=8 wlast=0
[345000] MASTER 1 RECEIVED BRESP. BRESP=0
[345000] [MASTER DRIVER] mst_id=1 s_id=0 awaddr=1d671fa8 awid=1 awlen=0 awsize=5 awburst=2 wdata=[ad4ac0df3d2000ab ] wstrb=[3e ] bresp=0 bid=1
[345000] MASTER 0 W_VALID_RDY Handshake beat=9 wlast=0
[345000] MASTER 1 B_VALID_RDY Handshake
[345000] [MASTER MONITOR] mst_id=1 s_id=1 awaddr=1d671fa8 awid=1 awlen=0 awsize=5 awburst=2 wdata=[ad4ac0df3d2000ab ] wstrb=[3e ] bresp=0 bid=1
[345000] AXI S0_WVALID_RDY HANDSHAKE
[345000] S0 MEMORY WRITE beat=4 addr=04e9a818 data=f02e636bacd3ce83 id=06
[345000] SCOREBOARD MATCH: decode_err expected = 0, actual =0
[345000] SCOREBOARD MATCH: slave_id expected = 1, actual =1
[345000] SCOREBOARD MATCH: awaddr passthrough expected = 1d671fa8, actual =1d671fa8
[345000] SCOREBOARD MATCH: awlen passthrough expected = 0, actual =0
[345000] SCOREBOARD MATCH: awsize passthrough expected = 5, actual =5
[345000] SCOREBOARD MATCH: awburst passthrough expected = 2, actual =2
[345000] SCOREBOARD MATCH: wdata size check expected = 1, actual =1
[345000] SCOREBOARD MATCH: wdata passthrough beat=0 expected = ad4ac0df3d2000ab, actual =ad4ac0df3d2000ab
[345000] SCOREBOARD MATCH: wstrb size check expected = 1, actual =1
[345000] SCOREBOARD MATCH: wstrb passthrough beat=0 expected = 3e, actual =3e
[345000] SCOREBOARD MATCH: bresp passthrough expected = 0, actual =0
[345000] SCOREBOARD MATCH: response routed to correct master (write) expected = 1, actual =1
[345000] [SCOREBOARD-M] mst_id=1 s_id=1 awaddr=1d671fa8 awid=1 awlen=0 awsize=5 awburst=2 wdata=[ad4ac0df3d2000ab ] wstrb=[3e ] bresp=0 bid=1
[345000] [SCOREBOARD-S] mst_id=1 s_id=1 awaddr=1d671fa8 awid=1 awlen=0 awsize=5 awburst=2 wdata=[ad4ac0df3d2000ab ] wstrb=[3e ] bresp=0 bid=10001
[345000] SCOREBOARD: Transaction 4 received. pass=89 fail=0
[345000] ALL PASS. Total transactions: 4
[355000] AXI S0_WVALID_RDY HANDSHAKE
[355000] S0 MEMORY WRITE beat=5 addr=04e9a858 data=c1a0c39dcf77688f id=06
[355000] MASTER 0 W_VALID_RDY Handshake beat=10 wlast=0
[365000] MASTER 0 W_VALID_RDY Handshake beat=11 wlast=0
[365000] AXI S0_WVALID_RDY HANDSHAKE
[365000] S0 MEMORY WRITE beat=6 addr=04e9a898 data=93298bef82b1ea98 id=06
[375000] AXI S0_WVALID_RDY HANDSHAKE
[375000] S0 MEMORY WRITE beat=7 addr=04e9a8d8 data=2f85b91ce68236cb id=06
[375000] MASTER 0 W_VALID_RDY Handshake beat=12 wlast=0
[385000] MASTER 0 W_VALID_RDY Handshake beat=13 wlast=0
[385000] AXI S0_WVALID_RDY HANDSHAKE
[385000] S0 MEMORY WRITE beat=8 addr=04e9a918 data=b5f99f5a0357ef5b id=06
[395000] AXI S0_WVALID_RDY HANDSHAKE
[395000] S0 MEMORY WRITE beat=9 addr=04e9a958 data=8609d9f3f1267cb9 id=06
[395000] MASTER 0 W_VALID_RDY Handshake beat=14 wlast=0
[405000] MASTER 0 W_VALID_RDY Handshake beat=15 wlast=0
[405000] AXI S0_WVALID_RDY HANDSHAKE
[405000] S0 MEMORY WRITE beat=10 addr=04e9a998 data=d7a8b385c9232b4a id=06
[415000] AXI S0_WVALID_RDY HANDSHAKE
[415000] S0 MEMORY WRITE beat=11 addr=04e9a9d8 data=cc7b1aa5b58f930f id=06
[415000] MASTER 0 W_VALID_RDY Handshake beat=16 wlast=0
[425000] MASTER 0 W_VALID_RDY Handshake beat=17 wlast=0
[425000] AXI S0_WVALID_RDY HANDSHAKE
[425000] S0 MEMORY WRITE beat=12 addr=04e9aa18 data=26b60fc98da252df id=06
[435000] AXI S0_WVALID_RDY HANDSHAKE
[435000] S0 MEMORY WRITE beat=13 addr=04e9aa58 data=d6c57e29d284f498 id=06
[435000] MASTER 0 W_VALID_RDY Handshake beat=18 wlast=0
[445000] MASTER 0 W_VALID_RDY Handshake beat=19 wlast=0
[445000] AXI S0_WVALID_RDY HANDSHAKE
[445000] S0 MEMORY WRITE beat=14 addr=04e9aa98 data=081487a8fe5ec34e id=06
[455000] AXI S0_WVALID_RDY HANDSHAKE
[455000] S0 MEMORY WRITE beat=15 addr=04e9aad8 data=8c01162da34098ce id=06
[455000] MASTER 0 W_VALID_RDY Handshake beat=20 wlast=0
[465000] MASTER 0 W_VALID_RDY Handshake beat=21 wlast=0
[465000] AXI S0_WVALID_RDY HANDSHAKE
[465000] S0 MEMORY WRITE beat=16 addr=04e9ab18 data=f5c58d672eca9771 id=06
[475000] AXI S0_WVALID_RDY HANDSHAKE
[475000] S0 MEMORY WRITE beat=17 addr=04e9ab58 data=2d295abfe2c69457 id=06
[475000] MASTER 0 W_VALID_RDY Handshake beat=22 wlast=0
[485000] MASTER 0 W_VALID_RDY Handshake beat=23 wlast=0
[485000] AXI S0_WVALID_RDY HANDSHAKE
[485000] S0 MEMORY WRITE beat=18 addr=04e9ab98 data=86072d25fdda150f id=06
[495000] AXI S0_WVALID_RDY HANDSHAKE
[495000] S0 MEMORY WRITE beat=19 addr=04e9abd8 data=2ca4ac80b92a70ec id=06
[495000] MASTER 0 W_VALID_RDY Handshake beat=24 wlast=0
[505000] MASTER 0 W_VALID_RDY Handshake beat=25 wlast=0
[505000] AXI S0_WVALID_RDY HANDSHAKE
[505000] S0 MEMORY WRITE beat=20 addr=04e9ac18 data=9bf10543fbccba8c id=06
[515000] AXI S0_WVALID_RDY HANDSHAKE
[515000] S0 MEMORY WRITE beat=21 addr=04e9ac58 data=f9a6cf9bd9ce073f id=06
[515000] MASTER 0 W_VALID_RDY Handshake beat=26 wlast=0
[525000] MASTER 0 W_VALID_RDY Handshake beat=27 wlast=0
[525000] AXI S0_WVALID_RDY HANDSHAKE
[525000] S0 MEMORY WRITE beat=22 addr=04e9ac98 data=92f8782b21f83269 id=06
[535000] AXI S0_WVALID_RDY HANDSHAKE
[535000] S0 MEMORY WRITE beat=23 addr=04e9acd8 data=9dc4ecf5a64b7c1b id=06
[535000] MASTER 0 W_VALID_RDY Handshake beat=28 wlast=0
[545000] MASTER 0 W_VALID_RDY Handshake beat=29 wlast=0
[545000] AXI S0_WVALID_RDY HANDSHAKE
[545000] S0 MEMORY WRITE beat=24 addr=04e9ad18 data=8019835a2ee97d6f id=06
[555000] AXI S0_WVALID_RDY HANDSHAKE
[555000] S0 MEMORY WRITE beat=25 addr=04e9ad58 data=d0e1afd8176bbc91 id=06
[555000] MASTER 0 W_VALID_RDY Handshake beat=30 wlast=0
[565000] MASTER 0 W_VALID_RDY Handshake beat=31 wlast=0
[565000] AXI S0_WVALID_RDY HANDSHAKE
[565000] S0 MEMORY WRITE beat=26 addr=04e9ad98 data=bdb738ac1311fb86 id=06
[575000] AXI S0_WVALID_RDY HANDSHAKE
[575000] S0 MEMORY WRITE beat=27 addr=04e9add8 data=c1fb78f5eea69ccd id=06
[575000] MASTER 0 W_VALID_RDY Handshake beat=32 wlast=0
[585000] MASTER 0 W_VALID_RDY Handshake beat=33 wlast=0
[585000] AXI S0_WVALID_RDY HANDSHAKE
[585000] S0 MEMORY WRITE beat=28 addr=04e9ae18 data=8612595e3dd0bc07 id=06
[595000] AXI S0_WVALID_RDY HANDSHAKE
[595000] S0 MEMORY WRITE beat=29 addr=04e9ae58 data=d0e2b78d12dd28cd id=06
[595000] MASTER 0 W_VALID_RDY Handshake beat=34 wlast=0
[605000] MASTER 0 W_VALID_RDY Handshake beat=35 wlast=0
[605000] AXI S0_WVALID_RDY HANDSHAKE
[605000] S0 MEMORY WRITE beat=30 addr=04e9ae98 data=8183c59ac3c9920b id=06
[615000] AXI S0_WVALID_RDY HANDSHAKE
[615000] S0 MEMORY WRITE beat=31 addr=04e9aed8 data=019a4e1212de3082 id=06
[615000] MASTER 0 W_VALID_RDY Handshake beat=36 wlast=0
[625000] MASTER 0 W_VALID_RDY Handshake beat=37 wlast=0
[625000] AXI S0_WVALID_RDY HANDSHAKE
[625000] S0 MEMORY WRITE beat=32 addr=04e9af18 data=25bb594f07961ef9 id=06
[635000] AXI S0_WVALID_RDY HANDSHAKE
[635000] S0 MEMORY WRITE beat=33 addr=04e9af58 data=cb5fb104d27d059f id=06
[635000] MASTER 0 W_VALID_RDY Handshake beat=38 wlast=0
[645000] MASTER 0 W_VALID_RDY Handshake beat=39 wlast=0
[645000] AXI S0_WVALID_RDY HANDSHAKE
[645000] S0 MEMORY WRITE beat=34 addr=04e9af98 data=e55b3621a73f1ee9 id=06
[655000] AXI S0_WVALID_RDY HANDSHAKE
[655000] S0 MEMORY WRITE beat=35 addr=04e9afd8 data=aed53de2ccf9ff16 id=06
[655000] MASTER 0 W_VALID_RDY Handshake beat=40 wlast=0
[665000] MASTER 0 W_VALID_RDY Handshake beat=41 wlast=0
[665000] AXI S0_WVALID_RDY HANDSHAKE
[665000] S0 MEMORY WRITE beat=36 addr=04e9b018 data=1f7704b50b168f70 id=06
[675000] AXI S0_WVALID_RDY HANDSHAKE
[675000] S0 MEMORY WRITE beat=37 addr=04e9b058 data=b255ae59fa34eee6 id=06
[675000] MASTER 0 W_VALID_RDY Handshake beat=42 wlast=0
[685000] MASTER 0 W_VALID_RDY Handshake beat=43 wlast=0
[685000] AXI S0_WVALID_RDY HANDSHAKE
[685000] S0 MEMORY WRITE beat=38 addr=04e9b098 data=c72eedfc04d23ad6 id=06
[695000] AXI S0_WVALID_RDY HANDSHAKE
[695000] S0 MEMORY WRITE beat=39 addr=04e9b0d8 data=0fe8ca46e12aec3c id=06
[695000] MASTER 0 W_VALID_RDY Handshake beat=44 wlast=0
[705000] MASTER 0 W_VALID_RDY Handshake beat=45 wlast=0
[705000] AXI S0_WVALID_RDY HANDSHAKE
[705000] S0 MEMORY WRITE beat=40 addr=04e9b118 data=db5fdb22e6a5f2b1 id=06
[715000] AXI S0_WVALID_RDY HANDSHAKE
[715000] S0 MEMORY WRITE beat=41 addr=04e9b158 data=eb782d87c23e789f id=06
[715000] MASTER 0 W_VALID_RDY Handshake beat=46 wlast=0
[725000] MASTER 0 W_VALID_RDY Handshake beat=47 wlast=0
[725000] AXI S0_WVALID_RDY HANDSHAKE
[725000] S0 MEMORY WRITE beat=42 addr=04e9b198 data=a36964db228ec91f id=06
[735000] AXI S0_WVALID_RDY HANDSHAKE
[735000] S0 MEMORY WRITE beat=43 addr=04e9b1d8 data=8934bbd0fb60f7cd id=06
[735000] MASTER 0 W_VALID_RDY Handshake beat=48 wlast=0
[745000] MASTER 0 W_VALID_RDY Handshake beat=49 wlast=0
[745000] AXI S0_WVALID_RDY HANDSHAKE
[745000] S0 MEMORY WRITE beat=44 addr=04e9b218 data=3d9f706dfec93ffe id=06
[755000] AXI S0_WVALID_RDY HANDSHAKE
[755000] S0 MEMORY WRITE beat=45 addr=04e9b258 data=2158091df4ace958 id=06
[755000] MASTER 0 W_VALID_RDY Handshake beat=50 wlast=0
[765000] MASTER 0 W_VALID_RDY Handshake beat=51 wlast=0
[765000] AXI S0_WVALID_RDY HANDSHAKE
[765000] S0 MEMORY WRITE beat=46 addr=04e9b298 data=f00de125e108d548 id=06
[775000] AXI S0_WVALID_RDY HANDSHAKE
[775000] S0 MEMORY WRITE beat=47 addr=04e9b2d8 data=dfd21546aa8cc4ed id=06
[775000] MASTER 0 W_VALID_RDY Handshake beat=52 wlast=0
[785000] MASTER 0 W_VALID_RDY Handshake beat=53 wlast=0
[785000] AXI S0_WVALID_RDY HANDSHAKE
[785000] S0 MEMORY WRITE beat=48 addr=04e9b318 data=9f39ae45adad5192 id=06
[795000] AXI S0_WVALID_RDY HANDSHAKE
[795000] S0 MEMORY WRITE beat=49 addr=04e9b358 data=0eb626db812a1e63 id=06
[795000] MASTER 0 W_VALID_RDY Handshake beat=54 wlast=0
[805000] MASTER 0 W_VALID_RDY Handshake beat=55 wlast=0
[805000] AXI S0_WVALID_RDY HANDSHAKE
[805000] S0 MEMORY WRITE beat=50 addr=04e9b398 data=2bb6e3510f478f6b id=06
[815000] AXI S0_WVALID_RDY HANDSHAKE
[815000] S0 MEMORY WRITE beat=51 addr=04e9b3d8 data=bcf4e0fdee883c21 id=06
[815000] MASTER 0 W_VALID_RDY Handshake beat=56 wlast=0
[825000] MASTER 0 W_VALID_RDY Handshake beat=57 wlast=0
[825000] AXI S0_WVALID_RDY HANDSHAKE
[825000] S0 MEMORY WRITE beat=52 addr=04e9b418 data=efb25a85caf09196 id=06
[835000] AXI S0_WVALID_RDY HANDSHAKE
[835000] S0 MEMORY WRITE beat=53 addr=04e9b458 data=da382101cbab07d8 id=06
[835000] MASTER 0 W_VALID_RDY Handshake beat=58 wlast=0
[845000] MASTER 0 W_VALID_RDY Handshake beat=59 wlast=0
[845000] AXI S0_WVALID_RDY HANDSHAKE
[845000] S0 MEMORY WRITE beat=54 addr=04e9b498 data=3a3343fa1b693dd6 id=06
[855000] AXI S0_WVALID_RDY HANDSHAKE
[855000] S0 MEMORY WRITE beat=55 addr=04e9b4d8 data=e659cf6c172d01ff id=06
[855000] MASTER 0 W_VALID_RDY Handshake beat=60 wlast=0
[865000] MASTER 0 W_VALID_RDY Handshake beat=61 wlast=0
[865000] AXI S0_WVALID_RDY HANDSHAKE
[865000] S0 MEMORY WRITE beat=56 addr=04e9b518 data=e2d809d729e59e7f id=06
[875000] AXI S0_WVALID_RDY HANDSHAKE
[875000] S0 MEMORY WRITE beat=57 addr=04e9b558 data=c54edc55c091f06e id=06
[875000] MASTER 0 W_VALID_RDY Handshake beat=62 wlast=0
[885000] MASTER 0 W_VALID_RDY Handshake beat=63 wlast=0
[885000] AXI S0_WVALID_RDY HANDSHAKE
[885000] S0 MEMORY WRITE beat=58 addr=04e9b598 data=d7bef26d9d0b4dd1 id=06
[895000] AXI S0_WVALID_RDY HANDSHAKE
[895000] S0 MEMORY WRITE beat=59 addr=04e9b5d8 data=c6f0ec50aba8abc1 id=06
[895000] MASTER 0 W_VALID_RDY Handshake beat=64 wlast=0
[905000] MASTER 0 W_VALID_RDY Handshake beat=65 wlast=0
[905000] AXI S0_WVALID_RDY HANDSHAKE
[905000] S0 MEMORY WRITE beat=60 addr=04e9b618 data=ec3a9c2fba96fc44 id=06
[915000] AXI S0_WVALID_RDY HANDSHAKE
[915000] S0 MEMORY WRITE beat=61 addr=04e9b658 data=d7a24a168c3fc8a5 id=06
[915000] MASTER 0 W_VALID_RDY Handshake beat=66 wlast=0
[925000] MASTER 0 W_VALID_RDY Handshake beat=67 wlast=0
[925000] AXI S0_WVALID_RDY HANDSHAKE
[925000] S0 MEMORY WRITE beat=62 addr=04e9b698 data=37e87467c3f98e9c id=06
[935000] AXI S0_WVALID_RDY HANDSHAKE
[935000] S0 MEMORY WRITE beat=63 addr=04e9b6d8 data=fe908ae19e933666 id=06
[935000] MASTER 0 W_VALID_RDY Handshake beat=68 wlast=0
[945000] MASTER 0 W_VALID_RDY Handshake beat=69 wlast=0
[945000] AXI S0_WVALID_RDY HANDSHAKE
[945000] S0 MEMORY WRITE beat=64 addr=04e9b718 data=2ad2ff0ca4231096 id=06
[955000] AXI S0_WVALID_RDY HANDSHAKE
[955000] S0 MEMORY WRITE beat=65 addr=04e9b758 data=e81c9f33d632d4f7 id=06
[955000] MASTER 0 W_VALID_RDY Handshake beat=70 wlast=0
[965000] MASTER 0 W_VALID_RDY Handshake beat=71 wlast=0
[965000] AXI S0_WVALID_RDY HANDSHAKE
[965000] S0 MEMORY WRITE beat=66 addr=04e9b798 data=f4c60b5de2bb7373 id=06
[975000] AXI S0_WVALID_RDY HANDSHAKE
[975000] S0 MEMORY WRITE beat=67 addr=04e9b7d8 data=86de8409e6ad2a14 id=06
[975000] MASTER 0 W_VALID_RDY Handshake beat=72 wlast=0
[985000] MASTER 0 W_VALID_RDY Handshake beat=73 wlast=0
[985000] AXI S0_WVALID_RDY HANDSHAKE
[985000] S0 MEMORY WRITE beat=68 addr=04e9b818 data=3cdfff0b9f990a69 id=06
[995000] AXI S0_WVALID_RDY HANDSHAKE
[995000] S0 MEMORY WRITE beat=69 addr=04e9b858 data=82547ddceefb233c id=06
[995000] MASTER 0 W_VALID_RDY Handshake beat=74 wlast=0
[1005000] MASTER 0 W_VALID_RDY Handshake beat=75 wlast=0
[1005000] AXI S0_WVALID_RDY HANDSHAKE
[1005000] S0 MEMORY WRITE beat=70 addr=04e9b898 data=d5a84d50b1a60a68 id=06
[1015000] AXI S0_WVALID_RDY HANDSHAKE
[1015000] S0 MEMORY WRITE beat=71 addr=04e9b8d8 data=d13f14d2093301e6 id=06
[1015000] MASTER 0 W_VALID_RDY Handshake beat=76 wlast=0
[1025000] MASTER 0 W_VALID_RDY Handshake beat=77 wlast=0
[1025000] AXI S0_WVALID_RDY HANDSHAKE
[1025000] S0 MEMORY WRITE beat=72 addr=04e9b918 data=f82e252292884c5b id=06
[1035000] AXI S0_WVALID_RDY HANDSHAKE
[1035000] S0 MEMORY WRITE beat=73 addr=04e9b958 data=c42e56c4d39392ae id=06
[1035000] MASTER 0 W_VALID_RDY Handshake beat=78 wlast=0
[1045000] MASTER 0 W_VALID_RDY Handshake beat=79 wlast=0
[1045000] AXI S0_WVALID_RDY HANDSHAKE
[1045000] S0 MEMORY WRITE beat=74 addr=04e9b998 data=dcc69494cdd67273 id=06
[1055000] AXI S0_WVALID_RDY HANDSHAKE
[1055000] S0 MEMORY WRITE beat=75 addr=04e9b9d8 data=e05ebece156d6b96 id=06
[1055000] MASTER 0 W_VALID_RDY Handshake beat=80 wlast=0
[1065000] MASTER 0 W_VALID_RDY Handshake beat=81 wlast=0
[1065000] AXI S0_WVALID_RDY HANDSHAKE
[1065000] S0 MEMORY WRITE beat=76 addr=04e9ba18 data=e900fe44d4f4b9b7 id=06
[1075000] AXI S0_WVALID_RDY HANDSHAKE
[1075000] S0 MEMORY WRITE beat=77 addr=04e9ba58 data=22cb2c2aa48d1592 id=06
[1075000] MASTER 0 W_VALID_RDY Handshake beat=82 wlast=0
[1085000] MASTER 0 W_VALID_RDY Handshake beat=83 wlast=0
[1085000] AXI S0_WVALID_RDY HANDSHAKE
[1085000] S0 MEMORY WRITE beat=78 addr=04e9ba98 data=b9fa8128c5c792d9 id=06
[1095000] AXI S0_WVALID_RDY HANDSHAKE
[1095000] S0 MEMORY WRITE beat=79 addr=04e9bad8 data=1abc4c908329eaf8 id=06
[1095000] MASTER 0 W_VALID_RDY Handshake beat=84 wlast=0
[1105000] MASTER 0 W_VALID_RDY Handshake beat=85 wlast=0
[1105000] AXI S0_WVALID_RDY HANDSHAKE
[1105000] S0 MEMORY WRITE beat=80 addr=04e9bb18 data=27b7008b22fb7f6d id=06
[1115000] AXI S0_WVALID_RDY HANDSHAKE
[1115000] S0 MEMORY WRITE beat=81 addr=04e9bb58 data=e8c312463d8778ba id=06
[1115000] MASTER 0 W_VALID_RDY Handshake beat=86 wlast=0
[1125000] MASTER 0 W_VALID_RDY Handshake beat=87 wlast=0
[1125000] AXI S0_WVALID_RDY HANDSHAKE
[1125000] S0 MEMORY WRITE beat=82 addr=04e9bb98 data=c0b163b2e1b181b3 id=06
[1135000] AXI S0_WVALID_RDY HANDSHAKE
[1135000] S0 MEMORY WRITE beat=83 addr=04e9bbd8 data=84ad0120037f5ed6 id=06
[1135000] MASTER 0 W_VALID_RDY Handshake beat=88 wlast=0
[1145000] MASTER 0 W_VALID_RDY Handshake beat=89 wlast=0
[1145000] AXI S0_WVALID_RDY HANDSHAKE
[1145000] S0 MEMORY WRITE beat=84 addr=04e9bc18 data=c106d790e868643d id=06
[1155000] AXI S0_WVALID_RDY HANDSHAKE
[1155000] S0 MEMORY WRITE beat=85 addr=04e9bc58 data=ca19e5f1ed701366 id=06
[1155000] MASTER 0 W_VALID_RDY Handshake beat=90 wlast=0
[1165000] MASTER 0 W_VALID_RDY Handshake beat=91 wlast=0
[1165000] AXI S0_WVALID_RDY HANDSHAKE
[1165000] S0 MEMORY WRITE beat=86 addr=04e9bc98 data=f0ef723c81b83b42 id=06
[1175000] AXI S0_WVALID_RDY HANDSHAKE
[1175000] S0 MEMORY WRITE beat=87 addr=04e9bcd8 data=ea209f80cec6e711 id=06
[1175000] MASTER 0 W_VALID_RDY Handshake beat=92 wlast=0
[1185000] MASTER 0 W_VALID_RDY Handshake beat=93 wlast=0
[1185000] AXI S0_WVALID_RDY HANDSHAKE
[1185000] S0 MEMORY WRITE beat=88 addr=04e9bd18 data=3c36fa78b1f649cc id=06
[1195000] AXI S0_WVALID_RDY HANDSHAKE
[1195000] S0 MEMORY WRITE beat=89 addr=04e9bd58 data=33ae850f343a8571 id=06
[1195000] MASTER 0 W_VALID_RDY Handshake beat=94 wlast=0
[1205000] MASTER 0 W_VALID_RDY Handshake beat=95 wlast=0
[1205000] AXI S0_WVALID_RDY HANDSHAKE
[1205000] S0 MEMORY WRITE beat=90 addr=04e9bd98 data=83016c82ad266cb4 id=06
[1215000] AXI S0_WVALID_RDY HANDSHAKE
[1215000] S0 MEMORY WRITE beat=91 addr=04e9bdd8 data=df1cb6811dcf248f id=06
[1215000] MASTER 0 W_VALID_RDY Handshake beat=96 wlast=0
[1225000] MASTER 0 W_VALID_RDY Handshake beat=97 wlast=0
[1225000] AXI S0_WVALID_RDY HANDSHAKE
[1225000] S0 MEMORY WRITE beat=92 addr=04e9be18 data=d209aa00bf3866fa id=06
[1235000] AXI S0_WVALID_RDY HANDSHAKE
[1235000] S0 MEMORY WRITE beat=93 addr=04e9be58 data=ec5ed3af12cb3b90 id=06
[1235000] MASTER 0 W_VALID_RDY Handshake beat=98 wlast=0
[1245000] MASTER 0 W_VALID_RDY Handshake beat=99 wlast=0
[1245000] AXI S0_WVALID_RDY HANDSHAKE
[1245000] S0 MEMORY WRITE beat=94 addr=04e9be98 data=309a601fd50b1682 id=06
[1255000] AXI S0_WVALID_RDY HANDSHAKE
[1255000] S0 MEMORY WRITE beat=95 addr=04e9bed8 data=14437d7dcb7b8a30 id=06
[1255000] MASTER 0 W_VALID_RDY Handshake beat=100 wlast=0
[1265000] MASTER 0 W_VALID_RDY Handshake beat=101 wlast=0
[1265000] AXI S0_WVALID_RDY HANDSHAKE
[1265000] S0 MEMORY WRITE beat=96 addr=04e9bf18 data=de46c5c002a40a1f id=06
[1275000] AXI S0_WVALID_RDY HANDSHAKE
[1275000] S0 MEMORY WRITE beat=97 addr=04e9bf58 data=d7af20a100a2512c id=06
[1275000] MASTER 0 W_VALID_RDY Handshake beat=102 wlast=0
[1285000] MASTER 0 W_VALID_RDY Handshake beat=103 wlast=0
[1285000] AXI S0_WVALID_RDY HANDSHAKE
[1285000] S0 MEMORY WRITE beat=98 addr=04e9bf98 data=cc1ddb5c0ee125df id=06
[1295000] AXI S0_WVALID_RDY HANDSHAKE
[1295000] S0 MEMORY WRITE beat=99 addr=04e9bfd8 data=11852ffeebf29e1e id=06
[1295000] MASTER 0 W_VALID_RDY Handshake beat=104 wlast=0
[1305000] MASTER 0 W_VALID_RDY Handshake beat=105 wlast=0
[1305000] AXI S0_WVALID_RDY HANDSHAKE
[1305000] S0 MEMORY WRITE beat=100 addr=04e9c018 data=ec94ef4a2a64a11c id=06
[1315000] AXI S0_WVALID_RDY HANDSHAKE
[1315000] S0 MEMORY WRITE beat=101 addr=04e9c058 data=3945c6fbe934509f id=06
[1315000] MASTER 0 W_VALID_RDY Handshake beat=106 wlast=0
[1325000] MASTER 0 W_VALID_RDY Handshake beat=107 wlast=0
[1325000] AXI S0_WVALID_RDY HANDSHAKE
[1325000] S0 MEMORY WRITE beat=102 addr=04e9c098 data=d526eebeb8b2caa6 id=06
[1335000] AXI S0_WVALID_RDY HANDSHAKE
[1335000] S0 MEMORY WRITE beat=103 addr=04e9c0d8 data=e3176bc2cacaf6f9 id=06
[1335000] MASTER 0 W_VALID_RDY Handshake beat=108 wlast=0
[1345000] MASTER 0 W_VALID_RDY Handshake beat=109 wlast=0
[1345000] AXI S0_WVALID_RDY HANDSHAKE
[1345000] S0 MEMORY WRITE beat=104 addr=04e9c118 data=b3ff4798c1bbde08 id=06
[1355000] AXI S0_WVALID_RDY HANDSHAKE
[1355000] S0 MEMORY WRITE beat=105 addr=04e9c158 data=fa6ea8af9c5d32bd id=06
[1355000] MASTER 0 W_VALID_RDY Handshake beat=110 wlast=0
[1365000] MASTER 0 W_VALID_RDY Handshake beat=111 wlast=0
[1365000] AXI S0_WVALID_RDY HANDSHAKE
[1365000] S0 MEMORY WRITE beat=106 addr=04e9c198 data=e72829b689263656 id=06
[1375000] AXI S0_WVALID_RDY HANDSHAKE
[1375000] S0 MEMORY WRITE beat=107 addr=04e9c1d8 data=cae2145fdd861471 id=06
[1375000] MASTER 0 W_VALID_RDY Handshake beat=112 wlast=0
[1385000] MASTER 0 W_VALID_RDY Handshake beat=113 wlast=0
[1385000] AXI S0_WVALID_RDY HANDSHAKE
[1385000] S0 MEMORY WRITE beat=108 addr=04e9c218 data=f9e3472f1b27714f id=06
[1395000] AXI S0_WVALID_RDY HANDSHAKE
[1395000] S0 MEMORY WRITE beat=109 addr=04e9c258 data=a44da7a5c550bd0e id=06
[1395000] MASTER 0 W_VALID_RDY Handshake beat=114 wlast=0
[1405000] MASTER 0 W_VALID_RDY Handshake beat=115 wlast=0
[1405000] AXI S0_WVALID_RDY HANDSHAKE
[1405000] S0 MEMORY WRITE beat=110 addr=04e9c298 data=a2d6d17fe10b70e5 id=06
[1415000] AXI S0_WVALID_RDY HANDSHAKE
[1415000] S0 MEMORY WRITE beat=111 addr=04e9c2d8 data=fc32e234ef2fbc04 id=06
[1415000] MASTER 0 W_VALID_RDY Handshake beat=116 wlast=0
[1425000] MASTER 0 W_VALID_RDY Handshake beat=117 wlast=0
[1425000] AXI S0_WVALID_RDY HANDSHAKE
[1425000] S0 MEMORY WRITE beat=112 addr=04e9c318 data=b48079129cba18ae id=06
[1435000] AXI S0_WVALID_RDY HANDSHAKE
[1435000] S0 MEMORY WRITE beat=113 addr=04e9c358 data=fdc58994208089da id=06
[1435000] MASTER 0 W_VALID_RDY Handshake beat=118 wlast=0
[1445000] MASTER 0 W_VALID_RDY Handshake beat=119 wlast=0
[1445000] AXI S0_WVALID_RDY HANDSHAKE
[1445000] S0 MEMORY WRITE beat=114 addr=04e9c398 data=8fb045ded7574a92 id=06
[1455000] AXI S0_WVALID_RDY HANDSHAKE
[1455000] S0 MEMORY WRITE beat=115 addr=04e9c3d8 data=f4116340f9f86bc8 id=06
[1455000] MASTER 0 W_VALID_RDY Handshake beat=120 wlast=0
[1465000] MASTER 0 W_VALID_RDY Handshake beat=121 wlast=0
[1465000] AXI S0_WVALID_RDY HANDSHAKE
[1465000] S0 MEMORY WRITE beat=116 addr=04e9c418 data=9a78f5a2c430bef1 id=06
[1475000] AXI S0_WVALID_RDY HANDSHAKE
[1475000] S0 MEMORY WRITE beat=117 addr=04e9c458 data=1b880983f1d6ecd4 id=06
[1475000] MASTER 0 W_VALID_RDY Handshake beat=122 wlast=0
[1485000] MASTER 0 W_VALID_RDY Handshake beat=123 wlast=0
[1485000] AXI S0_WVALID_RDY HANDSHAKE
[1485000] S0 MEMORY WRITE beat=118 addr=04e9c498 data=ebcf589d2a293b81 id=06
[1495000] AXI S0_WVALID_RDY HANDSHAKE
[1495000] S0 MEMORY WRITE beat=119 addr=04e9c4d8 data=ee59fa728f996cc3 id=06
[1495000] MASTER 0 W_VALID_RDY Handshake beat=124 wlast=0
[1505000] MASTER 0 W_VALID_RDY Handshake beat=125 wlast=0
[1505000] AXI S0_WVALID_RDY HANDSHAKE
[1505000] S0 MEMORY WRITE beat=120 addr=04e9c518 data=0170599886484e3f id=06
[1515000] AXI S0_WVALID_RDY HANDSHAKE
[1515000] S0 MEMORY WRITE beat=121 addr=04e9c558 data=b07189c009e203f5 id=06
[1515000] MASTER 0 W_VALID_RDY Handshake beat=126 wlast=0
[1525000] MASTER 0 W_VALID_RDY Handshake beat=127 wlast=0
[1525000] AXI S0_WVALID_RDY HANDSHAKE
[1525000] S0 MEMORY WRITE beat=122 addr=04e9c598 data=997b70b8ed3fb235 id=06
[1535000] AXI S0_WVALID_RDY HANDSHAKE
[1535000] S0 MEMORY WRITE beat=123 addr=04e9c5d8 data=f38800749ecb8432 id=06
[1535000] MASTER 0 W_VALID_RDY Handshake beat=128 wlast=0
[1545000] MASTER 0 W_VALID_RDY Handshake beat=129 wlast=0
[1545000] AXI S0_WVALID_RDY HANDSHAKE
[1545000] S0 MEMORY WRITE beat=124 addr=04e9c618 data=a8ad88279aebca50 id=06
[1555000] AXI S0_WVALID_RDY HANDSHAKE
[1555000] S0 MEMORY WRITE beat=125 addr=04e9c658 data=882b7c8523f98a35 id=06
[1555000] MASTER 0 W_VALID_RDY Handshake beat=130 wlast=0
[1565000] MASTER 0 W_VALID_RDY Handshake beat=131 wlast=0
[1565000] AXI S0_WVALID_RDY HANDSHAKE
[1565000] S0 MEMORY WRITE beat=126 addr=04e9c698 data=c2c50e67c228f8e0 id=06
[1575000] AXI S0_WVALID_RDY HANDSHAKE
[1575000] S0 MEMORY WRITE beat=127 addr=04e9c6d8 data=dd14c330fbb37cfa id=06
[1575000] MASTER 0 W_VALID_RDY Handshake beat=132 wlast=0
[1585000] MASTER 0 W_VALID_RDY Handshake beat=133 wlast=0
[1585000] AXI S0_WVALID_RDY HANDSHAKE
[1585000] S0 MEMORY WRITE beat=128 addr=04e9c718 data=1fad072feb72968f id=06
[1595000] AXI S0_WVALID_RDY HANDSHAKE
[1595000] S0 MEMORY WRITE beat=129 addr=04e9c758 data=2d9b8f6fe5403fb6 id=06
[1595000] MASTER 0 W_VALID_RDY Handshake beat=134 wlast=0
[1605000] MASTER 0 W_VALID_RDY Handshake beat=135 wlast=0
[1605000] AXI S0_WVALID_RDY HANDSHAKE
[1605000] S0 MEMORY WRITE beat=130 addr=04e9c798 data=e0f3bcb0e2721596 id=06
[1615000] AXI S0_WVALID_RDY HANDSHAKE
[1615000] S0 MEMORY WRITE beat=131 addr=04e9c7d8 data=cde4ac258ab0529f id=06
[1615000] MASTER 0 W_VALID_RDY Handshake beat=136 wlast=0
[1625000] MASTER 0 W_VALID_RDY Handshake beat=137 wlast=0
[1625000] AXI S0_WVALID_RDY HANDSHAKE
[1625000] S0 MEMORY WRITE beat=132 addr=04e9c818 data=eff0925500a0c3df id=06
[1635000] AXI S0_WVALID_RDY HANDSHAKE
[1635000] S0 MEMORY WRITE beat=133 addr=04e9c858 data=e312d975fb803b94 id=06
[1635000] MASTER 0 W_VALID_RDY Handshake beat=138 wlast=0
[1645000] MASTER 0 W_VALID_RDY Handshake beat=139 wlast=0
[1645000] AXI S0_WVALID_RDY HANDSHAKE
[1645000] S0 MEMORY WRITE beat=134 addr=04e9c898 data=06308e34d0e44f05 id=06
[1655000] AXI S0_WVALID_RDY HANDSHAKE
[1655000] S0 MEMORY WRITE beat=135 addr=04e9c8d8 data=d18512e430f7859b id=06
[1655000] MASTER 0 W_VALID_RDY Handshake beat=140 wlast=0
[1665000] MASTER 0 W_VALID_RDY Handshake beat=141 wlast=0
[1665000] AXI S0_WVALID_RDY HANDSHAKE
[1665000] S0 MEMORY WRITE beat=136 addr=04e9c918 data=ac77c12ff6212089 id=06
[1675000] AXI S0_WVALID_RDY HANDSHAKE
[1675000] S0 MEMORY WRITE beat=137 addr=04e9c958 data=c7056f8f3497ec5a id=06
[1675000] MASTER 0 W_VALID_RDY Handshake beat=142 wlast=0
[1685000] MASTER 0 W_VALID_RDY Handshake beat=143 wlast=0
[1685000] AXI S0_WVALID_RDY HANDSHAKE
[1685000] S0 MEMORY WRITE beat=138 addr=04e9c998 data=e58f71f5b2a84f63 id=06
[1695000] AXI S0_WVALID_RDY HANDSHAKE
[1695000] S0 MEMORY WRITE beat=139 addr=04e9c9d8 data=28c96fed988a8273 id=06
[1695000] MASTER 0 W_VALID_RDY Handshake beat=144 wlast=0
[1705000] MASTER 0 W_VALID_RDY Handshake beat=145 wlast=0
[1705000] AXI S0_WVALID_RDY HANDSHAKE
[1705000] S0 MEMORY WRITE beat=140 addr=04e9ca18 data=cd226ecd92073324 id=06
[1715000] AXI S0_WVALID_RDY HANDSHAKE
[1715000] S0 MEMORY WRITE beat=141 addr=04e9ca58 data=c4af8288efcedf7c id=06
[1715000] MASTER 0 W_VALID_RDY Handshake beat=146 wlast=0
[1725000] MASTER 0 W_VALID_RDY Handshake beat=147 wlast=0
[1725000] AXI S0_WVALID_RDY HANDSHAKE
[1725000] S0 MEMORY WRITE beat=142 addr=04e9ca98 data=885961efb2b1e0c2 id=06
[1735000] AXI S0_WVALID_RDY HANDSHAKE
[1735000] S0 MEMORY WRITE beat=143 addr=04e9cad8 data=c4b913e7ed78f275 id=06
[1735000] MASTER 0 W_VALID_RDY Handshake beat=148 wlast=0
[1745000] MASTER 0 W_VALID_RDY Handshake beat=149 wlast=0
[1745000] AXI S0_WVALID_RDY HANDSHAKE
[1745000] S0 MEMORY WRITE beat=144 addr=04e9cb18 data=dd47d1f1d57bd0bd id=06
[1755000] AXI S0_WVALID_RDY HANDSHAKE
[1755000] S0 MEMORY WRITE beat=145 addr=04e9cb58 data=882db17f0968966f id=06
[1755000] MASTER 0 W_VALID_RDY Handshake beat=150 wlast=0
[1765000] MASTER 0 W_VALID_RDY Handshake beat=151 wlast=0
[1765000] AXI S0_WVALID_RDY HANDSHAKE
[1765000] S0 MEMORY WRITE beat=146 addr=04e9cb98 data=f6e188e4e5a133e0 id=06
[1775000] AXI S0_WVALID_RDY HANDSHAKE
[1775000] S0 MEMORY WRITE beat=147 addr=04e9cbd8 data=bb1d049dcce6c566 id=06
[1775000] MASTER 0 W_VALID_RDY Handshake beat=152 wlast=0
[1785000] MASTER 0 W_VALID_RDY Handshake beat=153 wlast=0
[1785000] AXI S0_WVALID_RDY HANDSHAKE
[1785000] S0 MEMORY WRITE beat=148 addr=04e9cc18 data=d64f5bd5d4295ad5 id=06
[1795000] AXI S0_WVALID_RDY HANDSHAKE
[1795000] S0 MEMORY WRITE beat=149 addr=04e9cc58 data=b9ca8eb5c34ab61d id=06
[1795000] MASTER 0 W_VALID_RDY Handshake beat=154 wlast=0
[1805000] MASTER 0 W_VALID_RDY Handshake beat=155 wlast=0
[1805000] AXI S0_WVALID_RDY HANDSHAKE
[1805000] S0 MEMORY WRITE beat=150 addr=04e9cc98 data=90317b83cd30e4b9 id=06
[1815000] AXI S0_WVALID_RDY HANDSHAKE
[1815000] S0 MEMORY WRITE beat=151 addr=04e9ccd8 data=a15a3f8ef4e79353 id=06
[1815000] MASTER 0 W_VALID_RDY Handshake beat=156 wlast=0
[1825000] MASTER 0 W_VALID_RDY Handshake beat=157 wlast=0
[1825000] AXI S0_WVALID_RDY HANDSHAKE
[1825000] S0 MEMORY WRITE beat=152 addr=04e9cd18 data=38324970e680d759 id=06
[1835000] AXI S0_WVALID_RDY HANDSHAKE
[1835000] S0 MEMORY WRITE beat=153 addr=04e9cd58 data=b3b1bc12db24ce44 id=06
[1835000] MASTER 0 W_VALID_RDY Handshake beat=158 wlast=0
[1845000] MASTER 0 W_VALID_RDY Handshake beat=159 wlast=0
[1845000] AXI S0_WVALID_RDY HANDSHAKE
[1845000] S0 MEMORY WRITE beat=154 addr=04e9cd98 data=d00c6197c863c4f3 id=06
[1855000] AXI S0_WVALID_RDY HANDSHAKE
[1855000] S0 MEMORY WRITE beat=155 addr=04e9cdd8 data=aee49c4cd50bfba1 id=06
[1855000] MASTER 0 W_VALID_RDY Handshake beat=160 wlast=0
[1865000] MASTER 0 W_VALID_RDY Handshake beat=161 wlast=0
[1865000] AXI S0_WVALID_RDY HANDSHAKE
[1865000] S0 MEMORY WRITE beat=156 addr=04e9ce18 data=3030c9e5083eab07 id=06
[1875000] AXI S0_WVALID_RDY HANDSHAKE
[1875000] S0 MEMORY WRITE beat=157 addr=04e9ce58 data=d0a26ffae296585f id=06
[1875000] MASTER 0 W_VALID_RDY Handshake beat=162 wlast=0
[1885000] MASTER 0 W_VALID_RDY Handshake beat=163 wlast=0
[1885000] AXI S0_WVALID_RDY HANDSHAKE
[1885000] S0 MEMORY WRITE beat=158 addr=04e9ce98 data=37a25400003d2b7c id=06
[1895000] AXI S0_WVALID_RDY HANDSHAKE
[1895000] S0 MEMORY WRITE beat=159 addr=04e9ced8 data=087bd683ff870c47 id=06
[1895000] MASTER 0 W_VALID_RDY Handshake beat=164 wlast=0
[1905000] MASTER 0 W_VALID_RDY Handshake beat=165 wlast=0
[1905000] AXI S0_WVALID_RDY HANDSHAKE
[1905000] S0 MEMORY WRITE beat=160 addr=04e9cf18 data=e21d64a6e7d31de5 id=06
[1915000] AXI S0_WVALID_RDY HANDSHAKE
[1915000] S0 MEMORY WRITE beat=161 addr=04e9cf58 data=e8104961d91e467d id=06
[1915000] MASTER 0 W_VALID_RDY Handshake beat=166 wlast=0
[1925000] MASTER 0 W_VALID_RDY Handshake beat=167 wlast=0
[1925000] AXI S0_WVALID_RDY HANDSHAKE
[1925000] S0 MEMORY WRITE beat=162 addr=04e9cf98 data=d8a552c419bfb8a6 id=06
[1935000] AXI S0_WVALID_RDY HANDSHAKE
[1935000] S0 MEMORY WRITE beat=163 addr=04e9cfd8 data=0192d68bf08c1fe4 id=06
[1935000] MASTER 0 W_VALID_RDY Handshake beat=168 wlast=0
[1945000] MASTER 0 W_VALID_RDY Handshake beat=169 wlast=0
[1945000] AXI S0_WVALID_RDY HANDSHAKE
[1945000] S0 MEMORY WRITE beat=164 addr=04e9d018 data=c9aa6661bac2b76a id=06
[1955000] AXI S0_WVALID_RDY HANDSHAKE
[1955000] S0 MEMORY WRITE beat=165 addr=04e9d058 data=d4827010e9a31fec id=06
[1955000] MASTER 0 W_VALID_RDY Handshake beat=170 wlast=0
[1965000] MASTER 0 W_VALID_RDY Handshake beat=171 wlast=0
[1965000] AXI S0_WVALID_RDY HANDSHAKE
[1965000] S0 MEMORY WRITE beat=166 addr=04e9d098 data=da2f3fd0224fb926 id=06
[1975000] AXI S0_WVALID_RDY HANDSHAKE
[1975000] S0 MEMORY WRITE beat=167 addr=04e9d0d8 data=dd127090d615469b id=06
[1975000] MASTER 0 W_VALID_RDY Handshake beat=172 wlast=0
[1985000] MASTER 0 W_VALID_RDY Handshake beat=173 wlast=0
[1985000] AXI S0_WVALID_RDY HANDSHAKE
[1985000] S0 MEMORY WRITE beat=168 addr=04e9d118 data=bfb86687a3d9a631 id=06
[1995000] AXI S0_WVALID_RDY HANDSHAKE
[1995000] S0 MEMORY WRITE beat=169 addr=04e9d158 data=c6295f573194e0a1 id=06
[1995000] MASTER 0 W_VALID_RDY Handshake beat=174 wlast=0
[2005000] MASTER 0 W_VALID_RDY Handshake beat=175 wlast=0
[2005000] AXI S0_WVALID_RDY HANDSHAKE
[2005000] S0 MEMORY WRITE beat=170 addr=04e9d198 data=87aa273c99e7a657 id=06
[2015000] AXI S0_WVALID_RDY HANDSHAKE
[2015000] S0 MEMORY WRITE beat=171 addr=04e9d1d8 data=3dc14c89233bcfe8 id=06
[2015000] MASTER 0 W_VALID_RDY Handshake beat=176 wlast=0
[2025000] MASTER 0 W_VALID_RDY Handshake beat=177 wlast=0
[2025000] AXI S0_WVALID_RDY HANDSHAKE
[2025000] S0 MEMORY WRITE beat=172 addr=04e9d218 data=d4d0b089c7628dc4 id=06
[2035000] AXI S0_WVALID_RDY HANDSHAKE
[2035000] S0 MEMORY WRITE beat=173 addr=04e9d258 data=e14a341b83eaabe0 id=06
[2035000] MASTER 0 W_VALID_RDY Handshake beat=178 wlast=0
[2045000] MASTER 0 W_VALID_RDY Handshake beat=179 wlast=0
[2045000] AXI S0_WVALID_RDY HANDSHAKE
[2045000] S0 MEMORY WRITE beat=174 addr=04e9d298 data=a7267bc8dc7ad7c5 id=06
[2055000] AXI S0_WVALID_RDY HANDSHAKE
[2055000] S0 MEMORY WRITE beat=175 addr=04e9d2d8 data=a3dd65899f0b80a4 id=06
[2055000] MASTER 0 W_VALID_RDY Handshake beat=180 wlast=0
[2065000] MASTER 0 W_VALID_RDY Handshake beat=181 wlast=0
[2065000] AXI S0_WVALID_RDY HANDSHAKE
[2065000] S0 MEMORY WRITE beat=176 addr=04e9d318 data=22f62c85fbf72c51 id=06
[2075000] AXI S0_WVALID_RDY HANDSHAKE
[2075000] S0 MEMORY WRITE beat=177 addr=04e9d358 data=d8720417052799a5 id=06
[2075000] MASTER 0 W_VALID_RDY Handshake beat=182 wlast=0
[2085000] MASTER 0 W_VALID_RDY Handshake beat=183 wlast=0
[2085000] AXI S0_WVALID_RDY HANDSHAKE
[2085000] S0 MEMORY WRITE beat=178 addr=04e9d398 data=a4331a49ca1ca84d id=06
[2095000] AXI S0_WVALID_RDY HANDSHAKE
[2095000] S0 MEMORY WRITE beat=179 addr=04e9d3d8 data=c613d49ffc4f69a0 id=06
[2095000] MASTER 0 W_VALID_RDY Handshake beat=184 wlast=0
[2105000] MASTER 0 W_VALID_RDY Handshake beat=185 wlast=0
[2105000] AXI S0_WVALID_RDY HANDSHAKE
[2105000] S0 MEMORY WRITE beat=180 addr=04e9d418 data=81770345c72946ce id=06
[2115000] AXI S0_WVALID_RDY HANDSHAKE
[2115000] S0 MEMORY WRITE beat=181 addr=04e9d458 data=1145ef1c1e85d8b6 id=06
[2115000] MASTER 0 W_VALID_RDY Handshake beat=186 wlast=0
[2125000] MASTER 0 W_VALID_RDY Handshake beat=187 wlast=0
[2125000] AXI S0_WVALID_RDY HANDSHAKE
[2125000] S0 MEMORY WRITE beat=182 addr=04e9d498 data=9ad5425625aa1d8f id=06
[2135000] AXI S0_WVALID_RDY HANDSHAKE
[2135000] S0 MEMORY WRITE beat=183 addr=04e9d4d8 data=ecd3645dd759c3bb id=06
[2135000] MASTER 0 W_VALID_RDY Handshake beat=188 wlast=0
[2145000] MASTER 0 W_VALID_RDY Handshake beat=189 wlast=0
[2145000] AXI S0_WVALID_RDY HANDSHAKE
[2145000] S0 MEMORY WRITE beat=184 addr=04e9d518 data=f5df9c711c4c459c id=06
[2155000] AXI S0_WVALID_RDY HANDSHAKE
[2155000] S0 MEMORY WRITE beat=185 addr=04e9d558 data=c1f6632bfe195379 id=06
[2155000] MASTER 0 W_VALID_RDY Handshake beat=190 wlast=0
[2165000] MASTER 0 W_VALID_RDY Handshake beat=191 wlast=0
[2165000] AXI S0_WVALID_RDY HANDSHAKE
[2165000] S0 MEMORY WRITE beat=186 addr=04e9d598 data=d573173490b4dec7 id=06
[2175000] AXI S0_WVALID_RDY HANDSHAKE
[2175000] S0 MEMORY WRITE beat=187 addr=04e9d5d8 data=ad012463aec9c788 id=06
[2175000] MASTER 0 W_VALID_RDY Handshake beat=192 wlast=0
[2185000] MASTER 0 W_VALID_RDY Handshake beat=193 wlast=0
[2185000] AXI S0_WVALID_RDY HANDSHAKE
[2185000] S0 MEMORY WRITE beat=188 addr=04e9d618 data=2ce31b02cb52b3a5 id=06
[2195000] AXI S0_WVALID_RDY HANDSHAKE
[2195000] S0 MEMORY WRITE beat=189 addr=04e9d658 data=dc07926deef7878e id=06
[2195000] MASTER 0 W_VALID_RDY Handshake beat=194 wlast=0
[2205000] MASTER 0 W_VALID_RDY Handshake beat=195 wlast=1
[2205000] AXI S0_WVALID_RDY HANDSHAKE
[2205000] S0 MEMORY WRITE beat=190 addr=04e9d698 data=1dc14f1782563236 id=06
[2215000] AXI S0_WVALID_RDY HANDSHAKE
[2215000] S0 MEMORY WRITE beat=191 addr=04e9d6d8 data=cda8e5dc8908b6d0 id=06
[2225000] AXI S0_WVALID_RDY HANDSHAKE
[2225000] S0 MEMORY WRITE beat=192 addr=04e9d718 data=f8003e5fcaa46a19 id=06
[2235000] AXI S0_WVALID_RDY HANDSHAKE
[2235000] S0 MEMORY WRITE beat=193 addr=04e9d758 data=ccfa9c4f29b07849 id=06
[2245000] AXI S0_WVALID_RDY HANDSHAKE
[2245000] S0 MEMORY WRITE beat=194 addr=04e9d798 data=b2b92f1915c18d76 id=06
[2255000] AXI S0_WVALID_RDY HANDSHAKE
[2255000] S0 MEMORY WRITE beat=195 addr=04e9d7d8 data=e065f78f9aa3822b id=06
[2265000] SLAVE0 sent B resp, id=6
[2275000] [SLAVE MONITOR] mst_id=0 s_id=0 awaddr=4e9a718 awid=110 awlen=195 awsize=6 awburst=1 wdata=[9a50475610147e14 2a95f5612c7c400b 1283872d14ccf51a 24e1732ec3b22360 f02e636bacd3ce83 c1a0c39dcf77688f 93298bef82b1ea98 2f85b91ce68236cb b5f99f5a0357ef5b 8609d9f3f1267cb9 d7a8b385c9232b4a cc7b1aa5b58f930f 26b60fc98da252df d6c57e29d284f498 81487a8fe5ec34e 8c01162da34098ce f5c58d672eca9771 2d295abfe2c69457 86072d25fdda150f 2ca4ac80b92a70ec 9bf10543fbccba8c f9a6cf9bd9ce073f 92f8782b21f83269 9dc4ecf5a64b7c1b 8019835a2ee97d6f d0e1afd8176bbc91 bdb738ac1311fb86 c1fb78f5eea69ccd 8612595e3dd0bc07 d0e2b78d12dd28cd 8183c59ac3c9920b 19a4e1212de3082 25bb594f07961ef9 cb5fb104d27d059f e55b3621a73f1ee9 aed53de2ccf9ff16 1f7704b50b168f70 b255ae59fa34eee6 c72eedfc04d23ad6 fe8ca46e12aec3c db5fdb22e6a5f2b1 eb782d87c23e789f a36964db228ec91f 8934bbd0fb60f7cd 3d9f706dfec93ffe 2158091df4ace958 f00de125e108d548 dfd21546aa8cc4ed 9f39ae45adad5192 eb626db812a1e63 2bb6e3510f478f6b bcf4e0fdee883c21 efb25a85caf09196 da382101cbab07d8 3a3343fa1b693dd6 e659cf6c172d01ff e2d809d729e59e7f c54edc55c091f06e d7bef26d9d0b4dd1 c6f0ec50aba8abc1 ec3a9c2fba96fc44 d7a24a168c3fc8a5 37e87467c3f98e9c fe908ae19e933666 2ad2ff0ca4231096 e81c9f33d632d4f7 f4c60b5de2bb7373 86de8409e6ad2a14 3cdfff0b9f990a69 82547ddceefb233c d5a84d50b1a60a68 d13f14d2093301e6 f82e252292884c5b c42e56c4d39392ae dcc69494cdd67273 e05ebece156d6b96 e900fe44d4f4b9b7 22cb2c2aa48d1592 b9fa8128c5c792d9 1abc4c908329eaf8 27b7008b22fb7f6d e8c312463d8778ba c0b163b2e1b181b3 84ad0120037f5ed6 c106d790e868643d ca19e5f1ed701366 f0ef723c81b83b42 ea209f80cec6e711 3c36fa78b1f649cc 33ae850f343a8571 83016c82ad266cb4 df1cb6811dcf248f d209aa00bf3866fa ec5ed3af12cb3b90 309a601fd50b1682 14437d7dcb7b8a30 de46c5c002a40a1f d7af20a100a2512c cc1ddb5c0ee125df 11852ffeebf29e1e ec94ef4a2a64a11c 3945c6fbe934509f d526eebeb8b2caa6 e3176bc2cacaf6f9 b3ff4798c1bbde08 fa6ea8af9c5d32bd e72829b689263656 cae2145fdd861471 f9e3472f1b27714f a44da7a5c550bd0e a2d6d17fe10b70e5 fc32e234ef2fbc04 b48079129cba18ae fdc58994208089da 8fb045ded7574a92 f4116340f9f86bc8 9a78f5a2c430bef1 1b880983f1d6ecd4 ebcf589d2a293b81 ee59fa728f996cc3 170599886484e3f b07189c009e203f5 997b70b8ed3fb235 f38800749ecb8432 a8ad88279aebca50 882b7c8523f98a35 c2c50e67c228f8e0 dd14c330fbb37cfa 1fad072feb72968f 2d9b8f6fe5403fb6 e0f3bcb0e2721596 cde4ac258ab0529f eff0925500a0c3df e312d975fb803b94 6308e34d0e44f05 d18512e430f7859b ac77c12ff6212089 c7056f8f3497ec5a e58f71f5b2a84f63 28c96fed988a8273 cd226ecd92073324 c4af8288efcedf7c 885961efb2b1e0c2 c4b913e7ed78f275 dd47d1f1d57bd0bd 882db17f0968966f f6e188e4e5a133e0 bb1d049dcce6c566 d64f5bd5d4295ad5 b9ca8eb5c34ab61d 90317b83cd30e4b9 a15a3f8ef4e79353 38324970e680d759 b3b1bc12db24ce44 d00c6197c863c4f3 aee49c4cd50bfba1 3030c9e5083eab07 d0a26ffae296585f 37a25400003d2b7c 87bd683ff870c47 e21d64a6e7d31de5 e8104961d91e467d d8a552c419bfb8a6 192d68bf08c1fe4 c9aa6661bac2b76a d4827010e9a31fec da2f3fd0224fb926 dd127090d615469b bfb86687a3d9a631 c6295f573194e0a1 87aa273c99e7a657 3dc14c89233bcfe8 d4d0b089c7628dc4 e14a341b83eaabe0 a7267bc8dc7ad7c5 a3dd65899f0b80a4 22f62c85fbf72c51 d8720417052799a5 a4331a49ca1ca84d c613d49ffc4f69a0 81770345c72946ce 1145ef1c1e85d8b6 9ad5425625aa1d8f ecd3645dd759c3bb f5df9c711c4c459c c1f6632bfe195379 d573173490b4dec7 ad012463aec9c788 2ce31b02cb52b3a5 dc07926deef7878e 1dc14f1782563236 cda8e5dc8908b6d0 f8003e5fcaa46a19 ccfa9c4f29b07849 b2b92f1915c18d76 e065f78f9aa3822b ] wstrb=[78 74 de ee 8e a 7d 6 7e 5c f5 c 66 72 13 e4 ce 8 f1 34 7a 4 19 49 c a 7d 86 e 96 cf 1a a0 4d a0 ae e3 70 c8 84 bd 69 32 a0 d9 fb 24 96 64 57 36 3d 52 5b d3 b6 b2 9 f3 4 64 c6 ba 16 cf ad 1a 34 73 d4 4a 42 81 65 76 f4 39 c1 37 bb 26 ad af 5f 6e e6 1a 94 94 ca f4 2 b0 e 97 44 d8 8b 47 89 99 de cd 72 69 14 fb 2 f2 c8 74 5b dd 6f 5e cf 38 d2 2b 15 42 89 e4 7a 5b f 8f 9d 98 73 17 f4 83 a6 91 1b 1a a9 f 9d 4f a1 b8 69 4a c8 6 99 69 bf 3 b3 87 9 4c f0 c8 4f a3 4f 59 ef 3f 21 3f e2 71 98 d2 b0 b9 11 93 2a a9 65 db 62 76 6e 8d 1f d3 68 81 49 d6 e 68 a9 76 e9 f2 4c f8 5a ] bresp=0 bid=110
[2285000] MASTER 0 RECEIVED BRESP. BRESP=0
[2285000] [MASTER DRIVER] mst_id=0 s_id=0 awaddr=4e9a718 awid=110 awlen=195 awsize=6 awburst=1 wdata=[9a50475610147e14 2a95f5612c7c400b 1283872d14ccf51a 24e1732ec3b22360 f02e636bacd3ce83 c1a0c39dcf77688f 93298bef82b1ea98 2f85b91ce68236cb b5f99f5a0357ef5b 8609d9f3f1267cb9 d7a8b385c9232b4a cc7b1aa5b58f930f 26b60fc98da252df d6c57e29d284f498 81487a8fe5ec34e 8c01162da34098ce f5c58d672eca9771 2d295abfe2c69457 86072d25fdda150f 2ca4ac80b92a70ec 9bf10543fbccba8c f9a6cf9bd9ce073f 92f8782b21f83269 9dc4ecf5a64b7c1b 8019835a2ee97d6f d0e1afd8176bbc91 bdb738ac1311fb86 c1fb78f5eea69ccd 8612595e3dd0bc07 d0e2b78d12dd28cd 8183c59ac3c9920b 19a4e1212de3082 25bb594f07961ef9 cb5fb104d27d059f e55b3621a73f1ee9 aed53de2ccf9ff16 1f7704b50b168f70 b255ae59fa34eee6 c72eedfc04d23ad6 fe8ca46e12aec3c db5fdb22e6a5f2b1 eb782d87c23e789f a36964db228ec91f 8934bbd0fb60f7cd 3d9f706dfec93ffe 2158091df4ace958 f00de125e108d548 dfd21546aa8cc4ed 9f39ae45adad5192 eb626db812a1e63 2bb6e3510f478f6b bcf4e0fdee883c21 efb25a85caf09196 da382101cbab07d8 3a3343fa1b693dd6 e659cf6c172d01ff e2d809d729e59e7f c54edc55c091f06e d7bef26d9d0b4dd1 c6f0ec50aba8abc1 ec3a9c2fba96fc44 d7a24a168c3fc8a5 37e87467c3f98e9c fe908ae19e933666 2ad2ff0ca4231096 e81c9f33d632d4f7 f4c60b5de2bb7373 86de8409e6ad2a14 3cdfff0b9f990a69 82547ddceefb233c d5a84d50b1a60a68 d13f14d2093301e6 f82e252292884c5b c42e56c4d39392ae dcc69494cdd67273 e05ebece156d6b96 e900fe44d4f4b9b7 22cb2c2aa48d1592 b9fa8128c5c792d9 1abc4c908329eaf8 27b7008b22fb7f6d e8c312463d8778ba c0b163b2e1b181b3 84ad0120037f5ed6 c106d790e868643d ca19e5f1ed701366 f0ef723c81b83b42 ea209f80cec6e711 3c36fa78b1f649cc 33ae850f343a8571 83016c82ad266cb4 df1cb6811dcf248f d209aa00bf3866fa ec5ed3af12cb3b90 309a601fd50b1682 14437d7dcb7b8a30 de46c5c002a40a1f d7af20a100a2512c cc1ddb5c0ee125df 11852ffeebf29e1e ec94ef4a2a64a11c 3945c6fbe934509f d526eebeb8b2caa6 e3176bc2cacaf6f9 b3ff4798c1bbde08 fa6ea8af9c5d32bd e72829b689263656 cae2145fdd861471 f9e3472f1b27714f a44da7a5c550bd0e a2d6d17fe10b70e5 fc32e234ef2fbc04 b48079129cba18ae fdc58994208089da 8fb045ded7574a92 f4116340f9f86bc8 9a78f5a2c430bef1 1b880983f1d6ecd4 ebcf589d2a293b81 ee59fa728f996cc3 170599886484e3f b07189c009e203f5 997b70b8ed3fb235 f38800749ecb8432 a8ad88279aebca50 882b7c8523f98a35 c2c50e67c228f8e0 dd14c330fbb37cfa 1fad072feb72968f 2d9b8f6fe5403fb6 e0f3bcb0e2721596 cde4ac258ab0529f eff0925500a0c3df e312d975fb803b94 6308e34d0e44f05 d18512e430f7859b ac77c12ff6212089 c7056f8f3497ec5a e58f71f5b2a84f63 28c96fed988a8273 cd226ecd92073324 c4af8288efcedf7c 885961efb2b1e0c2 c4b913e7ed78f275 dd47d1f1d57bd0bd 882db17f0968966f f6e188e4e5a133e0 bb1d049dcce6c566 d64f5bd5d4295ad5 b9ca8eb5c34ab61d 90317b83cd30e4b9 a15a3f8ef4e79353 38324970e680d759 b3b1bc12db24ce44 d00c6197c863c4f3 aee49c4cd50bfba1 3030c9e5083eab07 d0a26ffae296585f 37a25400003d2b7c 87bd683ff870c47 e21d64a6e7d31de5 e8104961d91e467d d8a552c419bfb8a6 192d68bf08c1fe4 c9aa6661bac2b76a d4827010e9a31fec da2f3fd0224fb926 dd127090d615469b bfb86687a3d9a631 c6295f573194e0a1 87aa273c99e7a657 3dc14c89233bcfe8 d4d0b089c7628dc4 e14a341b83eaabe0 a7267bc8dc7ad7c5 a3dd65899f0b80a4 22f62c85fbf72c51 d8720417052799a5 a4331a49ca1ca84d c613d49ffc4f69a0 81770345c72946ce 1145ef1c1e85d8b6 9ad5425625aa1d8f ecd3645dd759c3bb f5df9c711c4c459c c1f6632bfe195379 d573173490b4dec7 ad012463aec9c788 2ce31b02cb52b3a5 dc07926deef7878e 1dc14f1782563236 cda8e5dc8908b6d0 f8003e5fcaa46a19 ccfa9c4f29b07849 b2b92f1915c18d76 e065f78f9aa3822b ] wstrb=[78 74 de ee 8e a 7d 6 7e 5c f5 c 66 72 13 e4 ce 8 f1 34 7a 4 19 49 c a 7d 86 e 96 cf 1a a0 4d a0 ae e3 70 c8 84 bd 69 32 a0 d9 fb 24 96 64 57 36 3d 52 5b d3 b6 b2 9 f3 4 64 c6 ba 16 cf ad 1a 34 73 d4 4a 42 81 65 76 f4 39 c1 37 bb 26 ad af 5f 6e e6 1a 94 94 ca f4 2 b0 e 97 44 d8 8b 47 89 99 de cd 72 69 14 fb 2 f2 c8 74 5b dd 6f 5e cf 38 d2 2b 15 42 89 e4 7a 5b f 8f 9d 98 73 17 f4 83 a6 91 1b 1a a9 f 9d 4f a1 b8 69 4a c8 6 99 69 bf 3 b3 87 9 4c f0 c8 4f a3 4f 59 ef 3f 21 3f e2 71 98 d2 b0 b9 11 93 2a a9 65 db 62 76 6e 8d 1f d3 68 81 49 d6 e 68 a9 76 e9 f2 4c f8 5a ] bresp=0 bid=110
[2285000] MASTER 0 B_VALID_RDY Handshake
[2285000] [MASTER MONITOR] mst_id=0 s_id=0 awaddr=4e9a718 awid=110 awlen=195 awsize=6 awburst=1 wdata=[9a50475610147e14 2a95f5612c7c400b 1283872d14ccf51a 24e1732ec3b22360 f02e636bacd3ce83 c1a0c39dcf77688f 93298bef82b1ea98 2f85b91ce68236cb b5f99f5a0357ef5b 8609d9f3f1267cb9 d7a8b385c9232b4a cc7b1aa5b58f930f 26b60fc98da252df d6c57e29d284f498 81487a8fe5ec34e 8c01162da34098ce f5c58d672eca9771 2d295abfe2c69457 86072d25fdda150f 2ca4ac80b92a70ec 9bf10543fbccba8c f9a6cf9bd9ce073f 92f8782b21f83269 9dc4ecf5a64b7c1b 8019835a2ee97d6f d0e1afd8176bbc91 bdb738ac1311fb86 c1fb78f5eea69ccd 8612595e3dd0bc07 d0e2b78d12dd28cd 8183c59ac3c9920b 19a4e1212de3082 25bb594f07961ef9 cb5fb104d27d059f e55b3621a73f1ee9 aed53de2ccf9ff16 1f7704b50b168f70 b255ae59fa34eee6 c72eedfc04d23ad6 fe8ca46e12aec3c db5fdb22e6a5f2b1 eb782d87c23e789f a36964db228ec91f 8934bbd0fb60f7cd 3d9f706dfec93ffe 2158091df4ace958 f00de125e108d548 dfd21546aa8cc4ed 9f39ae45adad5192 eb626db812a1e63 2bb6e3510f478f6b bcf4e0fdee883c21 efb25a85caf09196 da382101cbab07d8 3a3343fa1b693dd6 e659cf6c172d01ff e2d809d729e59e7f c54edc55c091f06e d7bef26d9d0b4dd1 c6f0ec50aba8abc1 ec3a9c2fba96fc44 d7a24a168c3fc8a5 37e87467c3f98e9c fe908ae19e933666 2ad2ff0ca4231096 e81c9f33d632d4f7 f4c60b5de2bb7373 86de8409e6ad2a14 3cdfff0b9f990a69 82547ddceefb233c d5a84d50b1a60a68 d13f14d2093301e6 f82e252292884c5b c42e56c4d39392ae dcc69494cdd67273 e05ebece156d6b96 e900fe44d4f4b9b7 22cb2c2aa48d1592 b9fa8128c5c792d9 1abc4c908329eaf8 27b7008b22fb7f6d e8c312463d8778ba c0b163b2e1b181b3 84ad0120037f5ed6 c106d790e868643d ca19e5f1ed701366 f0ef723c81b83b42 ea209f80cec6e711 3c36fa78b1f649cc 33ae850f343a8571 83016c82ad266cb4 df1cb6811dcf248f d209aa00bf3866fa ec5ed3af12cb3b90 309a601fd50b1682 14437d7dcb7b8a30 de46c5c002a40a1f d7af20a100a2512c cc1ddb5c0ee125df 11852ffeebf29e1e ec94ef4a2a64a11c 3945c6fbe934509f d526eebeb8b2caa6 e3176bc2cacaf6f9 b3ff4798c1bbde08 fa6ea8af9c5d32bd e72829b689263656 cae2145fdd861471 f9e3472f1b27714f a44da7a5c550bd0e a2d6d17fe10b70e5 fc32e234ef2fbc04 b48079129cba18ae fdc58994208089da 8fb045ded7574a92 f4116340f9f86bc8 9a78f5a2c430bef1 1b880983f1d6ecd4 ebcf589d2a293b81 ee59fa728f996cc3 170599886484e3f b07189c009e203f5 997b70b8ed3fb235 f38800749ecb8432 a8ad88279aebca50 882b7c8523f98a35 c2c50e67c228f8e0 dd14c330fbb37cfa 1fad072feb72968f 2d9b8f6fe5403fb6 e0f3bcb0e2721596 cde4ac258ab0529f eff0925500a0c3df e312d975fb803b94 6308e34d0e44f05 d18512e430f7859b ac77c12ff6212089 c7056f8f3497ec5a e58f71f5b2a84f63 28c96fed988a8273 cd226ecd92073324 c4af8288efcedf7c 885961efb2b1e0c2 c4b913e7ed78f275 dd47d1f1d57bd0bd 882db17f0968966f f6e188e4e5a133e0 bb1d049dcce6c566 d64f5bd5d4295ad5 b9ca8eb5c34ab61d 90317b83cd30e4b9 a15a3f8ef4e79353 38324970e680d759 b3b1bc12db24ce44 d00c6197c863c4f3 aee49c4cd50bfba1 3030c9e5083eab07 d0a26ffae296585f 37a25400003d2b7c 87bd683ff870c47 e21d64a6e7d31de5 e8104961d91e467d d8a552c419bfb8a6 192d68bf08c1fe4 c9aa6661bac2b76a d4827010e9a31fec da2f3fd0224fb926 dd127090d615469b bfb86687a3d9a631 c6295f573194e0a1 87aa273c99e7a657 3dc14c89233bcfe8 d4d0b089c7628dc4 e14a341b83eaabe0 a7267bc8dc7ad7c5 a3dd65899f0b80a4 22f62c85fbf72c51 d8720417052799a5 a4331a49ca1ca84d c613d49ffc4f69a0 81770345c72946ce 1145ef1c1e85d8b6 9ad5425625aa1d8f ecd3645dd759c3bb f5df9c711c4c459c c1f6632bfe195379 d573173490b4dec7 ad012463aec9c788 2ce31b02cb52b3a5 dc07926deef7878e 1dc14f1782563236 cda8e5dc8908b6d0 f8003e5fcaa46a19 ccfa9c4f29b07849 b2b92f1915c18d76 e065f78f9aa3822b ] wstrb=[78 74 de ee 8e a 7d 6 7e 5c f5 c 66 72 13 e4 ce 8 f1 34 7a 4 19 49 c a 7d 86 e 96 cf 1a a0 4d a0 ae e3 70 c8 84 bd 69 32 a0 d9 fb 24 96 64 57 36 3d 52 5b d3 b6 b2 9 f3 4 64 c6 ba 16 cf ad 1a 34 73 d4 4a 42 81 65 76 f4 39 c1 37 bb 26 ad af 5f 6e e6 1a 94 94 ca f4 2 b0 e 97 44 d8 8b 47 89 99 de cd 72 69 14 fb 2 f2 c8 74 5b dd 6f 5e cf 38 d2 2b 15 42 89 e4 7a 5b f 8f 9d 98 73 17 f4 83 a6 91 1b 1a a9 f 9d 4f a1 b8 69 4a c8 6 99 69 bf 3 b3 87 9 4c f0 c8 4f a3 4f 59 ef 3f 21 3f e2 71 98 d2 b0 b9 11 93 2a a9 65 db 62 76 6e 8d 1f d3 68 81 49 d6 e 68 a9 76 e9 f2 4c f8 5a ] bresp=0 bid=110
[2285000] SCOREBOARD MATCH: decode_err expected = 0, actual =0
[2285000] SCOREBOARD MATCH: slave_id expected = 0, actual =0
[2285000] SCOREBOARD MATCH: awaddr passthrough expected = 4e9a718, actual =4e9a718
[2285000] SCOREBOARD MATCH: awlen passthrough expected = 195, actual =195
[2285000] SCOREBOARD MATCH: awsize passthrough expected = 6, actual =6
[2285000] SCOREBOARD MATCH: awburst passthrough expected = 1, actual =1
[2285000] SCOREBOARD MATCH: wdata size check expected = c4, actual =c4
[2285000] SCOREBOARD MATCH: wdata passthrough beat=0 expected = 9a50475610147e14, actual =9a50475610147e14
[2285000] SCOREBOARD MATCH: wdata passthrough beat=1 expected = 2a95f5612c7c400b, actual =2a95f5612c7c400b
[2285000] SCOREBOARD MATCH: wdata passthrough beat=2 expected = 1283872d14ccf51a, actual =1283872d14ccf51a
[2285000] SCOREBOARD MATCH: wdata passthrough beat=3 expected = 24e1732ec3b22360, actual =24e1732ec3b22360
[2285000] SCOREBOARD MATCH: wdata passthrough beat=4 expected = f02e636bacd3ce83, actual =f02e636bacd3ce83
[2285000] SCOREBOARD MATCH: wdata passthrough beat=5 expected = c1a0c39dcf77688f, actual =c1a0c39dcf77688f
[2285000] SCOREBOARD MATCH: wdata passthrough beat=6 expected = 93298bef82b1ea98, actual =93298bef82b1ea98
[2285000] SCOREBOARD MATCH: wdata passthrough beat=7 expected = 2f85b91ce68236cb, actual =2f85b91ce68236cb
[2285000] SCOREBOARD MATCH: wdata passthrough beat=8 expected = b5f99f5a0357ef5b, actual =b5f99f5a0357ef5b
[2285000] SCOREBOARD MATCH: wdata passthrough beat=9 expected = 8609d9f3f1267cb9, actual =8609d9f3f1267cb9
[2285000] SCOREBOARD MATCH: wdata passthrough beat=10 expected = d7a8b385c9232b4a, actual =d7a8b385c9232b4a
[2285000] SCOREBOARD MATCH: wdata passthrough beat=11 expected = cc7b1aa5b58f930f, actual =cc7b1aa5b58f930f
[2285000] SCOREBOARD MATCH: wdata passthrough beat=12 expected = 26b60fc98da252df, actual =26b60fc98da252df
[2285000] SCOREBOARD MATCH: wdata passthrough beat=13 expected = d6c57e29d284f498, actual =d6c57e29d284f498
[2285000] SCOREBOARD MATCH: wdata passthrough beat=14 expected = 81487a8fe5ec34e, actual =81487a8fe5ec34e
[2285000] SCOREBOARD MATCH: wdata passthrough beat=15 expected = 8c01162da34098ce, actual =8c01162da34098ce
[2285000] SCOREBOARD MATCH: wdata passthrough beat=16 expected = f5c58d672eca9771, actual =f5c58d672eca9771
[2285000] SCOREBOARD MATCH: wdata passthrough beat=17 expected = 2d295abfe2c69457, actual =2d295abfe2c69457
[2285000] SCOREBOARD MATCH: wdata passthrough beat=18 expected = 86072d25fdda150f, actual =86072d25fdda150f
[2285000] SCOREBOARD MATCH: wdata passthrough beat=19 expected = 2ca4ac80b92a70ec, actual =2ca4ac80b92a70ec
[2285000] SCOREBOARD MATCH: wdata passthrough beat=20 expected = 9bf10543fbccba8c, actual =9bf10543fbccba8c
[2285000] SCOREBOARD MATCH: wdata passthrough beat=21 expected = f9a6cf9bd9ce073f, actual =f9a6cf9bd9ce073f
[2285000] SCOREBOARD MATCH: wdata passthrough beat=22 expected = 92f8782b21f83269, actual =92f8782b21f83269
[2285000] SCOREBOARD MATCH: wdata passthrough beat=23 expected = 9dc4ecf5a64b7c1b, actual =9dc4ecf5a64b7c1b
[2285000] SCOREBOARD MATCH: wdata passthrough beat=24 expected = 8019835a2ee97d6f, actual =8019835a2ee97d6f
[2285000] SCOREBOARD MATCH: wdata passthrough beat=25 expected = d0e1afd8176bbc91, actual =d0e1afd8176bbc91
[2285000] SCOREBOARD MATCH: wdata passthrough beat=26 expected = bdb738ac1311fb86, actual =bdb738ac1311fb86
[2285000] SCOREBOARD MATCH: wdata passthrough beat=27 expected = c1fb78f5eea69ccd, actual =c1fb78f5eea69ccd
[2285000] SCOREBOARD MATCH: wdata passthrough beat=28 expected = 8612595e3dd0bc07, actual =8612595e3dd0bc07
[2285000] SCOREBOARD MATCH: wdata passthrough beat=29 expected = d0e2b78d12dd28cd, actual =d0e2b78d12dd28cd
[2285000] SCOREBOARD MATCH: wdata passthrough beat=30 expected = 8183c59ac3c9920b, actual =8183c59ac3c9920b
[2285000] SCOREBOARD MATCH: wdata passthrough beat=31 expected = 19a4e1212de3082, actual =19a4e1212de3082
[2285000] SCOREBOARD MATCH: wdata passthrough beat=32 expected = 25bb594f07961ef9, actual =25bb594f07961ef9
[2285000] SCOREBOARD MATCH: wdata passthrough beat=33 expected = cb5fb104d27d059f, actual =cb5fb104d27d059f
[2285000] SCOREBOARD MATCH: wdata passthrough beat=34 expected = e55b3621a73f1ee9, actual =e55b3621a73f1ee9
[2285000] SCOREBOARD MATCH: wdata passthrough beat=35 expected = aed53de2ccf9ff16, actual =aed53de2ccf9ff16
[2285000] SCOREBOARD MATCH: wdata passthrough beat=36 expected = 1f7704b50b168f70, actual =1f7704b50b168f70
[2285000] SCOREBOARD MATCH: wdata passthrough beat=37 expected = b255ae59fa34eee6, actual =b255ae59fa34eee6
[2285000] SCOREBOARD MATCH: wdata passthrough beat=38 expected = c72eedfc04d23ad6, actual =c72eedfc04d23ad6
[2285000] SCOREBOARD MATCH: wdata passthrough beat=39 expected = fe8ca46e12aec3c, actual =fe8ca46e12aec3c
[2285000] SCOREBOARD MATCH: wdata passthrough beat=40 expected = db5fdb22e6a5f2b1, actual =db5fdb22e6a5f2b1
[2285000] SCOREBOARD MATCH: wdata passthrough beat=41 expected = eb782d87c23e789f, actual =eb782d87c23e789f
[2285000] SCOREBOARD MATCH: wdata passthrough beat=42 expected = a36964db228ec91f, actual =a36964db228ec91f
[2285000] SCOREBOARD MATCH: wdata passthrough beat=43 expected = 8934bbd0fb60f7cd, actual =8934bbd0fb60f7cd
[2285000] SCOREBOARD MATCH: wdata passthrough beat=44 expected = 3d9f706dfec93ffe, actual =3d9f706dfec93ffe
[2285000] SCOREBOARD MATCH: wdata passthrough beat=45 expected = 2158091df4ace958, actual =2158091df4ace958
[2285000] SCOREBOARD MATCH: wdata passthrough beat=46 expected = f00de125e108d548, actual =f00de125e108d548
[2285000] SCOREBOARD MATCH: wdata passthrough beat=47 expected = dfd21546aa8cc4ed, actual =dfd21546aa8cc4ed
[2285000] SCOREBOARD MATCH: wdata passthrough beat=48 expected = 9f39ae45adad5192, actual =9f39ae45adad5192
[2285000] SCOREBOARD MATCH: wdata passthrough beat=49 expected = eb626db812a1e63, actual =eb626db812a1e63
[2285000] SCOREBOARD MATCH: wdata passthrough beat=50 expected = 2bb6e3510f478f6b, actual =2bb6e3510f478f6b
[2285000] SCOREBOARD MATCH: wdata passthrough beat=51 expected = bcf4e0fdee883c21, actual =bcf4e0fdee883c21
[2285000] SCOREBOARD MATCH: wdata passthrough beat=52 expected = efb25a85caf09196, actual =efb25a85caf09196
[2285000] SCOREBOARD MATCH: wdata passthrough beat=53 expected = da382101cbab07d8, actual =da382101cbab07d8
[2285000] SCOREBOARD MATCH: wdata passthrough beat=54 expected = 3a3343fa1b693dd6, actual =3a3343fa1b693dd6
[2285000] SCOREBOARD MATCH: wdata passthrough beat=55 expected = e659cf6c172d01ff, actual =e659cf6c172d01ff
[2285000] SCOREBOARD MATCH: wdata passthrough beat=56 expected = e2d809d729e59e7f, actual =e2d809d729e59e7f
[2285000] SCOREBOARD MATCH: wdata passthrough beat=57 expected = c54edc55c091f06e, actual =c54edc55c091f06e
[2285000] SCOREBOARD MATCH: wdata passthrough beat=58 expected = d7bef26d9d0b4dd1, actual =d7bef26d9d0b4dd1
[2285000] SCOREBOARD MATCH: wdata passthrough beat=59 expected = c6f0ec50aba8abc1, actual =c6f0ec50aba8abc1
[2285000] SCOREBOARD MATCH: wdata passthrough beat=60 expected = ec3a9c2fba96fc44, actual =ec3a9c2fba96fc44
[2285000] SCOREBOARD MATCH: wdata passthrough beat=61 expected = d7a24a168c3fc8a5, actual =d7a24a168c3fc8a5
[2285000] SCOREBOARD MATCH: wdata passthrough beat=62 expected = 37e87467c3f98e9c, actual =37e87467c3f98e9c
[2285000] SCOREBOARD MATCH: wdata passthrough beat=63 expected = fe908ae19e933666, actual =fe908ae19e933666
[2285000] SCOREBOARD MATCH: wdata passthrough beat=64 expected = 2ad2ff0ca4231096, actual =2ad2ff0ca4231096
[2285000] SCOREBOARD MATCH: wdata passthrough beat=65 expected = e81c9f33d632d4f7, actual =e81c9f33d632d4f7
[2285000] SCOREBOARD MATCH: wdata passthrough beat=66 expected = f4c60b5de2bb7373, actual =f4c60b5de2bb7373
[2285000] SCOREBOARD MATCH: wdata passthrough beat=67 expected = 86de8409e6ad2a14, actual =86de8409e6ad2a14
[2285000] SCOREBOARD MATCH: wdata passthrough beat=68 expected = 3cdfff0b9f990a69, actual =3cdfff0b9f990a69
[2285000] SCOREBOARD MATCH: wdata passthrough beat=69 expected = 82547ddceefb233c, actual =82547ddceefb233c
[2285000] SCOREBOARD MATCH: wdata passthrough beat=70 expected = d5a84d50b1a60a68, actual =d5a84d50b1a60a68
[2285000] SCOREBOARD MATCH: wdata passthrough beat=71 expected = d13f14d2093301e6, actual =d13f14d2093301e6
[2285000] SCOREBOARD MATCH: wdata passthrough beat=72 expected = f82e252292884c5b, actual =f82e252292884c5b
[2285000] SCOREBOARD MATCH: wdata passthrough beat=73 expected = c42e56c4d39392ae, actual =c42e56c4d39392ae
[2285000] SCOREBOARD MATCH: wdata passthrough beat=74 expected = dcc69494cdd67273, actual =dcc69494cdd67273
[2285000] SCOREBOARD MATCH: wdata passthrough beat=75 expected = e05ebece156d6b96, actual =e05ebece156d6b96
[2285000] SCOREBOARD MATCH: wdata passthrough beat=76 expected = e900fe44d4f4b9b7, actual =e900fe44d4f4b9b7
[2285000] SCOREBOARD MATCH: wdata passthrough beat=77 expected = 22cb2c2aa48d1592, actual =22cb2c2aa48d1592
[2285000] SCOREBOARD MATCH: wdata passthrough beat=78 expected = b9fa8128c5c792d9, actual =b9fa8128c5c792d9
[2285000] SCOREBOARD MATCH: wdata passthrough beat=79 expected = 1abc4c908329eaf8, actual =1abc4c908329eaf8
[2285000] SCOREBOARD MATCH: wdata passthrough beat=80 expected = 27b7008b22fb7f6d, actual =27b7008b22fb7f6d
[2285000] SCOREBOARD MATCH: wdata passthrough beat=81 expected = e8c312463d8778ba, actual =e8c312463d8778ba
[2285000] SCOREBOARD MATCH: wdata passthrough beat=82 expected = c0b163b2e1b181b3, actual =c0b163b2e1b181b3
[2285000] SCOREBOARD MATCH: wdata passthrough beat=83 expected = 84ad0120037f5ed6, actual =84ad0120037f5ed6
[2285000] SCOREBOARD MATCH: wdata passthrough beat=84 expected = c106d790e868643d, actual =c106d790e868643d
[2285000] SCOREBOARD MATCH: wdata passthrough beat=85 expected = ca19e5f1ed701366, actual =ca19e5f1ed701366
[2285000] SCOREBOARD MATCH: wdata passthrough beat=86 expected = f0ef723c81b83b42, actual =f0ef723c81b83b42
[2285000] SCOREBOARD MATCH: wdata passthrough beat=87 expected = ea209f80cec6e711, actual =ea209f80cec6e711
[2285000] SCOREBOARD MATCH: wdata passthrough beat=88 expected = 3c36fa78b1f649cc, actual =3c36fa78b1f649cc
[2285000] SCOREBOARD MATCH: wdata passthrough beat=89 expected = 33ae850f343a8571, actual =33ae850f343a8571
[2285000] SCOREBOARD MATCH: wdata passthrough beat=90 expected = 83016c82ad266cb4, actual =83016c82ad266cb4
[2285000] SCOREBOARD MATCH: wdata passthrough beat=91 expected = df1cb6811dcf248f, actual =df1cb6811dcf248f
[2285000] SCOREBOARD MATCH: wdata passthrough beat=92 expected = d209aa00bf3866fa, actual =d209aa00bf3866fa
[2285000] SCOREBOARD MATCH: wdata passthrough beat=93 expected = ec5ed3af12cb3b90, actual =ec5ed3af12cb3b90
[2285000] SCOREBOARD MATCH: wdata passthrough beat=94 expected = 309a601fd50b1682, actual =309a601fd50b1682
[2285000] SCOREBOARD MATCH: wdata passthrough beat=95 expected = 14437d7dcb7b8a30, actual =14437d7dcb7b8a30
[2285000] SCOREBOARD MATCH: wdata passthrough beat=96 expected = de46c5c002a40a1f, actual =de46c5c002a40a1f
[2285000] SCOREBOARD MATCH: wdata passthrough beat=97 expected = d7af20a100a2512c, actual =d7af20a100a2512c
[2285000] SCOREBOARD MATCH: wdata passthrough beat=98 expected = cc1ddb5c0ee125df, actual =cc1ddb5c0ee125df
[2285000] SCOREBOARD MATCH: wdata passthrough beat=99 expected = 11852ffeebf29e1e, actual =11852ffeebf29e1e
[2285000] SCOREBOARD MATCH: wdata passthrough beat=100 expected = ec94ef4a2a64a11c, actual =ec94ef4a2a64a11c
[2285000] SCOREBOARD MATCH: wdata passthrough beat=101 expected = 3945c6fbe934509f, actual =3945c6fbe934509f
[2285000] SCOREBOARD MATCH: wdata passthrough beat=102 expected = d526eebeb8b2caa6, actual =d526eebeb8b2caa6
[2285000] SCOREBOARD MATCH: wdata passthrough beat=103 expected = e3176bc2cacaf6f9, actual =e3176bc2cacaf6f9
[2285000] SCOREBOARD MATCH: wdata passthrough beat=104 expected = b3ff4798c1bbde08, actual =b3ff4798c1bbde08
[2285000] SCOREBOARD MATCH: wdata passthrough beat=105 expected = fa6ea8af9c5d32bd, actual =fa6ea8af9c5d32bd
[2285000] SCOREBOARD MATCH: wdata passthrough beat=106 expected = e72829b689263656, actual =e72829b689263656
[2285000] SCOREBOARD MATCH: wdata passthrough beat=107 expected = cae2145fdd861471, actual =cae2145fdd861471
[2285000] SCOREBOARD MATCH: wdata passthrough beat=108 expected = f9e3472f1b27714f, actual =f9e3472f1b27714f
[2285000] SCOREBOARD MATCH: wdata passthrough beat=109 expected = a44da7a5c550bd0e, actual =a44da7a5c550bd0e
[2285000] SCOREBOARD MATCH: wdata passthrough beat=110 expected = a2d6d17fe10b70e5, actual =a2d6d17fe10b70e5
[2285000] SCOREBOARD MATCH: wdata passthrough beat=111 expected = fc32e234ef2fbc04, actual =fc32e234ef2fbc04
[2285000] SCOREBOARD MATCH: wdata passthrough beat=112 expected = b48079129cba18ae, actual =b48079129cba18ae
[2285000] SCOREBOARD MATCH: wdata passthrough beat=113 expected = fdc58994208089da, actual =fdc58994208089da
[2285000] SCOREBOARD MATCH: wdata passthrough beat=114 expected = 8fb045ded7574a92, actual =8fb045ded7574a92
[2285000] SCOREBOARD MATCH: wdata passthrough beat=115 expected = f4116340f9f86bc8, actual =f4116340f9f86bc8
[2285000] SCOREBOARD MATCH: wdata passthrough beat=116 expected = 9a78f5a2c430bef1, actual =9a78f5a2c430bef1
[2285000] SCOREBOARD MATCH: wdata passthrough beat=117 expected = 1b880983f1d6ecd4, actual =1b880983f1d6ecd4
[2285000] SCOREBOARD MATCH: wdata passthrough beat=118 expected = ebcf589d2a293b81, actual =ebcf589d2a293b81
[2285000] SCOREBOARD MATCH: wdata passthrough beat=119 expected = ee59fa728f996cc3, actual =ee59fa728f996cc3
[2285000] SCOREBOARD MATCH: wdata passthrough beat=120 expected = 170599886484e3f, actual =170599886484e3f
[2285000] SCOREBOARD MATCH: wdata passthrough beat=121 expected = b07189c009e203f5, actual =b07189c009e203f5
[2285000] SCOREBOARD MATCH: wdata passthrough beat=122 expected = 997b70b8ed3fb235, actual =997b70b8ed3fb235
[2285000] SCOREBOARD MATCH: wdata passthrough beat=123 expected = f38800749ecb8432, actual =f38800749ecb8432
[2285000] SCOREBOARD MATCH: wdata passthrough beat=124 expected = a8ad88279aebca50, actual =a8ad88279aebca50
[2285000] SCOREBOARD MATCH: wdata passthrough beat=125 expected = 882b7c8523f98a35, actual =882b7c8523f98a35
[2285000] SCOREBOARD MATCH: wdata passthrough beat=126 expected = c2c50e67c228f8e0, actual =c2c50e67c228f8e0
[2285000] SCOREBOARD MATCH: wdata passthrough beat=127 expected = dd14c330fbb37cfa, actual =dd14c330fbb37cfa
[2285000] SCOREBOARD MATCH: wdata passthrough beat=128 expected = 1fad072feb72968f, actual =1fad072feb72968f
[2285000] SCOREBOARD MATCH: wdata passthrough beat=129 expected = 2d9b8f6fe5403fb6, actual =2d9b8f6fe5403fb6
[2285000] SCOREBOARD MATCH: wdata passthrough beat=130 expected = e0f3bcb0e2721596, actual =e0f3bcb0e2721596
[2285000] SCOREBOARD MATCH: wdata passthrough beat=131 expected = cde4ac258ab0529f, actual =cde4ac258ab0529f
[2285000] SCOREBOARD MATCH: wdata passthrough beat=132 expected = eff0925500a0c3df, actual =eff0925500a0c3df
[2285000] SCOREBOARD MATCH: wdata passthrough beat=133 expected = e312d975fb803b94, actual =e312d975fb803b94
[2285000] SCOREBOARD MATCH: wdata passthrough beat=134 expected = 6308e34d0e44f05, actual =6308e34d0e44f05
[2285000] SCOREBOARD MATCH: wdata passthrough beat=135 expected = d18512e430f7859b, actual =d18512e430f7859b
[2285000] SCOREBOARD MATCH: wdata passthrough beat=136 expected = ac77c12ff6212089, actual =ac77c12ff6212089
[2285000] SCOREBOARD MATCH: wdata passthrough beat=137 expected = c7056f8f3497ec5a, actual =c7056f8f3497ec5a
[2285000] SCOREBOARD MATCH: wdata passthrough beat=138 expected = e58f71f5b2a84f63, actual =e58f71f5b2a84f63
[2285000] SCOREBOARD MATCH: wdata passthrough beat=139 expected = 28c96fed988a8273, actual =28c96fed988a8273
[2285000] SCOREBOARD MATCH: wdata passthrough beat=140 expected = cd226ecd92073324, actual =cd226ecd92073324
[2285000] SCOREBOARD MATCH: wdata passthrough beat=141 expected = c4af8288efcedf7c, actual =c4af8288efcedf7c
[2285000] SCOREBOARD MATCH: wdata passthrough beat=142 expected = 885961efb2b1e0c2, actual =885961efb2b1e0c2
[2285000] SCOREBOARD MATCH: wdata passthrough beat=143 expected = c4b913e7ed78f275, actual =c4b913e7ed78f275
[2285000] SCOREBOARD MATCH: wdata passthrough beat=144 expected = dd47d1f1d57bd0bd, actual =dd47d1f1d57bd0bd
[2285000] SCOREBOARD MATCH: wdata passthrough beat=145 expected = 882db17f0968966f, actual =882db17f0968966f
[2285000] SCOREBOARD MATCH: wdata passthrough beat=146 expected = f6e188e4e5a133e0, actual =f6e188e4e5a133e0
[2285000] SCOREBOARD MATCH: wdata passthrough beat=147 expected = bb1d049dcce6c566, actual =bb1d049dcce6c566
[2285000] SCOREBOARD MATCH: wdata passthrough beat=148 expected = d64f5bd5d4295ad5, actual =d64f5bd5d4295ad5
[2285000] SCOREBOARD MATCH: wdata passthrough beat=149 expected = b9ca8eb5c34ab61d, actual =b9ca8eb5c34ab61d
[2285000] SCOREBOARD MATCH: wdata passthrough beat=150 expected = 90317b83cd30e4b9, actual =90317b83cd30e4b9
[2285000] SCOREBOARD MATCH: wdata passthrough beat=151 expected = a15a3f8ef4e79353, actual =a15a3f8ef4e79353
[2285000] SCOREBOARD MATCH: wdata passthrough beat=152 expected = 38324970e680d759, actual =38324970e680d759
[2285000] SCOREBOARD MATCH: wdata passthrough beat=153 expected = b3b1bc12db24ce44, actual =b3b1bc12db24ce44
[2285000] SCOREBOARD MATCH: wdata passthrough beat=154 expected = d00c6197c863c4f3, actual =d00c6197c863c4f3
[2285000] SCOREBOARD MATCH: wdata passthrough beat=155 expected = aee49c4cd50bfba1, actual =aee49c4cd50bfba1
[2285000] SCOREBOARD MATCH: wdata passthrough beat=156 expected = 3030c9e5083eab07, actual =3030c9e5083eab07
[2285000] SCOREBOARD MATCH: wdata passthrough beat=157 expected = d0a26ffae296585f, actual =d0a26ffae296585f
[2285000] SCOREBOARD MATCH: wdata passthrough beat=158 expected = 37a25400003d2b7c, actual =37a25400003d2b7c
[2285000] SCOREBOARD MATCH: wdata passthrough beat=159 expected = 87bd683ff870c47, actual =87bd683ff870c47
[2285000] SCOREBOARD MATCH: wdata passthrough beat=160 expected = e21d64a6e7d31de5, actual =e21d64a6e7d31de5
[2285000] SCOREBOARD MATCH: wdata passthrough beat=161 expected = e8104961d91e467d, actual =e8104961d91e467d
[2285000] SCOREBOARD MATCH: wdata passthrough beat=162 expected = d8a552c419bfb8a6, actual =d8a552c419bfb8a6
[2285000] SCOREBOARD MATCH: wdata passthrough beat=163 expected = 192d68bf08c1fe4, actual =192d68bf08c1fe4
[2285000] SCOREBOARD MATCH: wdata passthrough beat=164 expected = c9aa6661bac2b76a, actual =c9aa6661bac2b76a
[2285000] SCOREBOARD MATCH: wdata passthrough beat=165 expected = d4827010e9a31fec, actual =d4827010e9a31fec
[2285000] SCOREBOARD MATCH: wdata passthrough beat=166 expected = da2f3fd0224fb926, actual =da2f3fd0224fb926
[2285000] SCOREBOARD MATCH: wdata passthrough beat=167 expected = dd127090d615469b, actual =dd127090d615469b
[2285000] SCOREBOARD MATCH: wdata passthrough beat=168 expected = bfb86687a3d9a631, actual =bfb86687a3d9a631
[2285000] SCOREBOARD MATCH: wdata passthrough beat=169 expected = c6295f573194e0a1, actual =c6295f573194e0a1
[2285000] SCOREBOARD MATCH: wdata passthrough beat=170 expected = 87aa273c99e7a657, actual =87aa273c99e7a657
[2285000] SCOREBOARD MATCH: wdata passthrough beat=171 expected = 3dc14c89233bcfe8, actual =3dc14c89233bcfe8
[2285000] SCOREBOARD MATCH: wdata passthrough beat=172 expected = d4d0b089c7628dc4, actual =d4d0b089c7628dc4
[2285000] SCOREBOARD MATCH: wdata passthrough beat=173 expected = e14a341b83eaabe0, actual =e14a341b83eaabe0
[2285000] SCOREBOARD MATCH: wdata passthrough beat=174 expected = a7267bc8dc7ad7c5, actual =a7267bc8dc7ad7c5
[2285000] SCOREBOARD MATCH: wdata passthrough beat=175 expected = a3dd65899f0b80a4, actual =a3dd65899f0b80a4
[2285000] SCOREBOARD MATCH: wdata passthrough beat=176 expected = 22f62c85fbf72c51, actual =22f62c85fbf72c51
[2285000] SCOREBOARD MATCH: wdata passthrough beat=177 expected = d8720417052799a5, actual =d8720417052799a5
[2285000] SCOREBOARD MATCH: wdata passthrough beat=178 expected = a4331a49ca1ca84d, actual =a4331a49ca1ca84d
[2285000] SCOREBOARD MATCH: wdata passthrough beat=179 expected = c613d49ffc4f69a0, actual =c613d49ffc4f69a0
[2285000] SCOREBOARD MATCH: wdata passthrough beat=180 expected = 81770345c72946ce, actual =81770345c72946ce
[2285000] SCOREBOARD MATCH: wdata passthrough beat=181 expected = 1145ef1c1e85d8b6, actual =1145ef1c1e85d8b6
[2285000] SCOREBOARD MATCH: wdata passthrough beat=182 expected = 9ad5425625aa1d8f, actual =9ad5425625aa1d8f
[2285000] SCOREBOARD MATCH: wdata passthrough beat=183 expected = ecd3645dd759c3bb, actual =ecd3645dd759c3bb
[2285000] SCOREBOARD MATCH: wdata passthrough beat=184 expected = f5df9c711c4c459c, actual =f5df9c711c4c459c
[2285000] SCOREBOARD MATCH: wdata passthrough beat=185 expected = c1f6632bfe195379, actual =c1f6632bfe195379
[2285000] SCOREBOARD MATCH: wdata passthrough beat=186 expected = d573173490b4dec7, actual =d573173490b4dec7
[2285000] SCOREBOARD MATCH: wdata passthrough beat=187 expected = ad012463aec9c788, actual =ad012463aec9c788
[2285000] SCOREBOARD MATCH: wdata passthrough beat=188 expected = 2ce31b02cb52b3a5, actual =2ce31b02cb52b3a5
[2285000] SCOREBOARD MATCH: wdata passthrough beat=189 expected = dc07926deef7878e, actual =dc07926deef7878e
[2285000] SCOREBOARD MATCH: wdata passthrough beat=190 expected = 1dc14f1782563236, actual =1dc14f1782563236
[2285000] SCOREBOARD MATCH: wdata passthrough beat=191 expected = cda8e5dc8908b6d0, actual =cda8e5dc8908b6d0
[2285000] SCOREBOARD MATCH: wdata passthrough beat=192 expected = f8003e5fcaa46a19, actual =f8003e5fcaa46a19
[2285000] SCOREBOARD MATCH: wdata passthrough beat=193 expected = ccfa9c4f29b07849, actual =ccfa9c4f29b07849
[2285000] SCOREBOARD MATCH: wdata passthrough beat=194 expected = b2b92f1915c18d76, actual =b2b92f1915c18d76
[2285000] SCOREBOARD MATCH: wdata passthrough beat=195 expected = e065f78f9aa3822b, actual =e065f78f9aa3822b
[2285000] SCOREBOARD MATCH: wstrb size check expected = c4, actual =c4
[2285000] SCOREBOARD MATCH: wstrb passthrough beat=0 expected = 78, actual =78
[2285000] SCOREBOARD MATCH: wstrb passthrough beat=1 expected = 74, actual =74
[2285000] SCOREBOARD MATCH: wstrb passthrough beat=2 expected = de, actual =de
[2285000] SCOREBOARD MATCH: wstrb passthrough beat=3 expected = ee, actual =ee
[2285000] SCOREBOARD MATCH: wstrb passthrough beat=4 expected = 8e, actual =8e
[2285000] SCOREBOARD MATCH: wstrb passthrough beat=5 expected = a, actual =a
[2285000] SCOREBOARD MATCH: wstrb passthrough beat=6 expected = 7d, actual =7d
[2285000] SCOREBOARD MATCH: wstrb passthrough beat=7 expected = 6, actual =6
[2285000] SCOREBOARD MATCH: wstrb passthrough beat=8 expected = 7e, actual =7e
[2285000] SCOREBOARD MATCH: wstrb passthrough beat=9 expected = 5c, actual =5c
[2285000] SCOREBOARD MATCH: wstrb passthrough beat=10 expected = f5, actual =f5
[2285000] SCOREBOARD MATCH: wstrb passthrough beat=11 expected = c, actual =c
[2285000] SCOREBOARD MATCH: wstrb passthrough beat=12 expected = 66, actual =66
[2285000] SCOREBOARD MATCH: wstrb passthrough beat=13 expected = 72, actual =72
[2285000] SCOREBOARD MATCH: wstrb passthrough beat=14 expected = 13, actual =13
[2285000] SCOREBOARD MATCH: wstrb passthrough beat=15 expected = e4, actual =e4
[2285000] SCOREBOARD MATCH: wstrb passthrough beat=16 expected = ce, actual =ce
[2285000] SCOREBOARD MATCH: wstrb passthrough beat=17 expected = 8, actual =8
[2285000] SCOREBOARD MATCH: wstrb passthrough beat=18 expected = f1, actual =f1
[2285000] SCOREBOARD MATCH: wstrb passthrough beat=19 expected = 34, actual =34
[2285000] SCOREBOARD MATCH: wstrb passthrough beat=20 expected = 7a, actual =7a
[2285000] SCOREBOARD MATCH: wstrb passthrough beat=21 expected = 4, actual =4
[2285000] SCOREBOARD MATCH: wstrb passthrough beat=22 expected = 19, actual =19
[2285000] SCOREBOARD MATCH: wstrb passthrough beat=23 expected = 49, actual =49
[2285000] SCOREBOARD MATCH: wstrb passthrough beat=24 expected = c, actual =c
[2285000] SCOREBOARD MATCH: wstrb passthrough beat=25 expected = a, actual =a
[2285000] SCOREBOARD MATCH: wstrb passthrough beat=26 expected = 7d, actual =7d
[2285000] SCOREBOARD MATCH: wstrb passthrough beat=27 expected = 86, actual =86
[2285000] SCOREBOARD MATCH: wstrb passthrough beat=28 expected = e, actual =e
[2285000] SCOREBOARD MATCH: wstrb passthrough beat=29 expected = 96, actual =96
[2285000] SCOREBOARD MATCH: wstrb passthrough beat=30 expected = cf, actual =cf
[2285000] SCOREBOARD MATCH: wstrb passthrough beat=31 expected = 1a, actual =1a
[2285000] SCOREBOARD MATCH: wstrb passthrough beat=32 expected = a0, actual =a0
[2285000] SCOREBOARD MATCH: wstrb passthrough beat=33 expected = 4d, actual =4d
[2285000] SCOREBOARD MATCH: wstrb passthrough beat=34 expected = a0, actual =a0
[2285000] SCOREBOARD MATCH: wstrb passthrough beat=35 expected = ae, actual =ae
[2285000] SCOREBOARD MATCH: wstrb passthrough beat=36 expected = e3, actual =e3
[2285000] SCOREBOARD MATCH: wstrb passthrough beat=37 expected = 70, actual =70
[2285000] SCOREBOARD MATCH: wstrb passthrough beat=38 expected = c8, actual =c8
[2285000] SCOREBOARD MATCH: wstrb passthrough beat=39 expected = 84, actual =84
[2285000] SCOREBOARD MATCH: wstrb passthrough beat=40 expected = bd, actual =bd
[2285000] SCOREBOARD MATCH: wstrb passthrough beat=41 expected = 69, actual =69
[2285000] SCOREBOARD MATCH: wstrb passthrough beat=42 expected = 32, actual =32
[2285000] SCOREBOARD MATCH: wstrb passthrough beat=43 expected = a0, actual =a0
[2285000] SCOREBOARD MATCH: wstrb passthrough beat=44 expected = d9, actual =d9
[2285000] SCOREBOARD MATCH: wstrb passthrough beat=45 expected = fb, actual =fb
[2285000] SCOREBOARD MATCH: wstrb passthrough beat=46 expected = 24, actual =24
[2285000] SCOREBOARD MATCH: wstrb passthrough beat=47 expected = 96, actual =96
[2285000] SCOREBOARD MATCH: wstrb passthrough beat=48 expected = 64, actual =64
[2285000] SCOREBOARD MATCH: wstrb passthrough beat=49 expected = 57, actual =57
[2285000] SCOREBOARD MATCH: wstrb passthrough beat=50 expected = 36, actual =36
[2285000] SCOREBOARD MATCH: wstrb passthrough beat=51 expected = 3d, actual =3d
[2285000] SCOREBOARD MATCH: wstrb passthrough beat=52 expected = 52, actual =52
[2285000] SCOREBOARD MATCH: wstrb passthrough beat=53 expected = 5b, actual =5b
[2285000] SCOREBOARD MATCH: wstrb passthrough beat=54 expected = d3, actual =d3
[2285000] SCOREBOARD MATCH: wstrb passthrough beat=55 expected = b6, actual =b6
[2285000] SCOREBOARD MATCH: wstrb passthrough beat=56 expected = b2, actual =b2
[2285000] SCOREBOARD MATCH: wstrb passthrough beat=57 expected = 9, actual =9
[2285000] SCOREBOARD MATCH: wstrb passthrough beat=58 expected = f3, actual =f3
[2285000] SCOREBOARD MATCH: wstrb passthrough beat=59 expected = 4, actual =4
[2285000] SCOREBOARD MATCH: wstrb passthrough beat=60 expected = 64, actual =64
[2285000] SCOREBOARD MATCH: wstrb passthrough beat=61 expected = c6, actual =c6
[2285000] SCOREBOARD MATCH: wstrb passthrough beat=62 expected = ba, actual =ba
[2285000] SCOREBOARD MATCH: wstrb passthrough beat=63 expected = 16, actual =16
[2285000] SCOREBOARD MATCH: wstrb passthrough beat=64 expected = cf, actual =cf
[2285000] SCOREBOARD MATCH: wstrb passthrough beat=65 expected = ad, actual =ad
[2285000] SCOREBOARD MATCH: wstrb passthrough beat=66 expected = 1a, actual =1a
[2285000] SCOREBOARD MATCH: wstrb passthrough beat=67 expected = 34, actual =34
[2285000] SCOREBOARD MATCH: wstrb passthrough beat=68 expected = 73, actual =73
[2285000] SCOREBOARD MATCH: wstrb passthrough beat=69 expected = d4, actual =d4
[2285000] SCOREBOARD MATCH: wstrb passthrough beat=70 expected = 4a, actual =4a
[2285000] SCOREBOARD MATCH: wstrb passthrough beat=71 expected = 42, actual =42
[2285000] SCOREBOARD MATCH: wstrb passthrough beat=72 expected = 81, actual =81
[2285000] SCOREBOARD MATCH: wstrb passthrough beat=73 expected = 65, actual =65
[2285000] SCOREBOARD MATCH: wstrb passthrough beat=74 expected = 76, actual =76
[2285000] SCOREBOARD MATCH: wstrb passthrough beat=75 expected = f4, actual =f4
[2285000] SCOREBOARD MATCH: wstrb passthrough beat=76 expected = 39, actual =39
[2285000] SCOREBOARD MATCH: wstrb passthrough beat=77 expected = c1, actual =c1
[2285000] SCOREBOARD MATCH: wstrb passthrough beat=78 expected = 37, actual =37
[2285000] SCOREBOARD MATCH: wstrb passthrough beat=79 expected = bb, actual =bb
[2285000] SCOREBOARD MATCH: wstrb passthrough beat=80 expected = 26, actual =26
[2285000] SCOREBOARD MATCH: wstrb passthrough beat=81 expected = ad, actual =ad
[2285000] SCOREBOARD MATCH: wstrb passthrough beat=82 expected = af, actual =af
[2285000] SCOREBOARD MATCH: wstrb passthrough beat=83 expected = 5f, actual =5f
[2285000] SCOREBOARD MATCH: wstrb passthrough beat=84 expected = 6e, actual =6e
[2285000] SCOREBOARD MATCH: wstrb passthrough beat=85 expected = e6, actual =e6
[2285000] SCOREBOARD MATCH: wstrb passthrough beat=86 expected = 1a, actual =1a
[2285000] SCOREBOARD MATCH: wstrb passthrough beat=87 expected = 94, actual =94
[2285000] SCOREBOARD MATCH: wstrb passthrough beat=88 expected = 94, actual =94
[2285000] SCOREBOARD MATCH: wstrb passthrough beat=89 expected = ca, actual =ca
[2285000] SCOREBOARD MATCH: wstrb passthrough beat=90 expected = f4, actual =f4
[2285000] SCOREBOARD MATCH: wstrb passthrough beat=91 expected = 2, actual =2
[2285000] SCOREBOARD MATCH: wstrb passthrough beat=92 expected = b0, actual =b0
[2285000] SCOREBOARD MATCH: wstrb passthrough beat=93 expected = e, actual =e
[2285000] SCOREBOARD MATCH: wstrb passthrough beat=94 expected = 97, actual =97
[2285000] SCOREBOARD MATCH: wstrb passthrough beat=95 expected = 44, actual =44
[2285000] SCOREBOARD MATCH: wstrb passthrough beat=96 expected = d8, actual =d8
[2285000] SCOREBOARD MATCH: wstrb passthrough beat=97 expected = 8b, actual =8b
[2285000] SCOREBOARD MATCH: wstrb passthrough beat=98 expected = 47, actual =47
[2285000] SCOREBOARD MATCH: wstrb passthrough beat=99 expected = 89, actual =89
[2285000] SCOREBOARD MATCH: wstrb passthrough beat=100 expected = 99, actual =99
[2285000] SCOREBOARD MATCH: wstrb passthrough beat=101 expected = de, actual =de
[2285000] SCOREBOARD MATCH: wstrb passthrough beat=102 expected = cd, actual =cd
[2285000] SCOREBOARD MATCH: wstrb passthrough beat=103 expected = 72, actual =72
[2285000] SCOREBOARD MATCH: wstrb passthrough beat=104 expected = 69, actual =69
[2285000] SCOREBOARD MATCH: wstrb passthrough beat=105 expected = 14, actual =14
[2285000] SCOREBOARD MATCH: wstrb passthrough beat=106 expected = fb, actual =fb
[2285000] SCOREBOARD MATCH: wstrb passthrough beat=107 expected = 2, actual =2
[2285000] SCOREBOARD MATCH: wstrb passthrough beat=108 expected = f2, actual =f2
[2285000] SCOREBOARD MATCH: wstrb passthrough beat=109 expected = c8, actual =c8
[2285000] SCOREBOARD MATCH: wstrb passthrough beat=110 expected = 74, actual =74
[2285000] SCOREBOARD MATCH: wstrb passthrough beat=111 expected = 5b, actual =5b
[2285000] SCOREBOARD MATCH: wstrb passthrough beat=112 expected = dd, actual =dd
[2285000] SCOREBOARD MATCH: wstrb passthrough beat=113 expected = 6f, actual =6f
[2285000] SCOREBOARD MATCH: wstrb passthrough beat=114 expected = 5e, actual =5e
[2285000] SCOREBOARD MATCH: wstrb passthrough beat=115 expected = cf, actual =cf
[2285000] SCOREBOARD MATCH: wstrb passthrough beat=116 expected = 38, actual =38
[2285000] SCOREBOARD MATCH: wstrb passthrough beat=117 expected = d2, actual =d2
[2285000] SCOREBOARD MATCH: wstrb passthrough beat=118 expected = 2b, actual =2b
[2285000] SCOREBOARD MATCH: wstrb passthrough beat=119 expected = 15, actual =15
[2285000] SCOREBOARD MATCH: wstrb passthrough beat=120 expected = 42, actual =42
[2285000] SCOREBOARD MATCH: wstrb passthrough beat=121 expected = 89, actual =89
[2285000] SCOREBOARD MATCH: wstrb passthrough beat=122 expected = e4, actual =e4
[2285000] SCOREBOARD MATCH: wstrb passthrough beat=123 expected = 7a, actual =7a
[2285000] SCOREBOARD MATCH: wstrb passthrough beat=124 expected = 5b, actual =5b
[2285000] SCOREBOARD MATCH: wstrb passthrough beat=125 expected = f, actual =f
[2285000] SCOREBOARD MATCH: wstrb passthrough beat=126 expected = 8f, actual =8f
[2285000] SCOREBOARD MATCH: wstrb passthrough beat=127 expected = 9d, actual =9d
[2285000] SCOREBOARD MATCH: wstrb passthrough beat=128 expected = 98, actual =98
[2285000] SCOREBOARD MATCH: wstrb passthrough beat=129 expected = 73, actual =73
[2285000] SCOREBOARD MATCH: wstrb passthrough beat=130 expected = 17, actual =17
[2285000] SCOREBOARD MATCH: wstrb passthrough beat=131 expected = f4, actual =f4
[2285000] SCOREBOARD MATCH: wstrb passthrough beat=132 expected = 83, actual =83
[2285000] SCOREBOARD MATCH: wstrb passthrough beat=133 expected = a6, actual =a6
[2285000] SCOREBOARD MATCH: wstrb passthrough beat=134 expected = 91, actual =91
[2285000] SCOREBOARD MATCH: wstrb passthrough beat=135 expected = 1b, actual =1b
[2285000] SCOREBOARD MATCH: wstrb passthrough beat=136 expected = 1a, actual =1a
[2285000] SCOREBOARD MATCH: wstrb passthrough beat=137 expected = a9, actual =a9
[2285000] SCOREBOARD MATCH: wstrb passthrough beat=138 expected = f, actual =f
[2285000] SCOREBOARD MATCH: wstrb passthrough beat=139 expected = 9d, actual =9d
[2285000] SCOREBOARD MATCH: wstrb passthrough beat=140 expected = 4f, actual =4f
[2285000] SCOREBOARD MATCH: wstrb passthrough beat=141 expected = a1, actual =a1
[2285000] SCOREBOARD MATCH: wstrb passthrough beat=142 expected = b8, actual =b8
[2285000] SCOREBOARD MATCH: wstrb passthrough beat=143 expected = 69, actual =69
[2285000] SCOREBOARD MATCH: wstrb passthrough beat=144 expected = 4a, actual =4a
[2285000] SCOREBOARD MATCH: wstrb passthrough beat=145 expected = c8, actual =c8
[2285000] SCOREBOARD MATCH: wstrb passthrough beat=146 expected = 6, actual =6
[2285000] SCOREBOARD MATCH: wstrb passthrough beat=147 expected = 99, actual =99
[2285000] SCOREBOARD MATCH: wstrb passthrough beat=148 expected = 69, actual =69
[2285000] SCOREBOARD MATCH: wstrb passthrough beat=149 expected = bf, actual =bf
[2285000] SCOREBOARD MATCH: wstrb passthrough beat=150 expected = 3, actual =3
[2285000] SCOREBOARD MATCH: wstrb passthrough beat=151 expected = b3, actual =b3
[2285000] SCOREBOARD MATCH: wstrb passthrough beat=152 expected = 87, actual =87
[2285000] SCOREBOARD MATCH: wstrb passthrough beat=153 expected = 9, actual =9
[2285000] SCOREBOARD MATCH: wstrb passthrough beat=154 expected = 4c, actual =4c
[2285000] SCOREBOARD MATCH: wstrb passthrough beat=155 expected = f0, actual =f0
[2285000] SCOREBOARD MATCH: wstrb passthrough beat=156 expected = c8, actual =c8
[2285000] SCOREBOARD MATCH: wstrb passthrough beat=157 expected = 4f, actual =4f
[2285000] SCOREBOARD MATCH: wstrb passthrough beat=158 expected = a3, actual =a3
[2285000] SCOREBOARD MATCH: wstrb passthrough beat=159 expected = 4f, actual =4f
[2285000] SCOREBOARD MATCH: wstrb passthrough beat=160 expected = 59, actual =59
[2285000] SCOREBOARD MATCH: wstrb passthrough beat=161 expected = ef, actual =ef
[2285000] SCOREBOARD MATCH: wstrb passthrough beat=162 expected = 3f, actual =3f
[2285000] SCOREBOARD MATCH: wstrb passthrough beat=163 expected = 21, actual =21
[2285000] SCOREBOARD MATCH: wstrb passthrough beat=164 expected = 3f, actual =3f
[2285000] SCOREBOARD MATCH: wstrb passthrough beat=165 expected = e2, actual =e2
[2285000] SCOREBOARD MATCH: wstrb passthrough beat=166 expected = 71, actual =71
[2285000] SCOREBOARD MATCH: wstrb passthrough beat=167 expected = 98, actual =98
[2285000] SCOREBOARD MATCH: wstrb passthrough beat=168 expected = d2, actual =d2
[2285000] SCOREBOARD MATCH: wstrb passthrough beat=169 expected = b0, actual =b0
[2285000] SCOREBOARD MATCH: wstrb passthrough beat=170 expected = b9, actual =b9
[2285000] SCOREBOARD MATCH: wstrb passthrough beat=171 expected = 11, actual =11
[2285000] SCOREBOARD MATCH: wstrb passthrough beat=172 expected = 93, actual =93
[2285000] SCOREBOARD MATCH: wstrb passthrough beat=173 expected = 2a, actual =2a
[2285000] SCOREBOARD MATCH: wstrb passthrough beat=174 expected = a9, actual =a9
[2285000] SCOREBOARD MATCH: wstrb passthrough beat=175 expected = 65, actual =65
[2285000] SCOREBOARD MATCH: wstrb passthrough beat=176 expected = db, actual =db
[2285000] SCOREBOARD MATCH: wstrb passthrough beat=177 expected = 62, actual =62
[2285000] SCOREBOARD MATCH: wstrb passthrough beat=178 expected = 76, actual =76
[2285000] SCOREBOARD MATCH: wstrb passthrough beat=179 expected = 6e, actual =6e
[2285000] SCOREBOARD MATCH: wstrb passthrough beat=180 expected = 8d, actual =8d
[2285000] SCOREBOARD MATCH: wstrb passthrough beat=181 expected = 1f, actual =1f
[2285000] SCOREBOARD MATCH: wstrb passthrough beat=182 expected = d3, actual =d3
[2285000] SCOREBOARD MATCH: wstrb passthrough beat=183 expected = 68, actual =68
[2285000] SCOREBOARD MATCH: wstrb passthrough beat=184 expected = 81, actual =81
[2285000] SCOREBOARD MATCH: wstrb passthrough beat=185 expected = 49, actual =49
[2285000] SCOREBOARD MATCH: wstrb passthrough beat=186 expected = d6, actual =d6
[2285000] SCOREBOARD MATCH: wstrb passthrough beat=187 expected = e, actual =e
[2285000] SCOREBOARD MATCH: wstrb passthrough beat=188 expected = 68, actual =68
[2285000] SCOREBOARD MATCH: wstrb passthrough beat=189 expected = a9, actual =a9
[2285000] SCOREBOARD MATCH: wstrb passthrough beat=190 expected = 76, actual =76
[2285000] SCOREBOARD MATCH: wstrb passthrough beat=191 expected = e9, actual =e9
[2285000] SCOREBOARD MATCH: wstrb passthrough beat=192 expected = f2, actual =f2
[2285000] SCOREBOARD MATCH: wstrb passthrough beat=193 expected = 4c, actual =4c
[2285000] SCOREBOARD MATCH: wstrb passthrough beat=194 expected = f8, actual =f8
[2285000] SCOREBOARD MATCH: wstrb passthrough beat=195 expected = 5a, actual =5a
[2285000] SCOREBOARD MATCH: bresp passthrough expected = 0, actual =0
[2285000] SCOREBOARD MATCH: response routed to correct master (write) expected = 0, actual =0
[2285000] [SCOREBOARD-M] mst_id=0 s_id=0 awaddr=4e9a718 awid=110 awlen=195 awsize=6 awburst=1 wdata=[9a50475610147e14 2a95f5612c7c400b 1283872d14ccf51a 24e1732ec3b22360 f02e636bacd3ce83 c1a0c39dcf77688f 93298bef82b1ea98 2f85b91ce68236cb b5f99f5a0357ef5b 8609d9f3f1267cb9 d7a8b385c9232b4a cc7b1aa5b58f930f 26b60fc98da252df d6c57e29d284f498 81487a8fe5ec34e 8c01162da34098ce f5c58d672eca9771 2d295abfe2c69457 86072d25fdda150f 2ca4ac80b92a70ec 9bf10543fbccba8c f9a6cf9bd9ce073f 92f8782b21f83269 9dc4ecf5a64b7c1b 8019835a2ee97d6f d0e1afd8176bbc91 bdb738ac1311fb86 c1fb78f5eea69ccd 8612595e3dd0bc07 d0e2b78d12dd28cd 8183c59ac3c9920b 19a4e1212de3082 25bb594f07961ef9 cb5fb104d27d059f e55b3621a73f1ee9 aed53de2ccf9ff16 1f7704b50b168f70 b255ae59fa34eee6 c72eedfc04d23ad6 fe8ca46e12aec3c db5fdb22e6a5f2b1 eb782d87c23e789f a36964db228ec91f 8934bbd0fb60f7cd 3d9f706dfec93ffe 2158091df4ace958 f00de125e108d548 dfd21546aa8cc4ed 9f39ae45adad5192 eb626db812a1e63 2bb6e3510f478f6b bcf4e0fdee883c21 efb25a85caf09196 da382101cbab07d8 3a3343fa1b693dd6 e659cf6c172d01ff e2d809d729e59e7f c54edc55c091f06e d7bef26d9d0b4dd1 c6f0ec50aba8abc1 ec3a9c2fba96fc44 d7a24a168c3fc8a5 37e87467c3f98e9c fe908ae19e933666 2ad2ff0ca4231096 e81c9f33d632d4f7 f4c60b5de2bb7373 86de8409e6ad2a14 3cdfff0b9f990a69 82547ddceefb233c d5a84d50b1a60a68 d13f14d2093301e6 f82e252292884c5b c42e56c4d39392ae dcc69494cdd67273 e05ebece156d6b96 e900fe44d4f4b9b7 22cb2c2aa48d1592 b9fa8128c5c792d9 1abc4c908329eaf8 27b7008b22fb7f6d e8c312463d8778ba c0b163b2e1b181b3 84ad0120037f5ed6 c106d790e868643d ca19e5f1ed701366 f0ef723c81b83b42 ea209f80cec6e711 3c36fa78b1f649cc 33ae850f343a8571 83016c82ad266cb4 df1cb6811dcf248f d209aa00bf3866fa ec5ed3af12cb3b90 309a601fd50b1682 14437d7dcb7b8a30 de46c5c002a40a1f d7af20a100a2512c cc1ddb5c0ee125df 11852ffeebf29e1e ec94ef4a2a64a11c 3945c6fbe934509f d526eebeb8b2caa6 e3176bc2cacaf6f9 b3ff4798c1bbde08 fa6ea8af9c5d32bd e72829b689263656 cae2145fdd861471 f9e3472f1b27714f a44da7a5c550bd0e a2d6d17fe10b70e5 fc32e234ef2fbc04 b48079129cba18ae fdc58994208089da 8fb045ded7574a92 f4116340f9f86bc8 9a78f5a2c430bef1 1b880983f1d6ecd4 ebcf589d2a293b81 ee59fa728f996cc3 170599886484e3f b07189c009e203f5 997b70b8ed3fb235 f38800749ecb8432 a8ad88279aebca50 882b7c8523f98a35 c2c50e67c228f8e0 dd14c330fbb37cfa 1fad072feb72968f 2d9b8f6fe5403fb6 e0f3bcb0e2721596 cde4ac258ab0529f eff0925500a0c3df e312d975fb803b94 6308e34d0e44f05 d18512e430f7859b ac77c12ff6212089 c7056f8f3497ec5a e58f71f5b2a84f63 28c96fed988a8273 cd226ecd92073324 c4af8288efcedf7c 885961efb2b1e0c2 c4b913e7ed78f275 dd47d1f1d57bd0bd 882db17f0968966f f6e188e4e5a133e0 bb1d049dcce6c566 d64f5bd5d4295ad5 b9ca8eb5c34ab61d 90317b83cd30e4b9 a15a3f8ef4e79353 38324970e680d759 b3b1bc12db24ce44 d00c6197c863c4f3 aee49c4cd50bfba1 3030c9e5083eab07 d0a26ffae296585f 37a25400003d2b7c 87bd683ff870c47 e21d64a6e7d31de5 e8104961d91e467d d8a552c419bfb8a6 192d68bf08c1fe4 c9aa6661bac2b76a d4827010e9a31fec da2f3fd0224fb926 dd127090d615469b bfb86687a3d9a631 c6295f573194e0a1 87aa273c99e7a657 3dc14c89233bcfe8 d4d0b089c7628dc4 e14a341b83eaabe0 a7267bc8dc7ad7c5 a3dd65899f0b80a4 22f62c85fbf72c51 d8720417052799a5 a4331a49ca1ca84d c613d49ffc4f69a0 81770345c72946ce 1145ef1c1e85d8b6 9ad5425625aa1d8f ecd3645dd759c3bb f5df9c711c4c459c c1f6632bfe195379 d573173490b4dec7 ad012463aec9c788 2ce31b02cb52b3a5 dc07926deef7878e 1dc14f1782563236 cda8e5dc8908b6d0 f8003e5fcaa46a19 ccfa9c4f29b07849 b2b92f1915c18d76 e065f78f9aa3822b ] wstrb=[78 74 de ee 8e a 7d 6 7e 5c f5 c 66 72 13 e4 ce 8 f1 34 7a 4 19 49 c a 7d 86 e 96 cf 1a a0 4d a0 ae e3 70 c8 84 bd 69 32 a0 d9 fb 24 96 64 57 36 3d 52 5b d3 b6 b2 9 f3 4 64 c6 ba 16 cf ad 1a 34 73 d4 4a 42 81 65 76 f4 39 c1 37 bb 26 ad af 5f 6e e6 1a 94 94 ca f4 2 b0 e 97 44 d8 8b 47 89 99 de cd 72 69 14 fb 2 f2 c8 74 5b dd 6f 5e cf 38 d2 2b 15 42 89 e4 7a 5b f 8f 9d 98 73 17 f4 83 a6 91 1b 1a a9 f 9d 4f a1 b8 69 4a c8 6 99 69 bf 3 b3 87 9 4c f0 c8 4f a3 4f 59 ef 3f 21 3f e2 71 98 d2 b0 b9 11 93 2a a9 65 db 62 76 6e 8d 1f d3 68 81 49 d6 e 68 a9 76 e9 f2 4c f8 5a ] bresp=0 bid=110
[2285000] [SCOREBOARD-S] mst_id=0 s_id=0 awaddr=4e9a718 awid=110 awlen=195 awsize=6 awburst=1 wdata=[9a50475610147e14 2a95f5612c7c400b 1283872d14ccf51a 24e1732ec3b22360 f02e636bacd3ce83 c1a0c39dcf77688f 93298bef82b1ea98 2f85b91ce68236cb b5f99f5a0357ef5b 8609d9f3f1267cb9 d7a8b385c9232b4a cc7b1aa5b58f930f 26b60fc98da252df d6c57e29d284f498 81487a8fe5ec34e 8c01162da34098ce f5c58d672eca9771 2d295abfe2c69457 86072d25fdda150f 2ca4ac80b92a70ec 9bf10543fbccba8c f9a6cf9bd9ce073f 92f8782b21f83269 9dc4ecf5a64b7c1b 8019835a2ee97d6f d0e1afd8176bbc91 bdb738ac1311fb86 c1fb78f5eea69ccd 8612595e3dd0bc07 d0e2b78d12dd28cd 8183c59ac3c9920b 19a4e1212de3082 25bb594f07961ef9 cb5fb104d27d059f e55b3621a73f1ee9 aed53de2ccf9ff16 1f7704b50b168f70 b255ae59fa34eee6 c72eedfc04d23ad6 fe8ca46e12aec3c db5fdb22e6a5f2b1 eb782d87c23e789f a36964db228ec91f 8934bbd0fb60f7cd 3d9f706dfec93ffe 2158091df4ace958 f00de125e108d548 dfd21546aa8cc4ed 9f39ae45adad5192 eb626db812a1e63 2bb6e3510f478f6b bcf4e0fdee883c21 efb25a85caf09196 da382101cbab07d8 3a3343fa1b693dd6 e659cf6c172d01ff e2d809d729e59e7f c54edc55c091f06e d7bef26d9d0b4dd1 c6f0ec50aba8abc1 ec3a9c2fba96fc44 d7a24a168c3fc8a5 37e87467c3f98e9c fe908ae19e933666 2ad2ff0ca4231096 e81c9f33d632d4f7 f4c60b5de2bb7373 86de8409e6ad2a14 3cdfff0b9f990a69 82547ddceefb233c d5a84d50b1a60a68 d13f14d2093301e6 f82e252292884c5b c42e56c4d39392ae dcc69494cdd67273 e05ebece156d6b96 e900fe44d4f4b9b7 22cb2c2aa48d1592 b9fa8128c5c792d9 1abc4c908329eaf8 27b7008b22fb7f6d e8c312463d8778ba c0b163b2e1b181b3 84ad0120037f5ed6 c106d790e868643d ca19e5f1ed701366 f0ef723c81b83b42 ea209f80cec6e711 3c36fa78b1f649cc 33ae850f343a8571 83016c82ad266cb4 df1cb6811dcf248f d209aa00bf3866fa ec5ed3af12cb3b90 309a601fd50b1682 14437d7dcb7b8a30 de46c5c002a40a1f d7af20a100a2512c cc1ddb5c0ee125df 11852ffeebf29e1e ec94ef4a2a64a11c 3945c6fbe934509f d526eebeb8b2caa6 e3176bc2cacaf6f9 b3ff4798c1bbde08 fa6ea8af9c5d32bd e72829b689263656 cae2145fdd861471 f9e3472f1b27714f a44da7a5c550bd0e a2d6d17fe10b70e5 fc32e234ef2fbc04 b48079129cba18ae fdc58994208089da 8fb045ded7574a92 f4116340f9f86bc8 9a78f5a2c430bef1 1b880983f1d6ecd4 ebcf589d2a293b81 ee59fa728f996cc3 170599886484e3f b07189c009e203f5 997b70b8ed3fb235 f38800749ecb8432 a8ad88279aebca50 882b7c8523f98a35 c2c50e67c228f8e0 dd14c330fbb37cfa 1fad072feb72968f 2d9b8f6fe5403fb6 e0f3bcb0e2721596 cde4ac258ab0529f eff0925500a0c3df e312d975fb803b94 6308e34d0e44f05 d18512e430f7859b ac77c12ff6212089 c7056f8f3497ec5a e58f71f5b2a84f63 28c96fed988a8273 cd226ecd92073324 c4af8288efcedf7c 885961efb2b1e0c2 c4b913e7ed78f275 dd47d1f1d57bd0bd 882db17f0968966f f6e188e4e5a133e0 bb1d049dcce6c566 d64f5bd5d4295ad5 b9ca8eb5c34ab61d 90317b83cd30e4b9 a15a3f8ef4e79353 38324970e680d759 b3b1bc12db24ce44 d00c6197c863c4f3 aee49c4cd50bfba1 3030c9e5083eab07 d0a26ffae296585f 37a25400003d2b7c 87bd683ff870c47 e21d64a6e7d31de5 e8104961d91e467d d8a552c419bfb8a6 192d68bf08c1fe4 c9aa6661bac2b76a d4827010e9a31fec da2f3fd0224fb926 dd127090d615469b bfb86687a3d9a631 c6295f573194e0a1 87aa273c99e7a657 3dc14c89233bcfe8 d4d0b089c7628dc4 e14a341b83eaabe0 a7267bc8dc7ad7c5 a3dd65899f0b80a4 22f62c85fbf72c51 d8720417052799a5 a4331a49ca1ca84d c613d49ffc4f69a0 81770345c72946ce 1145ef1c1e85d8b6 9ad5425625aa1d8f ecd3645dd759c3bb f5df9c711c4c459c c1f6632bfe195379 d573173490b4dec7 ad012463aec9c788 2ce31b02cb52b3a5 dc07926deef7878e 1dc14f1782563236 cda8e5dc8908b6d0 f8003e5fcaa46a19 ccfa9c4f29b07849 b2b92f1915c18d76 e065f78f9aa3822b ] wstrb=[78 74 de ee 8e a 7d 6 7e 5c f5 c 66 72 13 e4 ce 8 f1 34 7a 4 19 49 c a 7d 86 e 96 cf 1a a0 4d a0 ae e3 70 c8 84 bd 69 32 a0 d9 fb 24 96 64 57 36 3d 52 5b d3 b6 b2 9 f3 4 64 c6 ba 16 cf ad 1a 34 73 d4 4a 42 81 65 76 f4 39 c1 37 bb 26 ad af 5f 6e e6 1a 94 94 ca f4 2 b0 e 97 44 d8 8b 47 89 99 de cd 72 69 14 fb 2 f2 c8 74 5b dd 6f 5e cf 38 d2 2b 15 42 89 e4 7a 5b f 8f 9d 98 73 17 f4 83 a6 91 1b 1a a9 f 9d 4f a1 b8 69 4a c8 6 99 69 bf 3 b3 87 9 4c f0 c8 4f a3 4f 59 ef 3f 21 3f e2 71 98 d2 b0 b9 11 93 2a a9 65 db 62 76 6e 8d 1f d3 68 81 49 d6 e 68 a9 76 e9 f2 4c f8 5a ] bresp=0 bid=110
[2285000] SCOREBOARD: Transaction 5 received. pass=491 fail=0
[2285000] SCOREBOARD: Expected 5 transactions completed, PASS=491 FAIL=0
[2285000] ALL PASS. Total transactions: 5
[2285000] ALL TRANSACTIONS MONITORED
$finish called at time : 2305 ns : File "/home/nashita/Desktop/practice/axi_xbar/tb/top/axi_tb_top.sv" Line 220
exit
INFO: xsimkernel Simulation Memory Usage: 289464 KB (Peak: 337864 KB), Simulation CPU Usage: 1180 ms
INFO: [Common 17-206] Exiting xsim at Thu Sep 10 18:47:28 2026...
