#-----------------------------------------------------------
# xsim v2025.2 (64-bit)
# SW Build 6299465 on Fri Nov 14 12:34:56 MST 2025
# IP Build 6300035 on Fri Nov 14 10:48:45 MST 2025
# SharedData Build 6298862 on Thu Nov 13 04:50:51 MST 2025
# Start of session at: Fri Sep 11 12:04:00 2026
# Process ID         : 750840
# Current directory  : /home/nashita/Desktop/practice/axi_xbar/sim
# Command line       : xsim -log regress_results/BT_run56.log -mode tcl -source {xsim.dir/tb_top_snap/xsim_script.tcl}
# Log file           : /home/nashita/Desktop/practice/axi_xbar/sim/regress_results/BT_run56.log
# Journal file       : /home/nashita/Desktop/practice/axi_xbar/sim/xsim.jou
# Running On         : vlsi-vivado
# Platform           : Ubuntu
# Operating System   : Ubuntu 24.04.4 LTS
# Processor Detail   : Intel(R) Core(TM) i5-10400 CPU @ 2.90GHz
# CPU Frequency      : 800.000 MHz
# CPU Physical cores : 6
# CPU Logical cores  : 12
# Host memory        : 41875 MB
# Swap memory        : 27648 MB
# Total Virtual      : 69524 MB
# Available Virtual  : 62633 MB
#-----------------------------------------------------------
source xsim.dir/tb_top_snap/xsim_script.tcl
# xsim {tb_top_snap} -testplusarg BT -autoloadwcfg -runall -sv_seed 57
Time resolution is 1 ps
run -all
[0] RUNNING BASE TEST
[0] INSIDE THE BASE TEST CONSTRUCTOR
[0] ENV: before agent
[0] SLAVE CONSTRUCTED
[0] MASTER MONITOR CONSTRUCTED
[0] MASTER MONITOR CONSTRUCTED
[0] SLAVE MONITOR CONSTRUCTED
[0] SLAVE MONITOR CONSTRUCTED
[0] ARB MONITOR CONSTRUCTED
GENERATOR CONSTRUCTED
[0] ENV: after agent
[0] ENV: before scoreboard
[0] ENV: after scoreboard
[15000] [SEQUENCER] mst_id=0 s_id=0 awaddr=bfeb520 awid=1000 awlen=249 awsize=2 awburst=1 wdata=[d7633a2cc9b66c76 1f592ee4d57ea427 b6e9ec59e0e310d0 2a997d47d068fd0e 25e7a1358e4d2685 ef303756c9f2ac2b 1a5ba939dcd18d8e eb1eb41419c9b49d e3bc60c8c0434a6e 9d14d7fcda4eeb6a f418a007fe180a01 3e5b546f88338c10 e282777ad7d500cf d5ed0ad0db702c6b e3a3b87cd69b1781 ae70185014485f3f efb88baac6262ff6 1cc14778845d2320 98a5825fd35c4426 1982741dcb315fc8 cf8e82e9085e0e0a dbba52303643bb95 81751b5de8340548 f0921352f53cc64d ab8081e2d1039e46 3937a38fcc4c6583 c1892bd02cf59d40 fdf93b86a9c9b6e1 f6161c64ed09adb3 19ff4af3b730df15 e0fa95f7379f4835 24a8f5e897f88679 cf29658fd710b25b 8eaffa903ea840db d6a0c7543023fb86 8734ade1b358f078 f2013153a5ca2ce3 d5ee286915e4a872 c93d98eac8a1f8a8 ee6c258bdd22d64b f3077ebd3b3eca3e 3e0c2e6c45a4df5 217d2440bc4517a7 f783e1e5f24ce871 b6a736661484a2fd d0c9baa4fb64a4cb edb18d3dd8245aa6 eca8fda3c84d9c8a c3b24155a458c3a3 fc7d1e4a3d72b848 5c054d2b163ce92 d5bc9236e9261bed a698d435c9729627 fad664bad239b080 bb5fcc6dac592907 f5cbbf2fd092f6f0 22cca770e1f8a0a3 8e51c9aaf0a223e9 c1351ad9de2c73dd c0251480841d88d9 f4bfacc2e401c249 c22e3626ce76de2b d2946704b5f4c79b 99f689e402534aa7 d0ca28d2c75413c7 fd48db62dc24c00b de780ab2a35e8fd6 eab2a39d173f6547 f36425522f423384 d2a0c35ae7fb7f00 ff3ae447d1dc3004 11e63883d5366f8 254ee5f8f29f0999 c47b399dd3bf26e2 91128dda2489ca3f 1728d3d8c5999d25 9958c407b66173d2 daeb3e11dba40d75 213daa9a2a6b51e2 e0ccc5b4f21411e9 cdb81f5eba966ea1 e501c0833bb803c6 adcc15afeef5c9f8 298c389ac5ce8638 18689fefb84350e ea79ff068e8df91d d45c7f55af529fad aad6d4bb940637a0 229430bed5e30953 535a9011550d3c2 a9570b62f6f0b013 ccd3b967b00c7dbc c55d517ecbeb3c20 c2dbec34d2096268 8215e024eeb45ce1 ba9f99010fafa59b e1b90803c77331a3 36278e84fd7b8535 8d2b2ad0e3cee827 ab4219caf0c72785 ee42acbbeee432d3 d2b31afbe169a84e d230cfd4fb6dd78b ea520a5ffdf534c5 df5edd14c0737c8f bbe1541a3d05255a bafa5a1f318face8 f2032977a6335e79 e33883d39a593733 cbe8e41bade47d91 d417dc0b1e32ddf3 b88c1526bdec0d92 ebd08b24b7505fde d5833dd10474f942 c26106d43fe8672f f738c70d0e0f52f8 12844c3aae3191f8 ee19f927ccbc04df dacb57d7d4e5530e 316e507e552c035 320ec514ed4fa411 c234f71ff130de2e d6839e630cda1ceb fa29c0fcc54bdc26 367cba5588926377 956c8062bc5eb81b 1aa94428d0058b8 1592bc308f96415e cbf4f97a38274e97 c527a74faaff3c92 3a957df1cd9f8dbc 5c6dc53daba637f 5b9a012068a776b d42a0527caee83a2 25a8e722c04f1e03 c6d9956ed9f0e17a a4df651c2b628734 ebb1a5371b039a95 f4f47c0fca884c3e f5ead372328b3aa5 cd8ed53a99d3e12b e45c2d6ae19c78a9 9427b34ec2835149 dc573274da4700dc 3be37986e1b68888 a439d9d1c0b35fde 1afa60bbd00b2cd4 31c1b55d00910c46 c1446c24d6ddda41 a6e90715d5fb8f2e d68c9b74dc3eccdf b31ca720d8aabc72 2ea64ba117d10799 f40fd478da05ae36 b2b06aa88532e715 9d03eeae272c7b99 13229cfe156b649 e6899d5f1113c327 38403ec0b3e29477 15394ac1838d8c0d 94a14f343972688f ed54fd06fbc2e820 ff50742dcce18df4 8653f683828e47c7 fe512fe713f1c362 e0d35156f3a8f38a f6373b51fda1a415 11936777e72747da dad03b64f4886b39 f22a0f4ef266b8cd d98e00a7d10776b5 c58fe1ee03bd76c5 f6242f92b45e3c0b 565b2c1b7b9f13c bb776801cfb2303a 84106c45caf594af 2af85ec319b9794 14dc7ce89761f06 d46bb3b6be26eded efc28581855e3413 ed4531ad71b39a2 9542278ff1104d4f f66e8163e34006d0 3a5b40720504ad11 f614fa600542d47d e882db4dcf9d6801 d4a21512ec837bc3 f1c6504022de1bbf f27b83c0cab70f73 b73a8b36da492b8d fd27474cc71d98d3 11d4a8462900db77 834a0704efa2cb0d 36c063e0c90f337c f2100ef300714e51 f014195ec8950c26 91a43fa2f55a15f8 f5cb644926d47d3e ef69896403b44e96 f90e648ee5df7da7 cb3fae5810dc906 84c2179ceed9c8d7 d4b9467efc1d8449 fd2b4d4ffdd07c2a ecaa4501e16d4163 dd8ac5ac01ed64ec ffbde116c1638b7f a2d0cce2dab612fb dca377e7ec682618 adcbb197805b928e db11a58adc6158fe c8c97f16d09c7e7a d0f81108b7b51d71 9416766ff69530ad c731af27ac09b692 e3bed404dcdff585 d37526331829c030 c43376c2f7d54a73 d4b53ff99aa6d55a b2d0958aa7f24ac6 1fc7953a282a662c c2d13b86f7040c4d 9ef65713f47cd533 1ca73b5ff5a1d111 eca5dd5ebebdec4d b33ac180df7876e5 d51a47f68b9c3471 ca5a20bfcfe1fcdf 2f5a73c5c1c02554 cd5c59c6fd94e23f cd76df1f8474bbbb c634e11017b67a85 954b5cc4fcd152e4 81460e9f13913ad6 2b47b55be2c23be3 df938ec7c77aefaf db0c2a85c093121f 23554e03e0d99d67 a8548d168653dfe0 c6e6f20082e8dcca e3c27a310360b79c 89b4977cea3c4003 ed251ccd0c170748 f77bee4d09b897c bad7c97fd0e796ff dcfe9e47992c5660 e9c7dfdd27fce64d f8e47d4cec765d2b 85a2b38ba49fa95c cc9c8fa9d5e31b93 ] wstrb=[68 be f5 c5 49 88 6e b2 46 64 77 90 ec e5 42 33 49 b9 c3 36 9e 5 69 e8 be 2c 1e 5c 31 87 44 ef b3 62 4b e4 e9 90 d3 9c f2 1e 80 dc ae 53 78 a1 72 f9 7d 20 4c f5 c1 be ee 3e df 3b 34 a0 f9 22 df d8 5d 13 79 57 35 58 2f 93 6b a8 ea a0 0 19 33 6b c2 1d c c2 37 3f 2e f9 5d 3a bb 94 79 e9 8d d6 23 48 6a 9d 32 f7 73 55 40 de f2 72 d5 66 c7 15 44 ba 87 19 20 4f 2f 64 9 b6 7d 29 5 ac 8d e 63 a 37 68 b7 c4 77 1a cf ae 82 86 73 f9 a0 42 a8 22 c8 1b 1c 68 5d c4 8a 25 df a6 8d 3c 6a 17 61 49 be ee 85 28 5 e6 72 c3 d4 f7 ec da de 5e 9d b2 55 89 8c 33 e7 2a e6 3d b3 72 70 9b 9c 56 d8 50 c9 48 eb 65 9f c3 b5 68 b a0 cd aa 63 83 12 6f 23 e0 19 87 63 2c f6 86 c f d 6f 3b 3 f5 47 13 3 b6 4e 6 ac 96 19 af 4c 68 b5 f8 fe cf a7 4a 37 5d 43 35 2c ] bresp=0 bid=0
[15000] [SEQUENCER] mst_id=0 s_id=0 awaddr=8ae85a8 awid=1110 awlen=194 awsize=2 awburst=1 wdata=[fe57199ec8c2836a 3335b95e279bfaf1 8e738b3fdbc37c9 c67ebb33d8292119 ffc51c0a873e5251 4fa8a1bf9b47491 d1dd95ab88ac54bd feaa70fcb79454e c52db9e0d1a2b1b5 da4f067314e5312a e05e7678170b4f8b e8ae0140ea39ad82 ff1edeaca58c3058 bc977fe3c2fd07b3 ad36b535df7d5524 509857d25458124 e84288d7ac5593e1 bd2e906c1a10560 e6e6868415793e0d c1ced1ee10dc6e83 d27d73e3cf290f5c e4a24d69cda1baf4 de7e29773963fa68 88d09c4a6711f57 f412da4c30fb9d5b ea5f97c3ed2f572d 93a07684d29103c3 838ca11ef2eca187 e01bf8b487b350d0 da445494edec38e1 e0d8da68f3bc6f38 fb6fc009ddd0f5b2 cbbd2e94c0f4d31c 34b14255d5b4149d b3850a4fac9608fc ed8adc193021025e 5d516fbff4238e3 2bd841e0223c1e6e d25d20ccb95a214a 389c5a2e19631df9 3b9f3c67d83237c7 918c5911e4749c0e fdd7ba070dfc5d33 e62e94faca28b33f ae9d4f4d3976f66e c77353a1f7baee0b c1e3a14bac750954 e5ebffc22da1e89b a55cd6a6f080f098 1cf5f9edad5f5363 db013bfee74077f1 d7c1688a82e1f9af 30414d13005e12a5 e79e8a96f4b76277 f7995c268b428911 8ba09bb6bf5ff320 b4175597a7daa939 331d324bf33f264d b29f196d2bb0b1be d38b5af7bebdce01 b1fcf44ee6b66f05 126720c386a88d42 c5665b44e49c0dbc cb527cc1e5f27bba ec9b08fdf7634f92 dbff5d4eddb99d84 c3ac193e32016441 a964b3d3a751da0f 850b7793b047223b e248867c05641122 acb5eb31c8b790d2 f8feb30d0bad3a50 11114b7231c162c5 fa78f397db47398a e6f473dabdc736a3 ef889968f377a6a4 cebee02ef805bf4c b5ccf5efea018cff dd7933a4b5b35408 adb9135425558f58 8f571c57ac3813d2 e1eb67dbe3860944 8db989cecd04ffb 190863ce8fa47b2f f32a84739832b4f3 50304effaf3cba9 8a9846d8fc061d0f 1438d2031e0b68bd 18ff3466fdc2cb4c f9c8e85b193bd6f2 37473fafa3977b3e a15a468a8e01ba5e a73d9150d0467415 f3ddef531b232ee6 a924e944de84d0ff aecb4514153835de 305b64c4d0627a95 aee74b9422a93468 37e16a46d9804e08 a9e2c89dddb290a9 5bc511e83ccf0a c1bd1d12d8ca1432 367ca4db383d2f57 2079fe61eb9fe5b0 c469f9e236d869ec ef159943e2371b73 cdd70123fae69ebd 31bf08a90f8f97a4 f1c6b3179240fb05 8d2799c220d4a1ec 306439903f9db43b d1deaf40bee6a26b dfbb4457a22aeca7 e1c8a0e2df064903 9deceb6e901f7de7 324a6a8f33a75023 12ad9926fda82fc6 8dc7adad94130b71 c7ba5b94b09a8494 ae42b45ac012183c d42523aeda67f4ba b02794f3c0a6208 fc1c7a449bdf7f42 f64773fdb9452da9 f54f8fb1d0419df2 ec211d350149ed4c ba8f1af5f16c09f6 c1ada7e8e2689132 e3b27e7e2fdeaaa7 214ab49dadcec51d 9037564f9e419973 ce20441ae2f85c85 10c721a3f3e9d4cd 122b6e41ef6af8b7 d263553da0fe77f2 14e84cc0e04bb25b cfb6ab13e32a76e0 8428eed22713bb01 875f6d5c221a0050 544773099113b92 c024f693d716186f f93018bf896d6602 227ea195c78463f0 9e9a7c5ffe748fef 7e1f5f2e2a39828 aa27fc1817ca951f 963f250e2a609787 8d042fafc8c27878 e08d0d979e211b00 c881b287372c2bc8 ffeea440f6cc32a5 14ed4da6d585e237 cb20dffe07bb1d7 d747e47cdd6f002d b2f4e2640ca0b23f ed1c6416ec353222 c9a43250bfa6f063 cc47a2a2c4644892 30997ab5fc9914b4 3c400518b96406b8 fdc84f4bfa3dad05 f6d6c1b98887a7ba c1ebae732e61ca00 289f7705b316c6d1 3b9e6e8c3fb3fdbe ee15c7be9f7638be d28cff90fd8a1cff 3d3e1abd16b53ec3 b62b77810e2b6e1c bb58b1b2b53e27b c209213e88b87711 96e3e52dc8f3a5d8 f4478853f83498bf ed0fd1a2997048 eb8d16203650a991 ae85425097d0f4fe 3a6a6547dfd49e73 96254804af725221 c7434720a5f77b67 5cc19dbc4aa8a55 f41cdc7601adac67 a7a527ce9bf161df e09bec34bb602396 bd0dcffdad7141a9 c962a389d4b8c8ab 9018ec41e4b2f7cc 92243975a9fe8fbd feb75868cd26bc3f 31d9b40bdb86dcfe 5856cbc0ed044aa dbf700e9c3fded80 1f84ca7f843cc524 930d09ce0dd0b4f4 d1cea274250a373b a946fc5fef040ab7 ] wstrb=[f3 ab 2e 2e 20 e5 8e 13 91 bc 42 b1 a1 d0 c4 32 8c 6 e3 2d d6 a8 60 62 ae 43 90 85 eb f0 e7 9a 33 77 1f 1f 67 6 b9 9b 7e d8 ba e5 de 73 80 5c 4b 3a 42 29 ad c2 86 f8 fd c8 22 aa 8a a8 a3 87 70 c5 32 fa 6d d5 82 dd 9a b4 d7 7 89 59 e4 23 d bb 2a 96 15 e b9 22 c9 e3 b9 de f1 72 1 bb 56 ba 99 47 2c 9a 2 82 54 9c ca 81 36 cc 3 8b 68 cd c 9f 9a f 2a 2 dd 36 a1 77 45 cb 79 22 1 1b 99 47 e6 13 69 e8 2e 3 2f 14 16 98 fc 44 9b 2b 58 b1 c4 55 f5 5f 80 4e 11 44 a3 6 a4 23 54 b5 68 f7 bb c 1b 10 c1 83 7 7c 8f 22 8c 50 a5 94 cc 34 b6 59 84 5c ed 51 90 a3 aa 15 ff 97 66 90 3a ] bresp=0 bid=0
[15000] [SEQUENCER] mst_id=0 s_id=0 awaddr=43be028 awid=1110 awlen=11 awsize=4 awburst=0 wdata=[b6263090bbd92d46 c5e1c0e0a3df4599 f7f9cda5db482ac4 1721580bee693ce6 9248827fae1ffe35 96828fadd0318eb cb6c55d18a425024 38624e5a20898105 fd8c99f0ddb4d851 e7f72875c1ca7754 e253f859c8f8efc2 26adc813a05976cf ] wstrb=[49 23 88 b 7c 58 1e c6 7b a7 d1 f8 ] bresp=0 bid=0
[15000] [SEQUENCER] mst_id=0 s_id=0 awaddr=1e3b6cf8 awid=110 awlen=32 awsize=0 awburst=1 wdata=[c01d9ddef45efbaf a484fecf34b1e74c 1ab0b7e483eabf94 f849bb43d0726f8f 52456dbdace55c2 deb915561cceba13 ed4129a21fd50ebf faa36481d702d09a f3d18aadf265807d 123a8f3cd95c79d7 b05f4a71e112b44f d37834cc0cddf3bd e63a6d94a430d51e 8543896de5b2c408 f290b7c51699b806 baca8d24d8bbbe39 be6e8241d8cb2559 ef64dd5fc00e1692 98c9d4cbb0ff3a06 9ca5f602a2f6a84 ea3d8116d738570d 88379113f92f3cbf a35ea743830755e1 da3facee9201f073 b312d338d9c2859 10a37e3be2773e02 f4792e75ae8fd476 3c2bfcd0eae32b29 cd5a692bffaa5ba8 2e3a301fcccf7b0b b7b2a634c1d397a1 c17df349ea662cef 3735a7fa050d0f60 ] wstrb=[68 1 2e 57 4a 8e 51 b3 8f 80 a da e 5c 8d 9e dc 97 78 ea f3 5 88 cf 9c 0 ba 90 5 42 5f a2 43 ] bresp=0 bid=0
[15000] [SEQUENCER] READ mst_id=1 s_id=0 araddr=76a1fa8 arid=0 arlen=1 arsize=3 arburst=1 rid=[] rresp=[] rdata=[]
[15000] MASTER_DRIVER0 received transaction, op=AXI_WRITE
[15000] MASTER_DRIVER1 received transaction, op=AXI_READ
[35000] MASTER 0 AW_VALID_RDY Handshake
[45000] ARB MONITOR: slave=0 m0_req=1 m1_req=0 winner=0
[45000] ARB MONITOR: slave=0 m0_req=0 m1_req=1 winner=1
[45000] AXI S0_ARVALID_RDY HANDSHAKE
[45000] MEMORY READ MISS beat=0 addr=76a1fa8 -> default data id=16
[45000] AXI S0_AWVALID_RDY HANDSHAKE
[55000] MEMORY READ MISS beat=1 addr=76a1fb0 -> default data id=16
[55000] SLAVE 0 R_VALID_RDY Handshake beat=0 rlast=0
[55000] MASTER 0 W_VALID_RDY Handshake beat=0 wlast=0
[65000] MASTER 0 W_VALID_RDY Handshake beat=1 wlast=0
[65000] SLAVE 0 R_VALID_RDY Handshake beat=1 rlast=1
[65000] [SLAVE MONITOR] READ mst_id=1 s_id=0 araddr=76a1fa8 arid=0 arlen=1 arsize=3 arburst=1 rid=[1010] rresp=[00] rdata=[baadf00d12345678baadf00d12345678]
[65000] AXI S0_WVALID_RDY HANDSHAKE
[65000] S0 MEMORY WRITE beat=0 addr=0bfeb520 data=d7633a2cc9b66c76 id=08
[75000] AXI S0_WVALID_RDY HANDSHAKE
[75000] S0 MEMORY WRITE beat=1 addr=0bfeb524 data=1f592ee4d57ea427 id=08
[75000] MASTER 1 R_VALID_RDY Handshake beat=0 rlast=0
[75000] MASTER 0 W_VALID_RDY Handshake beat=2 wlast=0
[85000] [MASTER DRIVER] READ mst_id=1 s_id=0 araddr=76a1fa8 arid=0 arlen=1 arsize=3 arburst=1 rid=[00] rresp=[00] rdata=[baadf00d12345678baadf00d12345678]
[85000] MASTER 0 W_VALID_RDY Handshake beat=3 wlast=0
[85000] MASTER 1 R_VALID_RDY Handshake beat=1 rlast=1
[85000] [MASTER MONITOR] READ mst_id=1 s_id=0 araddr=76a1fa8 arid=0 arlen=1 arsize=3 arburst=1 rid=[00] rresp=[00] rdata=[baadf00d12345678baadf00d12345678]
[85000] AXI S0_WVALID_RDY HANDSHAKE
[85000] S0 MEMORY WRITE beat=2 addr=0bfeb528 data=b6e9ec59e0e310d0 id=08
[85000] SCOREBOARD MATCH: decode_err expected = 0, actual =0
[85000] SCOREBOARD MATCH: slave_id expected = 0, actual =0
[85000] SCOREBOARD MATCH: araddr passthrough expected = 76a1fa8, actual =76a1fa8
[85000] SCOREBOARD MATCH: arlen passthrough expected = 1, actual =1
[85000] SCOREBOARD MATCH: arsize passthrough expected = 3, actual =3
[85000] SCOREBOARD MATCH: arburst passthrough expected = 1, actual =1
[85000] SCOREBOARD MATCH: rdata size check expected = 2, actual =2
[85000] SCOREBOARD MATCH: rdata passthrough beat=0 expected = baadf00d12345678, actual =baadf00d12345678
[85000] SCOREBOARD MATCH: rdata passthrough beat=1 expected = baadf00d12345678, actual =baadf00d12345678
[85000] SCOREBOARD MATCH: rresp size check expected = 2, actual =2
[85000] SCOREBOARD MATCH: rresp passthrough beat=0 expected = 0, actual =0
[85000] SCOREBOARD MATCH: rresp passthrough beat=1 expected = 0, actual =0
[85000] SCOREBOARD MATCH: response routed to correct master (read beat 0) expected = 1, actual =1
[85000] SCOREBOARD MATCH: response routed to correct master (read beat 1) expected = 1, actual =1
[85000] [SCOREBOARD-M] READ mst_id=1 s_id=0 araddr=76a1fa8 arid=0 arlen=1 arsize=3 arburst=1 rid=[00] rresp=[00] rdata=[baadf00d12345678baadf00d12345678]
[85000] [SCOREBOARD-S] READ mst_id=1 s_id=0 araddr=76a1fa8 arid=0 arlen=1 arsize=3 arburst=1 rid=[1010] rresp=[00] rdata=[baadf00d12345678baadf00d12345678]
[85000] SCOREBOARD: Transaction 1 received. pass=14 fail=0
[85000] ALL PASS. Total transactions: 1
[95000] AXI S0_WVALID_RDY HANDSHAKE
[95000] S0 MEMORY WRITE beat=3 addr=0bfeb52c data=2a997d47d068fd0e id=08
[95000] MASTER 0 W_VALID_RDY Handshake beat=4 wlast=0
[105000] MASTER 0 W_VALID_RDY Handshake beat=5 wlast=0
[105000] AXI S0_WVALID_RDY HANDSHAKE
[105000] S0 MEMORY WRITE beat=4 addr=0bfeb530 data=25e7a1358e4d2685 id=08
[115000] AXI S0_WVALID_RDY HANDSHAKE
[115000] S0 MEMORY WRITE beat=5 addr=0bfeb534 data=ef303756c9f2ac2b id=08
[115000] MASTER 0 W_VALID_RDY Handshake beat=6 wlast=0
[125000] MASTER 0 W_VALID_RDY Handshake beat=7 wlast=0
[125000] AXI S0_WVALID_RDY HANDSHAKE
[125000] S0 MEMORY WRITE beat=6 addr=0bfeb538 data=1a5ba939dcd18d8e id=08
[135000] AXI S0_WVALID_RDY HANDSHAKE
[135000] S0 MEMORY WRITE beat=7 addr=0bfeb53c data=eb1eb41419c9b49d id=08
[135000] MASTER 0 W_VALID_RDY Handshake beat=8 wlast=0
[145000] MASTER 0 W_VALID_RDY Handshake beat=9 wlast=0
[145000] AXI S0_WVALID_RDY HANDSHAKE
[145000] S0 MEMORY WRITE beat=8 addr=0bfeb540 data=e3bc60c8c0434a6e id=08
[155000] AXI S0_WVALID_RDY HANDSHAKE
[155000] S0 MEMORY WRITE beat=9 addr=0bfeb544 data=9d14d7fcda4eeb6a id=08
[155000] MASTER 0 W_VALID_RDY Handshake beat=10 wlast=0
[165000] MASTER 0 W_VALID_RDY Handshake beat=11 wlast=0
[165000] AXI S0_WVALID_RDY HANDSHAKE
[165000] S0 MEMORY WRITE beat=10 addr=0bfeb548 data=f418a007fe180a01 id=08
[175000] AXI S0_WVALID_RDY HANDSHAKE
[175000] S0 MEMORY WRITE beat=11 addr=0bfeb54c data=3e5b546f88338c10 id=08
[175000] MASTER 0 W_VALID_RDY Handshake beat=12 wlast=0
[185000] MASTER 0 W_VALID_RDY Handshake beat=13 wlast=0
[185000] AXI S0_WVALID_RDY HANDSHAKE
[185000] S0 MEMORY WRITE beat=12 addr=0bfeb550 data=e282777ad7d500cf id=08
[195000] AXI S0_WVALID_RDY HANDSHAKE
[195000] S0 MEMORY WRITE beat=13 addr=0bfeb554 data=d5ed0ad0db702c6b id=08
[195000] MASTER 0 W_VALID_RDY Handshake beat=14 wlast=0
[205000] MASTER 0 W_VALID_RDY Handshake beat=15 wlast=0
[205000] AXI S0_WVALID_RDY HANDSHAKE
[205000] S0 MEMORY WRITE beat=14 addr=0bfeb558 data=e3a3b87cd69b1781 id=08
[215000] AXI S0_WVALID_RDY HANDSHAKE
[215000] S0 MEMORY WRITE beat=15 addr=0bfeb55c data=ae70185014485f3f id=08
[215000] MASTER 0 W_VALID_RDY Handshake beat=16 wlast=0
[225000] MASTER 0 W_VALID_RDY Handshake beat=17 wlast=0
[225000] AXI S0_WVALID_RDY HANDSHAKE
[225000] S0 MEMORY WRITE beat=16 addr=0bfeb560 data=efb88baac6262ff6 id=08
[235000] AXI S0_WVALID_RDY HANDSHAKE
[235000] S0 MEMORY WRITE beat=17 addr=0bfeb564 data=1cc14778845d2320 id=08
[235000] MASTER 0 W_VALID_RDY Handshake beat=18 wlast=0
[245000] MASTER 0 W_VALID_RDY Handshake beat=19 wlast=0
[245000] AXI S0_WVALID_RDY HANDSHAKE
[245000] S0 MEMORY WRITE beat=18 addr=0bfeb568 data=98a5825fd35c4426 id=08
[255000] AXI S0_WVALID_RDY HANDSHAKE
[255000] S0 MEMORY WRITE beat=19 addr=0bfeb56c data=1982741dcb315fc8 id=08
[255000] MASTER 0 W_VALID_RDY Handshake beat=20 wlast=0
[265000] MASTER 0 W_VALID_RDY Handshake beat=21 wlast=0
[265000] AXI S0_WVALID_RDY HANDSHAKE
[265000] S0 MEMORY WRITE beat=20 addr=0bfeb570 data=cf8e82e9085e0e0a id=08
[275000] AXI S0_WVALID_RDY HANDSHAKE
[275000] S0 MEMORY WRITE beat=21 addr=0bfeb574 data=dbba52303643bb95 id=08
[275000] MASTER 0 W_VALID_RDY Handshake beat=22 wlast=0
[285000] MASTER 0 W_VALID_RDY Handshake beat=23 wlast=0
[285000] AXI S0_WVALID_RDY HANDSHAKE
[285000] S0 MEMORY WRITE beat=22 addr=0bfeb578 data=81751b5de8340548 id=08
[295000] AXI S0_WVALID_RDY HANDSHAKE
[295000] S0 MEMORY WRITE beat=23 addr=0bfeb57c data=f0921352f53cc64d id=08
[295000] MASTER 0 W_VALID_RDY Handshake beat=24 wlast=0
[305000] MASTER 0 W_VALID_RDY Handshake beat=25 wlast=0
[305000] AXI S0_WVALID_RDY HANDSHAKE
[305000] S0 MEMORY WRITE beat=24 addr=0bfeb580 data=ab8081e2d1039e46 id=08
[315000] AXI S0_WVALID_RDY HANDSHAKE
[315000] S0 MEMORY WRITE beat=25 addr=0bfeb584 data=3937a38fcc4c6583 id=08
[315000] MASTER 0 W_VALID_RDY Handshake beat=26 wlast=0
[325000] MASTER 0 W_VALID_RDY Handshake beat=27 wlast=0
[325000] AXI S0_WVALID_RDY HANDSHAKE
[325000] S0 MEMORY WRITE beat=26 addr=0bfeb588 data=c1892bd02cf59d40 id=08
[335000] AXI S0_WVALID_RDY HANDSHAKE
[335000] S0 MEMORY WRITE beat=27 addr=0bfeb58c data=fdf93b86a9c9b6e1 id=08
[335000] MASTER 0 W_VALID_RDY Handshake beat=28 wlast=0
[345000] MASTER 0 W_VALID_RDY Handshake beat=29 wlast=0
[345000] AXI S0_WVALID_RDY HANDSHAKE
[345000] S0 MEMORY WRITE beat=28 addr=0bfeb590 data=f6161c64ed09adb3 id=08
[355000] AXI S0_WVALID_RDY HANDSHAKE
[355000] S0 MEMORY WRITE beat=29 addr=0bfeb594 data=19ff4af3b730df15 id=08
[355000] MASTER 0 W_VALID_RDY Handshake beat=30 wlast=0
[365000] MASTER 0 W_VALID_RDY Handshake beat=31 wlast=0
[365000] AXI S0_WVALID_RDY HANDSHAKE
[365000] S0 MEMORY WRITE beat=30 addr=0bfeb598 data=e0fa95f7379f4835 id=08
[375000] AXI S0_WVALID_RDY HANDSHAKE
[375000] S0 MEMORY WRITE beat=31 addr=0bfeb59c data=24a8f5e897f88679 id=08
[375000] MASTER 0 W_VALID_RDY Handshake beat=32 wlast=0
[385000] MASTER 0 W_VALID_RDY Handshake beat=33 wlast=0
[385000] AXI S0_WVALID_RDY HANDSHAKE
[385000] S0 MEMORY WRITE beat=32 addr=0bfeb5a0 data=cf29658fd710b25b id=08
[395000] AXI S0_WVALID_RDY HANDSHAKE
[395000] S0 MEMORY WRITE beat=33 addr=0bfeb5a4 data=8eaffa903ea840db id=08
[395000] MASTER 0 W_VALID_RDY Handshake beat=34 wlast=0
[405000] MASTER 0 W_VALID_RDY Handshake beat=35 wlast=0
[405000] AXI S0_WVALID_RDY HANDSHAKE
[405000] S0 MEMORY WRITE beat=34 addr=0bfeb5a8 data=d6a0c7543023fb86 id=08
[415000] AXI S0_WVALID_RDY HANDSHAKE
[415000] S0 MEMORY WRITE beat=35 addr=0bfeb5ac data=8734ade1b358f078 id=08
[415000] MASTER 0 W_VALID_RDY Handshake beat=36 wlast=0
[425000] MASTER 0 W_VALID_RDY Handshake beat=37 wlast=0
[425000] AXI S0_WVALID_RDY HANDSHAKE
[425000] S0 MEMORY WRITE beat=36 addr=0bfeb5b0 data=f2013153a5ca2ce3 id=08
[435000] AXI S0_WVALID_RDY HANDSHAKE
[435000] S0 MEMORY WRITE beat=37 addr=0bfeb5b4 data=d5ee286915e4a872 id=08
[435000] MASTER 0 W_VALID_RDY Handshake beat=38 wlast=0
[445000] MASTER 0 W_VALID_RDY Handshake beat=39 wlast=0
[445000] AXI S0_WVALID_RDY HANDSHAKE
[445000] S0 MEMORY WRITE beat=38 addr=0bfeb5b8 data=c93d98eac8a1f8a8 id=08
[455000] AXI S0_WVALID_RDY HANDSHAKE
[455000] S0 MEMORY WRITE beat=39 addr=0bfeb5bc data=ee6c258bdd22d64b id=08
[455000] MASTER 0 W_VALID_RDY Handshake beat=40 wlast=0
[465000] MASTER 0 W_VALID_RDY Handshake beat=41 wlast=0
[465000] AXI S0_WVALID_RDY HANDSHAKE
[465000] S0 MEMORY WRITE beat=40 addr=0bfeb5c0 data=f3077ebd3b3eca3e id=08
[475000] AXI S0_WVALID_RDY HANDSHAKE
[475000] S0 MEMORY WRITE beat=41 addr=0bfeb5c4 data=03e0c2e6c45a4df5 id=08
[475000] MASTER 0 W_VALID_RDY Handshake beat=42 wlast=0
[485000] MASTER 0 W_VALID_RDY Handshake beat=43 wlast=0
[485000] AXI S0_WVALID_RDY HANDSHAKE
[485000] S0 MEMORY WRITE beat=42 addr=0bfeb5c8 data=217d2440bc4517a7 id=08
[495000] AXI S0_WVALID_RDY HANDSHAKE
[495000] S0 MEMORY WRITE beat=43 addr=0bfeb5cc data=f783e1e5f24ce871 id=08
[495000] MASTER 0 W_VALID_RDY Handshake beat=44 wlast=0
[505000] MASTER 0 W_VALID_RDY Handshake beat=45 wlast=0
[505000] AXI S0_WVALID_RDY HANDSHAKE
[505000] S0 MEMORY WRITE beat=44 addr=0bfeb5d0 data=b6a736661484a2fd id=08
[515000] AXI S0_WVALID_RDY HANDSHAKE
[515000] S0 MEMORY WRITE beat=45 addr=0bfeb5d4 data=d0c9baa4fb64a4cb id=08
[515000] MASTER 0 W_VALID_RDY Handshake beat=46 wlast=0
[525000] MASTER 0 W_VALID_RDY Handshake beat=47 wlast=0
[525000] AXI S0_WVALID_RDY HANDSHAKE
[525000] S0 MEMORY WRITE beat=46 addr=0bfeb5d8 data=edb18d3dd8245aa6 id=08
[535000] AXI S0_WVALID_RDY HANDSHAKE
[535000] S0 MEMORY WRITE beat=47 addr=0bfeb5dc data=eca8fda3c84d9c8a id=08
[535000] MASTER 0 W_VALID_RDY Handshake beat=48 wlast=0
[545000] MASTER 0 W_VALID_RDY Handshake beat=49 wlast=0
[545000] AXI S0_WVALID_RDY HANDSHAKE
[545000] S0 MEMORY WRITE beat=48 addr=0bfeb5e0 data=c3b24155a458c3a3 id=08
[555000] AXI S0_WVALID_RDY HANDSHAKE
[555000] S0 MEMORY WRITE beat=49 addr=0bfeb5e4 data=fc7d1e4a3d72b848 id=08
[555000] MASTER 0 W_VALID_RDY Handshake beat=50 wlast=0
[565000] MASTER 0 W_VALID_RDY Handshake beat=51 wlast=0
[565000] AXI S0_WVALID_RDY HANDSHAKE
[565000] S0 MEMORY WRITE beat=50 addr=0bfeb5e8 data=05c054d2b163ce92 id=08
[575000] AXI S0_WVALID_RDY HANDSHAKE
[575000] S0 MEMORY WRITE beat=51 addr=0bfeb5ec data=d5bc9236e9261bed id=08
[575000] MASTER 0 W_VALID_RDY Handshake beat=52 wlast=0
[585000] MASTER 0 W_VALID_RDY Handshake beat=53 wlast=0
[585000] AXI S0_WVALID_RDY HANDSHAKE
[585000] S0 MEMORY WRITE beat=52 addr=0bfeb5f0 data=a698d435c9729627 id=08
[595000] AXI S0_WVALID_RDY HANDSHAKE
[595000] S0 MEMORY WRITE beat=53 addr=0bfeb5f4 data=fad664bad239b080 id=08
[595000] MASTER 0 W_VALID_RDY Handshake beat=54 wlast=0
[605000] MASTER 0 W_VALID_RDY Handshake beat=55 wlast=0
[605000] AXI S0_WVALID_RDY HANDSHAKE
[605000] S0 MEMORY WRITE beat=54 addr=0bfeb5f8 data=bb5fcc6dac592907 id=08
[615000] AXI S0_WVALID_RDY HANDSHAKE
[615000] S0 MEMORY WRITE beat=55 addr=0bfeb5fc data=f5cbbf2fd092f6f0 id=08
[615000] MASTER 0 W_VALID_RDY Handshake beat=56 wlast=0
[625000] MASTER 0 W_VALID_RDY Handshake beat=57 wlast=0
[625000] AXI S0_WVALID_RDY HANDSHAKE
[625000] S0 MEMORY WRITE beat=56 addr=0bfeb600 data=22cca770e1f8a0a3 id=08
[635000] AXI S0_WVALID_RDY HANDSHAKE
[635000] S0 MEMORY WRITE beat=57 addr=0bfeb604 data=8e51c9aaf0a223e9 id=08
[635000] MASTER 0 W_VALID_RDY Handshake beat=58 wlast=0
[645000] MASTER 0 W_VALID_RDY Handshake beat=59 wlast=0
[645000] AXI S0_WVALID_RDY HANDSHAKE
[645000] S0 MEMORY WRITE beat=58 addr=0bfeb608 data=c1351ad9de2c73dd id=08
[655000] AXI S0_WVALID_RDY HANDSHAKE
[655000] S0 MEMORY WRITE beat=59 addr=0bfeb60c data=c0251480841d88d9 id=08
[655000] MASTER 0 W_VALID_RDY Handshake beat=60 wlast=0
[665000] MASTER 0 W_VALID_RDY Handshake beat=61 wlast=0
[665000] AXI S0_WVALID_RDY HANDSHAKE
[665000] S0 MEMORY WRITE beat=60 addr=0bfeb610 data=f4bfacc2e401c249 id=08
[675000] AXI S0_WVALID_RDY HANDSHAKE
[675000] S0 MEMORY WRITE beat=61 addr=0bfeb614 data=c22e3626ce76de2b id=08
[675000] MASTER 0 W_VALID_RDY Handshake beat=62 wlast=0
[685000] MASTER 0 W_VALID_RDY Handshake beat=63 wlast=0
[685000] AXI S0_WVALID_RDY HANDSHAKE
[685000] S0 MEMORY WRITE beat=62 addr=0bfeb618 data=d2946704b5f4c79b id=08
[695000] AXI S0_WVALID_RDY HANDSHAKE
[695000] S0 MEMORY WRITE beat=63 addr=0bfeb61c data=99f689e402534aa7 id=08
[695000] MASTER 0 W_VALID_RDY Handshake beat=64 wlast=0
[705000] MASTER 0 W_VALID_RDY Handshake beat=65 wlast=0
[705000] AXI S0_WVALID_RDY HANDSHAKE
[705000] S0 MEMORY WRITE beat=64 addr=0bfeb620 data=d0ca28d2c75413c7 id=08
[715000] AXI S0_WVALID_RDY HANDSHAKE
[715000] S0 MEMORY WRITE beat=65 addr=0bfeb624 data=fd48db62dc24c00b id=08
[715000] MASTER 0 W_VALID_RDY Handshake beat=66 wlast=0
[725000] MASTER 0 W_VALID_RDY Handshake beat=67 wlast=0
[725000] AXI S0_WVALID_RDY HANDSHAKE
[725000] S0 MEMORY WRITE beat=66 addr=0bfeb628 data=de780ab2a35e8fd6 id=08
[735000] AXI S0_WVALID_RDY HANDSHAKE
[735000] S0 MEMORY WRITE beat=67 addr=0bfeb62c data=eab2a39d173f6547 id=08
[735000] MASTER 0 W_VALID_RDY Handshake beat=68 wlast=0
[745000] MASTER 0 W_VALID_RDY Handshake beat=69 wlast=0
[745000] AXI S0_WVALID_RDY HANDSHAKE
[745000] S0 MEMORY WRITE beat=68 addr=0bfeb630 data=f36425522f423384 id=08
[755000] AXI S0_WVALID_RDY HANDSHAKE
[755000] S0 MEMORY WRITE beat=69 addr=0bfeb634 data=d2a0c35ae7fb7f00 id=08
[755000] MASTER 0 W_VALID_RDY Handshake beat=70 wlast=0
[765000] MASTER 0 W_VALID_RDY Handshake beat=71 wlast=0
[765000] AXI S0_WVALID_RDY HANDSHAKE
[765000] S0 MEMORY WRITE beat=70 addr=0bfeb638 data=ff3ae447d1dc3004 id=08
[775000] AXI S0_WVALID_RDY HANDSHAKE
[775000] S0 MEMORY WRITE beat=71 addr=0bfeb63c data=011e63883d5366f8 id=08
[775000] MASTER 0 W_VALID_RDY Handshake beat=72 wlast=0
[785000] MASTER 0 W_VALID_RDY Handshake beat=73 wlast=0
[785000] AXI S0_WVALID_RDY HANDSHAKE
[785000] S0 MEMORY WRITE beat=72 addr=0bfeb640 data=254ee5f8f29f0999 id=08
[795000] AXI S0_WVALID_RDY HANDSHAKE
[795000] S0 MEMORY WRITE beat=73 addr=0bfeb644 data=c47b399dd3bf26e2 id=08
[795000] MASTER 0 W_VALID_RDY Handshake beat=74 wlast=0
[805000] MASTER 0 W_VALID_RDY Handshake beat=75 wlast=0
[805000] AXI S0_WVALID_RDY HANDSHAKE
[805000] S0 MEMORY WRITE beat=74 addr=0bfeb648 data=91128dda2489ca3f id=08
[815000] AXI S0_WVALID_RDY HANDSHAKE
[815000] S0 MEMORY WRITE beat=75 addr=0bfeb64c data=1728d3d8c5999d25 id=08
[815000] MASTER 0 W_VALID_RDY Handshake beat=76 wlast=0
[825000] MASTER 0 W_VALID_RDY Handshake beat=77 wlast=0
[825000] AXI S0_WVALID_RDY HANDSHAKE
[825000] S0 MEMORY WRITE beat=76 addr=0bfeb650 data=9958c407b66173d2 id=08
[835000] AXI S0_WVALID_RDY HANDSHAKE
[835000] S0 MEMORY WRITE beat=77 addr=0bfeb654 data=daeb3e11dba40d75 id=08
[835000] MASTER 0 W_VALID_RDY Handshake beat=78 wlast=0
[845000] MASTER 0 W_VALID_RDY Handshake beat=79 wlast=0
[845000] AXI S0_WVALID_RDY HANDSHAKE
[845000] S0 MEMORY WRITE beat=78 addr=0bfeb658 data=213daa9a2a6b51e2 id=08
[855000] AXI S0_WVALID_RDY HANDSHAKE
[855000] S0 MEMORY WRITE beat=79 addr=0bfeb65c data=e0ccc5b4f21411e9 id=08
[855000] MASTER 0 W_VALID_RDY Handshake beat=80 wlast=0
[865000] MASTER 0 W_VALID_RDY Handshake beat=81 wlast=0
[865000] AXI S0_WVALID_RDY HANDSHAKE
[865000] S0 MEMORY WRITE beat=80 addr=0bfeb660 data=cdb81f5eba966ea1 id=08
[875000] AXI S0_WVALID_RDY HANDSHAKE
[875000] S0 MEMORY WRITE beat=81 addr=0bfeb664 data=e501c0833bb803c6 id=08
[875000] MASTER 0 W_VALID_RDY Handshake beat=82 wlast=0
[885000] MASTER 0 W_VALID_RDY Handshake beat=83 wlast=0
[885000] AXI S0_WVALID_RDY HANDSHAKE
[885000] S0 MEMORY WRITE beat=82 addr=0bfeb668 data=adcc15afeef5c9f8 id=08
[895000] AXI S0_WVALID_RDY HANDSHAKE
[895000] S0 MEMORY WRITE beat=83 addr=0bfeb66c data=298c389ac5ce8638 id=08
[895000] MASTER 0 W_VALID_RDY Handshake beat=84 wlast=0
[905000] MASTER 0 W_VALID_RDY Handshake beat=85 wlast=0
[905000] AXI S0_WVALID_RDY HANDSHAKE
[905000] S0 MEMORY WRITE beat=84 addr=0bfeb670 data=018689fefb84350e id=08
[915000] AXI S0_WVALID_RDY HANDSHAKE
[915000] S0 MEMORY WRITE beat=85 addr=0bfeb674 data=ea79ff068e8df91d id=08
[915000] MASTER 0 W_VALID_RDY Handshake beat=86 wlast=0
[925000] MASTER 0 W_VALID_RDY Handshake beat=87 wlast=0
[925000] AXI S0_WVALID_RDY HANDSHAKE
[925000] S0 MEMORY WRITE beat=86 addr=0bfeb678 data=d45c7f55af529fad id=08
[935000] AXI S0_WVALID_RDY HANDSHAKE
[935000] S0 MEMORY WRITE beat=87 addr=0bfeb67c data=aad6d4bb940637a0 id=08
[935000] MASTER 0 W_VALID_RDY Handshake beat=88 wlast=0
[945000] MASTER 0 W_VALID_RDY Handshake beat=89 wlast=0
[945000] AXI S0_WVALID_RDY HANDSHAKE
[945000] S0 MEMORY WRITE beat=88 addr=0bfeb680 data=229430bed5e30953 id=08
[955000] AXI S0_WVALID_RDY HANDSHAKE
[955000] S0 MEMORY WRITE beat=89 addr=0bfeb684 data=0535a9011550d3c2 id=08
[955000] MASTER 0 W_VALID_RDY Handshake beat=90 wlast=0
[965000] MASTER 0 W_VALID_RDY Handshake beat=91 wlast=0
[965000] AXI S0_WVALID_RDY HANDSHAKE
[965000] S0 MEMORY WRITE beat=90 addr=0bfeb688 data=a9570b62f6f0b013 id=08
[975000] AXI S0_WVALID_RDY HANDSHAKE
[975000] S0 MEMORY WRITE beat=91 addr=0bfeb68c data=ccd3b967b00c7dbc id=08
[975000] MASTER 0 W_VALID_RDY Handshake beat=92 wlast=0
[985000] MASTER 0 W_VALID_RDY Handshake beat=93 wlast=0
[985000] AXI S0_WVALID_RDY HANDSHAKE
[985000] S0 MEMORY WRITE beat=92 addr=0bfeb690 data=c55d517ecbeb3c20 id=08
[995000] AXI S0_WVALID_RDY HANDSHAKE
[995000] S0 MEMORY WRITE beat=93 addr=0bfeb694 data=c2dbec34d2096268 id=08
[995000] MASTER 0 W_VALID_RDY Handshake beat=94 wlast=0
[1005000] MASTER 0 W_VALID_RDY Handshake beat=95 wlast=0
[1005000] AXI S0_WVALID_RDY HANDSHAKE
[1005000] S0 MEMORY WRITE beat=94 addr=0bfeb698 data=8215e024eeb45ce1 id=08
[1015000] AXI S0_WVALID_RDY HANDSHAKE
[1015000] S0 MEMORY WRITE beat=95 addr=0bfeb69c data=ba9f99010fafa59b id=08
[1015000] MASTER 0 W_VALID_RDY Handshake beat=96 wlast=0
[1025000] MASTER 0 W_VALID_RDY Handshake beat=97 wlast=0
[1025000] AXI S0_WVALID_RDY HANDSHAKE
[1025000] S0 MEMORY WRITE beat=96 addr=0bfeb6a0 data=e1b90803c77331a3 id=08
[1035000] AXI S0_WVALID_RDY HANDSHAKE
[1035000] S0 MEMORY WRITE beat=97 addr=0bfeb6a4 data=36278e84fd7b8535 id=08
[1035000] MASTER 0 W_VALID_RDY Handshake beat=98 wlast=0
[1045000] MASTER 0 W_VALID_RDY Handshake beat=99 wlast=0
[1045000] AXI S0_WVALID_RDY HANDSHAKE
[1045000] S0 MEMORY WRITE beat=98 addr=0bfeb6a8 data=8d2b2ad0e3cee827 id=08
[1055000] AXI S0_WVALID_RDY HANDSHAKE
[1055000] S0 MEMORY WRITE beat=99 addr=0bfeb6ac data=ab4219caf0c72785 id=08
[1055000] MASTER 0 W_VALID_RDY Handshake beat=100 wlast=0
[1065000] MASTER 0 W_VALID_RDY Handshake beat=101 wlast=0
[1065000] AXI S0_WVALID_RDY HANDSHAKE
[1065000] S0 MEMORY WRITE beat=100 addr=0bfeb6b0 data=ee42acbbeee432d3 id=08
[1075000] AXI S0_WVALID_RDY HANDSHAKE
[1075000] S0 MEMORY WRITE beat=101 addr=0bfeb6b4 data=d2b31afbe169a84e id=08
[1075000] MASTER 0 W_VALID_RDY Handshake beat=102 wlast=0
[1085000] MASTER 0 W_VALID_RDY Handshake beat=103 wlast=0
[1085000] AXI S0_WVALID_RDY HANDSHAKE
[1085000] S0 MEMORY WRITE beat=102 addr=0bfeb6b8 data=d230cfd4fb6dd78b id=08
[1095000] AXI S0_WVALID_RDY HANDSHAKE
[1095000] S0 MEMORY WRITE beat=103 addr=0bfeb6bc data=ea520a5ffdf534c5 id=08
[1095000] MASTER 0 W_VALID_RDY Handshake beat=104 wlast=0
[1105000] MASTER 0 W_VALID_RDY Handshake beat=105 wlast=0
[1105000] AXI S0_WVALID_RDY HANDSHAKE
[1105000] S0 MEMORY WRITE beat=104 addr=0bfeb6c0 data=df5edd14c0737c8f id=08
[1115000] AXI S0_WVALID_RDY HANDSHAKE
[1115000] S0 MEMORY WRITE beat=105 addr=0bfeb6c4 data=bbe1541a3d05255a id=08
[1115000] MASTER 0 W_VALID_RDY Handshake beat=106 wlast=0
[1125000] MASTER 0 W_VALID_RDY Handshake beat=107 wlast=0
[1125000] AXI S0_WVALID_RDY HANDSHAKE
[1125000] S0 MEMORY WRITE beat=106 addr=0bfeb6c8 data=bafa5a1f318face8 id=08
[1135000] AXI S0_WVALID_RDY HANDSHAKE
[1135000] S0 MEMORY WRITE beat=107 addr=0bfeb6cc data=f2032977a6335e79 id=08
[1135000] MASTER 0 W_VALID_RDY Handshake beat=108 wlast=0
[1145000] MASTER 0 W_VALID_RDY Handshake beat=109 wlast=0
[1145000] AXI S0_WVALID_RDY HANDSHAKE
[1145000] S0 MEMORY WRITE beat=108 addr=0bfeb6d0 data=e33883d39a593733 id=08
[1155000] AXI S0_WVALID_RDY HANDSHAKE
[1155000] S0 MEMORY WRITE beat=109 addr=0bfeb6d4 data=cbe8e41bade47d91 id=08
[1155000] MASTER 0 W_VALID_RDY Handshake beat=110 wlast=0
[1165000] MASTER 0 W_VALID_RDY Handshake beat=111 wlast=0
[1165000] AXI S0_WVALID_RDY HANDSHAKE
[1165000] S0 MEMORY WRITE beat=110 addr=0bfeb6d8 data=d417dc0b1e32ddf3 id=08
[1175000] AXI S0_WVALID_RDY HANDSHAKE
[1175000] S0 MEMORY WRITE beat=111 addr=0bfeb6dc data=b88c1526bdec0d92 id=08
[1175000] MASTER 0 W_VALID_RDY Handshake beat=112 wlast=0
[1185000] MASTER 0 W_VALID_RDY Handshake beat=113 wlast=0
[1185000] AXI S0_WVALID_RDY HANDSHAKE
[1185000] S0 MEMORY WRITE beat=112 addr=0bfeb6e0 data=ebd08b24b7505fde id=08
[1195000] AXI S0_WVALID_RDY HANDSHAKE
[1195000] S0 MEMORY WRITE beat=113 addr=0bfeb6e4 data=d5833dd10474f942 id=08
[1195000] MASTER 0 W_VALID_RDY Handshake beat=114 wlast=0
[1205000] MASTER 0 W_VALID_RDY Handshake beat=115 wlast=0
[1205000] AXI S0_WVALID_RDY HANDSHAKE
[1205000] S0 MEMORY WRITE beat=114 addr=0bfeb6e8 data=c26106d43fe8672f id=08
[1215000] AXI S0_WVALID_RDY HANDSHAKE
[1215000] S0 MEMORY WRITE beat=115 addr=0bfeb6ec data=f738c70d0e0f52f8 id=08
[1215000] MASTER 0 W_VALID_RDY Handshake beat=116 wlast=0
[1225000] MASTER 0 W_VALID_RDY Handshake beat=117 wlast=0
[1225000] AXI S0_WVALID_RDY HANDSHAKE
[1225000] S0 MEMORY WRITE beat=116 addr=0bfeb6f0 data=12844c3aae3191f8 id=08
[1235000] AXI S0_WVALID_RDY HANDSHAKE
[1235000] S0 MEMORY WRITE beat=117 addr=0bfeb6f4 data=ee19f927ccbc04df id=08
[1235000] MASTER 0 W_VALID_RDY Handshake beat=118 wlast=0
[1245000] MASTER 0 W_VALID_RDY Handshake beat=119 wlast=0
[1245000] AXI S0_WVALID_RDY HANDSHAKE
[1245000] S0 MEMORY WRITE beat=118 addr=0bfeb6f8 data=dacb57d7d4e5530e id=08
[1255000] AXI S0_WVALID_RDY HANDSHAKE
[1255000] S0 MEMORY WRITE beat=119 addr=0bfeb6fc data=0316e507e552c035 id=08
[1255000] MASTER 0 W_VALID_RDY Handshake beat=120 wlast=0
[1265000] MASTER 0 W_VALID_RDY Handshake beat=121 wlast=0
[1265000] AXI S0_WVALID_RDY HANDSHAKE
[1265000] S0 MEMORY WRITE beat=120 addr=0bfeb700 data=320ec514ed4fa411 id=08
[1275000] AXI S0_WVALID_RDY HANDSHAKE
[1275000] S0 MEMORY WRITE beat=121 addr=0bfeb704 data=c234f71ff130de2e id=08
[1275000] MASTER 0 W_VALID_RDY Handshake beat=122 wlast=0
[1285000] MASTER 0 W_VALID_RDY Handshake beat=123 wlast=0
[1285000] AXI S0_WVALID_RDY HANDSHAKE
[1285000] S0 MEMORY WRITE beat=122 addr=0bfeb708 data=d6839e630cda1ceb id=08
[1295000] AXI S0_WVALID_RDY HANDSHAKE
[1295000] S0 MEMORY WRITE beat=123 addr=0bfeb70c data=fa29c0fcc54bdc26 id=08
[1295000] MASTER 0 W_VALID_RDY Handshake beat=124 wlast=0
[1305000] MASTER 0 W_VALID_RDY Handshake beat=125 wlast=0
[1305000] AXI S0_WVALID_RDY HANDSHAKE
[1305000] S0 MEMORY WRITE beat=124 addr=0bfeb710 data=367cba5588926377 id=08
[1315000] AXI S0_WVALID_RDY HANDSHAKE
[1315000] S0 MEMORY WRITE beat=125 addr=0bfeb714 data=956c8062bc5eb81b id=08
[1315000] MASTER 0 W_VALID_RDY Handshake beat=126 wlast=0
[1325000] MASTER 0 W_VALID_RDY Handshake beat=127 wlast=0
[1325000] AXI S0_WVALID_RDY HANDSHAKE
[1325000] S0 MEMORY WRITE beat=126 addr=0bfeb718 data=01aa94428d0058b8 id=08
[1335000] AXI S0_WVALID_RDY HANDSHAKE
[1335000] S0 MEMORY WRITE beat=127 addr=0bfeb71c data=1592bc308f96415e id=08
[1335000] MASTER 0 W_VALID_RDY Handshake beat=128 wlast=0
[1345000] MASTER 0 W_VALID_RDY Handshake beat=129 wlast=0
[1345000] AXI S0_WVALID_RDY HANDSHAKE
[1345000] S0 MEMORY WRITE beat=128 addr=0bfeb720 data=cbf4f97a38274e97 id=08
[1355000] AXI S0_WVALID_RDY HANDSHAKE
[1355000] S0 MEMORY WRITE beat=129 addr=0bfeb724 data=c527a74faaff3c92 id=08
[1355000] MASTER 0 W_VALID_RDY Handshake beat=130 wlast=0
[1365000] MASTER 0 W_VALID_RDY Handshake beat=131 wlast=0
[1365000] AXI S0_WVALID_RDY HANDSHAKE
[1365000] S0 MEMORY WRITE beat=130 addr=0bfeb728 data=3a957df1cd9f8dbc id=08
[1375000] AXI S0_WVALID_RDY HANDSHAKE
[1375000] S0 MEMORY WRITE beat=131 addr=0bfeb72c data=05c6dc53daba637f id=08
[1375000] MASTER 0 W_VALID_RDY Handshake beat=132 wlast=0
[1385000] MASTER 0 W_VALID_RDY Handshake beat=133 wlast=0
[1385000] AXI S0_WVALID_RDY HANDSHAKE
[1385000] S0 MEMORY WRITE beat=132 addr=0bfeb730 data=05b9a012068a776b id=08
[1395000] AXI S0_WVALID_RDY HANDSHAKE
[1395000] S0 MEMORY WRITE beat=133 addr=0bfeb734 data=d42a0527caee83a2 id=08
[1395000] MASTER 0 W_VALID_RDY Handshake beat=134 wlast=0
[1405000] MASTER 0 W_VALID_RDY Handshake beat=135 wlast=0
[1405000] AXI S0_WVALID_RDY HANDSHAKE
[1405000] S0 MEMORY WRITE beat=134 addr=0bfeb738 data=25a8e722c04f1e03 id=08
[1415000] AXI S0_WVALID_RDY HANDSHAKE
[1415000] S0 MEMORY WRITE beat=135 addr=0bfeb73c data=c6d9956ed9f0e17a id=08
[1415000] MASTER 0 W_VALID_RDY Handshake beat=136 wlast=0
[1425000] MASTER 0 W_VALID_RDY Handshake beat=137 wlast=0
[1425000] AXI S0_WVALID_RDY HANDSHAKE
[1425000] S0 MEMORY WRITE beat=136 addr=0bfeb740 data=a4df651c2b628734 id=08
[1435000] AXI S0_WVALID_RDY HANDSHAKE
[1435000] S0 MEMORY WRITE beat=137 addr=0bfeb744 data=ebb1a5371b039a95 id=08
[1435000] MASTER 0 W_VALID_RDY Handshake beat=138 wlast=0
[1445000] MASTER 0 W_VALID_RDY Handshake beat=139 wlast=0
[1445000] AXI S0_WVALID_RDY HANDSHAKE
[1445000] S0 MEMORY WRITE beat=138 addr=0bfeb748 data=f4f47c0fca884c3e id=08
[1455000] AXI S0_WVALID_RDY HANDSHAKE
[1455000] S0 MEMORY WRITE beat=139 addr=0bfeb74c data=f5ead372328b3aa5 id=08
[1455000] MASTER 0 W_VALID_RDY Handshake beat=140 wlast=0
[1465000] MASTER 0 W_VALID_RDY Handshake beat=141 wlast=0
[1465000] AXI S0_WVALID_RDY HANDSHAKE
[1465000] S0 MEMORY WRITE beat=140 addr=0bfeb750 data=cd8ed53a99d3e12b id=08
[1475000] AXI S0_WVALID_RDY HANDSHAKE
[1475000] S0 MEMORY WRITE beat=141 addr=0bfeb754 data=e45c2d6ae19c78a9 id=08
[1475000] MASTER 0 W_VALID_RDY Handshake beat=142 wlast=0
[1485000] MASTER 0 W_VALID_RDY Handshake beat=143 wlast=0
[1485000] AXI S0_WVALID_RDY HANDSHAKE
[1485000] S0 MEMORY WRITE beat=142 addr=0bfeb758 data=9427b34ec2835149 id=08
[1495000] AXI S0_WVALID_RDY HANDSHAKE
[1495000] S0 MEMORY WRITE beat=143 addr=0bfeb75c data=dc573274da4700dc id=08
[1495000] MASTER 0 W_VALID_RDY Handshake beat=144 wlast=0
[1505000] MASTER 0 W_VALID_RDY Handshake beat=145 wlast=0
[1505000] AXI S0_WVALID_RDY HANDSHAKE
[1505000] S0 MEMORY WRITE beat=144 addr=0bfeb760 data=3be37986e1b68888 id=08
[1515000] AXI S0_WVALID_RDY HANDSHAKE
[1515000] S0 MEMORY WRITE beat=145 addr=0bfeb764 data=a439d9d1c0b35fde id=08
[1515000] MASTER 0 W_VALID_RDY Handshake beat=146 wlast=0
[1525000] MASTER 0 W_VALID_RDY Handshake beat=147 wlast=0
[1525000] AXI S0_WVALID_RDY HANDSHAKE
[1525000] S0 MEMORY WRITE beat=146 addr=0bfeb768 data=1afa60bbd00b2cd4 id=08
[1535000] AXI S0_WVALID_RDY HANDSHAKE
[1535000] S0 MEMORY WRITE beat=147 addr=0bfeb76c data=31c1b55d00910c46 id=08
[1535000] MASTER 0 W_VALID_RDY Handshake beat=148 wlast=0
[1545000] MASTER 0 W_VALID_RDY Handshake beat=149 wlast=0
[1545000] AXI S0_WVALID_RDY HANDSHAKE
[1545000] S0 MEMORY WRITE beat=148 addr=0bfeb770 data=c1446c24d6ddda41 id=08
[1555000] AXI S0_WVALID_RDY HANDSHAKE
[1555000] S0 MEMORY WRITE beat=149 addr=0bfeb774 data=a6e90715d5fb8f2e id=08
[1555000] MASTER 0 W_VALID_RDY Handshake beat=150 wlast=0
[1565000] MASTER 0 W_VALID_RDY Handshake beat=151 wlast=0
[1565000] AXI S0_WVALID_RDY HANDSHAKE
[1565000] S0 MEMORY WRITE beat=150 addr=0bfeb778 data=d68c9b74dc3eccdf id=08
[1575000] AXI S0_WVALID_RDY HANDSHAKE
[1575000] S0 MEMORY WRITE beat=151 addr=0bfeb77c data=b31ca720d8aabc72 id=08
[1575000] MASTER 0 W_VALID_RDY Handshake beat=152 wlast=0
[1585000] MASTER 0 W_VALID_RDY Handshake beat=153 wlast=0
[1585000] AXI S0_WVALID_RDY HANDSHAKE
[1585000] S0 MEMORY WRITE beat=152 addr=0bfeb780 data=2ea64ba117d10799 id=08
[1595000] AXI S0_WVALID_RDY HANDSHAKE
[1595000] S0 MEMORY WRITE beat=153 addr=0bfeb784 data=f40fd478da05ae36 id=08
[1595000] MASTER 0 W_VALID_RDY Handshake beat=154 wlast=0
[1605000] MASTER 0 W_VALID_RDY Handshake beat=155 wlast=0
[1605000] AXI S0_WVALID_RDY HANDSHAKE
[1605000] S0 MEMORY WRITE beat=154 addr=0bfeb788 data=b2b06aa88532e715 id=08
[1615000] AXI S0_WVALID_RDY HANDSHAKE
[1615000] S0 MEMORY WRITE beat=155 addr=0bfeb78c data=9d03eeae272c7b99 id=08
[1615000] MASTER 0 W_VALID_RDY Handshake beat=156 wlast=0
[1625000] MASTER 0 W_VALID_RDY Handshake beat=157 wlast=0
[1625000] AXI S0_WVALID_RDY HANDSHAKE
[1625000] S0 MEMORY WRITE beat=156 addr=0bfeb790 data=013229cfe156b649 id=08
[1635000] AXI S0_WVALID_RDY HANDSHAKE
[1635000] S0 MEMORY WRITE beat=157 addr=0bfeb794 data=e6899d5f1113c327 id=08
[1635000] MASTER 0 W_VALID_RDY Handshake beat=158 wlast=0
[1645000] MASTER 0 W_VALID_RDY Handshake beat=159 wlast=0
[1645000] AXI S0_WVALID_RDY HANDSHAKE
[1645000] S0 MEMORY WRITE beat=158 addr=0bfeb798 data=38403ec0b3e29477 id=08
[1655000] AXI S0_WVALID_RDY HANDSHAKE
[1655000] S0 MEMORY WRITE beat=159 addr=0bfeb79c data=15394ac1838d8c0d id=08
[1655000] MASTER 0 W_VALID_RDY Handshake beat=160 wlast=0
[1665000] MASTER 0 W_VALID_RDY Handshake beat=161 wlast=0
[1665000] AXI S0_WVALID_RDY HANDSHAKE
[1665000] S0 MEMORY WRITE beat=160 addr=0bfeb7a0 data=94a14f343972688f id=08
[1675000] AXI S0_WVALID_RDY HANDSHAKE
[1675000] S0 MEMORY WRITE beat=161 addr=0bfeb7a4 data=ed54fd06fbc2e820 id=08
[1675000] MASTER 0 W_VALID_RDY Handshake beat=162 wlast=0
[1685000] MASTER 0 W_VALID_RDY Handshake beat=163 wlast=0
[1685000] AXI S0_WVALID_RDY HANDSHAKE
[1685000] S0 MEMORY WRITE beat=162 addr=0bfeb7a8 data=ff50742dcce18df4 id=08
[1695000] AXI S0_WVALID_RDY HANDSHAKE
[1695000] S0 MEMORY WRITE beat=163 addr=0bfeb7ac data=8653f683828e47c7 id=08
[1695000] MASTER 0 W_VALID_RDY Handshake beat=164 wlast=0
[1705000] MASTER 0 W_VALID_RDY Handshake beat=165 wlast=0
[1705000] AXI S0_WVALID_RDY HANDSHAKE
[1705000] S0 MEMORY WRITE beat=164 addr=0bfeb7b0 data=fe512fe713f1c362 id=08
[1715000] AXI S0_WVALID_RDY HANDSHAKE
[1715000] S0 MEMORY WRITE beat=165 addr=0bfeb7b4 data=e0d35156f3a8f38a id=08
[1715000] MASTER 0 W_VALID_RDY Handshake beat=166 wlast=0
[1725000] MASTER 0 W_VALID_RDY Handshake beat=167 wlast=0
[1725000] AXI S0_WVALID_RDY HANDSHAKE
[1725000] S0 MEMORY WRITE beat=166 addr=0bfeb7b8 data=f6373b51fda1a415 id=08
[1735000] AXI S0_WVALID_RDY HANDSHAKE
[1735000] S0 MEMORY WRITE beat=167 addr=0bfeb7bc data=11936777e72747da id=08
[1735000] MASTER 0 W_VALID_RDY Handshake beat=168 wlast=0
[1745000] MASTER 0 W_VALID_RDY Handshake beat=169 wlast=0
[1745000] AXI S0_WVALID_RDY HANDSHAKE
[1745000] S0 MEMORY WRITE beat=168 addr=0bfeb7c0 data=dad03b64f4886b39 id=08
[1755000] AXI S0_WVALID_RDY HANDSHAKE
[1755000] S0 MEMORY WRITE beat=169 addr=0bfeb7c4 data=f22a0f4ef266b8cd id=08
[1755000] MASTER 0 W_VALID_RDY Handshake beat=170 wlast=0
[1765000] MASTER 0 W_VALID_RDY Handshake beat=171 wlast=0
[1765000] AXI S0_WVALID_RDY HANDSHAKE
[1765000] S0 MEMORY WRITE beat=170 addr=0bfeb7c8 data=d98e00a7d10776b5 id=08
[1775000] AXI S0_WVALID_RDY HANDSHAKE
[1775000] S0 MEMORY WRITE beat=171 addr=0bfeb7cc data=c58fe1ee03bd76c5 id=08
[1775000] MASTER 0 W_VALID_RDY Handshake beat=172 wlast=0
[1785000] MASTER 0 W_VALID_RDY Handshake beat=173 wlast=0
[1785000] AXI S0_WVALID_RDY HANDSHAKE
[1785000] S0 MEMORY WRITE beat=172 addr=0bfeb7d0 data=f6242f92b45e3c0b id=08
[1795000] AXI S0_WVALID_RDY HANDSHAKE
[1795000] S0 MEMORY WRITE beat=173 addr=0bfeb7d4 data=0565b2c1b7b9f13c id=08
[1795000] MASTER 0 W_VALID_RDY Handshake beat=174 wlast=0
[1805000] MASTER 0 W_VALID_RDY Handshake beat=175 wlast=0
[1805000] AXI S0_WVALID_RDY HANDSHAKE
[1805000] S0 MEMORY WRITE beat=174 addr=0bfeb7d8 data=bb776801cfb2303a id=08
[1815000] AXI S0_WVALID_RDY HANDSHAKE
[1815000] S0 MEMORY WRITE beat=175 addr=0bfeb7dc data=84106c45caf594af id=08
[1815000] MASTER 0 W_VALID_RDY Handshake beat=176 wlast=0
[1825000] MASTER 0 W_VALID_RDY Handshake beat=177 wlast=0
[1825000] AXI S0_WVALID_RDY HANDSHAKE
[1825000] S0 MEMORY WRITE beat=176 addr=0bfeb7e0 data=02af85ec319b9794 id=08
[1835000] AXI S0_WVALID_RDY HANDSHAKE
[1835000] S0 MEMORY WRITE beat=177 addr=0bfeb7e4 data=014dc7ce89761f06 id=08
[1835000] MASTER 0 W_VALID_RDY Handshake beat=178 wlast=0
[1845000] MASTER 0 W_VALID_RDY Handshake beat=179 wlast=0
[1845000] AXI S0_WVALID_RDY HANDSHAKE
[1845000] S0 MEMORY WRITE beat=178 addr=0bfeb7e8 data=d46bb3b6be26eded id=08
[1855000] AXI S0_WVALID_RDY HANDSHAKE
[1855000] S0 MEMORY WRITE beat=179 addr=0bfeb7ec data=efc28581855e3413 id=08
[1855000] MASTER 0 W_VALID_RDY Handshake beat=180 wlast=0
[1865000] MASTER 0 W_VALID_RDY Handshake beat=181 wlast=0
[1865000] AXI S0_WVALID_RDY HANDSHAKE
[1865000] S0 MEMORY WRITE beat=180 addr=0bfeb7f0 data=0ed4531ad71b39a2 id=08
[1875000] AXI S0_WVALID_RDY HANDSHAKE
[1875000] S0 MEMORY WRITE beat=181 addr=0bfeb7f4 data=9542278ff1104d4f id=08
[1875000] MASTER 0 W_VALID_RDY Handshake beat=182 wlast=0
[1885000] MASTER 0 W_VALID_RDY Handshake beat=183 wlast=0
[1885000] AXI S0_WVALID_RDY HANDSHAKE
[1885000] S0 MEMORY WRITE beat=182 addr=0bfeb7f8 data=f66e8163e34006d0 id=08
[1895000] AXI S0_WVALID_RDY HANDSHAKE
[1895000] S0 MEMORY WRITE beat=183 addr=0bfeb7fc data=3a5b40720504ad11 id=08
[1895000] MASTER 0 W_VALID_RDY Handshake beat=184 wlast=0
[1905000] MASTER 0 W_VALID_RDY Handshake beat=185 wlast=0
[1905000] AXI S0_WVALID_RDY HANDSHAKE
[1905000] S0 MEMORY WRITE beat=184 addr=0bfeb800 data=f614fa600542d47d id=08
[1915000] AXI S0_WVALID_RDY HANDSHAKE
[1915000] S0 MEMORY WRITE beat=185 addr=0bfeb804 data=e882db4dcf9d6801 id=08
[1915000] MASTER 0 W_VALID_RDY Handshake beat=186 wlast=0
[1925000] MASTER 0 W_VALID_RDY Handshake beat=187 wlast=0
[1925000] AXI S0_WVALID_RDY HANDSHAKE
[1925000] S0 MEMORY WRITE beat=186 addr=0bfeb808 data=d4a21512ec837bc3 id=08
[1935000] AXI S0_WVALID_RDY HANDSHAKE
[1935000] S0 MEMORY WRITE beat=187 addr=0bfeb80c data=f1c6504022de1bbf id=08
[1935000] MASTER 0 W_VALID_RDY Handshake beat=188 wlast=0
[1945000] MASTER 0 W_VALID_RDY Handshake beat=189 wlast=0
[1945000] AXI S0_WVALID_RDY HANDSHAKE
[1945000] S0 MEMORY WRITE beat=188 addr=0bfeb810 data=f27b83c0cab70f73 id=08
[1955000] AXI S0_WVALID_RDY HANDSHAKE
[1955000] S0 MEMORY WRITE beat=189 addr=0bfeb814 data=b73a8b36da492b8d id=08
[1955000] MASTER 0 W_VALID_RDY Handshake beat=190 wlast=0
[1965000] MASTER 0 W_VALID_RDY Handshake beat=191 wlast=0
[1965000] AXI S0_WVALID_RDY HANDSHAKE
[1965000] S0 MEMORY WRITE beat=190 addr=0bfeb818 data=fd27474cc71d98d3 id=08
[1975000] AXI S0_WVALID_RDY HANDSHAKE
[1975000] S0 MEMORY WRITE beat=191 addr=0bfeb81c data=11d4a8462900db77 id=08
[1975000] MASTER 0 W_VALID_RDY Handshake beat=192 wlast=0
[1985000] MASTER 0 W_VALID_RDY Handshake beat=193 wlast=0
[1985000] AXI S0_WVALID_RDY HANDSHAKE
[1985000] S0 MEMORY WRITE beat=192 addr=0bfeb820 data=834a0704efa2cb0d id=08
[1995000] AXI S0_WVALID_RDY HANDSHAKE
[1995000] S0 MEMORY WRITE beat=193 addr=0bfeb824 data=36c063e0c90f337c id=08
[1995000] MASTER 0 W_VALID_RDY Handshake beat=194 wlast=0
[2005000] MASTER 0 W_VALID_RDY Handshake beat=195 wlast=0
[2005000] AXI S0_WVALID_RDY HANDSHAKE
[2005000] S0 MEMORY WRITE beat=194 addr=0bfeb828 data=f2100ef300714e51 id=08
[2015000] AXI S0_WVALID_RDY HANDSHAKE
[2015000] S0 MEMORY WRITE beat=195 addr=0bfeb82c data=f014195ec8950c26 id=08
[2015000] MASTER 0 W_VALID_RDY Handshake beat=196 wlast=0
[2025000] MASTER 0 W_VALID_RDY Handshake beat=197 wlast=0
[2025000] AXI S0_WVALID_RDY HANDSHAKE
[2025000] S0 MEMORY WRITE beat=196 addr=0bfeb830 data=91a43fa2f55a15f8 id=08
[2035000] AXI S0_WVALID_RDY HANDSHAKE
[2035000] S0 MEMORY WRITE beat=197 addr=0bfeb834 data=f5cb644926d47d3e id=08
[2035000] MASTER 0 W_VALID_RDY Handshake beat=198 wlast=0
[2045000] MASTER 0 W_VALID_RDY Handshake beat=199 wlast=0
[2045000] AXI S0_WVALID_RDY HANDSHAKE
[2045000] S0 MEMORY WRITE beat=198 addr=0bfeb838 data=ef69896403b44e96 id=08
[2055000] AXI S0_WVALID_RDY HANDSHAKE
[2055000] S0 MEMORY WRITE beat=199 addr=0bfeb83c data=f90e648ee5df7da7 id=08
[2055000] MASTER 0 W_VALID_RDY Handshake beat=200 wlast=0
[2065000] MASTER 0 W_VALID_RDY Handshake beat=201 wlast=0
[2065000] AXI S0_WVALID_RDY HANDSHAKE
[2065000] S0 MEMORY WRITE beat=200 addr=0bfeb840 data=0cb3fae5810dc906 id=08
[2075000] AXI S0_WVALID_RDY HANDSHAKE
[2075000] S0 MEMORY WRITE beat=201 addr=0bfeb844 data=84c2179ceed9c8d7 id=08
[2075000] MASTER 0 W_VALID_RDY Handshake beat=202 wlast=0
[2085000] MASTER 0 W_VALID_RDY Handshake beat=203 wlast=0
[2085000] AXI S0_WVALID_RDY HANDSHAKE
[2085000] S0 MEMORY WRITE beat=202 addr=0bfeb848 data=d4b9467efc1d8449 id=08
[2095000] AXI S0_WVALID_RDY HANDSHAKE
[2095000] S0 MEMORY WRITE beat=203 addr=0bfeb84c data=fd2b4d4ffdd07c2a id=08
[2095000] MASTER 0 W_VALID_RDY Handshake beat=204 wlast=0
[2105000] MASTER 0 W_VALID_RDY Handshake beat=205 wlast=0
[2105000] AXI S0_WVALID_RDY HANDSHAKE
[2105000] S0 MEMORY WRITE beat=204 addr=0bfeb850 data=ecaa4501e16d4163 id=08
[2115000] AXI S0_WVALID_RDY HANDSHAKE
[2115000] S0 MEMORY WRITE beat=205 addr=0bfeb854 data=dd8ac5ac01ed64ec id=08
[2115000] MASTER 0 W_VALID_RDY Handshake beat=206 wlast=0
[2125000] MASTER 0 W_VALID_RDY Handshake beat=207 wlast=0
[2125000] AXI S0_WVALID_RDY HANDSHAKE
[2125000] S0 MEMORY WRITE beat=206 addr=0bfeb858 data=ffbde116c1638b7f id=08
[2135000] AXI S0_WVALID_RDY HANDSHAKE
[2135000] S0 MEMORY WRITE beat=207 addr=0bfeb85c data=a2d0cce2dab612fb id=08
[2135000] MASTER 0 W_VALID_RDY Handshake beat=208 wlast=0
[2145000] MASTER 0 W_VALID_RDY Handshake beat=209 wlast=0
[2145000] AXI S0_WVALID_RDY HANDSHAKE
[2145000] S0 MEMORY WRITE beat=208 addr=0bfeb860 data=dca377e7ec682618 id=08
[2155000] AXI S0_WVALID_RDY HANDSHAKE
[2155000] S0 MEMORY WRITE beat=209 addr=0bfeb864 data=adcbb197805b928e id=08
[2155000] MASTER 0 W_VALID_RDY Handshake beat=210 wlast=0
[2165000] MASTER 0 W_VALID_RDY Handshake beat=211 wlast=0
[2165000] AXI S0_WVALID_RDY HANDSHAKE
[2165000] S0 MEMORY WRITE beat=210 addr=0bfeb868 data=db11a58adc6158fe id=08
[2175000] AXI S0_WVALID_RDY HANDSHAKE
[2175000] S0 MEMORY WRITE beat=211 addr=0bfeb86c data=c8c97f16d09c7e7a id=08
[2175000] MASTER 0 W_VALID_RDY Handshake beat=212 wlast=0
[2185000] MASTER 0 W_VALID_RDY Handshake beat=213 wlast=0
[2185000] AXI S0_WVALID_RDY HANDSHAKE
[2185000] S0 MEMORY WRITE beat=212 addr=0bfeb870 data=d0f81108b7b51d71 id=08
[2195000] AXI S0_WVALID_RDY HANDSHAKE
[2195000] S0 MEMORY WRITE beat=213 addr=0bfeb874 data=9416766ff69530ad id=08
[2195000] MASTER 0 W_VALID_RDY Handshake beat=214 wlast=0
[2205000] MASTER 0 W_VALID_RDY Handshake beat=215 wlast=0
[2205000] AXI S0_WVALID_RDY HANDSHAKE
[2205000] S0 MEMORY WRITE beat=214 addr=0bfeb878 data=c731af27ac09b692 id=08
[2215000] AXI S0_WVALID_RDY HANDSHAKE
[2215000] S0 MEMORY WRITE beat=215 addr=0bfeb87c data=e3bed404dcdff585 id=08
[2215000] MASTER 0 W_VALID_RDY Handshake beat=216 wlast=0
[2225000] MASTER 0 W_VALID_RDY Handshake beat=217 wlast=0
[2225000] AXI S0_WVALID_RDY HANDSHAKE
[2225000] S0 MEMORY WRITE beat=216 addr=0bfeb880 data=d37526331829c030 id=08
[2235000] AXI S0_WVALID_RDY HANDSHAKE
[2235000] S0 MEMORY WRITE beat=217 addr=0bfeb884 data=c43376c2f7d54a73 id=08
[2235000] MASTER 0 W_VALID_RDY Handshake beat=218 wlast=0
[2245000] MASTER 0 W_VALID_RDY Handshake beat=219 wlast=0
[2245000] AXI S0_WVALID_RDY HANDSHAKE
[2245000] S0 MEMORY WRITE beat=218 addr=0bfeb888 data=d4b53ff99aa6d55a id=08
[2255000] AXI S0_WVALID_RDY HANDSHAKE
[2255000] S0 MEMORY WRITE beat=219 addr=0bfeb88c data=b2d0958aa7f24ac6 id=08
[2255000] MASTER 0 W_VALID_RDY Handshake beat=220 wlast=0
[2265000] MASTER 0 W_VALID_RDY Handshake beat=221 wlast=0
[2265000] AXI S0_WVALID_RDY HANDSHAKE
[2265000] S0 MEMORY WRITE beat=220 addr=0bfeb890 data=1fc7953a282a662c id=08
[2275000] AXI S0_WVALID_RDY HANDSHAKE
[2275000] S0 MEMORY WRITE beat=221 addr=0bfeb894 data=c2d13b86f7040c4d id=08
[2275000] MASTER 0 W_VALID_RDY Handshake beat=222 wlast=0
[2285000] MASTER 0 W_VALID_RDY Handshake beat=223 wlast=0
[2285000] AXI S0_WVALID_RDY HANDSHAKE
[2285000] S0 MEMORY WRITE beat=222 addr=0bfeb898 data=9ef65713f47cd533 id=08
[2295000] AXI S0_WVALID_RDY HANDSHAKE
[2295000] S0 MEMORY WRITE beat=223 addr=0bfeb89c data=1ca73b5ff5a1d111 id=08
[2295000] MASTER 0 W_VALID_RDY Handshake beat=224 wlast=0
[2305000] MASTER 0 W_VALID_RDY Handshake beat=225 wlast=0
[2305000] AXI S0_WVALID_RDY HANDSHAKE
[2305000] S0 MEMORY WRITE beat=224 addr=0bfeb8a0 data=eca5dd5ebebdec4d id=08
[2315000] AXI S0_WVALID_RDY HANDSHAKE
[2315000] S0 MEMORY WRITE beat=225 addr=0bfeb8a4 data=b33ac180df7876e5 id=08
[2315000] MASTER 0 W_VALID_RDY Handshake beat=226 wlast=0
[2325000] MASTER 0 W_VALID_RDY Handshake beat=227 wlast=0
[2325000] AXI S0_WVALID_RDY HANDSHAKE
[2325000] S0 MEMORY WRITE beat=226 addr=0bfeb8a8 data=d51a47f68b9c3471 id=08
[2335000] AXI S0_WVALID_RDY HANDSHAKE
[2335000] S0 MEMORY WRITE beat=227 addr=0bfeb8ac data=ca5a20bfcfe1fcdf id=08
[2335000] MASTER 0 W_VALID_RDY Handshake beat=228 wlast=0
[2345000] MASTER 0 W_VALID_RDY Handshake beat=229 wlast=0
[2345000] AXI S0_WVALID_RDY HANDSHAKE
[2345000] S0 MEMORY WRITE beat=228 addr=0bfeb8b0 data=2f5a73c5c1c02554 id=08
[2355000] AXI S0_WVALID_RDY HANDSHAKE
[2355000] S0 MEMORY WRITE beat=229 addr=0bfeb8b4 data=cd5c59c6fd94e23f id=08
[2355000] MASTER 0 W_VALID_RDY Handshake beat=230 wlast=0
[2365000] MASTER 0 W_VALID_RDY Handshake beat=231 wlast=0
[2365000] AXI S0_WVALID_RDY HANDSHAKE
[2365000] S0 MEMORY WRITE beat=230 addr=0bfeb8b8 data=cd76df1f8474bbbb id=08
[2375000] AXI S0_WVALID_RDY HANDSHAKE
[2375000] S0 MEMORY WRITE beat=231 addr=0bfeb8bc data=c634e11017b67a85 id=08
[2375000] MASTER 0 W_VALID_RDY Handshake beat=232 wlast=0
[2385000] MASTER 0 W_VALID_RDY Handshake beat=233 wlast=0
[2385000] AXI S0_WVALID_RDY HANDSHAKE
[2385000] S0 MEMORY WRITE beat=232 addr=0bfeb8c0 data=954b5cc4fcd152e4 id=08
[2395000] AXI S0_WVALID_RDY HANDSHAKE
[2395000] S0 MEMORY WRITE beat=233 addr=0bfeb8c4 data=81460e9f13913ad6 id=08
[2395000] MASTER 0 W_VALID_RDY Handshake beat=234 wlast=0
[2405000] MASTER 0 W_VALID_RDY Handshake beat=235 wlast=0
[2405000] AXI S0_WVALID_RDY HANDSHAKE
[2405000] S0 MEMORY WRITE beat=234 addr=0bfeb8c8 data=2b47b55be2c23be3 id=08
[2415000] AXI S0_WVALID_RDY HANDSHAKE
[2415000] S0 MEMORY WRITE beat=235 addr=0bfeb8cc data=df938ec7c77aefaf id=08
[2415000] MASTER 0 W_VALID_RDY Handshake beat=236 wlast=0
[2425000] MASTER 0 W_VALID_RDY Handshake beat=237 wlast=0
[2425000] AXI S0_WVALID_RDY HANDSHAKE
[2425000] S0 MEMORY WRITE beat=236 addr=0bfeb8d0 data=db0c2a85c093121f id=08
[2435000] AXI S0_WVALID_RDY HANDSHAKE
[2435000] S0 MEMORY WRITE beat=237 addr=0bfeb8d4 data=23554e03e0d99d67 id=08
[2435000] MASTER 0 W_VALID_RDY Handshake beat=238 wlast=0
[2445000] MASTER 0 W_VALID_RDY Handshake beat=239 wlast=0
[2445000] AXI S0_WVALID_RDY HANDSHAKE
[2445000] S0 MEMORY WRITE beat=238 addr=0bfeb8d8 data=a8548d168653dfe0 id=08
[2455000] AXI S0_WVALID_RDY HANDSHAKE
[2455000] S0 MEMORY WRITE beat=239 addr=0bfeb8dc data=c6e6f20082e8dcca id=08
[2455000] MASTER 0 W_VALID_RDY Handshake beat=240 wlast=0
[2465000] MASTER 0 W_VALID_RDY Handshake beat=241 wlast=0
[2465000] AXI S0_WVALID_RDY HANDSHAKE
[2465000] S0 MEMORY WRITE beat=240 addr=0bfeb8e0 data=e3c27a310360b79c id=08
[2475000] AXI S0_WVALID_RDY HANDSHAKE
[2475000] S0 MEMORY WRITE beat=241 addr=0bfeb8e4 data=89b4977cea3c4003 id=08
[2475000] MASTER 0 W_VALID_RDY Handshake beat=242 wlast=0
[2485000] MASTER 0 W_VALID_RDY Handshake beat=243 wlast=0
[2485000] AXI S0_WVALID_RDY HANDSHAKE
[2485000] S0 MEMORY WRITE beat=242 addr=0bfeb8e8 data=ed251ccd0c170748 id=08
[2495000] AXI S0_WVALID_RDY HANDSHAKE
[2495000] S0 MEMORY WRITE beat=243 addr=0bfeb8ec data=0f77bee4d09b897c id=08
[2495000] MASTER 0 W_VALID_RDY Handshake beat=244 wlast=0
[2505000] MASTER 0 W_VALID_RDY Handshake beat=245 wlast=0
[2505000] AXI S0_WVALID_RDY HANDSHAKE
[2505000] S0 MEMORY WRITE beat=244 addr=0bfeb8f0 data=bad7c97fd0e796ff id=08
[2515000] AXI S0_WVALID_RDY HANDSHAKE
[2515000] S0 MEMORY WRITE beat=245 addr=0bfeb8f4 data=dcfe9e47992c5660 id=08
[2515000] MASTER 0 W_VALID_RDY Handshake beat=246 wlast=0
[2525000] MASTER 0 W_VALID_RDY Handshake beat=247 wlast=0
[2525000] AXI S0_WVALID_RDY HANDSHAKE
[2525000] S0 MEMORY WRITE beat=246 addr=0bfeb8f8 data=e9c7dfdd27fce64d id=08
[2535000] AXI S0_WVALID_RDY HANDSHAKE
[2535000] S0 MEMORY WRITE beat=247 addr=0bfeb8fc data=f8e47d4cec765d2b id=08
[2535000] MASTER 0 W_VALID_RDY Handshake beat=248 wlast=0
[2545000] MASTER_DRIVER0 received transaction, op=AXI_WRITE
[2545000] MASTER 0 W_VALID_RDY Handshake beat=249 wlast=1
[2545000] AXI S0_WVALID_RDY HANDSHAKE
[2545000] S0 MEMORY WRITE beat=248 addr=0bfeb900 data=85a2b38ba49fa95c id=08
[2555000] AXI S0_WVALID_RDY HANDSHAKE
[2555000] S0 MEMORY WRITE beat=249 addr=0bfeb904 data=cc9c8fa9d5e31b93 id=08
[2565000] MASTER 0 AW_VALID_RDY Handshake
[2565000] SLAVE0 sent B resp, id=8
[2575000] AXI S0_AWVALID_RDY HANDSHAKE
[2575000] [SLAVE MONITOR] mst_id=0 s_id=0 awaddr=bfeb520 awid=1000 awlen=249 awsize=2 awburst=1 wdata=[d7633a2cc9b66c76 1f592ee4d57ea427 b6e9ec59e0e310d0 2a997d47d068fd0e 25e7a1358e4d2685 ef303756c9f2ac2b 1a5ba939dcd18d8e eb1eb41419c9b49d e3bc60c8c0434a6e 9d14d7fcda4eeb6a f418a007fe180a01 3e5b546f88338c10 e282777ad7d500cf d5ed0ad0db702c6b e3a3b87cd69b1781 ae70185014485f3f efb88baac6262ff6 1cc14778845d2320 98a5825fd35c4426 1982741dcb315fc8 cf8e82e9085e0e0a dbba52303643bb95 81751b5de8340548 f0921352f53cc64d ab8081e2d1039e46 3937a38fcc4c6583 c1892bd02cf59d40 fdf93b86a9c9b6e1 f6161c64ed09adb3 19ff4af3b730df15 e0fa95f7379f4835 24a8f5e897f88679 cf29658fd710b25b 8eaffa903ea840db d6a0c7543023fb86 8734ade1b358f078 f2013153a5ca2ce3 d5ee286915e4a872 c93d98eac8a1f8a8 ee6c258bdd22d64b f3077ebd3b3eca3e 3e0c2e6c45a4df5 217d2440bc4517a7 f783e1e5f24ce871 b6a736661484a2fd d0c9baa4fb64a4cb edb18d3dd8245aa6 eca8fda3c84d9c8a c3b24155a458c3a3 fc7d1e4a3d72b848 5c054d2b163ce92 d5bc9236e9261bed a698d435c9729627 fad664bad239b080 bb5fcc6dac592907 f5cbbf2fd092f6f0 22cca770e1f8a0a3 8e51c9aaf0a223e9 c1351ad9de2c73dd c0251480841d88d9 f4bfacc2e401c249 c22e3626ce76de2b d2946704b5f4c79b 99f689e402534aa7 d0ca28d2c75413c7 fd48db62dc24c00b de780ab2a35e8fd6 eab2a39d173f6547 f36425522f423384 d2a0c35ae7fb7f00 ff3ae447d1dc3004 11e63883d5366f8 254ee5f8f29f0999 c47b399dd3bf26e2 91128dda2489ca3f 1728d3d8c5999d25 9958c407b66173d2 daeb3e11dba40d75 213daa9a2a6b51e2 e0ccc5b4f21411e9 cdb81f5eba966ea1 e501c0833bb803c6 adcc15afeef5c9f8 298c389ac5ce8638 18689fefb84350e ea79ff068e8df91d d45c7f55af529fad aad6d4bb940637a0 229430bed5e30953 535a9011550d3c2 a9570b62f6f0b013 ccd3b967b00c7dbc c55d517ecbeb3c20 c2dbec34d2096268 8215e024eeb45ce1 ba9f99010fafa59b e1b90803c77331a3 36278e84fd7b8535 8d2b2ad0e3cee827 ab4219caf0c72785 ee42acbbeee432d3 d2b31afbe169a84e d230cfd4fb6dd78b ea520a5ffdf534c5 df5edd14c0737c8f bbe1541a3d05255a bafa5a1f318face8 f2032977a6335e79 e33883d39a593733 cbe8e41bade47d91 d417dc0b1e32ddf3 b88c1526bdec0d92 ebd08b24b7505fde d5833dd10474f942 c26106d43fe8672f f738c70d0e0f52f8 12844c3aae3191f8 ee19f927ccbc04df dacb57d7d4e5530e 316e507e552c035 320ec514ed4fa411 c234f71ff130de2e d6839e630cda1ceb fa29c0fcc54bdc26 367cba5588926377 956c8062bc5eb81b 1aa94428d0058b8 1592bc308f96415e cbf4f97a38274e97 c527a74faaff3c92 3a957df1cd9f8dbc 5c6dc53daba637f 5b9a012068a776b d42a0527caee83a2 25a8e722c04f1e03 c6d9956ed9f0e17a a4df651c2b628734 ebb1a5371b039a95 f4f47c0fca884c3e f5ead372328b3aa5 cd8ed53a99d3e12b e45c2d6ae19c78a9 9427b34ec2835149 dc573274da4700dc 3be37986e1b68888 a439d9d1c0b35fde 1afa60bbd00b2cd4 31c1b55d00910c46 c1446c24d6ddda41 a6e90715d5fb8f2e d68c9b74dc3eccdf b31ca720d8aabc72 2ea64ba117d10799 f40fd478da05ae36 b2b06aa88532e715 9d03eeae272c7b99 13229cfe156b649 e6899d5f1113c327 38403ec0b3e29477 15394ac1838d8c0d 94a14f343972688f ed54fd06fbc2e820 ff50742dcce18df4 8653f683828e47c7 fe512fe713f1c362 e0d35156f3a8f38a f6373b51fda1a415 11936777e72747da dad03b64f4886b39 f22a0f4ef266b8cd d98e00a7d10776b5 c58fe1ee03bd76c5 f6242f92b45e3c0b 565b2c1b7b9f13c bb776801cfb2303a 84106c45caf594af 2af85ec319b9794 14dc7ce89761f06 d46bb3b6be26eded efc28581855e3413 ed4531ad71b39a2 9542278ff1104d4f f66e8163e34006d0 3a5b40720504ad11 f614fa600542d47d e882db4dcf9d6801 d4a21512ec837bc3 f1c6504022de1bbf f27b83c0cab70f73 b73a8b36da492b8d fd27474cc71d98d3 11d4a8462900db77 834a0704efa2cb0d 36c063e0c90f337c f2100ef300714e51 f014195ec8950c26 91a43fa2f55a15f8 f5cb644926d47d3e ef69896403b44e96 f90e648ee5df7da7 cb3fae5810dc906 84c2179ceed9c8d7 d4b9467efc1d8449 fd2b4d4ffdd07c2a ecaa4501e16d4163 dd8ac5ac01ed64ec ffbde116c1638b7f a2d0cce2dab612fb dca377e7ec682618 adcbb197805b928e db11a58adc6158fe c8c97f16d09c7e7a d0f81108b7b51d71 9416766ff69530ad c731af27ac09b692 e3bed404dcdff585 d37526331829c030 c43376c2f7d54a73 d4b53ff99aa6d55a b2d0958aa7f24ac6 1fc7953a282a662c c2d13b86f7040c4d 9ef65713f47cd533 1ca73b5ff5a1d111 eca5dd5ebebdec4d b33ac180df7876e5 d51a47f68b9c3471 ca5a20bfcfe1fcdf 2f5a73c5c1c02554 cd5c59c6fd94e23f cd76df1f8474bbbb c634e11017b67a85 954b5cc4fcd152e4 81460e9f13913ad6 2b47b55be2c23be3 df938ec7c77aefaf db0c2a85c093121f 23554e03e0d99d67 a8548d168653dfe0 c6e6f20082e8dcca e3c27a310360b79c 89b4977cea3c4003 ed251ccd0c170748 f77bee4d09b897c bad7c97fd0e796ff dcfe9e47992c5660 e9c7dfdd27fce64d f8e47d4cec765d2b 85a2b38ba49fa95c cc9c8fa9d5e31b93 ] wstrb=[68 be f5 c5 49 88 6e b2 46 64 77 90 ec e5 42 33 49 b9 c3 36 9e 5 69 e8 be 2c 1e 5c 31 87 44 ef b3 62 4b e4 e9 90 d3 9c f2 1e 80 dc ae 53 78 a1 72 f9 7d 20 4c f5 c1 be ee 3e df 3b 34 a0 f9 22 df d8 5d 13 79 57 35 58 2f 93 6b a8 ea a0 0 19 33 6b c2 1d c c2 37 3f 2e f9 5d 3a bb 94 79 e9 8d d6 23 48 6a 9d 32 f7 73 55 40 de f2 72 d5 66 c7 15 44 ba 87 19 20 4f 2f 64 9 b6 7d 29 5 ac 8d e 63 a 37 68 b7 c4 77 1a cf ae 82 86 73 f9 a0 42 a8 22 c8 1b 1c 68 5d c4 8a 25 df a6 8d 3c 6a 17 61 49 be ee 85 28 5 e6 72 c3 d4 f7 ec da de 5e 9d b2 55 89 8c 33 e7 2a e6 3d b3 72 70 9b 9c 56 d8 50 c9 48 eb 65 9f c3 b5 68 b a0 cd aa 63 83 12 6f 23 e0 19 87 63 2c f6 86 c f d 6f 3b 3 f5 47 13 3 b6 4e 6 ac 96 19 af 4c 68 b5 f8 fe cf a7 4a 37 5d 43 35 2c ] bresp=0 bid=1000
[2575000] ARB MONITOR: slave=0 m0_req=1 m1_req=0 winner=0
[2585000] MASTER 0 RECEIVED BRESP. BRESP=0
[2585000] [MASTER DRIVER] mst_id=0 s_id=0 awaddr=bfeb520 awid=1000 awlen=249 awsize=2 awburst=1 wdata=[d7633a2cc9b66c76 1f592ee4d57ea427 b6e9ec59e0e310d0 2a997d47d068fd0e 25e7a1358e4d2685 ef303756c9f2ac2b 1a5ba939dcd18d8e eb1eb41419c9b49d e3bc60c8c0434a6e 9d14d7fcda4eeb6a f418a007fe180a01 3e5b546f88338c10 e282777ad7d500cf d5ed0ad0db702c6b e3a3b87cd69b1781 ae70185014485f3f efb88baac6262ff6 1cc14778845d2320 98a5825fd35c4426 1982741dcb315fc8 cf8e82e9085e0e0a dbba52303643bb95 81751b5de8340548 f0921352f53cc64d ab8081e2d1039e46 3937a38fcc4c6583 c1892bd02cf59d40 fdf93b86a9c9b6e1 f6161c64ed09adb3 19ff4af3b730df15 e0fa95f7379f4835 24a8f5e897f88679 cf29658fd710b25b 8eaffa903ea840db d6a0c7543023fb86 8734ade1b358f078 f2013153a5ca2ce3 d5ee286915e4a872 c93d98eac8a1f8a8 ee6c258bdd22d64b f3077ebd3b3eca3e 3e0c2e6c45a4df5 217d2440bc4517a7 f783e1e5f24ce871 b6a736661484a2fd d0c9baa4fb64a4cb edb18d3dd8245aa6 eca8fda3c84d9c8a c3b24155a458c3a3 fc7d1e4a3d72b848 5c054d2b163ce92 d5bc9236e9261bed a698d435c9729627 fad664bad239b080 bb5fcc6dac592907 f5cbbf2fd092f6f0 22cca770e1f8a0a3 8e51c9aaf0a223e9 c1351ad9de2c73dd c0251480841d88d9 f4bfacc2e401c249 c22e3626ce76de2b d2946704b5f4c79b 99f689e402534aa7 d0ca28d2c75413c7 fd48db62dc24c00b de780ab2a35e8fd6 eab2a39d173f6547 f36425522f423384 d2a0c35ae7fb7f00 ff3ae447d1dc3004 11e63883d5366f8 254ee5f8f29f0999 c47b399dd3bf26e2 91128dda2489ca3f 1728d3d8c5999d25 9958c407b66173d2 daeb3e11dba40d75 213daa9a2a6b51e2 e0ccc5b4f21411e9 cdb81f5eba966ea1 e501c0833bb803c6 adcc15afeef5c9f8 298c389ac5ce8638 18689fefb84350e ea79ff068e8df91d d45c7f55af529fad aad6d4bb940637a0 229430bed5e30953 535a9011550d3c2 a9570b62f6f0b013 ccd3b967b00c7dbc c55d517ecbeb3c20 c2dbec34d2096268 8215e024eeb45ce1 ba9f99010fafa59b e1b90803c77331a3 36278e84fd7b8535 8d2b2ad0e3cee827 ab4219caf0c72785 ee42acbbeee432d3 d2b31afbe169a84e d230cfd4fb6dd78b ea520a5ffdf534c5 df5edd14c0737c8f bbe1541a3d05255a bafa5a1f318face8 f2032977a6335e79 e33883d39a593733 cbe8e41bade47d91 d417dc0b1e32ddf3 b88c1526bdec0d92 ebd08b24b7505fde d5833dd10474f942 c26106d43fe8672f f738c70d0e0f52f8 12844c3aae3191f8 ee19f927ccbc04df dacb57d7d4e5530e 316e507e552c035 320ec514ed4fa411 c234f71ff130de2e d6839e630cda1ceb fa29c0fcc54bdc26 367cba5588926377 956c8062bc5eb81b 1aa94428d0058b8 1592bc308f96415e cbf4f97a38274e97 c527a74faaff3c92 3a957df1cd9f8dbc 5c6dc53daba637f 5b9a012068a776b d42a0527caee83a2 25a8e722c04f1e03 c6d9956ed9f0e17a a4df651c2b628734 ebb1a5371b039a95 f4f47c0fca884c3e f5ead372328b3aa5 cd8ed53a99d3e12b e45c2d6ae19c78a9 9427b34ec2835149 dc573274da4700dc 3be37986e1b68888 a439d9d1c0b35fde 1afa60bbd00b2cd4 31c1b55d00910c46 c1446c24d6ddda41 a6e90715d5fb8f2e d68c9b74dc3eccdf b31ca720d8aabc72 2ea64ba117d10799 f40fd478da05ae36 b2b06aa88532e715 9d03eeae272c7b99 13229cfe156b649 e6899d5f1113c327 38403ec0b3e29477 15394ac1838d8c0d 94a14f343972688f ed54fd06fbc2e820 ff50742dcce18df4 8653f683828e47c7 fe512fe713f1c362 e0d35156f3a8f38a f6373b51fda1a415 11936777e72747da dad03b64f4886b39 f22a0f4ef266b8cd d98e00a7d10776b5 c58fe1ee03bd76c5 f6242f92b45e3c0b 565b2c1b7b9f13c bb776801cfb2303a 84106c45caf594af 2af85ec319b9794 14dc7ce89761f06 d46bb3b6be26eded efc28581855e3413 ed4531ad71b39a2 9542278ff1104d4f f66e8163e34006d0 3a5b40720504ad11 f614fa600542d47d e882db4dcf9d6801 d4a21512ec837bc3 f1c6504022de1bbf f27b83c0cab70f73 b73a8b36da492b8d fd27474cc71d98d3 11d4a8462900db77 834a0704efa2cb0d 36c063e0c90f337c f2100ef300714e51 f014195ec8950c26 91a43fa2f55a15f8 f5cb644926d47d3e ef69896403b44e96 f90e648ee5df7da7 cb3fae5810dc906 84c2179ceed9c8d7 d4b9467efc1d8449 fd2b4d4ffdd07c2a ecaa4501e16d4163 dd8ac5ac01ed64ec ffbde116c1638b7f a2d0cce2dab612fb dca377e7ec682618 adcbb197805b928e db11a58adc6158fe c8c97f16d09c7e7a d0f81108b7b51d71 9416766ff69530ad c731af27ac09b692 e3bed404dcdff585 d37526331829c030 c43376c2f7d54a73 d4b53ff99aa6d55a b2d0958aa7f24ac6 1fc7953a282a662c c2d13b86f7040c4d 9ef65713f47cd533 1ca73b5ff5a1d111 eca5dd5ebebdec4d b33ac180df7876e5 d51a47f68b9c3471 ca5a20bfcfe1fcdf 2f5a73c5c1c02554 cd5c59c6fd94e23f cd76df1f8474bbbb c634e11017b67a85 954b5cc4fcd152e4 81460e9f13913ad6 2b47b55be2c23be3 df938ec7c77aefaf db0c2a85c093121f 23554e03e0d99d67 a8548d168653dfe0 c6e6f20082e8dcca e3c27a310360b79c 89b4977cea3c4003 ed251ccd0c170748 f77bee4d09b897c bad7c97fd0e796ff dcfe9e47992c5660 e9c7dfdd27fce64d f8e47d4cec765d2b 85a2b38ba49fa95c cc9c8fa9d5e31b93 ] wstrb=[68 be f5 c5 49 88 6e b2 46 64 77 90 ec e5 42 33 49 b9 c3 36 9e 5 69 e8 be 2c 1e 5c 31 87 44 ef b3 62 4b e4 e9 90 d3 9c f2 1e 80 dc ae 53 78 a1 72 f9 7d 20 4c f5 c1 be ee 3e df 3b 34 a0 f9 22 df d8 5d 13 79 57 35 58 2f 93 6b a8 ea a0 0 19 33 6b c2 1d c c2 37 3f 2e f9 5d 3a bb 94 79 e9 8d d6 23 48 6a 9d 32 f7 73 55 40 de f2 72 d5 66 c7 15 44 ba 87 19 20 4f 2f 64 9 b6 7d 29 5 ac 8d e 63 a 37 68 b7 c4 77 1a cf ae 82 86 73 f9 a0 42 a8 22 c8 1b 1c 68 5d c4 8a 25 df a6 8d 3c 6a 17 61 49 be ee 85 28 5 e6 72 c3 d4 f7 ec da de 5e 9d b2 55 89 8c 33 e7 2a e6 3d b3 72 70 9b 9c 56 d8 50 c9 48 eb 65 9f c3 b5 68 b a0 cd aa 63 83 12 6f 23 e0 19 87 63 2c f6 86 c f d 6f 3b 3 f5 47 13 3 b6 4e 6 ac 96 19 af 4c 68 b5 f8 fe cf a7 4a 37 5d 43 35 2c ] bresp=0 bid=1000
[2585000] MASTER 0 W_VALID_RDY Handshake beat=0 wlast=0
[2585000] MASTER 0 B_VALID_RDY Handshake
[2585000] [MASTER MONITOR] mst_id=0 s_id=0 awaddr=bfeb520 awid=1000 awlen=249 awsize=2 awburst=1 wdata=[d7633a2cc9b66c76 1f592ee4d57ea427 b6e9ec59e0e310d0 2a997d47d068fd0e 25e7a1358e4d2685 ef303756c9f2ac2b 1a5ba939dcd18d8e eb1eb41419c9b49d e3bc60c8c0434a6e 9d14d7fcda4eeb6a f418a007fe180a01 3e5b546f88338c10 e282777ad7d500cf d5ed0ad0db702c6b e3a3b87cd69b1781 ae70185014485f3f efb88baac6262ff6 1cc14778845d2320 98a5825fd35c4426 1982741dcb315fc8 cf8e82e9085e0e0a dbba52303643bb95 81751b5de8340548 f0921352f53cc64d ab8081e2d1039e46 3937a38fcc4c6583 c1892bd02cf59d40 fdf93b86a9c9b6e1 f6161c64ed09adb3 19ff4af3b730df15 e0fa95f7379f4835 24a8f5e897f88679 cf29658fd710b25b 8eaffa903ea840db d6a0c7543023fb86 8734ade1b358f078 f2013153a5ca2ce3 d5ee286915e4a872 c93d98eac8a1f8a8 ee6c258bdd22d64b f3077ebd3b3eca3e 3e0c2e6c45a4df5 217d2440bc4517a7 f783e1e5f24ce871 b6a736661484a2fd d0c9baa4fb64a4cb edb18d3dd8245aa6 eca8fda3c84d9c8a c3b24155a458c3a3 fc7d1e4a3d72b848 5c054d2b163ce92 d5bc9236e9261bed a698d435c9729627 fad664bad239b080 bb5fcc6dac592907 f5cbbf2fd092f6f0 22cca770e1f8a0a3 8e51c9aaf0a223e9 c1351ad9de2c73dd c0251480841d88d9 f4bfacc2e401c249 c22e3626ce76de2b d2946704b5f4c79b 99f689e402534aa7 d0ca28d2c75413c7 fd48db62dc24c00b de780ab2a35e8fd6 eab2a39d173f6547 f36425522f423384 d2a0c35ae7fb7f00 ff3ae447d1dc3004 11e63883d5366f8 254ee5f8f29f0999 c47b399dd3bf26e2 91128dda2489ca3f 1728d3d8c5999d25 9958c407b66173d2 daeb3e11dba40d75 213daa9a2a6b51e2 e0ccc5b4f21411e9 cdb81f5eba966ea1 e501c0833bb803c6 adcc15afeef5c9f8 298c389ac5ce8638 18689fefb84350e ea79ff068e8df91d d45c7f55af529fad aad6d4bb940637a0 229430bed5e30953 535a9011550d3c2 a9570b62f6f0b013 ccd3b967b00c7dbc c55d517ecbeb3c20 c2dbec34d2096268 8215e024eeb45ce1 ba9f99010fafa59b e1b90803c77331a3 36278e84fd7b8535 8d2b2ad0e3cee827 ab4219caf0c72785 ee42acbbeee432d3 d2b31afbe169a84e d230cfd4fb6dd78b ea520a5ffdf534c5 df5edd14c0737c8f bbe1541a3d05255a bafa5a1f318face8 f2032977a6335e79 e33883d39a593733 cbe8e41bade47d91 d417dc0b1e32ddf3 b88c1526bdec0d92 ebd08b24b7505fde d5833dd10474f942 c26106d43fe8672f f738c70d0e0f52f8 12844c3aae3191f8 ee19f927ccbc04df dacb57d7d4e5530e 316e507e552c035 320ec514ed4fa411 c234f71ff130de2e d6839e630cda1ceb fa29c0fcc54bdc26 367cba5588926377 956c8062bc5eb81b 1aa94428d0058b8 1592bc308f96415e cbf4f97a38274e97 c527a74faaff3c92 3a957df1cd9f8dbc 5c6dc53daba637f 5b9a012068a776b d42a0527caee83a2 25a8e722c04f1e03 c6d9956ed9f0e17a a4df651c2b628734 ebb1a5371b039a95 f4f47c0fca884c3e f5ead372328b3aa5 cd8ed53a99d3e12b e45c2d6ae19c78a9 9427b34ec2835149 dc573274da4700dc 3be37986e1b68888 a439d9d1c0b35fde 1afa60bbd00b2cd4 31c1b55d00910c46 c1446c24d6ddda41 a6e90715d5fb8f2e d68c9b74dc3eccdf b31ca720d8aabc72 2ea64ba117d10799 f40fd478da05ae36 b2b06aa88532e715 9d03eeae272c7b99 13229cfe156b649 e6899d5f1113c327 38403ec0b3e29477 15394ac1838d8c0d 94a14f343972688f ed54fd06fbc2e820 ff50742dcce18df4 8653f683828e47c7 fe512fe713f1c362 e0d35156f3a8f38a f6373b51fda1a415 11936777e72747da dad03b64f4886b39 f22a0f4ef266b8cd d98e00a7d10776b5 c58fe1ee03bd76c5 f6242f92b45e3c0b 565b2c1b7b9f13c bb776801cfb2303a 84106c45caf594af 2af85ec319b9794 14dc7ce89761f06 d46bb3b6be26eded efc28581855e3413 ed4531ad71b39a2 9542278ff1104d4f f66e8163e34006d0 3a5b40720504ad11 f614fa600542d47d e882db4dcf9d6801 d4a21512ec837bc3 f1c6504022de1bbf f27b83c0cab70f73 b73a8b36da492b8d fd27474cc71d98d3 11d4a8462900db77 834a0704efa2cb0d 36c063e0c90f337c f2100ef300714e51 f014195ec8950c26 91a43fa2f55a15f8 f5cb644926d47d3e ef69896403b44e96 f90e648ee5df7da7 cb3fae5810dc906 84c2179ceed9c8d7 d4b9467efc1d8449 fd2b4d4ffdd07c2a ecaa4501e16d4163 dd8ac5ac01ed64ec ffbde116c1638b7f a2d0cce2dab612fb dca377e7ec682618 adcbb197805b928e db11a58adc6158fe c8c97f16d09c7e7a d0f81108b7b51d71 9416766ff69530ad c731af27ac09b692 e3bed404dcdff585 d37526331829c030 c43376c2f7d54a73 d4b53ff99aa6d55a b2d0958aa7f24ac6 1fc7953a282a662c c2d13b86f7040c4d 9ef65713f47cd533 1ca73b5ff5a1d111 eca5dd5ebebdec4d b33ac180df7876e5 d51a47f68b9c3471 ca5a20bfcfe1fcdf 2f5a73c5c1c02554 cd5c59c6fd94e23f cd76df1f8474bbbb c634e11017b67a85 954b5cc4fcd152e4 81460e9f13913ad6 2b47b55be2c23be3 df938ec7c77aefaf db0c2a85c093121f 23554e03e0d99d67 a8548d168653dfe0 c6e6f20082e8dcca e3c27a310360b79c 89b4977cea3c4003 ed251ccd0c170748 f77bee4d09b897c bad7c97fd0e796ff dcfe9e47992c5660 e9c7dfdd27fce64d f8e47d4cec765d2b 85a2b38ba49fa95c cc9c8fa9d5e31b93 ] wstrb=[68 be f5 c5 49 88 6e b2 46 64 77 90 ec e5 42 33 49 b9 c3 36 9e 5 69 e8 be 2c 1e 5c 31 87 44 ef b3 62 4b e4 e9 90 d3 9c f2 1e 80 dc ae 53 78 a1 72 f9 7d 20 4c f5 c1 be ee 3e df 3b 34 a0 f9 22 df d8 5d 13 79 57 35 58 2f 93 6b a8 ea a0 0 19 33 6b c2 1d c c2 37 3f 2e f9 5d 3a bb 94 79 e9 8d d6 23 48 6a 9d 32 f7 73 55 40 de f2 72 d5 66 c7 15 44 ba 87 19 20 4f 2f 64 9 b6 7d 29 5 ac 8d e 63 a 37 68 b7 c4 77 1a cf ae 82 86 73 f9 a0 42 a8 22 c8 1b 1c 68 5d c4 8a 25 df a6 8d 3c 6a 17 61 49 be ee 85 28 5 e6 72 c3 d4 f7 ec da de 5e 9d b2 55 89 8c 33 e7 2a e6 3d b3 72 70 9b 9c 56 d8 50 c9 48 eb 65 9f c3 b5 68 b a0 cd aa 63 83 12 6f 23 e0 19 87 63 2c f6 86 c f d 6f 3b 3 f5 47 13 3 b6 4e 6 ac 96 19 af 4c 68 b5 f8 fe cf a7 4a 37 5d 43 35 2c ] bresp=0 bid=1000
[2585000] SCOREBOARD MATCH: decode_err expected = 0, actual =0
[2585000] SCOREBOARD MATCH: slave_id expected = 0, actual =0
[2585000] SCOREBOARD MATCH: awaddr passthrough expected = bfeb520, actual =bfeb520
[2585000] SCOREBOARD MATCH: awlen passthrough expected = 249, actual =249
[2585000] SCOREBOARD MATCH: awsize passthrough expected = 2, actual =2
[2585000] SCOREBOARD MATCH: awburst passthrough expected = 1, actual =1
[2585000] SCOREBOARD MATCH: wdata size check expected = fa, actual =fa
[2585000] SCOREBOARD MATCH: wdata passthrough beat=0 expected = d7633a2cc9b66c76, actual =d7633a2cc9b66c76
[2585000] SCOREBOARD MATCH: wdata passthrough beat=1 expected = 1f592ee4d57ea427, actual =1f592ee4d57ea427
[2585000] SCOREBOARD MATCH: wdata passthrough beat=2 expected = b6e9ec59e0e310d0, actual =b6e9ec59e0e310d0
[2585000] SCOREBOARD MATCH: wdata passthrough beat=3 expected = 2a997d47d068fd0e, actual =2a997d47d068fd0e
[2585000] SCOREBOARD MATCH: wdata passthrough beat=4 expected = 25e7a1358e4d2685, actual =25e7a1358e4d2685
[2585000] SCOREBOARD MATCH: wdata passthrough beat=5 expected = ef303756c9f2ac2b, actual =ef303756c9f2ac2b
[2585000] SCOREBOARD MATCH: wdata passthrough beat=6 expected = 1a5ba939dcd18d8e, actual =1a5ba939dcd18d8e
[2585000] SCOREBOARD MATCH: wdata passthrough beat=7 expected = eb1eb41419c9b49d, actual =eb1eb41419c9b49d
[2585000] SCOREBOARD MATCH: wdata passthrough beat=8 expected = e3bc60c8c0434a6e, actual =e3bc60c8c0434a6e
[2585000] SCOREBOARD MATCH: wdata passthrough beat=9 expected = 9d14d7fcda4eeb6a, actual =9d14d7fcda4eeb6a
[2585000] SCOREBOARD MATCH: wdata passthrough beat=10 expected = f418a007fe180a01, actual =f418a007fe180a01
[2585000] SCOREBOARD MATCH: wdata passthrough beat=11 expected = 3e5b546f88338c10, actual =3e5b546f88338c10
[2585000] SCOREBOARD MATCH: wdata passthrough beat=12 expected = e282777ad7d500cf, actual =e282777ad7d500cf
[2585000] SCOREBOARD MATCH: wdata passthrough beat=13 expected = d5ed0ad0db702c6b, actual =d5ed0ad0db702c6b
[2585000] SCOREBOARD MATCH: wdata passthrough beat=14 expected = e3a3b87cd69b1781, actual =e3a3b87cd69b1781
[2585000] SCOREBOARD MATCH: wdata passthrough beat=15 expected = ae70185014485f3f, actual =ae70185014485f3f
[2585000] SCOREBOARD MATCH: wdata passthrough beat=16 expected = efb88baac6262ff6, actual =efb88baac6262ff6
[2585000] SCOREBOARD MATCH: wdata passthrough beat=17 expected = 1cc14778845d2320, actual =1cc14778845d2320
[2585000] SCOREBOARD MATCH: wdata passthrough beat=18 expected = 98a5825fd35c4426, actual =98a5825fd35c4426
[2585000] SCOREBOARD MATCH: wdata passthrough beat=19 expected = 1982741dcb315fc8, actual =1982741dcb315fc8
[2585000] SCOREBOARD MATCH: wdata passthrough beat=20 expected = cf8e82e9085e0e0a, actual =cf8e82e9085e0e0a
[2585000] SCOREBOARD MATCH: wdata passthrough beat=21 expected = dbba52303643bb95, actual =dbba52303643bb95
[2585000] SCOREBOARD MATCH: wdata passthrough beat=22 expected = 81751b5de8340548, actual =81751b5de8340548
[2585000] SCOREBOARD MATCH: wdata passthrough beat=23 expected = f0921352f53cc64d, actual =f0921352f53cc64d
[2585000] SCOREBOARD MATCH: wdata passthrough beat=24 expected = ab8081e2d1039e46, actual =ab8081e2d1039e46
[2585000] SCOREBOARD MATCH: wdata passthrough beat=25 expected = 3937a38fcc4c6583, actual =3937a38fcc4c6583
[2585000] SCOREBOARD MATCH: wdata passthrough beat=26 expected = c1892bd02cf59d40, actual =c1892bd02cf59d40
[2585000] SCOREBOARD MATCH: wdata passthrough beat=27 expected = fdf93b86a9c9b6e1, actual =fdf93b86a9c9b6e1
[2585000] SCOREBOARD MATCH: wdata passthrough beat=28 expected = f6161c64ed09adb3, actual =f6161c64ed09adb3
[2585000] SCOREBOARD MATCH: wdata passthrough beat=29 expected = 19ff4af3b730df15, actual =19ff4af3b730df15
[2585000] SCOREBOARD MATCH: wdata passthrough beat=30 expected = e0fa95f7379f4835, actual =e0fa95f7379f4835
[2585000] SCOREBOARD MATCH: wdata passthrough beat=31 expected = 24a8f5e897f88679, actual =24a8f5e897f88679
[2585000] SCOREBOARD MATCH: wdata passthrough beat=32 expected = cf29658fd710b25b, actual =cf29658fd710b25b
[2585000] SCOREBOARD MATCH: wdata passthrough beat=33 expected = 8eaffa903ea840db, actual =8eaffa903ea840db
[2585000] SCOREBOARD MATCH: wdata passthrough beat=34 expected = d6a0c7543023fb86, actual =d6a0c7543023fb86
[2585000] SCOREBOARD MATCH: wdata passthrough beat=35 expected = 8734ade1b358f078, actual =8734ade1b358f078
[2585000] SCOREBOARD MATCH: wdata passthrough beat=36 expected = f2013153a5ca2ce3, actual =f2013153a5ca2ce3
[2585000] SCOREBOARD MATCH: wdata passthrough beat=37 expected = d5ee286915e4a872, actual =d5ee286915e4a872
[2585000] SCOREBOARD MATCH: wdata passthrough beat=38 expected = c93d98eac8a1f8a8, actual =c93d98eac8a1f8a8
[2585000] SCOREBOARD MATCH: wdata passthrough beat=39 expected = ee6c258bdd22d64b, actual =ee6c258bdd22d64b
[2585000] SCOREBOARD MATCH: wdata passthrough beat=40 expected = f3077ebd3b3eca3e, actual =f3077ebd3b3eca3e
[2585000] SCOREBOARD MATCH: wdata passthrough beat=41 expected = 3e0c2e6c45a4df5, actual =3e0c2e6c45a4df5
[2585000] SCOREBOARD MATCH: wdata passthrough beat=42 expected = 217d2440bc4517a7, actual =217d2440bc4517a7
[2585000] SCOREBOARD MATCH: wdata passthrough beat=43 expected = f783e1e5f24ce871, actual =f783e1e5f24ce871
[2585000] SCOREBOARD MATCH: wdata passthrough beat=44 expected = b6a736661484a2fd, actual =b6a736661484a2fd
[2585000] SCOREBOARD MATCH: wdata passthrough beat=45 expected = d0c9baa4fb64a4cb, actual =d0c9baa4fb64a4cb
[2585000] SCOREBOARD MATCH: wdata passthrough beat=46 expected = edb18d3dd8245aa6, actual =edb18d3dd8245aa6
[2585000] SCOREBOARD MATCH: wdata passthrough beat=47 expected = eca8fda3c84d9c8a, actual =eca8fda3c84d9c8a
[2585000] SCOREBOARD MATCH: wdata passthrough beat=48 expected = c3b24155a458c3a3, actual =c3b24155a458c3a3
[2585000] SCOREBOARD MATCH: wdata passthrough beat=49 expected = fc7d1e4a3d72b848, actual =fc7d1e4a3d72b848
[2585000] SCOREBOARD MATCH: wdata passthrough beat=50 expected = 5c054d2b163ce92, actual =5c054d2b163ce92
[2585000] SCOREBOARD MATCH: wdata passthrough beat=51 expected = d5bc9236e9261bed, actual =d5bc9236e9261bed
[2585000] SCOREBOARD MATCH: wdata passthrough beat=52 expected = a698d435c9729627, actual =a698d435c9729627
[2585000] SCOREBOARD MATCH: wdata passthrough beat=53 expected = fad664bad239b080, actual =fad664bad239b080
[2585000] SCOREBOARD MATCH: wdata passthrough beat=54 expected = bb5fcc6dac592907, actual =bb5fcc6dac592907
[2585000] SCOREBOARD MATCH: wdata passthrough beat=55 expected = f5cbbf2fd092f6f0, actual =f5cbbf2fd092f6f0
[2585000] SCOREBOARD MATCH: wdata passthrough beat=56 expected = 22cca770e1f8a0a3, actual =22cca770e1f8a0a3
[2585000] SCOREBOARD MATCH: wdata passthrough beat=57 expected = 8e51c9aaf0a223e9, actual =8e51c9aaf0a223e9
[2585000] SCOREBOARD MATCH: wdata passthrough beat=58 expected = c1351ad9de2c73dd, actual =c1351ad9de2c73dd
[2585000] SCOREBOARD MATCH: wdata passthrough beat=59 expected = c0251480841d88d9, actual =c0251480841d88d9
[2585000] SCOREBOARD MATCH: wdata passthrough beat=60 expected = f4bfacc2e401c249, actual =f4bfacc2e401c249
[2585000] SCOREBOARD MATCH: wdata passthrough beat=61 expected = c22e3626ce76de2b, actual =c22e3626ce76de2b
[2585000] SCOREBOARD MATCH: wdata passthrough beat=62 expected = d2946704b5f4c79b, actual =d2946704b5f4c79b
[2585000] SCOREBOARD MATCH: wdata passthrough beat=63 expected = 99f689e402534aa7, actual =99f689e402534aa7
[2585000] SCOREBOARD MATCH: wdata passthrough beat=64 expected = d0ca28d2c75413c7, actual =d0ca28d2c75413c7
[2585000] SCOREBOARD MATCH: wdata passthrough beat=65 expected = fd48db62dc24c00b, actual =fd48db62dc24c00b
[2585000] SCOREBOARD MATCH: wdata passthrough beat=66 expected = de780ab2a35e8fd6, actual =de780ab2a35e8fd6
[2585000] SCOREBOARD MATCH: wdata passthrough beat=67 expected = eab2a39d173f6547, actual =eab2a39d173f6547
[2585000] SCOREBOARD MATCH: wdata passthrough beat=68 expected = f36425522f423384, actual =f36425522f423384
[2585000] SCOREBOARD MATCH: wdata passthrough beat=69 expected = d2a0c35ae7fb7f00, actual =d2a0c35ae7fb7f00
[2585000] SCOREBOARD MATCH: wdata passthrough beat=70 expected = ff3ae447d1dc3004, actual =ff3ae447d1dc3004
[2585000] SCOREBOARD MATCH: wdata passthrough beat=71 expected = 11e63883d5366f8, actual =11e63883d5366f8
[2585000] SCOREBOARD MATCH: wdata passthrough beat=72 expected = 254ee5f8f29f0999, actual =254ee5f8f29f0999
[2585000] SCOREBOARD MATCH: wdata passthrough beat=73 expected = c47b399dd3bf26e2, actual =c47b399dd3bf26e2
[2585000] SCOREBOARD MATCH: wdata passthrough beat=74 expected = 91128dda2489ca3f, actual =91128dda2489ca3f
[2585000] SCOREBOARD MATCH: wdata passthrough beat=75 expected = 1728d3d8c5999d25, actual =1728d3d8c5999d25
[2585000] SCOREBOARD MATCH: wdata passthrough beat=76 expected = 9958c407b66173d2, actual =9958c407b66173d2
[2585000] SCOREBOARD MATCH: wdata passthrough beat=77 expected = daeb3e11dba40d75, actual =daeb3e11dba40d75
[2585000] SCOREBOARD MATCH: wdata passthrough beat=78 expected = 213daa9a2a6b51e2, actual =213daa9a2a6b51e2
[2585000] SCOREBOARD MATCH: wdata passthrough beat=79 expected = e0ccc5b4f21411e9, actual =e0ccc5b4f21411e9
[2585000] SCOREBOARD MATCH: wdata passthrough beat=80 expected = cdb81f5eba966ea1, actual =cdb81f5eba966ea1
[2585000] SCOREBOARD MATCH: wdata passthrough beat=81 expected = e501c0833bb803c6, actual =e501c0833bb803c6
[2585000] SCOREBOARD MATCH: wdata passthrough beat=82 expected = adcc15afeef5c9f8, actual =adcc15afeef5c9f8
[2585000] SCOREBOARD MATCH: wdata passthrough beat=83 expected = 298c389ac5ce8638, actual =298c389ac5ce8638
[2585000] SCOREBOARD MATCH: wdata passthrough beat=84 expected = 18689fefb84350e, actual =18689fefb84350e
[2585000] SCOREBOARD MATCH: wdata passthrough beat=85 expected = ea79ff068e8df91d, actual =ea79ff068e8df91d
[2585000] SCOREBOARD MATCH: wdata passthrough beat=86 expected = d45c7f55af529fad, actual =d45c7f55af529fad
[2585000] SCOREBOARD MATCH: wdata passthrough beat=87 expected = aad6d4bb940637a0, actual =aad6d4bb940637a0
[2585000] SCOREBOARD MATCH: wdata passthrough beat=88 expected = 229430bed5e30953, actual =229430bed5e30953
[2585000] SCOREBOARD MATCH: wdata passthrough beat=89 expected = 535a9011550d3c2, actual =535a9011550d3c2
[2585000] SCOREBOARD MATCH: wdata passthrough beat=90 expected = a9570b62f6f0b013, actual =a9570b62f6f0b013
[2585000] SCOREBOARD MATCH: wdata passthrough beat=91 expected = ccd3b967b00c7dbc, actual =ccd3b967b00c7dbc
[2585000] SCOREBOARD MATCH: wdata passthrough beat=92 expected = c55d517ecbeb3c20, actual =c55d517ecbeb3c20
[2585000] SCOREBOARD MATCH: wdata passthrough beat=93 expected = c2dbec34d2096268, actual =c2dbec34d2096268
[2585000] SCOREBOARD MATCH: wdata passthrough beat=94 expected = 8215e024eeb45ce1, actual =8215e024eeb45ce1
[2585000] SCOREBOARD MATCH: wdata passthrough beat=95 expected = ba9f99010fafa59b, actual =ba9f99010fafa59b
[2585000] SCOREBOARD MATCH: wdata passthrough beat=96 expected = e1b90803c77331a3, actual =e1b90803c77331a3
[2585000] SCOREBOARD MATCH: wdata passthrough beat=97 expected = 36278e84fd7b8535, actual =36278e84fd7b8535
[2585000] SCOREBOARD MATCH: wdata passthrough beat=98 expected = 8d2b2ad0e3cee827, actual =8d2b2ad0e3cee827
[2585000] SCOREBOARD MATCH: wdata passthrough beat=99 expected = ab4219caf0c72785, actual =ab4219caf0c72785
[2585000] SCOREBOARD MATCH: wdata passthrough beat=100 expected = ee42acbbeee432d3, actual =ee42acbbeee432d3
[2585000] SCOREBOARD MATCH: wdata passthrough beat=101 expected = d2b31afbe169a84e, actual =d2b31afbe169a84e
[2585000] SCOREBOARD MATCH: wdata passthrough beat=102 expected = d230cfd4fb6dd78b, actual =d230cfd4fb6dd78b
[2585000] SCOREBOARD MATCH: wdata passthrough beat=103 expected = ea520a5ffdf534c5, actual =ea520a5ffdf534c5
[2585000] SCOREBOARD MATCH: wdata passthrough beat=104 expected = df5edd14c0737c8f, actual =df5edd14c0737c8f
[2585000] SCOREBOARD MATCH: wdata passthrough beat=105 expected = bbe1541a3d05255a, actual =bbe1541a3d05255a
[2585000] SCOREBOARD MATCH: wdata passthrough beat=106 expected = bafa5a1f318face8, actual =bafa5a1f318face8
[2585000] SCOREBOARD MATCH: wdata passthrough beat=107 expected = f2032977a6335e79, actual =f2032977a6335e79
[2585000] SCOREBOARD MATCH: wdata passthrough beat=108 expected = e33883d39a593733, actual =e33883d39a593733
[2585000] SCOREBOARD MATCH: wdata passthrough beat=109 expected = cbe8e41bade47d91, actual =cbe8e41bade47d91
[2585000] SCOREBOARD MATCH: wdata passthrough beat=110 expected = d417dc0b1e32ddf3, actual =d417dc0b1e32ddf3
[2585000] SCOREBOARD MATCH: wdata passthrough beat=111 expected = b88c1526bdec0d92, actual =b88c1526bdec0d92
[2585000] SCOREBOARD MATCH: wdata passthrough beat=112 expected = ebd08b24b7505fde, actual =ebd08b24b7505fde
[2585000] SCOREBOARD MATCH: wdata passthrough beat=113 expected = d5833dd10474f942, actual =d5833dd10474f942
[2585000] SCOREBOARD MATCH: wdata passthrough beat=114 expected = c26106d43fe8672f, actual =c26106d43fe8672f
[2585000] SCOREBOARD MATCH: wdata passthrough beat=115 expected = f738c70d0e0f52f8, actual =f738c70d0e0f52f8
[2585000] SCOREBOARD MATCH: wdata passthrough beat=116 expected = 12844c3aae3191f8, actual =12844c3aae3191f8
[2585000] SCOREBOARD MATCH: wdata passthrough beat=117 expected = ee19f927ccbc04df, actual =ee19f927ccbc04df
[2585000] SCOREBOARD MATCH: wdata passthrough beat=118 expected = dacb57d7d4e5530e, actual =dacb57d7d4e5530e
[2585000] SCOREBOARD MATCH: wdata passthrough beat=119 expected = 316e507e552c035, actual =316e507e552c035
[2585000] SCOREBOARD MATCH: wdata passthrough beat=120 expected = 320ec514ed4fa411, actual =320ec514ed4fa411
[2585000] SCOREBOARD MATCH: wdata passthrough beat=121 expected = c234f71ff130de2e, actual =c234f71ff130de2e
[2585000] SCOREBOARD MATCH: wdata passthrough beat=122 expected = d6839e630cda1ceb, actual =d6839e630cda1ceb
[2585000] SCOREBOARD MATCH: wdata passthrough beat=123 expected = fa29c0fcc54bdc26, actual =fa29c0fcc54bdc26
[2585000] SCOREBOARD MATCH: wdata passthrough beat=124 expected = 367cba5588926377, actual =367cba5588926377
[2585000] SCOREBOARD MATCH: wdata passthrough beat=125 expected = 956c8062bc5eb81b, actual =956c8062bc5eb81b
[2585000] SCOREBOARD MATCH: wdata passthrough beat=126 expected = 1aa94428d0058b8, actual =1aa94428d0058b8
[2585000] SCOREBOARD MATCH: wdata passthrough beat=127 expected = 1592bc308f96415e, actual =1592bc308f96415e
[2585000] SCOREBOARD MATCH: wdata passthrough beat=128 expected = cbf4f97a38274e97, actual =cbf4f97a38274e97
[2585000] SCOREBOARD MATCH: wdata passthrough beat=129 expected = c527a74faaff3c92, actual =c527a74faaff3c92
[2585000] SCOREBOARD MATCH: wdata passthrough beat=130 expected = 3a957df1cd9f8dbc, actual =3a957df1cd9f8dbc
[2585000] SCOREBOARD MATCH: wdata passthrough beat=131 expected = 5c6dc53daba637f, actual =5c6dc53daba637f
[2585000] SCOREBOARD MATCH: wdata passthrough beat=132 expected = 5b9a012068a776b, actual =5b9a012068a776b
[2585000] SCOREBOARD MATCH: wdata passthrough beat=133 expected = d42a0527caee83a2, actual =d42a0527caee83a2
[2585000] SCOREBOARD MATCH: wdata passthrough beat=134 expected = 25a8e722c04f1e03, actual =25a8e722c04f1e03
[2585000] SCOREBOARD MATCH: wdata passthrough beat=135 expected = c6d9956ed9f0e17a, actual =c6d9956ed9f0e17a
[2585000] SCOREBOARD MATCH: wdata passthrough beat=136 expected = a4df651c2b628734, actual =a4df651c2b628734
[2585000] SCOREBOARD MATCH: wdata passthrough beat=137 expected = ebb1a5371b039a95, actual =ebb1a5371b039a95
[2585000] SCOREBOARD MATCH: wdata passthrough beat=138 expected = f4f47c0fca884c3e, actual =f4f47c0fca884c3e
[2585000] SCOREBOARD MATCH: wdata passthrough beat=139 expected = f5ead372328b3aa5, actual =f5ead372328b3aa5
[2585000] SCOREBOARD MATCH: wdata passthrough beat=140 expected = cd8ed53a99d3e12b, actual =cd8ed53a99d3e12b
[2585000] SCOREBOARD MATCH: wdata passthrough beat=141 expected = e45c2d6ae19c78a9, actual =e45c2d6ae19c78a9
[2585000] SCOREBOARD MATCH: wdata passthrough beat=142 expected = 9427b34ec2835149, actual =9427b34ec2835149
[2585000] SCOREBOARD MATCH: wdata passthrough beat=143 expected = dc573274da4700dc, actual =dc573274da4700dc
[2585000] SCOREBOARD MATCH: wdata passthrough beat=144 expected = 3be37986e1b68888, actual =3be37986e1b68888
[2585000] SCOREBOARD MATCH: wdata passthrough beat=145 expected = a439d9d1c0b35fde, actual =a439d9d1c0b35fde
[2585000] SCOREBOARD MATCH: wdata passthrough beat=146 expected = 1afa60bbd00b2cd4, actual =1afa60bbd00b2cd4
[2585000] SCOREBOARD MATCH: wdata passthrough beat=147 expected = 31c1b55d00910c46, actual =31c1b55d00910c46
[2585000] SCOREBOARD MATCH: wdata passthrough beat=148 expected = c1446c24d6ddda41, actual =c1446c24d6ddda41
[2585000] SCOREBOARD MATCH: wdata passthrough beat=149 expected = a6e90715d5fb8f2e, actual =a6e90715d5fb8f2e
[2585000] SCOREBOARD MATCH: wdata passthrough beat=150 expected = d68c9b74dc3eccdf, actual =d68c9b74dc3eccdf
[2585000] SCOREBOARD MATCH: wdata passthrough beat=151 expected = b31ca720d8aabc72, actual =b31ca720d8aabc72
[2585000] SCOREBOARD MATCH: wdata passthrough beat=152 expected = 2ea64ba117d10799, actual =2ea64ba117d10799
[2585000] SCOREBOARD MATCH: wdata passthrough beat=153 expected = f40fd478da05ae36, actual =f40fd478da05ae36
[2585000] SCOREBOARD MATCH: wdata passthrough beat=154 expected = b2b06aa88532e715, actual =b2b06aa88532e715
[2585000] SCOREBOARD MATCH: wdata passthrough beat=155 expected = 9d03eeae272c7b99, actual =9d03eeae272c7b99
[2585000] SCOREBOARD MATCH: wdata passthrough beat=156 expected = 13229cfe156b649, actual =13229cfe156b649
[2585000] SCOREBOARD MATCH: wdata passthrough beat=157 expected = e6899d5f1113c327, actual =e6899d5f1113c327
[2585000] SCOREBOARD MATCH: wdata passthrough beat=158 expected = 38403ec0b3e29477, actual =38403ec0b3e29477
[2585000] SCOREBOARD MATCH: wdata passthrough beat=159 expected = 15394ac1838d8c0d, actual =15394ac1838d8c0d
[2585000] SCOREBOARD MATCH: wdata passthrough beat=160 expected = 94a14f343972688f, actual =94a14f343972688f
[2585000] SCOREBOARD MATCH: wdata passthrough beat=161 expected = ed54fd06fbc2e820, actual =ed54fd06fbc2e820
[2585000] SCOREBOARD MATCH: wdata passthrough beat=162 expected = ff50742dcce18df4, actual =ff50742dcce18df4
[2585000] SCOREBOARD MATCH: wdata passthrough beat=163 expected = 8653f683828e47c7, actual =8653f683828e47c7
[2585000] SCOREBOARD MATCH: wdata passthrough beat=164 expected = fe512fe713f1c362, actual =fe512fe713f1c362
[2585000] SCOREBOARD MATCH: wdata passthrough beat=165 expected = e0d35156f3a8f38a, actual =e0d35156f3a8f38a
[2585000] SCOREBOARD MATCH: wdata passthrough beat=166 expected = f6373b51fda1a415, actual =f6373b51fda1a415
[2585000] SCOREBOARD MATCH: wdata passthrough beat=167 expected = 11936777e72747da, actual =11936777e72747da
[2585000] SCOREBOARD MATCH: wdata passthrough beat=168 expected = dad03b64f4886b39, actual =dad03b64f4886b39
[2585000] SCOREBOARD MATCH: wdata passthrough beat=169 expected = f22a0f4ef266b8cd, actual =f22a0f4ef266b8cd
[2585000] SCOREBOARD MATCH: wdata passthrough beat=170 expected = d98e00a7d10776b5, actual =d98e00a7d10776b5
[2585000] SCOREBOARD MATCH: wdata passthrough beat=171 expected = c58fe1ee03bd76c5, actual =c58fe1ee03bd76c5
[2585000] SCOREBOARD MATCH: wdata passthrough beat=172 expected = f6242f92b45e3c0b, actual =f6242f92b45e3c0b
[2585000] SCOREBOARD MATCH: wdata passthrough beat=173 expected = 565b2c1b7b9f13c, actual =565b2c1b7b9f13c
[2585000] SCOREBOARD MATCH: wdata passthrough beat=174 expected = bb776801cfb2303a, actual =bb776801cfb2303a
[2585000] SCOREBOARD MATCH: wdata passthrough beat=175 expected = 84106c45caf594af, actual =84106c45caf594af
[2585000] SCOREBOARD MATCH: wdata passthrough beat=176 expected = 2af85ec319b9794, actual =2af85ec319b9794
[2585000] SCOREBOARD MATCH: wdata passthrough beat=177 expected = 14dc7ce89761f06, actual =14dc7ce89761f06
[2585000] SCOREBOARD MATCH: wdata passthrough beat=178 expected = d46bb3b6be26eded, actual =d46bb3b6be26eded
[2585000] SCOREBOARD MATCH: wdata passthrough beat=179 expected = efc28581855e3413, actual =efc28581855e3413
[2585000] SCOREBOARD MATCH: wdata passthrough beat=180 expected = ed4531ad71b39a2, actual =ed4531ad71b39a2
[2585000] SCOREBOARD MATCH: wdata passthrough beat=181 expected = 9542278ff1104d4f, actual =9542278ff1104d4f
[2585000] SCOREBOARD MATCH: wdata passthrough beat=182 expected = f66e8163e34006d0, actual =f66e8163e34006d0
[2585000] SCOREBOARD MATCH: wdata passthrough beat=183 expected = 3a5b40720504ad11, actual =3a5b40720504ad11
[2585000] SCOREBOARD MATCH: wdata passthrough beat=184 expected = f614fa600542d47d, actual =f614fa600542d47d
[2585000] SCOREBOARD MATCH: wdata passthrough beat=185 expected = e882db4dcf9d6801, actual =e882db4dcf9d6801
[2585000] SCOREBOARD MATCH: wdata passthrough beat=186 expected = d4a21512ec837bc3, actual =d4a21512ec837bc3
[2585000] SCOREBOARD MATCH: wdata passthrough beat=187 expected = f1c6504022de1bbf, actual =f1c6504022de1bbf
[2585000] SCOREBOARD MATCH: wdata passthrough beat=188 expected = f27b83c0cab70f73, actual =f27b83c0cab70f73
[2585000] SCOREBOARD MATCH: wdata passthrough beat=189 expected = b73a8b36da492b8d, actual =b73a8b36da492b8d
[2585000] SCOREBOARD MATCH: wdata passthrough beat=190 expected = fd27474cc71d98d3, actual =fd27474cc71d98d3
[2585000] SCOREBOARD MATCH: wdata passthrough beat=191 expected = 11d4a8462900db77, actual =11d4a8462900db77
[2585000] SCOREBOARD MATCH: wdata passthrough beat=192 expected = 834a0704efa2cb0d, actual =834a0704efa2cb0d
[2585000] SCOREBOARD MATCH: wdata passthrough beat=193 expected = 36c063e0c90f337c, actual =36c063e0c90f337c
[2585000] SCOREBOARD MATCH: wdata passthrough beat=194 expected = f2100ef300714e51, actual =f2100ef300714e51
[2585000] SCOREBOARD MATCH: wdata passthrough beat=195 expected = f014195ec8950c26, actual =f014195ec8950c26
[2585000] SCOREBOARD MATCH: wdata passthrough beat=196 expected = 91a43fa2f55a15f8, actual =91a43fa2f55a15f8
[2585000] SCOREBOARD MATCH: wdata passthrough beat=197 expected = f5cb644926d47d3e, actual =f5cb644926d47d3e
[2585000] SCOREBOARD MATCH: wdata passthrough beat=198 expected = ef69896403b44e96, actual =ef69896403b44e96
[2585000] SCOREBOARD MATCH: wdata passthrough beat=199 expected = f90e648ee5df7da7, actual =f90e648ee5df7da7
[2585000] SCOREBOARD MATCH: wdata passthrough beat=200 expected = cb3fae5810dc906, actual =cb3fae5810dc906
[2585000] SCOREBOARD MATCH: wdata passthrough beat=201 expected = 84c2179ceed9c8d7, actual =84c2179ceed9c8d7
[2585000] SCOREBOARD MATCH: wdata passthrough beat=202 expected = d4b9467efc1d8449, actual =d4b9467efc1d8449
[2585000] SCOREBOARD MATCH: wdata passthrough beat=203 expected = fd2b4d4ffdd07c2a, actual =fd2b4d4ffdd07c2a
[2585000] SCOREBOARD MATCH: wdata passthrough beat=204 expected = ecaa4501e16d4163, actual =ecaa4501e16d4163
[2585000] SCOREBOARD MATCH: wdata passthrough beat=205 expected = dd8ac5ac01ed64ec, actual =dd8ac5ac01ed64ec
[2585000] SCOREBOARD MATCH: wdata passthrough beat=206 expected = ffbde116c1638b7f, actual =ffbde116c1638b7f
[2585000] SCOREBOARD MATCH: wdata passthrough beat=207 expected = a2d0cce2dab612fb, actual =a2d0cce2dab612fb
[2585000] SCOREBOARD MATCH: wdata passthrough beat=208 expected = dca377e7ec682618, actual =dca377e7ec682618
[2585000] SCOREBOARD MATCH: wdata passthrough beat=209 expected = adcbb197805b928e, actual =adcbb197805b928e
[2585000] SCOREBOARD MATCH: wdata passthrough beat=210 expected = db11a58adc6158fe, actual =db11a58adc6158fe
[2585000] SCOREBOARD MATCH: wdata passthrough beat=211 expected = c8c97f16d09c7e7a, actual =c8c97f16d09c7e7a
[2585000] SCOREBOARD MATCH: wdata passthrough beat=212 expected = d0f81108b7b51d71, actual =d0f81108b7b51d71
[2585000] SCOREBOARD MATCH: wdata passthrough beat=213 expected = 9416766ff69530ad, actual =9416766ff69530ad
[2585000] SCOREBOARD MATCH: wdata passthrough beat=214 expected = c731af27ac09b692, actual =c731af27ac09b692
[2585000] SCOREBOARD MATCH: wdata passthrough beat=215 expected = e3bed404dcdff585, actual =e3bed404dcdff585
[2585000] SCOREBOARD MATCH: wdata passthrough beat=216 expected = d37526331829c030, actual =d37526331829c030
[2585000] SCOREBOARD MATCH: wdata passthrough beat=217 expected = c43376c2f7d54a73, actual =c43376c2f7d54a73
[2585000] SCOREBOARD MATCH: wdata passthrough beat=218 expected = d4b53ff99aa6d55a, actual =d4b53ff99aa6d55a
[2585000] SCOREBOARD MATCH: wdata passthrough beat=219 expected = b2d0958aa7f24ac6, actual =b2d0958aa7f24ac6
[2585000] SCOREBOARD MATCH: wdata passthrough beat=220 expected = 1fc7953a282a662c, actual =1fc7953a282a662c
[2585000] SCOREBOARD MATCH: wdata passthrough beat=221 expected = c2d13b86f7040c4d, actual =c2d13b86f7040c4d
[2585000] SCOREBOARD MATCH: wdata passthrough beat=222 expected = 9ef65713f47cd533, actual =9ef65713f47cd533
[2585000] SCOREBOARD MATCH: wdata passthrough beat=223 expected = 1ca73b5ff5a1d111, actual =1ca73b5ff5a1d111
[2585000] SCOREBOARD MATCH: wdata passthrough beat=224 expected = eca5dd5ebebdec4d, actual =eca5dd5ebebdec4d
[2585000] SCOREBOARD MATCH: wdata passthrough beat=225 expected = b33ac180df7876e5, actual =b33ac180df7876e5
[2585000] SCOREBOARD MATCH: wdata passthrough beat=226 expected = d51a47f68b9c3471, actual =d51a47f68b9c3471
[2585000] SCOREBOARD MATCH: wdata passthrough beat=227 expected = ca5a20bfcfe1fcdf, actual =ca5a20bfcfe1fcdf
[2585000] SCOREBOARD MATCH: wdata passthrough beat=228 expected = 2f5a73c5c1c02554, actual =2f5a73c5c1c02554
[2585000] SCOREBOARD MATCH: wdata passthrough beat=229 expected = cd5c59c6fd94e23f, actual =cd5c59c6fd94e23f
[2585000] SCOREBOARD MATCH: wdata passthrough beat=230 expected = cd76df1f8474bbbb, actual =cd76df1f8474bbbb
[2585000] SCOREBOARD MATCH: wdata passthrough beat=231 expected = c634e11017b67a85, actual =c634e11017b67a85
[2585000] SCOREBOARD MATCH: wdata passthrough beat=232 expected = 954b5cc4fcd152e4, actual =954b5cc4fcd152e4
[2585000] SCOREBOARD MATCH: wdata passthrough beat=233 expected = 81460e9f13913ad6, actual =81460e9f13913ad6
[2585000] SCOREBOARD MATCH: wdata passthrough beat=234 expected = 2b47b55be2c23be3, actual =2b47b55be2c23be3
[2585000] SCOREBOARD MATCH: wdata passthrough beat=235 expected = df938ec7c77aefaf, actual =df938ec7c77aefaf
[2585000] SCOREBOARD MATCH: wdata passthrough beat=236 expected = db0c2a85c093121f, actual =db0c2a85c093121f
[2585000] SCOREBOARD MATCH: wdata passthrough beat=237 expected = 23554e03e0d99d67, actual =23554e03e0d99d67
[2585000] SCOREBOARD MATCH: wdata passthrough beat=238 expected = a8548d168653dfe0, actual =a8548d168653dfe0
[2585000] SCOREBOARD MATCH: wdata passthrough beat=239 expected = c6e6f20082e8dcca, actual =c6e6f20082e8dcca
[2585000] SCOREBOARD MATCH: wdata passthrough beat=240 expected = e3c27a310360b79c, actual =e3c27a310360b79c
[2585000] SCOREBOARD MATCH: wdata passthrough beat=241 expected = 89b4977cea3c4003, actual =89b4977cea3c4003
[2585000] SCOREBOARD MATCH: wdata passthrough beat=242 expected = ed251ccd0c170748, actual =ed251ccd0c170748
[2585000] SCOREBOARD MATCH: wdata passthrough beat=243 expected = f77bee4d09b897c, actual =f77bee4d09b897c
[2585000] SCOREBOARD MATCH: wdata passthrough beat=244 expected = bad7c97fd0e796ff, actual =bad7c97fd0e796ff
[2585000] SCOREBOARD MATCH: wdata passthrough beat=245 expected = dcfe9e47992c5660, actual =dcfe9e47992c5660
[2585000] SCOREBOARD MATCH: wdata passthrough beat=246 expected = e9c7dfdd27fce64d, actual =e9c7dfdd27fce64d
[2585000] SCOREBOARD MATCH: wdata passthrough beat=247 expected = f8e47d4cec765d2b, actual =f8e47d4cec765d2b
[2585000] SCOREBOARD MATCH: wdata passthrough beat=248 expected = 85a2b38ba49fa95c, actual =85a2b38ba49fa95c
[2585000] SCOREBOARD MATCH: wdata passthrough beat=249 expected = cc9c8fa9d5e31b93, actual =cc9c8fa9d5e31b93
[2585000] SCOREBOARD MATCH: wstrb size check expected = fa, actual =fa
[2585000] SCOREBOARD MATCH: wstrb passthrough beat=0 expected = 68, actual =68
[2585000] SCOREBOARD MATCH: wstrb passthrough beat=1 expected = be, actual =be
[2585000] SCOREBOARD MATCH: wstrb passthrough beat=2 expected = f5, actual =f5
[2585000] SCOREBOARD MATCH: wstrb passthrough beat=3 expected = c5, actual =c5
[2585000] SCOREBOARD MATCH: wstrb passthrough beat=4 expected = 49, actual =49
[2585000] SCOREBOARD MATCH: wstrb passthrough beat=5 expected = 88, actual =88
[2585000] SCOREBOARD MATCH: wstrb passthrough beat=6 expected = 6e, actual =6e
[2585000] SCOREBOARD MATCH: wstrb passthrough beat=7 expected = b2, actual =b2
[2585000] SCOREBOARD MATCH: wstrb passthrough beat=8 expected = 46, actual =46
[2585000] SCOREBOARD MATCH: wstrb passthrough beat=9 expected = 64, actual =64
[2585000] SCOREBOARD MATCH: wstrb passthrough beat=10 expected = 77, actual =77
[2585000] SCOREBOARD MATCH: wstrb passthrough beat=11 expected = 90, actual =90
[2585000] SCOREBOARD MATCH: wstrb passthrough beat=12 expected = ec, actual =ec
[2585000] SCOREBOARD MATCH: wstrb passthrough beat=13 expected = e5, actual =e5
[2585000] SCOREBOARD MATCH: wstrb passthrough beat=14 expected = 42, actual =42
[2585000] SCOREBOARD MATCH: wstrb passthrough beat=15 expected = 33, actual =33
[2585000] SCOREBOARD MATCH: wstrb passthrough beat=16 expected = 49, actual =49
[2585000] SCOREBOARD MATCH: wstrb passthrough beat=17 expected = b9, actual =b9
[2585000] SCOREBOARD MATCH: wstrb passthrough beat=18 expected = c3, actual =c3
[2585000] SCOREBOARD MATCH: wstrb passthrough beat=19 expected = 36, actual =36
[2585000] SCOREBOARD MATCH: wstrb passthrough beat=20 expected = 9e, actual =9e
[2585000] SCOREBOARD MATCH: wstrb passthrough beat=21 expected = 5, actual =5
[2585000] SCOREBOARD MATCH: wstrb passthrough beat=22 expected = 69, actual =69
[2585000] SCOREBOARD MATCH: wstrb passthrough beat=23 expected = e8, actual =e8
[2585000] SCOREBOARD MATCH: wstrb passthrough beat=24 expected = be, actual =be
[2585000] SCOREBOARD MATCH: wstrb passthrough beat=25 expected = 2c, actual =2c
[2585000] SCOREBOARD MATCH: wstrb passthrough beat=26 expected = 1e, actual =1e
[2585000] SCOREBOARD MATCH: wstrb passthrough beat=27 expected = 5c, actual =5c
[2585000] SCOREBOARD MATCH: wstrb passthrough beat=28 expected = 31, actual =31
[2585000] SCOREBOARD MATCH: wstrb passthrough beat=29 expected = 87, actual =87
[2585000] SCOREBOARD MATCH: wstrb passthrough beat=30 expected = 44, actual =44
[2585000] SCOREBOARD MATCH: wstrb passthrough beat=31 expected = ef, actual =ef
[2585000] SCOREBOARD MATCH: wstrb passthrough beat=32 expected = b3, actual =b3
[2585000] SCOREBOARD MATCH: wstrb passthrough beat=33 expected = 62, actual =62
[2585000] SCOREBOARD MATCH: wstrb passthrough beat=34 expected = 4b, actual =4b
[2585000] SCOREBOARD MATCH: wstrb passthrough beat=35 expected = e4, actual =e4
[2585000] SCOREBOARD MATCH: wstrb passthrough beat=36 expected = e9, actual =e9
[2585000] SCOREBOARD MATCH: wstrb passthrough beat=37 expected = 90, actual =90
[2585000] SCOREBOARD MATCH: wstrb passthrough beat=38 expected = d3, actual =d3
[2585000] SCOREBOARD MATCH: wstrb passthrough beat=39 expected = 9c, actual =9c
[2585000] SCOREBOARD MATCH: wstrb passthrough beat=40 expected = f2, actual =f2
[2585000] SCOREBOARD MATCH: wstrb passthrough beat=41 expected = 1e, actual =1e
[2585000] SCOREBOARD MATCH: wstrb passthrough beat=42 expected = 80, actual =80
[2585000] SCOREBOARD MATCH: wstrb passthrough beat=43 expected = dc, actual =dc
[2585000] SCOREBOARD MATCH: wstrb passthrough beat=44 expected = ae, actual =ae
[2585000] SCOREBOARD MATCH: wstrb passthrough beat=45 expected = 53, actual =53
[2585000] SCOREBOARD MATCH: wstrb passthrough beat=46 expected = 78, actual =78
[2585000] SCOREBOARD MATCH: wstrb passthrough beat=47 expected = a1, actual =a1
[2585000] SCOREBOARD MATCH: wstrb passthrough beat=48 expected = 72, actual =72
[2585000] SCOREBOARD MATCH: wstrb passthrough beat=49 expected = f9, actual =f9
[2585000] SCOREBOARD MATCH: wstrb passthrough beat=50 expected = 7d, actual =7d
[2585000] SCOREBOARD MATCH: wstrb passthrough beat=51 expected = 20, actual =20
[2585000] SCOREBOARD MATCH: wstrb passthrough beat=52 expected = 4c, actual =4c
[2585000] SCOREBOARD MATCH: wstrb passthrough beat=53 expected = f5, actual =f5
[2585000] SCOREBOARD MATCH: wstrb passthrough beat=54 expected = c1, actual =c1
[2585000] SCOREBOARD MATCH: wstrb passthrough beat=55 expected = be, actual =be
[2585000] SCOREBOARD MATCH: wstrb passthrough beat=56 expected = ee, actual =ee
[2585000] SCOREBOARD MATCH: wstrb passthrough beat=57 expected = 3e, actual =3e
[2585000] SCOREBOARD MATCH: wstrb passthrough beat=58 expected = df, actual =df
[2585000] SCOREBOARD MATCH: wstrb passthrough beat=59 expected = 3b, actual =3b
[2585000] SCOREBOARD MATCH: wstrb passthrough beat=60 expected = 34, actual =34
[2585000] SCOREBOARD MATCH: wstrb passthrough beat=61 expected = a0, actual =a0
[2585000] SCOREBOARD MATCH: wstrb passthrough beat=62 expected = f9, actual =f9
[2585000] SCOREBOARD MATCH: wstrb passthrough beat=63 expected = 22, actual =22
[2585000] SCOREBOARD MATCH: wstrb passthrough beat=64 expected = df, actual =df
[2585000] SCOREBOARD MATCH: wstrb passthrough beat=65 expected = d8, actual =d8
[2585000] SCOREBOARD MATCH: wstrb passthrough beat=66 expected = 5d, actual =5d
[2585000] SCOREBOARD MATCH: wstrb passthrough beat=67 expected = 13, actual =13
[2585000] SCOREBOARD MATCH: wstrb passthrough beat=68 expected = 79, actual =79
[2585000] SCOREBOARD MATCH: wstrb passthrough beat=69 expected = 57, actual =57
[2585000] SCOREBOARD MATCH: wstrb passthrough beat=70 expected = 35, actual =35
[2585000] SCOREBOARD MATCH: wstrb passthrough beat=71 expected = 58, actual =58
[2585000] SCOREBOARD MATCH: wstrb passthrough beat=72 expected = 2f, actual =2f
[2585000] SCOREBOARD MATCH: wstrb passthrough beat=73 expected = 93, actual =93
[2585000] SCOREBOARD MATCH: wstrb passthrough beat=74 expected = 6b, actual =6b
[2585000] SCOREBOARD MATCH: wstrb passthrough beat=75 expected = a8, actual =a8
[2585000] SCOREBOARD MATCH: wstrb passthrough beat=76 expected = ea, actual =ea
[2585000] SCOREBOARD MATCH: wstrb passthrough beat=77 expected = a0, actual =a0
[2585000] SCOREBOARD MATCH: wstrb passthrough beat=78 expected = 0, actual =0
[2585000] SCOREBOARD MATCH: wstrb passthrough beat=79 expected = 19, actual =19
[2585000] SCOREBOARD MATCH: wstrb passthrough beat=80 expected = 33, actual =33
[2585000] SCOREBOARD MATCH: wstrb passthrough beat=81 expected = 6b, actual =6b
[2585000] SCOREBOARD MATCH: wstrb passthrough beat=82 expected = c2, actual =c2
[2585000] SCOREBOARD MATCH: wstrb passthrough beat=83 expected = 1d, actual =1d
[2585000] SCOREBOARD MATCH: wstrb passthrough beat=84 expected = c, actual =c
[2585000] SCOREBOARD MATCH: wstrb passthrough beat=85 expected = c2, actual =c2
[2585000] SCOREBOARD MATCH: wstrb passthrough beat=86 expected = 37, actual =37
[2585000] SCOREBOARD MATCH: wstrb passthrough beat=87 expected = 3f, actual =3f
[2585000] SCOREBOARD MATCH: wstrb passthrough beat=88 expected = 2e, actual =2e
[2585000] SCOREBOARD MATCH: wstrb passthrough beat=89 expected = f9, actual =f9
[2585000] SCOREBOARD MATCH: wstrb passthrough beat=90 expected = 5d, actual =5d
[2585000] SCOREBOARD MATCH: wstrb passthrough beat=91 expected = 3a, actual =3a
[2585000] SCOREBOARD MATCH: wstrb passthrough beat=92 expected = bb, actual =bb
[2585000] SCOREBOARD MATCH: wstrb passthrough beat=93 expected = 94, actual =94
[2585000] SCOREBOARD MATCH: wstrb passthrough beat=94 expected = 79, actual =79
[2585000] SCOREBOARD MATCH: wstrb passthrough beat=95 expected = e9, actual =e9
[2585000] SCOREBOARD MATCH: wstrb passthrough beat=96 expected = 8d, actual =8d
[2585000] SCOREBOARD MATCH: wstrb passthrough beat=97 expected = d6, actual =d6
[2585000] SCOREBOARD MATCH: wstrb passthrough beat=98 expected = 23, actual =23
[2585000] SCOREBOARD MATCH: wstrb passthrough beat=99 expected = 48, actual =48
[2585000] SCOREBOARD MATCH: wstrb passthrough beat=100 expected = 6a, actual =6a
[2585000] SCOREBOARD MATCH: wstrb passthrough beat=101 expected = 9d, actual =9d
[2585000] SCOREBOARD MATCH: wstrb passthrough beat=102 expected = 32, actual =32
[2585000] SCOREBOARD MATCH: wstrb passthrough beat=103 expected = f7, actual =f7
[2585000] SCOREBOARD MATCH: wstrb passthrough beat=104 expected = 73, actual =73
[2585000] SCOREBOARD MATCH: wstrb passthrough beat=105 expected = 55, actual =55
[2585000] SCOREBOARD MATCH: wstrb passthrough beat=106 expected = 40, actual =40
[2585000] SCOREBOARD MATCH: wstrb passthrough beat=107 expected = de, actual =de
[2585000] SCOREBOARD MATCH: wstrb passthrough beat=108 expected = f2, actual =f2
[2585000] SCOREBOARD MATCH: wstrb passthrough beat=109 expected = 72, actual =72
[2585000] SCOREBOARD MATCH: wstrb passthrough beat=110 expected = d5, actual =d5
[2585000] SCOREBOARD MATCH: wstrb passthrough beat=111 expected = 66, actual =66
[2585000] SCOREBOARD MATCH: wstrb passthrough beat=112 expected = c7, actual =c7
[2585000] SCOREBOARD MATCH: wstrb passthrough beat=113 expected = 15, actual =15
[2585000] SCOREBOARD MATCH: wstrb passthrough beat=114 expected = 44, actual =44
[2585000] SCOREBOARD MATCH: wstrb passthrough beat=115 expected = ba, actual =ba
[2585000] SCOREBOARD MATCH: wstrb passthrough beat=116 expected = 87, actual =87
[2585000] SCOREBOARD MATCH: wstrb passthrough beat=117 expected = 19, actual =19
[2585000] SCOREBOARD MATCH: wstrb passthrough beat=118 expected = 20, actual =20
[2585000] SCOREBOARD MATCH: wstrb passthrough beat=119 expected = 4f, actual =4f
[2585000] SCOREBOARD MATCH: wstrb passthrough beat=120 expected = 2f, actual =2f
[2585000] SCOREBOARD MATCH: wstrb passthrough beat=121 expected = 64, actual =64
[2585000] SCOREBOARD MATCH: wstrb passthrough beat=122 expected = 9, actual =9
[2585000] SCOREBOARD MATCH: wstrb passthrough beat=123 expected = b6, actual =b6
[2585000] SCOREBOARD MATCH: wstrb passthrough beat=124 expected = 7d, actual =7d
[2585000] SCOREBOARD MATCH: wstrb passthrough beat=125 expected = 29, actual =29
[2585000] SCOREBOARD MATCH: wstrb passthrough beat=126 expected = 5, actual =5
[2585000] SCOREBOARD MATCH: wstrb passthrough beat=127 expected = ac, actual =ac
[2585000] SCOREBOARD MATCH: wstrb passthrough beat=128 expected = 8d, actual =8d
[2585000] SCOREBOARD MATCH: wstrb passthrough beat=129 expected = e, actual =e
[2585000] SCOREBOARD MATCH: wstrb passthrough beat=130 expected = 63, actual =63
[2585000] SCOREBOARD MATCH: wstrb passthrough beat=131 expected = a, actual =a
[2585000] SCOREBOARD MATCH: wstrb passthrough beat=132 expected = 37, actual =37
[2585000] SCOREBOARD MATCH: wstrb passthrough beat=133 expected = 68, actual =68
[2585000] SCOREBOARD MATCH: wstrb passthrough beat=134 expected = b7, actual =b7
[2585000] SCOREBOARD MATCH: wstrb passthrough beat=135 expected = c4, actual =c4
[2585000] SCOREBOARD MATCH: wstrb passthrough beat=136 expected = 77, actual =77
[2585000] SCOREBOARD MATCH: wstrb passthrough beat=137 expected = 1a, actual =1a
[2585000] SCOREBOARD MATCH: wstrb passthrough beat=138 expected = cf, actual =cf
[2585000] SCOREBOARD MATCH: wstrb passthrough beat=139 expected = ae, actual =ae
[2585000] SCOREBOARD MATCH: wstrb passthrough beat=140 expected = 82, actual =82
[2585000] SCOREBOARD MATCH: wstrb passthrough beat=141 expected = 86, actual =86
[2585000] SCOREBOARD MATCH: wstrb passthrough beat=142 expected = 73, actual =73
[2585000] SCOREBOARD MATCH: wstrb passthrough beat=143 expected = f9, actual =f9
[2585000] SCOREBOARD MATCH: wstrb passthrough beat=144 expected = a0, actual =a0
[2585000] SCOREBOARD MATCH: wstrb passthrough beat=145 expected = 42, actual =42
[2585000] SCOREBOARD MATCH: wstrb passthrough beat=146 expected = a8, actual =a8
[2585000] SCOREBOARD MATCH: wstrb passthrough beat=147 expected = 22, actual =22
[2585000] SCOREBOARD MATCH: wstrb passthrough beat=148 expected = c8, actual =c8
[2585000] SCOREBOARD MATCH: wstrb passthrough beat=149 expected = 1b, actual =1b
[2585000] SCOREBOARD MATCH: wstrb passthrough beat=150 expected = 1c, actual =1c
[2585000] SCOREBOARD MATCH: wstrb passthrough beat=151 expected = 68, actual =68
[2585000] SCOREBOARD MATCH: wstrb passthrough beat=152 expected = 5d, actual =5d
[2585000] SCOREBOARD MATCH: wstrb passthrough beat=153 expected = c4, actual =c4
[2585000] SCOREBOARD MATCH: wstrb passthrough beat=154 expected = 8a, actual =8a
[2585000] SCOREBOARD MATCH: wstrb passthrough beat=155 expected = 25, actual =25
[2585000] SCOREBOARD MATCH: wstrb passthrough beat=156 expected = df, actual =df
[2585000] SCOREBOARD MATCH: wstrb passthrough beat=157 expected = a6, actual =a6
[2585000] SCOREBOARD MATCH: wstrb passthrough beat=158 expected = 8d, actual =8d
[2585000] SCOREBOARD MATCH: wstrb passthrough beat=159 expected = 3c, actual =3c
[2585000] SCOREBOARD MATCH: wstrb passthrough beat=160 expected = 6a, actual =6a
[2585000] SCOREBOARD MATCH: wstrb passthrough beat=161 expected = 17, actual =17
[2585000] SCOREBOARD MATCH: wstrb passthrough beat=162 expected = 61, actual =61
[2585000] SCOREBOARD MATCH: wstrb passthrough beat=163 expected = 49, actual =49
[2585000] SCOREBOARD MATCH: wstrb passthrough beat=164 expected = be, actual =be
[2585000] SCOREBOARD MATCH: wstrb passthrough beat=165 expected = ee, actual =ee
[2585000] SCOREBOARD MATCH: wstrb passthrough beat=166 expected = 85, actual =85
[2585000] SCOREBOARD MATCH: wstrb passthrough beat=167 expected = 28, actual =28
[2585000] SCOREBOARD MATCH: wstrb passthrough beat=168 expected = 5, actual =5
[2585000] SCOREBOARD MATCH: wstrb passthrough beat=169 expected = e6, actual =e6
[2585000] SCOREBOARD MATCH: wstrb passthrough beat=170 expected = 72, actual =72
[2585000] SCOREBOARD MATCH: wstrb passthrough beat=171 expected = c3, actual =c3
[2585000] SCOREBOARD MATCH: wstrb passthrough beat=172 expected = d4, actual =d4
[2585000] SCOREBOARD MATCH: wstrb passthrough beat=173 expected = f7, actual =f7
[2585000] SCOREBOARD MATCH: wstrb passthrough beat=174 expected = ec, actual =ec
[2585000] SCOREBOARD MATCH: wstrb passthrough beat=175 expected = da, actual =da
[2585000] SCOREBOARD MATCH: wstrb passthrough beat=176 expected = de, actual =de
[2585000] SCOREBOARD MATCH: wstrb passthrough beat=177 expected = 5e, actual =5e
[2585000] SCOREBOARD MATCH: wstrb passthrough beat=178 expected = 9d, actual =9d
[2585000] SCOREBOARD MATCH: wstrb passthrough beat=179 expected = b2, actual =b2
[2585000] SCOREBOARD MATCH: wstrb passthrough beat=180 expected = 55, actual =55
[2585000] SCOREBOARD MATCH: wstrb passthrough beat=181 expected = 89, actual =89
[2585000] SCOREBOARD MATCH: wstrb passthrough beat=182 expected = 8c, actual =8c
[2585000] SCOREBOARD MATCH: wstrb passthrough beat=183 expected = 33, actual =33
[2585000] SCOREBOARD MATCH: wstrb passthrough beat=184 expected = e7, actual =e7
[2585000] SCOREBOARD MATCH: wstrb passthrough beat=185 expected = 2a, actual =2a
[2585000] SCOREBOARD MATCH: wstrb passthrough beat=186 expected = e6, actual =e6
[2585000] SCOREBOARD MATCH: wstrb passthrough beat=187 expected = 3d, actual =3d
[2585000] SCOREBOARD MATCH: wstrb passthrough beat=188 expected = b3, actual =b3
[2585000] SCOREBOARD MATCH: wstrb passthrough beat=189 expected = 72, actual =72
[2585000] SCOREBOARD MATCH: wstrb passthrough beat=190 expected = 70, actual =70
[2585000] SCOREBOARD MATCH: wstrb passthrough beat=191 expected = 9b, actual =9b
[2585000] SCOREBOARD MATCH: wstrb passthrough beat=192 expected = 9c, actual =9c
[2585000] SCOREBOARD MATCH: wstrb passthrough beat=193 expected = 56, actual =56
[2585000] SCOREBOARD MATCH: wstrb passthrough beat=194 expected = d8, actual =d8
[2585000] SCOREBOARD MATCH: wstrb passthrough beat=195 expected = 50, actual =50
[2585000] SCOREBOARD MATCH: wstrb passthrough beat=196 expected = c9, actual =c9
[2585000] SCOREBOARD MATCH: wstrb passthrough beat=197 expected = 48, actual =48
[2585000] SCOREBOARD MATCH: wstrb passthrough beat=198 expected = eb, actual =eb
[2585000] SCOREBOARD MATCH: wstrb passthrough beat=199 expected = 65, actual =65
[2585000] SCOREBOARD MATCH: wstrb passthrough beat=200 expected = 9f, actual =9f
[2585000] SCOREBOARD MATCH: wstrb passthrough beat=201 expected = c3, actual =c3
[2585000] SCOREBOARD MATCH: wstrb passthrough beat=202 expected = b5, actual =b5
[2585000] SCOREBOARD MATCH: wstrb passthrough beat=203 expected = 68, actual =68
[2585000] SCOREBOARD MATCH: wstrb passthrough beat=204 expected = b, actual =b
[2585000] SCOREBOARD MATCH: wstrb passthrough beat=205 expected = a0, actual =a0
[2585000] SCOREBOARD MATCH: wstrb passthrough beat=206 expected = cd, actual =cd
[2585000] SCOREBOARD MATCH: wstrb passthrough beat=207 expected = aa, actual =aa
[2585000] SCOREBOARD MATCH: wstrb passthrough beat=208 expected = 63, actual =63
[2585000] SCOREBOARD MATCH: wstrb passthrough beat=209 expected = 83, actual =83
[2585000] SCOREBOARD MATCH: wstrb passthrough beat=210 expected = 12, actual =12
[2585000] SCOREBOARD MATCH: wstrb passthrough beat=211 expected = 6f, actual =6f
[2585000] SCOREBOARD MATCH: wstrb passthrough beat=212 expected = 23, actual =23
[2585000] SCOREBOARD MATCH: wstrb passthrough beat=213 expected = e0, actual =e0
[2585000] SCOREBOARD MATCH: wstrb passthrough beat=214 expected = 19, actual =19
[2585000] SCOREBOARD MATCH: wstrb passthrough beat=215 expected = 87, actual =87
[2585000] SCOREBOARD MATCH: wstrb passthrough beat=216 expected = 63, actual =63
[2585000] SCOREBOARD MATCH: wstrb passthrough beat=217 expected = 2c, actual =2c
[2585000] SCOREBOARD MATCH: wstrb passthrough beat=218 expected = f6, actual =f6
[2585000] SCOREBOARD MATCH: wstrb passthrough beat=219 expected = 86, actual =86
[2585000] SCOREBOARD MATCH: wstrb passthrough beat=220 expected = c, actual =c
[2585000] SCOREBOARD MATCH: wstrb passthrough beat=221 expected = f, actual =f
[2585000] SCOREBOARD MATCH: wstrb passthrough beat=222 expected = d, actual =d
[2585000] SCOREBOARD MATCH: wstrb passthrough beat=223 expected = 6f, actual =6f
[2585000] SCOREBOARD MATCH: wstrb passthrough beat=224 expected = 3b, actual =3b
[2585000] SCOREBOARD MATCH: wstrb passthrough beat=225 expected = 3, actual =3
[2585000] SCOREBOARD MATCH: wstrb passthrough beat=226 expected = f5, actual =f5
[2585000] SCOREBOARD MATCH: wstrb passthrough beat=227 expected = 47, actual =47
[2585000] SCOREBOARD MATCH: wstrb passthrough beat=228 expected = 13, actual =13
[2585000] SCOREBOARD MATCH: wstrb passthrough beat=229 expected = 3, actual =3
[2585000] SCOREBOARD MATCH: wstrb passthrough beat=230 expected = b6, actual =b6
[2585000] SCOREBOARD MATCH: wstrb passthrough beat=231 expected = 4e, actual =4e
[2585000] SCOREBOARD MATCH: wstrb passthrough beat=232 expected = 6, actual =6
[2585000] SCOREBOARD MATCH: wstrb passthrough beat=233 expected = ac, actual =ac
[2585000] SCOREBOARD MATCH: wstrb passthrough beat=234 expected = 96, actual =96
[2585000] SCOREBOARD MATCH: wstrb passthrough beat=235 expected = 19, actual =19
[2585000] SCOREBOARD MATCH: wstrb passthrough beat=236 expected = af, actual =af
[2585000] SCOREBOARD MATCH: wstrb passthrough beat=237 expected = 4c, actual =4c
[2585000] SCOREBOARD MATCH: wstrb passthrough beat=238 expected = 68, actual =68
[2585000] SCOREBOARD MATCH: wstrb passthrough beat=239 expected = b5, actual =b5
[2585000] SCOREBOARD MATCH: wstrb passthrough beat=240 expected = f8, actual =f8
[2585000] SCOREBOARD MATCH: wstrb passthrough beat=241 expected = fe, actual =fe
[2585000] SCOREBOARD MATCH: wstrb passthrough beat=242 expected = cf, actual =cf
[2585000] SCOREBOARD MATCH: wstrb passthrough beat=243 expected = a7, actual =a7
[2585000] SCOREBOARD MATCH: wstrb passthrough beat=244 expected = 4a, actual =4a
[2585000] SCOREBOARD MATCH: wstrb passthrough beat=245 expected = 37, actual =37
[2585000] SCOREBOARD MATCH: wstrb passthrough beat=246 expected = 5d, actual =5d
[2585000] SCOREBOARD MATCH: wstrb passthrough beat=247 expected = 43, actual =43
[2585000] SCOREBOARD MATCH: wstrb passthrough beat=248 expected = 35, actual =35
[2585000] SCOREBOARD MATCH: wstrb passthrough beat=249 expected = 2c, actual =2c
[2585000] SCOREBOARD MATCH: bresp passthrough expected = 0, actual =0
[2585000] SCOREBOARD MATCH: response routed to correct master (write) expected = 0, actual =0
[2585000] [SCOREBOARD-M] mst_id=0 s_id=0 awaddr=bfeb520 awid=1000 awlen=249 awsize=2 awburst=1 wdata=[d7633a2cc9b66c76 1f592ee4d57ea427 b6e9ec59e0e310d0 2a997d47d068fd0e 25e7a1358e4d2685 ef303756c9f2ac2b 1a5ba939dcd18d8e eb1eb41419c9b49d e3bc60c8c0434a6e 9d14d7fcda4eeb6a f418a007fe180a01 3e5b546f88338c10 e282777ad7d500cf d5ed0ad0db702c6b e3a3b87cd69b1781 ae70185014485f3f efb88baac6262ff6 1cc14778845d2320 98a5825fd35c4426 1982741dcb315fc8 cf8e82e9085e0e0a dbba52303643bb95 81751b5de8340548 f0921352f53cc64d ab8081e2d1039e46 3937a38fcc4c6583 c1892bd02cf59d40 fdf93b86a9c9b6e1 f6161c64ed09adb3 19ff4af3b730df15 e0fa95f7379f4835 24a8f5e897f88679 cf29658fd710b25b 8eaffa903ea840db d6a0c7543023fb86 8734ade1b358f078 f2013153a5ca2ce3 d5ee286915e4a872 c93d98eac8a1f8a8 ee6c258bdd22d64b f3077ebd3b3eca3e 3e0c2e6c45a4df5 217d2440bc4517a7 f783e1e5f24ce871 b6a736661484a2fd d0c9baa4fb64a4cb edb18d3dd8245aa6 eca8fda3c84d9c8a c3b24155a458c3a3 fc7d1e4a3d72b848 5c054d2b163ce92 d5bc9236e9261bed a698d435c9729627 fad664bad239b080 bb5fcc6dac592907 f5cbbf2fd092f6f0 22cca770e1f8a0a3 8e51c9aaf0a223e9 c1351ad9de2c73dd c0251480841d88d9 f4bfacc2e401c249 c22e3626ce76de2b d2946704b5f4c79b 99f689e402534aa7 d0ca28d2c75413c7 fd48db62dc24c00b de780ab2a35e8fd6 eab2a39d173f6547 f36425522f423384 d2a0c35ae7fb7f00 ff3ae447d1dc3004 11e63883d5366f8 254ee5f8f29f0999 c47b399dd3bf26e2 91128dda2489ca3f 1728d3d8c5999d25 9958c407b66173d2 daeb3e11dba40d75 213daa9a2a6b51e2 e0ccc5b4f21411e9 cdb81f5eba966ea1 e501c0833bb803c6 adcc15afeef5c9f8 298c389ac5ce8638 18689fefb84350e ea79ff068e8df91d d45c7f55af529fad aad6d4bb940637a0 229430bed5e30953 535a9011550d3c2 a9570b62f6f0b013 ccd3b967b00c7dbc c55d517ecbeb3c20 c2dbec34d2096268 8215e024eeb45ce1 ba9f99010fafa59b e1b90803c77331a3 36278e84fd7b8535 8d2b2ad0e3cee827 ab4219caf0c72785 ee42acbbeee432d3 d2b31afbe169a84e d230cfd4fb6dd78b ea520a5ffdf534c5 df5edd14c0737c8f bbe1541a3d05255a bafa5a1f318face8 f2032977a6335e79 e33883d39a593733 cbe8e41bade47d91 d417dc0b1e32ddf3 b88c1526bdec0d92 ebd08b24b7505fde d5833dd10474f942 c26106d43fe8672f f738c70d0e0f52f8 12844c3aae3191f8 ee19f927ccbc04df dacb57d7d4e5530e 316e507e552c035 320ec514ed4fa411 c234f71ff130de2e d6839e630cda1ceb fa29c0fcc54bdc26 367cba5588926377 956c8062bc5eb81b 1aa94428d0058b8 1592bc308f96415e cbf4f97a38274e97 c527a74faaff3c92 3a957df1cd9f8dbc 5c6dc53daba637f 5b9a012068a776b d42a0527caee83a2 25a8e722c04f1e03 c6d9956ed9f0e17a a4df651c2b628734 ebb1a5371b039a95 f4f47c0fca884c3e f5ead372328b3aa5 cd8ed53a99d3e12b e45c2d6ae19c78a9 9427b34ec2835149 dc573274da4700dc 3be37986e1b68888 a439d9d1c0b35fde 1afa60bbd00b2cd4 31c1b55d00910c46 c1446c24d6ddda41 a6e90715d5fb8f2e d68c9b74dc3eccdf b31ca720d8aabc72 2ea64ba117d10799 f40fd478da05ae36 b2b06aa88532e715 9d03eeae272c7b99 13229cfe156b649 e6899d5f1113c327 38403ec0b3e29477 15394ac1838d8c0d 94a14f343972688f ed54fd06fbc2e820 ff50742dcce18df4 8653f683828e47c7 fe512fe713f1c362 e0d35156f3a8f38a f6373b51fda1a415 11936777e72747da dad03b64f4886b39 f22a0f4ef266b8cd d98e00a7d10776b5 c58fe1ee03bd76c5 f6242f92b45e3c0b 565b2c1b7b9f13c bb776801cfb2303a 84106c45caf594af 2af85ec319b9794 14dc7ce89761f06 d46bb3b6be26eded efc28581855e3413 ed4531ad71b39a2 9542278ff1104d4f f66e8163e34006d0 3a5b40720504ad11 f614fa600542d47d e882db4dcf9d6801 d4a21512ec837bc3 f1c6504022de1bbf f27b83c0cab70f73 b73a8b36da492b8d fd27474cc71d98d3 11d4a8462900db77 834a0704efa2cb0d 36c063e0c90f337c f2100ef300714e51 f014195ec8950c26 91a43fa2f55a15f8 f5cb644926d47d3e ef69896403b44e96 f90e648ee5df7da7 cb3fae5810dc906 84c2179ceed9c8d7 d4b9467efc1d8449 fd2b4d4ffdd07c2a ecaa4501e16d4163 dd8ac5ac01ed64ec ffbde116c1638b7f a2d0cce2dab612fb dca377e7ec682618 adcbb197805b928e db11a58adc6158fe c8c97f16d09c7e7a d0f81108b7b51d71 9416766ff69530ad c731af27ac09b692 e3bed404dcdff585 d37526331829c030 c43376c2f7d54a73 d4b53ff99aa6d55a b2d0958aa7f24ac6 1fc7953a282a662c c2d13b86f7040c4d 9ef65713f47cd533 1ca73b5ff5a1d111 eca5dd5ebebdec4d b33ac180df7876e5 d51a47f68b9c3471 ca5a20bfcfe1fcdf 2f5a73c5c1c02554 cd5c59c6fd94e23f cd76df1f8474bbbb c634e11017b67a85 954b5cc4fcd152e4 81460e9f13913ad6 2b47b55be2c23be3 df938ec7c77aefaf db0c2a85c093121f 23554e03e0d99d67 a8548d168653dfe0 c6e6f20082e8dcca e3c27a310360b79c 89b4977cea3c4003 ed251ccd0c170748 f77bee4d09b897c bad7c97fd0e796ff dcfe9e47992c5660 e9c7dfdd27fce64d f8e47d4cec765d2b 85a2b38ba49fa95c cc9c8fa9d5e31b93 ] wstrb=[68 be f5 c5 49 88 6e b2 46 64 77 90 ec e5 42 33 49 b9 c3 36 9e 5 69 e8 be 2c 1e 5c 31 87 44 ef b3 62 4b e4 e9 90 d3 9c f2 1e 80 dc ae 53 78 a1 72 f9 7d 20 4c f5 c1 be ee 3e df 3b 34 a0 f9 22 df d8 5d 13 79 57 35 58 2f 93 6b a8 ea a0 0 19 33 6b c2 1d c c2 37 3f 2e f9 5d 3a bb 94 79 e9 8d d6 23 48 6a 9d 32 f7 73 55 40 de f2 72 d5 66 c7 15 44 ba 87 19 20 4f 2f 64 9 b6 7d 29 5 ac 8d e 63 a 37 68 b7 c4 77 1a cf ae 82 86 73 f9 a0 42 a8 22 c8 1b 1c 68 5d c4 8a 25 df a6 8d 3c 6a 17 61 49 be ee 85 28 5 e6 72 c3 d4 f7 ec da de 5e 9d b2 55 89 8c 33 e7 2a e6 3d b3 72 70 9b 9c 56 d8 50 c9 48 eb 65 9f c3 b5 68 b a0 cd aa 63 83 12 6f 23 e0 19 87 63 2c f6 86 c f d 6f 3b 3 f5 47 13 3 b6 4e 6 ac 96 19 af 4c 68 b5 f8 fe cf a7 4a 37 5d 43 35 2c ] bresp=0 bid=1000
[2585000] [SCOREBOARD-S] mst_id=0 s_id=0 awaddr=bfeb520 awid=1000 awlen=249 awsize=2 awburst=1 wdata=[d7633a2cc9b66c76 1f592ee4d57ea427 b6e9ec59e0e310d0 2a997d47d068fd0e 25e7a1358e4d2685 ef303756c9f2ac2b 1a5ba939dcd18d8e eb1eb41419c9b49d e3bc60c8c0434a6e 9d14d7fcda4eeb6a f418a007fe180a01 3e5b546f88338c10 e282777ad7d500cf d5ed0ad0db702c6b e3a3b87cd69b1781 ae70185014485f3f efb88baac6262ff6 1cc14778845d2320 98a5825fd35c4426 1982741dcb315fc8 cf8e82e9085e0e0a dbba52303643bb95 81751b5de8340548 f0921352f53cc64d ab8081e2d1039e46 3937a38fcc4c6583 c1892bd02cf59d40 fdf93b86a9c9b6e1 f6161c64ed09adb3 19ff4af3b730df15 e0fa95f7379f4835 24a8f5e897f88679 cf29658fd710b25b 8eaffa903ea840db d6a0c7543023fb86 8734ade1b358f078 f2013153a5ca2ce3 d5ee286915e4a872 c93d98eac8a1f8a8 ee6c258bdd22d64b f3077ebd3b3eca3e 3e0c2e6c45a4df5 217d2440bc4517a7 f783e1e5f24ce871 b6a736661484a2fd d0c9baa4fb64a4cb edb18d3dd8245aa6 eca8fda3c84d9c8a c3b24155a458c3a3 fc7d1e4a3d72b848 5c054d2b163ce92 d5bc9236e9261bed a698d435c9729627 fad664bad239b080 bb5fcc6dac592907 f5cbbf2fd092f6f0 22cca770e1f8a0a3 8e51c9aaf0a223e9 c1351ad9de2c73dd c0251480841d88d9 f4bfacc2e401c249 c22e3626ce76de2b d2946704b5f4c79b 99f689e402534aa7 d0ca28d2c75413c7 fd48db62dc24c00b de780ab2a35e8fd6 eab2a39d173f6547 f36425522f423384 d2a0c35ae7fb7f00 ff3ae447d1dc3004 11e63883d5366f8 254ee5f8f29f0999 c47b399dd3bf26e2 91128dda2489ca3f 1728d3d8c5999d25 9958c407b66173d2 daeb3e11dba40d75 213daa9a2a6b51e2 e0ccc5b4f21411e9 cdb81f5eba966ea1 e501c0833bb803c6 adcc15afeef5c9f8 298c389ac5ce8638 18689fefb84350e ea79ff068e8df91d d45c7f55af529fad aad6d4bb940637a0 229430bed5e30953 535a9011550d3c2 a9570b62f6f0b013 ccd3b967b00c7dbc c55d517ecbeb3c20 c2dbec34d2096268 8215e024eeb45ce1 ba9f99010fafa59b e1b90803c77331a3 36278e84fd7b8535 8d2b2ad0e3cee827 ab4219caf0c72785 ee42acbbeee432d3 d2b31afbe169a84e d230cfd4fb6dd78b ea520a5ffdf534c5 df5edd14c0737c8f bbe1541a3d05255a bafa5a1f318face8 f2032977a6335e79 e33883d39a593733 cbe8e41bade47d91 d417dc0b1e32ddf3 b88c1526bdec0d92 ebd08b24b7505fde d5833dd10474f942 c26106d43fe8672f f738c70d0e0f52f8 12844c3aae3191f8 ee19f927ccbc04df dacb57d7d4e5530e 316e507e552c035 320ec514ed4fa411 c234f71ff130de2e d6839e630cda1ceb fa29c0fcc54bdc26 367cba5588926377 956c8062bc5eb81b 1aa94428d0058b8 1592bc308f96415e cbf4f97a38274e97 c527a74faaff3c92 3a957df1cd9f8dbc 5c6dc53daba637f 5b9a012068a776b d42a0527caee83a2 25a8e722c04f1e03 c6d9956ed9f0e17a a4df651c2b628734 ebb1a5371b039a95 f4f47c0fca884c3e f5ead372328b3aa5 cd8ed53a99d3e12b e45c2d6ae19c78a9 9427b34ec2835149 dc573274da4700dc 3be37986e1b68888 a439d9d1c0b35fde 1afa60bbd00b2cd4 31c1b55d00910c46 c1446c24d6ddda41 a6e90715d5fb8f2e d68c9b74dc3eccdf b31ca720d8aabc72 2ea64ba117d10799 f40fd478da05ae36 b2b06aa88532e715 9d03eeae272c7b99 13229cfe156b649 e6899d5f1113c327 38403ec0b3e29477 15394ac1838d8c0d 94a14f343972688f ed54fd06fbc2e820 ff50742dcce18df4 8653f683828e47c7 fe512fe713f1c362 e0d35156f3a8f38a f6373b51fda1a415 11936777e72747da dad03b64f4886b39 f22a0f4ef266b8cd d98e00a7d10776b5 c58fe1ee03bd76c5 f6242f92b45e3c0b 565b2c1b7b9f13c bb776801cfb2303a 84106c45caf594af 2af85ec319b9794 14dc7ce89761f06 d46bb3b6be26eded efc28581855e3413 ed4531ad71b39a2 9542278ff1104d4f f66e8163e34006d0 3a5b40720504ad11 f614fa600542d47d e882db4dcf9d6801 d4a21512ec837bc3 f1c6504022de1bbf f27b83c0cab70f73 b73a8b36da492b8d fd27474cc71d98d3 11d4a8462900db77 834a0704efa2cb0d 36c063e0c90f337c f2100ef300714e51 f014195ec8950c26 91a43fa2f55a15f8 f5cb644926d47d3e ef69896403b44e96 f90e648ee5df7da7 cb3fae5810dc906 84c2179ceed9c8d7 d4b9467efc1d8449 fd2b4d4ffdd07c2a ecaa4501e16d4163 dd8ac5ac01ed64ec ffbde116c1638b7f a2d0cce2dab612fb dca377e7ec682618 adcbb197805b928e db11a58adc6158fe c8c97f16d09c7e7a d0f81108b7b51d71 9416766ff69530ad c731af27ac09b692 e3bed404dcdff585 d37526331829c030 c43376c2f7d54a73 d4b53ff99aa6d55a b2d0958aa7f24ac6 1fc7953a282a662c c2d13b86f7040c4d 9ef65713f47cd533 1ca73b5ff5a1d111 eca5dd5ebebdec4d b33ac180df7876e5 d51a47f68b9c3471 ca5a20bfcfe1fcdf 2f5a73c5c1c02554 cd5c59c6fd94e23f cd76df1f8474bbbb c634e11017b67a85 954b5cc4fcd152e4 81460e9f13913ad6 2b47b55be2c23be3 df938ec7c77aefaf db0c2a85c093121f 23554e03e0d99d67 a8548d168653dfe0 c6e6f20082e8dcca e3c27a310360b79c 89b4977cea3c4003 ed251ccd0c170748 f77bee4d09b897c bad7c97fd0e796ff dcfe9e47992c5660 e9c7dfdd27fce64d f8e47d4cec765d2b 85a2b38ba49fa95c cc9c8fa9d5e31b93 ] wstrb=[68 be f5 c5 49 88 6e b2 46 64 77 90 ec e5 42 33 49 b9 c3 36 9e 5 69 e8 be 2c 1e 5c 31 87 44 ef b3 62 4b e4 e9 90 d3 9c f2 1e 80 dc ae 53 78 a1 72 f9 7d 20 4c f5 c1 be ee 3e df 3b 34 a0 f9 22 df d8 5d 13 79 57 35 58 2f 93 6b a8 ea a0 0 19 33 6b c2 1d c c2 37 3f 2e f9 5d 3a bb 94 79 e9 8d d6 23 48 6a 9d 32 f7 73 55 40 de f2 72 d5 66 c7 15 44 ba 87 19 20 4f 2f 64 9 b6 7d 29 5 ac 8d e 63 a 37 68 b7 c4 77 1a cf ae 82 86 73 f9 a0 42 a8 22 c8 1b 1c 68 5d c4 8a 25 df a6 8d 3c 6a 17 61 49 be ee 85 28 5 e6 72 c3 d4 f7 ec da de 5e 9d b2 55 89 8c 33 e7 2a e6 3d b3 72 70 9b 9c 56 d8 50 c9 48 eb 65 9f c3 b5 68 b a0 cd aa 63 83 12 6f 23 e0 19 87 63 2c f6 86 c f d 6f 3b 3 f5 47 13 3 b6 4e 6 ac 96 19 af 4c 68 b5 f8 fe cf a7 4a 37 5d 43 35 2c ] bresp=0 bid=1000
[2585000] SCOREBOARD: Transaction 2 received. pass=524 fail=0
[2585000] ALL PASS. Total transactions: 2
[2595000] AXI S0_WVALID_RDY HANDSHAKE
[2595000] S0 MEMORY WRITE beat=0 addr=08ae85a8 data=fe57199ec8c2836a id=0e
[2595000] MASTER 0 W_VALID_RDY Handshake beat=1 wlast=0
[2605000] MASTER 0 W_VALID_RDY Handshake beat=2 wlast=0
[2605000] AXI S0_WVALID_RDY HANDSHAKE
[2605000] S0 MEMORY WRITE beat=1 addr=08ae85ac data=3335b95e279bfaf1 id=0e
[2615000] AXI S0_WVALID_RDY HANDSHAKE
[2615000] S0 MEMORY WRITE beat=2 addr=08ae85b0 data=08e738b3fdbc37c9 id=0e
[2615000] MASTER 0 W_VALID_RDY Handshake beat=3 wlast=0
[2625000] MASTER 0 W_VALID_RDY Handshake beat=4 wlast=0
[2625000] AXI S0_WVALID_RDY HANDSHAKE
[2625000] S0 MEMORY WRITE beat=3 addr=08ae85b4 data=c67ebb33d8292119 id=0e
[2635000] AXI S0_WVALID_RDY HANDSHAKE
[2635000] S0 MEMORY WRITE beat=4 addr=08ae85b8 data=ffc51c0a873e5251 id=0e
[2635000] MASTER 0 W_VALID_RDY Handshake beat=5 wlast=0
[2645000] MASTER 0 W_VALID_RDY Handshake beat=6 wlast=0
[2645000] AXI S0_WVALID_RDY HANDSHAKE
[2645000] S0 MEMORY WRITE beat=5 addr=08ae85bc data=04fa8a1bf9b47491 id=0e
[2655000] AXI S0_WVALID_RDY HANDSHAKE
[2655000] S0 MEMORY WRITE beat=6 addr=08ae85c0 data=d1dd95ab88ac54bd id=0e
[2655000] MASTER 0 W_VALID_RDY Handshake beat=7 wlast=0
[2665000] MASTER 0 W_VALID_RDY Handshake beat=8 wlast=0
[2665000] AXI S0_WVALID_RDY HANDSHAKE
[2665000] S0 MEMORY WRITE beat=7 addr=08ae85c4 data=0feaa70fcb79454e id=0e
[2675000] AXI S0_WVALID_RDY HANDSHAKE
[2675000] S0 MEMORY WRITE beat=8 addr=08ae85c8 data=c52db9e0d1a2b1b5 id=0e
[2675000] MASTER 0 W_VALID_RDY Handshake beat=9 wlast=0
[2685000] MASTER 0 W_VALID_RDY Handshake beat=10 wlast=0
[2685000] AXI S0_WVALID_RDY HANDSHAKE
[2685000] S0 MEMORY WRITE beat=9 addr=08ae85cc data=da4f067314e5312a id=0e
[2695000] AXI S0_WVALID_RDY HANDSHAKE
[2695000] S0 MEMORY WRITE beat=10 addr=08ae85d0 data=e05e7678170b4f8b id=0e
[2695000] MASTER 0 W_VALID_RDY Handshake beat=11 wlast=0
[2705000] MASTER 0 W_VALID_RDY Handshake beat=12 wlast=0
[2705000] AXI S0_WVALID_RDY HANDSHAKE
[2705000] S0 MEMORY WRITE beat=11 addr=08ae85d4 data=e8ae0140ea39ad82 id=0e
[2715000] AXI S0_WVALID_RDY HANDSHAKE
[2715000] S0 MEMORY WRITE beat=12 addr=08ae85d8 data=ff1edeaca58c3058 id=0e
[2715000] MASTER 0 W_VALID_RDY Handshake beat=13 wlast=0
[2725000] MASTER 0 W_VALID_RDY Handshake beat=14 wlast=0
[2725000] AXI S0_WVALID_RDY HANDSHAKE
[2725000] S0 MEMORY WRITE beat=13 addr=08ae85dc data=bc977fe3c2fd07b3 id=0e
[2735000] AXI S0_WVALID_RDY HANDSHAKE
[2735000] S0 MEMORY WRITE beat=14 addr=08ae85e0 data=ad36b535df7d5524 id=0e
[2735000] MASTER 0 W_VALID_RDY Handshake beat=15 wlast=0
[2745000] MASTER 0 W_VALID_RDY Handshake beat=16 wlast=0
[2745000] AXI S0_WVALID_RDY HANDSHAKE
[2745000] S0 MEMORY WRITE beat=15 addr=08ae85e4 data=0509857d25458124 id=0e
[2755000] AXI S0_WVALID_RDY HANDSHAKE
[2755000] S0 MEMORY WRITE beat=16 addr=08ae85e8 data=e84288d7ac5593e1 id=0e
[2755000] MASTER 0 W_VALID_RDY Handshake beat=17 wlast=0
[2765000] MASTER 0 W_VALID_RDY Handshake beat=18 wlast=0
[2765000] AXI S0_WVALID_RDY HANDSHAKE
[2765000] S0 MEMORY WRITE beat=17 addr=08ae85ec data=0bd2e906c1a10560 id=0e
[2775000] AXI S0_WVALID_RDY HANDSHAKE
[2775000] S0 MEMORY WRITE beat=18 addr=08ae85f0 data=e6e6868415793e0d id=0e
[2775000] MASTER 0 W_VALID_RDY Handshake beat=19 wlast=0
[2785000] MASTER 0 W_VALID_RDY Handshake beat=20 wlast=0
[2785000] AXI S0_WVALID_RDY HANDSHAKE
[2785000] S0 MEMORY WRITE beat=19 addr=08ae85f4 data=c1ced1ee10dc6e83 id=0e
[2795000] AXI S0_WVALID_RDY HANDSHAKE
[2795000] S0 MEMORY WRITE beat=20 addr=08ae85f8 data=d27d73e3cf290f5c id=0e
[2795000] MASTER 0 W_VALID_RDY Handshake beat=21 wlast=0
[2805000] MASTER 0 W_VALID_RDY Handshake beat=22 wlast=0
[2805000] AXI S0_WVALID_RDY HANDSHAKE
[2805000] S0 MEMORY WRITE beat=21 addr=08ae85fc data=e4a24d69cda1baf4 id=0e
[2815000] AXI S0_WVALID_RDY HANDSHAKE
[2815000] S0 MEMORY WRITE beat=22 addr=08ae8600 data=de7e29773963fa68 id=0e
[2815000] MASTER 0 W_VALID_RDY Handshake beat=23 wlast=0
[2825000] MASTER 0 W_VALID_RDY Handshake beat=24 wlast=0
[2825000] AXI S0_WVALID_RDY HANDSHAKE
[2825000] S0 MEMORY WRITE beat=23 addr=08ae8604 data=088d09c4a6711f57 id=0e
[2835000] AXI S0_WVALID_RDY HANDSHAKE
[2835000] S0 MEMORY WRITE beat=24 addr=08ae8608 data=f412da4c30fb9d5b id=0e
[2835000] MASTER 0 W_VALID_RDY Handshake beat=25 wlast=0
[2845000] MASTER 0 W_VALID_RDY Handshake beat=26 wlast=0
[2845000] AXI S0_WVALID_RDY HANDSHAKE
[2845000] S0 MEMORY WRITE beat=25 addr=08ae860c data=ea5f97c3ed2f572d id=0e
[2855000] AXI S0_WVALID_RDY HANDSHAKE
[2855000] S0 MEMORY WRITE beat=26 addr=08ae8610 data=93a07684d29103c3 id=0e
[2855000] MASTER 0 W_VALID_RDY Handshake beat=27 wlast=0
[2865000] MASTER 0 W_VALID_RDY Handshake beat=28 wlast=0
[2865000] AXI S0_WVALID_RDY HANDSHAKE
[2865000] S0 MEMORY WRITE beat=27 addr=08ae8614 data=838ca11ef2eca187 id=0e
[2875000] AXI S0_WVALID_RDY HANDSHAKE
[2875000] S0 MEMORY WRITE beat=28 addr=08ae8618 data=e01bf8b487b350d0 id=0e
[2875000] MASTER 0 W_VALID_RDY Handshake beat=29 wlast=0
[2885000] MASTER 0 W_VALID_RDY Handshake beat=30 wlast=0
[2885000] AXI S0_WVALID_RDY HANDSHAKE
[2885000] S0 MEMORY WRITE beat=29 addr=08ae861c data=da445494edec38e1 id=0e
[2895000] AXI S0_WVALID_RDY HANDSHAKE
[2895000] S0 MEMORY WRITE beat=30 addr=08ae8620 data=e0d8da68f3bc6f38 id=0e
[2895000] MASTER 0 W_VALID_RDY Handshake beat=31 wlast=0
[2905000] MASTER 0 W_VALID_RDY Handshake beat=32 wlast=0
[2905000] AXI S0_WVALID_RDY HANDSHAKE
[2905000] S0 MEMORY WRITE beat=31 addr=08ae8624 data=fb6fc009ddd0f5b2 id=0e
[2915000] AXI S0_WVALID_RDY HANDSHAKE
[2915000] S0 MEMORY WRITE beat=32 addr=08ae8628 data=cbbd2e94c0f4d31c id=0e
[2915000] MASTER 0 W_VALID_RDY Handshake beat=33 wlast=0
[2925000] MASTER 0 W_VALID_RDY Handshake beat=34 wlast=0
[2925000] AXI S0_WVALID_RDY HANDSHAKE
[2925000] S0 MEMORY WRITE beat=33 addr=08ae862c data=34b14255d5b4149d id=0e
[2935000] AXI S0_WVALID_RDY HANDSHAKE
[2935000] S0 MEMORY WRITE beat=34 addr=08ae8630 data=b3850a4fac9608fc id=0e
[2935000] MASTER 0 W_VALID_RDY Handshake beat=35 wlast=0
[2945000] MASTER 0 W_VALID_RDY Handshake beat=36 wlast=0
[2945000] AXI S0_WVALID_RDY HANDSHAKE
[2945000] S0 MEMORY WRITE beat=35 addr=08ae8634 data=ed8adc193021025e id=0e
[2955000] AXI S0_WVALID_RDY HANDSHAKE
[2955000] S0 MEMORY WRITE beat=36 addr=08ae8638 data=05d516fbff4238e3 id=0e
[2955000] MASTER 0 W_VALID_RDY Handshake beat=37 wlast=0
[2965000] MASTER 0 W_VALID_RDY Handshake beat=38 wlast=0
[2965000] AXI S0_WVALID_RDY HANDSHAKE
[2965000] S0 MEMORY WRITE beat=37 addr=08ae863c data=2bd841e0223c1e6e id=0e
[2975000] AXI S0_WVALID_RDY HANDSHAKE
[2975000] S0 MEMORY WRITE beat=38 addr=08ae8640 data=d25d20ccb95a214a id=0e
[2975000] MASTER 0 W_VALID_RDY Handshake beat=39 wlast=0
[2985000] MASTER 0 W_VALID_RDY Handshake beat=40 wlast=0
[2985000] AXI S0_WVALID_RDY HANDSHAKE
[2985000] S0 MEMORY WRITE beat=39 addr=08ae8644 data=389c5a2e19631df9 id=0e
[2995000] AXI S0_WVALID_RDY HANDSHAKE
[2995000] S0 MEMORY WRITE beat=40 addr=08ae8648 data=3b9f3c67d83237c7 id=0e
[2995000] MASTER 0 W_VALID_RDY Handshake beat=41 wlast=0
[3005000] MASTER 0 W_VALID_RDY Handshake beat=42 wlast=0
[3005000] AXI S0_WVALID_RDY HANDSHAKE
[3005000] S0 MEMORY WRITE beat=41 addr=08ae864c data=918c5911e4749c0e id=0e
[3015000] AXI S0_WVALID_RDY HANDSHAKE
[3015000] S0 MEMORY WRITE beat=42 addr=08ae8650 data=fdd7ba070dfc5d33 id=0e
[3015000] MASTER 0 W_VALID_RDY Handshake beat=43 wlast=0
[3025000] MASTER 0 W_VALID_RDY Handshake beat=44 wlast=0
[3025000] AXI S0_WVALID_RDY HANDSHAKE
[3025000] S0 MEMORY WRITE beat=43 addr=08ae8654 data=e62e94faca28b33f id=0e
[3035000] AXI S0_WVALID_RDY HANDSHAKE
[3035000] S0 MEMORY WRITE beat=44 addr=08ae8658 data=ae9d4f4d3976f66e id=0e
[3035000] MASTER 0 W_VALID_RDY Handshake beat=45 wlast=0
[3045000] MASTER 0 W_VALID_RDY Handshake beat=46 wlast=0
[3045000] AXI S0_WVALID_RDY HANDSHAKE
[3045000] S0 MEMORY WRITE beat=45 addr=08ae865c data=c77353a1f7baee0b id=0e
[3055000] AXI S0_WVALID_RDY HANDSHAKE
[3055000] S0 MEMORY WRITE beat=46 addr=08ae8660 data=c1e3a14bac750954 id=0e
[3055000] MASTER 0 W_VALID_RDY Handshake beat=47 wlast=0
[3065000] MASTER 0 W_VALID_RDY Handshake beat=48 wlast=0
[3065000] AXI S0_WVALID_RDY HANDSHAKE
[3065000] S0 MEMORY WRITE beat=47 addr=08ae8664 data=e5ebffc22da1e89b id=0e
[3075000] AXI S0_WVALID_RDY HANDSHAKE
[3075000] S0 MEMORY WRITE beat=48 addr=08ae8668 data=a55cd6a6f080f098 id=0e
[3075000] MASTER 0 W_VALID_RDY Handshake beat=49 wlast=0
[3085000] MASTER 0 W_VALID_RDY Handshake beat=50 wlast=0
[3085000] AXI S0_WVALID_RDY HANDSHAKE
[3085000] S0 MEMORY WRITE beat=49 addr=08ae866c data=1cf5f9edad5f5363 id=0e
[3095000] AXI S0_WVALID_RDY HANDSHAKE
[3095000] S0 MEMORY WRITE beat=50 addr=08ae8670 data=db013bfee74077f1 id=0e
[3095000] MASTER 0 W_VALID_RDY Handshake beat=51 wlast=0
[3105000] MASTER 0 W_VALID_RDY Handshake beat=52 wlast=0
[3105000] AXI S0_WVALID_RDY HANDSHAKE
[3105000] S0 MEMORY WRITE beat=51 addr=08ae8674 data=d7c1688a82e1f9af id=0e
[3115000] AXI S0_WVALID_RDY HANDSHAKE
[3115000] S0 MEMORY WRITE beat=52 addr=08ae8678 data=30414d13005e12a5 id=0e
[3115000] MASTER 0 W_VALID_RDY Handshake beat=53 wlast=0
[3125000] MASTER 0 W_VALID_RDY Handshake beat=54 wlast=0
[3125000] AXI S0_WVALID_RDY HANDSHAKE
[3125000] S0 MEMORY WRITE beat=53 addr=08ae867c data=e79e8a96f4b76277 id=0e
[3135000] AXI S0_WVALID_RDY HANDSHAKE
[3135000] S0 MEMORY WRITE beat=54 addr=08ae8680 data=f7995c268b428911 id=0e
[3135000] MASTER 0 W_VALID_RDY Handshake beat=55 wlast=0
[3145000] MASTER 0 W_VALID_RDY Handshake beat=56 wlast=0
[3145000] AXI S0_WVALID_RDY HANDSHAKE
[3145000] S0 MEMORY WRITE beat=55 addr=08ae8684 data=8ba09bb6bf5ff320 id=0e
[3155000] AXI S0_WVALID_RDY HANDSHAKE
[3155000] S0 MEMORY WRITE beat=56 addr=08ae8688 data=b4175597a7daa939 id=0e
[3155000] MASTER 0 W_VALID_RDY Handshake beat=57 wlast=0
[3165000] MASTER 0 W_VALID_RDY Handshake beat=58 wlast=0
[3165000] AXI S0_WVALID_RDY HANDSHAKE
[3165000] S0 MEMORY WRITE beat=57 addr=08ae868c data=331d324bf33f264d id=0e
[3175000] AXI S0_WVALID_RDY HANDSHAKE
[3175000] S0 MEMORY WRITE beat=58 addr=08ae8690 data=b29f196d2bb0b1be id=0e
[3175000] MASTER 0 W_VALID_RDY Handshake beat=59 wlast=0
[3185000] MASTER 0 W_VALID_RDY Handshake beat=60 wlast=0
[3185000] AXI S0_WVALID_RDY HANDSHAKE
[3185000] S0 MEMORY WRITE beat=59 addr=08ae8694 data=d38b5af7bebdce01 id=0e
[3195000] AXI S0_WVALID_RDY HANDSHAKE
[3195000] S0 MEMORY WRITE beat=60 addr=08ae8698 data=b1fcf44ee6b66f05 id=0e
[3195000] MASTER 0 W_VALID_RDY Handshake beat=61 wlast=0
[3205000] MASTER 0 W_VALID_RDY Handshake beat=62 wlast=0
[3205000] AXI S0_WVALID_RDY HANDSHAKE
[3205000] S0 MEMORY WRITE beat=61 addr=08ae869c data=126720c386a88d42 id=0e
[3215000] AXI S0_WVALID_RDY HANDSHAKE
[3215000] S0 MEMORY WRITE beat=62 addr=08ae86a0 data=c5665b44e49c0dbc id=0e
[3215000] MASTER 0 W_VALID_RDY Handshake beat=63 wlast=0
[3225000] MASTER 0 W_VALID_RDY Handshake beat=64 wlast=0
[3225000] AXI S0_WVALID_RDY HANDSHAKE
[3225000] S0 MEMORY WRITE beat=63 addr=08ae86a4 data=cb527cc1e5f27bba id=0e
[3235000] AXI S0_WVALID_RDY HANDSHAKE
[3235000] S0 MEMORY WRITE beat=64 addr=08ae86a8 data=ec9b08fdf7634f92 id=0e
[3235000] MASTER 0 W_VALID_RDY Handshake beat=65 wlast=0
[3245000] MASTER 0 W_VALID_RDY Handshake beat=66 wlast=0
[3245000] AXI S0_WVALID_RDY HANDSHAKE
[3245000] S0 MEMORY WRITE beat=65 addr=08ae86ac data=dbff5d4eddb99d84 id=0e
[3255000] AXI S0_WVALID_RDY HANDSHAKE
[3255000] S0 MEMORY WRITE beat=66 addr=08ae86b0 data=c3ac193e32016441 id=0e
[3255000] MASTER 0 W_VALID_RDY Handshake beat=67 wlast=0
[3265000] MASTER 0 W_VALID_RDY Handshake beat=68 wlast=0
[3265000] AXI S0_WVALID_RDY HANDSHAKE
[3265000] S0 MEMORY WRITE beat=67 addr=08ae86b4 data=a964b3d3a751da0f id=0e
[3275000] AXI S0_WVALID_RDY HANDSHAKE
[3275000] S0 MEMORY WRITE beat=68 addr=08ae86b8 data=850b7793b047223b id=0e
[3275000] MASTER 0 W_VALID_RDY Handshake beat=69 wlast=0
[3285000] MASTER 0 W_VALID_RDY Handshake beat=70 wlast=0
[3285000] AXI S0_WVALID_RDY HANDSHAKE
[3285000] S0 MEMORY WRITE beat=69 addr=08ae86bc data=e248867c05641122 id=0e
[3295000] AXI S0_WVALID_RDY HANDSHAKE
[3295000] S0 MEMORY WRITE beat=70 addr=08ae86c0 data=acb5eb31c8b790d2 id=0e
[3295000] MASTER 0 W_VALID_RDY Handshake beat=71 wlast=0
[3305000] MASTER 0 W_VALID_RDY Handshake beat=72 wlast=0
[3305000] AXI S0_WVALID_RDY HANDSHAKE
[3305000] S0 MEMORY WRITE beat=71 addr=08ae86c4 data=f8feb30d0bad3a50 id=0e
[3315000] AXI S0_WVALID_RDY HANDSHAKE
[3315000] S0 MEMORY WRITE beat=72 addr=08ae86c8 data=11114b7231c162c5 id=0e
[3315000] MASTER 0 W_VALID_RDY Handshake beat=73 wlast=0
[3325000] MASTER 0 W_VALID_RDY Handshake beat=74 wlast=0
[3325000] AXI S0_WVALID_RDY HANDSHAKE
[3325000] S0 MEMORY WRITE beat=73 addr=08ae86cc data=fa78f397db47398a id=0e
[3335000] AXI S0_WVALID_RDY HANDSHAKE
[3335000] S0 MEMORY WRITE beat=74 addr=08ae86d0 data=e6f473dabdc736a3 id=0e
[3335000] MASTER 0 W_VALID_RDY Handshake beat=75 wlast=0
[3345000] MASTER 0 W_VALID_RDY Handshake beat=76 wlast=0
[3345000] AXI S0_WVALID_RDY HANDSHAKE
[3345000] S0 MEMORY WRITE beat=75 addr=08ae86d4 data=ef889968f377a6a4 id=0e
[3355000] AXI S0_WVALID_RDY HANDSHAKE
[3355000] S0 MEMORY WRITE beat=76 addr=08ae86d8 data=cebee02ef805bf4c id=0e
[3355000] MASTER 0 W_VALID_RDY Handshake beat=77 wlast=0
[3365000] MASTER 0 W_VALID_RDY Handshake beat=78 wlast=0
[3365000] AXI S0_WVALID_RDY HANDSHAKE
[3365000] S0 MEMORY WRITE beat=77 addr=08ae86dc data=b5ccf5efea018cff id=0e
[3375000] AXI S0_WVALID_RDY HANDSHAKE
[3375000] S0 MEMORY WRITE beat=78 addr=08ae86e0 data=dd7933a4b5b35408 id=0e
[3375000] MASTER 0 W_VALID_RDY Handshake beat=79 wlast=0
[3385000] MASTER 0 W_VALID_RDY Handshake beat=80 wlast=0
[3385000] AXI S0_WVALID_RDY HANDSHAKE
[3385000] S0 MEMORY WRITE beat=79 addr=08ae86e4 data=adb9135425558f58 id=0e
[3395000] AXI S0_WVALID_RDY HANDSHAKE
[3395000] S0 MEMORY WRITE beat=80 addr=08ae86e8 data=8f571c57ac3813d2 id=0e
[3395000] MASTER 0 W_VALID_RDY Handshake beat=81 wlast=0
[3405000] MASTER 0 W_VALID_RDY Handshake beat=82 wlast=0
[3405000] AXI S0_WVALID_RDY HANDSHAKE
[3405000] S0 MEMORY WRITE beat=81 addr=08ae86ec data=e1eb67dbe3860944 id=0e
[3415000] AXI S0_WVALID_RDY HANDSHAKE
[3415000] S0 MEMORY WRITE beat=82 addr=08ae86f0 data=08db989cecd04ffb id=0e
[3415000] MASTER 0 W_VALID_RDY Handshake beat=83 wlast=0
[3425000] MASTER 0 W_VALID_RDY Handshake beat=84 wlast=0
[3425000] AXI S0_WVALID_RDY HANDSHAKE
[3425000] S0 MEMORY WRITE beat=83 addr=08ae86f4 data=190863ce8fa47b2f id=0e
[3435000] AXI S0_WVALID_RDY HANDSHAKE
[3435000] S0 MEMORY WRITE beat=84 addr=08ae86f8 data=f32a84739832b4f3 id=0e
[3435000] MASTER 0 W_VALID_RDY Handshake beat=85 wlast=0
[3445000] MASTER 0 W_VALID_RDY Handshake beat=86 wlast=0
[3445000] AXI S0_WVALID_RDY HANDSHAKE
[3445000] S0 MEMORY WRITE beat=85 addr=08ae86fc data=050304effaf3cba9 id=0e
[3455000] AXI S0_WVALID_RDY HANDSHAKE
[3455000] S0 MEMORY WRITE beat=86 addr=08ae8700 data=8a9846d8fc061d0f id=0e
[3455000] MASTER 0 W_VALID_RDY Handshake beat=87 wlast=0
[3465000] MASTER 0 W_VALID_RDY Handshake beat=88 wlast=0
[3465000] AXI S0_WVALID_RDY HANDSHAKE
[3465000] S0 MEMORY WRITE beat=87 addr=08ae8704 data=1438d2031e0b68bd id=0e
[3475000] AXI S0_WVALID_RDY HANDSHAKE
[3475000] S0 MEMORY WRITE beat=88 addr=08ae8708 data=18ff3466fdc2cb4c id=0e
[3475000] MASTER 0 W_VALID_RDY Handshake beat=89 wlast=0
[3485000] MASTER 0 W_VALID_RDY Handshake beat=90 wlast=0
[3485000] AXI S0_WVALID_RDY HANDSHAKE
[3485000] S0 MEMORY WRITE beat=89 addr=08ae870c data=f9c8e85b193bd6f2 id=0e
[3495000] AXI S0_WVALID_RDY HANDSHAKE
[3495000] S0 MEMORY WRITE beat=90 addr=08ae8710 data=37473fafa3977b3e id=0e
[3495000] MASTER 0 W_VALID_RDY Handshake beat=91 wlast=0
[3505000] MASTER 0 W_VALID_RDY Handshake beat=92 wlast=0
[3505000] AXI S0_WVALID_RDY HANDSHAKE
[3505000] S0 MEMORY WRITE beat=91 addr=08ae8714 data=a15a468a8e01ba5e id=0e
[3515000] AXI S0_WVALID_RDY HANDSHAKE
[3515000] S0 MEMORY WRITE beat=92 addr=08ae8718 data=a73d9150d0467415 id=0e
[3515000] MASTER 0 W_VALID_RDY Handshake beat=93 wlast=0
[3525000] MASTER 0 W_VALID_RDY Handshake beat=94 wlast=0
[3525000] AXI S0_WVALID_RDY HANDSHAKE
[3525000] S0 MEMORY WRITE beat=93 addr=08ae871c data=f3ddef531b232ee6 id=0e
[3535000] AXI S0_WVALID_RDY HANDSHAKE
[3535000] S0 MEMORY WRITE beat=94 addr=08ae8720 data=a924e944de84d0ff id=0e
[3535000] MASTER 0 W_VALID_RDY Handshake beat=95 wlast=0
[3545000] MASTER 0 W_VALID_RDY Handshake beat=96 wlast=0
[3545000] AXI S0_WVALID_RDY HANDSHAKE
[3545000] S0 MEMORY WRITE beat=95 addr=08ae8724 data=aecb4514153835de id=0e
[3555000] AXI S0_WVALID_RDY HANDSHAKE
[3555000] S0 MEMORY WRITE beat=96 addr=08ae8728 data=305b64c4d0627a95 id=0e
[3555000] MASTER 0 W_VALID_RDY Handshake beat=97 wlast=0
[3565000] MASTER 0 W_VALID_RDY Handshake beat=98 wlast=0
[3565000] AXI S0_WVALID_RDY HANDSHAKE
[3565000] S0 MEMORY WRITE beat=97 addr=08ae872c data=aee74b9422a93468 id=0e
[3575000] AXI S0_WVALID_RDY HANDSHAKE
[3575000] S0 MEMORY WRITE beat=98 addr=08ae8730 data=37e16a46d9804e08 id=0e
[3575000] MASTER 0 W_VALID_RDY Handshake beat=99 wlast=0
[3585000] MASTER 0 W_VALID_RDY Handshake beat=100 wlast=0
[3585000] AXI S0_WVALID_RDY HANDSHAKE
[3585000] S0 MEMORY WRITE beat=99 addr=08ae8734 data=a9e2c89dddb290a9 id=0e
[3595000] AXI S0_WVALID_RDY HANDSHAKE
[3595000] S0 MEMORY WRITE beat=100 addr=08ae8738 data=005bc511e83ccf0a id=0e
[3595000] MASTER 0 W_VALID_RDY Handshake beat=101 wlast=0
[3605000] MASTER 0 W_VALID_RDY Handshake beat=102 wlast=0
[3605000] AXI S0_WVALID_RDY HANDSHAKE
[3605000] S0 MEMORY WRITE beat=101 addr=08ae873c data=c1bd1d12d8ca1432 id=0e
[3615000] AXI S0_WVALID_RDY HANDSHAKE
[3615000] S0 MEMORY WRITE beat=102 addr=08ae8740 data=367ca4db383d2f57 id=0e
[3615000] MASTER 0 W_VALID_RDY Handshake beat=103 wlast=0
[3625000] MASTER 0 W_VALID_RDY Handshake beat=104 wlast=0
[3625000] AXI S0_WVALID_RDY HANDSHAKE
[3625000] S0 MEMORY WRITE beat=103 addr=08ae8744 data=2079fe61eb9fe5b0 id=0e
[3635000] AXI S0_WVALID_RDY HANDSHAKE
[3635000] S0 MEMORY WRITE beat=104 addr=08ae8748 data=c469f9e236d869ec id=0e
[3635000] MASTER 0 W_VALID_RDY Handshake beat=105 wlast=0
[3645000] MASTER 0 W_VALID_RDY Handshake beat=106 wlast=0
[3645000] AXI S0_WVALID_RDY HANDSHAKE
[3645000] S0 MEMORY WRITE beat=105 addr=08ae874c data=ef159943e2371b73 id=0e
[3655000] AXI S0_WVALID_RDY HANDSHAKE
[3655000] S0 MEMORY WRITE beat=106 addr=08ae8750 data=cdd70123fae69ebd id=0e
[3655000] MASTER 0 W_VALID_RDY Handshake beat=107 wlast=0
[3665000] MASTER 0 W_VALID_RDY Handshake beat=108 wlast=0
[3665000] AXI S0_WVALID_RDY HANDSHAKE
[3665000] S0 MEMORY WRITE beat=107 addr=08ae8754 data=31bf08a90f8f97a4 id=0e
[3675000] AXI S0_WVALID_RDY HANDSHAKE
[3675000] S0 MEMORY WRITE beat=108 addr=08ae8758 data=f1c6b3179240fb05 id=0e
[3675000] MASTER 0 W_VALID_RDY Handshake beat=109 wlast=0
[3685000] MASTER 0 W_VALID_RDY Handshake beat=110 wlast=0
[3685000] AXI S0_WVALID_RDY HANDSHAKE
[3685000] S0 MEMORY WRITE beat=109 addr=08ae875c data=8d2799c220d4a1ec id=0e
[3695000] AXI S0_WVALID_RDY HANDSHAKE
[3695000] S0 MEMORY WRITE beat=110 addr=08ae8760 data=306439903f9db43b id=0e
[3695000] MASTER 0 W_VALID_RDY Handshake beat=111 wlast=0
[3705000] MASTER 0 W_VALID_RDY Handshake beat=112 wlast=0
[3705000] AXI S0_WVALID_RDY HANDSHAKE
[3705000] S0 MEMORY WRITE beat=111 addr=08ae8764 data=d1deaf40bee6a26b id=0e
[3715000] AXI S0_WVALID_RDY HANDSHAKE
[3715000] S0 MEMORY WRITE beat=112 addr=08ae8768 data=dfbb4457a22aeca7 id=0e
[3715000] MASTER 0 W_VALID_RDY Handshake beat=113 wlast=0
[3725000] MASTER 0 W_VALID_RDY Handshake beat=114 wlast=0
[3725000] AXI S0_WVALID_RDY HANDSHAKE
[3725000] S0 MEMORY WRITE beat=113 addr=08ae876c data=e1c8a0e2df064903 id=0e
[3735000] AXI S0_WVALID_RDY HANDSHAKE
[3735000] S0 MEMORY WRITE beat=114 addr=08ae8770 data=9deceb6e901f7de7 id=0e
[3735000] MASTER 0 W_VALID_RDY Handshake beat=115 wlast=0
[3745000] MASTER 0 W_VALID_RDY Handshake beat=116 wlast=0
[3745000] AXI S0_WVALID_RDY HANDSHAKE
[3745000] S0 MEMORY WRITE beat=115 addr=08ae8774 data=324a6a8f33a75023 id=0e
[3755000] AXI S0_WVALID_RDY HANDSHAKE
[3755000] S0 MEMORY WRITE beat=116 addr=08ae8778 data=12ad9926fda82fc6 id=0e
[3755000] MASTER 0 W_VALID_RDY Handshake beat=117 wlast=0
[3765000] MASTER 0 W_VALID_RDY Handshake beat=118 wlast=0
[3765000] AXI S0_WVALID_RDY HANDSHAKE
[3765000] S0 MEMORY WRITE beat=117 addr=08ae877c data=8dc7adad94130b71 id=0e
[3775000] AXI S0_WVALID_RDY HANDSHAKE
[3775000] S0 MEMORY WRITE beat=118 addr=08ae8780 data=c7ba5b94b09a8494 id=0e
[3775000] MASTER 0 W_VALID_RDY Handshake beat=119 wlast=0
[3785000] MASTER 0 W_VALID_RDY Handshake beat=120 wlast=0
[3785000] AXI S0_WVALID_RDY HANDSHAKE
[3785000] S0 MEMORY WRITE beat=119 addr=08ae8784 data=ae42b45ac012183c id=0e
[3795000] AXI S0_WVALID_RDY HANDSHAKE
[3795000] S0 MEMORY WRITE beat=120 addr=08ae8788 data=d42523aeda67f4ba id=0e
[3795000] MASTER 0 W_VALID_RDY Handshake beat=121 wlast=0
[3805000] MASTER 0 W_VALID_RDY Handshake beat=122 wlast=0
[3805000] AXI S0_WVALID_RDY HANDSHAKE
[3805000] S0 MEMORY WRITE beat=121 addr=08ae878c data=0b02794f3c0a6208 id=0e
[3815000] AXI S0_WVALID_RDY HANDSHAKE
[3815000] S0 MEMORY WRITE beat=122 addr=08ae8790 data=fc1c7a449bdf7f42 id=0e
[3815000] MASTER 0 W_VALID_RDY Handshake beat=123 wlast=0
[3825000] MASTER 0 W_VALID_RDY Handshake beat=124 wlast=0
[3825000] AXI S0_WVALID_RDY HANDSHAKE
[3825000] S0 MEMORY WRITE beat=123 addr=08ae8794 data=f64773fdb9452da9 id=0e
[3835000] AXI S0_WVALID_RDY HANDSHAKE
[3835000] S0 MEMORY WRITE beat=124 addr=08ae8798 data=f54f8fb1d0419df2 id=0e
[3835000] MASTER 0 W_VALID_RDY Handshake beat=125 wlast=0
[3845000] MASTER 0 W_VALID_RDY Handshake beat=126 wlast=0
[3845000] AXI S0_WVALID_RDY HANDSHAKE
[3845000] S0 MEMORY WRITE beat=125 addr=08ae879c data=ec211d350149ed4c id=0e
[3855000] AXI S0_WVALID_RDY HANDSHAKE
[3855000] S0 MEMORY WRITE beat=126 addr=08ae87a0 data=ba8f1af5f16c09f6 id=0e
[3855000] MASTER 0 W_VALID_RDY Handshake beat=127 wlast=0
[3865000] MASTER 0 W_VALID_RDY Handshake beat=128 wlast=0
[3865000] AXI S0_WVALID_RDY HANDSHAKE
[3865000] S0 MEMORY WRITE beat=127 addr=08ae87a4 data=c1ada7e8e2689132 id=0e
[3875000] AXI S0_WVALID_RDY HANDSHAKE
[3875000] S0 MEMORY WRITE beat=128 addr=08ae87a8 data=e3b27e7e2fdeaaa7 id=0e
[3875000] MASTER 0 W_VALID_RDY Handshake beat=129 wlast=0
[3885000] MASTER 0 W_VALID_RDY Handshake beat=130 wlast=0
[3885000] AXI S0_WVALID_RDY HANDSHAKE
[3885000] S0 MEMORY WRITE beat=129 addr=08ae87ac data=214ab49dadcec51d id=0e
[3895000] AXI S0_WVALID_RDY HANDSHAKE
[3895000] S0 MEMORY WRITE beat=130 addr=08ae87b0 data=9037564f9e419973 id=0e
[3895000] MASTER 0 W_VALID_RDY Handshake beat=131 wlast=0
[3905000] MASTER 0 W_VALID_RDY Handshake beat=132 wlast=0
[3905000] AXI S0_WVALID_RDY HANDSHAKE
[3905000] S0 MEMORY WRITE beat=131 addr=08ae87b4 data=ce20441ae2f85c85 id=0e
[3915000] AXI S0_WVALID_RDY HANDSHAKE
[3915000] S0 MEMORY WRITE beat=132 addr=08ae87b8 data=10c721a3f3e9d4cd id=0e
[3915000] MASTER 0 W_VALID_RDY Handshake beat=133 wlast=0
[3925000] MASTER 0 W_VALID_RDY Handshake beat=134 wlast=0
[3925000] AXI S0_WVALID_RDY HANDSHAKE
[3925000] S0 MEMORY WRITE beat=133 addr=08ae87bc data=122b6e41ef6af8b7 id=0e
[3935000] AXI S0_WVALID_RDY HANDSHAKE
[3935000] S0 MEMORY WRITE beat=134 addr=08ae87c0 data=d263553da0fe77f2 id=0e
[3935000] MASTER 0 W_VALID_RDY Handshake beat=135 wlast=0
[3945000] MASTER 0 W_VALID_RDY Handshake beat=136 wlast=0
[3945000] AXI S0_WVALID_RDY HANDSHAKE
[3945000] S0 MEMORY WRITE beat=135 addr=08ae87c4 data=14e84cc0e04bb25b id=0e
[3955000] AXI S0_WVALID_RDY HANDSHAKE
[3955000] S0 MEMORY WRITE beat=136 addr=08ae87c8 data=cfb6ab13e32a76e0 id=0e
[3955000] MASTER 0 W_VALID_RDY Handshake beat=137 wlast=0
[3965000] MASTER 0 W_VALID_RDY Handshake beat=138 wlast=0
[3965000] AXI S0_WVALID_RDY HANDSHAKE
[3965000] S0 MEMORY WRITE beat=137 addr=08ae87cc data=8428eed22713bb01 id=0e
[3975000] AXI S0_WVALID_RDY HANDSHAKE
[3975000] S0 MEMORY WRITE beat=138 addr=08ae87d0 data=875f6d5c221a0050 id=0e
[3975000] MASTER 0 W_VALID_RDY Handshake beat=139 wlast=0
[3985000] MASTER 0 W_VALID_RDY Handshake beat=140 wlast=0
[3985000] AXI S0_WVALID_RDY HANDSHAKE
[3985000] S0 MEMORY WRITE beat=139 addr=08ae87d4 data=0544773099113b92 id=0e
[3995000] AXI S0_WVALID_RDY HANDSHAKE
[3995000] S0 MEMORY WRITE beat=140 addr=08ae87d8 data=c024f693d716186f id=0e
[3995000] MASTER 0 W_VALID_RDY Handshake beat=141 wlast=0
[4005000] MASTER 0 W_VALID_RDY Handshake beat=142 wlast=0
[4005000] AXI S0_WVALID_RDY HANDSHAKE
[4005000] S0 MEMORY WRITE beat=141 addr=08ae87dc data=f93018bf896d6602 id=0e
[4015000] AXI S0_WVALID_RDY HANDSHAKE
[4015000] S0 MEMORY WRITE beat=142 addr=08ae87e0 data=227ea195c78463f0 id=0e
[4015000] MASTER 0 W_VALID_RDY Handshake beat=143 wlast=0
[4025000] MASTER 0 W_VALID_RDY Handshake beat=144 wlast=0
[4025000] AXI S0_WVALID_RDY HANDSHAKE
[4025000] S0 MEMORY WRITE beat=143 addr=08ae87e4 data=9e9a7c5ffe748fef id=0e
[4035000] AXI S0_WVALID_RDY HANDSHAKE
[4035000] S0 MEMORY WRITE beat=144 addr=08ae87e8 data=07e1f5f2e2a39828 id=0e
[4035000] MASTER 0 W_VALID_RDY Handshake beat=145 wlast=0
[4045000] MASTER 0 W_VALID_RDY Handshake beat=146 wlast=0
[4045000] AXI S0_WVALID_RDY HANDSHAKE
[4045000] S0 MEMORY WRITE beat=145 addr=08ae87ec data=aa27fc1817ca951f id=0e
[4055000] AXI S0_WVALID_RDY HANDSHAKE
[4055000] S0 MEMORY WRITE beat=146 addr=08ae87f0 data=963f250e2a609787 id=0e
[4055000] MASTER 0 W_VALID_RDY Handshake beat=147 wlast=0
[4065000] MASTER 0 W_VALID_RDY Handshake beat=148 wlast=0
[4065000] AXI S0_WVALID_RDY HANDSHAKE
[4065000] S0 MEMORY WRITE beat=147 addr=08ae87f4 data=8d042fafc8c27878 id=0e
[4075000] AXI S0_WVALID_RDY HANDSHAKE
[4075000] S0 MEMORY WRITE beat=148 addr=08ae87f8 data=e08d0d979e211b00 id=0e
[4075000] MASTER 0 W_VALID_RDY Handshake beat=149 wlast=0
[4085000] MASTER 0 W_VALID_RDY Handshake beat=150 wlast=0
[4085000] AXI S0_WVALID_RDY HANDSHAKE
[4085000] S0 MEMORY WRITE beat=149 addr=08ae87fc data=c881b287372c2bc8 id=0e
[4095000] AXI S0_WVALID_RDY HANDSHAKE
[4095000] S0 MEMORY WRITE beat=150 addr=08ae8800 data=ffeea440f6cc32a5 id=0e
[4095000] MASTER 0 W_VALID_RDY Handshake beat=151 wlast=0
[4105000] MASTER 0 W_VALID_RDY Handshake beat=152 wlast=0
[4105000] AXI S0_WVALID_RDY HANDSHAKE
[4105000] S0 MEMORY WRITE beat=151 addr=08ae8804 data=14ed4da6d585e237 id=0e
[4115000] AXI S0_WVALID_RDY HANDSHAKE
[4115000] S0 MEMORY WRITE beat=152 addr=08ae8808 data=0cb20dffe07bb1d7 id=0e
[4115000] MASTER 0 W_VALID_RDY Handshake beat=153 wlast=0
[4125000] MASTER 0 W_VALID_RDY Handshake beat=154 wlast=0
[4125000] AXI S0_WVALID_RDY HANDSHAKE
[4125000] S0 MEMORY WRITE beat=153 addr=08ae880c data=d747e47cdd6f002d id=0e
[4135000] AXI S0_WVALID_RDY HANDSHAKE
[4135000] S0 MEMORY WRITE beat=154 addr=08ae8810 data=b2f4e2640ca0b23f id=0e
[4135000] MASTER 0 W_VALID_RDY Handshake beat=155 wlast=0
[4145000] MASTER 0 W_VALID_RDY Handshake beat=156 wlast=0
[4145000] AXI S0_WVALID_RDY HANDSHAKE
[4145000] S0 MEMORY WRITE beat=155 addr=08ae8814 data=ed1c6416ec353222 id=0e
[4155000] AXI S0_WVALID_RDY HANDSHAKE
[4155000] S0 MEMORY WRITE beat=156 addr=08ae8818 data=c9a43250bfa6f063 id=0e
[4155000] MASTER 0 W_VALID_RDY Handshake beat=157 wlast=0
[4165000] MASTER 0 W_VALID_RDY Handshake beat=158 wlast=0
[4165000] AXI S0_WVALID_RDY HANDSHAKE
[4165000] S0 MEMORY WRITE beat=157 addr=08ae881c data=cc47a2a2c4644892 id=0e
[4175000] AXI S0_WVALID_RDY HANDSHAKE
[4175000] S0 MEMORY WRITE beat=158 addr=08ae8820 data=30997ab5fc9914b4 id=0e
[4175000] MASTER 0 W_VALID_RDY Handshake beat=159 wlast=0
[4185000] MASTER 0 W_VALID_RDY Handshake beat=160 wlast=0
[4185000] AXI S0_WVALID_RDY HANDSHAKE
[4185000] S0 MEMORY WRITE beat=159 addr=08ae8824 data=3c400518b96406b8 id=0e
[4195000] AXI S0_WVALID_RDY HANDSHAKE
[4195000] S0 MEMORY WRITE beat=160 addr=08ae8828 data=fdc84f4bfa3dad05 id=0e
[4195000] MASTER 0 W_VALID_RDY Handshake beat=161 wlast=0
[4205000] MASTER 0 W_VALID_RDY Handshake beat=162 wlast=0
[4205000] AXI S0_WVALID_RDY HANDSHAKE
[4205000] S0 MEMORY WRITE beat=161 addr=08ae882c data=f6d6c1b98887a7ba id=0e
[4215000] AXI S0_WVALID_RDY HANDSHAKE
[4215000] S0 MEMORY WRITE beat=162 addr=08ae8830 data=c1ebae732e61ca00 id=0e
[4215000] MASTER 0 W_VALID_RDY Handshake beat=163 wlast=0
[4225000] MASTER 0 W_VALID_RDY Handshake beat=164 wlast=0
[4225000] AXI S0_WVALID_RDY HANDSHAKE
[4225000] S0 MEMORY WRITE beat=163 addr=08ae8834 data=289f7705b316c6d1 id=0e
[4235000] AXI S0_WVALID_RDY HANDSHAKE
[4235000] S0 MEMORY WRITE beat=164 addr=08ae8838 data=3b9e6e8c3fb3fdbe id=0e
[4235000] MASTER 0 W_VALID_RDY Handshake beat=165 wlast=0
[4245000] MASTER 0 W_VALID_RDY Handshake beat=166 wlast=0
[4245000] AXI S0_WVALID_RDY HANDSHAKE
[4245000] S0 MEMORY WRITE beat=165 addr=08ae883c data=ee15c7be9f7638be id=0e
[4255000] AXI S0_WVALID_RDY HANDSHAKE
[4255000] S0 MEMORY WRITE beat=166 addr=08ae8840 data=d28cff90fd8a1cff id=0e
[4255000] MASTER 0 W_VALID_RDY Handshake beat=167 wlast=0
[4265000] MASTER 0 W_VALID_RDY Handshake beat=168 wlast=0
[4265000] AXI S0_WVALID_RDY HANDSHAKE
[4265000] S0 MEMORY WRITE beat=167 addr=08ae8844 data=3d3e1abd16b53ec3 id=0e
[4275000] AXI S0_WVALID_RDY HANDSHAKE
[4275000] S0 MEMORY WRITE beat=168 addr=08ae8848 data=b62b77810e2b6e1c id=0e
[4275000] MASTER 0 W_VALID_RDY Handshake beat=169 wlast=0
[4285000] MASTER 0 W_VALID_RDY Handshake beat=170 wlast=0
[4285000] AXI S0_WVALID_RDY HANDSHAKE
[4285000] S0 MEMORY WRITE beat=169 addr=08ae884c data=0bb58b1b2b53e27b id=0e
[4295000] AXI S0_WVALID_RDY HANDSHAKE
[4295000] S0 MEMORY WRITE beat=170 addr=08ae8850 data=c209213e88b87711 id=0e
[4295000] MASTER 0 W_VALID_RDY Handshake beat=171 wlast=0
[4305000] MASTER 0 W_VALID_RDY Handshake beat=172 wlast=0
[4305000] AXI S0_WVALID_RDY HANDSHAKE
[4305000] S0 MEMORY WRITE beat=171 addr=08ae8854 data=96e3e52dc8f3a5d8 id=0e
[4315000] AXI S0_WVALID_RDY HANDSHAKE
[4315000] S0 MEMORY WRITE beat=172 addr=08ae8858 data=f4478853f83498bf id=0e
[4315000] MASTER 0 W_VALID_RDY Handshake beat=173 wlast=0
[4325000] MASTER 0 W_VALID_RDY Handshake beat=174 wlast=0
[4325000] AXI S0_WVALID_RDY HANDSHAKE
[4325000] S0 MEMORY WRITE beat=173 addr=08ae885c data=00ed0fd1a2997048 id=0e
[4335000] AXI S0_WVALID_RDY HANDSHAKE
[4335000] S0 MEMORY WRITE beat=174 addr=08ae8860 data=eb8d16203650a991 id=0e
[4335000] MASTER 0 W_VALID_RDY Handshake beat=175 wlast=0
[4345000] MASTER 0 W_VALID_RDY Handshake beat=176 wlast=0
[4345000] AXI S0_WVALID_RDY HANDSHAKE
[4345000] S0 MEMORY WRITE beat=175 addr=08ae8864 data=ae85425097d0f4fe id=0e
[4355000] AXI S0_WVALID_RDY HANDSHAKE
[4355000] S0 MEMORY WRITE beat=176 addr=08ae8868 data=3a6a6547dfd49e73 id=0e
[4355000] MASTER 0 W_VALID_RDY Handshake beat=177 wlast=0
[4365000] MASTER 0 W_VALID_RDY Handshake beat=178 wlast=0
[4365000] AXI S0_WVALID_RDY HANDSHAKE
[4365000] S0 MEMORY WRITE beat=177 addr=08ae886c data=96254804af725221 id=0e
[4375000] AXI S0_WVALID_RDY HANDSHAKE
[4375000] S0 MEMORY WRITE beat=178 addr=08ae8870 data=c7434720a5f77b67 id=0e
[4375000] MASTER 0 W_VALID_RDY Handshake beat=179 wlast=0
[4385000] MASTER 0 W_VALID_RDY Handshake beat=180 wlast=0
[4385000] AXI S0_WVALID_RDY HANDSHAKE
[4385000] S0 MEMORY WRITE beat=179 addr=08ae8874 data=05cc19dbc4aa8a55 id=0e
[4395000] AXI S0_WVALID_RDY HANDSHAKE
[4395000] S0 MEMORY WRITE beat=180 addr=08ae8878 data=f41cdc7601adac67 id=0e
[4395000] MASTER 0 W_VALID_RDY Handshake beat=181 wlast=0
[4405000] MASTER 0 W_VALID_RDY Handshake beat=182 wlast=0
[4405000] AXI S0_WVALID_RDY HANDSHAKE
[4405000] S0 MEMORY WRITE beat=181 addr=08ae887c data=a7a527ce9bf161df id=0e
[4415000] AXI S0_WVALID_RDY HANDSHAKE
[4415000] S0 MEMORY WRITE beat=182 addr=08ae8880 data=e09bec34bb602396 id=0e
[4415000] MASTER 0 W_VALID_RDY Handshake beat=183 wlast=0
[4425000] MASTER 0 W_VALID_RDY Handshake beat=184 wlast=0
[4425000] AXI S0_WVALID_RDY HANDSHAKE
[4425000] S0 MEMORY WRITE beat=183 addr=08ae8884 data=bd0dcffdad7141a9 id=0e
[4435000] AXI S0_WVALID_RDY HANDSHAKE
[4435000] S0 MEMORY WRITE beat=184 addr=08ae8888 data=c962a389d4b8c8ab id=0e
[4435000] MASTER 0 W_VALID_RDY Handshake beat=185 wlast=0
[4445000] MASTER 0 W_VALID_RDY Handshake beat=186 wlast=0
[4445000] AXI S0_WVALID_RDY HANDSHAKE
[4445000] S0 MEMORY WRITE beat=185 addr=08ae888c data=9018ec41e4b2f7cc id=0e
[4455000] AXI S0_WVALID_RDY HANDSHAKE
[4455000] S0 MEMORY WRITE beat=186 addr=08ae8890 data=92243975a9fe8fbd id=0e
[4455000] MASTER 0 W_VALID_RDY Handshake beat=187 wlast=0
[4465000] MASTER 0 W_VALID_RDY Handshake beat=188 wlast=0
[4465000] AXI S0_WVALID_RDY HANDSHAKE
[4465000] S0 MEMORY WRITE beat=187 addr=08ae8894 data=feb75868cd26bc3f id=0e
[4475000] AXI S0_WVALID_RDY HANDSHAKE
[4475000] S0 MEMORY WRITE beat=188 addr=08ae8898 data=31d9b40bdb86dcfe id=0e
[4475000] MASTER 0 W_VALID_RDY Handshake beat=189 wlast=0
[4485000] MASTER 0 W_VALID_RDY Handshake beat=190 wlast=0
[4485000] AXI S0_WVALID_RDY HANDSHAKE
[4485000] S0 MEMORY WRITE beat=189 addr=08ae889c data=05856cbc0ed044aa id=0e
[4495000] AXI S0_WVALID_RDY HANDSHAKE
[4495000] S0 MEMORY WRITE beat=190 addr=08ae88a0 data=dbf700e9c3fded80 id=0e
[4495000] MASTER 0 W_VALID_RDY Handshake beat=191 wlast=0
[4505000] MASTER 0 W_VALID_RDY Handshake beat=192 wlast=0
[4505000] AXI S0_WVALID_RDY HANDSHAKE
[4505000] S0 MEMORY WRITE beat=191 addr=08ae88a4 data=1f84ca7f843cc524 id=0e
[4515000] AXI S0_WVALID_RDY HANDSHAKE
[4515000] S0 MEMORY WRITE beat=192 addr=08ae88a8 data=930d09ce0dd0b4f4 id=0e
[4515000] MASTER 0 W_VALID_RDY Handshake beat=193 wlast=0
[4525000] MASTER_DRIVER0 received transaction, op=AXI_WRITE
[4525000] MASTER 0 W_VALID_RDY Handshake beat=194 wlast=1
[4525000] AXI S0_WVALID_RDY HANDSHAKE
[4525000] S0 MEMORY WRITE beat=193 addr=08ae88ac data=d1cea274250a373b id=0e
[4535000] AXI S0_WVALID_RDY HANDSHAKE
[4535000] S0 MEMORY WRITE beat=194 addr=08ae88b0 data=a946fc5fef040ab7 id=0e
[4545000] MASTER 0 AW_VALID_RDY Handshake
[4545000] SLAVE0 sent B resp, id=14
[4555000] AXI S0_AWVALID_RDY HANDSHAKE
[4555000] [SLAVE MONITOR] mst_id=0 s_id=0 awaddr=8ae85a8 awid=1110 awlen=194 awsize=2 awburst=1 wdata=[fe57199ec8c2836a 3335b95e279bfaf1 8e738b3fdbc37c9 c67ebb33d8292119 ffc51c0a873e5251 4fa8a1bf9b47491 d1dd95ab88ac54bd feaa70fcb79454e c52db9e0d1a2b1b5 da4f067314e5312a e05e7678170b4f8b e8ae0140ea39ad82 ff1edeaca58c3058 bc977fe3c2fd07b3 ad36b535df7d5524 509857d25458124 e84288d7ac5593e1 bd2e906c1a10560 e6e6868415793e0d c1ced1ee10dc6e83 d27d73e3cf290f5c e4a24d69cda1baf4 de7e29773963fa68 88d09c4a6711f57 f412da4c30fb9d5b ea5f97c3ed2f572d 93a07684d29103c3 838ca11ef2eca187 e01bf8b487b350d0 da445494edec38e1 e0d8da68f3bc6f38 fb6fc009ddd0f5b2 cbbd2e94c0f4d31c 34b14255d5b4149d b3850a4fac9608fc ed8adc193021025e 5d516fbff4238e3 2bd841e0223c1e6e d25d20ccb95a214a 389c5a2e19631df9 3b9f3c67d83237c7 918c5911e4749c0e fdd7ba070dfc5d33 e62e94faca28b33f ae9d4f4d3976f66e c77353a1f7baee0b c1e3a14bac750954 e5ebffc22da1e89b a55cd6a6f080f098 1cf5f9edad5f5363 db013bfee74077f1 d7c1688a82e1f9af 30414d13005e12a5 e79e8a96f4b76277 f7995c268b428911 8ba09bb6bf5ff320 b4175597a7daa939 331d324bf33f264d b29f196d2bb0b1be d38b5af7bebdce01 b1fcf44ee6b66f05 126720c386a88d42 c5665b44e49c0dbc cb527cc1e5f27bba ec9b08fdf7634f92 dbff5d4eddb99d84 c3ac193e32016441 a964b3d3a751da0f 850b7793b047223b e248867c05641122 acb5eb31c8b790d2 f8feb30d0bad3a50 11114b7231c162c5 fa78f397db47398a e6f473dabdc736a3 ef889968f377a6a4 cebee02ef805bf4c b5ccf5efea018cff dd7933a4b5b35408 adb9135425558f58 8f571c57ac3813d2 e1eb67dbe3860944 8db989cecd04ffb 190863ce8fa47b2f f32a84739832b4f3 50304effaf3cba9 8a9846d8fc061d0f 1438d2031e0b68bd 18ff3466fdc2cb4c f9c8e85b193bd6f2 37473fafa3977b3e a15a468a8e01ba5e a73d9150d0467415 f3ddef531b232ee6 a924e944de84d0ff aecb4514153835de 305b64c4d0627a95 aee74b9422a93468 37e16a46d9804e08 a9e2c89dddb290a9 5bc511e83ccf0a c1bd1d12d8ca1432 367ca4db383d2f57 2079fe61eb9fe5b0 c469f9e236d869ec ef159943e2371b73 cdd70123fae69ebd 31bf08a90f8f97a4 f1c6b3179240fb05 8d2799c220d4a1ec 306439903f9db43b d1deaf40bee6a26b dfbb4457a22aeca7 e1c8a0e2df064903 9deceb6e901f7de7 324a6a8f33a75023 12ad9926fda82fc6 8dc7adad94130b71 c7ba5b94b09a8494 ae42b45ac012183c d42523aeda67f4ba b02794f3c0a6208 fc1c7a449bdf7f42 f64773fdb9452da9 f54f8fb1d0419df2 ec211d350149ed4c ba8f1af5f16c09f6 c1ada7e8e2689132 e3b27e7e2fdeaaa7 214ab49dadcec51d 9037564f9e419973 ce20441ae2f85c85 10c721a3f3e9d4cd 122b6e41ef6af8b7 d263553da0fe77f2 14e84cc0e04bb25b cfb6ab13e32a76e0 8428eed22713bb01 875f6d5c221a0050 544773099113b92 c024f693d716186f f93018bf896d6602 227ea195c78463f0 9e9a7c5ffe748fef 7e1f5f2e2a39828 aa27fc1817ca951f 963f250e2a609787 8d042fafc8c27878 e08d0d979e211b00 c881b287372c2bc8 ffeea440f6cc32a5 14ed4da6d585e237 cb20dffe07bb1d7 d747e47cdd6f002d b2f4e2640ca0b23f ed1c6416ec353222 c9a43250bfa6f063 cc47a2a2c4644892 30997ab5fc9914b4 3c400518b96406b8 fdc84f4bfa3dad05 f6d6c1b98887a7ba c1ebae732e61ca00 289f7705b316c6d1 3b9e6e8c3fb3fdbe ee15c7be9f7638be d28cff90fd8a1cff 3d3e1abd16b53ec3 b62b77810e2b6e1c bb58b1b2b53e27b c209213e88b87711 96e3e52dc8f3a5d8 f4478853f83498bf ed0fd1a2997048 eb8d16203650a991 ae85425097d0f4fe 3a6a6547dfd49e73 96254804af725221 c7434720a5f77b67 5cc19dbc4aa8a55 f41cdc7601adac67 a7a527ce9bf161df e09bec34bb602396 bd0dcffdad7141a9 c962a389d4b8c8ab 9018ec41e4b2f7cc 92243975a9fe8fbd feb75868cd26bc3f 31d9b40bdb86dcfe 5856cbc0ed044aa dbf700e9c3fded80 1f84ca7f843cc524 930d09ce0dd0b4f4 d1cea274250a373b a946fc5fef040ab7 ] wstrb=[f3 ab 2e 2e 20 e5 8e 13 91 bc 42 b1 a1 d0 c4 32 8c 6 e3 2d d6 a8 60 62 ae 43 90 85 eb f0 e7 9a 33 77 1f 1f 67 6 b9 9b 7e d8 ba e5 de 73 80 5c 4b 3a 42 29 ad c2 86 f8 fd c8 22 aa 8a a8 a3 87 70 c5 32 fa 6d d5 82 dd 9a b4 d7 7 89 59 e4 23 d bb 2a 96 15 e b9 22 c9 e3 b9 de f1 72 1 bb 56 ba 99 47 2c 9a 2 82 54 9c ca 81 36 cc 3 8b 68 cd c 9f 9a f 2a 2 dd 36 a1 77 45 cb 79 22 1 1b 99 47 e6 13 69 e8 2e 3 2f 14 16 98 fc 44 9b 2b 58 b1 c4 55 f5 5f 80 4e 11 44 a3 6 a4 23 54 b5 68 f7 bb c 1b 10 c1 83 7 7c 8f 22 8c 50 a5 94 cc 34 b6 59 84 5c ed 51 90 a3 aa 15 ff 97 66 90 3a ] bresp=0 bid=1110
[4555000] ARB MONITOR: slave=0 m0_req=1 m1_req=0 winner=0
[4565000] MASTER 0 RECEIVED BRESP. BRESP=0
[4565000] [MASTER DRIVER] mst_id=0 s_id=0 awaddr=8ae85a8 awid=1110 awlen=194 awsize=2 awburst=1 wdata=[fe57199ec8c2836a 3335b95e279bfaf1 8e738b3fdbc37c9 c67ebb33d8292119 ffc51c0a873e5251 4fa8a1bf9b47491 d1dd95ab88ac54bd feaa70fcb79454e c52db9e0d1a2b1b5 da4f067314e5312a e05e7678170b4f8b e8ae0140ea39ad82 ff1edeaca58c3058 bc977fe3c2fd07b3 ad36b535df7d5524 509857d25458124 e84288d7ac5593e1 bd2e906c1a10560 e6e6868415793e0d c1ced1ee10dc6e83 d27d73e3cf290f5c e4a24d69cda1baf4 de7e29773963fa68 88d09c4a6711f57 f412da4c30fb9d5b ea5f97c3ed2f572d 93a07684d29103c3 838ca11ef2eca187 e01bf8b487b350d0 da445494edec38e1 e0d8da68f3bc6f38 fb6fc009ddd0f5b2 cbbd2e94c0f4d31c 34b14255d5b4149d b3850a4fac9608fc ed8adc193021025e 5d516fbff4238e3 2bd841e0223c1e6e d25d20ccb95a214a 389c5a2e19631df9 3b9f3c67d83237c7 918c5911e4749c0e fdd7ba070dfc5d33 e62e94faca28b33f ae9d4f4d3976f66e c77353a1f7baee0b c1e3a14bac750954 e5ebffc22da1e89b a55cd6a6f080f098 1cf5f9edad5f5363 db013bfee74077f1 d7c1688a82e1f9af 30414d13005e12a5 e79e8a96f4b76277 f7995c268b428911 8ba09bb6bf5ff320 b4175597a7daa939 331d324bf33f264d b29f196d2bb0b1be d38b5af7bebdce01 b1fcf44ee6b66f05 126720c386a88d42 c5665b44e49c0dbc cb527cc1e5f27bba ec9b08fdf7634f92 dbff5d4eddb99d84 c3ac193e32016441 a964b3d3a751da0f 850b7793b047223b e248867c05641122 acb5eb31c8b790d2 f8feb30d0bad3a50 11114b7231c162c5 fa78f397db47398a e6f473dabdc736a3 ef889968f377a6a4 cebee02ef805bf4c b5ccf5efea018cff dd7933a4b5b35408 adb9135425558f58 8f571c57ac3813d2 e1eb67dbe3860944 8db989cecd04ffb 190863ce8fa47b2f f32a84739832b4f3 50304effaf3cba9 8a9846d8fc061d0f 1438d2031e0b68bd 18ff3466fdc2cb4c f9c8e85b193bd6f2 37473fafa3977b3e a15a468a8e01ba5e a73d9150d0467415 f3ddef531b232ee6 a924e944de84d0ff aecb4514153835de 305b64c4d0627a95 aee74b9422a93468 37e16a46d9804e08 a9e2c89dddb290a9 5bc511e83ccf0a c1bd1d12d8ca1432 367ca4db383d2f57 2079fe61eb9fe5b0 c469f9e236d869ec ef159943e2371b73 cdd70123fae69ebd 31bf08a90f8f97a4 f1c6b3179240fb05 8d2799c220d4a1ec 306439903f9db43b d1deaf40bee6a26b dfbb4457a22aeca7 e1c8a0e2df064903 9deceb6e901f7de7 324a6a8f33a75023 12ad9926fda82fc6 8dc7adad94130b71 c7ba5b94b09a8494 ae42b45ac012183c d42523aeda67f4ba b02794f3c0a6208 fc1c7a449bdf7f42 f64773fdb9452da9 f54f8fb1d0419df2 ec211d350149ed4c ba8f1af5f16c09f6 c1ada7e8e2689132 e3b27e7e2fdeaaa7 214ab49dadcec51d 9037564f9e419973 ce20441ae2f85c85 10c721a3f3e9d4cd 122b6e41ef6af8b7 d263553da0fe77f2 14e84cc0e04bb25b cfb6ab13e32a76e0 8428eed22713bb01 875f6d5c221a0050 544773099113b92 c024f693d716186f f93018bf896d6602 227ea195c78463f0 9e9a7c5ffe748fef 7e1f5f2e2a39828 aa27fc1817ca951f 963f250e2a609787 8d042fafc8c27878 e08d0d979e211b00 c881b287372c2bc8 ffeea440f6cc32a5 14ed4da6d585e237 cb20dffe07bb1d7 d747e47cdd6f002d b2f4e2640ca0b23f ed1c6416ec353222 c9a43250bfa6f063 cc47a2a2c4644892 30997ab5fc9914b4 3c400518b96406b8 fdc84f4bfa3dad05 f6d6c1b98887a7ba c1ebae732e61ca00 289f7705b316c6d1 3b9e6e8c3fb3fdbe ee15c7be9f7638be d28cff90fd8a1cff 3d3e1abd16b53ec3 b62b77810e2b6e1c bb58b1b2b53e27b c209213e88b87711 96e3e52dc8f3a5d8 f4478853f83498bf ed0fd1a2997048 eb8d16203650a991 ae85425097d0f4fe 3a6a6547dfd49e73 96254804af725221 c7434720a5f77b67 5cc19dbc4aa8a55 f41cdc7601adac67 a7a527ce9bf161df e09bec34bb602396 bd0dcffdad7141a9 c962a389d4b8c8ab 9018ec41e4b2f7cc 92243975a9fe8fbd feb75868cd26bc3f 31d9b40bdb86dcfe 5856cbc0ed044aa dbf700e9c3fded80 1f84ca7f843cc524 930d09ce0dd0b4f4 d1cea274250a373b a946fc5fef040ab7 ] wstrb=[f3 ab 2e 2e 20 e5 8e 13 91 bc 42 b1 a1 d0 c4 32 8c 6 e3 2d d6 a8 60 62 ae 43 90 85 eb f0 e7 9a 33 77 1f 1f 67 6 b9 9b 7e d8 ba e5 de 73 80 5c 4b 3a 42 29 ad c2 86 f8 fd c8 22 aa 8a a8 a3 87 70 c5 32 fa 6d d5 82 dd 9a b4 d7 7 89 59 e4 23 d bb 2a 96 15 e b9 22 c9 e3 b9 de f1 72 1 bb 56 ba 99 47 2c 9a 2 82 54 9c ca 81 36 cc 3 8b 68 cd c 9f 9a f 2a 2 dd 36 a1 77 45 cb 79 22 1 1b 99 47 e6 13 69 e8 2e 3 2f 14 16 98 fc 44 9b 2b 58 b1 c4 55 f5 5f 80 4e 11 44 a3 6 a4 23 54 b5 68 f7 bb c 1b 10 c1 83 7 7c 8f 22 8c 50 a5 94 cc 34 b6 59 84 5c ed 51 90 a3 aa 15 ff 97 66 90 3a ] bresp=0 bid=1110
[4565000] MASTER 0 W_VALID_RDY Handshake beat=0 wlast=0
[4565000] MASTER 0 B_VALID_RDY Handshake
[4565000] [MASTER MONITOR] mst_id=0 s_id=0 awaddr=8ae85a8 awid=1110 awlen=194 awsize=2 awburst=1 wdata=[fe57199ec8c2836a 3335b95e279bfaf1 8e738b3fdbc37c9 c67ebb33d8292119 ffc51c0a873e5251 4fa8a1bf9b47491 d1dd95ab88ac54bd feaa70fcb79454e c52db9e0d1a2b1b5 da4f067314e5312a e05e7678170b4f8b e8ae0140ea39ad82 ff1edeaca58c3058 bc977fe3c2fd07b3 ad36b535df7d5524 509857d25458124 e84288d7ac5593e1 bd2e906c1a10560 e6e6868415793e0d c1ced1ee10dc6e83 d27d73e3cf290f5c e4a24d69cda1baf4 de7e29773963fa68 88d09c4a6711f57 f412da4c30fb9d5b ea5f97c3ed2f572d 93a07684d29103c3 838ca11ef2eca187 e01bf8b487b350d0 da445494edec38e1 e0d8da68f3bc6f38 fb6fc009ddd0f5b2 cbbd2e94c0f4d31c 34b14255d5b4149d b3850a4fac9608fc ed8adc193021025e 5d516fbff4238e3 2bd841e0223c1e6e d25d20ccb95a214a 389c5a2e19631df9 3b9f3c67d83237c7 918c5911e4749c0e fdd7ba070dfc5d33 e62e94faca28b33f ae9d4f4d3976f66e c77353a1f7baee0b c1e3a14bac750954 e5ebffc22da1e89b a55cd6a6f080f098 1cf5f9edad5f5363 db013bfee74077f1 d7c1688a82e1f9af 30414d13005e12a5 e79e8a96f4b76277 f7995c268b428911 8ba09bb6bf5ff320 b4175597a7daa939 331d324bf33f264d b29f196d2bb0b1be d38b5af7bebdce01 b1fcf44ee6b66f05 126720c386a88d42 c5665b44e49c0dbc cb527cc1e5f27bba ec9b08fdf7634f92 dbff5d4eddb99d84 c3ac193e32016441 a964b3d3a751da0f 850b7793b047223b e248867c05641122 acb5eb31c8b790d2 f8feb30d0bad3a50 11114b7231c162c5 fa78f397db47398a e6f473dabdc736a3 ef889968f377a6a4 cebee02ef805bf4c b5ccf5efea018cff dd7933a4b5b35408 adb9135425558f58 8f571c57ac3813d2 e1eb67dbe3860944 8db989cecd04ffb 190863ce8fa47b2f f32a84739832b4f3 50304effaf3cba9 8a9846d8fc061d0f 1438d2031e0b68bd 18ff3466fdc2cb4c f9c8e85b193bd6f2 37473fafa3977b3e a15a468a8e01ba5e a73d9150d0467415 f3ddef531b232ee6 a924e944de84d0ff aecb4514153835de 305b64c4d0627a95 aee74b9422a93468 37e16a46d9804e08 a9e2c89dddb290a9 5bc511e83ccf0a c1bd1d12d8ca1432 367ca4db383d2f57 2079fe61eb9fe5b0 c469f9e236d869ec ef159943e2371b73 cdd70123fae69ebd 31bf08a90f8f97a4 f1c6b3179240fb05 8d2799c220d4a1ec 306439903f9db43b d1deaf40bee6a26b dfbb4457a22aeca7 e1c8a0e2df064903 9deceb6e901f7de7 324a6a8f33a75023 12ad9926fda82fc6 8dc7adad94130b71 c7ba5b94b09a8494 ae42b45ac012183c d42523aeda67f4ba b02794f3c0a6208 fc1c7a449bdf7f42 f64773fdb9452da9 f54f8fb1d0419df2 ec211d350149ed4c ba8f1af5f16c09f6 c1ada7e8e2689132 e3b27e7e2fdeaaa7 214ab49dadcec51d 9037564f9e419973 ce20441ae2f85c85 10c721a3f3e9d4cd 122b6e41ef6af8b7 d263553da0fe77f2 14e84cc0e04bb25b cfb6ab13e32a76e0 8428eed22713bb01 875f6d5c221a0050 544773099113b92 c024f693d716186f f93018bf896d6602 227ea195c78463f0 9e9a7c5ffe748fef 7e1f5f2e2a39828 aa27fc1817ca951f 963f250e2a609787 8d042fafc8c27878 e08d0d979e211b00 c881b287372c2bc8 ffeea440f6cc32a5 14ed4da6d585e237 cb20dffe07bb1d7 d747e47cdd6f002d b2f4e2640ca0b23f ed1c6416ec353222 c9a43250bfa6f063 cc47a2a2c4644892 30997ab5fc9914b4 3c400518b96406b8 fdc84f4bfa3dad05 f6d6c1b98887a7ba c1ebae732e61ca00 289f7705b316c6d1 3b9e6e8c3fb3fdbe ee15c7be9f7638be d28cff90fd8a1cff 3d3e1abd16b53ec3 b62b77810e2b6e1c bb58b1b2b53e27b c209213e88b87711 96e3e52dc8f3a5d8 f4478853f83498bf ed0fd1a2997048 eb8d16203650a991 ae85425097d0f4fe 3a6a6547dfd49e73 96254804af725221 c7434720a5f77b67 5cc19dbc4aa8a55 f41cdc7601adac67 a7a527ce9bf161df e09bec34bb602396 bd0dcffdad7141a9 c962a389d4b8c8ab 9018ec41e4b2f7cc 92243975a9fe8fbd feb75868cd26bc3f 31d9b40bdb86dcfe 5856cbc0ed044aa dbf700e9c3fded80 1f84ca7f843cc524 930d09ce0dd0b4f4 d1cea274250a373b a946fc5fef040ab7 ] wstrb=[f3 ab 2e 2e 20 e5 8e 13 91 bc 42 b1 a1 d0 c4 32 8c 6 e3 2d d6 a8 60 62 ae 43 90 85 eb f0 e7 9a 33 77 1f 1f 67 6 b9 9b 7e d8 ba e5 de 73 80 5c 4b 3a 42 29 ad c2 86 f8 fd c8 22 aa 8a a8 a3 87 70 c5 32 fa 6d d5 82 dd 9a b4 d7 7 89 59 e4 23 d bb 2a 96 15 e b9 22 c9 e3 b9 de f1 72 1 bb 56 ba 99 47 2c 9a 2 82 54 9c ca 81 36 cc 3 8b 68 cd c 9f 9a f 2a 2 dd 36 a1 77 45 cb 79 22 1 1b 99 47 e6 13 69 e8 2e 3 2f 14 16 98 fc 44 9b 2b 58 b1 c4 55 f5 5f 80 4e 11 44 a3 6 a4 23 54 b5 68 f7 bb c 1b 10 c1 83 7 7c 8f 22 8c 50 a5 94 cc 34 b6 59 84 5c ed 51 90 a3 aa 15 ff 97 66 90 3a ] bresp=0 bid=1110
[4565000] SCOREBOARD MATCH: decode_err expected = 0, actual =0
[4565000] SCOREBOARD MATCH: slave_id expected = 0, actual =0
[4565000] SCOREBOARD MATCH: awaddr passthrough expected = 8ae85a8, actual =8ae85a8
[4565000] SCOREBOARD MATCH: awlen passthrough expected = 194, actual =194
[4565000] SCOREBOARD MATCH: awsize passthrough expected = 2, actual =2
[4565000] SCOREBOARD MATCH: awburst passthrough expected = 1, actual =1
[4565000] SCOREBOARD MATCH: wdata size check expected = c3, actual =c3
[4565000] SCOREBOARD MATCH: wdata passthrough beat=0 expected = fe57199ec8c2836a, actual =fe57199ec8c2836a
[4565000] SCOREBOARD MATCH: wdata passthrough beat=1 expected = 3335b95e279bfaf1, actual =3335b95e279bfaf1
[4565000] SCOREBOARD MATCH: wdata passthrough beat=2 expected = 8e738b3fdbc37c9, actual =8e738b3fdbc37c9
[4565000] SCOREBOARD MATCH: wdata passthrough beat=3 expected = c67ebb33d8292119, actual =c67ebb33d8292119
[4565000] SCOREBOARD MATCH: wdata passthrough beat=4 expected = ffc51c0a873e5251, actual =ffc51c0a873e5251
[4565000] SCOREBOARD MATCH: wdata passthrough beat=5 expected = 4fa8a1bf9b47491, actual =4fa8a1bf9b47491
[4565000] SCOREBOARD MATCH: wdata passthrough beat=6 expected = d1dd95ab88ac54bd, actual =d1dd95ab88ac54bd
[4565000] SCOREBOARD MATCH: wdata passthrough beat=7 expected = feaa70fcb79454e, actual =feaa70fcb79454e
[4565000] SCOREBOARD MATCH: wdata passthrough beat=8 expected = c52db9e0d1a2b1b5, actual =c52db9e0d1a2b1b5
[4565000] SCOREBOARD MATCH: wdata passthrough beat=9 expected = da4f067314e5312a, actual =da4f067314e5312a
[4565000] SCOREBOARD MATCH: wdata passthrough beat=10 expected = e05e7678170b4f8b, actual =e05e7678170b4f8b
[4565000] SCOREBOARD MATCH: wdata passthrough beat=11 expected = e8ae0140ea39ad82, actual =e8ae0140ea39ad82
[4565000] SCOREBOARD MATCH: wdata passthrough beat=12 expected = ff1edeaca58c3058, actual =ff1edeaca58c3058
[4565000] SCOREBOARD MATCH: wdata passthrough beat=13 expected = bc977fe3c2fd07b3, actual =bc977fe3c2fd07b3
[4565000] SCOREBOARD MATCH: wdata passthrough beat=14 expected = ad36b535df7d5524, actual =ad36b535df7d5524
[4565000] SCOREBOARD MATCH: wdata passthrough beat=15 expected = 509857d25458124, actual =509857d25458124
[4565000] SCOREBOARD MATCH: wdata passthrough beat=16 expected = e84288d7ac5593e1, actual =e84288d7ac5593e1
[4565000] SCOREBOARD MATCH: wdata passthrough beat=17 expected = bd2e906c1a10560, actual =bd2e906c1a10560
[4565000] SCOREBOARD MATCH: wdata passthrough beat=18 expected = e6e6868415793e0d, actual =e6e6868415793e0d
[4565000] SCOREBOARD MATCH: wdata passthrough beat=19 expected = c1ced1ee10dc6e83, actual =c1ced1ee10dc6e83
[4565000] SCOREBOARD MATCH: wdata passthrough beat=20 expected = d27d73e3cf290f5c, actual =d27d73e3cf290f5c
[4565000] SCOREBOARD MATCH: wdata passthrough beat=21 expected = e4a24d69cda1baf4, actual =e4a24d69cda1baf4
[4565000] SCOREBOARD MATCH: wdata passthrough beat=22 expected = de7e29773963fa68, actual =de7e29773963fa68
[4565000] SCOREBOARD MATCH: wdata passthrough beat=23 expected = 88d09c4a6711f57, actual =88d09c4a6711f57
[4565000] SCOREBOARD MATCH: wdata passthrough beat=24 expected = f412da4c30fb9d5b, actual =f412da4c30fb9d5b
[4565000] SCOREBOARD MATCH: wdata passthrough beat=25 expected = ea5f97c3ed2f572d, actual =ea5f97c3ed2f572d
[4565000] SCOREBOARD MATCH: wdata passthrough beat=26 expected = 93a07684d29103c3, actual =93a07684d29103c3
[4565000] SCOREBOARD MATCH: wdata passthrough beat=27 expected = 838ca11ef2eca187, actual =838ca11ef2eca187
[4565000] SCOREBOARD MATCH: wdata passthrough beat=28 expected = e01bf8b487b350d0, actual =e01bf8b487b350d0
[4565000] SCOREBOARD MATCH: wdata passthrough beat=29 expected = da445494edec38e1, actual =da445494edec38e1
[4565000] SCOREBOARD MATCH: wdata passthrough beat=30 expected = e0d8da68f3bc6f38, actual =e0d8da68f3bc6f38
[4565000] SCOREBOARD MATCH: wdata passthrough beat=31 expected = fb6fc009ddd0f5b2, actual =fb6fc009ddd0f5b2
[4565000] SCOREBOARD MATCH: wdata passthrough beat=32 expected = cbbd2e94c0f4d31c, actual =cbbd2e94c0f4d31c
[4565000] SCOREBOARD MATCH: wdata passthrough beat=33 expected = 34b14255d5b4149d, actual =34b14255d5b4149d
[4565000] SCOREBOARD MATCH: wdata passthrough beat=34 expected = b3850a4fac9608fc, actual =b3850a4fac9608fc
[4565000] SCOREBOARD MATCH: wdata passthrough beat=35 expected = ed8adc193021025e, actual =ed8adc193021025e
[4565000] SCOREBOARD MATCH: wdata passthrough beat=36 expected = 5d516fbff4238e3, actual =5d516fbff4238e3
[4565000] SCOREBOARD MATCH: wdata passthrough beat=37 expected = 2bd841e0223c1e6e, actual =2bd841e0223c1e6e
[4565000] SCOREBOARD MATCH: wdata passthrough beat=38 expected = d25d20ccb95a214a, actual =d25d20ccb95a214a
[4565000] SCOREBOARD MATCH: wdata passthrough beat=39 expected = 389c5a2e19631df9, actual =389c5a2e19631df9
[4565000] SCOREBOARD MATCH: wdata passthrough beat=40 expected = 3b9f3c67d83237c7, actual =3b9f3c67d83237c7
[4565000] SCOREBOARD MATCH: wdata passthrough beat=41 expected = 918c5911e4749c0e, actual =918c5911e4749c0e
[4565000] SCOREBOARD MATCH: wdata passthrough beat=42 expected = fdd7ba070dfc5d33, actual =fdd7ba070dfc5d33
[4565000] SCOREBOARD MATCH: wdata passthrough beat=43 expected = e62e94faca28b33f, actual =e62e94faca28b33f
[4565000] SCOREBOARD MATCH: wdata passthrough beat=44 expected = ae9d4f4d3976f66e, actual =ae9d4f4d3976f66e
[4565000] SCOREBOARD MATCH: wdata passthrough beat=45 expected = c77353a1f7baee0b, actual =c77353a1f7baee0b
[4565000] SCOREBOARD MATCH: wdata passthrough beat=46 expected = c1e3a14bac750954, actual =c1e3a14bac750954
[4565000] SCOREBOARD MATCH: wdata passthrough beat=47 expected = e5ebffc22da1e89b, actual =e5ebffc22da1e89b
[4565000] SCOREBOARD MATCH: wdata passthrough beat=48 expected = a55cd6a6f080f098, actual =a55cd6a6f080f098
[4565000] SCOREBOARD MATCH: wdata passthrough beat=49 expected = 1cf5f9edad5f5363, actual =1cf5f9edad5f5363
[4565000] SCOREBOARD MATCH: wdata passthrough beat=50 expected = db013bfee74077f1, actual =db013bfee74077f1
[4565000] SCOREBOARD MATCH: wdata passthrough beat=51 expected = d7c1688a82e1f9af, actual =d7c1688a82e1f9af
[4565000] SCOREBOARD MATCH: wdata passthrough beat=52 expected = 30414d13005e12a5, actual =30414d13005e12a5
[4565000] SCOREBOARD MATCH: wdata passthrough beat=53 expected = e79e8a96f4b76277, actual =e79e8a96f4b76277
[4565000] SCOREBOARD MATCH: wdata passthrough beat=54 expected = f7995c268b428911, actual =f7995c268b428911
[4565000] SCOREBOARD MATCH: wdata passthrough beat=55 expected = 8ba09bb6bf5ff320, actual =8ba09bb6bf5ff320
[4565000] SCOREBOARD MATCH: wdata passthrough beat=56 expected = b4175597a7daa939, actual =b4175597a7daa939
[4565000] SCOREBOARD MATCH: wdata passthrough beat=57 expected = 331d324bf33f264d, actual =331d324bf33f264d
[4565000] SCOREBOARD MATCH: wdata passthrough beat=58 expected = b29f196d2bb0b1be, actual =b29f196d2bb0b1be
[4565000] SCOREBOARD MATCH: wdata passthrough beat=59 expected = d38b5af7bebdce01, actual =d38b5af7bebdce01
[4565000] SCOREBOARD MATCH: wdata passthrough beat=60 expected = b1fcf44ee6b66f05, actual =b1fcf44ee6b66f05
[4565000] SCOREBOARD MATCH: wdata passthrough beat=61 expected = 126720c386a88d42, actual =126720c386a88d42
[4565000] SCOREBOARD MATCH: wdata passthrough beat=62 expected = c5665b44e49c0dbc, actual =c5665b44e49c0dbc
[4565000] SCOREBOARD MATCH: wdata passthrough beat=63 expected = cb527cc1e5f27bba, actual =cb527cc1e5f27bba
[4565000] SCOREBOARD MATCH: wdata passthrough beat=64 expected = ec9b08fdf7634f92, actual =ec9b08fdf7634f92
[4565000] SCOREBOARD MATCH: wdata passthrough beat=65 expected = dbff5d4eddb99d84, actual =dbff5d4eddb99d84
[4565000] SCOREBOARD MATCH: wdata passthrough beat=66 expected = c3ac193e32016441, actual =c3ac193e32016441
[4565000] SCOREBOARD MATCH: wdata passthrough beat=67 expected = a964b3d3a751da0f, actual =a964b3d3a751da0f
[4565000] SCOREBOARD MATCH: wdata passthrough beat=68 expected = 850b7793b047223b, actual =850b7793b047223b
[4565000] SCOREBOARD MATCH: wdata passthrough beat=69 expected = e248867c05641122, actual =e248867c05641122
[4565000] SCOREBOARD MATCH: wdata passthrough beat=70 expected = acb5eb31c8b790d2, actual =acb5eb31c8b790d2
[4565000] SCOREBOARD MATCH: wdata passthrough beat=71 expected = f8feb30d0bad3a50, actual =f8feb30d0bad3a50
[4565000] SCOREBOARD MATCH: wdata passthrough beat=72 expected = 11114b7231c162c5, actual =11114b7231c162c5
[4565000] SCOREBOARD MATCH: wdata passthrough beat=73 expected = fa78f397db47398a, actual =fa78f397db47398a
[4565000] SCOREBOARD MATCH: wdata passthrough beat=74 expected = e6f473dabdc736a3, actual =e6f473dabdc736a3
[4565000] SCOREBOARD MATCH: wdata passthrough beat=75 expected = ef889968f377a6a4, actual =ef889968f377a6a4
[4565000] SCOREBOARD MATCH: wdata passthrough beat=76 expected = cebee02ef805bf4c, actual =cebee02ef805bf4c
[4565000] SCOREBOARD MATCH: wdata passthrough beat=77 expected = b5ccf5efea018cff, actual =b5ccf5efea018cff
[4565000] SCOREBOARD MATCH: wdata passthrough beat=78 expected = dd7933a4b5b35408, actual =dd7933a4b5b35408
[4565000] SCOREBOARD MATCH: wdata passthrough beat=79 expected = adb9135425558f58, actual =adb9135425558f58
[4565000] SCOREBOARD MATCH: wdata passthrough beat=80 expected = 8f571c57ac3813d2, actual =8f571c57ac3813d2
[4565000] SCOREBOARD MATCH: wdata passthrough beat=81 expected = e1eb67dbe3860944, actual =e1eb67dbe3860944
[4565000] SCOREBOARD MATCH: wdata passthrough beat=82 expected = 8db989cecd04ffb, actual =8db989cecd04ffb
[4565000] SCOREBOARD MATCH: wdata passthrough beat=83 expected = 190863ce8fa47b2f, actual =190863ce8fa47b2f
[4565000] SCOREBOARD MATCH: wdata passthrough beat=84 expected = f32a84739832b4f3, actual =f32a84739832b4f3
[4565000] SCOREBOARD MATCH: wdata passthrough beat=85 expected = 50304effaf3cba9, actual =50304effaf3cba9
[4565000] SCOREBOARD MATCH: wdata passthrough beat=86 expected = 8a9846d8fc061d0f, actual =8a9846d8fc061d0f
[4565000] SCOREBOARD MATCH: wdata passthrough beat=87 expected = 1438d2031e0b68bd, actual =1438d2031e0b68bd
[4565000] SCOREBOARD MATCH: wdata passthrough beat=88 expected = 18ff3466fdc2cb4c, actual =18ff3466fdc2cb4c
[4565000] SCOREBOARD MATCH: wdata passthrough beat=89 expected = f9c8e85b193bd6f2, actual =f9c8e85b193bd6f2
[4565000] SCOREBOARD MATCH: wdata passthrough beat=90 expected = 37473fafa3977b3e, actual =37473fafa3977b3e
[4565000] SCOREBOARD MATCH: wdata passthrough beat=91 expected = a15a468a8e01ba5e, actual =a15a468a8e01ba5e
[4565000] SCOREBOARD MATCH: wdata passthrough beat=92 expected = a73d9150d0467415, actual =a73d9150d0467415
[4565000] SCOREBOARD MATCH: wdata passthrough beat=93 expected = f3ddef531b232ee6, actual =f3ddef531b232ee6
[4565000] SCOREBOARD MATCH: wdata passthrough beat=94 expected = a924e944de84d0ff, actual =a924e944de84d0ff
[4565000] SCOREBOARD MATCH: wdata passthrough beat=95 expected = aecb4514153835de, actual =aecb4514153835de
[4565000] SCOREBOARD MATCH: wdata passthrough beat=96 expected = 305b64c4d0627a95, actual =305b64c4d0627a95
[4565000] SCOREBOARD MATCH: wdata passthrough beat=97 expected = aee74b9422a93468, actual =aee74b9422a93468
[4565000] SCOREBOARD MATCH: wdata passthrough beat=98 expected = 37e16a46d9804e08, actual =37e16a46d9804e08
[4565000] SCOREBOARD MATCH: wdata passthrough beat=99 expected = a9e2c89dddb290a9, actual =a9e2c89dddb290a9
[4565000] SCOREBOARD MATCH: wdata passthrough beat=100 expected = 5bc511e83ccf0a, actual =5bc511e83ccf0a
[4565000] SCOREBOARD MATCH: wdata passthrough beat=101 expected = c1bd1d12d8ca1432, actual =c1bd1d12d8ca1432
[4565000] SCOREBOARD MATCH: wdata passthrough beat=102 expected = 367ca4db383d2f57, actual =367ca4db383d2f57
[4565000] SCOREBOARD MATCH: wdata passthrough beat=103 expected = 2079fe61eb9fe5b0, actual =2079fe61eb9fe5b0
[4565000] SCOREBOARD MATCH: wdata passthrough beat=104 expected = c469f9e236d869ec, actual =c469f9e236d869ec
[4565000] SCOREBOARD MATCH: wdata passthrough beat=105 expected = ef159943e2371b73, actual =ef159943e2371b73
[4565000] SCOREBOARD MATCH: wdata passthrough beat=106 expected = cdd70123fae69ebd, actual =cdd70123fae69ebd
[4565000] SCOREBOARD MATCH: wdata passthrough beat=107 expected = 31bf08a90f8f97a4, actual =31bf08a90f8f97a4
[4565000] SCOREBOARD MATCH: wdata passthrough beat=108 expected = f1c6b3179240fb05, actual =f1c6b3179240fb05
[4565000] SCOREBOARD MATCH: wdata passthrough beat=109 expected = 8d2799c220d4a1ec, actual =8d2799c220d4a1ec
[4565000] SCOREBOARD MATCH: wdata passthrough beat=110 expected = 306439903f9db43b, actual =306439903f9db43b
[4565000] SCOREBOARD MATCH: wdata passthrough beat=111 expected = d1deaf40bee6a26b, actual =d1deaf40bee6a26b
[4565000] SCOREBOARD MATCH: wdata passthrough beat=112 expected = dfbb4457a22aeca7, actual =dfbb4457a22aeca7
[4565000] SCOREBOARD MATCH: wdata passthrough beat=113 expected = e1c8a0e2df064903, actual =e1c8a0e2df064903
[4565000] SCOREBOARD MATCH: wdata passthrough beat=114 expected = 9deceb6e901f7de7, actual =9deceb6e901f7de7
[4565000] SCOREBOARD MATCH: wdata passthrough beat=115 expected = 324a6a8f33a75023, actual =324a6a8f33a75023
[4565000] SCOREBOARD MATCH: wdata passthrough beat=116 expected = 12ad9926fda82fc6, actual =12ad9926fda82fc6
[4565000] SCOREBOARD MATCH: wdata passthrough beat=117 expected = 8dc7adad94130b71, actual =8dc7adad94130b71
[4565000] SCOREBOARD MATCH: wdata passthrough beat=118 expected = c7ba5b94b09a8494, actual =c7ba5b94b09a8494
[4565000] SCOREBOARD MATCH: wdata passthrough beat=119 expected = ae42b45ac012183c, actual =ae42b45ac012183c
[4565000] SCOREBOARD MATCH: wdata passthrough beat=120 expected = d42523aeda67f4ba, actual =d42523aeda67f4ba
[4565000] SCOREBOARD MATCH: wdata passthrough beat=121 expected = b02794f3c0a6208, actual =b02794f3c0a6208
[4565000] SCOREBOARD MATCH: wdata passthrough beat=122 expected = fc1c7a449bdf7f42, actual =fc1c7a449bdf7f42
[4565000] SCOREBOARD MATCH: wdata passthrough beat=123 expected = f64773fdb9452da9, actual =f64773fdb9452da9
[4565000] SCOREBOARD MATCH: wdata passthrough beat=124 expected = f54f8fb1d0419df2, actual =f54f8fb1d0419df2
[4565000] SCOREBOARD MATCH: wdata passthrough beat=125 expected = ec211d350149ed4c, actual =ec211d350149ed4c
[4565000] SCOREBOARD MATCH: wdata passthrough beat=126 expected = ba8f1af5f16c09f6, actual =ba8f1af5f16c09f6
[4565000] SCOREBOARD MATCH: wdata passthrough beat=127 expected = c1ada7e8e2689132, actual =c1ada7e8e2689132
[4565000] SCOREBOARD MATCH: wdata passthrough beat=128 expected = e3b27e7e2fdeaaa7, actual =e3b27e7e2fdeaaa7
[4565000] SCOREBOARD MATCH: wdata passthrough beat=129 expected = 214ab49dadcec51d, actual =214ab49dadcec51d
[4565000] SCOREBOARD MATCH: wdata passthrough beat=130 expected = 9037564f9e419973, actual =9037564f9e419973
[4565000] SCOREBOARD MATCH: wdata passthrough beat=131 expected = ce20441ae2f85c85, actual =ce20441ae2f85c85
[4565000] SCOREBOARD MATCH: wdata passthrough beat=132 expected = 10c721a3f3e9d4cd, actual =10c721a3f3e9d4cd
[4565000] SCOREBOARD MATCH: wdata passthrough beat=133 expected = 122b6e41ef6af8b7, actual =122b6e41ef6af8b7
[4565000] SCOREBOARD MATCH: wdata passthrough beat=134 expected = d263553da0fe77f2, actual =d263553da0fe77f2
[4565000] SCOREBOARD MATCH: wdata passthrough beat=135 expected = 14e84cc0e04bb25b, actual =14e84cc0e04bb25b
[4565000] SCOREBOARD MATCH: wdata passthrough beat=136 expected = cfb6ab13e32a76e0, actual =cfb6ab13e32a76e0
[4565000] SCOREBOARD MATCH: wdata passthrough beat=137 expected = 8428eed22713bb01, actual =8428eed22713bb01
[4565000] SCOREBOARD MATCH: wdata passthrough beat=138 expected = 875f6d5c221a0050, actual =875f6d5c221a0050
[4565000] SCOREBOARD MATCH: wdata passthrough beat=139 expected = 544773099113b92, actual =544773099113b92
[4565000] SCOREBOARD MATCH: wdata passthrough beat=140 expected = c024f693d716186f, actual =c024f693d716186f
[4565000] SCOREBOARD MATCH: wdata passthrough beat=141 expected = f93018bf896d6602, actual =f93018bf896d6602
[4565000] SCOREBOARD MATCH: wdata passthrough beat=142 expected = 227ea195c78463f0, actual =227ea195c78463f0
[4565000] SCOREBOARD MATCH: wdata passthrough beat=143 expected = 9e9a7c5ffe748fef, actual =9e9a7c5ffe748fef
[4565000] SCOREBOARD MATCH: wdata passthrough beat=144 expected = 7e1f5f2e2a39828, actual =7e1f5f2e2a39828
[4565000] SCOREBOARD MATCH: wdata passthrough beat=145 expected = aa27fc1817ca951f, actual =aa27fc1817ca951f
[4565000] SCOREBOARD MATCH: wdata passthrough beat=146 expected = 963f250e2a609787, actual =963f250e2a609787
[4565000] SCOREBOARD MATCH: wdata passthrough beat=147 expected = 8d042fafc8c27878, actual =8d042fafc8c27878
[4565000] SCOREBOARD MATCH: wdata passthrough beat=148 expected = e08d0d979e211b00, actual =e08d0d979e211b00
[4565000] SCOREBOARD MATCH: wdata passthrough beat=149 expected = c881b287372c2bc8, actual =c881b287372c2bc8
[4565000] SCOREBOARD MATCH: wdata passthrough beat=150 expected = ffeea440f6cc32a5, actual =ffeea440f6cc32a5
[4565000] SCOREBOARD MATCH: wdata passthrough beat=151 expected = 14ed4da6d585e237, actual =14ed4da6d585e237
[4565000] SCOREBOARD MATCH: wdata passthrough beat=152 expected = cb20dffe07bb1d7, actual =cb20dffe07bb1d7
[4565000] SCOREBOARD MATCH: wdata passthrough beat=153 expected = d747e47cdd6f002d, actual =d747e47cdd6f002d
[4565000] SCOREBOARD MATCH: wdata passthrough beat=154 expected = b2f4e2640ca0b23f, actual =b2f4e2640ca0b23f
[4565000] SCOREBOARD MATCH: wdata passthrough beat=155 expected = ed1c6416ec353222, actual =ed1c6416ec353222
[4565000] SCOREBOARD MATCH: wdata passthrough beat=156 expected = c9a43250bfa6f063, actual =c9a43250bfa6f063
[4565000] SCOREBOARD MATCH: wdata passthrough beat=157 expected = cc47a2a2c4644892, actual =cc47a2a2c4644892
[4565000] SCOREBOARD MATCH: wdata passthrough beat=158 expected = 30997ab5fc9914b4, actual =30997ab5fc9914b4
[4565000] SCOREBOARD MATCH: wdata passthrough beat=159 expected = 3c400518b96406b8, actual =3c400518b96406b8
[4565000] SCOREBOARD MATCH: wdata passthrough beat=160 expected = fdc84f4bfa3dad05, actual =fdc84f4bfa3dad05
[4565000] SCOREBOARD MATCH: wdata passthrough beat=161 expected = f6d6c1b98887a7ba, actual =f6d6c1b98887a7ba
[4565000] SCOREBOARD MATCH: wdata passthrough beat=162 expected = c1ebae732e61ca00, actual =c1ebae732e61ca00
[4565000] SCOREBOARD MATCH: wdata passthrough beat=163 expected = 289f7705b316c6d1, actual =289f7705b316c6d1
[4565000] SCOREBOARD MATCH: wdata passthrough beat=164 expected = 3b9e6e8c3fb3fdbe, actual =3b9e6e8c3fb3fdbe
[4565000] SCOREBOARD MATCH: wdata passthrough beat=165 expected = ee15c7be9f7638be, actual =ee15c7be9f7638be
[4565000] SCOREBOARD MATCH: wdata passthrough beat=166 expected = d28cff90fd8a1cff, actual =d28cff90fd8a1cff
[4565000] SCOREBOARD MATCH: wdata passthrough beat=167 expected = 3d3e1abd16b53ec3, actual =3d3e1abd16b53ec3
[4565000] SCOREBOARD MATCH: wdata passthrough beat=168 expected = b62b77810e2b6e1c, actual =b62b77810e2b6e1c
[4565000] SCOREBOARD MATCH: wdata passthrough beat=169 expected = bb58b1b2b53e27b, actual =bb58b1b2b53e27b
[4565000] SCOREBOARD MATCH: wdata passthrough beat=170 expected = c209213e88b87711, actual =c209213e88b87711
[4565000] SCOREBOARD MATCH: wdata passthrough beat=171 expected = 96e3e52dc8f3a5d8, actual =96e3e52dc8f3a5d8
[4565000] SCOREBOARD MATCH: wdata passthrough beat=172 expected = f4478853f83498bf, actual =f4478853f83498bf
[4565000] SCOREBOARD MATCH: wdata passthrough beat=173 expected = ed0fd1a2997048, actual =ed0fd1a2997048
[4565000] SCOREBOARD MATCH: wdata passthrough beat=174 expected = eb8d16203650a991, actual =eb8d16203650a991
[4565000] SCOREBOARD MATCH: wdata passthrough beat=175 expected = ae85425097d0f4fe, actual =ae85425097d0f4fe
[4565000] SCOREBOARD MATCH: wdata passthrough beat=176 expected = 3a6a6547dfd49e73, actual =3a6a6547dfd49e73
[4565000] SCOREBOARD MATCH: wdata passthrough beat=177 expected = 96254804af725221, actual =96254804af725221
[4565000] SCOREBOARD MATCH: wdata passthrough beat=178 expected = c7434720a5f77b67, actual =c7434720a5f77b67
[4565000] SCOREBOARD MATCH: wdata passthrough beat=179 expected = 5cc19dbc4aa8a55, actual =5cc19dbc4aa8a55
[4565000] SCOREBOARD MATCH: wdata passthrough beat=180 expected = f41cdc7601adac67, actual =f41cdc7601adac67
[4565000] SCOREBOARD MATCH: wdata passthrough beat=181 expected = a7a527ce9bf161df, actual =a7a527ce9bf161df
[4565000] SCOREBOARD MATCH: wdata passthrough beat=182 expected = e09bec34bb602396, actual =e09bec34bb602396
[4565000] SCOREBOARD MATCH: wdata passthrough beat=183 expected = bd0dcffdad7141a9, actual =bd0dcffdad7141a9
[4565000] SCOREBOARD MATCH: wdata passthrough beat=184 expected = c962a389d4b8c8ab, actual =c962a389d4b8c8ab
[4565000] SCOREBOARD MATCH: wdata passthrough beat=185 expected = 9018ec41e4b2f7cc, actual =9018ec41e4b2f7cc
[4565000] SCOREBOARD MATCH: wdata passthrough beat=186 expected = 92243975a9fe8fbd, actual =92243975a9fe8fbd
[4565000] SCOREBOARD MATCH: wdata passthrough beat=187 expected = feb75868cd26bc3f, actual =feb75868cd26bc3f
[4565000] SCOREBOARD MATCH: wdata passthrough beat=188 expected = 31d9b40bdb86dcfe, actual =31d9b40bdb86dcfe
[4565000] SCOREBOARD MATCH: wdata passthrough beat=189 expected = 5856cbc0ed044aa, actual =5856cbc0ed044aa
[4565000] SCOREBOARD MATCH: wdata passthrough beat=190 expected = dbf700e9c3fded80, actual =dbf700e9c3fded80
[4565000] SCOREBOARD MATCH: wdata passthrough beat=191 expected = 1f84ca7f843cc524, actual =1f84ca7f843cc524
[4565000] SCOREBOARD MATCH: wdata passthrough beat=192 expected = 930d09ce0dd0b4f4, actual =930d09ce0dd0b4f4
[4565000] SCOREBOARD MATCH: wdata passthrough beat=193 expected = d1cea274250a373b, actual =d1cea274250a373b
[4565000] SCOREBOARD MATCH: wdata passthrough beat=194 expected = a946fc5fef040ab7, actual =a946fc5fef040ab7
[4565000] SCOREBOARD MATCH: wstrb size check expected = c3, actual =c3
[4565000] SCOREBOARD MATCH: wstrb passthrough beat=0 expected = f3, actual =f3
[4565000] SCOREBOARD MATCH: wstrb passthrough beat=1 expected = ab, actual =ab
[4565000] SCOREBOARD MATCH: wstrb passthrough beat=2 expected = 2e, actual =2e
[4565000] SCOREBOARD MATCH: wstrb passthrough beat=3 expected = 2e, actual =2e
[4565000] SCOREBOARD MATCH: wstrb passthrough beat=4 expected = 20, actual =20
[4565000] SCOREBOARD MATCH: wstrb passthrough beat=5 expected = e5, actual =e5
[4565000] SCOREBOARD MATCH: wstrb passthrough beat=6 expected = 8e, actual =8e
[4565000] SCOREBOARD MATCH: wstrb passthrough beat=7 expected = 13, actual =13
[4565000] SCOREBOARD MATCH: wstrb passthrough beat=8 expected = 91, actual =91
[4565000] SCOREBOARD MATCH: wstrb passthrough beat=9 expected = bc, actual =bc
[4565000] SCOREBOARD MATCH: wstrb passthrough beat=10 expected = 42, actual =42
[4565000] SCOREBOARD MATCH: wstrb passthrough beat=11 expected = b1, actual =b1
[4565000] SCOREBOARD MATCH: wstrb passthrough beat=12 expected = a1, actual =a1
[4565000] SCOREBOARD MATCH: wstrb passthrough beat=13 expected = d0, actual =d0
[4565000] SCOREBOARD MATCH: wstrb passthrough beat=14 expected = c4, actual =c4
[4565000] SCOREBOARD MATCH: wstrb passthrough beat=15 expected = 32, actual =32
[4565000] SCOREBOARD MATCH: wstrb passthrough beat=16 expected = 8c, actual =8c
[4565000] SCOREBOARD MATCH: wstrb passthrough beat=17 expected = 6, actual =6
[4565000] SCOREBOARD MATCH: wstrb passthrough beat=18 expected = e3, actual =e3
[4565000] SCOREBOARD MATCH: wstrb passthrough beat=19 expected = 2d, actual =2d
[4565000] SCOREBOARD MATCH: wstrb passthrough beat=20 expected = d6, actual =d6
[4565000] SCOREBOARD MATCH: wstrb passthrough beat=21 expected = a8, actual =a8
[4565000] SCOREBOARD MATCH: wstrb passthrough beat=22 expected = 60, actual =60
[4565000] SCOREBOARD MATCH: wstrb passthrough beat=23 expected = 62, actual =62
[4565000] SCOREBOARD MATCH: wstrb passthrough beat=24 expected = ae, actual =ae
[4565000] SCOREBOARD MATCH: wstrb passthrough beat=25 expected = 43, actual =43
[4565000] SCOREBOARD MATCH: wstrb passthrough beat=26 expected = 90, actual =90
[4565000] SCOREBOARD MATCH: wstrb passthrough beat=27 expected = 85, actual =85
[4565000] SCOREBOARD MATCH: wstrb passthrough beat=28 expected = eb, actual =eb
[4565000] SCOREBOARD MATCH: wstrb passthrough beat=29 expected = f0, actual =f0
[4565000] SCOREBOARD MATCH: wstrb passthrough beat=30 expected = e7, actual =e7
[4565000] SCOREBOARD MATCH: wstrb passthrough beat=31 expected = 9a, actual =9a
[4565000] SCOREBOARD MATCH: wstrb passthrough beat=32 expected = 33, actual =33
[4565000] SCOREBOARD MATCH: wstrb passthrough beat=33 expected = 77, actual =77
[4565000] SCOREBOARD MATCH: wstrb passthrough beat=34 expected = 1f, actual =1f
[4565000] SCOREBOARD MATCH: wstrb passthrough beat=35 expected = 1f, actual =1f
[4565000] SCOREBOARD MATCH: wstrb passthrough beat=36 expected = 67, actual =67
[4565000] SCOREBOARD MATCH: wstrb passthrough beat=37 expected = 6, actual =6
[4565000] SCOREBOARD MATCH: wstrb passthrough beat=38 expected = b9, actual =b9
[4565000] SCOREBOARD MATCH: wstrb passthrough beat=39 expected = 9b, actual =9b
[4565000] SCOREBOARD MATCH: wstrb passthrough beat=40 expected = 7e, actual =7e
[4565000] SCOREBOARD MATCH: wstrb passthrough beat=41 expected = d8, actual =d8
[4565000] SCOREBOARD MATCH: wstrb passthrough beat=42 expected = ba, actual =ba
[4565000] SCOREBOARD MATCH: wstrb passthrough beat=43 expected = e5, actual =e5
[4565000] SCOREBOARD MATCH: wstrb passthrough beat=44 expected = de, actual =de
[4565000] SCOREBOARD MATCH: wstrb passthrough beat=45 expected = 73, actual =73
[4565000] SCOREBOARD MATCH: wstrb passthrough beat=46 expected = 80, actual =80
[4565000] SCOREBOARD MATCH: wstrb passthrough beat=47 expected = 5c, actual =5c
[4565000] SCOREBOARD MATCH: wstrb passthrough beat=48 expected = 4b, actual =4b
[4565000] SCOREBOARD MATCH: wstrb passthrough beat=49 expected = 3a, actual =3a
[4565000] SCOREBOARD MATCH: wstrb passthrough beat=50 expected = 42, actual =42
[4565000] SCOREBOARD MATCH: wstrb passthrough beat=51 expected = 29, actual =29
[4565000] SCOREBOARD MATCH: wstrb passthrough beat=52 expected = ad, actual =ad
[4565000] SCOREBOARD MATCH: wstrb passthrough beat=53 expected = c2, actual =c2
[4565000] SCOREBOARD MATCH: wstrb passthrough beat=54 expected = 86, actual =86
[4565000] SCOREBOARD MATCH: wstrb passthrough beat=55 expected = f8, actual =f8
[4565000] SCOREBOARD MATCH: wstrb passthrough beat=56 expected = fd, actual =fd
[4565000] SCOREBOARD MATCH: wstrb passthrough beat=57 expected = c8, actual =c8
[4565000] SCOREBOARD MATCH: wstrb passthrough beat=58 expected = 22, actual =22
[4565000] SCOREBOARD MATCH: wstrb passthrough beat=59 expected = aa, actual =aa
[4565000] SCOREBOARD MATCH: wstrb passthrough beat=60 expected = 8a, actual =8a
[4565000] SCOREBOARD MATCH: wstrb passthrough beat=61 expected = a8, actual =a8
[4565000] SCOREBOARD MATCH: wstrb passthrough beat=62 expected = a3, actual =a3
[4565000] SCOREBOARD MATCH: wstrb passthrough beat=63 expected = 87, actual =87
[4565000] SCOREBOARD MATCH: wstrb passthrough beat=64 expected = 70, actual =70
[4565000] SCOREBOARD MATCH: wstrb passthrough beat=65 expected = c5, actual =c5
[4565000] SCOREBOARD MATCH: wstrb passthrough beat=66 expected = 32, actual =32
[4565000] SCOREBOARD MATCH: wstrb passthrough beat=67 expected = fa, actual =fa
[4565000] SCOREBOARD MATCH: wstrb passthrough beat=68 expected = 6d, actual =6d
[4565000] SCOREBOARD MATCH: wstrb passthrough beat=69 expected = d5, actual =d5
[4565000] SCOREBOARD MATCH: wstrb passthrough beat=70 expected = 82, actual =82
[4565000] SCOREBOARD MATCH: wstrb passthrough beat=71 expected = dd, actual =dd
[4565000] SCOREBOARD MATCH: wstrb passthrough beat=72 expected = 9a, actual =9a
[4565000] SCOREBOARD MATCH: wstrb passthrough beat=73 expected = b4, actual =b4
[4565000] SCOREBOARD MATCH: wstrb passthrough beat=74 expected = d7, actual =d7
[4565000] SCOREBOARD MATCH: wstrb passthrough beat=75 expected = 7, actual =7
[4565000] SCOREBOARD MATCH: wstrb passthrough beat=76 expected = 89, actual =89
[4565000] SCOREBOARD MATCH: wstrb passthrough beat=77 expected = 59, actual =59
[4565000] SCOREBOARD MATCH: wstrb passthrough beat=78 expected = e4, actual =e4
[4565000] SCOREBOARD MATCH: wstrb passthrough beat=79 expected = 23, actual =23
[4565000] SCOREBOARD MATCH: wstrb passthrough beat=80 expected = d, actual =d
[4565000] SCOREBOARD MATCH: wstrb passthrough beat=81 expected = bb, actual =bb
[4565000] SCOREBOARD MATCH: wstrb passthrough beat=82 expected = 2a, actual =2a
[4565000] SCOREBOARD MATCH: wstrb passthrough beat=83 expected = 96, actual =96
[4565000] SCOREBOARD MATCH: wstrb passthrough beat=84 expected = 15, actual =15
[4565000] SCOREBOARD MATCH: wstrb passthrough beat=85 expected = e, actual =e
[4565000] SCOREBOARD MATCH: wstrb passthrough beat=86 expected = b9, actual =b9
[4565000] SCOREBOARD MATCH: wstrb passthrough beat=87 expected = 22, actual =22
[4565000] SCOREBOARD MATCH: wstrb passthrough beat=88 expected = c9, actual =c9
[4565000] SCOREBOARD MATCH: wstrb passthrough beat=89 expected = e3, actual =e3
[4565000] SCOREBOARD MATCH: wstrb passthrough beat=90 expected = b9, actual =b9
[4565000] SCOREBOARD MATCH: wstrb passthrough beat=91 expected = de, actual =de
[4565000] SCOREBOARD MATCH: wstrb passthrough beat=92 expected = f1, actual =f1
[4565000] SCOREBOARD MATCH: wstrb passthrough beat=93 expected = 72, actual =72
[4565000] SCOREBOARD MATCH: wstrb passthrough beat=94 expected = 1, actual =1
[4565000] SCOREBOARD MATCH: wstrb passthrough beat=95 expected = bb, actual =bb
[4565000] SCOREBOARD MATCH: wstrb passthrough beat=96 expected = 56, actual =56
[4565000] SCOREBOARD MATCH: wstrb passthrough beat=97 expected = ba, actual =ba
[4565000] SCOREBOARD MATCH: wstrb passthrough beat=98 expected = 99, actual =99
[4565000] SCOREBOARD MATCH: wstrb passthrough beat=99 expected = 47, actual =47
[4565000] SCOREBOARD MATCH: wstrb passthrough beat=100 expected = 2c, actual =2c
[4565000] SCOREBOARD MATCH: wstrb passthrough beat=101 expected = 9a, actual =9a
[4565000] SCOREBOARD MATCH: wstrb passthrough beat=102 expected = 2, actual =2
[4565000] SCOREBOARD MATCH: wstrb passthrough beat=103 expected = 82, actual =82
[4565000] SCOREBOARD MATCH: wstrb passthrough beat=104 expected = 54, actual =54
[4565000] SCOREBOARD MATCH: wstrb passthrough beat=105 expected = 9c, actual =9c
[4565000] SCOREBOARD MATCH: wstrb passthrough beat=106 expected = ca, actual =ca
[4565000] SCOREBOARD MATCH: wstrb passthrough beat=107 expected = 81, actual =81
[4565000] SCOREBOARD MATCH: wstrb passthrough beat=108 expected = 36, actual =36
[4565000] SCOREBOARD MATCH: wstrb passthrough beat=109 expected = cc, actual =cc
[4565000] SCOREBOARD MATCH: wstrb passthrough beat=110 expected = 3, actual =3
[4565000] SCOREBOARD MATCH: wstrb passthrough beat=111 expected = 8b, actual =8b
[4565000] SCOREBOARD MATCH: wstrb passthrough beat=112 expected = 68, actual =68
[4565000] SCOREBOARD MATCH: wstrb passthrough beat=113 expected = cd, actual =cd
[4565000] SCOREBOARD MATCH: wstrb passthrough beat=114 expected = c, actual =c
[4565000] SCOREBOARD MATCH: wstrb passthrough beat=115 expected = 9f, actual =9f
[4565000] SCOREBOARD MATCH: wstrb passthrough beat=116 expected = 9a, actual =9a
[4565000] SCOREBOARD MATCH: wstrb passthrough beat=117 expected = f, actual =f
[4565000] SCOREBOARD MATCH: wstrb passthrough beat=118 expected = 2a, actual =2a
[4565000] SCOREBOARD MATCH: wstrb passthrough beat=119 expected = 2, actual =2
[4565000] SCOREBOARD MATCH: wstrb passthrough beat=120 expected = dd, actual =dd
[4565000] SCOREBOARD MATCH: wstrb passthrough beat=121 expected = 36, actual =36
[4565000] SCOREBOARD MATCH: wstrb passthrough beat=122 expected = a1, actual =a1
[4565000] SCOREBOARD MATCH: wstrb passthrough beat=123 expected = 77, actual =77
[4565000] SCOREBOARD MATCH: wstrb passthrough beat=124 expected = 45, actual =45
[4565000] SCOREBOARD MATCH: wstrb passthrough beat=125 expected = cb, actual =cb
[4565000] SCOREBOARD MATCH: wstrb passthrough beat=126 expected = 79, actual =79
[4565000] SCOREBOARD MATCH: wstrb passthrough beat=127 expected = 22, actual =22
[4565000] SCOREBOARD MATCH: wstrb passthrough beat=128 expected = 1, actual =1
[4565000] SCOREBOARD MATCH: wstrb passthrough beat=129 expected = 1b, actual =1b
[4565000] SCOREBOARD MATCH: wstrb passthrough beat=130 expected = 99, actual =99
[4565000] SCOREBOARD MATCH: wstrb passthrough beat=131 expected = 47, actual =47
[4565000] SCOREBOARD MATCH: wstrb passthrough beat=132 expected = e6, actual =e6
[4565000] SCOREBOARD MATCH: wstrb passthrough beat=133 expected = 13, actual =13
[4565000] SCOREBOARD MATCH: wstrb passthrough beat=134 expected = 69, actual =69
[4565000] SCOREBOARD MATCH: wstrb passthrough beat=135 expected = e8, actual =e8
[4565000] SCOREBOARD MATCH: wstrb passthrough beat=136 expected = 2e, actual =2e
[4565000] SCOREBOARD MATCH: wstrb passthrough beat=137 expected = 3, actual =3
[4565000] SCOREBOARD MATCH: wstrb passthrough beat=138 expected = 2f, actual =2f
[4565000] SCOREBOARD MATCH: wstrb passthrough beat=139 expected = 14, actual =14
[4565000] SCOREBOARD MATCH: wstrb passthrough beat=140 expected = 16, actual =16
[4565000] SCOREBOARD MATCH: wstrb passthrough beat=141 expected = 98, actual =98
[4565000] SCOREBOARD MATCH: wstrb passthrough beat=142 expected = fc, actual =fc
[4565000] SCOREBOARD MATCH: wstrb passthrough beat=143 expected = 44, actual =44
[4565000] SCOREBOARD MATCH: wstrb passthrough beat=144 expected = 9b, actual =9b
[4565000] SCOREBOARD MATCH: wstrb passthrough beat=145 expected = 2b, actual =2b
[4565000] SCOREBOARD MATCH: wstrb passthrough beat=146 expected = 58, actual =58
[4565000] SCOREBOARD MATCH: wstrb passthrough beat=147 expected = b1, actual =b1
[4565000] SCOREBOARD MATCH: wstrb passthrough beat=148 expected = c4, actual =c4
[4565000] SCOREBOARD MATCH: wstrb passthrough beat=149 expected = 55, actual =55
[4565000] SCOREBOARD MATCH: wstrb passthrough beat=150 expected = f5, actual =f5
[4565000] SCOREBOARD MATCH: wstrb passthrough beat=151 expected = 5f, actual =5f
[4565000] SCOREBOARD MATCH: wstrb passthrough beat=152 expected = 80, actual =80
[4565000] SCOREBOARD MATCH: wstrb passthrough beat=153 expected = 4e, actual =4e
[4565000] SCOREBOARD MATCH: wstrb passthrough beat=154 expected = 11, actual =11
[4565000] SCOREBOARD MATCH: wstrb passthrough beat=155 expected = 44, actual =44
[4565000] SCOREBOARD MATCH: wstrb passthrough beat=156 expected = a3, actual =a3
[4565000] SCOREBOARD MATCH: wstrb passthrough beat=157 expected = 6, actual =6
[4565000] SCOREBOARD MATCH: wstrb passthrough beat=158 expected = a4, actual =a4
[4565000] SCOREBOARD MATCH: wstrb passthrough beat=159 expected = 23, actual =23
[4565000] SCOREBOARD MATCH: wstrb passthrough beat=160 expected = 54, actual =54
[4565000] SCOREBOARD MATCH: wstrb passthrough beat=161 expected = b5, actual =b5
[4565000] SCOREBOARD MATCH: wstrb passthrough beat=162 expected = 68, actual =68
[4565000] SCOREBOARD MATCH: wstrb passthrough beat=163 expected = f7, actual =f7
[4565000] SCOREBOARD MATCH: wstrb passthrough beat=164 expected = bb, actual =bb
[4565000] SCOREBOARD MATCH: wstrb passthrough beat=165 expected = c, actual =c
[4565000] SCOREBOARD MATCH: wstrb passthrough beat=166 expected = 1b, actual =1b
[4565000] SCOREBOARD MATCH: wstrb passthrough beat=167 expected = 10, actual =10
[4565000] SCOREBOARD MATCH: wstrb passthrough beat=168 expected = c1, actual =c1
[4565000] SCOREBOARD MATCH: wstrb passthrough beat=169 expected = 83, actual =83
[4565000] SCOREBOARD MATCH: wstrb passthrough beat=170 expected = 7, actual =7
[4565000] SCOREBOARD MATCH: wstrb passthrough beat=171 expected = 7c, actual =7c
[4565000] SCOREBOARD MATCH: wstrb passthrough beat=172 expected = 8f, actual =8f
[4565000] SCOREBOARD MATCH: wstrb passthrough beat=173 expected = 22, actual =22
[4565000] SCOREBOARD MATCH: wstrb passthrough beat=174 expected = 8c, actual =8c
[4565000] SCOREBOARD MATCH: wstrb passthrough beat=175 expected = 50, actual =50
[4565000] SCOREBOARD MATCH: wstrb passthrough beat=176 expected = a5, actual =a5
[4565000] SCOREBOARD MATCH: wstrb passthrough beat=177 expected = 94, actual =94
[4565000] SCOREBOARD MATCH: wstrb passthrough beat=178 expected = cc, actual =cc
[4565000] SCOREBOARD MATCH: wstrb passthrough beat=179 expected = 34, actual =34
[4565000] SCOREBOARD MATCH: wstrb passthrough beat=180 expected = b6, actual =b6
[4565000] SCOREBOARD MATCH: wstrb passthrough beat=181 expected = 59, actual =59
[4565000] SCOREBOARD MATCH: wstrb passthrough beat=182 expected = 84, actual =84
[4565000] SCOREBOARD MATCH: wstrb passthrough beat=183 expected = 5c, actual =5c
[4565000] SCOREBOARD MATCH: wstrb passthrough beat=184 expected = ed, actual =ed
[4565000] SCOREBOARD MATCH: wstrb passthrough beat=185 expected = 51, actual =51
[4565000] SCOREBOARD MATCH: wstrb passthrough beat=186 expected = 90, actual =90
[4565000] SCOREBOARD MATCH: wstrb passthrough beat=187 expected = a3, actual =a3
[4565000] SCOREBOARD MATCH: wstrb passthrough beat=188 expected = aa, actual =aa
[4565000] SCOREBOARD MATCH: wstrb passthrough beat=189 expected = 15, actual =15
[4565000] SCOREBOARD MATCH: wstrb passthrough beat=190 expected = ff, actual =ff
[4565000] SCOREBOARD MATCH: wstrb passthrough beat=191 expected = 97, actual =97
[4565000] SCOREBOARD MATCH: wstrb passthrough beat=192 expected = 66, actual =66
[4565000] SCOREBOARD MATCH: wstrb passthrough beat=193 expected = 90, actual =90
[4565000] SCOREBOARD MATCH: wstrb passthrough beat=194 expected = 3a, actual =3a
[4565000] SCOREBOARD MATCH: bresp passthrough expected = 0, actual =0
[4565000] SCOREBOARD MATCH: response routed to correct master (write) expected = 0, actual =0
[4565000] [SCOREBOARD-M] mst_id=0 s_id=0 awaddr=8ae85a8 awid=1110 awlen=194 awsize=2 awburst=1 wdata=[fe57199ec8c2836a 3335b95e279bfaf1 8e738b3fdbc37c9 c67ebb33d8292119 ffc51c0a873e5251 4fa8a1bf9b47491 d1dd95ab88ac54bd feaa70fcb79454e c52db9e0d1a2b1b5 da4f067314e5312a e05e7678170b4f8b e8ae0140ea39ad82 ff1edeaca58c3058 bc977fe3c2fd07b3 ad36b535df7d5524 509857d25458124 e84288d7ac5593e1 bd2e906c1a10560 e6e6868415793e0d c1ced1ee10dc6e83 d27d73e3cf290f5c e4a24d69cda1baf4 de7e29773963fa68 88d09c4a6711f57 f412da4c30fb9d5b ea5f97c3ed2f572d 93a07684d29103c3 838ca11ef2eca187 e01bf8b487b350d0 da445494edec38e1 e0d8da68f3bc6f38 fb6fc009ddd0f5b2 cbbd2e94c0f4d31c 34b14255d5b4149d b3850a4fac9608fc ed8adc193021025e 5d516fbff4238e3 2bd841e0223c1e6e d25d20ccb95a214a 389c5a2e19631df9 3b9f3c67d83237c7 918c5911e4749c0e fdd7ba070dfc5d33 e62e94faca28b33f ae9d4f4d3976f66e c77353a1f7baee0b c1e3a14bac750954 e5ebffc22da1e89b a55cd6a6f080f098 1cf5f9edad5f5363 db013bfee74077f1 d7c1688a82e1f9af 30414d13005e12a5 e79e8a96f4b76277 f7995c268b428911 8ba09bb6bf5ff320 b4175597a7daa939 331d324bf33f264d b29f196d2bb0b1be d38b5af7bebdce01 b1fcf44ee6b66f05 126720c386a88d42 c5665b44e49c0dbc cb527cc1e5f27bba ec9b08fdf7634f92 dbff5d4eddb99d84 c3ac193e32016441 a964b3d3a751da0f 850b7793b047223b e248867c05641122 acb5eb31c8b790d2 f8feb30d0bad3a50 11114b7231c162c5 fa78f397db47398a e6f473dabdc736a3 ef889968f377a6a4 cebee02ef805bf4c b5ccf5efea018cff dd7933a4b5b35408 adb9135425558f58 8f571c57ac3813d2 e1eb67dbe3860944 8db989cecd04ffb 190863ce8fa47b2f f32a84739832b4f3 50304effaf3cba9 8a9846d8fc061d0f 1438d2031e0b68bd 18ff3466fdc2cb4c f9c8e85b193bd6f2 37473fafa3977b3e a15a468a8e01ba5e a73d9150d0467415 f3ddef531b232ee6 a924e944de84d0ff aecb4514153835de 305b64c4d0627a95 aee74b9422a93468 37e16a46d9804e08 a9e2c89dddb290a9 5bc511e83ccf0a c1bd1d12d8ca1432 367ca4db383d2f57 2079fe61eb9fe5b0 c469f9e236d869ec ef159943e2371b73 cdd70123fae69ebd 31bf08a90f8f97a4 f1c6b3179240fb05 8d2799c220d4a1ec 306439903f9db43b d1deaf40bee6a26b dfbb4457a22aeca7 e1c8a0e2df064903 9deceb6e901f7de7 324a6a8f33a75023 12ad9926fda82fc6 8dc7adad94130b71 c7ba5b94b09a8494 ae42b45ac012183c d42523aeda67f4ba b02794f3c0a6208 fc1c7a449bdf7f42 f64773fdb9452da9 f54f8fb1d0419df2 ec211d350149ed4c ba8f1af5f16c09f6 c1ada7e8e2689132 e3b27e7e2fdeaaa7 214ab49dadcec51d 9037564f9e419973 ce20441ae2f85c85 10c721a3f3e9d4cd 122b6e41ef6af8b7 d263553da0fe77f2 14e84cc0e04bb25b cfb6ab13e32a76e0 8428eed22713bb01 875f6d5c221a0050 544773099113b92 c024f693d716186f f93018bf896d6602 227ea195c78463f0 9e9a7c5ffe748fef 7e1f5f2e2a39828 aa27fc1817ca951f 963f250e2a609787 8d042fafc8c27878 e08d0d979e211b00 c881b287372c2bc8 ffeea440f6cc32a5 14ed4da6d585e237 cb20dffe07bb1d7 d747e47cdd6f002d b2f4e2640ca0b23f ed1c6416ec353222 c9a43250bfa6f063 cc47a2a2c4644892 30997ab5fc9914b4 3c400518b96406b8 fdc84f4bfa3dad05 f6d6c1b98887a7ba c1ebae732e61ca00 289f7705b316c6d1 3b9e6e8c3fb3fdbe ee15c7be9f7638be d28cff90fd8a1cff 3d3e1abd16b53ec3 b62b77810e2b6e1c bb58b1b2b53e27b c209213e88b87711 96e3e52dc8f3a5d8 f4478853f83498bf ed0fd1a2997048 eb8d16203650a991 ae85425097d0f4fe 3a6a6547dfd49e73 96254804af725221 c7434720a5f77b67 5cc19dbc4aa8a55 f41cdc7601adac67 a7a527ce9bf161df e09bec34bb602396 bd0dcffdad7141a9 c962a389d4b8c8ab 9018ec41e4b2f7cc 92243975a9fe8fbd feb75868cd26bc3f 31d9b40bdb86dcfe 5856cbc0ed044aa dbf700e9c3fded80 1f84ca7f843cc524 930d09ce0dd0b4f4 d1cea274250a373b a946fc5fef040ab7 ] wstrb=[f3 ab 2e 2e 20 e5 8e 13 91 bc 42 b1 a1 d0 c4 32 8c 6 e3 2d d6 a8 60 62 ae 43 90 85 eb f0 e7 9a 33 77 1f 1f 67 6 b9 9b 7e d8 ba e5 de 73 80 5c 4b 3a 42 29 ad c2 86 f8 fd c8 22 aa 8a a8 a3 87 70 c5 32 fa 6d d5 82 dd 9a b4 d7 7 89 59 e4 23 d bb 2a 96 15 e b9 22 c9 e3 b9 de f1 72 1 bb 56 ba 99 47 2c 9a 2 82 54 9c ca 81 36 cc 3 8b 68 cd c 9f 9a f 2a 2 dd 36 a1 77 45 cb 79 22 1 1b 99 47 e6 13 69 e8 2e 3 2f 14 16 98 fc 44 9b 2b 58 b1 c4 55 f5 5f 80 4e 11 44 a3 6 a4 23 54 b5 68 f7 bb c 1b 10 c1 83 7 7c 8f 22 8c 50 a5 94 cc 34 b6 59 84 5c ed 51 90 a3 aa 15 ff 97 66 90 3a ] bresp=0 bid=1110
[4565000] [SCOREBOARD-S] mst_id=0 s_id=0 awaddr=8ae85a8 awid=1110 awlen=194 awsize=2 awburst=1 wdata=[fe57199ec8c2836a 3335b95e279bfaf1 8e738b3fdbc37c9 c67ebb33d8292119 ffc51c0a873e5251 4fa8a1bf9b47491 d1dd95ab88ac54bd feaa70fcb79454e c52db9e0d1a2b1b5 da4f067314e5312a e05e7678170b4f8b e8ae0140ea39ad82 ff1edeaca58c3058 bc977fe3c2fd07b3 ad36b535df7d5524 509857d25458124 e84288d7ac5593e1 bd2e906c1a10560 e6e6868415793e0d c1ced1ee10dc6e83 d27d73e3cf290f5c e4a24d69cda1baf4 de7e29773963fa68 88d09c4a6711f57 f412da4c30fb9d5b ea5f97c3ed2f572d 93a07684d29103c3 838ca11ef2eca187 e01bf8b487b350d0 da445494edec38e1 e0d8da68f3bc6f38 fb6fc009ddd0f5b2 cbbd2e94c0f4d31c 34b14255d5b4149d b3850a4fac9608fc ed8adc193021025e 5d516fbff4238e3 2bd841e0223c1e6e d25d20ccb95a214a 389c5a2e19631df9 3b9f3c67d83237c7 918c5911e4749c0e fdd7ba070dfc5d33 e62e94faca28b33f ae9d4f4d3976f66e c77353a1f7baee0b c1e3a14bac750954 e5ebffc22da1e89b a55cd6a6f080f098 1cf5f9edad5f5363 db013bfee74077f1 d7c1688a82e1f9af 30414d13005e12a5 e79e8a96f4b76277 f7995c268b428911 8ba09bb6bf5ff320 b4175597a7daa939 331d324bf33f264d b29f196d2bb0b1be d38b5af7bebdce01 b1fcf44ee6b66f05 126720c386a88d42 c5665b44e49c0dbc cb527cc1e5f27bba ec9b08fdf7634f92 dbff5d4eddb99d84 c3ac193e32016441 a964b3d3a751da0f 850b7793b047223b e248867c05641122 acb5eb31c8b790d2 f8feb30d0bad3a50 11114b7231c162c5 fa78f397db47398a e6f473dabdc736a3 ef889968f377a6a4 cebee02ef805bf4c b5ccf5efea018cff dd7933a4b5b35408 adb9135425558f58 8f571c57ac3813d2 e1eb67dbe3860944 8db989cecd04ffb 190863ce8fa47b2f f32a84739832b4f3 50304effaf3cba9 8a9846d8fc061d0f 1438d2031e0b68bd 18ff3466fdc2cb4c f9c8e85b193bd6f2 37473fafa3977b3e a15a468a8e01ba5e a73d9150d0467415 f3ddef531b232ee6 a924e944de84d0ff aecb4514153835de 305b64c4d0627a95 aee74b9422a93468 37e16a46d9804e08 a9e2c89dddb290a9 5bc511e83ccf0a c1bd1d12d8ca1432 367ca4db383d2f57 2079fe61eb9fe5b0 c469f9e236d869ec ef159943e2371b73 cdd70123fae69ebd 31bf08a90f8f97a4 f1c6b3179240fb05 8d2799c220d4a1ec 306439903f9db43b d1deaf40bee6a26b dfbb4457a22aeca7 e1c8a0e2df064903 9deceb6e901f7de7 324a6a8f33a75023 12ad9926fda82fc6 8dc7adad94130b71 c7ba5b94b09a8494 ae42b45ac012183c d42523aeda67f4ba b02794f3c0a6208 fc1c7a449bdf7f42 f64773fdb9452da9 f54f8fb1d0419df2 ec211d350149ed4c ba8f1af5f16c09f6 c1ada7e8e2689132 e3b27e7e2fdeaaa7 214ab49dadcec51d 9037564f9e419973 ce20441ae2f85c85 10c721a3f3e9d4cd 122b6e41ef6af8b7 d263553da0fe77f2 14e84cc0e04bb25b cfb6ab13e32a76e0 8428eed22713bb01 875f6d5c221a0050 544773099113b92 c024f693d716186f f93018bf896d6602 227ea195c78463f0 9e9a7c5ffe748fef 7e1f5f2e2a39828 aa27fc1817ca951f 963f250e2a609787 8d042fafc8c27878 e08d0d979e211b00 c881b287372c2bc8 ffeea440f6cc32a5 14ed4da6d585e237 cb20dffe07bb1d7 d747e47cdd6f002d b2f4e2640ca0b23f ed1c6416ec353222 c9a43250bfa6f063 cc47a2a2c4644892 30997ab5fc9914b4 3c400518b96406b8 fdc84f4bfa3dad05 f6d6c1b98887a7ba c1ebae732e61ca00 289f7705b316c6d1 3b9e6e8c3fb3fdbe ee15c7be9f7638be d28cff90fd8a1cff 3d3e1abd16b53ec3 b62b77810e2b6e1c bb58b1b2b53e27b c209213e88b87711 96e3e52dc8f3a5d8 f4478853f83498bf ed0fd1a2997048 eb8d16203650a991 ae85425097d0f4fe 3a6a6547dfd49e73 96254804af725221 c7434720a5f77b67 5cc19dbc4aa8a55 f41cdc7601adac67 a7a527ce9bf161df e09bec34bb602396 bd0dcffdad7141a9 c962a389d4b8c8ab 9018ec41e4b2f7cc 92243975a9fe8fbd feb75868cd26bc3f 31d9b40bdb86dcfe 5856cbc0ed044aa dbf700e9c3fded80 1f84ca7f843cc524 930d09ce0dd0b4f4 d1cea274250a373b a946fc5fef040ab7 ] wstrb=[f3 ab 2e 2e 20 e5 8e 13 91 bc 42 b1 a1 d0 c4 32 8c 6 e3 2d d6 a8 60 62 ae 43 90 85 eb f0 e7 9a 33 77 1f 1f 67 6 b9 9b 7e d8 ba e5 de 73 80 5c 4b 3a 42 29 ad c2 86 f8 fd c8 22 aa 8a a8 a3 87 70 c5 32 fa 6d d5 82 dd 9a b4 d7 7 89 59 e4 23 d bb 2a 96 15 e b9 22 c9 e3 b9 de f1 72 1 bb 56 ba 99 47 2c 9a 2 82 54 9c ca 81 36 cc 3 8b 68 cd c 9f 9a f 2a 2 dd 36 a1 77 45 cb 79 22 1 1b 99 47 e6 13 69 e8 2e 3 2f 14 16 98 fc 44 9b 2b 58 b1 c4 55 f5 5f 80 4e 11 44 a3 6 a4 23 54 b5 68 f7 bb c 1b 10 c1 83 7 7c 8f 22 8c 50 a5 94 cc 34 b6 59 84 5c ed 51 90 a3 aa 15 ff 97 66 90 3a ] bresp=0 bid=1110
[4565000] SCOREBOARD: Transaction 3 received. pass=924 fail=0
[4565000] ALL PASS. Total transactions: 3
[4575000] AXI S0_WVALID_RDY HANDSHAKE
[4575000] S0 MEMORY WRITE beat=0 addr=043be028 data=b6263090bbd92d46 id=0e
[4575000] MASTER 0 W_VALID_RDY Handshake beat=1 wlast=0
[4585000] MASTER 0 W_VALID_RDY Handshake beat=2 wlast=0
[4585000] AXI S0_WVALID_RDY HANDSHAKE
[4585000] S0 MEMORY WRITE beat=1 addr=043be028 data=c5e1c0e0a3df4599 id=0e
[4595000] AXI S0_WVALID_RDY HANDSHAKE
[4595000] S0 MEMORY WRITE beat=2 addr=043be028 data=f7f9cda5db482ac4 id=0e
[4595000] MASTER 0 W_VALID_RDY Handshake beat=3 wlast=0
[4605000] MASTER 0 W_VALID_RDY Handshake beat=4 wlast=0
[4605000] AXI S0_WVALID_RDY HANDSHAKE
[4605000] S0 MEMORY WRITE beat=3 addr=043be028 data=1721580bee693ce6 id=0e
[4615000] AXI S0_WVALID_RDY HANDSHAKE
[4615000] S0 MEMORY WRITE beat=4 addr=043be028 data=9248827fae1ffe35 id=0e
[4615000] MASTER 0 W_VALID_RDY Handshake beat=5 wlast=0
[4625000] MASTER 0 W_VALID_RDY Handshake beat=6 wlast=0
[4625000] AXI S0_WVALID_RDY HANDSHAKE
[4625000] S0 MEMORY WRITE beat=5 addr=043be028 data=096828fadd0318eb id=0e
[4635000] AXI S0_WVALID_RDY HANDSHAKE
[4635000] S0 MEMORY WRITE beat=6 addr=043be028 data=cb6c55d18a425024 id=0e
[4635000] MASTER 0 W_VALID_RDY Handshake beat=7 wlast=0
[4645000] MASTER 0 W_VALID_RDY Handshake beat=8 wlast=0
[4645000] AXI S0_WVALID_RDY HANDSHAKE
[4645000] S0 MEMORY WRITE beat=7 addr=043be028 data=38624e5a20898105 id=0e
[4655000] AXI S0_WVALID_RDY HANDSHAKE
[4655000] S0 MEMORY WRITE beat=8 addr=043be028 data=fd8c99f0ddb4d851 id=0e
[4655000] MASTER 0 W_VALID_RDY Handshake beat=9 wlast=0
[4665000] MASTER 0 W_VALID_RDY Handshake beat=10 wlast=0
[4665000] AXI S0_WVALID_RDY HANDSHAKE
[4665000] S0 MEMORY WRITE beat=9 addr=043be028 data=e7f72875c1ca7754 id=0e
[4675000] AXI S0_WVALID_RDY HANDSHAKE
[4675000] S0 MEMORY WRITE beat=10 addr=043be028 data=e253f859c8f8efc2 id=0e
[4675000] MASTER 0 W_VALID_RDY Handshake beat=11 wlast=1
[4675000] MASTER_DRIVER0 received transaction, op=AXI_WRITE
[4685000] AXI S0_WVALID_RDY HANDSHAKE
[4685000] S0 MEMORY WRITE beat=11 addr=043be028 data=26adc813a05976cf id=0e
[4695000] SLAVE0 sent B resp, id=14
[4695000] [SLAVE MONITOR] mst_id=0 s_id=0 awaddr=43be028 awid=1110 awlen=11 awsize=4 awburst=0 wdata=[b6263090bbd92d46 c5e1c0e0a3df4599 f7f9cda5db482ac4 1721580bee693ce6 9248827fae1ffe35 96828fadd0318eb cb6c55d18a425024 38624e5a20898105 fd8c99f0ddb4d851 e7f72875c1ca7754 e253f859c8f8efc2 26adc813a05976cf ] wstrb=[49 23 88 b 7c 58 1e c6 7b a7 d1 f8 ] bresp=0 bid=1110
[4695000] MASTER 0 AW_VALID_RDY Handshake
[4705000] ARB MONITOR: slave=1 m0_req=1 m1_req=0 winner=0
[4705000] AXI S1_AWVALID_RDY HANDSHAKE
[4715000] MASTER 0 W_VALID_RDY Handshake beat=0 wlast=0
[4715000] MASTER 0 B_VALID_RDY Handshake
[4715000] [MASTER MONITOR] mst_id=0 s_id=0 awaddr=43be028 awid=1110 awlen=11 awsize=4 awburst=0 wdata=[b6263090bbd92d46 c5e1c0e0a3df4599 f7f9cda5db482ac4 1721580bee693ce6 9248827fae1ffe35 96828fadd0318eb cb6c55d18a425024 38624e5a20898105 fd8c99f0ddb4d851 e7f72875c1ca7754 e253f859c8f8efc2 26adc813a05976cf ] wstrb=[49 23 88 b 7c 58 1e c6 7b a7 d1 f8 ] bresp=0 bid=1110
[4715000] MASTER 0 RECEIVED BRESP. BRESP=0
[4715000] [MASTER DRIVER] mst_id=0 s_id=0 awaddr=43be028 awid=1110 awlen=11 awsize=4 awburst=0 wdata=[b6263090bbd92d46 c5e1c0e0a3df4599 f7f9cda5db482ac4 1721580bee693ce6 9248827fae1ffe35 96828fadd0318eb cb6c55d18a425024 38624e5a20898105 fd8c99f0ddb4d851 e7f72875c1ca7754 e253f859c8f8efc2 26adc813a05976cf ] wstrb=[49 23 88 b 7c 58 1e c6 7b a7 d1 f8 ] bresp=0 bid=1110
[4715000] SCOREBOARD MATCH: decode_err expected = 0, actual =0
[4715000] SCOREBOARD MATCH: slave_id expected = 0, actual =0
[4715000] SCOREBOARD MATCH: awaddr passthrough expected = 43be028, actual =43be028
[4715000] SCOREBOARD MATCH: awlen passthrough expected = 11, actual =11
[4715000] SCOREBOARD MATCH: awsize passthrough expected = 4, actual =4
[4715000] SCOREBOARD MATCH: awburst passthrough expected = 0, actual =0
[4715000] SCOREBOARD MATCH: wdata size check expected = c, actual =c
[4715000] SCOREBOARD MATCH: wdata passthrough beat=0 expected = b6263090bbd92d46, actual =b6263090bbd92d46
[4715000] SCOREBOARD MATCH: wdata passthrough beat=1 expected = c5e1c0e0a3df4599, actual =c5e1c0e0a3df4599
[4715000] SCOREBOARD MATCH: wdata passthrough beat=2 expected = f7f9cda5db482ac4, actual =f7f9cda5db482ac4
[4715000] SCOREBOARD MATCH: wdata passthrough beat=3 expected = 1721580bee693ce6, actual =1721580bee693ce6
[4715000] SCOREBOARD MATCH: wdata passthrough beat=4 expected = 9248827fae1ffe35, actual =9248827fae1ffe35
[4715000] SCOREBOARD MATCH: wdata passthrough beat=5 expected = 96828fadd0318eb, actual =96828fadd0318eb
[4715000] SCOREBOARD MATCH: wdata passthrough beat=6 expected = cb6c55d18a425024, actual =cb6c55d18a425024
[4715000] SCOREBOARD MATCH: wdata passthrough beat=7 expected = 38624e5a20898105, actual =38624e5a20898105
[4715000] SCOREBOARD MATCH: wdata passthrough beat=8 expected = fd8c99f0ddb4d851, actual =fd8c99f0ddb4d851
[4715000] SCOREBOARD MATCH: wdata passthrough beat=9 expected = e7f72875c1ca7754, actual =e7f72875c1ca7754
[4715000] SCOREBOARD MATCH: wdata passthrough beat=10 expected = e253f859c8f8efc2, actual =e253f859c8f8efc2
[4715000] SCOREBOARD MATCH: wdata passthrough beat=11 expected = 26adc813a05976cf, actual =26adc813a05976cf
[4715000] SCOREBOARD MATCH: wstrb size check expected = c, actual =c
[4715000] SCOREBOARD MATCH: wstrb passthrough beat=0 expected = 49, actual =49
[4715000] SCOREBOARD MATCH: wstrb passthrough beat=1 expected = 23, actual =23
[4715000] SCOREBOARD MATCH: wstrb passthrough beat=2 expected = 88, actual =88
[4715000] SCOREBOARD MATCH: wstrb passthrough beat=3 expected = b, actual =b
[4715000] SCOREBOARD MATCH: wstrb passthrough beat=4 expected = 7c, actual =7c
[4715000] SCOREBOARD MATCH: wstrb passthrough beat=5 expected = 58, actual =58
[4715000] SCOREBOARD MATCH: wstrb passthrough beat=6 expected = 1e, actual =1e
[4715000] SCOREBOARD MATCH: wstrb passthrough beat=7 expected = c6, actual =c6
[4715000] SCOREBOARD MATCH: wstrb passthrough beat=8 expected = 7b, actual =7b
[4715000] SCOREBOARD MATCH: wstrb passthrough beat=9 expected = a7, actual =a7
[4715000] SCOREBOARD MATCH: wstrb passthrough beat=10 expected = d1, actual =d1
[4715000] SCOREBOARD MATCH: wstrb passthrough beat=11 expected = f8, actual =f8
[4715000] SCOREBOARD MATCH: bresp passthrough expected = 0, actual =0
[4715000] SCOREBOARD MATCH: response routed to correct master (write) expected = 0, actual =0
[4715000] [SCOREBOARD-M] mst_id=0 s_id=0 awaddr=43be028 awid=1110 awlen=11 awsize=4 awburst=0 wdata=[b6263090bbd92d46 c5e1c0e0a3df4599 f7f9cda5db482ac4 1721580bee693ce6 9248827fae1ffe35 96828fadd0318eb cb6c55d18a425024 38624e5a20898105 fd8c99f0ddb4d851 e7f72875c1ca7754 e253f859c8f8efc2 26adc813a05976cf ] wstrb=[49 23 88 b 7c 58 1e c6 7b a7 d1 f8 ] bresp=0 bid=1110
[4715000] [SCOREBOARD-S] mst_id=0 s_id=0 awaddr=43be028 awid=1110 awlen=11 awsize=4 awburst=0 wdata=[b6263090bbd92d46 c5e1c0e0a3df4599 f7f9cda5db482ac4 1721580bee693ce6 9248827fae1ffe35 96828fadd0318eb cb6c55d18a425024 38624e5a20898105 fd8c99f0ddb4d851 e7f72875c1ca7754 e253f859c8f8efc2 26adc813a05976cf ] wstrb=[49 23 88 b 7c 58 1e c6 7b a7 d1 f8 ] bresp=0 bid=1110
[4715000] SCOREBOARD: Transaction 4 received. pass=958 fail=0
[4715000] ALL PASS. Total transactions: 4
[4725000] MASTER 0 W_VALID_RDY Handshake beat=1 wlast=0
[4725000] S1 MEMORY WRITE beat=0 addr=1e3b6cf8 data=c01d9ddef45efbaf id=06
[4735000] S1 MEMORY WRITE beat=1 addr=1e3b6cf9 data=a484fecf34b1e74c id=06
[4735000] MASTER 0 W_VALID_RDY Handshake beat=2 wlast=0
[4745000] MASTER 0 W_VALID_RDY Handshake beat=3 wlast=0
[4745000] S1 MEMORY WRITE beat=2 addr=1e3b6cfa data=1ab0b7e483eabf94 id=06
[4755000] S1 MEMORY WRITE beat=3 addr=1e3b6cfb data=f849bb43d0726f8f id=06
[4755000] MASTER 0 W_VALID_RDY Handshake beat=4 wlast=0
[4765000] MASTER 0 W_VALID_RDY Handshake beat=5 wlast=0
[4765000] S1 MEMORY WRITE beat=4 addr=1e3b6cfc data=052456dbdace55c2 id=06
[4775000] S1 MEMORY WRITE beat=5 addr=1e3b6cfd data=deb915561cceba13 id=06
[4775000] MASTER 0 W_VALID_RDY Handshake beat=6 wlast=0
[4785000] MASTER 0 W_VALID_RDY Handshake beat=7 wlast=0
[4785000] S1 MEMORY WRITE beat=6 addr=1e3b6cfe data=ed4129a21fd50ebf id=06
[4795000] S1 MEMORY WRITE beat=7 addr=1e3b6cff data=faa36481d702d09a id=06
[4795000] MASTER 0 W_VALID_RDY Handshake beat=8 wlast=0
[4805000] MASTER 0 W_VALID_RDY Handshake beat=9 wlast=0
[4805000] S1 MEMORY WRITE beat=8 addr=1e3b6d00 data=f3d18aadf265807d id=06
[4815000] S1 MEMORY WRITE beat=9 addr=1e3b6d01 data=123a8f3cd95c79d7 id=06
[4815000] MASTER 0 W_VALID_RDY Handshake beat=10 wlast=0
[4825000] MASTER 0 W_VALID_RDY Handshake beat=11 wlast=0
[4825000] S1 MEMORY WRITE beat=10 addr=1e3b6d02 data=b05f4a71e112b44f id=06
[4835000] S1 MEMORY WRITE beat=11 addr=1e3b6d03 data=d37834cc0cddf3bd id=06
[4835000] MASTER 0 W_VALID_RDY Handshake beat=12 wlast=0
[4845000] MASTER 0 W_VALID_RDY Handshake beat=13 wlast=0
[4845000] S1 MEMORY WRITE beat=12 addr=1e3b6d04 data=e63a6d94a430d51e id=06
[4855000] S1 MEMORY WRITE beat=13 addr=1e3b6d05 data=8543896de5b2c408 id=06
[4855000] MASTER 0 W_VALID_RDY Handshake beat=14 wlast=0
[4865000] MASTER 0 W_VALID_RDY Handshake beat=15 wlast=0
[4865000] S1 MEMORY WRITE beat=14 addr=1e3b6d06 data=f290b7c51699b806 id=06
[4875000] S1 MEMORY WRITE beat=15 addr=1e3b6d07 data=baca8d24d8bbbe39 id=06
[4875000] MASTER 0 W_VALID_RDY Handshake beat=16 wlast=0
[4885000] MASTER 0 W_VALID_RDY Handshake beat=17 wlast=0
[4885000] S1 MEMORY WRITE beat=16 addr=1e3b6d08 data=be6e8241d8cb2559 id=06
[4895000] S1 MEMORY WRITE beat=17 addr=1e3b6d09 data=ef64dd5fc00e1692 id=06
[4895000] MASTER 0 W_VALID_RDY Handshake beat=18 wlast=0
[4905000] MASTER 0 W_VALID_RDY Handshake beat=19 wlast=0
[4905000] S1 MEMORY WRITE beat=18 addr=1e3b6d0a data=98c9d4cbb0ff3a06 id=06
[4915000] S1 MEMORY WRITE beat=19 addr=1e3b6d0b data=09ca5f602a2f6a84 id=06
[4915000] MASTER 0 W_VALID_RDY Handshake beat=20 wlast=0
[4925000] MASTER 0 W_VALID_RDY Handshake beat=21 wlast=0
[4925000] S1 MEMORY WRITE beat=20 addr=1e3b6d0c data=ea3d8116d738570d id=06
[4935000] S1 MEMORY WRITE beat=21 addr=1e3b6d0d data=88379113f92f3cbf id=06
[4935000] MASTER 0 W_VALID_RDY Handshake beat=22 wlast=0
[4945000] MASTER 0 W_VALID_RDY Handshake beat=23 wlast=0
[4945000] S1 MEMORY WRITE beat=22 addr=1e3b6d0e data=a35ea743830755e1 id=06
[4955000] S1 MEMORY WRITE beat=23 addr=1e3b6d0f data=da3facee9201f073 id=06
[4955000] MASTER 0 W_VALID_RDY Handshake beat=24 wlast=0
[4965000] MASTER 0 W_VALID_RDY Handshake beat=25 wlast=0
[4965000] S1 MEMORY WRITE beat=24 addr=1e3b6d10 data=0b312d338d9c2859 id=06
[4975000] S1 MEMORY WRITE beat=25 addr=1e3b6d11 data=10a37e3be2773e02 id=06
[4975000] MASTER 0 W_VALID_RDY Handshake beat=26 wlast=0
[4985000] MASTER 0 W_VALID_RDY Handshake beat=27 wlast=0
[4985000] S1 MEMORY WRITE beat=26 addr=1e3b6d12 data=f4792e75ae8fd476 id=06
[4995000] S1 MEMORY WRITE beat=27 addr=1e3b6d13 data=3c2bfcd0eae32b29 id=06
[4995000] MASTER 0 W_VALID_RDY Handshake beat=28 wlast=0
[5005000] MASTER 0 W_VALID_RDY Handshake beat=29 wlast=0
[5005000] S1 MEMORY WRITE beat=28 addr=1e3b6d14 data=cd5a692bffaa5ba8 id=06
[5015000] S1 MEMORY WRITE beat=29 addr=1e3b6d15 data=2e3a301fcccf7b0b id=06
[5015000] MASTER 0 W_VALID_RDY Handshake beat=30 wlast=0
[5025000] MASTER 0 W_VALID_RDY Handshake beat=31 wlast=0
[5025000] S1 MEMORY WRITE beat=30 addr=1e3b6d16 data=b7b2a634c1d397a1 id=06
[5035000] S1 MEMORY WRITE beat=31 addr=1e3b6d17 data=c17df349ea662cef id=06
[5035000] MASTER 0 W_VALID_RDY Handshake beat=32 wlast=1
[5045000] S1 MEMORY WRITE beat=32 addr=1e3b6d18 data=3735a7fa050d0f60 id=06
[5055000] SLAVE1 sent B resp, id=6
[5055000] [SLAVE MONITOR] mst_id=0 s_id=1 awaddr=1e3b6cf8 awid=110 awlen=32 awsize=0 awburst=1 wdata=[c01d9ddef45efbaf a484fecf34b1e74c 1ab0b7e483eabf94 f849bb43d0726f8f 52456dbdace55c2 deb915561cceba13 ed4129a21fd50ebf faa36481d702d09a f3d18aadf265807d 123a8f3cd95c79d7 b05f4a71e112b44f d37834cc0cddf3bd e63a6d94a430d51e 8543896de5b2c408 f290b7c51699b806 baca8d24d8bbbe39 be6e8241d8cb2559 ef64dd5fc00e1692 98c9d4cbb0ff3a06 9ca5f602a2f6a84 ea3d8116d738570d 88379113f92f3cbf a35ea743830755e1 da3facee9201f073 b312d338d9c2859 10a37e3be2773e02 f4792e75ae8fd476 3c2bfcd0eae32b29 cd5a692bffaa5ba8 2e3a301fcccf7b0b b7b2a634c1d397a1 c17df349ea662cef 3735a7fa050d0f60 ] wstrb=[68 1 2e 57 4a 8e 51 b3 8f 80 a da e 5c 8d 9e dc 97 78 ea f3 5 88 cf 9c 0 ba 90 5 42 5f a2 43 ] bresp=0 bid=110
[5075000] MASTER 0 B_VALID_RDY Handshake
[5075000] [MASTER MONITOR] mst_id=0 s_id=1 awaddr=1e3b6cf8 awid=110 awlen=32 awsize=0 awburst=1 wdata=[c01d9ddef45efbaf a484fecf34b1e74c 1ab0b7e483eabf94 f849bb43d0726f8f 52456dbdace55c2 deb915561cceba13 ed4129a21fd50ebf faa36481d702d09a f3d18aadf265807d 123a8f3cd95c79d7 b05f4a71e112b44f d37834cc0cddf3bd e63a6d94a430d51e 8543896de5b2c408 f290b7c51699b806 baca8d24d8bbbe39 be6e8241d8cb2559 ef64dd5fc00e1692 98c9d4cbb0ff3a06 9ca5f602a2f6a84 ea3d8116d738570d 88379113f92f3cbf a35ea743830755e1 da3facee9201f073 b312d338d9c2859 10a37e3be2773e02 f4792e75ae8fd476 3c2bfcd0eae32b29 cd5a692bffaa5ba8 2e3a301fcccf7b0b b7b2a634c1d397a1 c17df349ea662cef 3735a7fa050d0f60 ] wstrb=[68 1 2e 57 4a 8e 51 b3 8f 80 a da e 5c 8d 9e dc 97 78 ea f3 5 88 cf 9c 0 ba 90 5 42 5f a2 43 ] bresp=0 bid=110
[5075000] MASTER 0 RECEIVED BRESP. BRESP=0
[5075000] [MASTER DRIVER] mst_id=0 s_id=0 awaddr=1e3b6cf8 awid=110 awlen=32 awsize=0 awburst=1 wdata=[c01d9ddef45efbaf a484fecf34b1e74c 1ab0b7e483eabf94 f849bb43d0726f8f 52456dbdace55c2 deb915561cceba13 ed4129a21fd50ebf faa36481d702d09a f3d18aadf265807d 123a8f3cd95c79d7 b05f4a71e112b44f d37834cc0cddf3bd e63a6d94a430d51e 8543896de5b2c408 f290b7c51699b806 baca8d24d8bbbe39 be6e8241d8cb2559 ef64dd5fc00e1692 98c9d4cbb0ff3a06 9ca5f602a2f6a84 ea3d8116d738570d 88379113f92f3cbf a35ea743830755e1 da3facee9201f073 b312d338d9c2859 10a37e3be2773e02 f4792e75ae8fd476 3c2bfcd0eae32b29 cd5a692bffaa5ba8 2e3a301fcccf7b0b b7b2a634c1d397a1 c17df349ea662cef 3735a7fa050d0f60 ] wstrb=[68 1 2e 57 4a 8e 51 b3 8f 80 a da e 5c 8d 9e dc 97 78 ea f3 5 88 cf 9c 0 ba 90 5 42 5f a2 43 ] bresp=0 bid=110
[5075000] SCOREBOARD MATCH: decode_err expected = 0, actual =0
[5075000] SCOREBOARD MATCH: slave_id expected = 1, actual =1
[5075000] SCOREBOARD MATCH: awaddr passthrough expected = 1e3b6cf8, actual =1e3b6cf8
[5075000] SCOREBOARD MATCH: awlen passthrough expected = 32, actual =32
[5075000] SCOREBOARD MATCH: awsize passthrough expected = 0, actual =0
[5075000] SCOREBOARD MATCH: awburst passthrough expected = 1, actual =1
[5075000] SCOREBOARD MATCH: wdata size check expected = 21, actual =21
[5075000] SCOREBOARD MATCH: wdata passthrough beat=0 expected = c01d9ddef45efbaf, actual =c01d9ddef45efbaf
[5075000] SCOREBOARD MATCH: wdata passthrough beat=1 expected = a484fecf34b1e74c, actual =a484fecf34b1e74c
[5075000] SCOREBOARD MATCH: wdata passthrough beat=2 expected = 1ab0b7e483eabf94, actual =1ab0b7e483eabf94
[5075000] SCOREBOARD MATCH: wdata passthrough beat=3 expected = f849bb43d0726f8f, actual =f849bb43d0726f8f
[5075000] SCOREBOARD MATCH: wdata passthrough beat=4 expected = 52456dbdace55c2, actual =52456dbdace55c2
[5075000] SCOREBOARD MATCH: wdata passthrough beat=5 expected = deb915561cceba13, actual =deb915561cceba13
[5075000] SCOREBOARD MATCH: wdata passthrough beat=6 expected = ed4129a21fd50ebf, actual =ed4129a21fd50ebf
[5075000] SCOREBOARD MATCH: wdata passthrough beat=7 expected = faa36481d702d09a, actual =faa36481d702d09a
[5075000] SCOREBOARD MATCH: wdata passthrough beat=8 expected = f3d18aadf265807d, actual =f3d18aadf265807d
[5075000] SCOREBOARD MATCH: wdata passthrough beat=9 expected = 123a8f3cd95c79d7, actual =123a8f3cd95c79d7
[5075000] SCOREBOARD MATCH: wdata passthrough beat=10 expected = b05f4a71e112b44f, actual =b05f4a71e112b44f
[5075000] SCOREBOARD MATCH: wdata passthrough beat=11 expected = d37834cc0cddf3bd, actual =d37834cc0cddf3bd
[5075000] SCOREBOARD MATCH: wdata passthrough beat=12 expected = e63a6d94a430d51e, actual =e63a6d94a430d51e
[5075000] SCOREBOARD MATCH: wdata passthrough beat=13 expected = 8543896de5b2c408, actual =8543896de5b2c408
[5075000] SCOREBOARD MATCH: wdata passthrough beat=14 expected = f290b7c51699b806, actual =f290b7c51699b806
[5075000] SCOREBOARD MATCH: wdata passthrough beat=15 expected = baca8d24d8bbbe39, actual =baca8d24d8bbbe39
[5075000] SCOREBOARD MATCH: wdata passthrough beat=16 expected = be6e8241d8cb2559, actual =be6e8241d8cb2559
[5075000] SCOREBOARD MATCH: wdata passthrough beat=17 expected = ef64dd5fc00e1692, actual =ef64dd5fc00e1692
[5075000] SCOREBOARD MATCH: wdata passthrough beat=18 expected = 98c9d4cbb0ff3a06, actual =98c9d4cbb0ff3a06
[5075000] SCOREBOARD MATCH: wdata passthrough beat=19 expected = 9ca5f602a2f6a84, actual =9ca5f602a2f6a84
[5075000] SCOREBOARD MATCH: wdata passthrough beat=20 expected = ea3d8116d738570d, actual =ea3d8116d738570d
[5075000] SCOREBOARD MATCH: wdata passthrough beat=21 expected = 88379113f92f3cbf, actual =88379113f92f3cbf
[5075000] SCOREBOARD MATCH: wdata passthrough beat=22 expected = a35ea743830755e1, actual =a35ea743830755e1
[5075000] SCOREBOARD MATCH: wdata passthrough beat=23 expected = da3facee9201f073, actual =da3facee9201f073
[5075000] SCOREBOARD MATCH: wdata passthrough beat=24 expected = b312d338d9c2859, actual =b312d338d9c2859
[5075000] SCOREBOARD MATCH: wdata passthrough beat=25 expected = 10a37e3be2773e02, actual =10a37e3be2773e02
[5075000] SCOREBOARD MATCH: wdata passthrough beat=26 expected = f4792e75ae8fd476, actual =f4792e75ae8fd476
[5075000] SCOREBOARD MATCH: wdata passthrough beat=27 expected = 3c2bfcd0eae32b29, actual =3c2bfcd0eae32b29
[5075000] SCOREBOARD MATCH: wdata passthrough beat=28 expected = cd5a692bffaa5ba8, actual =cd5a692bffaa5ba8
[5075000] SCOREBOARD MATCH: wdata passthrough beat=29 expected = 2e3a301fcccf7b0b, actual =2e3a301fcccf7b0b
[5075000] SCOREBOARD MATCH: wdata passthrough beat=30 expected = b7b2a634c1d397a1, actual =b7b2a634c1d397a1
[5075000] SCOREBOARD MATCH: wdata passthrough beat=31 expected = c17df349ea662cef, actual =c17df349ea662cef
[5075000] SCOREBOARD MATCH: wdata passthrough beat=32 expected = 3735a7fa050d0f60, actual =3735a7fa050d0f60
[5075000] SCOREBOARD MATCH: wstrb size check expected = 21, actual =21
[5075000] SCOREBOARD MATCH: wstrb passthrough beat=0 expected = 68, actual =68
[5075000] SCOREBOARD MATCH: wstrb passthrough beat=1 expected = 1, actual =1
[5075000] SCOREBOARD MATCH: wstrb passthrough beat=2 expected = 2e, actual =2e
[5075000] SCOREBOARD MATCH: wstrb passthrough beat=3 expected = 57, actual =57
[5075000] SCOREBOARD MATCH: wstrb passthrough beat=4 expected = 4a, actual =4a
[5075000] SCOREBOARD MATCH: wstrb passthrough beat=5 expected = 8e, actual =8e
[5075000] SCOREBOARD MATCH: wstrb passthrough beat=6 expected = 51, actual =51
[5075000] SCOREBOARD MATCH: wstrb passthrough beat=7 expected = b3, actual =b3
[5075000] SCOREBOARD MATCH: wstrb passthrough beat=8 expected = 8f, actual =8f
[5075000] SCOREBOARD MATCH: wstrb passthrough beat=9 expected = 80, actual =80
[5075000] SCOREBOARD MATCH: wstrb passthrough beat=10 expected = a, actual =a
[5075000] SCOREBOARD MATCH: wstrb passthrough beat=11 expected = da, actual =da
[5075000] SCOREBOARD MATCH: wstrb passthrough beat=12 expected = e, actual =e
[5075000] SCOREBOARD MATCH: wstrb passthrough beat=13 expected = 5c, actual =5c
[5075000] SCOREBOARD MATCH: wstrb passthrough beat=14 expected = 8d, actual =8d
[5075000] SCOREBOARD MATCH: wstrb passthrough beat=15 expected = 9e, actual =9e
[5075000] SCOREBOARD MATCH: wstrb passthrough beat=16 expected = dc, actual =dc
[5075000] SCOREBOARD MATCH: wstrb passthrough beat=17 expected = 97, actual =97
[5075000] SCOREBOARD MATCH: wstrb passthrough beat=18 expected = 78, actual =78
[5075000] SCOREBOARD MATCH: wstrb passthrough beat=19 expected = ea, actual =ea
[5075000] SCOREBOARD MATCH: wstrb passthrough beat=20 expected = f3, actual =f3
[5075000] SCOREBOARD MATCH: wstrb passthrough beat=21 expected = 5, actual =5
[5075000] SCOREBOARD MATCH: wstrb passthrough beat=22 expected = 88, actual =88
[5075000] SCOREBOARD MATCH: wstrb passthrough beat=23 expected = cf, actual =cf
[5075000] SCOREBOARD MATCH: wstrb passthrough beat=24 expected = 9c, actual =9c
[5075000] SCOREBOARD MATCH: wstrb passthrough beat=25 expected = 0, actual =0
[5075000] SCOREBOARD MATCH: wstrb passthrough beat=26 expected = ba, actual =ba
[5075000] SCOREBOARD MATCH: wstrb passthrough beat=27 expected = 90, actual =90
[5075000] SCOREBOARD MATCH: wstrb passthrough beat=28 expected = 5, actual =5
[5075000] SCOREBOARD MATCH: wstrb passthrough beat=29 expected = 42, actual =42
[5075000] SCOREBOARD MATCH: wstrb passthrough beat=30 expected = 5f, actual =5f
[5075000] SCOREBOARD MATCH: wstrb passthrough beat=31 expected = a2, actual =a2
[5075000] SCOREBOARD MATCH: wstrb passthrough beat=32 expected = 43, actual =43
[5075000] SCOREBOARD MATCH: bresp passthrough expected = 0, actual =0
[5075000] SCOREBOARD MATCH: response routed to correct master (write) expected = 0, actual =0
[5075000] [SCOREBOARD-M] mst_id=0 s_id=1 awaddr=1e3b6cf8 awid=110 awlen=32 awsize=0 awburst=1 wdata=[c01d9ddef45efbaf a484fecf34b1e74c 1ab0b7e483eabf94 f849bb43d0726f8f 52456dbdace55c2 deb915561cceba13 ed4129a21fd50ebf faa36481d702d09a f3d18aadf265807d 123a8f3cd95c79d7 b05f4a71e112b44f d37834cc0cddf3bd e63a6d94a430d51e 8543896de5b2c408 f290b7c51699b806 baca8d24d8bbbe39 be6e8241d8cb2559 ef64dd5fc00e1692 98c9d4cbb0ff3a06 9ca5f602a2f6a84 ea3d8116d738570d 88379113f92f3cbf a35ea743830755e1 da3facee9201f073 b312d338d9c2859 10a37e3be2773e02 f4792e75ae8fd476 3c2bfcd0eae32b29 cd5a692bffaa5ba8 2e3a301fcccf7b0b b7b2a634c1d397a1 c17df349ea662cef 3735a7fa050d0f60 ] wstrb=[68 1 2e 57 4a 8e 51 b3 8f 80 a da e 5c 8d 9e dc 97 78 ea f3 5 88 cf 9c 0 ba 90 5 42 5f a2 43 ] bresp=0 bid=110
[5075000] [SCOREBOARD-S] mst_id=0 s_id=1 awaddr=1e3b6cf8 awid=110 awlen=32 awsize=0 awburst=1 wdata=[c01d9ddef45efbaf a484fecf34b1e74c 1ab0b7e483eabf94 f849bb43d0726f8f 52456dbdace55c2 deb915561cceba13 ed4129a21fd50ebf faa36481d702d09a f3d18aadf265807d 123a8f3cd95c79d7 b05f4a71e112b44f d37834cc0cddf3bd e63a6d94a430d51e 8543896de5b2c408 f290b7c51699b806 baca8d24d8bbbe39 be6e8241d8cb2559 ef64dd5fc00e1692 98c9d4cbb0ff3a06 9ca5f602a2f6a84 ea3d8116d738570d 88379113f92f3cbf a35ea743830755e1 da3facee9201f073 b312d338d9c2859 10a37e3be2773e02 f4792e75ae8fd476 3c2bfcd0eae32b29 cd5a692bffaa5ba8 2e3a301fcccf7b0b b7b2a634c1d397a1 c17df349ea662cef 3735a7fa050d0f60 ] wstrb=[68 1 2e 57 4a 8e 51 b3 8f 80 a da e 5c 8d 9e dc 97 78 ea f3 5 88 cf 9c 0 ba 90 5 42 5f a2 43 ] bresp=0 bid=110
[5075000] SCOREBOARD: Transaction 5 received. pass=1034 fail=0
[5075000] SCOREBOARD: Expected 5 transactions completed, PASS=1034 FAIL=0
[5075000] ALL PASS. Total transactions: 5
[5075000] ALL TRANSACTIONS MONITORED
$finish called at time : 5095 ns : File "/home/nashita/Desktop/practice/axi_xbar/tb/top/axi_tb_top.sv" Line 220
exit
INFO: xsimkernel Simulation Memory Usage: 289464 KB (Peak: 337864 KB), Simulation CPU Usage: 1190 ms
INFO: [Common 17-206] Exiting xsim at Fri Sep 11 12:04:03 2026...
