#-----------------------------------------------------------
# xsim v2025.2 (64-bit)
# SW Build 6299465 on Fri Nov 14 12:34:56 MST 2025
# IP Build 6300035 on Fri Nov 14 10:48:45 MST 2025
# SharedData Build 6298862 on Thu Nov 13 04:50:51 MST 2025
# Start of session at: Thu Sep 10 18:42:59 2026
# Process ID         : 3667184
# Current directory  : /home/nashita/Desktop/practice/axi_xbar/sim
# Command line       : xsim -log regress_results/BT_run420.log -mode tcl -source {xsim.dir/tb_top_snap/xsim_script.tcl}
# Log file           : /home/nashita/Desktop/practice/axi_xbar/sim/regress_results/BT_run420.log
# Journal file       : /home/nashita/Desktop/practice/axi_xbar/sim/xsim.jou
# Running On         : vlsi-vivado
# Platform           : Ubuntu
# Operating System   : Ubuntu 24.04.4 LTS
# Processor Detail   : Intel(R) Core(TM) i5-10400 CPU @ 2.90GHz
# CPU Frequency      : 4001.071 MHz
# CPU Physical cores : 6
# CPU Logical cores  : 12
# Host memory        : 41875 MB
# Swap memory        : 27648 MB
# Total Virtual      : 69524 MB
# Available Virtual  : 62672 MB
#-----------------------------------------------------------
source xsim.dir/tb_top_snap/xsim_script.tcl
# xsim {tb_top_snap} -testplusarg BT -autoloadwcfg -runall -sv_seed 421
Time resolution is 1 ps
run -all
[0] RUNNING BASE TEST
[0] INSIDE THE BASE TEST CONSTRUCTOR
[0] ENV: before agent
[0] SLAVE CONSTRUCTED
[0] MASTER MONITOR CONSTRUCTED
[0] MASTER MONITOR CONSTRUCTED
[0] SLAVE MONITOR CONSTRUCTED
[0] SLAVE MONITOR CONSTRUCTED
[0] ARB MONITOR CONSTRUCTED
GENERATOR CONSTRUCTED
[0] ENV: after agent
[0] ENV: before scoreboard
[0] ENV: after scoreboard
[15000] [SEQUENCER] READ mst_id=1 s_id=0 araddr=2092780 arid=0 arlen=1 arsize=3 arburst=1 rid=[] rresp=[] rdata=[]
[15000] [SEQUENCER] mst_id=0 s_id=0 awaddr=f7281b0 awid=1100 awlen=232 awsize=7 awburst=1 wdata=[d089531fdd535989 ba8ff8601fc8c225 cdb7125bc03b738a 9d8ecd13e3bf1608 387d82d9e40657a de7bd904d81ec574 3bdddb7cd13eea88 ef7f5003fc0aa618 d4296b8c3f65b3a9 90a49e31cdfb2907 ca05cf1f10074708 cf6cfab18023ee34 ce1f173c9e2f3aab ae3681b3e01198e2 e03587179824e65b 36542107fda37c64 ddb515472e549e53 c67984aee48aa2ba e22e1f1f3dea9c5e ec3f3ab1fccda5b5 e15848703fe33466 fdcdd0c4b2b8bf5f 2f866515c386678f 3699bf5ea0d0b75 9cc5cad410dead85 d465151401376cb9 eb44782ecc4c2fe9 dd2add6ed7ceb109 d9061dc2880a4302 d45672ecb18ff282 895ea38bc44a95f0 cc54d8f2b181505a e31142dde264c14d a6af573da0ab4bde d22c9c39ec6fe668 ced4a7b6f3043030 93af7c0e353ddf16 a1adc57ef583fef3 e8882f23e5dc1847 9b19f75df0826d34 e6066c28fc37ab32 e213c3793cc7bcdc ad4a2a10ce8e9b4b cac6467dfd2dbad7 39f577b393509638 e1df31842cda09f7 2a07c4cee73fa1c3 fa9037fcaca57801 d97f81f8e3fd3c81 cb3cde44dc6f6980 8914e181838746c6 e7848347c5cd1640 a23c7fc0e294637a e61baa4032c1618c f88e77cc2b516142 de5c4bccda02d88 618f141acaf78d c61c58cff4016efc c1a19c84f8f006e0 93bafe6dd4021d8b c8038c87c2032b98 3af33279d9d7573c add974c709a5290c cba854a4ceae30e6 28858823f5dd014f ff822a5b869b871d d549b804d65efcea cc3bfe39cb2a7eff d1c6061dfdcf4027 d42e3d11cbbe2894 16e8a794270fbe21 24defe48206a3b4b ec2863dfe8aeadb1 fbe6bd2f90d3b59 997776a483110b73 ebbfb924349d6a1a adaaa573059fda84 88b0e5f7fb7e24f6 b01b8f10c7221c18 ccc1f69cf4709f1c efeec412ddc63484 24e8509cd572dc93 c9e37baf200a5323 fdd087a7f1aa4738 c71d23cb39d23fc2 d9dc92e522b8d843 14631f7b11009f7b cad2df3dd7ad1a8c fa65f2cfdb804346 ec80e2c124af7222 fc5c8cae0ec9124a ea495590b753c1fe dc033420f6c27f7d 58b91c7d6ca3852 8e1dfa50d85fc0ce cf22404befd4e757 c69f1fa9ea212e71 c280ef3fd4add212 c482b96ad4bd19fa 3ede486b11a32f8b e651019d8b21d913 dfdef30d815f37aa 93026735aad3bb07 35f5941b9ebd3b78 201c7323f95368d3 a42723da95d48728 3491c2a1b31eda58 ac72432bda1cb7f5 eff13f1ed4ae35c4 87cd101cd0996706 aab61efb248301bf f9313783343f5348 4d8ba4e9aa75e19 bf2a5fd880fe479f b53d9ae7af8ed949 ca363763b85b975b 3959defbba165535 e9a52e7f8960973b c1bc2e97ee9779e2 28adcf1833db65e2 bd3bfd1dfb160d92 e9ad87741252fd97 c62e6379fef82bb4 fa0e3946925b568c a4ae5423836a6096 2628c4be3bbc0bb f6171747eadcb79c ee471833fc70c591 e02c864c1ac56b6b 85a22307f0a9a47e ed1a6a0fd6439d94 f10908fff3e93b3a e492dfb8cd46f05c 238a8df0f6ab2c06 ea946741d1ad49c8 1ef43a24149396ef 8b3ec2f5cf2746f9 a0d490c1c27ec814 d7125f03f5d32a36 c4fa7130bfc8cae5 824792f9e25121f8 d8244c2fe5cf01f1 2597ccd7d959f1fc 3bab13f51d1ebd5f 82edbf50a7df5fd0 13951cd13cf6024 30ee1d83a8858c27 d064ebf83ce465c2 d0b3c5e6b3dbdcd3 dc6168fbd19e3dc5 e82a38701a1e369 b57dc03c2cc654f3 fe6492b8df36696d e0d84cd691df2937 bea57e2a0ce7363f ec1d9fac96560d12 2835364abd0a10e2 c9f14721ccf5ec82 e34bf994e6dab474 23e4c557b60ee6cd 8304d34f8b812fde f25be453edd60c78 23e4f346e650cce4 f1d1fcc21640a9aa 8416b622a6e9c695 8d3a9379e42de115 fa6e8abfa7fba968 cee56ffeff0c903c e33a7151fe8540e2 a680ea4adc200377 db2c93b3dda8fc11 dc2e3cf3f5665a48 d1865dc03e670505 1c10011682af273d f8158186acb2f173 eb19f678f83e3e09 faed6546c99bdf46 f64ed0b98729f78e ff683597f302e6cc bc9ec612e168c732 e892bec0fa559ade ed5881aa32ed96cc 14565dfee7faf458 e2508f3629f747bd dce4de89fce91cbe e4e41116cfa910e0 f9a0589df13b3c87 ee245945c734a04c 16ddb12dd6853726 c7c073add3086a5c 9a3d0aa8907e09ca e70340f135e4ccf3 8ed374fb11abbd5 c198c5a0aec3b49e e4a88191a32a41f7 d444fdcd289c0691 d75fbb2fed95b8e0 10bffad815ddc36d 3e79c9fe3c083cc1 a99df5a1e504f8a5 fae2bc1295d9852d d1e1c1eeba5df079 9f62e91e395c8610 cf360b3dfb7fb790 b5dda8099a45a530 d3a22b402117cd2c 1c9784bcd5409128 ef86365822d8367e c3f003aad2752cc5 a7b5bdedc3286199 e6009817e0878866 b2fcb52b173bf446 da6455df29f09bc1 a782427dab27319 f1ee675fc064edf6 ea5589b7bd74d952 98274c6bcc52bd3e cb7ab34f4cdadde b24287308a15b3ca d6687108f70d34eb ebdae2c9ca69d39c d47f8766e3201c3c da2d51279e1d69f9 e8873d952ae7f86f 8e0814abc60833f0 e4259dea3d06c4fc e7eebd6be83565d3 ae3d99c3ccacdb7f 89b3a07bf5f6d216 de2c37e9926337ad df10132df1a25de6 e7992ffd0c69d1ad 9ecd095ae8c3b3a8 ] wstrb=[e6 8f 87 93 8c 30 ee 72 bf 75 6 4b a5 f4 bd 64 69 c3 af f b7 6d 73 21 30 23 30 e8 90 a3 9 c0 c6 39 a8 56 dc b1 17 a3 ea bf f9 c7 71 10 6a 5b d0 63 22 41 74 8c 9c 44 f0 bf 85 64 4b 21 a8 3b e0 2d 9f 2c 4e 47 67 2f 74 7 5b c3 4e c2 f2 c3 c9 4d 86 18 f 78 db d9 c5 61 f1 d4 d9 cc ad 9e 2d 9e 72 6 6a 20 a4 97 be 16 9d 29 36 41 c0 f5 58 5e 1e 8e 9f de 83 f7 3c a1 86 dc 80 9 d3 bc ab 59 98 2b 63 6c e7 e c5 80 39 28 ec 20 36 b1 a0 6f da 8c 90 10 3e 30 80 18 bd 10 28 fb 40 a8 13 fd b8 3b f8 f9 e4 b f6 9c 47 ef 95 2b fa 8c c7 41 7b 5d 6c 75 e9 34 b7 64 91 23 d9 7a 57 90 de e8 b4 b7 62 b 48 40 f4 fc f8 56 7 40 97 fb 3c 8f 52 43 cf e9 3f b 78 91 4e 47 7a 8d 52 f2 1e a0 39 98 2e 8b 8a 4c 2b ] bresp=0 bid=0
[15000] [SEQUENCER] mst_id=0 s_id=0 awaddr=2fabf30 awid=1001 awlen=14 awsize=2 awburst=2 wdata=[d0831db3caa997f9 bd2d6ce101af27 878b3dd0dd776bbc 282103b6086c8534 e96e345bd80e5b83 3585c74028de3122 314ab656f0f9722c c907cdafdda6caf6 684fc189ab8eab1 8bb25cddfe8d94ef dc345fe537cfb26e d2889d1fd4ba2a8d d347bf7ce2b95bfd 9a890e6bde3af9fd 32f5248a2f7c1f62 ] wstrb=[8b 5f 6 88 cb 68 12 56 c8 18 de 93 81 f0 e9 ] bresp=0 bid=0
[15000] [SEQUENCER] mst_id=1 s_id=0 awaddr=1cb6840 awid=101 awlen=226 awsize=7 awburst=1 wdata=[1aa7019fe6625091 c8ffb546dcf66788 763fc1f0c474981 f2a99a12d547d780 323e3f08220afdbe 2e52473fbba94f58 90f126d839a23b27 dbad38e520fbe151 dca530a9c32f65e0 fcd1a10709ff8024 2afb6175ed965782 b0c5bd62d87ed9ec e27e5a1087a0921e f536e9a02d975e6a 861638568d79bb85 151a4da425fca703 d394056de8949267 f60e4dec8a513744 b04dde47d9aa3dc3 c23ed02a8b289b90 1579d2d583e1e3b4 dd8c2178384d1e17 c375b9a7c5c7b11c c9a994d19fcaf1a2 d8180fb9d8ef8c7c 1eb73d992735b649 c700a7eb1b8dc961 f47d55dde860d26a f9688b31f18b7a5 3aa6810693349376 fb9565e0d697309e f5afe843af23d6e3 c2586a5a8b2bee93 e1c31f32b0566949 df7a402dbdedd03a c919beced7730775 7c970bf21d2aa87 dfc07ac12adcde00 824fe575e743b0ec 9165b73a8da398f d3b7178f8a195634 f15d0720e8d6d634 11b10fc4d606fd05 e0205339fa736293 e34a38c8e5682753 bb6f2458d17d5a5a cbf0bcedf4fb488c da636fdf1b8f7792 ed0cd1ecaf3af5b5 a4363e4115d29438 31620bcab8fd8ed9 e838848ffe99ae21 146c42591e6eddb6 d76c6c8f8c6ec2d0 8b0870f1c5ce4e23 e43d2bd9bfa4f11e cc13b3ef9f74b34a e543016dbba99868 fb4e8987d71c24e0 f690d82bc9802d46 529c5afc7623d76 9e7e6256dbd3d998 255406df00784f36 c7da8cac950f3a81 f0e3141a2a7dcc8e 2af61bc4e658ef02 fb68298416371af9 c0b4e787f2d0a870 d9299772ec4b3d9e 2825897ebab034b de7babbbd491c0f6 c0dcfe94c337401e 2ee24369b7a5432d c370424c35f572b 869697490d5def24 c5033251cd1402b8 107359e4b578dab2 c2d6c9d6d13a3675 1e4e392e9709f12d cc82cbe007d9fc28 d914329d2ec19312 c5cb843f8f5995b6 973391def7626bcb a623fedd924e501f 21a7e5d6f047c47c e7aa3047ebef831d fe3dd33cb8db77b4 a9233c300dce2f25 f9bdb2429fe5b912 d8c130c710cd6c78 1e9b9b9df7fb857e 17e13e9181e46cf7 92b1d96f18594ddf 9054d35df0a26f58 f286dc4fb14d750c c9a6c2eba83611ee 98d881460538b5bf b6862acbd9fb9649 8231a8370b5f5d96 10981355002cedb7 da2884001b0a297e 26698714c71e3e20 c74b2bd7dc5a2c37 f76455b537019a69 fe1fd889a173afd7 fdcddc0f9dcddcc9 d4cf7732c56b0461 e6deb438f53231c4 13000e8ed2ef4fbc 185a541de4ac9047 d9dec20ce7cf85c0 babed57cff390855 e3e5989decded09a d4ae565ad3192999 d25231ef3dc45aa9 2aa32b430f6d2bd7 e28655703637ca8c f3fc2535ff51819d 8ebead74b4d8875f eb1051eb1e9f5078 9df0d215f14502e5 a61d8a44df0c7720 fdabc7982caf7f8a 1df4826f112ddc30 f03a53501b9c99ae c84c1938c4120cb3 d53fe8e3ede61ae9 982b497e6409ba7 aa52a85ac57a3c34 3360571dd1cecdcf 380f6976ff92913e c50ccd723ce30bb4 eb1d983e26211d0 e1f4a30ef86d248f 35503043c6c142f9 a92354c9a7017080 9f6e950fc40209c6 ac34cbf0b17f7d8 b2196858d4bec552 98c0cf18b3e6a188 befe9960d187fd68 a646c2baa3841bd7 d76abd60f11801b9 c29fff213f0791d3 e28badaa966956c0 87815879e8e6c1db a7ee53aeb9f66b0a d05fc1cbca21579a 330819760a7a0159 c4706c63d7e11a44 220271dfdaf66d24 e5706e7d94d02e2e ecb14873d50a8b55 b000f87929e0dae1 beb1090f0eb3ba52 e3be45a7157166f7 3f5241d8ab625182 ba160bd493bf3e20 a930a517fe034ae7 29659c6a9dd4517b 31938f9ce882e6ef e68631d7e37ba83e 14ff9badac434b3 c3471ba30febce41 f367767f32e38956 8da7be0929cd4d7a 39b91bbbf4b77039 a79af98fd0eed9ac fabc2726ad20923a 21d802743542b799 86319145b47542e1 e195d51cc972fc03 feb5b39c00edb86c b562fb4d036dd790 cce0d39304e744e2 5d4fd4e96f8d069 9a66a7f9cb968730 d07dcc12bb37f89b d230c905e7477b8d 32de02bdd652c960 918ac1fbec9770fe d3deec8b035bcecf d9ae982fe3bb8b00 d052fbff86bcef48 8a18be17eb395a2a cef4e52ba431e88a 2aeed7d3e3c75646 cf00b0711f47e12a c379c9b4b50795ea 18ceec311df5959c 3d3d76c6ee68a187 23703772e7cf9ca2 5c5323e80b7407a ef1fe2023c3f23a3 240ec045c302a904 c3b9e97e12901974 cecf3d1729d3f283 ecd69b87b2d9cb80 c569e4f4f2ddfd5c 1cb1efdfb0908505 e36a50869439220b 87171f6709888b66 ba19106ba8d4357a 3d0d5786a3c90f46 ad519aac9d8360f1 c657966cc42476ed e7ed8634e76aab18 84ee0c090364edf2 c78964df953f20e0 fca9cbf8cb45a275 ceaa9067af76eb13 c4b60bf40197d802 ccdd7a771633f547 c5aae05ac15fd7ec c2f7afee1b880adf 31bc00268a60ec4e cbc0c43b0fd52a66 2b5d3545f766e080 1c7cccf8eb87429 9e8d9e8fdd19356b d48015ebcd88910a dc410533c9ead3d4 a704093fd647e2ba a3d073c4facea3c3 c4b97797fb841f2b d1cc01e5001178f8 fae01cbbebbd80d7 ] wstrb=[aa 2 52 a2 e7 29 5d 91 2b af 33 13 d9 90 a4 4 40 d8 17 19 68 bc 1d a8 94 35 c1 fc f1 df a5 85 14 66 81 5 45 26 8a 59 8d b 5e d2 32 e8 2c bf f4 8a 91 26 73 bd e5 67 48 76 8d bb 34 72 22 7c e8 af 37 1c 21 59 98 9 8 cf 26 29 28 be 32 30 8e 58 59 b6 17 8c e7 a5 e4 40 5b fb cc 42 a0 b1 83 fc ac 4f 3e 4d 0 c1 49 ad 11 87 fa 11 49 43 be 5a ca b8 6b 13 fb 2a 6d c6 e2 d9 d9 de 3 47 a4 e5 20 7d c3 23 c4 67 8 e4 e5 cc 7 a9 33 10 8e 18 dc 95 c2 f a5 50 28 81 e5 ea 91 8b 3a b9 c 1f a3 9d aa dd 56 b7 fc f9 54 a7 d6 ab 5e d3 a4 b2 7a 7b 5d d8 4e 2 8a c8 7d e8 a0 cb ea 2a 93 67 12 33 32 fc 5d c5 63 70 f8 95 6c 55 5a d0 c5 52 65 32 a8 c0 2 6d 12 67 9f ba 27 a1 28 3a 9 c7 f4 ] bresp=0 bid=0
[15000] [SEQUENCER] mst_id=1 s_id=0 awaddr=b560168 awid=1011 awlen=2 awsize=4 awburst=2 wdata=[d6bb75f018c99413 fbb2e3d9af074373 2de16e11e79bb187 ] wstrb=[6 9a 1 ] bresp=0 bid=0
[15000] MASTER_DRIVER1 received transaction, op=AXI_READ
[15000] MASTER_DRIVER0 received transaction, op=AXI_WRITE
[35000] MASTER 0 AW_VALID_RDY Handshake
[35000] MASTER_DRIVER1 received transaction, op=AXI_WRITE
[45000] ARB MONITOR: slave=0 m0_req=1 m1_req=0 winner=0
[45000] ARB MONITOR: slave=0 m0_req=0 m1_req=1 winner=1
[45000] AXI S0_ARVALID_RDY HANDSHAKE
[45000] MEMORY READ MISS beat=0 addr=2092780 -> default data id=16
[45000] AXI S0_AWVALID_RDY HANDSHAKE
[55000] MEMORY READ MISS beat=1 addr=2092788 -> default data id=16
[55000] SLAVE 0 R_VALID_RDY Handshake beat=0 rlast=0
[55000] MASTER 1 AW_VALID_RDY Handshake
[55000] MASTER 0 W_VALID_RDY Handshake beat=0 wlast=0
[65000] MASTER 0 W_VALID_RDY Handshake beat=1 wlast=0
[65000] SLAVE 0 R_VALID_RDY Handshake beat=1 rlast=1
[65000] [SLAVE MONITOR] READ mst_id=1 s_id=0 araddr=2092780 arid=0 arlen=1 arsize=3 arburst=1 rid=[1010] rresp=[00] rdata=[baadf00d12345678baadf00d12345678]
[65000] AXI S0_WVALID_RDY HANDSHAKE
[65000] S0 MEMORY WRITE beat=0 addr=0f7281b0 data=d089531fdd535989 id=0c
[75000] AXI S0_WVALID_RDY HANDSHAKE
[75000] S0 MEMORY WRITE beat=1 addr=0f728230 data=ba8ff8601fc8c225 id=0c
[75000] MASTER 1 R_VALID_RDY Handshake beat=0 rlast=0
[75000] MASTER 1 W_VALID_RDY Handshake beat=0 wlast=0
[75000] MASTER 0 W_VALID_RDY Handshake beat=2 wlast=0
[85000] [MASTER DRIVER] READ mst_id=1 s_id=0 araddr=2092780 arid=0 arlen=1 arsize=3 arburst=1 rid=[00] rresp=[00] rdata=[baadf00d12345678baadf00d12345678]
[85000] MASTER 0 W_VALID_RDY Handshake beat=3 wlast=0
[85000] MASTER 1 W_VALID_RDY Handshake beat=1 wlast=0
[85000] MASTER 1 R_VALID_RDY Handshake beat=1 rlast=1
[85000] [MASTER MONITOR] READ mst_id=1 s_id=0 araddr=2092780 arid=0 arlen=1 arsize=3 arburst=1 rid=[00] rresp=[00] rdata=[baadf00d12345678baadf00d12345678]
[85000] AXI S0_WVALID_RDY HANDSHAKE
[85000] S0 MEMORY WRITE beat=2 addr=0f7282b0 data=cdb7125bc03b738a id=0c
[85000] SCOREBOARD MATCH: decode_err expected = 0, actual =0
[85000] SCOREBOARD MATCH: slave_id expected = 0, actual =0
[85000] SCOREBOARD MATCH: araddr passthrough expected = 2092780, actual =2092780
[85000] SCOREBOARD MATCH: arlen passthrough expected = 1, actual =1
[85000] SCOREBOARD MATCH: arsize passthrough expected = 3, actual =3
[85000] SCOREBOARD MATCH: arburst passthrough expected = 1, actual =1
[85000] SCOREBOARD MATCH: rdata size check expected = 2, actual =2
[85000] SCOREBOARD MATCH: rdata passthrough beat=0 expected = baadf00d12345678, actual =baadf00d12345678
[85000] SCOREBOARD MATCH: rdata passthrough beat=1 expected = baadf00d12345678, actual =baadf00d12345678
[85000] SCOREBOARD MATCH: rresp size check expected = 2, actual =2
[85000] SCOREBOARD MATCH: rresp passthrough beat=0 expected = 0, actual =0
[85000] SCOREBOARD MATCH: rresp passthrough beat=1 expected = 0, actual =0
[85000] SCOREBOARD MATCH: response routed to correct master (read beat 0) expected = 1, actual =1
[85000] SCOREBOARD MATCH: response routed to correct master (read beat 1) expected = 1, actual =1
[85000] [SCOREBOARD-M] READ mst_id=1 s_id=0 araddr=2092780 arid=0 arlen=1 arsize=3 arburst=1 rid=[00] rresp=[00] rdata=[baadf00d12345678baadf00d12345678]
[85000] [SCOREBOARD-S] READ mst_id=1 s_id=0 araddr=2092780 arid=0 arlen=1 arsize=3 arburst=1 rid=[1010] rresp=[00] rdata=[baadf00d12345678baadf00d12345678]
[85000] SCOREBOARD: Transaction 1 received. pass=14 fail=0
[85000] ALL PASS. Total transactions: 1
[95000] AXI S0_WVALID_RDY HANDSHAKE
[95000] S0 MEMORY WRITE beat=3 addr=0f728330 data=9d8ecd13e3bf1608 id=0c
[95000] MASTER 1 W_VALID_RDY Handshake beat=2 wlast=0
[95000] MASTER 0 W_VALID_RDY Handshake beat=4 wlast=0
[105000] MASTER 0 W_VALID_RDY Handshake beat=5 wlast=0
[105000] MASTER 1 W_VALID_RDY Handshake beat=3 wlast=0
[105000] AXI S0_WVALID_RDY HANDSHAKE
[105000] S0 MEMORY WRITE beat=4 addr=0f7283b0 data=0387d82d9e40657a id=0c
[115000] AXI S0_WVALID_RDY HANDSHAKE
[115000] S0 MEMORY WRITE beat=5 addr=0f728430 data=de7bd904d81ec574 id=0c
[115000] MASTER 1 W_VALID_RDY Handshake beat=4 wlast=0
[115000] MASTER 0 W_VALID_RDY Handshake beat=6 wlast=0
[125000] MASTER 0 W_VALID_RDY Handshake beat=7 wlast=0
[125000] MASTER 1 W_VALID_RDY Handshake beat=5 wlast=0
[125000] AXI S0_WVALID_RDY HANDSHAKE
[125000] S0 MEMORY WRITE beat=6 addr=0f7284b0 data=3bdddb7cd13eea88 id=0c
[135000] AXI S0_WVALID_RDY HANDSHAKE
[135000] S0 MEMORY WRITE beat=7 addr=0f728530 data=ef7f5003fc0aa618 id=0c
[135000] MASTER 1 W_VALID_RDY Handshake beat=6 wlast=0
[135000] MASTER 0 W_VALID_RDY Handshake beat=8 wlast=0
[145000] MASTER 0 W_VALID_RDY Handshake beat=9 wlast=0
[145000] MASTER 1 W_VALID_RDY Handshake beat=7 wlast=0
[145000] AXI S0_WVALID_RDY HANDSHAKE
[145000] S0 MEMORY WRITE beat=8 addr=0f7285b0 data=d4296b8c3f65b3a9 id=0c
[155000] AXI S0_WVALID_RDY HANDSHAKE
[155000] S0 MEMORY WRITE beat=9 addr=0f728630 data=90a49e31cdfb2907 id=0c
[155000] MASTER 0 W_VALID_RDY Handshake beat=10 wlast=0
[165000] MASTER 0 W_VALID_RDY Handshake beat=11 wlast=0
[165000] AXI S0_WVALID_RDY HANDSHAKE
[165000] S0 MEMORY WRITE beat=10 addr=0f7286b0 data=ca05cf1f10074708 id=0c
[175000] AXI S0_WVALID_RDY HANDSHAKE
[175000] S0 MEMORY WRITE beat=11 addr=0f728730 data=cf6cfab18023ee34 id=0c
[175000] MASTER 0 W_VALID_RDY Handshake beat=12 wlast=0
[185000] MASTER 0 W_VALID_RDY Handshake beat=13 wlast=0
[185000] AXI S0_WVALID_RDY HANDSHAKE
[185000] S0 MEMORY WRITE beat=12 addr=0f7287b0 data=ce1f173c9e2f3aab id=0c
[195000] AXI S0_WVALID_RDY HANDSHAKE
[195000] S0 MEMORY WRITE beat=13 addr=0f728830 data=ae3681b3e01198e2 id=0c
[195000] MASTER 0 W_VALID_RDY Handshake beat=14 wlast=0
[205000] MASTER 0 W_VALID_RDY Handshake beat=15 wlast=0
[205000] AXI S0_WVALID_RDY HANDSHAKE
[205000] S0 MEMORY WRITE beat=14 addr=0f7288b0 data=e03587179824e65b id=0c
[215000] AXI S0_WVALID_RDY HANDSHAKE
[215000] S0 MEMORY WRITE beat=15 addr=0f728930 data=36542107fda37c64 id=0c
[215000] MASTER 0 W_VALID_RDY Handshake beat=16 wlast=0
[225000] MASTER 0 W_VALID_RDY Handshake beat=17 wlast=0
[225000] AXI S0_WVALID_RDY HANDSHAKE
[225000] S0 MEMORY WRITE beat=16 addr=0f7289b0 data=ddb515472e549e53 id=0c
[235000] AXI S0_WVALID_RDY HANDSHAKE
[235000] S0 MEMORY WRITE beat=17 addr=0f728a30 data=c67984aee48aa2ba id=0c
[235000] MASTER 0 W_VALID_RDY Handshake beat=18 wlast=0
[245000] MASTER 0 W_VALID_RDY Handshake beat=19 wlast=0
[245000] AXI S0_WVALID_RDY HANDSHAKE
[245000] S0 MEMORY WRITE beat=18 addr=0f728ab0 data=e22e1f1f3dea9c5e id=0c
[255000] AXI S0_WVALID_RDY HANDSHAKE
[255000] S0 MEMORY WRITE beat=19 addr=0f728b30 data=ec3f3ab1fccda5b5 id=0c
[255000] MASTER 0 W_VALID_RDY Handshake beat=20 wlast=0
[265000] MASTER 0 W_VALID_RDY Handshake beat=21 wlast=0
[265000] AXI S0_WVALID_RDY HANDSHAKE
[265000] S0 MEMORY WRITE beat=20 addr=0f728bb0 data=e15848703fe33466 id=0c
[275000] AXI S0_WVALID_RDY HANDSHAKE
[275000] S0 MEMORY WRITE beat=21 addr=0f728c30 data=fdcdd0c4b2b8bf5f id=0c
[275000] MASTER 0 W_VALID_RDY Handshake beat=22 wlast=0
[285000] MASTER 0 W_VALID_RDY Handshake beat=23 wlast=0
[285000] AXI S0_WVALID_RDY HANDSHAKE
[285000] S0 MEMORY WRITE beat=22 addr=0f728cb0 data=2f866515c386678f id=0c
[295000] AXI S0_WVALID_RDY HANDSHAKE
[295000] S0 MEMORY WRITE beat=23 addr=0f728d30 data=03699bf5ea0d0b75 id=0c
[295000] MASTER 0 W_VALID_RDY Handshake beat=24 wlast=0
[305000] MASTER 0 W_VALID_RDY Handshake beat=25 wlast=0
[305000] AXI S0_WVALID_RDY HANDSHAKE
[305000] S0 MEMORY WRITE beat=24 addr=0f728db0 data=9cc5cad410dead85 id=0c
[315000] AXI S0_WVALID_RDY HANDSHAKE
[315000] S0 MEMORY WRITE beat=25 addr=0f728e30 data=d465151401376cb9 id=0c
[315000] MASTER 0 W_VALID_RDY Handshake beat=26 wlast=0
[325000] MASTER 0 W_VALID_RDY Handshake beat=27 wlast=0
[325000] AXI S0_WVALID_RDY HANDSHAKE
[325000] S0 MEMORY WRITE beat=26 addr=0f728eb0 data=eb44782ecc4c2fe9 id=0c
[335000] AXI S0_WVALID_RDY HANDSHAKE
[335000] S0 MEMORY WRITE beat=27 addr=0f728f30 data=dd2add6ed7ceb109 id=0c
[335000] MASTER 0 W_VALID_RDY Handshake beat=28 wlast=0
[345000] MASTER 0 W_VALID_RDY Handshake beat=29 wlast=0
[345000] AXI S0_WVALID_RDY HANDSHAKE
[345000] S0 MEMORY WRITE beat=28 addr=0f728fb0 data=d9061dc2880a4302 id=0c
[355000] AXI S0_WVALID_RDY HANDSHAKE
[355000] S0 MEMORY WRITE beat=29 addr=0f729030 data=d45672ecb18ff282 id=0c
[355000] MASTER 0 W_VALID_RDY Handshake beat=30 wlast=0
[365000] MASTER 0 W_VALID_RDY Handshake beat=31 wlast=0
[365000] AXI S0_WVALID_RDY HANDSHAKE
[365000] S0 MEMORY WRITE beat=30 addr=0f7290b0 data=895ea38bc44a95f0 id=0c
[375000] AXI S0_WVALID_RDY HANDSHAKE
[375000] S0 MEMORY WRITE beat=31 addr=0f729130 data=cc54d8f2b181505a id=0c
[375000] MASTER 0 W_VALID_RDY Handshake beat=32 wlast=0
[385000] MASTER 0 W_VALID_RDY Handshake beat=33 wlast=0
[385000] AXI S0_WVALID_RDY HANDSHAKE
[385000] S0 MEMORY WRITE beat=32 addr=0f7291b0 data=e31142dde264c14d id=0c
[395000] AXI S0_WVALID_RDY HANDSHAKE
[395000] S0 MEMORY WRITE beat=33 addr=0f729230 data=a6af573da0ab4bde id=0c
[395000] MASTER 0 W_VALID_RDY Handshake beat=34 wlast=0
[405000] MASTER 0 W_VALID_RDY Handshake beat=35 wlast=0
[405000] AXI S0_WVALID_RDY HANDSHAKE
[405000] S0 MEMORY WRITE beat=34 addr=0f7292b0 data=d22c9c39ec6fe668 id=0c
[415000] AXI S0_WVALID_RDY HANDSHAKE
[415000] S0 MEMORY WRITE beat=35 addr=0f729330 data=ced4a7b6f3043030 id=0c
[415000] MASTER 0 W_VALID_RDY Handshake beat=36 wlast=0
[425000] MASTER 0 W_VALID_RDY Handshake beat=37 wlast=0
[425000] AXI S0_WVALID_RDY HANDSHAKE
[425000] S0 MEMORY WRITE beat=36 addr=0f7293b0 data=93af7c0e353ddf16 id=0c
[435000] AXI S0_WVALID_RDY HANDSHAKE
[435000] S0 MEMORY WRITE beat=37 addr=0f729430 data=a1adc57ef583fef3 id=0c
[435000] MASTER 0 W_VALID_RDY Handshake beat=38 wlast=0
[445000] MASTER 0 W_VALID_RDY Handshake beat=39 wlast=0
[445000] AXI S0_WVALID_RDY HANDSHAKE
[445000] S0 MEMORY WRITE beat=38 addr=0f7294b0 data=e8882f23e5dc1847 id=0c
[455000] AXI S0_WVALID_RDY HANDSHAKE
[455000] S0 MEMORY WRITE beat=39 addr=0f729530 data=9b19f75df0826d34 id=0c
[455000] MASTER 0 W_VALID_RDY Handshake beat=40 wlast=0
[465000] MASTER 0 W_VALID_RDY Handshake beat=41 wlast=0
[465000] AXI S0_WVALID_RDY HANDSHAKE
[465000] S0 MEMORY WRITE beat=40 addr=0f7295b0 data=e6066c28fc37ab32 id=0c
[475000] AXI S0_WVALID_RDY HANDSHAKE
[475000] S0 MEMORY WRITE beat=41 addr=0f729630 data=e213c3793cc7bcdc id=0c
[475000] MASTER 0 W_VALID_RDY Handshake beat=42 wlast=0
[485000] MASTER 0 W_VALID_RDY Handshake beat=43 wlast=0
[485000] AXI S0_WVALID_RDY HANDSHAKE
[485000] S0 MEMORY WRITE beat=42 addr=0f7296b0 data=ad4a2a10ce8e9b4b id=0c
[495000] AXI S0_WVALID_RDY HANDSHAKE
[495000] S0 MEMORY WRITE beat=43 addr=0f729730 data=cac6467dfd2dbad7 id=0c
[495000] MASTER 0 W_VALID_RDY Handshake beat=44 wlast=0
[505000] MASTER 0 W_VALID_RDY Handshake beat=45 wlast=0
[505000] AXI S0_WVALID_RDY HANDSHAKE
[505000] S0 MEMORY WRITE beat=44 addr=0f7297b0 data=39f577b393509638 id=0c
[515000] AXI S0_WVALID_RDY HANDSHAKE
[515000] S0 MEMORY WRITE beat=45 addr=0f729830 data=e1df31842cda09f7 id=0c
[515000] MASTER 0 W_VALID_RDY Handshake beat=46 wlast=0
[525000] MASTER 0 W_VALID_RDY Handshake beat=47 wlast=0
[525000] AXI S0_WVALID_RDY HANDSHAKE
[525000] S0 MEMORY WRITE beat=46 addr=0f7298b0 data=2a07c4cee73fa1c3 id=0c
[535000] AXI S0_WVALID_RDY HANDSHAKE
[535000] S0 MEMORY WRITE beat=47 addr=0f729930 data=fa9037fcaca57801 id=0c
[535000] MASTER 0 W_VALID_RDY Handshake beat=48 wlast=0
[545000] MASTER 0 W_VALID_RDY Handshake beat=49 wlast=0
[545000] AXI S0_WVALID_RDY HANDSHAKE
[545000] S0 MEMORY WRITE beat=48 addr=0f7299b0 data=d97f81f8e3fd3c81 id=0c
[555000] AXI S0_WVALID_RDY HANDSHAKE
[555000] S0 MEMORY WRITE beat=49 addr=0f729a30 data=cb3cde44dc6f6980 id=0c
[555000] MASTER 0 W_VALID_RDY Handshake beat=50 wlast=0
[565000] MASTER 0 W_VALID_RDY Handshake beat=51 wlast=0
[565000] AXI S0_WVALID_RDY HANDSHAKE
[565000] S0 MEMORY WRITE beat=50 addr=0f729ab0 data=8914e181838746c6 id=0c
[575000] AXI S0_WVALID_RDY HANDSHAKE
[575000] S0 MEMORY WRITE beat=51 addr=0f729b30 data=e7848347c5cd1640 id=0c
[575000] MASTER 0 W_VALID_RDY Handshake beat=52 wlast=0
[585000] MASTER 0 W_VALID_RDY Handshake beat=53 wlast=0
[585000] AXI S0_WVALID_RDY HANDSHAKE
[585000] S0 MEMORY WRITE beat=52 addr=0f729bb0 data=a23c7fc0e294637a id=0c
[595000] AXI S0_WVALID_RDY HANDSHAKE
[595000] S0 MEMORY WRITE beat=53 addr=0f729c30 data=e61baa4032c1618c id=0c
[595000] MASTER 0 W_VALID_RDY Handshake beat=54 wlast=0
[605000] MASTER 0 W_VALID_RDY Handshake beat=55 wlast=0
[605000] AXI S0_WVALID_RDY HANDSHAKE
[605000] S0 MEMORY WRITE beat=54 addr=0f729cb0 data=f88e77cc2b516142 id=0c
[615000] AXI S0_WVALID_RDY HANDSHAKE
[615000] S0 MEMORY WRITE beat=55 addr=0f729d30 data=0de5c4bccda02d88 id=0c
[615000] MASTER 0 W_VALID_RDY Handshake beat=56 wlast=0
[625000] MASTER 0 W_VALID_RDY Handshake beat=57 wlast=0
[625000] AXI S0_WVALID_RDY HANDSHAKE
[625000] S0 MEMORY WRITE beat=56 addr=0f729db0 data=00618f141acaf78d id=0c
[635000] AXI S0_WVALID_RDY HANDSHAKE
[635000] S0 MEMORY WRITE beat=57 addr=0f729e30 data=c61c58cff4016efc id=0c
[635000] MASTER 0 W_VALID_RDY Handshake beat=58 wlast=0
[645000] MASTER 0 W_VALID_RDY Handshake beat=59 wlast=0
[645000] AXI S0_WVALID_RDY HANDSHAKE
[645000] S0 MEMORY WRITE beat=58 addr=0f729eb0 data=c1a19c84f8f006e0 id=0c
[655000] AXI S0_WVALID_RDY HANDSHAKE
[655000] S0 MEMORY WRITE beat=59 addr=0f729f30 data=93bafe6dd4021d8b id=0c
[655000] MASTER 0 W_VALID_RDY Handshake beat=60 wlast=0
[665000] MASTER 0 W_VALID_RDY Handshake beat=61 wlast=0
[665000] AXI S0_WVALID_RDY HANDSHAKE
[665000] S0 MEMORY WRITE beat=60 addr=0f729fb0 data=c8038c87c2032b98 id=0c
[675000] AXI S0_WVALID_RDY HANDSHAKE
[675000] S0 MEMORY WRITE beat=61 addr=0f72a030 data=3af33279d9d7573c id=0c
[675000] MASTER 0 W_VALID_RDY Handshake beat=62 wlast=0
[685000] MASTER 0 W_VALID_RDY Handshake beat=63 wlast=0
[685000] AXI S0_WVALID_RDY HANDSHAKE
[685000] S0 MEMORY WRITE beat=62 addr=0f72a0b0 data=add974c709a5290c id=0c
[695000] AXI S0_WVALID_RDY HANDSHAKE
[695000] S0 MEMORY WRITE beat=63 addr=0f72a130 data=cba854a4ceae30e6 id=0c
[695000] MASTER 0 W_VALID_RDY Handshake beat=64 wlast=0
[705000] MASTER 0 W_VALID_RDY Handshake beat=65 wlast=0
[705000] AXI S0_WVALID_RDY HANDSHAKE
[705000] S0 MEMORY WRITE beat=64 addr=0f72a1b0 data=28858823f5dd014f id=0c
[715000] AXI S0_WVALID_RDY HANDSHAKE
[715000] S0 MEMORY WRITE beat=65 addr=0f72a230 data=ff822a5b869b871d id=0c
[715000] MASTER 0 W_VALID_RDY Handshake beat=66 wlast=0
[725000] MASTER 0 W_VALID_RDY Handshake beat=67 wlast=0
[725000] AXI S0_WVALID_RDY HANDSHAKE
[725000] S0 MEMORY WRITE beat=66 addr=0f72a2b0 data=d549b804d65efcea id=0c
[735000] AXI S0_WVALID_RDY HANDSHAKE
[735000] S0 MEMORY WRITE beat=67 addr=0f72a330 data=cc3bfe39cb2a7eff id=0c
[735000] MASTER 0 W_VALID_RDY Handshake beat=68 wlast=0
[745000] MASTER 0 W_VALID_RDY Handshake beat=69 wlast=0
[745000] AXI S0_WVALID_RDY HANDSHAKE
[745000] S0 MEMORY WRITE beat=68 addr=0f72a3b0 data=d1c6061dfdcf4027 id=0c
[755000] AXI S0_WVALID_RDY HANDSHAKE
[755000] S0 MEMORY WRITE beat=69 addr=0f72a430 data=d42e3d11cbbe2894 id=0c
[755000] MASTER 0 W_VALID_RDY Handshake beat=70 wlast=0
[765000] MASTER 0 W_VALID_RDY Handshake beat=71 wlast=0
[765000] AXI S0_WVALID_RDY HANDSHAKE
[765000] S0 MEMORY WRITE beat=70 addr=0f72a4b0 data=16e8a794270fbe21 id=0c
[775000] AXI S0_WVALID_RDY HANDSHAKE
[775000] S0 MEMORY WRITE beat=71 addr=0f72a530 data=24defe48206a3b4b id=0c
[775000] MASTER 0 W_VALID_RDY Handshake beat=72 wlast=0
[785000] MASTER 0 W_VALID_RDY Handshake beat=73 wlast=0
[785000] AXI S0_WVALID_RDY HANDSHAKE
[785000] S0 MEMORY WRITE beat=72 addr=0f72a5b0 data=ec2863dfe8aeadb1 id=0c
[795000] AXI S0_WVALID_RDY HANDSHAKE
[795000] S0 MEMORY WRITE beat=73 addr=0f72a630 data=0fbe6bd2f90d3b59 id=0c
[795000] MASTER 0 W_VALID_RDY Handshake beat=74 wlast=0
[805000] MASTER 0 W_VALID_RDY Handshake beat=75 wlast=0
[805000] AXI S0_WVALID_RDY HANDSHAKE
[805000] S0 MEMORY WRITE beat=74 addr=0f72a6b0 data=997776a483110b73 id=0c
[815000] AXI S0_WVALID_RDY HANDSHAKE
[815000] S0 MEMORY WRITE beat=75 addr=0f72a730 data=ebbfb924349d6a1a id=0c
[815000] MASTER 0 W_VALID_RDY Handshake beat=76 wlast=0
[825000] MASTER 0 W_VALID_RDY Handshake beat=77 wlast=0
[825000] AXI S0_WVALID_RDY HANDSHAKE
[825000] S0 MEMORY WRITE beat=76 addr=0f72a7b0 data=adaaa573059fda84 id=0c
[835000] AXI S0_WVALID_RDY HANDSHAKE
[835000] S0 MEMORY WRITE beat=77 addr=0f72a830 data=88b0e5f7fb7e24f6 id=0c
[835000] MASTER 0 W_VALID_RDY Handshake beat=78 wlast=0
[845000] MASTER 0 W_VALID_RDY Handshake beat=79 wlast=0
[845000] AXI S0_WVALID_RDY HANDSHAKE
[845000] S0 MEMORY WRITE beat=78 addr=0f72a8b0 data=b01b8f10c7221c18 id=0c
[855000] AXI S0_WVALID_RDY HANDSHAKE
[855000] S0 MEMORY WRITE beat=79 addr=0f72a930 data=ccc1f69cf4709f1c id=0c
[855000] MASTER 0 W_VALID_RDY Handshake beat=80 wlast=0
[865000] MASTER 0 W_VALID_RDY Handshake beat=81 wlast=0
[865000] AXI S0_WVALID_RDY HANDSHAKE
[865000] S0 MEMORY WRITE beat=80 addr=0f72a9b0 data=efeec412ddc63484 id=0c
[875000] AXI S0_WVALID_RDY HANDSHAKE
[875000] S0 MEMORY WRITE beat=81 addr=0f72aa30 data=24e8509cd572dc93 id=0c
[875000] MASTER 0 W_VALID_RDY Handshake beat=82 wlast=0
[885000] MASTER 0 W_VALID_RDY Handshake beat=83 wlast=0
[885000] AXI S0_WVALID_RDY HANDSHAKE
[885000] S0 MEMORY WRITE beat=82 addr=0f72aab0 data=c9e37baf200a5323 id=0c
[895000] AXI S0_WVALID_RDY HANDSHAKE
[895000] S0 MEMORY WRITE beat=83 addr=0f72ab30 data=fdd087a7f1aa4738 id=0c
[895000] MASTER 0 W_VALID_RDY Handshake beat=84 wlast=0
[905000] MASTER 0 W_VALID_RDY Handshake beat=85 wlast=0
[905000] AXI S0_WVALID_RDY HANDSHAKE
[905000] S0 MEMORY WRITE beat=84 addr=0f72abb0 data=c71d23cb39d23fc2 id=0c
[915000] AXI S0_WVALID_RDY HANDSHAKE
[915000] S0 MEMORY WRITE beat=85 addr=0f72ac30 data=d9dc92e522b8d843 id=0c
[915000] MASTER 0 W_VALID_RDY Handshake beat=86 wlast=0
[925000] MASTER 0 W_VALID_RDY Handshake beat=87 wlast=0
[925000] AXI S0_WVALID_RDY HANDSHAKE
[925000] S0 MEMORY WRITE beat=86 addr=0f72acb0 data=14631f7b11009f7b id=0c
[935000] AXI S0_WVALID_RDY HANDSHAKE
[935000] S0 MEMORY WRITE beat=87 addr=0f72ad30 data=cad2df3dd7ad1a8c id=0c
[935000] MASTER 0 W_VALID_RDY Handshake beat=88 wlast=0
[945000] MASTER 0 W_VALID_RDY Handshake beat=89 wlast=0
[945000] AXI S0_WVALID_RDY HANDSHAKE
[945000] S0 MEMORY WRITE beat=88 addr=0f72adb0 data=fa65f2cfdb804346 id=0c
[955000] AXI S0_WVALID_RDY HANDSHAKE
[955000] S0 MEMORY WRITE beat=89 addr=0f72ae30 data=ec80e2c124af7222 id=0c
[955000] MASTER 0 W_VALID_RDY Handshake beat=90 wlast=0
[965000] MASTER 0 W_VALID_RDY Handshake beat=91 wlast=0
[965000] AXI S0_WVALID_RDY HANDSHAKE
[965000] S0 MEMORY WRITE beat=90 addr=0f72aeb0 data=fc5c8cae0ec9124a id=0c
[975000] AXI S0_WVALID_RDY HANDSHAKE
[975000] S0 MEMORY WRITE beat=91 addr=0f72af30 data=ea495590b753c1fe id=0c
[975000] MASTER 0 W_VALID_RDY Handshake beat=92 wlast=0
[985000] MASTER 0 W_VALID_RDY Handshake beat=93 wlast=0
[985000] AXI S0_WVALID_RDY HANDSHAKE
[985000] S0 MEMORY WRITE beat=92 addr=0f72afb0 data=dc033420f6c27f7d id=0c
[995000] AXI S0_WVALID_RDY HANDSHAKE
[995000] S0 MEMORY WRITE beat=93 addr=0f72b030 data=058b91c7d6ca3852 id=0c
[995000] MASTER 0 W_VALID_RDY Handshake beat=94 wlast=0
[1005000] MASTER 0 W_VALID_RDY Handshake beat=95 wlast=0
[1005000] AXI S0_WVALID_RDY HANDSHAKE
[1005000] S0 MEMORY WRITE beat=94 addr=0f72b0b0 data=8e1dfa50d85fc0ce id=0c
[1015000] AXI S0_WVALID_RDY HANDSHAKE
[1015000] S0 MEMORY WRITE beat=95 addr=0f72b130 data=cf22404befd4e757 id=0c
[1015000] MASTER 0 W_VALID_RDY Handshake beat=96 wlast=0
[1025000] MASTER 0 W_VALID_RDY Handshake beat=97 wlast=0
[1025000] AXI S0_WVALID_RDY HANDSHAKE
[1025000] S0 MEMORY WRITE beat=96 addr=0f72b1b0 data=c69f1fa9ea212e71 id=0c
[1035000] AXI S0_WVALID_RDY HANDSHAKE
[1035000] S0 MEMORY WRITE beat=97 addr=0f72b230 data=c280ef3fd4add212 id=0c
[1035000] MASTER 0 W_VALID_RDY Handshake beat=98 wlast=0
[1045000] MASTER 0 W_VALID_RDY Handshake beat=99 wlast=0
[1045000] AXI S0_WVALID_RDY HANDSHAKE
[1045000] S0 MEMORY WRITE beat=98 addr=0f72b2b0 data=c482b96ad4bd19fa id=0c
[1055000] AXI S0_WVALID_RDY HANDSHAKE
[1055000] S0 MEMORY WRITE beat=99 addr=0f72b330 data=3ede486b11a32f8b id=0c
[1055000] MASTER 0 W_VALID_RDY Handshake beat=100 wlast=0
[1065000] MASTER 0 W_VALID_RDY Handshake beat=101 wlast=0
[1065000] AXI S0_WVALID_RDY HANDSHAKE
[1065000] S0 MEMORY WRITE beat=100 addr=0f72b3b0 data=e651019d8b21d913 id=0c
[1075000] AXI S0_WVALID_RDY HANDSHAKE
[1075000] S0 MEMORY WRITE beat=101 addr=0f72b430 data=dfdef30d815f37aa id=0c
[1075000] MASTER 0 W_VALID_RDY Handshake beat=102 wlast=0
[1085000] MASTER 0 W_VALID_RDY Handshake beat=103 wlast=0
[1085000] AXI S0_WVALID_RDY HANDSHAKE
[1085000] S0 MEMORY WRITE beat=102 addr=0f72b4b0 data=93026735aad3bb07 id=0c
[1095000] AXI S0_WVALID_RDY HANDSHAKE
[1095000] S0 MEMORY WRITE beat=103 addr=0f72b530 data=35f5941b9ebd3b78 id=0c
[1095000] MASTER 0 W_VALID_RDY Handshake beat=104 wlast=0
[1105000] MASTER 0 W_VALID_RDY Handshake beat=105 wlast=0
[1105000] AXI S0_WVALID_RDY HANDSHAKE
[1105000] S0 MEMORY WRITE beat=104 addr=0f72b5b0 data=201c7323f95368d3 id=0c
[1115000] AXI S0_WVALID_RDY HANDSHAKE
[1115000] S0 MEMORY WRITE beat=105 addr=0f72b630 data=a42723da95d48728 id=0c
[1115000] MASTER 0 W_VALID_RDY Handshake beat=106 wlast=0
[1125000] MASTER 0 W_VALID_RDY Handshake beat=107 wlast=0
[1125000] AXI S0_WVALID_RDY HANDSHAKE
[1125000] S0 MEMORY WRITE beat=106 addr=0f72b6b0 data=3491c2a1b31eda58 id=0c
[1135000] AXI S0_WVALID_RDY HANDSHAKE
[1135000] S0 MEMORY WRITE beat=107 addr=0f72b730 data=ac72432bda1cb7f5 id=0c
[1135000] MASTER 0 W_VALID_RDY Handshake beat=108 wlast=0
[1145000] MASTER 0 W_VALID_RDY Handshake beat=109 wlast=0
[1145000] AXI S0_WVALID_RDY HANDSHAKE
[1145000] S0 MEMORY WRITE beat=108 addr=0f72b7b0 data=eff13f1ed4ae35c4 id=0c
[1155000] AXI S0_WVALID_RDY HANDSHAKE
[1155000] S0 MEMORY WRITE beat=109 addr=0f72b830 data=87cd101cd0996706 id=0c
[1155000] MASTER 0 W_VALID_RDY Handshake beat=110 wlast=0
[1165000] MASTER 0 W_VALID_RDY Handshake beat=111 wlast=0
[1165000] AXI S0_WVALID_RDY HANDSHAKE
[1165000] S0 MEMORY WRITE beat=110 addr=0f72b8b0 data=aab61efb248301bf id=0c
[1175000] AXI S0_WVALID_RDY HANDSHAKE
[1175000] S0 MEMORY WRITE beat=111 addr=0f72b930 data=f9313783343f5348 id=0c
[1175000] MASTER 0 W_VALID_RDY Handshake beat=112 wlast=0
[1185000] MASTER 0 W_VALID_RDY Handshake beat=113 wlast=0
[1185000] AXI S0_WVALID_RDY HANDSHAKE
[1185000] S0 MEMORY WRITE beat=112 addr=0f72b9b0 data=04d8ba4e9aa75e19 id=0c
[1195000] AXI S0_WVALID_RDY HANDSHAKE
[1195000] S0 MEMORY WRITE beat=113 addr=0f72ba30 data=bf2a5fd880fe479f id=0c
[1195000] MASTER 0 W_VALID_RDY Handshake beat=114 wlast=0
[1205000] MASTER 0 W_VALID_RDY Handshake beat=115 wlast=0
[1205000] AXI S0_WVALID_RDY HANDSHAKE
[1205000] S0 MEMORY WRITE beat=114 addr=0f72bab0 data=b53d9ae7af8ed949 id=0c
[1215000] AXI S0_WVALID_RDY HANDSHAKE
[1215000] S0 MEMORY WRITE beat=115 addr=0f72bb30 data=ca363763b85b975b id=0c
[1215000] MASTER 0 W_VALID_RDY Handshake beat=116 wlast=0
[1225000] MASTER 0 W_VALID_RDY Handshake beat=117 wlast=0
[1225000] AXI S0_WVALID_RDY HANDSHAKE
[1225000] S0 MEMORY WRITE beat=116 addr=0f72bbb0 data=3959defbba165535 id=0c
[1235000] AXI S0_WVALID_RDY HANDSHAKE
[1235000] S0 MEMORY WRITE beat=117 addr=0f72bc30 data=e9a52e7f8960973b id=0c
[1235000] MASTER 0 W_VALID_RDY Handshake beat=118 wlast=0
[1245000] MASTER 0 W_VALID_RDY Handshake beat=119 wlast=0
[1245000] AXI S0_WVALID_RDY HANDSHAKE
[1245000] S0 MEMORY WRITE beat=118 addr=0f72bcb0 data=c1bc2e97ee9779e2 id=0c
[1255000] AXI S0_WVALID_RDY HANDSHAKE
[1255000] S0 MEMORY WRITE beat=119 addr=0f72bd30 data=28adcf1833db65e2 id=0c
[1255000] MASTER 0 W_VALID_RDY Handshake beat=120 wlast=0
[1265000] MASTER 0 W_VALID_RDY Handshake beat=121 wlast=0
[1265000] AXI S0_WVALID_RDY HANDSHAKE
[1265000] S0 MEMORY WRITE beat=120 addr=0f72bdb0 data=bd3bfd1dfb160d92 id=0c
[1275000] AXI S0_WVALID_RDY HANDSHAKE
[1275000] S0 MEMORY WRITE beat=121 addr=0f72be30 data=e9ad87741252fd97 id=0c
[1275000] MASTER 0 W_VALID_RDY Handshake beat=122 wlast=0
[1285000] MASTER 0 W_VALID_RDY Handshake beat=123 wlast=0
[1285000] AXI S0_WVALID_RDY HANDSHAKE
[1285000] S0 MEMORY WRITE beat=122 addr=0f72beb0 data=c62e6379fef82bb4 id=0c
[1295000] AXI S0_WVALID_RDY HANDSHAKE
[1295000] S0 MEMORY WRITE beat=123 addr=0f72bf30 data=fa0e3946925b568c id=0c
[1295000] MASTER 0 W_VALID_RDY Handshake beat=124 wlast=0
[1305000] MASTER 0 W_VALID_RDY Handshake beat=125 wlast=0
[1305000] AXI S0_WVALID_RDY HANDSHAKE
[1305000] S0 MEMORY WRITE beat=124 addr=0f72bfb0 data=a4ae5423836a6096 id=0c
[1315000] AXI S0_WVALID_RDY HANDSHAKE
[1315000] S0 MEMORY WRITE beat=125 addr=0f72c030 data=02628c4be3bbc0bb id=0c
[1315000] MASTER 0 W_VALID_RDY Handshake beat=126 wlast=0
[1325000] MASTER 0 W_VALID_RDY Handshake beat=127 wlast=0
[1325000] AXI S0_WVALID_RDY HANDSHAKE
[1325000] S0 MEMORY WRITE beat=126 addr=0f72c0b0 data=f6171747eadcb79c id=0c
[1335000] AXI S0_WVALID_RDY HANDSHAKE
[1335000] S0 MEMORY WRITE beat=127 addr=0f72c130 data=ee471833fc70c591 id=0c
[1335000] MASTER 0 W_VALID_RDY Handshake beat=128 wlast=0
[1345000] MASTER 0 W_VALID_RDY Handshake beat=129 wlast=0
[1345000] AXI S0_WVALID_RDY HANDSHAKE
[1345000] S0 MEMORY WRITE beat=128 addr=0f72c1b0 data=e02c864c1ac56b6b id=0c
[1355000] AXI S0_WVALID_RDY HANDSHAKE
[1355000] S0 MEMORY WRITE beat=129 addr=0f72c230 data=85a22307f0a9a47e id=0c
[1355000] MASTER 0 W_VALID_RDY Handshake beat=130 wlast=0
[1365000] MASTER 0 W_VALID_RDY Handshake beat=131 wlast=0
[1365000] AXI S0_WVALID_RDY HANDSHAKE
[1365000] S0 MEMORY WRITE beat=130 addr=0f72c2b0 data=ed1a6a0fd6439d94 id=0c
[1375000] AXI S0_WVALID_RDY HANDSHAKE
[1375000] S0 MEMORY WRITE beat=131 addr=0f72c330 data=f10908fff3e93b3a id=0c
[1375000] MASTER 0 W_VALID_RDY Handshake beat=132 wlast=0
[1385000] MASTER 0 W_VALID_RDY Handshake beat=133 wlast=0
[1385000] AXI S0_WVALID_RDY HANDSHAKE
[1385000] S0 MEMORY WRITE beat=132 addr=0f72c3b0 data=e492dfb8cd46f05c id=0c
[1395000] AXI S0_WVALID_RDY HANDSHAKE
[1395000] S0 MEMORY WRITE beat=133 addr=0f72c430 data=238a8df0f6ab2c06 id=0c
[1395000] MASTER 0 W_VALID_RDY Handshake beat=134 wlast=0
[1405000] MASTER 0 W_VALID_RDY Handshake beat=135 wlast=0
[1405000] AXI S0_WVALID_RDY HANDSHAKE
[1405000] S0 MEMORY WRITE beat=134 addr=0f72c4b0 data=ea946741d1ad49c8 id=0c
[1415000] AXI S0_WVALID_RDY HANDSHAKE
[1415000] S0 MEMORY WRITE beat=135 addr=0f72c530 data=1ef43a24149396ef id=0c
[1415000] MASTER 0 W_VALID_RDY Handshake beat=136 wlast=0
[1425000] MASTER 0 W_VALID_RDY Handshake beat=137 wlast=0
[1425000] AXI S0_WVALID_RDY HANDSHAKE
[1425000] S0 MEMORY WRITE beat=136 addr=0f72c5b0 data=8b3ec2f5cf2746f9 id=0c
[1435000] AXI S0_WVALID_RDY HANDSHAKE
[1435000] S0 MEMORY WRITE beat=137 addr=0f72c630 data=a0d490c1c27ec814 id=0c
[1435000] MASTER 0 W_VALID_RDY Handshake beat=138 wlast=0
[1445000] MASTER 0 W_VALID_RDY Handshake beat=139 wlast=0
[1445000] AXI S0_WVALID_RDY HANDSHAKE
[1445000] S0 MEMORY WRITE beat=138 addr=0f72c6b0 data=d7125f03f5d32a36 id=0c
[1455000] AXI S0_WVALID_RDY HANDSHAKE
[1455000] S0 MEMORY WRITE beat=139 addr=0f72c730 data=c4fa7130bfc8cae5 id=0c
[1455000] MASTER 0 W_VALID_RDY Handshake beat=140 wlast=0
[1465000] MASTER 0 W_VALID_RDY Handshake beat=141 wlast=0
[1465000] AXI S0_WVALID_RDY HANDSHAKE
[1465000] S0 MEMORY WRITE beat=140 addr=0f72c7b0 data=824792f9e25121f8 id=0c
[1475000] AXI S0_WVALID_RDY HANDSHAKE
[1475000] S0 MEMORY WRITE beat=141 addr=0f72c830 data=d8244c2fe5cf01f1 id=0c
[1475000] MASTER 0 W_VALID_RDY Handshake beat=142 wlast=0
[1485000] MASTER 0 W_VALID_RDY Handshake beat=143 wlast=0
[1485000] AXI S0_WVALID_RDY HANDSHAKE
[1485000] S0 MEMORY WRITE beat=142 addr=0f72c8b0 data=2597ccd7d959f1fc id=0c
[1495000] AXI S0_WVALID_RDY HANDSHAKE
[1495000] S0 MEMORY WRITE beat=143 addr=0f72c930 data=3bab13f51d1ebd5f id=0c
[1495000] MASTER 0 W_VALID_RDY Handshake beat=144 wlast=0
[1505000] MASTER 0 W_VALID_RDY Handshake beat=145 wlast=0
[1505000] AXI S0_WVALID_RDY HANDSHAKE
[1505000] S0 MEMORY WRITE beat=144 addr=0f72c9b0 data=82edbf50a7df5fd0 id=0c
[1515000] AXI S0_WVALID_RDY HANDSHAKE
[1515000] S0 MEMORY WRITE beat=145 addr=0f72ca30 data=013951cd13cf6024 id=0c
[1515000] MASTER 0 W_VALID_RDY Handshake beat=146 wlast=0
[1525000] MASTER 0 W_VALID_RDY Handshake beat=147 wlast=0
[1525000] AXI S0_WVALID_RDY HANDSHAKE
[1525000] S0 MEMORY WRITE beat=146 addr=0f72cab0 data=30ee1d83a8858c27 id=0c
[1535000] AXI S0_WVALID_RDY HANDSHAKE
[1535000] S0 MEMORY WRITE beat=147 addr=0f72cb30 data=d064ebf83ce465c2 id=0c
[1535000] MASTER 0 W_VALID_RDY Handshake beat=148 wlast=0
[1545000] MASTER 0 W_VALID_RDY Handshake beat=149 wlast=0
[1545000] AXI S0_WVALID_RDY HANDSHAKE
[1545000] S0 MEMORY WRITE beat=148 addr=0f72cbb0 data=d0b3c5e6b3dbdcd3 id=0c
[1555000] AXI S0_WVALID_RDY HANDSHAKE
[1555000] S0 MEMORY WRITE beat=149 addr=0f72cc30 data=dc6168fbd19e3dc5 id=0c
[1555000] MASTER 0 W_VALID_RDY Handshake beat=150 wlast=0
[1565000] MASTER 0 W_VALID_RDY Handshake beat=151 wlast=0
[1565000] AXI S0_WVALID_RDY HANDSHAKE
[1565000] S0 MEMORY WRITE beat=150 addr=0f72ccb0 data=0e82a38701a1e369 id=0c
[1575000] AXI S0_WVALID_RDY HANDSHAKE
[1575000] S0 MEMORY WRITE beat=151 addr=0f72cd30 data=b57dc03c2cc654f3 id=0c
[1575000] MASTER 0 W_VALID_RDY Handshake beat=152 wlast=0
[1585000] MASTER 0 W_VALID_RDY Handshake beat=153 wlast=0
[1585000] AXI S0_WVALID_RDY HANDSHAKE
[1585000] S0 MEMORY WRITE beat=152 addr=0f72cdb0 data=fe6492b8df36696d id=0c
[1595000] AXI S0_WVALID_RDY HANDSHAKE
[1595000] S0 MEMORY WRITE beat=153 addr=0f72ce30 data=e0d84cd691df2937 id=0c
[1595000] MASTER 0 W_VALID_RDY Handshake beat=154 wlast=0
[1605000] MASTER 0 W_VALID_RDY Handshake beat=155 wlast=0
[1605000] AXI S0_WVALID_RDY HANDSHAKE
[1605000] S0 MEMORY WRITE beat=154 addr=0f72ceb0 data=bea57e2a0ce7363f id=0c
[1615000] AXI S0_WVALID_RDY HANDSHAKE
[1615000] S0 MEMORY WRITE beat=155 addr=0f72cf30 data=ec1d9fac96560d12 id=0c
[1615000] MASTER 0 W_VALID_RDY Handshake beat=156 wlast=0
[1625000] MASTER 0 W_VALID_RDY Handshake beat=157 wlast=0
[1625000] AXI S0_WVALID_RDY HANDSHAKE
[1625000] S0 MEMORY WRITE beat=156 addr=0f72cfb0 data=2835364abd0a10e2 id=0c
[1635000] AXI S0_WVALID_RDY HANDSHAKE
[1635000] S0 MEMORY WRITE beat=157 addr=0f72d030 data=c9f14721ccf5ec82 id=0c
[1635000] MASTER 0 W_VALID_RDY Handshake beat=158 wlast=0
[1645000] MASTER 0 W_VALID_RDY Handshake beat=159 wlast=0
[1645000] AXI S0_WVALID_RDY HANDSHAKE
[1645000] S0 MEMORY WRITE beat=158 addr=0f72d0b0 data=e34bf994e6dab474 id=0c
[1655000] AXI S0_WVALID_RDY HANDSHAKE
[1655000] S0 MEMORY WRITE beat=159 addr=0f72d130 data=23e4c557b60ee6cd id=0c
[1655000] MASTER 0 W_VALID_RDY Handshake beat=160 wlast=0
[1665000] MASTER 0 W_VALID_RDY Handshake beat=161 wlast=0
[1665000] AXI S0_WVALID_RDY HANDSHAKE
[1665000] S0 MEMORY WRITE beat=160 addr=0f72d1b0 data=8304d34f8b812fde id=0c
[1675000] AXI S0_WVALID_RDY HANDSHAKE
[1675000] S0 MEMORY WRITE beat=161 addr=0f72d230 data=f25be453edd60c78 id=0c
[1675000] MASTER 0 W_VALID_RDY Handshake beat=162 wlast=0
[1685000] MASTER 0 W_VALID_RDY Handshake beat=163 wlast=0
[1685000] AXI S0_WVALID_RDY HANDSHAKE
[1685000] S0 MEMORY WRITE beat=162 addr=0f72d2b0 data=23e4f346e650cce4 id=0c
[1695000] AXI S0_WVALID_RDY HANDSHAKE
[1695000] S0 MEMORY WRITE beat=163 addr=0f72d330 data=f1d1fcc21640a9aa id=0c
[1695000] MASTER 0 W_VALID_RDY Handshake beat=164 wlast=0
[1705000] MASTER 0 W_VALID_RDY Handshake beat=165 wlast=0
[1705000] AXI S0_WVALID_RDY HANDSHAKE
[1705000] S0 MEMORY WRITE beat=164 addr=0f72d3b0 data=8416b622a6e9c695 id=0c
[1715000] AXI S0_WVALID_RDY HANDSHAKE
[1715000] S0 MEMORY WRITE beat=165 addr=0f72d430 data=8d3a9379e42de115 id=0c
[1715000] MASTER 0 W_VALID_RDY Handshake beat=166 wlast=0
[1725000] MASTER 0 W_VALID_RDY Handshake beat=167 wlast=0
[1725000] AXI S0_WVALID_RDY HANDSHAKE
[1725000] S0 MEMORY WRITE beat=166 addr=0f72d4b0 data=fa6e8abfa7fba968 id=0c
[1735000] AXI S0_WVALID_RDY HANDSHAKE
[1735000] S0 MEMORY WRITE beat=167 addr=0f72d530 data=cee56ffeff0c903c id=0c
[1735000] MASTER 0 W_VALID_RDY Handshake beat=168 wlast=0
[1745000] MASTER 0 W_VALID_RDY Handshake beat=169 wlast=0
[1745000] AXI S0_WVALID_RDY HANDSHAKE
[1745000] S0 MEMORY WRITE beat=168 addr=0f72d5b0 data=e33a7151fe8540e2 id=0c
[1755000] AXI S0_WVALID_RDY HANDSHAKE
[1755000] S0 MEMORY WRITE beat=169 addr=0f72d630 data=a680ea4adc200377 id=0c
[1755000] MASTER 0 W_VALID_RDY Handshake beat=170 wlast=0
[1765000] MASTER 0 W_VALID_RDY Handshake beat=171 wlast=0
[1765000] AXI S0_WVALID_RDY HANDSHAKE
[1765000] S0 MEMORY WRITE beat=170 addr=0f72d6b0 data=db2c93b3dda8fc11 id=0c
[1775000] AXI S0_WVALID_RDY HANDSHAKE
[1775000] S0 MEMORY WRITE beat=171 addr=0f72d730 data=dc2e3cf3f5665a48 id=0c
[1775000] MASTER 0 W_VALID_RDY Handshake beat=172 wlast=0
[1785000] MASTER 0 W_VALID_RDY Handshake beat=173 wlast=0
[1785000] AXI S0_WVALID_RDY HANDSHAKE
[1785000] S0 MEMORY WRITE beat=172 addr=0f72d7b0 data=d1865dc03e670505 id=0c
[1795000] AXI S0_WVALID_RDY HANDSHAKE
[1795000] S0 MEMORY WRITE beat=173 addr=0f72d830 data=1c10011682af273d id=0c
[1795000] MASTER 0 W_VALID_RDY Handshake beat=174 wlast=0
[1805000] MASTER 0 W_VALID_RDY Handshake beat=175 wlast=0
[1805000] AXI S0_WVALID_RDY HANDSHAKE
[1805000] S0 MEMORY WRITE beat=174 addr=0f72d8b0 data=f8158186acb2f173 id=0c
[1815000] AXI S0_WVALID_RDY HANDSHAKE
[1815000] S0 MEMORY WRITE beat=175 addr=0f72d930 data=eb19f678f83e3e09 id=0c
[1815000] MASTER 0 W_VALID_RDY Handshake beat=176 wlast=0
[1825000] MASTER 0 W_VALID_RDY Handshake beat=177 wlast=0
[1825000] AXI S0_WVALID_RDY HANDSHAKE
[1825000] S0 MEMORY WRITE beat=176 addr=0f72d9b0 data=faed6546c99bdf46 id=0c
[1835000] AXI S0_WVALID_RDY HANDSHAKE
[1835000] S0 MEMORY WRITE beat=177 addr=0f72da30 data=f64ed0b98729f78e id=0c
[1835000] MASTER 0 W_VALID_RDY Handshake beat=178 wlast=0
[1845000] MASTER 0 W_VALID_RDY Handshake beat=179 wlast=0
[1845000] AXI S0_WVALID_RDY HANDSHAKE
[1845000] S0 MEMORY WRITE beat=178 addr=0f72dab0 data=ff683597f302e6cc id=0c
[1855000] AXI S0_WVALID_RDY HANDSHAKE
[1855000] S0 MEMORY WRITE beat=179 addr=0f72db30 data=bc9ec612e168c732 id=0c
[1855000] MASTER 0 W_VALID_RDY Handshake beat=180 wlast=0
[1865000] MASTER 0 W_VALID_RDY Handshake beat=181 wlast=0
[1865000] AXI S0_WVALID_RDY HANDSHAKE
[1865000] S0 MEMORY WRITE beat=180 addr=0f72dbb0 data=e892bec0fa559ade id=0c
[1875000] AXI S0_WVALID_RDY HANDSHAKE
[1875000] S0 MEMORY WRITE beat=181 addr=0f72dc30 data=ed5881aa32ed96cc id=0c
[1875000] MASTER 0 W_VALID_RDY Handshake beat=182 wlast=0
[1885000] MASTER 0 W_VALID_RDY Handshake beat=183 wlast=0
[1885000] AXI S0_WVALID_RDY HANDSHAKE
[1885000] S0 MEMORY WRITE beat=182 addr=0f72dcb0 data=14565dfee7faf458 id=0c
[1895000] AXI S0_WVALID_RDY HANDSHAKE
[1895000] S0 MEMORY WRITE beat=183 addr=0f72dd30 data=e2508f3629f747bd id=0c
[1895000] MASTER 0 W_VALID_RDY Handshake beat=184 wlast=0
[1905000] MASTER 0 W_VALID_RDY Handshake beat=185 wlast=0
[1905000] AXI S0_WVALID_RDY HANDSHAKE
[1905000] S0 MEMORY WRITE beat=184 addr=0f72ddb0 data=dce4de89fce91cbe id=0c
[1915000] AXI S0_WVALID_RDY HANDSHAKE
[1915000] S0 MEMORY WRITE beat=185 addr=0f72de30 data=e4e41116cfa910e0 id=0c
[1915000] MASTER 0 W_VALID_RDY Handshake beat=186 wlast=0
[1925000] MASTER 0 W_VALID_RDY Handshake beat=187 wlast=0
[1925000] AXI S0_WVALID_RDY HANDSHAKE
[1925000] S0 MEMORY WRITE beat=186 addr=0f72deb0 data=f9a0589df13b3c87 id=0c
[1935000] AXI S0_WVALID_RDY HANDSHAKE
[1935000] S0 MEMORY WRITE beat=187 addr=0f72df30 data=ee245945c734a04c id=0c
[1935000] MASTER 0 W_VALID_RDY Handshake beat=188 wlast=0
[1945000] MASTER 0 W_VALID_RDY Handshake beat=189 wlast=0
[1945000] AXI S0_WVALID_RDY HANDSHAKE
[1945000] S0 MEMORY WRITE beat=188 addr=0f72dfb0 data=16ddb12dd6853726 id=0c
[1955000] AXI S0_WVALID_RDY HANDSHAKE
[1955000] S0 MEMORY WRITE beat=189 addr=0f72e030 data=c7c073add3086a5c id=0c
[1955000] MASTER 0 W_VALID_RDY Handshake beat=190 wlast=0
[1965000] MASTER 0 W_VALID_RDY Handshake beat=191 wlast=0
[1965000] AXI S0_WVALID_RDY HANDSHAKE
[1965000] S0 MEMORY WRITE beat=190 addr=0f72e0b0 data=9a3d0aa8907e09ca id=0c
[1975000] AXI S0_WVALID_RDY HANDSHAKE
[1975000] S0 MEMORY WRITE beat=191 addr=0f72e130 data=e70340f135e4ccf3 id=0c
[1975000] MASTER 0 W_VALID_RDY Handshake beat=192 wlast=0
[1985000] MASTER 0 W_VALID_RDY Handshake beat=193 wlast=0
[1985000] AXI S0_WVALID_RDY HANDSHAKE
[1985000] S0 MEMORY WRITE beat=192 addr=0f72e1b0 data=08ed374fb11abbd5 id=0c
[1995000] AXI S0_WVALID_RDY HANDSHAKE
[1995000] S0 MEMORY WRITE beat=193 addr=0f72e230 data=c198c5a0aec3b49e id=0c
[1995000] MASTER 0 W_VALID_RDY Handshake beat=194 wlast=0
[2005000] MASTER 0 W_VALID_RDY Handshake beat=195 wlast=0
[2005000] AXI S0_WVALID_RDY HANDSHAKE
[2005000] S0 MEMORY WRITE beat=194 addr=0f72e2b0 data=e4a88191a32a41f7 id=0c
[2015000] AXI S0_WVALID_RDY HANDSHAKE
[2015000] S0 MEMORY WRITE beat=195 addr=0f72e330 data=d444fdcd289c0691 id=0c
[2015000] MASTER 0 W_VALID_RDY Handshake beat=196 wlast=0
[2025000] MASTER 0 W_VALID_RDY Handshake beat=197 wlast=0
[2025000] AXI S0_WVALID_RDY HANDSHAKE
[2025000] S0 MEMORY WRITE beat=196 addr=0f72e3b0 data=d75fbb2fed95b8e0 id=0c
[2035000] AXI S0_WVALID_RDY HANDSHAKE
[2035000] S0 MEMORY WRITE beat=197 addr=0f72e430 data=10bffad815ddc36d id=0c
[2035000] MASTER 0 W_VALID_RDY Handshake beat=198 wlast=0
[2045000] MASTER 0 W_VALID_RDY Handshake beat=199 wlast=0
[2045000] AXI S0_WVALID_RDY HANDSHAKE
[2045000] S0 MEMORY WRITE beat=198 addr=0f72e4b0 data=3e79c9fe3c083cc1 id=0c
[2055000] AXI S0_WVALID_RDY HANDSHAKE
[2055000] S0 MEMORY WRITE beat=199 addr=0f72e530 data=a99df5a1e504f8a5 id=0c
[2055000] MASTER 0 W_VALID_RDY Handshake beat=200 wlast=0
[2065000] MASTER 0 W_VALID_RDY Handshake beat=201 wlast=0
[2065000] AXI S0_WVALID_RDY HANDSHAKE
[2065000] S0 MEMORY WRITE beat=200 addr=0f72e5b0 data=fae2bc1295d9852d id=0c
[2075000] AXI S0_WVALID_RDY HANDSHAKE
[2075000] S0 MEMORY WRITE beat=201 addr=0f72e630 data=d1e1c1eeba5df079 id=0c
[2075000] MASTER 0 W_VALID_RDY Handshake beat=202 wlast=0
[2085000] MASTER 0 W_VALID_RDY Handshake beat=203 wlast=0
[2085000] AXI S0_WVALID_RDY HANDSHAKE
[2085000] S0 MEMORY WRITE beat=202 addr=0f72e6b0 data=9f62e91e395c8610 id=0c
[2095000] AXI S0_WVALID_RDY HANDSHAKE
[2095000] S0 MEMORY WRITE beat=203 addr=0f72e730 data=cf360b3dfb7fb790 id=0c
[2095000] MASTER 0 W_VALID_RDY Handshake beat=204 wlast=0
[2105000] MASTER 0 W_VALID_RDY Handshake beat=205 wlast=0
[2105000] AXI S0_WVALID_RDY HANDSHAKE
[2105000] S0 MEMORY WRITE beat=204 addr=0f72e7b0 data=b5dda8099a45a530 id=0c
[2115000] AXI S0_WVALID_RDY HANDSHAKE
[2115000] S0 MEMORY WRITE beat=205 addr=0f72e830 data=d3a22b402117cd2c id=0c
[2115000] MASTER 0 W_VALID_RDY Handshake beat=206 wlast=0
[2125000] MASTER 0 W_VALID_RDY Handshake beat=207 wlast=0
[2125000] AXI S0_WVALID_RDY HANDSHAKE
[2125000] S0 MEMORY WRITE beat=206 addr=0f72e8b0 data=1c9784bcd5409128 id=0c
[2135000] AXI S0_WVALID_RDY HANDSHAKE
[2135000] S0 MEMORY WRITE beat=207 addr=0f72e930 data=ef86365822d8367e id=0c
[2135000] MASTER 0 W_VALID_RDY Handshake beat=208 wlast=0
[2145000] MASTER 0 W_VALID_RDY Handshake beat=209 wlast=0
[2145000] AXI S0_WVALID_RDY HANDSHAKE
[2145000] S0 MEMORY WRITE beat=208 addr=0f72e9b0 data=c3f003aad2752cc5 id=0c
[2155000] AXI S0_WVALID_RDY HANDSHAKE
[2155000] S0 MEMORY WRITE beat=209 addr=0f72ea30 data=a7b5bdedc3286199 id=0c
[2155000] MASTER 0 W_VALID_RDY Handshake beat=210 wlast=0
[2165000] MASTER 0 W_VALID_RDY Handshake beat=211 wlast=0
[2165000] AXI S0_WVALID_RDY HANDSHAKE
[2165000] S0 MEMORY WRITE beat=210 addr=0f72eab0 data=e6009817e0878866 id=0c
[2175000] AXI S0_WVALID_RDY HANDSHAKE
[2175000] S0 MEMORY WRITE beat=211 addr=0f72eb30 data=b2fcb52b173bf446 id=0c
[2175000] MASTER 0 W_VALID_RDY Handshake beat=212 wlast=0
[2185000] MASTER 0 W_VALID_RDY Handshake beat=213 wlast=0
[2185000] AXI S0_WVALID_RDY HANDSHAKE
[2185000] S0 MEMORY WRITE beat=212 addr=0f72ebb0 data=da6455df29f09bc1 id=0c
[2195000] AXI S0_WVALID_RDY HANDSHAKE
[2195000] S0 MEMORY WRITE beat=213 addr=0f72ec30 data=0a782427dab27319 id=0c
[2195000] MASTER 0 W_VALID_RDY Handshake beat=214 wlast=0
[2205000] MASTER 0 W_VALID_RDY Handshake beat=215 wlast=0
[2205000] AXI S0_WVALID_RDY HANDSHAKE
[2205000] S0 MEMORY WRITE beat=214 addr=0f72ecb0 data=f1ee675fc064edf6 id=0c
[2215000] AXI S0_WVALID_RDY HANDSHAKE
[2215000] S0 MEMORY WRITE beat=215 addr=0f72ed30 data=ea5589b7bd74d952 id=0c
[2215000] MASTER 0 W_VALID_RDY Handshake beat=216 wlast=0
[2225000] MASTER 0 W_VALID_RDY Handshake beat=217 wlast=0
[2225000] AXI S0_WVALID_RDY HANDSHAKE
[2225000] S0 MEMORY WRITE beat=216 addr=0f72edb0 data=98274c6bcc52bd3e id=0c
[2235000] AXI S0_WVALID_RDY HANDSHAKE
[2235000] S0 MEMORY WRITE beat=217 addr=0f72ee30 data=0cb7ab34f4cdadde id=0c
[2235000] MASTER 0 W_VALID_RDY Handshake beat=218 wlast=0
[2245000] MASTER 0 W_VALID_RDY Handshake beat=219 wlast=0
[2245000] AXI S0_WVALID_RDY HANDSHAKE
[2245000] S0 MEMORY WRITE beat=218 addr=0f72eeb0 data=b24287308a15b3ca id=0c
[2255000] AXI S0_WVALID_RDY HANDSHAKE
[2255000] S0 MEMORY WRITE beat=219 addr=0f72ef30 data=d6687108f70d34eb id=0c
[2255000] MASTER 0 W_VALID_RDY Handshake beat=220 wlast=0
[2265000] MASTER 0 W_VALID_RDY Handshake beat=221 wlast=0
[2265000] AXI S0_WVALID_RDY HANDSHAKE
[2265000] S0 MEMORY WRITE beat=220 addr=0f72efb0 data=ebdae2c9ca69d39c id=0c
[2275000] AXI S0_WVALID_RDY HANDSHAKE
[2275000] S0 MEMORY WRITE beat=221 addr=0f72f030 data=d47f8766e3201c3c id=0c
[2275000] MASTER 0 W_VALID_RDY Handshake beat=222 wlast=0
[2285000] MASTER 0 W_VALID_RDY Handshake beat=223 wlast=0
[2285000] AXI S0_WVALID_RDY HANDSHAKE
[2285000] S0 MEMORY WRITE beat=222 addr=0f72f0b0 data=da2d51279e1d69f9 id=0c
[2295000] AXI S0_WVALID_RDY HANDSHAKE
[2295000] S0 MEMORY WRITE beat=223 addr=0f72f130 data=e8873d952ae7f86f id=0c
[2295000] MASTER 0 W_VALID_RDY Handshake beat=224 wlast=0
[2305000] MASTER 0 W_VALID_RDY Handshake beat=225 wlast=0
[2305000] AXI S0_WVALID_RDY HANDSHAKE
[2305000] S0 MEMORY WRITE beat=224 addr=0f72f1b0 data=8e0814abc60833f0 id=0c
[2315000] AXI S0_WVALID_RDY HANDSHAKE
[2315000] S0 MEMORY WRITE beat=225 addr=0f72f230 data=e4259dea3d06c4fc id=0c
[2315000] MASTER 0 W_VALID_RDY Handshake beat=226 wlast=0
[2325000] MASTER 0 W_VALID_RDY Handshake beat=227 wlast=0
[2325000] AXI S0_WVALID_RDY HANDSHAKE
[2325000] S0 MEMORY WRITE beat=226 addr=0f72f2b0 data=e7eebd6be83565d3 id=0c
[2335000] AXI S0_WVALID_RDY HANDSHAKE
[2335000] S0 MEMORY WRITE beat=227 addr=0f72f330 data=ae3d99c3ccacdb7f id=0c
[2335000] MASTER 0 W_VALID_RDY Handshake beat=228 wlast=0
[2345000] MASTER 0 W_VALID_RDY Handshake beat=229 wlast=0
[2345000] AXI S0_WVALID_RDY HANDSHAKE
[2345000] S0 MEMORY WRITE beat=228 addr=0f72f3b0 data=89b3a07bf5f6d216 id=0c
[2355000] AXI S0_WVALID_RDY HANDSHAKE
[2355000] S0 MEMORY WRITE beat=229 addr=0f72f430 data=de2c37e9926337ad id=0c
[2355000] MASTER 0 W_VALID_RDY Handshake beat=230 wlast=0
[2365000] MASTER 0 W_VALID_RDY Handshake beat=231 wlast=0
[2365000] AXI S0_WVALID_RDY HANDSHAKE
[2365000] S0 MEMORY WRITE beat=230 addr=0f72f4b0 data=df10132df1a25de6 id=0c
[2375000] AXI S0_WVALID_RDY HANDSHAKE
[2375000] S0 MEMORY WRITE beat=231 addr=0f72f530 data=e7992ffd0c69d1ad id=0c
[2375000] MASTER 0 W_VALID_RDY Handshake beat=232 wlast=1
[2375000] MASTER_DRIVER0 received transaction, op=AXI_WRITE
[2385000] AXI S0_WVALID_RDY HANDSHAKE
[2385000] S0 MEMORY WRITE beat=232 addr=0f72f5b0 data=9ecd095ae8c3b3a8 id=0c
[2395000] SLAVE0 sent B resp, id=12
[2395000] [SLAVE MONITOR] mst_id=0 s_id=0 awaddr=f7281b0 awid=1100 awlen=232 awsize=7 awburst=1 wdata=[d089531fdd535989 ba8ff8601fc8c225 cdb7125bc03b738a 9d8ecd13e3bf1608 387d82d9e40657a de7bd904d81ec574 3bdddb7cd13eea88 ef7f5003fc0aa618 d4296b8c3f65b3a9 90a49e31cdfb2907 ca05cf1f10074708 cf6cfab18023ee34 ce1f173c9e2f3aab ae3681b3e01198e2 e03587179824e65b 36542107fda37c64 ddb515472e549e53 c67984aee48aa2ba e22e1f1f3dea9c5e ec3f3ab1fccda5b5 e15848703fe33466 fdcdd0c4b2b8bf5f 2f866515c386678f 3699bf5ea0d0b75 9cc5cad410dead85 d465151401376cb9 eb44782ecc4c2fe9 dd2add6ed7ceb109 d9061dc2880a4302 d45672ecb18ff282 895ea38bc44a95f0 cc54d8f2b181505a e31142dde264c14d a6af573da0ab4bde d22c9c39ec6fe668 ced4a7b6f3043030 93af7c0e353ddf16 a1adc57ef583fef3 e8882f23e5dc1847 9b19f75df0826d34 e6066c28fc37ab32 e213c3793cc7bcdc ad4a2a10ce8e9b4b cac6467dfd2dbad7 39f577b393509638 e1df31842cda09f7 2a07c4cee73fa1c3 fa9037fcaca57801 d97f81f8e3fd3c81 cb3cde44dc6f6980 8914e181838746c6 e7848347c5cd1640 a23c7fc0e294637a e61baa4032c1618c f88e77cc2b516142 de5c4bccda02d88 618f141acaf78d c61c58cff4016efc c1a19c84f8f006e0 93bafe6dd4021d8b c8038c87c2032b98 3af33279d9d7573c add974c709a5290c cba854a4ceae30e6 28858823f5dd014f ff822a5b869b871d d549b804d65efcea cc3bfe39cb2a7eff d1c6061dfdcf4027 d42e3d11cbbe2894 16e8a794270fbe21 24defe48206a3b4b ec2863dfe8aeadb1 fbe6bd2f90d3b59 997776a483110b73 ebbfb924349d6a1a adaaa573059fda84 88b0e5f7fb7e24f6 b01b8f10c7221c18 ccc1f69cf4709f1c efeec412ddc63484 24e8509cd572dc93 c9e37baf200a5323 fdd087a7f1aa4738 c71d23cb39d23fc2 d9dc92e522b8d843 14631f7b11009f7b cad2df3dd7ad1a8c fa65f2cfdb804346 ec80e2c124af7222 fc5c8cae0ec9124a ea495590b753c1fe dc033420f6c27f7d 58b91c7d6ca3852 8e1dfa50d85fc0ce cf22404befd4e757 c69f1fa9ea212e71 c280ef3fd4add212 c482b96ad4bd19fa 3ede486b11a32f8b e651019d8b21d913 dfdef30d815f37aa 93026735aad3bb07 35f5941b9ebd3b78 201c7323f95368d3 a42723da95d48728 3491c2a1b31eda58 ac72432bda1cb7f5 eff13f1ed4ae35c4 87cd101cd0996706 aab61efb248301bf f9313783343f5348 4d8ba4e9aa75e19 bf2a5fd880fe479f b53d9ae7af8ed949 ca363763b85b975b 3959defbba165535 e9a52e7f8960973b c1bc2e97ee9779e2 28adcf1833db65e2 bd3bfd1dfb160d92 e9ad87741252fd97 c62e6379fef82bb4 fa0e3946925b568c a4ae5423836a6096 2628c4be3bbc0bb f6171747eadcb79c ee471833fc70c591 e02c864c1ac56b6b 85a22307f0a9a47e ed1a6a0fd6439d94 f10908fff3e93b3a e492dfb8cd46f05c 238a8df0f6ab2c06 ea946741d1ad49c8 1ef43a24149396ef 8b3ec2f5cf2746f9 a0d490c1c27ec814 d7125f03f5d32a36 c4fa7130bfc8cae5 824792f9e25121f8 d8244c2fe5cf01f1 2597ccd7d959f1fc 3bab13f51d1ebd5f 82edbf50a7df5fd0 13951cd13cf6024 30ee1d83a8858c27 d064ebf83ce465c2 d0b3c5e6b3dbdcd3 dc6168fbd19e3dc5 e82a38701a1e369 b57dc03c2cc654f3 fe6492b8df36696d e0d84cd691df2937 bea57e2a0ce7363f ec1d9fac96560d12 2835364abd0a10e2 c9f14721ccf5ec82 e34bf994e6dab474 23e4c557b60ee6cd 8304d34f8b812fde f25be453edd60c78 23e4f346e650cce4 f1d1fcc21640a9aa 8416b622a6e9c695 8d3a9379e42de115 fa6e8abfa7fba968 cee56ffeff0c903c e33a7151fe8540e2 a680ea4adc200377 db2c93b3dda8fc11 dc2e3cf3f5665a48 d1865dc03e670505 1c10011682af273d f8158186acb2f173 eb19f678f83e3e09 faed6546c99bdf46 f64ed0b98729f78e ff683597f302e6cc bc9ec612e168c732 e892bec0fa559ade ed5881aa32ed96cc 14565dfee7faf458 e2508f3629f747bd dce4de89fce91cbe e4e41116cfa910e0 f9a0589df13b3c87 ee245945c734a04c 16ddb12dd6853726 c7c073add3086a5c 9a3d0aa8907e09ca e70340f135e4ccf3 8ed374fb11abbd5 c198c5a0aec3b49e e4a88191a32a41f7 d444fdcd289c0691 d75fbb2fed95b8e0 10bffad815ddc36d 3e79c9fe3c083cc1 a99df5a1e504f8a5 fae2bc1295d9852d d1e1c1eeba5df079 9f62e91e395c8610 cf360b3dfb7fb790 b5dda8099a45a530 d3a22b402117cd2c 1c9784bcd5409128 ef86365822d8367e c3f003aad2752cc5 a7b5bdedc3286199 e6009817e0878866 b2fcb52b173bf446 da6455df29f09bc1 a782427dab27319 f1ee675fc064edf6 ea5589b7bd74d952 98274c6bcc52bd3e cb7ab34f4cdadde b24287308a15b3ca d6687108f70d34eb ebdae2c9ca69d39c d47f8766e3201c3c da2d51279e1d69f9 e8873d952ae7f86f 8e0814abc60833f0 e4259dea3d06c4fc e7eebd6be83565d3 ae3d99c3ccacdb7f 89b3a07bf5f6d216 de2c37e9926337ad df10132df1a25de6 e7992ffd0c69d1ad 9ecd095ae8c3b3a8 ] wstrb=[e6 8f 87 93 8c 30 ee 72 bf 75 6 4b a5 f4 bd 64 69 c3 af f b7 6d 73 21 30 23 30 e8 90 a3 9 c0 c6 39 a8 56 dc b1 17 a3 ea bf f9 c7 71 10 6a 5b d0 63 22 41 74 8c 9c 44 f0 bf 85 64 4b 21 a8 3b e0 2d 9f 2c 4e 47 67 2f 74 7 5b c3 4e c2 f2 c3 c9 4d 86 18 f 78 db d9 c5 61 f1 d4 d9 cc ad 9e 2d 9e 72 6 6a 20 a4 97 be 16 9d 29 36 41 c0 f5 58 5e 1e 8e 9f de 83 f7 3c a1 86 dc 80 9 d3 bc ab 59 98 2b 63 6c e7 e c5 80 39 28 ec 20 36 b1 a0 6f da 8c 90 10 3e 30 80 18 bd 10 28 fb 40 a8 13 fd b8 3b f8 f9 e4 b f6 9c 47 ef 95 2b fa 8c c7 41 7b 5d 6c 75 e9 34 b7 64 91 23 d9 7a 57 90 de e8 b4 b7 62 b 48 40 f4 fc f8 56 7 40 97 fb 3c 8f 52 43 cf e9 3f b 78 91 4e 47 7a 8d 52 f2 1e a0 39 98 2e 8b 8a 4c 2b ] bresp=0 bid=1100
[2395000] MASTER 0 AW_VALID_RDY Handshake
[2405000] ARB MONITOR: slave=0 m0_req=1 m1_req=1 winner=1
[2405000] AXI S0_AWVALID_RDY HANDSHAKE
[2405000] SCOREBOARD MATCH: arbitration winner (slave 0) expected = 1, actual =1
[2415000] AXI S0_WVALID_RDY HANDSHAKE
[2415000] S0 MEMORY WRITE beat=0 addr=01cb6840 data=1aa7019fe6625091 id=15
[2415000] MASTER 0 W_VALID_RDY Handshake beat=0 wlast=0
[2415000] MASTER 0 B_VALID_RDY Handshake
[2415000] [MASTER MONITOR] mst_id=0 s_id=0 awaddr=f7281b0 awid=1100 awlen=232 awsize=7 awburst=1 wdata=[d089531fdd535989 ba8ff8601fc8c225 cdb7125bc03b738a 9d8ecd13e3bf1608 387d82d9e40657a de7bd904d81ec574 3bdddb7cd13eea88 ef7f5003fc0aa618 d4296b8c3f65b3a9 90a49e31cdfb2907 ca05cf1f10074708 cf6cfab18023ee34 ce1f173c9e2f3aab ae3681b3e01198e2 e03587179824e65b 36542107fda37c64 ddb515472e549e53 c67984aee48aa2ba e22e1f1f3dea9c5e ec3f3ab1fccda5b5 e15848703fe33466 fdcdd0c4b2b8bf5f 2f866515c386678f 3699bf5ea0d0b75 9cc5cad410dead85 d465151401376cb9 eb44782ecc4c2fe9 dd2add6ed7ceb109 d9061dc2880a4302 d45672ecb18ff282 895ea38bc44a95f0 cc54d8f2b181505a e31142dde264c14d a6af573da0ab4bde d22c9c39ec6fe668 ced4a7b6f3043030 93af7c0e353ddf16 a1adc57ef583fef3 e8882f23e5dc1847 9b19f75df0826d34 e6066c28fc37ab32 e213c3793cc7bcdc ad4a2a10ce8e9b4b cac6467dfd2dbad7 39f577b393509638 e1df31842cda09f7 2a07c4cee73fa1c3 fa9037fcaca57801 d97f81f8e3fd3c81 cb3cde44dc6f6980 8914e181838746c6 e7848347c5cd1640 a23c7fc0e294637a e61baa4032c1618c f88e77cc2b516142 de5c4bccda02d88 618f141acaf78d c61c58cff4016efc c1a19c84f8f006e0 93bafe6dd4021d8b c8038c87c2032b98 3af33279d9d7573c add974c709a5290c cba854a4ceae30e6 28858823f5dd014f ff822a5b869b871d d549b804d65efcea cc3bfe39cb2a7eff d1c6061dfdcf4027 d42e3d11cbbe2894 16e8a794270fbe21 24defe48206a3b4b ec2863dfe8aeadb1 fbe6bd2f90d3b59 997776a483110b73 ebbfb924349d6a1a adaaa573059fda84 88b0e5f7fb7e24f6 b01b8f10c7221c18 ccc1f69cf4709f1c efeec412ddc63484 24e8509cd572dc93 c9e37baf200a5323 fdd087a7f1aa4738 c71d23cb39d23fc2 d9dc92e522b8d843 14631f7b11009f7b cad2df3dd7ad1a8c fa65f2cfdb804346 ec80e2c124af7222 fc5c8cae0ec9124a ea495590b753c1fe dc033420f6c27f7d 58b91c7d6ca3852 8e1dfa50d85fc0ce cf22404befd4e757 c69f1fa9ea212e71 c280ef3fd4add212 c482b96ad4bd19fa 3ede486b11a32f8b e651019d8b21d913 dfdef30d815f37aa 93026735aad3bb07 35f5941b9ebd3b78 201c7323f95368d3 a42723da95d48728 3491c2a1b31eda58 ac72432bda1cb7f5 eff13f1ed4ae35c4 87cd101cd0996706 aab61efb248301bf f9313783343f5348 4d8ba4e9aa75e19 bf2a5fd880fe479f b53d9ae7af8ed949 ca363763b85b975b 3959defbba165535 e9a52e7f8960973b c1bc2e97ee9779e2 28adcf1833db65e2 bd3bfd1dfb160d92 e9ad87741252fd97 c62e6379fef82bb4 fa0e3946925b568c a4ae5423836a6096 2628c4be3bbc0bb f6171747eadcb79c ee471833fc70c591 e02c864c1ac56b6b 85a22307f0a9a47e ed1a6a0fd6439d94 f10908fff3e93b3a e492dfb8cd46f05c 238a8df0f6ab2c06 ea946741d1ad49c8 1ef43a24149396ef 8b3ec2f5cf2746f9 a0d490c1c27ec814 d7125f03f5d32a36 c4fa7130bfc8cae5 824792f9e25121f8 d8244c2fe5cf01f1 2597ccd7d959f1fc 3bab13f51d1ebd5f 82edbf50a7df5fd0 13951cd13cf6024 30ee1d83a8858c27 d064ebf83ce465c2 d0b3c5e6b3dbdcd3 dc6168fbd19e3dc5 e82a38701a1e369 b57dc03c2cc654f3 fe6492b8df36696d e0d84cd691df2937 bea57e2a0ce7363f ec1d9fac96560d12 2835364abd0a10e2 c9f14721ccf5ec82 e34bf994e6dab474 23e4c557b60ee6cd 8304d34f8b812fde f25be453edd60c78 23e4f346e650cce4 f1d1fcc21640a9aa 8416b622a6e9c695 8d3a9379e42de115 fa6e8abfa7fba968 cee56ffeff0c903c e33a7151fe8540e2 a680ea4adc200377 db2c93b3dda8fc11 dc2e3cf3f5665a48 d1865dc03e670505 1c10011682af273d f8158186acb2f173 eb19f678f83e3e09 faed6546c99bdf46 f64ed0b98729f78e ff683597f302e6cc bc9ec612e168c732 e892bec0fa559ade ed5881aa32ed96cc 14565dfee7faf458 e2508f3629f747bd dce4de89fce91cbe e4e41116cfa910e0 f9a0589df13b3c87 ee245945c734a04c 16ddb12dd6853726 c7c073add3086a5c 9a3d0aa8907e09ca e70340f135e4ccf3 8ed374fb11abbd5 c198c5a0aec3b49e e4a88191a32a41f7 d444fdcd289c0691 d75fbb2fed95b8e0 10bffad815ddc36d 3e79c9fe3c083cc1 a99df5a1e504f8a5 fae2bc1295d9852d d1e1c1eeba5df079 9f62e91e395c8610 cf360b3dfb7fb790 b5dda8099a45a530 d3a22b402117cd2c 1c9784bcd5409128 ef86365822d8367e c3f003aad2752cc5 a7b5bdedc3286199 e6009817e0878866 b2fcb52b173bf446 da6455df29f09bc1 a782427dab27319 f1ee675fc064edf6 ea5589b7bd74d952 98274c6bcc52bd3e cb7ab34f4cdadde b24287308a15b3ca d6687108f70d34eb ebdae2c9ca69d39c d47f8766e3201c3c da2d51279e1d69f9 e8873d952ae7f86f 8e0814abc60833f0 e4259dea3d06c4fc e7eebd6be83565d3 ae3d99c3ccacdb7f 89b3a07bf5f6d216 de2c37e9926337ad df10132df1a25de6 e7992ffd0c69d1ad 9ecd095ae8c3b3a8 ] wstrb=[e6 8f 87 93 8c 30 ee 72 bf 75 6 4b a5 f4 bd 64 69 c3 af f b7 6d 73 21 30 23 30 e8 90 a3 9 c0 c6 39 a8 56 dc b1 17 a3 ea bf f9 c7 71 10 6a 5b d0 63 22 41 74 8c 9c 44 f0 bf 85 64 4b 21 a8 3b e0 2d 9f 2c 4e 47 67 2f 74 7 5b c3 4e c2 f2 c3 c9 4d 86 18 f 78 db d9 c5 61 f1 d4 d9 cc ad 9e 2d 9e 72 6 6a 20 a4 97 be 16 9d 29 36 41 c0 f5 58 5e 1e 8e 9f de 83 f7 3c a1 86 dc 80 9 d3 bc ab 59 98 2b 63 6c e7 e c5 80 39 28 ec 20 36 b1 a0 6f da 8c 90 10 3e 30 80 18 bd 10 28 fb 40 a8 13 fd b8 3b f8 f9 e4 b f6 9c 47 ef 95 2b fa 8c c7 41 7b 5d 6c 75 e9 34 b7 64 91 23 d9 7a 57 90 de e8 b4 b7 62 b 48 40 f4 fc f8 56 7 40 97 fb 3c 8f 52 43 cf e9 3f b 78 91 4e 47 7a 8d 52 f2 1e a0 39 98 2e 8b 8a 4c 2b ] bresp=0 bid=1100
[2415000] MASTER 0 RECEIVED BRESP. BRESP=0
[2415000] [MASTER DRIVER] mst_id=0 s_id=0 awaddr=f7281b0 awid=1100 awlen=232 awsize=7 awburst=1 wdata=[d089531fdd535989 ba8ff8601fc8c225 cdb7125bc03b738a 9d8ecd13e3bf1608 387d82d9e40657a de7bd904d81ec574 3bdddb7cd13eea88 ef7f5003fc0aa618 d4296b8c3f65b3a9 90a49e31cdfb2907 ca05cf1f10074708 cf6cfab18023ee34 ce1f173c9e2f3aab ae3681b3e01198e2 e03587179824e65b 36542107fda37c64 ddb515472e549e53 c67984aee48aa2ba e22e1f1f3dea9c5e ec3f3ab1fccda5b5 e15848703fe33466 fdcdd0c4b2b8bf5f 2f866515c386678f 3699bf5ea0d0b75 9cc5cad410dead85 d465151401376cb9 eb44782ecc4c2fe9 dd2add6ed7ceb109 d9061dc2880a4302 d45672ecb18ff282 895ea38bc44a95f0 cc54d8f2b181505a e31142dde264c14d a6af573da0ab4bde d22c9c39ec6fe668 ced4a7b6f3043030 93af7c0e353ddf16 a1adc57ef583fef3 e8882f23e5dc1847 9b19f75df0826d34 e6066c28fc37ab32 e213c3793cc7bcdc ad4a2a10ce8e9b4b cac6467dfd2dbad7 39f577b393509638 e1df31842cda09f7 2a07c4cee73fa1c3 fa9037fcaca57801 d97f81f8e3fd3c81 cb3cde44dc6f6980 8914e181838746c6 e7848347c5cd1640 a23c7fc0e294637a e61baa4032c1618c f88e77cc2b516142 de5c4bccda02d88 618f141acaf78d c61c58cff4016efc c1a19c84f8f006e0 93bafe6dd4021d8b c8038c87c2032b98 3af33279d9d7573c add974c709a5290c cba854a4ceae30e6 28858823f5dd014f ff822a5b869b871d d549b804d65efcea cc3bfe39cb2a7eff d1c6061dfdcf4027 d42e3d11cbbe2894 16e8a794270fbe21 24defe48206a3b4b ec2863dfe8aeadb1 fbe6bd2f90d3b59 997776a483110b73 ebbfb924349d6a1a adaaa573059fda84 88b0e5f7fb7e24f6 b01b8f10c7221c18 ccc1f69cf4709f1c efeec412ddc63484 24e8509cd572dc93 c9e37baf200a5323 fdd087a7f1aa4738 c71d23cb39d23fc2 d9dc92e522b8d843 14631f7b11009f7b cad2df3dd7ad1a8c fa65f2cfdb804346 ec80e2c124af7222 fc5c8cae0ec9124a ea495590b753c1fe dc033420f6c27f7d 58b91c7d6ca3852 8e1dfa50d85fc0ce cf22404befd4e757 c69f1fa9ea212e71 c280ef3fd4add212 c482b96ad4bd19fa 3ede486b11a32f8b e651019d8b21d913 dfdef30d815f37aa 93026735aad3bb07 35f5941b9ebd3b78 201c7323f95368d3 a42723da95d48728 3491c2a1b31eda58 ac72432bda1cb7f5 eff13f1ed4ae35c4 87cd101cd0996706 aab61efb248301bf f9313783343f5348 4d8ba4e9aa75e19 bf2a5fd880fe479f b53d9ae7af8ed949 ca363763b85b975b 3959defbba165535 e9a52e7f8960973b c1bc2e97ee9779e2 28adcf1833db65e2 bd3bfd1dfb160d92 e9ad87741252fd97 c62e6379fef82bb4 fa0e3946925b568c a4ae5423836a6096 2628c4be3bbc0bb f6171747eadcb79c ee471833fc70c591 e02c864c1ac56b6b 85a22307f0a9a47e ed1a6a0fd6439d94 f10908fff3e93b3a e492dfb8cd46f05c 238a8df0f6ab2c06 ea946741d1ad49c8 1ef43a24149396ef 8b3ec2f5cf2746f9 a0d490c1c27ec814 d7125f03f5d32a36 c4fa7130bfc8cae5 824792f9e25121f8 d8244c2fe5cf01f1 2597ccd7d959f1fc 3bab13f51d1ebd5f 82edbf50a7df5fd0 13951cd13cf6024 30ee1d83a8858c27 d064ebf83ce465c2 d0b3c5e6b3dbdcd3 dc6168fbd19e3dc5 e82a38701a1e369 b57dc03c2cc654f3 fe6492b8df36696d e0d84cd691df2937 bea57e2a0ce7363f ec1d9fac96560d12 2835364abd0a10e2 c9f14721ccf5ec82 e34bf994e6dab474 23e4c557b60ee6cd 8304d34f8b812fde f25be453edd60c78 23e4f346e650cce4 f1d1fcc21640a9aa 8416b622a6e9c695 8d3a9379e42de115 fa6e8abfa7fba968 cee56ffeff0c903c e33a7151fe8540e2 a680ea4adc200377 db2c93b3dda8fc11 dc2e3cf3f5665a48 d1865dc03e670505 1c10011682af273d f8158186acb2f173 eb19f678f83e3e09 faed6546c99bdf46 f64ed0b98729f78e ff683597f302e6cc bc9ec612e168c732 e892bec0fa559ade ed5881aa32ed96cc 14565dfee7faf458 e2508f3629f747bd dce4de89fce91cbe e4e41116cfa910e0 f9a0589df13b3c87 ee245945c734a04c 16ddb12dd6853726 c7c073add3086a5c 9a3d0aa8907e09ca e70340f135e4ccf3 8ed374fb11abbd5 c198c5a0aec3b49e e4a88191a32a41f7 d444fdcd289c0691 d75fbb2fed95b8e0 10bffad815ddc36d 3e79c9fe3c083cc1 a99df5a1e504f8a5 fae2bc1295d9852d d1e1c1eeba5df079 9f62e91e395c8610 cf360b3dfb7fb790 b5dda8099a45a530 d3a22b402117cd2c 1c9784bcd5409128 ef86365822d8367e c3f003aad2752cc5 a7b5bdedc3286199 e6009817e0878866 b2fcb52b173bf446 da6455df29f09bc1 a782427dab27319 f1ee675fc064edf6 ea5589b7bd74d952 98274c6bcc52bd3e cb7ab34f4cdadde b24287308a15b3ca d6687108f70d34eb ebdae2c9ca69d39c d47f8766e3201c3c da2d51279e1d69f9 e8873d952ae7f86f 8e0814abc60833f0 e4259dea3d06c4fc e7eebd6be83565d3 ae3d99c3ccacdb7f 89b3a07bf5f6d216 de2c37e9926337ad df10132df1a25de6 e7992ffd0c69d1ad 9ecd095ae8c3b3a8 ] wstrb=[e6 8f 87 93 8c 30 ee 72 bf 75 6 4b a5 f4 bd 64 69 c3 af f b7 6d 73 21 30 23 30 e8 90 a3 9 c0 c6 39 a8 56 dc b1 17 a3 ea bf f9 c7 71 10 6a 5b d0 63 22 41 74 8c 9c 44 f0 bf 85 64 4b 21 a8 3b e0 2d 9f 2c 4e 47 67 2f 74 7 5b c3 4e c2 f2 c3 c9 4d 86 18 f 78 db d9 c5 61 f1 d4 d9 cc ad 9e 2d 9e 72 6 6a 20 a4 97 be 16 9d 29 36 41 c0 f5 58 5e 1e 8e 9f de 83 f7 3c a1 86 dc 80 9 d3 bc ab 59 98 2b 63 6c e7 e c5 80 39 28 ec 20 36 b1 a0 6f da 8c 90 10 3e 30 80 18 bd 10 28 fb 40 a8 13 fd b8 3b f8 f9 e4 b f6 9c 47 ef 95 2b fa 8c c7 41 7b 5d 6c 75 e9 34 b7 64 91 23 d9 7a 57 90 de e8 b4 b7 62 b 48 40 f4 fc f8 56 7 40 97 fb 3c 8f 52 43 cf e9 3f b 78 91 4e 47 7a 8d 52 f2 1e a0 39 98 2e 8b 8a 4c 2b ] bresp=0 bid=1100
[2415000] SCOREBOARD MATCH: decode_err expected = 0, actual =0
[2415000] SCOREBOARD MATCH: slave_id expected = 0, actual =0
[2415000] SCOREBOARD MATCH: awaddr passthrough expected = f7281b0, actual =f7281b0
[2415000] SCOREBOARD MATCH: awlen passthrough expected = 232, actual =232
[2415000] SCOREBOARD MATCH: awsize passthrough expected = 7, actual =7
[2415000] SCOREBOARD MATCH: awburst passthrough expected = 1, actual =1
[2415000] SCOREBOARD MATCH: wdata size check expected = e9, actual =e9
[2415000] SCOREBOARD MATCH: wdata passthrough beat=0 expected = d089531fdd535989, actual =d089531fdd535989
[2415000] SCOREBOARD MATCH: wdata passthrough beat=1 expected = ba8ff8601fc8c225, actual =ba8ff8601fc8c225
[2415000] SCOREBOARD MATCH: wdata passthrough beat=2 expected = cdb7125bc03b738a, actual =cdb7125bc03b738a
[2415000] SCOREBOARD MATCH: wdata passthrough beat=3 expected = 9d8ecd13e3bf1608, actual =9d8ecd13e3bf1608
[2415000] SCOREBOARD MATCH: wdata passthrough beat=4 expected = 387d82d9e40657a, actual =387d82d9e40657a
[2415000] SCOREBOARD MATCH: wdata passthrough beat=5 expected = de7bd904d81ec574, actual =de7bd904d81ec574
[2415000] SCOREBOARD MATCH: wdata passthrough beat=6 expected = 3bdddb7cd13eea88, actual =3bdddb7cd13eea88
[2415000] SCOREBOARD MATCH: wdata passthrough beat=7 expected = ef7f5003fc0aa618, actual =ef7f5003fc0aa618
[2415000] SCOREBOARD MATCH: wdata passthrough beat=8 expected = d4296b8c3f65b3a9, actual =d4296b8c3f65b3a9
[2415000] SCOREBOARD MATCH: wdata passthrough beat=9 expected = 90a49e31cdfb2907, actual =90a49e31cdfb2907
[2415000] SCOREBOARD MATCH: wdata passthrough beat=10 expected = ca05cf1f10074708, actual =ca05cf1f10074708
[2415000] SCOREBOARD MATCH: wdata passthrough beat=11 expected = cf6cfab18023ee34, actual =cf6cfab18023ee34
[2415000] SCOREBOARD MATCH: wdata passthrough beat=12 expected = ce1f173c9e2f3aab, actual =ce1f173c9e2f3aab
[2415000] SCOREBOARD MATCH: wdata passthrough beat=13 expected = ae3681b3e01198e2, actual =ae3681b3e01198e2
[2415000] SCOREBOARD MATCH: wdata passthrough beat=14 expected = e03587179824e65b, actual =e03587179824e65b
[2415000] SCOREBOARD MATCH: wdata passthrough beat=15 expected = 36542107fda37c64, actual =36542107fda37c64
[2415000] SCOREBOARD MATCH: wdata passthrough beat=16 expected = ddb515472e549e53, actual =ddb515472e549e53
[2415000] SCOREBOARD MATCH: wdata passthrough beat=17 expected = c67984aee48aa2ba, actual =c67984aee48aa2ba
[2415000] SCOREBOARD MATCH: wdata passthrough beat=18 expected = e22e1f1f3dea9c5e, actual =e22e1f1f3dea9c5e
[2415000] SCOREBOARD MATCH: wdata passthrough beat=19 expected = ec3f3ab1fccda5b5, actual =ec3f3ab1fccda5b5
[2415000] SCOREBOARD MATCH: wdata passthrough beat=20 expected = e15848703fe33466, actual =e15848703fe33466
[2415000] SCOREBOARD MATCH: wdata passthrough beat=21 expected = fdcdd0c4b2b8bf5f, actual =fdcdd0c4b2b8bf5f
[2415000] SCOREBOARD MATCH: wdata passthrough beat=22 expected = 2f866515c386678f, actual =2f866515c386678f
[2415000] SCOREBOARD MATCH: wdata passthrough beat=23 expected = 3699bf5ea0d0b75, actual =3699bf5ea0d0b75
[2415000] SCOREBOARD MATCH: wdata passthrough beat=24 expected = 9cc5cad410dead85, actual =9cc5cad410dead85
[2415000] SCOREBOARD MATCH: wdata passthrough beat=25 expected = d465151401376cb9, actual =d465151401376cb9
[2415000] SCOREBOARD MATCH: wdata passthrough beat=26 expected = eb44782ecc4c2fe9, actual =eb44782ecc4c2fe9
[2415000] SCOREBOARD MATCH: wdata passthrough beat=27 expected = dd2add6ed7ceb109, actual =dd2add6ed7ceb109
[2415000] SCOREBOARD MATCH: wdata passthrough beat=28 expected = d9061dc2880a4302, actual =d9061dc2880a4302
[2415000] SCOREBOARD MATCH: wdata passthrough beat=29 expected = d45672ecb18ff282, actual =d45672ecb18ff282
[2415000] SCOREBOARD MATCH: wdata passthrough beat=30 expected = 895ea38bc44a95f0, actual =895ea38bc44a95f0
[2415000] SCOREBOARD MATCH: wdata passthrough beat=31 expected = cc54d8f2b181505a, actual =cc54d8f2b181505a
[2415000] SCOREBOARD MATCH: wdata passthrough beat=32 expected = e31142dde264c14d, actual =e31142dde264c14d
[2415000] SCOREBOARD MATCH: wdata passthrough beat=33 expected = a6af573da0ab4bde, actual =a6af573da0ab4bde
[2415000] SCOREBOARD MATCH: wdata passthrough beat=34 expected = d22c9c39ec6fe668, actual =d22c9c39ec6fe668
[2415000] SCOREBOARD MATCH: wdata passthrough beat=35 expected = ced4a7b6f3043030, actual =ced4a7b6f3043030
[2415000] SCOREBOARD MATCH: wdata passthrough beat=36 expected = 93af7c0e353ddf16, actual =93af7c0e353ddf16
[2415000] SCOREBOARD MATCH: wdata passthrough beat=37 expected = a1adc57ef583fef3, actual =a1adc57ef583fef3
[2415000] SCOREBOARD MATCH: wdata passthrough beat=38 expected = e8882f23e5dc1847, actual =e8882f23e5dc1847
[2415000] SCOREBOARD MATCH: wdata passthrough beat=39 expected = 9b19f75df0826d34, actual =9b19f75df0826d34
[2415000] SCOREBOARD MATCH: wdata passthrough beat=40 expected = e6066c28fc37ab32, actual =e6066c28fc37ab32
[2415000] SCOREBOARD MATCH: wdata passthrough beat=41 expected = e213c3793cc7bcdc, actual =e213c3793cc7bcdc
[2415000] SCOREBOARD MATCH: wdata passthrough beat=42 expected = ad4a2a10ce8e9b4b, actual =ad4a2a10ce8e9b4b
[2415000] SCOREBOARD MATCH: wdata passthrough beat=43 expected = cac6467dfd2dbad7, actual =cac6467dfd2dbad7
[2415000] SCOREBOARD MATCH: wdata passthrough beat=44 expected = 39f577b393509638, actual =39f577b393509638
[2415000] SCOREBOARD MATCH: wdata passthrough beat=45 expected = e1df31842cda09f7, actual =e1df31842cda09f7
[2415000] SCOREBOARD MATCH: wdata passthrough beat=46 expected = 2a07c4cee73fa1c3, actual =2a07c4cee73fa1c3
[2415000] SCOREBOARD MATCH: wdata passthrough beat=47 expected = fa9037fcaca57801, actual =fa9037fcaca57801
[2415000] SCOREBOARD MATCH: wdata passthrough beat=48 expected = d97f81f8e3fd3c81, actual =d97f81f8e3fd3c81
[2415000] SCOREBOARD MATCH: wdata passthrough beat=49 expected = cb3cde44dc6f6980, actual =cb3cde44dc6f6980
[2415000] SCOREBOARD MATCH: wdata passthrough beat=50 expected = 8914e181838746c6, actual =8914e181838746c6
[2415000] SCOREBOARD MATCH: wdata passthrough beat=51 expected = e7848347c5cd1640, actual =e7848347c5cd1640
[2415000] SCOREBOARD MATCH: wdata passthrough beat=52 expected = a23c7fc0e294637a, actual =a23c7fc0e294637a
[2415000] SCOREBOARD MATCH: wdata passthrough beat=53 expected = e61baa4032c1618c, actual =e61baa4032c1618c
[2415000] SCOREBOARD MATCH: wdata passthrough beat=54 expected = f88e77cc2b516142, actual =f88e77cc2b516142
[2415000] SCOREBOARD MATCH: wdata passthrough beat=55 expected = de5c4bccda02d88, actual =de5c4bccda02d88
[2415000] SCOREBOARD MATCH: wdata passthrough beat=56 expected = 618f141acaf78d, actual =618f141acaf78d
[2415000] SCOREBOARD MATCH: wdata passthrough beat=57 expected = c61c58cff4016efc, actual =c61c58cff4016efc
[2415000] SCOREBOARD MATCH: wdata passthrough beat=58 expected = c1a19c84f8f006e0, actual =c1a19c84f8f006e0
[2415000] SCOREBOARD MATCH: wdata passthrough beat=59 expected = 93bafe6dd4021d8b, actual =93bafe6dd4021d8b
[2415000] SCOREBOARD MATCH: wdata passthrough beat=60 expected = c8038c87c2032b98, actual =c8038c87c2032b98
[2415000] SCOREBOARD MATCH: wdata passthrough beat=61 expected = 3af33279d9d7573c, actual =3af33279d9d7573c
[2415000] SCOREBOARD MATCH: wdata passthrough beat=62 expected = add974c709a5290c, actual =add974c709a5290c
[2415000] SCOREBOARD MATCH: wdata passthrough beat=63 expected = cba854a4ceae30e6, actual =cba854a4ceae30e6
[2415000] SCOREBOARD MATCH: wdata passthrough beat=64 expected = 28858823f5dd014f, actual =28858823f5dd014f
[2415000] SCOREBOARD MATCH: wdata passthrough beat=65 expected = ff822a5b869b871d, actual =ff822a5b869b871d
[2415000] SCOREBOARD MATCH: wdata passthrough beat=66 expected = d549b804d65efcea, actual =d549b804d65efcea
[2415000] SCOREBOARD MATCH: wdata passthrough beat=67 expected = cc3bfe39cb2a7eff, actual =cc3bfe39cb2a7eff
[2415000] SCOREBOARD MATCH: wdata passthrough beat=68 expected = d1c6061dfdcf4027, actual =d1c6061dfdcf4027
[2415000] SCOREBOARD MATCH: wdata passthrough beat=69 expected = d42e3d11cbbe2894, actual =d42e3d11cbbe2894
[2415000] SCOREBOARD MATCH: wdata passthrough beat=70 expected = 16e8a794270fbe21, actual =16e8a794270fbe21
[2415000] SCOREBOARD MATCH: wdata passthrough beat=71 expected = 24defe48206a3b4b, actual =24defe48206a3b4b
[2415000] SCOREBOARD MATCH: wdata passthrough beat=72 expected = ec2863dfe8aeadb1, actual =ec2863dfe8aeadb1
[2415000] SCOREBOARD MATCH: wdata passthrough beat=73 expected = fbe6bd2f90d3b59, actual =fbe6bd2f90d3b59
[2415000] SCOREBOARD MATCH: wdata passthrough beat=74 expected = 997776a483110b73, actual =997776a483110b73
[2415000] SCOREBOARD MATCH: wdata passthrough beat=75 expected = ebbfb924349d6a1a, actual =ebbfb924349d6a1a
[2415000] SCOREBOARD MATCH: wdata passthrough beat=76 expected = adaaa573059fda84, actual =adaaa573059fda84
[2415000] SCOREBOARD MATCH: wdata passthrough beat=77 expected = 88b0e5f7fb7e24f6, actual =88b0e5f7fb7e24f6
[2415000] SCOREBOARD MATCH: wdata passthrough beat=78 expected = b01b8f10c7221c18, actual =b01b8f10c7221c18
[2415000] SCOREBOARD MATCH: wdata passthrough beat=79 expected = ccc1f69cf4709f1c, actual =ccc1f69cf4709f1c
[2415000] SCOREBOARD MATCH: wdata passthrough beat=80 expected = efeec412ddc63484, actual =efeec412ddc63484
[2415000] SCOREBOARD MATCH: wdata passthrough beat=81 expected = 24e8509cd572dc93, actual =24e8509cd572dc93
[2415000] SCOREBOARD MATCH: wdata passthrough beat=82 expected = c9e37baf200a5323, actual =c9e37baf200a5323
[2415000] SCOREBOARD MATCH: wdata passthrough beat=83 expected = fdd087a7f1aa4738, actual =fdd087a7f1aa4738
[2415000] SCOREBOARD MATCH: wdata passthrough beat=84 expected = c71d23cb39d23fc2, actual =c71d23cb39d23fc2
[2415000] SCOREBOARD MATCH: wdata passthrough beat=85 expected = d9dc92e522b8d843, actual =d9dc92e522b8d843
[2415000] SCOREBOARD MATCH: wdata passthrough beat=86 expected = 14631f7b11009f7b, actual =14631f7b11009f7b
[2415000] SCOREBOARD MATCH: wdata passthrough beat=87 expected = cad2df3dd7ad1a8c, actual =cad2df3dd7ad1a8c
[2415000] SCOREBOARD MATCH: wdata passthrough beat=88 expected = fa65f2cfdb804346, actual =fa65f2cfdb804346
[2415000] SCOREBOARD MATCH: wdata passthrough beat=89 expected = ec80e2c124af7222, actual =ec80e2c124af7222
[2415000] SCOREBOARD MATCH: wdata passthrough beat=90 expected = fc5c8cae0ec9124a, actual =fc5c8cae0ec9124a
[2415000] SCOREBOARD MATCH: wdata passthrough beat=91 expected = ea495590b753c1fe, actual =ea495590b753c1fe
[2415000] SCOREBOARD MATCH: wdata passthrough beat=92 expected = dc033420f6c27f7d, actual =dc033420f6c27f7d
[2415000] SCOREBOARD MATCH: wdata passthrough beat=93 expected = 58b91c7d6ca3852, actual =58b91c7d6ca3852
[2415000] SCOREBOARD MATCH: wdata passthrough beat=94 expected = 8e1dfa50d85fc0ce, actual =8e1dfa50d85fc0ce
[2415000] SCOREBOARD MATCH: wdata passthrough beat=95 expected = cf22404befd4e757, actual =cf22404befd4e757
[2415000] SCOREBOARD MATCH: wdata passthrough beat=96 expected = c69f1fa9ea212e71, actual =c69f1fa9ea212e71
[2415000] SCOREBOARD MATCH: wdata passthrough beat=97 expected = c280ef3fd4add212, actual =c280ef3fd4add212
[2415000] SCOREBOARD MATCH: wdata passthrough beat=98 expected = c482b96ad4bd19fa, actual =c482b96ad4bd19fa
[2415000] SCOREBOARD MATCH: wdata passthrough beat=99 expected = 3ede486b11a32f8b, actual =3ede486b11a32f8b
[2415000] SCOREBOARD MATCH: wdata passthrough beat=100 expected = e651019d8b21d913, actual =e651019d8b21d913
[2415000] SCOREBOARD MATCH: wdata passthrough beat=101 expected = dfdef30d815f37aa, actual =dfdef30d815f37aa
[2415000] SCOREBOARD MATCH: wdata passthrough beat=102 expected = 93026735aad3bb07, actual =93026735aad3bb07
[2415000] SCOREBOARD MATCH: wdata passthrough beat=103 expected = 35f5941b9ebd3b78, actual =35f5941b9ebd3b78
[2415000] SCOREBOARD MATCH: wdata passthrough beat=104 expected = 201c7323f95368d3, actual =201c7323f95368d3
[2415000] SCOREBOARD MATCH: wdata passthrough beat=105 expected = a42723da95d48728, actual =a42723da95d48728
[2415000] SCOREBOARD MATCH: wdata passthrough beat=106 expected = 3491c2a1b31eda58, actual =3491c2a1b31eda58
[2415000] SCOREBOARD MATCH: wdata passthrough beat=107 expected = ac72432bda1cb7f5, actual =ac72432bda1cb7f5
[2415000] SCOREBOARD MATCH: wdata passthrough beat=108 expected = eff13f1ed4ae35c4, actual =eff13f1ed4ae35c4
[2415000] SCOREBOARD MATCH: wdata passthrough beat=109 expected = 87cd101cd0996706, actual =87cd101cd0996706
[2415000] SCOREBOARD MATCH: wdata passthrough beat=110 expected = aab61efb248301bf, actual =aab61efb248301bf
[2415000] SCOREBOARD MATCH: wdata passthrough beat=111 expected = f9313783343f5348, actual =f9313783343f5348
[2415000] SCOREBOARD MATCH: wdata passthrough beat=112 expected = 4d8ba4e9aa75e19, actual =4d8ba4e9aa75e19
[2415000] SCOREBOARD MATCH: wdata passthrough beat=113 expected = bf2a5fd880fe479f, actual =bf2a5fd880fe479f
[2415000] SCOREBOARD MATCH: wdata passthrough beat=114 expected = b53d9ae7af8ed949, actual =b53d9ae7af8ed949
[2415000] SCOREBOARD MATCH: wdata passthrough beat=115 expected = ca363763b85b975b, actual =ca363763b85b975b
[2415000] SCOREBOARD MATCH: wdata passthrough beat=116 expected = 3959defbba165535, actual =3959defbba165535
[2415000] SCOREBOARD MATCH: wdata passthrough beat=117 expected = e9a52e7f8960973b, actual =e9a52e7f8960973b
[2415000] SCOREBOARD MATCH: wdata passthrough beat=118 expected = c1bc2e97ee9779e2, actual =c1bc2e97ee9779e2
[2415000] SCOREBOARD MATCH: wdata passthrough beat=119 expected = 28adcf1833db65e2, actual =28adcf1833db65e2
[2415000] SCOREBOARD MATCH: wdata passthrough beat=120 expected = bd3bfd1dfb160d92, actual =bd3bfd1dfb160d92
[2415000] SCOREBOARD MATCH: wdata passthrough beat=121 expected = e9ad87741252fd97, actual =e9ad87741252fd97
[2415000] SCOREBOARD MATCH: wdata passthrough beat=122 expected = c62e6379fef82bb4, actual =c62e6379fef82bb4
[2415000] SCOREBOARD MATCH: wdata passthrough beat=123 expected = fa0e3946925b568c, actual =fa0e3946925b568c
[2415000] SCOREBOARD MATCH: wdata passthrough beat=124 expected = a4ae5423836a6096, actual =a4ae5423836a6096
[2415000] SCOREBOARD MATCH: wdata passthrough beat=125 expected = 2628c4be3bbc0bb, actual =2628c4be3bbc0bb
[2415000] SCOREBOARD MATCH: wdata passthrough beat=126 expected = f6171747eadcb79c, actual =f6171747eadcb79c
[2415000] SCOREBOARD MATCH: wdata passthrough beat=127 expected = ee471833fc70c591, actual =ee471833fc70c591
[2415000] SCOREBOARD MATCH: wdata passthrough beat=128 expected = e02c864c1ac56b6b, actual =e02c864c1ac56b6b
[2415000] SCOREBOARD MATCH: wdata passthrough beat=129 expected = 85a22307f0a9a47e, actual =85a22307f0a9a47e
[2415000] SCOREBOARD MATCH: wdata passthrough beat=130 expected = ed1a6a0fd6439d94, actual =ed1a6a0fd6439d94
[2415000] SCOREBOARD MATCH: wdata passthrough beat=131 expected = f10908fff3e93b3a, actual =f10908fff3e93b3a
[2415000] SCOREBOARD MATCH: wdata passthrough beat=132 expected = e492dfb8cd46f05c, actual =e492dfb8cd46f05c
[2415000] SCOREBOARD MATCH: wdata passthrough beat=133 expected = 238a8df0f6ab2c06, actual =238a8df0f6ab2c06
[2415000] SCOREBOARD MATCH: wdata passthrough beat=134 expected = ea946741d1ad49c8, actual =ea946741d1ad49c8
[2415000] SCOREBOARD MATCH: wdata passthrough beat=135 expected = 1ef43a24149396ef, actual =1ef43a24149396ef
[2415000] SCOREBOARD MATCH: wdata passthrough beat=136 expected = 8b3ec2f5cf2746f9, actual =8b3ec2f5cf2746f9
[2415000] SCOREBOARD MATCH: wdata passthrough beat=137 expected = a0d490c1c27ec814, actual =a0d490c1c27ec814
[2415000] SCOREBOARD MATCH: wdata passthrough beat=138 expected = d7125f03f5d32a36, actual =d7125f03f5d32a36
[2415000] SCOREBOARD MATCH: wdata passthrough beat=139 expected = c4fa7130bfc8cae5, actual =c4fa7130bfc8cae5
[2415000] SCOREBOARD MATCH: wdata passthrough beat=140 expected = 824792f9e25121f8, actual =824792f9e25121f8
[2415000] SCOREBOARD MATCH: wdata passthrough beat=141 expected = d8244c2fe5cf01f1, actual =d8244c2fe5cf01f1
[2415000] SCOREBOARD MATCH: wdata passthrough beat=142 expected = 2597ccd7d959f1fc, actual =2597ccd7d959f1fc
[2415000] SCOREBOARD MATCH: wdata passthrough beat=143 expected = 3bab13f51d1ebd5f, actual =3bab13f51d1ebd5f
[2415000] SCOREBOARD MATCH: wdata passthrough beat=144 expected = 82edbf50a7df5fd0, actual =82edbf50a7df5fd0
[2415000] SCOREBOARD MATCH: wdata passthrough beat=145 expected = 13951cd13cf6024, actual =13951cd13cf6024
[2415000] SCOREBOARD MATCH: wdata passthrough beat=146 expected = 30ee1d83a8858c27, actual =30ee1d83a8858c27
[2415000] SCOREBOARD MATCH: wdata passthrough beat=147 expected = d064ebf83ce465c2, actual =d064ebf83ce465c2
[2415000] SCOREBOARD MATCH: wdata passthrough beat=148 expected = d0b3c5e6b3dbdcd3, actual =d0b3c5e6b3dbdcd3
[2415000] SCOREBOARD MATCH: wdata passthrough beat=149 expected = dc6168fbd19e3dc5, actual =dc6168fbd19e3dc5
[2415000] SCOREBOARD MATCH: wdata passthrough beat=150 expected = e82a38701a1e369, actual =e82a38701a1e369
[2415000] SCOREBOARD MATCH: wdata passthrough beat=151 expected = b57dc03c2cc654f3, actual =b57dc03c2cc654f3
[2415000] SCOREBOARD MATCH: wdata passthrough beat=152 expected = fe6492b8df36696d, actual =fe6492b8df36696d
[2415000] SCOREBOARD MATCH: wdata passthrough beat=153 expected = e0d84cd691df2937, actual =e0d84cd691df2937
[2415000] SCOREBOARD MATCH: wdata passthrough beat=154 expected = bea57e2a0ce7363f, actual =bea57e2a0ce7363f
[2415000] SCOREBOARD MATCH: wdata passthrough beat=155 expected = ec1d9fac96560d12, actual =ec1d9fac96560d12
[2415000] SCOREBOARD MATCH: wdata passthrough beat=156 expected = 2835364abd0a10e2, actual =2835364abd0a10e2
[2415000] SCOREBOARD MATCH: wdata passthrough beat=157 expected = c9f14721ccf5ec82, actual =c9f14721ccf5ec82
[2415000] SCOREBOARD MATCH: wdata passthrough beat=158 expected = e34bf994e6dab474, actual =e34bf994e6dab474
[2415000] SCOREBOARD MATCH: wdata passthrough beat=159 expected = 23e4c557b60ee6cd, actual =23e4c557b60ee6cd
[2415000] SCOREBOARD MATCH: wdata passthrough beat=160 expected = 8304d34f8b812fde, actual =8304d34f8b812fde
[2415000] SCOREBOARD MATCH: wdata passthrough beat=161 expected = f25be453edd60c78, actual =f25be453edd60c78
[2415000] SCOREBOARD MATCH: wdata passthrough beat=162 expected = 23e4f346e650cce4, actual =23e4f346e650cce4
[2415000] SCOREBOARD MATCH: wdata passthrough beat=163 expected = f1d1fcc21640a9aa, actual =f1d1fcc21640a9aa
[2415000] SCOREBOARD MATCH: wdata passthrough beat=164 expected = 8416b622a6e9c695, actual =8416b622a6e9c695
[2415000] SCOREBOARD MATCH: wdata passthrough beat=165 expected = 8d3a9379e42de115, actual =8d3a9379e42de115
[2415000] SCOREBOARD MATCH: wdata passthrough beat=166 expected = fa6e8abfa7fba968, actual =fa6e8abfa7fba968
[2415000] SCOREBOARD MATCH: wdata passthrough beat=167 expected = cee56ffeff0c903c, actual =cee56ffeff0c903c
[2415000] SCOREBOARD MATCH: wdata passthrough beat=168 expected = e33a7151fe8540e2, actual =e33a7151fe8540e2
[2415000] SCOREBOARD MATCH: wdata passthrough beat=169 expected = a680ea4adc200377, actual =a680ea4adc200377
[2415000] SCOREBOARD MATCH: wdata passthrough beat=170 expected = db2c93b3dda8fc11, actual =db2c93b3dda8fc11
[2415000] SCOREBOARD MATCH: wdata passthrough beat=171 expected = dc2e3cf3f5665a48, actual =dc2e3cf3f5665a48
[2415000] SCOREBOARD MATCH: wdata passthrough beat=172 expected = d1865dc03e670505, actual =d1865dc03e670505
[2415000] SCOREBOARD MATCH: wdata passthrough beat=173 expected = 1c10011682af273d, actual =1c10011682af273d
[2415000] SCOREBOARD MATCH: wdata passthrough beat=174 expected = f8158186acb2f173, actual =f8158186acb2f173
[2415000] SCOREBOARD MATCH: wdata passthrough beat=175 expected = eb19f678f83e3e09, actual =eb19f678f83e3e09
[2415000] SCOREBOARD MATCH: wdata passthrough beat=176 expected = faed6546c99bdf46, actual =faed6546c99bdf46
[2415000] SCOREBOARD MATCH: wdata passthrough beat=177 expected = f64ed0b98729f78e, actual =f64ed0b98729f78e
[2415000] SCOREBOARD MATCH: wdata passthrough beat=178 expected = ff683597f302e6cc, actual =ff683597f302e6cc
[2415000] SCOREBOARD MATCH: wdata passthrough beat=179 expected = bc9ec612e168c732, actual =bc9ec612e168c732
[2415000] SCOREBOARD MATCH: wdata passthrough beat=180 expected = e892bec0fa559ade, actual =e892bec0fa559ade
[2415000] SCOREBOARD MATCH: wdata passthrough beat=181 expected = ed5881aa32ed96cc, actual =ed5881aa32ed96cc
[2415000] SCOREBOARD MATCH: wdata passthrough beat=182 expected = 14565dfee7faf458, actual =14565dfee7faf458
[2415000] SCOREBOARD MATCH: wdata passthrough beat=183 expected = e2508f3629f747bd, actual =e2508f3629f747bd
[2415000] SCOREBOARD MATCH: wdata passthrough beat=184 expected = dce4de89fce91cbe, actual =dce4de89fce91cbe
[2415000] SCOREBOARD MATCH: wdata passthrough beat=185 expected = e4e41116cfa910e0, actual =e4e41116cfa910e0
[2415000] SCOREBOARD MATCH: wdata passthrough beat=186 expected = f9a0589df13b3c87, actual =f9a0589df13b3c87
[2415000] SCOREBOARD MATCH: wdata passthrough beat=187 expected = ee245945c734a04c, actual =ee245945c734a04c
[2415000] SCOREBOARD MATCH: wdata passthrough beat=188 expected = 16ddb12dd6853726, actual =16ddb12dd6853726
[2415000] SCOREBOARD MATCH: wdata passthrough beat=189 expected = c7c073add3086a5c, actual =c7c073add3086a5c
[2415000] SCOREBOARD MATCH: wdata passthrough beat=190 expected = 9a3d0aa8907e09ca, actual =9a3d0aa8907e09ca
[2415000] SCOREBOARD MATCH: wdata passthrough beat=191 expected = e70340f135e4ccf3, actual =e70340f135e4ccf3
[2415000] SCOREBOARD MATCH: wdata passthrough beat=192 expected = 8ed374fb11abbd5, actual =8ed374fb11abbd5
[2415000] SCOREBOARD MATCH: wdata passthrough beat=193 expected = c198c5a0aec3b49e, actual =c198c5a0aec3b49e
[2415000] SCOREBOARD MATCH: wdata passthrough beat=194 expected = e4a88191a32a41f7, actual =e4a88191a32a41f7
[2415000] SCOREBOARD MATCH: wdata passthrough beat=195 expected = d444fdcd289c0691, actual =d444fdcd289c0691
[2415000] SCOREBOARD MATCH: wdata passthrough beat=196 expected = d75fbb2fed95b8e0, actual =d75fbb2fed95b8e0
[2415000] SCOREBOARD MATCH: wdata passthrough beat=197 expected = 10bffad815ddc36d, actual =10bffad815ddc36d
[2415000] SCOREBOARD MATCH: wdata passthrough beat=198 expected = 3e79c9fe3c083cc1, actual =3e79c9fe3c083cc1
[2415000] SCOREBOARD MATCH: wdata passthrough beat=199 expected = a99df5a1e504f8a5, actual =a99df5a1e504f8a5
[2415000] SCOREBOARD MATCH: wdata passthrough beat=200 expected = fae2bc1295d9852d, actual =fae2bc1295d9852d
[2415000] SCOREBOARD MATCH: wdata passthrough beat=201 expected = d1e1c1eeba5df079, actual =d1e1c1eeba5df079
[2415000] SCOREBOARD MATCH: wdata passthrough beat=202 expected = 9f62e91e395c8610, actual =9f62e91e395c8610
[2415000] SCOREBOARD MATCH: wdata passthrough beat=203 expected = cf360b3dfb7fb790, actual =cf360b3dfb7fb790
[2415000] SCOREBOARD MATCH: wdata passthrough beat=204 expected = b5dda8099a45a530, actual =b5dda8099a45a530
[2415000] SCOREBOARD MATCH: wdata passthrough beat=205 expected = d3a22b402117cd2c, actual =d3a22b402117cd2c
[2415000] SCOREBOARD MATCH: wdata passthrough beat=206 expected = 1c9784bcd5409128, actual =1c9784bcd5409128
[2415000] SCOREBOARD MATCH: wdata passthrough beat=207 expected = ef86365822d8367e, actual =ef86365822d8367e
[2415000] SCOREBOARD MATCH: wdata passthrough beat=208 expected = c3f003aad2752cc5, actual =c3f003aad2752cc5
[2415000] SCOREBOARD MATCH: wdata passthrough beat=209 expected = a7b5bdedc3286199, actual =a7b5bdedc3286199
[2415000] SCOREBOARD MATCH: wdata passthrough beat=210 expected = e6009817e0878866, actual =e6009817e0878866
[2415000] SCOREBOARD MATCH: wdata passthrough beat=211 expected = b2fcb52b173bf446, actual =b2fcb52b173bf446
[2415000] SCOREBOARD MATCH: wdata passthrough beat=212 expected = da6455df29f09bc1, actual =da6455df29f09bc1
[2415000] SCOREBOARD MATCH: wdata passthrough beat=213 expected = a782427dab27319, actual =a782427dab27319
[2415000] SCOREBOARD MATCH: wdata passthrough beat=214 expected = f1ee675fc064edf6, actual =f1ee675fc064edf6
[2415000] SCOREBOARD MATCH: wdata passthrough beat=215 expected = ea5589b7bd74d952, actual =ea5589b7bd74d952
[2415000] SCOREBOARD MATCH: wdata passthrough beat=216 expected = 98274c6bcc52bd3e, actual =98274c6bcc52bd3e
[2415000] SCOREBOARD MATCH: wdata passthrough beat=217 expected = cb7ab34f4cdadde, actual =cb7ab34f4cdadde
[2415000] SCOREBOARD MATCH: wdata passthrough beat=218 expected = b24287308a15b3ca, actual =b24287308a15b3ca
[2415000] SCOREBOARD MATCH: wdata passthrough beat=219 expected = d6687108f70d34eb, actual =d6687108f70d34eb
[2415000] SCOREBOARD MATCH: wdata passthrough beat=220 expected = ebdae2c9ca69d39c, actual =ebdae2c9ca69d39c
[2415000] SCOREBOARD MATCH: wdata passthrough beat=221 expected = d47f8766e3201c3c, actual =d47f8766e3201c3c
[2415000] SCOREBOARD MATCH: wdata passthrough beat=222 expected = da2d51279e1d69f9, actual =da2d51279e1d69f9
[2415000] SCOREBOARD MATCH: wdata passthrough beat=223 expected = e8873d952ae7f86f, actual =e8873d952ae7f86f
[2415000] SCOREBOARD MATCH: wdata passthrough beat=224 expected = 8e0814abc60833f0, actual =8e0814abc60833f0
[2415000] SCOREBOARD MATCH: wdata passthrough beat=225 expected = e4259dea3d06c4fc, actual =e4259dea3d06c4fc
[2415000] SCOREBOARD MATCH: wdata passthrough beat=226 expected = e7eebd6be83565d3, actual =e7eebd6be83565d3
[2415000] SCOREBOARD MATCH: wdata passthrough beat=227 expected = ae3d99c3ccacdb7f, actual =ae3d99c3ccacdb7f
[2415000] SCOREBOARD MATCH: wdata passthrough beat=228 expected = 89b3a07bf5f6d216, actual =89b3a07bf5f6d216
[2415000] SCOREBOARD MATCH: wdata passthrough beat=229 expected = de2c37e9926337ad, actual =de2c37e9926337ad
[2415000] SCOREBOARD MATCH: wdata passthrough beat=230 expected = df10132df1a25de6, actual =df10132df1a25de6
[2415000] SCOREBOARD MATCH: wdata passthrough beat=231 expected = e7992ffd0c69d1ad, actual =e7992ffd0c69d1ad
[2415000] SCOREBOARD MATCH: wdata passthrough beat=232 expected = 9ecd095ae8c3b3a8, actual =9ecd095ae8c3b3a8
[2415000] SCOREBOARD MATCH: wstrb size check expected = e9, actual =e9
[2415000] SCOREBOARD MATCH: wstrb passthrough beat=0 expected = e6, actual =e6
[2415000] SCOREBOARD MATCH: wstrb passthrough beat=1 expected = 8f, actual =8f
[2415000] SCOREBOARD MATCH: wstrb passthrough beat=2 expected = 87, actual =87
[2415000] SCOREBOARD MATCH: wstrb passthrough beat=3 expected = 93, actual =93
[2415000] SCOREBOARD MATCH: wstrb passthrough beat=4 expected = 8c, actual =8c
[2415000] SCOREBOARD MATCH: wstrb passthrough beat=5 expected = 30, actual =30
[2415000] SCOREBOARD MATCH: wstrb passthrough beat=6 expected = ee, actual =ee
[2415000] SCOREBOARD MATCH: wstrb passthrough beat=7 expected = 72, actual =72
[2415000] SCOREBOARD MATCH: wstrb passthrough beat=8 expected = bf, actual =bf
[2415000] SCOREBOARD MATCH: wstrb passthrough beat=9 expected = 75, actual =75
[2415000] SCOREBOARD MATCH: wstrb passthrough beat=10 expected = 6, actual =6
[2415000] SCOREBOARD MATCH: wstrb passthrough beat=11 expected = 4b, actual =4b
[2415000] SCOREBOARD MATCH: wstrb passthrough beat=12 expected = a5, actual =a5
[2415000] SCOREBOARD MATCH: wstrb passthrough beat=13 expected = f4, actual =f4
[2415000] SCOREBOARD MATCH: wstrb passthrough beat=14 expected = bd, actual =bd
[2415000] SCOREBOARD MATCH: wstrb passthrough beat=15 expected = 64, actual =64
[2415000] SCOREBOARD MATCH: wstrb passthrough beat=16 expected = 69, actual =69
[2415000] SCOREBOARD MATCH: wstrb passthrough beat=17 expected = c3, actual =c3
[2415000] SCOREBOARD MATCH: wstrb passthrough beat=18 expected = af, actual =af
[2415000] SCOREBOARD MATCH: wstrb passthrough beat=19 expected = f, actual =f
[2415000] SCOREBOARD MATCH: wstrb passthrough beat=20 expected = b7, actual =b7
[2415000] SCOREBOARD MATCH: wstrb passthrough beat=21 expected = 6d, actual =6d
[2415000] SCOREBOARD MATCH: wstrb passthrough beat=22 expected = 73, actual =73
[2415000] SCOREBOARD MATCH: wstrb passthrough beat=23 expected = 21, actual =21
[2415000] SCOREBOARD MATCH: wstrb passthrough beat=24 expected = 30, actual =30
[2415000] SCOREBOARD MATCH: wstrb passthrough beat=25 expected = 23, actual =23
[2415000] SCOREBOARD MATCH: wstrb passthrough beat=26 expected = 30, actual =30
[2415000] SCOREBOARD MATCH: wstrb passthrough beat=27 expected = e8, actual =e8
[2415000] SCOREBOARD MATCH: wstrb passthrough beat=28 expected = 90, actual =90
[2415000] SCOREBOARD MATCH: wstrb passthrough beat=29 expected = a3, actual =a3
[2415000] SCOREBOARD MATCH: wstrb passthrough beat=30 expected = 9, actual =9
[2415000] SCOREBOARD MATCH: wstrb passthrough beat=31 expected = c0, actual =c0
[2415000] SCOREBOARD MATCH: wstrb passthrough beat=32 expected = c6, actual =c6
[2415000] SCOREBOARD MATCH: wstrb passthrough beat=33 expected = 39, actual =39
[2415000] SCOREBOARD MATCH: wstrb passthrough beat=34 expected = a8, actual =a8
[2415000] SCOREBOARD MATCH: wstrb passthrough beat=35 expected = 56, actual =56
[2415000] SCOREBOARD MATCH: wstrb passthrough beat=36 expected = dc, actual =dc
[2415000] SCOREBOARD MATCH: wstrb passthrough beat=37 expected = b1, actual =b1
[2415000] SCOREBOARD MATCH: wstrb passthrough beat=38 expected = 17, actual =17
[2415000] SCOREBOARD MATCH: wstrb passthrough beat=39 expected = a3, actual =a3
[2415000] SCOREBOARD MATCH: wstrb passthrough beat=40 expected = ea, actual =ea
[2415000] SCOREBOARD MATCH: wstrb passthrough beat=41 expected = bf, actual =bf
[2415000] SCOREBOARD MATCH: wstrb passthrough beat=42 expected = f9, actual =f9
[2415000] SCOREBOARD MATCH: wstrb passthrough beat=43 expected = c7, actual =c7
[2415000] SCOREBOARD MATCH: wstrb passthrough beat=44 expected = 71, actual =71
[2415000] SCOREBOARD MATCH: wstrb passthrough beat=45 expected = 10, actual =10
[2415000] SCOREBOARD MATCH: wstrb passthrough beat=46 expected = 6a, actual =6a
[2415000] SCOREBOARD MATCH: wstrb passthrough beat=47 expected = 5b, actual =5b
[2415000] SCOREBOARD MATCH: wstrb passthrough beat=48 expected = d0, actual =d0
[2415000] SCOREBOARD MATCH: wstrb passthrough beat=49 expected = 63, actual =63
[2415000] SCOREBOARD MATCH: wstrb passthrough beat=50 expected = 22, actual =22
[2415000] SCOREBOARD MATCH: wstrb passthrough beat=51 expected = 41, actual =41
[2415000] SCOREBOARD MATCH: wstrb passthrough beat=52 expected = 74, actual =74
[2415000] SCOREBOARD MATCH: wstrb passthrough beat=53 expected = 8c, actual =8c
[2415000] SCOREBOARD MATCH: wstrb passthrough beat=54 expected = 9c, actual =9c
[2415000] SCOREBOARD MATCH: wstrb passthrough beat=55 expected = 44, actual =44
[2415000] SCOREBOARD MATCH: wstrb passthrough beat=56 expected = f0, actual =f0
[2415000] SCOREBOARD MATCH: wstrb passthrough beat=57 expected = bf, actual =bf
[2415000] SCOREBOARD MATCH: wstrb passthrough beat=58 expected = 85, actual =85
[2415000] SCOREBOARD MATCH: wstrb passthrough beat=59 expected = 64, actual =64
[2415000] SCOREBOARD MATCH: wstrb passthrough beat=60 expected = 4b, actual =4b
[2415000] SCOREBOARD MATCH: wstrb passthrough beat=61 expected = 21, actual =21
[2415000] SCOREBOARD MATCH: wstrb passthrough beat=62 expected = a8, actual =a8
[2415000] SCOREBOARD MATCH: wstrb passthrough beat=63 expected = 3b, actual =3b
[2415000] SCOREBOARD MATCH: wstrb passthrough beat=64 expected = e0, actual =e0
[2415000] SCOREBOARD MATCH: wstrb passthrough beat=65 expected = 2d, actual =2d
[2415000] SCOREBOARD MATCH: wstrb passthrough beat=66 expected = 9f, actual =9f
[2415000] SCOREBOARD MATCH: wstrb passthrough beat=67 expected = 2c, actual =2c
[2415000] SCOREBOARD MATCH: wstrb passthrough beat=68 expected = 4e, actual =4e
[2415000] SCOREBOARD MATCH: wstrb passthrough beat=69 expected = 47, actual =47
[2415000] SCOREBOARD MATCH: wstrb passthrough beat=70 expected = 67, actual =67
[2415000] SCOREBOARD MATCH: wstrb passthrough beat=71 expected = 2f, actual =2f
[2415000] SCOREBOARD MATCH: wstrb passthrough beat=72 expected = 74, actual =74
[2415000] SCOREBOARD MATCH: wstrb passthrough beat=73 expected = 7, actual =7
[2415000] SCOREBOARD MATCH: wstrb passthrough beat=74 expected = 5b, actual =5b
[2415000] SCOREBOARD MATCH: wstrb passthrough beat=75 expected = c3, actual =c3
[2415000] SCOREBOARD MATCH: wstrb passthrough beat=76 expected = 4e, actual =4e
[2415000] SCOREBOARD MATCH: wstrb passthrough beat=77 expected = c2, actual =c2
[2415000] SCOREBOARD MATCH: wstrb passthrough beat=78 expected = f2, actual =f2
[2415000] SCOREBOARD MATCH: wstrb passthrough beat=79 expected = c3, actual =c3
[2415000] SCOREBOARD MATCH: wstrb passthrough beat=80 expected = c9, actual =c9
[2415000] SCOREBOARD MATCH: wstrb passthrough beat=81 expected = 4d, actual =4d
[2415000] SCOREBOARD MATCH: wstrb passthrough beat=82 expected = 86, actual =86
[2415000] SCOREBOARD MATCH: wstrb passthrough beat=83 expected = 18, actual =18
[2415000] SCOREBOARD MATCH: wstrb passthrough beat=84 expected = f, actual =f
[2415000] SCOREBOARD MATCH: wstrb passthrough beat=85 expected = 78, actual =78
[2415000] SCOREBOARD MATCH: wstrb passthrough beat=86 expected = db, actual =db
[2415000] SCOREBOARD MATCH: wstrb passthrough beat=87 expected = d9, actual =d9
[2415000] SCOREBOARD MATCH: wstrb passthrough beat=88 expected = c5, actual =c5
[2415000] SCOREBOARD MATCH: wstrb passthrough beat=89 expected = 61, actual =61
[2415000] SCOREBOARD MATCH: wstrb passthrough beat=90 expected = f1, actual =f1
[2415000] SCOREBOARD MATCH: wstrb passthrough beat=91 expected = d4, actual =d4
[2415000] SCOREBOARD MATCH: wstrb passthrough beat=92 expected = d9, actual =d9
[2415000] SCOREBOARD MATCH: wstrb passthrough beat=93 expected = cc, actual =cc
[2415000] SCOREBOARD MATCH: wstrb passthrough beat=94 expected = ad, actual =ad
[2415000] SCOREBOARD MATCH: wstrb passthrough beat=95 expected = 9e, actual =9e
[2415000] SCOREBOARD MATCH: wstrb passthrough beat=96 expected = 2d, actual =2d
[2415000] SCOREBOARD MATCH: wstrb passthrough beat=97 expected = 9e, actual =9e
[2415000] SCOREBOARD MATCH: wstrb passthrough beat=98 expected = 72, actual =72
[2415000] SCOREBOARD MATCH: wstrb passthrough beat=99 expected = 6, actual =6
[2415000] SCOREBOARD MATCH: wstrb passthrough beat=100 expected = 6a, actual =6a
[2415000] SCOREBOARD MATCH: wstrb passthrough beat=101 expected = 20, actual =20
[2415000] SCOREBOARD MATCH: wstrb passthrough beat=102 expected = a4, actual =a4
[2415000] SCOREBOARD MATCH: wstrb passthrough beat=103 expected = 97, actual =97
[2415000] SCOREBOARD MATCH: wstrb passthrough beat=104 expected = be, actual =be
[2415000] SCOREBOARD MATCH: wstrb passthrough beat=105 expected = 16, actual =16
[2415000] SCOREBOARD MATCH: wstrb passthrough beat=106 expected = 9d, actual =9d
[2415000] SCOREBOARD MATCH: wstrb passthrough beat=107 expected = 29, actual =29
[2415000] SCOREBOARD MATCH: wstrb passthrough beat=108 expected = 36, actual =36
[2415000] SCOREBOARD MATCH: wstrb passthrough beat=109 expected = 41, actual =41
[2415000] SCOREBOARD MATCH: wstrb passthrough beat=110 expected = c0, actual =c0
[2415000] SCOREBOARD MATCH: wstrb passthrough beat=111 expected = f5, actual =f5
[2415000] SCOREBOARD MATCH: wstrb passthrough beat=112 expected = 58, actual =58
[2415000] SCOREBOARD MATCH: wstrb passthrough beat=113 expected = 5e, actual =5e
[2415000] SCOREBOARD MATCH: wstrb passthrough beat=114 expected = 1e, actual =1e
[2415000] SCOREBOARD MATCH: wstrb passthrough beat=115 expected = 8e, actual =8e
[2415000] SCOREBOARD MATCH: wstrb passthrough beat=116 expected = 9f, actual =9f
[2415000] SCOREBOARD MATCH: wstrb passthrough beat=117 expected = de, actual =de
[2415000] SCOREBOARD MATCH: wstrb passthrough beat=118 expected = 83, actual =83
[2415000] SCOREBOARD MATCH: wstrb passthrough beat=119 expected = f7, actual =f7
[2415000] SCOREBOARD MATCH: wstrb passthrough beat=120 expected = 3c, actual =3c
[2415000] SCOREBOARD MATCH: wstrb passthrough beat=121 expected = a1, actual =a1
[2415000] SCOREBOARD MATCH: wstrb passthrough beat=122 expected = 86, actual =86
[2415000] SCOREBOARD MATCH: wstrb passthrough beat=123 expected = dc, actual =dc
[2415000] SCOREBOARD MATCH: wstrb passthrough beat=124 expected = 80, actual =80
[2415000] SCOREBOARD MATCH: wstrb passthrough beat=125 expected = 9, actual =9
[2415000] SCOREBOARD MATCH: wstrb passthrough beat=126 expected = d3, actual =d3
[2415000] SCOREBOARD MATCH: wstrb passthrough beat=127 expected = bc, actual =bc
[2415000] SCOREBOARD MATCH: wstrb passthrough beat=128 expected = ab, actual =ab
[2415000] SCOREBOARD MATCH: wstrb passthrough beat=129 expected = 59, actual =59
[2415000] SCOREBOARD MATCH: wstrb passthrough beat=130 expected = 98, actual =98
[2415000] SCOREBOARD MATCH: wstrb passthrough beat=131 expected = 2b, actual =2b
[2415000] SCOREBOARD MATCH: wstrb passthrough beat=132 expected = 63, actual =63
[2415000] SCOREBOARD MATCH: wstrb passthrough beat=133 expected = 6c, actual =6c
[2415000] SCOREBOARD MATCH: wstrb passthrough beat=134 expected = e7, actual =e7
[2415000] SCOREBOARD MATCH: wstrb passthrough beat=135 expected = e, actual =e
[2415000] SCOREBOARD MATCH: wstrb passthrough beat=136 expected = c5, actual =c5
[2415000] SCOREBOARD MATCH: wstrb passthrough beat=137 expected = 80, actual =80
[2415000] SCOREBOARD MATCH: wstrb passthrough beat=138 expected = 39, actual =39
[2415000] SCOREBOARD MATCH: wstrb passthrough beat=139 expected = 28, actual =28
[2415000] SCOREBOARD MATCH: wstrb passthrough beat=140 expected = ec, actual =ec
[2415000] SCOREBOARD MATCH: wstrb passthrough beat=141 expected = 20, actual =20
[2415000] SCOREBOARD MATCH: wstrb passthrough beat=142 expected = 36, actual =36
[2415000] SCOREBOARD MATCH: wstrb passthrough beat=143 expected = b1, actual =b1
[2415000] SCOREBOARD MATCH: wstrb passthrough beat=144 expected = a0, actual =a0
[2415000] SCOREBOARD MATCH: wstrb passthrough beat=145 expected = 6f, actual =6f
[2415000] SCOREBOARD MATCH: wstrb passthrough beat=146 expected = da, actual =da
[2415000] SCOREBOARD MATCH: wstrb passthrough beat=147 expected = 8c, actual =8c
[2415000] SCOREBOARD MATCH: wstrb passthrough beat=148 expected = 90, actual =90
[2415000] SCOREBOARD MATCH: wstrb passthrough beat=149 expected = 10, actual =10
[2415000] SCOREBOARD MATCH: wstrb passthrough beat=150 expected = 3e, actual =3e
[2415000] SCOREBOARD MATCH: wstrb passthrough beat=151 expected = 30, actual =30
[2415000] SCOREBOARD MATCH: wstrb passthrough beat=152 expected = 80, actual =80
[2415000] SCOREBOARD MATCH: wstrb passthrough beat=153 expected = 18, actual =18
[2415000] SCOREBOARD MATCH: wstrb passthrough beat=154 expected = bd, actual =bd
[2415000] SCOREBOARD MATCH: wstrb passthrough beat=155 expected = 10, actual =10
[2415000] SCOREBOARD MATCH: wstrb passthrough beat=156 expected = 28, actual =28
[2415000] SCOREBOARD MATCH: wstrb passthrough beat=157 expected = fb, actual =fb
[2415000] SCOREBOARD MATCH: wstrb passthrough beat=158 expected = 40, actual =40
[2415000] SCOREBOARD MATCH: wstrb passthrough beat=159 expected = a8, actual =a8
[2415000] SCOREBOARD MATCH: wstrb passthrough beat=160 expected = 13, actual =13
[2415000] SCOREBOARD MATCH: wstrb passthrough beat=161 expected = fd, actual =fd
[2415000] SCOREBOARD MATCH: wstrb passthrough beat=162 expected = b8, actual =b8
[2415000] SCOREBOARD MATCH: wstrb passthrough beat=163 expected = 3b, actual =3b
[2415000] SCOREBOARD MATCH: wstrb passthrough beat=164 expected = f8, actual =f8
[2415000] SCOREBOARD MATCH: wstrb passthrough beat=165 expected = f9, actual =f9
[2415000] SCOREBOARD MATCH: wstrb passthrough beat=166 expected = e4, actual =e4
[2415000] SCOREBOARD MATCH: wstrb passthrough beat=167 expected = b, actual =b
[2415000] SCOREBOARD MATCH: wstrb passthrough beat=168 expected = f6, actual =f6
[2415000] SCOREBOARD MATCH: wstrb passthrough beat=169 expected = 9c, actual =9c
[2415000] SCOREBOARD MATCH: wstrb passthrough beat=170 expected = 47, actual =47
[2415000] SCOREBOARD MATCH: wstrb passthrough beat=171 expected = ef, actual =ef
[2415000] SCOREBOARD MATCH: wstrb passthrough beat=172 expected = 95, actual =95
[2415000] SCOREBOARD MATCH: wstrb passthrough beat=173 expected = 2b, actual =2b
[2415000] SCOREBOARD MATCH: wstrb passthrough beat=174 expected = fa, actual =fa
[2415000] SCOREBOARD MATCH: wstrb passthrough beat=175 expected = 8c, actual =8c
[2415000] SCOREBOARD MATCH: wstrb passthrough beat=176 expected = c7, actual =c7
[2415000] SCOREBOARD MATCH: wstrb passthrough beat=177 expected = 41, actual =41
[2415000] SCOREBOARD MATCH: wstrb passthrough beat=178 expected = 7b, actual =7b
[2415000] SCOREBOARD MATCH: wstrb passthrough beat=179 expected = 5d, actual =5d
[2415000] SCOREBOARD MATCH: wstrb passthrough beat=180 expected = 6c, actual =6c
[2415000] SCOREBOARD MATCH: wstrb passthrough beat=181 expected = 75, actual =75
[2415000] SCOREBOARD MATCH: wstrb passthrough beat=182 expected = e9, actual =e9
[2415000] SCOREBOARD MATCH: wstrb passthrough beat=183 expected = 34, actual =34
[2415000] SCOREBOARD MATCH: wstrb passthrough beat=184 expected = b7, actual =b7
[2415000] SCOREBOARD MATCH: wstrb passthrough beat=185 expected = 64, actual =64
[2415000] SCOREBOARD MATCH: wstrb passthrough beat=186 expected = 91, actual =91
[2415000] SCOREBOARD MATCH: wstrb passthrough beat=187 expected = 23, actual =23
[2415000] SCOREBOARD MATCH: wstrb passthrough beat=188 expected = d9, actual =d9
[2415000] SCOREBOARD MATCH: wstrb passthrough beat=189 expected = 7a, actual =7a
[2415000] SCOREBOARD MATCH: wstrb passthrough beat=190 expected = 57, actual =57
[2415000] SCOREBOARD MATCH: wstrb passthrough beat=191 expected = 90, actual =90
[2415000] SCOREBOARD MATCH: wstrb passthrough beat=192 expected = de, actual =de
[2415000] SCOREBOARD MATCH: wstrb passthrough beat=193 expected = e8, actual =e8
[2415000] SCOREBOARD MATCH: wstrb passthrough beat=194 expected = b4, actual =b4
[2415000] SCOREBOARD MATCH: wstrb passthrough beat=195 expected = b7, actual =b7
[2415000] SCOREBOARD MATCH: wstrb passthrough beat=196 expected = 62, actual =62
[2415000] SCOREBOARD MATCH: wstrb passthrough beat=197 expected = b, actual =b
[2415000] SCOREBOARD MATCH: wstrb passthrough beat=198 expected = 48, actual =48
[2415000] SCOREBOARD MATCH: wstrb passthrough beat=199 expected = 40, actual =40
[2415000] SCOREBOARD MATCH: wstrb passthrough beat=200 expected = f4, actual =f4
[2415000] SCOREBOARD MATCH: wstrb passthrough beat=201 expected = fc, actual =fc
[2415000] SCOREBOARD MATCH: wstrb passthrough beat=202 expected = f8, actual =f8
[2415000] SCOREBOARD MATCH: wstrb passthrough beat=203 expected = 56, actual =56
[2415000] SCOREBOARD MATCH: wstrb passthrough beat=204 expected = 7, actual =7
[2415000] SCOREBOARD MATCH: wstrb passthrough beat=205 expected = 40, actual =40
[2415000] SCOREBOARD MATCH: wstrb passthrough beat=206 expected = 97, actual =97
[2415000] SCOREBOARD MATCH: wstrb passthrough beat=207 expected = fb, actual =fb
[2415000] SCOREBOARD MATCH: wstrb passthrough beat=208 expected = 3c, actual =3c
[2415000] SCOREBOARD MATCH: wstrb passthrough beat=209 expected = 8f, actual =8f
[2415000] SCOREBOARD MATCH: wstrb passthrough beat=210 expected = 52, actual =52
[2415000] SCOREBOARD MATCH: wstrb passthrough beat=211 expected = 43, actual =43
[2415000] SCOREBOARD MATCH: wstrb passthrough beat=212 expected = cf, actual =cf
[2415000] SCOREBOARD MATCH: wstrb passthrough beat=213 expected = e9, actual =e9
[2415000] SCOREBOARD MATCH: wstrb passthrough beat=214 expected = 3f, actual =3f
[2415000] SCOREBOARD MATCH: wstrb passthrough beat=215 expected = b, actual =b
[2415000] SCOREBOARD MATCH: wstrb passthrough beat=216 expected = 78, actual =78
[2415000] SCOREBOARD MATCH: wstrb passthrough beat=217 expected = 91, actual =91
[2415000] SCOREBOARD MATCH: wstrb passthrough beat=218 expected = 4e, actual =4e
[2415000] SCOREBOARD MATCH: wstrb passthrough beat=219 expected = 47, actual =47
[2415000] SCOREBOARD MATCH: wstrb passthrough beat=220 expected = 7a, actual =7a
[2415000] SCOREBOARD MATCH: wstrb passthrough beat=221 expected = 8d, actual =8d
[2415000] SCOREBOARD MATCH: wstrb passthrough beat=222 expected = 52, actual =52
[2415000] SCOREBOARD MATCH: wstrb passthrough beat=223 expected = f2, actual =f2
[2415000] SCOREBOARD MATCH: wstrb passthrough beat=224 expected = 1e, actual =1e
[2415000] SCOREBOARD MATCH: wstrb passthrough beat=225 expected = a0, actual =a0
[2415000] SCOREBOARD MATCH: wstrb passthrough beat=226 expected = 39, actual =39
[2415000] SCOREBOARD MATCH: wstrb passthrough beat=227 expected = 98, actual =98
[2415000] SCOREBOARD MATCH: wstrb passthrough beat=228 expected = 2e, actual =2e
[2415000] SCOREBOARD MATCH: wstrb passthrough beat=229 expected = 8b, actual =8b
[2415000] SCOREBOARD MATCH: wstrb passthrough beat=230 expected = 8a, actual =8a
[2415000] SCOREBOARD MATCH: wstrb passthrough beat=231 expected = 4c, actual =4c
[2415000] SCOREBOARD MATCH: wstrb passthrough beat=232 expected = 2b, actual =2b
[2415000] SCOREBOARD MATCH: bresp passthrough expected = 0, actual =0
[2415000] SCOREBOARD MATCH: response routed to correct master (write) expected = 0, actual =0
[2415000] [SCOREBOARD-M] mst_id=0 s_id=0 awaddr=f7281b0 awid=1100 awlen=232 awsize=7 awburst=1 wdata=[d089531fdd535989 ba8ff8601fc8c225 cdb7125bc03b738a 9d8ecd13e3bf1608 387d82d9e40657a de7bd904d81ec574 3bdddb7cd13eea88 ef7f5003fc0aa618 d4296b8c3f65b3a9 90a49e31cdfb2907 ca05cf1f10074708 cf6cfab18023ee34 ce1f173c9e2f3aab ae3681b3e01198e2 e03587179824e65b 36542107fda37c64 ddb515472e549e53 c67984aee48aa2ba e22e1f1f3dea9c5e ec3f3ab1fccda5b5 e15848703fe33466 fdcdd0c4b2b8bf5f 2f866515c386678f 3699bf5ea0d0b75 9cc5cad410dead85 d465151401376cb9 eb44782ecc4c2fe9 dd2add6ed7ceb109 d9061dc2880a4302 d45672ecb18ff282 895ea38bc44a95f0 cc54d8f2b181505a e31142dde264c14d a6af573da0ab4bde d22c9c39ec6fe668 ced4a7b6f3043030 93af7c0e353ddf16 a1adc57ef583fef3 e8882f23e5dc1847 9b19f75df0826d34 e6066c28fc37ab32 e213c3793cc7bcdc ad4a2a10ce8e9b4b cac6467dfd2dbad7 39f577b393509638 e1df31842cda09f7 2a07c4cee73fa1c3 fa9037fcaca57801 d97f81f8e3fd3c81 cb3cde44dc6f6980 8914e181838746c6 e7848347c5cd1640 a23c7fc0e294637a e61baa4032c1618c f88e77cc2b516142 de5c4bccda02d88 618f141acaf78d c61c58cff4016efc c1a19c84f8f006e0 93bafe6dd4021d8b c8038c87c2032b98 3af33279d9d7573c add974c709a5290c cba854a4ceae30e6 28858823f5dd014f ff822a5b869b871d d549b804d65efcea cc3bfe39cb2a7eff d1c6061dfdcf4027 d42e3d11cbbe2894 16e8a794270fbe21 24defe48206a3b4b ec2863dfe8aeadb1 fbe6bd2f90d3b59 997776a483110b73 ebbfb924349d6a1a adaaa573059fda84 88b0e5f7fb7e24f6 b01b8f10c7221c18 ccc1f69cf4709f1c efeec412ddc63484 24e8509cd572dc93 c9e37baf200a5323 fdd087a7f1aa4738 c71d23cb39d23fc2 d9dc92e522b8d843 14631f7b11009f7b cad2df3dd7ad1a8c fa65f2cfdb804346 ec80e2c124af7222 fc5c8cae0ec9124a ea495590b753c1fe dc033420f6c27f7d 58b91c7d6ca3852 8e1dfa50d85fc0ce cf22404befd4e757 c69f1fa9ea212e71 c280ef3fd4add212 c482b96ad4bd19fa 3ede486b11a32f8b e651019d8b21d913 dfdef30d815f37aa 93026735aad3bb07 35f5941b9ebd3b78 201c7323f95368d3 a42723da95d48728 3491c2a1b31eda58 ac72432bda1cb7f5 eff13f1ed4ae35c4 87cd101cd0996706 aab61efb248301bf f9313783343f5348 4d8ba4e9aa75e19 bf2a5fd880fe479f b53d9ae7af8ed949 ca363763b85b975b 3959defbba165535 e9a52e7f8960973b c1bc2e97ee9779e2 28adcf1833db65e2 bd3bfd1dfb160d92 e9ad87741252fd97 c62e6379fef82bb4 fa0e3946925b568c a4ae5423836a6096 2628c4be3bbc0bb f6171747eadcb79c ee471833fc70c591 e02c864c1ac56b6b 85a22307f0a9a47e ed1a6a0fd6439d94 f10908fff3e93b3a e492dfb8cd46f05c 238a8df0f6ab2c06 ea946741d1ad49c8 1ef43a24149396ef 8b3ec2f5cf2746f9 a0d490c1c27ec814 d7125f03f5d32a36 c4fa7130bfc8cae5 824792f9e25121f8 d8244c2fe5cf01f1 2597ccd7d959f1fc 3bab13f51d1ebd5f 82edbf50a7df5fd0 13951cd13cf6024 30ee1d83a8858c27 d064ebf83ce465c2 d0b3c5e6b3dbdcd3 dc6168fbd19e3dc5 e82a38701a1e369 b57dc03c2cc654f3 fe6492b8df36696d e0d84cd691df2937 bea57e2a0ce7363f ec1d9fac96560d12 2835364abd0a10e2 c9f14721ccf5ec82 e34bf994e6dab474 23e4c557b60ee6cd 8304d34f8b812fde f25be453edd60c78 23e4f346e650cce4 f1d1fcc21640a9aa 8416b622a6e9c695 8d3a9379e42de115 fa6e8abfa7fba968 cee56ffeff0c903c e33a7151fe8540e2 a680ea4adc200377 db2c93b3dda8fc11 dc2e3cf3f5665a48 d1865dc03e670505 1c10011682af273d f8158186acb2f173 eb19f678f83e3e09 faed6546c99bdf46 f64ed0b98729f78e ff683597f302e6cc bc9ec612e168c732 e892bec0fa559ade ed5881aa32ed96cc 14565dfee7faf458 e2508f3629f747bd dce4de89fce91cbe e4e41116cfa910e0 f9a0589df13b3c87 ee245945c734a04c 16ddb12dd6853726 c7c073add3086a5c 9a3d0aa8907e09ca e70340f135e4ccf3 8ed374fb11abbd5 c198c5a0aec3b49e e4a88191a32a41f7 d444fdcd289c0691 d75fbb2fed95b8e0 10bffad815ddc36d 3e79c9fe3c083cc1 a99df5a1e504f8a5 fae2bc1295d9852d d1e1c1eeba5df079 9f62e91e395c8610 cf360b3dfb7fb790 b5dda8099a45a530 d3a22b402117cd2c 1c9784bcd5409128 ef86365822d8367e c3f003aad2752cc5 a7b5bdedc3286199 e6009817e0878866 b2fcb52b173bf446 da6455df29f09bc1 a782427dab27319 f1ee675fc064edf6 ea5589b7bd74d952 98274c6bcc52bd3e cb7ab34f4cdadde b24287308a15b3ca d6687108f70d34eb ebdae2c9ca69d39c d47f8766e3201c3c da2d51279e1d69f9 e8873d952ae7f86f 8e0814abc60833f0 e4259dea3d06c4fc e7eebd6be83565d3 ae3d99c3ccacdb7f 89b3a07bf5f6d216 de2c37e9926337ad df10132df1a25de6 e7992ffd0c69d1ad 9ecd095ae8c3b3a8 ] wstrb=[e6 8f 87 93 8c 30 ee 72 bf 75 6 4b a5 f4 bd 64 69 c3 af f b7 6d 73 21 30 23 30 e8 90 a3 9 c0 c6 39 a8 56 dc b1 17 a3 ea bf f9 c7 71 10 6a 5b d0 63 22 41 74 8c 9c 44 f0 bf 85 64 4b 21 a8 3b e0 2d 9f 2c 4e 47 67 2f 74 7 5b c3 4e c2 f2 c3 c9 4d 86 18 f 78 db d9 c5 61 f1 d4 d9 cc ad 9e 2d 9e 72 6 6a 20 a4 97 be 16 9d 29 36 41 c0 f5 58 5e 1e 8e 9f de 83 f7 3c a1 86 dc 80 9 d3 bc ab 59 98 2b 63 6c e7 e c5 80 39 28 ec 20 36 b1 a0 6f da 8c 90 10 3e 30 80 18 bd 10 28 fb 40 a8 13 fd b8 3b f8 f9 e4 b f6 9c 47 ef 95 2b fa 8c c7 41 7b 5d 6c 75 e9 34 b7 64 91 23 d9 7a 57 90 de e8 b4 b7 62 b 48 40 f4 fc f8 56 7 40 97 fb 3c 8f 52 43 cf e9 3f b 78 91 4e 47 7a 8d 52 f2 1e a0 39 98 2e 8b 8a 4c 2b ] bresp=0 bid=1100
[2415000] [SCOREBOARD-S] mst_id=0 s_id=0 awaddr=f7281b0 awid=1100 awlen=232 awsize=7 awburst=1 wdata=[d089531fdd535989 ba8ff8601fc8c225 cdb7125bc03b738a 9d8ecd13e3bf1608 387d82d9e40657a de7bd904d81ec574 3bdddb7cd13eea88 ef7f5003fc0aa618 d4296b8c3f65b3a9 90a49e31cdfb2907 ca05cf1f10074708 cf6cfab18023ee34 ce1f173c9e2f3aab ae3681b3e01198e2 e03587179824e65b 36542107fda37c64 ddb515472e549e53 c67984aee48aa2ba e22e1f1f3dea9c5e ec3f3ab1fccda5b5 e15848703fe33466 fdcdd0c4b2b8bf5f 2f866515c386678f 3699bf5ea0d0b75 9cc5cad410dead85 d465151401376cb9 eb44782ecc4c2fe9 dd2add6ed7ceb109 d9061dc2880a4302 d45672ecb18ff282 895ea38bc44a95f0 cc54d8f2b181505a e31142dde264c14d a6af573da0ab4bde d22c9c39ec6fe668 ced4a7b6f3043030 93af7c0e353ddf16 a1adc57ef583fef3 e8882f23e5dc1847 9b19f75df0826d34 e6066c28fc37ab32 e213c3793cc7bcdc ad4a2a10ce8e9b4b cac6467dfd2dbad7 39f577b393509638 e1df31842cda09f7 2a07c4cee73fa1c3 fa9037fcaca57801 d97f81f8e3fd3c81 cb3cde44dc6f6980 8914e181838746c6 e7848347c5cd1640 a23c7fc0e294637a e61baa4032c1618c f88e77cc2b516142 de5c4bccda02d88 618f141acaf78d c61c58cff4016efc c1a19c84f8f006e0 93bafe6dd4021d8b c8038c87c2032b98 3af33279d9d7573c add974c709a5290c cba854a4ceae30e6 28858823f5dd014f ff822a5b869b871d d549b804d65efcea cc3bfe39cb2a7eff d1c6061dfdcf4027 d42e3d11cbbe2894 16e8a794270fbe21 24defe48206a3b4b ec2863dfe8aeadb1 fbe6bd2f90d3b59 997776a483110b73 ebbfb924349d6a1a adaaa573059fda84 88b0e5f7fb7e24f6 b01b8f10c7221c18 ccc1f69cf4709f1c efeec412ddc63484 24e8509cd572dc93 c9e37baf200a5323 fdd087a7f1aa4738 c71d23cb39d23fc2 d9dc92e522b8d843 14631f7b11009f7b cad2df3dd7ad1a8c fa65f2cfdb804346 ec80e2c124af7222 fc5c8cae0ec9124a ea495590b753c1fe dc033420f6c27f7d 58b91c7d6ca3852 8e1dfa50d85fc0ce cf22404befd4e757 c69f1fa9ea212e71 c280ef3fd4add212 c482b96ad4bd19fa 3ede486b11a32f8b e651019d8b21d913 dfdef30d815f37aa 93026735aad3bb07 35f5941b9ebd3b78 201c7323f95368d3 a42723da95d48728 3491c2a1b31eda58 ac72432bda1cb7f5 eff13f1ed4ae35c4 87cd101cd0996706 aab61efb248301bf f9313783343f5348 4d8ba4e9aa75e19 bf2a5fd880fe479f b53d9ae7af8ed949 ca363763b85b975b 3959defbba165535 e9a52e7f8960973b c1bc2e97ee9779e2 28adcf1833db65e2 bd3bfd1dfb160d92 e9ad87741252fd97 c62e6379fef82bb4 fa0e3946925b568c a4ae5423836a6096 2628c4be3bbc0bb f6171747eadcb79c ee471833fc70c591 e02c864c1ac56b6b 85a22307f0a9a47e ed1a6a0fd6439d94 f10908fff3e93b3a e492dfb8cd46f05c 238a8df0f6ab2c06 ea946741d1ad49c8 1ef43a24149396ef 8b3ec2f5cf2746f9 a0d490c1c27ec814 d7125f03f5d32a36 c4fa7130bfc8cae5 824792f9e25121f8 d8244c2fe5cf01f1 2597ccd7d959f1fc 3bab13f51d1ebd5f 82edbf50a7df5fd0 13951cd13cf6024 30ee1d83a8858c27 d064ebf83ce465c2 d0b3c5e6b3dbdcd3 dc6168fbd19e3dc5 e82a38701a1e369 b57dc03c2cc654f3 fe6492b8df36696d e0d84cd691df2937 bea57e2a0ce7363f ec1d9fac96560d12 2835364abd0a10e2 c9f14721ccf5ec82 e34bf994e6dab474 23e4c557b60ee6cd 8304d34f8b812fde f25be453edd60c78 23e4f346e650cce4 f1d1fcc21640a9aa 8416b622a6e9c695 8d3a9379e42de115 fa6e8abfa7fba968 cee56ffeff0c903c e33a7151fe8540e2 a680ea4adc200377 db2c93b3dda8fc11 dc2e3cf3f5665a48 d1865dc03e670505 1c10011682af273d f8158186acb2f173 eb19f678f83e3e09 faed6546c99bdf46 f64ed0b98729f78e ff683597f302e6cc bc9ec612e168c732 e892bec0fa559ade ed5881aa32ed96cc 14565dfee7faf458 e2508f3629f747bd dce4de89fce91cbe e4e41116cfa910e0 f9a0589df13b3c87 ee245945c734a04c 16ddb12dd6853726 c7c073add3086a5c 9a3d0aa8907e09ca e70340f135e4ccf3 8ed374fb11abbd5 c198c5a0aec3b49e e4a88191a32a41f7 d444fdcd289c0691 d75fbb2fed95b8e0 10bffad815ddc36d 3e79c9fe3c083cc1 a99df5a1e504f8a5 fae2bc1295d9852d d1e1c1eeba5df079 9f62e91e395c8610 cf360b3dfb7fb790 b5dda8099a45a530 d3a22b402117cd2c 1c9784bcd5409128 ef86365822d8367e c3f003aad2752cc5 a7b5bdedc3286199 e6009817e0878866 b2fcb52b173bf446 da6455df29f09bc1 a782427dab27319 f1ee675fc064edf6 ea5589b7bd74d952 98274c6bcc52bd3e cb7ab34f4cdadde b24287308a15b3ca d6687108f70d34eb ebdae2c9ca69d39c d47f8766e3201c3c da2d51279e1d69f9 e8873d952ae7f86f 8e0814abc60833f0 e4259dea3d06c4fc e7eebd6be83565d3 ae3d99c3ccacdb7f 89b3a07bf5f6d216 de2c37e9926337ad df10132df1a25de6 e7992ffd0c69d1ad 9ecd095ae8c3b3a8 ] wstrb=[e6 8f 87 93 8c 30 ee 72 bf 75 6 4b a5 f4 bd 64 69 c3 af f b7 6d 73 21 30 23 30 e8 90 a3 9 c0 c6 39 a8 56 dc b1 17 a3 ea bf f9 c7 71 10 6a 5b d0 63 22 41 74 8c 9c 44 f0 bf 85 64 4b 21 a8 3b e0 2d 9f 2c 4e 47 67 2f 74 7 5b c3 4e c2 f2 c3 c9 4d 86 18 f 78 db d9 c5 61 f1 d4 d9 cc ad 9e 2d 9e 72 6 6a 20 a4 97 be 16 9d 29 36 41 c0 f5 58 5e 1e 8e 9f de 83 f7 3c a1 86 dc 80 9 d3 bc ab 59 98 2b 63 6c e7 e c5 80 39 28 ec 20 36 b1 a0 6f da 8c 90 10 3e 30 80 18 bd 10 28 fb 40 a8 13 fd b8 3b f8 f9 e4 b f6 9c 47 ef 95 2b fa 8c c7 41 7b 5d 6c 75 e9 34 b7 64 91 23 d9 7a 57 90 de e8 b4 b7 62 b 48 40 f4 fc f8 56 7 40 97 fb 3c 8f 52 43 cf e9 3f b 78 91 4e 47 7a 8d 52 f2 1e a0 39 98 2e 8b 8a 4c 2b ] bresp=0 bid=1100
[2415000] SCOREBOARD: Transaction 2 received. pass=491 fail=0
[2415000] ALL PASS. Total transactions: 2
[2425000] MASTER 0 W_VALID_RDY Handshake beat=1 wlast=0
[2425000] MASTER 1 W_VALID_RDY Handshake beat=8 wlast=0
[2425000] AXI S0_WVALID_RDY HANDSHAKE
[2425000] S0 MEMORY WRITE beat=1 addr=01cb68c0 data=c8ffb546dcf66788 id=15
[2435000] AXI S0_WVALID_RDY HANDSHAKE
[2435000] S0 MEMORY WRITE beat=2 addr=01cb6940 data=0763fc1f0c474981 id=15
[2435000] MASTER 1 W_VALID_RDY Handshake beat=9 wlast=0
[2435000] MASTER 0 W_VALID_RDY Handshake beat=2 wlast=0
[2445000] MASTER 0 W_VALID_RDY Handshake beat=3 wlast=0
[2445000] MASTER 1 W_VALID_RDY Handshake beat=10 wlast=0
[2445000] AXI S0_WVALID_RDY HANDSHAKE
[2445000] S0 MEMORY WRITE beat=3 addr=01cb69c0 data=f2a99a12d547d780 id=15
[2455000] AXI S0_WVALID_RDY HANDSHAKE
[2455000] S0 MEMORY WRITE beat=4 addr=01cb6a40 data=323e3f08220afdbe id=15
[2455000] MASTER 1 W_VALID_RDY Handshake beat=11 wlast=0
[2455000] MASTER 0 W_VALID_RDY Handshake beat=4 wlast=0
[2465000] MASTER 0 W_VALID_RDY Handshake beat=5 wlast=0
[2465000] MASTER 1 W_VALID_RDY Handshake beat=12 wlast=0
[2465000] AXI S0_WVALID_RDY HANDSHAKE
[2465000] S0 MEMORY WRITE beat=5 addr=01cb6ac0 data=2e52473fbba94f58 id=15
[2475000] AXI S0_WVALID_RDY HANDSHAKE
[2475000] S0 MEMORY WRITE beat=6 addr=01cb6b40 data=90f126d839a23b27 id=15
[2475000] MASTER 1 W_VALID_RDY Handshake beat=13 wlast=0
[2475000] MASTER 0 W_VALID_RDY Handshake beat=6 wlast=0
[2485000] MASTER 0 W_VALID_RDY Handshake beat=7 wlast=0
[2485000] MASTER 1 W_VALID_RDY Handshake beat=14 wlast=0
[2485000] AXI S0_WVALID_RDY HANDSHAKE
[2485000] S0 MEMORY WRITE beat=7 addr=01cb6bc0 data=dbad38e520fbe151 id=15
[2495000] AXI S0_WVALID_RDY HANDSHAKE
[2495000] S0 MEMORY WRITE beat=8 addr=01cb6c40 data=dca530a9c32f65e0 id=15
[2495000] MASTER 1 W_VALID_RDY Handshake beat=15 wlast=0
[2505000] MASTER 1 W_VALID_RDY Handshake beat=16 wlast=0
[2505000] AXI S0_WVALID_RDY HANDSHAKE
[2505000] S0 MEMORY WRITE beat=9 addr=01cb6cc0 data=fcd1a10709ff8024 id=15
[2515000] AXI S0_WVALID_RDY HANDSHAKE
[2515000] S0 MEMORY WRITE beat=10 addr=01cb6d40 data=2afb6175ed965782 id=15
[2515000] MASTER 1 W_VALID_RDY Handshake beat=17 wlast=0
[2525000] MASTER 1 W_VALID_RDY Handshake beat=18 wlast=0
[2525000] AXI S0_WVALID_RDY HANDSHAKE
[2525000] S0 MEMORY WRITE beat=11 addr=01cb6dc0 data=b0c5bd62d87ed9ec id=15
[2535000] AXI S0_WVALID_RDY HANDSHAKE
[2535000] S0 MEMORY WRITE beat=12 addr=01cb6e40 data=e27e5a1087a0921e id=15
[2535000] MASTER 1 W_VALID_RDY Handshake beat=19 wlast=0
[2545000] MASTER 1 W_VALID_RDY Handshake beat=20 wlast=0
[2545000] AXI S0_WVALID_RDY HANDSHAKE
[2545000] S0 MEMORY WRITE beat=13 addr=01cb6ec0 data=f536e9a02d975e6a id=15
[2555000] AXI S0_WVALID_RDY HANDSHAKE
[2555000] S0 MEMORY WRITE beat=14 addr=01cb6f40 data=861638568d79bb85 id=15
[2555000] MASTER 1 W_VALID_RDY Handshake beat=21 wlast=0
[2565000] MASTER 1 W_VALID_RDY Handshake beat=22 wlast=0
[2565000] AXI S0_WVALID_RDY HANDSHAKE
[2565000] S0 MEMORY WRITE beat=15 addr=01cb6fc0 data=151a4da425fca703 id=15
[2575000] AXI S0_WVALID_RDY HANDSHAKE
[2575000] S0 MEMORY WRITE beat=16 addr=01cb7040 data=d394056de8949267 id=15
[2575000] MASTER 1 W_VALID_RDY Handshake beat=23 wlast=0
[2585000] MASTER 1 W_VALID_RDY Handshake beat=24 wlast=0
[2585000] AXI S0_WVALID_RDY HANDSHAKE
[2585000] S0 MEMORY WRITE beat=17 addr=01cb70c0 data=f60e4dec8a513744 id=15
[2595000] AXI S0_WVALID_RDY HANDSHAKE
[2595000] S0 MEMORY WRITE beat=18 addr=01cb7140 data=b04dde47d9aa3dc3 id=15
[2595000] MASTER 1 W_VALID_RDY Handshake beat=25 wlast=0
[2605000] MASTER 1 W_VALID_RDY Handshake beat=26 wlast=0
[2605000] AXI S0_WVALID_RDY HANDSHAKE
[2605000] S0 MEMORY WRITE beat=19 addr=01cb71c0 data=c23ed02a8b289b90 id=15
[2615000] AXI S0_WVALID_RDY HANDSHAKE
[2615000] S0 MEMORY WRITE beat=20 addr=01cb7240 data=1579d2d583e1e3b4 id=15
[2615000] MASTER 1 W_VALID_RDY Handshake beat=27 wlast=0
[2625000] MASTER 1 W_VALID_RDY Handshake beat=28 wlast=0
[2625000] AXI S0_WVALID_RDY HANDSHAKE
[2625000] S0 MEMORY WRITE beat=21 addr=01cb72c0 data=dd8c2178384d1e17 id=15
[2635000] AXI S0_WVALID_RDY HANDSHAKE
[2635000] S0 MEMORY WRITE beat=22 addr=01cb7340 data=c375b9a7c5c7b11c id=15
[2635000] MASTER 1 W_VALID_RDY Handshake beat=29 wlast=0
[2645000] MASTER 1 W_VALID_RDY Handshake beat=30 wlast=0
[2645000] AXI S0_WVALID_RDY HANDSHAKE
[2645000] S0 MEMORY WRITE beat=23 addr=01cb73c0 data=c9a994d19fcaf1a2 id=15
[2655000] AXI S0_WVALID_RDY HANDSHAKE
[2655000] S0 MEMORY WRITE beat=24 addr=01cb7440 data=d8180fb9d8ef8c7c id=15
[2655000] MASTER 1 W_VALID_RDY Handshake beat=31 wlast=0
[2665000] MASTER 1 W_VALID_RDY Handshake beat=32 wlast=0
[2665000] AXI S0_WVALID_RDY HANDSHAKE
[2665000] S0 MEMORY WRITE beat=25 addr=01cb74c0 data=1eb73d992735b649 id=15
[2675000] AXI S0_WVALID_RDY HANDSHAKE
[2675000] S0 MEMORY WRITE beat=26 addr=01cb7540 data=c700a7eb1b8dc961 id=15
[2675000] MASTER 1 W_VALID_RDY Handshake beat=33 wlast=0
[2685000] MASTER 1 W_VALID_RDY Handshake beat=34 wlast=0
[2685000] AXI S0_WVALID_RDY HANDSHAKE
[2685000] S0 MEMORY WRITE beat=27 addr=01cb75c0 data=f47d55dde860d26a id=15
[2695000] AXI S0_WVALID_RDY HANDSHAKE
[2695000] S0 MEMORY WRITE beat=28 addr=01cb7640 data=0f9688b31f18b7a5 id=15
[2695000] MASTER 1 W_VALID_RDY Handshake beat=35 wlast=0
[2705000] MASTER 1 W_VALID_RDY Handshake beat=36 wlast=0
[2705000] AXI S0_WVALID_RDY HANDSHAKE
[2705000] S0 MEMORY WRITE beat=29 addr=01cb76c0 data=3aa6810693349376 id=15
[2715000] AXI S0_WVALID_RDY HANDSHAKE
[2715000] S0 MEMORY WRITE beat=30 addr=01cb7740 data=fb9565e0d697309e id=15
[2715000] MASTER 1 W_VALID_RDY Handshake beat=37 wlast=0
[2725000] MASTER 1 W_VALID_RDY Handshake beat=38 wlast=0
[2725000] AXI S0_WVALID_RDY HANDSHAKE
[2725000] S0 MEMORY WRITE beat=31 addr=01cb77c0 data=f5afe843af23d6e3 id=15
[2735000] AXI S0_WVALID_RDY HANDSHAKE
[2735000] S0 MEMORY WRITE beat=32 addr=01cb7840 data=c2586a5a8b2bee93 id=15
[2735000] MASTER 1 W_VALID_RDY Handshake beat=39 wlast=0
[2745000] MASTER 1 W_VALID_RDY Handshake beat=40 wlast=0
[2745000] AXI S0_WVALID_RDY HANDSHAKE
[2745000] S0 MEMORY WRITE beat=33 addr=01cb78c0 data=e1c31f32b0566949 id=15
[2755000] AXI S0_WVALID_RDY HANDSHAKE
[2755000] S0 MEMORY WRITE beat=34 addr=01cb7940 data=df7a402dbdedd03a id=15
[2755000] MASTER 1 W_VALID_RDY Handshake beat=41 wlast=0
[2765000] MASTER 1 W_VALID_RDY Handshake beat=42 wlast=0
[2765000] AXI S0_WVALID_RDY HANDSHAKE
[2765000] S0 MEMORY WRITE beat=35 addr=01cb79c0 data=c919beced7730775 id=15
[2775000] AXI S0_WVALID_RDY HANDSHAKE
[2775000] S0 MEMORY WRITE beat=36 addr=01cb7a40 data=07c970bf21d2aa87 id=15
[2775000] MASTER 1 W_VALID_RDY Handshake beat=43 wlast=0
[2785000] MASTER 1 W_VALID_RDY Handshake beat=44 wlast=0
[2785000] AXI S0_WVALID_RDY HANDSHAKE
[2785000] S0 MEMORY WRITE beat=37 addr=01cb7ac0 data=dfc07ac12adcde00 id=15
[2795000] AXI S0_WVALID_RDY HANDSHAKE
[2795000] S0 MEMORY WRITE beat=38 addr=01cb7b40 data=824fe575e743b0ec id=15
[2795000] MASTER 1 W_VALID_RDY Handshake beat=45 wlast=0
[2805000] MASTER 1 W_VALID_RDY Handshake beat=46 wlast=0
[2805000] AXI S0_WVALID_RDY HANDSHAKE
[2805000] S0 MEMORY WRITE beat=39 addr=01cb7bc0 data=09165b73a8da398f id=15
[2815000] AXI S0_WVALID_RDY HANDSHAKE
[2815000] S0 MEMORY WRITE beat=40 addr=01cb7c40 data=d3b7178f8a195634 id=15
[2815000] MASTER 1 W_VALID_RDY Handshake beat=47 wlast=0
[2825000] MASTER 1 W_VALID_RDY Handshake beat=48 wlast=0
[2825000] AXI S0_WVALID_RDY HANDSHAKE
[2825000] S0 MEMORY WRITE beat=41 addr=01cb7cc0 data=f15d0720e8d6d634 id=15
[2835000] AXI S0_WVALID_RDY HANDSHAKE
[2835000] S0 MEMORY WRITE beat=42 addr=01cb7d40 data=11b10fc4d606fd05 id=15
[2835000] MASTER 1 W_VALID_RDY Handshake beat=49 wlast=0
[2845000] MASTER 1 W_VALID_RDY Handshake beat=50 wlast=0
[2845000] AXI S0_WVALID_RDY HANDSHAKE
[2845000] S0 MEMORY WRITE beat=43 addr=01cb7dc0 data=e0205339fa736293 id=15
[2855000] AXI S0_WVALID_RDY HANDSHAKE
[2855000] S0 MEMORY WRITE beat=44 addr=01cb7e40 data=e34a38c8e5682753 id=15
[2855000] MASTER 1 W_VALID_RDY Handshake beat=51 wlast=0
[2865000] MASTER 1 W_VALID_RDY Handshake beat=52 wlast=0
[2865000] AXI S0_WVALID_RDY HANDSHAKE
[2865000] S0 MEMORY WRITE beat=45 addr=01cb7ec0 data=bb6f2458d17d5a5a id=15
[2875000] AXI S0_WVALID_RDY HANDSHAKE
[2875000] S0 MEMORY WRITE beat=46 addr=01cb7f40 data=cbf0bcedf4fb488c id=15
[2875000] MASTER 1 W_VALID_RDY Handshake beat=53 wlast=0
[2885000] MASTER 1 W_VALID_RDY Handshake beat=54 wlast=0
[2885000] AXI S0_WVALID_RDY HANDSHAKE
[2885000] S0 MEMORY WRITE beat=47 addr=01cb7fc0 data=da636fdf1b8f7792 id=15
[2895000] AXI S0_WVALID_RDY HANDSHAKE
[2895000] S0 MEMORY WRITE beat=48 addr=01cb8040 data=ed0cd1ecaf3af5b5 id=15
[2895000] MASTER 1 W_VALID_RDY Handshake beat=55 wlast=0
[2905000] MASTER 1 W_VALID_RDY Handshake beat=56 wlast=0
[2905000] AXI S0_WVALID_RDY HANDSHAKE
[2905000] S0 MEMORY WRITE beat=49 addr=01cb80c0 data=a4363e4115d29438 id=15
[2915000] AXI S0_WVALID_RDY HANDSHAKE
[2915000] S0 MEMORY WRITE beat=50 addr=01cb8140 data=31620bcab8fd8ed9 id=15
[2915000] MASTER 1 W_VALID_RDY Handshake beat=57 wlast=0
[2925000] MASTER 1 W_VALID_RDY Handshake beat=58 wlast=0
[2925000] AXI S0_WVALID_RDY HANDSHAKE
[2925000] S0 MEMORY WRITE beat=51 addr=01cb81c0 data=e838848ffe99ae21 id=15
[2935000] AXI S0_WVALID_RDY HANDSHAKE
[2935000] S0 MEMORY WRITE beat=52 addr=01cb8240 data=146c42591e6eddb6 id=15
[2935000] MASTER 1 W_VALID_RDY Handshake beat=59 wlast=0
[2945000] MASTER 1 W_VALID_RDY Handshake beat=60 wlast=0
[2945000] AXI S0_WVALID_RDY HANDSHAKE
[2945000] S0 MEMORY WRITE beat=53 addr=01cb82c0 data=d76c6c8f8c6ec2d0 id=15
[2955000] AXI S0_WVALID_RDY HANDSHAKE
[2955000] S0 MEMORY WRITE beat=54 addr=01cb8340 data=8b0870f1c5ce4e23 id=15
[2955000] MASTER 1 W_VALID_RDY Handshake beat=61 wlast=0
[2965000] MASTER 1 W_VALID_RDY Handshake beat=62 wlast=0
[2965000] AXI S0_WVALID_RDY HANDSHAKE
[2965000] S0 MEMORY WRITE beat=55 addr=01cb83c0 data=e43d2bd9bfa4f11e id=15
[2975000] AXI S0_WVALID_RDY HANDSHAKE
[2975000] S0 MEMORY WRITE beat=56 addr=01cb8440 data=cc13b3ef9f74b34a id=15
[2975000] MASTER 1 W_VALID_RDY Handshake beat=63 wlast=0
[2985000] MASTER 1 W_VALID_RDY Handshake beat=64 wlast=0
[2985000] AXI S0_WVALID_RDY HANDSHAKE
[2985000] S0 MEMORY WRITE beat=57 addr=01cb84c0 data=e543016dbba99868 id=15
[2995000] AXI S0_WVALID_RDY HANDSHAKE
[2995000] S0 MEMORY WRITE beat=58 addr=01cb8540 data=fb4e8987d71c24e0 id=15
[2995000] MASTER 1 W_VALID_RDY Handshake beat=65 wlast=0
[3005000] MASTER 1 W_VALID_RDY Handshake beat=66 wlast=0
[3005000] AXI S0_WVALID_RDY HANDSHAKE
[3005000] S0 MEMORY WRITE beat=59 addr=01cb85c0 data=f690d82bc9802d46 id=15
[3015000] AXI S0_WVALID_RDY HANDSHAKE
[3015000] S0 MEMORY WRITE beat=60 addr=01cb8640 data=0529c5afc7623d76 id=15
[3015000] MASTER 1 W_VALID_RDY Handshake beat=67 wlast=0
[3025000] MASTER 1 W_VALID_RDY Handshake beat=68 wlast=0
[3025000] AXI S0_WVALID_RDY HANDSHAKE
[3025000] S0 MEMORY WRITE beat=61 addr=01cb86c0 data=9e7e6256dbd3d998 id=15
[3035000] AXI S0_WVALID_RDY HANDSHAKE
[3035000] S0 MEMORY WRITE beat=62 addr=01cb8740 data=255406df00784f36 id=15
[3035000] MASTER 1 W_VALID_RDY Handshake beat=69 wlast=0
[3045000] MASTER 1 W_VALID_RDY Handshake beat=70 wlast=0
[3045000] AXI S0_WVALID_RDY HANDSHAKE
[3045000] S0 MEMORY WRITE beat=63 addr=01cb87c0 data=c7da8cac950f3a81 id=15
[3055000] AXI S0_WVALID_RDY HANDSHAKE
[3055000] S0 MEMORY WRITE beat=64 addr=01cb8840 data=f0e3141a2a7dcc8e id=15
[3055000] MASTER 1 W_VALID_RDY Handshake beat=71 wlast=0
[3065000] MASTER 1 W_VALID_RDY Handshake beat=72 wlast=0
[3065000] AXI S0_WVALID_RDY HANDSHAKE
[3065000] S0 MEMORY WRITE beat=65 addr=01cb88c0 data=2af61bc4e658ef02 id=15
[3075000] AXI S0_WVALID_RDY HANDSHAKE
[3075000] S0 MEMORY WRITE beat=66 addr=01cb8940 data=fb68298416371af9 id=15
[3075000] MASTER 1 W_VALID_RDY Handshake beat=73 wlast=0
[3085000] MASTER 1 W_VALID_RDY Handshake beat=74 wlast=0
[3085000] AXI S0_WVALID_RDY HANDSHAKE
[3085000] S0 MEMORY WRITE beat=67 addr=01cb89c0 data=c0b4e787f2d0a870 id=15
[3095000] AXI S0_WVALID_RDY HANDSHAKE
[3095000] S0 MEMORY WRITE beat=68 addr=01cb8a40 data=d9299772ec4b3d9e id=15
[3095000] MASTER 1 W_VALID_RDY Handshake beat=75 wlast=0
[3105000] MASTER 1 W_VALID_RDY Handshake beat=76 wlast=0
[3105000] AXI S0_WVALID_RDY HANDSHAKE
[3105000] S0 MEMORY WRITE beat=69 addr=01cb8ac0 data=02825897ebab034b id=15
[3115000] AXI S0_WVALID_RDY HANDSHAKE
[3115000] S0 MEMORY WRITE beat=70 addr=01cb8b40 data=de7babbbd491c0f6 id=15
[3115000] MASTER 1 W_VALID_RDY Handshake beat=77 wlast=0
[3125000] MASTER 1 W_VALID_RDY Handshake beat=78 wlast=0
[3125000] AXI S0_WVALID_RDY HANDSHAKE
[3125000] S0 MEMORY WRITE beat=71 addr=01cb8bc0 data=c0dcfe94c337401e id=15
[3135000] AXI S0_WVALID_RDY HANDSHAKE
[3135000] S0 MEMORY WRITE beat=72 addr=01cb8c40 data=2ee24369b7a5432d id=15
[3135000] MASTER 1 W_VALID_RDY Handshake beat=79 wlast=0
[3145000] MASTER 1 W_VALID_RDY Handshake beat=80 wlast=0
[3145000] AXI S0_WVALID_RDY HANDSHAKE
[3145000] S0 MEMORY WRITE beat=73 addr=01cb8cc0 data=0c370424c35f572b id=15
[3155000] AXI S0_WVALID_RDY HANDSHAKE
[3155000] S0 MEMORY WRITE beat=74 addr=01cb8d40 data=869697490d5def24 id=15
[3155000] MASTER 1 W_VALID_RDY Handshake beat=81 wlast=0
[3165000] MASTER 1 W_VALID_RDY Handshake beat=82 wlast=0
[3165000] AXI S0_WVALID_RDY HANDSHAKE
[3165000] S0 MEMORY WRITE beat=75 addr=01cb8dc0 data=c5033251cd1402b8 id=15
[3175000] AXI S0_WVALID_RDY HANDSHAKE
[3175000] S0 MEMORY WRITE beat=76 addr=01cb8e40 data=107359e4b578dab2 id=15
[3175000] MASTER 1 W_VALID_RDY Handshake beat=83 wlast=0
[3185000] MASTER 1 W_VALID_RDY Handshake beat=84 wlast=0
[3185000] AXI S0_WVALID_RDY HANDSHAKE
[3185000] S0 MEMORY WRITE beat=77 addr=01cb8ec0 data=c2d6c9d6d13a3675 id=15
[3195000] AXI S0_WVALID_RDY HANDSHAKE
[3195000] S0 MEMORY WRITE beat=78 addr=01cb8f40 data=1e4e392e9709f12d id=15
[3195000] MASTER 1 W_VALID_RDY Handshake beat=85 wlast=0
[3205000] MASTER 1 W_VALID_RDY Handshake beat=86 wlast=0
[3205000] AXI S0_WVALID_RDY HANDSHAKE
[3205000] S0 MEMORY WRITE beat=79 addr=01cb8fc0 data=cc82cbe007d9fc28 id=15
[3215000] AXI S0_WVALID_RDY HANDSHAKE
[3215000] S0 MEMORY WRITE beat=80 addr=01cb9040 data=d914329d2ec19312 id=15
[3215000] MASTER 1 W_VALID_RDY Handshake beat=87 wlast=0
[3225000] MASTER 1 W_VALID_RDY Handshake beat=88 wlast=0
[3225000] AXI S0_WVALID_RDY HANDSHAKE
[3225000] S0 MEMORY WRITE beat=81 addr=01cb90c0 data=c5cb843f8f5995b6 id=15
[3235000] AXI S0_WVALID_RDY HANDSHAKE
[3235000] S0 MEMORY WRITE beat=82 addr=01cb9140 data=973391def7626bcb id=15
[3235000] MASTER 1 W_VALID_RDY Handshake beat=89 wlast=0
[3245000] MASTER 1 W_VALID_RDY Handshake beat=90 wlast=0
[3245000] AXI S0_WVALID_RDY HANDSHAKE
[3245000] S0 MEMORY WRITE beat=83 addr=01cb91c0 data=a623fedd924e501f id=15
[3255000] AXI S0_WVALID_RDY HANDSHAKE
[3255000] S0 MEMORY WRITE beat=84 addr=01cb9240 data=21a7e5d6f047c47c id=15
[3255000] MASTER 1 W_VALID_RDY Handshake beat=91 wlast=0
[3265000] MASTER 1 W_VALID_RDY Handshake beat=92 wlast=0
[3265000] AXI S0_WVALID_RDY HANDSHAKE
[3265000] S0 MEMORY WRITE beat=85 addr=01cb92c0 data=e7aa3047ebef831d id=15
[3275000] AXI S0_WVALID_RDY HANDSHAKE
[3275000] S0 MEMORY WRITE beat=86 addr=01cb9340 data=fe3dd33cb8db77b4 id=15
[3275000] MASTER 1 W_VALID_RDY Handshake beat=93 wlast=0
[3285000] MASTER 1 W_VALID_RDY Handshake beat=94 wlast=0
[3285000] AXI S0_WVALID_RDY HANDSHAKE
[3285000] S0 MEMORY WRITE beat=87 addr=01cb93c0 data=a9233c300dce2f25 id=15
[3295000] AXI S0_WVALID_RDY HANDSHAKE
[3295000] S0 MEMORY WRITE beat=88 addr=01cb9440 data=f9bdb2429fe5b912 id=15
[3295000] MASTER 1 W_VALID_RDY Handshake beat=95 wlast=0
[3305000] MASTER 1 W_VALID_RDY Handshake beat=96 wlast=0
[3305000] AXI S0_WVALID_RDY HANDSHAKE
[3305000] S0 MEMORY WRITE beat=89 addr=01cb94c0 data=d8c130c710cd6c78 id=15
[3315000] AXI S0_WVALID_RDY HANDSHAKE
[3315000] S0 MEMORY WRITE beat=90 addr=01cb9540 data=1e9b9b9df7fb857e id=15
[3315000] MASTER 1 W_VALID_RDY Handshake beat=97 wlast=0
[3325000] MASTER 1 W_VALID_RDY Handshake beat=98 wlast=0
[3325000] AXI S0_WVALID_RDY HANDSHAKE
[3325000] S0 MEMORY WRITE beat=91 addr=01cb95c0 data=17e13e9181e46cf7 id=15
[3335000] AXI S0_WVALID_RDY HANDSHAKE
[3335000] S0 MEMORY WRITE beat=92 addr=01cb9640 data=92b1d96f18594ddf id=15
[3335000] MASTER 1 W_VALID_RDY Handshake beat=99 wlast=0
[3345000] MASTER 1 W_VALID_RDY Handshake beat=100 wlast=0
[3345000] AXI S0_WVALID_RDY HANDSHAKE
[3345000] S0 MEMORY WRITE beat=93 addr=01cb96c0 data=9054d35df0a26f58 id=15
[3355000] AXI S0_WVALID_RDY HANDSHAKE
[3355000] S0 MEMORY WRITE beat=94 addr=01cb9740 data=f286dc4fb14d750c id=15
[3355000] MASTER 1 W_VALID_RDY Handshake beat=101 wlast=0
[3365000] MASTER 1 W_VALID_RDY Handshake beat=102 wlast=0
[3365000] AXI S0_WVALID_RDY HANDSHAKE
[3365000] S0 MEMORY WRITE beat=95 addr=01cb97c0 data=c9a6c2eba83611ee id=15
[3375000] AXI S0_WVALID_RDY HANDSHAKE
[3375000] S0 MEMORY WRITE beat=96 addr=01cb9840 data=98d881460538b5bf id=15
[3375000] MASTER 1 W_VALID_RDY Handshake beat=103 wlast=0
[3385000] MASTER 1 W_VALID_RDY Handshake beat=104 wlast=0
[3385000] AXI S0_WVALID_RDY HANDSHAKE
[3385000] S0 MEMORY WRITE beat=97 addr=01cb98c0 data=b6862acbd9fb9649 id=15
[3395000] AXI S0_WVALID_RDY HANDSHAKE
[3395000] S0 MEMORY WRITE beat=98 addr=01cb9940 data=8231a8370b5f5d96 id=15
[3395000] MASTER 1 W_VALID_RDY Handshake beat=105 wlast=0
[3405000] MASTER 1 W_VALID_RDY Handshake beat=106 wlast=0
[3405000] AXI S0_WVALID_RDY HANDSHAKE
[3405000] S0 MEMORY WRITE beat=99 addr=01cb99c0 data=10981355002cedb7 id=15
[3415000] AXI S0_WVALID_RDY HANDSHAKE
[3415000] S0 MEMORY WRITE beat=100 addr=01cb9a40 data=da2884001b0a297e id=15
[3415000] MASTER 1 W_VALID_RDY Handshake beat=107 wlast=0
[3425000] MASTER 1 W_VALID_RDY Handshake beat=108 wlast=0
[3425000] AXI S0_WVALID_RDY HANDSHAKE
[3425000] S0 MEMORY WRITE beat=101 addr=01cb9ac0 data=26698714c71e3e20 id=15
[3435000] AXI S0_WVALID_RDY HANDSHAKE
[3435000] S0 MEMORY WRITE beat=102 addr=01cb9b40 data=c74b2bd7dc5a2c37 id=15
[3435000] MASTER 1 W_VALID_RDY Handshake beat=109 wlast=0
[3445000] MASTER 1 W_VALID_RDY Handshake beat=110 wlast=0
[3445000] AXI S0_WVALID_RDY HANDSHAKE
[3445000] S0 MEMORY WRITE beat=103 addr=01cb9bc0 data=f76455b537019a69 id=15
[3455000] AXI S0_WVALID_RDY HANDSHAKE
[3455000] S0 MEMORY WRITE beat=104 addr=01cb9c40 data=fe1fd889a173afd7 id=15
[3455000] MASTER 1 W_VALID_RDY Handshake beat=111 wlast=0
[3465000] MASTER 1 W_VALID_RDY Handshake beat=112 wlast=0
[3465000] AXI S0_WVALID_RDY HANDSHAKE
[3465000] S0 MEMORY WRITE beat=105 addr=01cb9cc0 data=fdcddc0f9dcddcc9 id=15
[3475000] AXI S0_WVALID_RDY HANDSHAKE
[3475000] S0 MEMORY WRITE beat=106 addr=01cb9d40 data=d4cf7732c56b0461 id=15
[3475000] MASTER 1 W_VALID_RDY Handshake beat=113 wlast=0
[3485000] MASTER 1 W_VALID_RDY Handshake beat=114 wlast=0
[3485000] AXI S0_WVALID_RDY HANDSHAKE
[3485000] S0 MEMORY WRITE beat=107 addr=01cb9dc0 data=e6deb438f53231c4 id=15
[3495000] AXI S0_WVALID_RDY HANDSHAKE
[3495000] S0 MEMORY WRITE beat=108 addr=01cb9e40 data=13000e8ed2ef4fbc id=15
[3495000] MASTER 1 W_VALID_RDY Handshake beat=115 wlast=0
[3505000] MASTER 1 W_VALID_RDY Handshake beat=116 wlast=0
[3505000] AXI S0_WVALID_RDY HANDSHAKE
[3505000] S0 MEMORY WRITE beat=109 addr=01cb9ec0 data=185a541de4ac9047 id=15
[3515000] AXI S0_WVALID_RDY HANDSHAKE
[3515000] S0 MEMORY WRITE beat=110 addr=01cb9f40 data=d9dec20ce7cf85c0 id=15
[3515000] MASTER 1 W_VALID_RDY Handshake beat=117 wlast=0
[3525000] MASTER 1 W_VALID_RDY Handshake beat=118 wlast=0
[3525000] AXI S0_WVALID_RDY HANDSHAKE
[3525000] S0 MEMORY WRITE beat=111 addr=01cb9fc0 data=babed57cff390855 id=15
[3535000] AXI S0_WVALID_RDY HANDSHAKE
[3535000] S0 MEMORY WRITE beat=112 addr=01cba040 data=e3e5989decded09a id=15
[3535000] MASTER 1 W_VALID_RDY Handshake beat=119 wlast=0
[3545000] MASTER 1 W_VALID_RDY Handshake beat=120 wlast=0
[3545000] AXI S0_WVALID_RDY HANDSHAKE
[3545000] S0 MEMORY WRITE beat=113 addr=01cba0c0 data=d4ae565ad3192999 id=15
[3555000] AXI S0_WVALID_RDY HANDSHAKE
[3555000] S0 MEMORY WRITE beat=114 addr=01cba140 data=d25231ef3dc45aa9 id=15
[3555000] MASTER 1 W_VALID_RDY Handshake beat=121 wlast=0
[3565000] MASTER 1 W_VALID_RDY Handshake beat=122 wlast=0
[3565000] AXI S0_WVALID_RDY HANDSHAKE
[3565000] S0 MEMORY WRITE beat=115 addr=01cba1c0 data=2aa32b430f6d2bd7 id=15
[3575000] AXI S0_WVALID_RDY HANDSHAKE
[3575000] S0 MEMORY WRITE beat=116 addr=01cba240 data=e28655703637ca8c id=15
[3575000] MASTER 1 W_VALID_RDY Handshake beat=123 wlast=0
[3585000] MASTER 1 W_VALID_RDY Handshake beat=124 wlast=0
[3585000] AXI S0_WVALID_RDY HANDSHAKE
[3585000] S0 MEMORY WRITE beat=117 addr=01cba2c0 data=f3fc2535ff51819d id=15
[3595000] AXI S0_WVALID_RDY HANDSHAKE
[3595000] S0 MEMORY WRITE beat=118 addr=01cba340 data=8ebead74b4d8875f id=15
[3595000] MASTER 1 W_VALID_RDY Handshake beat=125 wlast=0
[3605000] MASTER 1 W_VALID_RDY Handshake beat=126 wlast=0
[3605000] AXI S0_WVALID_RDY HANDSHAKE
[3605000] S0 MEMORY WRITE beat=119 addr=01cba3c0 data=eb1051eb1e9f5078 id=15
[3615000] AXI S0_WVALID_RDY HANDSHAKE
[3615000] S0 MEMORY WRITE beat=120 addr=01cba440 data=9df0d215f14502e5 id=15
[3615000] MASTER 1 W_VALID_RDY Handshake beat=127 wlast=0
[3625000] MASTER 1 W_VALID_RDY Handshake beat=128 wlast=0
[3625000] AXI S0_WVALID_RDY HANDSHAKE
[3625000] S0 MEMORY WRITE beat=121 addr=01cba4c0 data=a61d8a44df0c7720 id=15
[3635000] AXI S0_WVALID_RDY HANDSHAKE
[3635000] S0 MEMORY WRITE beat=122 addr=01cba540 data=fdabc7982caf7f8a id=15
[3635000] MASTER 1 W_VALID_RDY Handshake beat=129 wlast=0
[3645000] MASTER 1 W_VALID_RDY Handshake beat=130 wlast=0
[3645000] AXI S0_WVALID_RDY HANDSHAKE
[3645000] S0 MEMORY WRITE beat=123 addr=01cba5c0 data=1df4826f112ddc30 id=15
[3655000] AXI S0_WVALID_RDY HANDSHAKE
[3655000] S0 MEMORY WRITE beat=124 addr=01cba640 data=f03a53501b9c99ae id=15
[3655000] MASTER 1 W_VALID_RDY Handshake beat=131 wlast=0
[3665000] MASTER 1 W_VALID_RDY Handshake beat=132 wlast=0
[3665000] AXI S0_WVALID_RDY HANDSHAKE
[3665000] S0 MEMORY WRITE beat=125 addr=01cba6c0 data=c84c1938c4120cb3 id=15
[3675000] AXI S0_WVALID_RDY HANDSHAKE
[3675000] S0 MEMORY WRITE beat=126 addr=01cba740 data=d53fe8e3ede61ae9 id=15
[3675000] MASTER 1 W_VALID_RDY Handshake beat=133 wlast=0
[3685000] MASTER 1 W_VALID_RDY Handshake beat=134 wlast=0
[3685000] AXI S0_WVALID_RDY HANDSHAKE
[3685000] S0 MEMORY WRITE beat=127 addr=01cba7c0 data=0982b497e6409ba7 id=15
[3695000] AXI S0_WVALID_RDY HANDSHAKE
[3695000] S0 MEMORY WRITE beat=128 addr=01cba840 data=aa52a85ac57a3c34 id=15
[3695000] MASTER 1 W_VALID_RDY Handshake beat=135 wlast=0
[3705000] MASTER 1 W_VALID_RDY Handshake beat=136 wlast=0
[3705000] AXI S0_WVALID_RDY HANDSHAKE
[3705000] S0 MEMORY WRITE beat=129 addr=01cba8c0 data=3360571dd1cecdcf id=15
[3715000] AXI S0_WVALID_RDY HANDSHAKE
[3715000] S0 MEMORY WRITE beat=130 addr=01cba940 data=380f6976ff92913e id=15
[3715000] MASTER 1 W_VALID_RDY Handshake beat=137 wlast=0
[3725000] MASTER 1 W_VALID_RDY Handshake beat=138 wlast=0
[3725000] AXI S0_WVALID_RDY HANDSHAKE
[3725000] S0 MEMORY WRITE beat=131 addr=01cba9c0 data=c50ccd723ce30bb4 id=15
[3735000] AXI S0_WVALID_RDY HANDSHAKE
[3735000] S0 MEMORY WRITE beat=132 addr=01cbaa40 data=0eb1d983e26211d0 id=15
[3735000] MASTER 1 W_VALID_RDY Handshake beat=139 wlast=0
[3745000] MASTER 1 W_VALID_RDY Handshake beat=140 wlast=0
[3745000] AXI S0_WVALID_RDY HANDSHAKE
[3745000] S0 MEMORY WRITE beat=133 addr=01cbaac0 data=e1f4a30ef86d248f id=15
[3755000] AXI S0_WVALID_RDY HANDSHAKE
[3755000] S0 MEMORY WRITE beat=134 addr=01cbab40 data=35503043c6c142f9 id=15
[3755000] MASTER 1 W_VALID_RDY Handshake beat=141 wlast=0
[3765000] MASTER 1 W_VALID_RDY Handshake beat=142 wlast=0
[3765000] AXI S0_WVALID_RDY HANDSHAKE
[3765000] S0 MEMORY WRITE beat=135 addr=01cbabc0 data=a92354c9a7017080 id=15
[3775000] AXI S0_WVALID_RDY HANDSHAKE
[3775000] S0 MEMORY WRITE beat=136 addr=01cbac40 data=9f6e950fc40209c6 id=15
[3775000] MASTER 1 W_VALID_RDY Handshake beat=143 wlast=0
[3785000] MASTER 1 W_VALID_RDY Handshake beat=144 wlast=0
[3785000] AXI S0_WVALID_RDY HANDSHAKE
[3785000] S0 MEMORY WRITE beat=137 addr=01cbacc0 data=0ac34cbf0b17f7d8 id=15
[3795000] AXI S0_WVALID_RDY HANDSHAKE
[3795000] S0 MEMORY WRITE beat=138 addr=01cbad40 data=b2196858d4bec552 id=15
[3795000] MASTER 1 W_VALID_RDY Handshake beat=145 wlast=0
[3805000] MASTER 1 W_VALID_RDY Handshake beat=146 wlast=0
[3805000] AXI S0_WVALID_RDY HANDSHAKE
[3805000] S0 MEMORY WRITE beat=139 addr=01cbadc0 data=98c0cf18b3e6a188 id=15
[3815000] AXI S0_WVALID_RDY HANDSHAKE
[3815000] S0 MEMORY WRITE beat=140 addr=01cbae40 data=befe9960d187fd68 id=15
[3815000] MASTER 1 W_VALID_RDY Handshake beat=147 wlast=0
[3825000] MASTER 1 W_VALID_RDY Handshake beat=148 wlast=0
[3825000] AXI S0_WVALID_RDY HANDSHAKE
[3825000] S0 MEMORY WRITE beat=141 addr=01cbaec0 data=a646c2baa3841bd7 id=15
[3835000] AXI S0_WVALID_RDY HANDSHAKE
[3835000] S0 MEMORY WRITE beat=142 addr=01cbaf40 data=d76abd60f11801b9 id=15
[3835000] MASTER 1 W_VALID_RDY Handshake beat=149 wlast=0
[3845000] MASTER 1 W_VALID_RDY Handshake beat=150 wlast=0
[3845000] AXI S0_WVALID_RDY HANDSHAKE
[3845000] S0 MEMORY WRITE beat=143 addr=01cbafc0 data=c29fff213f0791d3 id=15
[3855000] AXI S0_WVALID_RDY HANDSHAKE
[3855000] S0 MEMORY WRITE beat=144 addr=01cbb040 data=e28badaa966956c0 id=15
[3855000] MASTER 1 W_VALID_RDY Handshake beat=151 wlast=0
[3865000] MASTER 1 W_VALID_RDY Handshake beat=152 wlast=0
[3865000] AXI S0_WVALID_RDY HANDSHAKE
[3865000] S0 MEMORY WRITE beat=145 addr=01cbb0c0 data=87815879e8e6c1db id=15
[3875000] AXI S0_WVALID_RDY HANDSHAKE
[3875000] S0 MEMORY WRITE beat=146 addr=01cbb140 data=a7ee53aeb9f66b0a id=15
[3875000] MASTER 1 W_VALID_RDY Handshake beat=153 wlast=0
[3885000] MASTER 1 W_VALID_RDY Handshake beat=154 wlast=0
[3885000] AXI S0_WVALID_RDY HANDSHAKE
[3885000] S0 MEMORY WRITE beat=147 addr=01cbb1c0 data=d05fc1cbca21579a id=15
[3895000] AXI S0_WVALID_RDY HANDSHAKE
[3895000] S0 MEMORY WRITE beat=148 addr=01cbb240 data=330819760a7a0159 id=15
[3895000] MASTER 1 W_VALID_RDY Handshake beat=155 wlast=0
[3905000] MASTER 1 W_VALID_RDY Handshake beat=156 wlast=0
[3905000] AXI S0_WVALID_RDY HANDSHAKE
[3905000] S0 MEMORY WRITE beat=149 addr=01cbb2c0 data=c4706c63d7e11a44 id=15
[3915000] AXI S0_WVALID_RDY HANDSHAKE
[3915000] S0 MEMORY WRITE beat=150 addr=01cbb340 data=220271dfdaf66d24 id=15
[3915000] MASTER 1 W_VALID_RDY Handshake beat=157 wlast=0
[3925000] MASTER 1 W_VALID_RDY Handshake beat=158 wlast=0
[3925000] AXI S0_WVALID_RDY HANDSHAKE
[3925000] S0 MEMORY WRITE beat=151 addr=01cbb3c0 data=e5706e7d94d02e2e id=15
[3935000] AXI S0_WVALID_RDY HANDSHAKE
[3935000] S0 MEMORY WRITE beat=152 addr=01cbb440 data=ecb14873d50a8b55 id=15
[3935000] MASTER 1 W_VALID_RDY Handshake beat=159 wlast=0
[3945000] MASTER 1 W_VALID_RDY Handshake beat=160 wlast=0
[3945000] AXI S0_WVALID_RDY HANDSHAKE
[3945000] S0 MEMORY WRITE beat=153 addr=01cbb4c0 data=b000f87929e0dae1 id=15
[3955000] AXI S0_WVALID_RDY HANDSHAKE
[3955000] S0 MEMORY WRITE beat=154 addr=01cbb540 data=beb1090f0eb3ba52 id=15
[3955000] MASTER 1 W_VALID_RDY Handshake beat=161 wlast=0
[3965000] MASTER 1 W_VALID_RDY Handshake beat=162 wlast=0
[3965000] AXI S0_WVALID_RDY HANDSHAKE
[3965000] S0 MEMORY WRITE beat=155 addr=01cbb5c0 data=e3be45a7157166f7 id=15
[3975000] AXI S0_WVALID_RDY HANDSHAKE
[3975000] S0 MEMORY WRITE beat=156 addr=01cbb640 data=3f5241d8ab625182 id=15
[3975000] MASTER 1 W_VALID_RDY Handshake beat=163 wlast=0
[3985000] MASTER 1 W_VALID_RDY Handshake beat=164 wlast=0
[3985000] AXI S0_WVALID_RDY HANDSHAKE
[3985000] S0 MEMORY WRITE beat=157 addr=01cbb6c0 data=ba160bd493bf3e20 id=15
[3995000] AXI S0_WVALID_RDY HANDSHAKE
[3995000] S0 MEMORY WRITE beat=158 addr=01cbb740 data=a930a517fe034ae7 id=15
[3995000] MASTER 1 W_VALID_RDY Handshake beat=165 wlast=0
[4005000] MASTER 1 W_VALID_RDY Handshake beat=166 wlast=0
[4005000] AXI S0_WVALID_RDY HANDSHAKE
[4005000] S0 MEMORY WRITE beat=159 addr=01cbb7c0 data=29659c6a9dd4517b id=15
[4015000] AXI S0_WVALID_RDY HANDSHAKE
[4015000] S0 MEMORY WRITE beat=160 addr=01cbb840 data=31938f9ce882e6ef id=15
[4015000] MASTER 1 W_VALID_RDY Handshake beat=167 wlast=0
[4025000] MASTER 1 W_VALID_RDY Handshake beat=168 wlast=0
[4025000] AXI S0_WVALID_RDY HANDSHAKE
[4025000] S0 MEMORY WRITE beat=161 addr=01cbb8c0 data=e68631d7e37ba83e id=15
[4035000] AXI S0_WVALID_RDY HANDSHAKE
[4035000] S0 MEMORY WRITE beat=162 addr=01cbb940 data=014ff9badac434b3 id=15
[4035000] MASTER 1 W_VALID_RDY Handshake beat=169 wlast=0
[4045000] MASTER 1 W_VALID_RDY Handshake beat=170 wlast=0
[4045000] AXI S0_WVALID_RDY HANDSHAKE
[4045000] S0 MEMORY WRITE beat=163 addr=01cbb9c0 data=c3471ba30febce41 id=15
[4055000] AXI S0_WVALID_RDY HANDSHAKE
[4055000] S0 MEMORY WRITE beat=164 addr=01cbba40 data=f367767f32e38956 id=15
[4055000] MASTER 1 W_VALID_RDY Handshake beat=171 wlast=0
[4065000] MASTER 1 W_VALID_RDY Handshake beat=172 wlast=0
[4065000] AXI S0_WVALID_RDY HANDSHAKE
[4065000] S0 MEMORY WRITE beat=165 addr=01cbbac0 data=8da7be0929cd4d7a id=15
[4075000] AXI S0_WVALID_RDY HANDSHAKE
[4075000] S0 MEMORY WRITE beat=166 addr=01cbbb40 data=39b91bbbf4b77039 id=15
[4075000] MASTER 1 W_VALID_RDY Handshake beat=173 wlast=0
[4085000] MASTER 1 W_VALID_RDY Handshake beat=174 wlast=0
[4085000] AXI S0_WVALID_RDY HANDSHAKE
[4085000] S0 MEMORY WRITE beat=167 addr=01cbbbc0 data=a79af98fd0eed9ac id=15
[4095000] AXI S0_WVALID_RDY HANDSHAKE
[4095000] S0 MEMORY WRITE beat=168 addr=01cbbc40 data=fabc2726ad20923a id=15
[4095000] MASTER 1 W_VALID_RDY Handshake beat=175 wlast=0
[4105000] MASTER 1 W_VALID_RDY Handshake beat=176 wlast=0
[4105000] AXI S0_WVALID_RDY HANDSHAKE
[4105000] S0 MEMORY WRITE beat=169 addr=01cbbcc0 data=21d802743542b799 id=15
[4115000] AXI S0_WVALID_RDY HANDSHAKE
[4115000] S0 MEMORY WRITE beat=170 addr=01cbbd40 data=86319145b47542e1 id=15
[4115000] MASTER 1 W_VALID_RDY Handshake beat=177 wlast=0
[4125000] MASTER 1 W_VALID_RDY Handshake beat=178 wlast=0
[4125000] AXI S0_WVALID_RDY HANDSHAKE
[4125000] S0 MEMORY WRITE beat=171 addr=01cbbdc0 data=e195d51cc972fc03 id=15
[4135000] AXI S0_WVALID_RDY HANDSHAKE
[4135000] S0 MEMORY WRITE beat=172 addr=01cbbe40 data=feb5b39c00edb86c id=15
[4135000] MASTER 1 W_VALID_RDY Handshake beat=179 wlast=0
[4145000] MASTER 1 W_VALID_RDY Handshake beat=180 wlast=0
[4145000] AXI S0_WVALID_RDY HANDSHAKE
[4145000] S0 MEMORY WRITE beat=173 addr=01cbbec0 data=b562fb4d036dd790 id=15
[4155000] AXI S0_WVALID_RDY HANDSHAKE
[4155000] S0 MEMORY WRITE beat=174 addr=01cbbf40 data=cce0d39304e744e2 id=15
[4155000] MASTER 1 W_VALID_RDY Handshake beat=181 wlast=0
[4165000] MASTER 1 W_VALID_RDY Handshake beat=182 wlast=0
[4165000] AXI S0_WVALID_RDY HANDSHAKE
[4165000] S0 MEMORY WRITE beat=175 addr=01cbbfc0 data=05d4fd4e96f8d069 id=15
[4175000] AXI S0_WVALID_RDY HANDSHAKE
[4175000] S0 MEMORY WRITE beat=176 addr=01cbc040 data=9a66a7f9cb968730 id=15
[4175000] MASTER 1 W_VALID_RDY Handshake beat=183 wlast=0
[4185000] MASTER 1 W_VALID_RDY Handshake beat=184 wlast=0
[4185000] AXI S0_WVALID_RDY HANDSHAKE
[4185000] S0 MEMORY WRITE beat=177 addr=01cbc0c0 data=d07dcc12bb37f89b id=15
[4195000] AXI S0_WVALID_RDY HANDSHAKE
[4195000] S0 MEMORY WRITE beat=178 addr=01cbc140 data=d230c905e7477b8d id=15
[4195000] MASTER 1 W_VALID_RDY Handshake beat=185 wlast=0
[4205000] MASTER 1 W_VALID_RDY Handshake beat=186 wlast=0
[4205000] AXI S0_WVALID_RDY HANDSHAKE
[4205000] S0 MEMORY WRITE beat=179 addr=01cbc1c0 data=32de02bdd652c960 id=15
[4215000] AXI S0_WVALID_RDY HANDSHAKE
[4215000] S0 MEMORY WRITE beat=180 addr=01cbc240 data=918ac1fbec9770fe id=15
[4215000] MASTER 1 W_VALID_RDY Handshake beat=187 wlast=0
[4225000] MASTER 1 W_VALID_RDY Handshake beat=188 wlast=0
[4225000] AXI S0_WVALID_RDY HANDSHAKE
[4225000] S0 MEMORY WRITE beat=181 addr=01cbc2c0 data=d3deec8b035bcecf id=15
[4235000] AXI S0_WVALID_RDY HANDSHAKE
[4235000] S0 MEMORY WRITE beat=182 addr=01cbc340 data=d9ae982fe3bb8b00 id=15
[4235000] MASTER 1 W_VALID_RDY Handshake beat=189 wlast=0
[4245000] MASTER 1 W_VALID_RDY Handshake beat=190 wlast=0
[4245000] AXI S0_WVALID_RDY HANDSHAKE
[4245000] S0 MEMORY WRITE beat=183 addr=01cbc3c0 data=d052fbff86bcef48 id=15
[4255000] AXI S0_WVALID_RDY HANDSHAKE
[4255000] S0 MEMORY WRITE beat=184 addr=01cbc440 data=8a18be17eb395a2a id=15
[4255000] MASTER 1 W_VALID_RDY Handshake beat=191 wlast=0
[4265000] MASTER 1 W_VALID_RDY Handshake beat=192 wlast=0
[4265000] AXI S0_WVALID_RDY HANDSHAKE
[4265000] S0 MEMORY WRITE beat=185 addr=01cbc4c0 data=cef4e52ba431e88a id=15
[4275000] AXI S0_WVALID_RDY HANDSHAKE
[4275000] S0 MEMORY WRITE beat=186 addr=01cbc540 data=2aeed7d3e3c75646 id=15
[4275000] MASTER 1 W_VALID_RDY Handshake beat=193 wlast=0
[4285000] MASTER 1 W_VALID_RDY Handshake beat=194 wlast=0
[4285000] AXI S0_WVALID_RDY HANDSHAKE
[4285000] S0 MEMORY WRITE beat=187 addr=01cbc5c0 data=cf00b0711f47e12a id=15
[4295000] AXI S0_WVALID_RDY HANDSHAKE
[4295000] S0 MEMORY WRITE beat=188 addr=01cbc640 data=c379c9b4b50795ea id=15
[4295000] MASTER 1 W_VALID_RDY Handshake beat=195 wlast=0
[4305000] MASTER 1 W_VALID_RDY Handshake beat=196 wlast=0
[4305000] AXI S0_WVALID_RDY HANDSHAKE
[4305000] S0 MEMORY WRITE beat=189 addr=01cbc6c0 data=18ceec311df5959c id=15
[4315000] AXI S0_WVALID_RDY HANDSHAKE
[4315000] S0 MEMORY WRITE beat=190 addr=01cbc740 data=3d3d76c6ee68a187 id=15
[4315000] MASTER 1 W_VALID_RDY Handshake beat=197 wlast=0
[4325000] MASTER 1 W_VALID_RDY Handshake beat=198 wlast=0
[4325000] AXI S0_WVALID_RDY HANDSHAKE
[4325000] S0 MEMORY WRITE beat=191 addr=01cbc7c0 data=23703772e7cf9ca2 id=15
[4335000] AXI S0_WVALID_RDY HANDSHAKE
[4335000] S0 MEMORY WRITE beat=192 addr=01cbc840 data=05c5323e80b7407a id=15
[4335000] MASTER 1 W_VALID_RDY Handshake beat=199 wlast=0
[4345000] MASTER 1 W_VALID_RDY Handshake beat=200 wlast=0
[4345000] AXI S0_WVALID_RDY HANDSHAKE
[4345000] S0 MEMORY WRITE beat=193 addr=01cbc8c0 data=ef1fe2023c3f23a3 id=15
[4355000] AXI S0_WVALID_RDY HANDSHAKE
[4355000] S0 MEMORY WRITE beat=194 addr=01cbc940 data=240ec045c302a904 id=15
[4355000] MASTER 1 W_VALID_RDY Handshake beat=201 wlast=0
[4365000] MASTER 1 W_VALID_RDY Handshake beat=202 wlast=0
[4365000] AXI S0_WVALID_RDY HANDSHAKE
[4365000] S0 MEMORY WRITE beat=195 addr=01cbc9c0 data=c3b9e97e12901974 id=15
[4375000] AXI S0_WVALID_RDY HANDSHAKE
[4375000] S0 MEMORY WRITE beat=196 addr=01cbca40 data=cecf3d1729d3f283 id=15
[4375000] MASTER 1 W_VALID_RDY Handshake beat=203 wlast=0
[4385000] MASTER 1 W_VALID_RDY Handshake beat=204 wlast=0
[4385000] AXI S0_WVALID_RDY HANDSHAKE
[4385000] S0 MEMORY WRITE beat=197 addr=01cbcac0 data=ecd69b87b2d9cb80 id=15
[4395000] AXI S0_WVALID_RDY HANDSHAKE
[4395000] S0 MEMORY WRITE beat=198 addr=01cbcb40 data=c569e4f4f2ddfd5c id=15
[4395000] MASTER 1 W_VALID_RDY Handshake beat=205 wlast=0
[4405000] MASTER 1 W_VALID_RDY Handshake beat=206 wlast=0
[4405000] AXI S0_WVALID_RDY HANDSHAKE
[4405000] S0 MEMORY WRITE beat=199 addr=01cbcbc0 data=1cb1efdfb0908505 id=15
[4415000] AXI S0_WVALID_RDY HANDSHAKE
[4415000] S0 MEMORY WRITE beat=200 addr=01cbcc40 data=e36a50869439220b id=15
[4415000] MASTER 1 W_VALID_RDY Handshake beat=207 wlast=0
[4425000] MASTER 1 W_VALID_RDY Handshake beat=208 wlast=0
[4425000] AXI S0_WVALID_RDY HANDSHAKE
[4425000] S0 MEMORY WRITE beat=201 addr=01cbccc0 data=87171f6709888b66 id=15
[4435000] AXI S0_WVALID_RDY HANDSHAKE
[4435000] S0 MEMORY WRITE beat=202 addr=01cbcd40 data=ba19106ba8d4357a id=15
[4435000] MASTER 1 W_VALID_RDY Handshake beat=209 wlast=0
[4445000] MASTER 1 W_VALID_RDY Handshake beat=210 wlast=0
[4445000] AXI S0_WVALID_RDY HANDSHAKE
[4445000] S0 MEMORY WRITE beat=203 addr=01cbcdc0 data=3d0d5786a3c90f46 id=15
[4455000] AXI S0_WVALID_RDY HANDSHAKE
[4455000] S0 MEMORY WRITE beat=204 addr=01cbce40 data=ad519aac9d8360f1 id=15
[4455000] MASTER 1 W_VALID_RDY Handshake beat=211 wlast=0
[4465000] MASTER 1 W_VALID_RDY Handshake beat=212 wlast=0
[4465000] AXI S0_WVALID_RDY HANDSHAKE
[4465000] S0 MEMORY WRITE beat=205 addr=01cbcec0 data=c657966cc42476ed id=15
[4475000] AXI S0_WVALID_RDY HANDSHAKE
[4475000] S0 MEMORY WRITE beat=206 addr=01cbcf40 data=e7ed8634e76aab18 id=15
[4475000] MASTER 1 W_VALID_RDY Handshake beat=213 wlast=0
[4485000] MASTER 1 W_VALID_RDY Handshake beat=214 wlast=0
[4485000] AXI S0_WVALID_RDY HANDSHAKE
[4485000] S0 MEMORY WRITE beat=207 addr=01cbcfc0 data=84ee0c090364edf2 id=15
[4495000] AXI S0_WVALID_RDY HANDSHAKE
[4495000] S0 MEMORY WRITE beat=208 addr=01cbd040 data=c78964df953f20e0 id=15
[4495000] MASTER 1 W_VALID_RDY Handshake beat=215 wlast=0
[4505000] MASTER 1 W_VALID_RDY Handshake beat=216 wlast=0
[4505000] AXI S0_WVALID_RDY HANDSHAKE
[4505000] S0 MEMORY WRITE beat=209 addr=01cbd0c0 data=fca9cbf8cb45a275 id=15
[4515000] AXI S0_WVALID_RDY HANDSHAKE
[4515000] S0 MEMORY WRITE beat=210 addr=01cbd140 data=ceaa9067af76eb13 id=15
[4515000] MASTER 1 W_VALID_RDY Handshake beat=217 wlast=0
[4525000] MASTER 1 W_VALID_RDY Handshake beat=218 wlast=0
[4525000] AXI S0_WVALID_RDY HANDSHAKE
[4525000] S0 MEMORY WRITE beat=211 addr=01cbd1c0 data=c4b60bf40197d802 id=15
[4535000] AXI S0_WVALID_RDY HANDSHAKE
[4535000] S0 MEMORY WRITE beat=212 addr=01cbd240 data=ccdd7a771633f547 id=15
[4535000] MASTER 1 W_VALID_RDY Handshake beat=219 wlast=0
[4545000] MASTER 1 W_VALID_RDY Handshake beat=220 wlast=0
[4545000] AXI S0_WVALID_RDY HANDSHAKE
[4545000] S0 MEMORY WRITE beat=213 addr=01cbd2c0 data=c5aae05ac15fd7ec id=15
[4555000] AXI S0_WVALID_RDY HANDSHAKE
[4555000] S0 MEMORY WRITE beat=214 addr=01cbd340 data=c2f7afee1b880adf id=15
[4555000] MASTER 1 W_VALID_RDY Handshake beat=221 wlast=0
[4565000] MASTER 1 W_VALID_RDY Handshake beat=222 wlast=0
[4565000] AXI S0_WVALID_RDY HANDSHAKE
[4565000] S0 MEMORY WRITE beat=215 addr=01cbd3c0 data=31bc00268a60ec4e id=15
[4575000] AXI S0_WVALID_RDY HANDSHAKE
[4575000] S0 MEMORY WRITE beat=216 addr=01cbd440 data=cbc0c43b0fd52a66 id=15
[4575000] MASTER 1 W_VALID_RDY Handshake beat=223 wlast=0
[4585000] MASTER 1 W_VALID_RDY Handshake beat=224 wlast=0
[4585000] AXI S0_WVALID_RDY HANDSHAKE
[4585000] S0 MEMORY WRITE beat=217 addr=01cbd4c0 data=2b5d3545f766e080 id=15
[4595000] AXI S0_WVALID_RDY HANDSHAKE
[4595000] S0 MEMORY WRITE beat=218 addr=01cbd540 data=01c7cccf8eb87429 id=15
[4595000] MASTER 1 W_VALID_RDY Handshake beat=225 wlast=0
[4605000] MASTER_DRIVER1 received transaction, op=AXI_WRITE
[4605000] MASTER 1 W_VALID_RDY Handshake beat=226 wlast=1
[4605000] AXI S0_WVALID_RDY HANDSHAKE
[4605000] S0 MEMORY WRITE beat=219 addr=01cbd5c0 data=9e8d9e8fdd19356b id=15
[4615000] AXI S0_WVALID_RDY HANDSHAKE
[4615000] S0 MEMORY WRITE beat=220 addr=01cbd640 data=d48015ebcd88910a id=15
[4625000] MASTER 1 AW_VALID_RDY Handshake
[4625000] AXI S0_WVALID_RDY HANDSHAKE
[4625000] S0 MEMORY WRITE beat=221 addr=01cbd6c0 data=dc410533c9ead3d4 id=15
[4635000] AXI S0_WVALID_RDY HANDSHAKE
[4635000] S0 MEMORY WRITE beat=222 addr=01cbd740 data=a704093fd647e2ba id=15
[4645000] MASTER 1 W_VALID_RDY Handshake beat=0 wlast=0
[4645000] AXI S0_WVALID_RDY HANDSHAKE
[4645000] S0 MEMORY WRITE beat=223 addr=01cbd7c0 data=a3d073c4facea3c3 id=15
[4655000] AXI S0_WVALID_RDY HANDSHAKE
[4655000] S0 MEMORY WRITE beat=224 addr=01cbd840 data=c4b97797fb841f2b id=15
[4655000] MASTER 1 W_VALID_RDY Handshake beat=1 wlast=0
[4665000] MASTER 1 W_VALID_RDY Handshake beat=2 wlast=1
[4665000] AXI S0_WVALID_RDY HANDSHAKE
[4665000] S0 MEMORY WRITE beat=225 addr=01cbd8c0 data=d1cc01e5001178f8 id=15
[4675000] AXI S0_WVALID_RDY HANDSHAKE
[4675000] S0 MEMORY WRITE beat=226 addr=01cbd940 data=fae01cbbebbd80d7 id=15
[4685000] SLAVE0 sent B resp, id=5
[4695000] AXI S0_AWVALID_RDY HANDSHAKE
[4695000] [SLAVE MONITOR] mst_id=1 s_id=0 awaddr=1cb6840 awid=101 awlen=226 awsize=7 awburst=1 wdata=[1aa7019fe6625091 c8ffb546dcf66788 763fc1f0c474981 f2a99a12d547d780 323e3f08220afdbe 2e52473fbba94f58 90f126d839a23b27 dbad38e520fbe151 dca530a9c32f65e0 fcd1a10709ff8024 2afb6175ed965782 b0c5bd62d87ed9ec e27e5a1087a0921e f536e9a02d975e6a 861638568d79bb85 151a4da425fca703 d394056de8949267 f60e4dec8a513744 b04dde47d9aa3dc3 c23ed02a8b289b90 1579d2d583e1e3b4 dd8c2178384d1e17 c375b9a7c5c7b11c c9a994d19fcaf1a2 d8180fb9d8ef8c7c 1eb73d992735b649 c700a7eb1b8dc961 f47d55dde860d26a f9688b31f18b7a5 3aa6810693349376 fb9565e0d697309e f5afe843af23d6e3 c2586a5a8b2bee93 e1c31f32b0566949 df7a402dbdedd03a c919beced7730775 7c970bf21d2aa87 dfc07ac12adcde00 824fe575e743b0ec 9165b73a8da398f d3b7178f8a195634 f15d0720e8d6d634 11b10fc4d606fd05 e0205339fa736293 e34a38c8e5682753 bb6f2458d17d5a5a cbf0bcedf4fb488c da636fdf1b8f7792 ed0cd1ecaf3af5b5 a4363e4115d29438 31620bcab8fd8ed9 e838848ffe99ae21 146c42591e6eddb6 d76c6c8f8c6ec2d0 8b0870f1c5ce4e23 e43d2bd9bfa4f11e cc13b3ef9f74b34a e543016dbba99868 fb4e8987d71c24e0 f690d82bc9802d46 529c5afc7623d76 9e7e6256dbd3d998 255406df00784f36 c7da8cac950f3a81 f0e3141a2a7dcc8e 2af61bc4e658ef02 fb68298416371af9 c0b4e787f2d0a870 d9299772ec4b3d9e 2825897ebab034b de7babbbd491c0f6 c0dcfe94c337401e 2ee24369b7a5432d c370424c35f572b 869697490d5def24 c5033251cd1402b8 107359e4b578dab2 c2d6c9d6d13a3675 1e4e392e9709f12d cc82cbe007d9fc28 d914329d2ec19312 c5cb843f8f5995b6 973391def7626bcb a623fedd924e501f 21a7e5d6f047c47c e7aa3047ebef831d fe3dd33cb8db77b4 a9233c300dce2f25 f9bdb2429fe5b912 d8c130c710cd6c78 1e9b9b9df7fb857e 17e13e9181e46cf7 92b1d96f18594ddf 9054d35df0a26f58 f286dc4fb14d750c c9a6c2eba83611ee 98d881460538b5bf b6862acbd9fb9649 8231a8370b5f5d96 10981355002cedb7 da2884001b0a297e 26698714c71e3e20 c74b2bd7dc5a2c37 f76455b537019a69 fe1fd889a173afd7 fdcddc0f9dcddcc9 d4cf7732c56b0461 e6deb438f53231c4 13000e8ed2ef4fbc 185a541de4ac9047 d9dec20ce7cf85c0 babed57cff390855 e3e5989decded09a d4ae565ad3192999 d25231ef3dc45aa9 2aa32b430f6d2bd7 e28655703637ca8c f3fc2535ff51819d 8ebead74b4d8875f eb1051eb1e9f5078 9df0d215f14502e5 a61d8a44df0c7720 fdabc7982caf7f8a 1df4826f112ddc30 f03a53501b9c99ae c84c1938c4120cb3 d53fe8e3ede61ae9 982b497e6409ba7 aa52a85ac57a3c34 3360571dd1cecdcf 380f6976ff92913e c50ccd723ce30bb4 eb1d983e26211d0 e1f4a30ef86d248f 35503043c6c142f9 a92354c9a7017080 9f6e950fc40209c6 ac34cbf0b17f7d8 b2196858d4bec552 98c0cf18b3e6a188 befe9960d187fd68 a646c2baa3841bd7 d76abd60f11801b9 c29fff213f0791d3 e28badaa966956c0 87815879e8e6c1db a7ee53aeb9f66b0a d05fc1cbca21579a 330819760a7a0159 c4706c63d7e11a44 220271dfdaf66d24 e5706e7d94d02e2e ecb14873d50a8b55 b000f87929e0dae1 beb1090f0eb3ba52 e3be45a7157166f7 3f5241d8ab625182 ba160bd493bf3e20 a930a517fe034ae7 29659c6a9dd4517b 31938f9ce882e6ef e68631d7e37ba83e 14ff9badac434b3 c3471ba30febce41 f367767f32e38956 8da7be0929cd4d7a 39b91bbbf4b77039 a79af98fd0eed9ac fabc2726ad20923a 21d802743542b799 86319145b47542e1 e195d51cc972fc03 feb5b39c00edb86c b562fb4d036dd790 cce0d39304e744e2 5d4fd4e96f8d069 9a66a7f9cb968730 d07dcc12bb37f89b d230c905e7477b8d 32de02bdd652c960 918ac1fbec9770fe d3deec8b035bcecf d9ae982fe3bb8b00 d052fbff86bcef48 8a18be17eb395a2a cef4e52ba431e88a 2aeed7d3e3c75646 cf00b0711f47e12a c379c9b4b50795ea 18ceec311df5959c 3d3d76c6ee68a187 23703772e7cf9ca2 5c5323e80b7407a ef1fe2023c3f23a3 240ec045c302a904 c3b9e97e12901974 cecf3d1729d3f283 ecd69b87b2d9cb80 c569e4f4f2ddfd5c 1cb1efdfb0908505 e36a50869439220b 87171f6709888b66 ba19106ba8d4357a 3d0d5786a3c90f46 ad519aac9d8360f1 c657966cc42476ed e7ed8634e76aab18 84ee0c090364edf2 c78964df953f20e0 fca9cbf8cb45a275 ceaa9067af76eb13 c4b60bf40197d802 ccdd7a771633f547 c5aae05ac15fd7ec c2f7afee1b880adf 31bc00268a60ec4e cbc0c43b0fd52a66 2b5d3545f766e080 1c7cccf8eb87429 9e8d9e8fdd19356b d48015ebcd88910a dc410533c9ead3d4 a704093fd647e2ba a3d073c4facea3c3 c4b97797fb841f2b d1cc01e5001178f8 fae01cbbebbd80d7 ] wstrb=[aa 2 52 a2 e7 29 5d 91 2b af 33 13 d9 90 a4 4 40 d8 17 19 68 bc 1d a8 94 35 c1 fc f1 df a5 85 14 66 81 5 45 26 8a 59 8d b 5e d2 32 e8 2c bf f4 8a 91 26 73 bd e5 67 48 76 8d bb 34 72 22 7c e8 af 37 1c 21 59 98 9 8 cf 26 29 28 be 32 30 8e 58 59 b6 17 8c e7 a5 e4 40 5b fb cc 42 a0 b1 83 fc ac 4f 3e 4d 0 c1 49 ad 11 87 fa 11 49 43 be 5a ca b8 6b 13 fb 2a 6d c6 e2 d9 d9 de 3 47 a4 e5 20 7d c3 23 c4 67 8 e4 e5 cc 7 a9 33 10 8e 18 dc 95 c2 f a5 50 28 81 e5 ea 91 8b 3a b9 c 1f a3 9d aa dd 56 b7 fc f9 54 a7 d6 ab 5e d3 a4 b2 7a 7b 5d d8 4e 2 8a c8 7d e8 a0 cb ea 2a 93 67 12 33 32 fc 5d c5 63 70 f8 95 6c 55 5a d0 c5 52 65 32 a8 c0 2 6d 12 67 9f ba 27 a1 28 3a 9 c7 f4 ] bresp=0 bid=10101
[4695000] ARB MONITOR: slave=0 m0_req=1 m1_req=1 winner=0
[4695000] SCOREBOARD MATCH: arbitration winner (slave 0) expected = 0, actual =0
[4705000] MASTER 1 RECEIVED BRESP. BRESP=0
[4705000] [MASTER DRIVER] mst_id=1 s_id=0 awaddr=1cb6840 awid=101 awlen=226 awsize=7 awburst=1 wdata=[1aa7019fe6625091 c8ffb546dcf66788 763fc1f0c474981 f2a99a12d547d780 323e3f08220afdbe 2e52473fbba94f58 90f126d839a23b27 dbad38e520fbe151 dca530a9c32f65e0 fcd1a10709ff8024 2afb6175ed965782 b0c5bd62d87ed9ec e27e5a1087a0921e f536e9a02d975e6a 861638568d79bb85 151a4da425fca703 d394056de8949267 f60e4dec8a513744 b04dde47d9aa3dc3 c23ed02a8b289b90 1579d2d583e1e3b4 dd8c2178384d1e17 c375b9a7c5c7b11c c9a994d19fcaf1a2 d8180fb9d8ef8c7c 1eb73d992735b649 c700a7eb1b8dc961 f47d55dde860d26a f9688b31f18b7a5 3aa6810693349376 fb9565e0d697309e f5afe843af23d6e3 c2586a5a8b2bee93 e1c31f32b0566949 df7a402dbdedd03a c919beced7730775 7c970bf21d2aa87 dfc07ac12adcde00 824fe575e743b0ec 9165b73a8da398f d3b7178f8a195634 f15d0720e8d6d634 11b10fc4d606fd05 e0205339fa736293 e34a38c8e5682753 bb6f2458d17d5a5a cbf0bcedf4fb488c da636fdf1b8f7792 ed0cd1ecaf3af5b5 a4363e4115d29438 31620bcab8fd8ed9 e838848ffe99ae21 146c42591e6eddb6 d76c6c8f8c6ec2d0 8b0870f1c5ce4e23 e43d2bd9bfa4f11e cc13b3ef9f74b34a e543016dbba99868 fb4e8987d71c24e0 f690d82bc9802d46 529c5afc7623d76 9e7e6256dbd3d998 255406df00784f36 c7da8cac950f3a81 f0e3141a2a7dcc8e 2af61bc4e658ef02 fb68298416371af9 c0b4e787f2d0a870 d9299772ec4b3d9e 2825897ebab034b de7babbbd491c0f6 c0dcfe94c337401e 2ee24369b7a5432d c370424c35f572b 869697490d5def24 c5033251cd1402b8 107359e4b578dab2 c2d6c9d6d13a3675 1e4e392e9709f12d cc82cbe007d9fc28 d914329d2ec19312 c5cb843f8f5995b6 973391def7626bcb a623fedd924e501f 21a7e5d6f047c47c e7aa3047ebef831d fe3dd33cb8db77b4 a9233c300dce2f25 f9bdb2429fe5b912 d8c130c710cd6c78 1e9b9b9df7fb857e 17e13e9181e46cf7 92b1d96f18594ddf 9054d35df0a26f58 f286dc4fb14d750c c9a6c2eba83611ee 98d881460538b5bf b6862acbd9fb9649 8231a8370b5f5d96 10981355002cedb7 da2884001b0a297e 26698714c71e3e20 c74b2bd7dc5a2c37 f76455b537019a69 fe1fd889a173afd7 fdcddc0f9dcddcc9 d4cf7732c56b0461 e6deb438f53231c4 13000e8ed2ef4fbc 185a541de4ac9047 d9dec20ce7cf85c0 babed57cff390855 e3e5989decded09a d4ae565ad3192999 d25231ef3dc45aa9 2aa32b430f6d2bd7 e28655703637ca8c f3fc2535ff51819d 8ebead74b4d8875f eb1051eb1e9f5078 9df0d215f14502e5 a61d8a44df0c7720 fdabc7982caf7f8a 1df4826f112ddc30 f03a53501b9c99ae c84c1938c4120cb3 d53fe8e3ede61ae9 982b497e6409ba7 aa52a85ac57a3c34 3360571dd1cecdcf 380f6976ff92913e c50ccd723ce30bb4 eb1d983e26211d0 e1f4a30ef86d248f 35503043c6c142f9 a92354c9a7017080 9f6e950fc40209c6 ac34cbf0b17f7d8 b2196858d4bec552 98c0cf18b3e6a188 befe9960d187fd68 a646c2baa3841bd7 d76abd60f11801b9 c29fff213f0791d3 e28badaa966956c0 87815879e8e6c1db a7ee53aeb9f66b0a d05fc1cbca21579a 330819760a7a0159 c4706c63d7e11a44 220271dfdaf66d24 e5706e7d94d02e2e ecb14873d50a8b55 b000f87929e0dae1 beb1090f0eb3ba52 e3be45a7157166f7 3f5241d8ab625182 ba160bd493bf3e20 a930a517fe034ae7 29659c6a9dd4517b 31938f9ce882e6ef e68631d7e37ba83e 14ff9badac434b3 c3471ba30febce41 f367767f32e38956 8da7be0929cd4d7a 39b91bbbf4b77039 a79af98fd0eed9ac fabc2726ad20923a 21d802743542b799 86319145b47542e1 e195d51cc972fc03 feb5b39c00edb86c b562fb4d036dd790 cce0d39304e744e2 5d4fd4e96f8d069 9a66a7f9cb968730 d07dcc12bb37f89b d230c905e7477b8d 32de02bdd652c960 918ac1fbec9770fe d3deec8b035bcecf d9ae982fe3bb8b00 d052fbff86bcef48 8a18be17eb395a2a cef4e52ba431e88a 2aeed7d3e3c75646 cf00b0711f47e12a c379c9b4b50795ea 18ceec311df5959c 3d3d76c6ee68a187 23703772e7cf9ca2 5c5323e80b7407a ef1fe2023c3f23a3 240ec045c302a904 c3b9e97e12901974 cecf3d1729d3f283 ecd69b87b2d9cb80 c569e4f4f2ddfd5c 1cb1efdfb0908505 e36a50869439220b 87171f6709888b66 ba19106ba8d4357a 3d0d5786a3c90f46 ad519aac9d8360f1 c657966cc42476ed e7ed8634e76aab18 84ee0c090364edf2 c78964df953f20e0 fca9cbf8cb45a275 ceaa9067af76eb13 c4b60bf40197d802 ccdd7a771633f547 c5aae05ac15fd7ec c2f7afee1b880adf 31bc00268a60ec4e cbc0c43b0fd52a66 2b5d3545f766e080 1c7cccf8eb87429 9e8d9e8fdd19356b d48015ebcd88910a dc410533c9ead3d4 a704093fd647e2ba a3d073c4facea3c3 c4b97797fb841f2b d1cc01e5001178f8 fae01cbbebbd80d7 ] wstrb=[aa 2 52 a2 e7 29 5d 91 2b af 33 13 d9 90 a4 4 40 d8 17 19 68 bc 1d a8 94 35 c1 fc f1 df a5 85 14 66 81 5 45 26 8a 59 8d b 5e d2 32 e8 2c bf f4 8a 91 26 73 bd e5 67 48 76 8d bb 34 72 22 7c e8 af 37 1c 21 59 98 9 8 cf 26 29 28 be 32 30 8e 58 59 b6 17 8c e7 a5 e4 40 5b fb cc 42 a0 b1 83 fc ac 4f 3e 4d 0 c1 49 ad 11 87 fa 11 49 43 be 5a ca b8 6b 13 fb 2a 6d c6 e2 d9 d9 de 3 47 a4 e5 20 7d c3 23 c4 67 8 e4 e5 cc 7 a9 33 10 8e 18 dc 95 c2 f a5 50 28 81 e5 ea 91 8b 3a b9 c 1f a3 9d aa dd 56 b7 fc f9 54 a7 d6 ab 5e d3 a4 b2 7a 7b 5d d8 4e 2 8a c8 7d e8 a0 cb ea 2a 93 67 12 33 32 fc 5d c5 63 70 f8 95 6c 55 5a d0 c5 52 65 32 a8 c0 2 6d 12 67 9f ba 27 a1 28 3a 9 c7 f4 ] bresp=0 bid=101
[4705000] MASTER 1 B_VALID_RDY Handshake
[4705000] [MASTER MONITOR] mst_id=1 s_id=0 awaddr=1cb6840 awid=101 awlen=226 awsize=7 awburst=1 wdata=[1aa7019fe6625091 c8ffb546dcf66788 763fc1f0c474981 f2a99a12d547d780 323e3f08220afdbe 2e52473fbba94f58 90f126d839a23b27 dbad38e520fbe151 dca530a9c32f65e0 fcd1a10709ff8024 2afb6175ed965782 b0c5bd62d87ed9ec e27e5a1087a0921e f536e9a02d975e6a 861638568d79bb85 151a4da425fca703 d394056de8949267 f60e4dec8a513744 b04dde47d9aa3dc3 c23ed02a8b289b90 1579d2d583e1e3b4 dd8c2178384d1e17 c375b9a7c5c7b11c c9a994d19fcaf1a2 d8180fb9d8ef8c7c 1eb73d992735b649 c700a7eb1b8dc961 f47d55dde860d26a f9688b31f18b7a5 3aa6810693349376 fb9565e0d697309e f5afe843af23d6e3 c2586a5a8b2bee93 e1c31f32b0566949 df7a402dbdedd03a c919beced7730775 7c970bf21d2aa87 dfc07ac12adcde00 824fe575e743b0ec 9165b73a8da398f d3b7178f8a195634 f15d0720e8d6d634 11b10fc4d606fd05 e0205339fa736293 e34a38c8e5682753 bb6f2458d17d5a5a cbf0bcedf4fb488c da636fdf1b8f7792 ed0cd1ecaf3af5b5 a4363e4115d29438 31620bcab8fd8ed9 e838848ffe99ae21 146c42591e6eddb6 d76c6c8f8c6ec2d0 8b0870f1c5ce4e23 e43d2bd9bfa4f11e cc13b3ef9f74b34a e543016dbba99868 fb4e8987d71c24e0 f690d82bc9802d46 529c5afc7623d76 9e7e6256dbd3d998 255406df00784f36 c7da8cac950f3a81 f0e3141a2a7dcc8e 2af61bc4e658ef02 fb68298416371af9 c0b4e787f2d0a870 d9299772ec4b3d9e 2825897ebab034b de7babbbd491c0f6 c0dcfe94c337401e 2ee24369b7a5432d c370424c35f572b 869697490d5def24 c5033251cd1402b8 107359e4b578dab2 c2d6c9d6d13a3675 1e4e392e9709f12d cc82cbe007d9fc28 d914329d2ec19312 c5cb843f8f5995b6 973391def7626bcb a623fedd924e501f 21a7e5d6f047c47c e7aa3047ebef831d fe3dd33cb8db77b4 a9233c300dce2f25 f9bdb2429fe5b912 d8c130c710cd6c78 1e9b9b9df7fb857e 17e13e9181e46cf7 92b1d96f18594ddf 9054d35df0a26f58 f286dc4fb14d750c c9a6c2eba83611ee 98d881460538b5bf b6862acbd9fb9649 8231a8370b5f5d96 10981355002cedb7 da2884001b0a297e 26698714c71e3e20 c74b2bd7dc5a2c37 f76455b537019a69 fe1fd889a173afd7 fdcddc0f9dcddcc9 d4cf7732c56b0461 e6deb438f53231c4 13000e8ed2ef4fbc 185a541de4ac9047 d9dec20ce7cf85c0 babed57cff390855 e3e5989decded09a d4ae565ad3192999 d25231ef3dc45aa9 2aa32b430f6d2bd7 e28655703637ca8c f3fc2535ff51819d 8ebead74b4d8875f eb1051eb1e9f5078 9df0d215f14502e5 a61d8a44df0c7720 fdabc7982caf7f8a 1df4826f112ddc30 f03a53501b9c99ae c84c1938c4120cb3 d53fe8e3ede61ae9 982b497e6409ba7 aa52a85ac57a3c34 3360571dd1cecdcf 380f6976ff92913e c50ccd723ce30bb4 eb1d983e26211d0 e1f4a30ef86d248f 35503043c6c142f9 a92354c9a7017080 9f6e950fc40209c6 ac34cbf0b17f7d8 b2196858d4bec552 98c0cf18b3e6a188 befe9960d187fd68 a646c2baa3841bd7 d76abd60f11801b9 c29fff213f0791d3 e28badaa966956c0 87815879e8e6c1db a7ee53aeb9f66b0a d05fc1cbca21579a 330819760a7a0159 c4706c63d7e11a44 220271dfdaf66d24 e5706e7d94d02e2e ecb14873d50a8b55 b000f87929e0dae1 beb1090f0eb3ba52 e3be45a7157166f7 3f5241d8ab625182 ba160bd493bf3e20 a930a517fe034ae7 29659c6a9dd4517b 31938f9ce882e6ef e68631d7e37ba83e 14ff9badac434b3 c3471ba30febce41 f367767f32e38956 8da7be0929cd4d7a 39b91bbbf4b77039 a79af98fd0eed9ac fabc2726ad20923a 21d802743542b799 86319145b47542e1 e195d51cc972fc03 feb5b39c00edb86c b562fb4d036dd790 cce0d39304e744e2 5d4fd4e96f8d069 9a66a7f9cb968730 d07dcc12bb37f89b d230c905e7477b8d 32de02bdd652c960 918ac1fbec9770fe d3deec8b035bcecf d9ae982fe3bb8b00 d052fbff86bcef48 8a18be17eb395a2a cef4e52ba431e88a 2aeed7d3e3c75646 cf00b0711f47e12a c379c9b4b50795ea 18ceec311df5959c 3d3d76c6ee68a187 23703772e7cf9ca2 5c5323e80b7407a ef1fe2023c3f23a3 240ec045c302a904 c3b9e97e12901974 cecf3d1729d3f283 ecd69b87b2d9cb80 c569e4f4f2ddfd5c 1cb1efdfb0908505 e36a50869439220b 87171f6709888b66 ba19106ba8d4357a 3d0d5786a3c90f46 ad519aac9d8360f1 c657966cc42476ed e7ed8634e76aab18 84ee0c090364edf2 c78964df953f20e0 fca9cbf8cb45a275 ceaa9067af76eb13 c4b60bf40197d802 ccdd7a771633f547 c5aae05ac15fd7ec c2f7afee1b880adf 31bc00268a60ec4e cbc0c43b0fd52a66 2b5d3545f766e080 1c7cccf8eb87429 9e8d9e8fdd19356b d48015ebcd88910a dc410533c9ead3d4 a704093fd647e2ba a3d073c4facea3c3 c4b97797fb841f2b d1cc01e5001178f8 fae01cbbebbd80d7 ] wstrb=[aa 2 52 a2 e7 29 5d 91 2b af 33 13 d9 90 a4 4 40 d8 17 19 68 bc 1d a8 94 35 c1 fc f1 df a5 85 14 66 81 5 45 26 8a 59 8d b 5e d2 32 e8 2c bf f4 8a 91 26 73 bd e5 67 48 76 8d bb 34 72 22 7c e8 af 37 1c 21 59 98 9 8 cf 26 29 28 be 32 30 8e 58 59 b6 17 8c e7 a5 e4 40 5b fb cc 42 a0 b1 83 fc ac 4f 3e 4d 0 c1 49 ad 11 87 fa 11 49 43 be 5a ca b8 6b 13 fb 2a 6d c6 e2 d9 d9 de 3 47 a4 e5 20 7d c3 23 c4 67 8 e4 e5 cc 7 a9 33 10 8e 18 dc 95 c2 f a5 50 28 81 e5 ea 91 8b 3a b9 c 1f a3 9d aa dd 56 b7 fc f9 54 a7 d6 ab 5e d3 a4 b2 7a 7b 5d d8 4e 2 8a c8 7d e8 a0 cb ea 2a 93 67 12 33 32 fc 5d c5 63 70 f8 95 6c 55 5a d0 c5 52 65 32 a8 c0 2 6d 12 67 9f ba 27 a1 28 3a 9 c7 f4 ] bresp=0 bid=101
[4705000] AXI S0_WVALID_RDY HANDSHAKE
[4705000] S0 MEMORY WRITE beat=0 addr=02fabf30 data=d0831db3caa997f9 id=09
[4705000] SCOREBOARD MATCH: decode_err expected = 0, actual =0
[4705000] SCOREBOARD MATCH: slave_id expected = 0, actual =0
[4705000] SCOREBOARD MATCH: awaddr passthrough expected = 1cb6840, actual =1cb6840
[4705000] SCOREBOARD MATCH: awlen passthrough expected = 226, actual =226
[4705000] SCOREBOARD MATCH: awsize passthrough expected = 7, actual =7
[4705000] SCOREBOARD MATCH: awburst passthrough expected = 1, actual =1
[4705000] SCOREBOARD MATCH: wdata size check expected = e3, actual =e3
[4705000] SCOREBOARD MATCH: wdata passthrough beat=0 expected = 1aa7019fe6625091, actual =1aa7019fe6625091
[4705000] SCOREBOARD MATCH: wdata passthrough beat=1 expected = c8ffb546dcf66788, actual =c8ffb546dcf66788
[4705000] SCOREBOARD MATCH: wdata passthrough beat=2 expected = 763fc1f0c474981, actual =763fc1f0c474981
[4705000] SCOREBOARD MATCH: wdata passthrough beat=3 expected = f2a99a12d547d780, actual =f2a99a12d547d780
[4705000] SCOREBOARD MATCH: wdata passthrough beat=4 expected = 323e3f08220afdbe, actual =323e3f08220afdbe
[4705000] SCOREBOARD MATCH: wdata passthrough beat=5 expected = 2e52473fbba94f58, actual =2e52473fbba94f58
[4705000] SCOREBOARD MATCH: wdata passthrough beat=6 expected = 90f126d839a23b27, actual =90f126d839a23b27
[4705000] SCOREBOARD MATCH: wdata passthrough beat=7 expected = dbad38e520fbe151, actual =dbad38e520fbe151
[4705000] SCOREBOARD MATCH: wdata passthrough beat=8 expected = dca530a9c32f65e0, actual =dca530a9c32f65e0
[4705000] SCOREBOARD MATCH: wdata passthrough beat=9 expected = fcd1a10709ff8024, actual =fcd1a10709ff8024
[4705000] SCOREBOARD MATCH: wdata passthrough beat=10 expected = 2afb6175ed965782, actual =2afb6175ed965782
[4705000] SCOREBOARD MATCH: wdata passthrough beat=11 expected = b0c5bd62d87ed9ec, actual =b0c5bd62d87ed9ec
[4705000] SCOREBOARD MATCH: wdata passthrough beat=12 expected = e27e5a1087a0921e, actual =e27e5a1087a0921e
[4705000] SCOREBOARD MATCH: wdata passthrough beat=13 expected = f536e9a02d975e6a, actual =f536e9a02d975e6a
[4705000] SCOREBOARD MATCH: wdata passthrough beat=14 expected = 861638568d79bb85, actual =861638568d79bb85
[4705000] SCOREBOARD MATCH: wdata passthrough beat=15 expected = 151a4da425fca703, actual =151a4da425fca703
[4705000] SCOREBOARD MATCH: wdata passthrough beat=16 expected = d394056de8949267, actual =d394056de8949267
[4705000] SCOREBOARD MATCH: wdata passthrough beat=17 expected = f60e4dec8a513744, actual =f60e4dec8a513744
[4705000] SCOREBOARD MATCH: wdata passthrough beat=18 expected = b04dde47d9aa3dc3, actual =b04dde47d9aa3dc3
[4705000] SCOREBOARD MATCH: wdata passthrough beat=19 expected = c23ed02a8b289b90, actual =c23ed02a8b289b90
[4705000] SCOREBOARD MATCH: wdata passthrough beat=20 expected = 1579d2d583e1e3b4, actual =1579d2d583e1e3b4
[4705000] SCOREBOARD MATCH: wdata passthrough beat=21 expected = dd8c2178384d1e17, actual =dd8c2178384d1e17
[4705000] SCOREBOARD MATCH: wdata passthrough beat=22 expected = c375b9a7c5c7b11c, actual =c375b9a7c5c7b11c
[4705000] SCOREBOARD MATCH: wdata passthrough beat=23 expected = c9a994d19fcaf1a2, actual =c9a994d19fcaf1a2
[4705000] SCOREBOARD MATCH: wdata passthrough beat=24 expected = d8180fb9d8ef8c7c, actual =d8180fb9d8ef8c7c
[4705000] SCOREBOARD MATCH: wdata passthrough beat=25 expected = 1eb73d992735b649, actual =1eb73d992735b649
[4705000] SCOREBOARD MATCH: wdata passthrough beat=26 expected = c700a7eb1b8dc961, actual =c700a7eb1b8dc961
[4705000] SCOREBOARD MATCH: wdata passthrough beat=27 expected = f47d55dde860d26a, actual =f47d55dde860d26a
[4705000] SCOREBOARD MATCH: wdata passthrough beat=28 expected = f9688b31f18b7a5, actual =f9688b31f18b7a5
[4705000] SCOREBOARD MATCH: wdata passthrough beat=29 expected = 3aa6810693349376, actual =3aa6810693349376
[4705000] SCOREBOARD MATCH: wdata passthrough beat=30 expected = fb9565e0d697309e, actual =fb9565e0d697309e
[4705000] SCOREBOARD MATCH: wdata passthrough beat=31 expected = f5afe843af23d6e3, actual =f5afe843af23d6e3
[4705000] SCOREBOARD MATCH: wdata passthrough beat=32 expected = c2586a5a8b2bee93, actual =c2586a5a8b2bee93
[4705000] SCOREBOARD MATCH: wdata passthrough beat=33 expected = e1c31f32b0566949, actual =e1c31f32b0566949
[4705000] SCOREBOARD MATCH: wdata passthrough beat=34 expected = df7a402dbdedd03a, actual =df7a402dbdedd03a
[4705000] SCOREBOARD MATCH: wdata passthrough beat=35 expected = c919beced7730775, actual =c919beced7730775
[4705000] SCOREBOARD MATCH: wdata passthrough beat=36 expected = 7c970bf21d2aa87, actual =7c970bf21d2aa87
[4705000] SCOREBOARD MATCH: wdata passthrough beat=37 expected = dfc07ac12adcde00, actual =dfc07ac12adcde00
[4705000] SCOREBOARD MATCH: wdata passthrough beat=38 expected = 824fe575e743b0ec, actual =824fe575e743b0ec
[4705000] SCOREBOARD MATCH: wdata passthrough beat=39 expected = 9165b73a8da398f, actual =9165b73a8da398f
[4705000] SCOREBOARD MATCH: wdata passthrough beat=40 expected = d3b7178f8a195634, actual =d3b7178f8a195634
[4705000] SCOREBOARD MATCH: wdata passthrough beat=41 expected = f15d0720e8d6d634, actual =f15d0720e8d6d634
[4705000] SCOREBOARD MATCH: wdata passthrough beat=42 expected = 11b10fc4d606fd05, actual =11b10fc4d606fd05
[4705000] SCOREBOARD MATCH: wdata passthrough beat=43 expected = e0205339fa736293, actual =e0205339fa736293
[4705000] SCOREBOARD MATCH: wdata passthrough beat=44 expected = e34a38c8e5682753, actual =e34a38c8e5682753
[4705000] SCOREBOARD MATCH: wdata passthrough beat=45 expected = bb6f2458d17d5a5a, actual =bb6f2458d17d5a5a
[4705000] SCOREBOARD MATCH: wdata passthrough beat=46 expected = cbf0bcedf4fb488c, actual =cbf0bcedf4fb488c
[4705000] SCOREBOARD MATCH: wdata passthrough beat=47 expected = da636fdf1b8f7792, actual =da636fdf1b8f7792
[4705000] SCOREBOARD MATCH: wdata passthrough beat=48 expected = ed0cd1ecaf3af5b5, actual =ed0cd1ecaf3af5b5
[4705000] SCOREBOARD MATCH: wdata passthrough beat=49 expected = a4363e4115d29438, actual =a4363e4115d29438
[4705000] SCOREBOARD MATCH: wdata passthrough beat=50 expected = 31620bcab8fd8ed9, actual =31620bcab8fd8ed9
[4705000] SCOREBOARD MATCH: wdata passthrough beat=51 expected = e838848ffe99ae21, actual =e838848ffe99ae21
[4705000] SCOREBOARD MATCH: wdata passthrough beat=52 expected = 146c42591e6eddb6, actual =146c42591e6eddb6
[4705000] SCOREBOARD MATCH: wdata passthrough beat=53 expected = d76c6c8f8c6ec2d0, actual =d76c6c8f8c6ec2d0
[4705000] SCOREBOARD MATCH: wdata passthrough beat=54 expected = 8b0870f1c5ce4e23, actual =8b0870f1c5ce4e23
[4705000] SCOREBOARD MATCH: wdata passthrough beat=55 expected = e43d2bd9bfa4f11e, actual =e43d2bd9bfa4f11e
[4705000] SCOREBOARD MATCH: wdata passthrough beat=56 expected = cc13b3ef9f74b34a, actual =cc13b3ef9f74b34a
[4705000] SCOREBOARD MATCH: wdata passthrough beat=57 expected = e543016dbba99868, actual =e543016dbba99868
[4705000] SCOREBOARD MATCH: wdata passthrough beat=58 expected = fb4e8987d71c24e0, actual =fb4e8987d71c24e0
[4705000] SCOREBOARD MATCH: wdata passthrough beat=59 expected = f690d82bc9802d46, actual =f690d82bc9802d46
[4705000] SCOREBOARD MATCH: wdata passthrough beat=60 expected = 529c5afc7623d76, actual =529c5afc7623d76
[4705000] SCOREBOARD MATCH: wdata passthrough beat=61 expected = 9e7e6256dbd3d998, actual =9e7e6256dbd3d998
[4705000] SCOREBOARD MATCH: wdata passthrough beat=62 expected = 255406df00784f36, actual =255406df00784f36
[4705000] SCOREBOARD MATCH: wdata passthrough beat=63 expected = c7da8cac950f3a81, actual =c7da8cac950f3a81
[4705000] SCOREBOARD MATCH: wdata passthrough beat=64 expected = f0e3141a2a7dcc8e, actual =f0e3141a2a7dcc8e
[4705000] SCOREBOARD MATCH: wdata passthrough beat=65 expected = 2af61bc4e658ef02, actual =2af61bc4e658ef02
[4705000] SCOREBOARD MATCH: wdata passthrough beat=66 expected = fb68298416371af9, actual =fb68298416371af9
[4705000] SCOREBOARD MATCH: wdata passthrough beat=67 expected = c0b4e787f2d0a870, actual =c0b4e787f2d0a870
[4705000] SCOREBOARD MATCH: wdata passthrough beat=68 expected = d9299772ec4b3d9e, actual =d9299772ec4b3d9e
[4705000] SCOREBOARD MATCH: wdata passthrough beat=69 expected = 2825897ebab034b, actual =2825897ebab034b
[4705000] SCOREBOARD MATCH: wdata passthrough beat=70 expected = de7babbbd491c0f6, actual =de7babbbd491c0f6
[4705000] SCOREBOARD MATCH: wdata passthrough beat=71 expected = c0dcfe94c337401e, actual =c0dcfe94c337401e
[4705000] SCOREBOARD MATCH: wdata passthrough beat=72 expected = 2ee24369b7a5432d, actual =2ee24369b7a5432d
[4705000] SCOREBOARD MATCH: wdata passthrough beat=73 expected = c370424c35f572b, actual =c370424c35f572b
[4705000] SCOREBOARD MATCH: wdata passthrough beat=74 expected = 869697490d5def24, actual =869697490d5def24
[4705000] SCOREBOARD MATCH: wdata passthrough beat=75 expected = c5033251cd1402b8, actual =c5033251cd1402b8
[4705000] SCOREBOARD MATCH: wdata passthrough beat=76 expected = 107359e4b578dab2, actual =107359e4b578dab2
[4705000] SCOREBOARD MATCH: wdata passthrough beat=77 expected = c2d6c9d6d13a3675, actual =c2d6c9d6d13a3675
[4705000] SCOREBOARD MATCH: wdata passthrough beat=78 expected = 1e4e392e9709f12d, actual =1e4e392e9709f12d
[4705000] SCOREBOARD MATCH: wdata passthrough beat=79 expected = cc82cbe007d9fc28, actual =cc82cbe007d9fc28
[4705000] SCOREBOARD MATCH: wdata passthrough beat=80 expected = d914329d2ec19312, actual =d914329d2ec19312
[4705000] SCOREBOARD MATCH: wdata passthrough beat=81 expected = c5cb843f8f5995b6, actual =c5cb843f8f5995b6
[4705000] SCOREBOARD MATCH: wdata passthrough beat=82 expected = 973391def7626bcb, actual =973391def7626bcb
[4705000] SCOREBOARD MATCH: wdata passthrough beat=83 expected = a623fedd924e501f, actual =a623fedd924e501f
[4705000] SCOREBOARD MATCH: wdata passthrough beat=84 expected = 21a7e5d6f047c47c, actual =21a7e5d6f047c47c
[4705000] SCOREBOARD MATCH: wdata passthrough beat=85 expected = e7aa3047ebef831d, actual =e7aa3047ebef831d
[4705000] SCOREBOARD MATCH: wdata passthrough beat=86 expected = fe3dd33cb8db77b4, actual =fe3dd33cb8db77b4
[4705000] SCOREBOARD MATCH: wdata passthrough beat=87 expected = a9233c300dce2f25, actual =a9233c300dce2f25
[4705000] SCOREBOARD MATCH: wdata passthrough beat=88 expected = f9bdb2429fe5b912, actual =f9bdb2429fe5b912
[4705000] SCOREBOARD MATCH: wdata passthrough beat=89 expected = d8c130c710cd6c78, actual =d8c130c710cd6c78
[4705000] SCOREBOARD MATCH: wdata passthrough beat=90 expected = 1e9b9b9df7fb857e, actual =1e9b9b9df7fb857e
[4705000] SCOREBOARD MATCH: wdata passthrough beat=91 expected = 17e13e9181e46cf7, actual =17e13e9181e46cf7
[4705000] SCOREBOARD MATCH: wdata passthrough beat=92 expected = 92b1d96f18594ddf, actual =92b1d96f18594ddf
[4705000] SCOREBOARD MATCH: wdata passthrough beat=93 expected = 9054d35df0a26f58, actual =9054d35df0a26f58
[4705000] SCOREBOARD MATCH: wdata passthrough beat=94 expected = f286dc4fb14d750c, actual =f286dc4fb14d750c
[4705000] SCOREBOARD MATCH: wdata passthrough beat=95 expected = c9a6c2eba83611ee, actual =c9a6c2eba83611ee
[4705000] SCOREBOARD MATCH: wdata passthrough beat=96 expected = 98d881460538b5bf, actual =98d881460538b5bf
[4705000] SCOREBOARD MATCH: wdata passthrough beat=97 expected = b6862acbd9fb9649, actual =b6862acbd9fb9649
[4705000] SCOREBOARD MATCH: wdata passthrough beat=98 expected = 8231a8370b5f5d96, actual =8231a8370b5f5d96
[4705000] SCOREBOARD MATCH: wdata passthrough beat=99 expected = 10981355002cedb7, actual =10981355002cedb7
[4705000] SCOREBOARD MATCH: wdata passthrough beat=100 expected = da2884001b0a297e, actual =da2884001b0a297e
[4705000] SCOREBOARD MATCH: wdata passthrough beat=101 expected = 26698714c71e3e20, actual =26698714c71e3e20
[4705000] SCOREBOARD MATCH: wdata passthrough beat=102 expected = c74b2bd7dc5a2c37, actual =c74b2bd7dc5a2c37
[4705000] SCOREBOARD MATCH: wdata passthrough beat=103 expected = f76455b537019a69, actual =f76455b537019a69
[4705000] SCOREBOARD MATCH: wdata passthrough beat=104 expected = fe1fd889a173afd7, actual =fe1fd889a173afd7
[4705000] SCOREBOARD MATCH: wdata passthrough beat=105 expected = fdcddc0f9dcddcc9, actual =fdcddc0f9dcddcc9
[4705000] SCOREBOARD MATCH: wdata passthrough beat=106 expected = d4cf7732c56b0461, actual =d4cf7732c56b0461
[4705000] SCOREBOARD MATCH: wdata passthrough beat=107 expected = e6deb438f53231c4, actual =e6deb438f53231c4
[4705000] SCOREBOARD MATCH: wdata passthrough beat=108 expected = 13000e8ed2ef4fbc, actual =13000e8ed2ef4fbc
[4705000] SCOREBOARD MATCH: wdata passthrough beat=109 expected = 185a541de4ac9047, actual =185a541de4ac9047
[4705000] SCOREBOARD MATCH: wdata passthrough beat=110 expected = d9dec20ce7cf85c0, actual =d9dec20ce7cf85c0
[4705000] SCOREBOARD MATCH: wdata passthrough beat=111 expected = babed57cff390855, actual =babed57cff390855
[4705000] SCOREBOARD MATCH: wdata passthrough beat=112 expected = e3e5989decded09a, actual =e3e5989decded09a
[4705000] SCOREBOARD MATCH: wdata passthrough beat=113 expected = d4ae565ad3192999, actual =d4ae565ad3192999
[4705000] SCOREBOARD MATCH: wdata passthrough beat=114 expected = d25231ef3dc45aa9, actual =d25231ef3dc45aa9
[4705000] SCOREBOARD MATCH: wdata passthrough beat=115 expected = 2aa32b430f6d2bd7, actual =2aa32b430f6d2bd7
[4705000] SCOREBOARD MATCH: wdata passthrough beat=116 expected = e28655703637ca8c, actual =e28655703637ca8c
[4705000] SCOREBOARD MATCH: wdata passthrough beat=117 expected = f3fc2535ff51819d, actual =f3fc2535ff51819d
[4705000] SCOREBOARD MATCH: wdata passthrough beat=118 expected = 8ebead74b4d8875f, actual =8ebead74b4d8875f
[4705000] SCOREBOARD MATCH: wdata passthrough beat=119 expected = eb1051eb1e9f5078, actual =eb1051eb1e9f5078
[4705000] SCOREBOARD MATCH: wdata passthrough beat=120 expected = 9df0d215f14502e5, actual =9df0d215f14502e5
[4705000] SCOREBOARD MATCH: wdata passthrough beat=121 expected = a61d8a44df0c7720, actual =a61d8a44df0c7720
[4705000] SCOREBOARD MATCH: wdata passthrough beat=122 expected = fdabc7982caf7f8a, actual =fdabc7982caf7f8a
[4705000] SCOREBOARD MATCH: wdata passthrough beat=123 expected = 1df4826f112ddc30, actual =1df4826f112ddc30
[4705000] SCOREBOARD MATCH: wdata passthrough beat=124 expected = f03a53501b9c99ae, actual =f03a53501b9c99ae
[4705000] SCOREBOARD MATCH: wdata passthrough beat=125 expected = c84c1938c4120cb3, actual =c84c1938c4120cb3
[4705000] SCOREBOARD MATCH: wdata passthrough beat=126 expected = d53fe8e3ede61ae9, actual =d53fe8e3ede61ae9
[4705000] SCOREBOARD MATCH: wdata passthrough beat=127 expected = 982b497e6409ba7, actual =982b497e6409ba7
[4705000] SCOREBOARD MATCH: wdata passthrough beat=128 expected = aa52a85ac57a3c34, actual =aa52a85ac57a3c34
[4705000] SCOREBOARD MATCH: wdata passthrough beat=129 expected = 3360571dd1cecdcf, actual =3360571dd1cecdcf
[4705000] SCOREBOARD MATCH: wdata passthrough beat=130 expected = 380f6976ff92913e, actual =380f6976ff92913e
[4705000] SCOREBOARD MATCH: wdata passthrough beat=131 expected = c50ccd723ce30bb4, actual =c50ccd723ce30bb4
[4705000] SCOREBOARD MATCH: wdata passthrough beat=132 expected = eb1d983e26211d0, actual =eb1d983e26211d0
[4705000] SCOREBOARD MATCH: wdata passthrough beat=133 expected = e1f4a30ef86d248f, actual =e1f4a30ef86d248f
[4705000] SCOREBOARD MATCH: wdata passthrough beat=134 expected = 35503043c6c142f9, actual =35503043c6c142f9
[4705000] SCOREBOARD MATCH: wdata passthrough beat=135 expected = a92354c9a7017080, actual =a92354c9a7017080
[4705000] SCOREBOARD MATCH: wdata passthrough beat=136 expected = 9f6e950fc40209c6, actual =9f6e950fc40209c6
[4705000] SCOREBOARD MATCH: wdata passthrough beat=137 expected = ac34cbf0b17f7d8, actual =ac34cbf0b17f7d8
[4705000] SCOREBOARD MATCH: wdata passthrough beat=138 expected = b2196858d4bec552, actual =b2196858d4bec552
[4705000] SCOREBOARD MATCH: wdata passthrough beat=139 expected = 98c0cf18b3e6a188, actual =98c0cf18b3e6a188
[4705000] SCOREBOARD MATCH: wdata passthrough beat=140 expected = befe9960d187fd68, actual =befe9960d187fd68
[4705000] SCOREBOARD MATCH: wdata passthrough beat=141 expected = a646c2baa3841bd7, actual =a646c2baa3841bd7
[4705000] SCOREBOARD MATCH: wdata passthrough beat=142 expected = d76abd60f11801b9, actual =d76abd60f11801b9
[4705000] SCOREBOARD MATCH: wdata passthrough beat=143 expected = c29fff213f0791d3, actual =c29fff213f0791d3
[4705000] SCOREBOARD MATCH: wdata passthrough beat=144 expected = e28badaa966956c0, actual =e28badaa966956c0
[4705000] SCOREBOARD MATCH: wdata passthrough beat=145 expected = 87815879e8e6c1db, actual =87815879e8e6c1db
[4705000] SCOREBOARD MATCH: wdata passthrough beat=146 expected = a7ee53aeb9f66b0a, actual =a7ee53aeb9f66b0a
[4705000] SCOREBOARD MATCH: wdata passthrough beat=147 expected = d05fc1cbca21579a, actual =d05fc1cbca21579a
[4705000] SCOREBOARD MATCH: wdata passthrough beat=148 expected = 330819760a7a0159, actual =330819760a7a0159
[4705000] SCOREBOARD MATCH: wdata passthrough beat=149 expected = c4706c63d7e11a44, actual =c4706c63d7e11a44
[4705000] SCOREBOARD MATCH: wdata passthrough beat=150 expected = 220271dfdaf66d24, actual =220271dfdaf66d24
[4705000] SCOREBOARD MATCH: wdata passthrough beat=151 expected = e5706e7d94d02e2e, actual =e5706e7d94d02e2e
[4705000] SCOREBOARD MATCH: wdata passthrough beat=152 expected = ecb14873d50a8b55, actual =ecb14873d50a8b55
[4705000] SCOREBOARD MATCH: wdata passthrough beat=153 expected = b000f87929e0dae1, actual =b000f87929e0dae1
[4705000] SCOREBOARD MATCH: wdata passthrough beat=154 expected = beb1090f0eb3ba52, actual =beb1090f0eb3ba52
[4705000] SCOREBOARD MATCH: wdata passthrough beat=155 expected = e3be45a7157166f7, actual =e3be45a7157166f7
[4705000] SCOREBOARD MATCH: wdata passthrough beat=156 expected = 3f5241d8ab625182, actual =3f5241d8ab625182
[4705000] SCOREBOARD MATCH: wdata passthrough beat=157 expected = ba160bd493bf3e20, actual =ba160bd493bf3e20
[4705000] SCOREBOARD MATCH: wdata passthrough beat=158 expected = a930a517fe034ae7, actual =a930a517fe034ae7
[4705000] SCOREBOARD MATCH: wdata passthrough beat=159 expected = 29659c6a9dd4517b, actual =29659c6a9dd4517b
[4705000] SCOREBOARD MATCH: wdata passthrough beat=160 expected = 31938f9ce882e6ef, actual =31938f9ce882e6ef
[4705000] SCOREBOARD MATCH: wdata passthrough beat=161 expected = e68631d7e37ba83e, actual =e68631d7e37ba83e
[4705000] SCOREBOARD MATCH: wdata passthrough beat=162 expected = 14ff9badac434b3, actual =14ff9badac434b3
[4705000] SCOREBOARD MATCH: wdata passthrough beat=163 expected = c3471ba30febce41, actual =c3471ba30febce41
[4705000] SCOREBOARD MATCH: wdata passthrough beat=164 expected = f367767f32e38956, actual =f367767f32e38956
[4705000] SCOREBOARD MATCH: wdata passthrough beat=165 expected = 8da7be0929cd4d7a, actual =8da7be0929cd4d7a
[4705000] SCOREBOARD MATCH: wdata passthrough beat=166 expected = 39b91bbbf4b77039, actual =39b91bbbf4b77039
[4705000] SCOREBOARD MATCH: wdata passthrough beat=167 expected = a79af98fd0eed9ac, actual =a79af98fd0eed9ac
[4705000] SCOREBOARD MATCH: wdata passthrough beat=168 expected = fabc2726ad20923a, actual =fabc2726ad20923a
[4705000] SCOREBOARD MATCH: wdata passthrough beat=169 expected = 21d802743542b799, actual =21d802743542b799
[4705000] SCOREBOARD MATCH: wdata passthrough beat=170 expected = 86319145b47542e1, actual =86319145b47542e1
[4705000] SCOREBOARD MATCH: wdata passthrough beat=171 expected = e195d51cc972fc03, actual =e195d51cc972fc03
[4705000] SCOREBOARD MATCH: wdata passthrough beat=172 expected = feb5b39c00edb86c, actual =feb5b39c00edb86c
[4705000] SCOREBOARD MATCH: wdata passthrough beat=173 expected = b562fb4d036dd790, actual =b562fb4d036dd790
[4705000] SCOREBOARD MATCH: wdata passthrough beat=174 expected = cce0d39304e744e2, actual =cce0d39304e744e2
[4705000] SCOREBOARD MATCH: wdata passthrough beat=175 expected = 5d4fd4e96f8d069, actual =5d4fd4e96f8d069
[4705000] SCOREBOARD MATCH: wdata passthrough beat=176 expected = 9a66a7f9cb968730, actual =9a66a7f9cb968730
[4705000] SCOREBOARD MATCH: wdata passthrough beat=177 expected = d07dcc12bb37f89b, actual =d07dcc12bb37f89b
[4705000] SCOREBOARD MATCH: wdata passthrough beat=178 expected = d230c905e7477b8d, actual =d230c905e7477b8d
[4705000] SCOREBOARD MATCH: wdata passthrough beat=179 expected = 32de02bdd652c960, actual =32de02bdd652c960
[4705000] SCOREBOARD MATCH: wdata passthrough beat=180 expected = 918ac1fbec9770fe, actual =918ac1fbec9770fe
[4705000] SCOREBOARD MATCH: wdata passthrough beat=181 expected = d3deec8b035bcecf, actual =d3deec8b035bcecf
[4705000] SCOREBOARD MATCH: wdata passthrough beat=182 expected = d9ae982fe3bb8b00, actual =d9ae982fe3bb8b00
[4705000] SCOREBOARD MATCH: wdata passthrough beat=183 expected = d052fbff86bcef48, actual =d052fbff86bcef48
[4705000] SCOREBOARD MATCH: wdata passthrough beat=184 expected = 8a18be17eb395a2a, actual =8a18be17eb395a2a
[4705000] SCOREBOARD MATCH: wdata passthrough beat=185 expected = cef4e52ba431e88a, actual =cef4e52ba431e88a
[4705000] SCOREBOARD MATCH: wdata passthrough beat=186 expected = 2aeed7d3e3c75646, actual =2aeed7d3e3c75646
[4705000] SCOREBOARD MATCH: wdata passthrough beat=187 expected = cf00b0711f47e12a, actual =cf00b0711f47e12a
[4705000] SCOREBOARD MATCH: wdata passthrough beat=188 expected = c379c9b4b50795ea, actual =c379c9b4b50795ea
[4705000] SCOREBOARD MATCH: wdata passthrough beat=189 expected = 18ceec311df5959c, actual =18ceec311df5959c
[4705000] SCOREBOARD MATCH: wdata passthrough beat=190 expected = 3d3d76c6ee68a187, actual =3d3d76c6ee68a187
[4705000] SCOREBOARD MATCH: wdata passthrough beat=191 expected = 23703772e7cf9ca2, actual =23703772e7cf9ca2
[4705000] SCOREBOARD MATCH: wdata passthrough beat=192 expected = 5c5323e80b7407a, actual =5c5323e80b7407a
[4705000] SCOREBOARD MATCH: wdata passthrough beat=193 expected = ef1fe2023c3f23a3, actual =ef1fe2023c3f23a3
[4705000] SCOREBOARD MATCH: wdata passthrough beat=194 expected = 240ec045c302a904, actual =240ec045c302a904
[4705000] SCOREBOARD MATCH: wdata passthrough beat=195 expected = c3b9e97e12901974, actual =c3b9e97e12901974
[4705000] SCOREBOARD MATCH: wdata passthrough beat=196 expected = cecf3d1729d3f283, actual =cecf3d1729d3f283
[4705000] SCOREBOARD MATCH: wdata passthrough beat=197 expected = ecd69b87b2d9cb80, actual =ecd69b87b2d9cb80
[4705000] SCOREBOARD MATCH: wdata passthrough beat=198 expected = c569e4f4f2ddfd5c, actual =c569e4f4f2ddfd5c
[4705000] SCOREBOARD MATCH: wdata passthrough beat=199 expected = 1cb1efdfb0908505, actual =1cb1efdfb0908505
[4705000] SCOREBOARD MATCH: wdata passthrough beat=200 expected = e36a50869439220b, actual =e36a50869439220b
[4705000] SCOREBOARD MATCH: wdata passthrough beat=201 expected = 87171f6709888b66, actual =87171f6709888b66
[4705000] SCOREBOARD MATCH: wdata passthrough beat=202 expected = ba19106ba8d4357a, actual =ba19106ba8d4357a
[4705000] SCOREBOARD MATCH: wdata passthrough beat=203 expected = 3d0d5786a3c90f46, actual =3d0d5786a3c90f46
[4705000] SCOREBOARD MATCH: wdata passthrough beat=204 expected = ad519aac9d8360f1, actual =ad519aac9d8360f1
[4705000] SCOREBOARD MATCH: wdata passthrough beat=205 expected = c657966cc42476ed, actual =c657966cc42476ed
[4705000] SCOREBOARD MATCH: wdata passthrough beat=206 expected = e7ed8634e76aab18, actual =e7ed8634e76aab18
[4705000] SCOREBOARD MATCH: wdata passthrough beat=207 expected = 84ee0c090364edf2, actual =84ee0c090364edf2
[4705000] SCOREBOARD MATCH: wdata passthrough beat=208 expected = c78964df953f20e0, actual =c78964df953f20e0
[4705000] SCOREBOARD MATCH: wdata passthrough beat=209 expected = fca9cbf8cb45a275, actual =fca9cbf8cb45a275
[4705000] SCOREBOARD MATCH: wdata passthrough beat=210 expected = ceaa9067af76eb13, actual =ceaa9067af76eb13
[4705000] SCOREBOARD MATCH: wdata passthrough beat=211 expected = c4b60bf40197d802, actual =c4b60bf40197d802
[4705000] SCOREBOARD MATCH: wdata passthrough beat=212 expected = ccdd7a771633f547, actual =ccdd7a771633f547
[4705000] SCOREBOARD MATCH: wdata passthrough beat=213 expected = c5aae05ac15fd7ec, actual =c5aae05ac15fd7ec
[4705000] SCOREBOARD MATCH: wdata passthrough beat=214 expected = c2f7afee1b880adf, actual =c2f7afee1b880adf
[4705000] SCOREBOARD MATCH: wdata passthrough beat=215 expected = 31bc00268a60ec4e, actual =31bc00268a60ec4e
[4705000] SCOREBOARD MATCH: wdata passthrough beat=216 expected = cbc0c43b0fd52a66, actual =cbc0c43b0fd52a66
[4705000] SCOREBOARD MATCH: wdata passthrough beat=217 expected = 2b5d3545f766e080, actual =2b5d3545f766e080
[4705000] SCOREBOARD MATCH: wdata passthrough beat=218 expected = 1c7cccf8eb87429, actual =1c7cccf8eb87429
[4705000] SCOREBOARD MATCH: wdata passthrough beat=219 expected = 9e8d9e8fdd19356b, actual =9e8d9e8fdd19356b
[4705000] SCOREBOARD MATCH: wdata passthrough beat=220 expected = d48015ebcd88910a, actual =d48015ebcd88910a
[4705000] SCOREBOARD MATCH: wdata passthrough beat=221 expected = dc410533c9ead3d4, actual =dc410533c9ead3d4
[4705000] SCOREBOARD MATCH: wdata passthrough beat=222 expected = a704093fd647e2ba, actual =a704093fd647e2ba
[4705000] SCOREBOARD MATCH: wdata passthrough beat=223 expected = a3d073c4facea3c3, actual =a3d073c4facea3c3
[4705000] SCOREBOARD MATCH: wdata passthrough beat=224 expected = c4b97797fb841f2b, actual =c4b97797fb841f2b
[4705000] SCOREBOARD MATCH: wdata passthrough beat=225 expected = d1cc01e5001178f8, actual =d1cc01e5001178f8
[4705000] SCOREBOARD MATCH: wdata passthrough beat=226 expected = fae01cbbebbd80d7, actual =fae01cbbebbd80d7
[4705000] SCOREBOARD MATCH: wstrb size check expected = e3, actual =e3
[4705000] SCOREBOARD MATCH: wstrb passthrough beat=0 expected = aa, actual =aa
[4705000] SCOREBOARD MATCH: wstrb passthrough beat=1 expected = 2, actual =2
[4705000] SCOREBOARD MATCH: wstrb passthrough beat=2 expected = 52, actual =52
[4705000] SCOREBOARD MATCH: wstrb passthrough beat=3 expected = a2, actual =a2
[4705000] SCOREBOARD MATCH: wstrb passthrough beat=4 expected = e7, actual =e7
[4705000] SCOREBOARD MATCH: wstrb passthrough beat=5 expected = 29, actual =29
[4705000] SCOREBOARD MATCH: wstrb passthrough beat=6 expected = 5d, actual =5d
[4705000] SCOREBOARD MATCH: wstrb passthrough beat=7 expected = 91, actual =91
[4705000] SCOREBOARD MATCH: wstrb passthrough beat=8 expected = 2b, actual =2b
[4705000] SCOREBOARD MATCH: wstrb passthrough beat=9 expected = af, actual =af
[4705000] SCOREBOARD MATCH: wstrb passthrough beat=10 expected = 33, actual =33
[4705000] SCOREBOARD MATCH: wstrb passthrough beat=11 expected = 13, actual =13
[4705000] SCOREBOARD MATCH: wstrb passthrough beat=12 expected = d9, actual =d9
[4705000] SCOREBOARD MATCH: wstrb passthrough beat=13 expected = 90, actual =90
[4705000] SCOREBOARD MATCH: wstrb passthrough beat=14 expected = a4, actual =a4
[4705000] SCOREBOARD MATCH: wstrb passthrough beat=15 expected = 4, actual =4
[4705000] SCOREBOARD MATCH: wstrb passthrough beat=16 expected = 40, actual =40
[4705000] SCOREBOARD MATCH: wstrb passthrough beat=17 expected = d8, actual =d8
[4705000] SCOREBOARD MATCH: wstrb passthrough beat=18 expected = 17, actual =17
[4705000] SCOREBOARD MATCH: wstrb passthrough beat=19 expected = 19, actual =19
[4705000] SCOREBOARD MATCH: wstrb passthrough beat=20 expected = 68, actual =68
[4705000] SCOREBOARD MATCH: wstrb passthrough beat=21 expected = bc, actual =bc
[4705000] SCOREBOARD MATCH: wstrb passthrough beat=22 expected = 1d, actual =1d
[4705000] SCOREBOARD MATCH: wstrb passthrough beat=23 expected = a8, actual =a8
[4705000] SCOREBOARD MATCH: wstrb passthrough beat=24 expected = 94, actual =94
[4705000] SCOREBOARD MATCH: wstrb passthrough beat=25 expected = 35, actual =35
[4705000] SCOREBOARD MATCH: wstrb passthrough beat=26 expected = c1, actual =c1
[4705000] SCOREBOARD MATCH: wstrb passthrough beat=27 expected = fc, actual =fc
[4705000] SCOREBOARD MATCH: wstrb passthrough beat=28 expected = f1, actual =f1
[4705000] SCOREBOARD MATCH: wstrb passthrough beat=29 expected = df, actual =df
[4705000] SCOREBOARD MATCH: wstrb passthrough beat=30 expected = a5, actual =a5
[4705000] SCOREBOARD MATCH: wstrb passthrough beat=31 expected = 85, actual =85
[4705000] SCOREBOARD MATCH: wstrb passthrough beat=32 expected = 14, actual =14
[4705000] SCOREBOARD MATCH: wstrb passthrough beat=33 expected = 66, actual =66
[4705000] SCOREBOARD MATCH: wstrb passthrough beat=34 expected = 81, actual =81
[4705000] SCOREBOARD MATCH: wstrb passthrough beat=35 expected = 5, actual =5
[4705000] SCOREBOARD MATCH: wstrb passthrough beat=36 expected = 45, actual =45
[4705000] SCOREBOARD MATCH: wstrb passthrough beat=37 expected = 26, actual =26
[4705000] SCOREBOARD MATCH: wstrb passthrough beat=38 expected = 8a, actual =8a
[4705000] SCOREBOARD MATCH: wstrb passthrough beat=39 expected = 59, actual =59
[4705000] SCOREBOARD MATCH: wstrb passthrough beat=40 expected = 8d, actual =8d
[4705000] SCOREBOARD MATCH: wstrb passthrough beat=41 expected = b, actual =b
[4705000] SCOREBOARD MATCH: wstrb passthrough beat=42 expected = 5e, actual =5e
[4705000] SCOREBOARD MATCH: wstrb passthrough beat=43 expected = d2, actual =d2
[4705000] SCOREBOARD MATCH: wstrb passthrough beat=44 expected = 32, actual =32
[4705000] SCOREBOARD MATCH: wstrb passthrough beat=45 expected = e8, actual =e8
[4705000] SCOREBOARD MATCH: wstrb passthrough beat=46 expected = 2c, actual =2c
[4705000] SCOREBOARD MATCH: wstrb passthrough beat=47 expected = bf, actual =bf
[4705000] SCOREBOARD MATCH: wstrb passthrough beat=48 expected = f4, actual =f4
[4705000] SCOREBOARD MATCH: wstrb passthrough beat=49 expected = 8a, actual =8a
[4705000] SCOREBOARD MATCH: wstrb passthrough beat=50 expected = 91, actual =91
[4705000] SCOREBOARD MATCH: wstrb passthrough beat=51 expected = 26, actual =26
[4705000] SCOREBOARD MATCH: wstrb passthrough beat=52 expected = 73, actual =73
[4705000] SCOREBOARD MATCH: wstrb passthrough beat=53 expected = bd, actual =bd
[4705000] SCOREBOARD MATCH: wstrb passthrough beat=54 expected = e5, actual =e5
[4705000] SCOREBOARD MATCH: wstrb passthrough beat=55 expected = 67, actual =67
[4705000] SCOREBOARD MATCH: wstrb passthrough beat=56 expected = 48, actual =48
[4705000] SCOREBOARD MATCH: wstrb passthrough beat=57 expected = 76, actual =76
[4705000] SCOREBOARD MATCH: wstrb passthrough beat=58 expected = 8d, actual =8d
[4705000] SCOREBOARD MATCH: wstrb passthrough beat=59 expected = bb, actual =bb
[4705000] SCOREBOARD MATCH: wstrb passthrough beat=60 expected = 34, actual =34
[4705000] SCOREBOARD MATCH: wstrb passthrough beat=61 expected = 72, actual =72
[4705000] SCOREBOARD MATCH: wstrb passthrough beat=62 expected = 22, actual =22
[4705000] SCOREBOARD MATCH: wstrb passthrough beat=63 expected = 7c, actual =7c
[4705000] SCOREBOARD MATCH: wstrb passthrough beat=64 expected = e8, actual =e8
[4705000] SCOREBOARD MATCH: wstrb passthrough beat=65 expected = af, actual =af
[4705000] SCOREBOARD MATCH: wstrb passthrough beat=66 expected = 37, actual =37
[4705000] SCOREBOARD MATCH: wstrb passthrough beat=67 expected = 1c, actual =1c
[4705000] SCOREBOARD MATCH: wstrb passthrough beat=68 expected = 21, actual =21
[4705000] SCOREBOARD MATCH: wstrb passthrough beat=69 expected = 59, actual =59
[4705000] SCOREBOARD MATCH: wstrb passthrough beat=70 expected = 98, actual =98
[4705000] SCOREBOARD MATCH: wstrb passthrough beat=71 expected = 9, actual =9
[4705000] SCOREBOARD MATCH: wstrb passthrough beat=72 expected = 8, actual =8
[4705000] SCOREBOARD MATCH: wstrb passthrough beat=73 expected = cf, actual =cf
[4705000] SCOREBOARD MATCH: wstrb passthrough beat=74 expected = 26, actual =26
[4705000] SCOREBOARD MATCH: wstrb passthrough beat=75 expected = 29, actual =29
[4705000] SCOREBOARD MATCH: wstrb passthrough beat=76 expected = 28, actual =28
[4705000] SCOREBOARD MATCH: wstrb passthrough beat=77 expected = be, actual =be
[4705000] SCOREBOARD MATCH: wstrb passthrough beat=78 expected = 32, actual =32
[4705000] SCOREBOARD MATCH: wstrb passthrough beat=79 expected = 30, actual =30
[4705000] SCOREBOARD MATCH: wstrb passthrough beat=80 expected = 8e, actual =8e
[4705000] SCOREBOARD MATCH: wstrb passthrough beat=81 expected = 58, actual =58
[4705000] SCOREBOARD MATCH: wstrb passthrough beat=82 expected = 59, actual =59
[4705000] SCOREBOARD MATCH: wstrb passthrough beat=83 expected = b6, actual =b6
[4705000] SCOREBOARD MATCH: wstrb passthrough beat=84 expected = 17, actual =17
[4705000] SCOREBOARD MATCH: wstrb passthrough beat=85 expected = 8c, actual =8c
[4705000] SCOREBOARD MATCH: wstrb passthrough beat=86 expected = e7, actual =e7
[4705000] SCOREBOARD MATCH: wstrb passthrough beat=87 expected = a5, actual =a5
[4705000] SCOREBOARD MATCH: wstrb passthrough beat=88 expected = e4, actual =e4
[4705000] SCOREBOARD MATCH: wstrb passthrough beat=89 expected = 40, actual =40
[4705000] SCOREBOARD MATCH: wstrb passthrough beat=90 expected = 5b, actual =5b
[4705000] SCOREBOARD MATCH: wstrb passthrough beat=91 expected = fb, actual =fb
[4705000] SCOREBOARD MATCH: wstrb passthrough beat=92 expected = cc, actual =cc
[4705000] SCOREBOARD MATCH: wstrb passthrough beat=93 expected = 42, actual =42
[4705000] SCOREBOARD MATCH: wstrb passthrough beat=94 expected = a0, actual =a0
[4705000] SCOREBOARD MATCH: wstrb passthrough beat=95 expected = b1, actual =b1
[4705000] SCOREBOARD MATCH: wstrb passthrough beat=96 expected = 83, actual =83
[4705000] SCOREBOARD MATCH: wstrb passthrough beat=97 expected = fc, actual =fc
[4705000] SCOREBOARD MATCH: wstrb passthrough beat=98 expected = ac, actual =ac
[4705000] SCOREBOARD MATCH: wstrb passthrough beat=99 expected = 4f, actual =4f
[4705000] SCOREBOARD MATCH: wstrb passthrough beat=100 expected = 3e, actual =3e
[4705000] SCOREBOARD MATCH: wstrb passthrough beat=101 expected = 4d, actual =4d
[4705000] SCOREBOARD MATCH: wstrb passthrough beat=102 expected = 0, actual =0
[4705000] SCOREBOARD MATCH: wstrb passthrough beat=103 expected = c1, actual =c1
[4705000] SCOREBOARD MATCH: wstrb passthrough beat=104 expected = 49, actual =49
[4705000] SCOREBOARD MATCH: wstrb passthrough beat=105 expected = ad, actual =ad
[4705000] SCOREBOARD MATCH: wstrb passthrough beat=106 expected = 11, actual =11
[4705000] SCOREBOARD MATCH: wstrb passthrough beat=107 expected = 87, actual =87
[4705000] SCOREBOARD MATCH: wstrb passthrough beat=108 expected = fa, actual =fa
[4705000] SCOREBOARD MATCH: wstrb passthrough beat=109 expected = 11, actual =11
[4705000] SCOREBOARD MATCH: wstrb passthrough beat=110 expected = 49, actual =49
[4705000] SCOREBOARD MATCH: wstrb passthrough beat=111 expected = 43, actual =43
[4705000] SCOREBOARD MATCH: wstrb passthrough beat=112 expected = be, actual =be
[4705000] SCOREBOARD MATCH: wstrb passthrough beat=113 expected = 5a, actual =5a
[4705000] SCOREBOARD MATCH: wstrb passthrough beat=114 expected = ca, actual =ca
[4705000] SCOREBOARD MATCH: wstrb passthrough beat=115 expected = b8, actual =b8
[4705000] SCOREBOARD MATCH: wstrb passthrough beat=116 expected = 6b, actual =6b
[4705000] SCOREBOARD MATCH: wstrb passthrough beat=117 expected = 13, actual =13
[4705000] SCOREBOARD MATCH: wstrb passthrough beat=118 expected = fb, actual =fb
[4705000] SCOREBOARD MATCH: wstrb passthrough beat=119 expected = 2a, actual =2a
[4705000] SCOREBOARD MATCH: wstrb passthrough beat=120 expected = 6d, actual =6d
[4705000] SCOREBOARD MATCH: wstrb passthrough beat=121 expected = c6, actual =c6
[4705000] SCOREBOARD MATCH: wstrb passthrough beat=122 expected = e2, actual =e2
[4705000] SCOREBOARD MATCH: wstrb passthrough beat=123 expected = d9, actual =d9
[4705000] SCOREBOARD MATCH: wstrb passthrough beat=124 expected = d9, actual =d9
[4705000] SCOREBOARD MATCH: wstrb passthrough beat=125 expected = de, actual =de
[4705000] SCOREBOARD MATCH: wstrb passthrough beat=126 expected = 3, actual =3
[4705000] SCOREBOARD MATCH: wstrb passthrough beat=127 expected = 47, actual =47
[4705000] SCOREBOARD MATCH: wstrb passthrough beat=128 expected = a4, actual =a4
[4705000] SCOREBOARD MATCH: wstrb passthrough beat=129 expected = e5, actual =e5
[4705000] SCOREBOARD MATCH: wstrb passthrough beat=130 expected = 20, actual =20
[4705000] SCOREBOARD MATCH: wstrb passthrough beat=131 expected = 7d, actual =7d
[4705000] SCOREBOARD MATCH: wstrb passthrough beat=132 expected = c3, actual =c3
[4705000] SCOREBOARD MATCH: wstrb passthrough beat=133 expected = 23, actual =23
[4705000] SCOREBOARD MATCH: wstrb passthrough beat=134 expected = c4, actual =c4
[4705000] SCOREBOARD MATCH: wstrb passthrough beat=135 expected = 67, actual =67
[4705000] SCOREBOARD MATCH: wstrb passthrough beat=136 expected = 8, actual =8
[4705000] SCOREBOARD MATCH: wstrb passthrough beat=137 expected = e4, actual =e4
[4705000] SCOREBOARD MATCH: wstrb passthrough beat=138 expected = e5, actual =e5
[4705000] SCOREBOARD MATCH: wstrb passthrough beat=139 expected = cc, actual =cc
[4705000] SCOREBOARD MATCH: wstrb passthrough beat=140 expected = 7, actual =7
[4705000] SCOREBOARD MATCH: wstrb passthrough beat=141 expected = a9, actual =a9
[4705000] SCOREBOARD MATCH: wstrb passthrough beat=142 expected = 33, actual =33
[4705000] SCOREBOARD MATCH: wstrb passthrough beat=143 expected = 10, actual =10
[4705000] SCOREBOARD MATCH: wstrb passthrough beat=144 expected = 8e, actual =8e
[4705000] SCOREBOARD MATCH: wstrb passthrough beat=145 expected = 18, actual =18
[4705000] SCOREBOARD MATCH: wstrb passthrough beat=146 expected = dc, actual =dc
[4705000] SCOREBOARD MATCH: wstrb passthrough beat=147 expected = 95, actual =95
[4705000] SCOREBOARD MATCH: wstrb passthrough beat=148 expected = c2, actual =c2
[4705000] SCOREBOARD MATCH: wstrb passthrough beat=149 expected = f, actual =f
[4705000] SCOREBOARD MATCH: wstrb passthrough beat=150 expected = a5, actual =a5
[4705000] SCOREBOARD MATCH: wstrb passthrough beat=151 expected = 50, actual =50
[4705000] SCOREBOARD MATCH: wstrb passthrough beat=152 expected = 28, actual =28
[4705000] SCOREBOARD MATCH: wstrb passthrough beat=153 expected = 81, actual =81
[4705000] SCOREBOARD MATCH: wstrb passthrough beat=154 expected = e5, actual =e5
[4705000] SCOREBOARD MATCH: wstrb passthrough beat=155 expected = ea, actual =ea
[4705000] SCOREBOARD MATCH: wstrb passthrough beat=156 expected = 91, actual =91
[4705000] SCOREBOARD MATCH: wstrb passthrough beat=157 expected = 8b, actual =8b
[4705000] SCOREBOARD MATCH: wstrb passthrough beat=158 expected = 3a, actual =3a
[4705000] SCOREBOARD MATCH: wstrb passthrough beat=159 expected = b9, actual =b9
[4705000] SCOREBOARD MATCH: wstrb passthrough beat=160 expected = c, actual =c
[4705000] SCOREBOARD MATCH: wstrb passthrough beat=161 expected = 1f, actual =1f
[4705000] SCOREBOARD MATCH: wstrb passthrough beat=162 expected = a3, actual =a3
[4705000] SCOREBOARD MATCH: wstrb passthrough beat=163 expected = 9d, actual =9d
[4705000] SCOREBOARD MATCH: wstrb passthrough beat=164 expected = aa, actual =aa
[4705000] SCOREBOARD MATCH: wstrb passthrough beat=165 expected = dd, actual =dd
[4705000] SCOREBOARD MATCH: wstrb passthrough beat=166 expected = 56, actual =56
[4705000] SCOREBOARD MATCH: wstrb passthrough beat=167 expected = b7, actual =b7
[4705000] SCOREBOARD MATCH: wstrb passthrough beat=168 expected = fc, actual =fc
[4705000] SCOREBOARD MATCH: wstrb passthrough beat=169 expected = f9, actual =f9
[4705000] SCOREBOARD MATCH: wstrb passthrough beat=170 expected = 54, actual =54
[4705000] SCOREBOARD MATCH: wstrb passthrough beat=171 expected = a7, actual =a7
[4705000] SCOREBOARD MATCH: wstrb passthrough beat=172 expected = d6, actual =d6
[4705000] SCOREBOARD MATCH: wstrb passthrough beat=173 expected = ab, actual =ab
[4705000] SCOREBOARD MATCH: wstrb passthrough beat=174 expected = 5e, actual =5e
[4705000] SCOREBOARD MATCH: wstrb passthrough beat=175 expected = d3, actual =d3
[4705000] SCOREBOARD MATCH: wstrb passthrough beat=176 expected = a4, actual =a4
[4705000] SCOREBOARD MATCH: wstrb passthrough beat=177 expected = b2, actual =b2
[4705000] SCOREBOARD MATCH: wstrb passthrough beat=178 expected = 7a, actual =7a
[4705000] SCOREBOARD MATCH: wstrb passthrough beat=179 expected = 7b, actual =7b
[4705000] SCOREBOARD MATCH: wstrb passthrough beat=180 expected = 5d, actual =5d
[4705000] SCOREBOARD MATCH: wstrb passthrough beat=181 expected = d8, actual =d8
[4705000] SCOREBOARD MATCH: wstrb passthrough beat=182 expected = 4e, actual =4e
[4705000] SCOREBOARD MATCH: wstrb passthrough beat=183 expected = 2, actual =2
[4705000] SCOREBOARD MATCH: wstrb passthrough beat=184 expected = 8a, actual =8a
[4705000] SCOREBOARD MATCH: wstrb passthrough beat=185 expected = c8, actual =c8
[4705000] SCOREBOARD MATCH: wstrb passthrough beat=186 expected = 7d, actual =7d
[4705000] SCOREBOARD MATCH: wstrb passthrough beat=187 expected = e8, actual =e8
[4705000] SCOREBOARD MATCH: wstrb passthrough beat=188 expected = a0, actual =a0
[4705000] SCOREBOARD MATCH: wstrb passthrough beat=189 expected = cb, actual =cb
[4705000] SCOREBOARD MATCH: wstrb passthrough beat=190 expected = ea, actual =ea
[4705000] SCOREBOARD MATCH: wstrb passthrough beat=191 expected = 2a, actual =2a
[4705000] SCOREBOARD MATCH: wstrb passthrough beat=192 expected = 93, actual =93
[4705000] SCOREBOARD MATCH: wstrb passthrough beat=193 expected = 67, actual =67
[4705000] SCOREBOARD MATCH: wstrb passthrough beat=194 expected = 12, actual =12
[4705000] SCOREBOARD MATCH: wstrb passthrough beat=195 expected = 33, actual =33
[4705000] SCOREBOARD MATCH: wstrb passthrough beat=196 expected = 32, actual =32
[4705000] SCOREBOARD MATCH: wstrb passthrough beat=197 expected = fc, actual =fc
[4705000] SCOREBOARD MATCH: wstrb passthrough beat=198 expected = 5d, actual =5d
[4705000] SCOREBOARD MATCH: wstrb passthrough beat=199 expected = c5, actual =c5
[4705000] SCOREBOARD MATCH: wstrb passthrough beat=200 expected = 63, actual =63
[4705000] SCOREBOARD MATCH: wstrb passthrough beat=201 expected = 70, actual =70
[4705000] SCOREBOARD MATCH: wstrb passthrough beat=202 expected = f8, actual =f8
[4705000] SCOREBOARD MATCH: wstrb passthrough beat=203 expected = 95, actual =95
[4705000] SCOREBOARD MATCH: wstrb passthrough beat=204 expected = 6c, actual =6c
[4705000] SCOREBOARD MATCH: wstrb passthrough beat=205 expected = 55, actual =55
[4705000] SCOREBOARD MATCH: wstrb passthrough beat=206 expected = 5a, actual =5a
[4705000] SCOREBOARD MATCH: wstrb passthrough beat=207 expected = d0, actual =d0
[4705000] SCOREBOARD MATCH: wstrb passthrough beat=208 expected = c5, actual =c5
[4705000] SCOREBOARD MATCH: wstrb passthrough beat=209 expected = 52, actual =52
[4705000] SCOREBOARD MATCH: wstrb passthrough beat=210 expected = 65, actual =65
[4705000] SCOREBOARD MATCH: wstrb passthrough beat=211 expected = 32, actual =32
[4705000] SCOREBOARD MATCH: wstrb passthrough beat=212 expected = a8, actual =a8
[4705000] SCOREBOARD MATCH: wstrb passthrough beat=213 expected = c0, actual =c0
[4705000] SCOREBOARD MATCH: wstrb passthrough beat=214 expected = 2, actual =2
[4705000] SCOREBOARD MATCH: wstrb passthrough beat=215 expected = 6d, actual =6d
[4705000] SCOREBOARD MATCH: wstrb passthrough beat=216 expected = 12, actual =12
[4705000] SCOREBOARD MATCH: wstrb passthrough beat=217 expected = 67, actual =67
[4705000] SCOREBOARD MATCH: wstrb passthrough beat=218 expected = 9f, actual =9f
[4705000] SCOREBOARD MATCH: wstrb passthrough beat=219 expected = ba, actual =ba
[4705000] SCOREBOARD MATCH: wstrb passthrough beat=220 expected = 27, actual =27
[4705000] SCOREBOARD MATCH: wstrb passthrough beat=221 expected = a1, actual =a1
[4705000] SCOREBOARD MATCH: wstrb passthrough beat=222 expected = 28, actual =28
[4705000] SCOREBOARD MATCH: wstrb passthrough beat=223 expected = 3a, actual =3a
[4705000] SCOREBOARD MATCH: wstrb passthrough beat=224 expected = 9, actual =9
[4705000] SCOREBOARD MATCH: wstrb passthrough beat=225 expected = c7, actual =c7
[4705000] SCOREBOARD MATCH: wstrb passthrough beat=226 expected = f4, actual =f4
[4705000] SCOREBOARD MATCH: bresp passthrough expected = 0, actual =0
[4705000] SCOREBOARD MATCH: response routed to correct master (write) expected = 1, actual =1
[4705000] [SCOREBOARD-M] mst_id=1 s_id=0 awaddr=1cb6840 awid=101 awlen=226 awsize=7 awburst=1 wdata=[1aa7019fe6625091 c8ffb546dcf66788 763fc1f0c474981 f2a99a12d547d780 323e3f08220afdbe 2e52473fbba94f58 90f126d839a23b27 dbad38e520fbe151 dca530a9c32f65e0 fcd1a10709ff8024 2afb6175ed965782 b0c5bd62d87ed9ec e27e5a1087a0921e f536e9a02d975e6a 861638568d79bb85 151a4da425fca703 d394056de8949267 f60e4dec8a513744 b04dde47d9aa3dc3 c23ed02a8b289b90 1579d2d583e1e3b4 dd8c2178384d1e17 c375b9a7c5c7b11c c9a994d19fcaf1a2 d8180fb9d8ef8c7c 1eb73d992735b649 c700a7eb1b8dc961 f47d55dde860d26a f9688b31f18b7a5 3aa6810693349376 fb9565e0d697309e f5afe843af23d6e3 c2586a5a8b2bee93 e1c31f32b0566949 df7a402dbdedd03a c919beced7730775 7c970bf21d2aa87 dfc07ac12adcde00 824fe575e743b0ec 9165b73a8da398f d3b7178f8a195634 f15d0720e8d6d634 11b10fc4d606fd05 e0205339fa736293 e34a38c8e5682753 bb6f2458d17d5a5a cbf0bcedf4fb488c da636fdf1b8f7792 ed0cd1ecaf3af5b5 a4363e4115d29438 31620bcab8fd8ed9 e838848ffe99ae21 146c42591e6eddb6 d76c6c8f8c6ec2d0 8b0870f1c5ce4e23 e43d2bd9bfa4f11e cc13b3ef9f74b34a e543016dbba99868 fb4e8987d71c24e0 f690d82bc9802d46 529c5afc7623d76 9e7e6256dbd3d998 255406df00784f36 c7da8cac950f3a81 f0e3141a2a7dcc8e 2af61bc4e658ef02 fb68298416371af9 c0b4e787f2d0a870 d9299772ec4b3d9e 2825897ebab034b de7babbbd491c0f6 c0dcfe94c337401e 2ee24369b7a5432d c370424c35f572b 869697490d5def24 c5033251cd1402b8 107359e4b578dab2 c2d6c9d6d13a3675 1e4e392e9709f12d cc82cbe007d9fc28 d914329d2ec19312 c5cb843f8f5995b6 973391def7626bcb a623fedd924e501f 21a7e5d6f047c47c e7aa3047ebef831d fe3dd33cb8db77b4 a9233c300dce2f25 f9bdb2429fe5b912 d8c130c710cd6c78 1e9b9b9df7fb857e 17e13e9181e46cf7 92b1d96f18594ddf 9054d35df0a26f58 f286dc4fb14d750c c9a6c2eba83611ee 98d881460538b5bf b6862acbd9fb9649 8231a8370b5f5d96 10981355002cedb7 da2884001b0a297e 26698714c71e3e20 c74b2bd7dc5a2c37 f76455b537019a69 fe1fd889a173afd7 fdcddc0f9dcddcc9 d4cf7732c56b0461 e6deb438f53231c4 13000e8ed2ef4fbc 185a541de4ac9047 d9dec20ce7cf85c0 babed57cff390855 e3e5989decded09a d4ae565ad3192999 d25231ef3dc45aa9 2aa32b430f6d2bd7 e28655703637ca8c f3fc2535ff51819d 8ebead74b4d8875f eb1051eb1e9f5078 9df0d215f14502e5 a61d8a44df0c7720 fdabc7982caf7f8a 1df4826f112ddc30 f03a53501b9c99ae c84c1938c4120cb3 d53fe8e3ede61ae9 982b497e6409ba7 aa52a85ac57a3c34 3360571dd1cecdcf 380f6976ff92913e c50ccd723ce30bb4 eb1d983e26211d0 e1f4a30ef86d248f 35503043c6c142f9 a92354c9a7017080 9f6e950fc40209c6 ac34cbf0b17f7d8 b2196858d4bec552 98c0cf18b3e6a188 befe9960d187fd68 a646c2baa3841bd7 d76abd60f11801b9 c29fff213f0791d3 e28badaa966956c0 87815879e8e6c1db a7ee53aeb9f66b0a d05fc1cbca21579a 330819760a7a0159 c4706c63d7e11a44 220271dfdaf66d24 e5706e7d94d02e2e ecb14873d50a8b55 b000f87929e0dae1 beb1090f0eb3ba52 e3be45a7157166f7 3f5241d8ab625182 ba160bd493bf3e20 a930a517fe034ae7 29659c6a9dd4517b 31938f9ce882e6ef e68631d7e37ba83e 14ff9badac434b3 c3471ba30febce41 f367767f32e38956 8da7be0929cd4d7a 39b91bbbf4b77039 a79af98fd0eed9ac fabc2726ad20923a 21d802743542b799 86319145b47542e1 e195d51cc972fc03 feb5b39c00edb86c b562fb4d036dd790 cce0d39304e744e2 5d4fd4e96f8d069 9a66a7f9cb968730 d07dcc12bb37f89b d230c905e7477b8d 32de02bdd652c960 918ac1fbec9770fe d3deec8b035bcecf d9ae982fe3bb8b00 d052fbff86bcef48 8a18be17eb395a2a cef4e52ba431e88a 2aeed7d3e3c75646 cf00b0711f47e12a c379c9b4b50795ea 18ceec311df5959c 3d3d76c6ee68a187 23703772e7cf9ca2 5c5323e80b7407a ef1fe2023c3f23a3 240ec045c302a904 c3b9e97e12901974 cecf3d1729d3f283 ecd69b87b2d9cb80 c569e4f4f2ddfd5c 1cb1efdfb0908505 e36a50869439220b 87171f6709888b66 ba19106ba8d4357a 3d0d5786a3c90f46 ad519aac9d8360f1 c657966cc42476ed e7ed8634e76aab18 84ee0c090364edf2 c78964df953f20e0 fca9cbf8cb45a275 ceaa9067af76eb13 c4b60bf40197d802 ccdd7a771633f547 c5aae05ac15fd7ec c2f7afee1b880adf 31bc00268a60ec4e cbc0c43b0fd52a66 2b5d3545f766e080 1c7cccf8eb87429 9e8d9e8fdd19356b d48015ebcd88910a dc410533c9ead3d4 a704093fd647e2ba a3d073c4facea3c3 c4b97797fb841f2b d1cc01e5001178f8 fae01cbbebbd80d7 ] wstrb=[aa 2 52 a2 e7 29 5d 91 2b af 33 13 d9 90 a4 4 40 d8 17 19 68 bc 1d a8 94 35 c1 fc f1 df a5 85 14 66 81 5 45 26 8a 59 8d b 5e d2 32 e8 2c bf f4 8a 91 26 73 bd e5 67 48 76 8d bb 34 72 22 7c e8 af 37 1c 21 59 98 9 8 cf 26 29 28 be 32 30 8e 58 59 b6 17 8c e7 a5 e4 40 5b fb cc 42 a0 b1 83 fc ac 4f 3e 4d 0 c1 49 ad 11 87 fa 11 49 43 be 5a ca b8 6b 13 fb 2a 6d c6 e2 d9 d9 de 3 47 a4 e5 20 7d c3 23 c4 67 8 e4 e5 cc 7 a9 33 10 8e 18 dc 95 c2 f a5 50 28 81 e5 ea 91 8b 3a b9 c 1f a3 9d aa dd 56 b7 fc f9 54 a7 d6 ab 5e d3 a4 b2 7a 7b 5d d8 4e 2 8a c8 7d e8 a0 cb ea 2a 93 67 12 33 32 fc 5d c5 63 70 f8 95 6c 55 5a d0 c5 52 65 32 a8 c0 2 6d 12 67 9f ba 27 a1 28 3a 9 c7 f4 ] bresp=0 bid=101
[4705000] [SCOREBOARD-S] mst_id=1 s_id=0 awaddr=1cb6840 awid=101 awlen=226 awsize=7 awburst=1 wdata=[1aa7019fe6625091 c8ffb546dcf66788 763fc1f0c474981 f2a99a12d547d780 323e3f08220afdbe 2e52473fbba94f58 90f126d839a23b27 dbad38e520fbe151 dca530a9c32f65e0 fcd1a10709ff8024 2afb6175ed965782 b0c5bd62d87ed9ec e27e5a1087a0921e f536e9a02d975e6a 861638568d79bb85 151a4da425fca703 d394056de8949267 f60e4dec8a513744 b04dde47d9aa3dc3 c23ed02a8b289b90 1579d2d583e1e3b4 dd8c2178384d1e17 c375b9a7c5c7b11c c9a994d19fcaf1a2 d8180fb9d8ef8c7c 1eb73d992735b649 c700a7eb1b8dc961 f47d55dde860d26a f9688b31f18b7a5 3aa6810693349376 fb9565e0d697309e f5afe843af23d6e3 c2586a5a8b2bee93 e1c31f32b0566949 df7a402dbdedd03a c919beced7730775 7c970bf21d2aa87 dfc07ac12adcde00 824fe575e743b0ec 9165b73a8da398f d3b7178f8a195634 f15d0720e8d6d634 11b10fc4d606fd05 e0205339fa736293 e34a38c8e5682753 bb6f2458d17d5a5a cbf0bcedf4fb488c da636fdf1b8f7792 ed0cd1ecaf3af5b5 a4363e4115d29438 31620bcab8fd8ed9 e838848ffe99ae21 146c42591e6eddb6 d76c6c8f8c6ec2d0 8b0870f1c5ce4e23 e43d2bd9bfa4f11e cc13b3ef9f74b34a e543016dbba99868 fb4e8987d71c24e0 f690d82bc9802d46 529c5afc7623d76 9e7e6256dbd3d998 255406df00784f36 c7da8cac950f3a81 f0e3141a2a7dcc8e 2af61bc4e658ef02 fb68298416371af9 c0b4e787f2d0a870 d9299772ec4b3d9e 2825897ebab034b de7babbbd491c0f6 c0dcfe94c337401e 2ee24369b7a5432d c370424c35f572b 869697490d5def24 c5033251cd1402b8 107359e4b578dab2 c2d6c9d6d13a3675 1e4e392e9709f12d cc82cbe007d9fc28 d914329d2ec19312 c5cb843f8f5995b6 973391def7626bcb a623fedd924e501f 21a7e5d6f047c47c e7aa3047ebef831d fe3dd33cb8db77b4 a9233c300dce2f25 f9bdb2429fe5b912 d8c130c710cd6c78 1e9b9b9df7fb857e 17e13e9181e46cf7 92b1d96f18594ddf 9054d35df0a26f58 f286dc4fb14d750c c9a6c2eba83611ee 98d881460538b5bf b6862acbd9fb9649 8231a8370b5f5d96 10981355002cedb7 da2884001b0a297e 26698714c71e3e20 c74b2bd7dc5a2c37 f76455b537019a69 fe1fd889a173afd7 fdcddc0f9dcddcc9 d4cf7732c56b0461 e6deb438f53231c4 13000e8ed2ef4fbc 185a541de4ac9047 d9dec20ce7cf85c0 babed57cff390855 e3e5989decded09a d4ae565ad3192999 d25231ef3dc45aa9 2aa32b430f6d2bd7 e28655703637ca8c f3fc2535ff51819d 8ebead74b4d8875f eb1051eb1e9f5078 9df0d215f14502e5 a61d8a44df0c7720 fdabc7982caf7f8a 1df4826f112ddc30 f03a53501b9c99ae c84c1938c4120cb3 d53fe8e3ede61ae9 982b497e6409ba7 aa52a85ac57a3c34 3360571dd1cecdcf 380f6976ff92913e c50ccd723ce30bb4 eb1d983e26211d0 e1f4a30ef86d248f 35503043c6c142f9 a92354c9a7017080 9f6e950fc40209c6 ac34cbf0b17f7d8 b2196858d4bec552 98c0cf18b3e6a188 befe9960d187fd68 a646c2baa3841bd7 d76abd60f11801b9 c29fff213f0791d3 e28badaa966956c0 87815879e8e6c1db a7ee53aeb9f66b0a d05fc1cbca21579a 330819760a7a0159 c4706c63d7e11a44 220271dfdaf66d24 e5706e7d94d02e2e ecb14873d50a8b55 b000f87929e0dae1 beb1090f0eb3ba52 e3be45a7157166f7 3f5241d8ab625182 ba160bd493bf3e20 a930a517fe034ae7 29659c6a9dd4517b 31938f9ce882e6ef e68631d7e37ba83e 14ff9badac434b3 c3471ba30febce41 f367767f32e38956 8da7be0929cd4d7a 39b91bbbf4b77039 a79af98fd0eed9ac fabc2726ad20923a 21d802743542b799 86319145b47542e1 e195d51cc972fc03 feb5b39c00edb86c b562fb4d036dd790 cce0d39304e744e2 5d4fd4e96f8d069 9a66a7f9cb968730 d07dcc12bb37f89b d230c905e7477b8d 32de02bdd652c960 918ac1fbec9770fe d3deec8b035bcecf d9ae982fe3bb8b00 d052fbff86bcef48 8a18be17eb395a2a cef4e52ba431e88a 2aeed7d3e3c75646 cf00b0711f47e12a c379c9b4b50795ea 18ceec311df5959c 3d3d76c6ee68a187 23703772e7cf9ca2 5c5323e80b7407a ef1fe2023c3f23a3 240ec045c302a904 c3b9e97e12901974 cecf3d1729d3f283 ecd69b87b2d9cb80 c569e4f4f2ddfd5c 1cb1efdfb0908505 e36a50869439220b 87171f6709888b66 ba19106ba8d4357a 3d0d5786a3c90f46 ad519aac9d8360f1 c657966cc42476ed e7ed8634e76aab18 84ee0c090364edf2 c78964df953f20e0 fca9cbf8cb45a275 ceaa9067af76eb13 c4b60bf40197d802 ccdd7a771633f547 c5aae05ac15fd7ec c2f7afee1b880adf 31bc00268a60ec4e cbc0c43b0fd52a66 2b5d3545f766e080 1c7cccf8eb87429 9e8d9e8fdd19356b d48015ebcd88910a dc410533c9ead3d4 a704093fd647e2ba a3d073c4facea3c3 c4b97797fb841f2b d1cc01e5001178f8 fae01cbbebbd80d7 ] wstrb=[aa 2 52 a2 e7 29 5d 91 2b af 33 13 d9 90 a4 4 40 d8 17 19 68 bc 1d a8 94 35 c1 fc f1 df a5 85 14 66 81 5 45 26 8a 59 8d b 5e d2 32 e8 2c bf f4 8a 91 26 73 bd e5 67 48 76 8d bb 34 72 22 7c e8 af 37 1c 21 59 98 9 8 cf 26 29 28 be 32 30 8e 58 59 b6 17 8c e7 a5 e4 40 5b fb cc 42 a0 b1 83 fc ac 4f 3e 4d 0 c1 49 ad 11 87 fa 11 49 43 be 5a ca b8 6b 13 fb 2a 6d c6 e2 d9 d9 de 3 47 a4 e5 20 7d c3 23 c4 67 8 e4 e5 cc 7 a9 33 10 8e 18 dc 95 c2 f a5 50 28 81 e5 ea 91 8b 3a b9 c 1f a3 9d aa dd 56 b7 fc f9 54 a7 d6 ab 5e d3 a4 b2 7a 7b 5d d8 4e 2 8a c8 7d e8 a0 cb ea 2a 93 67 12 33 32 fc 5d c5 63 70 f8 95 6c 55 5a d0 c5 52 65 32 a8 c0 2 6d 12 67 9f ba 27 a1 28 3a 9 c7 f4 ] bresp=0 bid=10101
[4705000] SCOREBOARD: Transaction 3 received. pass=956 fail=0
[4705000] ALL PASS. Total transactions: 3
[4715000] AXI S0_WVALID_RDY HANDSHAKE
[4715000] S0 MEMORY WRITE beat=1 addr=02fabef8 data=00bd2d6ce101af27 id=09
[4715000] MASTER 0 W_VALID_RDY Handshake beat=8 wlast=0
[4725000] MASTER 0 W_VALID_RDY Handshake beat=9 wlast=0
[4725000] AXI S0_WVALID_RDY HANDSHAKE
[4725000] S0 MEMORY WRITE beat=2 addr=02fabefc data=878b3dd0dd776bbc id=09
[4735000] AXI S0_WVALID_RDY HANDSHAKE
[4735000] S0 MEMORY WRITE beat=3 addr=02fabf00 data=282103b6086c8534 id=09
[4735000] MASTER 0 W_VALID_RDY Handshake beat=10 wlast=0
[4745000] MASTER 0 W_VALID_RDY Handshake beat=11 wlast=0
[4745000] AXI S0_WVALID_RDY HANDSHAKE
[4745000] S0 MEMORY WRITE beat=4 addr=02fabf04 data=e96e345bd80e5b83 id=09
[4755000] AXI S0_WVALID_RDY HANDSHAKE
[4755000] S0 MEMORY WRITE beat=5 addr=02fabf08 data=3585c74028de3122 id=09
[4755000] MASTER 0 W_VALID_RDY Handshake beat=12 wlast=0
[4765000] MASTER 0 W_VALID_RDY Handshake beat=13 wlast=0
[4765000] AXI S0_WVALID_RDY HANDSHAKE
[4765000] S0 MEMORY WRITE beat=6 addr=02fabf0c data=314ab656f0f9722c id=09
[4775000] AXI S0_WVALID_RDY HANDSHAKE
[4775000] S0 MEMORY WRITE beat=7 addr=02fabf10 data=c907cdafdda6caf6 id=09
[4775000] MASTER 0 W_VALID_RDY Handshake beat=14 wlast=1
[4785000] AXI S0_WVALID_RDY HANDSHAKE
[4785000] S0 MEMORY WRITE beat=8 addr=02fabf14 data=0684fc189ab8eab1 id=09
[4795000] AXI S0_WVALID_RDY HANDSHAKE
[4795000] S0 MEMORY WRITE beat=9 addr=02fabf18 data=8bb25cddfe8d94ef id=09
[4805000] AXI S0_WVALID_RDY HANDSHAKE
[4805000] S0 MEMORY WRITE beat=10 addr=02fabf1c data=dc345fe537cfb26e id=09
[4815000] AXI S0_WVALID_RDY HANDSHAKE
[4815000] S0 MEMORY WRITE beat=11 addr=02fabf20 data=d2889d1fd4ba2a8d id=09
[4825000] AXI S0_WVALID_RDY HANDSHAKE
[4825000] S0 MEMORY WRITE beat=12 addr=02fabf24 data=d347bf7ce2b95bfd id=09
[4835000] AXI S0_WVALID_RDY HANDSHAKE
[4835000] S0 MEMORY WRITE beat=13 addr=02fabf28 data=9a890e6bde3af9fd id=09
[4845000] AXI S0_WVALID_RDY HANDSHAKE
[4845000] S0 MEMORY WRITE beat=14 addr=02fabf2c data=32f5248a2f7c1f62 id=09
[4855000] SLAVE0 sent B resp, id=9
[4855000] [SLAVE MONITOR] mst_id=0 s_id=0 awaddr=2fabf30 awid=1001 awlen=14 awsize=2 awburst=2 wdata=[d0831db3caa997f9 bd2d6ce101af27 878b3dd0dd776bbc 282103b6086c8534 e96e345bd80e5b83 3585c74028de3122 314ab656f0f9722c c907cdafdda6caf6 684fc189ab8eab1 8bb25cddfe8d94ef dc345fe537cfb26e d2889d1fd4ba2a8d d347bf7ce2b95bfd 9a890e6bde3af9fd 32f5248a2f7c1f62 ] wstrb=[8b 5f 6 88 cb 68 12 56 c8 18 de 93 81 f0 e9 ] bresp=0 bid=1001
[4865000] ARB MONITOR: slave=0 m0_req=0 m1_req=1 winner=1
[4865000] AXI S0_AWVALID_RDY HANDSHAKE
[4875000] AXI S0_WVALID_RDY HANDSHAKE
[4875000] S0 MEMORY WRITE beat=0 addr=0b560168 data=d6bb75f018c99413 id=1b
[4875000] MASTER 0 B_VALID_RDY Handshake
[4875000] [MASTER MONITOR] mst_id=0 s_id=0 awaddr=2fabf30 awid=1001 awlen=14 awsize=2 awburst=2 wdata=[d0831db3caa997f9 bd2d6ce101af27 878b3dd0dd776bbc 282103b6086c8534 e96e345bd80e5b83 3585c74028de3122 314ab656f0f9722c c907cdafdda6caf6 684fc189ab8eab1 8bb25cddfe8d94ef dc345fe537cfb26e d2889d1fd4ba2a8d d347bf7ce2b95bfd 9a890e6bde3af9fd 32f5248a2f7c1f62 ] wstrb=[8b 5f 6 88 cb 68 12 56 c8 18 de 93 81 f0 e9 ] bresp=0 bid=1001
[4875000] MASTER 0 RECEIVED BRESP. BRESP=0
[4875000] [MASTER DRIVER] mst_id=0 s_id=0 awaddr=2fabf30 awid=1001 awlen=14 awsize=2 awburst=2 wdata=[d0831db3caa997f9 bd2d6ce101af27 878b3dd0dd776bbc 282103b6086c8534 e96e345bd80e5b83 3585c74028de3122 314ab656f0f9722c c907cdafdda6caf6 684fc189ab8eab1 8bb25cddfe8d94ef dc345fe537cfb26e d2889d1fd4ba2a8d d347bf7ce2b95bfd 9a890e6bde3af9fd 32f5248a2f7c1f62 ] wstrb=[8b 5f 6 88 cb 68 12 56 c8 18 de 93 81 f0 e9 ] bresp=0 bid=1001
[4875000] SCOREBOARD MATCH: decode_err expected = 0, actual =0
[4875000] SCOREBOARD MATCH: slave_id expected = 0, actual =0
[4875000] SCOREBOARD MATCH: awaddr passthrough expected = 2fabf30, actual =2fabf30
[4875000] SCOREBOARD MATCH: awlen passthrough expected = 14, actual =14
[4875000] SCOREBOARD MATCH: awsize passthrough expected = 2, actual =2
[4875000] SCOREBOARD MATCH: awburst passthrough expected = 2, actual =2
[4875000] SCOREBOARD MATCH: wdata size check expected = f, actual =f
[4875000] SCOREBOARD MATCH: wdata passthrough beat=0 expected = d0831db3caa997f9, actual =d0831db3caa997f9
[4875000] SCOREBOARD MATCH: wdata passthrough beat=1 expected = bd2d6ce101af27, actual =bd2d6ce101af27
[4875000] SCOREBOARD MATCH: wdata passthrough beat=2 expected = 878b3dd0dd776bbc, actual =878b3dd0dd776bbc
[4875000] SCOREBOARD MATCH: wdata passthrough beat=3 expected = 282103b6086c8534, actual =282103b6086c8534
[4875000] SCOREBOARD MATCH: wdata passthrough beat=4 expected = e96e345bd80e5b83, actual =e96e345bd80e5b83
[4875000] SCOREBOARD MATCH: wdata passthrough beat=5 expected = 3585c74028de3122, actual =3585c74028de3122
[4875000] SCOREBOARD MATCH: wdata passthrough beat=6 expected = 314ab656f0f9722c, actual =314ab656f0f9722c
[4875000] SCOREBOARD MATCH: wdata passthrough beat=7 expected = c907cdafdda6caf6, actual =c907cdafdda6caf6
[4875000] SCOREBOARD MATCH: wdata passthrough beat=8 expected = 684fc189ab8eab1, actual =684fc189ab8eab1
[4875000] SCOREBOARD MATCH: wdata passthrough beat=9 expected = 8bb25cddfe8d94ef, actual =8bb25cddfe8d94ef
[4875000] SCOREBOARD MATCH: wdata passthrough beat=10 expected = dc345fe537cfb26e, actual =dc345fe537cfb26e
[4875000] SCOREBOARD MATCH: wdata passthrough beat=11 expected = d2889d1fd4ba2a8d, actual =d2889d1fd4ba2a8d
[4875000] SCOREBOARD MATCH: wdata passthrough beat=12 expected = d347bf7ce2b95bfd, actual =d347bf7ce2b95bfd
[4875000] SCOREBOARD MATCH: wdata passthrough beat=13 expected = 9a890e6bde3af9fd, actual =9a890e6bde3af9fd
[4875000] SCOREBOARD MATCH: wdata passthrough beat=14 expected = 32f5248a2f7c1f62, actual =32f5248a2f7c1f62
[4875000] SCOREBOARD MATCH: wstrb size check expected = f, actual =f
[4875000] SCOREBOARD MATCH: wstrb passthrough beat=0 expected = 8b, actual =8b
[4875000] SCOREBOARD MATCH: wstrb passthrough beat=1 expected = 5f, actual =5f
[4875000] SCOREBOARD MATCH: wstrb passthrough beat=2 expected = 6, actual =6
[4875000] SCOREBOARD MATCH: wstrb passthrough beat=3 expected = 88, actual =88
[4875000] SCOREBOARD MATCH: wstrb passthrough beat=4 expected = cb, actual =cb
[4875000] SCOREBOARD MATCH: wstrb passthrough beat=5 expected = 68, actual =68
[4875000] SCOREBOARD MATCH: wstrb passthrough beat=6 expected = 12, actual =12
[4875000] SCOREBOARD MATCH: wstrb passthrough beat=7 expected = 56, actual =56
[4875000] SCOREBOARD MATCH: wstrb passthrough beat=8 expected = c8, actual =c8
[4875000] SCOREBOARD MATCH: wstrb passthrough beat=9 expected = 18, actual =18
[4875000] SCOREBOARD MATCH: wstrb passthrough beat=10 expected = de, actual =de
[4875000] SCOREBOARD MATCH: wstrb passthrough beat=11 expected = 93, actual =93
[4875000] SCOREBOARD MATCH: wstrb passthrough beat=12 expected = 81, actual =81
[4875000] SCOREBOARD MATCH: wstrb passthrough beat=13 expected = f0, actual =f0
[4875000] SCOREBOARD MATCH: wstrb passthrough beat=14 expected = e9, actual =e9
[4875000] SCOREBOARD MATCH: bresp passthrough expected = 0, actual =0
[4875000] SCOREBOARD MATCH: response routed to correct master (write) expected = 0, actual =0
[4875000] [SCOREBOARD-M] mst_id=0 s_id=0 awaddr=2fabf30 awid=1001 awlen=14 awsize=2 awburst=2 wdata=[d0831db3caa997f9 bd2d6ce101af27 878b3dd0dd776bbc 282103b6086c8534 e96e345bd80e5b83 3585c74028de3122 314ab656f0f9722c c907cdafdda6caf6 684fc189ab8eab1 8bb25cddfe8d94ef dc345fe537cfb26e d2889d1fd4ba2a8d d347bf7ce2b95bfd 9a890e6bde3af9fd 32f5248a2f7c1f62 ] wstrb=[8b 5f 6 88 cb 68 12 56 c8 18 de 93 81 f0 e9 ] bresp=0 bid=1001
[4875000] [SCOREBOARD-S] mst_id=0 s_id=0 awaddr=2fabf30 awid=1001 awlen=14 awsize=2 awburst=2 wdata=[d0831db3caa997f9 bd2d6ce101af27 878b3dd0dd776bbc 282103b6086c8534 e96e345bd80e5b83 3585c74028de3122 314ab656f0f9722c c907cdafdda6caf6 684fc189ab8eab1 8bb25cddfe8d94ef dc345fe537cfb26e d2889d1fd4ba2a8d d347bf7ce2b95bfd 9a890e6bde3af9fd 32f5248a2f7c1f62 ] wstrb=[8b 5f 6 88 cb 68 12 56 c8 18 de 93 81 f0 e9 ] bresp=0 bid=1001
[4875000] SCOREBOARD: Transaction 4 received. pass=996 fail=0
[4875000] ALL PASS. Total transactions: 4
[4885000] AXI S0_WVALID_RDY HANDSHAKE
[4885000] S0 MEMORY WRITE beat=1 addr=0b560140 data=fbb2e3d9af074373 id=1b
[4895000] AXI S0_WVALID_RDY HANDSHAKE
[4895000] S0 MEMORY WRITE beat=2 addr=0b560150 data=2de16e11e79bb187 id=1b
[4905000] SLAVE0 sent B resp, id=11
[4915000] [SLAVE MONITOR] mst_id=1 s_id=0 awaddr=b560168 awid=1011 awlen=2 awsize=4 awburst=2 wdata=[d6bb75f018c99413 fbb2e3d9af074373 2de16e11e79bb187 ] wstrb=[6 9a 1 ] bresp=0 bid=11011
[4925000] MASTER 1 RECEIVED BRESP. BRESP=0
[4925000] [MASTER DRIVER] mst_id=1 s_id=0 awaddr=b560168 awid=1011 awlen=2 awsize=4 awburst=2 wdata=[d6bb75f018c99413 fbb2e3d9af074373 2de16e11e79bb187 ] wstrb=[6 9a 1 ] bresp=0 bid=1011
[4925000] MASTER 1 B_VALID_RDY Handshake
[4925000] [MASTER MONITOR] mst_id=1 s_id=0 awaddr=b560168 awid=1011 awlen=2 awsize=4 awburst=2 wdata=[d6bb75f018c99413 fbb2e3d9af074373 2de16e11e79bb187 ] wstrb=[6 9a 1 ] bresp=0 bid=1011
[4925000] SCOREBOARD MATCH: decode_err expected = 0, actual =0
[4925000] SCOREBOARD MATCH: slave_id expected = 0, actual =0
[4925000] SCOREBOARD MATCH: awaddr passthrough expected = b560168, actual =b560168
[4925000] SCOREBOARD MATCH: awlen passthrough expected = 2, actual =2
[4925000] SCOREBOARD MATCH: awsize passthrough expected = 4, actual =4
[4925000] SCOREBOARD MATCH: awburst passthrough expected = 2, actual =2
[4925000] SCOREBOARD MATCH: wdata size check expected = 3, actual =3
[4925000] SCOREBOARD MATCH: wdata passthrough beat=0 expected = d6bb75f018c99413, actual =d6bb75f018c99413
[4925000] SCOREBOARD MATCH: wdata passthrough beat=1 expected = fbb2e3d9af074373, actual =fbb2e3d9af074373
[4925000] SCOREBOARD MATCH: wdata passthrough beat=2 expected = 2de16e11e79bb187, actual =2de16e11e79bb187
[4925000] SCOREBOARD MATCH: wstrb size check expected = 3, actual =3
[4925000] SCOREBOARD MATCH: wstrb passthrough beat=0 expected = 6, actual =6
[4925000] SCOREBOARD MATCH: wstrb passthrough beat=1 expected = 9a, actual =9a
[4925000] SCOREBOARD MATCH: wstrb passthrough beat=2 expected = 1, actual =1
[4925000] SCOREBOARD MATCH: bresp passthrough expected = 0, actual =0
[4925000] SCOREBOARD MATCH: response routed to correct master (write) expected = 1, actual =1
[4925000] [SCOREBOARD-M] mst_id=1 s_id=0 awaddr=b560168 awid=1011 awlen=2 awsize=4 awburst=2 wdata=[d6bb75f018c99413 fbb2e3d9af074373 2de16e11e79bb187 ] wstrb=[6 9a 1 ] bresp=0 bid=1011
[4925000] [SCOREBOARD-S] mst_id=1 s_id=0 awaddr=b560168 awid=1011 awlen=2 awsize=4 awburst=2 wdata=[d6bb75f018c99413 fbb2e3d9af074373 2de16e11e79bb187 ] wstrb=[6 9a 1 ] bresp=0 bid=11011
[4925000] SCOREBOARD: Transaction 5 received. pass=1012 fail=0
[4925000] SCOREBOARD: Expected 5 transactions completed, PASS=1012 FAIL=0
[4925000] ALL PASS. Total transactions: 5
[4925000] ALL TRANSACTIONS MONITORED
$finish called at time : 4945 ns : File "/home/nashita/Desktop/practice/axi_xbar/tb/top/axi_tb_top.sv" Line 220
exit
INFO: xsimkernel Simulation Memory Usage: 289464 KB (Peak: 337864 KB), Simulation CPU Usage: 1220 ms
INFO: [Common 17-206] Exiting xsim at Thu Sep 10 18:43:02 2026...
