#-----------------------------------------------------------
# xsim v2025.2 (64-bit)
# SW Build 6299465 on Fri Nov 14 12:34:56 MST 2025
# IP Build 6300035 on Fri Nov 14 10:48:45 MST 2025
# SharedData Build 6298862 on Thu Nov 13 04:50:51 MST 2025
# Start of session at: Thu Sep 10 18:44:37 2026
# Process ID         : 3671582
# Current directory  : /home/nashita/Desktop/practice/axi_xbar/sim
# Command line       : xsim -log regress_results/BT_run441.log -mode tcl -source {xsim.dir/tb_top_snap/xsim_script.tcl}
# Log file           : /home/nashita/Desktop/practice/axi_xbar/sim/regress_results/BT_run441.log
# Journal file       : /home/nashita/Desktop/practice/axi_xbar/sim/xsim.jou
# Running On         : vlsi-vivado
# Platform           : Ubuntu
# Operating System   : Ubuntu 24.04.4 LTS
# Processor Detail   : Intel(R) Core(TM) i5-10400 CPU @ 2.90GHz
# CPU Frequency      : 4108.282 MHz
# CPU Physical cores : 6
# CPU Logical cores  : 12
# Host memory        : 41875 MB
# Swap memory        : 27648 MB
# Total Virtual      : 69524 MB
# Available Virtual  : 62648 MB
#-----------------------------------------------------------
source xsim.dir/tb_top_snap/xsim_script.tcl
# xsim {tb_top_snap} -testplusarg BT -autoloadwcfg -runall -sv_seed 442
Time resolution is 1 ps
run -all
[0] RUNNING BASE TEST
[0] INSIDE THE BASE TEST CONSTRUCTOR
[0] ENV: before agent
[0] SLAVE CONSTRUCTED
[0] MASTER MONITOR CONSTRUCTED
[0] MASTER MONITOR CONSTRUCTED
[0] SLAVE MONITOR CONSTRUCTED
[0] SLAVE MONITOR CONSTRUCTED
[0] ARB MONITOR CONSTRUCTED
GENERATOR CONSTRUCTED
[0] ENV: after agent
[0] ENV: before scoreboard
[0] ENV: after scoreboard
[15000] [SEQUENCER] READ mst_id=0 s_id=0 araddr=479c0d0 arid=0 arlen=1 arsize=3 arburst=1 rid=[] rresp=[] rdata=[]
[15000] [SEQUENCER] mst_id=1 s_id=0 awaddr=12bd5a80 awid=1001 awlen=42 awsize=7 awburst=1 wdata=[26b18ccab75d42ea 8925ded9f2f342f6 b3c68320dae784ba 9244c7a4cfb22704 c2a569fada780fea b55f94a41b6aa67e eb1ccd82f66bed1b d0e3fd05c7a45c49 e30f02c7adc2377c a42e2497064391aa cde7edf3ce2bd049 fbee07c5f512219d fb55b34730f6f0ba ff22c103201c2c5d 152e4dfac93da13a fa3491f4fb10c8c8 9b2cf52510840141 d9c1a27bf95752f7 f4681bbfb05b431f c0df4460d3f6346f cd4d87660f9510e5 bff054049aa0e6db ee971b4ac1b5a325 d14ab40a00cf9865 9b707f40bbe4a2b0 fd9a45d6113b080f 120aa0740a079a8b c5ec3d3bcee4f9e0 e02001efad7b1fb4 b782ba3fc3868311 126b7cf2f22aa263 1fa5c218fd6ef77b c0f57a8cf28b7ee1 e4b62145d7287c57 d49773d2d360f77e c5ec7660045be35d db845fb4158cee5f e8ede5dd2aa297a5 2efe7b02301bd387 c5a8c1e6aeda5c3d d97cf3e28a82dab6 ba9eae3dae96a7c3 dd710401887b6ee4 ] wstrb=[23 9b e3 e7 d8 c8 e8 fc 63 cb e3 3b 93 cb 37 f6 96 1a 32 2a e5 69 20 7c 84 52 a6 69 bc c6 e5 40 19 8b a9 d5 52 8f 15 6b 1a be 40 ] bresp=0 bid=0
[15000] [SEQUENCER] mst_id=0 s_id=0 awaddr=1fc37418 awid=1001 awlen=218 awsize=2 awburst=1 wdata=[b5f02db9fad9c369 f9788ebde26daad0 db2a5afeb61e57c e63ba8e5c80fc895 2a7d7365c3a2d368 af04b8e4dfb437a3 27c4003838301914 fbd2ec7c154061ca f4f4996dd241739d a718cb12ad7a561 c018072b1cb899a5 eefa0d428644792d b11c1e8e350ca098 d1c53a3df96b99f3 ffb01320f13425b9 a640c651c0bf477f 3a2ae17230cc31af a2005768f806008e b8c5480db9daf492 eaa72641c8411dba c0471e48f2f0297f 2ccb1e120ca77daa d4e89b64f90c6656 ebfc8fd597724453 a419c1fd952fb9ac 8e3c200298c7ade7 3039f23bf9025d61 e32170efa38afd8 93005dbfd453b438 cd56119a9c6e3710 96a6e6e8c33a4ffa 178e0433db8828a8 f7f65fb829a744a8 ece194a2e4e415cd c06c3e750e9d46a1 38448b49846f98d5 e953aea2b8629e2d c6ffe4cea5261feb 2995b8c1a9bfed17 e2228b45ff447017 246a900392e96763 3ca9547ba9227013 2866e02bce0048c4 e0e9b0271ecbdfc0 c7ee4fd3ccd1702e 1ad1b8f29d9304a2 bc5ee462f0552ffe bd26a02cfbbb6919 194e6dbc044d3436 f4a26434d7f8591e d3b3c238d5ad521e d9fa865431c90461 89c15d7fed022ff4 c2af8212ce9cea89 65eeeadd751fb7 ca774fab1caa0867 eb46f2f08a274c69 e79c6c210d26d1be 29d0da25ebace1da f5d42e43b213bbcc bf3a8d8a1517cd15 c4aeefdd709a64 f845631e90b67af fe2334c4f698dd32 d4097797cebee3bb 37ca4b6bfee7e3b3 f580c0e6e38dcdc8 b24cb183b5ed802f 34d563e3c98a387d 2d180645ea16fcee 20047d1e2a5624c9 f3e05d46df64b7c8 c97bb4b7d4d9e101 ff3005ca20f8638b 805d1b53e98031d5 3e5a12d6f3106310 1408c69bc9d8d00a b35901df3d8a18a0 309a7bb09465e1ee de3eb1f9f1b314b5 af3d2d55c4a3424b d90924399197b3d8 34ac88edfd7a905 a47aeb50b747d632 c8df8a0bb287f5e3 125f9ee9fd840f8a b4cbe5bccc2a5299 feb2487cb6da8a39 b45e99c3fdab6fc7 c9d5c2609111e765 c7ec719fe92a7f80 e6d5ef47c8880add d999f242fc4b0b62 e5758ae230abb1a8 f933bc85a18663e1 1dd16f44cc4b7a2a fcf72bd2d2cdaec7 f45412a98346fa26 cf927450f62ae857 c8f8971e122581ed 956c7c13cc89a022 c2b48879bd4ca9c7 cf722bb4e4fef064 b18890860bad1f98 c8f9c95fe4dea7c8 c9dd982cf43d1900 ffea3898186bf514 fd4a9cdcfb6628b2 efa341b2c8e401f7 e14ff70bc7283508 c28e5dbaef8d7a4a 38717c42de9a93e7 a5c2c8ef32319f6d a1bf19b799c1734d f85c0735e85126aa 1a82c617da3095f9 f3f209479e1ed024 866ff6cebc41dfce 167275c8ec4e107c 8a6ce0a0a0f2bce5 dd349cb40a647f0f f6b28f8b10dcd76f b1cf9454f3a7127c fe0b918b811f702b 91fc479a8f043108 82ab4384f4be2116 f5dd9141c3cbdbef d2d00cf780b6d50f f574f62507d9d8dc cba5b4cbd57b507c d632258beb528767 f32c60439e75c1c2 f3f1123ecba71bb1 36f9a3183ed2150e dd47d6d0ca2337ca 15ca537b2a26035b e8f81869d138e90f 1b5c20d9ccc3f693 f6e9f9eec63fef39 9778d84831267454 fdea6ae7dfe21257 a6220190b2d4f921 e3fb6d75f4d464d5 d4b6772c3d9ad9d9 f06fd2fae1e5d85c d6ba3d31fad878bc b8735295d46b4070 b65118ccab70b45d 26492d1a28e32590 fd4e66000d0b55fe b87c0a5bdebc7faf 879fa53fb39f7ecc c0aad4cadec53775 3d81b72584ee0b3f 388d8a0cf926df26 d7ec169bc5215c64 ca0f67a4f9385ed6 f25f3dfc956dcdc0 da8f2a25029cf1b0 fbd55086ca4b5498 dfb92258249e91c9 273b8379ee348e83 387fe31bba484c7d dee6de46a310d3ff 9145628298390573 d28151f1862261bf 293335bfc9c5459d e1fe4b11b1683037 378a91f7ba789841 43ddddf347f9d02 e5e7cd39e0bdc7b6 9b365ff7e63c28f0 1abbc5f29d725f30 fe3026e69f743dd6 85b066c680a3932b 1e15f25c196686de b8dac4b4a06c2cb8 210fbfe49c461942 b5aca0203e8b2b7b def758333f25b240 db6bcb82ee8764d5 2d12905080071817 bf2cca5711186ba3 ff9fd0788c09e883 c11009b1a9895da 2bb1017d2cb260c8 b8bc494bcb3dcaf2 e5d660cc2b50d1f5 d80332bdc4cd49e6 100b14d991876249 bcd8343e90bf7c08 d58cc5eff5e175a5 768d7ef94db66fb 259ae304e597dac8 db79506dc4410c2d d91c7329fb27a8f3 e0bf83bbe2e2285c 2723348afeb7562d f9deff20bc38d428 1f1afc85003fa7b3 fef6fde0da9e82db 96d75703c63e310f c67dd8c2f8d5fd00 d3747fdbb5f25388 fc308497c574d6a2 3e4ad3a2ea4bd6de 203e2a67c2ae5d59 882333fb11bf537d fc0b2a5b9c6eaefe df1d0c58c66e079d d82d5b1a9c4954c2 38b803c1e7404053 2dae47f1d4388576 f081da3817d51019 ff15506c85dba30b da142881a939ddf9 c10eee12acc3985d 329f3b69ca9602ba f3cfe0b3c0243e7f ] wstrb=[ea dc c6 a4 45 45 58 30 21 1e d4 67 63 2c 97 84 4a 6b eb ad 98 82 32 e2 ee 1d 90 86 a0 c2 68 8e df f8 14 7f ba 7c d 9a 75 21 19 2f 9e 27 c9 13 48 e3 42 e6 a c f9 52 ef 3c 39 f9 48 32 4b 37 6e 84 30 b6 b7 7b ed 25 0 1d dc b7 99 c9 dc 99 e7 b8 50 80 82 2c 19 69 e5 69 e9 67 95 2 d0 7a 6b b9 e1 0 bb b1 7b 26 6a 5c 26 25 e a1 4b 78 fe 72 9e c 13 e9 84 11 5b 22 1d 6f c a2 80 67 c4 9e d6 d0 40 57 38 4 f5 e d5 35 65 d 39 5a 1b e 8f 81 1b c9 db 37 d7 6b b8 f3 34 93 2a b fe e2 fe 32 75 28 3e 74 a 3c a6 80 65 e4 f4 6f 21 9a ef 86 7f e3 f5 a0 7e e5 26 fd c8 1b 9d 46 0 c3 43 c9 de e0 f df a3 53 a8 82 33 b7 61 d7 a 9 59 3e c0 ba 15 cb c3 6e 9 ] bresp=0 bid=0
[15000] [SEQUENCER] mst_id=0 s_id=0 awaddr=1e1ea848 awid=1100 awlen=14 awsize=5 awburst=0 wdata=[ee904159a0798904 f61798c9d269f755 d05d45cb254d575e c5c6e062cb797d98 1de374edbeed8724 e43ade823bde792c 757f6c4ee40bab8 2d2e41dd2a01bee5 e5e03811253b6bb1 937c26699169205f bb6adf44ed382ed5 12739a86c0aa6846 d21388a6a14b1755 8e83462aa5efc0ef e69a29368d7e67ea ] wstrb=[b0 40 dc a0 6a c6 d6 1b 6 b2 bb 71 78 91 8c ] bresp=0 bid=0
[15000] [SEQUENCER] READ mst_id=1 s_id=0 araddr=119f72f0 arid=1 arlen=1 arsize=3 arburst=1 rid=[] rresp=[] rdata=[]
[15000] MASTER_DRIVER0 received transaction, op=AXI_READ
[15000] MASTER_DRIVER1 received transaction, op=AXI_WRITE
[35000] MASTER 1 AW_VALID_RDY Handshake
[35000] MASTER_DRIVER0 received transaction, op=AXI_WRITE
[45000] ARB MONITOR: slave=0 m0_req=1 m1_req=0 winner=0
[45000] ARB MONITOR: slave=1 m0_req=0 m1_req=1 winner=1
[45000] AXI S0_ARVALID_RDY HANDSHAKE
[45000] MEMORY READ MISS beat=0 addr=479c0d0 -> default data id=0
[45000] AXI S1_AWVALID_RDY HANDSHAKE
[55000] MEMORY READ MISS beat=1 addr=479c0d8 -> default data id=0
[55000] SLAVE 0 R_VALID_RDY Handshake beat=0 rlast=0
[55000] MASTER 1 W_VALID_RDY Handshake beat=0 wlast=0
[55000] MASTER 0 AW_VALID_RDY Handshake
[65000] MASTER 1 W_VALID_RDY Handshake beat=1 wlast=0
[65000] SLAVE 0 R_VALID_RDY Handshake beat=1 rlast=1
[65000] [SLAVE MONITOR] READ mst_id=0 s_id=0 araddr=479c0d0 arid=0 arlen=1 arsize=3 arburst=1 rid=[00] rresp=[00] rdata=[baadf00d12345678baadf00d12345678]
[65000] S1 MEMORY WRITE beat=0 addr=12bd5a80 data=26b18ccab75d42ea id=19
[75000] S1 MEMORY WRITE beat=1 addr=12bd5b00 data=8925ded9f2f342f6 id=19
[75000] MASTER 1 W_VALID_RDY Handshake beat=2 wlast=0
[75000] MASTER 0 R_VALID_RDY Handshake beat=0 rlast=0
[75000] MASTER 0 W_VALID_RDY Handshake beat=0 wlast=0
[85000] [MASTER DRIVER] READ mst_id=0 s_id=0 araddr=479c0d0 arid=0 arlen=1 arsize=3 arburst=1 rid=[00] rresp=[00] rdata=[baadf00d12345678baadf00d12345678]
[85000] MASTER 0 W_VALID_RDY Handshake beat=1 wlast=0
[85000] MASTER 0 R_VALID_RDY Handshake beat=1 rlast=1
[85000] [MASTER MONITOR] READ mst_id=0 s_id=0 araddr=479c0d0 arid=0 arlen=1 arsize=3 arburst=1 rid=[00] rresp=[00] rdata=[baadf00d12345678baadf00d12345678]
[85000] MASTER 1 W_VALID_RDY Handshake beat=3 wlast=0
[85000] S1 MEMORY WRITE beat=2 addr=12bd5b80 data=b3c68320dae784ba id=19
[85000] SCOREBOARD MATCH: decode_err expected = 0, actual =0
[85000] SCOREBOARD MATCH: slave_id expected = 0, actual =0
[85000] SCOREBOARD MATCH: araddr passthrough expected = 479c0d0, actual =479c0d0
[85000] SCOREBOARD MATCH: arlen passthrough expected = 1, actual =1
[85000] SCOREBOARD MATCH: arsize passthrough expected = 3, actual =3
[85000] SCOREBOARD MATCH: arburst passthrough expected = 1, actual =1
[85000] SCOREBOARD MATCH: rdata size check expected = 2, actual =2
[85000] SCOREBOARD MATCH: rdata passthrough beat=0 expected = baadf00d12345678, actual =baadf00d12345678
[85000] SCOREBOARD MATCH: rdata passthrough beat=1 expected = baadf00d12345678, actual =baadf00d12345678
[85000] SCOREBOARD MATCH: rresp size check expected = 2, actual =2
[85000] SCOREBOARD MATCH: rresp passthrough beat=0 expected = 0, actual =0
[85000] SCOREBOARD MATCH: rresp passthrough beat=1 expected = 0, actual =0
[85000] SCOREBOARD MATCH: response routed to correct master (read beat 0) expected = 0, actual =0
[85000] SCOREBOARD MATCH: response routed to correct master (read beat 1) expected = 0, actual =0
[85000] [SCOREBOARD-M] READ mst_id=0 s_id=0 araddr=479c0d0 arid=0 arlen=1 arsize=3 arburst=1 rid=[00] rresp=[00] rdata=[baadf00d12345678baadf00d12345678]
[85000] [SCOREBOARD-S] READ mst_id=0 s_id=0 araddr=479c0d0 arid=0 arlen=1 arsize=3 arburst=1 rid=[00] rresp=[00] rdata=[baadf00d12345678baadf00d12345678]
[85000] SCOREBOARD: Transaction 1 received. pass=14 fail=0
[85000] ALL PASS. Total transactions: 1
[95000] S1 MEMORY WRITE beat=3 addr=12bd5c00 data=9244c7a4cfb22704 id=19
[95000] MASTER 1 W_VALID_RDY Handshake beat=4 wlast=0
[95000] MASTER 0 W_VALID_RDY Handshake beat=2 wlast=0
[105000] MASTER 0 W_VALID_RDY Handshake beat=3 wlast=0
[105000] MASTER 1 W_VALID_RDY Handshake beat=5 wlast=0
[105000] S1 MEMORY WRITE beat=4 addr=12bd5c80 data=c2a569fada780fea id=19
[115000] S1 MEMORY WRITE beat=5 addr=12bd5d00 data=b55f94a41b6aa67e id=19
[115000] MASTER 1 W_VALID_RDY Handshake beat=6 wlast=0
[115000] MASTER 0 W_VALID_RDY Handshake beat=4 wlast=0
[125000] MASTER 0 W_VALID_RDY Handshake beat=5 wlast=0
[125000] MASTER 1 W_VALID_RDY Handshake beat=7 wlast=0
[125000] S1 MEMORY WRITE beat=6 addr=12bd5d80 data=eb1ccd82f66bed1b id=19
[135000] S1 MEMORY WRITE beat=7 addr=12bd5e00 data=d0e3fd05c7a45c49 id=19
[135000] MASTER 1 W_VALID_RDY Handshake beat=8 wlast=0
[135000] MASTER 0 W_VALID_RDY Handshake beat=6 wlast=0
[145000] MASTER 0 W_VALID_RDY Handshake beat=7 wlast=0
[145000] MASTER 1 W_VALID_RDY Handshake beat=9 wlast=0
[145000] S1 MEMORY WRITE beat=8 addr=12bd5e80 data=e30f02c7adc2377c id=19
[155000] S1 MEMORY WRITE beat=9 addr=12bd5f00 data=a42e2497064391aa id=19
[155000] MASTER 1 W_VALID_RDY Handshake beat=10 wlast=0
[165000] MASTER 1 W_VALID_RDY Handshake beat=11 wlast=0
[165000] S1 MEMORY WRITE beat=10 addr=12bd5f80 data=cde7edf3ce2bd049 id=19
[175000] S1 MEMORY WRITE beat=11 addr=12bd6000 data=fbee07c5f512219d id=19
[175000] MASTER 1 W_VALID_RDY Handshake beat=12 wlast=0
[185000] MASTER 1 W_VALID_RDY Handshake beat=13 wlast=0
[185000] S1 MEMORY WRITE beat=12 addr=12bd6080 data=fb55b34730f6f0ba id=19
[195000] S1 MEMORY WRITE beat=13 addr=12bd6100 data=ff22c103201c2c5d id=19
[195000] MASTER 1 W_VALID_RDY Handshake beat=14 wlast=0
[205000] MASTER 1 W_VALID_RDY Handshake beat=15 wlast=0
[205000] S1 MEMORY WRITE beat=14 addr=12bd6180 data=152e4dfac93da13a id=19
[215000] S1 MEMORY WRITE beat=15 addr=12bd6200 data=fa3491f4fb10c8c8 id=19
[215000] MASTER 1 W_VALID_RDY Handshake beat=16 wlast=0
[225000] MASTER 1 W_VALID_RDY Handshake beat=17 wlast=0
[225000] S1 MEMORY WRITE beat=16 addr=12bd6280 data=9b2cf52510840141 id=19
[235000] S1 MEMORY WRITE beat=17 addr=12bd6300 data=d9c1a27bf95752f7 id=19
[235000] MASTER 1 W_VALID_RDY Handshake beat=18 wlast=0
[245000] MASTER 1 W_VALID_RDY Handshake beat=19 wlast=0
[245000] S1 MEMORY WRITE beat=18 addr=12bd6380 data=f4681bbfb05b431f id=19
[255000] S1 MEMORY WRITE beat=19 addr=12bd6400 data=c0df4460d3f6346f id=19
[255000] MASTER 1 W_VALID_RDY Handshake beat=20 wlast=0
[265000] MASTER 1 W_VALID_RDY Handshake beat=21 wlast=0
[265000] S1 MEMORY WRITE beat=20 addr=12bd6480 data=cd4d87660f9510e5 id=19
[275000] S1 MEMORY WRITE beat=21 addr=12bd6500 data=bff054049aa0e6db id=19
[275000] MASTER 1 W_VALID_RDY Handshake beat=22 wlast=0
[285000] MASTER 1 W_VALID_RDY Handshake beat=23 wlast=0
[285000] S1 MEMORY WRITE beat=22 addr=12bd6580 data=ee971b4ac1b5a325 id=19
[295000] S1 MEMORY WRITE beat=23 addr=12bd6600 data=d14ab40a00cf9865 id=19
[295000] MASTER 1 W_VALID_RDY Handshake beat=24 wlast=0
[305000] MASTER 1 W_VALID_RDY Handshake beat=25 wlast=0
[305000] S1 MEMORY WRITE beat=24 addr=12bd6680 data=9b707f40bbe4a2b0 id=19
[315000] S1 MEMORY WRITE beat=25 addr=12bd6700 data=fd9a45d6113b080f id=19
[315000] MASTER 1 W_VALID_RDY Handshake beat=26 wlast=0
[325000] MASTER 1 W_VALID_RDY Handshake beat=27 wlast=0
[325000] S1 MEMORY WRITE beat=26 addr=12bd6780 data=120aa0740a079a8b id=19
[335000] S1 MEMORY WRITE beat=27 addr=12bd6800 data=c5ec3d3bcee4f9e0 id=19
[335000] MASTER 1 W_VALID_RDY Handshake beat=28 wlast=0
[345000] MASTER 1 W_VALID_RDY Handshake beat=29 wlast=0
[345000] S1 MEMORY WRITE beat=28 addr=12bd6880 data=e02001efad7b1fb4 id=19
[355000] S1 MEMORY WRITE beat=29 addr=12bd6900 data=b782ba3fc3868311 id=19
[355000] MASTER 1 W_VALID_RDY Handshake beat=30 wlast=0
[365000] MASTER 1 W_VALID_RDY Handshake beat=31 wlast=0
[365000] S1 MEMORY WRITE beat=30 addr=12bd6980 data=126b7cf2f22aa263 id=19
[375000] S1 MEMORY WRITE beat=31 addr=12bd6a00 data=1fa5c218fd6ef77b id=19
[375000] MASTER 1 W_VALID_RDY Handshake beat=32 wlast=0
[385000] MASTER 1 W_VALID_RDY Handshake beat=33 wlast=0
[385000] S1 MEMORY WRITE beat=32 addr=12bd6a80 data=c0f57a8cf28b7ee1 id=19
[395000] S1 MEMORY WRITE beat=33 addr=12bd6b00 data=e4b62145d7287c57 id=19
[395000] MASTER 1 W_VALID_RDY Handshake beat=34 wlast=0
[405000] MASTER 1 W_VALID_RDY Handshake beat=35 wlast=0
[405000] S1 MEMORY WRITE beat=34 addr=12bd6b80 data=d49773d2d360f77e id=19
[415000] S1 MEMORY WRITE beat=35 addr=12bd6c00 data=c5ec7660045be35d id=19
[415000] MASTER 1 W_VALID_RDY Handshake beat=36 wlast=0
[425000] MASTER 1 W_VALID_RDY Handshake beat=37 wlast=0
[425000] S1 MEMORY WRITE beat=36 addr=12bd6c80 data=db845fb4158cee5f id=19
[435000] S1 MEMORY WRITE beat=37 addr=12bd6d00 data=e8ede5dd2aa297a5 id=19
[435000] MASTER 1 W_VALID_RDY Handshake beat=38 wlast=0
[445000] MASTER 1 W_VALID_RDY Handshake beat=39 wlast=0
[445000] S1 MEMORY WRITE beat=38 addr=12bd6d80 data=2efe7b02301bd387 id=19
[455000] S1 MEMORY WRITE beat=39 addr=12bd6e00 data=c5a8c1e6aeda5c3d id=19
[455000] MASTER 1 W_VALID_RDY Handshake beat=40 wlast=0
[465000] MASTER 1 W_VALID_RDY Handshake beat=41 wlast=0
[465000] S1 MEMORY WRITE beat=40 addr=12bd6e80 data=d97cf3e28a82dab6 id=19
[475000] S1 MEMORY WRITE beat=41 addr=12bd6f00 data=ba9eae3dae96a7c3 id=19
[475000] MASTER 1 W_VALID_RDY Handshake beat=42 wlast=1
[475000] MASTER_DRIVER1 received transaction, op=AXI_READ
[485000] S1 MEMORY WRITE beat=42 addr=12bd6f80 data=dd710401887b6ee4 id=19
[495000] SLAVE1 sent B resp, id=9
[495000] [SLAVE MONITOR] mst_id=1 s_id=1 awaddr=12bd5a80 awid=1001 awlen=42 awsize=7 awburst=1 wdata=[26b18ccab75d42ea 8925ded9f2f342f6 b3c68320dae784ba 9244c7a4cfb22704 c2a569fada780fea b55f94a41b6aa67e eb1ccd82f66bed1b d0e3fd05c7a45c49 e30f02c7adc2377c a42e2497064391aa cde7edf3ce2bd049 fbee07c5f512219d fb55b34730f6f0ba ff22c103201c2c5d 152e4dfac93da13a fa3491f4fb10c8c8 9b2cf52510840141 d9c1a27bf95752f7 f4681bbfb05b431f c0df4460d3f6346f cd4d87660f9510e5 bff054049aa0e6db ee971b4ac1b5a325 d14ab40a00cf9865 9b707f40bbe4a2b0 fd9a45d6113b080f 120aa0740a079a8b c5ec3d3bcee4f9e0 e02001efad7b1fb4 b782ba3fc3868311 126b7cf2f22aa263 1fa5c218fd6ef77b c0f57a8cf28b7ee1 e4b62145d7287c57 d49773d2d360f77e c5ec7660045be35d db845fb4158cee5f e8ede5dd2aa297a5 2efe7b02301bd387 c5a8c1e6aeda5c3d d97cf3e28a82dab6 ba9eae3dae96a7c3 dd710401887b6ee4 ] wstrb=[23 9b e3 e7 d8 c8 e8 fc 63 cb e3 3b 93 cb 37 f6 96 1a 32 2a e5 69 20 7c 84 52 a6 69 bc c6 e5 40 19 8b a9 d5 52 8f 15 6b 1a be 40 ] bresp=0 bid=11001
[505000] ARB MONITOR: slave=1 m0_req=1 m1_req=0 winner=0
[505000] ARB MONITOR: slave=1 m0_req=0 m1_req=1 winner=1
[505000] AXI S0_ARVALID_RDY HANDSHAKE
[505000] MEMORY READ MISS beat=0 addr=119f72f0 -> default data id=17
[505000] AXI S1_AWVALID_RDY HANDSHAKE
[515000] S1 MEMORY WRITE beat=0 addr=1fc37418 data=b5f02db9fad9c369 id=09
[515000] MEMORY READ MISS beat=1 addr=119f72f8 -> default data id=17
[515000] SLAVE 1 R_VALID_RDY Handshake beat=0 rlast=0
[515000] MASTER 1 B_VALID_RDY Handshake
[515000] [MASTER MONITOR] mst_id=1 s_id=1 awaddr=12bd5a80 awid=1001 awlen=42 awsize=7 awburst=1 wdata=[26b18ccab75d42ea 8925ded9f2f342f6 b3c68320dae784ba 9244c7a4cfb22704 c2a569fada780fea b55f94a41b6aa67e eb1ccd82f66bed1b d0e3fd05c7a45c49 e30f02c7adc2377c a42e2497064391aa cde7edf3ce2bd049 fbee07c5f512219d fb55b34730f6f0ba ff22c103201c2c5d 152e4dfac93da13a fa3491f4fb10c8c8 9b2cf52510840141 d9c1a27bf95752f7 f4681bbfb05b431f c0df4460d3f6346f cd4d87660f9510e5 bff054049aa0e6db ee971b4ac1b5a325 d14ab40a00cf9865 9b707f40bbe4a2b0 fd9a45d6113b080f 120aa0740a079a8b c5ec3d3bcee4f9e0 e02001efad7b1fb4 b782ba3fc3868311 126b7cf2f22aa263 1fa5c218fd6ef77b c0f57a8cf28b7ee1 e4b62145d7287c57 d49773d2d360f77e c5ec7660045be35d db845fb4158cee5f e8ede5dd2aa297a5 2efe7b02301bd387 c5a8c1e6aeda5c3d d97cf3e28a82dab6 ba9eae3dae96a7c3 dd710401887b6ee4 ] wstrb=[23 9b e3 e7 d8 c8 e8 fc 63 cb e3 3b 93 cb 37 f6 96 1a 32 2a e5 69 20 7c 84 52 a6 69 bc c6 e5 40 19 8b a9 d5 52 8f 15 6b 1a be 40 ] bresp=0 bid=1001
[515000] MASTER 1 RECEIVED BRESP. BRESP=0
[515000] [MASTER DRIVER] mst_id=1 s_id=0 awaddr=12bd5a80 awid=1001 awlen=42 awsize=7 awburst=1 wdata=[26b18ccab75d42ea 8925ded9f2f342f6 b3c68320dae784ba 9244c7a4cfb22704 c2a569fada780fea b55f94a41b6aa67e eb1ccd82f66bed1b d0e3fd05c7a45c49 e30f02c7adc2377c a42e2497064391aa cde7edf3ce2bd049 fbee07c5f512219d fb55b34730f6f0ba ff22c103201c2c5d 152e4dfac93da13a fa3491f4fb10c8c8 9b2cf52510840141 d9c1a27bf95752f7 f4681bbfb05b431f c0df4460d3f6346f cd4d87660f9510e5 bff054049aa0e6db ee971b4ac1b5a325 d14ab40a00cf9865 9b707f40bbe4a2b0 fd9a45d6113b080f 120aa0740a079a8b c5ec3d3bcee4f9e0 e02001efad7b1fb4 b782ba3fc3868311 126b7cf2f22aa263 1fa5c218fd6ef77b c0f57a8cf28b7ee1 e4b62145d7287c57 d49773d2d360f77e c5ec7660045be35d db845fb4158cee5f e8ede5dd2aa297a5 2efe7b02301bd387 c5a8c1e6aeda5c3d d97cf3e28a82dab6 ba9eae3dae96a7c3 dd710401887b6ee4 ] wstrb=[23 9b e3 e7 d8 c8 e8 fc 63 cb e3 3b 93 cb 37 f6 96 1a 32 2a e5 69 20 7c 84 52 a6 69 bc c6 e5 40 19 8b a9 d5 52 8f 15 6b 1a be 40 ] bresp=0 bid=1001
[515000] SCOREBOARD MATCH: decode_err expected = 0, actual =0
[515000] SCOREBOARD MATCH: slave_id expected = 1, actual =1
[515000] SCOREBOARD MATCH: awaddr passthrough expected = 12bd5a80, actual =12bd5a80
[515000] SCOREBOARD MATCH: awlen passthrough expected = 42, actual =42
[515000] SCOREBOARD MATCH: awsize passthrough expected = 7, actual =7
[515000] SCOREBOARD MATCH: awburst passthrough expected = 1, actual =1
[515000] SCOREBOARD MATCH: wdata size check expected = 2b, actual =2b
[515000] SCOREBOARD MATCH: wdata passthrough beat=0 expected = 26b18ccab75d42ea, actual =26b18ccab75d42ea
[515000] SCOREBOARD MATCH: wdata passthrough beat=1 expected = 8925ded9f2f342f6, actual =8925ded9f2f342f6
[515000] SCOREBOARD MATCH: wdata passthrough beat=2 expected = b3c68320dae784ba, actual =b3c68320dae784ba
[515000] SCOREBOARD MATCH: wdata passthrough beat=3 expected = 9244c7a4cfb22704, actual =9244c7a4cfb22704
[515000] SCOREBOARD MATCH: wdata passthrough beat=4 expected = c2a569fada780fea, actual =c2a569fada780fea
[515000] SCOREBOARD MATCH: wdata passthrough beat=5 expected = b55f94a41b6aa67e, actual =b55f94a41b6aa67e
[515000] SCOREBOARD MATCH: wdata passthrough beat=6 expected = eb1ccd82f66bed1b, actual =eb1ccd82f66bed1b
[515000] SCOREBOARD MATCH: wdata passthrough beat=7 expected = d0e3fd05c7a45c49, actual =d0e3fd05c7a45c49
[515000] SCOREBOARD MATCH: wdata passthrough beat=8 expected = e30f02c7adc2377c, actual =e30f02c7adc2377c
[515000] SCOREBOARD MATCH: wdata passthrough beat=9 expected = a42e2497064391aa, actual =a42e2497064391aa
[515000] SCOREBOARD MATCH: wdata passthrough beat=10 expected = cde7edf3ce2bd049, actual =cde7edf3ce2bd049
[515000] SCOREBOARD MATCH: wdata passthrough beat=11 expected = fbee07c5f512219d, actual =fbee07c5f512219d
[515000] SCOREBOARD MATCH: wdata passthrough beat=12 expected = fb55b34730f6f0ba, actual =fb55b34730f6f0ba
[515000] SCOREBOARD MATCH: wdata passthrough beat=13 expected = ff22c103201c2c5d, actual =ff22c103201c2c5d
[515000] SCOREBOARD MATCH: wdata passthrough beat=14 expected = 152e4dfac93da13a, actual =152e4dfac93da13a
[515000] SCOREBOARD MATCH: wdata passthrough beat=15 expected = fa3491f4fb10c8c8, actual =fa3491f4fb10c8c8
[515000] SCOREBOARD MATCH: wdata passthrough beat=16 expected = 9b2cf52510840141, actual =9b2cf52510840141
[515000] SCOREBOARD MATCH: wdata passthrough beat=17 expected = d9c1a27bf95752f7, actual =d9c1a27bf95752f7
[515000] SCOREBOARD MATCH: wdata passthrough beat=18 expected = f4681bbfb05b431f, actual =f4681bbfb05b431f
[515000] SCOREBOARD MATCH: wdata passthrough beat=19 expected = c0df4460d3f6346f, actual =c0df4460d3f6346f
[515000] SCOREBOARD MATCH: wdata passthrough beat=20 expected = cd4d87660f9510e5, actual =cd4d87660f9510e5
[515000] SCOREBOARD MATCH: wdata passthrough beat=21 expected = bff054049aa0e6db, actual =bff054049aa0e6db
[515000] SCOREBOARD MATCH: wdata passthrough beat=22 expected = ee971b4ac1b5a325, actual =ee971b4ac1b5a325
[515000] SCOREBOARD MATCH: wdata passthrough beat=23 expected = d14ab40a00cf9865, actual =d14ab40a00cf9865
[515000] SCOREBOARD MATCH: wdata passthrough beat=24 expected = 9b707f40bbe4a2b0, actual =9b707f40bbe4a2b0
[515000] SCOREBOARD MATCH: wdata passthrough beat=25 expected = fd9a45d6113b080f, actual =fd9a45d6113b080f
[515000] SCOREBOARD MATCH: wdata passthrough beat=26 expected = 120aa0740a079a8b, actual =120aa0740a079a8b
[515000] SCOREBOARD MATCH: wdata passthrough beat=27 expected = c5ec3d3bcee4f9e0, actual =c5ec3d3bcee4f9e0
[515000] SCOREBOARD MATCH: wdata passthrough beat=28 expected = e02001efad7b1fb4, actual =e02001efad7b1fb4
[515000] SCOREBOARD MATCH: wdata passthrough beat=29 expected = b782ba3fc3868311, actual =b782ba3fc3868311
[515000] SCOREBOARD MATCH: wdata passthrough beat=30 expected = 126b7cf2f22aa263, actual =126b7cf2f22aa263
[515000] SCOREBOARD MATCH: wdata passthrough beat=31 expected = 1fa5c218fd6ef77b, actual =1fa5c218fd6ef77b
[515000] SCOREBOARD MATCH: wdata passthrough beat=32 expected = c0f57a8cf28b7ee1, actual =c0f57a8cf28b7ee1
[515000] SCOREBOARD MATCH: wdata passthrough beat=33 expected = e4b62145d7287c57, actual =e4b62145d7287c57
[515000] SCOREBOARD MATCH: wdata passthrough beat=34 expected = d49773d2d360f77e, actual =d49773d2d360f77e
[515000] SCOREBOARD MATCH: wdata passthrough beat=35 expected = c5ec7660045be35d, actual =c5ec7660045be35d
[515000] SCOREBOARD MATCH: wdata passthrough beat=36 expected = db845fb4158cee5f, actual =db845fb4158cee5f
[515000] SCOREBOARD MATCH: wdata passthrough beat=37 expected = e8ede5dd2aa297a5, actual =e8ede5dd2aa297a5
[515000] SCOREBOARD MATCH: wdata passthrough beat=38 expected = 2efe7b02301bd387, actual =2efe7b02301bd387
[515000] SCOREBOARD MATCH: wdata passthrough beat=39 expected = c5a8c1e6aeda5c3d, actual =c5a8c1e6aeda5c3d
[515000] SCOREBOARD MATCH: wdata passthrough beat=40 expected = d97cf3e28a82dab6, actual =d97cf3e28a82dab6
[515000] SCOREBOARD MATCH: wdata passthrough beat=41 expected = ba9eae3dae96a7c3, actual =ba9eae3dae96a7c3
[515000] SCOREBOARD MATCH: wdata passthrough beat=42 expected = dd710401887b6ee4, actual =dd710401887b6ee4
[515000] SCOREBOARD MATCH: wstrb size check expected = 2b, actual =2b
[515000] SCOREBOARD MATCH: wstrb passthrough beat=0 expected = 23, actual =23
[515000] SCOREBOARD MATCH: wstrb passthrough beat=1 expected = 9b, actual =9b
[515000] SCOREBOARD MATCH: wstrb passthrough beat=2 expected = e3, actual =e3
[515000] SCOREBOARD MATCH: wstrb passthrough beat=3 expected = e7, actual =e7
[515000] SCOREBOARD MATCH: wstrb passthrough beat=4 expected = d8, actual =d8
[515000] SCOREBOARD MATCH: wstrb passthrough beat=5 expected = c8, actual =c8
[515000] SCOREBOARD MATCH: wstrb passthrough beat=6 expected = e8, actual =e8
[515000] SCOREBOARD MATCH: wstrb passthrough beat=7 expected = fc, actual =fc
[515000] SCOREBOARD MATCH: wstrb passthrough beat=8 expected = 63, actual =63
[515000] SCOREBOARD MATCH: wstrb passthrough beat=9 expected = cb, actual =cb
[515000] SCOREBOARD MATCH: wstrb passthrough beat=10 expected = e3, actual =e3
[515000] SCOREBOARD MATCH: wstrb passthrough beat=11 expected = 3b, actual =3b
[515000] SCOREBOARD MATCH: wstrb passthrough beat=12 expected = 93, actual =93
[515000] SCOREBOARD MATCH: wstrb passthrough beat=13 expected = cb, actual =cb
[515000] SCOREBOARD MATCH: wstrb passthrough beat=14 expected = 37, actual =37
[515000] SCOREBOARD MATCH: wstrb passthrough beat=15 expected = f6, actual =f6
[515000] SCOREBOARD MATCH: wstrb passthrough beat=16 expected = 96, actual =96
[515000] SCOREBOARD MATCH: wstrb passthrough beat=17 expected = 1a, actual =1a
[515000] SCOREBOARD MATCH: wstrb passthrough beat=18 expected = 32, actual =32
[515000] SCOREBOARD MATCH: wstrb passthrough beat=19 expected = 2a, actual =2a
[515000] SCOREBOARD MATCH: wstrb passthrough beat=20 expected = e5, actual =e5
[515000] SCOREBOARD MATCH: wstrb passthrough beat=21 expected = 69, actual =69
[515000] SCOREBOARD MATCH: wstrb passthrough beat=22 expected = 20, actual =20
[515000] SCOREBOARD MATCH: wstrb passthrough beat=23 expected = 7c, actual =7c
[515000] SCOREBOARD MATCH: wstrb passthrough beat=24 expected = 84, actual =84
[515000] SCOREBOARD MATCH: wstrb passthrough beat=25 expected = 52, actual =52
[515000] SCOREBOARD MATCH: wstrb passthrough beat=26 expected = a6, actual =a6
[515000] SCOREBOARD MATCH: wstrb passthrough beat=27 expected = 69, actual =69
[515000] SCOREBOARD MATCH: wstrb passthrough beat=28 expected = bc, actual =bc
[515000] SCOREBOARD MATCH: wstrb passthrough beat=29 expected = c6, actual =c6
[515000] SCOREBOARD MATCH: wstrb passthrough beat=30 expected = e5, actual =e5
[515000] SCOREBOARD MATCH: wstrb passthrough beat=31 expected = 40, actual =40
[515000] SCOREBOARD MATCH: wstrb passthrough beat=32 expected = 19, actual =19
[515000] SCOREBOARD MATCH: wstrb passthrough beat=33 expected = 8b, actual =8b
[515000] SCOREBOARD MATCH: wstrb passthrough beat=34 expected = a9, actual =a9
[515000] SCOREBOARD MATCH: wstrb passthrough beat=35 expected = d5, actual =d5
[515000] SCOREBOARD MATCH: wstrb passthrough beat=36 expected = 52, actual =52
[515000] SCOREBOARD MATCH: wstrb passthrough beat=37 expected = 8f, actual =8f
[515000] SCOREBOARD MATCH: wstrb passthrough beat=38 expected = 15, actual =15
[515000] SCOREBOARD MATCH: wstrb passthrough beat=39 expected = 6b, actual =6b
[515000] SCOREBOARD MATCH: wstrb passthrough beat=40 expected = 1a, actual =1a
[515000] SCOREBOARD MATCH: wstrb passthrough beat=41 expected = be, actual =be
[515000] SCOREBOARD MATCH: wstrb passthrough beat=42 expected = 40, actual =40
[515000] SCOREBOARD MATCH: bresp passthrough expected = 0, actual =0
[515000] SCOREBOARD MATCH: response routed to correct master (write) expected = 1, actual =1
[515000] [SCOREBOARD-M] mst_id=1 s_id=1 awaddr=12bd5a80 awid=1001 awlen=42 awsize=7 awburst=1 wdata=[26b18ccab75d42ea 8925ded9f2f342f6 b3c68320dae784ba 9244c7a4cfb22704 c2a569fada780fea b55f94a41b6aa67e eb1ccd82f66bed1b d0e3fd05c7a45c49 e30f02c7adc2377c a42e2497064391aa cde7edf3ce2bd049 fbee07c5f512219d fb55b34730f6f0ba ff22c103201c2c5d 152e4dfac93da13a fa3491f4fb10c8c8 9b2cf52510840141 d9c1a27bf95752f7 f4681bbfb05b431f c0df4460d3f6346f cd4d87660f9510e5 bff054049aa0e6db ee971b4ac1b5a325 d14ab40a00cf9865 9b707f40bbe4a2b0 fd9a45d6113b080f 120aa0740a079a8b c5ec3d3bcee4f9e0 e02001efad7b1fb4 b782ba3fc3868311 126b7cf2f22aa263 1fa5c218fd6ef77b c0f57a8cf28b7ee1 e4b62145d7287c57 d49773d2d360f77e c5ec7660045be35d db845fb4158cee5f e8ede5dd2aa297a5 2efe7b02301bd387 c5a8c1e6aeda5c3d d97cf3e28a82dab6 ba9eae3dae96a7c3 dd710401887b6ee4 ] wstrb=[23 9b e3 e7 d8 c8 e8 fc 63 cb e3 3b 93 cb 37 f6 96 1a 32 2a e5 69 20 7c 84 52 a6 69 bc c6 e5 40 19 8b a9 d5 52 8f 15 6b 1a be 40 ] bresp=0 bid=1001
[515000] [SCOREBOARD-S] mst_id=1 s_id=1 awaddr=12bd5a80 awid=1001 awlen=42 awsize=7 awburst=1 wdata=[26b18ccab75d42ea 8925ded9f2f342f6 b3c68320dae784ba 9244c7a4cfb22704 c2a569fada780fea b55f94a41b6aa67e eb1ccd82f66bed1b d0e3fd05c7a45c49 e30f02c7adc2377c a42e2497064391aa cde7edf3ce2bd049 fbee07c5f512219d fb55b34730f6f0ba ff22c103201c2c5d 152e4dfac93da13a fa3491f4fb10c8c8 9b2cf52510840141 d9c1a27bf95752f7 f4681bbfb05b431f c0df4460d3f6346f cd4d87660f9510e5 bff054049aa0e6db ee971b4ac1b5a325 d14ab40a00cf9865 9b707f40bbe4a2b0 fd9a45d6113b080f 120aa0740a079a8b c5ec3d3bcee4f9e0 e02001efad7b1fb4 b782ba3fc3868311 126b7cf2f22aa263 1fa5c218fd6ef77b c0f57a8cf28b7ee1 e4b62145d7287c57 d49773d2d360f77e c5ec7660045be35d db845fb4158cee5f e8ede5dd2aa297a5 2efe7b02301bd387 c5a8c1e6aeda5c3d d97cf3e28a82dab6 ba9eae3dae96a7c3 dd710401887b6ee4 ] wstrb=[23 9b e3 e7 d8 c8 e8 fc 63 cb e3 3b 93 cb 37 f6 96 1a 32 2a e5 69 20 7c 84 52 a6 69 bc c6 e5 40 19 8b a9 d5 52 8f 15 6b 1a be 40 ] bresp=0 bid=11001
[515000] SCOREBOARD: Transaction 2 received. pass=110 fail=0
[515000] ALL PASS. Total transactions: 2
[525000] MASTER 0 W_VALID_RDY Handshake beat=8 wlast=0
[525000] SLAVE 1 R_VALID_RDY Handshake beat=1 rlast=1
[525000] [SLAVE MONITOR] READ mst_id=1 s_id=1 araddr=119f72f0 arid=1 arlen=1 arsize=3 arburst=1 rid=[1111] rresp=[00] rdata=[baadf00d12345678baadf00d12345678]
[525000] S1 MEMORY WRITE beat=1 addr=1fc3741c data=f9788ebde26daad0 id=09
[535000] S1 MEMORY WRITE beat=2 addr=1fc37420 data=0db2a5afeb61e57c id=09
[535000] MASTER 1 R_VALID_RDY Handshake beat=0 rlast=0
[535000] MASTER 0 W_VALID_RDY Handshake beat=9 wlast=0
[545000] [MASTER DRIVER] READ mst_id=1 s_id=0 araddr=119f72f0 arid=1 arlen=1 arsize=3 arburst=1 rid=[11] rresp=[00] rdata=[baadf00d12345678baadf00d12345678]
[545000] MASTER 0 W_VALID_RDY Handshake beat=10 wlast=0
[545000] MASTER 1 R_VALID_RDY Handshake beat=1 rlast=1
[545000] [MASTER MONITOR] READ mst_id=1 s_id=1 araddr=119f72f0 arid=1 arlen=1 arsize=3 arburst=1 rid=[11] rresp=[00] rdata=[baadf00d12345678baadf00d12345678]
[545000] S1 MEMORY WRITE beat=3 addr=1fc37424 data=e63ba8e5c80fc895 id=09
[545000] SCOREBOARD MATCH: decode_err expected = 0, actual =0
[545000] SCOREBOARD MATCH: slave_id expected = 1, actual =1
[545000] SCOREBOARD MATCH: araddr passthrough expected = 119f72f0, actual =119f72f0
[545000] SCOREBOARD MATCH: arlen passthrough expected = 1, actual =1
[545000] SCOREBOARD MATCH: arsize passthrough expected = 3, actual =3
[545000] SCOREBOARD MATCH: arburst passthrough expected = 1, actual =1
[545000] SCOREBOARD MATCH: rdata size check expected = 2, actual =2
[545000] SCOREBOARD MATCH: rdata passthrough beat=0 expected = baadf00d12345678, actual =baadf00d12345678
[545000] SCOREBOARD MATCH: rdata passthrough beat=1 expected = baadf00d12345678, actual =baadf00d12345678
[545000] SCOREBOARD MATCH: rresp size check expected = 2, actual =2
[545000] SCOREBOARD MATCH: rresp passthrough beat=0 expected = 0, actual =0
[545000] SCOREBOARD MATCH: rresp passthrough beat=1 expected = 0, actual =0
[545000] SCOREBOARD MATCH: response routed to correct master (read beat 0) expected = 1, actual =1
[545000] SCOREBOARD MATCH: response routed to correct master (read beat 1) expected = 1, actual =1
[545000] [SCOREBOARD-M] READ mst_id=1 s_id=1 araddr=119f72f0 arid=1 arlen=1 arsize=3 arburst=1 rid=[11] rresp=[00] rdata=[baadf00d12345678baadf00d12345678]
[545000] [SCOREBOARD-S] READ mst_id=1 s_id=1 araddr=119f72f0 arid=1 arlen=1 arsize=3 arburst=1 rid=[1111] rresp=[00] rdata=[baadf00d12345678baadf00d12345678]
[545000] SCOREBOARD: Transaction 3 received. pass=124 fail=0
[545000] ALL PASS. Total transactions: 3
[555000] S1 MEMORY WRITE beat=4 addr=1fc37428 data=2a7d7365c3a2d368 id=09
[555000] MASTER 0 W_VALID_RDY Handshake beat=11 wlast=0
[565000] MASTER 0 W_VALID_RDY Handshake beat=12 wlast=0
[565000] S1 MEMORY WRITE beat=5 addr=1fc3742c data=af04b8e4dfb437a3 id=09
[575000] S1 MEMORY WRITE beat=6 addr=1fc37430 data=27c4003838301914 id=09
[575000] MASTER 0 W_VALID_RDY Handshake beat=13 wlast=0
[585000] MASTER 0 W_VALID_RDY Handshake beat=14 wlast=0
[585000] S1 MEMORY WRITE beat=7 addr=1fc37434 data=fbd2ec7c154061ca id=09
[595000] S1 MEMORY WRITE beat=8 addr=1fc37438 data=f4f4996dd241739d id=09
[595000] MASTER 0 W_VALID_RDY Handshake beat=15 wlast=0
[605000] MASTER 0 W_VALID_RDY Handshake beat=16 wlast=0
[605000] S1 MEMORY WRITE beat=9 addr=1fc3743c data=0a718cb12ad7a561 id=09
[615000] S1 MEMORY WRITE beat=10 addr=1fc37440 data=c018072b1cb899a5 id=09
[615000] MASTER 0 W_VALID_RDY Handshake beat=17 wlast=0
[625000] MASTER 0 W_VALID_RDY Handshake beat=18 wlast=0
[625000] S1 MEMORY WRITE beat=11 addr=1fc37444 data=eefa0d428644792d id=09
[635000] S1 MEMORY WRITE beat=12 addr=1fc37448 data=b11c1e8e350ca098 id=09
[635000] MASTER 0 W_VALID_RDY Handshake beat=19 wlast=0
[645000] MASTER 0 W_VALID_RDY Handshake beat=20 wlast=0
[645000] S1 MEMORY WRITE beat=13 addr=1fc3744c data=d1c53a3df96b99f3 id=09
[655000] S1 MEMORY WRITE beat=14 addr=1fc37450 data=ffb01320f13425b9 id=09
[655000] MASTER 0 W_VALID_RDY Handshake beat=21 wlast=0
[665000] MASTER 0 W_VALID_RDY Handshake beat=22 wlast=0
[665000] S1 MEMORY WRITE beat=15 addr=1fc37454 data=a640c651c0bf477f id=09
[675000] S1 MEMORY WRITE beat=16 addr=1fc37458 data=3a2ae17230cc31af id=09
[675000] MASTER 0 W_VALID_RDY Handshake beat=23 wlast=0
[685000] MASTER 0 W_VALID_RDY Handshake beat=24 wlast=0
[685000] S1 MEMORY WRITE beat=17 addr=1fc3745c data=a2005768f806008e id=09
[695000] S1 MEMORY WRITE beat=18 addr=1fc37460 data=b8c5480db9daf492 id=09
[695000] MASTER 0 W_VALID_RDY Handshake beat=25 wlast=0
[705000] MASTER 0 W_VALID_RDY Handshake beat=26 wlast=0
[705000] S1 MEMORY WRITE beat=19 addr=1fc37464 data=eaa72641c8411dba id=09
[715000] S1 MEMORY WRITE beat=20 addr=1fc37468 data=c0471e48f2f0297f id=09
[715000] MASTER 0 W_VALID_RDY Handshake beat=27 wlast=0
[725000] MASTER 0 W_VALID_RDY Handshake beat=28 wlast=0
[725000] S1 MEMORY WRITE beat=21 addr=1fc3746c data=2ccb1e120ca77daa id=09
[735000] S1 MEMORY WRITE beat=22 addr=1fc37470 data=d4e89b64f90c6656 id=09
[735000] MASTER 0 W_VALID_RDY Handshake beat=29 wlast=0
[745000] MASTER 0 W_VALID_RDY Handshake beat=30 wlast=0
[745000] S1 MEMORY WRITE beat=23 addr=1fc37474 data=ebfc8fd597724453 id=09
[755000] S1 MEMORY WRITE beat=24 addr=1fc37478 data=a419c1fd952fb9ac id=09
[755000] MASTER 0 W_VALID_RDY Handshake beat=31 wlast=0
[765000] MASTER 0 W_VALID_RDY Handshake beat=32 wlast=0
[765000] S1 MEMORY WRITE beat=25 addr=1fc3747c data=8e3c200298c7ade7 id=09
[775000] S1 MEMORY WRITE beat=26 addr=1fc37480 data=3039f23bf9025d61 id=09
[775000] MASTER 0 W_VALID_RDY Handshake beat=33 wlast=0
[785000] MASTER 0 W_VALID_RDY Handshake beat=34 wlast=0
[785000] S1 MEMORY WRITE beat=27 addr=1fc37484 data=0e32170efa38afd8 id=09
[795000] S1 MEMORY WRITE beat=28 addr=1fc37488 data=93005dbfd453b438 id=09
[795000] MASTER 0 W_VALID_RDY Handshake beat=35 wlast=0
[805000] MASTER 0 W_VALID_RDY Handshake beat=36 wlast=0
[805000] S1 MEMORY WRITE beat=29 addr=1fc3748c data=cd56119a9c6e3710 id=09
[815000] S1 MEMORY WRITE beat=30 addr=1fc37490 data=96a6e6e8c33a4ffa id=09
[815000] MASTER 0 W_VALID_RDY Handshake beat=37 wlast=0
[825000] MASTER 0 W_VALID_RDY Handshake beat=38 wlast=0
[825000] S1 MEMORY WRITE beat=31 addr=1fc37494 data=178e0433db8828a8 id=09
[835000] S1 MEMORY WRITE beat=32 addr=1fc37498 data=f7f65fb829a744a8 id=09
[835000] MASTER 0 W_VALID_RDY Handshake beat=39 wlast=0
[845000] MASTER 0 W_VALID_RDY Handshake beat=40 wlast=0
[845000] S1 MEMORY WRITE beat=33 addr=1fc3749c data=ece194a2e4e415cd id=09
[855000] S1 MEMORY WRITE beat=34 addr=1fc374a0 data=c06c3e750e9d46a1 id=09
[855000] MASTER 0 W_VALID_RDY Handshake beat=41 wlast=0
[865000] MASTER 0 W_VALID_RDY Handshake beat=42 wlast=0
[865000] S1 MEMORY WRITE beat=35 addr=1fc374a4 data=38448b49846f98d5 id=09
[875000] S1 MEMORY WRITE beat=36 addr=1fc374a8 data=e953aea2b8629e2d id=09
[875000] MASTER 0 W_VALID_RDY Handshake beat=43 wlast=0
[885000] MASTER 0 W_VALID_RDY Handshake beat=44 wlast=0
[885000] S1 MEMORY WRITE beat=37 addr=1fc374ac data=c6ffe4cea5261feb id=09
[895000] S1 MEMORY WRITE beat=38 addr=1fc374b0 data=2995b8c1a9bfed17 id=09
[895000] MASTER 0 W_VALID_RDY Handshake beat=45 wlast=0
[905000] MASTER 0 W_VALID_RDY Handshake beat=46 wlast=0
[905000] S1 MEMORY WRITE beat=39 addr=1fc374b4 data=e2228b45ff447017 id=09
[915000] S1 MEMORY WRITE beat=40 addr=1fc374b8 data=246a900392e96763 id=09
[915000] MASTER 0 W_VALID_RDY Handshake beat=47 wlast=0
[925000] MASTER 0 W_VALID_RDY Handshake beat=48 wlast=0
[925000] S1 MEMORY WRITE beat=41 addr=1fc374bc data=3ca9547ba9227013 id=09
[935000] S1 MEMORY WRITE beat=42 addr=1fc374c0 data=2866e02bce0048c4 id=09
[935000] MASTER 0 W_VALID_RDY Handshake beat=49 wlast=0
[945000] MASTER 0 W_VALID_RDY Handshake beat=50 wlast=0
[945000] S1 MEMORY WRITE beat=43 addr=1fc374c4 data=e0e9b0271ecbdfc0 id=09
[955000] S1 MEMORY WRITE beat=44 addr=1fc374c8 data=c7ee4fd3ccd1702e id=09
[955000] MASTER 0 W_VALID_RDY Handshake beat=51 wlast=0
[965000] MASTER 0 W_VALID_RDY Handshake beat=52 wlast=0
[965000] S1 MEMORY WRITE beat=45 addr=1fc374cc data=1ad1b8f29d9304a2 id=09
[975000] S1 MEMORY WRITE beat=46 addr=1fc374d0 data=bc5ee462f0552ffe id=09
[975000] MASTER 0 W_VALID_RDY Handshake beat=53 wlast=0
[985000] MASTER 0 W_VALID_RDY Handshake beat=54 wlast=0
[985000] S1 MEMORY WRITE beat=47 addr=1fc374d4 data=bd26a02cfbbb6919 id=09
[995000] S1 MEMORY WRITE beat=48 addr=1fc374d8 data=194e6dbc044d3436 id=09
[995000] MASTER 0 W_VALID_RDY Handshake beat=55 wlast=0
[1005000] MASTER 0 W_VALID_RDY Handshake beat=56 wlast=0
[1005000] S1 MEMORY WRITE beat=49 addr=1fc374dc data=f4a26434d7f8591e id=09
[1015000] S1 MEMORY WRITE beat=50 addr=1fc374e0 data=d3b3c238d5ad521e id=09
[1015000] MASTER 0 W_VALID_RDY Handshake beat=57 wlast=0
[1025000] MASTER 0 W_VALID_RDY Handshake beat=58 wlast=0
[1025000] S1 MEMORY WRITE beat=51 addr=1fc374e4 data=d9fa865431c90461 id=09
[1035000] S1 MEMORY WRITE beat=52 addr=1fc374e8 data=89c15d7fed022ff4 id=09
[1035000] MASTER 0 W_VALID_RDY Handshake beat=59 wlast=0
[1045000] MASTER 0 W_VALID_RDY Handshake beat=60 wlast=0
[1045000] S1 MEMORY WRITE beat=53 addr=1fc374ec data=c2af8212ce9cea89 id=09
[1055000] S1 MEMORY WRITE beat=54 addr=1fc374f0 data=0065eeeadd751fb7 id=09
[1055000] MASTER 0 W_VALID_RDY Handshake beat=61 wlast=0
[1065000] MASTER 0 W_VALID_RDY Handshake beat=62 wlast=0
[1065000] S1 MEMORY WRITE beat=55 addr=1fc374f4 data=ca774fab1caa0867 id=09
[1075000] S1 MEMORY WRITE beat=56 addr=1fc374f8 data=eb46f2f08a274c69 id=09
[1075000] MASTER 0 W_VALID_RDY Handshake beat=63 wlast=0
[1085000] MASTER 0 W_VALID_RDY Handshake beat=64 wlast=0
[1085000] S1 MEMORY WRITE beat=57 addr=1fc374fc data=e79c6c210d26d1be id=09
[1095000] S1 MEMORY WRITE beat=58 addr=1fc37500 data=29d0da25ebace1da id=09
[1095000] MASTER 0 W_VALID_RDY Handshake beat=65 wlast=0
[1105000] MASTER 0 W_VALID_RDY Handshake beat=66 wlast=0
[1105000] S1 MEMORY WRITE beat=59 addr=1fc37504 data=f5d42e43b213bbcc id=09
[1115000] S1 MEMORY WRITE beat=60 addr=1fc37508 data=bf3a8d8a1517cd15 id=09
[1115000] MASTER 0 W_VALID_RDY Handshake beat=67 wlast=0
[1125000] MASTER 0 W_VALID_RDY Handshake beat=68 wlast=0
[1125000] S1 MEMORY WRITE beat=61 addr=1fc3750c data=00c4aeefdd709a64 id=09
[1135000] S1 MEMORY WRITE beat=62 addr=1fc37510 data=0f845631e90b67af id=09
[1135000] MASTER 0 W_VALID_RDY Handshake beat=69 wlast=0
[1145000] MASTER 0 W_VALID_RDY Handshake beat=70 wlast=0
[1145000] S1 MEMORY WRITE beat=63 addr=1fc37514 data=fe2334c4f698dd32 id=09
[1155000] S1 MEMORY WRITE beat=64 addr=1fc37518 data=d4097797cebee3bb id=09
[1155000] MASTER 0 W_VALID_RDY Handshake beat=71 wlast=0
[1165000] MASTER 0 W_VALID_RDY Handshake beat=72 wlast=0
[1165000] S1 MEMORY WRITE beat=65 addr=1fc3751c data=37ca4b6bfee7e3b3 id=09
[1175000] S1 MEMORY WRITE beat=66 addr=1fc37520 data=f580c0e6e38dcdc8 id=09
[1175000] MASTER 0 W_VALID_RDY Handshake beat=73 wlast=0
[1185000] MASTER 0 W_VALID_RDY Handshake beat=74 wlast=0
[1185000] S1 MEMORY WRITE beat=67 addr=1fc37524 data=b24cb183b5ed802f id=09
[1195000] S1 MEMORY WRITE beat=68 addr=1fc37528 data=34d563e3c98a387d id=09
[1195000] MASTER 0 W_VALID_RDY Handshake beat=75 wlast=0
[1205000] MASTER 0 W_VALID_RDY Handshake beat=76 wlast=0
[1205000] S1 MEMORY WRITE beat=69 addr=1fc3752c data=2d180645ea16fcee id=09
[1215000] S1 MEMORY WRITE beat=70 addr=1fc37530 data=20047d1e2a5624c9 id=09
[1215000] MASTER 0 W_VALID_RDY Handshake beat=77 wlast=0
[1225000] MASTER 0 W_VALID_RDY Handshake beat=78 wlast=0
[1225000] S1 MEMORY WRITE beat=71 addr=1fc37534 data=f3e05d46df64b7c8 id=09
[1235000] S1 MEMORY WRITE beat=72 addr=1fc37538 data=c97bb4b7d4d9e101 id=09
[1235000] MASTER 0 W_VALID_RDY Handshake beat=79 wlast=0
[1245000] MASTER 0 W_VALID_RDY Handshake beat=80 wlast=0
[1245000] S1 MEMORY WRITE beat=73 addr=1fc3753c data=ff3005ca20f8638b id=09
[1255000] S1 MEMORY WRITE beat=74 addr=1fc37540 data=805d1b53e98031d5 id=09
[1255000] MASTER 0 W_VALID_RDY Handshake beat=81 wlast=0
[1265000] MASTER 0 W_VALID_RDY Handshake beat=82 wlast=0
[1265000] S1 MEMORY WRITE beat=75 addr=1fc37544 data=3e5a12d6f3106310 id=09
[1275000] S1 MEMORY WRITE beat=76 addr=1fc37548 data=1408c69bc9d8d00a id=09
[1275000] MASTER 0 W_VALID_RDY Handshake beat=83 wlast=0
[1285000] MASTER 0 W_VALID_RDY Handshake beat=84 wlast=0
[1285000] S1 MEMORY WRITE beat=77 addr=1fc3754c data=b35901df3d8a18a0 id=09
[1295000] S1 MEMORY WRITE beat=78 addr=1fc37550 data=309a7bb09465e1ee id=09
[1295000] MASTER 0 W_VALID_RDY Handshake beat=85 wlast=0
[1305000] MASTER 0 W_VALID_RDY Handshake beat=86 wlast=0
[1305000] S1 MEMORY WRITE beat=79 addr=1fc37554 data=de3eb1f9f1b314b5 id=09
[1315000] S1 MEMORY WRITE beat=80 addr=1fc37558 data=af3d2d55c4a3424b id=09
[1315000] MASTER 0 W_VALID_RDY Handshake beat=87 wlast=0
[1325000] MASTER 0 W_VALID_RDY Handshake beat=88 wlast=0
[1325000] S1 MEMORY WRITE beat=81 addr=1fc3755c data=d90924399197b3d8 id=09
[1335000] S1 MEMORY WRITE beat=82 addr=1fc37560 data=034ac88edfd7a905 id=09
[1335000] MASTER 0 W_VALID_RDY Handshake beat=89 wlast=0
[1345000] MASTER 0 W_VALID_RDY Handshake beat=90 wlast=0
[1345000] S1 MEMORY WRITE beat=83 addr=1fc37564 data=a47aeb50b747d632 id=09
[1355000] S1 MEMORY WRITE beat=84 addr=1fc37568 data=c8df8a0bb287f5e3 id=09
[1355000] MASTER 0 W_VALID_RDY Handshake beat=91 wlast=0
[1365000] MASTER 0 W_VALID_RDY Handshake beat=92 wlast=0
[1365000] S1 MEMORY WRITE beat=85 addr=1fc3756c data=125f9ee9fd840f8a id=09
[1375000] S1 MEMORY WRITE beat=86 addr=1fc37570 data=b4cbe5bccc2a5299 id=09
[1375000] MASTER 0 W_VALID_RDY Handshake beat=93 wlast=0
[1385000] MASTER 0 W_VALID_RDY Handshake beat=94 wlast=0
[1385000] S1 MEMORY WRITE beat=87 addr=1fc37574 data=feb2487cb6da8a39 id=09
[1395000] S1 MEMORY WRITE beat=88 addr=1fc37578 data=b45e99c3fdab6fc7 id=09
[1395000] MASTER 0 W_VALID_RDY Handshake beat=95 wlast=0
[1405000] MASTER 0 W_VALID_RDY Handshake beat=96 wlast=0
[1405000] S1 MEMORY WRITE beat=89 addr=1fc3757c data=c9d5c2609111e765 id=09
[1415000] S1 MEMORY WRITE beat=90 addr=1fc37580 data=c7ec719fe92a7f80 id=09
[1415000] MASTER 0 W_VALID_RDY Handshake beat=97 wlast=0
[1425000] MASTER 0 W_VALID_RDY Handshake beat=98 wlast=0
[1425000] S1 MEMORY WRITE beat=91 addr=1fc37584 data=e6d5ef47c8880add id=09
[1435000] S1 MEMORY WRITE beat=92 addr=1fc37588 data=d999f242fc4b0b62 id=09
[1435000] MASTER 0 W_VALID_RDY Handshake beat=99 wlast=0
[1445000] MASTER 0 W_VALID_RDY Handshake beat=100 wlast=0
[1445000] S1 MEMORY WRITE beat=93 addr=1fc3758c data=e5758ae230abb1a8 id=09
[1455000] S1 MEMORY WRITE beat=94 addr=1fc37590 data=f933bc85a18663e1 id=09
[1455000] MASTER 0 W_VALID_RDY Handshake beat=101 wlast=0
[1465000] MASTER 0 W_VALID_RDY Handshake beat=102 wlast=0
[1465000] S1 MEMORY WRITE beat=95 addr=1fc37594 data=1dd16f44cc4b7a2a id=09
[1475000] S1 MEMORY WRITE beat=96 addr=1fc37598 data=fcf72bd2d2cdaec7 id=09
[1475000] MASTER 0 W_VALID_RDY Handshake beat=103 wlast=0
[1485000] MASTER 0 W_VALID_RDY Handshake beat=104 wlast=0
[1485000] S1 MEMORY WRITE beat=97 addr=1fc3759c data=f45412a98346fa26 id=09
[1495000] S1 MEMORY WRITE beat=98 addr=1fc375a0 data=cf927450f62ae857 id=09
[1495000] MASTER 0 W_VALID_RDY Handshake beat=105 wlast=0
[1505000] MASTER 0 W_VALID_RDY Handshake beat=106 wlast=0
[1505000] S1 MEMORY WRITE beat=99 addr=1fc375a4 data=c8f8971e122581ed id=09
[1515000] S1 MEMORY WRITE beat=100 addr=1fc375a8 data=956c7c13cc89a022 id=09
[1515000] MASTER 0 W_VALID_RDY Handshake beat=107 wlast=0
[1525000] MASTER 0 W_VALID_RDY Handshake beat=108 wlast=0
[1525000] S1 MEMORY WRITE beat=101 addr=1fc375ac data=c2b48879bd4ca9c7 id=09
[1535000] S1 MEMORY WRITE beat=102 addr=1fc375b0 data=cf722bb4e4fef064 id=09
[1535000] MASTER 0 W_VALID_RDY Handshake beat=109 wlast=0
[1545000] MASTER 0 W_VALID_RDY Handshake beat=110 wlast=0
[1545000] S1 MEMORY WRITE beat=103 addr=1fc375b4 data=b18890860bad1f98 id=09
[1555000] S1 MEMORY WRITE beat=104 addr=1fc375b8 data=c8f9c95fe4dea7c8 id=09
[1555000] MASTER 0 W_VALID_RDY Handshake beat=111 wlast=0
[1565000] MASTER 0 W_VALID_RDY Handshake beat=112 wlast=0
[1565000] S1 MEMORY WRITE beat=105 addr=1fc375bc data=c9dd982cf43d1900 id=09
[1575000] S1 MEMORY WRITE beat=106 addr=1fc375c0 data=ffea3898186bf514 id=09
[1575000] MASTER 0 W_VALID_RDY Handshake beat=113 wlast=0
[1585000] MASTER 0 W_VALID_RDY Handshake beat=114 wlast=0
[1585000] S1 MEMORY WRITE beat=107 addr=1fc375c4 data=fd4a9cdcfb6628b2 id=09
[1595000] S1 MEMORY WRITE beat=108 addr=1fc375c8 data=efa341b2c8e401f7 id=09
[1595000] MASTER 0 W_VALID_RDY Handshake beat=115 wlast=0
[1605000] MASTER 0 W_VALID_RDY Handshake beat=116 wlast=0
[1605000] S1 MEMORY WRITE beat=109 addr=1fc375cc data=e14ff70bc7283508 id=09
[1615000] S1 MEMORY WRITE beat=110 addr=1fc375d0 data=c28e5dbaef8d7a4a id=09
[1615000] MASTER 0 W_VALID_RDY Handshake beat=117 wlast=0
[1625000] MASTER 0 W_VALID_RDY Handshake beat=118 wlast=0
[1625000] S1 MEMORY WRITE beat=111 addr=1fc375d4 data=38717c42de9a93e7 id=09
[1635000] S1 MEMORY WRITE beat=112 addr=1fc375d8 data=a5c2c8ef32319f6d id=09
[1635000] MASTER 0 W_VALID_RDY Handshake beat=119 wlast=0
[1645000] MASTER 0 W_VALID_RDY Handshake beat=120 wlast=0
[1645000] S1 MEMORY WRITE beat=113 addr=1fc375dc data=a1bf19b799c1734d id=09
[1655000] S1 MEMORY WRITE beat=114 addr=1fc375e0 data=f85c0735e85126aa id=09
[1655000] MASTER 0 W_VALID_RDY Handshake beat=121 wlast=0
[1665000] MASTER 0 W_VALID_RDY Handshake beat=122 wlast=0
[1665000] S1 MEMORY WRITE beat=115 addr=1fc375e4 data=1a82c617da3095f9 id=09
[1675000] S1 MEMORY WRITE beat=116 addr=1fc375e8 data=f3f209479e1ed024 id=09
[1675000] MASTER 0 W_VALID_RDY Handshake beat=123 wlast=0
[1685000] MASTER 0 W_VALID_RDY Handshake beat=124 wlast=0
[1685000] S1 MEMORY WRITE beat=117 addr=1fc375ec data=866ff6cebc41dfce id=09
[1695000] S1 MEMORY WRITE beat=118 addr=1fc375f0 data=167275c8ec4e107c id=09
[1695000] MASTER 0 W_VALID_RDY Handshake beat=125 wlast=0
[1705000] MASTER 0 W_VALID_RDY Handshake beat=126 wlast=0
[1705000] S1 MEMORY WRITE beat=119 addr=1fc375f4 data=8a6ce0a0a0f2bce5 id=09
[1715000] S1 MEMORY WRITE beat=120 addr=1fc375f8 data=dd349cb40a647f0f id=09
[1715000] MASTER 0 W_VALID_RDY Handshake beat=127 wlast=0
[1725000] MASTER 0 W_VALID_RDY Handshake beat=128 wlast=0
[1725000] S1 MEMORY WRITE beat=121 addr=1fc375fc data=f6b28f8b10dcd76f id=09
[1735000] S1 MEMORY WRITE beat=122 addr=1fc37600 data=b1cf9454f3a7127c id=09
[1735000] MASTER 0 W_VALID_RDY Handshake beat=129 wlast=0
[1745000] MASTER 0 W_VALID_RDY Handshake beat=130 wlast=0
[1745000] S1 MEMORY WRITE beat=123 addr=1fc37604 data=fe0b918b811f702b id=09
[1755000] S1 MEMORY WRITE beat=124 addr=1fc37608 data=91fc479a8f043108 id=09
[1755000] MASTER 0 W_VALID_RDY Handshake beat=131 wlast=0
[1765000] MASTER 0 W_VALID_RDY Handshake beat=132 wlast=0
[1765000] S1 MEMORY WRITE beat=125 addr=1fc3760c data=82ab4384f4be2116 id=09
[1775000] S1 MEMORY WRITE beat=126 addr=1fc37610 data=f5dd9141c3cbdbef id=09
[1775000] MASTER 0 W_VALID_RDY Handshake beat=133 wlast=0
[1785000] MASTER 0 W_VALID_RDY Handshake beat=134 wlast=0
[1785000] S1 MEMORY WRITE beat=127 addr=1fc37614 data=d2d00cf780b6d50f id=09
[1795000] S1 MEMORY WRITE beat=128 addr=1fc37618 data=f574f62507d9d8dc id=09
[1795000] MASTER 0 W_VALID_RDY Handshake beat=135 wlast=0
[1805000] MASTER 0 W_VALID_RDY Handshake beat=136 wlast=0
[1805000] S1 MEMORY WRITE beat=129 addr=1fc3761c data=cba5b4cbd57b507c id=09
[1815000] S1 MEMORY WRITE beat=130 addr=1fc37620 data=d632258beb528767 id=09
[1815000] MASTER 0 W_VALID_RDY Handshake beat=137 wlast=0
[1825000] MASTER 0 W_VALID_RDY Handshake beat=138 wlast=0
[1825000] S1 MEMORY WRITE beat=131 addr=1fc37624 data=f32c60439e75c1c2 id=09
[1835000] S1 MEMORY WRITE beat=132 addr=1fc37628 data=f3f1123ecba71bb1 id=09
[1835000] MASTER 0 W_VALID_RDY Handshake beat=139 wlast=0
[1845000] MASTER 0 W_VALID_RDY Handshake beat=140 wlast=0
[1845000] S1 MEMORY WRITE beat=133 addr=1fc3762c data=36f9a3183ed2150e id=09
[1855000] S1 MEMORY WRITE beat=134 addr=1fc37630 data=dd47d6d0ca2337ca id=09
[1855000] MASTER 0 W_VALID_RDY Handshake beat=141 wlast=0
[1865000] MASTER 0 W_VALID_RDY Handshake beat=142 wlast=0
[1865000] S1 MEMORY WRITE beat=135 addr=1fc37634 data=15ca537b2a26035b id=09
[1875000] S1 MEMORY WRITE beat=136 addr=1fc37638 data=e8f81869d138e90f id=09
[1875000] MASTER 0 W_VALID_RDY Handshake beat=143 wlast=0
[1885000] MASTER 0 W_VALID_RDY Handshake beat=144 wlast=0
[1885000] S1 MEMORY WRITE beat=137 addr=1fc3763c data=1b5c20d9ccc3f693 id=09
[1895000] S1 MEMORY WRITE beat=138 addr=1fc37640 data=f6e9f9eec63fef39 id=09
[1895000] MASTER 0 W_VALID_RDY Handshake beat=145 wlast=0
[1905000] MASTER 0 W_VALID_RDY Handshake beat=146 wlast=0
[1905000] S1 MEMORY WRITE beat=139 addr=1fc37644 data=9778d84831267454 id=09
[1915000] S1 MEMORY WRITE beat=140 addr=1fc37648 data=fdea6ae7dfe21257 id=09
[1915000] MASTER 0 W_VALID_RDY Handshake beat=147 wlast=0
[1925000] MASTER 0 W_VALID_RDY Handshake beat=148 wlast=0
[1925000] S1 MEMORY WRITE beat=141 addr=1fc3764c data=a6220190b2d4f921 id=09
[1935000] S1 MEMORY WRITE beat=142 addr=1fc37650 data=e3fb6d75f4d464d5 id=09
[1935000] MASTER 0 W_VALID_RDY Handshake beat=149 wlast=0
[1945000] MASTER 0 W_VALID_RDY Handshake beat=150 wlast=0
[1945000] S1 MEMORY WRITE beat=143 addr=1fc37654 data=d4b6772c3d9ad9d9 id=09
[1955000] S1 MEMORY WRITE beat=144 addr=1fc37658 data=f06fd2fae1e5d85c id=09
[1955000] MASTER 0 W_VALID_RDY Handshake beat=151 wlast=0
[1965000] MASTER 0 W_VALID_RDY Handshake beat=152 wlast=0
[1965000] S1 MEMORY WRITE beat=145 addr=1fc3765c data=d6ba3d31fad878bc id=09
[1975000] S1 MEMORY WRITE beat=146 addr=1fc37660 data=b8735295d46b4070 id=09
[1975000] MASTER 0 W_VALID_RDY Handshake beat=153 wlast=0
[1985000] MASTER 0 W_VALID_RDY Handshake beat=154 wlast=0
[1985000] S1 MEMORY WRITE beat=147 addr=1fc37664 data=b65118ccab70b45d id=09
[1995000] S1 MEMORY WRITE beat=148 addr=1fc37668 data=26492d1a28e32590 id=09
[1995000] MASTER 0 W_VALID_RDY Handshake beat=155 wlast=0
[2005000] MASTER 0 W_VALID_RDY Handshake beat=156 wlast=0
[2005000] S1 MEMORY WRITE beat=149 addr=1fc3766c data=fd4e66000d0b55fe id=09
[2015000] S1 MEMORY WRITE beat=150 addr=1fc37670 data=b87c0a5bdebc7faf id=09
[2015000] MASTER 0 W_VALID_RDY Handshake beat=157 wlast=0
[2025000] MASTER 0 W_VALID_RDY Handshake beat=158 wlast=0
[2025000] S1 MEMORY WRITE beat=151 addr=1fc37674 data=879fa53fb39f7ecc id=09
[2035000] S1 MEMORY WRITE beat=152 addr=1fc37678 data=c0aad4cadec53775 id=09
[2035000] MASTER 0 W_VALID_RDY Handshake beat=159 wlast=0
[2045000] MASTER 0 W_VALID_RDY Handshake beat=160 wlast=0
[2045000] S1 MEMORY WRITE beat=153 addr=1fc3767c data=3d81b72584ee0b3f id=09
[2055000] S1 MEMORY WRITE beat=154 addr=1fc37680 data=388d8a0cf926df26 id=09
[2055000] MASTER 0 W_VALID_RDY Handshake beat=161 wlast=0
[2065000] MASTER 0 W_VALID_RDY Handshake beat=162 wlast=0
[2065000] S1 MEMORY WRITE beat=155 addr=1fc37684 data=d7ec169bc5215c64 id=09
[2075000] S1 MEMORY WRITE beat=156 addr=1fc37688 data=ca0f67a4f9385ed6 id=09
[2075000] MASTER 0 W_VALID_RDY Handshake beat=163 wlast=0
[2085000] MASTER 0 W_VALID_RDY Handshake beat=164 wlast=0
[2085000] S1 MEMORY WRITE beat=157 addr=1fc3768c data=f25f3dfc956dcdc0 id=09
[2095000] S1 MEMORY WRITE beat=158 addr=1fc37690 data=da8f2a25029cf1b0 id=09
[2095000] MASTER 0 W_VALID_RDY Handshake beat=165 wlast=0
[2105000] MASTER 0 W_VALID_RDY Handshake beat=166 wlast=0
[2105000] S1 MEMORY WRITE beat=159 addr=1fc37694 data=fbd55086ca4b5498 id=09
[2115000] S1 MEMORY WRITE beat=160 addr=1fc37698 data=dfb92258249e91c9 id=09
[2115000] MASTER 0 W_VALID_RDY Handshake beat=167 wlast=0
[2125000] MASTER 0 W_VALID_RDY Handshake beat=168 wlast=0
[2125000] S1 MEMORY WRITE beat=161 addr=1fc3769c data=273b8379ee348e83 id=09
[2135000] S1 MEMORY WRITE beat=162 addr=1fc376a0 data=387fe31bba484c7d id=09
[2135000] MASTER 0 W_VALID_RDY Handshake beat=169 wlast=0
[2145000] MASTER 0 W_VALID_RDY Handshake beat=170 wlast=0
[2145000] S1 MEMORY WRITE beat=163 addr=1fc376a4 data=dee6de46a310d3ff id=09
[2155000] S1 MEMORY WRITE beat=164 addr=1fc376a8 data=9145628298390573 id=09
[2155000] MASTER 0 W_VALID_RDY Handshake beat=171 wlast=0
[2165000] MASTER 0 W_VALID_RDY Handshake beat=172 wlast=0
[2165000] S1 MEMORY WRITE beat=165 addr=1fc376ac data=d28151f1862261bf id=09
[2175000] S1 MEMORY WRITE beat=166 addr=1fc376b0 data=293335bfc9c5459d id=09
[2175000] MASTER 0 W_VALID_RDY Handshake beat=173 wlast=0
[2185000] MASTER 0 W_VALID_RDY Handshake beat=174 wlast=0
[2185000] S1 MEMORY WRITE beat=167 addr=1fc376b4 data=e1fe4b11b1683037 id=09
[2195000] S1 MEMORY WRITE beat=168 addr=1fc376b8 data=378a91f7ba789841 id=09
[2195000] MASTER 0 W_VALID_RDY Handshake beat=175 wlast=0
[2205000] MASTER 0 W_VALID_RDY Handshake beat=176 wlast=0
[2205000] S1 MEMORY WRITE beat=169 addr=1fc376bc data=043ddddf347f9d02 id=09
[2215000] S1 MEMORY WRITE beat=170 addr=1fc376c0 data=e5e7cd39e0bdc7b6 id=09
[2215000] MASTER 0 W_VALID_RDY Handshake beat=177 wlast=0
[2225000] MASTER 0 W_VALID_RDY Handshake beat=178 wlast=0
[2225000] S1 MEMORY WRITE beat=171 addr=1fc376c4 data=9b365ff7e63c28f0 id=09
[2235000] S1 MEMORY WRITE beat=172 addr=1fc376c8 data=1abbc5f29d725f30 id=09
[2235000] MASTER 0 W_VALID_RDY Handshake beat=179 wlast=0
[2245000] MASTER 0 W_VALID_RDY Handshake beat=180 wlast=0
[2245000] S1 MEMORY WRITE beat=173 addr=1fc376cc data=fe3026e69f743dd6 id=09
[2255000] S1 MEMORY WRITE beat=174 addr=1fc376d0 data=85b066c680a3932b id=09
[2255000] MASTER 0 W_VALID_RDY Handshake beat=181 wlast=0
[2265000] MASTER 0 W_VALID_RDY Handshake beat=182 wlast=0
[2265000] S1 MEMORY WRITE beat=175 addr=1fc376d4 data=1e15f25c196686de id=09
[2275000] S1 MEMORY WRITE beat=176 addr=1fc376d8 data=b8dac4b4a06c2cb8 id=09
[2275000] MASTER 0 W_VALID_RDY Handshake beat=183 wlast=0
[2285000] MASTER 0 W_VALID_RDY Handshake beat=184 wlast=0
[2285000] S1 MEMORY WRITE beat=177 addr=1fc376dc data=210fbfe49c461942 id=09
[2295000] S1 MEMORY WRITE beat=178 addr=1fc376e0 data=b5aca0203e8b2b7b id=09
[2295000] MASTER 0 W_VALID_RDY Handshake beat=185 wlast=0
[2305000] MASTER 0 W_VALID_RDY Handshake beat=186 wlast=0
[2305000] S1 MEMORY WRITE beat=179 addr=1fc376e4 data=def758333f25b240 id=09
[2315000] S1 MEMORY WRITE beat=180 addr=1fc376e8 data=db6bcb82ee8764d5 id=09
[2315000] MASTER 0 W_VALID_RDY Handshake beat=187 wlast=0
[2325000] MASTER 0 W_VALID_RDY Handshake beat=188 wlast=0
[2325000] S1 MEMORY WRITE beat=181 addr=1fc376ec data=2d12905080071817 id=09
[2335000] S1 MEMORY WRITE beat=182 addr=1fc376f0 data=bf2cca5711186ba3 id=09
[2335000] MASTER 0 W_VALID_RDY Handshake beat=189 wlast=0
[2345000] MASTER 0 W_VALID_RDY Handshake beat=190 wlast=0
[2345000] S1 MEMORY WRITE beat=183 addr=1fc376f4 data=ff9fd0788c09e883 id=09
[2355000] S1 MEMORY WRITE beat=184 addr=1fc376f8 data=0c11009b1a9895da id=09
[2355000] MASTER 0 W_VALID_RDY Handshake beat=191 wlast=0
[2365000] MASTER 0 W_VALID_RDY Handshake beat=192 wlast=0
[2365000] S1 MEMORY WRITE beat=185 addr=1fc376fc data=2bb1017d2cb260c8 id=09
[2375000] S1 MEMORY WRITE beat=186 addr=1fc37700 data=b8bc494bcb3dcaf2 id=09
[2375000] MASTER 0 W_VALID_RDY Handshake beat=193 wlast=0
[2385000] MASTER 0 W_VALID_RDY Handshake beat=194 wlast=0
[2385000] S1 MEMORY WRITE beat=187 addr=1fc37704 data=e5d660cc2b50d1f5 id=09
[2395000] S1 MEMORY WRITE beat=188 addr=1fc37708 data=d80332bdc4cd49e6 id=09
[2395000] MASTER 0 W_VALID_RDY Handshake beat=195 wlast=0
[2405000] MASTER 0 W_VALID_RDY Handshake beat=196 wlast=0
[2405000] S1 MEMORY WRITE beat=189 addr=1fc3770c data=100b14d991876249 id=09
[2415000] S1 MEMORY WRITE beat=190 addr=1fc37710 data=bcd8343e90bf7c08 id=09
[2415000] MASTER 0 W_VALID_RDY Handshake beat=197 wlast=0
[2425000] MASTER 0 W_VALID_RDY Handshake beat=198 wlast=0
[2425000] S1 MEMORY WRITE beat=191 addr=1fc37714 data=d58cc5eff5e175a5 id=09
[2435000] S1 MEMORY WRITE beat=192 addr=1fc37718 data=0768d7ef94db66fb id=09
[2435000] MASTER 0 W_VALID_RDY Handshake beat=199 wlast=0
[2445000] MASTER 0 W_VALID_RDY Handshake beat=200 wlast=0
[2445000] S1 MEMORY WRITE beat=193 addr=1fc3771c data=259ae304e597dac8 id=09
[2455000] S1 MEMORY WRITE beat=194 addr=1fc37720 data=db79506dc4410c2d id=09
[2455000] MASTER 0 W_VALID_RDY Handshake beat=201 wlast=0
[2465000] MASTER 0 W_VALID_RDY Handshake beat=202 wlast=0
[2465000] S1 MEMORY WRITE beat=195 addr=1fc37724 data=d91c7329fb27a8f3 id=09
[2475000] S1 MEMORY WRITE beat=196 addr=1fc37728 data=e0bf83bbe2e2285c id=09
[2475000] MASTER 0 W_VALID_RDY Handshake beat=203 wlast=0
[2485000] MASTER 0 W_VALID_RDY Handshake beat=204 wlast=0
[2485000] S1 MEMORY WRITE beat=197 addr=1fc3772c data=2723348afeb7562d id=09
[2495000] S1 MEMORY WRITE beat=198 addr=1fc37730 data=f9deff20bc38d428 id=09
[2495000] MASTER 0 W_VALID_RDY Handshake beat=205 wlast=0
[2505000] MASTER 0 W_VALID_RDY Handshake beat=206 wlast=0
[2505000] S1 MEMORY WRITE beat=199 addr=1fc37734 data=1f1afc85003fa7b3 id=09
[2515000] S1 MEMORY WRITE beat=200 addr=1fc37738 data=fef6fde0da9e82db id=09
[2515000] MASTER 0 W_VALID_RDY Handshake beat=207 wlast=0
[2525000] MASTER 0 W_VALID_RDY Handshake beat=208 wlast=0
[2525000] S1 MEMORY WRITE beat=201 addr=1fc3773c data=96d75703c63e310f id=09
[2535000] S1 MEMORY WRITE beat=202 addr=1fc37740 data=c67dd8c2f8d5fd00 id=09
[2535000] MASTER 0 W_VALID_RDY Handshake beat=209 wlast=0
[2545000] MASTER 0 W_VALID_RDY Handshake beat=210 wlast=0
[2545000] S1 MEMORY WRITE beat=203 addr=1fc37744 data=d3747fdbb5f25388 id=09
[2555000] S1 MEMORY WRITE beat=204 addr=1fc37748 data=fc308497c574d6a2 id=09
[2555000] MASTER 0 W_VALID_RDY Handshake beat=211 wlast=0
[2565000] MASTER 0 W_VALID_RDY Handshake beat=212 wlast=0
[2565000] S1 MEMORY WRITE beat=205 addr=1fc3774c data=3e4ad3a2ea4bd6de id=09
[2575000] S1 MEMORY WRITE beat=206 addr=1fc37750 data=203e2a67c2ae5d59 id=09
[2575000] MASTER 0 W_VALID_RDY Handshake beat=213 wlast=0
[2585000] MASTER 0 W_VALID_RDY Handshake beat=214 wlast=0
[2585000] S1 MEMORY WRITE beat=207 addr=1fc37754 data=882333fb11bf537d id=09
[2595000] S1 MEMORY WRITE beat=208 addr=1fc37758 data=fc0b2a5b9c6eaefe id=09
[2595000] MASTER 0 W_VALID_RDY Handshake beat=215 wlast=0
[2605000] MASTER 0 W_VALID_RDY Handshake beat=216 wlast=0
[2605000] S1 MEMORY WRITE beat=209 addr=1fc3775c data=df1d0c58c66e079d id=09
[2615000] S1 MEMORY WRITE beat=210 addr=1fc37760 data=d82d5b1a9c4954c2 id=09
[2615000] MASTER 0 W_VALID_RDY Handshake beat=217 wlast=0
[2625000] MASTER_DRIVER0 received transaction, op=AXI_WRITE
[2625000] MASTER 0 W_VALID_RDY Handshake beat=218 wlast=1
[2625000] S1 MEMORY WRITE beat=211 addr=1fc37764 data=38b803c1e7404053 id=09
[2635000] S1 MEMORY WRITE beat=212 addr=1fc37768 data=2dae47f1d4388576 id=09
[2645000] MASTER 0 AW_VALID_RDY Handshake
[2645000] S1 MEMORY WRITE beat=213 addr=1fc3776c data=f081da3817d51019 id=09
[2655000] S1 MEMORY WRITE beat=214 addr=1fc37770 data=ff15506c85dba30b id=09
[2665000] MASTER 0 W_VALID_RDY Handshake beat=0 wlast=0
[2665000] S1 MEMORY WRITE beat=215 addr=1fc37774 data=da142881a939ddf9 id=09
[2675000] S1 MEMORY WRITE beat=216 addr=1fc37778 data=c10eee12acc3985d id=09
[2675000] MASTER 0 W_VALID_RDY Handshake beat=1 wlast=0
[2685000] MASTER 0 W_VALID_RDY Handshake beat=2 wlast=0
[2685000] S1 MEMORY WRITE beat=217 addr=1fc3777c data=329f3b69ca9602ba id=09
[2695000] S1 MEMORY WRITE beat=218 addr=1fc37780 data=f3cfe0b3c0243e7f id=09
[2695000] MASTER 0 W_VALID_RDY Handshake beat=3 wlast=0
[2705000] MASTER 0 W_VALID_RDY Handshake beat=4 wlast=0
[2705000] SLAVE1 sent B resp, id=9
[2715000] AXI S1_AWVALID_RDY HANDSHAKE
[2715000] [SLAVE MONITOR] mst_id=0 s_id=1 awaddr=1fc37418 awid=1001 awlen=218 awsize=2 awburst=1 wdata=[b5f02db9fad9c369 f9788ebde26daad0 db2a5afeb61e57c e63ba8e5c80fc895 2a7d7365c3a2d368 af04b8e4dfb437a3 27c4003838301914 fbd2ec7c154061ca f4f4996dd241739d a718cb12ad7a561 c018072b1cb899a5 eefa0d428644792d b11c1e8e350ca098 d1c53a3df96b99f3 ffb01320f13425b9 a640c651c0bf477f 3a2ae17230cc31af a2005768f806008e b8c5480db9daf492 eaa72641c8411dba c0471e48f2f0297f 2ccb1e120ca77daa d4e89b64f90c6656 ebfc8fd597724453 a419c1fd952fb9ac 8e3c200298c7ade7 3039f23bf9025d61 e32170efa38afd8 93005dbfd453b438 cd56119a9c6e3710 96a6e6e8c33a4ffa 178e0433db8828a8 f7f65fb829a744a8 ece194a2e4e415cd c06c3e750e9d46a1 38448b49846f98d5 e953aea2b8629e2d c6ffe4cea5261feb 2995b8c1a9bfed17 e2228b45ff447017 246a900392e96763 3ca9547ba9227013 2866e02bce0048c4 e0e9b0271ecbdfc0 c7ee4fd3ccd1702e 1ad1b8f29d9304a2 bc5ee462f0552ffe bd26a02cfbbb6919 194e6dbc044d3436 f4a26434d7f8591e d3b3c238d5ad521e d9fa865431c90461 89c15d7fed022ff4 c2af8212ce9cea89 65eeeadd751fb7 ca774fab1caa0867 eb46f2f08a274c69 e79c6c210d26d1be 29d0da25ebace1da f5d42e43b213bbcc bf3a8d8a1517cd15 c4aeefdd709a64 f845631e90b67af fe2334c4f698dd32 d4097797cebee3bb 37ca4b6bfee7e3b3 f580c0e6e38dcdc8 b24cb183b5ed802f 34d563e3c98a387d 2d180645ea16fcee 20047d1e2a5624c9 f3e05d46df64b7c8 c97bb4b7d4d9e101 ff3005ca20f8638b 805d1b53e98031d5 3e5a12d6f3106310 1408c69bc9d8d00a b35901df3d8a18a0 309a7bb09465e1ee de3eb1f9f1b314b5 af3d2d55c4a3424b d90924399197b3d8 34ac88edfd7a905 a47aeb50b747d632 c8df8a0bb287f5e3 125f9ee9fd840f8a b4cbe5bccc2a5299 feb2487cb6da8a39 b45e99c3fdab6fc7 c9d5c2609111e765 c7ec719fe92a7f80 e6d5ef47c8880add d999f242fc4b0b62 e5758ae230abb1a8 f933bc85a18663e1 1dd16f44cc4b7a2a fcf72bd2d2cdaec7 f45412a98346fa26 cf927450f62ae857 c8f8971e122581ed 956c7c13cc89a022 c2b48879bd4ca9c7 cf722bb4e4fef064 b18890860bad1f98 c8f9c95fe4dea7c8 c9dd982cf43d1900 ffea3898186bf514 fd4a9cdcfb6628b2 efa341b2c8e401f7 e14ff70bc7283508 c28e5dbaef8d7a4a 38717c42de9a93e7 a5c2c8ef32319f6d a1bf19b799c1734d f85c0735e85126aa 1a82c617da3095f9 f3f209479e1ed024 866ff6cebc41dfce 167275c8ec4e107c 8a6ce0a0a0f2bce5 dd349cb40a647f0f f6b28f8b10dcd76f b1cf9454f3a7127c fe0b918b811f702b 91fc479a8f043108 82ab4384f4be2116 f5dd9141c3cbdbef d2d00cf780b6d50f f574f62507d9d8dc cba5b4cbd57b507c d632258beb528767 f32c60439e75c1c2 f3f1123ecba71bb1 36f9a3183ed2150e dd47d6d0ca2337ca 15ca537b2a26035b e8f81869d138e90f 1b5c20d9ccc3f693 f6e9f9eec63fef39 9778d84831267454 fdea6ae7dfe21257 a6220190b2d4f921 e3fb6d75f4d464d5 d4b6772c3d9ad9d9 f06fd2fae1e5d85c d6ba3d31fad878bc b8735295d46b4070 b65118ccab70b45d 26492d1a28e32590 fd4e66000d0b55fe b87c0a5bdebc7faf 879fa53fb39f7ecc c0aad4cadec53775 3d81b72584ee0b3f 388d8a0cf926df26 d7ec169bc5215c64 ca0f67a4f9385ed6 f25f3dfc956dcdc0 da8f2a25029cf1b0 fbd55086ca4b5498 dfb92258249e91c9 273b8379ee348e83 387fe31bba484c7d dee6de46a310d3ff 9145628298390573 d28151f1862261bf 293335bfc9c5459d e1fe4b11b1683037 378a91f7ba789841 43ddddf347f9d02 e5e7cd39e0bdc7b6 9b365ff7e63c28f0 1abbc5f29d725f30 fe3026e69f743dd6 85b066c680a3932b 1e15f25c196686de b8dac4b4a06c2cb8 210fbfe49c461942 b5aca0203e8b2b7b def758333f25b240 db6bcb82ee8764d5 2d12905080071817 bf2cca5711186ba3 ff9fd0788c09e883 c11009b1a9895da 2bb1017d2cb260c8 b8bc494bcb3dcaf2 e5d660cc2b50d1f5 d80332bdc4cd49e6 100b14d991876249 bcd8343e90bf7c08 d58cc5eff5e175a5 768d7ef94db66fb 259ae304e597dac8 db79506dc4410c2d d91c7329fb27a8f3 e0bf83bbe2e2285c 2723348afeb7562d f9deff20bc38d428 1f1afc85003fa7b3 fef6fde0da9e82db 96d75703c63e310f c67dd8c2f8d5fd00 d3747fdbb5f25388 fc308497c574d6a2 3e4ad3a2ea4bd6de 203e2a67c2ae5d59 882333fb11bf537d fc0b2a5b9c6eaefe df1d0c58c66e079d d82d5b1a9c4954c2 38b803c1e7404053 2dae47f1d4388576 f081da3817d51019 ff15506c85dba30b da142881a939ddf9 c10eee12acc3985d 329f3b69ca9602ba f3cfe0b3c0243e7f ] wstrb=[ea dc c6 a4 45 45 58 30 21 1e d4 67 63 2c 97 84 4a 6b eb ad 98 82 32 e2 ee 1d 90 86 a0 c2 68 8e df f8 14 7f ba 7c d 9a 75 21 19 2f 9e 27 c9 13 48 e3 42 e6 a c f9 52 ef 3c 39 f9 48 32 4b 37 6e 84 30 b6 b7 7b ed 25 0 1d dc b7 99 c9 dc 99 e7 b8 50 80 82 2c 19 69 e5 69 e9 67 95 2 d0 7a 6b b9 e1 0 bb b1 7b 26 6a 5c 26 25 e a1 4b 78 fe 72 9e c 13 e9 84 11 5b 22 1d 6f c a2 80 67 c4 9e d6 d0 40 57 38 4 f5 e d5 35 65 d 39 5a 1b e 8f 81 1b c9 db 37 d7 6b b8 f3 34 93 2a b fe e2 fe 32 75 28 3e 74 a 3c a6 80 65 e4 f4 6f 21 9a ef 86 7f e3 f5 a0 7e e5 26 fd c8 1b 9d 46 0 c3 43 c9 de e0 f df a3 53 a8 82 33 b7 61 d7 a 9 59 3e c0 ba 15 cb c3 6e 9 ] bresp=0 bid=1001
[2715000] ARB MONITOR: slave=1 m0_req=1 m1_req=0 winner=0
[2715000] MASTER 0 W_VALID_RDY Handshake beat=5 wlast=0
[2725000] MASTER 0 RECEIVED BRESP. BRESP=0
[2725000] [MASTER DRIVER] mst_id=0 s_id=0 awaddr=1fc37418 awid=1001 awlen=218 awsize=2 awburst=1 wdata=[b5f02db9fad9c369 f9788ebde26daad0 db2a5afeb61e57c e63ba8e5c80fc895 2a7d7365c3a2d368 af04b8e4dfb437a3 27c4003838301914 fbd2ec7c154061ca f4f4996dd241739d a718cb12ad7a561 c018072b1cb899a5 eefa0d428644792d b11c1e8e350ca098 d1c53a3df96b99f3 ffb01320f13425b9 a640c651c0bf477f 3a2ae17230cc31af a2005768f806008e b8c5480db9daf492 eaa72641c8411dba c0471e48f2f0297f 2ccb1e120ca77daa d4e89b64f90c6656 ebfc8fd597724453 a419c1fd952fb9ac 8e3c200298c7ade7 3039f23bf9025d61 e32170efa38afd8 93005dbfd453b438 cd56119a9c6e3710 96a6e6e8c33a4ffa 178e0433db8828a8 f7f65fb829a744a8 ece194a2e4e415cd c06c3e750e9d46a1 38448b49846f98d5 e953aea2b8629e2d c6ffe4cea5261feb 2995b8c1a9bfed17 e2228b45ff447017 246a900392e96763 3ca9547ba9227013 2866e02bce0048c4 e0e9b0271ecbdfc0 c7ee4fd3ccd1702e 1ad1b8f29d9304a2 bc5ee462f0552ffe bd26a02cfbbb6919 194e6dbc044d3436 f4a26434d7f8591e d3b3c238d5ad521e d9fa865431c90461 89c15d7fed022ff4 c2af8212ce9cea89 65eeeadd751fb7 ca774fab1caa0867 eb46f2f08a274c69 e79c6c210d26d1be 29d0da25ebace1da f5d42e43b213bbcc bf3a8d8a1517cd15 c4aeefdd709a64 f845631e90b67af fe2334c4f698dd32 d4097797cebee3bb 37ca4b6bfee7e3b3 f580c0e6e38dcdc8 b24cb183b5ed802f 34d563e3c98a387d 2d180645ea16fcee 20047d1e2a5624c9 f3e05d46df64b7c8 c97bb4b7d4d9e101 ff3005ca20f8638b 805d1b53e98031d5 3e5a12d6f3106310 1408c69bc9d8d00a b35901df3d8a18a0 309a7bb09465e1ee de3eb1f9f1b314b5 af3d2d55c4a3424b d90924399197b3d8 34ac88edfd7a905 a47aeb50b747d632 c8df8a0bb287f5e3 125f9ee9fd840f8a b4cbe5bccc2a5299 feb2487cb6da8a39 b45e99c3fdab6fc7 c9d5c2609111e765 c7ec719fe92a7f80 e6d5ef47c8880add d999f242fc4b0b62 e5758ae230abb1a8 f933bc85a18663e1 1dd16f44cc4b7a2a fcf72bd2d2cdaec7 f45412a98346fa26 cf927450f62ae857 c8f8971e122581ed 956c7c13cc89a022 c2b48879bd4ca9c7 cf722bb4e4fef064 b18890860bad1f98 c8f9c95fe4dea7c8 c9dd982cf43d1900 ffea3898186bf514 fd4a9cdcfb6628b2 efa341b2c8e401f7 e14ff70bc7283508 c28e5dbaef8d7a4a 38717c42de9a93e7 a5c2c8ef32319f6d a1bf19b799c1734d f85c0735e85126aa 1a82c617da3095f9 f3f209479e1ed024 866ff6cebc41dfce 167275c8ec4e107c 8a6ce0a0a0f2bce5 dd349cb40a647f0f f6b28f8b10dcd76f b1cf9454f3a7127c fe0b918b811f702b 91fc479a8f043108 82ab4384f4be2116 f5dd9141c3cbdbef d2d00cf780b6d50f f574f62507d9d8dc cba5b4cbd57b507c d632258beb528767 f32c60439e75c1c2 f3f1123ecba71bb1 36f9a3183ed2150e dd47d6d0ca2337ca 15ca537b2a26035b e8f81869d138e90f 1b5c20d9ccc3f693 f6e9f9eec63fef39 9778d84831267454 fdea6ae7dfe21257 a6220190b2d4f921 e3fb6d75f4d464d5 d4b6772c3d9ad9d9 f06fd2fae1e5d85c d6ba3d31fad878bc b8735295d46b4070 b65118ccab70b45d 26492d1a28e32590 fd4e66000d0b55fe b87c0a5bdebc7faf 879fa53fb39f7ecc c0aad4cadec53775 3d81b72584ee0b3f 388d8a0cf926df26 d7ec169bc5215c64 ca0f67a4f9385ed6 f25f3dfc956dcdc0 da8f2a25029cf1b0 fbd55086ca4b5498 dfb92258249e91c9 273b8379ee348e83 387fe31bba484c7d dee6de46a310d3ff 9145628298390573 d28151f1862261bf 293335bfc9c5459d e1fe4b11b1683037 378a91f7ba789841 43ddddf347f9d02 e5e7cd39e0bdc7b6 9b365ff7e63c28f0 1abbc5f29d725f30 fe3026e69f743dd6 85b066c680a3932b 1e15f25c196686de b8dac4b4a06c2cb8 210fbfe49c461942 b5aca0203e8b2b7b def758333f25b240 db6bcb82ee8764d5 2d12905080071817 bf2cca5711186ba3 ff9fd0788c09e883 c11009b1a9895da 2bb1017d2cb260c8 b8bc494bcb3dcaf2 e5d660cc2b50d1f5 d80332bdc4cd49e6 100b14d991876249 bcd8343e90bf7c08 d58cc5eff5e175a5 768d7ef94db66fb 259ae304e597dac8 db79506dc4410c2d d91c7329fb27a8f3 e0bf83bbe2e2285c 2723348afeb7562d f9deff20bc38d428 1f1afc85003fa7b3 fef6fde0da9e82db 96d75703c63e310f c67dd8c2f8d5fd00 d3747fdbb5f25388 fc308497c574d6a2 3e4ad3a2ea4bd6de 203e2a67c2ae5d59 882333fb11bf537d fc0b2a5b9c6eaefe df1d0c58c66e079d d82d5b1a9c4954c2 38b803c1e7404053 2dae47f1d4388576 f081da3817d51019 ff15506c85dba30b da142881a939ddf9 c10eee12acc3985d 329f3b69ca9602ba f3cfe0b3c0243e7f ] wstrb=[ea dc c6 a4 45 45 58 30 21 1e d4 67 63 2c 97 84 4a 6b eb ad 98 82 32 e2 ee 1d 90 86 a0 c2 68 8e df f8 14 7f ba 7c d 9a 75 21 19 2f 9e 27 c9 13 48 e3 42 e6 a c f9 52 ef 3c 39 f9 48 32 4b 37 6e 84 30 b6 b7 7b ed 25 0 1d dc b7 99 c9 dc 99 e7 b8 50 80 82 2c 19 69 e5 69 e9 67 95 2 d0 7a 6b b9 e1 0 bb b1 7b 26 6a 5c 26 25 e a1 4b 78 fe 72 9e c 13 e9 84 11 5b 22 1d 6f c a2 80 67 c4 9e d6 d0 40 57 38 4 f5 e d5 35 65 d 39 5a 1b e 8f 81 1b c9 db 37 d7 6b b8 f3 34 93 2a b fe e2 fe 32 75 28 3e 74 a 3c a6 80 65 e4 f4 6f 21 9a ef 86 7f e3 f5 a0 7e e5 26 fd c8 1b 9d 46 0 c3 43 c9 de e0 f df a3 53 a8 82 33 b7 61 d7 a 9 59 3e c0 ba 15 cb c3 6e 9 ] bresp=0 bid=1001
[2725000] MASTER 0 W_VALID_RDY Handshake beat=6 wlast=0
[2725000] MASTER 0 B_VALID_RDY Handshake
[2725000] [MASTER MONITOR] mst_id=0 s_id=1 awaddr=1fc37418 awid=1001 awlen=218 awsize=2 awburst=1 wdata=[b5f02db9fad9c369 f9788ebde26daad0 db2a5afeb61e57c e63ba8e5c80fc895 2a7d7365c3a2d368 af04b8e4dfb437a3 27c4003838301914 fbd2ec7c154061ca f4f4996dd241739d a718cb12ad7a561 c018072b1cb899a5 eefa0d428644792d b11c1e8e350ca098 d1c53a3df96b99f3 ffb01320f13425b9 a640c651c0bf477f 3a2ae17230cc31af a2005768f806008e b8c5480db9daf492 eaa72641c8411dba c0471e48f2f0297f 2ccb1e120ca77daa d4e89b64f90c6656 ebfc8fd597724453 a419c1fd952fb9ac 8e3c200298c7ade7 3039f23bf9025d61 e32170efa38afd8 93005dbfd453b438 cd56119a9c6e3710 96a6e6e8c33a4ffa 178e0433db8828a8 f7f65fb829a744a8 ece194a2e4e415cd c06c3e750e9d46a1 38448b49846f98d5 e953aea2b8629e2d c6ffe4cea5261feb 2995b8c1a9bfed17 e2228b45ff447017 246a900392e96763 3ca9547ba9227013 2866e02bce0048c4 e0e9b0271ecbdfc0 c7ee4fd3ccd1702e 1ad1b8f29d9304a2 bc5ee462f0552ffe bd26a02cfbbb6919 194e6dbc044d3436 f4a26434d7f8591e d3b3c238d5ad521e d9fa865431c90461 89c15d7fed022ff4 c2af8212ce9cea89 65eeeadd751fb7 ca774fab1caa0867 eb46f2f08a274c69 e79c6c210d26d1be 29d0da25ebace1da f5d42e43b213bbcc bf3a8d8a1517cd15 c4aeefdd709a64 f845631e90b67af fe2334c4f698dd32 d4097797cebee3bb 37ca4b6bfee7e3b3 f580c0e6e38dcdc8 b24cb183b5ed802f 34d563e3c98a387d 2d180645ea16fcee 20047d1e2a5624c9 f3e05d46df64b7c8 c97bb4b7d4d9e101 ff3005ca20f8638b 805d1b53e98031d5 3e5a12d6f3106310 1408c69bc9d8d00a b35901df3d8a18a0 309a7bb09465e1ee de3eb1f9f1b314b5 af3d2d55c4a3424b d90924399197b3d8 34ac88edfd7a905 a47aeb50b747d632 c8df8a0bb287f5e3 125f9ee9fd840f8a b4cbe5bccc2a5299 feb2487cb6da8a39 b45e99c3fdab6fc7 c9d5c2609111e765 c7ec719fe92a7f80 e6d5ef47c8880add d999f242fc4b0b62 e5758ae230abb1a8 f933bc85a18663e1 1dd16f44cc4b7a2a fcf72bd2d2cdaec7 f45412a98346fa26 cf927450f62ae857 c8f8971e122581ed 956c7c13cc89a022 c2b48879bd4ca9c7 cf722bb4e4fef064 b18890860bad1f98 c8f9c95fe4dea7c8 c9dd982cf43d1900 ffea3898186bf514 fd4a9cdcfb6628b2 efa341b2c8e401f7 e14ff70bc7283508 c28e5dbaef8d7a4a 38717c42de9a93e7 a5c2c8ef32319f6d a1bf19b799c1734d f85c0735e85126aa 1a82c617da3095f9 f3f209479e1ed024 866ff6cebc41dfce 167275c8ec4e107c 8a6ce0a0a0f2bce5 dd349cb40a647f0f f6b28f8b10dcd76f b1cf9454f3a7127c fe0b918b811f702b 91fc479a8f043108 82ab4384f4be2116 f5dd9141c3cbdbef d2d00cf780b6d50f f574f62507d9d8dc cba5b4cbd57b507c d632258beb528767 f32c60439e75c1c2 f3f1123ecba71bb1 36f9a3183ed2150e dd47d6d0ca2337ca 15ca537b2a26035b e8f81869d138e90f 1b5c20d9ccc3f693 f6e9f9eec63fef39 9778d84831267454 fdea6ae7dfe21257 a6220190b2d4f921 e3fb6d75f4d464d5 d4b6772c3d9ad9d9 f06fd2fae1e5d85c d6ba3d31fad878bc b8735295d46b4070 b65118ccab70b45d 26492d1a28e32590 fd4e66000d0b55fe b87c0a5bdebc7faf 879fa53fb39f7ecc c0aad4cadec53775 3d81b72584ee0b3f 388d8a0cf926df26 d7ec169bc5215c64 ca0f67a4f9385ed6 f25f3dfc956dcdc0 da8f2a25029cf1b0 fbd55086ca4b5498 dfb92258249e91c9 273b8379ee348e83 387fe31bba484c7d dee6de46a310d3ff 9145628298390573 d28151f1862261bf 293335bfc9c5459d e1fe4b11b1683037 378a91f7ba789841 43ddddf347f9d02 e5e7cd39e0bdc7b6 9b365ff7e63c28f0 1abbc5f29d725f30 fe3026e69f743dd6 85b066c680a3932b 1e15f25c196686de b8dac4b4a06c2cb8 210fbfe49c461942 b5aca0203e8b2b7b def758333f25b240 db6bcb82ee8764d5 2d12905080071817 bf2cca5711186ba3 ff9fd0788c09e883 c11009b1a9895da 2bb1017d2cb260c8 b8bc494bcb3dcaf2 e5d660cc2b50d1f5 d80332bdc4cd49e6 100b14d991876249 bcd8343e90bf7c08 d58cc5eff5e175a5 768d7ef94db66fb 259ae304e597dac8 db79506dc4410c2d d91c7329fb27a8f3 e0bf83bbe2e2285c 2723348afeb7562d f9deff20bc38d428 1f1afc85003fa7b3 fef6fde0da9e82db 96d75703c63e310f c67dd8c2f8d5fd00 d3747fdbb5f25388 fc308497c574d6a2 3e4ad3a2ea4bd6de 203e2a67c2ae5d59 882333fb11bf537d fc0b2a5b9c6eaefe df1d0c58c66e079d d82d5b1a9c4954c2 38b803c1e7404053 2dae47f1d4388576 f081da3817d51019 ff15506c85dba30b da142881a939ddf9 c10eee12acc3985d 329f3b69ca9602ba f3cfe0b3c0243e7f ] wstrb=[ea dc c6 a4 45 45 58 30 21 1e d4 67 63 2c 97 84 4a 6b eb ad 98 82 32 e2 ee 1d 90 86 a0 c2 68 8e df f8 14 7f ba 7c d 9a 75 21 19 2f 9e 27 c9 13 48 e3 42 e6 a c f9 52 ef 3c 39 f9 48 32 4b 37 6e 84 30 b6 b7 7b ed 25 0 1d dc b7 99 c9 dc 99 e7 b8 50 80 82 2c 19 69 e5 69 e9 67 95 2 d0 7a 6b b9 e1 0 bb b1 7b 26 6a 5c 26 25 e a1 4b 78 fe 72 9e c 13 e9 84 11 5b 22 1d 6f c a2 80 67 c4 9e d6 d0 40 57 38 4 f5 e d5 35 65 d 39 5a 1b e 8f 81 1b c9 db 37 d7 6b b8 f3 34 93 2a b fe e2 fe 32 75 28 3e 74 a 3c a6 80 65 e4 f4 6f 21 9a ef 86 7f e3 f5 a0 7e e5 26 fd c8 1b 9d 46 0 c3 43 c9 de e0 f df a3 53 a8 82 33 b7 61 d7 a 9 59 3e c0 ba 15 cb c3 6e 9 ] bresp=0 bid=1001
[2725000] S1 MEMORY WRITE beat=0 addr=1e1ea848 data=ee904159a0798904 id=0c
[2725000] SCOREBOARD MATCH: decode_err expected = 0, actual =0
[2725000] SCOREBOARD MATCH: slave_id expected = 1, actual =1
[2725000] SCOREBOARD MATCH: awaddr passthrough expected = 1fc37418, actual =1fc37418
[2725000] SCOREBOARD MATCH: awlen passthrough expected = 218, actual =218
[2725000] SCOREBOARD MATCH: awsize passthrough expected = 2, actual =2
[2725000] SCOREBOARD MATCH: awburst passthrough expected = 1, actual =1
[2725000] SCOREBOARD MATCH: wdata size check expected = db, actual =db
[2725000] SCOREBOARD MATCH: wdata passthrough beat=0 expected = b5f02db9fad9c369, actual =b5f02db9fad9c369
[2725000] SCOREBOARD MATCH: wdata passthrough beat=1 expected = f9788ebde26daad0, actual =f9788ebde26daad0
[2725000] SCOREBOARD MATCH: wdata passthrough beat=2 expected = db2a5afeb61e57c, actual =db2a5afeb61e57c
[2725000] SCOREBOARD MATCH: wdata passthrough beat=3 expected = e63ba8e5c80fc895, actual =e63ba8e5c80fc895
[2725000] SCOREBOARD MATCH: wdata passthrough beat=4 expected = 2a7d7365c3a2d368, actual =2a7d7365c3a2d368
[2725000] SCOREBOARD MATCH: wdata passthrough beat=5 expected = af04b8e4dfb437a3, actual =af04b8e4dfb437a3
[2725000] SCOREBOARD MATCH: wdata passthrough beat=6 expected = 27c4003838301914, actual =27c4003838301914
[2725000] SCOREBOARD MATCH: wdata passthrough beat=7 expected = fbd2ec7c154061ca, actual =fbd2ec7c154061ca
[2725000] SCOREBOARD MATCH: wdata passthrough beat=8 expected = f4f4996dd241739d, actual =f4f4996dd241739d
[2725000] SCOREBOARD MATCH: wdata passthrough beat=9 expected = a718cb12ad7a561, actual =a718cb12ad7a561
[2725000] SCOREBOARD MATCH: wdata passthrough beat=10 expected = c018072b1cb899a5, actual =c018072b1cb899a5
[2725000] SCOREBOARD MATCH: wdata passthrough beat=11 expected = eefa0d428644792d, actual =eefa0d428644792d
[2725000] SCOREBOARD MATCH: wdata passthrough beat=12 expected = b11c1e8e350ca098, actual =b11c1e8e350ca098
[2725000] SCOREBOARD MATCH: wdata passthrough beat=13 expected = d1c53a3df96b99f3, actual =d1c53a3df96b99f3
[2725000] SCOREBOARD MATCH: wdata passthrough beat=14 expected = ffb01320f13425b9, actual =ffb01320f13425b9
[2725000] SCOREBOARD MATCH: wdata passthrough beat=15 expected = a640c651c0bf477f, actual =a640c651c0bf477f
[2725000] SCOREBOARD MATCH: wdata passthrough beat=16 expected = 3a2ae17230cc31af, actual =3a2ae17230cc31af
[2725000] SCOREBOARD MATCH: wdata passthrough beat=17 expected = a2005768f806008e, actual =a2005768f806008e
[2725000] SCOREBOARD MATCH: wdata passthrough beat=18 expected = b8c5480db9daf492, actual =b8c5480db9daf492
[2725000] SCOREBOARD MATCH: wdata passthrough beat=19 expected = eaa72641c8411dba, actual =eaa72641c8411dba
[2725000] SCOREBOARD MATCH: wdata passthrough beat=20 expected = c0471e48f2f0297f, actual =c0471e48f2f0297f
[2725000] SCOREBOARD MATCH: wdata passthrough beat=21 expected = 2ccb1e120ca77daa, actual =2ccb1e120ca77daa
[2725000] SCOREBOARD MATCH: wdata passthrough beat=22 expected = d4e89b64f90c6656, actual =d4e89b64f90c6656
[2725000] SCOREBOARD MATCH: wdata passthrough beat=23 expected = ebfc8fd597724453, actual =ebfc8fd597724453
[2725000] SCOREBOARD MATCH: wdata passthrough beat=24 expected = a419c1fd952fb9ac, actual =a419c1fd952fb9ac
[2725000] SCOREBOARD MATCH: wdata passthrough beat=25 expected = 8e3c200298c7ade7, actual =8e3c200298c7ade7
[2725000] SCOREBOARD MATCH: wdata passthrough beat=26 expected = 3039f23bf9025d61, actual =3039f23bf9025d61
[2725000] SCOREBOARD MATCH: wdata passthrough beat=27 expected = e32170efa38afd8, actual =e32170efa38afd8
[2725000] SCOREBOARD MATCH: wdata passthrough beat=28 expected = 93005dbfd453b438, actual =93005dbfd453b438
[2725000] SCOREBOARD MATCH: wdata passthrough beat=29 expected = cd56119a9c6e3710, actual =cd56119a9c6e3710
[2725000] SCOREBOARD MATCH: wdata passthrough beat=30 expected = 96a6e6e8c33a4ffa, actual =96a6e6e8c33a4ffa
[2725000] SCOREBOARD MATCH: wdata passthrough beat=31 expected = 178e0433db8828a8, actual =178e0433db8828a8
[2725000] SCOREBOARD MATCH: wdata passthrough beat=32 expected = f7f65fb829a744a8, actual =f7f65fb829a744a8
[2725000] SCOREBOARD MATCH: wdata passthrough beat=33 expected = ece194a2e4e415cd, actual =ece194a2e4e415cd
[2725000] SCOREBOARD MATCH: wdata passthrough beat=34 expected = c06c3e750e9d46a1, actual =c06c3e750e9d46a1
[2725000] SCOREBOARD MATCH: wdata passthrough beat=35 expected = 38448b49846f98d5, actual =38448b49846f98d5
[2725000] SCOREBOARD MATCH: wdata passthrough beat=36 expected = e953aea2b8629e2d, actual =e953aea2b8629e2d
[2725000] SCOREBOARD MATCH: wdata passthrough beat=37 expected = c6ffe4cea5261feb, actual =c6ffe4cea5261feb
[2725000] SCOREBOARD MATCH: wdata passthrough beat=38 expected = 2995b8c1a9bfed17, actual =2995b8c1a9bfed17
[2725000] SCOREBOARD MATCH: wdata passthrough beat=39 expected = e2228b45ff447017, actual =e2228b45ff447017
[2725000] SCOREBOARD MATCH: wdata passthrough beat=40 expected = 246a900392e96763, actual =246a900392e96763
[2725000] SCOREBOARD MATCH: wdata passthrough beat=41 expected = 3ca9547ba9227013, actual =3ca9547ba9227013
[2725000] SCOREBOARD MATCH: wdata passthrough beat=42 expected = 2866e02bce0048c4, actual =2866e02bce0048c4
[2725000] SCOREBOARD MATCH: wdata passthrough beat=43 expected = e0e9b0271ecbdfc0, actual =e0e9b0271ecbdfc0
[2725000] SCOREBOARD MATCH: wdata passthrough beat=44 expected = c7ee4fd3ccd1702e, actual =c7ee4fd3ccd1702e
[2725000] SCOREBOARD MATCH: wdata passthrough beat=45 expected = 1ad1b8f29d9304a2, actual =1ad1b8f29d9304a2
[2725000] SCOREBOARD MATCH: wdata passthrough beat=46 expected = bc5ee462f0552ffe, actual =bc5ee462f0552ffe
[2725000] SCOREBOARD MATCH: wdata passthrough beat=47 expected = bd26a02cfbbb6919, actual =bd26a02cfbbb6919
[2725000] SCOREBOARD MATCH: wdata passthrough beat=48 expected = 194e6dbc044d3436, actual =194e6dbc044d3436
[2725000] SCOREBOARD MATCH: wdata passthrough beat=49 expected = f4a26434d7f8591e, actual =f4a26434d7f8591e
[2725000] SCOREBOARD MATCH: wdata passthrough beat=50 expected = d3b3c238d5ad521e, actual =d3b3c238d5ad521e
[2725000] SCOREBOARD MATCH: wdata passthrough beat=51 expected = d9fa865431c90461, actual =d9fa865431c90461
[2725000] SCOREBOARD MATCH: wdata passthrough beat=52 expected = 89c15d7fed022ff4, actual =89c15d7fed022ff4
[2725000] SCOREBOARD MATCH: wdata passthrough beat=53 expected = c2af8212ce9cea89, actual =c2af8212ce9cea89
[2725000] SCOREBOARD MATCH: wdata passthrough beat=54 expected = 65eeeadd751fb7, actual =65eeeadd751fb7
[2725000] SCOREBOARD MATCH: wdata passthrough beat=55 expected = ca774fab1caa0867, actual =ca774fab1caa0867
[2725000] SCOREBOARD MATCH: wdata passthrough beat=56 expected = eb46f2f08a274c69, actual =eb46f2f08a274c69
[2725000] SCOREBOARD MATCH: wdata passthrough beat=57 expected = e79c6c210d26d1be, actual =e79c6c210d26d1be
[2725000] SCOREBOARD MATCH: wdata passthrough beat=58 expected = 29d0da25ebace1da, actual =29d0da25ebace1da
[2725000] SCOREBOARD MATCH: wdata passthrough beat=59 expected = f5d42e43b213bbcc, actual =f5d42e43b213bbcc
[2725000] SCOREBOARD MATCH: wdata passthrough beat=60 expected = bf3a8d8a1517cd15, actual =bf3a8d8a1517cd15
[2725000] SCOREBOARD MATCH: wdata passthrough beat=61 expected = c4aeefdd709a64, actual =c4aeefdd709a64
[2725000] SCOREBOARD MATCH: wdata passthrough beat=62 expected = f845631e90b67af, actual =f845631e90b67af
[2725000] SCOREBOARD MATCH: wdata passthrough beat=63 expected = fe2334c4f698dd32, actual =fe2334c4f698dd32
[2725000] SCOREBOARD MATCH: wdata passthrough beat=64 expected = d4097797cebee3bb, actual =d4097797cebee3bb
[2725000] SCOREBOARD MATCH: wdata passthrough beat=65 expected = 37ca4b6bfee7e3b3, actual =37ca4b6bfee7e3b3
[2725000] SCOREBOARD MATCH: wdata passthrough beat=66 expected = f580c0e6e38dcdc8, actual =f580c0e6e38dcdc8
[2725000] SCOREBOARD MATCH: wdata passthrough beat=67 expected = b24cb183b5ed802f, actual =b24cb183b5ed802f
[2725000] SCOREBOARD MATCH: wdata passthrough beat=68 expected = 34d563e3c98a387d, actual =34d563e3c98a387d
[2725000] SCOREBOARD MATCH: wdata passthrough beat=69 expected = 2d180645ea16fcee, actual =2d180645ea16fcee
[2725000] SCOREBOARD MATCH: wdata passthrough beat=70 expected = 20047d1e2a5624c9, actual =20047d1e2a5624c9
[2725000] SCOREBOARD MATCH: wdata passthrough beat=71 expected = f3e05d46df64b7c8, actual =f3e05d46df64b7c8
[2725000] SCOREBOARD MATCH: wdata passthrough beat=72 expected = c97bb4b7d4d9e101, actual =c97bb4b7d4d9e101
[2725000] SCOREBOARD MATCH: wdata passthrough beat=73 expected = ff3005ca20f8638b, actual =ff3005ca20f8638b
[2725000] SCOREBOARD MATCH: wdata passthrough beat=74 expected = 805d1b53e98031d5, actual =805d1b53e98031d5
[2725000] SCOREBOARD MATCH: wdata passthrough beat=75 expected = 3e5a12d6f3106310, actual =3e5a12d6f3106310
[2725000] SCOREBOARD MATCH: wdata passthrough beat=76 expected = 1408c69bc9d8d00a, actual =1408c69bc9d8d00a
[2725000] SCOREBOARD MATCH: wdata passthrough beat=77 expected = b35901df3d8a18a0, actual =b35901df3d8a18a0
[2725000] SCOREBOARD MATCH: wdata passthrough beat=78 expected = 309a7bb09465e1ee, actual =309a7bb09465e1ee
[2725000] SCOREBOARD MATCH: wdata passthrough beat=79 expected = de3eb1f9f1b314b5, actual =de3eb1f9f1b314b5
[2725000] SCOREBOARD MATCH: wdata passthrough beat=80 expected = af3d2d55c4a3424b, actual =af3d2d55c4a3424b
[2725000] SCOREBOARD MATCH: wdata passthrough beat=81 expected = d90924399197b3d8, actual =d90924399197b3d8
[2725000] SCOREBOARD MATCH: wdata passthrough beat=82 expected = 34ac88edfd7a905, actual =34ac88edfd7a905
[2725000] SCOREBOARD MATCH: wdata passthrough beat=83 expected = a47aeb50b747d632, actual =a47aeb50b747d632
[2725000] SCOREBOARD MATCH: wdata passthrough beat=84 expected = c8df8a0bb287f5e3, actual =c8df8a0bb287f5e3
[2725000] SCOREBOARD MATCH: wdata passthrough beat=85 expected = 125f9ee9fd840f8a, actual =125f9ee9fd840f8a
[2725000] SCOREBOARD MATCH: wdata passthrough beat=86 expected = b4cbe5bccc2a5299, actual =b4cbe5bccc2a5299
[2725000] SCOREBOARD MATCH: wdata passthrough beat=87 expected = feb2487cb6da8a39, actual =feb2487cb6da8a39
[2725000] SCOREBOARD MATCH: wdata passthrough beat=88 expected = b45e99c3fdab6fc7, actual =b45e99c3fdab6fc7
[2725000] SCOREBOARD MATCH: wdata passthrough beat=89 expected = c9d5c2609111e765, actual =c9d5c2609111e765
[2725000] SCOREBOARD MATCH: wdata passthrough beat=90 expected = c7ec719fe92a7f80, actual =c7ec719fe92a7f80
[2725000] SCOREBOARD MATCH: wdata passthrough beat=91 expected = e6d5ef47c8880add, actual =e6d5ef47c8880add
[2725000] SCOREBOARD MATCH: wdata passthrough beat=92 expected = d999f242fc4b0b62, actual =d999f242fc4b0b62
[2725000] SCOREBOARD MATCH: wdata passthrough beat=93 expected = e5758ae230abb1a8, actual =e5758ae230abb1a8
[2725000] SCOREBOARD MATCH: wdata passthrough beat=94 expected = f933bc85a18663e1, actual =f933bc85a18663e1
[2725000] SCOREBOARD MATCH: wdata passthrough beat=95 expected = 1dd16f44cc4b7a2a, actual =1dd16f44cc4b7a2a
[2725000] SCOREBOARD MATCH: wdata passthrough beat=96 expected = fcf72bd2d2cdaec7, actual =fcf72bd2d2cdaec7
[2725000] SCOREBOARD MATCH: wdata passthrough beat=97 expected = f45412a98346fa26, actual =f45412a98346fa26
[2725000] SCOREBOARD MATCH: wdata passthrough beat=98 expected = cf927450f62ae857, actual =cf927450f62ae857
[2725000] SCOREBOARD MATCH: wdata passthrough beat=99 expected = c8f8971e122581ed, actual =c8f8971e122581ed
[2725000] SCOREBOARD MATCH: wdata passthrough beat=100 expected = 956c7c13cc89a022, actual =956c7c13cc89a022
[2725000] SCOREBOARD MATCH: wdata passthrough beat=101 expected = c2b48879bd4ca9c7, actual =c2b48879bd4ca9c7
[2725000] SCOREBOARD MATCH: wdata passthrough beat=102 expected = cf722bb4e4fef064, actual =cf722bb4e4fef064
[2725000] SCOREBOARD MATCH: wdata passthrough beat=103 expected = b18890860bad1f98, actual =b18890860bad1f98
[2725000] SCOREBOARD MATCH: wdata passthrough beat=104 expected = c8f9c95fe4dea7c8, actual =c8f9c95fe4dea7c8
[2725000] SCOREBOARD MATCH: wdata passthrough beat=105 expected = c9dd982cf43d1900, actual =c9dd982cf43d1900
[2725000] SCOREBOARD MATCH: wdata passthrough beat=106 expected = ffea3898186bf514, actual =ffea3898186bf514
[2725000] SCOREBOARD MATCH: wdata passthrough beat=107 expected = fd4a9cdcfb6628b2, actual =fd4a9cdcfb6628b2
[2725000] SCOREBOARD MATCH: wdata passthrough beat=108 expected = efa341b2c8e401f7, actual =efa341b2c8e401f7
[2725000] SCOREBOARD MATCH: wdata passthrough beat=109 expected = e14ff70bc7283508, actual =e14ff70bc7283508
[2725000] SCOREBOARD MATCH: wdata passthrough beat=110 expected = c28e5dbaef8d7a4a, actual =c28e5dbaef8d7a4a
[2725000] SCOREBOARD MATCH: wdata passthrough beat=111 expected = 38717c42de9a93e7, actual =38717c42de9a93e7
[2725000] SCOREBOARD MATCH: wdata passthrough beat=112 expected = a5c2c8ef32319f6d, actual =a5c2c8ef32319f6d
[2725000] SCOREBOARD MATCH: wdata passthrough beat=113 expected = a1bf19b799c1734d, actual =a1bf19b799c1734d
[2725000] SCOREBOARD MATCH: wdata passthrough beat=114 expected = f85c0735e85126aa, actual =f85c0735e85126aa
[2725000] SCOREBOARD MATCH: wdata passthrough beat=115 expected = 1a82c617da3095f9, actual =1a82c617da3095f9
[2725000] SCOREBOARD MATCH: wdata passthrough beat=116 expected = f3f209479e1ed024, actual =f3f209479e1ed024
[2725000] SCOREBOARD MATCH: wdata passthrough beat=117 expected = 866ff6cebc41dfce, actual =866ff6cebc41dfce
[2725000] SCOREBOARD MATCH: wdata passthrough beat=118 expected = 167275c8ec4e107c, actual =167275c8ec4e107c
[2725000] SCOREBOARD MATCH: wdata passthrough beat=119 expected = 8a6ce0a0a0f2bce5, actual =8a6ce0a0a0f2bce5
[2725000] SCOREBOARD MATCH: wdata passthrough beat=120 expected = dd349cb40a647f0f, actual =dd349cb40a647f0f
[2725000] SCOREBOARD MATCH: wdata passthrough beat=121 expected = f6b28f8b10dcd76f, actual =f6b28f8b10dcd76f
[2725000] SCOREBOARD MATCH: wdata passthrough beat=122 expected = b1cf9454f3a7127c, actual =b1cf9454f3a7127c
[2725000] SCOREBOARD MATCH: wdata passthrough beat=123 expected = fe0b918b811f702b, actual =fe0b918b811f702b
[2725000] SCOREBOARD MATCH: wdata passthrough beat=124 expected = 91fc479a8f043108, actual =91fc479a8f043108
[2725000] SCOREBOARD MATCH: wdata passthrough beat=125 expected = 82ab4384f4be2116, actual =82ab4384f4be2116
[2725000] SCOREBOARD MATCH: wdata passthrough beat=126 expected = f5dd9141c3cbdbef, actual =f5dd9141c3cbdbef
[2725000] SCOREBOARD MATCH: wdata passthrough beat=127 expected = d2d00cf780b6d50f, actual =d2d00cf780b6d50f
[2725000] SCOREBOARD MATCH: wdata passthrough beat=128 expected = f574f62507d9d8dc, actual =f574f62507d9d8dc
[2725000] SCOREBOARD MATCH: wdata passthrough beat=129 expected = cba5b4cbd57b507c, actual =cba5b4cbd57b507c
[2725000] SCOREBOARD MATCH: wdata passthrough beat=130 expected = d632258beb528767, actual =d632258beb528767
[2725000] SCOREBOARD MATCH: wdata passthrough beat=131 expected = f32c60439e75c1c2, actual =f32c60439e75c1c2
[2725000] SCOREBOARD MATCH: wdata passthrough beat=132 expected = f3f1123ecba71bb1, actual =f3f1123ecba71bb1
[2725000] SCOREBOARD MATCH: wdata passthrough beat=133 expected = 36f9a3183ed2150e, actual =36f9a3183ed2150e
[2725000] SCOREBOARD MATCH: wdata passthrough beat=134 expected = dd47d6d0ca2337ca, actual =dd47d6d0ca2337ca
[2725000] SCOREBOARD MATCH: wdata passthrough beat=135 expected = 15ca537b2a26035b, actual =15ca537b2a26035b
[2725000] SCOREBOARD MATCH: wdata passthrough beat=136 expected = e8f81869d138e90f, actual =e8f81869d138e90f
[2725000] SCOREBOARD MATCH: wdata passthrough beat=137 expected = 1b5c20d9ccc3f693, actual =1b5c20d9ccc3f693
[2725000] SCOREBOARD MATCH: wdata passthrough beat=138 expected = f6e9f9eec63fef39, actual =f6e9f9eec63fef39
[2725000] SCOREBOARD MATCH: wdata passthrough beat=139 expected = 9778d84831267454, actual =9778d84831267454
[2725000] SCOREBOARD MATCH: wdata passthrough beat=140 expected = fdea6ae7dfe21257, actual =fdea6ae7dfe21257
[2725000] SCOREBOARD MATCH: wdata passthrough beat=141 expected = a6220190b2d4f921, actual =a6220190b2d4f921
[2725000] SCOREBOARD MATCH: wdata passthrough beat=142 expected = e3fb6d75f4d464d5, actual =e3fb6d75f4d464d5
[2725000] SCOREBOARD MATCH: wdata passthrough beat=143 expected = d4b6772c3d9ad9d9, actual =d4b6772c3d9ad9d9
[2725000] SCOREBOARD MATCH: wdata passthrough beat=144 expected = f06fd2fae1e5d85c, actual =f06fd2fae1e5d85c
[2725000] SCOREBOARD MATCH: wdata passthrough beat=145 expected = d6ba3d31fad878bc, actual =d6ba3d31fad878bc
[2725000] SCOREBOARD MATCH: wdata passthrough beat=146 expected = b8735295d46b4070, actual =b8735295d46b4070
[2725000] SCOREBOARD MATCH: wdata passthrough beat=147 expected = b65118ccab70b45d, actual =b65118ccab70b45d
[2725000] SCOREBOARD MATCH: wdata passthrough beat=148 expected = 26492d1a28e32590, actual =26492d1a28e32590
[2725000] SCOREBOARD MATCH: wdata passthrough beat=149 expected = fd4e66000d0b55fe, actual =fd4e66000d0b55fe
[2725000] SCOREBOARD MATCH: wdata passthrough beat=150 expected = b87c0a5bdebc7faf, actual =b87c0a5bdebc7faf
[2725000] SCOREBOARD MATCH: wdata passthrough beat=151 expected = 879fa53fb39f7ecc, actual =879fa53fb39f7ecc
[2725000] SCOREBOARD MATCH: wdata passthrough beat=152 expected = c0aad4cadec53775, actual =c0aad4cadec53775
[2725000] SCOREBOARD MATCH: wdata passthrough beat=153 expected = 3d81b72584ee0b3f, actual =3d81b72584ee0b3f
[2725000] SCOREBOARD MATCH: wdata passthrough beat=154 expected = 388d8a0cf926df26, actual =388d8a0cf926df26
[2725000] SCOREBOARD MATCH: wdata passthrough beat=155 expected = d7ec169bc5215c64, actual =d7ec169bc5215c64
[2725000] SCOREBOARD MATCH: wdata passthrough beat=156 expected = ca0f67a4f9385ed6, actual =ca0f67a4f9385ed6
[2725000] SCOREBOARD MATCH: wdata passthrough beat=157 expected = f25f3dfc956dcdc0, actual =f25f3dfc956dcdc0
[2725000] SCOREBOARD MATCH: wdata passthrough beat=158 expected = da8f2a25029cf1b0, actual =da8f2a25029cf1b0
[2725000] SCOREBOARD MATCH: wdata passthrough beat=159 expected = fbd55086ca4b5498, actual =fbd55086ca4b5498
[2725000] SCOREBOARD MATCH: wdata passthrough beat=160 expected = dfb92258249e91c9, actual =dfb92258249e91c9
[2725000] SCOREBOARD MATCH: wdata passthrough beat=161 expected = 273b8379ee348e83, actual =273b8379ee348e83
[2725000] SCOREBOARD MATCH: wdata passthrough beat=162 expected = 387fe31bba484c7d, actual =387fe31bba484c7d
[2725000] SCOREBOARD MATCH: wdata passthrough beat=163 expected = dee6de46a310d3ff, actual =dee6de46a310d3ff
[2725000] SCOREBOARD MATCH: wdata passthrough beat=164 expected = 9145628298390573, actual =9145628298390573
[2725000] SCOREBOARD MATCH: wdata passthrough beat=165 expected = d28151f1862261bf, actual =d28151f1862261bf
[2725000] SCOREBOARD MATCH: wdata passthrough beat=166 expected = 293335bfc9c5459d, actual =293335bfc9c5459d
[2725000] SCOREBOARD MATCH: wdata passthrough beat=167 expected = e1fe4b11b1683037, actual =e1fe4b11b1683037
[2725000] SCOREBOARD MATCH: wdata passthrough beat=168 expected = 378a91f7ba789841, actual =378a91f7ba789841
[2725000] SCOREBOARD MATCH: wdata passthrough beat=169 expected = 43ddddf347f9d02, actual =43ddddf347f9d02
[2725000] SCOREBOARD MATCH: wdata passthrough beat=170 expected = e5e7cd39e0bdc7b6, actual =e5e7cd39e0bdc7b6
[2725000] SCOREBOARD MATCH: wdata passthrough beat=171 expected = 9b365ff7e63c28f0, actual =9b365ff7e63c28f0
[2725000] SCOREBOARD MATCH: wdata passthrough beat=172 expected = 1abbc5f29d725f30, actual =1abbc5f29d725f30
[2725000] SCOREBOARD MATCH: wdata passthrough beat=173 expected = fe3026e69f743dd6, actual =fe3026e69f743dd6
[2725000] SCOREBOARD MATCH: wdata passthrough beat=174 expected = 85b066c680a3932b, actual =85b066c680a3932b
[2725000] SCOREBOARD MATCH: wdata passthrough beat=175 expected = 1e15f25c196686de, actual =1e15f25c196686de
[2725000] SCOREBOARD MATCH: wdata passthrough beat=176 expected = b8dac4b4a06c2cb8, actual =b8dac4b4a06c2cb8
[2725000] SCOREBOARD MATCH: wdata passthrough beat=177 expected = 210fbfe49c461942, actual =210fbfe49c461942
[2725000] SCOREBOARD MATCH: wdata passthrough beat=178 expected = b5aca0203e8b2b7b, actual =b5aca0203e8b2b7b
[2725000] SCOREBOARD MATCH: wdata passthrough beat=179 expected = def758333f25b240, actual =def758333f25b240
[2725000] SCOREBOARD MATCH: wdata passthrough beat=180 expected = db6bcb82ee8764d5, actual =db6bcb82ee8764d5
[2725000] SCOREBOARD MATCH: wdata passthrough beat=181 expected = 2d12905080071817, actual =2d12905080071817
[2725000] SCOREBOARD MATCH: wdata passthrough beat=182 expected = bf2cca5711186ba3, actual =bf2cca5711186ba3
[2725000] SCOREBOARD MATCH: wdata passthrough beat=183 expected = ff9fd0788c09e883, actual =ff9fd0788c09e883
[2725000] SCOREBOARD MATCH: wdata passthrough beat=184 expected = c11009b1a9895da, actual =c11009b1a9895da
[2725000] SCOREBOARD MATCH: wdata passthrough beat=185 expected = 2bb1017d2cb260c8, actual =2bb1017d2cb260c8
[2725000] SCOREBOARD MATCH: wdata passthrough beat=186 expected = b8bc494bcb3dcaf2, actual =b8bc494bcb3dcaf2
[2725000] SCOREBOARD MATCH: wdata passthrough beat=187 expected = e5d660cc2b50d1f5, actual =e5d660cc2b50d1f5
[2725000] SCOREBOARD MATCH: wdata passthrough beat=188 expected = d80332bdc4cd49e6, actual =d80332bdc4cd49e6
[2725000] SCOREBOARD MATCH: wdata passthrough beat=189 expected = 100b14d991876249, actual =100b14d991876249
[2725000] SCOREBOARD MATCH: wdata passthrough beat=190 expected = bcd8343e90bf7c08, actual =bcd8343e90bf7c08
[2725000] SCOREBOARD MATCH: wdata passthrough beat=191 expected = d58cc5eff5e175a5, actual =d58cc5eff5e175a5
[2725000] SCOREBOARD MATCH: wdata passthrough beat=192 expected = 768d7ef94db66fb, actual =768d7ef94db66fb
[2725000] SCOREBOARD MATCH: wdata passthrough beat=193 expected = 259ae304e597dac8, actual =259ae304e597dac8
[2725000] SCOREBOARD MATCH: wdata passthrough beat=194 expected = db79506dc4410c2d, actual =db79506dc4410c2d
[2725000] SCOREBOARD MATCH: wdata passthrough beat=195 expected = d91c7329fb27a8f3, actual =d91c7329fb27a8f3
[2725000] SCOREBOARD MATCH: wdata passthrough beat=196 expected = e0bf83bbe2e2285c, actual =e0bf83bbe2e2285c
[2725000] SCOREBOARD MATCH: wdata passthrough beat=197 expected = 2723348afeb7562d, actual =2723348afeb7562d
[2725000] SCOREBOARD MATCH: wdata passthrough beat=198 expected = f9deff20bc38d428, actual =f9deff20bc38d428
[2725000] SCOREBOARD MATCH: wdata passthrough beat=199 expected = 1f1afc85003fa7b3, actual =1f1afc85003fa7b3
[2725000] SCOREBOARD MATCH: wdata passthrough beat=200 expected = fef6fde0da9e82db, actual =fef6fde0da9e82db
[2725000] SCOREBOARD MATCH: wdata passthrough beat=201 expected = 96d75703c63e310f, actual =96d75703c63e310f
[2725000] SCOREBOARD MATCH: wdata passthrough beat=202 expected = c67dd8c2f8d5fd00, actual =c67dd8c2f8d5fd00
[2725000] SCOREBOARD MATCH: wdata passthrough beat=203 expected = d3747fdbb5f25388, actual =d3747fdbb5f25388
[2725000] SCOREBOARD MATCH: wdata passthrough beat=204 expected = fc308497c574d6a2, actual =fc308497c574d6a2
[2725000] SCOREBOARD MATCH: wdata passthrough beat=205 expected = 3e4ad3a2ea4bd6de, actual =3e4ad3a2ea4bd6de
[2725000] SCOREBOARD MATCH: wdata passthrough beat=206 expected = 203e2a67c2ae5d59, actual =203e2a67c2ae5d59
[2725000] SCOREBOARD MATCH: wdata passthrough beat=207 expected = 882333fb11bf537d, actual =882333fb11bf537d
[2725000] SCOREBOARD MATCH: wdata passthrough beat=208 expected = fc0b2a5b9c6eaefe, actual =fc0b2a5b9c6eaefe
[2725000] SCOREBOARD MATCH: wdata passthrough beat=209 expected = df1d0c58c66e079d, actual =df1d0c58c66e079d
[2725000] SCOREBOARD MATCH: wdata passthrough beat=210 expected = d82d5b1a9c4954c2, actual =d82d5b1a9c4954c2
[2725000] SCOREBOARD MATCH: wdata passthrough beat=211 expected = 38b803c1e7404053, actual =38b803c1e7404053
[2725000] SCOREBOARD MATCH: wdata passthrough beat=212 expected = 2dae47f1d4388576, actual =2dae47f1d4388576
[2725000] SCOREBOARD MATCH: wdata passthrough beat=213 expected = f081da3817d51019, actual =f081da3817d51019
[2725000] SCOREBOARD MATCH: wdata passthrough beat=214 expected = ff15506c85dba30b, actual =ff15506c85dba30b
[2725000] SCOREBOARD MATCH: wdata passthrough beat=215 expected = da142881a939ddf9, actual =da142881a939ddf9
[2725000] SCOREBOARD MATCH: wdata passthrough beat=216 expected = c10eee12acc3985d, actual =c10eee12acc3985d
[2725000] SCOREBOARD MATCH: wdata passthrough beat=217 expected = 329f3b69ca9602ba, actual =329f3b69ca9602ba
[2725000] SCOREBOARD MATCH: wdata passthrough beat=218 expected = f3cfe0b3c0243e7f, actual =f3cfe0b3c0243e7f
[2725000] SCOREBOARD MATCH: wstrb size check expected = db, actual =db
[2725000] SCOREBOARD MATCH: wstrb passthrough beat=0 expected = ea, actual =ea
[2725000] SCOREBOARD MATCH: wstrb passthrough beat=1 expected = dc, actual =dc
[2725000] SCOREBOARD MATCH: wstrb passthrough beat=2 expected = c6, actual =c6
[2725000] SCOREBOARD MATCH: wstrb passthrough beat=3 expected = a4, actual =a4
[2725000] SCOREBOARD MATCH: wstrb passthrough beat=4 expected = 45, actual =45
[2725000] SCOREBOARD MATCH: wstrb passthrough beat=5 expected = 45, actual =45
[2725000] SCOREBOARD MATCH: wstrb passthrough beat=6 expected = 58, actual =58
[2725000] SCOREBOARD MATCH: wstrb passthrough beat=7 expected = 30, actual =30
[2725000] SCOREBOARD MATCH: wstrb passthrough beat=8 expected = 21, actual =21
[2725000] SCOREBOARD MATCH: wstrb passthrough beat=9 expected = 1e, actual =1e
[2725000] SCOREBOARD MATCH: wstrb passthrough beat=10 expected = d4, actual =d4
[2725000] SCOREBOARD MATCH: wstrb passthrough beat=11 expected = 67, actual =67
[2725000] SCOREBOARD MATCH: wstrb passthrough beat=12 expected = 63, actual =63
[2725000] SCOREBOARD MATCH: wstrb passthrough beat=13 expected = 2c, actual =2c
[2725000] SCOREBOARD MATCH: wstrb passthrough beat=14 expected = 97, actual =97
[2725000] SCOREBOARD MATCH: wstrb passthrough beat=15 expected = 84, actual =84
[2725000] SCOREBOARD MATCH: wstrb passthrough beat=16 expected = 4a, actual =4a
[2725000] SCOREBOARD MATCH: wstrb passthrough beat=17 expected = 6b, actual =6b
[2725000] SCOREBOARD MATCH: wstrb passthrough beat=18 expected = eb, actual =eb
[2725000] SCOREBOARD MATCH: wstrb passthrough beat=19 expected = ad, actual =ad
[2725000] SCOREBOARD MATCH: wstrb passthrough beat=20 expected = 98, actual =98
[2725000] SCOREBOARD MATCH: wstrb passthrough beat=21 expected = 82, actual =82
[2725000] SCOREBOARD MATCH: wstrb passthrough beat=22 expected = 32, actual =32
[2725000] SCOREBOARD MATCH: wstrb passthrough beat=23 expected = e2, actual =e2
[2725000] SCOREBOARD MATCH: wstrb passthrough beat=24 expected = ee, actual =ee
[2725000] SCOREBOARD MATCH: wstrb passthrough beat=25 expected = 1d, actual =1d
[2725000] SCOREBOARD MATCH: wstrb passthrough beat=26 expected = 90, actual =90
[2725000] SCOREBOARD MATCH: wstrb passthrough beat=27 expected = 86, actual =86
[2725000] SCOREBOARD MATCH: wstrb passthrough beat=28 expected = a0, actual =a0
[2725000] SCOREBOARD MATCH: wstrb passthrough beat=29 expected = c2, actual =c2
[2725000] SCOREBOARD MATCH: wstrb passthrough beat=30 expected = 68, actual =68
[2725000] SCOREBOARD MATCH: wstrb passthrough beat=31 expected = 8e, actual =8e
[2725000] SCOREBOARD MATCH: wstrb passthrough beat=32 expected = df, actual =df
[2725000] SCOREBOARD MATCH: wstrb passthrough beat=33 expected = f8, actual =f8
[2725000] SCOREBOARD MATCH: wstrb passthrough beat=34 expected = 14, actual =14
[2725000] SCOREBOARD MATCH: wstrb passthrough beat=35 expected = 7f, actual =7f
[2725000] SCOREBOARD MATCH: wstrb passthrough beat=36 expected = ba, actual =ba
[2725000] SCOREBOARD MATCH: wstrb passthrough beat=37 expected = 7c, actual =7c
[2725000] SCOREBOARD MATCH: wstrb passthrough beat=38 expected = d, actual =d
[2725000] SCOREBOARD MATCH: wstrb passthrough beat=39 expected = 9a, actual =9a
[2725000] SCOREBOARD MATCH: wstrb passthrough beat=40 expected = 75, actual =75
[2725000] SCOREBOARD MATCH: wstrb passthrough beat=41 expected = 21, actual =21
[2725000] SCOREBOARD MATCH: wstrb passthrough beat=42 expected = 19, actual =19
[2725000] SCOREBOARD MATCH: wstrb passthrough beat=43 expected = 2f, actual =2f
[2725000] SCOREBOARD MATCH: wstrb passthrough beat=44 expected = 9e, actual =9e
[2725000] SCOREBOARD MATCH: wstrb passthrough beat=45 expected = 27, actual =27
[2725000] SCOREBOARD MATCH: wstrb passthrough beat=46 expected = c9, actual =c9
[2725000] SCOREBOARD MATCH: wstrb passthrough beat=47 expected = 13, actual =13
[2725000] SCOREBOARD MATCH: wstrb passthrough beat=48 expected = 48, actual =48
[2725000] SCOREBOARD MATCH: wstrb passthrough beat=49 expected = e3, actual =e3
[2725000] SCOREBOARD MATCH: wstrb passthrough beat=50 expected = 42, actual =42
[2725000] SCOREBOARD MATCH: wstrb passthrough beat=51 expected = e6, actual =e6
[2725000] SCOREBOARD MATCH: wstrb passthrough beat=52 expected = a, actual =a
[2725000] SCOREBOARD MATCH: wstrb passthrough beat=53 expected = c, actual =c
[2725000] SCOREBOARD MATCH: wstrb passthrough beat=54 expected = f9, actual =f9
[2725000] SCOREBOARD MATCH: wstrb passthrough beat=55 expected = 52, actual =52
[2725000] SCOREBOARD MATCH: wstrb passthrough beat=56 expected = ef, actual =ef
[2725000] SCOREBOARD MATCH: wstrb passthrough beat=57 expected = 3c, actual =3c
[2725000] SCOREBOARD MATCH: wstrb passthrough beat=58 expected = 39, actual =39
[2725000] SCOREBOARD MATCH: wstrb passthrough beat=59 expected = f9, actual =f9
[2725000] SCOREBOARD MATCH: wstrb passthrough beat=60 expected = 48, actual =48
[2725000] SCOREBOARD MATCH: wstrb passthrough beat=61 expected = 32, actual =32
[2725000] SCOREBOARD MATCH: wstrb passthrough beat=62 expected = 4b, actual =4b
[2725000] SCOREBOARD MATCH: wstrb passthrough beat=63 expected = 37, actual =37
[2725000] SCOREBOARD MATCH: wstrb passthrough beat=64 expected = 6e, actual =6e
[2725000] SCOREBOARD MATCH: wstrb passthrough beat=65 expected = 84, actual =84
[2725000] SCOREBOARD MATCH: wstrb passthrough beat=66 expected = 30, actual =30
[2725000] SCOREBOARD MATCH: wstrb passthrough beat=67 expected = b6, actual =b6
[2725000] SCOREBOARD MATCH: wstrb passthrough beat=68 expected = b7, actual =b7
[2725000] SCOREBOARD MATCH: wstrb passthrough beat=69 expected = 7b, actual =7b
[2725000] SCOREBOARD MATCH: wstrb passthrough beat=70 expected = ed, actual =ed
[2725000] SCOREBOARD MATCH: wstrb passthrough beat=71 expected = 25, actual =25
[2725000] SCOREBOARD MATCH: wstrb passthrough beat=72 expected = 0, actual =0
[2725000] SCOREBOARD MATCH: wstrb passthrough beat=73 expected = 1d, actual =1d
[2725000] SCOREBOARD MATCH: wstrb passthrough beat=74 expected = dc, actual =dc
[2725000] SCOREBOARD MATCH: wstrb passthrough beat=75 expected = b7, actual =b7
[2725000] SCOREBOARD MATCH: wstrb passthrough beat=76 expected = 99, actual =99
[2725000] SCOREBOARD MATCH: wstrb passthrough beat=77 expected = c9, actual =c9
[2725000] SCOREBOARD MATCH: wstrb passthrough beat=78 expected = dc, actual =dc
[2725000] SCOREBOARD MATCH: wstrb passthrough beat=79 expected = 99, actual =99
[2725000] SCOREBOARD MATCH: wstrb passthrough beat=80 expected = e7, actual =e7
[2725000] SCOREBOARD MATCH: wstrb passthrough beat=81 expected = b8, actual =b8
[2725000] SCOREBOARD MATCH: wstrb passthrough beat=82 expected = 50, actual =50
[2725000] SCOREBOARD MATCH: wstrb passthrough beat=83 expected = 80, actual =80
[2725000] SCOREBOARD MATCH: wstrb passthrough beat=84 expected = 82, actual =82
[2725000] SCOREBOARD MATCH: wstrb passthrough beat=85 expected = 2c, actual =2c
[2725000] SCOREBOARD MATCH: wstrb passthrough beat=86 expected = 19, actual =19
[2725000] SCOREBOARD MATCH: wstrb passthrough beat=87 expected = 69, actual =69
[2725000] SCOREBOARD MATCH: wstrb passthrough beat=88 expected = e5, actual =e5
[2725000] SCOREBOARD MATCH: wstrb passthrough beat=89 expected = 69, actual =69
[2725000] SCOREBOARD MATCH: wstrb passthrough beat=90 expected = e9, actual =e9
[2725000] SCOREBOARD MATCH: wstrb passthrough beat=91 expected = 67, actual =67
[2725000] SCOREBOARD MATCH: wstrb passthrough beat=92 expected = 95, actual =95
[2725000] SCOREBOARD MATCH: wstrb passthrough beat=93 expected = 2, actual =2
[2725000] SCOREBOARD MATCH: wstrb passthrough beat=94 expected = d0, actual =d0
[2725000] SCOREBOARD MATCH: wstrb passthrough beat=95 expected = 7a, actual =7a
[2725000] SCOREBOARD MATCH: wstrb passthrough beat=96 expected = 6b, actual =6b
[2725000] SCOREBOARD MATCH: wstrb passthrough beat=97 expected = b9, actual =b9
[2725000] SCOREBOARD MATCH: wstrb passthrough beat=98 expected = e1, actual =e1
[2725000] SCOREBOARD MATCH: wstrb passthrough beat=99 expected = 0, actual =0
[2725000] SCOREBOARD MATCH: wstrb passthrough beat=100 expected = bb, actual =bb
[2725000] SCOREBOARD MATCH: wstrb passthrough beat=101 expected = b1, actual =b1
[2725000] SCOREBOARD MATCH: wstrb passthrough beat=102 expected = 7b, actual =7b
[2725000] SCOREBOARD MATCH: wstrb passthrough beat=103 expected = 26, actual =26
[2725000] SCOREBOARD MATCH: wstrb passthrough beat=104 expected = 6a, actual =6a
[2725000] SCOREBOARD MATCH: wstrb passthrough beat=105 expected = 5c, actual =5c
[2725000] SCOREBOARD MATCH: wstrb passthrough beat=106 expected = 26, actual =26
[2725000] SCOREBOARD MATCH: wstrb passthrough beat=107 expected = 25, actual =25
[2725000] SCOREBOARD MATCH: wstrb passthrough beat=108 expected = e, actual =e
[2725000] SCOREBOARD MATCH: wstrb passthrough beat=109 expected = a1, actual =a1
[2725000] SCOREBOARD MATCH: wstrb passthrough beat=110 expected = 4b, actual =4b
[2725000] SCOREBOARD MATCH: wstrb passthrough beat=111 expected = 78, actual =78
[2725000] SCOREBOARD MATCH: wstrb passthrough beat=112 expected = fe, actual =fe
[2725000] SCOREBOARD MATCH: wstrb passthrough beat=113 expected = 72, actual =72
[2725000] SCOREBOARD MATCH: wstrb passthrough beat=114 expected = 9e, actual =9e
[2725000] SCOREBOARD MATCH: wstrb passthrough beat=115 expected = c, actual =c
[2725000] SCOREBOARD MATCH: wstrb passthrough beat=116 expected = 13, actual =13
[2725000] SCOREBOARD MATCH: wstrb passthrough beat=117 expected = e9, actual =e9
[2725000] SCOREBOARD MATCH: wstrb passthrough beat=118 expected = 84, actual =84
[2725000] SCOREBOARD MATCH: wstrb passthrough beat=119 expected = 11, actual =11
[2725000] SCOREBOARD MATCH: wstrb passthrough beat=120 expected = 5b, actual =5b
[2725000] SCOREBOARD MATCH: wstrb passthrough beat=121 expected = 22, actual =22
[2725000] SCOREBOARD MATCH: wstrb passthrough beat=122 expected = 1d, actual =1d
[2725000] SCOREBOARD MATCH: wstrb passthrough beat=123 expected = 6f, actual =6f
[2725000] SCOREBOARD MATCH: wstrb passthrough beat=124 expected = c, actual =c
[2725000] SCOREBOARD MATCH: wstrb passthrough beat=125 expected = a2, actual =a2
[2725000] SCOREBOARD MATCH: wstrb passthrough beat=126 expected = 80, actual =80
[2725000] SCOREBOARD MATCH: wstrb passthrough beat=127 expected = 67, actual =67
[2725000] SCOREBOARD MATCH: wstrb passthrough beat=128 expected = c4, actual =c4
[2725000] SCOREBOARD MATCH: wstrb passthrough beat=129 expected = 9e, actual =9e
[2725000] SCOREBOARD MATCH: wstrb passthrough beat=130 expected = d6, actual =d6
[2725000] SCOREBOARD MATCH: wstrb passthrough beat=131 expected = d0, actual =d0
[2725000] SCOREBOARD MATCH: wstrb passthrough beat=132 expected = 40, actual =40
[2725000] SCOREBOARD MATCH: wstrb passthrough beat=133 expected = 57, actual =57
[2725000] SCOREBOARD MATCH: wstrb passthrough beat=134 expected = 38, actual =38
[2725000] SCOREBOARD MATCH: wstrb passthrough beat=135 expected = 4, actual =4
[2725000] SCOREBOARD MATCH: wstrb passthrough beat=136 expected = f5, actual =f5
[2725000] SCOREBOARD MATCH: wstrb passthrough beat=137 expected = e, actual =e
[2725000] SCOREBOARD MATCH: wstrb passthrough beat=138 expected = d5, actual =d5
[2725000] SCOREBOARD MATCH: wstrb passthrough beat=139 expected = 35, actual =35
[2725000] SCOREBOARD MATCH: wstrb passthrough beat=140 expected = 65, actual =65
[2725000] SCOREBOARD MATCH: wstrb passthrough beat=141 expected = d, actual =d
[2725000] SCOREBOARD MATCH: wstrb passthrough beat=142 expected = 39, actual =39
[2725000] SCOREBOARD MATCH: wstrb passthrough beat=143 expected = 5a, actual =5a
[2725000] SCOREBOARD MATCH: wstrb passthrough beat=144 expected = 1b, actual =1b
[2725000] SCOREBOARD MATCH: wstrb passthrough beat=145 expected = e, actual =e
[2725000] SCOREBOARD MATCH: wstrb passthrough beat=146 expected = 8f, actual =8f
[2725000] SCOREBOARD MATCH: wstrb passthrough beat=147 expected = 81, actual =81
[2725000] SCOREBOARD MATCH: wstrb passthrough beat=148 expected = 1b, actual =1b
[2725000] SCOREBOARD MATCH: wstrb passthrough beat=149 expected = c9, actual =c9
[2725000] SCOREBOARD MATCH: wstrb passthrough beat=150 expected = db, actual =db
[2725000] SCOREBOARD MATCH: wstrb passthrough beat=151 expected = 37, actual =37
[2725000] SCOREBOARD MATCH: wstrb passthrough beat=152 expected = d7, actual =d7
[2725000] SCOREBOARD MATCH: wstrb passthrough beat=153 expected = 6b, actual =6b
[2725000] SCOREBOARD MATCH: wstrb passthrough beat=154 expected = b8, actual =b8
[2725000] SCOREBOARD MATCH: wstrb passthrough beat=155 expected = f3, actual =f3
[2725000] SCOREBOARD MATCH: wstrb passthrough beat=156 expected = 34, actual =34
[2725000] SCOREBOARD MATCH: wstrb passthrough beat=157 expected = 93, actual =93
[2725000] SCOREBOARD MATCH: wstrb passthrough beat=158 expected = 2a, actual =2a
[2725000] SCOREBOARD MATCH: wstrb passthrough beat=159 expected = b, actual =b
[2725000] SCOREBOARD MATCH: wstrb passthrough beat=160 expected = fe, actual =fe
[2725000] SCOREBOARD MATCH: wstrb passthrough beat=161 expected = e2, actual =e2
[2725000] SCOREBOARD MATCH: wstrb passthrough beat=162 expected = fe, actual =fe
[2725000] SCOREBOARD MATCH: wstrb passthrough beat=163 expected = 32, actual =32
[2725000] SCOREBOARD MATCH: wstrb passthrough beat=164 expected = 75, actual =75
[2725000] SCOREBOARD MATCH: wstrb passthrough beat=165 expected = 28, actual =28
[2725000] SCOREBOARD MATCH: wstrb passthrough beat=166 expected = 3e, actual =3e
[2725000] SCOREBOARD MATCH: wstrb passthrough beat=167 expected = 74, actual =74
[2725000] SCOREBOARD MATCH: wstrb passthrough beat=168 expected = a, actual =a
[2725000] SCOREBOARD MATCH: wstrb passthrough beat=169 expected = 3c, actual =3c
[2725000] SCOREBOARD MATCH: wstrb passthrough beat=170 expected = a6, actual =a6
[2725000] SCOREBOARD MATCH: wstrb passthrough beat=171 expected = 80, actual =80
[2725000] SCOREBOARD MATCH: wstrb passthrough beat=172 expected = 65, actual =65
[2725000] SCOREBOARD MATCH: wstrb passthrough beat=173 expected = e4, actual =e4
[2725000] SCOREBOARD MATCH: wstrb passthrough beat=174 expected = f4, actual =f4
[2725000] SCOREBOARD MATCH: wstrb passthrough beat=175 expected = 6f, actual =6f
[2725000] SCOREBOARD MATCH: wstrb passthrough beat=176 expected = 21, actual =21
[2725000] SCOREBOARD MATCH: wstrb passthrough beat=177 expected = 9a, actual =9a
[2725000] SCOREBOARD MATCH: wstrb passthrough beat=178 expected = ef, actual =ef
[2725000] SCOREBOARD MATCH: wstrb passthrough beat=179 expected = 86, actual =86
[2725000] SCOREBOARD MATCH: wstrb passthrough beat=180 expected = 7f, actual =7f
[2725000] SCOREBOARD MATCH: wstrb passthrough beat=181 expected = e3, actual =e3
[2725000] SCOREBOARD MATCH: wstrb passthrough beat=182 expected = f5, actual =f5
[2725000] SCOREBOARD MATCH: wstrb passthrough beat=183 expected = a0, actual =a0
[2725000] SCOREBOARD MATCH: wstrb passthrough beat=184 expected = 7e, actual =7e
[2725000] SCOREBOARD MATCH: wstrb passthrough beat=185 expected = e5, actual =e5
[2725000] SCOREBOARD MATCH: wstrb passthrough beat=186 expected = 26, actual =26
[2725000] SCOREBOARD MATCH: wstrb passthrough beat=187 expected = fd, actual =fd
[2725000] SCOREBOARD MATCH: wstrb passthrough beat=188 expected = c8, actual =c8
[2725000] SCOREBOARD MATCH: wstrb passthrough beat=189 expected = 1b, actual =1b
[2725000] SCOREBOARD MATCH: wstrb passthrough beat=190 expected = 9d, actual =9d
[2725000] SCOREBOARD MATCH: wstrb passthrough beat=191 expected = 46, actual =46
[2725000] SCOREBOARD MATCH: wstrb passthrough beat=192 expected = 0, actual =0
[2725000] SCOREBOARD MATCH: wstrb passthrough beat=193 expected = c3, actual =c3
[2725000] SCOREBOARD MATCH: wstrb passthrough beat=194 expected = 43, actual =43
[2725000] SCOREBOARD MATCH: wstrb passthrough beat=195 expected = c9, actual =c9
[2725000] SCOREBOARD MATCH: wstrb passthrough beat=196 expected = de, actual =de
[2725000] SCOREBOARD MATCH: wstrb passthrough beat=197 expected = e0, actual =e0
[2725000] SCOREBOARD MATCH: wstrb passthrough beat=198 expected = f, actual =f
[2725000] SCOREBOARD MATCH: wstrb passthrough beat=199 expected = df, actual =df
[2725000] SCOREBOARD MATCH: wstrb passthrough beat=200 expected = a3, actual =a3
[2725000] SCOREBOARD MATCH: wstrb passthrough beat=201 expected = 53, actual =53
[2725000] SCOREBOARD MATCH: wstrb passthrough beat=202 expected = a8, actual =a8
[2725000] SCOREBOARD MATCH: wstrb passthrough beat=203 expected = 82, actual =82
[2725000] SCOREBOARD MATCH: wstrb passthrough beat=204 expected = 33, actual =33
[2725000] SCOREBOARD MATCH: wstrb passthrough beat=205 expected = b7, actual =b7
[2725000] SCOREBOARD MATCH: wstrb passthrough beat=206 expected = 61, actual =61
[2725000] SCOREBOARD MATCH: wstrb passthrough beat=207 expected = d7, actual =d7
[2725000] SCOREBOARD MATCH: wstrb passthrough beat=208 expected = a, actual =a
[2725000] SCOREBOARD MATCH: wstrb passthrough beat=209 expected = 9, actual =9
[2725000] SCOREBOARD MATCH: wstrb passthrough beat=210 expected = 59, actual =59
[2725000] SCOREBOARD MATCH: wstrb passthrough beat=211 expected = 3e, actual =3e
[2725000] SCOREBOARD MATCH: wstrb passthrough beat=212 expected = c0, actual =c0
[2725000] SCOREBOARD MATCH: wstrb passthrough beat=213 expected = ba, actual =ba
[2725000] SCOREBOARD MATCH: wstrb passthrough beat=214 expected = 15, actual =15
[2725000] SCOREBOARD MATCH: wstrb passthrough beat=215 expected = cb, actual =cb
[2725000] SCOREBOARD MATCH: wstrb passthrough beat=216 expected = c3, actual =c3
[2725000] SCOREBOARD MATCH: wstrb passthrough beat=217 expected = 6e, actual =6e
[2725000] SCOREBOARD MATCH: wstrb passthrough beat=218 expected = 9, actual =9
[2725000] SCOREBOARD MATCH: bresp passthrough expected = 0, actual =0
[2725000] SCOREBOARD MATCH: response routed to correct master (write) expected = 0, actual =0
[2725000] [SCOREBOARD-M] mst_id=0 s_id=1 awaddr=1fc37418 awid=1001 awlen=218 awsize=2 awburst=1 wdata=[b5f02db9fad9c369 f9788ebde26daad0 db2a5afeb61e57c e63ba8e5c80fc895 2a7d7365c3a2d368 af04b8e4dfb437a3 27c4003838301914 fbd2ec7c154061ca f4f4996dd241739d a718cb12ad7a561 c018072b1cb899a5 eefa0d428644792d b11c1e8e350ca098 d1c53a3df96b99f3 ffb01320f13425b9 a640c651c0bf477f 3a2ae17230cc31af a2005768f806008e b8c5480db9daf492 eaa72641c8411dba c0471e48f2f0297f 2ccb1e120ca77daa d4e89b64f90c6656 ebfc8fd597724453 a419c1fd952fb9ac 8e3c200298c7ade7 3039f23bf9025d61 e32170efa38afd8 93005dbfd453b438 cd56119a9c6e3710 96a6e6e8c33a4ffa 178e0433db8828a8 f7f65fb829a744a8 ece194a2e4e415cd c06c3e750e9d46a1 38448b49846f98d5 e953aea2b8629e2d c6ffe4cea5261feb 2995b8c1a9bfed17 e2228b45ff447017 246a900392e96763 3ca9547ba9227013 2866e02bce0048c4 e0e9b0271ecbdfc0 c7ee4fd3ccd1702e 1ad1b8f29d9304a2 bc5ee462f0552ffe bd26a02cfbbb6919 194e6dbc044d3436 f4a26434d7f8591e d3b3c238d5ad521e d9fa865431c90461 89c15d7fed022ff4 c2af8212ce9cea89 65eeeadd751fb7 ca774fab1caa0867 eb46f2f08a274c69 e79c6c210d26d1be 29d0da25ebace1da f5d42e43b213bbcc bf3a8d8a1517cd15 c4aeefdd709a64 f845631e90b67af fe2334c4f698dd32 d4097797cebee3bb 37ca4b6bfee7e3b3 f580c0e6e38dcdc8 b24cb183b5ed802f 34d563e3c98a387d 2d180645ea16fcee 20047d1e2a5624c9 f3e05d46df64b7c8 c97bb4b7d4d9e101 ff3005ca20f8638b 805d1b53e98031d5 3e5a12d6f3106310 1408c69bc9d8d00a b35901df3d8a18a0 309a7bb09465e1ee de3eb1f9f1b314b5 af3d2d55c4a3424b d90924399197b3d8 34ac88edfd7a905 a47aeb50b747d632 c8df8a0bb287f5e3 125f9ee9fd840f8a b4cbe5bccc2a5299 feb2487cb6da8a39 b45e99c3fdab6fc7 c9d5c2609111e765 c7ec719fe92a7f80 e6d5ef47c8880add d999f242fc4b0b62 e5758ae230abb1a8 f933bc85a18663e1 1dd16f44cc4b7a2a fcf72bd2d2cdaec7 f45412a98346fa26 cf927450f62ae857 c8f8971e122581ed 956c7c13cc89a022 c2b48879bd4ca9c7 cf722bb4e4fef064 b18890860bad1f98 c8f9c95fe4dea7c8 c9dd982cf43d1900 ffea3898186bf514 fd4a9cdcfb6628b2 efa341b2c8e401f7 e14ff70bc7283508 c28e5dbaef8d7a4a 38717c42de9a93e7 a5c2c8ef32319f6d a1bf19b799c1734d f85c0735e85126aa 1a82c617da3095f9 f3f209479e1ed024 866ff6cebc41dfce 167275c8ec4e107c 8a6ce0a0a0f2bce5 dd349cb40a647f0f f6b28f8b10dcd76f b1cf9454f3a7127c fe0b918b811f702b 91fc479a8f043108 82ab4384f4be2116 f5dd9141c3cbdbef d2d00cf780b6d50f f574f62507d9d8dc cba5b4cbd57b507c d632258beb528767 f32c60439e75c1c2 f3f1123ecba71bb1 36f9a3183ed2150e dd47d6d0ca2337ca 15ca537b2a26035b e8f81869d138e90f 1b5c20d9ccc3f693 f6e9f9eec63fef39 9778d84831267454 fdea6ae7dfe21257 a6220190b2d4f921 e3fb6d75f4d464d5 d4b6772c3d9ad9d9 f06fd2fae1e5d85c d6ba3d31fad878bc b8735295d46b4070 b65118ccab70b45d 26492d1a28e32590 fd4e66000d0b55fe b87c0a5bdebc7faf 879fa53fb39f7ecc c0aad4cadec53775 3d81b72584ee0b3f 388d8a0cf926df26 d7ec169bc5215c64 ca0f67a4f9385ed6 f25f3dfc956dcdc0 da8f2a25029cf1b0 fbd55086ca4b5498 dfb92258249e91c9 273b8379ee348e83 387fe31bba484c7d dee6de46a310d3ff 9145628298390573 d28151f1862261bf 293335bfc9c5459d e1fe4b11b1683037 378a91f7ba789841 43ddddf347f9d02 e5e7cd39e0bdc7b6 9b365ff7e63c28f0 1abbc5f29d725f30 fe3026e69f743dd6 85b066c680a3932b 1e15f25c196686de b8dac4b4a06c2cb8 210fbfe49c461942 b5aca0203e8b2b7b def758333f25b240 db6bcb82ee8764d5 2d12905080071817 bf2cca5711186ba3 ff9fd0788c09e883 c11009b1a9895da 2bb1017d2cb260c8 b8bc494bcb3dcaf2 e5d660cc2b50d1f5 d80332bdc4cd49e6 100b14d991876249 bcd8343e90bf7c08 d58cc5eff5e175a5 768d7ef94db66fb 259ae304e597dac8 db79506dc4410c2d d91c7329fb27a8f3 e0bf83bbe2e2285c 2723348afeb7562d f9deff20bc38d428 1f1afc85003fa7b3 fef6fde0da9e82db 96d75703c63e310f c67dd8c2f8d5fd00 d3747fdbb5f25388 fc308497c574d6a2 3e4ad3a2ea4bd6de 203e2a67c2ae5d59 882333fb11bf537d fc0b2a5b9c6eaefe df1d0c58c66e079d d82d5b1a9c4954c2 38b803c1e7404053 2dae47f1d4388576 f081da3817d51019 ff15506c85dba30b da142881a939ddf9 c10eee12acc3985d 329f3b69ca9602ba f3cfe0b3c0243e7f ] wstrb=[ea dc c6 a4 45 45 58 30 21 1e d4 67 63 2c 97 84 4a 6b eb ad 98 82 32 e2 ee 1d 90 86 a0 c2 68 8e df f8 14 7f ba 7c d 9a 75 21 19 2f 9e 27 c9 13 48 e3 42 e6 a c f9 52 ef 3c 39 f9 48 32 4b 37 6e 84 30 b6 b7 7b ed 25 0 1d dc b7 99 c9 dc 99 e7 b8 50 80 82 2c 19 69 e5 69 e9 67 95 2 d0 7a 6b b9 e1 0 bb b1 7b 26 6a 5c 26 25 e a1 4b 78 fe 72 9e c 13 e9 84 11 5b 22 1d 6f c a2 80 67 c4 9e d6 d0 40 57 38 4 f5 e d5 35 65 d 39 5a 1b e 8f 81 1b c9 db 37 d7 6b b8 f3 34 93 2a b fe e2 fe 32 75 28 3e 74 a 3c a6 80 65 e4 f4 6f 21 9a ef 86 7f e3 f5 a0 7e e5 26 fd c8 1b 9d 46 0 c3 43 c9 de e0 f df a3 53 a8 82 33 b7 61 d7 a 9 59 3e c0 ba 15 cb c3 6e 9 ] bresp=0 bid=1001
[2725000] [SCOREBOARD-S] mst_id=0 s_id=1 awaddr=1fc37418 awid=1001 awlen=218 awsize=2 awburst=1 wdata=[b5f02db9fad9c369 f9788ebde26daad0 db2a5afeb61e57c e63ba8e5c80fc895 2a7d7365c3a2d368 af04b8e4dfb437a3 27c4003838301914 fbd2ec7c154061ca f4f4996dd241739d a718cb12ad7a561 c018072b1cb899a5 eefa0d428644792d b11c1e8e350ca098 d1c53a3df96b99f3 ffb01320f13425b9 a640c651c0bf477f 3a2ae17230cc31af a2005768f806008e b8c5480db9daf492 eaa72641c8411dba c0471e48f2f0297f 2ccb1e120ca77daa d4e89b64f90c6656 ebfc8fd597724453 a419c1fd952fb9ac 8e3c200298c7ade7 3039f23bf9025d61 e32170efa38afd8 93005dbfd453b438 cd56119a9c6e3710 96a6e6e8c33a4ffa 178e0433db8828a8 f7f65fb829a744a8 ece194a2e4e415cd c06c3e750e9d46a1 38448b49846f98d5 e953aea2b8629e2d c6ffe4cea5261feb 2995b8c1a9bfed17 e2228b45ff447017 246a900392e96763 3ca9547ba9227013 2866e02bce0048c4 e0e9b0271ecbdfc0 c7ee4fd3ccd1702e 1ad1b8f29d9304a2 bc5ee462f0552ffe bd26a02cfbbb6919 194e6dbc044d3436 f4a26434d7f8591e d3b3c238d5ad521e d9fa865431c90461 89c15d7fed022ff4 c2af8212ce9cea89 65eeeadd751fb7 ca774fab1caa0867 eb46f2f08a274c69 e79c6c210d26d1be 29d0da25ebace1da f5d42e43b213bbcc bf3a8d8a1517cd15 c4aeefdd709a64 f845631e90b67af fe2334c4f698dd32 d4097797cebee3bb 37ca4b6bfee7e3b3 f580c0e6e38dcdc8 b24cb183b5ed802f 34d563e3c98a387d 2d180645ea16fcee 20047d1e2a5624c9 f3e05d46df64b7c8 c97bb4b7d4d9e101 ff3005ca20f8638b 805d1b53e98031d5 3e5a12d6f3106310 1408c69bc9d8d00a b35901df3d8a18a0 309a7bb09465e1ee de3eb1f9f1b314b5 af3d2d55c4a3424b d90924399197b3d8 34ac88edfd7a905 a47aeb50b747d632 c8df8a0bb287f5e3 125f9ee9fd840f8a b4cbe5bccc2a5299 feb2487cb6da8a39 b45e99c3fdab6fc7 c9d5c2609111e765 c7ec719fe92a7f80 e6d5ef47c8880add d999f242fc4b0b62 e5758ae230abb1a8 f933bc85a18663e1 1dd16f44cc4b7a2a fcf72bd2d2cdaec7 f45412a98346fa26 cf927450f62ae857 c8f8971e122581ed 956c7c13cc89a022 c2b48879bd4ca9c7 cf722bb4e4fef064 b18890860bad1f98 c8f9c95fe4dea7c8 c9dd982cf43d1900 ffea3898186bf514 fd4a9cdcfb6628b2 efa341b2c8e401f7 e14ff70bc7283508 c28e5dbaef8d7a4a 38717c42de9a93e7 a5c2c8ef32319f6d a1bf19b799c1734d f85c0735e85126aa 1a82c617da3095f9 f3f209479e1ed024 866ff6cebc41dfce 167275c8ec4e107c 8a6ce0a0a0f2bce5 dd349cb40a647f0f f6b28f8b10dcd76f b1cf9454f3a7127c fe0b918b811f702b 91fc479a8f043108 82ab4384f4be2116 f5dd9141c3cbdbef d2d00cf780b6d50f f574f62507d9d8dc cba5b4cbd57b507c d632258beb528767 f32c60439e75c1c2 f3f1123ecba71bb1 36f9a3183ed2150e dd47d6d0ca2337ca 15ca537b2a26035b e8f81869d138e90f 1b5c20d9ccc3f693 f6e9f9eec63fef39 9778d84831267454 fdea6ae7dfe21257 a6220190b2d4f921 e3fb6d75f4d464d5 d4b6772c3d9ad9d9 f06fd2fae1e5d85c d6ba3d31fad878bc b8735295d46b4070 b65118ccab70b45d 26492d1a28e32590 fd4e66000d0b55fe b87c0a5bdebc7faf 879fa53fb39f7ecc c0aad4cadec53775 3d81b72584ee0b3f 388d8a0cf926df26 d7ec169bc5215c64 ca0f67a4f9385ed6 f25f3dfc956dcdc0 da8f2a25029cf1b0 fbd55086ca4b5498 dfb92258249e91c9 273b8379ee348e83 387fe31bba484c7d dee6de46a310d3ff 9145628298390573 d28151f1862261bf 293335bfc9c5459d e1fe4b11b1683037 378a91f7ba789841 43ddddf347f9d02 e5e7cd39e0bdc7b6 9b365ff7e63c28f0 1abbc5f29d725f30 fe3026e69f743dd6 85b066c680a3932b 1e15f25c196686de b8dac4b4a06c2cb8 210fbfe49c461942 b5aca0203e8b2b7b def758333f25b240 db6bcb82ee8764d5 2d12905080071817 bf2cca5711186ba3 ff9fd0788c09e883 c11009b1a9895da 2bb1017d2cb260c8 b8bc494bcb3dcaf2 e5d660cc2b50d1f5 d80332bdc4cd49e6 100b14d991876249 bcd8343e90bf7c08 d58cc5eff5e175a5 768d7ef94db66fb 259ae304e597dac8 db79506dc4410c2d d91c7329fb27a8f3 e0bf83bbe2e2285c 2723348afeb7562d f9deff20bc38d428 1f1afc85003fa7b3 fef6fde0da9e82db 96d75703c63e310f c67dd8c2f8d5fd00 d3747fdbb5f25388 fc308497c574d6a2 3e4ad3a2ea4bd6de 203e2a67c2ae5d59 882333fb11bf537d fc0b2a5b9c6eaefe df1d0c58c66e079d d82d5b1a9c4954c2 38b803c1e7404053 2dae47f1d4388576 f081da3817d51019 ff15506c85dba30b da142881a939ddf9 c10eee12acc3985d 329f3b69ca9602ba f3cfe0b3c0243e7f ] wstrb=[ea dc c6 a4 45 45 58 30 21 1e d4 67 63 2c 97 84 4a 6b eb ad 98 82 32 e2 ee 1d 90 86 a0 c2 68 8e df f8 14 7f ba 7c d 9a 75 21 19 2f 9e 27 c9 13 48 e3 42 e6 a c f9 52 ef 3c 39 f9 48 32 4b 37 6e 84 30 b6 b7 7b ed 25 0 1d dc b7 99 c9 dc 99 e7 b8 50 80 82 2c 19 69 e5 69 e9 67 95 2 d0 7a 6b b9 e1 0 bb b1 7b 26 6a 5c 26 25 e a1 4b 78 fe 72 9e c 13 e9 84 11 5b 22 1d 6f c a2 80 67 c4 9e d6 d0 40 57 38 4 f5 e d5 35 65 d 39 5a 1b e 8f 81 1b c9 db 37 d7 6b b8 f3 34 93 2a b fe e2 fe 32 75 28 3e 74 a 3c a6 80 65 e4 f4 6f 21 9a ef 86 7f e3 f5 a0 7e e5 26 fd c8 1b 9d 46 0 c3 43 c9 de e0 f df a3 53 a8 82 33 b7 61 d7 a 9 59 3e c0 ba 15 cb c3 6e 9 ] bresp=0 bid=1001
[2725000] SCOREBOARD: Transaction 4 received. pass=572 fail=0
[2725000] ALL PASS. Total transactions: 4
[2735000] S1 MEMORY WRITE beat=1 addr=1e1ea848 data=f61798c9d269f755 id=0c
[2735000] MASTER 0 W_VALID_RDY Handshake beat=7 wlast=0
[2745000] MASTER 0 W_VALID_RDY Handshake beat=8 wlast=0
[2745000] S1 MEMORY WRITE beat=2 addr=1e1ea848 data=d05d45cb254d575e id=0c
[2755000] S1 MEMORY WRITE beat=3 addr=1e1ea848 data=c5c6e062cb797d98 id=0c
[2755000] MASTER 0 W_VALID_RDY Handshake beat=9 wlast=0
[2765000] MASTER 0 W_VALID_RDY Handshake beat=10 wlast=0
[2765000] S1 MEMORY WRITE beat=4 addr=1e1ea848 data=1de374edbeed8724 id=0c
[2775000] S1 MEMORY WRITE beat=5 addr=1e1ea848 data=e43ade823bde792c id=0c
[2775000] MASTER 0 W_VALID_RDY Handshake beat=11 wlast=0
[2785000] MASTER 0 W_VALID_RDY Handshake beat=12 wlast=0
[2785000] S1 MEMORY WRITE beat=6 addr=1e1ea848 data=0757f6c4ee40bab8 id=0c
[2795000] S1 MEMORY WRITE beat=7 addr=1e1ea848 data=2d2e41dd2a01bee5 id=0c
[2795000] MASTER 0 W_VALID_RDY Handshake beat=13 wlast=0
[2805000] MASTER 0 W_VALID_RDY Handshake beat=14 wlast=1
[2805000] S1 MEMORY WRITE beat=8 addr=1e1ea848 data=e5e03811253b6bb1 id=0c
[2815000] S1 MEMORY WRITE beat=9 addr=1e1ea848 data=937c26699169205f id=0c
[2825000] S1 MEMORY WRITE beat=10 addr=1e1ea848 data=bb6adf44ed382ed5 id=0c
[2835000] S1 MEMORY WRITE beat=11 addr=1e1ea848 data=12739a86c0aa6846 id=0c
[2845000] S1 MEMORY WRITE beat=12 addr=1e1ea848 data=d21388a6a14b1755 id=0c
[2855000] S1 MEMORY WRITE beat=13 addr=1e1ea848 data=8e83462aa5efc0ef id=0c
[2865000] S1 MEMORY WRITE beat=14 addr=1e1ea848 data=e69a29368d7e67ea id=0c
[2875000] SLAVE1 sent B resp, id=12
[2875000] [SLAVE MONITOR] mst_id=0 s_id=1 awaddr=1e1ea848 awid=1100 awlen=14 awsize=5 awburst=0 wdata=[ee904159a0798904 f61798c9d269f755 d05d45cb254d575e c5c6e062cb797d98 1de374edbeed8724 e43ade823bde792c 757f6c4ee40bab8 2d2e41dd2a01bee5 e5e03811253b6bb1 937c26699169205f bb6adf44ed382ed5 12739a86c0aa6846 d21388a6a14b1755 8e83462aa5efc0ef e69a29368d7e67ea ] wstrb=[b0 40 dc a0 6a c6 d6 1b 6 b2 bb 71 78 91 8c ] bresp=0 bid=1100
[2895000] MASTER 0 B_VALID_RDY Handshake
[2895000] [MASTER MONITOR] mst_id=0 s_id=1 awaddr=1e1ea848 awid=1100 awlen=14 awsize=5 awburst=0 wdata=[ee904159a0798904 f61798c9d269f755 d05d45cb254d575e c5c6e062cb797d98 1de374edbeed8724 e43ade823bde792c 757f6c4ee40bab8 2d2e41dd2a01bee5 e5e03811253b6bb1 937c26699169205f bb6adf44ed382ed5 12739a86c0aa6846 d21388a6a14b1755 8e83462aa5efc0ef e69a29368d7e67ea ] wstrb=[b0 40 dc a0 6a c6 d6 1b 6 b2 bb 71 78 91 8c ] bresp=0 bid=1100
[2895000] MASTER 0 RECEIVED BRESP. BRESP=0
[2895000] [MASTER DRIVER] mst_id=0 s_id=0 awaddr=1e1ea848 awid=1100 awlen=14 awsize=5 awburst=0 wdata=[ee904159a0798904 f61798c9d269f755 d05d45cb254d575e c5c6e062cb797d98 1de374edbeed8724 e43ade823bde792c 757f6c4ee40bab8 2d2e41dd2a01bee5 e5e03811253b6bb1 937c26699169205f bb6adf44ed382ed5 12739a86c0aa6846 d21388a6a14b1755 8e83462aa5efc0ef e69a29368d7e67ea ] wstrb=[b0 40 dc a0 6a c6 d6 1b 6 b2 bb 71 78 91 8c ] bresp=0 bid=1100
[2895000] SCOREBOARD MATCH: decode_err expected = 0, actual =0
[2895000] SCOREBOARD MATCH: slave_id expected = 1, actual =1
[2895000] SCOREBOARD MATCH: awaddr passthrough expected = 1e1ea848, actual =1e1ea848
[2895000] SCOREBOARD MATCH: awlen passthrough expected = 14, actual =14
[2895000] SCOREBOARD MATCH: awsize passthrough expected = 5, actual =5
[2895000] SCOREBOARD MATCH: awburst passthrough expected = 0, actual =0
[2895000] SCOREBOARD MATCH: wdata size check expected = f, actual =f
[2895000] SCOREBOARD MATCH: wdata passthrough beat=0 expected = ee904159a0798904, actual =ee904159a0798904
[2895000] SCOREBOARD MATCH: wdata passthrough beat=1 expected = f61798c9d269f755, actual =f61798c9d269f755
[2895000] SCOREBOARD MATCH: wdata passthrough beat=2 expected = d05d45cb254d575e, actual =d05d45cb254d575e
[2895000] SCOREBOARD MATCH: wdata passthrough beat=3 expected = c5c6e062cb797d98, actual =c5c6e062cb797d98
[2895000] SCOREBOARD MATCH: wdata passthrough beat=4 expected = 1de374edbeed8724, actual =1de374edbeed8724
[2895000] SCOREBOARD MATCH: wdata passthrough beat=5 expected = e43ade823bde792c, actual =e43ade823bde792c
[2895000] SCOREBOARD MATCH: wdata passthrough beat=6 expected = 757f6c4ee40bab8, actual =757f6c4ee40bab8
[2895000] SCOREBOARD MATCH: wdata passthrough beat=7 expected = 2d2e41dd2a01bee5, actual =2d2e41dd2a01bee5
[2895000] SCOREBOARD MATCH: wdata passthrough beat=8 expected = e5e03811253b6bb1, actual =e5e03811253b6bb1
[2895000] SCOREBOARD MATCH: wdata passthrough beat=9 expected = 937c26699169205f, actual =937c26699169205f
[2895000] SCOREBOARD MATCH: wdata passthrough beat=10 expected = bb6adf44ed382ed5, actual =bb6adf44ed382ed5
[2895000] SCOREBOARD MATCH: wdata passthrough beat=11 expected = 12739a86c0aa6846, actual =12739a86c0aa6846
[2895000] SCOREBOARD MATCH: wdata passthrough beat=12 expected = d21388a6a14b1755, actual =d21388a6a14b1755
[2895000] SCOREBOARD MATCH: wdata passthrough beat=13 expected = 8e83462aa5efc0ef, actual =8e83462aa5efc0ef
[2895000] SCOREBOARD MATCH: wdata passthrough beat=14 expected = e69a29368d7e67ea, actual =e69a29368d7e67ea
[2895000] SCOREBOARD MATCH: wstrb size check expected = f, actual =f
[2895000] SCOREBOARD MATCH: wstrb passthrough beat=0 expected = b0, actual =b0
[2895000] SCOREBOARD MATCH: wstrb passthrough beat=1 expected = 40, actual =40
[2895000] SCOREBOARD MATCH: wstrb passthrough beat=2 expected = dc, actual =dc
[2895000] SCOREBOARD MATCH: wstrb passthrough beat=3 expected = a0, actual =a0
[2895000] SCOREBOARD MATCH: wstrb passthrough beat=4 expected = 6a, actual =6a
[2895000] SCOREBOARD MATCH: wstrb passthrough beat=5 expected = c6, actual =c6
[2895000] SCOREBOARD MATCH: wstrb passthrough beat=6 expected = d6, actual =d6
[2895000] SCOREBOARD MATCH: wstrb passthrough beat=7 expected = 1b, actual =1b
[2895000] SCOREBOARD MATCH: wstrb passthrough beat=8 expected = 6, actual =6
[2895000] SCOREBOARD MATCH: wstrb passthrough beat=9 expected = b2, actual =b2
[2895000] SCOREBOARD MATCH: wstrb passthrough beat=10 expected = bb, actual =bb
[2895000] SCOREBOARD MATCH: wstrb passthrough beat=11 expected = 71, actual =71
[2895000] SCOREBOARD MATCH: wstrb passthrough beat=12 expected = 78, actual =78
[2895000] SCOREBOARD MATCH: wstrb passthrough beat=13 expected = 91, actual =91
[2895000] SCOREBOARD MATCH: wstrb passthrough beat=14 expected = 8c, actual =8c
[2895000] SCOREBOARD MATCH: bresp passthrough expected = 0, actual =0
[2895000] SCOREBOARD MATCH: response routed to correct master (write) expected = 0, actual =0
[2895000] [SCOREBOARD-M] mst_id=0 s_id=1 awaddr=1e1ea848 awid=1100 awlen=14 awsize=5 awburst=0 wdata=[ee904159a0798904 f61798c9d269f755 d05d45cb254d575e c5c6e062cb797d98 1de374edbeed8724 e43ade823bde792c 757f6c4ee40bab8 2d2e41dd2a01bee5 e5e03811253b6bb1 937c26699169205f bb6adf44ed382ed5 12739a86c0aa6846 d21388a6a14b1755 8e83462aa5efc0ef e69a29368d7e67ea ] wstrb=[b0 40 dc a0 6a c6 d6 1b 6 b2 bb 71 78 91 8c ] bresp=0 bid=1100
[2895000] [SCOREBOARD-S] mst_id=0 s_id=1 awaddr=1e1ea848 awid=1100 awlen=14 awsize=5 awburst=0 wdata=[ee904159a0798904 f61798c9d269f755 d05d45cb254d575e c5c6e062cb797d98 1de374edbeed8724 e43ade823bde792c 757f6c4ee40bab8 2d2e41dd2a01bee5 e5e03811253b6bb1 937c26699169205f bb6adf44ed382ed5 12739a86c0aa6846 d21388a6a14b1755 8e83462aa5efc0ef e69a29368d7e67ea ] wstrb=[b0 40 dc a0 6a c6 d6 1b 6 b2 bb 71 78 91 8c ] bresp=0 bid=1100
[2895000] SCOREBOARD: Transaction 5 received. pass=612 fail=0
[2895000] SCOREBOARD: Expected 5 transactions completed, PASS=612 FAIL=0
[2895000] ALL PASS. Total transactions: 5
[2895000] ALL TRANSACTIONS MONITORED
$finish called at time : 2915 ns : File "/home/nashita/Desktop/practice/axi_xbar/tb/top/axi_tb_top.sv" Line 220
exit
INFO: xsimkernel Simulation Memory Usage: 289464 KB (Peak: 337864 KB), Simulation CPU Usage: 1170 ms
INFO: [Common 17-206] Exiting xsim at Thu Sep 10 18:44:40 2026...
