#-----------------------------------------------------------
# xsim v2025.2 (64-bit)
# SW Build 6299465 on Fri Nov 14 12:34:56 MST 2025
# IP Build 6300035 on Fri Nov 14 10:48:45 MST 2025
# SharedData Build 6298862 on Thu Nov 13 04:50:51 MST 2025
# Start of session at: Thu Sep 10 18:44:09 2026
# Process ID         : 3670379
# Current directory  : /home/nashita/Desktop/practice/axi_xbar/sim
# Command line       : xsim -log regress_results/BT_run435.log -mode tcl -source {xsim.dir/tb_top_snap/xsim_script.tcl}
# Log file           : /home/nashita/Desktop/practice/axi_xbar/sim/regress_results/BT_run435.log
# Journal file       : /home/nashita/Desktop/practice/axi_xbar/sim/xsim.jou
# Running On         : vlsi-vivado
# Platform           : Ubuntu
# Operating System   : Ubuntu 24.04.4 LTS
# Processor Detail   : Intel(R) Core(TM) i5-10400 CPU @ 2.90GHz
# CPU Frequency      : 4128.089 MHz
# CPU Physical cores : 6
# CPU Logical cores  : 12
# Host memory        : 41875 MB
# Swap memory        : 27648 MB
# Total Virtual      : 69524 MB
# Available Virtual  : 62773 MB
#-----------------------------------------------------------
source xsim.dir/tb_top_snap/xsim_script.tcl
# xsim {tb_top_snap} -testplusarg BT -autoloadwcfg -runall -sv_seed 436
Time resolution is 1 ps
run -all
[0] RUNNING BASE TEST
[0] INSIDE THE BASE TEST CONSTRUCTOR
[0] ENV: before agent
[0] SLAVE CONSTRUCTED
[0] MASTER MONITOR CONSTRUCTED
[0] MASTER MONITOR CONSTRUCTED
[0] SLAVE MONITOR CONSTRUCTED
[0] SLAVE MONITOR CONSTRUCTED
[0] ARB MONITOR CONSTRUCTED
GENERATOR CONSTRUCTED
[0] ENV: after agent
[0] ENV: before scoreboard
[0] ENV: after scoreboard
[15000] [SEQUENCER] READ mst_id=1 s_id=0 araddr=190cc470 arid=0 arlen=1 arsize=3 arburst=1 rid=[] rresp=[] rdata=[]
[15000] [SEQUENCER] mst_id=1 s_id=0 awaddr=113a29b8 awid=1010 awlen=235 awsize=4 awburst=1 wdata=[d9f2fc12ee100b8c 973ff263d7f89fad e065cd8998fa65fd 870a7189cfffa2d7 a7f84284ba58c99b d3532f991e4a63ed ee4a06c4085e100e c2b6d9a9da5da122 f8a8050f96424948 9ea05956960a0942 f067aa65e6f20bd3 fd34551ce1573300 f7613c42e90faf74 d001bb489bd4ae72 fd2be172e7c8e6a7 d0d8961ccd361064 e90abed6f48d1db5 dc56045c20da5164 ee1061c8e636a049 dac3bdfead2e9a78 ce08ebdcd71b209e bd51c0e7b719c25a e4485cd3bc194da4 13346e4398157ee5 cf2f4140b25148af ee6a9654d0862f2a e89bae1033779e13 e5c8e6c2019f0497 d22533c137caef50 eb428d63d4337d16 d5d281adbac0e1d1 f28bd121d10b7425 253ef13c27f7b56f e2b89740ddce5e84 2ed9d2aafb1172e9 a3092858d5446862 b312c6e6d418c3e6 cf2a36cf05c1bf99 db0627fbe1ec9990 b6055d76f2335f28 f7f51ec18e18eee1 f0058872052f9446 f762f36ed2fb46bc e114359da60ae5e8 ab3a7a2eef58122f c25358ebd119be0f f724a3f8a29d6d9c 91f57fcba3678e88 f4814c98a25f1e26 c4fc8bc3d448d8b6 f7b0673feba5f090 8e050eb6d6f20b8e 2b3ae445ec31b3d7 d7d7a467d3019a79 29f3a60822eb4b84 f1cff5be5dcb31d 38de4d97d52e8a4d f819d5d1e6f4a3c2 ccd156dfe2d1f39f 38007dec0736d52c ee2b78ee85afa476 e8819815301a53bd 375128e9bafccfcd c0ac7444a0821601 d09c69be257ca1d7 e07971a4a92e0c59 c9b0225b87ed92a7 ad6a347ea125e5e8 ca53f2429a4c8c19 223a1ec10de3a623 af098c0b1404149d ae50a0b6cfa4533f dd87f962f95d7e4d 8d6192ead08abf77 202f12b70c91856e 85ef03bb3bb233a1 8c3cf318fdb70c19 8a489187135096a6 cf02ca47ac6c05cf 2a2311e910379543 23882be9db3fbd5f 7abc32fb46ba370 c4a338b3f28af630 cdcab38f31ced518 e63a7888e82b649c dab65accd57676be 87454bd62addb13c 930915d828810e5c fdf7851aed7fc45f 185d759bedbf70a5 16407f01053cd0f1 f2bc9550ab668b73 9925fc189438041b 9974d50c0b1a0aeb b680965eaf667b19 c39e7f358c316a5c 974b7547cfa69277 ff0d0d90dd135441 e944be9ecdcc0ba6 1d729e1dc2ab8cc5 1fbee107809033e5 ce5c3f8b9c7fabad df2b387309039fa5 8993d38aebcedda8 84e8956feea197a 7edb91fd7f01316 c3bef0bee779c1c9 e663db4391818ca9 e9719fbfcc0d7a14 b3873bddee519462 ffd3210b2d30907e f93e0a9299eb1720 883cab82e944c0cb 167551492cc54670 c6b05d90080fcc8e f1548d598fb35bdb bc78a24bceed0913 d6fcd5a107c9dea2 977d3a7d0328ffdc d21608efc85162fa d01b419cd3f5dcc9 d71edca52912de90 f164418ae7987c19 bb8e58e22934e594 d247c424c17f8326 a917ff3f92ad3587 bbe21b1bc3ac05ae 52b88d4e4a65822 f7538da98e29df3f d1d5e4edae438813 92e9e0353335a8c5 c15f8804d7016dc1 544f5d50a3d6ddf 3d7316a413356cf2 ea36dab3982ed60a a26c43e9fed29ea8 92080b9aef7bd088 7aaa693dfdf5a8d deb1f936fc3ee64e ebbab6d6aa16ea7c 9f6450af0ba04d0 ecf8eb1ef3655d69 1d7c47e6e8a83e40 d9624310d8b3a1f5 cc18ff5e27728cf0 101acb30c65b2e2f 1f0ed024e9954744 9107d434e97d0e40 afd83c6feb27cf82 d4bd16c7a1229f64 a9fada5cee70c93 3a0edc16e5c4eafb 6e78a60ba77ea14 95ef6a80ecbf2dd f490ddd811873805 cbff2219c36dd2be d239c59bfb786838 8cffa03dd55e18c1 98cbeb7fc6caa373 c2430bacd8fec257 ae5cdb18eb05b11a 31d0548ecf42abe9 a8416e40c728c698 b22e77b2f413603a c3560c23d69e4959 1dc70ff1e3fecc40 d8122c7aeb977a64 c235c3bdcff587a3 33f453e41b68389e 6ffb302dffcd3ae aff25b518c06805e a76eb8fcc93576bf 29324a6de3e6af35 efed2f94ae6e6bfe f7a3e2bdd924a5be 3d0b54f4975be890 c5ca548fa0d62d2a f9fad2e92cf88488 c4546d18bd6e374c de446477370627dd e3feac658a1ec1a7 c78cf8f4d83f3760 f455f3da853197d 3271db2525d15d6b fe1094cbf3440ba2 9b97251ff9fed419 1fd031840d55f408 99ffaace090044 c807d45d1de0c64f 2b36ba579c3124c9 ea3a250ee7d805e1 85b8cc302bd0ba01 c801decab241f96b 1a19ff4db0ef8687 dcc04088b23c03d8 e47dfd449fd2cb7d d0c2520524c21f53 d6fe232bfe97fc91 9e6ac80ead82928d d244b1e0bb7c206f ba141d00ef2d1a13 1cafaca12942d50c e4bef57bd87ee50f c7abff22eef45e81 9837338d1ed3127c f751f78be45babc3 d3500a45fcf62909 1bc93b85befdf6ad 2359a271eb873dd2 e87d66db131b3310 d21929bdf6a9acb6 e230ea888446a260 9761d570f572cc2e ec1c78e4caae5164 cef4f3c4e97aff2e deedcb5cce4d636d 18fbb4d1e656c935 cfd1c863cb0a4441 1957a7aee7f0a895 ce4771caaebf93bf f9c9d80032535c7f 9a4405149e193a2d ccd8cded93217fae c574dc2de88b76df 86a4b10cc6a2a5ed d9c4259cdfb8e142 c8445821d37d7ef9 1a2024e79f3901c9 fef1e30bcee9092d 22668827f3e44a83 931d4c4cc7363b2c 161f445a3c86ad0e 306af791120f2f58 d9456a843885cc81 f50c798fc38843dd d5977335ef64aede ] wstrb=[20 5f ba fd ee 98 33 e f8 ed c e6 85 3f f5 7d 2c 1 64 b1 40 59 2f 6c 5a 93 1d 9a ec 4c 6 46 df 23 e0 cb 70 e6 11 4f 9 f1 1b 79 d7 2c c9 e1 1e e4 5a f5 10 23 d6 2e 7 31 24 18 54 fa 46 5c 2b 6a 74 80 65 ba dc 90 25 50 10 8a a ec 1a 2f 3c 2b b9 47 17 d4 76 54 ff 30 9b 16 4 11 6a 3 41 5 19 45 17 84 48 58 89 62 9e a0 e6 e6 f9 6f 48 97 10 2e 7d 9 9e c6 a0 ae f4 1d b7 92 e3 57 40 d8 74 f7 6a 58 4e ab 30 c3 a2 9a 1b f1 45 4b b4 e8 e5 cf d9 2b 1a 8d 13 ff 5c ec 2a 76 79 3d 75 d5 29 a0 4b a2 dd c0 77 7 60 c2 a9 3e 83 21 45 e3 e3 ee 21 66 f 66 4a f3 55 6b 59 64 d2 a3 57 27 f b1 8b e1 54 e3 8 63 94 93 44 e8 76 4c 4c a e0 90 f3 56 dd 3f 61 bd cf 54 13 ac 93 74 69 62 c8 7d f 5b f1 78 be ba f5 cd ] bresp=0 bid=0
[15000] [SEQUENCER] READ mst_id=1 s_id=0 araddr=824f568 arid=2 arlen=1 arsize=3 arburst=1 rid=[] rresp=[] rdata=[]
[15000] [SEQUENCER] mst_id=1 s_id=0 awaddr=53bd6a0 awid=1010 awlen=13 awsize=3 awburst=0 wdata=[c7862d80c7f93cef c52f70e9977b6220 eb5f07df8fd03016 d7c96d05be112925 d58c8b46b2e5355f c2b565761cf8ddef db0a0714c0eb9325 f3d0c8849a7ed27b b777b06ab096925a f182257fb6862dfa d10500761281b77f c31849d9e552ee04 9bd91bfe887cb0e0 9afe685f349a6f59 ] wstrb=[74 5d 39 55 5b 92 b4 d0 ef ed 25 4a 7f d9 ] bresp=0 bid=0
[15000] [SEQUENCER] READ mst_id=0 s_id=0 araddr=b879a0 arid=0 arlen=1 arsize=3 arburst=1 rid=[] rresp=[] rdata=[]
[15000] MASTER_DRIVER1 received transaction, op=AXI_READ
[15000] MASTER_DRIVER0 received transaction, op=AXI_READ
[35000] MASTER_DRIVER1 received transaction, op=AXI_WRITE
[45000] ARB MONITOR: slave=0 m0_req=1 m1_req=0 winner=0
[45000] ARB MONITOR: slave=1 m0_req=0 m1_req=1 winner=1
[45000] AXI S0_ARVALID_RDY HANDSHAKE
[45000] MEMORY READ MISS beat=0 addr=190cc470 -> default data id=16
[45000] AXI S0_ARVALID_RDY HANDSHAKE
[45000] MEMORY READ MISS beat=0 addr=b879a0 -> default data id=0
[55000] MEMORY READ MISS beat=1 addr=b879a8 -> default data id=0
[55000] MEMORY READ MISS beat=1 addr=190cc478 -> default data id=16
[55000] SLAVE 0 R_VALID_RDY Handshake beat=0 rlast=0
[55000] SLAVE 1 R_VALID_RDY Handshake beat=0 rlast=0
[55000] MASTER 1 AW_VALID_RDY Handshake
[65000] ARB MONITOR: slave=1 m0_req=0 m1_req=1 winner=1
[65000] SLAVE 1 R_VALID_RDY Handshake beat=1 rlast=1
[65000] [SLAVE MONITOR] READ mst_id=1 s_id=1 araddr=190cc470 arid=0 arlen=1 arsize=3 arburst=1 rid=[1010] rresp=[00] rdata=[baadf00d12345678baadf00d12345678]
[65000] SLAVE 0 R_VALID_RDY Handshake beat=1 rlast=1
[65000] [SLAVE MONITOR] READ mst_id=0 s_id=0 araddr=b879a0 arid=0 arlen=1 arsize=3 arburst=1 rid=[00] rresp=[00] rdata=[baadf00d12345678baadf00d12345678]
[65000] AXI S1_AWVALID_RDY HANDSHAKE
[75000] MASTER 1 R_VALID_RDY Handshake beat=0 rlast=0
[75000] MASTER 1 W_VALID_RDY Handshake beat=0 wlast=0
[75000] MASTER 0 R_VALID_RDY Handshake beat=0 rlast=0
[85000] [MASTER DRIVER] READ mst_id=0 s_id=0 araddr=b879a0 arid=0 arlen=1 arsize=3 arburst=1 rid=[00] rresp=[00] rdata=[baadf00d12345678baadf00d12345678]
[85000] [MASTER DRIVER] READ mst_id=1 s_id=0 araddr=190cc470 arid=0 arlen=1 arsize=3 arburst=1 rid=[00] rresp=[00] rdata=[baadf00d12345678baadf00d12345678]
[85000] MASTER 0 R_VALID_RDY Handshake beat=1 rlast=1
[85000] [MASTER MONITOR] READ mst_id=0 s_id=0 araddr=b879a0 arid=0 arlen=1 arsize=3 arburst=1 rid=[00] rresp=[00] rdata=[baadf00d12345678baadf00d12345678]
[85000] MASTER 1 W_VALID_RDY Handshake beat=1 wlast=0
[85000] MASTER 1 R_VALID_RDY Handshake beat=1 rlast=1
[85000] [MASTER MONITOR] READ mst_id=1 s_id=1 araddr=190cc470 arid=0 arlen=1 arsize=3 arburst=1 rid=[00] rresp=[00] rdata=[baadf00d12345678baadf00d12345678]
[85000] S1 MEMORY WRITE beat=0 addr=113a29b8 data=d9f2fc12ee100b8c id=1a
[85000] SCOREBOARD MATCH: decode_err expected = 0, actual =0
[85000] SCOREBOARD MATCH: slave_id expected = 0, actual =0
[85000] SCOREBOARD MATCH: araddr passthrough expected = b879a0, actual =b879a0
[85000] SCOREBOARD MATCH: arlen passthrough expected = 1, actual =1
[85000] SCOREBOARD MATCH: arsize passthrough expected = 3, actual =3
[85000] SCOREBOARD MATCH: arburst passthrough expected = 1, actual =1
[85000] SCOREBOARD MATCH: rdata size check expected = 2, actual =2
[85000] SCOREBOARD MATCH: rdata passthrough beat=0 expected = baadf00d12345678, actual =baadf00d12345678
[85000] SCOREBOARD MATCH: rdata passthrough beat=1 expected = baadf00d12345678, actual =baadf00d12345678
[85000] SCOREBOARD MATCH: rresp size check expected = 2, actual =2
[85000] SCOREBOARD MATCH: rresp passthrough beat=0 expected = 0, actual =0
[85000] SCOREBOARD MATCH: rresp passthrough beat=1 expected = 0, actual =0
[85000] SCOREBOARD MATCH: response routed to correct master (read beat 0) expected = 0, actual =0
[85000] SCOREBOARD MATCH: response routed to correct master (read beat 1) expected = 0, actual =0
[85000] [SCOREBOARD-M] READ mst_id=0 s_id=0 araddr=b879a0 arid=0 arlen=1 arsize=3 arburst=1 rid=[00] rresp=[00] rdata=[baadf00d12345678baadf00d12345678]
[85000] [SCOREBOARD-S] READ mst_id=0 s_id=0 araddr=b879a0 arid=0 arlen=1 arsize=3 arburst=1 rid=[00] rresp=[00] rdata=[baadf00d12345678baadf00d12345678]
[85000] SCOREBOARD: Transaction 1 received. pass=14 fail=0
[85000] ALL PASS. Total transactions: 1
[85000] SCOREBOARD MATCH: decode_err expected = 0, actual =0
[85000] SCOREBOARD MATCH: slave_id expected = 1, actual =1
[85000] SCOREBOARD MATCH: araddr passthrough expected = 190cc470, actual =190cc470
[85000] SCOREBOARD MATCH: arlen passthrough expected = 1, actual =1
[85000] SCOREBOARD MATCH: arsize passthrough expected = 3, actual =3
[85000] SCOREBOARD MATCH: arburst passthrough expected = 1, actual =1
[85000] SCOREBOARD MATCH: rdata size check expected = 2, actual =2
[85000] SCOREBOARD MATCH: rdata passthrough beat=0 expected = baadf00d12345678, actual =baadf00d12345678
[85000] SCOREBOARD MATCH: rdata passthrough beat=1 expected = baadf00d12345678, actual =baadf00d12345678
[85000] SCOREBOARD MATCH: rresp size check expected = 2, actual =2
[85000] SCOREBOARD MATCH: rresp passthrough beat=0 expected = 0, actual =0
[85000] SCOREBOARD MATCH: rresp passthrough beat=1 expected = 0, actual =0
[85000] SCOREBOARD MATCH: response routed to correct master (read beat 0) expected = 1, actual =1
[85000] SCOREBOARD MATCH: response routed to correct master (read beat 1) expected = 1, actual =1
[85000] [SCOREBOARD-M] READ mst_id=1 s_id=1 araddr=190cc470 arid=0 arlen=1 arsize=3 arburst=1 rid=[00] rresp=[00] rdata=[baadf00d12345678baadf00d12345678]
[85000] [SCOREBOARD-S] READ mst_id=1 s_id=1 araddr=190cc470 arid=0 arlen=1 arsize=3 arburst=1 rid=[1010] rresp=[00] rdata=[baadf00d12345678baadf00d12345678]
[85000] SCOREBOARD: Transaction 2 received. pass=28 fail=0
[85000] ALL PASS. Total transactions: 2
[95000] S1 MEMORY WRITE beat=1 addr=113a29c8 data=973ff263d7f89fad id=1a
[95000] MASTER 1 W_VALID_RDY Handshake beat=2 wlast=0
[105000] MASTER 1 W_VALID_RDY Handshake beat=3 wlast=0
[105000] S1 MEMORY WRITE beat=2 addr=113a29d8 data=e065cd8998fa65fd id=1a
[115000] S1 MEMORY WRITE beat=3 addr=113a29e8 data=870a7189cfffa2d7 id=1a
[115000] MASTER 1 W_VALID_RDY Handshake beat=4 wlast=0
[125000] MASTER 1 W_VALID_RDY Handshake beat=5 wlast=0
[125000] S1 MEMORY WRITE beat=4 addr=113a29f8 data=a7f84284ba58c99b id=1a
[135000] S1 MEMORY WRITE beat=5 addr=113a2a08 data=d3532f991e4a63ed id=1a
[135000] MASTER 1 W_VALID_RDY Handshake beat=6 wlast=0
[145000] MASTER 1 W_VALID_RDY Handshake beat=7 wlast=0
[145000] S1 MEMORY WRITE beat=6 addr=113a2a18 data=ee4a06c4085e100e id=1a
[155000] S1 MEMORY WRITE beat=7 addr=113a2a28 data=c2b6d9a9da5da122 id=1a
[155000] MASTER 1 W_VALID_RDY Handshake beat=8 wlast=0
[165000] MASTER 1 W_VALID_RDY Handshake beat=9 wlast=0
[165000] S1 MEMORY WRITE beat=8 addr=113a2a38 data=f8a8050f96424948 id=1a
[175000] S1 MEMORY WRITE beat=9 addr=113a2a48 data=9ea05956960a0942 id=1a
[175000] MASTER 1 W_VALID_RDY Handshake beat=10 wlast=0
[185000] MASTER 1 W_VALID_RDY Handshake beat=11 wlast=0
[185000] S1 MEMORY WRITE beat=10 addr=113a2a58 data=f067aa65e6f20bd3 id=1a
[195000] S1 MEMORY WRITE beat=11 addr=113a2a68 data=fd34551ce1573300 id=1a
[195000] MASTER 1 W_VALID_RDY Handshake beat=12 wlast=0
[205000] MASTER 1 W_VALID_RDY Handshake beat=13 wlast=0
[205000] S1 MEMORY WRITE beat=12 addr=113a2a78 data=f7613c42e90faf74 id=1a
[215000] S1 MEMORY WRITE beat=13 addr=113a2a88 data=d001bb489bd4ae72 id=1a
[215000] MASTER 1 W_VALID_RDY Handshake beat=14 wlast=0
[225000] MASTER 1 W_VALID_RDY Handshake beat=15 wlast=0
[225000] S1 MEMORY WRITE beat=14 addr=113a2a98 data=fd2be172e7c8e6a7 id=1a
[235000] S1 MEMORY WRITE beat=15 addr=113a2aa8 data=d0d8961ccd361064 id=1a
[235000] MASTER 1 W_VALID_RDY Handshake beat=16 wlast=0
[245000] MASTER 1 W_VALID_RDY Handshake beat=17 wlast=0
[245000] S1 MEMORY WRITE beat=16 addr=113a2ab8 data=e90abed6f48d1db5 id=1a
[255000] S1 MEMORY WRITE beat=17 addr=113a2ac8 data=dc56045c20da5164 id=1a
[255000] MASTER 1 W_VALID_RDY Handshake beat=18 wlast=0
[265000] MASTER 1 W_VALID_RDY Handshake beat=19 wlast=0
[265000] S1 MEMORY WRITE beat=18 addr=113a2ad8 data=ee1061c8e636a049 id=1a
[275000] S1 MEMORY WRITE beat=19 addr=113a2ae8 data=dac3bdfead2e9a78 id=1a
[275000] MASTER 1 W_VALID_RDY Handshake beat=20 wlast=0
[285000] MASTER 1 W_VALID_RDY Handshake beat=21 wlast=0
[285000] S1 MEMORY WRITE beat=20 addr=113a2af8 data=ce08ebdcd71b209e id=1a
[295000] S1 MEMORY WRITE beat=21 addr=113a2b08 data=bd51c0e7b719c25a id=1a
[295000] MASTER 1 W_VALID_RDY Handshake beat=22 wlast=0
[305000] MASTER 1 W_VALID_RDY Handshake beat=23 wlast=0
[305000] S1 MEMORY WRITE beat=22 addr=113a2b18 data=e4485cd3bc194da4 id=1a
[315000] S1 MEMORY WRITE beat=23 addr=113a2b28 data=13346e4398157ee5 id=1a
[315000] MASTER 1 W_VALID_RDY Handshake beat=24 wlast=0
[325000] MASTER 1 W_VALID_RDY Handshake beat=25 wlast=0
[325000] S1 MEMORY WRITE beat=24 addr=113a2b38 data=cf2f4140b25148af id=1a
[335000] S1 MEMORY WRITE beat=25 addr=113a2b48 data=ee6a9654d0862f2a id=1a
[335000] MASTER 1 W_VALID_RDY Handshake beat=26 wlast=0
[345000] MASTER 1 W_VALID_RDY Handshake beat=27 wlast=0
[345000] S1 MEMORY WRITE beat=26 addr=113a2b58 data=e89bae1033779e13 id=1a
[355000] S1 MEMORY WRITE beat=27 addr=113a2b68 data=e5c8e6c2019f0497 id=1a
[355000] MASTER 1 W_VALID_RDY Handshake beat=28 wlast=0
[365000] MASTER 1 W_VALID_RDY Handshake beat=29 wlast=0
[365000] S1 MEMORY WRITE beat=28 addr=113a2b78 data=d22533c137caef50 id=1a
[375000] S1 MEMORY WRITE beat=29 addr=113a2b88 data=eb428d63d4337d16 id=1a
[375000] MASTER 1 W_VALID_RDY Handshake beat=30 wlast=0
[385000] MASTER 1 W_VALID_RDY Handshake beat=31 wlast=0
[385000] S1 MEMORY WRITE beat=30 addr=113a2b98 data=d5d281adbac0e1d1 id=1a
[395000] S1 MEMORY WRITE beat=31 addr=113a2ba8 data=f28bd121d10b7425 id=1a
[395000] MASTER 1 W_VALID_RDY Handshake beat=32 wlast=0
[405000] MASTER 1 W_VALID_RDY Handshake beat=33 wlast=0
[405000] S1 MEMORY WRITE beat=32 addr=113a2bb8 data=253ef13c27f7b56f id=1a
[415000] S1 MEMORY WRITE beat=33 addr=113a2bc8 data=e2b89740ddce5e84 id=1a
[415000] MASTER 1 W_VALID_RDY Handshake beat=34 wlast=0
[425000] MASTER 1 W_VALID_RDY Handshake beat=35 wlast=0
[425000] S1 MEMORY WRITE beat=34 addr=113a2bd8 data=2ed9d2aafb1172e9 id=1a
[435000] S1 MEMORY WRITE beat=35 addr=113a2be8 data=a3092858d5446862 id=1a
[435000] MASTER 1 W_VALID_RDY Handshake beat=36 wlast=0
[445000] MASTER 1 W_VALID_RDY Handshake beat=37 wlast=0
[445000] S1 MEMORY WRITE beat=36 addr=113a2bf8 data=b312c6e6d418c3e6 id=1a
[455000] S1 MEMORY WRITE beat=37 addr=113a2c08 data=cf2a36cf05c1bf99 id=1a
[455000] MASTER 1 W_VALID_RDY Handshake beat=38 wlast=0
[465000] MASTER 1 W_VALID_RDY Handshake beat=39 wlast=0
[465000] S1 MEMORY WRITE beat=38 addr=113a2c18 data=db0627fbe1ec9990 id=1a
[475000] S1 MEMORY WRITE beat=39 addr=113a2c28 data=b6055d76f2335f28 id=1a
[475000] MASTER 1 W_VALID_RDY Handshake beat=40 wlast=0
[485000] MASTER 1 W_VALID_RDY Handshake beat=41 wlast=0
[485000] S1 MEMORY WRITE beat=40 addr=113a2c38 data=f7f51ec18e18eee1 id=1a
[495000] S1 MEMORY WRITE beat=41 addr=113a2c48 data=f0058872052f9446 id=1a
[495000] MASTER 1 W_VALID_RDY Handshake beat=42 wlast=0
[505000] MASTER 1 W_VALID_RDY Handshake beat=43 wlast=0
[505000] S1 MEMORY WRITE beat=42 addr=113a2c58 data=f762f36ed2fb46bc id=1a
[515000] S1 MEMORY WRITE beat=43 addr=113a2c68 data=e114359da60ae5e8 id=1a
[515000] MASTER 1 W_VALID_RDY Handshake beat=44 wlast=0
[525000] MASTER 1 W_VALID_RDY Handshake beat=45 wlast=0
[525000] S1 MEMORY WRITE beat=44 addr=113a2c78 data=ab3a7a2eef58122f id=1a
[535000] S1 MEMORY WRITE beat=45 addr=113a2c88 data=c25358ebd119be0f id=1a
[535000] MASTER 1 W_VALID_RDY Handshake beat=46 wlast=0
[545000] MASTER 1 W_VALID_RDY Handshake beat=47 wlast=0
[545000] S1 MEMORY WRITE beat=46 addr=113a2c98 data=f724a3f8a29d6d9c id=1a
[555000] S1 MEMORY WRITE beat=47 addr=113a2ca8 data=91f57fcba3678e88 id=1a
[555000] MASTER 1 W_VALID_RDY Handshake beat=48 wlast=0
[565000] MASTER 1 W_VALID_RDY Handshake beat=49 wlast=0
[565000] S1 MEMORY WRITE beat=48 addr=113a2cb8 data=f4814c98a25f1e26 id=1a
[575000] S1 MEMORY WRITE beat=49 addr=113a2cc8 data=c4fc8bc3d448d8b6 id=1a
[575000] MASTER 1 W_VALID_RDY Handshake beat=50 wlast=0
[585000] MASTER 1 W_VALID_RDY Handshake beat=51 wlast=0
[585000] S1 MEMORY WRITE beat=50 addr=113a2cd8 data=f7b0673feba5f090 id=1a
[595000] S1 MEMORY WRITE beat=51 addr=113a2ce8 data=8e050eb6d6f20b8e id=1a
[595000] MASTER 1 W_VALID_RDY Handshake beat=52 wlast=0
[605000] MASTER 1 W_VALID_RDY Handshake beat=53 wlast=0
[605000] S1 MEMORY WRITE beat=52 addr=113a2cf8 data=2b3ae445ec31b3d7 id=1a
[615000] S1 MEMORY WRITE beat=53 addr=113a2d08 data=d7d7a467d3019a79 id=1a
[615000] MASTER 1 W_VALID_RDY Handshake beat=54 wlast=0
[625000] MASTER 1 W_VALID_RDY Handshake beat=55 wlast=0
[625000] S1 MEMORY WRITE beat=54 addr=113a2d18 data=29f3a60822eb4b84 id=1a
[635000] S1 MEMORY WRITE beat=55 addr=113a2d28 data=0f1cff5be5dcb31d id=1a
[635000] MASTER 1 W_VALID_RDY Handshake beat=56 wlast=0
[645000] MASTER 1 W_VALID_RDY Handshake beat=57 wlast=0
[645000] S1 MEMORY WRITE beat=56 addr=113a2d38 data=38de4d97d52e8a4d id=1a
[655000] S1 MEMORY WRITE beat=57 addr=113a2d48 data=f819d5d1e6f4a3c2 id=1a
[655000] MASTER 1 W_VALID_RDY Handshake beat=58 wlast=0
[665000] MASTER 1 W_VALID_RDY Handshake beat=59 wlast=0
[665000] S1 MEMORY WRITE beat=58 addr=113a2d58 data=ccd156dfe2d1f39f id=1a
[675000] S1 MEMORY WRITE beat=59 addr=113a2d68 data=38007dec0736d52c id=1a
[675000] MASTER 1 W_VALID_RDY Handshake beat=60 wlast=0
[685000] MASTER 1 W_VALID_RDY Handshake beat=61 wlast=0
[685000] S1 MEMORY WRITE beat=60 addr=113a2d78 data=ee2b78ee85afa476 id=1a
[695000] S1 MEMORY WRITE beat=61 addr=113a2d88 data=e8819815301a53bd id=1a
[695000] MASTER 1 W_VALID_RDY Handshake beat=62 wlast=0
[705000] MASTER 1 W_VALID_RDY Handshake beat=63 wlast=0
[705000] S1 MEMORY WRITE beat=62 addr=113a2d98 data=375128e9bafccfcd id=1a
[715000] S1 MEMORY WRITE beat=63 addr=113a2da8 data=c0ac7444a0821601 id=1a
[715000] MASTER 1 W_VALID_RDY Handshake beat=64 wlast=0
[725000] MASTER 1 W_VALID_RDY Handshake beat=65 wlast=0
[725000] S1 MEMORY WRITE beat=64 addr=113a2db8 data=d09c69be257ca1d7 id=1a
[735000] S1 MEMORY WRITE beat=65 addr=113a2dc8 data=e07971a4a92e0c59 id=1a
[735000] MASTER 1 W_VALID_RDY Handshake beat=66 wlast=0
[745000] MASTER 1 W_VALID_RDY Handshake beat=67 wlast=0
[745000] S1 MEMORY WRITE beat=66 addr=113a2dd8 data=c9b0225b87ed92a7 id=1a
[755000] S1 MEMORY WRITE beat=67 addr=113a2de8 data=ad6a347ea125e5e8 id=1a
[755000] MASTER 1 W_VALID_RDY Handshake beat=68 wlast=0
[765000] MASTER 1 W_VALID_RDY Handshake beat=69 wlast=0
[765000] S1 MEMORY WRITE beat=68 addr=113a2df8 data=ca53f2429a4c8c19 id=1a
[775000] S1 MEMORY WRITE beat=69 addr=113a2e08 data=223a1ec10de3a623 id=1a
[775000] MASTER 1 W_VALID_RDY Handshake beat=70 wlast=0
[785000] MASTER 1 W_VALID_RDY Handshake beat=71 wlast=0
[785000] S1 MEMORY WRITE beat=70 addr=113a2e18 data=af098c0b1404149d id=1a
[795000] S1 MEMORY WRITE beat=71 addr=113a2e28 data=ae50a0b6cfa4533f id=1a
[795000] MASTER 1 W_VALID_RDY Handshake beat=72 wlast=0
[805000] MASTER 1 W_VALID_RDY Handshake beat=73 wlast=0
[805000] S1 MEMORY WRITE beat=72 addr=113a2e38 data=dd87f962f95d7e4d id=1a
[815000] S1 MEMORY WRITE beat=73 addr=113a2e48 data=8d6192ead08abf77 id=1a
[815000] MASTER 1 W_VALID_RDY Handshake beat=74 wlast=0
[825000] MASTER 1 W_VALID_RDY Handshake beat=75 wlast=0
[825000] S1 MEMORY WRITE beat=74 addr=113a2e58 data=202f12b70c91856e id=1a
[835000] S1 MEMORY WRITE beat=75 addr=113a2e68 data=85ef03bb3bb233a1 id=1a
[835000] MASTER 1 W_VALID_RDY Handshake beat=76 wlast=0
[845000] MASTER 1 W_VALID_RDY Handshake beat=77 wlast=0
[845000] S1 MEMORY WRITE beat=76 addr=113a2e78 data=8c3cf318fdb70c19 id=1a
[855000] S1 MEMORY WRITE beat=77 addr=113a2e88 data=8a489187135096a6 id=1a
[855000] MASTER 1 W_VALID_RDY Handshake beat=78 wlast=0
[865000] MASTER 1 W_VALID_RDY Handshake beat=79 wlast=0
[865000] S1 MEMORY WRITE beat=78 addr=113a2e98 data=cf02ca47ac6c05cf id=1a
[875000] S1 MEMORY WRITE beat=79 addr=113a2ea8 data=2a2311e910379543 id=1a
[875000] MASTER 1 W_VALID_RDY Handshake beat=80 wlast=0
[885000] MASTER 1 W_VALID_RDY Handshake beat=81 wlast=0
[885000] S1 MEMORY WRITE beat=80 addr=113a2eb8 data=23882be9db3fbd5f id=1a
[895000] S1 MEMORY WRITE beat=81 addr=113a2ec8 data=07abc32fb46ba370 id=1a
[895000] MASTER 1 W_VALID_RDY Handshake beat=82 wlast=0
[905000] MASTER 1 W_VALID_RDY Handshake beat=83 wlast=0
[905000] S1 MEMORY WRITE beat=82 addr=113a2ed8 data=c4a338b3f28af630 id=1a
[915000] S1 MEMORY WRITE beat=83 addr=113a2ee8 data=cdcab38f31ced518 id=1a
[915000] MASTER 1 W_VALID_RDY Handshake beat=84 wlast=0
[925000] MASTER 1 W_VALID_RDY Handshake beat=85 wlast=0
[925000] S1 MEMORY WRITE beat=84 addr=113a2ef8 data=e63a7888e82b649c id=1a
[935000] S1 MEMORY WRITE beat=85 addr=113a2f08 data=dab65accd57676be id=1a
[935000] MASTER 1 W_VALID_RDY Handshake beat=86 wlast=0
[945000] MASTER 1 W_VALID_RDY Handshake beat=87 wlast=0
[945000] S1 MEMORY WRITE beat=86 addr=113a2f18 data=87454bd62addb13c id=1a
[955000] S1 MEMORY WRITE beat=87 addr=113a2f28 data=930915d828810e5c id=1a
[955000] MASTER 1 W_VALID_RDY Handshake beat=88 wlast=0
[965000] MASTER 1 W_VALID_RDY Handshake beat=89 wlast=0
[965000] S1 MEMORY WRITE beat=88 addr=113a2f38 data=fdf7851aed7fc45f id=1a
[975000] S1 MEMORY WRITE beat=89 addr=113a2f48 data=185d759bedbf70a5 id=1a
[975000] MASTER 1 W_VALID_RDY Handshake beat=90 wlast=0
[985000] MASTER 1 W_VALID_RDY Handshake beat=91 wlast=0
[985000] S1 MEMORY WRITE beat=90 addr=113a2f58 data=16407f01053cd0f1 id=1a
[995000] S1 MEMORY WRITE beat=91 addr=113a2f68 data=f2bc9550ab668b73 id=1a
[995000] MASTER 1 W_VALID_RDY Handshake beat=92 wlast=0
[1005000] MASTER 1 W_VALID_RDY Handshake beat=93 wlast=0
[1005000] S1 MEMORY WRITE beat=92 addr=113a2f78 data=9925fc189438041b id=1a
[1015000] S1 MEMORY WRITE beat=93 addr=113a2f88 data=9974d50c0b1a0aeb id=1a
[1015000] MASTER 1 W_VALID_RDY Handshake beat=94 wlast=0
[1025000] MASTER 1 W_VALID_RDY Handshake beat=95 wlast=0
[1025000] S1 MEMORY WRITE beat=94 addr=113a2f98 data=b680965eaf667b19 id=1a
[1035000] S1 MEMORY WRITE beat=95 addr=113a2fa8 data=c39e7f358c316a5c id=1a
[1035000] MASTER 1 W_VALID_RDY Handshake beat=96 wlast=0
[1045000] MASTER 1 W_VALID_RDY Handshake beat=97 wlast=0
[1045000] S1 MEMORY WRITE beat=96 addr=113a2fb8 data=974b7547cfa69277 id=1a
[1055000] S1 MEMORY WRITE beat=97 addr=113a2fc8 data=ff0d0d90dd135441 id=1a
[1055000] MASTER 1 W_VALID_RDY Handshake beat=98 wlast=0
[1065000] MASTER 1 W_VALID_RDY Handshake beat=99 wlast=0
[1065000] S1 MEMORY WRITE beat=98 addr=113a2fd8 data=e944be9ecdcc0ba6 id=1a
[1075000] S1 MEMORY WRITE beat=99 addr=113a2fe8 data=1d729e1dc2ab8cc5 id=1a
[1075000] MASTER 1 W_VALID_RDY Handshake beat=100 wlast=0
[1085000] MASTER 1 W_VALID_RDY Handshake beat=101 wlast=0
[1085000] S1 MEMORY WRITE beat=100 addr=113a2ff8 data=1fbee107809033e5 id=1a
[1095000] S1 MEMORY WRITE beat=101 addr=113a3008 data=ce5c3f8b9c7fabad id=1a
[1095000] MASTER 1 W_VALID_RDY Handshake beat=102 wlast=0
[1105000] MASTER 1 W_VALID_RDY Handshake beat=103 wlast=0
[1105000] S1 MEMORY WRITE beat=102 addr=113a3018 data=df2b387309039fa5 id=1a
[1115000] S1 MEMORY WRITE beat=103 addr=113a3028 data=8993d38aebcedda8 id=1a
[1115000] MASTER 1 W_VALID_RDY Handshake beat=104 wlast=0
[1125000] MASTER 1 W_VALID_RDY Handshake beat=105 wlast=0
[1125000] S1 MEMORY WRITE beat=104 addr=113a3038 data=084e8956feea197a id=1a
[1135000] S1 MEMORY WRITE beat=105 addr=113a3048 data=07edb91fd7f01316 id=1a
[1135000] MASTER 1 W_VALID_RDY Handshake beat=106 wlast=0
[1145000] MASTER 1 W_VALID_RDY Handshake beat=107 wlast=0
[1145000] S1 MEMORY WRITE beat=106 addr=113a3058 data=c3bef0bee779c1c9 id=1a
[1155000] S1 MEMORY WRITE beat=107 addr=113a3068 data=e663db4391818ca9 id=1a
[1155000] MASTER 1 W_VALID_RDY Handshake beat=108 wlast=0
[1165000] MASTER 1 W_VALID_RDY Handshake beat=109 wlast=0
[1165000] S1 MEMORY WRITE beat=108 addr=113a3078 data=e9719fbfcc0d7a14 id=1a
[1175000] S1 MEMORY WRITE beat=109 addr=113a3088 data=b3873bddee519462 id=1a
[1175000] MASTER 1 W_VALID_RDY Handshake beat=110 wlast=0
[1185000] MASTER 1 W_VALID_RDY Handshake beat=111 wlast=0
[1185000] S1 MEMORY WRITE beat=110 addr=113a3098 data=ffd3210b2d30907e id=1a
[1195000] S1 MEMORY WRITE beat=111 addr=113a30a8 data=f93e0a9299eb1720 id=1a
[1195000] MASTER 1 W_VALID_RDY Handshake beat=112 wlast=0
[1205000] MASTER 1 W_VALID_RDY Handshake beat=113 wlast=0
[1205000] S1 MEMORY WRITE beat=112 addr=113a30b8 data=883cab82e944c0cb id=1a
[1215000] S1 MEMORY WRITE beat=113 addr=113a30c8 data=167551492cc54670 id=1a
[1215000] MASTER 1 W_VALID_RDY Handshake beat=114 wlast=0
[1225000] MASTER 1 W_VALID_RDY Handshake beat=115 wlast=0
[1225000] S1 MEMORY WRITE beat=114 addr=113a30d8 data=c6b05d90080fcc8e id=1a
[1235000] S1 MEMORY WRITE beat=115 addr=113a30e8 data=f1548d598fb35bdb id=1a
[1235000] MASTER 1 W_VALID_RDY Handshake beat=116 wlast=0
[1245000] MASTER 1 W_VALID_RDY Handshake beat=117 wlast=0
[1245000] S1 MEMORY WRITE beat=116 addr=113a30f8 data=bc78a24bceed0913 id=1a
[1255000] S1 MEMORY WRITE beat=117 addr=113a3108 data=d6fcd5a107c9dea2 id=1a
[1255000] MASTER 1 W_VALID_RDY Handshake beat=118 wlast=0
[1265000] MASTER 1 W_VALID_RDY Handshake beat=119 wlast=0
[1265000] S1 MEMORY WRITE beat=118 addr=113a3118 data=977d3a7d0328ffdc id=1a
[1275000] S1 MEMORY WRITE beat=119 addr=113a3128 data=d21608efc85162fa id=1a
[1275000] MASTER 1 W_VALID_RDY Handshake beat=120 wlast=0
[1285000] MASTER 1 W_VALID_RDY Handshake beat=121 wlast=0
[1285000] S1 MEMORY WRITE beat=120 addr=113a3138 data=d01b419cd3f5dcc9 id=1a
[1295000] S1 MEMORY WRITE beat=121 addr=113a3148 data=d71edca52912de90 id=1a
[1295000] MASTER 1 W_VALID_RDY Handshake beat=122 wlast=0
[1305000] MASTER 1 W_VALID_RDY Handshake beat=123 wlast=0
[1305000] S1 MEMORY WRITE beat=122 addr=113a3158 data=f164418ae7987c19 id=1a
[1315000] S1 MEMORY WRITE beat=123 addr=113a3168 data=bb8e58e22934e594 id=1a
[1315000] MASTER 1 W_VALID_RDY Handshake beat=124 wlast=0
[1325000] MASTER 1 W_VALID_RDY Handshake beat=125 wlast=0
[1325000] S1 MEMORY WRITE beat=124 addr=113a3178 data=d247c424c17f8326 id=1a
[1335000] S1 MEMORY WRITE beat=125 addr=113a3188 data=a917ff3f92ad3587 id=1a
[1335000] MASTER 1 W_VALID_RDY Handshake beat=126 wlast=0
[1345000] MASTER 1 W_VALID_RDY Handshake beat=127 wlast=0
[1345000] S1 MEMORY WRITE beat=126 addr=113a3198 data=bbe21b1bc3ac05ae id=1a
[1355000] S1 MEMORY WRITE beat=127 addr=113a31a8 data=052b88d4e4a65822 id=1a
[1355000] MASTER 1 W_VALID_RDY Handshake beat=128 wlast=0
[1365000] MASTER 1 W_VALID_RDY Handshake beat=129 wlast=0
[1365000] S1 MEMORY WRITE beat=128 addr=113a31b8 data=f7538da98e29df3f id=1a
[1375000] S1 MEMORY WRITE beat=129 addr=113a31c8 data=d1d5e4edae438813 id=1a
[1375000] MASTER 1 W_VALID_RDY Handshake beat=130 wlast=0
[1385000] MASTER 1 W_VALID_RDY Handshake beat=131 wlast=0
[1385000] S1 MEMORY WRITE beat=130 addr=113a31d8 data=92e9e0353335a8c5 id=1a
[1395000] S1 MEMORY WRITE beat=131 addr=113a31e8 data=c15f8804d7016dc1 id=1a
[1395000] MASTER 1 W_VALID_RDY Handshake beat=132 wlast=0
[1405000] MASTER 1 W_VALID_RDY Handshake beat=133 wlast=0
[1405000] S1 MEMORY WRITE beat=132 addr=113a31f8 data=0544f5d50a3d6ddf id=1a
[1415000] S1 MEMORY WRITE beat=133 addr=113a3208 data=3d7316a413356cf2 id=1a
[1415000] MASTER 1 W_VALID_RDY Handshake beat=134 wlast=0
[1425000] MASTER 1 W_VALID_RDY Handshake beat=135 wlast=0
[1425000] S1 MEMORY WRITE beat=134 addr=113a3218 data=ea36dab3982ed60a id=1a
[1435000] S1 MEMORY WRITE beat=135 addr=113a3228 data=a26c43e9fed29ea8 id=1a
[1435000] MASTER 1 W_VALID_RDY Handshake beat=136 wlast=0
[1445000] MASTER 1 W_VALID_RDY Handshake beat=137 wlast=0
[1445000] S1 MEMORY WRITE beat=136 addr=113a3238 data=92080b9aef7bd088 id=1a
[1455000] S1 MEMORY WRITE beat=137 addr=113a3248 data=07aaa693dfdf5a8d id=1a
[1455000] MASTER 1 W_VALID_RDY Handshake beat=138 wlast=0
[1465000] MASTER 1 W_VALID_RDY Handshake beat=139 wlast=0
[1465000] S1 MEMORY WRITE beat=138 addr=113a3258 data=deb1f936fc3ee64e id=1a
[1475000] S1 MEMORY WRITE beat=139 addr=113a3268 data=ebbab6d6aa16ea7c id=1a
[1475000] MASTER 1 W_VALID_RDY Handshake beat=140 wlast=0
[1485000] MASTER 1 W_VALID_RDY Handshake beat=141 wlast=0
[1485000] S1 MEMORY WRITE beat=140 addr=113a3278 data=09f6450af0ba04d0 id=1a
[1495000] S1 MEMORY WRITE beat=141 addr=113a3288 data=ecf8eb1ef3655d69 id=1a
[1495000] MASTER 1 W_VALID_RDY Handshake beat=142 wlast=0
[1505000] MASTER 1 W_VALID_RDY Handshake beat=143 wlast=0
[1505000] S1 MEMORY WRITE beat=142 addr=113a3298 data=1d7c47e6e8a83e40 id=1a
[1515000] S1 MEMORY WRITE beat=143 addr=113a32a8 data=d9624310d8b3a1f5 id=1a
[1515000] MASTER 1 W_VALID_RDY Handshake beat=144 wlast=0
[1525000] MASTER 1 W_VALID_RDY Handshake beat=145 wlast=0
[1525000] S1 MEMORY WRITE beat=144 addr=113a32b8 data=cc18ff5e27728cf0 id=1a
[1535000] S1 MEMORY WRITE beat=145 addr=113a32c8 data=101acb30c65b2e2f id=1a
[1535000] MASTER 1 W_VALID_RDY Handshake beat=146 wlast=0
[1545000] MASTER 1 W_VALID_RDY Handshake beat=147 wlast=0
[1545000] S1 MEMORY WRITE beat=146 addr=113a32d8 data=1f0ed024e9954744 id=1a
[1555000] S1 MEMORY WRITE beat=147 addr=113a32e8 data=9107d434e97d0e40 id=1a
[1555000] MASTER 1 W_VALID_RDY Handshake beat=148 wlast=0
[1565000] MASTER 1 W_VALID_RDY Handshake beat=149 wlast=0
[1565000] S1 MEMORY WRITE beat=148 addr=113a32f8 data=afd83c6feb27cf82 id=1a
[1575000] S1 MEMORY WRITE beat=149 addr=113a3308 data=d4bd16c7a1229f64 id=1a
[1575000] MASTER 1 W_VALID_RDY Handshake beat=150 wlast=0
[1585000] MASTER 1 W_VALID_RDY Handshake beat=151 wlast=0
[1585000] S1 MEMORY WRITE beat=150 addr=113a3318 data=0a9fada5cee70c93 id=1a
[1595000] S1 MEMORY WRITE beat=151 addr=113a3328 data=3a0edc16e5c4eafb id=1a
[1595000] MASTER 1 W_VALID_RDY Handshake beat=152 wlast=0
[1605000] MASTER 1 W_VALID_RDY Handshake beat=153 wlast=0
[1605000] S1 MEMORY WRITE beat=152 addr=113a3338 data=06e78a60ba77ea14 id=1a
[1615000] S1 MEMORY WRITE beat=153 addr=113a3348 data=095ef6a80ecbf2dd id=1a
[1615000] MASTER 1 W_VALID_RDY Handshake beat=154 wlast=0
[1625000] MASTER 1 W_VALID_RDY Handshake beat=155 wlast=0
[1625000] S1 MEMORY WRITE beat=154 addr=113a3358 data=f490ddd811873805 id=1a
[1635000] S1 MEMORY WRITE beat=155 addr=113a3368 data=cbff2219c36dd2be id=1a
[1635000] MASTER 1 W_VALID_RDY Handshake beat=156 wlast=0
[1645000] MASTER 1 W_VALID_RDY Handshake beat=157 wlast=0
[1645000] S1 MEMORY WRITE beat=156 addr=113a3378 data=d239c59bfb786838 id=1a
[1655000] S1 MEMORY WRITE beat=157 addr=113a3388 data=8cffa03dd55e18c1 id=1a
[1655000] MASTER 1 W_VALID_RDY Handshake beat=158 wlast=0
[1665000] MASTER 1 W_VALID_RDY Handshake beat=159 wlast=0
[1665000] S1 MEMORY WRITE beat=158 addr=113a3398 data=98cbeb7fc6caa373 id=1a
[1675000] S1 MEMORY WRITE beat=159 addr=113a33a8 data=c2430bacd8fec257 id=1a
[1675000] MASTER 1 W_VALID_RDY Handshake beat=160 wlast=0
[1685000] MASTER 1 W_VALID_RDY Handshake beat=161 wlast=0
[1685000] S1 MEMORY WRITE beat=160 addr=113a33b8 data=ae5cdb18eb05b11a id=1a
[1695000] S1 MEMORY WRITE beat=161 addr=113a33c8 data=31d0548ecf42abe9 id=1a
[1695000] MASTER 1 W_VALID_RDY Handshake beat=162 wlast=0
[1705000] MASTER 1 W_VALID_RDY Handshake beat=163 wlast=0
[1705000] S1 MEMORY WRITE beat=162 addr=113a33d8 data=a8416e40c728c698 id=1a
[1715000] S1 MEMORY WRITE beat=163 addr=113a33e8 data=b22e77b2f413603a id=1a
[1715000] MASTER 1 W_VALID_RDY Handshake beat=164 wlast=0
[1725000] MASTER 1 W_VALID_RDY Handshake beat=165 wlast=0
[1725000] S1 MEMORY WRITE beat=164 addr=113a33f8 data=c3560c23d69e4959 id=1a
[1735000] S1 MEMORY WRITE beat=165 addr=113a3408 data=1dc70ff1e3fecc40 id=1a
[1735000] MASTER 1 W_VALID_RDY Handshake beat=166 wlast=0
[1745000] MASTER 1 W_VALID_RDY Handshake beat=167 wlast=0
[1745000] S1 MEMORY WRITE beat=166 addr=113a3418 data=d8122c7aeb977a64 id=1a
[1755000] S1 MEMORY WRITE beat=167 addr=113a3428 data=c235c3bdcff587a3 id=1a
[1755000] MASTER 1 W_VALID_RDY Handshake beat=168 wlast=0
[1765000] MASTER 1 W_VALID_RDY Handshake beat=169 wlast=0
[1765000] S1 MEMORY WRITE beat=168 addr=113a3438 data=33f453e41b68389e id=1a
[1775000] S1 MEMORY WRITE beat=169 addr=113a3448 data=06ffb302dffcd3ae id=1a
[1775000] MASTER 1 W_VALID_RDY Handshake beat=170 wlast=0
[1785000] MASTER 1 W_VALID_RDY Handshake beat=171 wlast=0
[1785000] S1 MEMORY WRITE beat=170 addr=113a3458 data=aff25b518c06805e id=1a
[1795000] S1 MEMORY WRITE beat=171 addr=113a3468 data=a76eb8fcc93576bf id=1a
[1795000] MASTER 1 W_VALID_RDY Handshake beat=172 wlast=0
[1805000] MASTER 1 W_VALID_RDY Handshake beat=173 wlast=0
[1805000] S1 MEMORY WRITE beat=172 addr=113a3478 data=29324a6de3e6af35 id=1a
[1815000] S1 MEMORY WRITE beat=173 addr=113a3488 data=efed2f94ae6e6bfe id=1a
[1815000] MASTER 1 W_VALID_RDY Handshake beat=174 wlast=0
[1825000] MASTER 1 W_VALID_RDY Handshake beat=175 wlast=0
[1825000] S1 MEMORY WRITE beat=174 addr=113a3498 data=f7a3e2bdd924a5be id=1a
[1835000] S1 MEMORY WRITE beat=175 addr=113a34a8 data=3d0b54f4975be890 id=1a
[1835000] MASTER 1 W_VALID_RDY Handshake beat=176 wlast=0
[1845000] MASTER 1 W_VALID_RDY Handshake beat=177 wlast=0
[1845000] S1 MEMORY WRITE beat=176 addr=113a34b8 data=c5ca548fa0d62d2a id=1a
[1855000] S1 MEMORY WRITE beat=177 addr=113a34c8 data=f9fad2e92cf88488 id=1a
[1855000] MASTER 1 W_VALID_RDY Handshake beat=178 wlast=0
[1865000] MASTER 1 W_VALID_RDY Handshake beat=179 wlast=0
[1865000] S1 MEMORY WRITE beat=178 addr=113a34d8 data=c4546d18bd6e374c id=1a
[1875000] S1 MEMORY WRITE beat=179 addr=113a34e8 data=de446477370627dd id=1a
[1875000] MASTER 1 W_VALID_RDY Handshake beat=180 wlast=0
[1885000] MASTER 1 W_VALID_RDY Handshake beat=181 wlast=0
[1885000] S1 MEMORY WRITE beat=180 addr=113a34f8 data=e3feac658a1ec1a7 id=1a
[1895000] S1 MEMORY WRITE beat=181 addr=113a3508 data=c78cf8f4d83f3760 id=1a
[1895000] MASTER 1 W_VALID_RDY Handshake beat=182 wlast=0
[1905000] MASTER 1 W_VALID_RDY Handshake beat=183 wlast=0
[1905000] S1 MEMORY WRITE beat=182 addr=113a3518 data=0f455f3da853197d id=1a
[1915000] S1 MEMORY WRITE beat=183 addr=113a3528 data=3271db2525d15d6b id=1a
[1915000] MASTER 1 W_VALID_RDY Handshake beat=184 wlast=0
[1925000] MASTER 1 W_VALID_RDY Handshake beat=185 wlast=0
[1925000] S1 MEMORY WRITE beat=184 addr=113a3538 data=fe1094cbf3440ba2 id=1a
[1935000] S1 MEMORY WRITE beat=185 addr=113a3548 data=9b97251ff9fed419 id=1a
[1935000] MASTER 1 W_VALID_RDY Handshake beat=186 wlast=0
[1945000] MASTER 1 W_VALID_RDY Handshake beat=187 wlast=0
[1945000] S1 MEMORY WRITE beat=186 addr=113a3558 data=1fd031840d55f408 id=1a
[1955000] S1 MEMORY WRITE beat=187 addr=113a3568 data=0099ffaace090044 id=1a
[1955000] MASTER 1 W_VALID_RDY Handshake beat=188 wlast=0
[1965000] MASTER 1 W_VALID_RDY Handshake beat=189 wlast=0
[1965000] S1 MEMORY WRITE beat=188 addr=113a3578 data=c807d45d1de0c64f id=1a
[1975000] S1 MEMORY WRITE beat=189 addr=113a3588 data=2b36ba579c3124c9 id=1a
[1975000] MASTER 1 W_VALID_RDY Handshake beat=190 wlast=0
[1985000] MASTER 1 W_VALID_RDY Handshake beat=191 wlast=0
[1985000] S1 MEMORY WRITE beat=190 addr=113a3598 data=ea3a250ee7d805e1 id=1a
[1995000] S1 MEMORY WRITE beat=191 addr=113a35a8 data=85b8cc302bd0ba01 id=1a
[1995000] MASTER 1 W_VALID_RDY Handshake beat=192 wlast=0
[2005000] MASTER 1 W_VALID_RDY Handshake beat=193 wlast=0
[2005000] S1 MEMORY WRITE beat=192 addr=113a35b8 data=c801decab241f96b id=1a
[2015000] S1 MEMORY WRITE beat=193 addr=113a35c8 data=1a19ff4db0ef8687 id=1a
[2015000] MASTER 1 W_VALID_RDY Handshake beat=194 wlast=0
[2025000] MASTER 1 W_VALID_RDY Handshake beat=195 wlast=0
[2025000] S1 MEMORY WRITE beat=194 addr=113a35d8 data=dcc04088b23c03d8 id=1a
[2035000] S1 MEMORY WRITE beat=195 addr=113a35e8 data=e47dfd449fd2cb7d id=1a
[2035000] MASTER 1 W_VALID_RDY Handshake beat=196 wlast=0
[2045000] MASTER 1 W_VALID_RDY Handshake beat=197 wlast=0
[2045000] S1 MEMORY WRITE beat=196 addr=113a35f8 data=d0c2520524c21f53 id=1a
[2055000] S1 MEMORY WRITE beat=197 addr=113a3608 data=d6fe232bfe97fc91 id=1a
[2055000] MASTER 1 W_VALID_RDY Handshake beat=198 wlast=0
[2065000] MASTER 1 W_VALID_RDY Handshake beat=199 wlast=0
[2065000] S1 MEMORY WRITE beat=198 addr=113a3618 data=9e6ac80ead82928d id=1a
[2075000] S1 MEMORY WRITE beat=199 addr=113a3628 data=d244b1e0bb7c206f id=1a
[2075000] MASTER 1 W_VALID_RDY Handshake beat=200 wlast=0
[2085000] MASTER 1 W_VALID_RDY Handshake beat=201 wlast=0
[2085000] S1 MEMORY WRITE beat=200 addr=113a3638 data=ba141d00ef2d1a13 id=1a
[2095000] S1 MEMORY WRITE beat=201 addr=113a3648 data=1cafaca12942d50c id=1a
[2095000] MASTER 1 W_VALID_RDY Handshake beat=202 wlast=0
[2105000] MASTER 1 W_VALID_RDY Handshake beat=203 wlast=0
[2105000] S1 MEMORY WRITE beat=202 addr=113a3658 data=e4bef57bd87ee50f id=1a
[2115000] S1 MEMORY WRITE beat=203 addr=113a3668 data=c7abff22eef45e81 id=1a
[2115000] MASTER 1 W_VALID_RDY Handshake beat=204 wlast=0
[2125000] MASTER 1 W_VALID_RDY Handshake beat=205 wlast=0
[2125000] S1 MEMORY WRITE beat=204 addr=113a3678 data=9837338d1ed3127c id=1a
[2135000] S1 MEMORY WRITE beat=205 addr=113a3688 data=f751f78be45babc3 id=1a
[2135000] MASTER 1 W_VALID_RDY Handshake beat=206 wlast=0
[2145000] MASTER 1 W_VALID_RDY Handshake beat=207 wlast=0
[2145000] S1 MEMORY WRITE beat=206 addr=113a3698 data=d3500a45fcf62909 id=1a
[2155000] S1 MEMORY WRITE beat=207 addr=113a36a8 data=1bc93b85befdf6ad id=1a
[2155000] MASTER 1 W_VALID_RDY Handshake beat=208 wlast=0
[2165000] MASTER 1 W_VALID_RDY Handshake beat=209 wlast=0
[2165000] S1 MEMORY WRITE beat=208 addr=113a36b8 data=2359a271eb873dd2 id=1a
[2175000] S1 MEMORY WRITE beat=209 addr=113a36c8 data=e87d66db131b3310 id=1a
[2175000] MASTER 1 W_VALID_RDY Handshake beat=210 wlast=0
[2185000] MASTER 1 W_VALID_RDY Handshake beat=211 wlast=0
[2185000] S1 MEMORY WRITE beat=210 addr=113a36d8 data=d21929bdf6a9acb6 id=1a
[2195000] S1 MEMORY WRITE beat=211 addr=113a36e8 data=e230ea888446a260 id=1a
[2195000] MASTER 1 W_VALID_RDY Handshake beat=212 wlast=0
[2205000] MASTER 1 W_VALID_RDY Handshake beat=213 wlast=0
[2205000] S1 MEMORY WRITE beat=212 addr=113a36f8 data=9761d570f572cc2e id=1a
[2215000] S1 MEMORY WRITE beat=213 addr=113a3708 data=ec1c78e4caae5164 id=1a
[2215000] MASTER 1 W_VALID_RDY Handshake beat=214 wlast=0
[2225000] MASTER 1 W_VALID_RDY Handshake beat=215 wlast=0
[2225000] S1 MEMORY WRITE beat=214 addr=113a3718 data=cef4f3c4e97aff2e id=1a
[2235000] S1 MEMORY WRITE beat=215 addr=113a3728 data=deedcb5cce4d636d id=1a
[2235000] MASTER 1 W_VALID_RDY Handshake beat=216 wlast=0
[2245000] MASTER 1 W_VALID_RDY Handshake beat=217 wlast=0
[2245000] S1 MEMORY WRITE beat=216 addr=113a3738 data=18fbb4d1e656c935 id=1a
[2255000] S1 MEMORY WRITE beat=217 addr=113a3748 data=cfd1c863cb0a4441 id=1a
[2255000] MASTER 1 W_VALID_RDY Handshake beat=218 wlast=0
[2265000] MASTER 1 W_VALID_RDY Handshake beat=219 wlast=0
[2265000] S1 MEMORY WRITE beat=218 addr=113a3758 data=1957a7aee7f0a895 id=1a
[2275000] S1 MEMORY WRITE beat=219 addr=113a3768 data=ce4771caaebf93bf id=1a
[2275000] MASTER 1 W_VALID_RDY Handshake beat=220 wlast=0
[2285000] MASTER 1 W_VALID_RDY Handshake beat=221 wlast=0
[2285000] S1 MEMORY WRITE beat=220 addr=113a3778 data=f9c9d80032535c7f id=1a
[2295000] S1 MEMORY WRITE beat=221 addr=113a3788 data=9a4405149e193a2d id=1a
[2295000] MASTER 1 W_VALID_RDY Handshake beat=222 wlast=0
[2305000] MASTER 1 W_VALID_RDY Handshake beat=223 wlast=0
[2305000] S1 MEMORY WRITE beat=222 addr=113a3798 data=ccd8cded93217fae id=1a
[2315000] S1 MEMORY WRITE beat=223 addr=113a37a8 data=c574dc2de88b76df id=1a
[2315000] MASTER 1 W_VALID_RDY Handshake beat=224 wlast=0
[2325000] MASTER 1 W_VALID_RDY Handshake beat=225 wlast=0
[2325000] S1 MEMORY WRITE beat=224 addr=113a37b8 data=86a4b10cc6a2a5ed id=1a
[2335000] S1 MEMORY WRITE beat=225 addr=113a37c8 data=d9c4259cdfb8e142 id=1a
[2335000] MASTER 1 W_VALID_RDY Handshake beat=226 wlast=0
[2345000] MASTER 1 W_VALID_RDY Handshake beat=227 wlast=0
[2345000] S1 MEMORY WRITE beat=226 addr=113a37d8 data=c8445821d37d7ef9 id=1a
[2355000] S1 MEMORY WRITE beat=227 addr=113a37e8 data=1a2024e79f3901c9 id=1a
[2355000] MASTER 1 W_VALID_RDY Handshake beat=228 wlast=0
[2365000] MASTER 1 W_VALID_RDY Handshake beat=229 wlast=0
[2365000] S1 MEMORY WRITE beat=228 addr=113a37f8 data=fef1e30bcee9092d id=1a
[2375000] S1 MEMORY WRITE beat=229 addr=113a3808 data=22668827f3e44a83 id=1a
[2375000] MASTER 1 W_VALID_RDY Handshake beat=230 wlast=0
[2385000] MASTER 1 W_VALID_RDY Handshake beat=231 wlast=0
[2385000] S1 MEMORY WRITE beat=230 addr=113a3818 data=931d4c4cc7363b2c id=1a
[2395000] S1 MEMORY WRITE beat=231 addr=113a3828 data=161f445a3c86ad0e id=1a
[2395000] MASTER 1 W_VALID_RDY Handshake beat=232 wlast=0
[2405000] MASTER 1 W_VALID_RDY Handshake beat=233 wlast=0
[2405000] S1 MEMORY WRITE beat=232 addr=113a3838 data=306af791120f2f58 id=1a
[2415000] S1 MEMORY WRITE beat=233 addr=113a3848 data=d9456a843885cc81 id=1a
[2415000] MASTER 1 W_VALID_RDY Handshake beat=234 wlast=0
[2425000] MASTER_DRIVER1 received transaction, op=AXI_READ
[2425000] MASTER 1 W_VALID_RDY Handshake beat=235 wlast=1
[2425000] S1 MEMORY WRITE beat=234 addr=113a3858 data=f50c798fc38843dd id=1a
[2435000] S1 MEMORY WRITE beat=235 addr=113a3868 data=d5977335ef64aede id=1a
[2445000] MASTER_DRIVER1 received transaction, op=AXI_WRITE
[2445000] SLAVE1 sent B resp, id=10
[2455000] AXI S0_ARVALID_RDY HANDSHAKE
[2455000] MEMORY READ MISS beat=0 addr=824f568 -> default data id=18
[2455000] [SLAVE MONITOR] mst_id=1 s_id=1 awaddr=113a29b8 awid=1010 awlen=235 awsize=4 awburst=1 wdata=[d9f2fc12ee100b8c 973ff263d7f89fad e065cd8998fa65fd 870a7189cfffa2d7 a7f84284ba58c99b d3532f991e4a63ed ee4a06c4085e100e c2b6d9a9da5da122 f8a8050f96424948 9ea05956960a0942 f067aa65e6f20bd3 fd34551ce1573300 f7613c42e90faf74 d001bb489bd4ae72 fd2be172e7c8e6a7 d0d8961ccd361064 e90abed6f48d1db5 dc56045c20da5164 ee1061c8e636a049 dac3bdfead2e9a78 ce08ebdcd71b209e bd51c0e7b719c25a e4485cd3bc194da4 13346e4398157ee5 cf2f4140b25148af ee6a9654d0862f2a e89bae1033779e13 e5c8e6c2019f0497 d22533c137caef50 eb428d63d4337d16 d5d281adbac0e1d1 f28bd121d10b7425 253ef13c27f7b56f e2b89740ddce5e84 2ed9d2aafb1172e9 a3092858d5446862 b312c6e6d418c3e6 cf2a36cf05c1bf99 db0627fbe1ec9990 b6055d76f2335f28 f7f51ec18e18eee1 f0058872052f9446 f762f36ed2fb46bc e114359da60ae5e8 ab3a7a2eef58122f c25358ebd119be0f f724a3f8a29d6d9c 91f57fcba3678e88 f4814c98a25f1e26 c4fc8bc3d448d8b6 f7b0673feba5f090 8e050eb6d6f20b8e 2b3ae445ec31b3d7 d7d7a467d3019a79 29f3a60822eb4b84 f1cff5be5dcb31d 38de4d97d52e8a4d f819d5d1e6f4a3c2 ccd156dfe2d1f39f 38007dec0736d52c ee2b78ee85afa476 e8819815301a53bd 375128e9bafccfcd c0ac7444a0821601 d09c69be257ca1d7 e07971a4a92e0c59 c9b0225b87ed92a7 ad6a347ea125e5e8 ca53f2429a4c8c19 223a1ec10de3a623 af098c0b1404149d ae50a0b6cfa4533f dd87f962f95d7e4d 8d6192ead08abf77 202f12b70c91856e 85ef03bb3bb233a1 8c3cf318fdb70c19 8a489187135096a6 cf02ca47ac6c05cf 2a2311e910379543 23882be9db3fbd5f 7abc32fb46ba370 c4a338b3f28af630 cdcab38f31ced518 e63a7888e82b649c dab65accd57676be 87454bd62addb13c 930915d828810e5c fdf7851aed7fc45f 185d759bedbf70a5 16407f01053cd0f1 f2bc9550ab668b73 9925fc189438041b 9974d50c0b1a0aeb b680965eaf667b19 c39e7f358c316a5c 974b7547cfa69277 ff0d0d90dd135441 e944be9ecdcc0ba6 1d729e1dc2ab8cc5 1fbee107809033e5 ce5c3f8b9c7fabad df2b387309039fa5 8993d38aebcedda8 84e8956feea197a 7edb91fd7f01316 c3bef0bee779c1c9 e663db4391818ca9 e9719fbfcc0d7a14 b3873bddee519462 ffd3210b2d30907e f93e0a9299eb1720 883cab82e944c0cb 167551492cc54670 c6b05d90080fcc8e f1548d598fb35bdb bc78a24bceed0913 d6fcd5a107c9dea2 977d3a7d0328ffdc d21608efc85162fa d01b419cd3f5dcc9 d71edca52912de90 f164418ae7987c19 bb8e58e22934e594 d247c424c17f8326 a917ff3f92ad3587 bbe21b1bc3ac05ae 52b88d4e4a65822 f7538da98e29df3f d1d5e4edae438813 92e9e0353335a8c5 c15f8804d7016dc1 544f5d50a3d6ddf 3d7316a413356cf2 ea36dab3982ed60a a26c43e9fed29ea8 92080b9aef7bd088 7aaa693dfdf5a8d deb1f936fc3ee64e ebbab6d6aa16ea7c 9f6450af0ba04d0 ecf8eb1ef3655d69 1d7c47e6e8a83e40 d9624310d8b3a1f5 cc18ff5e27728cf0 101acb30c65b2e2f 1f0ed024e9954744 9107d434e97d0e40 afd83c6feb27cf82 d4bd16c7a1229f64 a9fada5cee70c93 3a0edc16e5c4eafb 6e78a60ba77ea14 95ef6a80ecbf2dd f490ddd811873805 cbff2219c36dd2be d239c59bfb786838 8cffa03dd55e18c1 98cbeb7fc6caa373 c2430bacd8fec257 ae5cdb18eb05b11a 31d0548ecf42abe9 a8416e40c728c698 b22e77b2f413603a c3560c23d69e4959 1dc70ff1e3fecc40 d8122c7aeb977a64 c235c3bdcff587a3 33f453e41b68389e 6ffb302dffcd3ae aff25b518c06805e a76eb8fcc93576bf 29324a6de3e6af35 efed2f94ae6e6bfe f7a3e2bdd924a5be 3d0b54f4975be890 c5ca548fa0d62d2a f9fad2e92cf88488 c4546d18bd6e374c de446477370627dd e3feac658a1ec1a7 c78cf8f4d83f3760 f455f3da853197d 3271db2525d15d6b fe1094cbf3440ba2 9b97251ff9fed419 1fd031840d55f408 99ffaace090044 c807d45d1de0c64f 2b36ba579c3124c9 ea3a250ee7d805e1 85b8cc302bd0ba01 c801decab241f96b 1a19ff4db0ef8687 dcc04088b23c03d8 e47dfd449fd2cb7d d0c2520524c21f53 d6fe232bfe97fc91 9e6ac80ead82928d d244b1e0bb7c206f ba141d00ef2d1a13 1cafaca12942d50c e4bef57bd87ee50f c7abff22eef45e81 9837338d1ed3127c f751f78be45babc3 d3500a45fcf62909 1bc93b85befdf6ad 2359a271eb873dd2 e87d66db131b3310 d21929bdf6a9acb6 e230ea888446a260 9761d570f572cc2e ec1c78e4caae5164 cef4f3c4e97aff2e deedcb5cce4d636d 18fbb4d1e656c935 cfd1c863cb0a4441 1957a7aee7f0a895 ce4771caaebf93bf f9c9d80032535c7f 9a4405149e193a2d ccd8cded93217fae c574dc2de88b76df 86a4b10cc6a2a5ed d9c4259cdfb8e142 c8445821d37d7ef9 1a2024e79f3901c9 fef1e30bcee9092d 22668827f3e44a83 931d4c4cc7363b2c 161f445a3c86ad0e 306af791120f2f58 d9456a843885cc81 f50c798fc38843dd d5977335ef64aede ] wstrb=[20 5f ba fd ee 98 33 e f8 ed c e6 85 3f f5 7d 2c 1 64 b1 40 59 2f 6c 5a 93 1d 9a ec 4c 6 46 df 23 e0 cb 70 e6 11 4f 9 f1 1b 79 d7 2c c9 e1 1e e4 5a f5 10 23 d6 2e 7 31 24 18 54 fa 46 5c 2b 6a 74 80 65 ba dc 90 25 50 10 8a a ec 1a 2f 3c 2b b9 47 17 d4 76 54 ff 30 9b 16 4 11 6a 3 41 5 19 45 17 84 48 58 89 62 9e a0 e6 e6 f9 6f 48 97 10 2e 7d 9 9e c6 a0 ae f4 1d b7 92 e3 57 40 d8 74 f7 6a 58 4e ab 30 c3 a2 9a 1b f1 45 4b b4 e8 e5 cf d9 2b 1a 8d 13 ff 5c ec 2a 76 79 3d 75 d5 29 a0 4b a2 dd c0 77 7 60 c2 a9 3e 83 21 45 e3 e3 ee 21 66 f 66 4a f3 55 6b 59 64 d2 a3 57 27 f b1 8b e1 54 e3 8 63 94 93 44 e8 76 4c 4c a e0 90 f3 56 dd 3f 61 bd cf 54 13 ac 93 74 69 62 c8 7d f 5b f1 78 be ba f5 cd ] bresp=0 bid=11010
[2455000] ARB MONITOR: slave=0 m0_req=0 m1_req=1 winner=1
[2465000] MASTER 1 RECEIVED BRESP. BRESP=0
[2465000] [MASTER DRIVER] mst_id=1 s_id=0 awaddr=113a29b8 awid=1010 awlen=235 awsize=4 awburst=1 wdata=[d9f2fc12ee100b8c 973ff263d7f89fad e065cd8998fa65fd 870a7189cfffa2d7 a7f84284ba58c99b d3532f991e4a63ed ee4a06c4085e100e c2b6d9a9da5da122 f8a8050f96424948 9ea05956960a0942 f067aa65e6f20bd3 fd34551ce1573300 f7613c42e90faf74 d001bb489bd4ae72 fd2be172e7c8e6a7 d0d8961ccd361064 e90abed6f48d1db5 dc56045c20da5164 ee1061c8e636a049 dac3bdfead2e9a78 ce08ebdcd71b209e bd51c0e7b719c25a e4485cd3bc194da4 13346e4398157ee5 cf2f4140b25148af ee6a9654d0862f2a e89bae1033779e13 e5c8e6c2019f0497 d22533c137caef50 eb428d63d4337d16 d5d281adbac0e1d1 f28bd121d10b7425 253ef13c27f7b56f e2b89740ddce5e84 2ed9d2aafb1172e9 a3092858d5446862 b312c6e6d418c3e6 cf2a36cf05c1bf99 db0627fbe1ec9990 b6055d76f2335f28 f7f51ec18e18eee1 f0058872052f9446 f762f36ed2fb46bc e114359da60ae5e8 ab3a7a2eef58122f c25358ebd119be0f f724a3f8a29d6d9c 91f57fcba3678e88 f4814c98a25f1e26 c4fc8bc3d448d8b6 f7b0673feba5f090 8e050eb6d6f20b8e 2b3ae445ec31b3d7 d7d7a467d3019a79 29f3a60822eb4b84 f1cff5be5dcb31d 38de4d97d52e8a4d f819d5d1e6f4a3c2 ccd156dfe2d1f39f 38007dec0736d52c ee2b78ee85afa476 e8819815301a53bd 375128e9bafccfcd c0ac7444a0821601 d09c69be257ca1d7 e07971a4a92e0c59 c9b0225b87ed92a7 ad6a347ea125e5e8 ca53f2429a4c8c19 223a1ec10de3a623 af098c0b1404149d ae50a0b6cfa4533f dd87f962f95d7e4d 8d6192ead08abf77 202f12b70c91856e 85ef03bb3bb233a1 8c3cf318fdb70c19 8a489187135096a6 cf02ca47ac6c05cf 2a2311e910379543 23882be9db3fbd5f 7abc32fb46ba370 c4a338b3f28af630 cdcab38f31ced518 e63a7888e82b649c dab65accd57676be 87454bd62addb13c 930915d828810e5c fdf7851aed7fc45f 185d759bedbf70a5 16407f01053cd0f1 f2bc9550ab668b73 9925fc189438041b 9974d50c0b1a0aeb b680965eaf667b19 c39e7f358c316a5c 974b7547cfa69277 ff0d0d90dd135441 e944be9ecdcc0ba6 1d729e1dc2ab8cc5 1fbee107809033e5 ce5c3f8b9c7fabad df2b387309039fa5 8993d38aebcedda8 84e8956feea197a 7edb91fd7f01316 c3bef0bee779c1c9 e663db4391818ca9 e9719fbfcc0d7a14 b3873bddee519462 ffd3210b2d30907e f93e0a9299eb1720 883cab82e944c0cb 167551492cc54670 c6b05d90080fcc8e f1548d598fb35bdb bc78a24bceed0913 d6fcd5a107c9dea2 977d3a7d0328ffdc d21608efc85162fa d01b419cd3f5dcc9 d71edca52912de90 f164418ae7987c19 bb8e58e22934e594 d247c424c17f8326 a917ff3f92ad3587 bbe21b1bc3ac05ae 52b88d4e4a65822 f7538da98e29df3f d1d5e4edae438813 92e9e0353335a8c5 c15f8804d7016dc1 544f5d50a3d6ddf 3d7316a413356cf2 ea36dab3982ed60a a26c43e9fed29ea8 92080b9aef7bd088 7aaa693dfdf5a8d deb1f936fc3ee64e ebbab6d6aa16ea7c 9f6450af0ba04d0 ecf8eb1ef3655d69 1d7c47e6e8a83e40 d9624310d8b3a1f5 cc18ff5e27728cf0 101acb30c65b2e2f 1f0ed024e9954744 9107d434e97d0e40 afd83c6feb27cf82 d4bd16c7a1229f64 a9fada5cee70c93 3a0edc16e5c4eafb 6e78a60ba77ea14 95ef6a80ecbf2dd f490ddd811873805 cbff2219c36dd2be d239c59bfb786838 8cffa03dd55e18c1 98cbeb7fc6caa373 c2430bacd8fec257 ae5cdb18eb05b11a 31d0548ecf42abe9 a8416e40c728c698 b22e77b2f413603a c3560c23d69e4959 1dc70ff1e3fecc40 d8122c7aeb977a64 c235c3bdcff587a3 33f453e41b68389e 6ffb302dffcd3ae aff25b518c06805e a76eb8fcc93576bf 29324a6de3e6af35 efed2f94ae6e6bfe f7a3e2bdd924a5be 3d0b54f4975be890 c5ca548fa0d62d2a f9fad2e92cf88488 c4546d18bd6e374c de446477370627dd e3feac658a1ec1a7 c78cf8f4d83f3760 f455f3da853197d 3271db2525d15d6b fe1094cbf3440ba2 9b97251ff9fed419 1fd031840d55f408 99ffaace090044 c807d45d1de0c64f 2b36ba579c3124c9 ea3a250ee7d805e1 85b8cc302bd0ba01 c801decab241f96b 1a19ff4db0ef8687 dcc04088b23c03d8 e47dfd449fd2cb7d d0c2520524c21f53 d6fe232bfe97fc91 9e6ac80ead82928d d244b1e0bb7c206f ba141d00ef2d1a13 1cafaca12942d50c e4bef57bd87ee50f c7abff22eef45e81 9837338d1ed3127c f751f78be45babc3 d3500a45fcf62909 1bc93b85befdf6ad 2359a271eb873dd2 e87d66db131b3310 d21929bdf6a9acb6 e230ea888446a260 9761d570f572cc2e ec1c78e4caae5164 cef4f3c4e97aff2e deedcb5cce4d636d 18fbb4d1e656c935 cfd1c863cb0a4441 1957a7aee7f0a895 ce4771caaebf93bf f9c9d80032535c7f 9a4405149e193a2d ccd8cded93217fae c574dc2de88b76df 86a4b10cc6a2a5ed d9c4259cdfb8e142 c8445821d37d7ef9 1a2024e79f3901c9 fef1e30bcee9092d 22668827f3e44a83 931d4c4cc7363b2c 161f445a3c86ad0e 306af791120f2f58 d9456a843885cc81 f50c798fc38843dd d5977335ef64aede ] wstrb=[20 5f ba fd ee 98 33 e f8 ed c e6 85 3f f5 7d 2c 1 64 b1 40 59 2f 6c 5a 93 1d 9a ec 4c 6 46 df 23 e0 cb 70 e6 11 4f 9 f1 1b 79 d7 2c c9 e1 1e e4 5a f5 10 23 d6 2e 7 31 24 18 54 fa 46 5c 2b 6a 74 80 65 ba dc 90 25 50 10 8a a ec 1a 2f 3c 2b b9 47 17 d4 76 54 ff 30 9b 16 4 11 6a 3 41 5 19 45 17 84 48 58 89 62 9e a0 e6 e6 f9 6f 48 97 10 2e 7d 9 9e c6 a0 ae f4 1d b7 92 e3 57 40 d8 74 f7 6a 58 4e ab 30 c3 a2 9a 1b f1 45 4b b4 e8 e5 cf d9 2b 1a 8d 13 ff 5c ec 2a 76 79 3d 75 d5 29 a0 4b a2 dd c0 77 7 60 c2 a9 3e 83 21 45 e3 e3 ee 21 66 f 66 4a f3 55 6b 59 64 d2 a3 57 27 f b1 8b e1 54 e3 8 63 94 93 44 e8 76 4c 4c a e0 90 f3 56 dd 3f 61 bd cf 54 13 ac 93 74 69 62 c8 7d f 5b f1 78 be ba f5 cd ] bresp=0 bid=1010
[2465000] MASTER 1 AW_VALID_RDY Handshake
[2465000] MASTER 1 B_VALID_RDY Handshake
[2465000] [MASTER MONITOR] mst_id=1 s_id=1 awaddr=113a29b8 awid=1010 awlen=235 awsize=4 awburst=1 wdata=[d9f2fc12ee100b8c 973ff263d7f89fad e065cd8998fa65fd 870a7189cfffa2d7 a7f84284ba58c99b d3532f991e4a63ed ee4a06c4085e100e c2b6d9a9da5da122 f8a8050f96424948 9ea05956960a0942 f067aa65e6f20bd3 fd34551ce1573300 f7613c42e90faf74 d001bb489bd4ae72 fd2be172e7c8e6a7 d0d8961ccd361064 e90abed6f48d1db5 dc56045c20da5164 ee1061c8e636a049 dac3bdfead2e9a78 ce08ebdcd71b209e bd51c0e7b719c25a e4485cd3bc194da4 13346e4398157ee5 cf2f4140b25148af ee6a9654d0862f2a e89bae1033779e13 e5c8e6c2019f0497 d22533c137caef50 eb428d63d4337d16 d5d281adbac0e1d1 f28bd121d10b7425 253ef13c27f7b56f e2b89740ddce5e84 2ed9d2aafb1172e9 a3092858d5446862 b312c6e6d418c3e6 cf2a36cf05c1bf99 db0627fbe1ec9990 b6055d76f2335f28 f7f51ec18e18eee1 f0058872052f9446 f762f36ed2fb46bc e114359da60ae5e8 ab3a7a2eef58122f c25358ebd119be0f f724a3f8a29d6d9c 91f57fcba3678e88 f4814c98a25f1e26 c4fc8bc3d448d8b6 f7b0673feba5f090 8e050eb6d6f20b8e 2b3ae445ec31b3d7 d7d7a467d3019a79 29f3a60822eb4b84 f1cff5be5dcb31d 38de4d97d52e8a4d f819d5d1e6f4a3c2 ccd156dfe2d1f39f 38007dec0736d52c ee2b78ee85afa476 e8819815301a53bd 375128e9bafccfcd c0ac7444a0821601 d09c69be257ca1d7 e07971a4a92e0c59 c9b0225b87ed92a7 ad6a347ea125e5e8 ca53f2429a4c8c19 223a1ec10de3a623 af098c0b1404149d ae50a0b6cfa4533f dd87f962f95d7e4d 8d6192ead08abf77 202f12b70c91856e 85ef03bb3bb233a1 8c3cf318fdb70c19 8a489187135096a6 cf02ca47ac6c05cf 2a2311e910379543 23882be9db3fbd5f 7abc32fb46ba370 c4a338b3f28af630 cdcab38f31ced518 e63a7888e82b649c dab65accd57676be 87454bd62addb13c 930915d828810e5c fdf7851aed7fc45f 185d759bedbf70a5 16407f01053cd0f1 f2bc9550ab668b73 9925fc189438041b 9974d50c0b1a0aeb b680965eaf667b19 c39e7f358c316a5c 974b7547cfa69277 ff0d0d90dd135441 e944be9ecdcc0ba6 1d729e1dc2ab8cc5 1fbee107809033e5 ce5c3f8b9c7fabad df2b387309039fa5 8993d38aebcedda8 84e8956feea197a 7edb91fd7f01316 c3bef0bee779c1c9 e663db4391818ca9 e9719fbfcc0d7a14 b3873bddee519462 ffd3210b2d30907e f93e0a9299eb1720 883cab82e944c0cb 167551492cc54670 c6b05d90080fcc8e f1548d598fb35bdb bc78a24bceed0913 d6fcd5a107c9dea2 977d3a7d0328ffdc d21608efc85162fa d01b419cd3f5dcc9 d71edca52912de90 f164418ae7987c19 bb8e58e22934e594 d247c424c17f8326 a917ff3f92ad3587 bbe21b1bc3ac05ae 52b88d4e4a65822 f7538da98e29df3f d1d5e4edae438813 92e9e0353335a8c5 c15f8804d7016dc1 544f5d50a3d6ddf 3d7316a413356cf2 ea36dab3982ed60a a26c43e9fed29ea8 92080b9aef7bd088 7aaa693dfdf5a8d deb1f936fc3ee64e ebbab6d6aa16ea7c 9f6450af0ba04d0 ecf8eb1ef3655d69 1d7c47e6e8a83e40 d9624310d8b3a1f5 cc18ff5e27728cf0 101acb30c65b2e2f 1f0ed024e9954744 9107d434e97d0e40 afd83c6feb27cf82 d4bd16c7a1229f64 a9fada5cee70c93 3a0edc16e5c4eafb 6e78a60ba77ea14 95ef6a80ecbf2dd f490ddd811873805 cbff2219c36dd2be d239c59bfb786838 8cffa03dd55e18c1 98cbeb7fc6caa373 c2430bacd8fec257 ae5cdb18eb05b11a 31d0548ecf42abe9 a8416e40c728c698 b22e77b2f413603a c3560c23d69e4959 1dc70ff1e3fecc40 d8122c7aeb977a64 c235c3bdcff587a3 33f453e41b68389e 6ffb302dffcd3ae aff25b518c06805e a76eb8fcc93576bf 29324a6de3e6af35 efed2f94ae6e6bfe f7a3e2bdd924a5be 3d0b54f4975be890 c5ca548fa0d62d2a f9fad2e92cf88488 c4546d18bd6e374c de446477370627dd e3feac658a1ec1a7 c78cf8f4d83f3760 f455f3da853197d 3271db2525d15d6b fe1094cbf3440ba2 9b97251ff9fed419 1fd031840d55f408 99ffaace090044 c807d45d1de0c64f 2b36ba579c3124c9 ea3a250ee7d805e1 85b8cc302bd0ba01 c801decab241f96b 1a19ff4db0ef8687 dcc04088b23c03d8 e47dfd449fd2cb7d d0c2520524c21f53 d6fe232bfe97fc91 9e6ac80ead82928d d244b1e0bb7c206f ba141d00ef2d1a13 1cafaca12942d50c e4bef57bd87ee50f c7abff22eef45e81 9837338d1ed3127c f751f78be45babc3 d3500a45fcf62909 1bc93b85befdf6ad 2359a271eb873dd2 e87d66db131b3310 d21929bdf6a9acb6 e230ea888446a260 9761d570f572cc2e ec1c78e4caae5164 cef4f3c4e97aff2e deedcb5cce4d636d 18fbb4d1e656c935 cfd1c863cb0a4441 1957a7aee7f0a895 ce4771caaebf93bf f9c9d80032535c7f 9a4405149e193a2d ccd8cded93217fae c574dc2de88b76df 86a4b10cc6a2a5ed d9c4259cdfb8e142 c8445821d37d7ef9 1a2024e79f3901c9 fef1e30bcee9092d 22668827f3e44a83 931d4c4cc7363b2c 161f445a3c86ad0e 306af791120f2f58 d9456a843885cc81 f50c798fc38843dd d5977335ef64aede ] wstrb=[20 5f ba fd ee 98 33 e f8 ed c e6 85 3f f5 7d 2c 1 64 b1 40 59 2f 6c 5a 93 1d 9a ec 4c 6 46 df 23 e0 cb 70 e6 11 4f 9 f1 1b 79 d7 2c c9 e1 1e e4 5a f5 10 23 d6 2e 7 31 24 18 54 fa 46 5c 2b 6a 74 80 65 ba dc 90 25 50 10 8a a ec 1a 2f 3c 2b b9 47 17 d4 76 54 ff 30 9b 16 4 11 6a 3 41 5 19 45 17 84 48 58 89 62 9e a0 e6 e6 f9 6f 48 97 10 2e 7d 9 9e c6 a0 ae f4 1d b7 92 e3 57 40 d8 74 f7 6a 58 4e ab 30 c3 a2 9a 1b f1 45 4b b4 e8 e5 cf d9 2b 1a 8d 13 ff 5c ec 2a 76 79 3d 75 d5 29 a0 4b a2 dd c0 77 7 60 c2 a9 3e 83 21 45 e3 e3 ee 21 66 f 66 4a f3 55 6b 59 64 d2 a3 57 27 f b1 8b e1 54 e3 8 63 94 93 44 e8 76 4c 4c a e0 90 f3 56 dd 3f 61 bd cf 54 13 ac 93 74 69 62 c8 7d f 5b f1 78 be ba f5 cd ] bresp=0 bid=1010
[2465000] SLAVE 0 R_VALID_RDY Handshake beat=0 rlast=0
[2465000] MEMORY READ MISS beat=1 addr=824f570 -> default data id=18
[2465000] SCOREBOARD MATCH: decode_err expected = 0, actual =0
[2465000] SCOREBOARD MATCH: slave_id expected = 1, actual =1
[2465000] SCOREBOARD MATCH: awaddr passthrough expected = 113a29b8, actual =113a29b8
[2465000] SCOREBOARD MATCH: awlen passthrough expected = 235, actual =235
[2465000] SCOREBOARD MATCH: awsize passthrough expected = 4, actual =4
[2465000] SCOREBOARD MATCH: awburst passthrough expected = 1, actual =1
[2465000] SCOREBOARD MATCH: wdata size check expected = ec, actual =ec
[2465000] SCOREBOARD MATCH: wdata passthrough beat=0 expected = d9f2fc12ee100b8c, actual =d9f2fc12ee100b8c
[2465000] SCOREBOARD MATCH: wdata passthrough beat=1 expected = 973ff263d7f89fad, actual =973ff263d7f89fad
[2465000] SCOREBOARD MATCH: wdata passthrough beat=2 expected = e065cd8998fa65fd, actual =e065cd8998fa65fd
[2465000] SCOREBOARD MATCH: wdata passthrough beat=3 expected = 870a7189cfffa2d7, actual =870a7189cfffa2d7
[2465000] SCOREBOARD MATCH: wdata passthrough beat=4 expected = a7f84284ba58c99b, actual =a7f84284ba58c99b
[2465000] SCOREBOARD MATCH: wdata passthrough beat=5 expected = d3532f991e4a63ed, actual =d3532f991e4a63ed
[2465000] SCOREBOARD MATCH: wdata passthrough beat=6 expected = ee4a06c4085e100e, actual =ee4a06c4085e100e
[2465000] SCOREBOARD MATCH: wdata passthrough beat=7 expected = c2b6d9a9da5da122, actual =c2b6d9a9da5da122
[2465000] SCOREBOARD MATCH: wdata passthrough beat=8 expected = f8a8050f96424948, actual =f8a8050f96424948
[2465000] SCOREBOARD MATCH: wdata passthrough beat=9 expected = 9ea05956960a0942, actual =9ea05956960a0942
[2465000] SCOREBOARD MATCH: wdata passthrough beat=10 expected = f067aa65e6f20bd3, actual =f067aa65e6f20bd3
[2465000] SCOREBOARD MATCH: wdata passthrough beat=11 expected = fd34551ce1573300, actual =fd34551ce1573300
[2465000] SCOREBOARD MATCH: wdata passthrough beat=12 expected = f7613c42e90faf74, actual =f7613c42e90faf74
[2465000] SCOREBOARD MATCH: wdata passthrough beat=13 expected = d001bb489bd4ae72, actual =d001bb489bd4ae72
[2465000] SCOREBOARD MATCH: wdata passthrough beat=14 expected = fd2be172e7c8e6a7, actual =fd2be172e7c8e6a7
[2465000] SCOREBOARD MATCH: wdata passthrough beat=15 expected = d0d8961ccd361064, actual =d0d8961ccd361064
[2465000] SCOREBOARD MATCH: wdata passthrough beat=16 expected = e90abed6f48d1db5, actual =e90abed6f48d1db5
[2465000] SCOREBOARD MATCH: wdata passthrough beat=17 expected = dc56045c20da5164, actual =dc56045c20da5164
[2465000] SCOREBOARD MATCH: wdata passthrough beat=18 expected = ee1061c8e636a049, actual =ee1061c8e636a049
[2465000] SCOREBOARD MATCH: wdata passthrough beat=19 expected = dac3bdfead2e9a78, actual =dac3bdfead2e9a78
[2465000] SCOREBOARD MATCH: wdata passthrough beat=20 expected = ce08ebdcd71b209e, actual =ce08ebdcd71b209e
[2465000] SCOREBOARD MATCH: wdata passthrough beat=21 expected = bd51c0e7b719c25a, actual =bd51c0e7b719c25a
[2465000] SCOREBOARD MATCH: wdata passthrough beat=22 expected = e4485cd3bc194da4, actual =e4485cd3bc194da4
[2465000] SCOREBOARD MATCH: wdata passthrough beat=23 expected = 13346e4398157ee5, actual =13346e4398157ee5
[2465000] SCOREBOARD MATCH: wdata passthrough beat=24 expected = cf2f4140b25148af, actual =cf2f4140b25148af
[2465000] SCOREBOARD MATCH: wdata passthrough beat=25 expected = ee6a9654d0862f2a, actual =ee6a9654d0862f2a
[2465000] SCOREBOARD MATCH: wdata passthrough beat=26 expected = e89bae1033779e13, actual =e89bae1033779e13
[2465000] SCOREBOARD MATCH: wdata passthrough beat=27 expected = e5c8e6c2019f0497, actual =e5c8e6c2019f0497
[2465000] SCOREBOARD MATCH: wdata passthrough beat=28 expected = d22533c137caef50, actual =d22533c137caef50
[2465000] SCOREBOARD MATCH: wdata passthrough beat=29 expected = eb428d63d4337d16, actual =eb428d63d4337d16
[2465000] SCOREBOARD MATCH: wdata passthrough beat=30 expected = d5d281adbac0e1d1, actual =d5d281adbac0e1d1
[2465000] SCOREBOARD MATCH: wdata passthrough beat=31 expected = f28bd121d10b7425, actual =f28bd121d10b7425
[2465000] SCOREBOARD MATCH: wdata passthrough beat=32 expected = 253ef13c27f7b56f, actual =253ef13c27f7b56f
[2465000] SCOREBOARD MATCH: wdata passthrough beat=33 expected = e2b89740ddce5e84, actual =e2b89740ddce5e84
[2465000] SCOREBOARD MATCH: wdata passthrough beat=34 expected = 2ed9d2aafb1172e9, actual =2ed9d2aafb1172e9
[2465000] SCOREBOARD MATCH: wdata passthrough beat=35 expected = a3092858d5446862, actual =a3092858d5446862
[2465000] SCOREBOARD MATCH: wdata passthrough beat=36 expected = b312c6e6d418c3e6, actual =b312c6e6d418c3e6
[2465000] SCOREBOARD MATCH: wdata passthrough beat=37 expected = cf2a36cf05c1bf99, actual =cf2a36cf05c1bf99
[2465000] SCOREBOARD MATCH: wdata passthrough beat=38 expected = db0627fbe1ec9990, actual =db0627fbe1ec9990
[2465000] SCOREBOARD MATCH: wdata passthrough beat=39 expected = b6055d76f2335f28, actual =b6055d76f2335f28
[2465000] SCOREBOARD MATCH: wdata passthrough beat=40 expected = f7f51ec18e18eee1, actual =f7f51ec18e18eee1
[2465000] SCOREBOARD MATCH: wdata passthrough beat=41 expected = f0058872052f9446, actual =f0058872052f9446
[2465000] SCOREBOARD MATCH: wdata passthrough beat=42 expected = f762f36ed2fb46bc, actual =f762f36ed2fb46bc
[2465000] SCOREBOARD MATCH: wdata passthrough beat=43 expected = e114359da60ae5e8, actual =e114359da60ae5e8
[2465000] SCOREBOARD MATCH: wdata passthrough beat=44 expected = ab3a7a2eef58122f, actual =ab3a7a2eef58122f
[2465000] SCOREBOARD MATCH: wdata passthrough beat=45 expected = c25358ebd119be0f, actual =c25358ebd119be0f
[2465000] SCOREBOARD MATCH: wdata passthrough beat=46 expected = f724a3f8a29d6d9c, actual =f724a3f8a29d6d9c
[2465000] SCOREBOARD MATCH: wdata passthrough beat=47 expected = 91f57fcba3678e88, actual =91f57fcba3678e88
[2465000] SCOREBOARD MATCH: wdata passthrough beat=48 expected = f4814c98a25f1e26, actual =f4814c98a25f1e26
[2465000] SCOREBOARD MATCH: wdata passthrough beat=49 expected = c4fc8bc3d448d8b6, actual =c4fc8bc3d448d8b6
[2465000] SCOREBOARD MATCH: wdata passthrough beat=50 expected = f7b0673feba5f090, actual =f7b0673feba5f090
[2465000] SCOREBOARD MATCH: wdata passthrough beat=51 expected = 8e050eb6d6f20b8e, actual =8e050eb6d6f20b8e
[2465000] SCOREBOARD MATCH: wdata passthrough beat=52 expected = 2b3ae445ec31b3d7, actual =2b3ae445ec31b3d7
[2465000] SCOREBOARD MATCH: wdata passthrough beat=53 expected = d7d7a467d3019a79, actual =d7d7a467d3019a79
[2465000] SCOREBOARD MATCH: wdata passthrough beat=54 expected = 29f3a60822eb4b84, actual =29f3a60822eb4b84
[2465000] SCOREBOARD MATCH: wdata passthrough beat=55 expected = f1cff5be5dcb31d, actual =f1cff5be5dcb31d
[2465000] SCOREBOARD MATCH: wdata passthrough beat=56 expected = 38de4d97d52e8a4d, actual =38de4d97d52e8a4d
[2465000] SCOREBOARD MATCH: wdata passthrough beat=57 expected = f819d5d1e6f4a3c2, actual =f819d5d1e6f4a3c2
[2465000] SCOREBOARD MATCH: wdata passthrough beat=58 expected = ccd156dfe2d1f39f, actual =ccd156dfe2d1f39f
[2465000] SCOREBOARD MATCH: wdata passthrough beat=59 expected = 38007dec0736d52c, actual =38007dec0736d52c
[2465000] SCOREBOARD MATCH: wdata passthrough beat=60 expected = ee2b78ee85afa476, actual =ee2b78ee85afa476
[2465000] SCOREBOARD MATCH: wdata passthrough beat=61 expected = e8819815301a53bd, actual =e8819815301a53bd
[2465000] SCOREBOARD MATCH: wdata passthrough beat=62 expected = 375128e9bafccfcd, actual =375128e9bafccfcd
[2465000] SCOREBOARD MATCH: wdata passthrough beat=63 expected = c0ac7444a0821601, actual =c0ac7444a0821601
[2465000] SCOREBOARD MATCH: wdata passthrough beat=64 expected = d09c69be257ca1d7, actual =d09c69be257ca1d7
[2465000] SCOREBOARD MATCH: wdata passthrough beat=65 expected = e07971a4a92e0c59, actual =e07971a4a92e0c59
[2465000] SCOREBOARD MATCH: wdata passthrough beat=66 expected = c9b0225b87ed92a7, actual =c9b0225b87ed92a7
[2465000] SCOREBOARD MATCH: wdata passthrough beat=67 expected = ad6a347ea125e5e8, actual =ad6a347ea125e5e8
[2465000] SCOREBOARD MATCH: wdata passthrough beat=68 expected = ca53f2429a4c8c19, actual =ca53f2429a4c8c19
[2465000] SCOREBOARD MATCH: wdata passthrough beat=69 expected = 223a1ec10de3a623, actual =223a1ec10de3a623
[2465000] SCOREBOARD MATCH: wdata passthrough beat=70 expected = af098c0b1404149d, actual =af098c0b1404149d
[2465000] SCOREBOARD MATCH: wdata passthrough beat=71 expected = ae50a0b6cfa4533f, actual =ae50a0b6cfa4533f
[2465000] SCOREBOARD MATCH: wdata passthrough beat=72 expected = dd87f962f95d7e4d, actual =dd87f962f95d7e4d
[2465000] SCOREBOARD MATCH: wdata passthrough beat=73 expected = 8d6192ead08abf77, actual =8d6192ead08abf77
[2465000] SCOREBOARD MATCH: wdata passthrough beat=74 expected = 202f12b70c91856e, actual =202f12b70c91856e
[2465000] SCOREBOARD MATCH: wdata passthrough beat=75 expected = 85ef03bb3bb233a1, actual =85ef03bb3bb233a1
[2465000] SCOREBOARD MATCH: wdata passthrough beat=76 expected = 8c3cf318fdb70c19, actual =8c3cf318fdb70c19
[2465000] SCOREBOARD MATCH: wdata passthrough beat=77 expected = 8a489187135096a6, actual =8a489187135096a6
[2465000] SCOREBOARD MATCH: wdata passthrough beat=78 expected = cf02ca47ac6c05cf, actual =cf02ca47ac6c05cf
[2465000] SCOREBOARD MATCH: wdata passthrough beat=79 expected = 2a2311e910379543, actual =2a2311e910379543
[2465000] SCOREBOARD MATCH: wdata passthrough beat=80 expected = 23882be9db3fbd5f, actual =23882be9db3fbd5f
[2465000] SCOREBOARD MATCH: wdata passthrough beat=81 expected = 7abc32fb46ba370, actual =7abc32fb46ba370
[2465000] SCOREBOARD MATCH: wdata passthrough beat=82 expected = c4a338b3f28af630, actual =c4a338b3f28af630
[2465000] SCOREBOARD MATCH: wdata passthrough beat=83 expected = cdcab38f31ced518, actual =cdcab38f31ced518
[2465000] SCOREBOARD MATCH: wdata passthrough beat=84 expected = e63a7888e82b649c, actual =e63a7888e82b649c
[2465000] SCOREBOARD MATCH: wdata passthrough beat=85 expected = dab65accd57676be, actual =dab65accd57676be
[2465000] SCOREBOARD MATCH: wdata passthrough beat=86 expected = 87454bd62addb13c, actual =87454bd62addb13c
[2465000] SCOREBOARD MATCH: wdata passthrough beat=87 expected = 930915d828810e5c, actual =930915d828810e5c
[2465000] SCOREBOARD MATCH: wdata passthrough beat=88 expected = fdf7851aed7fc45f, actual =fdf7851aed7fc45f
[2465000] SCOREBOARD MATCH: wdata passthrough beat=89 expected = 185d759bedbf70a5, actual =185d759bedbf70a5
[2465000] SCOREBOARD MATCH: wdata passthrough beat=90 expected = 16407f01053cd0f1, actual =16407f01053cd0f1
[2465000] SCOREBOARD MATCH: wdata passthrough beat=91 expected = f2bc9550ab668b73, actual =f2bc9550ab668b73
[2465000] SCOREBOARD MATCH: wdata passthrough beat=92 expected = 9925fc189438041b, actual =9925fc189438041b
[2465000] SCOREBOARD MATCH: wdata passthrough beat=93 expected = 9974d50c0b1a0aeb, actual =9974d50c0b1a0aeb
[2465000] SCOREBOARD MATCH: wdata passthrough beat=94 expected = b680965eaf667b19, actual =b680965eaf667b19
[2465000] SCOREBOARD MATCH: wdata passthrough beat=95 expected = c39e7f358c316a5c, actual =c39e7f358c316a5c
[2465000] SCOREBOARD MATCH: wdata passthrough beat=96 expected = 974b7547cfa69277, actual =974b7547cfa69277
[2465000] SCOREBOARD MATCH: wdata passthrough beat=97 expected = ff0d0d90dd135441, actual =ff0d0d90dd135441
[2465000] SCOREBOARD MATCH: wdata passthrough beat=98 expected = e944be9ecdcc0ba6, actual =e944be9ecdcc0ba6
[2465000] SCOREBOARD MATCH: wdata passthrough beat=99 expected = 1d729e1dc2ab8cc5, actual =1d729e1dc2ab8cc5
[2465000] SCOREBOARD MATCH: wdata passthrough beat=100 expected = 1fbee107809033e5, actual =1fbee107809033e5
[2465000] SCOREBOARD MATCH: wdata passthrough beat=101 expected = ce5c3f8b9c7fabad, actual =ce5c3f8b9c7fabad
[2465000] SCOREBOARD MATCH: wdata passthrough beat=102 expected = df2b387309039fa5, actual =df2b387309039fa5
[2465000] SCOREBOARD MATCH: wdata passthrough beat=103 expected = 8993d38aebcedda8, actual =8993d38aebcedda8
[2465000] SCOREBOARD MATCH: wdata passthrough beat=104 expected = 84e8956feea197a, actual =84e8956feea197a
[2465000] SCOREBOARD MATCH: wdata passthrough beat=105 expected = 7edb91fd7f01316, actual =7edb91fd7f01316
[2465000] SCOREBOARD MATCH: wdata passthrough beat=106 expected = c3bef0bee779c1c9, actual =c3bef0bee779c1c9
[2465000] SCOREBOARD MATCH: wdata passthrough beat=107 expected = e663db4391818ca9, actual =e663db4391818ca9
[2465000] SCOREBOARD MATCH: wdata passthrough beat=108 expected = e9719fbfcc0d7a14, actual =e9719fbfcc0d7a14
[2465000] SCOREBOARD MATCH: wdata passthrough beat=109 expected = b3873bddee519462, actual =b3873bddee519462
[2465000] SCOREBOARD MATCH: wdata passthrough beat=110 expected = ffd3210b2d30907e, actual =ffd3210b2d30907e
[2465000] SCOREBOARD MATCH: wdata passthrough beat=111 expected = f93e0a9299eb1720, actual =f93e0a9299eb1720
[2465000] SCOREBOARD MATCH: wdata passthrough beat=112 expected = 883cab82e944c0cb, actual =883cab82e944c0cb
[2465000] SCOREBOARD MATCH: wdata passthrough beat=113 expected = 167551492cc54670, actual =167551492cc54670
[2465000] SCOREBOARD MATCH: wdata passthrough beat=114 expected = c6b05d90080fcc8e, actual =c6b05d90080fcc8e
[2465000] SCOREBOARD MATCH: wdata passthrough beat=115 expected = f1548d598fb35bdb, actual =f1548d598fb35bdb
[2465000] SCOREBOARD MATCH: wdata passthrough beat=116 expected = bc78a24bceed0913, actual =bc78a24bceed0913
[2465000] SCOREBOARD MATCH: wdata passthrough beat=117 expected = d6fcd5a107c9dea2, actual =d6fcd5a107c9dea2
[2465000] SCOREBOARD MATCH: wdata passthrough beat=118 expected = 977d3a7d0328ffdc, actual =977d3a7d0328ffdc
[2465000] SCOREBOARD MATCH: wdata passthrough beat=119 expected = d21608efc85162fa, actual =d21608efc85162fa
[2465000] SCOREBOARD MATCH: wdata passthrough beat=120 expected = d01b419cd3f5dcc9, actual =d01b419cd3f5dcc9
[2465000] SCOREBOARD MATCH: wdata passthrough beat=121 expected = d71edca52912de90, actual =d71edca52912de90
[2465000] SCOREBOARD MATCH: wdata passthrough beat=122 expected = f164418ae7987c19, actual =f164418ae7987c19
[2465000] SCOREBOARD MATCH: wdata passthrough beat=123 expected = bb8e58e22934e594, actual =bb8e58e22934e594
[2465000] SCOREBOARD MATCH: wdata passthrough beat=124 expected = d247c424c17f8326, actual =d247c424c17f8326
[2465000] SCOREBOARD MATCH: wdata passthrough beat=125 expected = a917ff3f92ad3587, actual =a917ff3f92ad3587
[2465000] SCOREBOARD MATCH: wdata passthrough beat=126 expected = bbe21b1bc3ac05ae, actual =bbe21b1bc3ac05ae
[2465000] SCOREBOARD MATCH: wdata passthrough beat=127 expected = 52b88d4e4a65822, actual =52b88d4e4a65822
[2465000] SCOREBOARD MATCH: wdata passthrough beat=128 expected = f7538da98e29df3f, actual =f7538da98e29df3f
[2465000] SCOREBOARD MATCH: wdata passthrough beat=129 expected = d1d5e4edae438813, actual =d1d5e4edae438813
[2465000] SCOREBOARD MATCH: wdata passthrough beat=130 expected = 92e9e0353335a8c5, actual =92e9e0353335a8c5
[2465000] SCOREBOARD MATCH: wdata passthrough beat=131 expected = c15f8804d7016dc1, actual =c15f8804d7016dc1
[2465000] SCOREBOARD MATCH: wdata passthrough beat=132 expected = 544f5d50a3d6ddf, actual =544f5d50a3d6ddf
[2465000] SCOREBOARD MATCH: wdata passthrough beat=133 expected = 3d7316a413356cf2, actual =3d7316a413356cf2
[2465000] SCOREBOARD MATCH: wdata passthrough beat=134 expected = ea36dab3982ed60a, actual =ea36dab3982ed60a
[2465000] SCOREBOARD MATCH: wdata passthrough beat=135 expected = a26c43e9fed29ea8, actual =a26c43e9fed29ea8
[2465000] SCOREBOARD MATCH: wdata passthrough beat=136 expected = 92080b9aef7bd088, actual =92080b9aef7bd088
[2465000] SCOREBOARD MATCH: wdata passthrough beat=137 expected = 7aaa693dfdf5a8d, actual =7aaa693dfdf5a8d
[2465000] SCOREBOARD MATCH: wdata passthrough beat=138 expected = deb1f936fc3ee64e, actual =deb1f936fc3ee64e
[2465000] SCOREBOARD MATCH: wdata passthrough beat=139 expected = ebbab6d6aa16ea7c, actual =ebbab6d6aa16ea7c
[2465000] SCOREBOARD MATCH: wdata passthrough beat=140 expected = 9f6450af0ba04d0, actual =9f6450af0ba04d0
[2465000] SCOREBOARD MATCH: wdata passthrough beat=141 expected = ecf8eb1ef3655d69, actual =ecf8eb1ef3655d69
[2465000] SCOREBOARD MATCH: wdata passthrough beat=142 expected = 1d7c47e6e8a83e40, actual =1d7c47e6e8a83e40
[2465000] SCOREBOARD MATCH: wdata passthrough beat=143 expected = d9624310d8b3a1f5, actual =d9624310d8b3a1f5
[2465000] SCOREBOARD MATCH: wdata passthrough beat=144 expected = cc18ff5e27728cf0, actual =cc18ff5e27728cf0
[2465000] SCOREBOARD MATCH: wdata passthrough beat=145 expected = 101acb30c65b2e2f, actual =101acb30c65b2e2f
[2465000] SCOREBOARD MATCH: wdata passthrough beat=146 expected = 1f0ed024e9954744, actual =1f0ed024e9954744
[2465000] SCOREBOARD MATCH: wdata passthrough beat=147 expected = 9107d434e97d0e40, actual =9107d434e97d0e40
[2465000] SCOREBOARD MATCH: wdata passthrough beat=148 expected = afd83c6feb27cf82, actual =afd83c6feb27cf82
[2465000] SCOREBOARD MATCH: wdata passthrough beat=149 expected = d4bd16c7a1229f64, actual =d4bd16c7a1229f64
[2465000] SCOREBOARD MATCH: wdata passthrough beat=150 expected = a9fada5cee70c93, actual =a9fada5cee70c93
[2465000] SCOREBOARD MATCH: wdata passthrough beat=151 expected = 3a0edc16e5c4eafb, actual =3a0edc16e5c4eafb
[2465000] SCOREBOARD MATCH: wdata passthrough beat=152 expected = 6e78a60ba77ea14, actual =6e78a60ba77ea14
[2465000] SCOREBOARD MATCH: wdata passthrough beat=153 expected = 95ef6a80ecbf2dd, actual =95ef6a80ecbf2dd
[2465000] SCOREBOARD MATCH: wdata passthrough beat=154 expected = f490ddd811873805, actual =f490ddd811873805
[2465000] SCOREBOARD MATCH: wdata passthrough beat=155 expected = cbff2219c36dd2be, actual =cbff2219c36dd2be
[2465000] SCOREBOARD MATCH: wdata passthrough beat=156 expected = d239c59bfb786838, actual =d239c59bfb786838
[2465000] SCOREBOARD MATCH: wdata passthrough beat=157 expected = 8cffa03dd55e18c1, actual =8cffa03dd55e18c1
[2465000] SCOREBOARD MATCH: wdata passthrough beat=158 expected = 98cbeb7fc6caa373, actual =98cbeb7fc6caa373
[2465000] SCOREBOARD MATCH: wdata passthrough beat=159 expected = c2430bacd8fec257, actual =c2430bacd8fec257
[2465000] SCOREBOARD MATCH: wdata passthrough beat=160 expected = ae5cdb18eb05b11a, actual =ae5cdb18eb05b11a
[2465000] SCOREBOARD MATCH: wdata passthrough beat=161 expected = 31d0548ecf42abe9, actual =31d0548ecf42abe9
[2465000] SCOREBOARD MATCH: wdata passthrough beat=162 expected = a8416e40c728c698, actual =a8416e40c728c698
[2465000] SCOREBOARD MATCH: wdata passthrough beat=163 expected = b22e77b2f413603a, actual =b22e77b2f413603a
[2465000] SCOREBOARD MATCH: wdata passthrough beat=164 expected = c3560c23d69e4959, actual =c3560c23d69e4959
[2465000] SCOREBOARD MATCH: wdata passthrough beat=165 expected = 1dc70ff1e3fecc40, actual =1dc70ff1e3fecc40
[2465000] SCOREBOARD MATCH: wdata passthrough beat=166 expected = d8122c7aeb977a64, actual =d8122c7aeb977a64
[2465000] SCOREBOARD MATCH: wdata passthrough beat=167 expected = c235c3bdcff587a3, actual =c235c3bdcff587a3
[2465000] SCOREBOARD MATCH: wdata passthrough beat=168 expected = 33f453e41b68389e, actual =33f453e41b68389e
[2465000] SCOREBOARD MATCH: wdata passthrough beat=169 expected = 6ffb302dffcd3ae, actual =6ffb302dffcd3ae
[2465000] SCOREBOARD MATCH: wdata passthrough beat=170 expected = aff25b518c06805e, actual =aff25b518c06805e
[2465000] SCOREBOARD MATCH: wdata passthrough beat=171 expected = a76eb8fcc93576bf, actual =a76eb8fcc93576bf
[2465000] SCOREBOARD MATCH: wdata passthrough beat=172 expected = 29324a6de3e6af35, actual =29324a6de3e6af35
[2465000] SCOREBOARD MATCH: wdata passthrough beat=173 expected = efed2f94ae6e6bfe, actual =efed2f94ae6e6bfe
[2465000] SCOREBOARD MATCH: wdata passthrough beat=174 expected = f7a3e2bdd924a5be, actual =f7a3e2bdd924a5be
[2465000] SCOREBOARD MATCH: wdata passthrough beat=175 expected = 3d0b54f4975be890, actual =3d0b54f4975be890
[2465000] SCOREBOARD MATCH: wdata passthrough beat=176 expected = c5ca548fa0d62d2a, actual =c5ca548fa0d62d2a
[2465000] SCOREBOARD MATCH: wdata passthrough beat=177 expected = f9fad2e92cf88488, actual =f9fad2e92cf88488
[2465000] SCOREBOARD MATCH: wdata passthrough beat=178 expected = c4546d18bd6e374c, actual =c4546d18bd6e374c
[2465000] SCOREBOARD MATCH: wdata passthrough beat=179 expected = de446477370627dd, actual =de446477370627dd
[2465000] SCOREBOARD MATCH: wdata passthrough beat=180 expected = e3feac658a1ec1a7, actual =e3feac658a1ec1a7
[2465000] SCOREBOARD MATCH: wdata passthrough beat=181 expected = c78cf8f4d83f3760, actual =c78cf8f4d83f3760
[2465000] SCOREBOARD MATCH: wdata passthrough beat=182 expected = f455f3da853197d, actual =f455f3da853197d
[2465000] SCOREBOARD MATCH: wdata passthrough beat=183 expected = 3271db2525d15d6b, actual =3271db2525d15d6b
[2465000] SCOREBOARD MATCH: wdata passthrough beat=184 expected = fe1094cbf3440ba2, actual =fe1094cbf3440ba2
[2465000] SCOREBOARD MATCH: wdata passthrough beat=185 expected = 9b97251ff9fed419, actual =9b97251ff9fed419
[2465000] SCOREBOARD MATCH: wdata passthrough beat=186 expected = 1fd031840d55f408, actual =1fd031840d55f408
[2465000] SCOREBOARD MATCH: wdata passthrough beat=187 expected = 99ffaace090044, actual =99ffaace090044
[2465000] SCOREBOARD MATCH: wdata passthrough beat=188 expected = c807d45d1de0c64f, actual =c807d45d1de0c64f
[2465000] SCOREBOARD MATCH: wdata passthrough beat=189 expected = 2b36ba579c3124c9, actual =2b36ba579c3124c9
[2465000] SCOREBOARD MATCH: wdata passthrough beat=190 expected = ea3a250ee7d805e1, actual =ea3a250ee7d805e1
[2465000] SCOREBOARD MATCH: wdata passthrough beat=191 expected = 85b8cc302bd0ba01, actual =85b8cc302bd0ba01
[2465000] SCOREBOARD MATCH: wdata passthrough beat=192 expected = c801decab241f96b, actual =c801decab241f96b
[2465000] SCOREBOARD MATCH: wdata passthrough beat=193 expected = 1a19ff4db0ef8687, actual =1a19ff4db0ef8687
[2465000] SCOREBOARD MATCH: wdata passthrough beat=194 expected = dcc04088b23c03d8, actual =dcc04088b23c03d8
[2465000] SCOREBOARD MATCH: wdata passthrough beat=195 expected = e47dfd449fd2cb7d, actual =e47dfd449fd2cb7d
[2465000] SCOREBOARD MATCH: wdata passthrough beat=196 expected = d0c2520524c21f53, actual =d0c2520524c21f53
[2465000] SCOREBOARD MATCH: wdata passthrough beat=197 expected = d6fe232bfe97fc91, actual =d6fe232bfe97fc91
[2465000] SCOREBOARD MATCH: wdata passthrough beat=198 expected = 9e6ac80ead82928d, actual =9e6ac80ead82928d
[2465000] SCOREBOARD MATCH: wdata passthrough beat=199 expected = d244b1e0bb7c206f, actual =d244b1e0bb7c206f
[2465000] SCOREBOARD MATCH: wdata passthrough beat=200 expected = ba141d00ef2d1a13, actual =ba141d00ef2d1a13
[2465000] SCOREBOARD MATCH: wdata passthrough beat=201 expected = 1cafaca12942d50c, actual =1cafaca12942d50c
[2465000] SCOREBOARD MATCH: wdata passthrough beat=202 expected = e4bef57bd87ee50f, actual =e4bef57bd87ee50f
[2465000] SCOREBOARD MATCH: wdata passthrough beat=203 expected = c7abff22eef45e81, actual =c7abff22eef45e81
[2465000] SCOREBOARD MATCH: wdata passthrough beat=204 expected = 9837338d1ed3127c, actual =9837338d1ed3127c
[2465000] SCOREBOARD MATCH: wdata passthrough beat=205 expected = f751f78be45babc3, actual =f751f78be45babc3
[2465000] SCOREBOARD MATCH: wdata passthrough beat=206 expected = d3500a45fcf62909, actual =d3500a45fcf62909
[2465000] SCOREBOARD MATCH: wdata passthrough beat=207 expected = 1bc93b85befdf6ad, actual =1bc93b85befdf6ad
[2465000] SCOREBOARD MATCH: wdata passthrough beat=208 expected = 2359a271eb873dd2, actual =2359a271eb873dd2
[2465000] SCOREBOARD MATCH: wdata passthrough beat=209 expected = e87d66db131b3310, actual =e87d66db131b3310
[2465000] SCOREBOARD MATCH: wdata passthrough beat=210 expected = d21929bdf6a9acb6, actual =d21929bdf6a9acb6
[2465000] SCOREBOARD MATCH: wdata passthrough beat=211 expected = e230ea888446a260, actual =e230ea888446a260
[2465000] SCOREBOARD MATCH: wdata passthrough beat=212 expected = 9761d570f572cc2e, actual =9761d570f572cc2e
[2465000] SCOREBOARD MATCH: wdata passthrough beat=213 expected = ec1c78e4caae5164, actual =ec1c78e4caae5164
[2465000] SCOREBOARD MATCH: wdata passthrough beat=214 expected = cef4f3c4e97aff2e, actual =cef4f3c4e97aff2e
[2465000] SCOREBOARD MATCH: wdata passthrough beat=215 expected = deedcb5cce4d636d, actual =deedcb5cce4d636d
[2465000] SCOREBOARD MATCH: wdata passthrough beat=216 expected = 18fbb4d1e656c935, actual =18fbb4d1e656c935
[2465000] SCOREBOARD MATCH: wdata passthrough beat=217 expected = cfd1c863cb0a4441, actual =cfd1c863cb0a4441
[2465000] SCOREBOARD MATCH: wdata passthrough beat=218 expected = 1957a7aee7f0a895, actual =1957a7aee7f0a895
[2465000] SCOREBOARD MATCH: wdata passthrough beat=219 expected = ce4771caaebf93bf, actual =ce4771caaebf93bf
[2465000] SCOREBOARD MATCH: wdata passthrough beat=220 expected = f9c9d80032535c7f, actual =f9c9d80032535c7f
[2465000] SCOREBOARD MATCH: wdata passthrough beat=221 expected = 9a4405149e193a2d, actual =9a4405149e193a2d
[2465000] SCOREBOARD MATCH: wdata passthrough beat=222 expected = ccd8cded93217fae, actual =ccd8cded93217fae
[2465000] SCOREBOARD MATCH: wdata passthrough beat=223 expected = c574dc2de88b76df, actual =c574dc2de88b76df
[2465000] SCOREBOARD MATCH: wdata passthrough beat=224 expected = 86a4b10cc6a2a5ed, actual =86a4b10cc6a2a5ed
[2465000] SCOREBOARD MATCH: wdata passthrough beat=225 expected = d9c4259cdfb8e142, actual =d9c4259cdfb8e142
[2465000] SCOREBOARD MATCH: wdata passthrough beat=226 expected = c8445821d37d7ef9, actual =c8445821d37d7ef9
[2465000] SCOREBOARD MATCH: wdata passthrough beat=227 expected = 1a2024e79f3901c9, actual =1a2024e79f3901c9
[2465000] SCOREBOARD MATCH: wdata passthrough beat=228 expected = fef1e30bcee9092d, actual =fef1e30bcee9092d
[2465000] SCOREBOARD MATCH: wdata passthrough beat=229 expected = 22668827f3e44a83, actual =22668827f3e44a83
[2465000] SCOREBOARD MATCH: wdata passthrough beat=230 expected = 931d4c4cc7363b2c, actual =931d4c4cc7363b2c
[2465000] SCOREBOARD MATCH: wdata passthrough beat=231 expected = 161f445a3c86ad0e, actual =161f445a3c86ad0e
[2465000] SCOREBOARD MATCH: wdata passthrough beat=232 expected = 306af791120f2f58, actual =306af791120f2f58
[2465000] SCOREBOARD MATCH: wdata passthrough beat=233 expected = d9456a843885cc81, actual =d9456a843885cc81
[2465000] SCOREBOARD MATCH: wdata passthrough beat=234 expected = f50c798fc38843dd, actual =f50c798fc38843dd
[2465000] SCOREBOARD MATCH: wdata passthrough beat=235 expected = d5977335ef64aede, actual =d5977335ef64aede
[2465000] SCOREBOARD MATCH: wstrb size check expected = ec, actual =ec
[2465000] SCOREBOARD MATCH: wstrb passthrough beat=0 expected = 20, actual =20
[2465000] SCOREBOARD MATCH: wstrb passthrough beat=1 expected = 5f, actual =5f
[2465000] SCOREBOARD MATCH: wstrb passthrough beat=2 expected = ba, actual =ba
[2465000] SCOREBOARD MATCH: wstrb passthrough beat=3 expected = fd, actual =fd
[2465000] SCOREBOARD MATCH: wstrb passthrough beat=4 expected = ee, actual =ee
[2465000] SCOREBOARD MATCH: wstrb passthrough beat=5 expected = 98, actual =98
[2465000] SCOREBOARD MATCH: wstrb passthrough beat=6 expected = 33, actual =33
[2465000] SCOREBOARD MATCH: wstrb passthrough beat=7 expected = e, actual =e
[2465000] SCOREBOARD MATCH: wstrb passthrough beat=8 expected = f8, actual =f8
[2465000] SCOREBOARD MATCH: wstrb passthrough beat=9 expected = ed, actual =ed
[2465000] SCOREBOARD MATCH: wstrb passthrough beat=10 expected = c, actual =c
[2465000] SCOREBOARD MATCH: wstrb passthrough beat=11 expected = e6, actual =e6
[2465000] SCOREBOARD MATCH: wstrb passthrough beat=12 expected = 85, actual =85
[2465000] SCOREBOARD MATCH: wstrb passthrough beat=13 expected = 3f, actual =3f
[2465000] SCOREBOARD MATCH: wstrb passthrough beat=14 expected = f5, actual =f5
[2465000] SCOREBOARD MATCH: wstrb passthrough beat=15 expected = 7d, actual =7d
[2465000] SCOREBOARD MATCH: wstrb passthrough beat=16 expected = 2c, actual =2c
[2465000] SCOREBOARD MATCH: wstrb passthrough beat=17 expected = 1, actual =1
[2465000] SCOREBOARD MATCH: wstrb passthrough beat=18 expected = 64, actual =64
[2465000] SCOREBOARD MATCH: wstrb passthrough beat=19 expected = b1, actual =b1
[2465000] SCOREBOARD MATCH: wstrb passthrough beat=20 expected = 40, actual =40
[2465000] SCOREBOARD MATCH: wstrb passthrough beat=21 expected = 59, actual =59
[2465000] SCOREBOARD MATCH: wstrb passthrough beat=22 expected = 2f, actual =2f
[2465000] SCOREBOARD MATCH: wstrb passthrough beat=23 expected = 6c, actual =6c
[2465000] SCOREBOARD MATCH: wstrb passthrough beat=24 expected = 5a, actual =5a
[2465000] SCOREBOARD MATCH: wstrb passthrough beat=25 expected = 93, actual =93
[2465000] SCOREBOARD MATCH: wstrb passthrough beat=26 expected = 1d, actual =1d
[2465000] SCOREBOARD MATCH: wstrb passthrough beat=27 expected = 9a, actual =9a
[2465000] SCOREBOARD MATCH: wstrb passthrough beat=28 expected = ec, actual =ec
[2465000] SCOREBOARD MATCH: wstrb passthrough beat=29 expected = 4c, actual =4c
[2465000] SCOREBOARD MATCH: wstrb passthrough beat=30 expected = 6, actual =6
[2465000] SCOREBOARD MATCH: wstrb passthrough beat=31 expected = 46, actual =46
[2465000] SCOREBOARD MATCH: wstrb passthrough beat=32 expected = df, actual =df
[2465000] SCOREBOARD MATCH: wstrb passthrough beat=33 expected = 23, actual =23
[2465000] SCOREBOARD MATCH: wstrb passthrough beat=34 expected = e0, actual =e0
[2465000] SCOREBOARD MATCH: wstrb passthrough beat=35 expected = cb, actual =cb
[2465000] SCOREBOARD MATCH: wstrb passthrough beat=36 expected = 70, actual =70
[2465000] SCOREBOARD MATCH: wstrb passthrough beat=37 expected = e6, actual =e6
[2465000] SCOREBOARD MATCH: wstrb passthrough beat=38 expected = 11, actual =11
[2465000] SCOREBOARD MATCH: wstrb passthrough beat=39 expected = 4f, actual =4f
[2465000] SCOREBOARD MATCH: wstrb passthrough beat=40 expected = 9, actual =9
[2465000] SCOREBOARD MATCH: wstrb passthrough beat=41 expected = f1, actual =f1
[2465000] SCOREBOARD MATCH: wstrb passthrough beat=42 expected = 1b, actual =1b
[2465000] SCOREBOARD MATCH: wstrb passthrough beat=43 expected = 79, actual =79
[2465000] SCOREBOARD MATCH: wstrb passthrough beat=44 expected = d7, actual =d7
[2465000] SCOREBOARD MATCH: wstrb passthrough beat=45 expected = 2c, actual =2c
[2465000] SCOREBOARD MATCH: wstrb passthrough beat=46 expected = c9, actual =c9
[2465000] SCOREBOARD MATCH: wstrb passthrough beat=47 expected = e1, actual =e1
[2465000] SCOREBOARD MATCH: wstrb passthrough beat=48 expected = 1e, actual =1e
[2465000] SCOREBOARD MATCH: wstrb passthrough beat=49 expected = e4, actual =e4
[2465000] SCOREBOARD MATCH: wstrb passthrough beat=50 expected = 5a, actual =5a
[2465000] SCOREBOARD MATCH: wstrb passthrough beat=51 expected = f5, actual =f5
[2465000] SCOREBOARD MATCH: wstrb passthrough beat=52 expected = 10, actual =10
[2465000] SCOREBOARD MATCH: wstrb passthrough beat=53 expected = 23, actual =23
[2465000] SCOREBOARD MATCH: wstrb passthrough beat=54 expected = d6, actual =d6
[2465000] SCOREBOARD MATCH: wstrb passthrough beat=55 expected = 2e, actual =2e
[2465000] SCOREBOARD MATCH: wstrb passthrough beat=56 expected = 7, actual =7
[2465000] SCOREBOARD MATCH: wstrb passthrough beat=57 expected = 31, actual =31
[2465000] SCOREBOARD MATCH: wstrb passthrough beat=58 expected = 24, actual =24
[2465000] SCOREBOARD MATCH: wstrb passthrough beat=59 expected = 18, actual =18
[2465000] SCOREBOARD MATCH: wstrb passthrough beat=60 expected = 54, actual =54
[2465000] SCOREBOARD MATCH: wstrb passthrough beat=61 expected = fa, actual =fa
[2465000] SCOREBOARD MATCH: wstrb passthrough beat=62 expected = 46, actual =46
[2465000] SCOREBOARD MATCH: wstrb passthrough beat=63 expected = 5c, actual =5c
[2465000] SCOREBOARD MATCH: wstrb passthrough beat=64 expected = 2b, actual =2b
[2465000] SCOREBOARD MATCH: wstrb passthrough beat=65 expected = 6a, actual =6a
[2465000] SCOREBOARD MATCH: wstrb passthrough beat=66 expected = 74, actual =74
[2465000] SCOREBOARD MATCH: wstrb passthrough beat=67 expected = 80, actual =80
[2465000] SCOREBOARD MATCH: wstrb passthrough beat=68 expected = 65, actual =65
[2465000] SCOREBOARD MATCH: wstrb passthrough beat=69 expected = ba, actual =ba
[2465000] SCOREBOARD MATCH: wstrb passthrough beat=70 expected = dc, actual =dc
[2465000] SCOREBOARD MATCH: wstrb passthrough beat=71 expected = 90, actual =90
[2465000] SCOREBOARD MATCH: wstrb passthrough beat=72 expected = 25, actual =25
[2465000] SCOREBOARD MATCH: wstrb passthrough beat=73 expected = 50, actual =50
[2465000] SCOREBOARD MATCH: wstrb passthrough beat=74 expected = 10, actual =10
[2465000] SCOREBOARD MATCH: wstrb passthrough beat=75 expected = 8a, actual =8a
[2465000] SCOREBOARD MATCH: wstrb passthrough beat=76 expected = a, actual =a
[2465000] SCOREBOARD MATCH: wstrb passthrough beat=77 expected = ec, actual =ec
[2465000] SCOREBOARD MATCH: wstrb passthrough beat=78 expected = 1a, actual =1a
[2465000] SCOREBOARD MATCH: wstrb passthrough beat=79 expected = 2f, actual =2f
[2465000] SCOREBOARD MATCH: wstrb passthrough beat=80 expected = 3c, actual =3c
[2465000] SCOREBOARD MATCH: wstrb passthrough beat=81 expected = 2b, actual =2b
[2465000] SCOREBOARD MATCH: wstrb passthrough beat=82 expected = b9, actual =b9
[2465000] SCOREBOARD MATCH: wstrb passthrough beat=83 expected = 47, actual =47
[2465000] SCOREBOARD MATCH: wstrb passthrough beat=84 expected = 17, actual =17
[2465000] SCOREBOARD MATCH: wstrb passthrough beat=85 expected = d4, actual =d4
[2465000] SCOREBOARD MATCH: wstrb passthrough beat=86 expected = 76, actual =76
[2465000] SCOREBOARD MATCH: wstrb passthrough beat=87 expected = 54, actual =54
[2465000] SCOREBOARD MATCH: wstrb passthrough beat=88 expected = ff, actual =ff
[2465000] SCOREBOARD MATCH: wstrb passthrough beat=89 expected = 30, actual =30
[2465000] SCOREBOARD MATCH: wstrb passthrough beat=90 expected = 9b, actual =9b
[2465000] SCOREBOARD MATCH: wstrb passthrough beat=91 expected = 16, actual =16
[2465000] SCOREBOARD MATCH: wstrb passthrough beat=92 expected = 4, actual =4
[2465000] SCOREBOARD MATCH: wstrb passthrough beat=93 expected = 11, actual =11
[2465000] SCOREBOARD MATCH: wstrb passthrough beat=94 expected = 6a, actual =6a
[2465000] SCOREBOARD MATCH: wstrb passthrough beat=95 expected = 3, actual =3
[2465000] SCOREBOARD MATCH: wstrb passthrough beat=96 expected = 41, actual =41
[2465000] SCOREBOARD MATCH: wstrb passthrough beat=97 expected = 5, actual =5
[2465000] SCOREBOARD MATCH: wstrb passthrough beat=98 expected = 19, actual =19
[2465000] SCOREBOARD MATCH: wstrb passthrough beat=99 expected = 45, actual =45
[2465000] SCOREBOARD MATCH: wstrb passthrough beat=100 expected = 17, actual =17
[2465000] SCOREBOARD MATCH: wstrb passthrough beat=101 expected = 84, actual =84
[2465000] SCOREBOARD MATCH: wstrb passthrough beat=102 expected = 48, actual =48
[2465000] SCOREBOARD MATCH: wstrb passthrough beat=103 expected = 58, actual =58
[2465000] SCOREBOARD MATCH: wstrb passthrough beat=104 expected = 89, actual =89
[2465000] SCOREBOARD MATCH: wstrb passthrough beat=105 expected = 62, actual =62
[2465000] SCOREBOARD MATCH: wstrb passthrough beat=106 expected = 9e, actual =9e
[2465000] SCOREBOARD MATCH: wstrb passthrough beat=107 expected = a0, actual =a0
[2465000] SCOREBOARD MATCH: wstrb passthrough beat=108 expected = e6, actual =e6
[2465000] SCOREBOARD MATCH: wstrb passthrough beat=109 expected = e6, actual =e6
[2465000] SCOREBOARD MATCH: wstrb passthrough beat=110 expected = f9, actual =f9
[2465000] SCOREBOARD MATCH: wstrb passthrough beat=111 expected = 6f, actual =6f
[2465000] SCOREBOARD MATCH: wstrb passthrough beat=112 expected = 48, actual =48
[2465000] SCOREBOARD MATCH: wstrb passthrough beat=113 expected = 97, actual =97
[2465000] SCOREBOARD MATCH: wstrb passthrough beat=114 expected = 10, actual =10
[2465000] SCOREBOARD MATCH: wstrb passthrough beat=115 expected = 2e, actual =2e
[2465000] SCOREBOARD MATCH: wstrb passthrough beat=116 expected = 7d, actual =7d
[2465000] SCOREBOARD MATCH: wstrb passthrough beat=117 expected = 9, actual =9
[2465000] SCOREBOARD MATCH: wstrb passthrough beat=118 expected = 9e, actual =9e
[2465000] SCOREBOARD MATCH: wstrb passthrough beat=119 expected = c6, actual =c6
[2465000] SCOREBOARD MATCH: wstrb passthrough beat=120 expected = a0, actual =a0
[2465000] SCOREBOARD MATCH: wstrb passthrough beat=121 expected = ae, actual =ae
[2465000] SCOREBOARD MATCH: wstrb passthrough beat=122 expected = f4, actual =f4
[2465000] SCOREBOARD MATCH: wstrb passthrough beat=123 expected = 1d, actual =1d
[2465000] SCOREBOARD MATCH: wstrb passthrough beat=124 expected = b7, actual =b7
[2465000] SCOREBOARD MATCH: wstrb passthrough beat=125 expected = 92, actual =92
[2465000] SCOREBOARD MATCH: wstrb passthrough beat=126 expected = e3, actual =e3
[2465000] SCOREBOARD MATCH: wstrb passthrough beat=127 expected = 57, actual =57
[2465000] SCOREBOARD MATCH: wstrb passthrough beat=128 expected = 40, actual =40
[2465000] SCOREBOARD MATCH: wstrb passthrough beat=129 expected = d8, actual =d8
[2465000] SCOREBOARD MATCH: wstrb passthrough beat=130 expected = 74, actual =74
[2465000] SCOREBOARD MATCH: wstrb passthrough beat=131 expected = f7, actual =f7
[2465000] SCOREBOARD MATCH: wstrb passthrough beat=132 expected = 6a, actual =6a
[2465000] SCOREBOARD MATCH: wstrb passthrough beat=133 expected = 58, actual =58
[2465000] SCOREBOARD MATCH: wstrb passthrough beat=134 expected = 4e, actual =4e
[2465000] SCOREBOARD MATCH: wstrb passthrough beat=135 expected = ab, actual =ab
[2465000] SCOREBOARD MATCH: wstrb passthrough beat=136 expected = 30, actual =30
[2465000] SCOREBOARD MATCH: wstrb passthrough beat=137 expected = c3, actual =c3
[2465000] SCOREBOARD MATCH: wstrb passthrough beat=138 expected = a2, actual =a2
[2465000] SCOREBOARD MATCH: wstrb passthrough beat=139 expected = 9a, actual =9a
[2465000] SCOREBOARD MATCH: wstrb passthrough beat=140 expected = 1b, actual =1b
[2465000] SCOREBOARD MATCH: wstrb passthrough beat=141 expected = f1, actual =f1
[2465000] SCOREBOARD MATCH: wstrb passthrough beat=142 expected = 45, actual =45
[2465000] SCOREBOARD MATCH: wstrb passthrough beat=143 expected = 4b, actual =4b
[2465000] SCOREBOARD MATCH: wstrb passthrough beat=144 expected = b4, actual =b4
[2465000] SCOREBOARD MATCH: wstrb passthrough beat=145 expected = e8, actual =e8
[2465000] SCOREBOARD MATCH: wstrb passthrough beat=146 expected = e5, actual =e5
[2465000] SCOREBOARD MATCH: wstrb passthrough beat=147 expected = cf, actual =cf
[2465000] SCOREBOARD MATCH: wstrb passthrough beat=148 expected = d9, actual =d9
[2465000] SCOREBOARD MATCH: wstrb passthrough beat=149 expected = 2b, actual =2b
[2465000] SCOREBOARD MATCH: wstrb passthrough beat=150 expected = 1a, actual =1a
[2465000] SCOREBOARD MATCH: wstrb passthrough beat=151 expected = 8d, actual =8d
[2465000] SCOREBOARD MATCH: wstrb passthrough beat=152 expected = 13, actual =13
[2465000] SCOREBOARD MATCH: wstrb passthrough beat=153 expected = ff, actual =ff
[2465000] SCOREBOARD MATCH: wstrb passthrough beat=154 expected = 5c, actual =5c
[2465000] SCOREBOARD MATCH: wstrb passthrough beat=155 expected = ec, actual =ec
[2465000] SCOREBOARD MATCH: wstrb passthrough beat=156 expected = 2a, actual =2a
[2465000] SCOREBOARD MATCH: wstrb passthrough beat=157 expected = 76, actual =76
[2465000] SCOREBOARD MATCH: wstrb passthrough beat=158 expected = 79, actual =79
[2465000] SCOREBOARD MATCH: wstrb passthrough beat=159 expected = 3d, actual =3d
[2465000] SCOREBOARD MATCH: wstrb passthrough beat=160 expected = 75, actual =75
[2465000] SCOREBOARD MATCH: wstrb passthrough beat=161 expected = d5, actual =d5
[2465000] SCOREBOARD MATCH: wstrb passthrough beat=162 expected = 29, actual =29
[2465000] SCOREBOARD MATCH: wstrb passthrough beat=163 expected = a0, actual =a0
[2465000] SCOREBOARD MATCH: wstrb passthrough beat=164 expected = 4b, actual =4b
[2465000] SCOREBOARD MATCH: wstrb passthrough beat=165 expected = a2, actual =a2
[2465000] SCOREBOARD MATCH: wstrb passthrough beat=166 expected = dd, actual =dd
[2465000] SCOREBOARD MATCH: wstrb passthrough beat=167 expected = c0, actual =c0
[2465000] SCOREBOARD MATCH: wstrb passthrough beat=168 expected = 77, actual =77
[2465000] SCOREBOARD MATCH: wstrb passthrough beat=169 expected = 7, actual =7
[2465000] SCOREBOARD MATCH: wstrb passthrough beat=170 expected = 60, actual =60
[2465000] SCOREBOARD MATCH: wstrb passthrough beat=171 expected = c2, actual =c2
[2465000] SCOREBOARD MATCH: wstrb passthrough beat=172 expected = a9, actual =a9
[2465000] SCOREBOARD MATCH: wstrb passthrough beat=173 expected = 3e, actual =3e
[2465000] SCOREBOARD MATCH: wstrb passthrough beat=174 expected = 83, actual =83
[2465000] SCOREBOARD MATCH: wstrb passthrough beat=175 expected = 21, actual =21
[2465000] SCOREBOARD MATCH: wstrb passthrough beat=176 expected = 45, actual =45
[2465000] SCOREBOARD MATCH: wstrb passthrough beat=177 expected = e3, actual =e3
[2465000] SCOREBOARD MATCH: wstrb passthrough beat=178 expected = e3, actual =e3
[2465000] SCOREBOARD MATCH: wstrb passthrough beat=179 expected = ee, actual =ee
[2465000] SCOREBOARD MATCH: wstrb passthrough beat=180 expected = 21, actual =21
[2465000] SCOREBOARD MATCH: wstrb passthrough beat=181 expected = 66, actual =66
[2465000] SCOREBOARD MATCH: wstrb passthrough beat=182 expected = f, actual =f
[2465000] SCOREBOARD MATCH: wstrb passthrough beat=183 expected = 66, actual =66
[2465000] SCOREBOARD MATCH: wstrb passthrough beat=184 expected = 4a, actual =4a
[2465000] SCOREBOARD MATCH: wstrb passthrough beat=185 expected = f3, actual =f3
[2465000] SCOREBOARD MATCH: wstrb passthrough beat=186 expected = 55, actual =55
[2465000] SCOREBOARD MATCH: wstrb passthrough beat=187 expected = 6b, actual =6b
[2465000] SCOREBOARD MATCH: wstrb passthrough beat=188 expected = 59, actual =59
[2465000] SCOREBOARD MATCH: wstrb passthrough beat=189 expected = 64, actual =64
[2465000] SCOREBOARD MATCH: wstrb passthrough beat=190 expected = d2, actual =d2
[2465000] SCOREBOARD MATCH: wstrb passthrough beat=191 expected = a3, actual =a3
[2465000] SCOREBOARD MATCH: wstrb passthrough beat=192 expected = 57, actual =57
[2465000] SCOREBOARD MATCH: wstrb passthrough beat=193 expected = 27, actual =27
[2465000] SCOREBOARD MATCH: wstrb passthrough beat=194 expected = f, actual =f
[2465000] SCOREBOARD MATCH: wstrb passthrough beat=195 expected = b1, actual =b1
[2465000] SCOREBOARD MATCH: wstrb passthrough beat=196 expected = 8b, actual =8b
[2465000] SCOREBOARD MATCH: wstrb passthrough beat=197 expected = e1, actual =e1
[2465000] SCOREBOARD MATCH: wstrb passthrough beat=198 expected = 54, actual =54
[2465000] SCOREBOARD MATCH: wstrb passthrough beat=199 expected = e3, actual =e3
[2465000] SCOREBOARD MATCH: wstrb passthrough beat=200 expected = 8, actual =8
[2465000] SCOREBOARD MATCH: wstrb passthrough beat=201 expected = 63, actual =63
[2465000] SCOREBOARD MATCH: wstrb passthrough beat=202 expected = 94, actual =94
[2465000] SCOREBOARD MATCH: wstrb passthrough beat=203 expected = 93, actual =93
[2465000] SCOREBOARD MATCH: wstrb passthrough beat=204 expected = 44, actual =44
[2465000] SCOREBOARD MATCH: wstrb passthrough beat=205 expected = e8, actual =e8
[2465000] SCOREBOARD MATCH: wstrb passthrough beat=206 expected = 76, actual =76
[2465000] SCOREBOARD MATCH: wstrb passthrough beat=207 expected = 4c, actual =4c
[2465000] SCOREBOARD MATCH: wstrb passthrough beat=208 expected = 4c, actual =4c
[2465000] SCOREBOARD MATCH: wstrb passthrough beat=209 expected = a, actual =a
[2465000] SCOREBOARD MATCH: wstrb passthrough beat=210 expected = e0, actual =e0
[2465000] SCOREBOARD MATCH: wstrb passthrough beat=211 expected = 90, actual =90
[2465000] SCOREBOARD MATCH: wstrb passthrough beat=212 expected = f3, actual =f3
[2465000] SCOREBOARD MATCH: wstrb passthrough beat=213 expected = 56, actual =56
[2465000] SCOREBOARD MATCH: wstrb passthrough beat=214 expected = dd, actual =dd
[2465000] SCOREBOARD MATCH: wstrb passthrough beat=215 expected = 3f, actual =3f
[2465000] SCOREBOARD MATCH: wstrb passthrough beat=216 expected = 61, actual =61
[2465000] SCOREBOARD MATCH: wstrb passthrough beat=217 expected = bd, actual =bd
[2465000] SCOREBOARD MATCH: wstrb passthrough beat=218 expected = cf, actual =cf
[2465000] SCOREBOARD MATCH: wstrb passthrough beat=219 expected = 54, actual =54
[2465000] SCOREBOARD MATCH: wstrb passthrough beat=220 expected = 13, actual =13
[2465000] SCOREBOARD MATCH: wstrb passthrough beat=221 expected = ac, actual =ac
[2465000] SCOREBOARD MATCH: wstrb passthrough beat=222 expected = 93, actual =93
[2465000] SCOREBOARD MATCH: wstrb passthrough beat=223 expected = 74, actual =74
[2465000] SCOREBOARD MATCH: wstrb passthrough beat=224 expected = 69, actual =69
[2465000] SCOREBOARD MATCH: wstrb passthrough beat=225 expected = 62, actual =62
[2465000] SCOREBOARD MATCH: wstrb passthrough beat=226 expected = c8, actual =c8
[2465000] SCOREBOARD MATCH: wstrb passthrough beat=227 expected = 7d, actual =7d
[2465000] SCOREBOARD MATCH: wstrb passthrough beat=228 expected = f, actual =f
[2465000] SCOREBOARD MATCH: wstrb passthrough beat=229 expected = 5b, actual =5b
[2465000] SCOREBOARD MATCH: wstrb passthrough beat=230 expected = f1, actual =f1
[2465000] SCOREBOARD MATCH: wstrb passthrough beat=231 expected = 78, actual =78
[2465000] SCOREBOARD MATCH: wstrb passthrough beat=232 expected = be, actual =be
[2465000] SCOREBOARD MATCH: wstrb passthrough beat=233 expected = ba, actual =ba
[2465000] SCOREBOARD MATCH: wstrb passthrough beat=234 expected = f5, actual =f5
[2465000] SCOREBOARD MATCH: wstrb passthrough beat=235 expected = cd, actual =cd
[2465000] SCOREBOARD MATCH: bresp passthrough expected = 0, actual =0
[2465000] SCOREBOARD MATCH: response routed to correct master (write) expected = 1, actual =1
[2465000] [SCOREBOARD-M] mst_id=1 s_id=1 awaddr=113a29b8 awid=1010 awlen=235 awsize=4 awburst=1 wdata=[d9f2fc12ee100b8c 973ff263d7f89fad e065cd8998fa65fd 870a7189cfffa2d7 a7f84284ba58c99b d3532f991e4a63ed ee4a06c4085e100e c2b6d9a9da5da122 f8a8050f96424948 9ea05956960a0942 f067aa65e6f20bd3 fd34551ce1573300 f7613c42e90faf74 d001bb489bd4ae72 fd2be172e7c8e6a7 d0d8961ccd361064 e90abed6f48d1db5 dc56045c20da5164 ee1061c8e636a049 dac3bdfead2e9a78 ce08ebdcd71b209e bd51c0e7b719c25a e4485cd3bc194da4 13346e4398157ee5 cf2f4140b25148af ee6a9654d0862f2a e89bae1033779e13 e5c8e6c2019f0497 d22533c137caef50 eb428d63d4337d16 d5d281adbac0e1d1 f28bd121d10b7425 253ef13c27f7b56f e2b89740ddce5e84 2ed9d2aafb1172e9 a3092858d5446862 b312c6e6d418c3e6 cf2a36cf05c1bf99 db0627fbe1ec9990 b6055d76f2335f28 f7f51ec18e18eee1 f0058872052f9446 f762f36ed2fb46bc e114359da60ae5e8 ab3a7a2eef58122f c25358ebd119be0f f724a3f8a29d6d9c 91f57fcba3678e88 f4814c98a25f1e26 c4fc8bc3d448d8b6 f7b0673feba5f090 8e050eb6d6f20b8e 2b3ae445ec31b3d7 d7d7a467d3019a79 29f3a60822eb4b84 f1cff5be5dcb31d 38de4d97d52e8a4d f819d5d1e6f4a3c2 ccd156dfe2d1f39f 38007dec0736d52c ee2b78ee85afa476 e8819815301a53bd 375128e9bafccfcd c0ac7444a0821601 d09c69be257ca1d7 e07971a4a92e0c59 c9b0225b87ed92a7 ad6a347ea125e5e8 ca53f2429a4c8c19 223a1ec10de3a623 af098c0b1404149d ae50a0b6cfa4533f dd87f962f95d7e4d 8d6192ead08abf77 202f12b70c91856e 85ef03bb3bb233a1 8c3cf318fdb70c19 8a489187135096a6 cf02ca47ac6c05cf 2a2311e910379543 23882be9db3fbd5f 7abc32fb46ba370 c4a338b3f28af630 cdcab38f31ced518 e63a7888e82b649c dab65accd57676be 87454bd62addb13c 930915d828810e5c fdf7851aed7fc45f 185d759bedbf70a5 16407f01053cd0f1 f2bc9550ab668b73 9925fc189438041b 9974d50c0b1a0aeb b680965eaf667b19 c39e7f358c316a5c 974b7547cfa69277 ff0d0d90dd135441 e944be9ecdcc0ba6 1d729e1dc2ab8cc5 1fbee107809033e5 ce5c3f8b9c7fabad df2b387309039fa5 8993d38aebcedda8 84e8956feea197a 7edb91fd7f01316 c3bef0bee779c1c9 e663db4391818ca9 e9719fbfcc0d7a14 b3873bddee519462 ffd3210b2d30907e f93e0a9299eb1720 883cab82e944c0cb 167551492cc54670 c6b05d90080fcc8e f1548d598fb35bdb bc78a24bceed0913 d6fcd5a107c9dea2 977d3a7d0328ffdc d21608efc85162fa d01b419cd3f5dcc9 d71edca52912de90 f164418ae7987c19 bb8e58e22934e594 d247c424c17f8326 a917ff3f92ad3587 bbe21b1bc3ac05ae 52b88d4e4a65822 f7538da98e29df3f d1d5e4edae438813 92e9e0353335a8c5 c15f8804d7016dc1 544f5d50a3d6ddf 3d7316a413356cf2 ea36dab3982ed60a a26c43e9fed29ea8 92080b9aef7bd088 7aaa693dfdf5a8d deb1f936fc3ee64e ebbab6d6aa16ea7c 9f6450af0ba04d0 ecf8eb1ef3655d69 1d7c47e6e8a83e40 d9624310d8b3a1f5 cc18ff5e27728cf0 101acb30c65b2e2f 1f0ed024e9954744 9107d434e97d0e40 afd83c6feb27cf82 d4bd16c7a1229f64 a9fada5cee70c93 3a0edc16e5c4eafb 6e78a60ba77ea14 95ef6a80ecbf2dd f490ddd811873805 cbff2219c36dd2be d239c59bfb786838 8cffa03dd55e18c1 98cbeb7fc6caa373 c2430bacd8fec257 ae5cdb18eb05b11a 31d0548ecf42abe9 a8416e40c728c698 b22e77b2f413603a c3560c23d69e4959 1dc70ff1e3fecc40 d8122c7aeb977a64 c235c3bdcff587a3 33f453e41b68389e 6ffb302dffcd3ae aff25b518c06805e a76eb8fcc93576bf 29324a6de3e6af35 efed2f94ae6e6bfe f7a3e2bdd924a5be 3d0b54f4975be890 c5ca548fa0d62d2a f9fad2e92cf88488 c4546d18bd6e374c de446477370627dd e3feac658a1ec1a7 c78cf8f4d83f3760 f455f3da853197d 3271db2525d15d6b fe1094cbf3440ba2 9b97251ff9fed419 1fd031840d55f408 99ffaace090044 c807d45d1de0c64f 2b36ba579c3124c9 ea3a250ee7d805e1 85b8cc302bd0ba01 c801decab241f96b 1a19ff4db0ef8687 dcc04088b23c03d8 e47dfd449fd2cb7d d0c2520524c21f53 d6fe232bfe97fc91 9e6ac80ead82928d d244b1e0bb7c206f ba141d00ef2d1a13 1cafaca12942d50c e4bef57bd87ee50f c7abff22eef45e81 9837338d1ed3127c f751f78be45babc3 d3500a45fcf62909 1bc93b85befdf6ad 2359a271eb873dd2 e87d66db131b3310 d21929bdf6a9acb6 e230ea888446a260 9761d570f572cc2e ec1c78e4caae5164 cef4f3c4e97aff2e deedcb5cce4d636d 18fbb4d1e656c935 cfd1c863cb0a4441 1957a7aee7f0a895 ce4771caaebf93bf f9c9d80032535c7f 9a4405149e193a2d ccd8cded93217fae c574dc2de88b76df 86a4b10cc6a2a5ed d9c4259cdfb8e142 c8445821d37d7ef9 1a2024e79f3901c9 fef1e30bcee9092d 22668827f3e44a83 931d4c4cc7363b2c 161f445a3c86ad0e 306af791120f2f58 d9456a843885cc81 f50c798fc38843dd d5977335ef64aede ] wstrb=[20 5f ba fd ee 98 33 e f8 ed c e6 85 3f f5 7d 2c 1 64 b1 40 59 2f 6c 5a 93 1d 9a ec 4c 6 46 df 23 e0 cb 70 e6 11 4f 9 f1 1b 79 d7 2c c9 e1 1e e4 5a f5 10 23 d6 2e 7 31 24 18 54 fa 46 5c 2b 6a 74 80 65 ba dc 90 25 50 10 8a a ec 1a 2f 3c 2b b9 47 17 d4 76 54 ff 30 9b 16 4 11 6a 3 41 5 19 45 17 84 48 58 89 62 9e a0 e6 e6 f9 6f 48 97 10 2e 7d 9 9e c6 a0 ae f4 1d b7 92 e3 57 40 d8 74 f7 6a 58 4e ab 30 c3 a2 9a 1b f1 45 4b b4 e8 e5 cf d9 2b 1a 8d 13 ff 5c ec 2a 76 79 3d 75 d5 29 a0 4b a2 dd c0 77 7 60 c2 a9 3e 83 21 45 e3 e3 ee 21 66 f 66 4a f3 55 6b 59 64 d2 a3 57 27 f b1 8b e1 54 e3 8 63 94 93 44 e8 76 4c 4c a e0 90 f3 56 dd 3f 61 bd cf 54 13 ac 93 74 69 62 c8 7d f 5b f1 78 be ba f5 cd ] bresp=0 bid=1010
[2465000] [SCOREBOARD-S] mst_id=1 s_id=1 awaddr=113a29b8 awid=1010 awlen=235 awsize=4 awburst=1 wdata=[d9f2fc12ee100b8c 973ff263d7f89fad e065cd8998fa65fd 870a7189cfffa2d7 a7f84284ba58c99b d3532f991e4a63ed ee4a06c4085e100e c2b6d9a9da5da122 f8a8050f96424948 9ea05956960a0942 f067aa65e6f20bd3 fd34551ce1573300 f7613c42e90faf74 d001bb489bd4ae72 fd2be172e7c8e6a7 d0d8961ccd361064 e90abed6f48d1db5 dc56045c20da5164 ee1061c8e636a049 dac3bdfead2e9a78 ce08ebdcd71b209e bd51c0e7b719c25a e4485cd3bc194da4 13346e4398157ee5 cf2f4140b25148af ee6a9654d0862f2a e89bae1033779e13 e5c8e6c2019f0497 d22533c137caef50 eb428d63d4337d16 d5d281adbac0e1d1 f28bd121d10b7425 253ef13c27f7b56f e2b89740ddce5e84 2ed9d2aafb1172e9 a3092858d5446862 b312c6e6d418c3e6 cf2a36cf05c1bf99 db0627fbe1ec9990 b6055d76f2335f28 f7f51ec18e18eee1 f0058872052f9446 f762f36ed2fb46bc e114359da60ae5e8 ab3a7a2eef58122f c25358ebd119be0f f724a3f8a29d6d9c 91f57fcba3678e88 f4814c98a25f1e26 c4fc8bc3d448d8b6 f7b0673feba5f090 8e050eb6d6f20b8e 2b3ae445ec31b3d7 d7d7a467d3019a79 29f3a60822eb4b84 f1cff5be5dcb31d 38de4d97d52e8a4d f819d5d1e6f4a3c2 ccd156dfe2d1f39f 38007dec0736d52c ee2b78ee85afa476 e8819815301a53bd 375128e9bafccfcd c0ac7444a0821601 d09c69be257ca1d7 e07971a4a92e0c59 c9b0225b87ed92a7 ad6a347ea125e5e8 ca53f2429a4c8c19 223a1ec10de3a623 af098c0b1404149d ae50a0b6cfa4533f dd87f962f95d7e4d 8d6192ead08abf77 202f12b70c91856e 85ef03bb3bb233a1 8c3cf318fdb70c19 8a489187135096a6 cf02ca47ac6c05cf 2a2311e910379543 23882be9db3fbd5f 7abc32fb46ba370 c4a338b3f28af630 cdcab38f31ced518 e63a7888e82b649c dab65accd57676be 87454bd62addb13c 930915d828810e5c fdf7851aed7fc45f 185d759bedbf70a5 16407f01053cd0f1 f2bc9550ab668b73 9925fc189438041b 9974d50c0b1a0aeb b680965eaf667b19 c39e7f358c316a5c 974b7547cfa69277 ff0d0d90dd135441 e944be9ecdcc0ba6 1d729e1dc2ab8cc5 1fbee107809033e5 ce5c3f8b9c7fabad df2b387309039fa5 8993d38aebcedda8 84e8956feea197a 7edb91fd7f01316 c3bef0bee779c1c9 e663db4391818ca9 e9719fbfcc0d7a14 b3873bddee519462 ffd3210b2d30907e f93e0a9299eb1720 883cab82e944c0cb 167551492cc54670 c6b05d90080fcc8e f1548d598fb35bdb bc78a24bceed0913 d6fcd5a107c9dea2 977d3a7d0328ffdc d21608efc85162fa d01b419cd3f5dcc9 d71edca52912de90 f164418ae7987c19 bb8e58e22934e594 d247c424c17f8326 a917ff3f92ad3587 bbe21b1bc3ac05ae 52b88d4e4a65822 f7538da98e29df3f d1d5e4edae438813 92e9e0353335a8c5 c15f8804d7016dc1 544f5d50a3d6ddf 3d7316a413356cf2 ea36dab3982ed60a a26c43e9fed29ea8 92080b9aef7bd088 7aaa693dfdf5a8d deb1f936fc3ee64e ebbab6d6aa16ea7c 9f6450af0ba04d0 ecf8eb1ef3655d69 1d7c47e6e8a83e40 d9624310d8b3a1f5 cc18ff5e27728cf0 101acb30c65b2e2f 1f0ed024e9954744 9107d434e97d0e40 afd83c6feb27cf82 d4bd16c7a1229f64 a9fada5cee70c93 3a0edc16e5c4eafb 6e78a60ba77ea14 95ef6a80ecbf2dd f490ddd811873805 cbff2219c36dd2be d239c59bfb786838 8cffa03dd55e18c1 98cbeb7fc6caa373 c2430bacd8fec257 ae5cdb18eb05b11a 31d0548ecf42abe9 a8416e40c728c698 b22e77b2f413603a c3560c23d69e4959 1dc70ff1e3fecc40 d8122c7aeb977a64 c235c3bdcff587a3 33f453e41b68389e 6ffb302dffcd3ae aff25b518c06805e a76eb8fcc93576bf 29324a6de3e6af35 efed2f94ae6e6bfe f7a3e2bdd924a5be 3d0b54f4975be890 c5ca548fa0d62d2a f9fad2e92cf88488 c4546d18bd6e374c de446477370627dd e3feac658a1ec1a7 c78cf8f4d83f3760 f455f3da853197d 3271db2525d15d6b fe1094cbf3440ba2 9b97251ff9fed419 1fd031840d55f408 99ffaace090044 c807d45d1de0c64f 2b36ba579c3124c9 ea3a250ee7d805e1 85b8cc302bd0ba01 c801decab241f96b 1a19ff4db0ef8687 dcc04088b23c03d8 e47dfd449fd2cb7d d0c2520524c21f53 d6fe232bfe97fc91 9e6ac80ead82928d d244b1e0bb7c206f ba141d00ef2d1a13 1cafaca12942d50c e4bef57bd87ee50f c7abff22eef45e81 9837338d1ed3127c f751f78be45babc3 d3500a45fcf62909 1bc93b85befdf6ad 2359a271eb873dd2 e87d66db131b3310 d21929bdf6a9acb6 e230ea888446a260 9761d570f572cc2e ec1c78e4caae5164 cef4f3c4e97aff2e deedcb5cce4d636d 18fbb4d1e656c935 cfd1c863cb0a4441 1957a7aee7f0a895 ce4771caaebf93bf f9c9d80032535c7f 9a4405149e193a2d ccd8cded93217fae c574dc2de88b76df 86a4b10cc6a2a5ed d9c4259cdfb8e142 c8445821d37d7ef9 1a2024e79f3901c9 fef1e30bcee9092d 22668827f3e44a83 931d4c4cc7363b2c 161f445a3c86ad0e 306af791120f2f58 d9456a843885cc81 f50c798fc38843dd d5977335ef64aede ] wstrb=[20 5f ba fd ee 98 33 e f8 ed c e6 85 3f f5 7d 2c 1 64 b1 40 59 2f 6c 5a 93 1d 9a ec 4c 6 46 df 23 e0 cb 70 e6 11 4f 9 f1 1b 79 d7 2c c9 e1 1e e4 5a f5 10 23 d6 2e 7 31 24 18 54 fa 46 5c 2b 6a 74 80 65 ba dc 90 25 50 10 8a a ec 1a 2f 3c 2b b9 47 17 d4 76 54 ff 30 9b 16 4 11 6a 3 41 5 19 45 17 84 48 58 89 62 9e a0 e6 e6 f9 6f 48 97 10 2e 7d 9 9e c6 a0 ae f4 1d b7 92 e3 57 40 d8 74 f7 6a 58 4e ab 30 c3 a2 9a 1b f1 45 4b b4 e8 e5 cf d9 2b 1a 8d 13 ff 5c ec 2a 76 79 3d 75 d5 29 a0 4b a2 dd c0 77 7 60 c2 a9 3e 83 21 45 e3 e3 ee 21 66 f 66 4a f3 55 6b 59 64 d2 a3 57 27 f b1 8b e1 54 e3 8 63 94 93 44 e8 76 4c 4c a e0 90 f3 56 dd 3f 61 bd cf 54 13 ac 93 74 69 62 c8 7d f 5b f1 78 be ba f5 cd ] bresp=0 bid=11010
[2465000] SCOREBOARD: Transaction 3 received. pass=510 fail=0
[2465000] ALL PASS. Total transactions: 3
[2475000] AXI S0_AWVALID_RDY HANDSHAKE
[2475000] SLAVE 0 R_VALID_RDY Handshake beat=1 rlast=1
[2475000] [SLAVE MONITOR] READ mst_id=1 s_id=0 araddr=824f568 arid=2 arlen=1 arsize=3 arburst=1 rid=[1212] rresp=[00] rdata=[baadf00d12345678baadf00d12345678]
[2475000] ARB MONITOR: slave=0 m0_req=0 m1_req=1 winner=1
[2485000] MASTER 1 W_VALID_RDY Handshake beat=0 wlast=0
[2485000] MASTER 1 R_VALID_RDY Handshake beat=0 rlast=0
[2495000] AXI S0_WVALID_RDY HANDSHAKE
[2495000] S0 MEMORY WRITE beat=0 addr=053bd6a0 data=c7862d80c7f93cef id=1a
[2495000] MASTER 1 R_VALID_RDY Handshake beat=1 rlast=1
[2495000] [MASTER MONITOR] READ mst_id=1 s_id=0 araddr=824f568 arid=2 arlen=1 arsize=3 arburst=1 rid=[22] rresp=[00] rdata=[baadf00d12345678baadf00d12345678]
[2495000] MASTER 1 W_VALID_RDY Handshake beat=1 wlast=0
[2495000] [MASTER DRIVER] READ mst_id=1 s_id=0 araddr=824f568 arid=2 arlen=1 arsize=3 arburst=1 rid=[22] rresp=[00] rdata=[baadf00d12345678baadf00d12345678]
[2495000] SCOREBOARD MATCH: decode_err expected = 0, actual =0
[2495000] SCOREBOARD MATCH: slave_id expected = 0, actual =0
[2495000] SCOREBOARD MATCH: araddr passthrough expected = 824f568, actual =824f568
[2495000] SCOREBOARD MATCH: arlen passthrough expected = 1, actual =1
[2495000] SCOREBOARD MATCH: arsize passthrough expected = 3, actual =3
[2495000] SCOREBOARD MATCH: arburst passthrough expected = 1, actual =1
[2495000] SCOREBOARD MATCH: rdata size check expected = 2, actual =2
[2495000] SCOREBOARD MATCH: rdata passthrough beat=0 expected = baadf00d12345678, actual =baadf00d12345678
[2495000] SCOREBOARD MATCH: rdata passthrough beat=1 expected = baadf00d12345678, actual =baadf00d12345678
[2495000] SCOREBOARD MATCH: rresp size check expected = 2, actual =2
[2495000] SCOREBOARD MATCH: rresp passthrough beat=0 expected = 0, actual =0
[2495000] SCOREBOARD MATCH: rresp passthrough beat=1 expected = 0, actual =0
[2495000] SCOREBOARD MATCH: response routed to correct master (read beat 0) expected = 1, actual =1
[2495000] SCOREBOARD MATCH: response routed to correct master (read beat 1) expected = 1, actual =1
[2495000] [SCOREBOARD-M] READ mst_id=1 s_id=0 araddr=824f568 arid=2 arlen=1 arsize=3 arburst=1 rid=[22] rresp=[00] rdata=[baadf00d12345678baadf00d12345678]
[2495000] [SCOREBOARD-S] READ mst_id=1 s_id=0 araddr=824f568 arid=2 arlen=1 arsize=3 arburst=1 rid=[1212] rresp=[00] rdata=[baadf00d12345678baadf00d12345678]
[2495000] SCOREBOARD: Transaction 4 received. pass=524 fail=0
[2495000] ALL PASS. Total transactions: 4
[2505000] MASTER 1 W_VALID_RDY Handshake beat=2 wlast=0
[2505000] AXI S0_WVALID_RDY HANDSHAKE
[2505000] S0 MEMORY WRITE beat=1 addr=053bd6a0 data=c52f70e9977b6220 id=1a
[2515000] AXI S0_WVALID_RDY HANDSHAKE
[2515000] S0 MEMORY WRITE beat=2 addr=053bd6a0 data=eb5f07df8fd03016 id=1a
[2515000] MASTER 1 W_VALID_RDY Handshake beat=3 wlast=0
[2525000] MASTER 1 W_VALID_RDY Handshake beat=4 wlast=0
[2525000] AXI S0_WVALID_RDY HANDSHAKE
[2525000] S0 MEMORY WRITE beat=3 addr=053bd6a0 data=d7c96d05be112925 id=1a
[2535000] AXI S0_WVALID_RDY HANDSHAKE
[2535000] S0 MEMORY WRITE beat=4 addr=053bd6a0 data=d58c8b46b2e5355f id=1a
[2535000] MASTER 1 W_VALID_RDY Handshake beat=5 wlast=0
[2545000] MASTER 1 W_VALID_RDY Handshake beat=6 wlast=0
[2545000] AXI S0_WVALID_RDY HANDSHAKE
[2545000] S0 MEMORY WRITE beat=5 addr=053bd6a0 data=c2b565761cf8ddef id=1a
[2555000] AXI S0_WVALID_RDY HANDSHAKE
[2555000] S0 MEMORY WRITE beat=6 addr=053bd6a0 data=db0a0714c0eb9325 id=1a
[2555000] MASTER 1 W_VALID_RDY Handshake beat=7 wlast=0
[2565000] MASTER 1 W_VALID_RDY Handshake beat=8 wlast=0
[2565000] AXI S0_WVALID_RDY HANDSHAKE
[2565000] S0 MEMORY WRITE beat=7 addr=053bd6a0 data=f3d0c8849a7ed27b id=1a
[2575000] AXI S0_WVALID_RDY HANDSHAKE
[2575000] S0 MEMORY WRITE beat=8 addr=053bd6a0 data=b777b06ab096925a id=1a
[2575000] MASTER 1 W_VALID_RDY Handshake beat=9 wlast=0
[2585000] MASTER 1 W_VALID_RDY Handshake beat=10 wlast=0
[2585000] AXI S0_WVALID_RDY HANDSHAKE
[2585000] S0 MEMORY WRITE beat=9 addr=053bd6a0 data=f182257fb6862dfa id=1a
[2595000] AXI S0_WVALID_RDY HANDSHAKE
[2595000] S0 MEMORY WRITE beat=10 addr=053bd6a0 data=d10500761281b77f id=1a
[2595000] MASTER 1 W_VALID_RDY Handshake beat=11 wlast=0
[2605000] MASTER 1 W_VALID_RDY Handshake beat=12 wlast=0
[2605000] AXI S0_WVALID_RDY HANDSHAKE
[2605000] S0 MEMORY WRITE beat=11 addr=053bd6a0 data=c31849d9e552ee04 id=1a
[2615000] AXI S0_WVALID_RDY HANDSHAKE
[2615000] S0 MEMORY WRITE beat=12 addr=053bd6a0 data=9bd91bfe887cb0e0 id=1a
[2615000] MASTER 1 W_VALID_RDY Handshake beat=13 wlast=1
[2625000] AXI S0_WVALID_RDY HANDSHAKE
[2625000] S0 MEMORY WRITE beat=13 addr=053bd6a0 data=9afe685f349a6f59 id=1a
[2635000] SLAVE0 sent B resp, id=10
[2635000] [SLAVE MONITOR] mst_id=1 s_id=0 awaddr=53bd6a0 awid=1010 awlen=13 awsize=3 awburst=0 wdata=[c7862d80c7f93cef c52f70e9977b6220 eb5f07df8fd03016 d7c96d05be112925 d58c8b46b2e5355f c2b565761cf8ddef db0a0714c0eb9325 f3d0c8849a7ed27b b777b06ab096925a f182257fb6862dfa d10500761281b77f c31849d9e552ee04 9bd91bfe887cb0e0 9afe685f349a6f59 ] wstrb=[74 5d 39 55 5b 92 b4 d0 ef ed 25 4a 7f d9 ] bresp=0 bid=11010
[2655000] MASTER 1 B_VALID_RDY Handshake
[2655000] [MASTER MONITOR] mst_id=1 s_id=0 awaddr=53bd6a0 awid=1010 awlen=13 awsize=3 awburst=0 wdata=[c7862d80c7f93cef c52f70e9977b6220 eb5f07df8fd03016 d7c96d05be112925 d58c8b46b2e5355f c2b565761cf8ddef db0a0714c0eb9325 f3d0c8849a7ed27b b777b06ab096925a f182257fb6862dfa d10500761281b77f c31849d9e552ee04 9bd91bfe887cb0e0 9afe685f349a6f59 ] wstrb=[74 5d 39 55 5b 92 b4 d0 ef ed 25 4a 7f d9 ] bresp=0 bid=1010
[2655000] MASTER 1 RECEIVED BRESP. BRESP=0
[2655000] [MASTER DRIVER] mst_id=1 s_id=0 awaddr=53bd6a0 awid=1010 awlen=13 awsize=3 awburst=0 wdata=[c7862d80c7f93cef c52f70e9977b6220 eb5f07df8fd03016 d7c96d05be112925 d58c8b46b2e5355f c2b565761cf8ddef db0a0714c0eb9325 f3d0c8849a7ed27b b777b06ab096925a f182257fb6862dfa d10500761281b77f c31849d9e552ee04 9bd91bfe887cb0e0 9afe685f349a6f59 ] wstrb=[74 5d 39 55 5b 92 b4 d0 ef ed 25 4a 7f d9 ] bresp=0 bid=1010
[2655000] SCOREBOARD MATCH: decode_err expected = 0, actual =0
[2655000] SCOREBOARD MATCH: slave_id expected = 0, actual =0
[2655000] SCOREBOARD MATCH: awaddr passthrough expected = 53bd6a0, actual =53bd6a0
[2655000] SCOREBOARD MATCH: awlen passthrough expected = 13, actual =13
[2655000] SCOREBOARD MATCH: awsize passthrough expected = 3, actual =3
[2655000] SCOREBOARD MATCH: awburst passthrough expected = 0, actual =0
[2655000] SCOREBOARD MATCH: wdata size check expected = e, actual =e
[2655000] SCOREBOARD MATCH: wdata passthrough beat=0 expected = c7862d80c7f93cef, actual =c7862d80c7f93cef
[2655000] SCOREBOARD MATCH: wdata passthrough beat=1 expected = c52f70e9977b6220, actual =c52f70e9977b6220
[2655000] SCOREBOARD MATCH: wdata passthrough beat=2 expected = eb5f07df8fd03016, actual =eb5f07df8fd03016
[2655000] SCOREBOARD MATCH: wdata passthrough beat=3 expected = d7c96d05be112925, actual =d7c96d05be112925
[2655000] SCOREBOARD MATCH: wdata passthrough beat=4 expected = d58c8b46b2e5355f, actual =d58c8b46b2e5355f
[2655000] SCOREBOARD MATCH: wdata passthrough beat=5 expected = c2b565761cf8ddef, actual =c2b565761cf8ddef
[2655000] SCOREBOARD MATCH: wdata passthrough beat=6 expected = db0a0714c0eb9325, actual =db0a0714c0eb9325
[2655000] SCOREBOARD MATCH: wdata passthrough beat=7 expected = f3d0c8849a7ed27b, actual =f3d0c8849a7ed27b
[2655000] SCOREBOARD MATCH: wdata passthrough beat=8 expected = b777b06ab096925a, actual =b777b06ab096925a
[2655000] SCOREBOARD MATCH: wdata passthrough beat=9 expected = f182257fb6862dfa, actual =f182257fb6862dfa
[2655000] SCOREBOARD MATCH: wdata passthrough beat=10 expected = d10500761281b77f, actual =d10500761281b77f
[2655000] SCOREBOARD MATCH: wdata passthrough beat=11 expected = c31849d9e552ee04, actual =c31849d9e552ee04
[2655000] SCOREBOARD MATCH: wdata passthrough beat=12 expected = 9bd91bfe887cb0e0, actual =9bd91bfe887cb0e0
[2655000] SCOREBOARD MATCH: wdata passthrough beat=13 expected = 9afe685f349a6f59, actual =9afe685f349a6f59
[2655000] SCOREBOARD MATCH: wstrb size check expected = e, actual =e
[2655000] SCOREBOARD MATCH: wstrb passthrough beat=0 expected = 74, actual =74
[2655000] SCOREBOARD MATCH: wstrb passthrough beat=1 expected = 5d, actual =5d
[2655000] SCOREBOARD MATCH: wstrb passthrough beat=2 expected = 39, actual =39
[2655000] SCOREBOARD MATCH: wstrb passthrough beat=3 expected = 55, actual =55
[2655000] SCOREBOARD MATCH: wstrb passthrough beat=4 expected = 5b, actual =5b
[2655000] SCOREBOARD MATCH: wstrb passthrough beat=5 expected = 92, actual =92
[2655000] SCOREBOARD MATCH: wstrb passthrough beat=6 expected = b4, actual =b4
[2655000] SCOREBOARD MATCH: wstrb passthrough beat=7 expected = d0, actual =d0
[2655000] SCOREBOARD MATCH: wstrb passthrough beat=8 expected = ef, actual =ef
[2655000] SCOREBOARD MATCH: wstrb passthrough beat=9 expected = ed, actual =ed
[2655000] SCOREBOARD MATCH: wstrb passthrough beat=10 expected = 25, actual =25
[2655000] SCOREBOARD MATCH: wstrb passthrough beat=11 expected = 4a, actual =4a
[2655000] SCOREBOARD MATCH: wstrb passthrough beat=12 expected = 7f, actual =7f
[2655000] SCOREBOARD MATCH: wstrb passthrough beat=13 expected = d9, actual =d9
[2655000] SCOREBOARD MATCH: bresp passthrough expected = 0, actual =0
[2655000] SCOREBOARD MATCH: response routed to correct master (write) expected = 1, actual =1
[2655000] [SCOREBOARD-M] mst_id=1 s_id=0 awaddr=53bd6a0 awid=1010 awlen=13 awsize=3 awburst=0 wdata=[c7862d80c7f93cef c52f70e9977b6220 eb5f07df8fd03016 d7c96d05be112925 d58c8b46b2e5355f c2b565761cf8ddef db0a0714c0eb9325 f3d0c8849a7ed27b b777b06ab096925a f182257fb6862dfa d10500761281b77f c31849d9e552ee04 9bd91bfe887cb0e0 9afe685f349a6f59 ] wstrb=[74 5d 39 55 5b 92 b4 d0 ef ed 25 4a 7f d9 ] bresp=0 bid=1010
[2655000] [SCOREBOARD-S] mst_id=1 s_id=0 awaddr=53bd6a0 awid=1010 awlen=13 awsize=3 awburst=0 wdata=[c7862d80c7f93cef c52f70e9977b6220 eb5f07df8fd03016 d7c96d05be112925 d58c8b46b2e5355f c2b565761cf8ddef db0a0714c0eb9325 f3d0c8849a7ed27b b777b06ab096925a f182257fb6862dfa d10500761281b77f c31849d9e552ee04 9bd91bfe887cb0e0 9afe685f349a6f59 ] wstrb=[74 5d 39 55 5b 92 b4 d0 ef ed 25 4a 7f d9 ] bresp=0 bid=11010
[2655000] SCOREBOARD: Transaction 5 received. pass=562 fail=0
[2655000] SCOREBOARD: Expected 5 transactions completed, PASS=562 FAIL=0
[2655000] ALL PASS. Total transactions: 5
[2655000] ALL TRANSACTIONS MONITORED
$finish called at time : 2675 ns : File "/home/nashita/Desktop/practice/axi_xbar/tb/top/axi_tb_top.sv" Line 220
exit
INFO: xsimkernel Simulation Memory Usage: 289464 KB (Peak: 337864 KB), Simulation CPU Usage: 1200 ms
INFO: [Common 17-206] Exiting xsim at Thu Sep 10 18:44:12 2026...
