#-----------------------------------------------------------
# xsim v2025.2 (64-bit)
# SW Build 6299465 on Fri Nov 14 12:34:56 MST 2025
# IP Build 6300035 on Fri Nov 14 10:48:45 MST 2025
# SharedData Build 6298862 on Thu Nov 13 04:50:51 MST 2025
# Start of session at: Thu Sep 10 18:39:29 2026
# Process ID         : 3657803
# Current directory  : /home/nashita/Desktop/practice/axi_xbar/sim
# Command line       : xsim -log regress_results/BT_run375.log -mode tcl -source {xsim.dir/tb_top_snap/xsim_script.tcl}
# Log file           : /home/nashita/Desktop/practice/axi_xbar/sim/regress_results/BT_run375.log
# Journal file       : /home/nashita/Desktop/practice/axi_xbar/sim/xsim.jou
# Running On         : vlsi-vivado
# Platform           : Ubuntu
# Operating System   : Ubuntu 24.04.4 LTS
# Processor Detail   : Intel(R) Core(TM) i5-10400 CPU @ 2.90GHz
# CPU Frequency      : 3999.958 MHz
# CPU Physical cores : 6
# CPU Logical cores  : 12
# Host memory        : 41875 MB
# Swap memory        : 27648 MB
# Total Virtual      : 69524 MB
# Available Virtual  : 62505 MB
#-----------------------------------------------------------
source xsim.dir/tb_top_snap/xsim_script.tcl
# xsim {tb_top_snap} -testplusarg BT -autoloadwcfg -runall -sv_seed 376
Time resolution is 1 ps
run -all
[0] RUNNING BASE TEST
[0] INSIDE THE BASE TEST CONSTRUCTOR
[0] ENV: before agent
[0] SLAVE CONSTRUCTED
[0] MASTER MONITOR CONSTRUCTED
[0] MASTER MONITOR CONSTRUCTED
[0] SLAVE MONITOR CONSTRUCTED
[0] SLAVE MONITOR CONSTRUCTED
[0] ARB MONITOR CONSTRUCTED
GENERATOR CONSTRUCTED
[0] ENV: after agent
[0] ENV: before scoreboard
[0] ENV: after scoreboard
[15000] [SEQUENCER] READ mst_id=1 s_id=0 araddr=4d3c808 arid=0 arlen=1 arsize=3 arburst=1 rid=[] rresp=[] rdata=[]
[15000] [SEQUENCER] READ mst_id=1 s_id=0 araddr=16950198 arid=1 arlen=1 arsize=3 arburst=1 rid=[] rresp=[] rdata=[]
[15000] [SEQUENCER] mst_id=1 s_id=0 awaddr=76d5a98 awid=10 awlen=104 awsize=6 awburst=1 wdata=[d95546b5e4722bae fd41008aef6d111b f85abc6e851ea4ae e990d05d26d68ccf 16439dead1b00324 d6cea7d2e6d1d0e7 8da85db68e9e5a58 e04e5d7cc05f782f 27314917a3ebfba0 328a55f9371d054f f77c7d7eb4d9a6cd d8c5a26e92d8b375 c9f5b8c49eadc695 d3876d630b4ff867 9e28abdcc1723643 e01ffcd82c4d0fd1 379d0838e81e64a1 29909ae4b3a76a3b dff47a0cd5c5b414 bde418b589b097bc 3d5801f897918244 ed573659e774b399 f1254b569d4c7c04 34ddfe49ab3b4f0e 12b002a82e7d4d4e cbc9c952223534a2 cd7083b003d54dfe 32529b4c80a7c79b a2dcfc3de0208658 e3f5d456fe1c649e fec42c3af04d7fee d06e064696486fa2 1464d441a1a12877 91eea8653463da9d caac4a3f1329007b b4ca28f2e25caeac 16c08949df111e80 f23a1efbc6b8d158 29158004e16cd388 c07df209270447ee edbd19463fd6094d a142dcd5b2b81104 d9bc58f216d2994a d6a8a297e1c0cede 1478dfe3c7797238 de4c0b82f7eb7f6c d9ac4e4bee3538d5 35aeab0eb4f4ae19 2ce02d86ee252e2e dc5a670393fab690 c8ef64aa068c7bd1 f4b1a9ff92091211 2603c8a2f5cf9230 fc5c0e01d10c1102 e3152314eef32d4c e4c2bf7cf10db800 c219c9020918ebb6 f80c1902e11ecd7d d22c857da52eec16 ae47d7ccdcced87e 3deda5fb94464e7f 39753a96a653f0ce 8322c94c101a2b78 a46079f7e7bd1262 e110331c1106f47 d12a9abfddd5b48d c592c6f09133cc7d d2443bc5f58b14b7 d360c944d3a3ca21 e4d7969ea36ed684 98f9eb3b98f39034 ec975a55b71bd263 da8aa8e8ec5ab480 854e44b4d16ef0f4 888ac357f3849423 dfdf48a3f1e59f0a c3548ffee3156c3f d69a0063e52d8d58 d7132c62cbdf5355 2ef4bf95b6794906 9ba6d65e1a67bc60 e6470fb5058ebff8 bc0808fef2ba02c0 8d21bf20953bcf4a 9aca8f42d7aedf5d ca68e21df368ced6 88a49e20d6d29841 2e81779ed78aa13e caf37014236f2d63 fa41c5a4f8ea59bb d074faf9d3980e34 f7073b9728c33d42 a1ad96fd9b686b0d ef007942f149013b 9a0c3e7df22291f7 8d8afd04e607b4d9 d750b6153bb9d57b 2ddc6772fc8b7646 e2932b20f15cf492 ad16ca0dbb676476 37f2dabd39e3e135 ab40d5c7daf3317f 165a95f61a8605dd d469e712d8579fd5 b34ad154ce4d70b3 ] wstrb=[d9 90 4a ae a2 fd 3 7b 8d 4d 2a 2f 4b 2d ab d8 7a d5 8 c5 2 b3 9e 7c 88 a6 42 8a 59 e0 6 e1 86 48 6b df 28 71 c0 ae ba 2b 8d e2 9c 4d 91 56 78 1e 39 15 6c ca 6b e4 e8 a4 f9 54 6e 65 39 57 9 32 ab 78 97 e4 cf a1 17 7a 19 ae 5f e8 4f 76 62 68 24 c1 50 74 37 b3 dc 5c 74 2d d0 ac e0 ac 8 54 d9 d8 0 b9 84 8 e ] bresp=0 bid=0
[15000] [SEQUENCER] mst_id=0 s_id=0 awaddr=34ba3d0 awid=11 awlen=90 awsize=4 awburst=1 wdata=[e4663ff6fe2eb33a d09db0efb3fe8871 dbc1cbeb2ba29951 a9d14c8b8c32c4e6 c0314d58c0280be2 ebcaa533fa6efd7a 6a1c2619bf31943 dc1b2525959bf1be 100aef39c6d30fb9 e2c628fcc7e5ca58 dd81bc1716acb19a dd7fc1533ee14e22 86c7187aed8cab50 4395ceac045ea4f ff273871e448d491 d1d57fe1e1b91e3d a1ff088c05ee50ec ea37257dd60edccb b7c7fb08212640fe 271491ea3c0ca55f 921b822ad9c70395 faed4493914bb767 cd585cc6c9e37d33 23aa80c82201d67d b34d8de4df73def1 29575c241e97c55b c0999bd800a5eaab e019c99ccd01dcec eb99a247f3e729bc f48d1467097125c0 d67302ac2c333e1f a01a67dbd4a6de03 de1803c3c20ca4f3 ee3fe31214a77c43 e94e5a46b48b066f f697ab628e5a4aed a301c730c7665e0a fbf16479e4d78e74 f331d9620c502177 d3b67f81f2890fdc d7609e509633a092 a283c209cfa7e3fa c230f3d6ca9277b2 e0c61845f63a418a c5e2258519919227 e42409d98349da4e f9841bd98813195b a1a4ab82c4ea221e c833fc6d3f66415e c7795ab905c8b55c cab2d77ac1b81846 11e59a4e91e063c eee6bb9892e6d3e7 d49eec2dc897b45d b1b5ba99b9999312 cc8066fad5bd45d1 1e54fa2fa09c7631 da360944a11f5327 f6dc98f9d00ab4c8 f0a72afa26b6703e c7d5c36515319328 e53c47f0cadd343e f193a47cbeb25c5e d3e3ef86d5e372ea a0c0a728b96967e1 f81bc44039203777 8f03aa6192544ba4 cbbdb386cbffb3c6 851feb3d2fc4518a c2189d2ec3d977c6 8fd92b8c1423959f c3e7e7298dd650b4 d1afc87a14f916ca 291cac6986008457 13d6d50ce188f407 f6820ad1ed049392 f30517e9e5869d86 c70f918d1f9eb73a ca34acc86dbecf5 ec628a7cbd919c5e dd305398ffa862b5 6844fabb3721c09 f103b868e9d39e64 e97c011af2e6da27 a658f630ce340c00 3807aa65f00050c5 e2e72aec975cae98 e590ba992183ab7f 1183fc448940211c 209ccfb51d9864fe 3f1c107df46b2730 ] wstrb=[4e 4c c1 4c 1 f1 c9 4f 3d 8a 9b 3f 7b 64 8e b8 ee 2a f7 69 8e 86 22 7d b0 19 e6 3e 9f 8 bb 4f 22 a2 8e c1 aa 49 11 cc eb 9f 8e 96 e8 9f 62 d4 3e f0 6a 26 8f cc fa cd bd 64 f4 4c 31 ee 1a ee 53 e 3a 84 fc 54 72 4f 62 ac d3 5f 1 45 ae 63 f2 82 c2 f3 c7 71 56 b9 f3 19 ac ] bresp=0 bid=0
[15000] [SEQUENCER] mst_id=0 s_id=0 awaddr=158ed4e8 awid=11 awlen=9 awsize=2 awburst=0 wdata=[fdd3f01b91a9668f 1718de21df03a936 bf144b3a8485cab8 162f3148f874f0ff d7789a35bce83b55 c16e060e2d480f69 25bd0068168ce570 d37520c5d79d3756 4e546bffd359a9d 93c2800d94e326d3 ] wstrb=[27 29 d3 c4 e8 a6 d2 f d0 a5 ] bresp=0 bid=0
[15000] MASTER_DRIVER1 received transaction, op=AXI_READ
[15000] MASTER_DRIVER0 received transaction, op=AXI_WRITE
[35000] MASTER 0 AW_VALID_RDY Handshake
[35000] MASTER_DRIVER1 received transaction, op=AXI_READ
[45000] ARB MONITOR: slave=0 m0_req=1 m1_req=0 winner=0
[45000] ARB MONITOR: slave=0 m0_req=0 m1_req=1 winner=1
[45000] AXI S0_ARVALID_RDY HANDSHAKE
[45000] MEMORY READ MISS beat=0 addr=4d3c808 -> default data id=16
[45000] AXI S0_AWVALID_RDY HANDSHAKE
[55000] MEMORY READ MISS beat=1 addr=4d3c810 -> default data id=16
[55000] SLAVE 0 R_VALID_RDY Handshake beat=0 rlast=0
[55000] MASTER 0 W_VALID_RDY Handshake beat=0 wlast=0
[55000] MASTER_DRIVER1 received transaction, op=AXI_WRITE
[65000] MASTER 0 W_VALID_RDY Handshake beat=1 wlast=0
[65000] ARB MONITOR: slave=1 m0_req=0 m1_req=1 winner=1
[65000] SLAVE 0 R_VALID_RDY Handshake beat=1 rlast=1
[65000] [SLAVE MONITOR] READ mst_id=1 s_id=0 araddr=4d3c808 arid=0 arlen=1 arsize=3 arburst=1 rid=[1010] rresp=[00] rdata=[baadf00d12345678baadf00d12345678]
[65000] AXI S0_ARVALID_RDY HANDSHAKE
[65000] MEMORY READ MISS beat=0 addr=16950198 -> default data id=17
[65000] AXI S0_WVALID_RDY HANDSHAKE
[65000] S0 MEMORY WRITE beat=0 addr=034ba3d0 data=e4663ff6fe2eb33a id=03
[75000] AXI S0_WVALID_RDY HANDSHAKE
[75000] S0 MEMORY WRITE beat=1 addr=034ba3e0 data=d09db0efb3fe8871 id=03
[75000] MEMORY READ MISS beat=1 addr=169501a0 -> default data id=17
[75000] SLAVE 1 R_VALID_RDY Handshake beat=0 rlast=0
[75000] MASTER 1 R_VALID_RDY Handshake beat=0 rlast=0
[75000] MASTER 1 AW_VALID_RDY Handshake
[75000] MASTER 0 W_VALID_RDY Handshake beat=2 wlast=0
[85000] [MASTER DRIVER] READ mst_id=1 s_id=0 araddr=4d3c808 arid=0 arlen=1 arsize=3 arburst=1 rid=[00] rresp=[00] rdata=[baadf00d12345678baadf00d12345678]
[85000] MASTER 0 W_VALID_RDY Handshake beat=3 wlast=0
[85000] MASTER 1 R_VALID_RDY Handshake beat=1 rlast=1
[85000] [MASTER MONITOR] READ mst_id=1 s_id=0 araddr=4d3c808 arid=0 arlen=1 arsize=3 arburst=1 rid=[00] rresp=[00] rdata=[baadf00d12345678baadf00d12345678]
[85000] SLAVE 1 R_VALID_RDY Handshake beat=1 rlast=1
[85000] [SLAVE MONITOR] READ mst_id=1 s_id=1 araddr=16950198 arid=1 arlen=1 arsize=3 arburst=1 rid=[1111] rresp=[00] rdata=[baadf00d12345678baadf00d12345678]
[85000] AXI S0_WVALID_RDY HANDSHAKE
[85000] S0 MEMORY WRITE beat=2 addr=034ba3f0 data=dbc1cbeb2ba29951 id=03
[85000] SCOREBOARD MATCH: decode_err expected = 0, actual =0
[85000] SCOREBOARD MATCH: slave_id expected = 0, actual =0
[85000] SCOREBOARD MATCH: araddr passthrough expected = 4d3c808, actual =4d3c808
[85000] SCOREBOARD MATCH: arlen passthrough expected = 1, actual =1
[85000] SCOREBOARD MATCH: arsize passthrough expected = 3, actual =3
[85000] SCOREBOARD MATCH: arburst passthrough expected = 1, actual =1
[85000] SCOREBOARD MATCH: rdata size check expected = 2, actual =2
[85000] SCOREBOARD MATCH: rdata passthrough beat=0 expected = baadf00d12345678, actual =baadf00d12345678
[85000] SCOREBOARD MATCH: rdata passthrough beat=1 expected = baadf00d12345678, actual =baadf00d12345678
[85000] SCOREBOARD MATCH: rresp size check expected = 2, actual =2
[85000] SCOREBOARD MATCH: rresp passthrough beat=0 expected = 0, actual =0
[85000] SCOREBOARD MATCH: rresp passthrough beat=1 expected = 0, actual =0
[85000] SCOREBOARD MATCH: response routed to correct master (read beat 0) expected = 1, actual =1
[85000] SCOREBOARD MATCH: response routed to correct master (read beat 1) expected = 1, actual =1
[85000] [SCOREBOARD-M] READ mst_id=1 s_id=0 araddr=4d3c808 arid=0 arlen=1 arsize=3 arburst=1 rid=[00] rresp=[00] rdata=[baadf00d12345678baadf00d12345678]
[85000] [SCOREBOARD-S] READ mst_id=1 s_id=0 araddr=4d3c808 arid=0 arlen=1 arsize=3 arburst=1 rid=[1010] rresp=[00] rdata=[baadf00d12345678baadf00d12345678]
[85000] SCOREBOARD: Transaction 1 received. pass=14 fail=0
[85000] ALL PASS. Total transactions: 1
[95000] AXI S0_WVALID_RDY HANDSHAKE
[95000] S0 MEMORY WRITE beat=3 addr=034ba400 data=a9d14c8b8c32c4e6 id=03
[95000] MASTER 1 W_VALID_RDY Handshake beat=0 wlast=0
[95000] MASTER 0 W_VALID_RDY Handshake beat=4 wlast=0
[105000] MASTER 0 W_VALID_RDY Handshake beat=5 wlast=0
[105000] MASTER 1 W_VALID_RDY Handshake beat=1 wlast=0
[105000] MASTER 1 R_VALID_RDY Handshake beat=0 rlast=0
[105000] AXI S0_WVALID_RDY HANDSHAKE
[105000] S0 MEMORY WRITE beat=4 addr=034ba410 data=c0314d58c0280be2 id=03
[115000] AXI S0_WVALID_RDY HANDSHAKE
[115000] S0 MEMORY WRITE beat=5 addr=034ba420 data=ebcaa533fa6efd7a id=03
[115000] MASTER 1 R_VALID_RDY Handshake beat=1 rlast=1
[115000] [MASTER MONITOR] READ mst_id=1 s_id=1 araddr=16950198 arid=1 arlen=1 arsize=3 arburst=1 rid=[11] rresp=[00] rdata=[baadf00d12345678baadf00d12345678]
[115000] MASTER 1 W_VALID_RDY Handshake beat=2 wlast=0
[115000] MASTER 0 W_VALID_RDY Handshake beat=6 wlast=0
[115000] [MASTER DRIVER] READ mst_id=1 s_id=0 araddr=16950198 arid=1 arlen=1 arsize=3 arburst=1 rid=[11] rresp=[00] rdata=[baadf00d12345678baadf00d12345678]
[115000] SCOREBOARD MATCH: decode_err expected = 0, actual =0
[115000] SCOREBOARD MATCH: slave_id expected = 1, actual =1
[115000] SCOREBOARD MATCH: araddr passthrough expected = 16950198, actual =16950198
[115000] SCOREBOARD MATCH: arlen passthrough expected = 1, actual =1
[115000] SCOREBOARD MATCH: arsize passthrough expected = 3, actual =3
[115000] SCOREBOARD MATCH: arburst passthrough expected = 1, actual =1
[115000] SCOREBOARD MATCH: rdata size check expected = 2, actual =2
[115000] SCOREBOARD MATCH: rdata passthrough beat=0 expected = baadf00d12345678, actual =baadf00d12345678
[115000] SCOREBOARD MATCH: rdata passthrough beat=1 expected = baadf00d12345678, actual =baadf00d12345678
[115000] SCOREBOARD MATCH: rresp size check expected = 2, actual =2
[115000] SCOREBOARD MATCH: rresp passthrough beat=0 expected = 0, actual =0
[115000] SCOREBOARD MATCH: rresp passthrough beat=1 expected = 0, actual =0
[115000] SCOREBOARD MATCH: response routed to correct master (read beat 0) expected = 1, actual =1
[115000] SCOREBOARD MATCH: response routed to correct master (read beat 1) expected = 1, actual =1
[115000] [SCOREBOARD-M] READ mst_id=1 s_id=1 araddr=16950198 arid=1 arlen=1 arsize=3 arburst=1 rid=[11] rresp=[00] rdata=[baadf00d12345678baadf00d12345678]
[115000] [SCOREBOARD-S] READ mst_id=1 s_id=1 araddr=16950198 arid=1 arlen=1 arsize=3 arburst=1 rid=[1111] rresp=[00] rdata=[baadf00d12345678baadf00d12345678]
[115000] SCOREBOARD: Transaction 2 received. pass=28 fail=0
[115000] ALL PASS. Total transactions: 2
[125000] MASTER 0 W_VALID_RDY Handshake beat=7 wlast=0
[125000] MASTER 1 W_VALID_RDY Handshake beat=3 wlast=0
[125000] AXI S0_WVALID_RDY HANDSHAKE
[125000] S0 MEMORY WRITE beat=6 addr=034ba430 data=06a1c2619bf31943 id=03
[135000] AXI S0_WVALID_RDY HANDSHAKE
[135000] S0 MEMORY WRITE beat=7 addr=034ba440 data=dc1b2525959bf1be id=03
[135000] MASTER 1 W_VALID_RDY Handshake beat=4 wlast=0
[135000] MASTER 0 W_VALID_RDY Handshake beat=8 wlast=0
[145000] MASTER 0 W_VALID_RDY Handshake beat=9 wlast=0
[145000] MASTER 1 W_VALID_RDY Handshake beat=5 wlast=0
[145000] AXI S0_WVALID_RDY HANDSHAKE
[145000] S0 MEMORY WRITE beat=8 addr=034ba450 data=100aef39c6d30fb9 id=03
[155000] AXI S0_WVALID_RDY HANDSHAKE
[155000] S0 MEMORY WRITE beat=9 addr=034ba460 data=e2c628fcc7e5ca58 id=03
[155000] MASTER 1 W_VALID_RDY Handshake beat=6 wlast=0
[155000] MASTER 0 W_VALID_RDY Handshake beat=10 wlast=0
[165000] MASTER 0 W_VALID_RDY Handshake beat=11 wlast=0
[165000] MASTER 1 W_VALID_RDY Handshake beat=7 wlast=0
[165000] AXI S0_WVALID_RDY HANDSHAKE
[165000] S0 MEMORY WRITE beat=10 addr=034ba470 data=dd81bc1716acb19a id=03
[175000] AXI S0_WVALID_RDY HANDSHAKE
[175000] S0 MEMORY WRITE beat=11 addr=034ba480 data=dd7fc1533ee14e22 id=03
[175000] MASTER 0 W_VALID_RDY Handshake beat=12 wlast=0
[185000] MASTER 0 W_VALID_RDY Handshake beat=13 wlast=0
[185000] AXI S0_WVALID_RDY HANDSHAKE
[185000] S0 MEMORY WRITE beat=12 addr=034ba490 data=86c7187aed8cab50 id=03
[195000] AXI S0_WVALID_RDY HANDSHAKE
[195000] S0 MEMORY WRITE beat=13 addr=034ba4a0 data=04395ceac045ea4f id=03
[195000] MASTER 0 W_VALID_RDY Handshake beat=14 wlast=0
[205000] MASTER 0 W_VALID_RDY Handshake beat=15 wlast=0
[205000] AXI S0_WVALID_RDY HANDSHAKE
[205000] S0 MEMORY WRITE beat=14 addr=034ba4b0 data=ff273871e448d491 id=03
[215000] AXI S0_WVALID_RDY HANDSHAKE
[215000] S0 MEMORY WRITE beat=15 addr=034ba4c0 data=d1d57fe1e1b91e3d id=03
[215000] MASTER 0 W_VALID_RDY Handshake beat=16 wlast=0
[225000] MASTER 0 W_VALID_RDY Handshake beat=17 wlast=0
[225000] AXI S0_WVALID_RDY HANDSHAKE
[225000] S0 MEMORY WRITE beat=16 addr=034ba4d0 data=a1ff088c05ee50ec id=03
[235000] AXI S0_WVALID_RDY HANDSHAKE
[235000] S0 MEMORY WRITE beat=17 addr=034ba4e0 data=ea37257dd60edccb id=03
[235000] MASTER 0 W_VALID_RDY Handshake beat=18 wlast=0
[245000] MASTER 0 W_VALID_RDY Handshake beat=19 wlast=0
[245000] AXI S0_WVALID_RDY HANDSHAKE
[245000] S0 MEMORY WRITE beat=18 addr=034ba4f0 data=b7c7fb08212640fe id=03
[255000] AXI S0_WVALID_RDY HANDSHAKE
[255000] S0 MEMORY WRITE beat=19 addr=034ba500 data=271491ea3c0ca55f id=03
[255000] MASTER 0 W_VALID_RDY Handshake beat=20 wlast=0
[265000] MASTER 0 W_VALID_RDY Handshake beat=21 wlast=0
[265000] AXI S0_WVALID_RDY HANDSHAKE
[265000] S0 MEMORY WRITE beat=20 addr=034ba510 data=921b822ad9c70395 id=03
[275000] AXI S0_WVALID_RDY HANDSHAKE
[275000] S0 MEMORY WRITE beat=21 addr=034ba520 data=faed4493914bb767 id=03
[275000] MASTER 0 W_VALID_RDY Handshake beat=22 wlast=0
[285000] MASTER 0 W_VALID_RDY Handshake beat=23 wlast=0
[285000] AXI S0_WVALID_RDY HANDSHAKE
[285000] S0 MEMORY WRITE beat=22 addr=034ba530 data=cd585cc6c9e37d33 id=03
[295000] AXI S0_WVALID_RDY HANDSHAKE
[295000] S0 MEMORY WRITE beat=23 addr=034ba540 data=23aa80c82201d67d id=03
[295000] MASTER 0 W_VALID_RDY Handshake beat=24 wlast=0
[305000] MASTER 0 W_VALID_RDY Handshake beat=25 wlast=0
[305000] AXI S0_WVALID_RDY HANDSHAKE
[305000] S0 MEMORY WRITE beat=24 addr=034ba550 data=b34d8de4df73def1 id=03
[315000] AXI S0_WVALID_RDY HANDSHAKE
[315000] S0 MEMORY WRITE beat=25 addr=034ba560 data=29575c241e97c55b id=03
[315000] MASTER 0 W_VALID_RDY Handshake beat=26 wlast=0
[325000] MASTER 0 W_VALID_RDY Handshake beat=27 wlast=0
[325000] AXI S0_WVALID_RDY HANDSHAKE
[325000] S0 MEMORY WRITE beat=26 addr=034ba570 data=c0999bd800a5eaab id=03
[335000] AXI S0_WVALID_RDY HANDSHAKE
[335000] S0 MEMORY WRITE beat=27 addr=034ba580 data=e019c99ccd01dcec id=03
[335000] MASTER 0 W_VALID_RDY Handshake beat=28 wlast=0
[345000] MASTER 0 W_VALID_RDY Handshake beat=29 wlast=0
[345000] AXI S0_WVALID_RDY HANDSHAKE
[345000] S0 MEMORY WRITE beat=28 addr=034ba590 data=eb99a247f3e729bc id=03
[355000] AXI S0_WVALID_RDY HANDSHAKE
[355000] S0 MEMORY WRITE beat=29 addr=034ba5a0 data=f48d1467097125c0 id=03
[355000] MASTER 0 W_VALID_RDY Handshake beat=30 wlast=0
[365000] MASTER 0 W_VALID_RDY Handshake beat=31 wlast=0
[365000] AXI S0_WVALID_RDY HANDSHAKE
[365000] S0 MEMORY WRITE beat=30 addr=034ba5b0 data=d67302ac2c333e1f id=03
[375000] AXI S0_WVALID_RDY HANDSHAKE
[375000] S0 MEMORY WRITE beat=31 addr=034ba5c0 data=a01a67dbd4a6de03 id=03
[375000] MASTER 0 W_VALID_RDY Handshake beat=32 wlast=0
[385000] MASTER 0 W_VALID_RDY Handshake beat=33 wlast=0
[385000] AXI S0_WVALID_RDY HANDSHAKE
[385000] S0 MEMORY WRITE beat=32 addr=034ba5d0 data=de1803c3c20ca4f3 id=03
[395000] AXI S0_WVALID_RDY HANDSHAKE
[395000] S0 MEMORY WRITE beat=33 addr=034ba5e0 data=ee3fe31214a77c43 id=03
[395000] MASTER 0 W_VALID_RDY Handshake beat=34 wlast=0
[405000] MASTER 0 W_VALID_RDY Handshake beat=35 wlast=0
[405000] AXI S0_WVALID_RDY HANDSHAKE
[405000] S0 MEMORY WRITE beat=34 addr=034ba5f0 data=e94e5a46b48b066f id=03
[415000] AXI S0_WVALID_RDY HANDSHAKE
[415000] S0 MEMORY WRITE beat=35 addr=034ba600 data=f697ab628e5a4aed id=03
[415000] MASTER 0 W_VALID_RDY Handshake beat=36 wlast=0
[425000] MASTER 0 W_VALID_RDY Handshake beat=37 wlast=0
[425000] AXI S0_WVALID_RDY HANDSHAKE
[425000] S0 MEMORY WRITE beat=36 addr=034ba610 data=a301c730c7665e0a id=03
[435000] AXI S0_WVALID_RDY HANDSHAKE
[435000] S0 MEMORY WRITE beat=37 addr=034ba620 data=fbf16479e4d78e74 id=03
[435000] MASTER 0 W_VALID_RDY Handshake beat=38 wlast=0
[445000] MASTER 0 W_VALID_RDY Handshake beat=39 wlast=0
[445000] AXI S0_WVALID_RDY HANDSHAKE
[445000] S0 MEMORY WRITE beat=38 addr=034ba630 data=f331d9620c502177 id=03
[455000] AXI S0_WVALID_RDY HANDSHAKE
[455000] S0 MEMORY WRITE beat=39 addr=034ba640 data=d3b67f81f2890fdc id=03
[455000] MASTER 0 W_VALID_RDY Handshake beat=40 wlast=0
[465000] MASTER 0 W_VALID_RDY Handshake beat=41 wlast=0
[465000] AXI S0_WVALID_RDY HANDSHAKE
[465000] S0 MEMORY WRITE beat=40 addr=034ba650 data=d7609e509633a092 id=03
[475000] AXI S0_WVALID_RDY HANDSHAKE
[475000] S0 MEMORY WRITE beat=41 addr=034ba660 data=a283c209cfa7e3fa id=03
[475000] MASTER 0 W_VALID_RDY Handshake beat=42 wlast=0
[485000] MASTER 0 W_VALID_RDY Handshake beat=43 wlast=0
[485000] AXI S0_WVALID_RDY HANDSHAKE
[485000] S0 MEMORY WRITE beat=42 addr=034ba670 data=c230f3d6ca9277b2 id=03
[495000] AXI S0_WVALID_RDY HANDSHAKE
[495000] S0 MEMORY WRITE beat=43 addr=034ba680 data=e0c61845f63a418a id=03
[495000] MASTER 0 W_VALID_RDY Handshake beat=44 wlast=0
[505000] MASTER 0 W_VALID_RDY Handshake beat=45 wlast=0
[505000] AXI S0_WVALID_RDY HANDSHAKE
[505000] S0 MEMORY WRITE beat=44 addr=034ba690 data=c5e2258519919227 id=03
[515000] AXI S0_WVALID_RDY HANDSHAKE
[515000] S0 MEMORY WRITE beat=45 addr=034ba6a0 data=e42409d98349da4e id=03
[515000] MASTER 0 W_VALID_RDY Handshake beat=46 wlast=0
[525000] MASTER 0 W_VALID_RDY Handshake beat=47 wlast=0
[525000] AXI S0_WVALID_RDY HANDSHAKE
[525000] S0 MEMORY WRITE beat=46 addr=034ba6b0 data=f9841bd98813195b id=03
[535000] AXI S0_WVALID_RDY HANDSHAKE
[535000] S0 MEMORY WRITE beat=47 addr=034ba6c0 data=a1a4ab82c4ea221e id=03
[535000] MASTER 0 W_VALID_RDY Handshake beat=48 wlast=0
[545000] MASTER 0 W_VALID_RDY Handshake beat=49 wlast=0
[545000] AXI S0_WVALID_RDY HANDSHAKE
[545000] S0 MEMORY WRITE beat=48 addr=034ba6d0 data=c833fc6d3f66415e id=03
[555000] AXI S0_WVALID_RDY HANDSHAKE
[555000] S0 MEMORY WRITE beat=49 addr=034ba6e0 data=c7795ab905c8b55c id=03
[555000] MASTER 0 W_VALID_RDY Handshake beat=50 wlast=0
[565000] MASTER 0 W_VALID_RDY Handshake beat=51 wlast=0
[565000] AXI S0_WVALID_RDY HANDSHAKE
[565000] S0 MEMORY WRITE beat=50 addr=034ba6f0 data=cab2d77ac1b81846 id=03
[575000] AXI S0_WVALID_RDY HANDSHAKE
[575000] S0 MEMORY WRITE beat=51 addr=034ba700 data=011e59a4e91e063c id=03
[575000] MASTER 0 W_VALID_RDY Handshake beat=52 wlast=0
[585000] MASTER 0 W_VALID_RDY Handshake beat=53 wlast=0
[585000] AXI S0_WVALID_RDY HANDSHAKE
[585000] S0 MEMORY WRITE beat=52 addr=034ba710 data=eee6bb9892e6d3e7 id=03
[595000] AXI S0_WVALID_RDY HANDSHAKE
[595000] S0 MEMORY WRITE beat=53 addr=034ba720 data=d49eec2dc897b45d id=03
[595000] MASTER 0 W_VALID_RDY Handshake beat=54 wlast=0
[605000] MASTER 0 W_VALID_RDY Handshake beat=55 wlast=0
[605000] AXI S0_WVALID_RDY HANDSHAKE
[605000] S0 MEMORY WRITE beat=54 addr=034ba730 data=b1b5ba99b9999312 id=03
[615000] AXI S0_WVALID_RDY HANDSHAKE
[615000] S0 MEMORY WRITE beat=55 addr=034ba740 data=cc8066fad5bd45d1 id=03
[615000] MASTER 0 W_VALID_RDY Handshake beat=56 wlast=0
[625000] MASTER 0 W_VALID_RDY Handshake beat=57 wlast=0
[625000] AXI S0_WVALID_RDY HANDSHAKE
[625000] S0 MEMORY WRITE beat=56 addr=034ba750 data=1e54fa2fa09c7631 id=03
[635000] AXI S0_WVALID_RDY HANDSHAKE
[635000] S0 MEMORY WRITE beat=57 addr=034ba760 data=da360944a11f5327 id=03
[635000] MASTER 0 W_VALID_RDY Handshake beat=58 wlast=0
[645000] MASTER 0 W_VALID_RDY Handshake beat=59 wlast=0
[645000] AXI S0_WVALID_RDY HANDSHAKE
[645000] S0 MEMORY WRITE beat=58 addr=034ba770 data=f6dc98f9d00ab4c8 id=03
[655000] AXI S0_WVALID_RDY HANDSHAKE
[655000] S0 MEMORY WRITE beat=59 addr=034ba780 data=f0a72afa26b6703e id=03
[655000] MASTER 0 W_VALID_RDY Handshake beat=60 wlast=0
[665000] MASTER 0 W_VALID_RDY Handshake beat=61 wlast=0
[665000] AXI S0_WVALID_RDY HANDSHAKE
[665000] S0 MEMORY WRITE beat=60 addr=034ba790 data=c7d5c36515319328 id=03
[675000] AXI S0_WVALID_RDY HANDSHAKE
[675000] S0 MEMORY WRITE beat=61 addr=034ba7a0 data=e53c47f0cadd343e id=03
[675000] MASTER 0 W_VALID_RDY Handshake beat=62 wlast=0
[685000] MASTER 0 W_VALID_RDY Handshake beat=63 wlast=0
[685000] AXI S0_WVALID_RDY HANDSHAKE
[685000] S0 MEMORY WRITE beat=62 addr=034ba7b0 data=f193a47cbeb25c5e id=03
[695000] AXI S0_WVALID_RDY HANDSHAKE
[695000] S0 MEMORY WRITE beat=63 addr=034ba7c0 data=d3e3ef86d5e372ea id=03
[695000] MASTER 0 W_VALID_RDY Handshake beat=64 wlast=0
[705000] MASTER 0 W_VALID_RDY Handshake beat=65 wlast=0
[705000] AXI S0_WVALID_RDY HANDSHAKE
[705000] S0 MEMORY WRITE beat=64 addr=034ba7d0 data=a0c0a728b96967e1 id=03
[715000] AXI S0_WVALID_RDY HANDSHAKE
[715000] S0 MEMORY WRITE beat=65 addr=034ba7e0 data=f81bc44039203777 id=03
[715000] MASTER 0 W_VALID_RDY Handshake beat=66 wlast=0
[725000] MASTER 0 W_VALID_RDY Handshake beat=67 wlast=0
[725000] AXI S0_WVALID_RDY HANDSHAKE
[725000] S0 MEMORY WRITE beat=66 addr=034ba7f0 data=8f03aa6192544ba4 id=03
[735000] AXI S0_WVALID_RDY HANDSHAKE
[735000] S0 MEMORY WRITE beat=67 addr=034ba800 data=cbbdb386cbffb3c6 id=03
[735000] MASTER 0 W_VALID_RDY Handshake beat=68 wlast=0
[745000] MASTER 0 W_VALID_RDY Handshake beat=69 wlast=0
[745000] AXI S0_WVALID_RDY HANDSHAKE
[745000] S0 MEMORY WRITE beat=68 addr=034ba810 data=851feb3d2fc4518a id=03
[755000] AXI S0_WVALID_RDY HANDSHAKE
[755000] S0 MEMORY WRITE beat=69 addr=034ba820 data=c2189d2ec3d977c6 id=03
[755000] MASTER 0 W_VALID_RDY Handshake beat=70 wlast=0
[765000] MASTER 0 W_VALID_RDY Handshake beat=71 wlast=0
[765000] AXI S0_WVALID_RDY HANDSHAKE
[765000] S0 MEMORY WRITE beat=70 addr=034ba830 data=8fd92b8c1423959f id=03
[775000] AXI S0_WVALID_RDY HANDSHAKE
[775000] S0 MEMORY WRITE beat=71 addr=034ba840 data=c3e7e7298dd650b4 id=03
[775000] MASTER 0 W_VALID_RDY Handshake beat=72 wlast=0
[785000] MASTER 0 W_VALID_RDY Handshake beat=73 wlast=0
[785000] AXI S0_WVALID_RDY HANDSHAKE
[785000] S0 MEMORY WRITE beat=72 addr=034ba850 data=d1afc87a14f916ca id=03
[795000] AXI S0_WVALID_RDY HANDSHAKE
[795000] S0 MEMORY WRITE beat=73 addr=034ba860 data=291cac6986008457 id=03
[795000] MASTER 0 W_VALID_RDY Handshake beat=74 wlast=0
[805000] MASTER 0 W_VALID_RDY Handshake beat=75 wlast=0
[805000] AXI S0_WVALID_RDY HANDSHAKE
[805000] S0 MEMORY WRITE beat=74 addr=034ba870 data=13d6d50ce188f407 id=03
[815000] AXI S0_WVALID_RDY HANDSHAKE
[815000] S0 MEMORY WRITE beat=75 addr=034ba880 data=f6820ad1ed049392 id=03
[815000] MASTER 0 W_VALID_RDY Handshake beat=76 wlast=0
[825000] MASTER 0 W_VALID_RDY Handshake beat=77 wlast=0
[825000] AXI S0_WVALID_RDY HANDSHAKE
[825000] S0 MEMORY WRITE beat=76 addr=034ba890 data=f30517e9e5869d86 id=03
[835000] AXI S0_WVALID_RDY HANDSHAKE
[835000] S0 MEMORY WRITE beat=77 addr=034ba8a0 data=c70f918d1f9eb73a id=03
[835000] MASTER 0 W_VALID_RDY Handshake beat=78 wlast=0
[845000] MASTER 0 W_VALID_RDY Handshake beat=79 wlast=0
[845000] AXI S0_WVALID_RDY HANDSHAKE
[845000] S0 MEMORY WRITE beat=78 addr=034ba8b0 data=0ca34acc86dbecf5 id=03
[855000] AXI S0_WVALID_RDY HANDSHAKE
[855000] S0 MEMORY WRITE beat=79 addr=034ba8c0 data=ec628a7cbd919c5e id=03
[855000] MASTER 0 W_VALID_RDY Handshake beat=80 wlast=0
[865000] MASTER 0 W_VALID_RDY Handshake beat=81 wlast=0
[865000] AXI S0_WVALID_RDY HANDSHAKE
[865000] S0 MEMORY WRITE beat=80 addr=034ba8d0 data=dd305398ffa862b5 id=03
[875000] AXI S0_WVALID_RDY HANDSHAKE
[875000] S0 MEMORY WRITE beat=81 addr=034ba8e0 data=06844fabb3721c09 id=03
[875000] MASTER 0 W_VALID_RDY Handshake beat=82 wlast=0
[885000] MASTER 0 W_VALID_RDY Handshake beat=83 wlast=0
[885000] AXI S0_WVALID_RDY HANDSHAKE
[885000] S0 MEMORY WRITE beat=82 addr=034ba8f0 data=f103b868e9d39e64 id=03
[895000] AXI S0_WVALID_RDY HANDSHAKE
[895000] S0 MEMORY WRITE beat=83 addr=034ba900 data=e97c011af2e6da27 id=03
[895000] MASTER 0 W_VALID_RDY Handshake beat=84 wlast=0
[905000] MASTER 0 W_VALID_RDY Handshake beat=85 wlast=0
[905000] AXI S0_WVALID_RDY HANDSHAKE
[905000] S0 MEMORY WRITE beat=84 addr=034ba910 data=a658f630ce340c00 id=03
[915000] AXI S0_WVALID_RDY HANDSHAKE
[915000] S0 MEMORY WRITE beat=85 addr=034ba920 data=3807aa65f00050c5 id=03
[915000] MASTER 0 W_VALID_RDY Handshake beat=86 wlast=0
[925000] MASTER 0 W_VALID_RDY Handshake beat=87 wlast=0
[925000] AXI S0_WVALID_RDY HANDSHAKE
[925000] S0 MEMORY WRITE beat=86 addr=034ba930 data=e2e72aec975cae98 id=03
[935000] AXI S0_WVALID_RDY HANDSHAKE
[935000] S0 MEMORY WRITE beat=87 addr=034ba940 data=e590ba992183ab7f id=03
[935000] MASTER 0 W_VALID_RDY Handshake beat=88 wlast=0
[945000] MASTER 0 W_VALID_RDY Handshake beat=89 wlast=0
[945000] AXI S0_WVALID_RDY HANDSHAKE
[945000] S0 MEMORY WRITE beat=88 addr=034ba950 data=1183fc448940211c id=03
[955000] AXI S0_WVALID_RDY HANDSHAKE
[955000] S0 MEMORY WRITE beat=89 addr=034ba960 data=209ccfb51d9864fe id=03
[955000] MASTER 0 W_VALID_RDY Handshake beat=90 wlast=1
[955000] MASTER_DRIVER0 received transaction, op=AXI_WRITE
[965000] AXI S0_WVALID_RDY HANDSHAKE
[965000] S0 MEMORY WRITE beat=90 addr=034ba970 data=3f1c107df46b2730 id=03
[975000] SLAVE0 sent B resp, id=3
[975000] [SLAVE MONITOR] mst_id=0 s_id=0 awaddr=34ba3d0 awid=11 awlen=90 awsize=4 awburst=1 wdata=[e4663ff6fe2eb33a d09db0efb3fe8871 dbc1cbeb2ba29951 a9d14c8b8c32c4e6 c0314d58c0280be2 ebcaa533fa6efd7a 6a1c2619bf31943 dc1b2525959bf1be 100aef39c6d30fb9 e2c628fcc7e5ca58 dd81bc1716acb19a dd7fc1533ee14e22 86c7187aed8cab50 4395ceac045ea4f ff273871e448d491 d1d57fe1e1b91e3d a1ff088c05ee50ec ea37257dd60edccb b7c7fb08212640fe 271491ea3c0ca55f 921b822ad9c70395 faed4493914bb767 cd585cc6c9e37d33 23aa80c82201d67d b34d8de4df73def1 29575c241e97c55b c0999bd800a5eaab e019c99ccd01dcec eb99a247f3e729bc f48d1467097125c0 d67302ac2c333e1f a01a67dbd4a6de03 de1803c3c20ca4f3 ee3fe31214a77c43 e94e5a46b48b066f f697ab628e5a4aed a301c730c7665e0a fbf16479e4d78e74 f331d9620c502177 d3b67f81f2890fdc d7609e509633a092 a283c209cfa7e3fa c230f3d6ca9277b2 e0c61845f63a418a c5e2258519919227 e42409d98349da4e f9841bd98813195b a1a4ab82c4ea221e c833fc6d3f66415e c7795ab905c8b55c cab2d77ac1b81846 11e59a4e91e063c eee6bb9892e6d3e7 d49eec2dc897b45d b1b5ba99b9999312 cc8066fad5bd45d1 1e54fa2fa09c7631 da360944a11f5327 f6dc98f9d00ab4c8 f0a72afa26b6703e c7d5c36515319328 e53c47f0cadd343e f193a47cbeb25c5e d3e3ef86d5e372ea a0c0a728b96967e1 f81bc44039203777 8f03aa6192544ba4 cbbdb386cbffb3c6 851feb3d2fc4518a c2189d2ec3d977c6 8fd92b8c1423959f c3e7e7298dd650b4 d1afc87a14f916ca 291cac6986008457 13d6d50ce188f407 f6820ad1ed049392 f30517e9e5869d86 c70f918d1f9eb73a ca34acc86dbecf5 ec628a7cbd919c5e dd305398ffa862b5 6844fabb3721c09 f103b868e9d39e64 e97c011af2e6da27 a658f630ce340c00 3807aa65f00050c5 e2e72aec975cae98 e590ba992183ab7f 1183fc448940211c 209ccfb51d9864fe 3f1c107df46b2730 ] wstrb=[4e 4c c1 4c 1 f1 c9 4f 3d 8a 9b 3f 7b 64 8e b8 ee 2a f7 69 8e 86 22 7d b0 19 e6 3e 9f 8 bb 4f 22 a2 8e c1 aa 49 11 cc eb 9f 8e 96 e8 9f 62 d4 3e f0 6a 26 8f cc fa cd bd 64 f4 4c 31 ee 1a ee 53 e 3a 84 fc 54 72 4f 62 ac d3 5f 1 45 ae 63 f2 82 c2 f3 c7 71 56 b9 f3 19 ac ] bresp=0 bid=11
[975000] MASTER 0 AW_VALID_RDY Handshake
[985000] ARB MONITOR: slave=0 m0_req=0 m1_req=1 winner=1
[985000] ARB MONITOR: slave=1 m0_req=1 m1_req=0 winner=0
[985000] AXI S1_AWVALID_RDY HANDSHAKE
[985000] AXI S0_AWVALID_RDY HANDSHAKE
[995000] AXI S0_WVALID_RDY HANDSHAKE
[995000] S0 MEMORY WRITE beat=0 addr=076d5a98 data=d95546b5e4722bae id=12
[995000] MASTER 0 W_VALID_RDY Handshake beat=0 wlast=0
[995000] MASTER 0 B_VALID_RDY Handshake
[995000] [MASTER MONITOR] mst_id=0 s_id=0 awaddr=34ba3d0 awid=11 awlen=90 awsize=4 awburst=1 wdata=[e4663ff6fe2eb33a d09db0efb3fe8871 dbc1cbeb2ba29951 a9d14c8b8c32c4e6 c0314d58c0280be2 ebcaa533fa6efd7a 6a1c2619bf31943 dc1b2525959bf1be 100aef39c6d30fb9 e2c628fcc7e5ca58 dd81bc1716acb19a dd7fc1533ee14e22 86c7187aed8cab50 4395ceac045ea4f ff273871e448d491 d1d57fe1e1b91e3d a1ff088c05ee50ec ea37257dd60edccb b7c7fb08212640fe 271491ea3c0ca55f 921b822ad9c70395 faed4493914bb767 cd585cc6c9e37d33 23aa80c82201d67d b34d8de4df73def1 29575c241e97c55b c0999bd800a5eaab e019c99ccd01dcec eb99a247f3e729bc f48d1467097125c0 d67302ac2c333e1f a01a67dbd4a6de03 de1803c3c20ca4f3 ee3fe31214a77c43 e94e5a46b48b066f f697ab628e5a4aed a301c730c7665e0a fbf16479e4d78e74 f331d9620c502177 d3b67f81f2890fdc d7609e509633a092 a283c209cfa7e3fa c230f3d6ca9277b2 e0c61845f63a418a c5e2258519919227 e42409d98349da4e f9841bd98813195b a1a4ab82c4ea221e c833fc6d3f66415e c7795ab905c8b55c cab2d77ac1b81846 11e59a4e91e063c eee6bb9892e6d3e7 d49eec2dc897b45d b1b5ba99b9999312 cc8066fad5bd45d1 1e54fa2fa09c7631 da360944a11f5327 f6dc98f9d00ab4c8 f0a72afa26b6703e c7d5c36515319328 e53c47f0cadd343e f193a47cbeb25c5e d3e3ef86d5e372ea a0c0a728b96967e1 f81bc44039203777 8f03aa6192544ba4 cbbdb386cbffb3c6 851feb3d2fc4518a c2189d2ec3d977c6 8fd92b8c1423959f c3e7e7298dd650b4 d1afc87a14f916ca 291cac6986008457 13d6d50ce188f407 f6820ad1ed049392 f30517e9e5869d86 c70f918d1f9eb73a ca34acc86dbecf5 ec628a7cbd919c5e dd305398ffa862b5 6844fabb3721c09 f103b868e9d39e64 e97c011af2e6da27 a658f630ce340c00 3807aa65f00050c5 e2e72aec975cae98 e590ba992183ab7f 1183fc448940211c 209ccfb51d9864fe 3f1c107df46b2730 ] wstrb=[4e 4c c1 4c 1 f1 c9 4f 3d 8a 9b 3f 7b 64 8e b8 ee 2a f7 69 8e 86 22 7d b0 19 e6 3e 9f 8 bb 4f 22 a2 8e c1 aa 49 11 cc eb 9f 8e 96 e8 9f 62 d4 3e f0 6a 26 8f cc fa cd bd 64 f4 4c 31 ee 1a ee 53 e 3a 84 fc 54 72 4f 62 ac d3 5f 1 45 ae 63 f2 82 c2 f3 c7 71 56 b9 f3 19 ac ] bresp=0 bid=11
[995000] MASTER 0 RECEIVED BRESP. BRESP=0
[995000] [MASTER DRIVER] mst_id=0 s_id=0 awaddr=34ba3d0 awid=11 awlen=90 awsize=4 awburst=1 wdata=[e4663ff6fe2eb33a d09db0efb3fe8871 dbc1cbeb2ba29951 a9d14c8b8c32c4e6 c0314d58c0280be2 ebcaa533fa6efd7a 6a1c2619bf31943 dc1b2525959bf1be 100aef39c6d30fb9 e2c628fcc7e5ca58 dd81bc1716acb19a dd7fc1533ee14e22 86c7187aed8cab50 4395ceac045ea4f ff273871e448d491 d1d57fe1e1b91e3d a1ff088c05ee50ec ea37257dd60edccb b7c7fb08212640fe 271491ea3c0ca55f 921b822ad9c70395 faed4493914bb767 cd585cc6c9e37d33 23aa80c82201d67d b34d8de4df73def1 29575c241e97c55b c0999bd800a5eaab e019c99ccd01dcec eb99a247f3e729bc f48d1467097125c0 d67302ac2c333e1f a01a67dbd4a6de03 de1803c3c20ca4f3 ee3fe31214a77c43 e94e5a46b48b066f f697ab628e5a4aed a301c730c7665e0a fbf16479e4d78e74 f331d9620c502177 d3b67f81f2890fdc d7609e509633a092 a283c209cfa7e3fa c230f3d6ca9277b2 e0c61845f63a418a c5e2258519919227 e42409d98349da4e f9841bd98813195b a1a4ab82c4ea221e c833fc6d3f66415e c7795ab905c8b55c cab2d77ac1b81846 11e59a4e91e063c eee6bb9892e6d3e7 d49eec2dc897b45d b1b5ba99b9999312 cc8066fad5bd45d1 1e54fa2fa09c7631 da360944a11f5327 f6dc98f9d00ab4c8 f0a72afa26b6703e c7d5c36515319328 e53c47f0cadd343e f193a47cbeb25c5e d3e3ef86d5e372ea a0c0a728b96967e1 f81bc44039203777 8f03aa6192544ba4 cbbdb386cbffb3c6 851feb3d2fc4518a c2189d2ec3d977c6 8fd92b8c1423959f c3e7e7298dd650b4 d1afc87a14f916ca 291cac6986008457 13d6d50ce188f407 f6820ad1ed049392 f30517e9e5869d86 c70f918d1f9eb73a ca34acc86dbecf5 ec628a7cbd919c5e dd305398ffa862b5 6844fabb3721c09 f103b868e9d39e64 e97c011af2e6da27 a658f630ce340c00 3807aa65f00050c5 e2e72aec975cae98 e590ba992183ab7f 1183fc448940211c 209ccfb51d9864fe 3f1c107df46b2730 ] wstrb=[4e 4c c1 4c 1 f1 c9 4f 3d 8a 9b 3f 7b 64 8e b8 ee 2a f7 69 8e 86 22 7d b0 19 e6 3e 9f 8 bb 4f 22 a2 8e c1 aa 49 11 cc eb 9f 8e 96 e8 9f 62 d4 3e f0 6a 26 8f cc fa cd bd 64 f4 4c 31 ee 1a ee 53 e 3a 84 fc 54 72 4f 62 ac d3 5f 1 45 ae 63 f2 82 c2 f3 c7 71 56 b9 f3 19 ac ] bresp=0 bid=11
[995000] SCOREBOARD MATCH: decode_err expected = 0, actual =0
[995000] SCOREBOARD MATCH: slave_id expected = 0, actual =0
[995000] SCOREBOARD MATCH: awaddr passthrough expected = 34ba3d0, actual =34ba3d0
[995000] SCOREBOARD MATCH: awlen passthrough expected = 90, actual =90
[995000] SCOREBOARD MATCH: awsize passthrough expected = 4, actual =4
[995000] SCOREBOARD MATCH: awburst passthrough expected = 1, actual =1
[995000] SCOREBOARD MATCH: wdata size check expected = 5b, actual =5b
[995000] SCOREBOARD MATCH: wdata passthrough beat=0 expected = e4663ff6fe2eb33a, actual =e4663ff6fe2eb33a
[995000] SCOREBOARD MATCH: wdata passthrough beat=1 expected = d09db0efb3fe8871, actual =d09db0efb3fe8871
[995000] SCOREBOARD MATCH: wdata passthrough beat=2 expected = dbc1cbeb2ba29951, actual =dbc1cbeb2ba29951
[995000] SCOREBOARD MATCH: wdata passthrough beat=3 expected = a9d14c8b8c32c4e6, actual =a9d14c8b8c32c4e6
[995000] SCOREBOARD MATCH: wdata passthrough beat=4 expected = c0314d58c0280be2, actual =c0314d58c0280be2
[995000] SCOREBOARD MATCH: wdata passthrough beat=5 expected = ebcaa533fa6efd7a, actual =ebcaa533fa6efd7a
[995000] SCOREBOARD MATCH: wdata passthrough beat=6 expected = 6a1c2619bf31943, actual =6a1c2619bf31943
[995000] SCOREBOARD MATCH: wdata passthrough beat=7 expected = dc1b2525959bf1be, actual =dc1b2525959bf1be
[995000] SCOREBOARD MATCH: wdata passthrough beat=8 expected = 100aef39c6d30fb9, actual =100aef39c6d30fb9
[995000] SCOREBOARD MATCH: wdata passthrough beat=9 expected = e2c628fcc7e5ca58, actual =e2c628fcc7e5ca58
[995000] SCOREBOARD MATCH: wdata passthrough beat=10 expected = dd81bc1716acb19a, actual =dd81bc1716acb19a
[995000] SCOREBOARD MATCH: wdata passthrough beat=11 expected = dd7fc1533ee14e22, actual =dd7fc1533ee14e22
[995000] SCOREBOARD MATCH: wdata passthrough beat=12 expected = 86c7187aed8cab50, actual =86c7187aed8cab50
[995000] SCOREBOARD MATCH: wdata passthrough beat=13 expected = 4395ceac045ea4f, actual =4395ceac045ea4f
[995000] SCOREBOARD MATCH: wdata passthrough beat=14 expected = ff273871e448d491, actual =ff273871e448d491
[995000] SCOREBOARD MATCH: wdata passthrough beat=15 expected = d1d57fe1e1b91e3d, actual =d1d57fe1e1b91e3d
[995000] SCOREBOARD MATCH: wdata passthrough beat=16 expected = a1ff088c05ee50ec, actual =a1ff088c05ee50ec
[995000] SCOREBOARD MATCH: wdata passthrough beat=17 expected = ea37257dd60edccb, actual =ea37257dd60edccb
[995000] SCOREBOARD MATCH: wdata passthrough beat=18 expected = b7c7fb08212640fe, actual =b7c7fb08212640fe
[995000] SCOREBOARD MATCH: wdata passthrough beat=19 expected = 271491ea3c0ca55f, actual =271491ea3c0ca55f
[995000] SCOREBOARD MATCH: wdata passthrough beat=20 expected = 921b822ad9c70395, actual =921b822ad9c70395
[995000] SCOREBOARD MATCH: wdata passthrough beat=21 expected = faed4493914bb767, actual =faed4493914bb767
[995000] SCOREBOARD MATCH: wdata passthrough beat=22 expected = cd585cc6c9e37d33, actual =cd585cc6c9e37d33
[995000] SCOREBOARD MATCH: wdata passthrough beat=23 expected = 23aa80c82201d67d, actual =23aa80c82201d67d
[995000] SCOREBOARD MATCH: wdata passthrough beat=24 expected = b34d8de4df73def1, actual =b34d8de4df73def1
[995000] SCOREBOARD MATCH: wdata passthrough beat=25 expected = 29575c241e97c55b, actual =29575c241e97c55b
[995000] SCOREBOARD MATCH: wdata passthrough beat=26 expected = c0999bd800a5eaab, actual =c0999bd800a5eaab
[995000] SCOREBOARD MATCH: wdata passthrough beat=27 expected = e019c99ccd01dcec, actual =e019c99ccd01dcec
[995000] SCOREBOARD MATCH: wdata passthrough beat=28 expected = eb99a247f3e729bc, actual =eb99a247f3e729bc
[995000] SCOREBOARD MATCH: wdata passthrough beat=29 expected = f48d1467097125c0, actual =f48d1467097125c0
[995000] SCOREBOARD MATCH: wdata passthrough beat=30 expected = d67302ac2c333e1f, actual =d67302ac2c333e1f
[995000] SCOREBOARD MATCH: wdata passthrough beat=31 expected = a01a67dbd4a6de03, actual =a01a67dbd4a6de03
[995000] SCOREBOARD MATCH: wdata passthrough beat=32 expected = de1803c3c20ca4f3, actual =de1803c3c20ca4f3
[995000] SCOREBOARD MATCH: wdata passthrough beat=33 expected = ee3fe31214a77c43, actual =ee3fe31214a77c43
[995000] SCOREBOARD MATCH: wdata passthrough beat=34 expected = e94e5a46b48b066f, actual =e94e5a46b48b066f
[995000] SCOREBOARD MATCH: wdata passthrough beat=35 expected = f697ab628e5a4aed, actual =f697ab628e5a4aed
[995000] SCOREBOARD MATCH: wdata passthrough beat=36 expected = a301c730c7665e0a, actual =a301c730c7665e0a
[995000] SCOREBOARD MATCH: wdata passthrough beat=37 expected = fbf16479e4d78e74, actual =fbf16479e4d78e74
[995000] SCOREBOARD MATCH: wdata passthrough beat=38 expected = f331d9620c502177, actual =f331d9620c502177
[995000] SCOREBOARD MATCH: wdata passthrough beat=39 expected = d3b67f81f2890fdc, actual =d3b67f81f2890fdc
[995000] SCOREBOARD MATCH: wdata passthrough beat=40 expected = d7609e509633a092, actual =d7609e509633a092
[995000] SCOREBOARD MATCH: wdata passthrough beat=41 expected = a283c209cfa7e3fa, actual =a283c209cfa7e3fa
[995000] SCOREBOARD MATCH: wdata passthrough beat=42 expected = c230f3d6ca9277b2, actual =c230f3d6ca9277b2
[995000] SCOREBOARD MATCH: wdata passthrough beat=43 expected = e0c61845f63a418a, actual =e0c61845f63a418a
[995000] SCOREBOARD MATCH: wdata passthrough beat=44 expected = c5e2258519919227, actual =c5e2258519919227
[995000] SCOREBOARD MATCH: wdata passthrough beat=45 expected = e42409d98349da4e, actual =e42409d98349da4e
[995000] SCOREBOARD MATCH: wdata passthrough beat=46 expected = f9841bd98813195b, actual =f9841bd98813195b
[995000] SCOREBOARD MATCH: wdata passthrough beat=47 expected = a1a4ab82c4ea221e, actual =a1a4ab82c4ea221e
[995000] SCOREBOARD MATCH: wdata passthrough beat=48 expected = c833fc6d3f66415e, actual =c833fc6d3f66415e
[995000] SCOREBOARD MATCH: wdata passthrough beat=49 expected = c7795ab905c8b55c, actual =c7795ab905c8b55c
[995000] SCOREBOARD MATCH: wdata passthrough beat=50 expected = cab2d77ac1b81846, actual =cab2d77ac1b81846
[995000] SCOREBOARD MATCH: wdata passthrough beat=51 expected = 11e59a4e91e063c, actual =11e59a4e91e063c
[995000] SCOREBOARD MATCH: wdata passthrough beat=52 expected = eee6bb9892e6d3e7, actual =eee6bb9892e6d3e7
[995000] SCOREBOARD MATCH: wdata passthrough beat=53 expected = d49eec2dc897b45d, actual =d49eec2dc897b45d
[995000] SCOREBOARD MATCH: wdata passthrough beat=54 expected = b1b5ba99b9999312, actual =b1b5ba99b9999312
[995000] SCOREBOARD MATCH: wdata passthrough beat=55 expected = cc8066fad5bd45d1, actual =cc8066fad5bd45d1
[995000] SCOREBOARD MATCH: wdata passthrough beat=56 expected = 1e54fa2fa09c7631, actual =1e54fa2fa09c7631
[995000] SCOREBOARD MATCH: wdata passthrough beat=57 expected = da360944a11f5327, actual =da360944a11f5327
[995000] SCOREBOARD MATCH: wdata passthrough beat=58 expected = f6dc98f9d00ab4c8, actual =f6dc98f9d00ab4c8
[995000] SCOREBOARD MATCH: wdata passthrough beat=59 expected = f0a72afa26b6703e, actual =f0a72afa26b6703e
[995000] SCOREBOARD MATCH: wdata passthrough beat=60 expected = c7d5c36515319328, actual =c7d5c36515319328
[995000] SCOREBOARD MATCH: wdata passthrough beat=61 expected = e53c47f0cadd343e, actual =e53c47f0cadd343e
[995000] SCOREBOARD MATCH: wdata passthrough beat=62 expected = f193a47cbeb25c5e, actual =f193a47cbeb25c5e
[995000] SCOREBOARD MATCH: wdata passthrough beat=63 expected = d3e3ef86d5e372ea, actual =d3e3ef86d5e372ea
[995000] SCOREBOARD MATCH: wdata passthrough beat=64 expected = a0c0a728b96967e1, actual =a0c0a728b96967e1
[995000] SCOREBOARD MATCH: wdata passthrough beat=65 expected = f81bc44039203777, actual =f81bc44039203777
[995000] SCOREBOARD MATCH: wdata passthrough beat=66 expected = 8f03aa6192544ba4, actual =8f03aa6192544ba4
[995000] SCOREBOARD MATCH: wdata passthrough beat=67 expected = cbbdb386cbffb3c6, actual =cbbdb386cbffb3c6
[995000] SCOREBOARD MATCH: wdata passthrough beat=68 expected = 851feb3d2fc4518a, actual =851feb3d2fc4518a
[995000] SCOREBOARD MATCH: wdata passthrough beat=69 expected = c2189d2ec3d977c6, actual =c2189d2ec3d977c6
[995000] SCOREBOARD MATCH: wdata passthrough beat=70 expected = 8fd92b8c1423959f, actual =8fd92b8c1423959f
[995000] SCOREBOARD MATCH: wdata passthrough beat=71 expected = c3e7e7298dd650b4, actual =c3e7e7298dd650b4
[995000] SCOREBOARD MATCH: wdata passthrough beat=72 expected = d1afc87a14f916ca, actual =d1afc87a14f916ca
[995000] SCOREBOARD MATCH: wdata passthrough beat=73 expected = 291cac6986008457, actual =291cac6986008457
[995000] SCOREBOARD MATCH: wdata passthrough beat=74 expected = 13d6d50ce188f407, actual =13d6d50ce188f407
[995000] SCOREBOARD MATCH: wdata passthrough beat=75 expected = f6820ad1ed049392, actual =f6820ad1ed049392
[995000] SCOREBOARD MATCH: wdata passthrough beat=76 expected = f30517e9e5869d86, actual =f30517e9e5869d86
[995000] SCOREBOARD MATCH: wdata passthrough beat=77 expected = c70f918d1f9eb73a, actual =c70f918d1f9eb73a
[995000] SCOREBOARD MATCH: wdata passthrough beat=78 expected = ca34acc86dbecf5, actual =ca34acc86dbecf5
[995000] SCOREBOARD MATCH: wdata passthrough beat=79 expected = ec628a7cbd919c5e, actual =ec628a7cbd919c5e
[995000] SCOREBOARD MATCH: wdata passthrough beat=80 expected = dd305398ffa862b5, actual =dd305398ffa862b5
[995000] SCOREBOARD MATCH: wdata passthrough beat=81 expected = 6844fabb3721c09, actual =6844fabb3721c09
[995000] SCOREBOARD MATCH: wdata passthrough beat=82 expected = f103b868e9d39e64, actual =f103b868e9d39e64
[995000] SCOREBOARD MATCH: wdata passthrough beat=83 expected = e97c011af2e6da27, actual =e97c011af2e6da27
[995000] SCOREBOARD MATCH: wdata passthrough beat=84 expected = a658f630ce340c00, actual =a658f630ce340c00
[995000] SCOREBOARD MATCH: wdata passthrough beat=85 expected = 3807aa65f00050c5, actual =3807aa65f00050c5
[995000] SCOREBOARD MATCH: wdata passthrough beat=86 expected = e2e72aec975cae98, actual =e2e72aec975cae98
[995000] SCOREBOARD MATCH: wdata passthrough beat=87 expected = e590ba992183ab7f, actual =e590ba992183ab7f
[995000] SCOREBOARD MATCH: wdata passthrough beat=88 expected = 1183fc448940211c, actual =1183fc448940211c
[995000] SCOREBOARD MATCH: wdata passthrough beat=89 expected = 209ccfb51d9864fe, actual =209ccfb51d9864fe
[995000] SCOREBOARD MATCH: wdata passthrough beat=90 expected = 3f1c107df46b2730, actual =3f1c107df46b2730
[995000] SCOREBOARD MATCH: wstrb size check expected = 5b, actual =5b
[995000] SCOREBOARD MATCH: wstrb passthrough beat=0 expected = 4e, actual =4e
[995000] SCOREBOARD MATCH: wstrb passthrough beat=1 expected = 4c, actual =4c
[995000] SCOREBOARD MATCH: wstrb passthrough beat=2 expected = c1, actual =c1
[995000] SCOREBOARD MATCH: wstrb passthrough beat=3 expected = 4c, actual =4c
[995000] SCOREBOARD MATCH: wstrb passthrough beat=4 expected = 1, actual =1
[995000] SCOREBOARD MATCH: wstrb passthrough beat=5 expected = f1, actual =f1
[995000] SCOREBOARD MATCH: wstrb passthrough beat=6 expected = c9, actual =c9
[995000] SCOREBOARD MATCH: wstrb passthrough beat=7 expected = 4f, actual =4f
[995000] SCOREBOARD MATCH: wstrb passthrough beat=8 expected = 3d, actual =3d
[995000] SCOREBOARD MATCH: wstrb passthrough beat=9 expected = 8a, actual =8a
[995000] SCOREBOARD MATCH: wstrb passthrough beat=10 expected = 9b, actual =9b
[995000] SCOREBOARD MATCH: wstrb passthrough beat=11 expected = 3f, actual =3f
[995000] SCOREBOARD MATCH: wstrb passthrough beat=12 expected = 7b, actual =7b
[995000] SCOREBOARD MATCH: wstrb passthrough beat=13 expected = 64, actual =64
[995000] SCOREBOARD MATCH: wstrb passthrough beat=14 expected = 8e, actual =8e
[995000] SCOREBOARD MATCH: wstrb passthrough beat=15 expected = b8, actual =b8
[995000] SCOREBOARD MATCH: wstrb passthrough beat=16 expected = ee, actual =ee
[995000] SCOREBOARD MATCH: wstrb passthrough beat=17 expected = 2a, actual =2a
[995000] SCOREBOARD MATCH: wstrb passthrough beat=18 expected = f7, actual =f7
[995000] SCOREBOARD MATCH: wstrb passthrough beat=19 expected = 69, actual =69
[995000] SCOREBOARD MATCH: wstrb passthrough beat=20 expected = 8e, actual =8e
[995000] SCOREBOARD MATCH: wstrb passthrough beat=21 expected = 86, actual =86
[995000] SCOREBOARD MATCH: wstrb passthrough beat=22 expected = 22, actual =22
[995000] SCOREBOARD MATCH: wstrb passthrough beat=23 expected = 7d, actual =7d
[995000] SCOREBOARD MATCH: wstrb passthrough beat=24 expected = b0, actual =b0
[995000] SCOREBOARD MATCH: wstrb passthrough beat=25 expected = 19, actual =19
[995000] SCOREBOARD MATCH: wstrb passthrough beat=26 expected = e6, actual =e6
[995000] SCOREBOARD MATCH: wstrb passthrough beat=27 expected = 3e, actual =3e
[995000] SCOREBOARD MATCH: wstrb passthrough beat=28 expected = 9f, actual =9f
[995000] SCOREBOARD MATCH: wstrb passthrough beat=29 expected = 8, actual =8
[995000] SCOREBOARD MATCH: wstrb passthrough beat=30 expected = bb, actual =bb
[995000] SCOREBOARD MATCH: wstrb passthrough beat=31 expected = 4f, actual =4f
[995000] SCOREBOARD MATCH: wstrb passthrough beat=32 expected = 22, actual =22
[995000] SCOREBOARD MATCH: wstrb passthrough beat=33 expected = a2, actual =a2
[995000] SCOREBOARD MATCH: wstrb passthrough beat=34 expected = 8e, actual =8e
[995000] SCOREBOARD MATCH: wstrb passthrough beat=35 expected = c1, actual =c1
[995000] SCOREBOARD MATCH: wstrb passthrough beat=36 expected = aa, actual =aa
[995000] SCOREBOARD MATCH: wstrb passthrough beat=37 expected = 49, actual =49
[995000] SCOREBOARD MATCH: wstrb passthrough beat=38 expected = 11, actual =11
[995000] SCOREBOARD MATCH: wstrb passthrough beat=39 expected = cc, actual =cc
[995000] SCOREBOARD MATCH: wstrb passthrough beat=40 expected = eb, actual =eb
[995000] SCOREBOARD MATCH: wstrb passthrough beat=41 expected = 9f, actual =9f
[995000] SCOREBOARD MATCH: wstrb passthrough beat=42 expected = 8e, actual =8e
[995000] SCOREBOARD MATCH: wstrb passthrough beat=43 expected = 96, actual =96
[995000] SCOREBOARD MATCH: wstrb passthrough beat=44 expected = e8, actual =e8
[995000] SCOREBOARD MATCH: wstrb passthrough beat=45 expected = 9f, actual =9f
[995000] SCOREBOARD MATCH: wstrb passthrough beat=46 expected = 62, actual =62
[995000] SCOREBOARD MATCH: wstrb passthrough beat=47 expected = d4, actual =d4
[995000] SCOREBOARD MATCH: wstrb passthrough beat=48 expected = 3e, actual =3e
[995000] SCOREBOARD MATCH: wstrb passthrough beat=49 expected = f0, actual =f0
[995000] SCOREBOARD MATCH: wstrb passthrough beat=50 expected = 6a, actual =6a
[995000] SCOREBOARD MATCH: wstrb passthrough beat=51 expected = 26, actual =26
[995000] SCOREBOARD MATCH: wstrb passthrough beat=52 expected = 8f, actual =8f
[995000] SCOREBOARD MATCH: wstrb passthrough beat=53 expected = cc, actual =cc
[995000] SCOREBOARD MATCH: wstrb passthrough beat=54 expected = fa, actual =fa
[995000] SCOREBOARD MATCH: wstrb passthrough beat=55 expected = cd, actual =cd
[995000] SCOREBOARD MATCH: wstrb passthrough beat=56 expected = bd, actual =bd
[995000] SCOREBOARD MATCH: wstrb passthrough beat=57 expected = 64, actual =64
[995000] SCOREBOARD MATCH: wstrb passthrough beat=58 expected = f4, actual =f4
[995000] SCOREBOARD MATCH: wstrb passthrough beat=59 expected = 4c, actual =4c
[995000] SCOREBOARD MATCH: wstrb passthrough beat=60 expected = 31, actual =31
[995000] SCOREBOARD MATCH: wstrb passthrough beat=61 expected = ee, actual =ee
[995000] SCOREBOARD MATCH: wstrb passthrough beat=62 expected = 1a, actual =1a
[995000] SCOREBOARD MATCH: wstrb passthrough beat=63 expected = ee, actual =ee
[995000] SCOREBOARD MATCH: wstrb passthrough beat=64 expected = 53, actual =53
[995000] SCOREBOARD MATCH: wstrb passthrough beat=65 expected = e, actual =e
[995000] SCOREBOARD MATCH: wstrb passthrough beat=66 expected = 3a, actual =3a
[995000] SCOREBOARD MATCH: wstrb passthrough beat=67 expected = 84, actual =84
[995000] SCOREBOARD MATCH: wstrb passthrough beat=68 expected = fc, actual =fc
[995000] SCOREBOARD MATCH: wstrb passthrough beat=69 expected = 54, actual =54
[995000] SCOREBOARD MATCH: wstrb passthrough beat=70 expected = 72, actual =72
[995000] SCOREBOARD MATCH: wstrb passthrough beat=71 expected = 4f, actual =4f
[995000] SCOREBOARD MATCH: wstrb passthrough beat=72 expected = 62, actual =62
[995000] SCOREBOARD MATCH: wstrb passthrough beat=73 expected = ac, actual =ac
[995000] SCOREBOARD MATCH: wstrb passthrough beat=74 expected = d3, actual =d3
[995000] SCOREBOARD MATCH: wstrb passthrough beat=75 expected = 5f, actual =5f
[995000] SCOREBOARD MATCH: wstrb passthrough beat=76 expected = 1, actual =1
[995000] SCOREBOARD MATCH: wstrb passthrough beat=77 expected = 45, actual =45
[995000] SCOREBOARD MATCH: wstrb passthrough beat=78 expected = ae, actual =ae
[995000] SCOREBOARD MATCH: wstrb passthrough beat=79 expected = 63, actual =63
[995000] SCOREBOARD MATCH: wstrb passthrough beat=80 expected = f2, actual =f2
[995000] SCOREBOARD MATCH: wstrb passthrough beat=81 expected = 82, actual =82
[995000] SCOREBOARD MATCH: wstrb passthrough beat=82 expected = c2, actual =c2
[995000] SCOREBOARD MATCH: wstrb passthrough beat=83 expected = f3, actual =f3
[995000] SCOREBOARD MATCH: wstrb passthrough beat=84 expected = c7, actual =c7
[995000] SCOREBOARD MATCH: wstrb passthrough beat=85 expected = 71, actual =71
[995000] SCOREBOARD MATCH: wstrb passthrough beat=86 expected = 56, actual =56
[995000] SCOREBOARD MATCH: wstrb passthrough beat=87 expected = b9, actual =b9
[995000] SCOREBOARD MATCH: wstrb passthrough beat=88 expected = f3, actual =f3
[995000] SCOREBOARD MATCH: wstrb passthrough beat=89 expected = 19, actual =19
[995000] SCOREBOARD MATCH: wstrb passthrough beat=90 expected = ac, actual =ac
[995000] SCOREBOARD MATCH: bresp passthrough expected = 0, actual =0
[995000] SCOREBOARD MATCH: response routed to correct master (write) expected = 0, actual =0
[995000] [SCOREBOARD-M] mst_id=0 s_id=0 awaddr=34ba3d0 awid=11 awlen=90 awsize=4 awburst=1 wdata=[e4663ff6fe2eb33a d09db0efb3fe8871 dbc1cbeb2ba29951 a9d14c8b8c32c4e6 c0314d58c0280be2 ebcaa533fa6efd7a 6a1c2619bf31943 dc1b2525959bf1be 100aef39c6d30fb9 e2c628fcc7e5ca58 dd81bc1716acb19a dd7fc1533ee14e22 86c7187aed8cab50 4395ceac045ea4f ff273871e448d491 d1d57fe1e1b91e3d a1ff088c05ee50ec ea37257dd60edccb b7c7fb08212640fe 271491ea3c0ca55f 921b822ad9c70395 faed4493914bb767 cd585cc6c9e37d33 23aa80c82201d67d b34d8de4df73def1 29575c241e97c55b c0999bd800a5eaab e019c99ccd01dcec eb99a247f3e729bc f48d1467097125c0 d67302ac2c333e1f a01a67dbd4a6de03 de1803c3c20ca4f3 ee3fe31214a77c43 e94e5a46b48b066f f697ab628e5a4aed a301c730c7665e0a fbf16479e4d78e74 f331d9620c502177 d3b67f81f2890fdc d7609e509633a092 a283c209cfa7e3fa c230f3d6ca9277b2 e0c61845f63a418a c5e2258519919227 e42409d98349da4e f9841bd98813195b a1a4ab82c4ea221e c833fc6d3f66415e c7795ab905c8b55c cab2d77ac1b81846 11e59a4e91e063c eee6bb9892e6d3e7 d49eec2dc897b45d b1b5ba99b9999312 cc8066fad5bd45d1 1e54fa2fa09c7631 da360944a11f5327 f6dc98f9d00ab4c8 f0a72afa26b6703e c7d5c36515319328 e53c47f0cadd343e f193a47cbeb25c5e d3e3ef86d5e372ea a0c0a728b96967e1 f81bc44039203777 8f03aa6192544ba4 cbbdb386cbffb3c6 851feb3d2fc4518a c2189d2ec3d977c6 8fd92b8c1423959f c3e7e7298dd650b4 d1afc87a14f916ca 291cac6986008457 13d6d50ce188f407 f6820ad1ed049392 f30517e9e5869d86 c70f918d1f9eb73a ca34acc86dbecf5 ec628a7cbd919c5e dd305398ffa862b5 6844fabb3721c09 f103b868e9d39e64 e97c011af2e6da27 a658f630ce340c00 3807aa65f00050c5 e2e72aec975cae98 e590ba992183ab7f 1183fc448940211c 209ccfb51d9864fe 3f1c107df46b2730 ] wstrb=[4e 4c c1 4c 1 f1 c9 4f 3d 8a 9b 3f 7b 64 8e b8 ee 2a f7 69 8e 86 22 7d b0 19 e6 3e 9f 8 bb 4f 22 a2 8e c1 aa 49 11 cc eb 9f 8e 96 e8 9f 62 d4 3e f0 6a 26 8f cc fa cd bd 64 f4 4c 31 ee 1a ee 53 e 3a 84 fc 54 72 4f 62 ac d3 5f 1 45 ae 63 f2 82 c2 f3 c7 71 56 b9 f3 19 ac ] bresp=0 bid=11
[995000] [SCOREBOARD-S] mst_id=0 s_id=0 awaddr=34ba3d0 awid=11 awlen=90 awsize=4 awburst=1 wdata=[e4663ff6fe2eb33a d09db0efb3fe8871 dbc1cbeb2ba29951 a9d14c8b8c32c4e6 c0314d58c0280be2 ebcaa533fa6efd7a 6a1c2619bf31943 dc1b2525959bf1be 100aef39c6d30fb9 e2c628fcc7e5ca58 dd81bc1716acb19a dd7fc1533ee14e22 86c7187aed8cab50 4395ceac045ea4f ff273871e448d491 d1d57fe1e1b91e3d a1ff088c05ee50ec ea37257dd60edccb b7c7fb08212640fe 271491ea3c0ca55f 921b822ad9c70395 faed4493914bb767 cd585cc6c9e37d33 23aa80c82201d67d b34d8de4df73def1 29575c241e97c55b c0999bd800a5eaab e019c99ccd01dcec eb99a247f3e729bc f48d1467097125c0 d67302ac2c333e1f a01a67dbd4a6de03 de1803c3c20ca4f3 ee3fe31214a77c43 e94e5a46b48b066f f697ab628e5a4aed a301c730c7665e0a fbf16479e4d78e74 f331d9620c502177 d3b67f81f2890fdc d7609e509633a092 a283c209cfa7e3fa c230f3d6ca9277b2 e0c61845f63a418a c5e2258519919227 e42409d98349da4e f9841bd98813195b a1a4ab82c4ea221e c833fc6d3f66415e c7795ab905c8b55c cab2d77ac1b81846 11e59a4e91e063c eee6bb9892e6d3e7 d49eec2dc897b45d b1b5ba99b9999312 cc8066fad5bd45d1 1e54fa2fa09c7631 da360944a11f5327 f6dc98f9d00ab4c8 f0a72afa26b6703e c7d5c36515319328 e53c47f0cadd343e f193a47cbeb25c5e d3e3ef86d5e372ea a0c0a728b96967e1 f81bc44039203777 8f03aa6192544ba4 cbbdb386cbffb3c6 851feb3d2fc4518a c2189d2ec3d977c6 8fd92b8c1423959f c3e7e7298dd650b4 d1afc87a14f916ca 291cac6986008457 13d6d50ce188f407 f6820ad1ed049392 f30517e9e5869d86 c70f918d1f9eb73a ca34acc86dbecf5 ec628a7cbd919c5e dd305398ffa862b5 6844fabb3721c09 f103b868e9d39e64 e97c011af2e6da27 a658f630ce340c00 3807aa65f00050c5 e2e72aec975cae98 e590ba992183ab7f 1183fc448940211c 209ccfb51d9864fe 3f1c107df46b2730 ] wstrb=[4e 4c c1 4c 1 f1 c9 4f 3d 8a 9b 3f 7b 64 8e b8 ee 2a f7 69 8e 86 22 7d b0 19 e6 3e 9f 8 bb 4f 22 a2 8e c1 aa 49 11 cc eb 9f 8e 96 e8 9f 62 d4 3e f0 6a 26 8f cc fa cd bd 64 f4 4c 31 ee 1a ee 53 e 3a 84 fc 54 72 4f 62 ac d3 5f 1 45 ae 63 f2 82 c2 f3 c7 71 56 b9 f3 19 ac ] bresp=0 bid=11
[995000] SCOREBOARD: Transaction 3 received. pass=220 fail=0
[995000] ALL PASS. Total transactions: 3
[1005000] MASTER 0 W_VALID_RDY Handshake beat=1 wlast=0
[1005000] MASTER 1 W_VALID_RDY Handshake beat=8 wlast=0
[1005000] S1 MEMORY WRITE beat=0 addr=158ed4e8 data=fdd3f01b91a9668f id=03
[1005000] AXI S0_WVALID_RDY HANDSHAKE
[1005000] S0 MEMORY WRITE beat=1 addr=076d5ad8 data=fd41008aef6d111b id=12
[1015000] AXI S0_WVALID_RDY HANDSHAKE
[1015000] S0 MEMORY WRITE beat=2 addr=076d5b18 data=f85abc6e851ea4ae id=12
[1015000] S1 MEMORY WRITE beat=1 addr=158ed4e8 data=1718de21df03a936 id=03
[1015000] MASTER 1 W_VALID_RDY Handshake beat=9 wlast=0
[1015000] MASTER 0 W_VALID_RDY Handshake beat=2 wlast=0
[1025000] MASTER 0 W_VALID_RDY Handshake beat=3 wlast=0
[1025000] MASTER 1 W_VALID_RDY Handshake beat=10 wlast=0
[1025000] S1 MEMORY WRITE beat=2 addr=158ed4e8 data=bf144b3a8485cab8 id=03
[1025000] AXI S0_WVALID_RDY HANDSHAKE
[1025000] S0 MEMORY WRITE beat=3 addr=076d5b58 data=e990d05d26d68ccf id=12
[1035000] AXI S0_WVALID_RDY HANDSHAKE
[1035000] S0 MEMORY WRITE beat=4 addr=076d5b98 data=16439dead1b00324 id=12
[1035000] S1 MEMORY WRITE beat=3 addr=158ed4e8 data=162f3148f874f0ff id=03
[1035000] MASTER 1 W_VALID_RDY Handshake beat=11 wlast=0
[1035000] MASTER 0 W_VALID_RDY Handshake beat=4 wlast=0
[1045000] MASTER 0 W_VALID_RDY Handshake beat=5 wlast=0
[1045000] MASTER 1 W_VALID_RDY Handshake beat=12 wlast=0
[1045000] S1 MEMORY WRITE beat=4 addr=158ed4e8 data=d7789a35bce83b55 id=03
[1045000] AXI S0_WVALID_RDY HANDSHAKE
[1045000] S0 MEMORY WRITE beat=5 addr=076d5bd8 data=d6cea7d2e6d1d0e7 id=12
[1055000] AXI S0_WVALID_RDY HANDSHAKE
[1055000] S0 MEMORY WRITE beat=6 addr=076d5c18 data=8da85db68e9e5a58 id=12
[1055000] S1 MEMORY WRITE beat=5 addr=158ed4e8 data=c16e060e2d480f69 id=03
[1055000] MASTER 1 W_VALID_RDY Handshake beat=13 wlast=0
[1055000] MASTER 0 W_VALID_RDY Handshake beat=6 wlast=0
[1065000] MASTER 0 W_VALID_RDY Handshake beat=7 wlast=0
[1065000] MASTER 1 W_VALID_RDY Handshake beat=14 wlast=0
[1065000] S1 MEMORY WRITE beat=6 addr=158ed4e8 data=25bd0068168ce570 id=03
[1065000] AXI S0_WVALID_RDY HANDSHAKE
[1065000] S0 MEMORY WRITE beat=7 addr=076d5c58 data=e04e5d7cc05f782f id=12
[1075000] AXI S0_WVALID_RDY HANDSHAKE
[1075000] S0 MEMORY WRITE beat=8 addr=076d5c98 data=27314917a3ebfba0 id=12
[1075000] S1 MEMORY WRITE beat=7 addr=158ed4e8 data=d37520c5d79d3756 id=03
[1075000] MASTER 1 W_VALID_RDY Handshake beat=15 wlast=0
[1075000] MASTER 0 W_VALID_RDY Handshake beat=8 wlast=0
[1085000] MASTER 0 W_VALID_RDY Handshake beat=9 wlast=1
[1085000] MASTER 1 W_VALID_RDY Handshake beat=16 wlast=0
[1085000] S1 MEMORY WRITE beat=8 addr=158ed4e8 data=04e546bffd359a9d id=03
[1085000] AXI S0_WVALID_RDY HANDSHAKE
[1085000] S0 MEMORY WRITE beat=9 addr=076d5cd8 data=328a55f9371d054f id=12
[1095000] AXI S0_WVALID_RDY HANDSHAKE
[1095000] S0 MEMORY WRITE beat=10 addr=076d5d18 data=f77c7d7eb4d9a6cd id=12
[1095000] S1 MEMORY WRITE beat=9 addr=158ed4e8 data=93c2800d94e326d3 id=03
[1095000] MASTER 1 W_VALID_RDY Handshake beat=17 wlast=0
[1105000] MASTER 1 W_VALID_RDY Handshake beat=18 wlast=0
[1105000] SLAVE1 sent B resp, id=3
[1105000] AXI S0_WVALID_RDY HANDSHAKE
[1105000] S0 MEMORY WRITE beat=11 addr=076d5d58 data=d8c5a26e92d8b375 id=12
[1115000] AXI S0_WVALID_RDY HANDSHAKE
[1115000] S0 MEMORY WRITE beat=12 addr=076d5d98 data=c9f5b8c49eadc695 id=12
[1115000] [SLAVE MONITOR] mst_id=0 s_id=1 awaddr=158ed4e8 awid=11 awlen=9 awsize=2 awburst=0 wdata=[fdd3f01b91a9668f 1718de21df03a936 bf144b3a8485cab8 162f3148f874f0ff d7789a35bce83b55 c16e060e2d480f69 25bd0068168ce570 d37520c5d79d3756 4e546bffd359a9d 93c2800d94e326d3 ] wstrb=[27 29 d3 c4 e8 a6 d2 f d0 a5 ] bresp=0 bid=11
[1115000] MASTER 1 W_VALID_RDY Handshake beat=19 wlast=0
[1125000] MASTER 0 RECEIVED BRESP. BRESP=0
[1125000] [MASTER DRIVER] mst_id=0 s_id=0 awaddr=158ed4e8 awid=11 awlen=9 awsize=2 awburst=0 wdata=[fdd3f01b91a9668f 1718de21df03a936 bf144b3a8485cab8 162f3148f874f0ff d7789a35bce83b55 c16e060e2d480f69 25bd0068168ce570 d37520c5d79d3756 4e546bffd359a9d 93c2800d94e326d3 ] wstrb=[27 29 d3 c4 e8 a6 d2 f d0 a5 ] bresp=0 bid=11
[1125000] MASTER 0 B_VALID_RDY Handshake
[1125000] [MASTER MONITOR] mst_id=0 s_id=1 awaddr=158ed4e8 awid=11 awlen=9 awsize=2 awburst=0 wdata=[fdd3f01b91a9668f 1718de21df03a936 bf144b3a8485cab8 162f3148f874f0ff d7789a35bce83b55 c16e060e2d480f69 25bd0068168ce570 d37520c5d79d3756 4e546bffd359a9d 93c2800d94e326d3 ] wstrb=[27 29 d3 c4 e8 a6 d2 f d0 a5 ] bresp=0 bid=11
[1125000] MASTER 1 W_VALID_RDY Handshake beat=20 wlast=0
[1125000] AXI S0_WVALID_RDY HANDSHAKE
[1125000] S0 MEMORY WRITE beat=13 addr=076d5dd8 data=d3876d630b4ff867 id=12
[1125000] SCOREBOARD MATCH: decode_err expected = 0, actual =0
[1125000] SCOREBOARD MATCH: slave_id expected = 1, actual =1
[1125000] SCOREBOARD MATCH: awaddr passthrough expected = 158ed4e8, actual =158ed4e8
[1125000] SCOREBOARD MATCH: awlen passthrough expected = 9, actual =9
[1125000] SCOREBOARD MATCH: awsize passthrough expected = 2, actual =2
[1125000] SCOREBOARD MATCH: awburst passthrough expected = 0, actual =0
[1125000] SCOREBOARD MATCH: wdata size check expected = a, actual =a
[1125000] SCOREBOARD MATCH: wdata passthrough beat=0 expected = fdd3f01b91a9668f, actual =fdd3f01b91a9668f
[1125000] SCOREBOARD MATCH: wdata passthrough beat=1 expected = 1718de21df03a936, actual =1718de21df03a936
[1125000] SCOREBOARD MATCH: wdata passthrough beat=2 expected = bf144b3a8485cab8, actual =bf144b3a8485cab8
[1125000] SCOREBOARD MATCH: wdata passthrough beat=3 expected = 162f3148f874f0ff, actual =162f3148f874f0ff
[1125000] SCOREBOARD MATCH: wdata passthrough beat=4 expected = d7789a35bce83b55, actual =d7789a35bce83b55
[1125000] SCOREBOARD MATCH: wdata passthrough beat=5 expected = c16e060e2d480f69, actual =c16e060e2d480f69
[1125000] SCOREBOARD MATCH: wdata passthrough beat=6 expected = 25bd0068168ce570, actual =25bd0068168ce570
[1125000] SCOREBOARD MATCH: wdata passthrough beat=7 expected = d37520c5d79d3756, actual =d37520c5d79d3756
[1125000] SCOREBOARD MATCH: wdata passthrough beat=8 expected = 4e546bffd359a9d, actual =4e546bffd359a9d
[1125000] SCOREBOARD MATCH: wdata passthrough beat=9 expected = 93c2800d94e326d3, actual =93c2800d94e326d3
[1125000] SCOREBOARD MATCH: wstrb size check expected = a, actual =a
[1125000] SCOREBOARD MATCH: wstrb passthrough beat=0 expected = 27, actual =27
[1125000] SCOREBOARD MATCH: wstrb passthrough beat=1 expected = 29, actual =29
[1125000] SCOREBOARD MATCH: wstrb passthrough beat=2 expected = d3, actual =d3
[1125000] SCOREBOARD MATCH: wstrb passthrough beat=3 expected = c4, actual =c4
[1125000] SCOREBOARD MATCH: wstrb passthrough beat=4 expected = e8, actual =e8
[1125000] SCOREBOARD MATCH: wstrb passthrough beat=5 expected = a6, actual =a6
[1125000] SCOREBOARD MATCH: wstrb passthrough beat=6 expected = d2, actual =d2
[1125000] SCOREBOARD MATCH: wstrb passthrough beat=7 expected = f, actual =f
[1125000] SCOREBOARD MATCH: wstrb passthrough beat=8 expected = d0, actual =d0
[1125000] SCOREBOARD MATCH: wstrb passthrough beat=9 expected = a5, actual =a5
[1125000] SCOREBOARD MATCH: bresp passthrough expected = 0, actual =0
[1125000] SCOREBOARD MATCH: response routed to correct master (write) expected = 0, actual =0
[1125000] [SCOREBOARD-M] mst_id=0 s_id=1 awaddr=158ed4e8 awid=11 awlen=9 awsize=2 awburst=0 wdata=[fdd3f01b91a9668f 1718de21df03a936 bf144b3a8485cab8 162f3148f874f0ff d7789a35bce83b55 c16e060e2d480f69 25bd0068168ce570 d37520c5d79d3756 4e546bffd359a9d 93c2800d94e326d3 ] wstrb=[27 29 d3 c4 e8 a6 d2 f d0 a5 ] bresp=0 bid=11
[1125000] [SCOREBOARD-S] mst_id=0 s_id=1 awaddr=158ed4e8 awid=11 awlen=9 awsize=2 awburst=0 wdata=[fdd3f01b91a9668f 1718de21df03a936 bf144b3a8485cab8 162f3148f874f0ff d7789a35bce83b55 c16e060e2d480f69 25bd0068168ce570 d37520c5d79d3756 4e546bffd359a9d 93c2800d94e326d3 ] wstrb=[27 29 d3 c4 e8 a6 d2 f d0 a5 ] bresp=0 bid=11
[1125000] SCOREBOARD: Transaction 4 received. pass=250 fail=0
[1125000] ALL PASS. Total transactions: 4
[1135000] AXI S0_WVALID_RDY HANDSHAKE
[1135000] S0 MEMORY WRITE beat=14 addr=076d5e18 data=9e28abdcc1723643 id=12
[1135000] MASTER 1 W_VALID_RDY Handshake beat=21 wlast=0
[1145000] MASTER 1 W_VALID_RDY Handshake beat=22 wlast=0
[1145000] AXI S0_WVALID_RDY HANDSHAKE
[1145000] S0 MEMORY WRITE beat=15 addr=076d5e58 data=e01ffcd82c4d0fd1 id=12
[1155000] AXI S0_WVALID_RDY HANDSHAKE
[1155000] S0 MEMORY WRITE beat=16 addr=076d5e98 data=379d0838e81e64a1 id=12
[1155000] MASTER 1 W_VALID_RDY Handshake beat=23 wlast=0
[1165000] MASTER 1 W_VALID_RDY Handshake beat=24 wlast=0
[1165000] AXI S0_WVALID_RDY HANDSHAKE
[1165000] S0 MEMORY WRITE beat=17 addr=076d5ed8 data=29909ae4b3a76a3b id=12
[1175000] AXI S0_WVALID_RDY HANDSHAKE
[1175000] S0 MEMORY WRITE beat=18 addr=076d5f18 data=dff47a0cd5c5b414 id=12
[1175000] MASTER 1 W_VALID_RDY Handshake beat=25 wlast=0
[1185000] MASTER 1 W_VALID_RDY Handshake beat=26 wlast=0
[1185000] AXI S0_WVALID_RDY HANDSHAKE
[1185000] S0 MEMORY WRITE beat=19 addr=076d5f58 data=bde418b589b097bc id=12
[1195000] AXI S0_WVALID_RDY HANDSHAKE
[1195000] S0 MEMORY WRITE beat=20 addr=076d5f98 data=3d5801f897918244 id=12
[1195000] MASTER 1 W_VALID_RDY Handshake beat=27 wlast=0
[1205000] MASTER 1 W_VALID_RDY Handshake beat=28 wlast=0
[1205000] AXI S0_WVALID_RDY HANDSHAKE
[1205000] S0 MEMORY WRITE beat=21 addr=076d5fd8 data=ed573659e774b399 id=12
[1215000] AXI S0_WVALID_RDY HANDSHAKE
[1215000] S0 MEMORY WRITE beat=22 addr=076d6018 data=f1254b569d4c7c04 id=12
[1215000] MASTER 1 W_VALID_RDY Handshake beat=29 wlast=0
[1225000] MASTER 1 W_VALID_RDY Handshake beat=30 wlast=0
[1225000] AXI S0_WVALID_RDY HANDSHAKE
[1225000] S0 MEMORY WRITE beat=23 addr=076d6058 data=34ddfe49ab3b4f0e id=12
[1235000] AXI S0_WVALID_RDY HANDSHAKE
[1235000] S0 MEMORY WRITE beat=24 addr=076d6098 data=12b002a82e7d4d4e id=12
[1235000] MASTER 1 W_VALID_RDY Handshake beat=31 wlast=0
[1245000] MASTER 1 W_VALID_RDY Handshake beat=32 wlast=0
[1245000] AXI S0_WVALID_RDY HANDSHAKE
[1245000] S0 MEMORY WRITE beat=25 addr=076d60d8 data=cbc9c952223534a2 id=12
[1255000] AXI S0_WVALID_RDY HANDSHAKE
[1255000] S0 MEMORY WRITE beat=26 addr=076d6118 data=cd7083b003d54dfe id=12
[1255000] MASTER 1 W_VALID_RDY Handshake beat=33 wlast=0
[1265000] MASTER 1 W_VALID_RDY Handshake beat=34 wlast=0
[1265000] AXI S0_WVALID_RDY HANDSHAKE
[1265000] S0 MEMORY WRITE beat=27 addr=076d6158 data=32529b4c80a7c79b id=12
[1275000] AXI S0_WVALID_RDY HANDSHAKE
[1275000] S0 MEMORY WRITE beat=28 addr=076d6198 data=a2dcfc3de0208658 id=12
[1275000] MASTER 1 W_VALID_RDY Handshake beat=35 wlast=0
[1285000] MASTER 1 W_VALID_RDY Handshake beat=36 wlast=0
[1285000] AXI S0_WVALID_RDY HANDSHAKE
[1285000] S0 MEMORY WRITE beat=29 addr=076d61d8 data=e3f5d456fe1c649e id=12
[1295000] AXI S0_WVALID_RDY HANDSHAKE
[1295000] S0 MEMORY WRITE beat=30 addr=076d6218 data=fec42c3af04d7fee id=12
[1295000] MASTER 1 W_VALID_RDY Handshake beat=37 wlast=0
[1305000] MASTER 1 W_VALID_RDY Handshake beat=38 wlast=0
[1305000] AXI S0_WVALID_RDY HANDSHAKE
[1305000] S0 MEMORY WRITE beat=31 addr=076d6258 data=d06e064696486fa2 id=12
[1315000] AXI S0_WVALID_RDY HANDSHAKE
[1315000] S0 MEMORY WRITE beat=32 addr=076d6298 data=1464d441a1a12877 id=12
[1315000] MASTER 1 W_VALID_RDY Handshake beat=39 wlast=0
[1325000] MASTER 1 W_VALID_RDY Handshake beat=40 wlast=0
[1325000] AXI S0_WVALID_RDY HANDSHAKE
[1325000] S0 MEMORY WRITE beat=33 addr=076d62d8 data=91eea8653463da9d id=12
[1335000] AXI S0_WVALID_RDY HANDSHAKE
[1335000] S0 MEMORY WRITE beat=34 addr=076d6318 data=caac4a3f1329007b id=12
[1335000] MASTER 1 W_VALID_RDY Handshake beat=41 wlast=0
[1345000] MASTER 1 W_VALID_RDY Handshake beat=42 wlast=0
[1345000] AXI S0_WVALID_RDY HANDSHAKE
[1345000] S0 MEMORY WRITE beat=35 addr=076d6358 data=b4ca28f2e25caeac id=12
[1355000] AXI S0_WVALID_RDY HANDSHAKE
[1355000] S0 MEMORY WRITE beat=36 addr=076d6398 data=16c08949df111e80 id=12
[1355000] MASTER 1 W_VALID_RDY Handshake beat=43 wlast=0
[1365000] MASTER 1 W_VALID_RDY Handshake beat=44 wlast=0
[1365000] AXI S0_WVALID_RDY HANDSHAKE
[1365000] S0 MEMORY WRITE beat=37 addr=076d63d8 data=f23a1efbc6b8d158 id=12
[1375000] AXI S0_WVALID_RDY HANDSHAKE
[1375000] S0 MEMORY WRITE beat=38 addr=076d6418 data=29158004e16cd388 id=12
[1375000] MASTER 1 W_VALID_RDY Handshake beat=45 wlast=0
[1385000] MASTER 1 W_VALID_RDY Handshake beat=46 wlast=0
[1385000] AXI S0_WVALID_RDY HANDSHAKE
[1385000] S0 MEMORY WRITE beat=39 addr=076d6458 data=c07df209270447ee id=12
[1395000] AXI S0_WVALID_RDY HANDSHAKE
[1395000] S0 MEMORY WRITE beat=40 addr=076d6498 data=edbd19463fd6094d id=12
[1395000] MASTER 1 W_VALID_RDY Handshake beat=47 wlast=0
[1405000] MASTER 1 W_VALID_RDY Handshake beat=48 wlast=0
[1405000] AXI S0_WVALID_RDY HANDSHAKE
[1405000] S0 MEMORY WRITE beat=41 addr=076d64d8 data=a142dcd5b2b81104 id=12
[1415000] AXI S0_WVALID_RDY HANDSHAKE
[1415000] S0 MEMORY WRITE beat=42 addr=076d6518 data=d9bc58f216d2994a id=12
[1415000] MASTER 1 W_VALID_RDY Handshake beat=49 wlast=0
[1425000] MASTER 1 W_VALID_RDY Handshake beat=50 wlast=0
[1425000] AXI S0_WVALID_RDY HANDSHAKE
[1425000] S0 MEMORY WRITE beat=43 addr=076d6558 data=d6a8a297e1c0cede id=12
[1435000] AXI S0_WVALID_RDY HANDSHAKE
[1435000] S0 MEMORY WRITE beat=44 addr=076d6598 data=1478dfe3c7797238 id=12
[1435000] MASTER 1 W_VALID_RDY Handshake beat=51 wlast=0
[1445000] MASTER 1 W_VALID_RDY Handshake beat=52 wlast=0
[1445000] AXI S0_WVALID_RDY HANDSHAKE
[1445000] S0 MEMORY WRITE beat=45 addr=076d65d8 data=de4c0b82f7eb7f6c id=12
[1455000] AXI S0_WVALID_RDY HANDSHAKE
[1455000] S0 MEMORY WRITE beat=46 addr=076d6618 data=d9ac4e4bee3538d5 id=12
[1455000] MASTER 1 W_VALID_RDY Handshake beat=53 wlast=0
[1465000] MASTER 1 W_VALID_RDY Handshake beat=54 wlast=0
[1465000] AXI S0_WVALID_RDY HANDSHAKE
[1465000] S0 MEMORY WRITE beat=47 addr=076d6658 data=35aeab0eb4f4ae19 id=12
[1475000] AXI S0_WVALID_RDY HANDSHAKE
[1475000] S0 MEMORY WRITE beat=48 addr=076d6698 data=2ce02d86ee252e2e id=12
[1475000] MASTER 1 W_VALID_RDY Handshake beat=55 wlast=0
[1485000] MASTER 1 W_VALID_RDY Handshake beat=56 wlast=0
[1485000] AXI S0_WVALID_RDY HANDSHAKE
[1485000] S0 MEMORY WRITE beat=49 addr=076d66d8 data=dc5a670393fab690 id=12
[1495000] AXI S0_WVALID_RDY HANDSHAKE
[1495000] S0 MEMORY WRITE beat=50 addr=076d6718 data=c8ef64aa068c7bd1 id=12
[1495000] MASTER 1 W_VALID_RDY Handshake beat=57 wlast=0
[1505000] MASTER 1 W_VALID_RDY Handshake beat=58 wlast=0
[1505000] AXI S0_WVALID_RDY HANDSHAKE
[1505000] S0 MEMORY WRITE beat=51 addr=076d6758 data=f4b1a9ff92091211 id=12
[1515000] AXI S0_WVALID_RDY HANDSHAKE
[1515000] S0 MEMORY WRITE beat=52 addr=076d6798 data=2603c8a2f5cf9230 id=12
[1515000] MASTER 1 W_VALID_RDY Handshake beat=59 wlast=0
[1525000] MASTER 1 W_VALID_RDY Handshake beat=60 wlast=0
[1525000] AXI S0_WVALID_RDY HANDSHAKE
[1525000] S0 MEMORY WRITE beat=53 addr=076d67d8 data=fc5c0e01d10c1102 id=12
[1535000] AXI S0_WVALID_RDY HANDSHAKE
[1535000] S0 MEMORY WRITE beat=54 addr=076d6818 data=e3152314eef32d4c id=12
[1535000] MASTER 1 W_VALID_RDY Handshake beat=61 wlast=0
[1545000] MASTER 1 W_VALID_RDY Handshake beat=62 wlast=0
[1545000] AXI S0_WVALID_RDY HANDSHAKE
[1545000] S0 MEMORY WRITE beat=55 addr=076d6858 data=e4c2bf7cf10db800 id=12
[1555000] AXI S0_WVALID_RDY HANDSHAKE
[1555000] S0 MEMORY WRITE beat=56 addr=076d6898 data=c219c9020918ebb6 id=12
[1555000] MASTER 1 W_VALID_RDY Handshake beat=63 wlast=0
[1565000] MASTER 1 W_VALID_RDY Handshake beat=64 wlast=0
[1565000] AXI S0_WVALID_RDY HANDSHAKE
[1565000] S0 MEMORY WRITE beat=57 addr=076d68d8 data=f80c1902e11ecd7d id=12
[1575000] AXI S0_WVALID_RDY HANDSHAKE
[1575000] S0 MEMORY WRITE beat=58 addr=076d6918 data=d22c857da52eec16 id=12
[1575000] MASTER 1 W_VALID_RDY Handshake beat=65 wlast=0
[1585000] MASTER 1 W_VALID_RDY Handshake beat=66 wlast=0
[1585000] AXI S0_WVALID_RDY HANDSHAKE
[1585000] S0 MEMORY WRITE beat=59 addr=076d6958 data=ae47d7ccdcced87e id=12
[1595000] AXI S0_WVALID_RDY HANDSHAKE
[1595000] S0 MEMORY WRITE beat=60 addr=076d6998 data=3deda5fb94464e7f id=12
[1595000] MASTER 1 W_VALID_RDY Handshake beat=67 wlast=0
[1605000] MASTER 1 W_VALID_RDY Handshake beat=68 wlast=0
[1605000] AXI S0_WVALID_RDY HANDSHAKE
[1605000] S0 MEMORY WRITE beat=61 addr=076d69d8 data=39753a96a653f0ce id=12
[1615000] AXI S0_WVALID_RDY HANDSHAKE
[1615000] S0 MEMORY WRITE beat=62 addr=076d6a18 data=8322c94c101a2b78 id=12
[1615000] MASTER 1 W_VALID_RDY Handshake beat=69 wlast=0
[1625000] MASTER 1 W_VALID_RDY Handshake beat=70 wlast=0
[1625000] AXI S0_WVALID_RDY HANDSHAKE
[1625000] S0 MEMORY WRITE beat=63 addr=076d6a58 data=a46079f7e7bd1262 id=12
[1635000] AXI S0_WVALID_RDY HANDSHAKE
[1635000] S0 MEMORY WRITE beat=64 addr=076d6a98 data=0e110331c1106f47 id=12
[1635000] MASTER 1 W_VALID_RDY Handshake beat=71 wlast=0
[1645000] MASTER 1 W_VALID_RDY Handshake beat=72 wlast=0
[1645000] AXI S0_WVALID_RDY HANDSHAKE
[1645000] S0 MEMORY WRITE beat=65 addr=076d6ad8 data=d12a9abfddd5b48d id=12
[1655000] AXI S0_WVALID_RDY HANDSHAKE
[1655000] S0 MEMORY WRITE beat=66 addr=076d6b18 data=c592c6f09133cc7d id=12
[1655000] MASTER 1 W_VALID_RDY Handshake beat=73 wlast=0
[1665000] MASTER 1 W_VALID_RDY Handshake beat=74 wlast=0
[1665000] AXI S0_WVALID_RDY HANDSHAKE
[1665000] S0 MEMORY WRITE beat=67 addr=076d6b58 data=d2443bc5f58b14b7 id=12
[1675000] AXI S0_WVALID_RDY HANDSHAKE
[1675000] S0 MEMORY WRITE beat=68 addr=076d6b98 data=d360c944d3a3ca21 id=12
[1675000] MASTER 1 W_VALID_RDY Handshake beat=75 wlast=0
[1685000] MASTER 1 W_VALID_RDY Handshake beat=76 wlast=0
[1685000] AXI S0_WVALID_RDY HANDSHAKE
[1685000] S0 MEMORY WRITE beat=69 addr=076d6bd8 data=e4d7969ea36ed684 id=12
[1695000] AXI S0_WVALID_RDY HANDSHAKE
[1695000] S0 MEMORY WRITE beat=70 addr=076d6c18 data=98f9eb3b98f39034 id=12
[1695000] MASTER 1 W_VALID_RDY Handshake beat=77 wlast=0
[1705000] MASTER 1 W_VALID_RDY Handshake beat=78 wlast=0
[1705000] AXI S0_WVALID_RDY HANDSHAKE
[1705000] S0 MEMORY WRITE beat=71 addr=076d6c58 data=ec975a55b71bd263 id=12
[1715000] AXI S0_WVALID_RDY HANDSHAKE
[1715000] S0 MEMORY WRITE beat=72 addr=076d6c98 data=da8aa8e8ec5ab480 id=12
[1715000] MASTER 1 W_VALID_RDY Handshake beat=79 wlast=0
[1725000] MASTER 1 W_VALID_RDY Handshake beat=80 wlast=0
[1725000] AXI S0_WVALID_RDY HANDSHAKE
[1725000] S0 MEMORY WRITE beat=73 addr=076d6cd8 data=854e44b4d16ef0f4 id=12
[1735000] AXI S0_WVALID_RDY HANDSHAKE
[1735000] S0 MEMORY WRITE beat=74 addr=076d6d18 data=888ac357f3849423 id=12
[1735000] MASTER 1 W_VALID_RDY Handshake beat=81 wlast=0
[1745000] MASTER 1 W_VALID_RDY Handshake beat=82 wlast=0
[1745000] AXI S0_WVALID_RDY HANDSHAKE
[1745000] S0 MEMORY WRITE beat=75 addr=076d6d58 data=dfdf48a3f1e59f0a id=12
[1755000] AXI S0_WVALID_RDY HANDSHAKE
[1755000] S0 MEMORY WRITE beat=76 addr=076d6d98 data=c3548ffee3156c3f id=12
[1755000] MASTER 1 W_VALID_RDY Handshake beat=83 wlast=0
[1765000] MASTER 1 W_VALID_RDY Handshake beat=84 wlast=0
[1765000] AXI S0_WVALID_RDY HANDSHAKE
[1765000] S0 MEMORY WRITE beat=77 addr=076d6dd8 data=d69a0063e52d8d58 id=12
[1775000] AXI S0_WVALID_RDY HANDSHAKE
[1775000] S0 MEMORY WRITE beat=78 addr=076d6e18 data=d7132c62cbdf5355 id=12
[1775000] MASTER 1 W_VALID_RDY Handshake beat=85 wlast=0
[1785000] MASTER 1 W_VALID_RDY Handshake beat=86 wlast=0
[1785000] AXI S0_WVALID_RDY HANDSHAKE
[1785000] S0 MEMORY WRITE beat=79 addr=076d6e58 data=2ef4bf95b6794906 id=12
[1795000] AXI S0_WVALID_RDY HANDSHAKE
[1795000] S0 MEMORY WRITE beat=80 addr=076d6e98 data=9ba6d65e1a67bc60 id=12
[1795000] MASTER 1 W_VALID_RDY Handshake beat=87 wlast=0
[1805000] MASTER 1 W_VALID_RDY Handshake beat=88 wlast=0
[1805000] AXI S0_WVALID_RDY HANDSHAKE
[1805000] S0 MEMORY WRITE beat=81 addr=076d6ed8 data=e6470fb5058ebff8 id=12
[1815000] AXI S0_WVALID_RDY HANDSHAKE
[1815000] S0 MEMORY WRITE beat=82 addr=076d6f18 data=bc0808fef2ba02c0 id=12
[1815000] MASTER 1 W_VALID_RDY Handshake beat=89 wlast=0
[1825000] MASTER 1 W_VALID_RDY Handshake beat=90 wlast=0
[1825000] AXI S0_WVALID_RDY HANDSHAKE
[1825000] S0 MEMORY WRITE beat=83 addr=076d6f58 data=8d21bf20953bcf4a id=12
[1835000] AXI S0_WVALID_RDY HANDSHAKE
[1835000] S0 MEMORY WRITE beat=84 addr=076d6f98 data=9aca8f42d7aedf5d id=12
[1835000] MASTER 1 W_VALID_RDY Handshake beat=91 wlast=0
[1845000] MASTER 1 W_VALID_RDY Handshake beat=92 wlast=0
[1845000] AXI S0_WVALID_RDY HANDSHAKE
[1845000] S0 MEMORY WRITE beat=85 addr=076d6fd8 data=ca68e21df368ced6 id=12
[1855000] AXI S0_WVALID_RDY HANDSHAKE
[1855000] S0 MEMORY WRITE beat=86 addr=076d7018 data=88a49e20d6d29841 id=12
[1855000] MASTER 1 W_VALID_RDY Handshake beat=93 wlast=0
[1865000] MASTER 1 W_VALID_RDY Handshake beat=94 wlast=0
[1865000] AXI S0_WVALID_RDY HANDSHAKE
[1865000] S0 MEMORY WRITE beat=87 addr=076d7058 data=2e81779ed78aa13e id=12
[1875000] AXI S0_WVALID_RDY HANDSHAKE
[1875000] S0 MEMORY WRITE beat=88 addr=076d7098 data=caf37014236f2d63 id=12
[1875000] MASTER 1 W_VALID_RDY Handshake beat=95 wlast=0
[1885000] MASTER 1 W_VALID_RDY Handshake beat=96 wlast=0
[1885000] AXI S0_WVALID_RDY HANDSHAKE
[1885000] S0 MEMORY WRITE beat=89 addr=076d70d8 data=fa41c5a4f8ea59bb id=12
[1895000] AXI S0_WVALID_RDY HANDSHAKE
[1895000] S0 MEMORY WRITE beat=90 addr=076d7118 data=d074faf9d3980e34 id=12
[1895000] MASTER 1 W_VALID_RDY Handshake beat=97 wlast=0
[1905000] MASTER 1 W_VALID_RDY Handshake beat=98 wlast=0
[1905000] AXI S0_WVALID_RDY HANDSHAKE
[1905000] S0 MEMORY WRITE beat=91 addr=076d7158 data=f7073b9728c33d42 id=12
[1915000] AXI S0_WVALID_RDY HANDSHAKE
[1915000] S0 MEMORY WRITE beat=92 addr=076d7198 data=a1ad96fd9b686b0d id=12
[1915000] MASTER 1 W_VALID_RDY Handshake beat=99 wlast=0
[1925000] MASTER 1 W_VALID_RDY Handshake beat=100 wlast=0
[1925000] AXI S0_WVALID_RDY HANDSHAKE
[1925000] S0 MEMORY WRITE beat=93 addr=076d71d8 data=ef007942f149013b id=12
[1935000] AXI S0_WVALID_RDY HANDSHAKE
[1935000] S0 MEMORY WRITE beat=94 addr=076d7218 data=9a0c3e7df22291f7 id=12
[1935000] MASTER 1 W_VALID_RDY Handshake beat=101 wlast=0
[1945000] MASTER 1 W_VALID_RDY Handshake beat=102 wlast=0
[1945000] AXI S0_WVALID_RDY HANDSHAKE
[1945000] S0 MEMORY WRITE beat=95 addr=076d7258 data=8d8afd04e607b4d9 id=12
[1955000] AXI S0_WVALID_RDY HANDSHAKE
[1955000] S0 MEMORY WRITE beat=96 addr=076d7298 data=d750b6153bb9d57b id=12
[1955000] MASTER 1 W_VALID_RDY Handshake beat=103 wlast=0
[1965000] MASTER 1 W_VALID_RDY Handshake beat=104 wlast=1
[1965000] AXI S0_WVALID_RDY HANDSHAKE
[1965000] S0 MEMORY WRITE beat=97 addr=076d72d8 data=2ddc6772fc8b7646 id=12
[1975000] AXI S0_WVALID_RDY HANDSHAKE
[1975000] S0 MEMORY WRITE beat=98 addr=076d7318 data=e2932b20f15cf492 id=12
[1985000] AXI S0_WVALID_RDY HANDSHAKE
[1985000] S0 MEMORY WRITE beat=99 addr=076d7358 data=ad16ca0dbb676476 id=12
[1995000] AXI S0_WVALID_RDY HANDSHAKE
[1995000] S0 MEMORY WRITE beat=100 addr=076d7398 data=37f2dabd39e3e135 id=12
[2005000] AXI S0_WVALID_RDY HANDSHAKE
[2005000] S0 MEMORY WRITE beat=101 addr=076d73d8 data=ab40d5c7daf3317f id=12
[2015000] AXI S0_WVALID_RDY HANDSHAKE
[2015000] S0 MEMORY WRITE beat=102 addr=076d7418 data=165a95f61a8605dd id=12
[2025000] AXI S0_WVALID_RDY HANDSHAKE
[2025000] S0 MEMORY WRITE beat=103 addr=076d7458 data=d469e712d8579fd5 id=12
[2035000] AXI S0_WVALID_RDY HANDSHAKE
[2035000] S0 MEMORY WRITE beat=104 addr=076d7498 data=b34ad154ce4d70b3 id=12
[2045000] SLAVE0 sent B resp, id=2
[2055000] [SLAVE MONITOR] mst_id=1 s_id=0 awaddr=76d5a98 awid=10 awlen=104 awsize=6 awburst=1 wdata=[d95546b5e4722bae fd41008aef6d111b f85abc6e851ea4ae e990d05d26d68ccf 16439dead1b00324 d6cea7d2e6d1d0e7 8da85db68e9e5a58 e04e5d7cc05f782f 27314917a3ebfba0 328a55f9371d054f f77c7d7eb4d9a6cd d8c5a26e92d8b375 c9f5b8c49eadc695 d3876d630b4ff867 9e28abdcc1723643 e01ffcd82c4d0fd1 379d0838e81e64a1 29909ae4b3a76a3b dff47a0cd5c5b414 bde418b589b097bc 3d5801f897918244 ed573659e774b399 f1254b569d4c7c04 34ddfe49ab3b4f0e 12b002a82e7d4d4e cbc9c952223534a2 cd7083b003d54dfe 32529b4c80a7c79b a2dcfc3de0208658 e3f5d456fe1c649e fec42c3af04d7fee d06e064696486fa2 1464d441a1a12877 91eea8653463da9d caac4a3f1329007b b4ca28f2e25caeac 16c08949df111e80 f23a1efbc6b8d158 29158004e16cd388 c07df209270447ee edbd19463fd6094d a142dcd5b2b81104 d9bc58f216d2994a d6a8a297e1c0cede 1478dfe3c7797238 de4c0b82f7eb7f6c d9ac4e4bee3538d5 35aeab0eb4f4ae19 2ce02d86ee252e2e dc5a670393fab690 c8ef64aa068c7bd1 f4b1a9ff92091211 2603c8a2f5cf9230 fc5c0e01d10c1102 e3152314eef32d4c e4c2bf7cf10db800 c219c9020918ebb6 f80c1902e11ecd7d d22c857da52eec16 ae47d7ccdcced87e 3deda5fb94464e7f 39753a96a653f0ce 8322c94c101a2b78 a46079f7e7bd1262 e110331c1106f47 d12a9abfddd5b48d c592c6f09133cc7d d2443bc5f58b14b7 d360c944d3a3ca21 e4d7969ea36ed684 98f9eb3b98f39034 ec975a55b71bd263 da8aa8e8ec5ab480 854e44b4d16ef0f4 888ac357f3849423 dfdf48a3f1e59f0a c3548ffee3156c3f d69a0063e52d8d58 d7132c62cbdf5355 2ef4bf95b6794906 9ba6d65e1a67bc60 e6470fb5058ebff8 bc0808fef2ba02c0 8d21bf20953bcf4a 9aca8f42d7aedf5d ca68e21df368ced6 88a49e20d6d29841 2e81779ed78aa13e caf37014236f2d63 fa41c5a4f8ea59bb d074faf9d3980e34 f7073b9728c33d42 a1ad96fd9b686b0d ef007942f149013b 9a0c3e7df22291f7 8d8afd04e607b4d9 d750b6153bb9d57b 2ddc6772fc8b7646 e2932b20f15cf492 ad16ca0dbb676476 37f2dabd39e3e135 ab40d5c7daf3317f 165a95f61a8605dd d469e712d8579fd5 b34ad154ce4d70b3 ] wstrb=[d9 90 4a ae a2 fd 3 7b 8d 4d 2a 2f 4b 2d ab d8 7a d5 8 c5 2 b3 9e 7c 88 a6 42 8a 59 e0 6 e1 86 48 6b df 28 71 c0 ae ba 2b 8d e2 9c 4d 91 56 78 1e 39 15 6c ca 6b e4 e8 a4 f9 54 6e 65 39 57 9 32 ab 78 97 e4 cf a1 17 7a 19 ae 5f e8 4f 76 62 68 24 c1 50 74 37 b3 dc 5c 74 2d d0 ac e0 ac 8 54 d9 d8 0 b9 84 8 e ] bresp=0 bid=10010
[2065000] MASTER 1 RECEIVED BRESP. BRESP=0
[2065000] [MASTER DRIVER] mst_id=1 s_id=0 awaddr=76d5a98 awid=10 awlen=104 awsize=6 awburst=1 wdata=[d95546b5e4722bae fd41008aef6d111b f85abc6e851ea4ae e990d05d26d68ccf 16439dead1b00324 d6cea7d2e6d1d0e7 8da85db68e9e5a58 e04e5d7cc05f782f 27314917a3ebfba0 328a55f9371d054f f77c7d7eb4d9a6cd d8c5a26e92d8b375 c9f5b8c49eadc695 d3876d630b4ff867 9e28abdcc1723643 e01ffcd82c4d0fd1 379d0838e81e64a1 29909ae4b3a76a3b dff47a0cd5c5b414 bde418b589b097bc 3d5801f897918244 ed573659e774b399 f1254b569d4c7c04 34ddfe49ab3b4f0e 12b002a82e7d4d4e cbc9c952223534a2 cd7083b003d54dfe 32529b4c80a7c79b a2dcfc3de0208658 e3f5d456fe1c649e fec42c3af04d7fee d06e064696486fa2 1464d441a1a12877 91eea8653463da9d caac4a3f1329007b b4ca28f2e25caeac 16c08949df111e80 f23a1efbc6b8d158 29158004e16cd388 c07df209270447ee edbd19463fd6094d a142dcd5b2b81104 d9bc58f216d2994a d6a8a297e1c0cede 1478dfe3c7797238 de4c0b82f7eb7f6c d9ac4e4bee3538d5 35aeab0eb4f4ae19 2ce02d86ee252e2e dc5a670393fab690 c8ef64aa068c7bd1 f4b1a9ff92091211 2603c8a2f5cf9230 fc5c0e01d10c1102 e3152314eef32d4c e4c2bf7cf10db800 c219c9020918ebb6 f80c1902e11ecd7d d22c857da52eec16 ae47d7ccdcced87e 3deda5fb94464e7f 39753a96a653f0ce 8322c94c101a2b78 a46079f7e7bd1262 e110331c1106f47 d12a9abfddd5b48d c592c6f09133cc7d d2443bc5f58b14b7 d360c944d3a3ca21 e4d7969ea36ed684 98f9eb3b98f39034 ec975a55b71bd263 da8aa8e8ec5ab480 854e44b4d16ef0f4 888ac357f3849423 dfdf48a3f1e59f0a c3548ffee3156c3f d69a0063e52d8d58 d7132c62cbdf5355 2ef4bf95b6794906 9ba6d65e1a67bc60 e6470fb5058ebff8 bc0808fef2ba02c0 8d21bf20953bcf4a 9aca8f42d7aedf5d ca68e21df368ced6 88a49e20d6d29841 2e81779ed78aa13e caf37014236f2d63 fa41c5a4f8ea59bb d074faf9d3980e34 f7073b9728c33d42 a1ad96fd9b686b0d ef007942f149013b 9a0c3e7df22291f7 8d8afd04e607b4d9 d750b6153bb9d57b 2ddc6772fc8b7646 e2932b20f15cf492 ad16ca0dbb676476 37f2dabd39e3e135 ab40d5c7daf3317f 165a95f61a8605dd d469e712d8579fd5 b34ad154ce4d70b3 ] wstrb=[d9 90 4a ae a2 fd 3 7b 8d 4d 2a 2f 4b 2d ab d8 7a d5 8 c5 2 b3 9e 7c 88 a6 42 8a 59 e0 6 e1 86 48 6b df 28 71 c0 ae ba 2b 8d e2 9c 4d 91 56 78 1e 39 15 6c ca 6b e4 e8 a4 f9 54 6e 65 39 57 9 32 ab 78 97 e4 cf a1 17 7a 19 ae 5f e8 4f 76 62 68 24 c1 50 74 37 b3 dc 5c 74 2d d0 ac e0 ac 8 54 d9 d8 0 b9 84 8 e ] bresp=0 bid=10
[2065000] MASTER 1 B_VALID_RDY Handshake
[2065000] [MASTER MONITOR] mst_id=1 s_id=0 awaddr=76d5a98 awid=10 awlen=104 awsize=6 awburst=1 wdata=[d95546b5e4722bae fd41008aef6d111b f85abc6e851ea4ae e990d05d26d68ccf 16439dead1b00324 d6cea7d2e6d1d0e7 8da85db68e9e5a58 e04e5d7cc05f782f 27314917a3ebfba0 328a55f9371d054f f77c7d7eb4d9a6cd d8c5a26e92d8b375 c9f5b8c49eadc695 d3876d630b4ff867 9e28abdcc1723643 e01ffcd82c4d0fd1 379d0838e81e64a1 29909ae4b3a76a3b dff47a0cd5c5b414 bde418b589b097bc 3d5801f897918244 ed573659e774b399 f1254b569d4c7c04 34ddfe49ab3b4f0e 12b002a82e7d4d4e cbc9c952223534a2 cd7083b003d54dfe 32529b4c80a7c79b a2dcfc3de0208658 e3f5d456fe1c649e fec42c3af04d7fee d06e064696486fa2 1464d441a1a12877 91eea8653463da9d caac4a3f1329007b b4ca28f2e25caeac 16c08949df111e80 f23a1efbc6b8d158 29158004e16cd388 c07df209270447ee edbd19463fd6094d a142dcd5b2b81104 d9bc58f216d2994a d6a8a297e1c0cede 1478dfe3c7797238 de4c0b82f7eb7f6c d9ac4e4bee3538d5 35aeab0eb4f4ae19 2ce02d86ee252e2e dc5a670393fab690 c8ef64aa068c7bd1 f4b1a9ff92091211 2603c8a2f5cf9230 fc5c0e01d10c1102 e3152314eef32d4c e4c2bf7cf10db800 c219c9020918ebb6 f80c1902e11ecd7d d22c857da52eec16 ae47d7ccdcced87e 3deda5fb94464e7f 39753a96a653f0ce 8322c94c101a2b78 a46079f7e7bd1262 e110331c1106f47 d12a9abfddd5b48d c592c6f09133cc7d d2443bc5f58b14b7 d360c944d3a3ca21 e4d7969ea36ed684 98f9eb3b98f39034 ec975a55b71bd263 da8aa8e8ec5ab480 854e44b4d16ef0f4 888ac357f3849423 dfdf48a3f1e59f0a c3548ffee3156c3f d69a0063e52d8d58 d7132c62cbdf5355 2ef4bf95b6794906 9ba6d65e1a67bc60 e6470fb5058ebff8 bc0808fef2ba02c0 8d21bf20953bcf4a 9aca8f42d7aedf5d ca68e21df368ced6 88a49e20d6d29841 2e81779ed78aa13e caf37014236f2d63 fa41c5a4f8ea59bb d074faf9d3980e34 f7073b9728c33d42 a1ad96fd9b686b0d ef007942f149013b 9a0c3e7df22291f7 8d8afd04e607b4d9 d750b6153bb9d57b 2ddc6772fc8b7646 e2932b20f15cf492 ad16ca0dbb676476 37f2dabd39e3e135 ab40d5c7daf3317f 165a95f61a8605dd d469e712d8579fd5 b34ad154ce4d70b3 ] wstrb=[d9 90 4a ae a2 fd 3 7b 8d 4d 2a 2f 4b 2d ab d8 7a d5 8 c5 2 b3 9e 7c 88 a6 42 8a 59 e0 6 e1 86 48 6b df 28 71 c0 ae ba 2b 8d e2 9c 4d 91 56 78 1e 39 15 6c ca 6b e4 e8 a4 f9 54 6e 65 39 57 9 32 ab 78 97 e4 cf a1 17 7a 19 ae 5f e8 4f 76 62 68 24 c1 50 74 37 b3 dc 5c 74 2d d0 ac e0 ac 8 54 d9 d8 0 b9 84 8 e ] bresp=0 bid=10
[2065000] SCOREBOARD MATCH: decode_err expected = 0, actual =0
[2065000] SCOREBOARD MATCH: slave_id expected = 0, actual =0
[2065000] SCOREBOARD MATCH: awaddr passthrough expected = 76d5a98, actual =76d5a98
[2065000] SCOREBOARD MATCH: awlen passthrough expected = 104, actual =104
[2065000] SCOREBOARD MATCH: awsize passthrough expected = 6, actual =6
[2065000] SCOREBOARD MATCH: awburst passthrough expected = 1, actual =1
[2065000] SCOREBOARD MATCH: wdata size check expected = 69, actual =69
[2065000] SCOREBOARD MATCH: wdata passthrough beat=0 expected = d95546b5e4722bae, actual =d95546b5e4722bae
[2065000] SCOREBOARD MATCH: wdata passthrough beat=1 expected = fd41008aef6d111b, actual =fd41008aef6d111b
[2065000] SCOREBOARD MATCH: wdata passthrough beat=2 expected = f85abc6e851ea4ae, actual =f85abc6e851ea4ae
[2065000] SCOREBOARD MATCH: wdata passthrough beat=3 expected = e990d05d26d68ccf, actual =e990d05d26d68ccf
[2065000] SCOREBOARD MATCH: wdata passthrough beat=4 expected = 16439dead1b00324, actual =16439dead1b00324
[2065000] SCOREBOARD MATCH: wdata passthrough beat=5 expected = d6cea7d2e6d1d0e7, actual =d6cea7d2e6d1d0e7
[2065000] SCOREBOARD MATCH: wdata passthrough beat=6 expected = 8da85db68e9e5a58, actual =8da85db68e9e5a58
[2065000] SCOREBOARD MATCH: wdata passthrough beat=7 expected = e04e5d7cc05f782f, actual =e04e5d7cc05f782f
[2065000] SCOREBOARD MATCH: wdata passthrough beat=8 expected = 27314917a3ebfba0, actual =27314917a3ebfba0
[2065000] SCOREBOARD MATCH: wdata passthrough beat=9 expected = 328a55f9371d054f, actual =328a55f9371d054f
[2065000] SCOREBOARD MATCH: wdata passthrough beat=10 expected = f77c7d7eb4d9a6cd, actual =f77c7d7eb4d9a6cd
[2065000] SCOREBOARD MATCH: wdata passthrough beat=11 expected = d8c5a26e92d8b375, actual =d8c5a26e92d8b375
[2065000] SCOREBOARD MATCH: wdata passthrough beat=12 expected = c9f5b8c49eadc695, actual =c9f5b8c49eadc695
[2065000] SCOREBOARD MATCH: wdata passthrough beat=13 expected = d3876d630b4ff867, actual =d3876d630b4ff867
[2065000] SCOREBOARD MATCH: wdata passthrough beat=14 expected = 9e28abdcc1723643, actual =9e28abdcc1723643
[2065000] SCOREBOARD MATCH: wdata passthrough beat=15 expected = e01ffcd82c4d0fd1, actual =e01ffcd82c4d0fd1
[2065000] SCOREBOARD MATCH: wdata passthrough beat=16 expected = 379d0838e81e64a1, actual =379d0838e81e64a1
[2065000] SCOREBOARD MATCH: wdata passthrough beat=17 expected = 29909ae4b3a76a3b, actual =29909ae4b3a76a3b
[2065000] SCOREBOARD MATCH: wdata passthrough beat=18 expected = dff47a0cd5c5b414, actual =dff47a0cd5c5b414
[2065000] SCOREBOARD MATCH: wdata passthrough beat=19 expected = bde418b589b097bc, actual =bde418b589b097bc
[2065000] SCOREBOARD MATCH: wdata passthrough beat=20 expected = 3d5801f897918244, actual =3d5801f897918244
[2065000] SCOREBOARD MATCH: wdata passthrough beat=21 expected = ed573659e774b399, actual =ed573659e774b399
[2065000] SCOREBOARD MATCH: wdata passthrough beat=22 expected = f1254b569d4c7c04, actual =f1254b569d4c7c04
[2065000] SCOREBOARD MATCH: wdata passthrough beat=23 expected = 34ddfe49ab3b4f0e, actual =34ddfe49ab3b4f0e
[2065000] SCOREBOARD MATCH: wdata passthrough beat=24 expected = 12b002a82e7d4d4e, actual =12b002a82e7d4d4e
[2065000] SCOREBOARD MATCH: wdata passthrough beat=25 expected = cbc9c952223534a2, actual =cbc9c952223534a2
[2065000] SCOREBOARD MATCH: wdata passthrough beat=26 expected = cd7083b003d54dfe, actual =cd7083b003d54dfe
[2065000] SCOREBOARD MATCH: wdata passthrough beat=27 expected = 32529b4c80a7c79b, actual =32529b4c80a7c79b
[2065000] SCOREBOARD MATCH: wdata passthrough beat=28 expected = a2dcfc3de0208658, actual =a2dcfc3de0208658
[2065000] SCOREBOARD MATCH: wdata passthrough beat=29 expected = e3f5d456fe1c649e, actual =e3f5d456fe1c649e
[2065000] SCOREBOARD MATCH: wdata passthrough beat=30 expected = fec42c3af04d7fee, actual =fec42c3af04d7fee
[2065000] SCOREBOARD MATCH: wdata passthrough beat=31 expected = d06e064696486fa2, actual =d06e064696486fa2
[2065000] SCOREBOARD MATCH: wdata passthrough beat=32 expected = 1464d441a1a12877, actual =1464d441a1a12877
[2065000] SCOREBOARD MATCH: wdata passthrough beat=33 expected = 91eea8653463da9d, actual =91eea8653463da9d
[2065000] SCOREBOARD MATCH: wdata passthrough beat=34 expected = caac4a3f1329007b, actual =caac4a3f1329007b
[2065000] SCOREBOARD MATCH: wdata passthrough beat=35 expected = b4ca28f2e25caeac, actual =b4ca28f2e25caeac
[2065000] SCOREBOARD MATCH: wdata passthrough beat=36 expected = 16c08949df111e80, actual =16c08949df111e80
[2065000] SCOREBOARD MATCH: wdata passthrough beat=37 expected = f23a1efbc6b8d158, actual =f23a1efbc6b8d158
[2065000] SCOREBOARD MATCH: wdata passthrough beat=38 expected = 29158004e16cd388, actual =29158004e16cd388
[2065000] SCOREBOARD MATCH: wdata passthrough beat=39 expected = c07df209270447ee, actual =c07df209270447ee
[2065000] SCOREBOARD MATCH: wdata passthrough beat=40 expected = edbd19463fd6094d, actual =edbd19463fd6094d
[2065000] SCOREBOARD MATCH: wdata passthrough beat=41 expected = a142dcd5b2b81104, actual =a142dcd5b2b81104
[2065000] SCOREBOARD MATCH: wdata passthrough beat=42 expected = d9bc58f216d2994a, actual =d9bc58f216d2994a
[2065000] SCOREBOARD MATCH: wdata passthrough beat=43 expected = d6a8a297e1c0cede, actual =d6a8a297e1c0cede
[2065000] SCOREBOARD MATCH: wdata passthrough beat=44 expected = 1478dfe3c7797238, actual =1478dfe3c7797238
[2065000] SCOREBOARD MATCH: wdata passthrough beat=45 expected = de4c0b82f7eb7f6c, actual =de4c0b82f7eb7f6c
[2065000] SCOREBOARD MATCH: wdata passthrough beat=46 expected = d9ac4e4bee3538d5, actual =d9ac4e4bee3538d5
[2065000] SCOREBOARD MATCH: wdata passthrough beat=47 expected = 35aeab0eb4f4ae19, actual =35aeab0eb4f4ae19
[2065000] SCOREBOARD MATCH: wdata passthrough beat=48 expected = 2ce02d86ee252e2e, actual =2ce02d86ee252e2e
[2065000] SCOREBOARD MATCH: wdata passthrough beat=49 expected = dc5a670393fab690, actual =dc5a670393fab690
[2065000] SCOREBOARD MATCH: wdata passthrough beat=50 expected = c8ef64aa068c7bd1, actual =c8ef64aa068c7bd1
[2065000] SCOREBOARD MATCH: wdata passthrough beat=51 expected = f4b1a9ff92091211, actual =f4b1a9ff92091211
[2065000] SCOREBOARD MATCH: wdata passthrough beat=52 expected = 2603c8a2f5cf9230, actual =2603c8a2f5cf9230
[2065000] SCOREBOARD MATCH: wdata passthrough beat=53 expected = fc5c0e01d10c1102, actual =fc5c0e01d10c1102
[2065000] SCOREBOARD MATCH: wdata passthrough beat=54 expected = e3152314eef32d4c, actual =e3152314eef32d4c
[2065000] SCOREBOARD MATCH: wdata passthrough beat=55 expected = e4c2bf7cf10db800, actual =e4c2bf7cf10db800
[2065000] SCOREBOARD MATCH: wdata passthrough beat=56 expected = c219c9020918ebb6, actual =c219c9020918ebb6
[2065000] SCOREBOARD MATCH: wdata passthrough beat=57 expected = f80c1902e11ecd7d, actual =f80c1902e11ecd7d
[2065000] SCOREBOARD MATCH: wdata passthrough beat=58 expected = d22c857da52eec16, actual =d22c857da52eec16
[2065000] SCOREBOARD MATCH: wdata passthrough beat=59 expected = ae47d7ccdcced87e, actual =ae47d7ccdcced87e
[2065000] SCOREBOARD MATCH: wdata passthrough beat=60 expected = 3deda5fb94464e7f, actual =3deda5fb94464e7f
[2065000] SCOREBOARD MATCH: wdata passthrough beat=61 expected = 39753a96a653f0ce, actual =39753a96a653f0ce
[2065000] SCOREBOARD MATCH: wdata passthrough beat=62 expected = 8322c94c101a2b78, actual =8322c94c101a2b78
[2065000] SCOREBOARD MATCH: wdata passthrough beat=63 expected = a46079f7e7bd1262, actual =a46079f7e7bd1262
[2065000] SCOREBOARD MATCH: wdata passthrough beat=64 expected = e110331c1106f47, actual =e110331c1106f47
[2065000] SCOREBOARD MATCH: wdata passthrough beat=65 expected = d12a9abfddd5b48d, actual =d12a9abfddd5b48d
[2065000] SCOREBOARD MATCH: wdata passthrough beat=66 expected = c592c6f09133cc7d, actual =c592c6f09133cc7d
[2065000] SCOREBOARD MATCH: wdata passthrough beat=67 expected = d2443bc5f58b14b7, actual =d2443bc5f58b14b7
[2065000] SCOREBOARD MATCH: wdata passthrough beat=68 expected = d360c944d3a3ca21, actual =d360c944d3a3ca21
[2065000] SCOREBOARD MATCH: wdata passthrough beat=69 expected = e4d7969ea36ed684, actual =e4d7969ea36ed684
[2065000] SCOREBOARD MATCH: wdata passthrough beat=70 expected = 98f9eb3b98f39034, actual =98f9eb3b98f39034
[2065000] SCOREBOARD MATCH: wdata passthrough beat=71 expected = ec975a55b71bd263, actual =ec975a55b71bd263
[2065000] SCOREBOARD MATCH: wdata passthrough beat=72 expected = da8aa8e8ec5ab480, actual =da8aa8e8ec5ab480
[2065000] SCOREBOARD MATCH: wdata passthrough beat=73 expected = 854e44b4d16ef0f4, actual =854e44b4d16ef0f4
[2065000] SCOREBOARD MATCH: wdata passthrough beat=74 expected = 888ac357f3849423, actual =888ac357f3849423
[2065000] SCOREBOARD MATCH: wdata passthrough beat=75 expected = dfdf48a3f1e59f0a, actual =dfdf48a3f1e59f0a
[2065000] SCOREBOARD MATCH: wdata passthrough beat=76 expected = c3548ffee3156c3f, actual =c3548ffee3156c3f
[2065000] SCOREBOARD MATCH: wdata passthrough beat=77 expected = d69a0063e52d8d58, actual =d69a0063e52d8d58
[2065000] SCOREBOARD MATCH: wdata passthrough beat=78 expected = d7132c62cbdf5355, actual =d7132c62cbdf5355
[2065000] SCOREBOARD MATCH: wdata passthrough beat=79 expected = 2ef4bf95b6794906, actual =2ef4bf95b6794906
[2065000] SCOREBOARD MATCH: wdata passthrough beat=80 expected = 9ba6d65e1a67bc60, actual =9ba6d65e1a67bc60
[2065000] SCOREBOARD MATCH: wdata passthrough beat=81 expected = e6470fb5058ebff8, actual =e6470fb5058ebff8
[2065000] SCOREBOARD MATCH: wdata passthrough beat=82 expected = bc0808fef2ba02c0, actual =bc0808fef2ba02c0
[2065000] SCOREBOARD MATCH: wdata passthrough beat=83 expected = 8d21bf20953bcf4a, actual =8d21bf20953bcf4a
[2065000] SCOREBOARD MATCH: wdata passthrough beat=84 expected = 9aca8f42d7aedf5d, actual =9aca8f42d7aedf5d
[2065000] SCOREBOARD MATCH: wdata passthrough beat=85 expected = ca68e21df368ced6, actual =ca68e21df368ced6
[2065000] SCOREBOARD MATCH: wdata passthrough beat=86 expected = 88a49e20d6d29841, actual =88a49e20d6d29841
[2065000] SCOREBOARD MATCH: wdata passthrough beat=87 expected = 2e81779ed78aa13e, actual =2e81779ed78aa13e
[2065000] SCOREBOARD MATCH: wdata passthrough beat=88 expected = caf37014236f2d63, actual =caf37014236f2d63
[2065000] SCOREBOARD MATCH: wdata passthrough beat=89 expected = fa41c5a4f8ea59bb, actual =fa41c5a4f8ea59bb
[2065000] SCOREBOARD MATCH: wdata passthrough beat=90 expected = d074faf9d3980e34, actual =d074faf9d3980e34
[2065000] SCOREBOARD MATCH: wdata passthrough beat=91 expected = f7073b9728c33d42, actual =f7073b9728c33d42
[2065000] SCOREBOARD MATCH: wdata passthrough beat=92 expected = a1ad96fd9b686b0d, actual =a1ad96fd9b686b0d
[2065000] SCOREBOARD MATCH: wdata passthrough beat=93 expected = ef007942f149013b, actual =ef007942f149013b
[2065000] SCOREBOARD MATCH: wdata passthrough beat=94 expected = 9a0c3e7df22291f7, actual =9a0c3e7df22291f7
[2065000] SCOREBOARD MATCH: wdata passthrough beat=95 expected = 8d8afd04e607b4d9, actual =8d8afd04e607b4d9
[2065000] SCOREBOARD MATCH: wdata passthrough beat=96 expected = d750b6153bb9d57b, actual =d750b6153bb9d57b
[2065000] SCOREBOARD MATCH: wdata passthrough beat=97 expected = 2ddc6772fc8b7646, actual =2ddc6772fc8b7646
[2065000] SCOREBOARD MATCH: wdata passthrough beat=98 expected = e2932b20f15cf492, actual =e2932b20f15cf492
[2065000] SCOREBOARD MATCH: wdata passthrough beat=99 expected = ad16ca0dbb676476, actual =ad16ca0dbb676476
[2065000] SCOREBOARD MATCH: wdata passthrough beat=100 expected = 37f2dabd39e3e135, actual =37f2dabd39e3e135
[2065000] SCOREBOARD MATCH: wdata passthrough beat=101 expected = ab40d5c7daf3317f, actual =ab40d5c7daf3317f
[2065000] SCOREBOARD MATCH: wdata passthrough beat=102 expected = 165a95f61a8605dd, actual =165a95f61a8605dd
[2065000] SCOREBOARD MATCH: wdata passthrough beat=103 expected = d469e712d8579fd5, actual =d469e712d8579fd5
[2065000] SCOREBOARD MATCH: wdata passthrough beat=104 expected = b34ad154ce4d70b3, actual =b34ad154ce4d70b3
[2065000] SCOREBOARD MATCH: wstrb size check expected = 69, actual =69
[2065000] SCOREBOARD MATCH: wstrb passthrough beat=0 expected = d9, actual =d9
[2065000] SCOREBOARD MATCH: wstrb passthrough beat=1 expected = 90, actual =90
[2065000] SCOREBOARD MATCH: wstrb passthrough beat=2 expected = 4a, actual =4a
[2065000] SCOREBOARD MATCH: wstrb passthrough beat=3 expected = ae, actual =ae
[2065000] SCOREBOARD MATCH: wstrb passthrough beat=4 expected = a2, actual =a2
[2065000] SCOREBOARD MATCH: wstrb passthrough beat=5 expected = fd, actual =fd
[2065000] SCOREBOARD MATCH: wstrb passthrough beat=6 expected = 3, actual =3
[2065000] SCOREBOARD MATCH: wstrb passthrough beat=7 expected = 7b, actual =7b
[2065000] SCOREBOARD MATCH: wstrb passthrough beat=8 expected = 8d, actual =8d
[2065000] SCOREBOARD MATCH: wstrb passthrough beat=9 expected = 4d, actual =4d
[2065000] SCOREBOARD MATCH: wstrb passthrough beat=10 expected = 2a, actual =2a
[2065000] SCOREBOARD MATCH: wstrb passthrough beat=11 expected = 2f, actual =2f
[2065000] SCOREBOARD MATCH: wstrb passthrough beat=12 expected = 4b, actual =4b
[2065000] SCOREBOARD MATCH: wstrb passthrough beat=13 expected = 2d, actual =2d
[2065000] SCOREBOARD MATCH: wstrb passthrough beat=14 expected = ab, actual =ab
[2065000] SCOREBOARD MATCH: wstrb passthrough beat=15 expected = d8, actual =d8
[2065000] SCOREBOARD MATCH: wstrb passthrough beat=16 expected = 7a, actual =7a
[2065000] SCOREBOARD MATCH: wstrb passthrough beat=17 expected = d5, actual =d5
[2065000] SCOREBOARD MATCH: wstrb passthrough beat=18 expected = 8, actual =8
[2065000] SCOREBOARD MATCH: wstrb passthrough beat=19 expected = c5, actual =c5
[2065000] SCOREBOARD MATCH: wstrb passthrough beat=20 expected = 2, actual =2
[2065000] SCOREBOARD MATCH: wstrb passthrough beat=21 expected = b3, actual =b3
[2065000] SCOREBOARD MATCH: wstrb passthrough beat=22 expected = 9e, actual =9e
[2065000] SCOREBOARD MATCH: wstrb passthrough beat=23 expected = 7c, actual =7c
[2065000] SCOREBOARD MATCH: wstrb passthrough beat=24 expected = 88, actual =88
[2065000] SCOREBOARD MATCH: wstrb passthrough beat=25 expected = a6, actual =a6
[2065000] SCOREBOARD MATCH: wstrb passthrough beat=26 expected = 42, actual =42
[2065000] SCOREBOARD MATCH: wstrb passthrough beat=27 expected = 8a, actual =8a
[2065000] SCOREBOARD MATCH: wstrb passthrough beat=28 expected = 59, actual =59
[2065000] SCOREBOARD MATCH: wstrb passthrough beat=29 expected = e0, actual =e0
[2065000] SCOREBOARD MATCH: wstrb passthrough beat=30 expected = 6, actual =6
[2065000] SCOREBOARD MATCH: wstrb passthrough beat=31 expected = e1, actual =e1
[2065000] SCOREBOARD MATCH: wstrb passthrough beat=32 expected = 86, actual =86
[2065000] SCOREBOARD MATCH: wstrb passthrough beat=33 expected = 48, actual =48
[2065000] SCOREBOARD MATCH: wstrb passthrough beat=34 expected = 6b, actual =6b
[2065000] SCOREBOARD MATCH: wstrb passthrough beat=35 expected = df, actual =df
[2065000] SCOREBOARD MATCH: wstrb passthrough beat=36 expected = 28, actual =28
[2065000] SCOREBOARD MATCH: wstrb passthrough beat=37 expected = 71, actual =71
[2065000] SCOREBOARD MATCH: wstrb passthrough beat=38 expected = c0, actual =c0
[2065000] SCOREBOARD MATCH: wstrb passthrough beat=39 expected = ae, actual =ae
[2065000] SCOREBOARD MATCH: wstrb passthrough beat=40 expected = ba, actual =ba
[2065000] SCOREBOARD MATCH: wstrb passthrough beat=41 expected = 2b, actual =2b
[2065000] SCOREBOARD MATCH: wstrb passthrough beat=42 expected = 8d, actual =8d
[2065000] SCOREBOARD MATCH: wstrb passthrough beat=43 expected = e2, actual =e2
[2065000] SCOREBOARD MATCH: wstrb passthrough beat=44 expected = 9c, actual =9c
[2065000] SCOREBOARD MATCH: wstrb passthrough beat=45 expected = 4d, actual =4d
[2065000] SCOREBOARD MATCH: wstrb passthrough beat=46 expected = 91, actual =91
[2065000] SCOREBOARD MATCH: wstrb passthrough beat=47 expected = 56, actual =56
[2065000] SCOREBOARD MATCH: wstrb passthrough beat=48 expected = 78, actual =78
[2065000] SCOREBOARD MATCH: wstrb passthrough beat=49 expected = 1e, actual =1e
[2065000] SCOREBOARD MATCH: wstrb passthrough beat=50 expected = 39, actual =39
[2065000] SCOREBOARD MATCH: wstrb passthrough beat=51 expected = 15, actual =15
[2065000] SCOREBOARD MATCH: wstrb passthrough beat=52 expected = 6c, actual =6c
[2065000] SCOREBOARD MATCH: wstrb passthrough beat=53 expected = ca, actual =ca
[2065000] SCOREBOARD MATCH: wstrb passthrough beat=54 expected = 6b, actual =6b
[2065000] SCOREBOARD MATCH: wstrb passthrough beat=55 expected = e4, actual =e4
[2065000] SCOREBOARD MATCH: wstrb passthrough beat=56 expected = e8, actual =e8
[2065000] SCOREBOARD MATCH: wstrb passthrough beat=57 expected = a4, actual =a4
[2065000] SCOREBOARD MATCH: wstrb passthrough beat=58 expected = f9, actual =f9
[2065000] SCOREBOARD MATCH: wstrb passthrough beat=59 expected = 54, actual =54
[2065000] SCOREBOARD MATCH: wstrb passthrough beat=60 expected = 6e, actual =6e
[2065000] SCOREBOARD MATCH: wstrb passthrough beat=61 expected = 65, actual =65
[2065000] SCOREBOARD MATCH: wstrb passthrough beat=62 expected = 39, actual =39
[2065000] SCOREBOARD MATCH: wstrb passthrough beat=63 expected = 57, actual =57
[2065000] SCOREBOARD MATCH: wstrb passthrough beat=64 expected = 9, actual =9
[2065000] SCOREBOARD MATCH: wstrb passthrough beat=65 expected = 32, actual =32
[2065000] SCOREBOARD MATCH: wstrb passthrough beat=66 expected = ab, actual =ab
[2065000] SCOREBOARD MATCH: wstrb passthrough beat=67 expected = 78, actual =78
[2065000] SCOREBOARD MATCH: wstrb passthrough beat=68 expected = 97, actual =97
[2065000] SCOREBOARD MATCH: wstrb passthrough beat=69 expected = e4, actual =e4
[2065000] SCOREBOARD MATCH: wstrb passthrough beat=70 expected = cf, actual =cf
[2065000] SCOREBOARD MATCH: wstrb passthrough beat=71 expected = a1, actual =a1
[2065000] SCOREBOARD MATCH: wstrb passthrough beat=72 expected = 17, actual =17
[2065000] SCOREBOARD MATCH: wstrb passthrough beat=73 expected = 7a, actual =7a
[2065000] SCOREBOARD MATCH: wstrb passthrough beat=74 expected = 19, actual =19
[2065000] SCOREBOARD MATCH: wstrb passthrough beat=75 expected = ae, actual =ae
[2065000] SCOREBOARD MATCH: wstrb passthrough beat=76 expected = 5f, actual =5f
[2065000] SCOREBOARD MATCH: wstrb passthrough beat=77 expected = e8, actual =e8
[2065000] SCOREBOARD MATCH: wstrb passthrough beat=78 expected = 4f, actual =4f
[2065000] SCOREBOARD MATCH: wstrb passthrough beat=79 expected = 76, actual =76
[2065000] SCOREBOARD MATCH: wstrb passthrough beat=80 expected = 62, actual =62
[2065000] SCOREBOARD MATCH: wstrb passthrough beat=81 expected = 68, actual =68
[2065000] SCOREBOARD MATCH: wstrb passthrough beat=82 expected = 24, actual =24
[2065000] SCOREBOARD MATCH: wstrb passthrough beat=83 expected = c1, actual =c1
[2065000] SCOREBOARD MATCH: wstrb passthrough beat=84 expected = 50, actual =50
[2065000] SCOREBOARD MATCH: wstrb passthrough beat=85 expected = 74, actual =74
[2065000] SCOREBOARD MATCH: wstrb passthrough beat=86 expected = 37, actual =37
[2065000] SCOREBOARD MATCH: wstrb passthrough beat=87 expected = b3, actual =b3
[2065000] SCOREBOARD MATCH: wstrb passthrough beat=88 expected = dc, actual =dc
[2065000] SCOREBOARD MATCH: wstrb passthrough beat=89 expected = 5c, actual =5c
[2065000] SCOREBOARD MATCH: wstrb passthrough beat=90 expected = 74, actual =74
[2065000] SCOREBOARD MATCH: wstrb passthrough beat=91 expected = 2d, actual =2d
[2065000] SCOREBOARD MATCH: wstrb passthrough beat=92 expected = d0, actual =d0
[2065000] SCOREBOARD MATCH: wstrb passthrough beat=93 expected = ac, actual =ac
[2065000] SCOREBOARD MATCH: wstrb passthrough beat=94 expected = e0, actual =e0
[2065000] SCOREBOARD MATCH: wstrb passthrough beat=95 expected = ac, actual =ac
[2065000] SCOREBOARD MATCH: wstrb passthrough beat=96 expected = 8, actual =8
[2065000] SCOREBOARD MATCH: wstrb passthrough beat=97 expected = 54, actual =54
[2065000] SCOREBOARD MATCH: wstrb passthrough beat=98 expected = d9, actual =d9
[2065000] SCOREBOARD MATCH: wstrb passthrough beat=99 expected = d8, actual =d8
[2065000] SCOREBOARD MATCH: wstrb passthrough beat=100 expected = 0, actual =0
[2065000] SCOREBOARD MATCH: wstrb passthrough beat=101 expected = b9, actual =b9
[2065000] SCOREBOARD MATCH: wstrb passthrough beat=102 expected = 84, actual =84
[2065000] SCOREBOARD MATCH: wstrb passthrough beat=103 expected = 8, actual =8
[2065000] SCOREBOARD MATCH: wstrb passthrough beat=104 expected = e, actual =e
[2065000] SCOREBOARD MATCH: bresp passthrough expected = 0, actual =0
[2065000] SCOREBOARD MATCH: response routed to correct master (write) expected = 1, actual =1
[2065000] [SCOREBOARD-M] mst_id=1 s_id=0 awaddr=76d5a98 awid=10 awlen=104 awsize=6 awburst=1 wdata=[d95546b5e4722bae fd41008aef6d111b f85abc6e851ea4ae e990d05d26d68ccf 16439dead1b00324 d6cea7d2e6d1d0e7 8da85db68e9e5a58 e04e5d7cc05f782f 27314917a3ebfba0 328a55f9371d054f f77c7d7eb4d9a6cd d8c5a26e92d8b375 c9f5b8c49eadc695 d3876d630b4ff867 9e28abdcc1723643 e01ffcd82c4d0fd1 379d0838e81e64a1 29909ae4b3a76a3b dff47a0cd5c5b414 bde418b589b097bc 3d5801f897918244 ed573659e774b399 f1254b569d4c7c04 34ddfe49ab3b4f0e 12b002a82e7d4d4e cbc9c952223534a2 cd7083b003d54dfe 32529b4c80a7c79b a2dcfc3de0208658 e3f5d456fe1c649e fec42c3af04d7fee d06e064696486fa2 1464d441a1a12877 91eea8653463da9d caac4a3f1329007b b4ca28f2e25caeac 16c08949df111e80 f23a1efbc6b8d158 29158004e16cd388 c07df209270447ee edbd19463fd6094d a142dcd5b2b81104 d9bc58f216d2994a d6a8a297e1c0cede 1478dfe3c7797238 de4c0b82f7eb7f6c d9ac4e4bee3538d5 35aeab0eb4f4ae19 2ce02d86ee252e2e dc5a670393fab690 c8ef64aa068c7bd1 f4b1a9ff92091211 2603c8a2f5cf9230 fc5c0e01d10c1102 e3152314eef32d4c e4c2bf7cf10db800 c219c9020918ebb6 f80c1902e11ecd7d d22c857da52eec16 ae47d7ccdcced87e 3deda5fb94464e7f 39753a96a653f0ce 8322c94c101a2b78 a46079f7e7bd1262 e110331c1106f47 d12a9abfddd5b48d c592c6f09133cc7d d2443bc5f58b14b7 d360c944d3a3ca21 e4d7969ea36ed684 98f9eb3b98f39034 ec975a55b71bd263 da8aa8e8ec5ab480 854e44b4d16ef0f4 888ac357f3849423 dfdf48a3f1e59f0a c3548ffee3156c3f d69a0063e52d8d58 d7132c62cbdf5355 2ef4bf95b6794906 9ba6d65e1a67bc60 e6470fb5058ebff8 bc0808fef2ba02c0 8d21bf20953bcf4a 9aca8f42d7aedf5d ca68e21df368ced6 88a49e20d6d29841 2e81779ed78aa13e caf37014236f2d63 fa41c5a4f8ea59bb d074faf9d3980e34 f7073b9728c33d42 a1ad96fd9b686b0d ef007942f149013b 9a0c3e7df22291f7 8d8afd04e607b4d9 d750b6153bb9d57b 2ddc6772fc8b7646 e2932b20f15cf492 ad16ca0dbb676476 37f2dabd39e3e135 ab40d5c7daf3317f 165a95f61a8605dd d469e712d8579fd5 b34ad154ce4d70b3 ] wstrb=[d9 90 4a ae a2 fd 3 7b 8d 4d 2a 2f 4b 2d ab d8 7a d5 8 c5 2 b3 9e 7c 88 a6 42 8a 59 e0 6 e1 86 48 6b df 28 71 c0 ae ba 2b 8d e2 9c 4d 91 56 78 1e 39 15 6c ca 6b e4 e8 a4 f9 54 6e 65 39 57 9 32 ab 78 97 e4 cf a1 17 7a 19 ae 5f e8 4f 76 62 68 24 c1 50 74 37 b3 dc 5c 74 2d d0 ac e0 ac 8 54 d9 d8 0 b9 84 8 e ] bresp=0 bid=10
[2065000] [SCOREBOARD-S] mst_id=1 s_id=0 awaddr=76d5a98 awid=10 awlen=104 awsize=6 awburst=1 wdata=[d95546b5e4722bae fd41008aef6d111b f85abc6e851ea4ae e990d05d26d68ccf 16439dead1b00324 d6cea7d2e6d1d0e7 8da85db68e9e5a58 e04e5d7cc05f782f 27314917a3ebfba0 328a55f9371d054f f77c7d7eb4d9a6cd d8c5a26e92d8b375 c9f5b8c49eadc695 d3876d630b4ff867 9e28abdcc1723643 e01ffcd82c4d0fd1 379d0838e81e64a1 29909ae4b3a76a3b dff47a0cd5c5b414 bde418b589b097bc 3d5801f897918244 ed573659e774b399 f1254b569d4c7c04 34ddfe49ab3b4f0e 12b002a82e7d4d4e cbc9c952223534a2 cd7083b003d54dfe 32529b4c80a7c79b a2dcfc3de0208658 e3f5d456fe1c649e fec42c3af04d7fee d06e064696486fa2 1464d441a1a12877 91eea8653463da9d caac4a3f1329007b b4ca28f2e25caeac 16c08949df111e80 f23a1efbc6b8d158 29158004e16cd388 c07df209270447ee edbd19463fd6094d a142dcd5b2b81104 d9bc58f216d2994a d6a8a297e1c0cede 1478dfe3c7797238 de4c0b82f7eb7f6c d9ac4e4bee3538d5 35aeab0eb4f4ae19 2ce02d86ee252e2e dc5a670393fab690 c8ef64aa068c7bd1 f4b1a9ff92091211 2603c8a2f5cf9230 fc5c0e01d10c1102 e3152314eef32d4c e4c2bf7cf10db800 c219c9020918ebb6 f80c1902e11ecd7d d22c857da52eec16 ae47d7ccdcced87e 3deda5fb94464e7f 39753a96a653f0ce 8322c94c101a2b78 a46079f7e7bd1262 e110331c1106f47 d12a9abfddd5b48d c592c6f09133cc7d d2443bc5f58b14b7 d360c944d3a3ca21 e4d7969ea36ed684 98f9eb3b98f39034 ec975a55b71bd263 da8aa8e8ec5ab480 854e44b4d16ef0f4 888ac357f3849423 dfdf48a3f1e59f0a c3548ffee3156c3f d69a0063e52d8d58 d7132c62cbdf5355 2ef4bf95b6794906 9ba6d65e1a67bc60 e6470fb5058ebff8 bc0808fef2ba02c0 8d21bf20953bcf4a 9aca8f42d7aedf5d ca68e21df368ced6 88a49e20d6d29841 2e81779ed78aa13e caf37014236f2d63 fa41c5a4f8ea59bb d074faf9d3980e34 f7073b9728c33d42 a1ad96fd9b686b0d ef007942f149013b 9a0c3e7df22291f7 8d8afd04e607b4d9 d750b6153bb9d57b 2ddc6772fc8b7646 e2932b20f15cf492 ad16ca0dbb676476 37f2dabd39e3e135 ab40d5c7daf3317f 165a95f61a8605dd d469e712d8579fd5 b34ad154ce4d70b3 ] wstrb=[d9 90 4a ae a2 fd 3 7b 8d 4d 2a 2f 4b 2d ab d8 7a d5 8 c5 2 b3 9e 7c 88 a6 42 8a 59 e0 6 e1 86 48 6b df 28 71 c0 ae ba 2b 8d e2 9c 4d 91 56 78 1e 39 15 6c ca 6b e4 e8 a4 f9 54 6e 65 39 57 9 32 ab 78 97 e4 cf a1 17 7a 19 ae 5f e8 4f 76 62 68 24 c1 50 74 37 b3 dc 5c 74 2d d0 ac e0 ac 8 54 d9 d8 0 b9 84 8 e ] bresp=0 bid=10010
[2065000] SCOREBOARD: Transaction 5 received. pass=470 fail=0
[2065000] SCOREBOARD: Expected 5 transactions completed, PASS=470 FAIL=0
[2065000] ALL PASS. Total transactions: 5
[2065000] ALL TRANSACTIONS MONITORED
$finish called at time : 2085 ns : File "/home/nashita/Desktop/practice/axi_xbar/tb/top/axi_tb_top.sv" Line 220
exit
INFO: xsimkernel Simulation Memory Usage: 289464 KB (Peak: 337864 KB), Simulation CPU Usage: 1180 ms
INFO: [Common 17-206] Exiting xsim at Thu Sep 10 18:39:33 2026...
