#-----------------------------------------------------------
# xsim v2025.2 (64-bit)
# SW Build 6299465 on Fri Nov 14 12:34:56 MST 2025
# IP Build 6300035 on Fri Nov 14 10:48:45 MST 2025
# SharedData Build 6298862 on Thu Nov 13 04:50:51 MST 2025
# Start of session at: Thu Sep 10 18:28:31 2026
# Process ID         : 3628323
# Current directory  : /home/nashita/Desktop/practice/axi_xbar/sim
# Command line       : xsim -log regress_results/BT_run234.log -mode tcl -source {xsim.dir/tb_top_snap/xsim_script.tcl}
# Log file           : /home/nashita/Desktop/practice/axi_xbar/sim/regress_results/BT_run234.log
# Journal file       : /home/nashita/Desktop/practice/axi_xbar/sim/xsim.jou
# Running On         : vlsi-vivado
# Platform           : Ubuntu
# Operating System   : Ubuntu 24.04.4 LTS
# Processor Detail   : Intel(R) Core(TM) i5-10400 CPU @ 2.90GHz
# CPU Frequency      : 3999.920 MHz
# CPU Physical cores : 6
# CPU Logical cores  : 12
# Host memory        : 41875 MB
# Swap memory        : 27648 MB
# Total Virtual      : 69524 MB
# Available Virtual  : 62641 MB
#-----------------------------------------------------------
source xsim.dir/tb_top_snap/xsim_script.tcl
# xsim {tb_top_snap} -testplusarg BT -autoloadwcfg -runall -sv_seed 235
Time resolution is 1 ps
run -all
[0] RUNNING BASE TEST
[0] INSIDE THE BASE TEST CONSTRUCTOR
[0] ENV: before agent
[0] SLAVE CONSTRUCTED
[0] MASTER MONITOR CONSTRUCTED
[0] MASTER MONITOR CONSTRUCTED
[0] SLAVE MONITOR CONSTRUCTED
[0] SLAVE MONITOR CONSTRUCTED
[0] ARB MONITOR CONSTRUCTED
GENERATOR CONSTRUCTED
[0] ENV: after agent
[0] ENV: before scoreboard
[0] ENV: after scoreboard
[15000] [SEQUENCER] mst_id=1 s_id=0 awaddr=c32ef50 awid=1110 awlen=242 awsize=1 awburst=1 wdata=[e00a735503c60221 d11a6cead54b1006 9fcf2571b0e87c47 b4ae7e6818340733 ed7f1739ffd998c7 b0c2150e85c8eb52 9dfcf2858d4e3caa 8d27d571e5709377 eb397ec98b7c09be 18ca46693de9ea80 235a7df70936714f 94b27b0da5f21bda e3dc065a8e93fcc0 97ca6e0fad7cc176 d36edd5187368451 15ca81122c7ce91d d9f9aa93b74ae3ab 3e8167fdad94ef21 da11d83ead6887e4 e4b36b90d44be90f 81e0d830340b82d2 e1740ab62334d38d f780bc9cdbf2b06f ffe3341c6277646 e95c49d3f96194cc d554453bf1723df7 3799b43ee0dd066f da3e9b3ce552787c d6c4b674a0f5fe11 1d30481af92e077 14e558f40e5e6ab2 af5468c3dc119fbd 8ba48034ebaa0f68 fa087a1ab1276d44 8d390d01a089d928 8c33e890a95ce2dd da84502218dd8d36 b967665e863c62aa 2f994588e7bd5d23 809aea59c59b4eef cbd7b1990a1d95aa f1daf2cd3a0250b8 ff9d9fa7fb70f721 858e8ccbf275dd27 2c782ddfcb755140 c6e64862f7697f99 e9df5cc02c15cd86 f78b1ec6cc74d52d c3de54c616578a9f c26d5825be716728 ae63c56adbdb186 c4153c25b9f876eb f869de14cec4911c fc8242a38682944a c07b0b3603501a6a d214ab86c0977ec8 c71a131338e4e94a 3c3503b4ce96ee29 f2e6cf207951e49 c07a07938e49af3a dce09d64d6488005 dddd9e4efcaf0b47 8af8ba81ec0f0a56 c2578a5b1e57a5e1 1b06b128e7d957e5 d3e8623b203528a9 3e8cce8aa5ff6ba9 dd8c38f963fec96 b675153fd9937fb2 ff92eb5be1c125ca f8011261f501e3c9 ce95637b8d6baeea ef2cd4b5ae7627a0 23780b6ace284ed7 db93fdc1e72de716 95a40eb6f20d6ee5 c035bdbccac0d276 b1eeb98cb91c1a20 2b2989061bc9bb7e e68a8df4c792c843 80aee263eb5f46c2 8729024018794781 e00c0fc4abd86b69 1737b22cedb39035 62cd7b6e0baf227 c935d919e60b46c 8c1444a1e638e77a c6f3d9a123cb0fbd c22bc42992411c57 f87a03d1d3873732 f75246efce4008cb e08125223f6ddd73 92f514a5397e0b19 7be13e4d8fb28f4 186906670a475b95 c3c566aee83f3906 c13a61faab5e1b0c b5a576a1cb837a92 b3c2b398d9a36861 501836ef96add4f c4ee57e1f4fd1593 cea07df4baa6fa0f 3411d75ff8b10b7a edae210dd3a20162 e48fb72f9002f40 f1b13ababc4e9f01 ff0a064c25ad2d1 bb5b0211df5f5bc7 1badfac91e399bd6 e0946ea72d0c3ccc 8c6b98932b9e9b2d c9d837039bef70b8 c8fbad84a819935c d3b82e892a6ca5aa c65c1662d5674618 fd80d9749d90658c c7fd0b360f57c3e7 e4bf09ffd13907fe eec96d8a0e592199 1db0e580e23fe373 b378eb7136c678c1 c51f9a5a026fef7f e4afd2f2224258fc d908d1bde2d07fda e5406f591828be64 3a6b17601e286c17 f8ebf1c9f0424b e21900af1373e91d 319c5534e6395b4a b0299d959c84180f aff8012c32954125 18ce9c6f12429e45 aec6b654e1945660 94299785c8f83a04 db3ad849debeb781 c0530de1acf833f4 f5f06df90a018e9e e8c0461fd47ca567 8174d95bd12b4642 db2cd4e0a9135400 fd8ff967f7654754 c8908d97c3ed1aff ed006f00ff04d2c3 f66a1a17a3bd6277 e7aa7d77ea906867 e9953b2abefaa7ae e2b80a26d4aaec77 bf3b54dedfff5542 9ef9fcf0ca62879d 1f0d741428d09009 8cfe54b81b20716 cc148eb3de48c8f2 871958fba7c9e23b 297be952eb2202c7 c96acbba8fe93e46 37b32082f5907805 e0b27acdd08424b5 e06d62fce12f09d4 d6bf81d92a1d4687 faa16b3c1820837e f94f8d52b771fca6 e18f432ddb0ece38 f32f51b6d00f0f2b 7810bd2dc30ae6a b73f7ca2ec7edf08 3c8dee34e9104eff c540fd692a6ece59 96edad61c40efa06 ad1f4905fc807a0c 26ef4865d37b9b95 978a959bf260466f eee0c07bbddcf5c6 1158915cc4a9dea1 370a251015d008e0 d3acfea6a8e326f7 ed8d059825eae58b 3bbaee6be5059002 de8b6faa4972aa8 ca8210338f67ed11 f46d7d14fb75bc92 200ce73b863cfe9e 15a4ebb00256340e fdcbf0a0ea8ef76e f0cbf60d0a1268c4 c689cd29dd8d7db 867cf4a0670e1bd 10834a818a348d72 280d654ef933c557 ffa4a7141cebe753 a72074c530753498 29a8f9ef1027f195 2d13d8e8cf2dda13 ffa30eab294da103 39759298d4344dad 236227c1a94c089a d299a99de6896b80 babdb92da305366c cc513f078c0f3c35 f298a7b5de1fe0ee 125175b9eeae8a4 2afa24da2d5660e3 8b7641d1cd765662 ec613f069d92cc8f cae92d728c9b592c da11af8e975b63e0 34ee3070d65f6f44 e2fac870c672ee95 ddce5275ffd75de2 d636cd263d0c77ff 37f669492bc82e5 1293e0c839319597 f63e0d96e14db909 f40a3befe8caadee a1fc4385f9bd742a db0b2d33069e1cb7 ef68caa5983a511b 91f7c545cf156922 d5b385d911650e2b a99f5f46ed02f279 bc185b9bc51c507f d6815eaa3b97248c 289a170511cbe175 d6e831f48020bdf0 bbb7e27ce4b272a0 f67e54152d69909e ad8a4e8ee451f981 c9046c22cd668609 fad016a7e942310b cd942a8cbf82c037 ce94641285a6536 119c9641969896ae d61b56e687b95ce8 b013c21edf30c0cd f5c9577ce3049d27 eabdfa0fc1b0585f 20e1192dcbe4ae62 2ee94b891ad1bc2e dc82148d16aa70a9 e28f1f0b99a74598 b47901c6fd632dba 940d9e6311786a94 ab1fb02c10fb1654 8e5e440ef69cbd6e ] wstrb=[f3 2 72 47 2f e0 55 22 e3 c7 69 12 a8 be 34 8b 86 9d 9d 2e 5b d1 b9 e1 6e 56 f c9 27 c8 ab 95 1e ba 5e 45 83 9 da a1 c4 39 e7 47 42 c1 e8 6 fa cf 4d 3d 91 36 43 8b 5 91 c8 96 c7 c 22 cc 9d ea 63 64 f6 85 30 93 6f 93 f7 66 18 28 f9 88 bb f1 ee d4 19 e7 5c d4 d8 4a a8 f1 31 4 c6 a 4e 6e fb 80 73 c1 8a c1 30 85 41 a3 47 cb 64 77 51 a6 1a 98 71 7e f c2 24 29 5a 96 a7 69 58 cc 92 b3 62 3a 1c ba 6 af 6d 68 e9 8a 22 ef 39 90 57 22 1a 79 11 53 9 68 75 23 e1 86 76 eb ee eb e cf 71 85 ba 5f 70 c9 2f e2 4e e9 41 be b2 70 a0 0 5a e2 bf c 52 5f d ac 41 cc b9 94 2b c6 40 6d 92 f9 1 bd bf 41 2a 51 3b 2b f fa 6d 39 4c a8 65 5b a2 d2 94 ee 7a f9 49 1c cb de b 45 d7 54 62 a3 32 6d e8 a c1 4a ad f4 b7 95 fe 79 e0 ab 6d ] bresp=0 bid=0
[15000] [SEQUENCER] READ mst_id=0 s_id=0 araddr=6ea2bd0 arid=0 arlen=1 arsize=3 arburst=1 rid=[] rresp=[] rdata=[]
[15000] [SEQUENCER] READ mst_id=1 s_id=0 araddr=7d00990 arid=1 arlen=1 arsize=3 arburst=1 rid=[] rresp=[] rdata=[]
[15000] [SEQUENCER] READ mst_id=0 s_id=0 araddr=120f80c8 arid=1 arlen=1 arsize=3 arburst=1 rid=[] rresp=[] rdata=[]
[15000] [SEQUENCER] READ mst_id=1 s_id=0 araddr=1fd15978 arid=2 arlen=1 arsize=3 arburst=1 rid=[] rresp=[] rdata=[]
[15000] MASTER_DRIVER1 received transaction, op=AXI_WRITE
[15000] MASTER_DRIVER0 received transaction, op=AXI_READ
[35000] MASTER 1 AW_VALID_RDY Handshake
[35000] MASTER_DRIVER0 received transaction, op=AXI_READ
[45000] ARB MONITOR: slave=0 m0_req=0 m1_req=1 winner=1
[45000] ARB MONITOR: slave=0 m0_req=1 m1_req=0 winner=0
[45000] AXI S0_ARVALID_RDY HANDSHAKE
[45000] MEMORY READ MISS beat=0 addr=6ea2bd0 -> default data id=0
[45000] AXI S0_AWVALID_RDY HANDSHAKE
[55000] MEMORY READ MISS beat=1 addr=6ea2bd8 -> default data id=0
[55000] SLAVE 0 R_VALID_RDY Handshake beat=0 rlast=0
[55000] MASTER 1 W_VALID_RDY Handshake beat=0 wlast=0
[65000] MASTER 1 W_VALID_RDY Handshake beat=1 wlast=0
[65000] ARB MONITOR: slave=1 m0_req=1 m1_req=0 winner=0
[65000] SLAVE 0 R_VALID_RDY Handshake beat=1 rlast=1
[65000] [SLAVE MONITOR] READ mst_id=0 s_id=0 araddr=6ea2bd0 arid=0 arlen=1 arsize=3 arburst=1 rid=[00] rresp=[00] rdata=[baadf00d12345678baadf00d12345678]
[65000] AXI S0_ARVALID_RDY HANDSHAKE
[65000] MEMORY READ MISS beat=0 addr=120f80c8 -> default data id=1
[65000] AXI S0_WVALID_RDY HANDSHAKE
[65000] S0 MEMORY WRITE beat=0 addr=0c32ef50 data=e00a735503c60221 id=1e
[75000] AXI S0_WVALID_RDY HANDSHAKE
[75000] S0 MEMORY WRITE beat=1 addr=0c32ef52 data=d11a6cead54b1006 id=1e
[75000] MEMORY READ MISS beat=1 addr=120f80d0 -> default data id=1
[75000] SLAVE 1 R_VALID_RDY Handshake beat=0 rlast=0
[75000] MASTER 1 W_VALID_RDY Handshake beat=2 wlast=0
[75000] MASTER 0 R_VALID_RDY Handshake beat=0 rlast=0
[85000] [MASTER DRIVER] READ mst_id=0 s_id=0 araddr=6ea2bd0 arid=0 arlen=1 arsize=3 arburst=1 rid=[00] rresp=[00] rdata=[baadf00d12345678baadf00d12345678]
[85000] MASTER 0 R_VALID_RDY Handshake beat=1 rlast=1
[85000] [MASTER MONITOR] READ mst_id=0 s_id=0 araddr=6ea2bd0 arid=0 arlen=1 arsize=3 arburst=1 rid=[00] rresp=[00] rdata=[baadf00d12345678baadf00d12345678]
[85000] MASTER 1 W_VALID_RDY Handshake beat=3 wlast=0
[85000] SLAVE 1 R_VALID_RDY Handshake beat=1 rlast=1
[85000] [SLAVE MONITOR] READ mst_id=0 s_id=1 araddr=120f80c8 arid=1 arlen=1 arsize=3 arburst=1 rid=[11] rresp=[00] rdata=[baadf00d12345678baadf00d12345678]
[85000] AXI S0_WVALID_RDY HANDSHAKE
[85000] S0 MEMORY WRITE beat=2 addr=0c32ef54 data=9fcf2571b0e87c47 id=1e
[85000] SCOREBOARD MATCH: decode_err expected = 0, actual =0
[85000] SCOREBOARD MATCH: slave_id expected = 0, actual =0
[85000] SCOREBOARD MATCH: araddr passthrough expected = 6ea2bd0, actual =6ea2bd0
[85000] SCOREBOARD MATCH: arlen passthrough expected = 1, actual =1
[85000] SCOREBOARD MATCH: arsize passthrough expected = 3, actual =3
[85000] SCOREBOARD MATCH: arburst passthrough expected = 1, actual =1
[85000] SCOREBOARD MATCH: rdata size check expected = 2, actual =2
[85000] SCOREBOARD MATCH: rdata passthrough beat=0 expected = baadf00d12345678, actual =baadf00d12345678
[85000] SCOREBOARD MATCH: rdata passthrough beat=1 expected = baadf00d12345678, actual =baadf00d12345678
[85000] SCOREBOARD MATCH: rresp size check expected = 2, actual =2
[85000] SCOREBOARD MATCH: rresp passthrough beat=0 expected = 0, actual =0
[85000] SCOREBOARD MATCH: rresp passthrough beat=1 expected = 0, actual =0
[85000] SCOREBOARD MATCH: response routed to correct master (read beat 0) expected = 0, actual =0
[85000] SCOREBOARD MATCH: response routed to correct master (read beat 1) expected = 0, actual =0
[85000] [SCOREBOARD-M] READ mst_id=0 s_id=0 araddr=6ea2bd0 arid=0 arlen=1 arsize=3 arburst=1 rid=[00] rresp=[00] rdata=[baadf00d12345678baadf00d12345678]
[85000] [SCOREBOARD-S] READ mst_id=0 s_id=0 araddr=6ea2bd0 arid=0 arlen=1 arsize=3 arburst=1 rid=[00] rresp=[00] rdata=[baadf00d12345678baadf00d12345678]
[85000] SCOREBOARD: Transaction 1 received. pass=14 fail=0
[85000] ALL PASS. Total transactions: 1
[95000] AXI S0_WVALID_RDY HANDSHAKE
[95000] S0 MEMORY WRITE beat=3 addr=0c32ef56 data=b4ae7e6818340733 id=1e
[95000] MASTER 1 W_VALID_RDY Handshake beat=4 wlast=0
[105000] MASTER 0 R_VALID_RDY Handshake beat=0 rlast=0
[105000] MASTER 1 W_VALID_RDY Handshake beat=5 wlast=0
[105000] AXI S0_WVALID_RDY HANDSHAKE
[105000] S0 MEMORY WRITE beat=4 addr=0c32ef58 data=ed7f1739ffd998c7 id=1e
[115000] AXI S0_WVALID_RDY HANDSHAKE
[115000] S0 MEMORY WRITE beat=5 addr=0c32ef5a data=b0c2150e85c8eb52 id=1e
[115000] MASTER 1 W_VALID_RDY Handshake beat=6 wlast=0
[115000] MASTER 0 R_VALID_RDY Handshake beat=1 rlast=1
[115000] [MASTER MONITOR] READ mst_id=0 s_id=1 araddr=120f80c8 arid=1 arlen=1 arsize=3 arburst=1 rid=[11] rresp=[00] rdata=[baadf00d12345678baadf00d12345678]
[115000] [MASTER DRIVER] READ mst_id=0 s_id=0 araddr=120f80c8 arid=1 arlen=1 arsize=3 arburst=1 rid=[11] rresp=[00] rdata=[baadf00d12345678baadf00d12345678]
[115000] SCOREBOARD MATCH: decode_err expected = 0, actual =0
[115000] SCOREBOARD MATCH: slave_id expected = 1, actual =1
[115000] SCOREBOARD MATCH: araddr passthrough expected = 120f80c8, actual =120f80c8
[115000] SCOREBOARD MATCH: arlen passthrough expected = 1, actual =1
[115000] SCOREBOARD MATCH: arsize passthrough expected = 3, actual =3
[115000] SCOREBOARD MATCH: arburst passthrough expected = 1, actual =1
[115000] SCOREBOARD MATCH: rdata size check expected = 2, actual =2
[115000] SCOREBOARD MATCH: rdata passthrough beat=0 expected = baadf00d12345678, actual =baadf00d12345678
[115000] SCOREBOARD MATCH: rdata passthrough beat=1 expected = baadf00d12345678, actual =baadf00d12345678
[115000] SCOREBOARD MATCH: rresp size check expected = 2, actual =2
[115000] SCOREBOARD MATCH: rresp passthrough beat=0 expected = 0, actual =0
[115000] SCOREBOARD MATCH: rresp passthrough beat=1 expected = 0, actual =0
[115000] SCOREBOARD MATCH: response routed to correct master (read beat 0) expected = 0, actual =0
[115000] SCOREBOARD MATCH: response routed to correct master (read beat 1) expected = 0, actual =0
[115000] [SCOREBOARD-M] READ mst_id=0 s_id=1 araddr=120f80c8 arid=1 arlen=1 arsize=3 arburst=1 rid=[11] rresp=[00] rdata=[baadf00d12345678baadf00d12345678]
[115000] [SCOREBOARD-S] READ mst_id=0 s_id=1 araddr=120f80c8 arid=1 arlen=1 arsize=3 arburst=1 rid=[11] rresp=[00] rdata=[baadf00d12345678baadf00d12345678]
[115000] SCOREBOARD: Transaction 2 received. pass=28 fail=0
[115000] ALL PASS. Total transactions: 2
[125000] MASTER 1 W_VALID_RDY Handshake beat=7 wlast=0
[125000] AXI S0_WVALID_RDY HANDSHAKE
[125000] S0 MEMORY WRITE beat=6 addr=0c32ef5c data=9dfcf2858d4e3caa id=1e
[135000] AXI S0_WVALID_RDY HANDSHAKE
[135000] S0 MEMORY WRITE beat=7 addr=0c32ef5e data=8d27d571e5709377 id=1e
[135000] MASTER 1 W_VALID_RDY Handshake beat=8 wlast=0
[145000] MASTER 1 W_VALID_RDY Handshake beat=9 wlast=0
[145000] AXI S0_WVALID_RDY HANDSHAKE
[145000] S0 MEMORY WRITE beat=8 addr=0c32ef60 data=eb397ec98b7c09be id=1e
[155000] AXI S0_WVALID_RDY HANDSHAKE
[155000] S0 MEMORY WRITE beat=9 addr=0c32ef62 data=18ca46693de9ea80 id=1e
[155000] MASTER 1 W_VALID_RDY Handshake beat=10 wlast=0
[165000] MASTER 1 W_VALID_RDY Handshake beat=11 wlast=0
[165000] AXI S0_WVALID_RDY HANDSHAKE
[165000] S0 MEMORY WRITE beat=10 addr=0c32ef64 data=235a7df70936714f id=1e
[175000] AXI S0_WVALID_RDY HANDSHAKE
[175000] S0 MEMORY WRITE beat=11 addr=0c32ef66 data=94b27b0da5f21bda id=1e
[175000] MASTER 1 W_VALID_RDY Handshake beat=12 wlast=0
[185000] MASTER 1 W_VALID_RDY Handshake beat=13 wlast=0
[185000] AXI S0_WVALID_RDY HANDSHAKE
[185000] S0 MEMORY WRITE beat=12 addr=0c32ef68 data=e3dc065a8e93fcc0 id=1e
[195000] AXI S0_WVALID_RDY HANDSHAKE
[195000] S0 MEMORY WRITE beat=13 addr=0c32ef6a data=97ca6e0fad7cc176 id=1e
[195000] MASTER 1 W_VALID_RDY Handshake beat=14 wlast=0
[205000] MASTER 1 W_VALID_RDY Handshake beat=15 wlast=0
[205000] AXI S0_WVALID_RDY HANDSHAKE
[205000] S0 MEMORY WRITE beat=14 addr=0c32ef6c data=d36edd5187368451 id=1e
[215000] AXI S0_WVALID_RDY HANDSHAKE
[215000] S0 MEMORY WRITE beat=15 addr=0c32ef6e data=15ca81122c7ce91d id=1e
[215000] MASTER 1 W_VALID_RDY Handshake beat=16 wlast=0
[225000] MASTER 1 W_VALID_RDY Handshake beat=17 wlast=0
[225000] AXI S0_WVALID_RDY HANDSHAKE
[225000] S0 MEMORY WRITE beat=16 addr=0c32ef70 data=d9f9aa93b74ae3ab id=1e
[235000] AXI S0_WVALID_RDY HANDSHAKE
[235000] S0 MEMORY WRITE beat=17 addr=0c32ef72 data=3e8167fdad94ef21 id=1e
[235000] MASTER 1 W_VALID_RDY Handshake beat=18 wlast=0
[245000] MASTER 1 W_VALID_RDY Handshake beat=19 wlast=0
[245000] AXI S0_WVALID_RDY HANDSHAKE
[245000] S0 MEMORY WRITE beat=18 addr=0c32ef74 data=da11d83ead6887e4 id=1e
[255000] AXI S0_WVALID_RDY HANDSHAKE
[255000] S0 MEMORY WRITE beat=19 addr=0c32ef76 data=e4b36b90d44be90f id=1e
[255000] MASTER 1 W_VALID_RDY Handshake beat=20 wlast=0
[265000] MASTER 1 W_VALID_RDY Handshake beat=21 wlast=0
[265000] AXI S0_WVALID_RDY HANDSHAKE
[265000] S0 MEMORY WRITE beat=20 addr=0c32ef78 data=81e0d830340b82d2 id=1e
[275000] AXI S0_WVALID_RDY HANDSHAKE
[275000] S0 MEMORY WRITE beat=21 addr=0c32ef7a data=e1740ab62334d38d id=1e
[275000] MASTER 1 W_VALID_RDY Handshake beat=22 wlast=0
[285000] MASTER 1 W_VALID_RDY Handshake beat=23 wlast=0
[285000] AXI S0_WVALID_RDY HANDSHAKE
[285000] S0 MEMORY WRITE beat=22 addr=0c32ef7c data=f780bc9cdbf2b06f id=1e
[295000] AXI S0_WVALID_RDY HANDSHAKE
[295000] S0 MEMORY WRITE beat=23 addr=0c32ef7e data=0ffe3341c6277646 id=1e
[295000] MASTER 1 W_VALID_RDY Handshake beat=24 wlast=0
[305000] MASTER 1 W_VALID_RDY Handshake beat=25 wlast=0
[305000] AXI S0_WVALID_RDY HANDSHAKE
[305000] S0 MEMORY WRITE beat=24 addr=0c32ef80 data=e95c49d3f96194cc id=1e
[315000] AXI S0_WVALID_RDY HANDSHAKE
[315000] S0 MEMORY WRITE beat=25 addr=0c32ef82 data=d554453bf1723df7 id=1e
[315000] MASTER 1 W_VALID_RDY Handshake beat=26 wlast=0
[325000] MASTER 1 W_VALID_RDY Handshake beat=27 wlast=0
[325000] AXI S0_WVALID_RDY HANDSHAKE
[325000] S0 MEMORY WRITE beat=26 addr=0c32ef84 data=3799b43ee0dd066f id=1e
[335000] AXI S0_WVALID_RDY HANDSHAKE
[335000] S0 MEMORY WRITE beat=27 addr=0c32ef86 data=da3e9b3ce552787c id=1e
[335000] MASTER 1 W_VALID_RDY Handshake beat=28 wlast=0
[345000] MASTER 1 W_VALID_RDY Handshake beat=29 wlast=0
[345000] AXI S0_WVALID_RDY HANDSHAKE
[345000] S0 MEMORY WRITE beat=28 addr=0c32ef88 data=d6c4b674a0f5fe11 id=1e
[355000] AXI S0_WVALID_RDY HANDSHAKE
[355000] S0 MEMORY WRITE beat=29 addr=0c32ef8a data=01d30481af92e077 id=1e
[355000] MASTER 1 W_VALID_RDY Handshake beat=30 wlast=0
[365000] MASTER 1 W_VALID_RDY Handshake beat=31 wlast=0
[365000] AXI S0_WVALID_RDY HANDSHAKE
[365000] S0 MEMORY WRITE beat=30 addr=0c32ef8c data=14e558f40e5e6ab2 id=1e
[375000] AXI S0_WVALID_RDY HANDSHAKE
[375000] S0 MEMORY WRITE beat=31 addr=0c32ef8e data=af5468c3dc119fbd id=1e
[375000] MASTER 1 W_VALID_RDY Handshake beat=32 wlast=0
[385000] MASTER 1 W_VALID_RDY Handshake beat=33 wlast=0
[385000] AXI S0_WVALID_RDY HANDSHAKE
[385000] S0 MEMORY WRITE beat=32 addr=0c32ef90 data=8ba48034ebaa0f68 id=1e
[395000] AXI S0_WVALID_RDY HANDSHAKE
[395000] S0 MEMORY WRITE beat=33 addr=0c32ef92 data=fa087a1ab1276d44 id=1e
[395000] MASTER 1 W_VALID_RDY Handshake beat=34 wlast=0
[405000] MASTER 1 W_VALID_RDY Handshake beat=35 wlast=0
[405000] AXI S0_WVALID_RDY HANDSHAKE
[405000] S0 MEMORY WRITE beat=34 addr=0c32ef94 data=8d390d01a089d928 id=1e
[415000] AXI S0_WVALID_RDY HANDSHAKE
[415000] S0 MEMORY WRITE beat=35 addr=0c32ef96 data=8c33e890a95ce2dd id=1e
[415000] MASTER 1 W_VALID_RDY Handshake beat=36 wlast=0
[425000] MASTER 1 W_VALID_RDY Handshake beat=37 wlast=0
[425000] AXI S0_WVALID_RDY HANDSHAKE
[425000] S0 MEMORY WRITE beat=36 addr=0c32ef98 data=da84502218dd8d36 id=1e
[435000] AXI S0_WVALID_RDY HANDSHAKE
[435000] S0 MEMORY WRITE beat=37 addr=0c32ef9a data=b967665e863c62aa id=1e
[435000] MASTER 1 W_VALID_RDY Handshake beat=38 wlast=0
[445000] MASTER 1 W_VALID_RDY Handshake beat=39 wlast=0
[445000] AXI S0_WVALID_RDY HANDSHAKE
[445000] S0 MEMORY WRITE beat=38 addr=0c32ef9c data=2f994588e7bd5d23 id=1e
[455000] AXI S0_WVALID_RDY HANDSHAKE
[455000] S0 MEMORY WRITE beat=39 addr=0c32ef9e data=809aea59c59b4eef id=1e
[455000] MASTER 1 W_VALID_RDY Handshake beat=40 wlast=0
[465000] MASTER 1 W_VALID_RDY Handshake beat=41 wlast=0
[465000] AXI S0_WVALID_RDY HANDSHAKE
[465000] S0 MEMORY WRITE beat=40 addr=0c32efa0 data=cbd7b1990a1d95aa id=1e
[475000] AXI S0_WVALID_RDY HANDSHAKE
[475000] S0 MEMORY WRITE beat=41 addr=0c32efa2 data=f1daf2cd3a0250b8 id=1e
[475000] MASTER 1 W_VALID_RDY Handshake beat=42 wlast=0
[485000] MASTER 1 W_VALID_RDY Handshake beat=43 wlast=0
[485000] AXI S0_WVALID_RDY HANDSHAKE
[485000] S0 MEMORY WRITE beat=42 addr=0c32efa4 data=ff9d9fa7fb70f721 id=1e
[495000] AXI S0_WVALID_RDY HANDSHAKE
[495000] S0 MEMORY WRITE beat=43 addr=0c32efa6 data=858e8ccbf275dd27 id=1e
[495000] MASTER 1 W_VALID_RDY Handshake beat=44 wlast=0
[505000] MASTER 1 W_VALID_RDY Handshake beat=45 wlast=0
[505000] AXI S0_WVALID_RDY HANDSHAKE
[505000] S0 MEMORY WRITE beat=44 addr=0c32efa8 data=2c782ddfcb755140 id=1e
[515000] AXI S0_WVALID_RDY HANDSHAKE
[515000] S0 MEMORY WRITE beat=45 addr=0c32efaa data=c6e64862f7697f99 id=1e
[515000] MASTER 1 W_VALID_RDY Handshake beat=46 wlast=0
[525000] MASTER 1 W_VALID_RDY Handshake beat=47 wlast=0
[525000] AXI S0_WVALID_RDY HANDSHAKE
[525000] S0 MEMORY WRITE beat=46 addr=0c32efac data=e9df5cc02c15cd86 id=1e
[535000] AXI S0_WVALID_RDY HANDSHAKE
[535000] S0 MEMORY WRITE beat=47 addr=0c32efae data=f78b1ec6cc74d52d id=1e
[535000] MASTER 1 W_VALID_RDY Handshake beat=48 wlast=0
[545000] MASTER 1 W_VALID_RDY Handshake beat=49 wlast=0
[545000] AXI S0_WVALID_RDY HANDSHAKE
[545000] S0 MEMORY WRITE beat=48 addr=0c32efb0 data=c3de54c616578a9f id=1e
[555000] AXI S0_WVALID_RDY HANDSHAKE
[555000] S0 MEMORY WRITE beat=49 addr=0c32efb2 data=c26d5825be716728 id=1e
[555000] MASTER 1 W_VALID_RDY Handshake beat=50 wlast=0
[565000] MASTER 1 W_VALID_RDY Handshake beat=51 wlast=0
[565000] AXI S0_WVALID_RDY HANDSHAKE
[565000] S0 MEMORY WRITE beat=50 addr=0c32efb4 data=0ae63c56adbdb186 id=1e
[575000] AXI S0_WVALID_RDY HANDSHAKE
[575000] S0 MEMORY WRITE beat=51 addr=0c32efb6 data=c4153c25b9f876eb id=1e
[575000] MASTER 1 W_VALID_RDY Handshake beat=52 wlast=0
[585000] MASTER 1 W_VALID_RDY Handshake beat=53 wlast=0
[585000] AXI S0_WVALID_RDY HANDSHAKE
[585000] S0 MEMORY WRITE beat=52 addr=0c32efb8 data=f869de14cec4911c id=1e
[595000] AXI S0_WVALID_RDY HANDSHAKE
[595000] S0 MEMORY WRITE beat=53 addr=0c32efba data=fc8242a38682944a id=1e
[595000] MASTER 1 W_VALID_RDY Handshake beat=54 wlast=0
[605000] MASTER 1 W_VALID_RDY Handshake beat=55 wlast=0
[605000] AXI S0_WVALID_RDY HANDSHAKE
[605000] S0 MEMORY WRITE beat=54 addr=0c32efbc data=c07b0b3603501a6a id=1e
[615000] AXI S0_WVALID_RDY HANDSHAKE
[615000] S0 MEMORY WRITE beat=55 addr=0c32efbe data=d214ab86c0977ec8 id=1e
[615000] MASTER 1 W_VALID_RDY Handshake beat=56 wlast=0
[625000] MASTER 1 W_VALID_RDY Handshake beat=57 wlast=0
[625000] AXI S0_WVALID_RDY HANDSHAKE
[625000] S0 MEMORY WRITE beat=56 addr=0c32efc0 data=c71a131338e4e94a id=1e
[635000] AXI S0_WVALID_RDY HANDSHAKE
[635000] S0 MEMORY WRITE beat=57 addr=0c32efc2 data=3c3503b4ce96ee29 id=1e
[635000] MASTER 1 W_VALID_RDY Handshake beat=58 wlast=0
[645000] MASTER 1 W_VALID_RDY Handshake beat=59 wlast=0
[645000] AXI S0_WVALID_RDY HANDSHAKE
[645000] S0 MEMORY WRITE beat=58 addr=0c32efc4 data=0f2e6cf207951e49 id=1e
[655000] AXI S0_WVALID_RDY HANDSHAKE
[655000] S0 MEMORY WRITE beat=59 addr=0c32efc6 data=c07a07938e49af3a id=1e
[655000] MASTER 1 W_VALID_RDY Handshake beat=60 wlast=0
[665000] MASTER 1 W_VALID_RDY Handshake beat=61 wlast=0
[665000] AXI S0_WVALID_RDY HANDSHAKE
[665000] S0 MEMORY WRITE beat=60 addr=0c32efc8 data=dce09d64d6488005 id=1e
[675000] AXI S0_WVALID_RDY HANDSHAKE
[675000] S0 MEMORY WRITE beat=61 addr=0c32efca data=dddd9e4efcaf0b47 id=1e
[675000] MASTER 1 W_VALID_RDY Handshake beat=62 wlast=0
[685000] MASTER 1 W_VALID_RDY Handshake beat=63 wlast=0
[685000] AXI S0_WVALID_RDY HANDSHAKE
[685000] S0 MEMORY WRITE beat=62 addr=0c32efcc data=8af8ba81ec0f0a56 id=1e
[695000] AXI S0_WVALID_RDY HANDSHAKE
[695000] S0 MEMORY WRITE beat=63 addr=0c32efce data=c2578a5b1e57a5e1 id=1e
[695000] MASTER 1 W_VALID_RDY Handshake beat=64 wlast=0
[705000] MASTER 1 W_VALID_RDY Handshake beat=65 wlast=0
[705000] AXI S0_WVALID_RDY HANDSHAKE
[705000] S0 MEMORY WRITE beat=64 addr=0c32efd0 data=1b06b128e7d957e5 id=1e
[715000] AXI S0_WVALID_RDY HANDSHAKE
[715000] S0 MEMORY WRITE beat=65 addr=0c32efd2 data=d3e8623b203528a9 id=1e
[715000] MASTER 1 W_VALID_RDY Handshake beat=66 wlast=0
[725000] MASTER 1 W_VALID_RDY Handshake beat=67 wlast=0
[725000] AXI S0_WVALID_RDY HANDSHAKE
[725000] S0 MEMORY WRITE beat=66 addr=0c32efd4 data=3e8cce8aa5ff6ba9 id=1e
[735000] AXI S0_WVALID_RDY HANDSHAKE
[735000] S0 MEMORY WRITE beat=67 addr=0c32efd6 data=0dd8c38f963fec96 id=1e
[735000] MASTER 1 W_VALID_RDY Handshake beat=68 wlast=0
[745000] MASTER 1 W_VALID_RDY Handshake beat=69 wlast=0
[745000] AXI S0_WVALID_RDY HANDSHAKE
[745000] S0 MEMORY WRITE beat=68 addr=0c32efd8 data=b675153fd9937fb2 id=1e
[755000] AXI S0_WVALID_RDY HANDSHAKE
[755000] S0 MEMORY WRITE beat=69 addr=0c32efda data=ff92eb5be1c125ca id=1e
[755000] MASTER 1 W_VALID_RDY Handshake beat=70 wlast=0
[765000] MASTER 1 W_VALID_RDY Handshake beat=71 wlast=0
[765000] AXI S0_WVALID_RDY HANDSHAKE
[765000] S0 MEMORY WRITE beat=70 addr=0c32efdc data=f8011261f501e3c9 id=1e
[775000] AXI S0_WVALID_RDY HANDSHAKE
[775000] S0 MEMORY WRITE beat=71 addr=0c32efde data=ce95637b8d6baeea id=1e
[775000] MASTER 1 W_VALID_RDY Handshake beat=72 wlast=0
[785000] MASTER 1 W_VALID_RDY Handshake beat=73 wlast=0
[785000] AXI S0_WVALID_RDY HANDSHAKE
[785000] S0 MEMORY WRITE beat=72 addr=0c32efe0 data=ef2cd4b5ae7627a0 id=1e
[795000] AXI S0_WVALID_RDY HANDSHAKE
[795000] S0 MEMORY WRITE beat=73 addr=0c32efe2 data=23780b6ace284ed7 id=1e
[795000] MASTER 1 W_VALID_RDY Handshake beat=74 wlast=0
[805000] MASTER 1 W_VALID_RDY Handshake beat=75 wlast=0
[805000] AXI S0_WVALID_RDY HANDSHAKE
[805000] S0 MEMORY WRITE beat=74 addr=0c32efe4 data=db93fdc1e72de716 id=1e
[815000] AXI S0_WVALID_RDY HANDSHAKE
[815000] S0 MEMORY WRITE beat=75 addr=0c32efe6 data=95a40eb6f20d6ee5 id=1e
[815000] MASTER 1 W_VALID_RDY Handshake beat=76 wlast=0
[825000] MASTER 1 W_VALID_RDY Handshake beat=77 wlast=0
[825000] AXI S0_WVALID_RDY HANDSHAKE
[825000] S0 MEMORY WRITE beat=76 addr=0c32efe8 data=c035bdbccac0d276 id=1e
[835000] AXI S0_WVALID_RDY HANDSHAKE
[835000] S0 MEMORY WRITE beat=77 addr=0c32efea data=b1eeb98cb91c1a20 id=1e
[835000] MASTER 1 W_VALID_RDY Handshake beat=78 wlast=0
[845000] MASTER 1 W_VALID_RDY Handshake beat=79 wlast=0
[845000] AXI S0_WVALID_RDY HANDSHAKE
[845000] S0 MEMORY WRITE beat=78 addr=0c32efec data=2b2989061bc9bb7e id=1e
[855000] AXI S0_WVALID_RDY HANDSHAKE
[855000] S0 MEMORY WRITE beat=79 addr=0c32efee data=e68a8df4c792c843 id=1e
[855000] MASTER 1 W_VALID_RDY Handshake beat=80 wlast=0
[865000] MASTER 1 W_VALID_RDY Handshake beat=81 wlast=0
[865000] AXI S0_WVALID_RDY HANDSHAKE
[865000] S0 MEMORY WRITE beat=80 addr=0c32eff0 data=80aee263eb5f46c2 id=1e
[875000] AXI S0_WVALID_RDY HANDSHAKE
[875000] S0 MEMORY WRITE beat=81 addr=0c32eff2 data=8729024018794781 id=1e
[875000] MASTER 1 W_VALID_RDY Handshake beat=82 wlast=0
[885000] MASTER 1 W_VALID_RDY Handshake beat=83 wlast=0
[885000] AXI S0_WVALID_RDY HANDSHAKE
[885000] S0 MEMORY WRITE beat=82 addr=0c32eff4 data=e00c0fc4abd86b69 id=1e
[895000] AXI S0_WVALID_RDY HANDSHAKE
[895000] S0 MEMORY WRITE beat=83 addr=0c32eff6 data=1737b22cedb39035 id=1e
[895000] MASTER 1 W_VALID_RDY Handshake beat=84 wlast=0
[905000] MASTER 1 W_VALID_RDY Handshake beat=85 wlast=0
[905000] AXI S0_WVALID_RDY HANDSHAKE
[905000] S0 MEMORY WRITE beat=84 addr=0c32eff8 data=062cd7b6e0baf227 id=1e
[915000] AXI S0_WVALID_RDY HANDSHAKE
[915000] S0 MEMORY WRITE beat=85 addr=0c32effa data=0c935d919e60b46c id=1e
[915000] MASTER 1 W_VALID_RDY Handshake beat=86 wlast=0
[925000] MASTER 1 W_VALID_RDY Handshake beat=87 wlast=0
[925000] AXI S0_WVALID_RDY HANDSHAKE
[925000] S0 MEMORY WRITE beat=86 addr=0c32effc data=8c1444a1e638e77a id=1e
[935000] AXI S0_WVALID_RDY HANDSHAKE
[935000] S0 MEMORY WRITE beat=87 addr=0c32effe data=c6f3d9a123cb0fbd id=1e
[935000] MASTER 1 W_VALID_RDY Handshake beat=88 wlast=0
[945000] MASTER 1 W_VALID_RDY Handshake beat=89 wlast=0
[945000] AXI S0_WVALID_RDY HANDSHAKE
[945000] S0 MEMORY WRITE beat=88 addr=0c32f000 data=c22bc42992411c57 id=1e
[955000] AXI S0_WVALID_RDY HANDSHAKE
[955000] S0 MEMORY WRITE beat=89 addr=0c32f002 data=f87a03d1d3873732 id=1e
[955000] MASTER 1 W_VALID_RDY Handshake beat=90 wlast=0
[965000] MASTER 1 W_VALID_RDY Handshake beat=91 wlast=0
[965000] AXI S0_WVALID_RDY HANDSHAKE
[965000] S0 MEMORY WRITE beat=90 addr=0c32f004 data=f75246efce4008cb id=1e
[975000] AXI S0_WVALID_RDY HANDSHAKE
[975000] S0 MEMORY WRITE beat=91 addr=0c32f006 data=e08125223f6ddd73 id=1e
[975000] MASTER 1 W_VALID_RDY Handshake beat=92 wlast=0
[985000] MASTER 1 W_VALID_RDY Handshake beat=93 wlast=0
[985000] AXI S0_WVALID_RDY HANDSHAKE
[985000] S0 MEMORY WRITE beat=92 addr=0c32f008 data=92f514a5397e0b19 id=1e
[995000] AXI S0_WVALID_RDY HANDSHAKE
[995000] S0 MEMORY WRITE beat=93 addr=0c32f00a data=07be13e4d8fb28f4 id=1e
[995000] MASTER 1 W_VALID_RDY Handshake beat=94 wlast=0
[1005000] MASTER 1 W_VALID_RDY Handshake beat=95 wlast=0
[1005000] AXI S0_WVALID_RDY HANDSHAKE
[1005000] S0 MEMORY WRITE beat=94 addr=0c32f00c data=186906670a475b95 id=1e
[1015000] AXI S0_WVALID_RDY HANDSHAKE
[1015000] S0 MEMORY WRITE beat=95 addr=0c32f00e data=c3c566aee83f3906 id=1e
[1015000] MASTER 1 W_VALID_RDY Handshake beat=96 wlast=0
[1025000] MASTER 1 W_VALID_RDY Handshake beat=97 wlast=0
[1025000] AXI S0_WVALID_RDY HANDSHAKE
[1025000] S0 MEMORY WRITE beat=96 addr=0c32f010 data=c13a61faab5e1b0c id=1e
[1035000] AXI S0_WVALID_RDY HANDSHAKE
[1035000] S0 MEMORY WRITE beat=97 addr=0c32f012 data=b5a576a1cb837a92 id=1e
[1035000] MASTER 1 W_VALID_RDY Handshake beat=98 wlast=0
[1045000] MASTER 1 W_VALID_RDY Handshake beat=99 wlast=0
[1045000] AXI S0_WVALID_RDY HANDSHAKE
[1045000] S0 MEMORY WRITE beat=98 addr=0c32f014 data=b3c2b398d9a36861 id=1e
[1055000] AXI S0_WVALID_RDY HANDSHAKE
[1055000] S0 MEMORY WRITE beat=99 addr=0c32f016 data=0501836ef96add4f id=1e
[1055000] MASTER 1 W_VALID_RDY Handshake beat=100 wlast=0
[1065000] MASTER 1 W_VALID_RDY Handshake beat=101 wlast=0
[1065000] AXI S0_WVALID_RDY HANDSHAKE
[1065000] S0 MEMORY WRITE beat=100 addr=0c32f018 data=c4ee57e1f4fd1593 id=1e
[1075000] AXI S0_WVALID_RDY HANDSHAKE
[1075000] S0 MEMORY WRITE beat=101 addr=0c32f01a data=cea07df4baa6fa0f id=1e
[1075000] MASTER 1 W_VALID_RDY Handshake beat=102 wlast=0
[1085000] MASTER 1 W_VALID_RDY Handshake beat=103 wlast=0
[1085000] AXI S0_WVALID_RDY HANDSHAKE
[1085000] S0 MEMORY WRITE beat=102 addr=0c32f01c data=3411d75ff8b10b7a id=1e
[1095000] AXI S0_WVALID_RDY HANDSHAKE
[1095000] S0 MEMORY WRITE beat=103 addr=0c32f01e data=edae210dd3a20162 id=1e
[1095000] MASTER 1 W_VALID_RDY Handshake beat=104 wlast=0
[1105000] MASTER 1 W_VALID_RDY Handshake beat=105 wlast=0
[1105000] AXI S0_WVALID_RDY HANDSHAKE
[1105000] S0 MEMORY WRITE beat=104 addr=0c32f020 data=0e48fb72f9002f40 id=1e
[1115000] AXI S0_WVALID_RDY HANDSHAKE
[1115000] S0 MEMORY WRITE beat=105 addr=0c32f022 data=f1b13ababc4e9f01 id=1e
[1115000] MASTER 1 W_VALID_RDY Handshake beat=106 wlast=0
[1125000] MASTER 1 W_VALID_RDY Handshake beat=107 wlast=0
[1125000] AXI S0_WVALID_RDY HANDSHAKE
[1125000] S0 MEMORY WRITE beat=106 addr=0c32f024 data=0ff0a064c25ad2d1 id=1e
[1135000] AXI S0_WVALID_RDY HANDSHAKE
[1135000] S0 MEMORY WRITE beat=107 addr=0c32f026 data=bb5b0211df5f5bc7 id=1e
[1135000] MASTER 1 W_VALID_RDY Handshake beat=108 wlast=0
[1145000] MASTER 1 W_VALID_RDY Handshake beat=109 wlast=0
[1145000] AXI S0_WVALID_RDY HANDSHAKE
[1145000] S0 MEMORY WRITE beat=108 addr=0c32f028 data=1badfac91e399bd6 id=1e
[1155000] AXI S0_WVALID_RDY HANDSHAKE
[1155000] S0 MEMORY WRITE beat=109 addr=0c32f02a data=e0946ea72d0c3ccc id=1e
[1155000] MASTER 1 W_VALID_RDY Handshake beat=110 wlast=0
[1165000] MASTER 1 W_VALID_RDY Handshake beat=111 wlast=0
[1165000] AXI S0_WVALID_RDY HANDSHAKE
[1165000] S0 MEMORY WRITE beat=110 addr=0c32f02c data=8c6b98932b9e9b2d id=1e
[1175000] AXI S0_WVALID_RDY HANDSHAKE
[1175000] S0 MEMORY WRITE beat=111 addr=0c32f02e data=c9d837039bef70b8 id=1e
[1175000] MASTER 1 W_VALID_RDY Handshake beat=112 wlast=0
[1185000] MASTER 1 W_VALID_RDY Handshake beat=113 wlast=0
[1185000] AXI S0_WVALID_RDY HANDSHAKE
[1185000] S0 MEMORY WRITE beat=112 addr=0c32f030 data=c8fbad84a819935c id=1e
[1195000] AXI S0_WVALID_RDY HANDSHAKE
[1195000] S0 MEMORY WRITE beat=113 addr=0c32f032 data=d3b82e892a6ca5aa id=1e
[1195000] MASTER 1 W_VALID_RDY Handshake beat=114 wlast=0
[1205000] MASTER 1 W_VALID_RDY Handshake beat=115 wlast=0
[1205000] AXI S0_WVALID_RDY HANDSHAKE
[1205000] S0 MEMORY WRITE beat=114 addr=0c32f034 data=c65c1662d5674618 id=1e
[1215000] AXI S0_WVALID_RDY HANDSHAKE
[1215000] S0 MEMORY WRITE beat=115 addr=0c32f036 data=fd80d9749d90658c id=1e
[1215000] MASTER 1 W_VALID_RDY Handshake beat=116 wlast=0
[1225000] MASTER 1 W_VALID_RDY Handshake beat=117 wlast=0
[1225000] AXI S0_WVALID_RDY HANDSHAKE
[1225000] S0 MEMORY WRITE beat=116 addr=0c32f038 data=c7fd0b360f57c3e7 id=1e
[1235000] AXI S0_WVALID_RDY HANDSHAKE
[1235000] S0 MEMORY WRITE beat=117 addr=0c32f03a data=e4bf09ffd13907fe id=1e
[1235000] MASTER 1 W_VALID_RDY Handshake beat=118 wlast=0
[1245000] MASTER 1 W_VALID_RDY Handshake beat=119 wlast=0
[1245000] AXI S0_WVALID_RDY HANDSHAKE
[1245000] S0 MEMORY WRITE beat=118 addr=0c32f03c data=eec96d8a0e592199 id=1e
[1255000] AXI S0_WVALID_RDY HANDSHAKE
[1255000] S0 MEMORY WRITE beat=119 addr=0c32f03e data=1db0e580e23fe373 id=1e
[1255000] MASTER 1 W_VALID_RDY Handshake beat=120 wlast=0
[1265000] MASTER 1 W_VALID_RDY Handshake beat=121 wlast=0
[1265000] AXI S0_WVALID_RDY HANDSHAKE
[1265000] S0 MEMORY WRITE beat=120 addr=0c32f040 data=b378eb7136c678c1 id=1e
[1275000] AXI S0_WVALID_RDY HANDSHAKE
[1275000] S0 MEMORY WRITE beat=121 addr=0c32f042 data=c51f9a5a026fef7f id=1e
[1275000] MASTER 1 W_VALID_RDY Handshake beat=122 wlast=0
[1285000] MASTER 1 W_VALID_RDY Handshake beat=123 wlast=0
[1285000] AXI S0_WVALID_RDY HANDSHAKE
[1285000] S0 MEMORY WRITE beat=122 addr=0c32f044 data=e4afd2f2224258fc id=1e
[1295000] AXI S0_WVALID_RDY HANDSHAKE
[1295000] S0 MEMORY WRITE beat=123 addr=0c32f046 data=d908d1bde2d07fda id=1e
[1295000] MASTER 1 W_VALID_RDY Handshake beat=124 wlast=0
[1305000] MASTER 1 W_VALID_RDY Handshake beat=125 wlast=0
[1305000] AXI S0_WVALID_RDY HANDSHAKE
[1305000] S0 MEMORY WRITE beat=124 addr=0c32f048 data=e5406f591828be64 id=1e
[1315000] AXI S0_WVALID_RDY HANDSHAKE
[1315000] S0 MEMORY WRITE beat=125 addr=0c32f04a data=3a6b17601e286c17 id=1e
[1315000] MASTER 1 W_VALID_RDY Handshake beat=126 wlast=0
[1325000] MASTER 1 W_VALID_RDY Handshake beat=127 wlast=0
[1325000] AXI S0_WVALID_RDY HANDSHAKE
[1325000] S0 MEMORY WRITE beat=126 addr=0c32f04c data=00f8ebf1c9f0424b id=1e
[1335000] AXI S0_WVALID_RDY HANDSHAKE
[1335000] S0 MEMORY WRITE beat=127 addr=0c32f04e data=e21900af1373e91d id=1e
[1335000] MASTER 1 W_VALID_RDY Handshake beat=128 wlast=0
[1345000] MASTER 1 W_VALID_RDY Handshake beat=129 wlast=0
[1345000] AXI S0_WVALID_RDY HANDSHAKE
[1345000] S0 MEMORY WRITE beat=128 addr=0c32f050 data=319c5534e6395b4a id=1e
[1355000] AXI S0_WVALID_RDY HANDSHAKE
[1355000] S0 MEMORY WRITE beat=129 addr=0c32f052 data=b0299d959c84180f id=1e
[1355000] MASTER 1 W_VALID_RDY Handshake beat=130 wlast=0
[1365000] MASTER 1 W_VALID_RDY Handshake beat=131 wlast=0
[1365000] AXI S0_WVALID_RDY HANDSHAKE
[1365000] S0 MEMORY WRITE beat=130 addr=0c32f054 data=aff8012c32954125 id=1e
[1375000] AXI S0_WVALID_RDY HANDSHAKE
[1375000] S0 MEMORY WRITE beat=131 addr=0c32f056 data=18ce9c6f12429e45 id=1e
[1375000] MASTER 1 W_VALID_RDY Handshake beat=132 wlast=0
[1385000] MASTER 1 W_VALID_RDY Handshake beat=133 wlast=0
[1385000] AXI S0_WVALID_RDY HANDSHAKE
[1385000] S0 MEMORY WRITE beat=132 addr=0c32f058 data=aec6b654e1945660 id=1e
[1395000] AXI S0_WVALID_RDY HANDSHAKE
[1395000] S0 MEMORY WRITE beat=133 addr=0c32f05a data=94299785c8f83a04 id=1e
[1395000] MASTER 1 W_VALID_RDY Handshake beat=134 wlast=0
[1405000] MASTER 1 W_VALID_RDY Handshake beat=135 wlast=0
[1405000] AXI S0_WVALID_RDY HANDSHAKE
[1405000] S0 MEMORY WRITE beat=134 addr=0c32f05c data=db3ad849debeb781 id=1e
[1415000] AXI S0_WVALID_RDY HANDSHAKE
[1415000] S0 MEMORY WRITE beat=135 addr=0c32f05e data=c0530de1acf833f4 id=1e
[1415000] MASTER 1 W_VALID_RDY Handshake beat=136 wlast=0
[1425000] MASTER 1 W_VALID_RDY Handshake beat=137 wlast=0
[1425000] AXI S0_WVALID_RDY HANDSHAKE
[1425000] S0 MEMORY WRITE beat=136 addr=0c32f060 data=f5f06df90a018e9e id=1e
[1435000] AXI S0_WVALID_RDY HANDSHAKE
[1435000] S0 MEMORY WRITE beat=137 addr=0c32f062 data=e8c0461fd47ca567 id=1e
[1435000] MASTER 1 W_VALID_RDY Handshake beat=138 wlast=0
[1445000] MASTER 1 W_VALID_RDY Handshake beat=139 wlast=0
[1445000] AXI S0_WVALID_RDY HANDSHAKE
[1445000] S0 MEMORY WRITE beat=138 addr=0c32f064 data=8174d95bd12b4642 id=1e
[1455000] AXI S0_WVALID_RDY HANDSHAKE
[1455000] S0 MEMORY WRITE beat=139 addr=0c32f066 data=db2cd4e0a9135400 id=1e
[1455000] MASTER 1 W_VALID_RDY Handshake beat=140 wlast=0
[1465000] MASTER 1 W_VALID_RDY Handshake beat=141 wlast=0
[1465000] AXI S0_WVALID_RDY HANDSHAKE
[1465000] S0 MEMORY WRITE beat=140 addr=0c32f068 data=fd8ff967f7654754 id=1e
[1475000] AXI S0_WVALID_RDY HANDSHAKE
[1475000] S0 MEMORY WRITE beat=141 addr=0c32f06a data=c8908d97c3ed1aff id=1e
[1475000] MASTER 1 W_VALID_RDY Handshake beat=142 wlast=0
[1485000] MASTER 1 W_VALID_RDY Handshake beat=143 wlast=0
[1485000] AXI S0_WVALID_RDY HANDSHAKE
[1485000] S0 MEMORY WRITE beat=142 addr=0c32f06c data=ed006f00ff04d2c3 id=1e
[1495000] AXI S0_WVALID_RDY HANDSHAKE
[1495000] S0 MEMORY WRITE beat=143 addr=0c32f06e data=f66a1a17a3bd6277 id=1e
[1495000] MASTER 1 W_VALID_RDY Handshake beat=144 wlast=0
[1505000] MASTER 1 W_VALID_RDY Handshake beat=145 wlast=0
[1505000] AXI S0_WVALID_RDY HANDSHAKE
[1505000] S0 MEMORY WRITE beat=144 addr=0c32f070 data=e7aa7d77ea906867 id=1e
[1515000] AXI S0_WVALID_RDY HANDSHAKE
[1515000] S0 MEMORY WRITE beat=145 addr=0c32f072 data=e9953b2abefaa7ae id=1e
[1515000] MASTER 1 W_VALID_RDY Handshake beat=146 wlast=0
[1525000] MASTER 1 W_VALID_RDY Handshake beat=147 wlast=0
[1525000] AXI S0_WVALID_RDY HANDSHAKE
[1525000] S0 MEMORY WRITE beat=146 addr=0c32f074 data=e2b80a26d4aaec77 id=1e
[1535000] AXI S0_WVALID_RDY HANDSHAKE
[1535000] S0 MEMORY WRITE beat=147 addr=0c32f076 data=bf3b54dedfff5542 id=1e
[1535000] MASTER 1 W_VALID_RDY Handshake beat=148 wlast=0
[1545000] MASTER 1 W_VALID_RDY Handshake beat=149 wlast=0
[1545000] AXI S0_WVALID_RDY HANDSHAKE
[1545000] S0 MEMORY WRITE beat=148 addr=0c32f078 data=9ef9fcf0ca62879d id=1e
[1555000] AXI S0_WVALID_RDY HANDSHAKE
[1555000] S0 MEMORY WRITE beat=149 addr=0c32f07a data=1f0d741428d09009 id=1e
[1555000] MASTER 1 W_VALID_RDY Handshake beat=150 wlast=0
[1565000] MASTER 1 W_VALID_RDY Handshake beat=151 wlast=0
[1565000] AXI S0_WVALID_RDY HANDSHAKE
[1565000] S0 MEMORY WRITE beat=150 addr=0c32f07c data=08cfe54b81b20716 id=1e
[1575000] AXI S0_WVALID_RDY HANDSHAKE
[1575000] S0 MEMORY WRITE beat=151 addr=0c32f07e data=cc148eb3de48c8f2 id=1e
[1575000] MASTER 1 W_VALID_RDY Handshake beat=152 wlast=0
[1585000] MASTER 1 W_VALID_RDY Handshake beat=153 wlast=0
[1585000] AXI S0_WVALID_RDY HANDSHAKE
[1585000] S0 MEMORY WRITE beat=152 addr=0c32f080 data=871958fba7c9e23b id=1e
[1595000] AXI S0_WVALID_RDY HANDSHAKE
[1595000] S0 MEMORY WRITE beat=153 addr=0c32f082 data=297be952eb2202c7 id=1e
[1595000] MASTER 1 W_VALID_RDY Handshake beat=154 wlast=0
[1605000] MASTER 1 W_VALID_RDY Handshake beat=155 wlast=0
[1605000] AXI S0_WVALID_RDY HANDSHAKE
[1605000] S0 MEMORY WRITE beat=154 addr=0c32f084 data=c96acbba8fe93e46 id=1e
[1615000] AXI S0_WVALID_RDY HANDSHAKE
[1615000] S0 MEMORY WRITE beat=155 addr=0c32f086 data=37b32082f5907805 id=1e
[1615000] MASTER 1 W_VALID_RDY Handshake beat=156 wlast=0
[1625000] MASTER 1 W_VALID_RDY Handshake beat=157 wlast=0
[1625000] AXI S0_WVALID_RDY HANDSHAKE
[1625000] S0 MEMORY WRITE beat=156 addr=0c32f088 data=e0b27acdd08424b5 id=1e
[1635000] AXI S0_WVALID_RDY HANDSHAKE
[1635000] S0 MEMORY WRITE beat=157 addr=0c32f08a data=e06d62fce12f09d4 id=1e
[1635000] MASTER 1 W_VALID_RDY Handshake beat=158 wlast=0
[1645000] MASTER 1 W_VALID_RDY Handshake beat=159 wlast=0
[1645000] AXI S0_WVALID_RDY HANDSHAKE
[1645000] S0 MEMORY WRITE beat=158 addr=0c32f08c data=d6bf81d92a1d4687 id=1e
[1655000] AXI S0_WVALID_RDY HANDSHAKE
[1655000] S0 MEMORY WRITE beat=159 addr=0c32f08e data=faa16b3c1820837e id=1e
[1655000] MASTER 1 W_VALID_RDY Handshake beat=160 wlast=0
[1665000] MASTER 1 W_VALID_RDY Handshake beat=161 wlast=0
[1665000] AXI S0_WVALID_RDY HANDSHAKE
[1665000] S0 MEMORY WRITE beat=160 addr=0c32f090 data=f94f8d52b771fca6 id=1e
[1675000] AXI S0_WVALID_RDY HANDSHAKE
[1675000] S0 MEMORY WRITE beat=161 addr=0c32f092 data=e18f432ddb0ece38 id=1e
[1675000] MASTER 1 W_VALID_RDY Handshake beat=162 wlast=0
[1685000] MASTER 1 W_VALID_RDY Handshake beat=163 wlast=0
[1685000] AXI S0_WVALID_RDY HANDSHAKE
[1685000] S0 MEMORY WRITE beat=162 addr=0c32f094 data=f32f51b6d00f0f2b id=1e
[1695000] AXI S0_WVALID_RDY HANDSHAKE
[1695000] S0 MEMORY WRITE beat=163 addr=0c32f096 data=07810bd2dc30ae6a id=1e
[1695000] MASTER 1 W_VALID_RDY Handshake beat=164 wlast=0
[1705000] MASTER 1 W_VALID_RDY Handshake beat=165 wlast=0
[1705000] AXI S0_WVALID_RDY HANDSHAKE
[1705000] S0 MEMORY WRITE beat=164 addr=0c32f098 data=b73f7ca2ec7edf08 id=1e
[1715000] AXI S0_WVALID_RDY HANDSHAKE
[1715000] S0 MEMORY WRITE beat=165 addr=0c32f09a data=3c8dee34e9104eff id=1e
[1715000] MASTER 1 W_VALID_RDY Handshake beat=166 wlast=0
[1725000] MASTER 1 W_VALID_RDY Handshake beat=167 wlast=0
[1725000] AXI S0_WVALID_RDY HANDSHAKE
[1725000] S0 MEMORY WRITE beat=166 addr=0c32f09c data=c540fd692a6ece59 id=1e
[1735000] AXI S0_WVALID_RDY HANDSHAKE
[1735000] S0 MEMORY WRITE beat=167 addr=0c32f09e data=96edad61c40efa06 id=1e
[1735000] MASTER 1 W_VALID_RDY Handshake beat=168 wlast=0
[1745000] MASTER 1 W_VALID_RDY Handshake beat=169 wlast=0
[1745000] AXI S0_WVALID_RDY HANDSHAKE
[1745000] S0 MEMORY WRITE beat=168 addr=0c32f0a0 data=ad1f4905fc807a0c id=1e
[1755000] AXI S0_WVALID_RDY HANDSHAKE
[1755000] S0 MEMORY WRITE beat=169 addr=0c32f0a2 data=26ef4865d37b9b95 id=1e
[1755000] MASTER 1 W_VALID_RDY Handshake beat=170 wlast=0
[1765000] MASTER 1 W_VALID_RDY Handshake beat=171 wlast=0
[1765000] AXI S0_WVALID_RDY HANDSHAKE
[1765000] S0 MEMORY WRITE beat=170 addr=0c32f0a4 data=978a959bf260466f id=1e
[1775000] AXI S0_WVALID_RDY HANDSHAKE
[1775000] S0 MEMORY WRITE beat=171 addr=0c32f0a6 data=eee0c07bbddcf5c6 id=1e
[1775000] MASTER 1 W_VALID_RDY Handshake beat=172 wlast=0
[1785000] MASTER 1 W_VALID_RDY Handshake beat=173 wlast=0
[1785000] AXI S0_WVALID_RDY HANDSHAKE
[1785000] S0 MEMORY WRITE beat=172 addr=0c32f0a8 data=1158915cc4a9dea1 id=1e
[1795000] AXI S0_WVALID_RDY HANDSHAKE
[1795000] S0 MEMORY WRITE beat=173 addr=0c32f0aa data=370a251015d008e0 id=1e
[1795000] MASTER 1 W_VALID_RDY Handshake beat=174 wlast=0
[1805000] MASTER 1 W_VALID_RDY Handshake beat=175 wlast=0
[1805000] AXI S0_WVALID_RDY HANDSHAKE
[1805000] S0 MEMORY WRITE beat=174 addr=0c32f0ac data=d3acfea6a8e326f7 id=1e
[1815000] AXI S0_WVALID_RDY HANDSHAKE
[1815000] S0 MEMORY WRITE beat=175 addr=0c32f0ae data=ed8d059825eae58b id=1e
[1815000] MASTER 1 W_VALID_RDY Handshake beat=176 wlast=0
[1825000] MASTER 1 W_VALID_RDY Handshake beat=177 wlast=0
[1825000] AXI S0_WVALID_RDY HANDSHAKE
[1825000] S0 MEMORY WRITE beat=176 addr=0c32f0b0 data=3bbaee6be5059002 id=1e
[1835000] AXI S0_WVALID_RDY HANDSHAKE
[1835000] S0 MEMORY WRITE beat=177 addr=0c32f0b2 data=0de8b6faa4972aa8 id=1e
[1835000] MASTER 1 W_VALID_RDY Handshake beat=178 wlast=0
[1845000] MASTER 1 W_VALID_RDY Handshake beat=179 wlast=0
[1845000] AXI S0_WVALID_RDY HANDSHAKE
[1845000] S0 MEMORY WRITE beat=178 addr=0c32f0b4 data=ca8210338f67ed11 id=1e
[1855000] AXI S0_WVALID_RDY HANDSHAKE
[1855000] S0 MEMORY WRITE beat=179 addr=0c32f0b6 data=f46d7d14fb75bc92 id=1e
[1855000] MASTER 1 W_VALID_RDY Handshake beat=180 wlast=0
[1865000] MASTER 1 W_VALID_RDY Handshake beat=181 wlast=0
[1865000] AXI S0_WVALID_RDY HANDSHAKE
[1865000] S0 MEMORY WRITE beat=180 addr=0c32f0b8 data=200ce73b863cfe9e id=1e
[1875000] AXI S0_WVALID_RDY HANDSHAKE
[1875000] S0 MEMORY WRITE beat=181 addr=0c32f0ba data=15a4ebb00256340e id=1e
[1875000] MASTER 1 W_VALID_RDY Handshake beat=182 wlast=0
[1885000] MASTER 1 W_VALID_RDY Handshake beat=183 wlast=0
[1885000] AXI S0_WVALID_RDY HANDSHAKE
[1885000] S0 MEMORY WRITE beat=182 addr=0c32f0bc data=fdcbf0a0ea8ef76e id=1e
[1895000] AXI S0_WVALID_RDY HANDSHAKE
[1895000] S0 MEMORY WRITE beat=183 addr=0c32f0be data=f0cbf60d0a1268c4 id=1e
[1895000] MASTER 1 W_VALID_RDY Handshake beat=184 wlast=0
[1905000] MASTER 1 W_VALID_RDY Handshake beat=185 wlast=0
[1905000] AXI S0_WVALID_RDY HANDSHAKE
[1905000] S0 MEMORY WRITE beat=184 addr=0c32f0c0 data=0c689cd29dd8d7db id=1e
[1915000] AXI S0_WVALID_RDY HANDSHAKE
[1915000] S0 MEMORY WRITE beat=185 addr=0c32f0c2 data=0867cf4a0670e1bd id=1e
[1915000] MASTER 1 W_VALID_RDY Handshake beat=186 wlast=0
[1925000] MASTER 1 W_VALID_RDY Handshake beat=187 wlast=0
[1925000] AXI S0_WVALID_RDY HANDSHAKE
[1925000] S0 MEMORY WRITE beat=186 addr=0c32f0c4 data=10834a818a348d72 id=1e
[1935000] AXI S0_WVALID_RDY HANDSHAKE
[1935000] S0 MEMORY WRITE beat=187 addr=0c32f0c6 data=280d654ef933c557 id=1e
[1935000] MASTER 1 W_VALID_RDY Handshake beat=188 wlast=0
[1945000] MASTER 1 W_VALID_RDY Handshake beat=189 wlast=0
[1945000] AXI S0_WVALID_RDY HANDSHAKE
[1945000] S0 MEMORY WRITE beat=188 addr=0c32f0c8 data=ffa4a7141cebe753 id=1e
[1955000] AXI S0_WVALID_RDY HANDSHAKE
[1955000] S0 MEMORY WRITE beat=189 addr=0c32f0ca data=a72074c530753498 id=1e
[1955000] MASTER 1 W_VALID_RDY Handshake beat=190 wlast=0
[1965000] MASTER 1 W_VALID_RDY Handshake beat=191 wlast=0
[1965000] AXI S0_WVALID_RDY HANDSHAKE
[1965000] S0 MEMORY WRITE beat=190 addr=0c32f0cc data=29a8f9ef1027f195 id=1e
[1975000] AXI S0_WVALID_RDY HANDSHAKE
[1975000] S0 MEMORY WRITE beat=191 addr=0c32f0ce data=2d13d8e8cf2dda13 id=1e
[1975000] MASTER 1 W_VALID_RDY Handshake beat=192 wlast=0
[1985000] MASTER 1 W_VALID_RDY Handshake beat=193 wlast=0
[1985000] AXI S0_WVALID_RDY HANDSHAKE
[1985000] S0 MEMORY WRITE beat=192 addr=0c32f0d0 data=ffa30eab294da103 id=1e
[1995000] AXI S0_WVALID_RDY HANDSHAKE
[1995000] S0 MEMORY WRITE beat=193 addr=0c32f0d2 data=39759298d4344dad id=1e
[1995000] MASTER 1 W_VALID_RDY Handshake beat=194 wlast=0
[2005000] MASTER 1 W_VALID_RDY Handshake beat=195 wlast=0
[2005000] AXI S0_WVALID_RDY HANDSHAKE
[2005000] S0 MEMORY WRITE beat=194 addr=0c32f0d4 data=236227c1a94c089a id=1e
[2015000] AXI S0_WVALID_RDY HANDSHAKE
[2015000] S0 MEMORY WRITE beat=195 addr=0c32f0d6 data=d299a99de6896b80 id=1e
[2015000] MASTER 1 W_VALID_RDY Handshake beat=196 wlast=0
[2025000] MASTER 1 W_VALID_RDY Handshake beat=197 wlast=0
[2025000] AXI S0_WVALID_RDY HANDSHAKE
[2025000] S0 MEMORY WRITE beat=196 addr=0c32f0d8 data=babdb92da305366c id=1e
[2035000] AXI S0_WVALID_RDY HANDSHAKE
[2035000] S0 MEMORY WRITE beat=197 addr=0c32f0da data=cc513f078c0f3c35 id=1e
[2035000] MASTER 1 W_VALID_RDY Handshake beat=198 wlast=0
[2045000] MASTER 1 W_VALID_RDY Handshake beat=199 wlast=0
[2045000] AXI S0_WVALID_RDY HANDSHAKE
[2045000] S0 MEMORY WRITE beat=198 addr=0c32f0dc data=f298a7b5de1fe0ee id=1e
[2055000] AXI S0_WVALID_RDY HANDSHAKE
[2055000] S0 MEMORY WRITE beat=199 addr=0c32f0de data=0125175b9eeae8a4 id=1e
[2055000] MASTER 1 W_VALID_RDY Handshake beat=200 wlast=0
[2065000] MASTER 1 W_VALID_RDY Handshake beat=201 wlast=0
[2065000] AXI S0_WVALID_RDY HANDSHAKE
[2065000] S0 MEMORY WRITE beat=200 addr=0c32f0e0 data=2afa24da2d5660e3 id=1e
[2075000] AXI S0_WVALID_RDY HANDSHAKE
[2075000] S0 MEMORY WRITE beat=201 addr=0c32f0e2 data=8b7641d1cd765662 id=1e
[2075000] MASTER 1 W_VALID_RDY Handshake beat=202 wlast=0
[2085000] MASTER 1 W_VALID_RDY Handshake beat=203 wlast=0
[2085000] AXI S0_WVALID_RDY HANDSHAKE
[2085000] S0 MEMORY WRITE beat=202 addr=0c32f0e4 data=ec613f069d92cc8f id=1e
[2095000] AXI S0_WVALID_RDY HANDSHAKE
[2095000] S0 MEMORY WRITE beat=203 addr=0c32f0e6 data=cae92d728c9b592c id=1e
[2095000] MASTER 1 W_VALID_RDY Handshake beat=204 wlast=0
[2105000] MASTER 1 W_VALID_RDY Handshake beat=205 wlast=0
[2105000] AXI S0_WVALID_RDY HANDSHAKE
[2105000] S0 MEMORY WRITE beat=204 addr=0c32f0e8 data=da11af8e975b63e0 id=1e
[2115000] AXI S0_WVALID_RDY HANDSHAKE
[2115000] S0 MEMORY WRITE beat=205 addr=0c32f0ea data=34ee3070d65f6f44 id=1e
[2115000] MASTER 1 W_VALID_RDY Handshake beat=206 wlast=0
[2125000] MASTER 1 W_VALID_RDY Handshake beat=207 wlast=0
[2125000] AXI S0_WVALID_RDY HANDSHAKE
[2125000] S0 MEMORY WRITE beat=206 addr=0c32f0ec data=e2fac870c672ee95 id=1e
[2135000] AXI S0_WVALID_RDY HANDSHAKE
[2135000] S0 MEMORY WRITE beat=207 addr=0c32f0ee data=ddce5275ffd75de2 id=1e
[2135000] MASTER 1 W_VALID_RDY Handshake beat=208 wlast=0
[2145000] MASTER 1 W_VALID_RDY Handshake beat=209 wlast=0
[2145000] AXI S0_WVALID_RDY HANDSHAKE
[2145000] S0 MEMORY WRITE beat=208 addr=0c32f0f0 data=d636cd263d0c77ff id=1e
[2155000] AXI S0_WVALID_RDY HANDSHAKE
[2155000] S0 MEMORY WRITE beat=209 addr=0c32f0f2 data=037f669492bc82e5 id=1e
[2155000] MASTER 1 W_VALID_RDY Handshake beat=210 wlast=0
[2165000] MASTER 1 W_VALID_RDY Handshake beat=211 wlast=0
[2165000] AXI S0_WVALID_RDY HANDSHAKE
[2165000] S0 MEMORY WRITE beat=210 addr=0c32f0f4 data=1293e0c839319597 id=1e
[2175000] AXI S0_WVALID_RDY HANDSHAKE
[2175000] S0 MEMORY WRITE beat=211 addr=0c32f0f6 data=f63e0d96e14db909 id=1e
[2175000] MASTER 1 W_VALID_RDY Handshake beat=212 wlast=0
[2185000] MASTER 1 W_VALID_RDY Handshake beat=213 wlast=0
[2185000] AXI S0_WVALID_RDY HANDSHAKE
[2185000] S0 MEMORY WRITE beat=212 addr=0c32f0f8 data=f40a3befe8caadee id=1e
[2195000] AXI S0_WVALID_RDY HANDSHAKE
[2195000] S0 MEMORY WRITE beat=213 addr=0c32f0fa data=a1fc4385f9bd742a id=1e
[2195000] MASTER 1 W_VALID_RDY Handshake beat=214 wlast=0
[2205000] MASTER 1 W_VALID_RDY Handshake beat=215 wlast=0
[2205000] AXI S0_WVALID_RDY HANDSHAKE
[2205000] S0 MEMORY WRITE beat=214 addr=0c32f0fc data=db0b2d33069e1cb7 id=1e
[2215000] AXI S0_WVALID_RDY HANDSHAKE
[2215000] S0 MEMORY WRITE beat=215 addr=0c32f0fe data=ef68caa5983a511b id=1e
[2215000] MASTER 1 W_VALID_RDY Handshake beat=216 wlast=0
[2225000] MASTER 1 W_VALID_RDY Handshake beat=217 wlast=0
[2225000] AXI S0_WVALID_RDY HANDSHAKE
[2225000] S0 MEMORY WRITE beat=216 addr=0c32f100 data=91f7c545cf156922 id=1e
[2235000] AXI S0_WVALID_RDY HANDSHAKE
[2235000] S0 MEMORY WRITE beat=217 addr=0c32f102 data=d5b385d911650e2b id=1e
[2235000] MASTER 1 W_VALID_RDY Handshake beat=218 wlast=0
[2245000] MASTER 1 W_VALID_RDY Handshake beat=219 wlast=0
[2245000] AXI S0_WVALID_RDY HANDSHAKE
[2245000] S0 MEMORY WRITE beat=218 addr=0c32f104 data=a99f5f46ed02f279 id=1e
[2255000] AXI S0_WVALID_RDY HANDSHAKE
[2255000] S0 MEMORY WRITE beat=219 addr=0c32f106 data=bc185b9bc51c507f id=1e
[2255000] MASTER 1 W_VALID_RDY Handshake beat=220 wlast=0
[2265000] MASTER 1 W_VALID_RDY Handshake beat=221 wlast=0
[2265000] AXI S0_WVALID_RDY HANDSHAKE
[2265000] S0 MEMORY WRITE beat=220 addr=0c32f108 data=d6815eaa3b97248c id=1e
[2275000] AXI S0_WVALID_RDY HANDSHAKE
[2275000] S0 MEMORY WRITE beat=221 addr=0c32f10a data=289a170511cbe175 id=1e
[2275000] MASTER 1 W_VALID_RDY Handshake beat=222 wlast=0
[2285000] MASTER 1 W_VALID_RDY Handshake beat=223 wlast=0
[2285000] AXI S0_WVALID_RDY HANDSHAKE
[2285000] S0 MEMORY WRITE beat=222 addr=0c32f10c data=d6e831f48020bdf0 id=1e
[2295000] AXI S0_WVALID_RDY HANDSHAKE
[2295000] S0 MEMORY WRITE beat=223 addr=0c32f10e data=bbb7e27ce4b272a0 id=1e
[2295000] MASTER 1 W_VALID_RDY Handshake beat=224 wlast=0
[2305000] MASTER 1 W_VALID_RDY Handshake beat=225 wlast=0
[2305000] AXI S0_WVALID_RDY HANDSHAKE
[2305000] S0 MEMORY WRITE beat=224 addr=0c32f110 data=f67e54152d69909e id=1e
[2315000] AXI S0_WVALID_RDY HANDSHAKE
[2315000] S0 MEMORY WRITE beat=225 addr=0c32f112 data=ad8a4e8ee451f981 id=1e
[2315000] MASTER 1 W_VALID_RDY Handshake beat=226 wlast=0
[2325000] MASTER 1 W_VALID_RDY Handshake beat=227 wlast=0
[2325000] AXI S0_WVALID_RDY HANDSHAKE
[2325000] S0 MEMORY WRITE beat=226 addr=0c32f114 data=c9046c22cd668609 id=1e
[2335000] AXI S0_WVALID_RDY HANDSHAKE
[2335000] S0 MEMORY WRITE beat=227 addr=0c32f116 data=fad016a7e942310b id=1e
[2335000] MASTER 1 W_VALID_RDY Handshake beat=228 wlast=0
[2345000] MASTER 1 W_VALID_RDY Handshake beat=229 wlast=0
[2345000] AXI S0_WVALID_RDY HANDSHAKE
[2345000] S0 MEMORY WRITE beat=228 addr=0c32f118 data=cd942a8cbf82c037 id=1e
[2355000] AXI S0_WVALID_RDY HANDSHAKE
[2355000] S0 MEMORY WRITE beat=229 addr=0c32f11a data=0ce94641285a6536 id=1e
[2355000] MASTER 1 W_VALID_RDY Handshake beat=230 wlast=0
[2365000] MASTER 1 W_VALID_RDY Handshake beat=231 wlast=0
[2365000] AXI S0_WVALID_RDY HANDSHAKE
[2365000] S0 MEMORY WRITE beat=230 addr=0c32f11c data=119c9641969896ae id=1e
[2375000] AXI S0_WVALID_RDY HANDSHAKE
[2375000] S0 MEMORY WRITE beat=231 addr=0c32f11e data=d61b56e687b95ce8 id=1e
[2375000] MASTER 1 W_VALID_RDY Handshake beat=232 wlast=0
[2385000] MASTER 1 W_VALID_RDY Handshake beat=233 wlast=0
[2385000] AXI S0_WVALID_RDY HANDSHAKE
[2385000] S0 MEMORY WRITE beat=232 addr=0c32f120 data=b013c21edf30c0cd id=1e
[2395000] AXI S0_WVALID_RDY HANDSHAKE
[2395000] S0 MEMORY WRITE beat=233 addr=0c32f122 data=f5c9577ce3049d27 id=1e
[2395000] MASTER 1 W_VALID_RDY Handshake beat=234 wlast=0
[2405000] MASTER 1 W_VALID_RDY Handshake beat=235 wlast=0
[2405000] AXI S0_WVALID_RDY HANDSHAKE
[2405000] S0 MEMORY WRITE beat=234 addr=0c32f124 data=eabdfa0fc1b0585f id=1e
[2415000] AXI S0_WVALID_RDY HANDSHAKE
[2415000] S0 MEMORY WRITE beat=235 addr=0c32f126 data=20e1192dcbe4ae62 id=1e
[2415000] MASTER 1 W_VALID_RDY Handshake beat=236 wlast=0
[2425000] MASTER 1 W_VALID_RDY Handshake beat=237 wlast=0
[2425000] AXI S0_WVALID_RDY HANDSHAKE
[2425000] S0 MEMORY WRITE beat=236 addr=0c32f128 data=2ee94b891ad1bc2e id=1e
[2435000] AXI S0_WVALID_RDY HANDSHAKE
[2435000] S0 MEMORY WRITE beat=237 addr=0c32f12a data=dc82148d16aa70a9 id=1e
[2435000] MASTER 1 W_VALID_RDY Handshake beat=238 wlast=0
[2445000] MASTER 1 W_VALID_RDY Handshake beat=239 wlast=0
[2445000] AXI S0_WVALID_RDY HANDSHAKE
[2445000] S0 MEMORY WRITE beat=238 addr=0c32f12c data=e28f1f0b99a74598 id=1e
[2455000] AXI S0_WVALID_RDY HANDSHAKE
[2455000] S0 MEMORY WRITE beat=239 addr=0c32f12e data=b47901c6fd632dba id=1e
[2455000] MASTER 1 W_VALID_RDY Handshake beat=240 wlast=0
[2465000] MASTER 1 W_VALID_RDY Handshake beat=241 wlast=0
[2465000] AXI S0_WVALID_RDY HANDSHAKE
[2465000] S0 MEMORY WRITE beat=240 addr=0c32f130 data=940d9e6311786a94 id=1e
[2475000] AXI S0_WVALID_RDY HANDSHAKE
[2475000] S0 MEMORY WRITE beat=241 addr=0c32f132 data=ab1fb02c10fb1654 id=1e
[2475000] MASTER 1 W_VALID_RDY Handshake beat=242 wlast=1
[2475000] MASTER_DRIVER1 received transaction, op=AXI_READ
[2485000] AXI S0_WVALID_RDY HANDSHAKE
[2485000] S0 MEMORY WRITE beat=242 addr=0c32f134 data=8e5e440ef69cbd6e id=1e
[2495000] SLAVE0 sent B resp, id=14
[2495000] [SLAVE MONITOR] mst_id=1 s_id=0 awaddr=c32ef50 awid=1110 awlen=242 awsize=1 awburst=1 wdata=[e00a735503c60221 d11a6cead54b1006 9fcf2571b0e87c47 b4ae7e6818340733 ed7f1739ffd998c7 b0c2150e85c8eb52 9dfcf2858d4e3caa 8d27d571e5709377 eb397ec98b7c09be 18ca46693de9ea80 235a7df70936714f 94b27b0da5f21bda e3dc065a8e93fcc0 97ca6e0fad7cc176 d36edd5187368451 15ca81122c7ce91d d9f9aa93b74ae3ab 3e8167fdad94ef21 da11d83ead6887e4 e4b36b90d44be90f 81e0d830340b82d2 e1740ab62334d38d f780bc9cdbf2b06f ffe3341c6277646 e95c49d3f96194cc d554453bf1723df7 3799b43ee0dd066f da3e9b3ce552787c d6c4b674a0f5fe11 1d30481af92e077 14e558f40e5e6ab2 af5468c3dc119fbd 8ba48034ebaa0f68 fa087a1ab1276d44 8d390d01a089d928 8c33e890a95ce2dd da84502218dd8d36 b967665e863c62aa 2f994588e7bd5d23 809aea59c59b4eef cbd7b1990a1d95aa f1daf2cd3a0250b8 ff9d9fa7fb70f721 858e8ccbf275dd27 2c782ddfcb755140 c6e64862f7697f99 e9df5cc02c15cd86 f78b1ec6cc74d52d c3de54c616578a9f c26d5825be716728 ae63c56adbdb186 c4153c25b9f876eb f869de14cec4911c fc8242a38682944a c07b0b3603501a6a d214ab86c0977ec8 c71a131338e4e94a 3c3503b4ce96ee29 f2e6cf207951e49 c07a07938e49af3a dce09d64d6488005 dddd9e4efcaf0b47 8af8ba81ec0f0a56 c2578a5b1e57a5e1 1b06b128e7d957e5 d3e8623b203528a9 3e8cce8aa5ff6ba9 dd8c38f963fec96 b675153fd9937fb2 ff92eb5be1c125ca f8011261f501e3c9 ce95637b8d6baeea ef2cd4b5ae7627a0 23780b6ace284ed7 db93fdc1e72de716 95a40eb6f20d6ee5 c035bdbccac0d276 b1eeb98cb91c1a20 2b2989061bc9bb7e e68a8df4c792c843 80aee263eb5f46c2 8729024018794781 e00c0fc4abd86b69 1737b22cedb39035 62cd7b6e0baf227 c935d919e60b46c 8c1444a1e638e77a c6f3d9a123cb0fbd c22bc42992411c57 f87a03d1d3873732 f75246efce4008cb e08125223f6ddd73 92f514a5397e0b19 7be13e4d8fb28f4 186906670a475b95 c3c566aee83f3906 c13a61faab5e1b0c b5a576a1cb837a92 b3c2b398d9a36861 501836ef96add4f c4ee57e1f4fd1593 cea07df4baa6fa0f 3411d75ff8b10b7a edae210dd3a20162 e48fb72f9002f40 f1b13ababc4e9f01 ff0a064c25ad2d1 bb5b0211df5f5bc7 1badfac91e399bd6 e0946ea72d0c3ccc 8c6b98932b9e9b2d c9d837039bef70b8 c8fbad84a819935c d3b82e892a6ca5aa c65c1662d5674618 fd80d9749d90658c c7fd0b360f57c3e7 e4bf09ffd13907fe eec96d8a0e592199 1db0e580e23fe373 b378eb7136c678c1 c51f9a5a026fef7f e4afd2f2224258fc d908d1bde2d07fda e5406f591828be64 3a6b17601e286c17 f8ebf1c9f0424b e21900af1373e91d 319c5534e6395b4a b0299d959c84180f aff8012c32954125 18ce9c6f12429e45 aec6b654e1945660 94299785c8f83a04 db3ad849debeb781 c0530de1acf833f4 f5f06df90a018e9e e8c0461fd47ca567 8174d95bd12b4642 db2cd4e0a9135400 fd8ff967f7654754 c8908d97c3ed1aff ed006f00ff04d2c3 f66a1a17a3bd6277 e7aa7d77ea906867 e9953b2abefaa7ae e2b80a26d4aaec77 bf3b54dedfff5542 9ef9fcf0ca62879d 1f0d741428d09009 8cfe54b81b20716 cc148eb3de48c8f2 871958fba7c9e23b 297be952eb2202c7 c96acbba8fe93e46 37b32082f5907805 e0b27acdd08424b5 e06d62fce12f09d4 d6bf81d92a1d4687 faa16b3c1820837e f94f8d52b771fca6 e18f432ddb0ece38 f32f51b6d00f0f2b 7810bd2dc30ae6a b73f7ca2ec7edf08 3c8dee34e9104eff c540fd692a6ece59 96edad61c40efa06 ad1f4905fc807a0c 26ef4865d37b9b95 978a959bf260466f eee0c07bbddcf5c6 1158915cc4a9dea1 370a251015d008e0 d3acfea6a8e326f7 ed8d059825eae58b 3bbaee6be5059002 de8b6faa4972aa8 ca8210338f67ed11 f46d7d14fb75bc92 200ce73b863cfe9e 15a4ebb00256340e fdcbf0a0ea8ef76e f0cbf60d0a1268c4 c689cd29dd8d7db 867cf4a0670e1bd 10834a818a348d72 280d654ef933c557 ffa4a7141cebe753 a72074c530753498 29a8f9ef1027f195 2d13d8e8cf2dda13 ffa30eab294da103 39759298d4344dad 236227c1a94c089a d299a99de6896b80 babdb92da305366c cc513f078c0f3c35 f298a7b5de1fe0ee 125175b9eeae8a4 2afa24da2d5660e3 8b7641d1cd765662 ec613f069d92cc8f cae92d728c9b592c da11af8e975b63e0 34ee3070d65f6f44 e2fac870c672ee95 ddce5275ffd75de2 d636cd263d0c77ff 37f669492bc82e5 1293e0c839319597 f63e0d96e14db909 f40a3befe8caadee a1fc4385f9bd742a db0b2d33069e1cb7 ef68caa5983a511b 91f7c545cf156922 d5b385d911650e2b a99f5f46ed02f279 bc185b9bc51c507f d6815eaa3b97248c 289a170511cbe175 d6e831f48020bdf0 bbb7e27ce4b272a0 f67e54152d69909e ad8a4e8ee451f981 c9046c22cd668609 fad016a7e942310b cd942a8cbf82c037 ce94641285a6536 119c9641969896ae d61b56e687b95ce8 b013c21edf30c0cd f5c9577ce3049d27 eabdfa0fc1b0585f 20e1192dcbe4ae62 2ee94b891ad1bc2e dc82148d16aa70a9 e28f1f0b99a74598 b47901c6fd632dba 940d9e6311786a94 ab1fb02c10fb1654 8e5e440ef69cbd6e ] wstrb=[f3 2 72 47 2f e0 55 22 e3 c7 69 12 a8 be 34 8b 86 9d 9d 2e 5b d1 b9 e1 6e 56 f c9 27 c8 ab 95 1e ba 5e 45 83 9 da a1 c4 39 e7 47 42 c1 e8 6 fa cf 4d 3d 91 36 43 8b 5 91 c8 96 c7 c 22 cc 9d ea 63 64 f6 85 30 93 6f 93 f7 66 18 28 f9 88 bb f1 ee d4 19 e7 5c d4 d8 4a a8 f1 31 4 c6 a 4e 6e fb 80 73 c1 8a c1 30 85 41 a3 47 cb 64 77 51 a6 1a 98 71 7e f c2 24 29 5a 96 a7 69 58 cc 92 b3 62 3a 1c ba 6 af 6d 68 e9 8a 22 ef 39 90 57 22 1a 79 11 53 9 68 75 23 e1 86 76 eb ee eb e cf 71 85 ba 5f 70 c9 2f e2 4e e9 41 be b2 70 a0 0 5a e2 bf c 52 5f d ac 41 cc b9 94 2b c6 40 6d 92 f9 1 bd bf 41 2a 51 3b 2b f fa 6d 39 4c a8 65 5b a2 d2 94 ee 7a f9 49 1c cb de b 45 d7 54 62 a3 32 6d e8 a c1 4a ad f4 b7 95 fe 79 e0 ab 6d ] bresp=0 bid=11110
[2495000] MASTER_DRIVER1 received transaction, op=AXI_READ
[2505000] ARB MONITOR: slave=0 m0_req=0 m1_req=1 winner=1
[2505000] AXI S0_ARVALID_RDY HANDSHAKE
[2505000] MEMORY READ MISS beat=0 addr=7d00990 -> default data id=17
[2515000] MEMORY READ MISS beat=1 addr=7d00998 -> default data id=17
[2515000] SLAVE 0 R_VALID_RDY Handshake beat=0 rlast=0
[2515000] MASTER 1 B_VALID_RDY Handshake
[2515000] [MASTER MONITOR] mst_id=1 s_id=0 awaddr=c32ef50 awid=1110 awlen=242 awsize=1 awburst=1 wdata=[e00a735503c60221 d11a6cead54b1006 9fcf2571b0e87c47 b4ae7e6818340733 ed7f1739ffd998c7 b0c2150e85c8eb52 9dfcf2858d4e3caa 8d27d571e5709377 eb397ec98b7c09be 18ca46693de9ea80 235a7df70936714f 94b27b0da5f21bda e3dc065a8e93fcc0 97ca6e0fad7cc176 d36edd5187368451 15ca81122c7ce91d d9f9aa93b74ae3ab 3e8167fdad94ef21 da11d83ead6887e4 e4b36b90d44be90f 81e0d830340b82d2 e1740ab62334d38d f780bc9cdbf2b06f ffe3341c6277646 e95c49d3f96194cc d554453bf1723df7 3799b43ee0dd066f da3e9b3ce552787c d6c4b674a0f5fe11 1d30481af92e077 14e558f40e5e6ab2 af5468c3dc119fbd 8ba48034ebaa0f68 fa087a1ab1276d44 8d390d01a089d928 8c33e890a95ce2dd da84502218dd8d36 b967665e863c62aa 2f994588e7bd5d23 809aea59c59b4eef cbd7b1990a1d95aa f1daf2cd3a0250b8 ff9d9fa7fb70f721 858e8ccbf275dd27 2c782ddfcb755140 c6e64862f7697f99 e9df5cc02c15cd86 f78b1ec6cc74d52d c3de54c616578a9f c26d5825be716728 ae63c56adbdb186 c4153c25b9f876eb f869de14cec4911c fc8242a38682944a c07b0b3603501a6a d214ab86c0977ec8 c71a131338e4e94a 3c3503b4ce96ee29 f2e6cf207951e49 c07a07938e49af3a dce09d64d6488005 dddd9e4efcaf0b47 8af8ba81ec0f0a56 c2578a5b1e57a5e1 1b06b128e7d957e5 d3e8623b203528a9 3e8cce8aa5ff6ba9 dd8c38f963fec96 b675153fd9937fb2 ff92eb5be1c125ca f8011261f501e3c9 ce95637b8d6baeea ef2cd4b5ae7627a0 23780b6ace284ed7 db93fdc1e72de716 95a40eb6f20d6ee5 c035bdbccac0d276 b1eeb98cb91c1a20 2b2989061bc9bb7e e68a8df4c792c843 80aee263eb5f46c2 8729024018794781 e00c0fc4abd86b69 1737b22cedb39035 62cd7b6e0baf227 c935d919e60b46c 8c1444a1e638e77a c6f3d9a123cb0fbd c22bc42992411c57 f87a03d1d3873732 f75246efce4008cb e08125223f6ddd73 92f514a5397e0b19 7be13e4d8fb28f4 186906670a475b95 c3c566aee83f3906 c13a61faab5e1b0c b5a576a1cb837a92 b3c2b398d9a36861 501836ef96add4f c4ee57e1f4fd1593 cea07df4baa6fa0f 3411d75ff8b10b7a edae210dd3a20162 e48fb72f9002f40 f1b13ababc4e9f01 ff0a064c25ad2d1 bb5b0211df5f5bc7 1badfac91e399bd6 e0946ea72d0c3ccc 8c6b98932b9e9b2d c9d837039bef70b8 c8fbad84a819935c d3b82e892a6ca5aa c65c1662d5674618 fd80d9749d90658c c7fd0b360f57c3e7 e4bf09ffd13907fe eec96d8a0e592199 1db0e580e23fe373 b378eb7136c678c1 c51f9a5a026fef7f e4afd2f2224258fc d908d1bde2d07fda e5406f591828be64 3a6b17601e286c17 f8ebf1c9f0424b e21900af1373e91d 319c5534e6395b4a b0299d959c84180f aff8012c32954125 18ce9c6f12429e45 aec6b654e1945660 94299785c8f83a04 db3ad849debeb781 c0530de1acf833f4 f5f06df90a018e9e e8c0461fd47ca567 8174d95bd12b4642 db2cd4e0a9135400 fd8ff967f7654754 c8908d97c3ed1aff ed006f00ff04d2c3 f66a1a17a3bd6277 e7aa7d77ea906867 e9953b2abefaa7ae e2b80a26d4aaec77 bf3b54dedfff5542 9ef9fcf0ca62879d 1f0d741428d09009 8cfe54b81b20716 cc148eb3de48c8f2 871958fba7c9e23b 297be952eb2202c7 c96acbba8fe93e46 37b32082f5907805 e0b27acdd08424b5 e06d62fce12f09d4 d6bf81d92a1d4687 faa16b3c1820837e f94f8d52b771fca6 e18f432ddb0ece38 f32f51b6d00f0f2b 7810bd2dc30ae6a b73f7ca2ec7edf08 3c8dee34e9104eff c540fd692a6ece59 96edad61c40efa06 ad1f4905fc807a0c 26ef4865d37b9b95 978a959bf260466f eee0c07bbddcf5c6 1158915cc4a9dea1 370a251015d008e0 d3acfea6a8e326f7 ed8d059825eae58b 3bbaee6be5059002 de8b6faa4972aa8 ca8210338f67ed11 f46d7d14fb75bc92 200ce73b863cfe9e 15a4ebb00256340e fdcbf0a0ea8ef76e f0cbf60d0a1268c4 c689cd29dd8d7db 867cf4a0670e1bd 10834a818a348d72 280d654ef933c557 ffa4a7141cebe753 a72074c530753498 29a8f9ef1027f195 2d13d8e8cf2dda13 ffa30eab294da103 39759298d4344dad 236227c1a94c089a d299a99de6896b80 babdb92da305366c cc513f078c0f3c35 f298a7b5de1fe0ee 125175b9eeae8a4 2afa24da2d5660e3 8b7641d1cd765662 ec613f069d92cc8f cae92d728c9b592c da11af8e975b63e0 34ee3070d65f6f44 e2fac870c672ee95 ddce5275ffd75de2 d636cd263d0c77ff 37f669492bc82e5 1293e0c839319597 f63e0d96e14db909 f40a3befe8caadee a1fc4385f9bd742a db0b2d33069e1cb7 ef68caa5983a511b 91f7c545cf156922 d5b385d911650e2b a99f5f46ed02f279 bc185b9bc51c507f d6815eaa3b97248c 289a170511cbe175 d6e831f48020bdf0 bbb7e27ce4b272a0 f67e54152d69909e ad8a4e8ee451f981 c9046c22cd668609 fad016a7e942310b cd942a8cbf82c037 ce94641285a6536 119c9641969896ae d61b56e687b95ce8 b013c21edf30c0cd f5c9577ce3049d27 eabdfa0fc1b0585f 20e1192dcbe4ae62 2ee94b891ad1bc2e dc82148d16aa70a9 e28f1f0b99a74598 b47901c6fd632dba 940d9e6311786a94 ab1fb02c10fb1654 8e5e440ef69cbd6e ] wstrb=[f3 2 72 47 2f e0 55 22 e3 c7 69 12 a8 be 34 8b 86 9d 9d 2e 5b d1 b9 e1 6e 56 f c9 27 c8 ab 95 1e ba 5e 45 83 9 da a1 c4 39 e7 47 42 c1 e8 6 fa cf 4d 3d 91 36 43 8b 5 91 c8 96 c7 c 22 cc 9d ea 63 64 f6 85 30 93 6f 93 f7 66 18 28 f9 88 bb f1 ee d4 19 e7 5c d4 d8 4a a8 f1 31 4 c6 a 4e 6e fb 80 73 c1 8a c1 30 85 41 a3 47 cb 64 77 51 a6 1a 98 71 7e f c2 24 29 5a 96 a7 69 58 cc 92 b3 62 3a 1c ba 6 af 6d 68 e9 8a 22 ef 39 90 57 22 1a 79 11 53 9 68 75 23 e1 86 76 eb ee eb e cf 71 85 ba 5f 70 c9 2f e2 4e e9 41 be b2 70 a0 0 5a e2 bf c 52 5f d ac 41 cc b9 94 2b c6 40 6d 92 f9 1 bd bf 41 2a 51 3b 2b f fa 6d 39 4c a8 65 5b a2 d2 94 ee 7a f9 49 1c cb de b 45 d7 54 62 a3 32 6d e8 a c1 4a ad f4 b7 95 fe 79 e0 ab 6d ] bresp=0 bid=1110
[2515000] MASTER 1 RECEIVED BRESP. BRESP=0
[2515000] [MASTER DRIVER] mst_id=1 s_id=0 awaddr=c32ef50 awid=1110 awlen=242 awsize=1 awburst=1 wdata=[e00a735503c60221 d11a6cead54b1006 9fcf2571b0e87c47 b4ae7e6818340733 ed7f1739ffd998c7 b0c2150e85c8eb52 9dfcf2858d4e3caa 8d27d571e5709377 eb397ec98b7c09be 18ca46693de9ea80 235a7df70936714f 94b27b0da5f21bda e3dc065a8e93fcc0 97ca6e0fad7cc176 d36edd5187368451 15ca81122c7ce91d d9f9aa93b74ae3ab 3e8167fdad94ef21 da11d83ead6887e4 e4b36b90d44be90f 81e0d830340b82d2 e1740ab62334d38d f780bc9cdbf2b06f ffe3341c6277646 e95c49d3f96194cc d554453bf1723df7 3799b43ee0dd066f da3e9b3ce552787c d6c4b674a0f5fe11 1d30481af92e077 14e558f40e5e6ab2 af5468c3dc119fbd 8ba48034ebaa0f68 fa087a1ab1276d44 8d390d01a089d928 8c33e890a95ce2dd da84502218dd8d36 b967665e863c62aa 2f994588e7bd5d23 809aea59c59b4eef cbd7b1990a1d95aa f1daf2cd3a0250b8 ff9d9fa7fb70f721 858e8ccbf275dd27 2c782ddfcb755140 c6e64862f7697f99 e9df5cc02c15cd86 f78b1ec6cc74d52d c3de54c616578a9f c26d5825be716728 ae63c56adbdb186 c4153c25b9f876eb f869de14cec4911c fc8242a38682944a c07b0b3603501a6a d214ab86c0977ec8 c71a131338e4e94a 3c3503b4ce96ee29 f2e6cf207951e49 c07a07938e49af3a dce09d64d6488005 dddd9e4efcaf0b47 8af8ba81ec0f0a56 c2578a5b1e57a5e1 1b06b128e7d957e5 d3e8623b203528a9 3e8cce8aa5ff6ba9 dd8c38f963fec96 b675153fd9937fb2 ff92eb5be1c125ca f8011261f501e3c9 ce95637b8d6baeea ef2cd4b5ae7627a0 23780b6ace284ed7 db93fdc1e72de716 95a40eb6f20d6ee5 c035bdbccac0d276 b1eeb98cb91c1a20 2b2989061bc9bb7e e68a8df4c792c843 80aee263eb5f46c2 8729024018794781 e00c0fc4abd86b69 1737b22cedb39035 62cd7b6e0baf227 c935d919e60b46c 8c1444a1e638e77a c6f3d9a123cb0fbd c22bc42992411c57 f87a03d1d3873732 f75246efce4008cb e08125223f6ddd73 92f514a5397e0b19 7be13e4d8fb28f4 186906670a475b95 c3c566aee83f3906 c13a61faab5e1b0c b5a576a1cb837a92 b3c2b398d9a36861 501836ef96add4f c4ee57e1f4fd1593 cea07df4baa6fa0f 3411d75ff8b10b7a edae210dd3a20162 e48fb72f9002f40 f1b13ababc4e9f01 ff0a064c25ad2d1 bb5b0211df5f5bc7 1badfac91e399bd6 e0946ea72d0c3ccc 8c6b98932b9e9b2d c9d837039bef70b8 c8fbad84a819935c d3b82e892a6ca5aa c65c1662d5674618 fd80d9749d90658c c7fd0b360f57c3e7 e4bf09ffd13907fe eec96d8a0e592199 1db0e580e23fe373 b378eb7136c678c1 c51f9a5a026fef7f e4afd2f2224258fc d908d1bde2d07fda e5406f591828be64 3a6b17601e286c17 f8ebf1c9f0424b e21900af1373e91d 319c5534e6395b4a b0299d959c84180f aff8012c32954125 18ce9c6f12429e45 aec6b654e1945660 94299785c8f83a04 db3ad849debeb781 c0530de1acf833f4 f5f06df90a018e9e e8c0461fd47ca567 8174d95bd12b4642 db2cd4e0a9135400 fd8ff967f7654754 c8908d97c3ed1aff ed006f00ff04d2c3 f66a1a17a3bd6277 e7aa7d77ea906867 e9953b2abefaa7ae e2b80a26d4aaec77 bf3b54dedfff5542 9ef9fcf0ca62879d 1f0d741428d09009 8cfe54b81b20716 cc148eb3de48c8f2 871958fba7c9e23b 297be952eb2202c7 c96acbba8fe93e46 37b32082f5907805 e0b27acdd08424b5 e06d62fce12f09d4 d6bf81d92a1d4687 faa16b3c1820837e f94f8d52b771fca6 e18f432ddb0ece38 f32f51b6d00f0f2b 7810bd2dc30ae6a b73f7ca2ec7edf08 3c8dee34e9104eff c540fd692a6ece59 96edad61c40efa06 ad1f4905fc807a0c 26ef4865d37b9b95 978a959bf260466f eee0c07bbddcf5c6 1158915cc4a9dea1 370a251015d008e0 d3acfea6a8e326f7 ed8d059825eae58b 3bbaee6be5059002 de8b6faa4972aa8 ca8210338f67ed11 f46d7d14fb75bc92 200ce73b863cfe9e 15a4ebb00256340e fdcbf0a0ea8ef76e f0cbf60d0a1268c4 c689cd29dd8d7db 867cf4a0670e1bd 10834a818a348d72 280d654ef933c557 ffa4a7141cebe753 a72074c530753498 29a8f9ef1027f195 2d13d8e8cf2dda13 ffa30eab294da103 39759298d4344dad 236227c1a94c089a d299a99de6896b80 babdb92da305366c cc513f078c0f3c35 f298a7b5de1fe0ee 125175b9eeae8a4 2afa24da2d5660e3 8b7641d1cd765662 ec613f069d92cc8f cae92d728c9b592c da11af8e975b63e0 34ee3070d65f6f44 e2fac870c672ee95 ddce5275ffd75de2 d636cd263d0c77ff 37f669492bc82e5 1293e0c839319597 f63e0d96e14db909 f40a3befe8caadee a1fc4385f9bd742a db0b2d33069e1cb7 ef68caa5983a511b 91f7c545cf156922 d5b385d911650e2b a99f5f46ed02f279 bc185b9bc51c507f d6815eaa3b97248c 289a170511cbe175 d6e831f48020bdf0 bbb7e27ce4b272a0 f67e54152d69909e ad8a4e8ee451f981 c9046c22cd668609 fad016a7e942310b cd942a8cbf82c037 ce94641285a6536 119c9641969896ae d61b56e687b95ce8 b013c21edf30c0cd f5c9577ce3049d27 eabdfa0fc1b0585f 20e1192dcbe4ae62 2ee94b891ad1bc2e dc82148d16aa70a9 e28f1f0b99a74598 b47901c6fd632dba 940d9e6311786a94 ab1fb02c10fb1654 8e5e440ef69cbd6e ] wstrb=[f3 2 72 47 2f e0 55 22 e3 c7 69 12 a8 be 34 8b 86 9d 9d 2e 5b d1 b9 e1 6e 56 f c9 27 c8 ab 95 1e ba 5e 45 83 9 da a1 c4 39 e7 47 42 c1 e8 6 fa cf 4d 3d 91 36 43 8b 5 91 c8 96 c7 c 22 cc 9d ea 63 64 f6 85 30 93 6f 93 f7 66 18 28 f9 88 bb f1 ee d4 19 e7 5c d4 d8 4a a8 f1 31 4 c6 a 4e 6e fb 80 73 c1 8a c1 30 85 41 a3 47 cb 64 77 51 a6 1a 98 71 7e f c2 24 29 5a 96 a7 69 58 cc 92 b3 62 3a 1c ba 6 af 6d 68 e9 8a 22 ef 39 90 57 22 1a 79 11 53 9 68 75 23 e1 86 76 eb ee eb e cf 71 85 ba 5f 70 c9 2f e2 4e e9 41 be b2 70 a0 0 5a e2 bf c 52 5f d ac 41 cc b9 94 2b c6 40 6d 92 f9 1 bd bf 41 2a 51 3b 2b f fa 6d 39 4c a8 65 5b a2 d2 94 ee 7a f9 49 1c cb de b 45 d7 54 62 a3 32 6d e8 a c1 4a ad f4 b7 95 fe 79 e0 ab 6d ] bresp=0 bid=1110
[2515000] SCOREBOARD MATCH: decode_err expected = 0, actual =0
[2515000] SCOREBOARD MATCH: slave_id expected = 0, actual =0
[2515000] SCOREBOARD MATCH: awaddr passthrough expected = c32ef50, actual =c32ef50
[2515000] SCOREBOARD MATCH: awlen passthrough expected = 242, actual =242
[2515000] SCOREBOARD MATCH: awsize passthrough expected = 1, actual =1
[2515000] SCOREBOARD MATCH: awburst passthrough expected = 1, actual =1
[2515000] SCOREBOARD MATCH: wdata size check expected = f3, actual =f3
[2515000] SCOREBOARD MATCH: wdata passthrough beat=0 expected = e00a735503c60221, actual =e00a735503c60221
[2515000] SCOREBOARD MATCH: wdata passthrough beat=1 expected = d11a6cead54b1006, actual =d11a6cead54b1006
[2515000] SCOREBOARD MATCH: wdata passthrough beat=2 expected = 9fcf2571b0e87c47, actual =9fcf2571b0e87c47
[2515000] SCOREBOARD MATCH: wdata passthrough beat=3 expected = b4ae7e6818340733, actual =b4ae7e6818340733
[2515000] SCOREBOARD MATCH: wdata passthrough beat=4 expected = ed7f1739ffd998c7, actual =ed7f1739ffd998c7
[2515000] SCOREBOARD MATCH: wdata passthrough beat=5 expected = b0c2150e85c8eb52, actual =b0c2150e85c8eb52
[2515000] SCOREBOARD MATCH: wdata passthrough beat=6 expected = 9dfcf2858d4e3caa, actual =9dfcf2858d4e3caa
[2515000] SCOREBOARD MATCH: wdata passthrough beat=7 expected = 8d27d571e5709377, actual =8d27d571e5709377
[2515000] SCOREBOARD MATCH: wdata passthrough beat=8 expected = eb397ec98b7c09be, actual =eb397ec98b7c09be
[2515000] SCOREBOARD MATCH: wdata passthrough beat=9 expected = 18ca46693de9ea80, actual =18ca46693de9ea80
[2515000] SCOREBOARD MATCH: wdata passthrough beat=10 expected = 235a7df70936714f, actual =235a7df70936714f
[2515000] SCOREBOARD MATCH: wdata passthrough beat=11 expected = 94b27b0da5f21bda, actual =94b27b0da5f21bda
[2515000] SCOREBOARD MATCH: wdata passthrough beat=12 expected = e3dc065a8e93fcc0, actual =e3dc065a8e93fcc0
[2515000] SCOREBOARD MATCH: wdata passthrough beat=13 expected = 97ca6e0fad7cc176, actual =97ca6e0fad7cc176
[2515000] SCOREBOARD MATCH: wdata passthrough beat=14 expected = d36edd5187368451, actual =d36edd5187368451
[2515000] SCOREBOARD MATCH: wdata passthrough beat=15 expected = 15ca81122c7ce91d, actual =15ca81122c7ce91d
[2515000] SCOREBOARD MATCH: wdata passthrough beat=16 expected = d9f9aa93b74ae3ab, actual =d9f9aa93b74ae3ab
[2515000] SCOREBOARD MATCH: wdata passthrough beat=17 expected = 3e8167fdad94ef21, actual =3e8167fdad94ef21
[2515000] SCOREBOARD MATCH: wdata passthrough beat=18 expected = da11d83ead6887e4, actual =da11d83ead6887e4
[2515000] SCOREBOARD MATCH: wdata passthrough beat=19 expected = e4b36b90d44be90f, actual =e4b36b90d44be90f
[2515000] SCOREBOARD MATCH: wdata passthrough beat=20 expected = 81e0d830340b82d2, actual =81e0d830340b82d2
[2515000] SCOREBOARD MATCH: wdata passthrough beat=21 expected = e1740ab62334d38d, actual =e1740ab62334d38d
[2515000] SCOREBOARD MATCH: wdata passthrough beat=22 expected = f780bc9cdbf2b06f, actual =f780bc9cdbf2b06f
[2515000] SCOREBOARD MATCH: wdata passthrough beat=23 expected = ffe3341c6277646, actual =ffe3341c6277646
[2515000] SCOREBOARD MATCH: wdata passthrough beat=24 expected = e95c49d3f96194cc, actual =e95c49d3f96194cc
[2515000] SCOREBOARD MATCH: wdata passthrough beat=25 expected = d554453bf1723df7, actual =d554453bf1723df7
[2515000] SCOREBOARD MATCH: wdata passthrough beat=26 expected = 3799b43ee0dd066f, actual =3799b43ee0dd066f
[2515000] SCOREBOARD MATCH: wdata passthrough beat=27 expected = da3e9b3ce552787c, actual =da3e9b3ce552787c
[2515000] SCOREBOARD MATCH: wdata passthrough beat=28 expected = d6c4b674a0f5fe11, actual =d6c4b674a0f5fe11
[2515000] SCOREBOARD MATCH: wdata passthrough beat=29 expected = 1d30481af92e077, actual =1d30481af92e077
[2515000] SCOREBOARD MATCH: wdata passthrough beat=30 expected = 14e558f40e5e6ab2, actual =14e558f40e5e6ab2
[2515000] SCOREBOARD MATCH: wdata passthrough beat=31 expected = af5468c3dc119fbd, actual =af5468c3dc119fbd
[2515000] SCOREBOARD MATCH: wdata passthrough beat=32 expected = 8ba48034ebaa0f68, actual =8ba48034ebaa0f68
[2515000] SCOREBOARD MATCH: wdata passthrough beat=33 expected = fa087a1ab1276d44, actual =fa087a1ab1276d44
[2515000] SCOREBOARD MATCH: wdata passthrough beat=34 expected = 8d390d01a089d928, actual =8d390d01a089d928
[2515000] SCOREBOARD MATCH: wdata passthrough beat=35 expected = 8c33e890a95ce2dd, actual =8c33e890a95ce2dd
[2515000] SCOREBOARD MATCH: wdata passthrough beat=36 expected = da84502218dd8d36, actual =da84502218dd8d36
[2515000] SCOREBOARD MATCH: wdata passthrough beat=37 expected = b967665e863c62aa, actual =b967665e863c62aa
[2515000] SCOREBOARD MATCH: wdata passthrough beat=38 expected = 2f994588e7bd5d23, actual =2f994588e7bd5d23
[2515000] SCOREBOARD MATCH: wdata passthrough beat=39 expected = 809aea59c59b4eef, actual =809aea59c59b4eef
[2515000] SCOREBOARD MATCH: wdata passthrough beat=40 expected = cbd7b1990a1d95aa, actual =cbd7b1990a1d95aa
[2515000] SCOREBOARD MATCH: wdata passthrough beat=41 expected = f1daf2cd3a0250b8, actual =f1daf2cd3a0250b8
[2515000] SCOREBOARD MATCH: wdata passthrough beat=42 expected = ff9d9fa7fb70f721, actual =ff9d9fa7fb70f721
[2515000] SCOREBOARD MATCH: wdata passthrough beat=43 expected = 858e8ccbf275dd27, actual =858e8ccbf275dd27
[2515000] SCOREBOARD MATCH: wdata passthrough beat=44 expected = 2c782ddfcb755140, actual =2c782ddfcb755140
[2515000] SCOREBOARD MATCH: wdata passthrough beat=45 expected = c6e64862f7697f99, actual =c6e64862f7697f99
[2515000] SCOREBOARD MATCH: wdata passthrough beat=46 expected = e9df5cc02c15cd86, actual =e9df5cc02c15cd86
[2515000] SCOREBOARD MATCH: wdata passthrough beat=47 expected = f78b1ec6cc74d52d, actual =f78b1ec6cc74d52d
[2515000] SCOREBOARD MATCH: wdata passthrough beat=48 expected = c3de54c616578a9f, actual =c3de54c616578a9f
[2515000] SCOREBOARD MATCH: wdata passthrough beat=49 expected = c26d5825be716728, actual =c26d5825be716728
[2515000] SCOREBOARD MATCH: wdata passthrough beat=50 expected = ae63c56adbdb186, actual =ae63c56adbdb186
[2515000] SCOREBOARD MATCH: wdata passthrough beat=51 expected = c4153c25b9f876eb, actual =c4153c25b9f876eb
[2515000] SCOREBOARD MATCH: wdata passthrough beat=52 expected = f869de14cec4911c, actual =f869de14cec4911c
[2515000] SCOREBOARD MATCH: wdata passthrough beat=53 expected = fc8242a38682944a, actual =fc8242a38682944a
[2515000] SCOREBOARD MATCH: wdata passthrough beat=54 expected = c07b0b3603501a6a, actual =c07b0b3603501a6a
[2515000] SCOREBOARD MATCH: wdata passthrough beat=55 expected = d214ab86c0977ec8, actual =d214ab86c0977ec8
[2515000] SCOREBOARD MATCH: wdata passthrough beat=56 expected = c71a131338e4e94a, actual =c71a131338e4e94a
[2515000] SCOREBOARD MATCH: wdata passthrough beat=57 expected = 3c3503b4ce96ee29, actual =3c3503b4ce96ee29
[2515000] SCOREBOARD MATCH: wdata passthrough beat=58 expected = f2e6cf207951e49, actual =f2e6cf207951e49
[2515000] SCOREBOARD MATCH: wdata passthrough beat=59 expected = c07a07938e49af3a, actual =c07a07938e49af3a
[2515000] SCOREBOARD MATCH: wdata passthrough beat=60 expected = dce09d64d6488005, actual =dce09d64d6488005
[2515000] SCOREBOARD MATCH: wdata passthrough beat=61 expected = dddd9e4efcaf0b47, actual =dddd9e4efcaf0b47
[2515000] SCOREBOARD MATCH: wdata passthrough beat=62 expected = 8af8ba81ec0f0a56, actual =8af8ba81ec0f0a56
[2515000] SCOREBOARD MATCH: wdata passthrough beat=63 expected = c2578a5b1e57a5e1, actual =c2578a5b1e57a5e1
[2515000] SCOREBOARD MATCH: wdata passthrough beat=64 expected = 1b06b128e7d957e5, actual =1b06b128e7d957e5
[2515000] SCOREBOARD MATCH: wdata passthrough beat=65 expected = d3e8623b203528a9, actual =d3e8623b203528a9
[2515000] SCOREBOARD MATCH: wdata passthrough beat=66 expected = 3e8cce8aa5ff6ba9, actual =3e8cce8aa5ff6ba9
[2515000] SCOREBOARD MATCH: wdata passthrough beat=67 expected = dd8c38f963fec96, actual =dd8c38f963fec96
[2515000] SCOREBOARD MATCH: wdata passthrough beat=68 expected = b675153fd9937fb2, actual =b675153fd9937fb2
[2515000] SCOREBOARD MATCH: wdata passthrough beat=69 expected = ff92eb5be1c125ca, actual =ff92eb5be1c125ca
[2515000] SCOREBOARD MATCH: wdata passthrough beat=70 expected = f8011261f501e3c9, actual =f8011261f501e3c9
[2515000] SCOREBOARD MATCH: wdata passthrough beat=71 expected = ce95637b8d6baeea, actual =ce95637b8d6baeea
[2515000] SCOREBOARD MATCH: wdata passthrough beat=72 expected = ef2cd4b5ae7627a0, actual =ef2cd4b5ae7627a0
[2515000] SCOREBOARD MATCH: wdata passthrough beat=73 expected = 23780b6ace284ed7, actual =23780b6ace284ed7
[2515000] SCOREBOARD MATCH: wdata passthrough beat=74 expected = db93fdc1e72de716, actual =db93fdc1e72de716
[2515000] SCOREBOARD MATCH: wdata passthrough beat=75 expected = 95a40eb6f20d6ee5, actual =95a40eb6f20d6ee5
[2515000] SCOREBOARD MATCH: wdata passthrough beat=76 expected = c035bdbccac0d276, actual =c035bdbccac0d276
[2515000] SCOREBOARD MATCH: wdata passthrough beat=77 expected = b1eeb98cb91c1a20, actual =b1eeb98cb91c1a20
[2515000] SCOREBOARD MATCH: wdata passthrough beat=78 expected = 2b2989061bc9bb7e, actual =2b2989061bc9bb7e
[2515000] SCOREBOARD MATCH: wdata passthrough beat=79 expected = e68a8df4c792c843, actual =e68a8df4c792c843
[2515000] SCOREBOARD MATCH: wdata passthrough beat=80 expected = 80aee263eb5f46c2, actual =80aee263eb5f46c2
[2515000] SCOREBOARD MATCH: wdata passthrough beat=81 expected = 8729024018794781, actual =8729024018794781
[2515000] SCOREBOARD MATCH: wdata passthrough beat=82 expected = e00c0fc4abd86b69, actual =e00c0fc4abd86b69
[2515000] SCOREBOARD MATCH: wdata passthrough beat=83 expected = 1737b22cedb39035, actual =1737b22cedb39035
[2515000] SCOREBOARD MATCH: wdata passthrough beat=84 expected = 62cd7b6e0baf227, actual =62cd7b6e0baf227
[2515000] SCOREBOARD MATCH: wdata passthrough beat=85 expected = c935d919e60b46c, actual =c935d919e60b46c
[2515000] SCOREBOARD MATCH: wdata passthrough beat=86 expected = 8c1444a1e638e77a, actual =8c1444a1e638e77a
[2515000] SCOREBOARD MATCH: wdata passthrough beat=87 expected = c6f3d9a123cb0fbd, actual =c6f3d9a123cb0fbd
[2515000] SCOREBOARD MATCH: wdata passthrough beat=88 expected = c22bc42992411c57, actual =c22bc42992411c57
[2515000] SCOREBOARD MATCH: wdata passthrough beat=89 expected = f87a03d1d3873732, actual =f87a03d1d3873732
[2515000] SCOREBOARD MATCH: wdata passthrough beat=90 expected = f75246efce4008cb, actual =f75246efce4008cb
[2515000] SCOREBOARD MATCH: wdata passthrough beat=91 expected = e08125223f6ddd73, actual =e08125223f6ddd73
[2515000] SCOREBOARD MATCH: wdata passthrough beat=92 expected = 92f514a5397e0b19, actual =92f514a5397e0b19
[2515000] SCOREBOARD MATCH: wdata passthrough beat=93 expected = 7be13e4d8fb28f4, actual =7be13e4d8fb28f4
[2515000] SCOREBOARD MATCH: wdata passthrough beat=94 expected = 186906670a475b95, actual =186906670a475b95
[2515000] SCOREBOARD MATCH: wdata passthrough beat=95 expected = c3c566aee83f3906, actual =c3c566aee83f3906
[2515000] SCOREBOARD MATCH: wdata passthrough beat=96 expected = c13a61faab5e1b0c, actual =c13a61faab5e1b0c
[2515000] SCOREBOARD MATCH: wdata passthrough beat=97 expected = b5a576a1cb837a92, actual =b5a576a1cb837a92
[2515000] SCOREBOARD MATCH: wdata passthrough beat=98 expected = b3c2b398d9a36861, actual =b3c2b398d9a36861
[2515000] SCOREBOARD MATCH: wdata passthrough beat=99 expected = 501836ef96add4f, actual =501836ef96add4f
[2515000] SCOREBOARD MATCH: wdata passthrough beat=100 expected = c4ee57e1f4fd1593, actual =c4ee57e1f4fd1593
[2515000] SCOREBOARD MATCH: wdata passthrough beat=101 expected = cea07df4baa6fa0f, actual =cea07df4baa6fa0f
[2515000] SCOREBOARD MATCH: wdata passthrough beat=102 expected = 3411d75ff8b10b7a, actual =3411d75ff8b10b7a
[2515000] SCOREBOARD MATCH: wdata passthrough beat=103 expected = edae210dd3a20162, actual =edae210dd3a20162
[2515000] SCOREBOARD MATCH: wdata passthrough beat=104 expected = e48fb72f9002f40, actual =e48fb72f9002f40
[2515000] SCOREBOARD MATCH: wdata passthrough beat=105 expected = f1b13ababc4e9f01, actual =f1b13ababc4e9f01
[2515000] SCOREBOARD MATCH: wdata passthrough beat=106 expected = ff0a064c25ad2d1, actual =ff0a064c25ad2d1
[2515000] SCOREBOARD MATCH: wdata passthrough beat=107 expected = bb5b0211df5f5bc7, actual =bb5b0211df5f5bc7
[2515000] SCOREBOARD MATCH: wdata passthrough beat=108 expected = 1badfac91e399bd6, actual =1badfac91e399bd6
[2515000] SCOREBOARD MATCH: wdata passthrough beat=109 expected = e0946ea72d0c3ccc, actual =e0946ea72d0c3ccc
[2515000] SCOREBOARD MATCH: wdata passthrough beat=110 expected = 8c6b98932b9e9b2d, actual =8c6b98932b9e9b2d
[2515000] SCOREBOARD MATCH: wdata passthrough beat=111 expected = c9d837039bef70b8, actual =c9d837039bef70b8
[2515000] SCOREBOARD MATCH: wdata passthrough beat=112 expected = c8fbad84a819935c, actual =c8fbad84a819935c
[2515000] SCOREBOARD MATCH: wdata passthrough beat=113 expected = d3b82e892a6ca5aa, actual =d3b82e892a6ca5aa
[2515000] SCOREBOARD MATCH: wdata passthrough beat=114 expected = c65c1662d5674618, actual =c65c1662d5674618
[2515000] SCOREBOARD MATCH: wdata passthrough beat=115 expected = fd80d9749d90658c, actual =fd80d9749d90658c
[2515000] SCOREBOARD MATCH: wdata passthrough beat=116 expected = c7fd0b360f57c3e7, actual =c7fd0b360f57c3e7
[2515000] SCOREBOARD MATCH: wdata passthrough beat=117 expected = e4bf09ffd13907fe, actual =e4bf09ffd13907fe
[2515000] SCOREBOARD MATCH: wdata passthrough beat=118 expected = eec96d8a0e592199, actual =eec96d8a0e592199
[2515000] SCOREBOARD MATCH: wdata passthrough beat=119 expected = 1db0e580e23fe373, actual =1db0e580e23fe373
[2515000] SCOREBOARD MATCH: wdata passthrough beat=120 expected = b378eb7136c678c1, actual =b378eb7136c678c1
[2515000] SCOREBOARD MATCH: wdata passthrough beat=121 expected = c51f9a5a026fef7f, actual =c51f9a5a026fef7f
[2515000] SCOREBOARD MATCH: wdata passthrough beat=122 expected = e4afd2f2224258fc, actual =e4afd2f2224258fc
[2515000] SCOREBOARD MATCH: wdata passthrough beat=123 expected = d908d1bde2d07fda, actual =d908d1bde2d07fda
[2515000] SCOREBOARD MATCH: wdata passthrough beat=124 expected = e5406f591828be64, actual =e5406f591828be64
[2515000] SCOREBOARD MATCH: wdata passthrough beat=125 expected = 3a6b17601e286c17, actual =3a6b17601e286c17
[2515000] SCOREBOARD MATCH: wdata passthrough beat=126 expected = f8ebf1c9f0424b, actual =f8ebf1c9f0424b
[2515000] SCOREBOARD MATCH: wdata passthrough beat=127 expected = e21900af1373e91d, actual =e21900af1373e91d
[2515000] SCOREBOARD MATCH: wdata passthrough beat=128 expected = 319c5534e6395b4a, actual =319c5534e6395b4a
[2515000] SCOREBOARD MATCH: wdata passthrough beat=129 expected = b0299d959c84180f, actual =b0299d959c84180f
[2515000] SCOREBOARD MATCH: wdata passthrough beat=130 expected = aff8012c32954125, actual =aff8012c32954125
[2515000] SCOREBOARD MATCH: wdata passthrough beat=131 expected = 18ce9c6f12429e45, actual =18ce9c6f12429e45
[2515000] SCOREBOARD MATCH: wdata passthrough beat=132 expected = aec6b654e1945660, actual =aec6b654e1945660
[2515000] SCOREBOARD MATCH: wdata passthrough beat=133 expected = 94299785c8f83a04, actual =94299785c8f83a04
[2515000] SCOREBOARD MATCH: wdata passthrough beat=134 expected = db3ad849debeb781, actual =db3ad849debeb781
[2515000] SCOREBOARD MATCH: wdata passthrough beat=135 expected = c0530de1acf833f4, actual =c0530de1acf833f4
[2515000] SCOREBOARD MATCH: wdata passthrough beat=136 expected = f5f06df90a018e9e, actual =f5f06df90a018e9e
[2515000] SCOREBOARD MATCH: wdata passthrough beat=137 expected = e8c0461fd47ca567, actual =e8c0461fd47ca567
[2515000] SCOREBOARD MATCH: wdata passthrough beat=138 expected = 8174d95bd12b4642, actual =8174d95bd12b4642
[2515000] SCOREBOARD MATCH: wdata passthrough beat=139 expected = db2cd4e0a9135400, actual =db2cd4e0a9135400
[2515000] SCOREBOARD MATCH: wdata passthrough beat=140 expected = fd8ff967f7654754, actual =fd8ff967f7654754
[2515000] SCOREBOARD MATCH: wdata passthrough beat=141 expected = c8908d97c3ed1aff, actual =c8908d97c3ed1aff
[2515000] SCOREBOARD MATCH: wdata passthrough beat=142 expected = ed006f00ff04d2c3, actual =ed006f00ff04d2c3
[2515000] SCOREBOARD MATCH: wdata passthrough beat=143 expected = f66a1a17a3bd6277, actual =f66a1a17a3bd6277
[2515000] SCOREBOARD MATCH: wdata passthrough beat=144 expected = e7aa7d77ea906867, actual =e7aa7d77ea906867
[2515000] SCOREBOARD MATCH: wdata passthrough beat=145 expected = e9953b2abefaa7ae, actual =e9953b2abefaa7ae
[2515000] SCOREBOARD MATCH: wdata passthrough beat=146 expected = e2b80a26d4aaec77, actual =e2b80a26d4aaec77
[2515000] SCOREBOARD MATCH: wdata passthrough beat=147 expected = bf3b54dedfff5542, actual =bf3b54dedfff5542
[2515000] SCOREBOARD MATCH: wdata passthrough beat=148 expected = 9ef9fcf0ca62879d, actual =9ef9fcf0ca62879d
[2515000] SCOREBOARD MATCH: wdata passthrough beat=149 expected = 1f0d741428d09009, actual =1f0d741428d09009
[2515000] SCOREBOARD MATCH: wdata passthrough beat=150 expected = 8cfe54b81b20716, actual =8cfe54b81b20716
[2515000] SCOREBOARD MATCH: wdata passthrough beat=151 expected = cc148eb3de48c8f2, actual =cc148eb3de48c8f2
[2515000] SCOREBOARD MATCH: wdata passthrough beat=152 expected = 871958fba7c9e23b, actual =871958fba7c9e23b
[2515000] SCOREBOARD MATCH: wdata passthrough beat=153 expected = 297be952eb2202c7, actual =297be952eb2202c7
[2515000] SCOREBOARD MATCH: wdata passthrough beat=154 expected = c96acbba8fe93e46, actual =c96acbba8fe93e46
[2515000] SCOREBOARD MATCH: wdata passthrough beat=155 expected = 37b32082f5907805, actual =37b32082f5907805
[2515000] SCOREBOARD MATCH: wdata passthrough beat=156 expected = e0b27acdd08424b5, actual =e0b27acdd08424b5
[2515000] SCOREBOARD MATCH: wdata passthrough beat=157 expected = e06d62fce12f09d4, actual =e06d62fce12f09d4
[2515000] SCOREBOARD MATCH: wdata passthrough beat=158 expected = d6bf81d92a1d4687, actual =d6bf81d92a1d4687
[2515000] SCOREBOARD MATCH: wdata passthrough beat=159 expected = faa16b3c1820837e, actual =faa16b3c1820837e
[2515000] SCOREBOARD MATCH: wdata passthrough beat=160 expected = f94f8d52b771fca6, actual =f94f8d52b771fca6
[2515000] SCOREBOARD MATCH: wdata passthrough beat=161 expected = e18f432ddb0ece38, actual =e18f432ddb0ece38
[2515000] SCOREBOARD MATCH: wdata passthrough beat=162 expected = f32f51b6d00f0f2b, actual =f32f51b6d00f0f2b
[2515000] SCOREBOARD MATCH: wdata passthrough beat=163 expected = 7810bd2dc30ae6a, actual =7810bd2dc30ae6a
[2515000] SCOREBOARD MATCH: wdata passthrough beat=164 expected = b73f7ca2ec7edf08, actual =b73f7ca2ec7edf08
[2515000] SCOREBOARD MATCH: wdata passthrough beat=165 expected = 3c8dee34e9104eff, actual =3c8dee34e9104eff
[2515000] SCOREBOARD MATCH: wdata passthrough beat=166 expected = c540fd692a6ece59, actual =c540fd692a6ece59
[2515000] SCOREBOARD MATCH: wdata passthrough beat=167 expected = 96edad61c40efa06, actual =96edad61c40efa06
[2515000] SCOREBOARD MATCH: wdata passthrough beat=168 expected = ad1f4905fc807a0c, actual =ad1f4905fc807a0c
[2515000] SCOREBOARD MATCH: wdata passthrough beat=169 expected = 26ef4865d37b9b95, actual =26ef4865d37b9b95
[2515000] SCOREBOARD MATCH: wdata passthrough beat=170 expected = 978a959bf260466f, actual =978a959bf260466f
[2515000] SCOREBOARD MATCH: wdata passthrough beat=171 expected = eee0c07bbddcf5c6, actual =eee0c07bbddcf5c6
[2515000] SCOREBOARD MATCH: wdata passthrough beat=172 expected = 1158915cc4a9dea1, actual =1158915cc4a9dea1
[2515000] SCOREBOARD MATCH: wdata passthrough beat=173 expected = 370a251015d008e0, actual =370a251015d008e0
[2515000] SCOREBOARD MATCH: wdata passthrough beat=174 expected = d3acfea6a8e326f7, actual =d3acfea6a8e326f7
[2515000] SCOREBOARD MATCH: wdata passthrough beat=175 expected = ed8d059825eae58b, actual =ed8d059825eae58b
[2515000] SCOREBOARD MATCH: wdata passthrough beat=176 expected = 3bbaee6be5059002, actual =3bbaee6be5059002
[2515000] SCOREBOARD MATCH: wdata passthrough beat=177 expected = de8b6faa4972aa8, actual =de8b6faa4972aa8
[2515000] SCOREBOARD MATCH: wdata passthrough beat=178 expected = ca8210338f67ed11, actual =ca8210338f67ed11
[2515000] SCOREBOARD MATCH: wdata passthrough beat=179 expected = f46d7d14fb75bc92, actual =f46d7d14fb75bc92
[2515000] SCOREBOARD MATCH: wdata passthrough beat=180 expected = 200ce73b863cfe9e, actual =200ce73b863cfe9e
[2515000] SCOREBOARD MATCH: wdata passthrough beat=181 expected = 15a4ebb00256340e, actual =15a4ebb00256340e
[2515000] SCOREBOARD MATCH: wdata passthrough beat=182 expected = fdcbf0a0ea8ef76e, actual =fdcbf0a0ea8ef76e
[2515000] SCOREBOARD MATCH: wdata passthrough beat=183 expected = f0cbf60d0a1268c4, actual =f0cbf60d0a1268c4
[2515000] SCOREBOARD MATCH: wdata passthrough beat=184 expected = c689cd29dd8d7db, actual =c689cd29dd8d7db
[2515000] SCOREBOARD MATCH: wdata passthrough beat=185 expected = 867cf4a0670e1bd, actual =867cf4a0670e1bd
[2515000] SCOREBOARD MATCH: wdata passthrough beat=186 expected = 10834a818a348d72, actual =10834a818a348d72
[2515000] SCOREBOARD MATCH: wdata passthrough beat=187 expected = 280d654ef933c557, actual =280d654ef933c557
[2515000] SCOREBOARD MATCH: wdata passthrough beat=188 expected = ffa4a7141cebe753, actual =ffa4a7141cebe753
[2515000] SCOREBOARD MATCH: wdata passthrough beat=189 expected = a72074c530753498, actual =a72074c530753498
[2515000] SCOREBOARD MATCH: wdata passthrough beat=190 expected = 29a8f9ef1027f195, actual =29a8f9ef1027f195
[2515000] SCOREBOARD MATCH: wdata passthrough beat=191 expected = 2d13d8e8cf2dda13, actual =2d13d8e8cf2dda13
[2515000] SCOREBOARD MATCH: wdata passthrough beat=192 expected = ffa30eab294da103, actual =ffa30eab294da103
[2515000] SCOREBOARD MATCH: wdata passthrough beat=193 expected = 39759298d4344dad, actual =39759298d4344dad
[2515000] SCOREBOARD MATCH: wdata passthrough beat=194 expected = 236227c1a94c089a, actual =236227c1a94c089a
[2515000] SCOREBOARD MATCH: wdata passthrough beat=195 expected = d299a99de6896b80, actual =d299a99de6896b80
[2515000] SCOREBOARD MATCH: wdata passthrough beat=196 expected = babdb92da305366c, actual =babdb92da305366c
[2515000] SCOREBOARD MATCH: wdata passthrough beat=197 expected = cc513f078c0f3c35, actual =cc513f078c0f3c35
[2515000] SCOREBOARD MATCH: wdata passthrough beat=198 expected = f298a7b5de1fe0ee, actual =f298a7b5de1fe0ee
[2515000] SCOREBOARD MATCH: wdata passthrough beat=199 expected = 125175b9eeae8a4, actual =125175b9eeae8a4
[2515000] SCOREBOARD MATCH: wdata passthrough beat=200 expected = 2afa24da2d5660e3, actual =2afa24da2d5660e3
[2515000] SCOREBOARD MATCH: wdata passthrough beat=201 expected = 8b7641d1cd765662, actual =8b7641d1cd765662
[2515000] SCOREBOARD MATCH: wdata passthrough beat=202 expected = ec613f069d92cc8f, actual =ec613f069d92cc8f
[2515000] SCOREBOARD MATCH: wdata passthrough beat=203 expected = cae92d728c9b592c, actual =cae92d728c9b592c
[2515000] SCOREBOARD MATCH: wdata passthrough beat=204 expected = da11af8e975b63e0, actual =da11af8e975b63e0
[2515000] SCOREBOARD MATCH: wdata passthrough beat=205 expected = 34ee3070d65f6f44, actual =34ee3070d65f6f44
[2515000] SCOREBOARD MATCH: wdata passthrough beat=206 expected = e2fac870c672ee95, actual =e2fac870c672ee95
[2515000] SCOREBOARD MATCH: wdata passthrough beat=207 expected = ddce5275ffd75de2, actual =ddce5275ffd75de2
[2515000] SCOREBOARD MATCH: wdata passthrough beat=208 expected = d636cd263d0c77ff, actual =d636cd263d0c77ff
[2515000] SCOREBOARD MATCH: wdata passthrough beat=209 expected = 37f669492bc82e5, actual =37f669492bc82e5
[2515000] SCOREBOARD MATCH: wdata passthrough beat=210 expected = 1293e0c839319597, actual =1293e0c839319597
[2515000] SCOREBOARD MATCH: wdata passthrough beat=211 expected = f63e0d96e14db909, actual =f63e0d96e14db909
[2515000] SCOREBOARD MATCH: wdata passthrough beat=212 expected = f40a3befe8caadee, actual =f40a3befe8caadee
[2515000] SCOREBOARD MATCH: wdata passthrough beat=213 expected = a1fc4385f9bd742a, actual =a1fc4385f9bd742a
[2515000] SCOREBOARD MATCH: wdata passthrough beat=214 expected = db0b2d33069e1cb7, actual =db0b2d33069e1cb7
[2515000] SCOREBOARD MATCH: wdata passthrough beat=215 expected = ef68caa5983a511b, actual =ef68caa5983a511b
[2515000] SCOREBOARD MATCH: wdata passthrough beat=216 expected = 91f7c545cf156922, actual =91f7c545cf156922
[2515000] SCOREBOARD MATCH: wdata passthrough beat=217 expected = d5b385d911650e2b, actual =d5b385d911650e2b
[2515000] SCOREBOARD MATCH: wdata passthrough beat=218 expected = a99f5f46ed02f279, actual =a99f5f46ed02f279
[2515000] SCOREBOARD MATCH: wdata passthrough beat=219 expected = bc185b9bc51c507f, actual =bc185b9bc51c507f
[2515000] SCOREBOARD MATCH: wdata passthrough beat=220 expected = d6815eaa3b97248c, actual =d6815eaa3b97248c
[2515000] SCOREBOARD MATCH: wdata passthrough beat=221 expected = 289a170511cbe175, actual =289a170511cbe175
[2515000] SCOREBOARD MATCH: wdata passthrough beat=222 expected = d6e831f48020bdf0, actual =d6e831f48020bdf0
[2515000] SCOREBOARD MATCH: wdata passthrough beat=223 expected = bbb7e27ce4b272a0, actual =bbb7e27ce4b272a0
[2515000] SCOREBOARD MATCH: wdata passthrough beat=224 expected = f67e54152d69909e, actual =f67e54152d69909e
[2515000] SCOREBOARD MATCH: wdata passthrough beat=225 expected = ad8a4e8ee451f981, actual =ad8a4e8ee451f981
[2515000] SCOREBOARD MATCH: wdata passthrough beat=226 expected = c9046c22cd668609, actual =c9046c22cd668609
[2515000] SCOREBOARD MATCH: wdata passthrough beat=227 expected = fad016a7e942310b, actual =fad016a7e942310b
[2515000] SCOREBOARD MATCH: wdata passthrough beat=228 expected = cd942a8cbf82c037, actual =cd942a8cbf82c037
[2515000] SCOREBOARD MATCH: wdata passthrough beat=229 expected = ce94641285a6536, actual =ce94641285a6536
[2515000] SCOREBOARD MATCH: wdata passthrough beat=230 expected = 119c9641969896ae, actual =119c9641969896ae
[2515000] SCOREBOARD MATCH: wdata passthrough beat=231 expected = d61b56e687b95ce8, actual =d61b56e687b95ce8
[2515000] SCOREBOARD MATCH: wdata passthrough beat=232 expected = b013c21edf30c0cd, actual =b013c21edf30c0cd
[2515000] SCOREBOARD MATCH: wdata passthrough beat=233 expected = f5c9577ce3049d27, actual =f5c9577ce3049d27
[2515000] SCOREBOARD MATCH: wdata passthrough beat=234 expected = eabdfa0fc1b0585f, actual =eabdfa0fc1b0585f
[2515000] SCOREBOARD MATCH: wdata passthrough beat=235 expected = 20e1192dcbe4ae62, actual =20e1192dcbe4ae62
[2515000] SCOREBOARD MATCH: wdata passthrough beat=236 expected = 2ee94b891ad1bc2e, actual =2ee94b891ad1bc2e
[2515000] SCOREBOARD MATCH: wdata passthrough beat=237 expected = dc82148d16aa70a9, actual =dc82148d16aa70a9
[2515000] SCOREBOARD MATCH: wdata passthrough beat=238 expected = e28f1f0b99a74598, actual =e28f1f0b99a74598
[2515000] SCOREBOARD MATCH: wdata passthrough beat=239 expected = b47901c6fd632dba, actual =b47901c6fd632dba
[2515000] SCOREBOARD MATCH: wdata passthrough beat=240 expected = 940d9e6311786a94, actual =940d9e6311786a94
[2515000] SCOREBOARD MATCH: wdata passthrough beat=241 expected = ab1fb02c10fb1654, actual =ab1fb02c10fb1654
[2515000] SCOREBOARD MATCH: wdata passthrough beat=242 expected = 8e5e440ef69cbd6e, actual =8e5e440ef69cbd6e
[2515000] SCOREBOARD MATCH: wstrb size check expected = f3, actual =f3
[2515000] SCOREBOARD MATCH: wstrb passthrough beat=0 expected = f3, actual =f3
[2515000] SCOREBOARD MATCH: wstrb passthrough beat=1 expected = 2, actual =2
[2515000] SCOREBOARD MATCH: wstrb passthrough beat=2 expected = 72, actual =72
[2515000] SCOREBOARD MATCH: wstrb passthrough beat=3 expected = 47, actual =47
[2515000] SCOREBOARD MATCH: wstrb passthrough beat=4 expected = 2f, actual =2f
[2515000] SCOREBOARD MATCH: wstrb passthrough beat=5 expected = e0, actual =e0
[2515000] SCOREBOARD MATCH: wstrb passthrough beat=6 expected = 55, actual =55
[2515000] SCOREBOARD MATCH: wstrb passthrough beat=7 expected = 22, actual =22
[2515000] SCOREBOARD MATCH: wstrb passthrough beat=8 expected = e3, actual =e3
[2515000] SCOREBOARD MATCH: wstrb passthrough beat=9 expected = c7, actual =c7
[2515000] SCOREBOARD MATCH: wstrb passthrough beat=10 expected = 69, actual =69
[2515000] SCOREBOARD MATCH: wstrb passthrough beat=11 expected = 12, actual =12
[2515000] SCOREBOARD MATCH: wstrb passthrough beat=12 expected = a8, actual =a8
[2515000] SCOREBOARD MATCH: wstrb passthrough beat=13 expected = be, actual =be
[2515000] SCOREBOARD MATCH: wstrb passthrough beat=14 expected = 34, actual =34
[2515000] SCOREBOARD MATCH: wstrb passthrough beat=15 expected = 8b, actual =8b
[2515000] SCOREBOARD MATCH: wstrb passthrough beat=16 expected = 86, actual =86
[2515000] SCOREBOARD MATCH: wstrb passthrough beat=17 expected = 9d, actual =9d
[2515000] SCOREBOARD MATCH: wstrb passthrough beat=18 expected = 9d, actual =9d
[2515000] SCOREBOARD MATCH: wstrb passthrough beat=19 expected = 2e, actual =2e
[2515000] SCOREBOARD MATCH: wstrb passthrough beat=20 expected = 5b, actual =5b
[2515000] SCOREBOARD MATCH: wstrb passthrough beat=21 expected = d1, actual =d1
[2515000] SCOREBOARD MATCH: wstrb passthrough beat=22 expected = b9, actual =b9
[2515000] SCOREBOARD MATCH: wstrb passthrough beat=23 expected = e1, actual =e1
[2515000] SCOREBOARD MATCH: wstrb passthrough beat=24 expected = 6e, actual =6e
[2515000] SCOREBOARD MATCH: wstrb passthrough beat=25 expected = 56, actual =56
[2515000] SCOREBOARD MATCH: wstrb passthrough beat=26 expected = f, actual =f
[2515000] SCOREBOARD MATCH: wstrb passthrough beat=27 expected = c9, actual =c9
[2515000] SCOREBOARD MATCH: wstrb passthrough beat=28 expected = 27, actual =27
[2515000] SCOREBOARD MATCH: wstrb passthrough beat=29 expected = c8, actual =c8
[2515000] SCOREBOARD MATCH: wstrb passthrough beat=30 expected = ab, actual =ab
[2515000] SCOREBOARD MATCH: wstrb passthrough beat=31 expected = 95, actual =95
[2515000] SCOREBOARD MATCH: wstrb passthrough beat=32 expected = 1e, actual =1e
[2515000] SCOREBOARD MATCH: wstrb passthrough beat=33 expected = ba, actual =ba
[2515000] SCOREBOARD MATCH: wstrb passthrough beat=34 expected = 5e, actual =5e
[2515000] SCOREBOARD MATCH: wstrb passthrough beat=35 expected = 45, actual =45
[2515000] SCOREBOARD MATCH: wstrb passthrough beat=36 expected = 83, actual =83
[2515000] SCOREBOARD MATCH: wstrb passthrough beat=37 expected = 9, actual =9
[2515000] SCOREBOARD MATCH: wstrb passthrough beat=38 expected = da, actual =da
[2515000] SCOREBOARD MATCH: wstrb passthrough beat=39 expected = a1, actual =a1
[2515000] SCOREBOARD MATCH: wstrb passthrough beat=40 expected = c4, actual =c4
[2515000] SCOREBOARD MATCH: wstrb passthrough beat=41 expected = 39, actual =39
[2515000] SCOREBOARD MATCH: wstrb passthrough beat=42 expected = e7, actual =e7
[2515000] SCOREBOARD MATCH: wstrb passthrough beat=43 expected = 47, actual =47
[2515000] SCOREBOARD MATCH: wstrb passthrough beat=44 expected = 42, actual =42
[2515000] SCOREBOARD MATCH: wstrb passthrough beat=45 expected = c1, actual =c1
[2515000] SCOREBOARD MATCH: wstrb passthrough beat=46 expected = e8, actual =e8
[2515000] SCOREBOARD MATCH: wstrb passthrough beat=47 expected = 6, actual =6
[2515000] SCOREBOARD MATCH: wstrb passthrough beat=48 expected = fa, actual =fa
[2515000] SCOREBOARD MATCH: wstrb passthrough beat=49 expected = cf, actual =cf
[2515000] SCOREBOARD MATCH: wstrb passthrough beat=50 expected = 4d, actual =4d
[2515000] SCOREBOARD MATCH: wstrb passthrough beat=51 expected = 3d, actual =3d
[2515000] SCOREBOARD MATCH: wstrb passthrough beat=52 expected = 91, actual =91
[2515000] SCOREBOARD MATCH: wstrb passthrough beat=53 expected = 36, actual =36
[2515000] SCOREBOARD MATCH: wstrb passthrough beat=54 expected = 43, actual =43
[2515000] SCOREBOARD MATCH: wstrb passthrough beat=55 expected = 8b, actual =8b
[2515000] SCOREBOARD MATCH: wstrb passthrough beat=56 expected = 5, actual =5
[2515000] SCOREBOARD MATCH: wstrb passthrough beat=57 expected = 91, actual =91
[2515000] SCOREBOARD MATCH: wstrb passthrough beat=58 expected = c8, actual =c8
[2515000] SCOREBOARD MATCH: wstrb passthrough beat=59 expected = 96, actual =96
[2515000] SCOREBOARD MATCH: wstrb passthrough beat=60 expected = c7, actual =c7
[2515000] SCOREBOARD MATCH: wstrb passthrough beat=61 expected = c, actual =c
[2515000] SCOREBOARD MATCH: wstrb passthrough beat=62 expected = 22, actual =22
[2515000] SCOREBOARD MATCH: wstrb passthrough beat=63 expected = cc, actual =cc
[2515000] SCOREBOARD MATCH: wstrb passthrough beat=64 expected = 9d, actual =9d
[2515000] SCOREBOARD MATCH: wstrb passthrough beat=65 expected = ea, actual =ea
[2515000] SCOREBOARD MATCH: wstrb passthrough beat=66 expected = 63, actual =63
[2515000] SCOREBOARD MATCH: wstrb passthrough beat=67 expected = 64, actual =64
[2515000] SCOREBOARD MATCH: wstrb passthrough beat=68 expected = f6, actual =f6
[2515000] SCOREBOARD MATCH: wstrb passthrough beat=69 expected = 85, actual =85
[2515000] SCOREBOARD MATCH: wstrb passthrough beat=70 expected = 30, actual =30
[2515000] SCOREBOARD MATCH: wstrb passthrough beat=71 expected = 93, actual =93
[2515000] SCOREBOARD MATCH: wstrb passthrough beat=72 expected = 6f, actual =6f
[2515000] SCOREBOARD MATCH: wstrb passthrough beat=73 expected = 93, actual =93
[2515000] SCOREBOARD MATCH: wstrb passthrough beat=74 expected = f7, actual =f7
[2515000] SCOREBOARD MATCH: wstrb passthrough beat=75 expected = 66, actual =66
[2515000] SCOREBOARD MATCH: wstrb passthrough beat=76 expected = 18, actual =18
[2515000] SCOREBOARD MATCH: wstrb passthrough beat=77 expected = 28, actual =28
[2515000] SCOREBOARD MATCH: wstrb passthrough beat=78 expected = f9, actual =f9
[2515000] SCOREBOARD MATCH: wstrb passthrough beat=79 expected = 88, actual =88
[2515000] SCOREBOARD MATCH: wstrb passthrough beat=80 expected = bb, actual =bb
[2515000] SCOREBOARD MATCH: wstrb passthrough beat=81 expected = f1, actual =f1
[2515000] SCOREBOARD MATCH: wstrb passthrough beat=82 expected = ee, actual =ee
[2515000] SCOREBOARD MATCH: wstrb passthrough beat=83 expected = d4, actual =d4
[2515000] SCOREBOARD MATCH: wstrb passthrough beat=84 expected = 19, actual =19
[2515000] SCOREBOARD MATCH: wstrb passthrough beat=85 expected = e7, actual =e7
[2515000] SCOREBOARD MATCH: wstrb passthrough beat=86 expected = 5c, actual =5c
[2515000] SCOREBOARD MATCH: wstrb passthrough beat=87 expected = d4, actual =d4
[2515000] SCOREBOARD MATCH: wstrb passthrough beat=88 expected = d8, actual =d8
[2515000] SCOREBOARD MATCH: wstrb passthrough beat=89 expected = 4a, actual =4a
[2515000] SCOREBOARD MATCH: wstrb passthrough beat=90 expected = a8, actual =a8
[2515000] SCOREBOARD MATCH: wstrb passthrough beat=91 expected = f1, actual =f1
[2515000] SCOREBOARD MATCH: wstrb passthrough beat=92 expected = 31, actual =31
[2515000] SCOREBOARD MATCH: wstrb passthrough beat=93 expected = 4, actual =4
[2515000] SCOREBOARD MATCH: wstrb passthrough beat=94 expected = c6, actual =c6
[2515000] SCOREBOARD MATCH: wstrb passthrough beat=95 expected = a, actual =a
[2515000] SCOREBOARD MATCH: wstrb passthrough beat=96 expected = 4e, actual =4e
[2515000] SCOREBOARD MATCH: wstrb passthrough beat=97 expected = 6e, actual =6e
[2515000] SCOREBOARD MATCH: wstrb passthrough beat=98 expected = fb, actual =fb
[2515000] SCOREBOARD MATCH: wstrb passthrough beat=99 expected = 80, actual =80
[2515000] SCOREBOARD MATCH: wstrb passthrough beat=100 expected = 73, actual =73
[2515000] SCOREBOARD MATCH: wstrb passthrough beat=101 expected = c1, actual =c1
[2515000] SCOREBOARD MATCH: wstrb passthrough beat=102 expected = 8a, actual =8a
[2515000] SCOREBOARD MATCH: wstrb passthrough beat=103 expected = c1, actual =c1
[2515000] SCOREBOARD MATCH: wstrb passthrough beat=104 expected = 30, actual =30
[2515000] SCOREBOARD MATCH: wstrb passthrough beat=105 expected = 85, actual =85
[2515000] SCOREBOARD MATCH: wstrb passthrough beat=106 expected = 41, actual =41
[2515000] SCOREBOARD MATCH: wstrb passthrough beat=107 expected = a3, actual =a3
[2515000] SCOREBOARD MATCH: wstrb passthrough beat=108 expected = 47, actual =47
[2515000] SCOREBOARD MATCH: wstrb passthrough beat=109 expected = cb, actual =cb
[2515000] SCOREBOARD MATCH: wstrb passthrough beat=110 expected = 64, actual =64
[2515000] SCOREBOARD MATCH: wstrb passthrough beat=111 expected = 77, actual =77
[2515000] SCOREBOARD MATCH: wstrb passthrough beat=112 expected = 51, actual =51
[2515000] SCOREBOARD MATCH: wstrb passthrough beat=113 expected = a6, actual =a6
[2515000] SCOREBOARD MATCH: wstrb passthrough beat=114 expected = 1a, actual =1a
[2515000] SCOREBOARD MATCH: wstrb passthrough beat=115 expected = 98, actual =98
[2515000] SCOREBOARD MATCH: wstrb passthrough beat=116 expected = 71, actual =71
[2515000] SCOREBOARD MATCH: wstrb passthrough beat=117 expected = 7e, actual =7e
[2515000] SCOREBOARD MATCH: wstrb passthrough beat=118 expected = f, actual =f
[2515000] SCOREBOARD MATCH: wstrb passthrough beat=119 expected = c2, actual =c2
[2515000] SCOREBOARD MATCH: wstrb passthrough beat=120 expected = 24, actual =24
[2515000] SCOREBOARD MATCH: wstrb passthrough beat=121 expected = 29, actual =29
[2515000] SCOREBOARD MATCH: wstrb passthrough beat=122 expected = 5a, actual =5a
[2515000] SCOREBOARD MATCH: wstrb passthrough beat=123 expected = 96, actual =96
[2515000] SCOREBOARD MATCH: wstrb passthrough beat=124 expected = a7, actual =a7
[2515000] SCOREBOARD MATCH: wstrb passthrough beat=125 expected = 69, actual =69
[2515000] SCOREBOARD MATCH: wstrb passthrough beat=126 expected = 58, actual =58
[2515000] SCOREBOARD MATCH: wstrb passthrough beat=127 expected = cc, actual =cc
[2515000] SCOREBOARD MATCH: wstrb passthrough beat=128 expected = 92, actual =92
[2515000] SCOREBOARD MATCH: wstrb passthrough beat=129 expected = b3, actual =b3
[2515000] SCOREBOARD MATCH: wstrb passthrough beat=130 expected = 62, actual =62
[2515000] SCOREBOARD MATCH: wstrb passthrough beat=131 expected = 3a, actual =3a
[2515000] SCOREBOARD MATCH: wstrb passthrough beat=132 expected = 1c, actual =1c
[2515000] SCOREBOARD MATCH: wstrb passthrough beat=133 expected = ba, actual =ba
[2515000] SCOREBOARD MATCH: wstrb passthrough beat=134 expected = 6, actual =6
[2515000] SCOREBOARD MATCH: wstrb passthrough beat=135 expected = af, actual =af
[2515000] SCOREBOARD MATCH: wstrb passthrough beat=136 expected = 6d, actual =6d
[2515000] SCOREBOARD MATCH: wstrb passthrough beat=137 expected = 68, actual =68
[2515000] SCOREBOARD MATCH: wstrb passthrough beat=138 expected = e9, actual =e9
[2515000] SCOREBOARD MATCH: wstrb passthrough beat=139 expected = 8a, actual =8a
[2515000] SCOREBOARD MATCH: wstrb passthrough beat=140 expected = 22, actual =22
[2515000] SCOREBOARD MATCH: wstrb passthrough beat=141 expected = ef, actual =ef
[2515000] SCOREBOARD MATCH: wstrb passthrough beat=142 expected = 39, actual =39
[2515000] SCOREBOARD MATCH: wstrb passthrough beat=143 expected = 90, actual =90
[2515000] SCOREBOARD MATCH: wstrb passthrough beat=144 expected = 57, actual =57
[2515000] SCOREBOARD MATCH: wstrb passthrough beat=145 expected = 22, actual =22
[2515000] SCOREBOARD MATCH: wstrb passthrough beat=146 expected = 1a, actual =1a
[2515000] SCOREBOARD MATCH: wstrb passthrough beat=147 expected = 79, actual =79
[2515000] SCOREBOARD MATCH: wstrb passthrough beat=148 expected = 11, actual =11
[2515000] SCOREBOARD MATCH: wstrb passthrough beat=149 expected = 53, actual =53
[2515000] SCOREBOARD MATCH: wstrb passthrough beat=150 expected = 9, actual =9
[2515000] SCOREBOARD MATCH: wstrb passthrough beat=151 expected = 68, actual =68
[2515000] SCOREBOARD MATCH: wstrb passthrough beat=152 expected = 75, actual =75
[2515000] SCOREBOARD MATCH: wstrb passthrough beat=153 expected = 23, actual =23
[2515000] SCOREBOARD MATCH: wstrb passthrough beat=154 expected = e1, actual =e1
[2515000] SCOREBOARD MATCH: wstrb passthrough beat=155 expected = 86, actual =86
[2515000] SCOREBOARD MATCH: wstrb passthrough beat=156 expected = 76, actual =76
[2515000] SCOREBOARD MATCH: wstrb passthrough beat=157 expected = eb, actual =eb
[2515000] SCOREBOARD MATCH: wstrb passthrough beat=158 expected = ee, actual =ee
[2515000] SCOREBOARD MATCH: wstrb passthrough beat=159 expected = eb, actual =eb
[2515000] SCOREBOARD MATCH: wstrb passthrough beat=160 expected = e, actual =e
[2515000] SCOREBOARD MATCH: wstrb passthrough beat=161 expected = cf, actual =cf
[2515000] SCOREBOARD MATCH: wstrb passthrough beat=162 expected = 71, actual =71
[2515000] SCOREBOARD MATCH: wstrb passthrough beat=163 expected = 85, actual =85
[2515000] SCOREBOARD MATCH: wstrb passthrough beat=164 expected = ba, actual =ba
[2515000] SCOREBOARD MATCH: wstrb passthrough beat=165 expected = 5f, actual =5f
[2515000] SCOREBOARD MATCH: wstrb passthrough beat=166 expected = 70, actual =70
[2515000] SCOREBOARD MATCH: wstrb passthrough beat=167 expected = c9, actual =c9
[2515000] SCOREBOARD MATCH: wstrb passthrough beat=168 expected = 2f, actual =2f
[2515000] SCOREBOARD MATCH: wstrb passthrough beat=169 expected = e2, actual =e2
[2515000] SCOREBOARD MATCH: wstrb passthrough beat=170 expected = 4e, actual =4e
[2515000] SCOREBOARD MATCH: wstrb passthrough beat=171 expected = e9, actual =e9
[2515000] SCOREBOARD MATCH: wstrb passthrough beat=172 expected = 41, actual =41
[2515000] SCOREBOARD MATCH: wstrb passthrough beat=173 expected = be, actual =be
[2515000] SCOREBOARD MATCH: wstrb passthrough beat=174 expected = b2, actual =b2
[2515000] SCOREBOARD MATCH: wstrb passthrough beat=175 expected = 70, actual =70
[2515000] SCOREBOARD MATCH: wstrb passthrough beat=176 expected = a0, actual =a0
[2515000] SCOREBOARD MATCH: wstrb passthrough beat=177 expected = 0, actual =0
[2515000] SCOREBOARD MATCH: wstrb passthrough beat=178 expected = 5a, actual =5a
[2515000] SCOREBOARD MATCH: wstrb passthrough beat=179 expected = e2, actual =e2
[2515000] SCOREBOARD MATCH: wstrb passthrough beat=180 expected = bf, actual =bf
[2515000] SCOREBOARD MATCH: wstrb passthrough beat=181 expected = c, actual =c
[2515000] SCOREBOARD MATCH: wstrb passthrough beat=182 expected = 52, actual =52
[2515000] SCOREBOARD MATCH: wstrb passthrough beat=183 expected = 5f, actual =5f
[2515000] SCOREBOARD MATCH: wstrb passthrough beat=184 expected = d, actual =d
[2515000] SCOREBOARD MATCH: wstrb passthrough beat=185 expected = ac, actual =ac
[2515000] SCOREBOARD MATCH: wstrb passthrough beat=186 expected = 41, actual =41
[2515000] SCOREBOARD MATCH: wstrb passthrough beat=187 expected = cc, actual =cc
[2515000] SCOREBOARD MATCH: wstrb passthrough beat=188 expected = b9, actual =b9
[2515000] SCOREBOARD MATCH: wstrb passthrough beat=189 expected = 94, actual =94
[2515000] SCOREBOARD MATCH: wstrb passthrough beat=190 expected = 2b, actual =2b
[2515000] SCOREBOARD MATCH: wstrb passthrough beat=191 expected = c6, actual =c6
[2515000] SCOREBOARD MATCH: wstrb passthrough beat=192 expected = 40, actual =40
[2515000] SCOREBOARD MATCH: wstrb passthrough beat=193 expected = 6d, actual =6d
[2515000] SCOREBOARD MATCH: wstrb passthrough beat=194 expected = 92, actual =92
[2515000] SCOREBOARD MATCH: wstrb passthrough beat=195 expected = f9, actual =f9
[2515000] SCOREBOARD MATCH: wstrb passthrough beat=196 expected = 1, actual =1
[2515000] SCOREBOARD MATCH: wstrb passthrough beat=197 expected = bd, actual =bd
[2515000] SCOREBOARD MATCH: wstrb passthrough beat=198 expected = bf, actual =bf
[2515000] SCOREBOARD MATCH: wstrb passthrough beat=199 expected = 41, actual =41
[2515000] SCOREBOARD MATCH: wstrb passthrough beat=200 expected = 2a, actual =2a
[2515000] SCOREBOARD MATCH: wstrb passthrough beat=201 expected = 51, actual =51
[2515000] SCOREBOARD MATCH: wstrb passthrough beat=202 expected = 3b, actual =3b
[2515000] SCOREBOARD MATCH: wstrb passthrough beat=203 expected = 2b, actual =2b
[2515000] SCOREBOARD MATCH: wstrb passthrough beat=204 expected = f, actual =f
[2515000] SCOREBOARD MATCH: wstrb passthrough beat=205 expected = fa, actual =fa
[2515000] SCOREBOARD MATCH: wstrb passthrough beat=206 expected = 6d, actual =6d
[2515000] SCOREBOARD MATCH: wstrb passthrough beat=207 expected = 39, actual =39
[2515000] SCOREBOARD MATCH: wstrb passthrough beat=208 expected = 4c, actual =4c
[2515000] SCOREBOARD MATCH: wstrb passthrough beat=209 expected = a8, actual =a8
[2515000] SCOREBOARD MATCH: wstrb passthrough beat=210 expected = 65, actual =65
[2515000] SCOREBOARD MATCH: wstrb passthrough beat=211 expected = 5b, actual =5b
[2515000] SCOREBOARD MATCH: wstrb passthrough beat=212 expected = a2, actual =a2
[2515000] SCOREBOARD MATCH: wstrb passthrough beat=213 expected = d2, actual =d2
[2515000] SCOREBOARD MATCH: wstrb passthrough beat=214 expected = 94, actual =94
[2515000] SCOREBOARD MATCH: wstrb passthrough beat=215 expected = ee, actual =ee
[2515000] SCOREBOARD MATCH: wstrb passthrough beat=216 expected = 7a, actual =7a
[2515000] SCOREBOARD MATCH: wstrb passthrough beat=217 expected = f9, actual =f9
[2515000] SCOREBOARD MATCH: wstrb passthrough beat=218 expected = 49, actual =49
[2515000] SCOREBOARD MATCH: wstrb passthrough beat=219 expected = 1c, actual =1c
[2515000] SCOREBOARD MATCH: wstrb passthrough beat=220 expected = cb, actual =cb
[2515000] SCOREBOARD MATCH: wstrb passthrough beat=221 expected = de, actual =de
[2515000] SCOREBOARD MATCH: wstrb passthrough beat=222 expected = b, actual =b
[2515000] SCOREBOARD MATCH: wstrb passthrough beat=223 expected = 45, actual =45
[2515000] SCOREBOARD MATCH: wstrb passthrough beat=224 expected = d7, actual =d7
[2515000] SCOREBOARD MATCH: wstrb passthrough beat=225 expected = 54, actual =54
[2515000] SCOREBOARD MATCH: wstrb passthrough beat=226 expected = 62, actual =62
[2515000] SCOREBOARD MATCH: wstrb passthrough beat=227 expected = a3, actual =a3
[2515000] SCOREBOARD MATCH: wstrb passthrough beat=228 expected = 32, actual =32
[2515000] SCOREBOARD MATCH: wstrb passthrough beat=229 expected = 6d, actual =6d
[2515000] SCOREBOARD MATCH: wstrb passthrough beat=230 expected = e8, actual =e8
[2515000] SCOREBOARD MATCH: wstrb passthrough beat=231 expected = a, actual =a
[2515000] SCOREBOARD MATCH: wstrb passthrough beat=232 expected = c1, actual =c1
[2515000] SCOREBOARD MATCH: wstrb passthrough beat=233 expected = 4a, actual =4a
[2515000] SCOREBOARD MATCH: wstrb passthrough beat=234 expected = ad, actual =ad
[2515000] SCOREBOARD MATCH: wstrb passthrough beat=235 expected = f4, actual =f4
[2515000] SCOREBOARD MATCH: wstrb passthrough beat=236 expected = b7, actual =b7
[2515000] SCOREBOARD MATCH: wstrb passthrough beat=237 expected = 95, actual =95
[2515000] SCOREBOARD MATCH: wstrb passthrough beat=238 expected = fe, actual =fe
[2515000] SCOREBOARD MATCH: wstrb passthrough beat=239 expected = 79, actual =79
[2515000] SCOREBOARD MATCH: wstrb passthrough beat=240 expected = e0, actual =e0
[2515000] SCOREBOARD MATCH: wstrb passthrough beat=241 expected = ab, actual =ab
[2515000] SCOREBOARD MATCH: wstrb passthrough beat=242 expected = 6d, actual =6d
[2515000] SCOREBOARD MATCH: bresp passthrough expected = 0, actual =0
[2515000] SCOREBOARD MATCH: response routed to correct master (write) expected = 1, actual =1
[2515000] [SCOREBOARD-M] mst_id=1 s_id=0 awaddr=c32ef50 awid=1110 awlen=242 awsize=1 awburst=1 wdata=[e00a735503c60221 d11a6cead54b1006 9fcf2571b0e87c47 b4ae7e6818340733 ed7f1739ffd998c7 b0c2150e85c8eb52 9dfcf2858d4e3caa 8d27d571e5709377 eb397ec98b7c09be 18ca46693de9ea80 235a7df70936714f 94b27b0da5f21bda e3dc065a8e93fcc0 97ca6e0fad7cc176 d36edd5187368451 15ca81122c7ce91d d9f9aa93b74ae3ab 3e8167fdad94ef21 da11d83ead6887e4 e4b36b90d44be90f 81e0d830340b82d2 e1740ab62334d38d f780bc9cdbf2b06f ffe3341c6277646 e95c49d3f96194cc d554453bf1723df7 3799b43ee0dd066f da3e9b3ce552787c d6c4b674a0f5fe11 1d30481af92e077 14e558f40e5e6ab2 af5468c3dc119fbd 8ba48034ebaa0f68 fa087a1ab1276d44 8d390d01a089d928 8c33e890a95ce2dd da84502218dd8d36 b967665e863c62aa 2f994588e7bd5d23 809aea59c59b4eef cbd7b1990a1d95aa f1daf2cd3a0250b8 ff9d9fa7fb70f721 858e8ccbf275dd27 2c782ddfcb755140 c6e64862f7697f99 e9df5cc02c15cd86 f78b1ec6cc74d52d c3de54c616578a9f c26d5825be716728 ae63c56adbdb186 c4153c25b9f876eb f869de14cec4911c fc8242a38682944a c07b0b3603501a6a d214ab86c0977ec8 c71a131338e4e94a 3c3503b4ce96ee29 f2e6cf207951e49 c07a07938e49af3a dce09d64d6488005 dddd9e4efcaf0b47 8af8ba81ec0f0a56 c2578a5b1e57a5e1 1b06b128e7d957e5 d3e8623b203528a9 3e8cce8aa5ff6ba9 dd8c38f963fec96 b675153fd9937fb2 ff92eb5be1c125ca f8011261f501e3c9 ce95637b8d6baeea ef2cd4b5ae7627a0 23780b6ace284ed7 db93fdc1e72de716 95a40eb6f20d6ee5 c035bdbccac0d276 b1eeb98cb91c1a20 2b2989061bc9bb7e e68a8df4c792c843 80aee263eb5f46c2 8729024018794781 e00c0fc4abd86b69 1737b22cedb39035 62cd7b6e0baf227 c935d919e60b46c 8c1444a1e638e77a c6f3d9a123cb0fbd c22bc42992411c57 f87a03d1d3873732 f75246efce4008cb e08125223f6ddd73 92f514a5397e0b19 7be13e4d8fb28f4 186906670a475b95 c3c566aee83f3906 c13a61faab5e1b0c b5a576a1cb837a92 b3c2b398d9a36861 501836ef96add4f c4ee57e1f4fd1593 cea07df4baa6fa0f 3411d75ff8b10b7a edae210dd3a20162 e48fb72f9002f40 f1b13ababc4e9f01 ff0a064c25ad2d1 bb5b0211df5f5bc7 1badfac91e399bd6 e0946ea72d0c3ccc 8c6b98932b9e9b2d c9d837039bef70b8 c8fbad84a819935c d3b82e892a6ca5aa c65c1662d5674618 fd80d9749d90658c c7fd0b360f57c3e7 e4bf09ffd13907fe eec96d8a0e592199 1db0e580e23fe373 b378eb7136c678c1 c51f9a5a026fef7f e4afd2f2224258fc d908d1bde2d07fda e5406f591828be64 3a6b17601e286c17 f8ebf1c9f0424b e21900af1373e91d 319c5534e6395b4a b0299d959c84180f aff8012c32954125 18ce9c6f12429e45 aec6b654e1945660 94299785c8f83a04 db3ad849debeb781 c0530de1acf833f4 f5f06df90a018e9e e8c0461fd47ca567 8174d95bd12b4642 db2cd4e0a9135400 fd8ff967f7654754 c8908d97c3ed1aff ed006f00ff04d2c3 f66a1a17a3bd6277 e7aa7d77ea906867 e9953b2abefaa7ae e2b80a26d4aaec77 bf3b54dedfff5542 9ef9fcf0ca62879d 1f0d741428d09009 8cfe54b81b20716 cc148eb3de48c8f2 871958fba7c9e23b 297be952eb2202c7 c96acbba8fe93e46 37b32082f5907805 e0b27acdd08424b5 e06d62fce12f09d4 d6bf81d92a1d4687 faa16b3c1820837e f94f8d52b771fca6 e18f432ddb0ece38 f32f51b6d00f0f2b 7810bd2dc30ae6a b73f7ca2ec7edf08 3c8dee34e9104eff c540fd692a6ece59 96edad61c40efa06 ad1f4905fc807a0c 26ef4865d37b9b95 978a959bf260466f eee0c07bbddcf5c6 1158915cc4a9dea1 370a251015d008e0 d3acfea6a8e326f7 ed8d059825eae58b 3bbaee6be5059002 de8b6faa4972aa8 ca8210338f67ed11 f46d7d14fb75bc92 200ce73b863cfe9e 15a4ebb00256340e fdcbf0a0ea8ef76e f0cbf60d0a1268c4 c689cd29dd8d7db 867cf4a0670e1bd 10834a818a348d72 280d654ef933c557 ffa4a7141cebe753 a72074c530753498 29a8f9ef1027f195 2d13d8e8cf2dda13 ffa30eab294da103 39759298d4344dad 236227c1a94c089a d299a99de6896b80 babdb92da305366c cc513f078c0f3c35 f298a7b5de1fe0ee 125175b9eeae8a4 2afa24da2d5660e3 8b7641d1cd765662 ec613f069d92cc8f cae92d728c9b592c da11af8e975b63e0 34ee3070d65f6f44 e2fac870c672ee95 ddce5275ffd75de2 d636cd263d0c77ff 37f669492bc82e5 1293e0c839319597 f63e0d96e14db909 f40a3befe8caadee a1fc4385f9bd742a db0b2d33069e1cb7 ef68caa5983a511b 91f7c545cf156922 d5b385d911650e2b a99f5f46ed02f279 bc185b9bc51c507f d6815eaa3b97248c 289a170511cbe175 d6e831f48020bdf0 bbb7e27ce4b272a0 f67e54152d69909e ad8a4e8ee451f981 c9046c22cd668609 fad016a7e942310b cd942a8cbf82c037 ce94641285a6536 119c9641969896ae d61b56e687b95ce8 b013c21edf30c0cd f5c9577ce3049d27 eabdfa0fc1b0585f 20e1192dcbe4ae62 2ee94b891ad1bc2e dc82148d16aa70a9 e28f1f0b99a74598 b47901c6fd632dba 940d9e6311786a94 ab1fb02c10fb1654 8e5e440ef69cbd6e ] wstrb=[f3 2 72 47 2f e0 55 22 e3 c7 69 12 a8 be 34 8b 86 9d 9d 2e 5b d1 b9 e1 6e 56 f c9 27 c8 ab 95 1e ba 5e 45 83 9 da a1 c4 39 e7 47 42 c1 e8 6 fa cf 4d 3d 91 36 43 8b 5 91 c8 96 c7 c 22 cc 9d ea 63 64 f6 85 30 93 6f 93 f7 66 18 28 f9 88 bb f1 ee d4 19 e7 5c d4 d8 4a a8 f1 31 4 c6 a 4e 6e fb 80 73 c1 8a c1 30 85 41 a3 47 cb 64 77 51 a6 1a 98 71 7e f c2 24 29 5a 96 a7 69 58 cc 92 b3 62 3a 1c ba 6 af 6d 68 e9 8a 22 ef 39 90 57 22 1a 79 11 53 9 68 75 23 e1 86 76 eb ee eb e cf 71 85 ba 5f 70 c9 2f e2 4e e9 41 be b2 70 a0 0 5a e2 bf c 52 5f d ac 41 cc b9 94 2b c6 40 6d 92 f9 1 bd bf 41 2a 51 3b 2b f fa 6d 39 4c a8 65 5b a2 d2 94 ee 7a f9 49 1c cb de b 45 d7 54 62 a3 32 6d e8 a c1 4a ad f4 b7 95 fe 79 e0 ab 6d ] bresp=0 bid=1110
[2515000] [SCOREBOARD-S] mst_id=1 s_id=0 awaddr=c32ef50 awid=1110 awlen=242 awsize=1 awburst=1 wdata=[e00a735503c60221 d11a6cead54b1006 9fcf2571b0e87c47 b4ae7e6818340733 ed7f1739ffd998c7 b0c2150e85c8eb52 9dfcf2858d4e3caa 8d27d571e5709377 eb397ec98b7c09be 18ca46693de9ea80 235a7df70936714f 94b27b0da5f21bda e3dc065a8e93fcc0 97ca6e0fad7cc176 d36edd5187368451 15ca81122c7ce91d d9f9aa93b74ae3ab 3e8167fdad94ef21 da11d83ead6887e4 e4b36b90d44be90f 81e0d830340b82d2 e1740ab62334d38d f780bc9cdbf2b06f ffe3341c6277646 e95c49d3f96194cc d554453bf1723df7 3799b43ee0dd066f da3e9b3ce552787c d6c4b674a0f5fe11 1d30481af92e077 14e558f40e5e6ab2 af5468c3dc119fbd 8ba48034ebaa0f68 fa087a1ab1276d44 8d390d01a089d928 8c33e890a95ce2dd da84502218dd8d36 b967665e863c62aa 2f994588e7bd5d23 809aea59c59b4eef cbd7b1990a1d95aa f1daf2cd3a0250b8 ff9d9fa7fb70f721 858e8ccbf275dd27 2c782ddfcb755140 c6e64862f7697f99 e9df5cc02c15cd86 f78b1ec6cc74d52d c3de54c616578a9f c26d5825be716728 ae63c56adbdb186 c4153c25b9f876eb f869de14cec4911c fc8242a38682944a c07b0b3603501a6a d214ab86c0977ec8 c71a131338e4e94a 3c3503b4ce96ee29 f2e6cf207951e49 c07a07938e49af3a dce09d64d6488005 dddd9e4efcaf0b47 8af8ba81ec0f0a56 c2578a5b1e57a5e1 1b06b128e7d957e5 d3e8623b203528a9 3e8cce8aa5ff6ba9 dd8c38f963fec96 b675153fd9937fb2 ff92eb5be1c125ca f8011261f501e3c9 ce95637b8d6baeea ef2cd4b5ae7627a0 23780b6ace284ed7 db93fdc1e72de716 95a40eb6f20d6ee5 c035bdbccac0d276 b1eeb98cb91c1a20 2b2989061bc9bb7e e68a8df4c792c843 80aee263eb5f46c2 8729024018794781 e00c0fc4abd86b69 1737b22cedb39035 62cd7b6e0baf227 c935d919e60b46c 8c1444a1e638e77a c6f3d9a123cb0fbd c22bc42992411c57 f87a03d1d3873732 f75246efce4008cb e08125223f6ddd73 92f514a5397e0b19 7be13e4d8fb28f4 186906670a475b95 c3c566aee83f3906 c13a61faab5e1b0c b5a576a1cb837a92 b3c2b398d9a36861 501836ef96add4f c4ee57e1f4fd1593 cea07df4baa6fa0f 3411d75ff8b10b7a edae210dd3a20162 e48fb72f9002f40 f1b13ababc4e9f01 ff0a064c25ad2d1 bb5b0211df5f5bc7 1badfac91e399bd6 e0946ea72d0c3ccc 8c6b98932b9e9b2d c9d837039bef70b8 c8fbad84a819935c d3b82e892a6ca5aa c65c1662d5674618 fd80d9749d90658c c7fd0b360f57c3e7 e4bf09ffd13907fe eec96d8a0e592199 1db0e580e23fe373 b378eb7136c678c1 c51f9a5a026fef7f e4afd2f2224258fc d908d1bde2d07fda e5406f591828be64 3a6b17601e286c17 f8ebf1c9f0424b e21900af1373e91d 319c5534e6395b4a b0299d959c84180f aff8012c32954125 18ce9c6f12429e45 aec6b654e1945660 94299785c8f83a04 db3ad849debeb781 c0530de1acf833f4 f5f06df90a018e9e e8c0461fd47ca567 8174d95bd12b4642 db2cd4e0a9135400 fd8ff967f7654754 c8908d97c3ed1aff ed006f00ff04d2c3 f66a1a17a3bd6277 e7aa7d77ea906867 e9953b2abefaa7ae e2b80a26d4aaec77 bf3b54dedfff5542 9ef9fcf0ca62879d 1f0d741428d09009 8cfe54b81b20716 cc148eb3de48c8f2 871958fba7c9e23b 297be952eb2202c7 c96acbba8fe93e46 37b32082f5907805 e0b27acdd08424b5 e06d62fce12f09d4 d6bf81d92a1d4687 faa16b3c1820837e f94f8d52b771fca6 e18f432ddb0ece38 f32f51b6d00f0f2b 7810bd2dc30ae6a b73f7ca2ec7edf08 3c8dee34e9104eff c540fd692a6ece59 96edad61c40efa06 ad1f4905fc807a0c 26ef4865d37b9b95 978a959bf260466f eee0c07bbddcf5c6 1158915cc4a9dea1 370a251015d008e0 d3acfea6a8e326f7 ed8d059825eae58b 3bbaee6be5059002 de8b6faa4972aa8 ca8210338f67ed11 f46d7d14fb75bc92 200ce73b863cfe9e 15a4ebb00256340e fdcbf0a0ea8ef76e f0cbf60d0a1268c4 c689cd29dd8d7db 867cf4a0670e1bd 10834a818a348d72 280d654ef933c557 ffa4a7141cebe753 a72074c530753498 29a8f9ef1027f195 2d13d8e8cf2dda13 ffa30eab294da103 39759298d4344dad 236227c1a94c089a d299a99de6896b80 babdb92da305366c cc513f078c0f3c35 f298a7b5de1fe0ee 125175b9eeae8a4 2afa24da2d5660e3 8b7641d1cd765662 ec613f069d92cc8f cae92d728c9b592c da11af8e975b63e0 34ee3070d65f6f44 e2fac870c672ee95 ddce5275ffd75de2 d636cd263d0c77ff 37f669492bc82e5 1293e0c839319597 f63e0d96e14db909 f40a3befe8caadee a1fc4385f9bd742a db0b2d33069e1cb7 ef68caa5983a511b 91f7c545cf156922 d5b385d911650e2b a99f5f46ed02f279 bc185b9bc51c507f d6815eaa3b97248c 289a170511cbe175 d6e831f48020bdf0 bbb7e27ce4b272a0 f67e54152d69909e ad8a4e8ee451f981 c9046c22cd668609 fad016a7e942310b cd942a8cbf82c037 ce94641285a6536 119c9641969896ae d61b56e687b95ce8 b013c21edf30c0cd f5c9577ce3049d27 eabdfa0fc1b0585f 20e1192dcbe4ae62 2ee94b891ad1bc2e dc82148d16aa70a9 e28f1f0b99a74598 b47901c6fd632dba 940d9e6311786a94 ab1fb02c10fb1654 8e5e440ef69cbd6e ] wstrb=[f3 2 72 47 2f e0 55 22 e3 c7 69 12 a8 be 34 8b 86 9d 9d 2e 5b d1 b9 e1 6e 56 f c9 27 c8 ab 95 1e ba 5e 45 83 9 da a1 c4 39 e7 47 42 c1 e8 6 fa cf 4d 3d 91 36 43 8b 5 91 c8 96 c7 c 22 cc 9d ea 63 64 f6 85 30 93 6f 93 f7 66 18 28 f9 88 bb f1 ee d4 19 e7 5c d4 d8 4a a8 f1 31 4 c6 a 4e 6e fb 80 73 c1 8a c1 30 85 41 a3 47 cb 64 77 51 a6 1a 98 71 7e f c2 24 29 5a 96 a7 69 58 cc 92 b3 62 3a 1c ba 6 af 6d 68 e9 8a 22 ef 39 90 57 22 1a 79 11 53 9 68 75 23 e1 86 76 eb ee eb e cf 71 85 ba 5f 70 c9 2f e2 4e e9 41 be b2 70 a0 0 5a e2 bf c 52 5f d ac 41 cc b9 94 2b c6 40 6d 92 f9 1 bd bf 41 2a 51 3b 2b f fa 6d 39 4c a8 65 5b a2 d2 94 ee 7a f9 49 1c cb de b 45 d7 54 62 a3 32 6d e8 a c1 4a ad f4 b7 95 fe 79 e0 ab 6d ] bresp=0 bid=11110
[2515000] SCOREBOARD: Transaction 3 received. pass=524 fail=0
[2515000] ALL PASS. Total transactions: 3
[2525000] ARB MONITOR: slave=1 m0_req=0 m1_req=1 winner=1
[2525000] SLAVE 0 R_VALID_RDY Handshake beat=1 rlast=1
[2525000] [SLAVE MONITOR] READ mst_id=1 s_id=0 araddr=7d00990 arid=1 arlen=1 arsize=3 arburst=1 rid=[1111] rresp=[00] rdata=[baadf00d12345678baadf00d12345678]
[2525000] AXI S0_ARVALID_RDY HANDSHAKE
[2525000] MEMORY READ MISS beat=0 addr=1fd15978 -> default data id=18
[2535000] MEMORY READ MISS beat=1 addr=1fd15980 -> default data id=18
[2535000] SLAVE 1 R_VALID_RDY Handshake beat=0 rlast=0
[2535000] MASTER 1 R_VALID_RDY Handshake beat=0 rlast=0
[2545000] [MASTER DRIVER] READ mst_id=1 s_id=0 araddr=7d00990 arid=1 arlen=1 arsize=3 arburst=1 rid=[11] rresp=[00] rdata=[baadf00d12345678baadf00d12345678]
[2545000] MASTER 1 R_VALID_RDY Handshake beat=1 rlast=1
[2545000] [MASTER MONITOR] READ mst_id=1 s_id=0 araddr=7d00990 arid=1 arlen=1 arsize=3 arburst=1 rid=[11] rresp=[00] rdata=[baadf00d12345678baadf00d12345678]
[2545000] SLAVE 1 R_VALID_RDY Handshake beat=1 rlast=1
[2545000] [SLAVE MONITOR] READ mst_id=1 s_id=1 araddr=1fd15978 arid=2 arlen=1 arsize=3 arburst=1 rid=[1212] rresp=[00] rdata=[baadf00d12345678baadf00d12345678]
[2545000] SCOREBOARD MATCH: decode_err expected = 0, actual =0
[2545000] SCOREBOARD MATCH: slave_id expected = 0, actual =0
[2545000] SCOREBOARD MATCH: araddr passthrough expected = 7d00990, actual =7d00990
[2545000] SCOREBOARD MATCH: arlen passthrough expected = 1, actual =1
[2545000] SCOREBOARD MATCH: arsize passthrough expected = 3, actual =3
[2545000] SCOREBOARD MATCH: arburst passthrough expected = 1, actual =1
[2545000] SCOREBOARD MATCH: rdata size check expected = 2, actual =2
[2545000] SCOREBOARD MATCH: rdata passthrough beat=0 expected = baadf00d12345678, actual =baadf00d12345678
[2545000] SCOREBOARD MATCH: rdata passthrough beat=1 expected = baadf00d12345678, actual =baadf00d12345678
[2545000] SCOREBOARD MATCH: rresp size check expected = 2, actual =2
[2545000] SCOREBOARD MATCH: rresp passthrough beat=0 expected = 0, actual =0
[2545000] SCOREBOARD MATCH: rresp passthrough beat=1 expected = 0, actual =0
[2545000] SCOREBOARD MATCH: response routed to correct master (read beat 0) expected = 1, actual =1
[2545000] SCOREBOARD MATCH: response routed to correct master (read beat 1) expected = 1, actual =1
[2545000] [SCOREBOARD-M] READ mst_id=1 s_id=0 araddr=7d00990 arid=1 arlen=1 arsize=3 arburst=1 rid=[11] rresp=[00] rdata=[baadf00d12345678baadf00d12345678]
[2545000] [SCOREBOARD-S] READ mst_id=1 s_id=0 araddr=7d00990 arid=1 arlen=1 arsize=3 arburst=1 rid=[1111] rresp=[00] rdata=[baadf00d12345678baadf00d12345678]
[2545000] SCOREBOARD: Transaction 4 received. pass=538 fail=0
[2545000] ALL PASS. Total transactions: 4
[2565000] MASTER 1 R_VALID_RDY Handshake beat=0 rlast=0
[2575000] MASTER 1 R_VALID_RDY Handshake beat=1 rlast=1
[2575000] [MASTER MONITOR] READ mst_id=1 s_id=1 araddr=1fd15978 arid=2 arlen=1 arsize=3 arburst=1 rid=[22] rresp=[00] rdata=[baadf00d12345678baadf00d12345678]
[2575000] [MASTER DRIVER] READ mst_id=1 s_id=0 araddr=1fd15978 arid=2 arlen=1 arsize=3 arburst=1 rid=[22] rresp=[00] rdata=[baadf00d12345678baadf00d12345678]
[2575000] SCOREBOARD MATCH: decode_err expected = 0, actual =0
[2575000] SCOREBOARD MATCH: slave_id expected = 1, actual =1
[2575000] SCOREBOARD MATCH: araddr passthrough expected = 1fd15978, actual =1fd15978
[2575000] SCOREBOARD MATCH: arlen passthrough expected = 1, actual =1
[2575000] SCOREBOARD MATCH: arsize passthrough expected = 3, actual =3
[2575000] SCOREBOARD MATCH: arburst passthrough expected = 1, actual =1
[2575000] SCOREBOARD MATCH: rdata size check expected = 2, actual =2
[2575000] SCOREBOARD MATCH: rdata passthrough beat=0 expected = baadf00d12345678, actual =baadf00d12345678
[2575000] SCOREBOARD MATCH: rdata passthrough beat=1 expected = baadf00d12345678, actual =baadf00d12345678
[2575000] SCOREBOARD MATCH: rresp size check expected = 2, actual =2
[2575000] SCOREBOARD MATCH: rresp passthrough beat=0 expected = 0, actual =0
[2575000] SCOREBOARD MATCH: rresp passthrough beat=1 expected = 0, actual =0
[2575000] SCOREBOARD MATCH: response routed to correct master (read beat 0) expected = 1, actual =1
[2575000] SCOREBOARD MATCH: response routed to correct master (read beat 1) expected = 1, actual =1
[2575000] [SCOREBOARD-M] READ mst_id=1 s_id=1 araddr=1fd15978 arid=2 arlen=1 arsize=3 arburst=1 rid=[22] rresp=[00] rdata=[baadf00d12345678baadf00d12345678]
[2575000] [SCOREBOARD-S] READ mst_id=1 s_id=1 araddr=1fd15978 arid=2 arlen=1 arsize=3 arburst=1 rid=[1212] rresp=[00] rdata=[baadf00d12345678baadf00d12345678]
[2575000] SCOREBOARD: Transaction 5 received. pass=552 fail=0
[2575000] SCOREBOARD: Expected 5 transactions completed, PASS=552 FAIL=0
[2575000] ALL PASS. Total transactions: 5
[2575000] ALL TRANSACTIONS MONITORED
$finish called at time : 2595 ns : File "/home/nashita/Desktop/practice/axi_xbar/tb/top/axi_tb_top.sv" Line 220
exit
INFO: xsimkernel Simulation Memory Usage: 289464 KB (Peak: 337864 KB), Simulation CPU Usage: 1210 ms
INFO: [Common 17-206] Exiting xsim at Thu Sep 10 18:28:34 2026...
